Motivo del viaje;Gastos y duración media de los viajes;Tipo de dato;Periodo;Total
Total;Gasto total;Dato base;2026M02;7.606,44
Total;Gasto total;Dato base;2026M01;7.804,61
Total;Gasto total;Dato base;2025M12;7.993,41
Total;Gasto total;Dato base;2025M11;8.087,84
Total;Gasto total;Dato base;2025M10;12.803,00
Total;Gasto total;Dato base;2025M09;13.404,59
Total;Gasto total;Dato base;2025M08;16.341,58
Total;Gasto total;Dato base;2025M07;16.432,61
Total;Gasto total;Dato base;2025M06;13.050,58
Total;Gasto total;Dato base;2025M05;12.226,41
Total;Gasto total;Dato base;2025M04;10.875,75
Total;Gasto total;Dato base;2025M03;9.112,01
Total;Gasto total;Dato base;2025M02;7.272,63
Total;Gasto total;Dato base;2025M01;7.142,91
Total;Gasto total;Dato base;2024M12;7.590,34
Total;Gasto total;Dato base;2024M11;7.707,67
Total;Gasto total;Dato base;2024M10;11.898,70
Total;Gasto total;Dato base;2024M09;12.613,05
Total;Gasto total;Dato base;2024M08;15.364,42
Total;Gasto total;Dato base;2024M07;15.513,29
Total;Gasto total;Dato base;2024M06;12.356,78
Total;Gasto total;Dato base;2024M05;11.686,91
Total;Gasto total;Dato base;2024M04;9.488,10
Total;Gasto total;Dato base;2024M03;8.631,35
Total;Gasto total;Dato base;2024M02;6.746,32
Total;Gasto total;Dato base;2024M01;6.546,30
Total;Gasto total;Dato base;2023M12;7.090,50
Total;Gasto total;Dato base;2023M11;6.644,47
Total;Gasto total;Dato base;2023M10;10.302,07
Total;Gasto total;Dato base;2023M09;11.193,59
Total;Gasto total;Dato base;2023M08;13.599,39
Total;Gasto total;Dato base;2023M07;13.880,83
Total;Gasto total;Dato base;2023M06;10.607,99
Total;Gasto total;Dato base;2023M05;9.766,97
Total;Gasto total;Dato base;2023M04;8.454,47
Total;Gasto total;Dato base;2023M03;6.668,07
Total;Gasto total;Dato base;2023M02;5.364,13
Total;Gasto total;Dato base;2023M01;5.216,94
Total;Gasto total;Dato base;2022M12;5.238,80
Total;Gasto total;Dato base;2022M11;5.381,97
Total;Gasto total;Dato base;2022M10;8.311,20
Total;Gasto total;Dato base;2022M09;9.147,69
Total;Gasto total;Dato base;2022M08;11.281,82
Total;Gasto total;Dato base;2022M07;11.902,10
Total;Gasto total;Dato base;2022M06;9.025,67
Total;Gasto total;Dato base;2022M05;8.046,91
Total;Gasto total;Dato base;2022M04;6.910,11
Total;Gasto total;Dato base;2022M03;5.077,45
Total;Gasto total;Dato base;2022M02;3.774,69
Total;Gasto total;Dato base;2022M01;3.039,78
Total;Gasto total;Dato base;2021M12;3.536,59
Total;Gasto total;Dato base;2021M11;3.761,50
Total;Gasto total;Dato base;2021M10;5.606,29
Total;Gasto total;Dato base;2021M09;5.051,20
Total;Gasto total;Dato base;2021M08;5.907,30
Total;Gasto total;Dato base;2021M07;5.229,47
Total;Gasto total;Dato base;2021M06;2.421,69
Total;Gasto total;Dato base;2021M05;1.395,78
Total;Gasto total;Dato base;2021M04;668,42
Total;Gasto total;Dato base;2021M03;543,89
Total;Gasto total;Dato base;2021M02;323,82
Total;Gasto total;Dato base;2021M01;457,43
Total;Gasto total;Dato base;2020M12;696,81
Total;Gasto total;Dato base;2020M11;481,98
Total;Gasto total;Dato base;2020M10;864,49
Total;Gasto total;Dato base;2020M09;964,49
Total;Gasto total;Dato base;2020M08;2.456,85
Total;Gasto total;Dato base;2020M07;2.457,94
Total;Gasto total;Dato base;2020M06;133,89
Total;Gasto total;Dato base;2020M05;0,00
Total;Gasto total;Dato base;2020M04;0,00
Total;Gasto total;Dato base;2020M03;2.173,73
Total;Gasto total;Dato base;2020M02;4.789,29
Total;Gasto total;Dato base;2020M01;4.767,31
Total;Gasto total;Dato base;2019M12;5.010,84
Total;Gasto total;Dato base;2019M11;5.062,63
Total;Gasto total;Dato base;2019M10;8.322,55
Total;Gasto total;Dato base;2019M09;9.617,21
Total;Gasto total;Dato base;2019M08;11.704,76
Total;Gasto total;Dato base;2019M07;11.941,51
Total;Gasto total;Dato base;2019M06;9.686,12
Total;Gasto total;Dato base;2019M05;8.137,84
Total;Gasto total;Dato base;2019M04;7.056,36
Total;Gasto total;Dato base;2019M03;6.034,87
Total;Gasto total;Dato base;2019M02;4.658,61
Total;Gasto total;Dato base;2019M01;4.678,67
Total;Gasto total;Dato base;2018M12;5.009,52
Total;Gasto total;Dato base;2018M11;4.888,55
Total;Gasto total;Dato base;2018M10;8.164,58
Total;Gasto total;Dato base;2018M09;9.545,81
Total;Gasto total;Dato base;2018M08;11.459,69
Total;Gasto total;Dato base;2018M07;11.748,10
Total;Gasto total;Dato base;2018M06;9.370,81
Total;Gasto total;Dato base;2018M05;8.155,06
Total;Gasto total;Dato base;2018M04;6.621,53
Total;Gasto total;Dato base;2018M03;5.726,73
Total;Gasto total;Dato base;2018M02;4.535,94
Total;Gasto total;Dato base;2018M01;4.524,43
Total;Gasto medio por persona;Dato base;2026M02;1.366
Total;Gasto medio por persona;Dato base;2026M01;1.522
Total;Gasto medio por persona;Dato base;2025M12;1.515
Total;Gasto medio por persona;Dato base;2025M11;1.401
Total;Gasto medio por persona;Dato base;2025M10;1.383
Total;Gasto medio por persona;Dato base;2025M09;1.379
Total;Gasto medio por persona;Dato base;2025M08;1.456
Total;Gasto medio por persona;Dato base;2025M07;1.490
Total;Gasto medio por persona;Dato base;2025M06;1.378
Total;Gasto medio por persona;Dato base;2025M05;1.305
Total;Gasto medio por persona;Dato base;2025M04;1.264
Total;Gasto medio por persona;Dato base;2025M03;1.382
Total;Gasto medio por persona;Dato base;2025M02;1.343
Total;Gasto medio por persona;Dato base;2025M01;1.410
Total;Gasto medio por persona;Dato base;2024M12;1.442
Total;Gasto medio por persona;Dato base;2024M11;1.359
Total;Gasto medio por persona;Dato base;2024M10;1.328
Total;Gasto medio por persona;Dato base;2024M09;1.314
Total;Gasto medio por persona;Dato base;2024M08;1.406
Total;Gasto medio por persona;Dato base;2024M07;1.429
Total;Gasto medio por persona;Dato base;2024M06;1.329
Total;Gasto medio por persona;Dato base;2024M05;1.263
Total;Gasto medio por persona;Dato base;2024M04;1.219
Total;Gasto medio por persona;Dato base;2024M03;1.359
Total;Gasto medio por persona;Dato base;2024M02;1.346
Total;Gasto medio por persona;Dato base;2024M01;1.371
Total;Gasto medio por persona;Dato base;2023M12;1.361
Total;Gasto medio por persona;Dato base;2023M11;1.294
Total;Gasto medio por persona;Dato base;2023M10;1.258
Total;Gasto medio por persona;Dato base;2023M09;1.273
Total;Gasto medio por persona;Dato base;2023M08;1.335
Total;Gasto medio por persona;Dato base;2023M07;1.372
Total;Gasto medio por persona;Dato base;2023M06;1.277
Total;Gasto medio por persona;Dato base;2023M05;1.177
Total;Gasto medio por persona;Dato base;2023M04;1.170
Total;Gasto medio por persona;Dato base;2023M03;1.271
Total;Gasto medio por persona;Dato base;2023M02;1.242
Total;Gasto medio por persona;Dato base;2023M01;1.262
Total;Gasto medio por persona;Dato base;2022M12;1.269
Total;Gasto medio por persona;Dato base;2022M11;1.242
Total;Gasto medio por persona;Dato base;2022M10;1.158
Total;Gasto medio por persona;Dato base;2022M09;1.178
Total;Gasto medio por persona;Dato base;2022M08;1.275
Total;Gasto medio por persona;Dato base;2022M07;1.309
Total;Gasto medio por persona;Dato base;2022M06;1.204
Total;Gasto medio por persona;Dato base;2022M05;1.151
Total;Gasto medio por persona;Dato base;2022M04;1.132
Total;Gasto medio por persona;Dato base;2022M03;1.257
Total;Gasto medio por persona;Dato base;2022M02;1.187
Total;Gasto medio por persona;Dato base;2022M01;1.215
Total;Gasto medio por persona;Dato base;2021M12;1.200
Total;Gasto medio por persona;Dato base;2021M11;1.119
Total;Gasto medio por persona;Dato base;2021M10;1.089
Total;Gasto medio por persona;Dato base;2021M09;1.074
Total;Gasto medio por persona;Dato base;2021M08;1.137
Total;Gasto medio por persona;Dato base;2021M07;1.189
Total;Gasto medio por persona;Dato base;2021M06;1.093
Total;Gasto medio por persona;Dato base;2021M05;1.024
Total;Gasto medio por persona;Dato base;2021M04;1.062
Total;Gasto medio por persona;Dato base;2021M03;1.107
Total;Gasto medio por persona;Dato base;2021M02;1.136
Total;Gasto medio por persona;Dato base;2021M01;1.044
Total;Gasto medio por persona;Dato base;2020M12;1.074
Total;Gasto medio por persona;Dato base;2020M11;1.055
Total;Gasto medio por persona;Dato base;2020M10;847
Total;Gasto medio por persona;Dato base;2020M09;847
Total;Gasto medio por persona;Dato base;2020M08;1.007
Total;Gasto medio por persona;Dato base;2020M07;997
Total;Gasto medio por persona;Dato base;2020M06;655
Total;Gasto medio por persona;Dato base;2020M05;0
Total;Gasto medio por persona;Dato base;2020M04;0
Total;Gasto medio por persona;Dato base;2020M03;1.088
Total;Gasto medio por persona;Dato base;2020M02;1.082
Total;Gasto medio por persona;Dato base;2020M01;1.153
Total;Gasto medio por persona;Dato base;2019M12;1.164
Total;Gasto medio por persona;Dato base;2019M11;1.088
Total;Gasto medio por persona;Dato base;2019M10;1.097
Total;Gasto medio por persona;Dato base;2019M09;1.087
Total;Gasto medio por persona;Dato base;2019M08;1.157
Total;Gasto medio por persona;Dato base;2019M07;1.209
Total;Gasto medio por persona;Dato base;2019M06;1.096
Total;Gasto medio por persona;Dato base;2019M05;1.028
Total;Gasto medio por persona;Dato base;2019M04;987
Total;Gasto medio por persona;Dato base;2019M03;1.068
Total;Gasto medio por persona;Dato base;2019M02;1.063
Total;Gasto medio por persona;Dato base;2019M01;1.115
Total;Gasto medio por persona;Dato base;2018M12;1.150
Total;Gasto medio por persona;Dato base;2018M11;1.078
Total;Gasto medio por persona;Dato base;2018M10;1.067
Total;Gasto medio por persona;Dato base;2018M09;1.069
Total;Gasto medio por persona;Dato base;2018M08;1.126
Total;Gasto medio por persona;Dato base;2018M07;1.172
Total;Gasto medio por persona;Dato base;2018M06;1.095
Total;Gasto medio por persona;Dato base;2018M05;1.009
Total;Gasto medio por persona;Dato base;2018M04;977
Total;Gasto medio por persona;Dato base;2018M03;1.062
Total;Gasto medio por persona;Dato base;2018M02;1.075
Total;Gasto medio por persona;Dato base;2018M01;1.102
Total;Gasto medio diario por persona;Dato base;2026M02;190
Total;Gasto medio diario por persona;Dato base;2026M01;177
Total;Gasto medio diario por persona;Dato base;2025M12;168
Total;Gasto medio diario por persona;Dato base;2025M11;189
Total;Gasto medio diario por persona;Dato base;2025M10;202
Total;Gasto medio diario por persona;Dato base;2025M09;204
Total;Gasto medio diario por persona;Dato base;2025M08;199
Total;Gasto medio diario por persona;Dato base;2025M07;210
Total;Gasto medio diario por persona;Dato base;2025M06;210
Total;Gasto medio diario por persona;Dato base;2025M05;210
Total;Gasto medio diario por persona;Dato base;2025M04;187
Total;Gasto medio diario por persona;Dato base;2025M03;188
Total;Gasto medio diario por persona;Dato base;2025M02;184
Total;Gasto medio diario por persona;Dato base;2025M01;165
Total;Gasto medio diario por persona;Dato base;2024M12;159
Total;Gasto medio diario por persona;Dato base;2024M11;178
Total;Gasto medio diario por persona;Dato base;2024M10;191
Total;Gasto medio diario por persona;Dato base;2024M09;195
Total;Gasto medio diario por persona;Dato base;2024M08;189
Total;Gasto medio diario por persona;Dato base;2024M07;196
Total;Gasto medio diario por persona;Dato base;2024M06;197
Total;Gasto medio diario por persona;Dato base;2024M05;205
Total;Gasto medio diario por persona;Dato base;2024M04;185
Total;Gasto medio diario por persona;Dato base;2024M03;180
Total;Gasto medio diario por persona;Dato base;2024M02;173
Total;Gasto medio diario por persona;Dato base;2024M01;158
Total;Gasto medio diario por persona;Dato base;2023M12;149
Total;Gasto medio diario por persona;Dato base;2023M11;174
Total;Gasto medio diario por persona;Dato base;2023M10;185
Total;Gasto medio diario por persona;Dato base;2023M09;188
Total;Gasto medio diario por persona;Dato base;2023M08;173
Total;Gasto medio diario por persona;Dato base;2023M07;191
Total;Gasto medio diario por persona;Dato base;2023M06;192
Total;Gasto medio diario por persona;Dato base;2023M05;188
Total;Gasto medio diario por persona;Dato base;2023M04;174
Total;Gasto medio diario por persona;Dato base;2023M03;170
Total;Gasto medio diario por persona;Dato base;2023M02;164
Total;Gasto medio diario por persona;Dato base;2023M01;149
Total;Gasto medio diario por persona;Dato base;2022M12;146
Total;Gasto medio diario por persona;Dato base;2022M11;167
Total;Gasto medio diario por persona;Dato base;2022M10;168
Total;Gasto medio diario por persona;Dato base;2022M09;170
Total;Gasto medio diario por persona;Dato base;2022M08;163
Total;Gasto medio diario por persona;Dato base;2022M07;169
Total;Gasto medio diario por persona;Dato base;2022M06;174
Total;Gasto medio diario por persona;Dato base;2022M05;176
Total;Gasto medio diario por persona;Dato base;2022M04;155
Total;Gasto medio diario por persona;Dato base;2022M03;157
Total;Gasto medio diario por persona;Dato base;2022M02;137
Total;Gasto medio diario por persona;Dato base;2022M01;124
Total;Gasto medio diario por persona;Dato base;2021M12;126
Total;Gasto medio diario por persona;Dato base;2021M11;142
Total;Gasto medio diario por persona;Dato base;2021M10;140
Total;Gasto medio diario por persona;Dato base;2021M09;138
Total;Gasto medio diario por persona;Dato base;2021M08;135
Total;Gasto medio diario por persona;Dato base;2021M07;145
Total;Gasto medio diario por persona;Dato base;2021M06;147
Total;Gasto medio diario por persona;Dato base;2021M05;141
Total;Gasto medio diario por persona;Dato base;2021M04;131
Total;Gasto medio diario por persona;Dato base;2021M03;131
Total;Gasto medio diario por persona;Dato base;2021M02;118
Total;Gasto medio diario por persona;Dato base;2021M01;106
Total;Gasto medio diario por persona;Dato base;2020M12;110
Total;Gasto medio diario por persona;Dato base;2020M11;124
Total;Gasto medio diario por persona;Dato base;2020M10;106
Total;Gasto medio diario por persona;Dato base;2020M09;107
Total;Gasto medio diario por persona;Dato base;2020M08;117
Total;Gasto medio diario por persona;Dato base;2020M07;124
Total;Gasto medio diario por persona;Dato base;2020M06;109
Total;Gasto medio diario por persona;Dato base;2020M05;0
Total;Gasto medio diario por persona;Dato base;2020M04;0
Total;Gasto medio diario por persona;Dato base;2020M03;154
Total;Gasto medio diario por persona;Dato base;2020M02;152
Total;Gasto medio diario por persona;Dato base;2020M01;145
Total;Gasto medio diario por persona;Dato base;2019M12;149
Total;Gasto medio diario por persona;Dato base;2019M11;161
Total;Gasto medio diario por persona;Dato base;2019M10;161
Total;Gasto medio diario por persona;Dato base;2019M09;152
Total;Gasto medio diario por persona;Dato base;2019M08;147
Total;Gasto medio diario por persona;Dato base;2019M07;160
Total;Gasto medio diario por persona;Dato base;2019M06;164
Total;Gasto medio diario por persona;Dato base;2019M05;164
Total;Gasto medio diario por persona;Dato base;2019M04;154
Total;Gasto medio diario por persona;Dato base;2019M03;151
Total;Gasto medio diario por persona;Dato base;2019M02;148
Total;Gasto medio diario por persona;Dato base;2019M01;139
Total;Gasto medio diario por persona;Dato base;2018M12;137
Total;Gasto medio diario por persona;Dato base;2018M11;154
Total;Gasto medio diario por persona;Dato base;2018M10;151
Total;Gasto medio diario por persona;Dato base;2018M09;147
Total;Gasto medio diario por persona;Dato base;2018M08;139
Total;Gasto medio diario por persona;Dato base;2018M07;152
Total;Gasto medio diario por persona;Dato base;2018M06;151
Total;Gasto medio diario por persona;Dato base;2018M05;149
Total;Gasto medio diario por persona;Dato base;2018M04;144
Total;Gasto medio diario por persona;Dato base;2018M03;142
Total;Gasto medio diario por persona;Dato base;2018M02;141
Total;Gasto medio diario por persona;Dato base;2018M01;132
Total;Duración media de los viajes;Dato base;2026M02;7,20
Total;Duración media de los viajes;Dato base;2026M01;8,62
Total;Duración media de los viajes;Dato base;2025M12;9,02
Total;Duración media de los viajes;Dato base;2025M11;7,42
Total;Duración media de los viajes;Dato base;2025M10;6,86
Total;Duración media de los viajes;Dato base;2025M09;6,78
Total;Duración media de los viajes;Dato base;2025M08;7,33
Total;Duración media de los viajes;Dato base;2025M07;7,08
Total;Duración media de los viajes;Dato base;2025M06;6,57
Total;Duración media de los viajes;Dato base;2025M05;6,22
Total;Duración media de los viajes;Dato base;2025M04;6,77
Total;Duración media de los viajes;Dato base;2025M03;7,33
Total;Duración media de los viajes;Dato base;2025M02;7,31
Total;Duración media de los viajes;Dato base;2025M01;8,55
Total;Duración media de los viajes;Dato base;2024M12;9,05
Total;Duración media de los viajes;Dato base;2024M11;7,62
Total;Duración media de los viajes;Dato base;2024M10;6,95
Total;Duración media de los viajes;Dato base;2024M09;6,73
Total;Duración media de los viajes;Dato base;2024M08;7,46
Total;Duración media de los viajes;Dato base;2024M07;7,29
Total;Duración media de los viajes;Dato base;2024M06;6,75
Total;Duración media de los viajes;Dato base;2024M05;6,16
Total;Duración media de los viajes;Dato base;2024M04;6,59
Total;Duración media de los viajes;Dato base;2024M03;7,56
Total;Duración media de los viajes;Dato base;2024M02;7,76
Total;Duración media de los viajes;Dato base;2024M01;8,68
Total;Duración media de los viajes;Dato base;2023M12;9,12
Total;Duración media de los viajes;Dato base;2023M11;7,43
Total;Duración media de los viajes;Dato base;2023M10;6,79
Total;Duración media de los viajes;Dato base;2023M09;6,78
Total;Duración media de los viajes;Dato base;2023M08;7,73
Total;Duración media de los viajes;Dato base;2023M07;7,18
Total;Duración media de los viajes;Dato base;2023M06;6,64
Total;Duración media de los viajes;Dato base;2023M05;6,26
Total;Duración media de los viajes;Dato base;2023M04;6,73
Total;Duración media de los viajes;Dato base;2023M03;7,46
Total;Duración media de los viajes;Dato base;2023M02;7,57
Total;Duración media de los viajes;Dato base;2023M01;8,48
Total;Duración media de los viajes;Dato base;2022M12;8,69
Total;Duración media de los viajes;Dato base;2022M11;7,46
Total;Duración media de los viajes;Dato base;2022M10;6,91
Total;Duración media de los viajes;Dato base;2022M09;6,91
Total;Duración media de los viajes;Dato base;2022M08;7,84
Total;Duración media de los viajes;Dato base;2022M07;7,73
Total;Duración media de los viajes;Dato base;2022M06;6,92
Total;Duración media de los viajes;Dato base;2022M05;6,53
Total;Duración media de los viajes;Dato base;2022M04;7,30
Total;Duración media de los viajes;Dato base;2022M03;7,99
Total;Duración media de los viajes;Dato base;2022M02;8,67
Total;Duración media de los viajes;Dato base;2022M01;9,80
Total;Duración media de los viajes;Dato base;2021M12;9,51
Total;Duración media de los viajes;Dato base;2021M11;7,87
Total;Duración media de los viajes;Dato base;2021M10;7,79
Total;Duración media de los viajes;Dato base;2021M09;7,80
Total;Duración media de los viajes;Dato base;2021M08;8,43
Total;Duración media de los viajes;Dato base;2021M07;8,22
Total;Duración media de los viajes;Dato base;2021M06;7,43
Total;Duración media de los viajes;Dato base;2021M05;7,28
Total;Duración media de los viajes;Dato base;2021M04;8,11
Total;Duración media de los viajes;Dato base;2021M03;8,48
Total;Duración media de los viajes;Dato base;2021M02;9,60
Total;Duración media de los viajes;Dato base;2021M01;9,86
Total;Duración media de los viajes;Dato base;2020M12;9,77
Total;Duración media de los viajes;Dato base;2020M11;8,48
Total;Duración media de los viajes;Dato base;2020M10;7,97
Total;Duración media de los viajes;Dato base;2020M09;7,92
Total;Duración media de los viajes;Dato base;2020M08;8,59
Total;Duración media de los viajes;Dato base;2020M07;8,03
Total;Duración media de los viajes;Dato base;2020M06;6,01
Total;Duración media de los viajes;Dato base;2020M05;0,00
Total;Duración media de los viajes;Dato base;2020M04;0,00
Total;Duración media de los viajes;Dato base;2020M03;7,08
Total;Duración media de los viajes;Dato base;2020M02;7,13
Total;Duración media de los viajes;Dato base;2020M01;7,97
Total;Duración media de los viajes;Dato base;2019M12;7,80
Total;Duración media de los viajes;Dato base;2019M11;6,74
Total;Duración media de los viajes;Dato base;2019M10;6,81
Total;Duración media de los viajes;Dato base;2019M09;7,13
Total;Duración media de los viajes;Dato base;2019M08;7,88
Total;Duración media de los viajes;Dato base;2019M07;7,55
Total;Duración media de los viajes;Dato base;2019M06;6,71
Total;Duración media de los viajes;Dato base;2019M05;6,27
Total;Duración media de los viajes;Dato base;2019M04;6,40
Total;Duración media de los viajes;Dato base;2019M03;7,09
Total;Duración media de los viajes;Dato base;2019M02;7,19
Total;Duración media de los viajes;Dato base;2019M01;8,05
Total;Duración media de los viajes;Dato base;2018M12;8,42
Total;Duración media de los viajes;Dato base;2018M11;7,01
Total;Duración media de los viajes;Dato base;2018M10;7,08
Total;Duración media de los viajes;Dato base;2018M09;7,29
Total;Duración media de los viajes;Dato base;2018M08;8,09
Total;Duración media de los viajes;Dato base;2018M07;7,70
Total;Duración media de los viajes;Dato base;2018M06;7,26
Total;Duración media de los viajes;Dato base;2018M05;6,76
Total;Duración media de los viajes;Dato base;2018M04;6,77
Total;Duración media de los viajes;Dato base;2018M03;7,49
Total;Duración media de los viajes;Dato base;2018M02;7,63
Total;Duración media de los viajes;Dato base;2018M01;8,37
Ocio, recreo y vacaciones;Gasto total;Dato base;2026M02;6.071,66
Ocio, recreo y vacaciones;Gasto total;Dato base;2026M01;5.930,15
Ocio, recreo y vacaciones;Gasto total;Dato base;2025M12;5.927,59
Ocio, recreo y vacaciones;Gasto total;Dato base;2025M11;6.550,13
Ocio, recreo y vacaciones;Gasto total;Dato base;2025M10;10.790,36
Ocio, recreo y vacaciones;Gasto total;Dato base;2025M09;11.720,55
Ocio, recreo y vacaciones;Gasto total;Dato base;2025M08;15.044,08
Ocio, recreo y vacaciones;Gasto total;Dato base;2025M07;14.928,85
Ocio, recreo y vacaciones;Gasto total;Dato base;2025M06;11.047,72
Ocio, recreo y vacaciones;Gasto total;Dato base;2025M05;10.275,50
Ocio, recreo y vacaciones;Gasto total;Dato base;2025M04;9.146,87
Ocio, recreo y vacaciones;Gasto total;Dato base;2025M03;7.364,28
Ocio, recreo y vacaciones;Gasto total;Dato base;2025M02;5.947,18
Ocio, recreo y vacaciones;Gasto total;Dato base;2025M01;5.792,43
Ocio, recreo y vacaciones;Gasto total;Dato base;2024M12;5.804,17
Ocio, recreo y vacaciones;Gasto total;Dato base;2024M11;6.309,27
Ocio, recreo y vacaciones;Gasto total;Dato base;2024M10;10.121,64
Ocio, recreo y vacaciones;Gasto total;Dato base;2024M09;11.120,71
Ocio, recreo y vacaciones;Gasto total;Dato base;2024M08;14.389,98
Ocio, recreo y vacaciones;Gasto total;Dato base;2024M07;14.109,36
Ocio, recreo y vacaciones;Gasto total;Dato base;2024M06;10.411,74
Ocio, recreo y vacaciones;Gasto total;Dato base;2024M05;9.840,48
Ocio, recreo y vacaciones;Gasto total;Dato base;2024M04;7.947,53
Ocio, recreo y vacaciones;Gasto total;Dato base;2024M03;7.042,56
Ocio, recreo y vacaciones;Gasto total;Dato base;2024M02;5.381,81
Ocio, recreo y vacaciones;Gasto total;Dato base;2024M01;5.272,49
Ocio, recreo y vacaciones;Gasto total;Dato base;2023M12;5.409,85
Ocio, recreo y vacaciones;Gasto total;Dato base;2023M11;5.351,84
Ocio, recreo y vacaciones;Gasto total;Dato base;2023M10;8.691,12
Ocio, recreo y vacaciones;Gasto total;Dato base;2023M09;9.884,05
Ocio, recreo y vacaciones;Gasto total;Dato base;2023M08;12.583,59
Ocio, recreo y vacaciones;Gasto total;Dato base;2023M07;12.623,17
Ocio, recreo y vacaciones;Gasto total;Dato base;2023M06;9.225,67
Ocio, recreo y vacaciones;Gasto total;Dato base;2023M05;8.379,33
Ocio, recreo y vacaciones;Gasto total;Dato base;2023M04;7.215,47
Ocio, recreo y vacaciones;Gasto total;Dato base;2023M03;5.416,58
Ocio, recreo y vacaciones;Gasto total;Dato base;2023M02;4.335,90
Ocio, recreo y vacaciones;Gasto total;Dato base;2023M01;4.295,88
Ocio, recreo y vacaciones;Gasto total;Dato base;2022M12;4.004,36
Ocio, recreo y vacaciones;Gasto total;Dato base;2022M11;4.376,35
Ocio, recreo y vacaciones;Gasto total;Dato base;2022M10;7.057,33
Ocio, recreo y vacaciones;Gasto total;Dato base;2022M09;7.999,91
Ocio, recreo y vacaciones;Gasto total;Dato base;2022M08;10.399,20
Ocio, recreo y vacaciones;Gasto total;Dato base;2022M07;10.835,53
Ocio, recreo y vacaciones;Gasto total;Dato base;2022M06;7.858,89
Ocio, recreo y vacaciones;Gasto total;Dato base;2022M05;6.805,95
Ocio, recreo y vacaciones;Gasto total;Dato base;2022M04;5.849,18
Ocio, recreo y vacaciones;Gasto total;Dato base;2022M03;4.250,20
Ocio, recreo y vacaciones;Gasto total;Dato base;2022M02;3.120,76
Ocio, recreo y vacaciones;Gasto total;Dato base;2022M01;2.483,64
Ocio, recreo y vacaciones;Gasto total;Dato base;2021M12;2.732,72
Ocio, recreo y vacaciones;Gasto total;Dato base;2021M11;3.146,70
Ocio, recreo y vacaciones;Gasto total;Dato base;2021M10;4.935,85
Ocio, recreo y vacaciones;Gasto total;Dato base;2021M09;4.473,72
Ocio, recreo y vacaciones;Gasto total;Dato base;2021M08;5.375,37
Ocio, recreo y vacaciones;Gasto total;Dato base;2021M07;4.577,83
Ocio, recreo y vacaciones;Gasto total;Dato base;2021M06;1.876,44
Ocio, recreo y vacaciones;Gasto total;Dato base;2021M05;1.005,75
Ocio, recreo y vacaciones;Gasto total;Dato base;2021M04;449,37
Ocio, recreo y vacaciones;Gasto total;Dato base;2021M03;320,73
Ocio, recreo y vacaciones;Gasto total;Dato base;2021M02;197,75
Ocio, recreo y vacaciones;Gasto total;Dato base;2021M01;323,25
Ocio, recreo y vacaciones;Gasto total;Dato base;2020M12;431,02
Ocio, recreo y vacaciones;Gasto total;Dato base;2020M11;326,90
Ocio, recreo y vacaciones;Gasto total;Dato base;2020M10;681,39
Ocio, recreo y vacaciones;Gasto total;Dato base;2020M09;784,09
Ocio, recreo y vacaciones;Gasto total;Dato base;2020M08;2.223,78
Ocio, recreo y vacaciones;Gasto total;Dato base;2020M07;2.155,07
Ocio, recreo y vacaciones;Gasto total;Dato base;2020M06;110,89
Ocio, recreo y vacaciones;Gasto total;Dato base;2020M05;0,00
Ocio, recreo y vacaciones;Gasto total;Dato base;2020M04;0,00
Ocio, recreo y vacaciones;Gasto total;Dato base;2020M03;1.853,88
Ocio, recreo y vacaciones;Gasto total;Dato base;2020M02;3.915,20
Ocio, recreo y vacaciones;Gasto total;Dato base;2020M01;3.911,40
Ocio, recreo y vacaciones;Gasto total;Dato base;2019M12;3.963,52
Ocio, recreo y vacaciones;Gasto total;Dato base;2019M11;4.097,89
Ocio, recreo y vacaciones;Gasto total;Dato base;2019M10;7.246,16
Ocio, recreo y vacaciones;Gasto total;Dato base;2019M09;8.656,19
Ocio, recreo y vacaciones;Gasto total;Dato base;2019M08;11.021,30
Ocio, recreo y vacaciones;Gasto total;Dato base;2019M07;10.877,33
Ocio, recreo y vacaciones;Gasto total;Dato base;2019M06;8.492,14
Ocio, recreo y vacaciones;Gasto total;Dato base;2019M05;7.118,11
Ocio, recreo y vacaciones;Gasto total;Dato base;2019M04;6.134,93
Ocio, recreo y vacaciones;Gasto total;Dato base;2019M03;5.063,32
Ocio, recreo y vacaciones;Gasto total;Dato base;2019M02;3.781,95
Ocio, recreo y vacaciones;Gasto total;Dato base;2019M01;3.852,74
Ocio, recreo y vacaciones;Gasto total;Dato base;2018M12;3.946,93
Ocio, recreo y vacaciones;Gasto total;Dato base;2018M11;4.104,95
Ocio, recreo y vacaciones;Gasto total;Dato base;2018M10;7.158,80
Ocio, recreo y vacaciones;Gasto total;Dato base;2018M09;8.573,49
Ocio, recreo y vacaciones;Gasto total;Dato base;2018M08;10.685,09
Ocio, recreo y vacaciones;Gasto total;Dato base;2018M07;10.625,02
Ocio, recreo y vacaciones;Gasto total;Dato base;2018M06;8.090,12
Ocio, recreo y vacaciones;Gasto total;Dato base;2018M05;7.187,72
Ocio, recreo y vacaciones;Gasto total;Dato base;2018M04;5.617,78
Ocio, recreo y vacaciones;Gasto total;Dato base;2018M03;4.649,70
Ocio, recreo y vacaciones;Gasto total;Dato base;2018M02;3.682,75
Ocio, recreo y vacaciones;Gasto total;Dato base;2018M01;3.763,51
Ocio, recreo y vacaciones;Gasto medio por persona;Dato base;2026M02;1.326
Ocio, recreo y vacaciones;Gasto medio por persona;Dato base;2026M01;1.432
Ocio, recreo y vacaciones;Gasto medio por persona;Dato base;2025M12;1.391
Ocio, recreo y vacaciones;Gasto medio por persona;Dato base;2025M11;1.390
Ocio, recreo y vacaciones;Gasto medio por persona;Dato base;2025M10;1.346
Ocio, recreo y vacaciones;Gasto medio por persona;Dato base;2025M09;1.369
Ocio, recreo y vacaciones;Gasto medio por persona;Dato base;2025M08;1.457
Ocio, recreo y vacaciones;Gasto medio por persona;Dato base;2025M07;1.487
Ocio, recreo y vacaciones;Gasto medio por persona;Dato base;2025M06;1.324
Ocio, recreo y vacaciones;Gasto medio por persona;Dato base;2025M05;1.275
Ocio, recreo y vacaciones;Gasto medio por persona;Dato base;2025M04;1.242
Ocio, recreo y vacaciones;Gasto medio por persona;Dato base;2025M03;1.387
Ocio, recreo y vacaciones;Gasto medio por persona;Dato base;2025M02;1.343
Ocio, recreo y vacaciones;Gasto medio por persona;Dato base;2025M01;1.405
Ocio, recreo y vacaciones;Gasto medio por persona;Dato base;2024M12;1.363
Ocio, recreo y vacaciones;Gasto medio por persona;Dato base;2024M11;1.365
Ocio, recreo y vacaciones;Gasto medio por persona;Dato base;2024M10;1.298
Ocio, recreo y vacaciones;Gasto medio por persona;Dato base;2024M09;1.312
Ocio, recreo y vacaciones;Gasto medio por persona;Dato base;2024M08;1.417
Ocio, recreo y vacaciones;Gasto medio por persona;Dato base;2024M07;1.426
Ocio, recreo y vacaciones;Gasto medio por persona;Dato base;2024M06;1.288
Ocio, recreo y vacaciones;Gasto medio por persona;Dato base;2024M05;1.219
Ocio, recreo y vacaciones;Gasto medio por persona;Dato base;2024M04;1.217
Ocio, recreo y vacaciones;Gasto medio por persona;Dato base;2024M03;1.354
Ocio, recreo y vacaciones;Gasto medio por persona;Dato base;2024M02;1.330
Ocio, recreo y vacaciones;Gasto medio por persona;Dato base;2024M01;1.345
Ocio, recreo y vacaciones;Gasto medio por persona;Dato base;2023M12;1.296
Ocio, recreo y vacaciones;Gasto medio por persona;Dato base;2023M11;1.280
Ocio, recreo y vacaciones;Gasto medio por persona;Dato base;2023M10;1.242
Ocio, recreo y vacaciones;Gasto medio por persona;Dato base;2023M09;1.259
Ocio, recreo y vacaciones;Gasto medio por persona;Dato base;2023M08;1.340
Ocio, recreo y vacaciones;Gasto medio por persona;Dato base;2023M07;1.368
Ocio, recreo y vacaciones;Gasto medio por persona;Dato base;2023M06;1.268
Ocio, recreo y vacaciones;Gasto medio por persona;Dato base;2023M05;1.152
Ocio, recreo y vacaciones;Gasto medio por persona;Dato base;2023M04;1.165
Ocio, recreo y vacaciones;Gasto medio por persona;Dato base;2023M03;1.263
Ocio, recreo y vacaciones;Gasto medio por persona;Dato base;2023M02;1.235
Ocio, recreo y vacaciones;Gasto medio por persona;Dato base;2023M01;1.259
Ocio, recreo y vacaciones;Gasto medio por persona;Dato base;2022M12;1.206
Ocio, recreo y vacaciones;Gasto medio por persona;Dato base;2022M11;1.231
Ocio, recreo y vacaciones;Gasto medio por persona;Dato base;2022M10;1.152
Ocio, recreo y vacaciones;Gasto medio por persona;Dato base;2022M09;1.165
Ocio, recreo y vacaciones;Gasto medio por persona;Dato base;2022M08;1.275
Ocio, recreo y vacaciones;Gasto medio por persona;Dato base;2022M07;1.305
Ocio, recreo y vacaciones;Gasto medio por persona;Dato base;2022M06;1.179
Ocio, recreo y vacaciones;Gasto medio por persona;Dato base;2022M05;1.147
Ocio, recreo y vacaciones;Gasto medio por persona;Dato base;2022M04;1.124
Ocio, recreo y vacaciones;Gasto medio por persona;Dato base;2022M03;1.266
Ocio, recreo y vacaciones;Gasto medio por persona;Dato base;2022M02;1.186
Ocio, recreo y vacaciones;Gasto medio por persona;Dato base;2022M01;1.236
Ocio, recreo y vacaciones;Gasto medio por persona;Dato base;2021M12;1.165
Ocio, recreo y vacaciones;Gasto medio por persona;Dato base;2021M11;1.118
Ocio, recreo y vacaciones;Gasto medio por persona;Dato base;2021M10;1.092
Ocio, recreo y vacaciones;Gasto medio por persona;Dato base;2021M09;1.075
Ocio, recreo y vacaciones;Gasto medio por persona;Dato base;2021M08;1.130
Ocio, recreo y vacaciones;Gasto medio por persona;Dato base;2021M07;1.183
Ocio, recreo y vacaciones;Gasto medio por persona;Dato base;2021M06;1.057
Ocio, recreo y vacaciones;Gasto medio por persona;Dato base;2021M05;1.000
Ocio, recreo y vacaciones;Gasto medio por persona;Dato base;2021M04;1.150
Ocio, recreo y vacaciones;Gasto medio por persona;Dato base;2021M03;1.199
Ocio, recreo y vacaciones;Gasto medio por persona;Dato base;2021M02;1.216
Ocio, recreo y vacaciones;Gasto medio por persona;Dato base;2021M01;1.176
Ocio, recreo y vacaciones;Gasto medio por persona;Dato base;2020M12;1.118
Ocio, recreo y vacaciones;Gasto medio por persona;Dato base;2020M11;1.106
Ocio, recreo y vacaciones;Gasto medio por persona;Dato base;2020M10;851
Ocio, recreo y vacaciones;Gasto medio por persona;Dato base;2020M09;869
Ocio, recreo y vacaciones;Gasto medio por persona;Dato base;2020M08;1.025
Ocio, recreo y vacaciones;Gasto medio por persona;Dato base;2020M07;1.016
Ocio, recreo y vacaciones;Gasto medio por persona;Dato base;2020M06;661
Ocio, recreo y vacaciones;Gasto medio por persona;Dato base;2020M05;0
Ocio, recreo y vacaciones;Gasto medio por persona;Dato base;2020M04;0
Ocio, recreo y vacaciones;Gasto medio por persona;Dato base;2020M03;1.119
Ocio, recreo y vacaciones;Gasto medio por persona;Dato base;2020M02;1.071
Ocio, recreo y vacaciones;Gasto medio por persona;Dato base;2020M01;1.158
Ocio, recreo y vacaciones;Gasto medio por persona;Dato base;2019M12;1.122
Ocio, recreo y vacaciones;Gasto medio por persona;Dato base;2019M11;1.074
Ocio, recreo y vacaciones;Gasto medio por persona;Dato base;2019M10;1.093
Ocio, recreo y vacaciones;Gasto medio por persona;Dato base;2019M09;1.089
Ocio, recreo y vacaciones;Gasto medio por persona;Dato base;2019M08;1.166
Ocio, recreo y vacaciones;Gasto medio por persona;Dato base;2019M07;1.212
Ocio, recreo y vacaciones;Gasto medio por persona;Dato base;2019M06;1.086
Ocio, recreo y vacaciones;Gasto medio por persona;Dato base;2019M05;1.029
Ocio, recreo y vacaciones;Gasto medio por persona;Dato base;2019M04;988
Ocio, recreo y vacaciones;Gasto medio por persona;Dato base;2019M03;1.081
Ocio, recreo y vacaciones;Gasto medio por persona;Dato base;2019M02;1.065
Ocio, recreo y vacaciones;Gasto medio por persona;Dato base;2019M01;1.120
Ocio, recreo y vacaciones;Gasto medio por persona;Dato base;2018M12;1.105
Ocio, recreo y vacaciones;Gasto medio por persona;Dato base;2018M11;1.091
Ocio, recreo y vacaciones;Gasto medio por persona;Dato base;2018M10;1.067
Ocio, recreo y vacaciones;Gasto medio por persona;Dato base;2018M09;1.073
Ocio, recreo y vacaciones;Gasto medio por persona;Dato base;2018M08;1.140
Ocio, recreo y vacaciones;Gasto medio por persona;Dato base;2018M07;1.171
Ocio, recreo y vacaciones;Gasto medio por persona;Dato base;2018M06;1.078
Ocio, recreo y vacaciones;Gasto medio por persona;Dato base;2018M05;1.005
Ocio, recreo y vacaciones;Gasto medio por persona;Dato base;2018M04;971
Ocio, recreo y vacaciones;Gasto medio por persona;Dato base;2018M03;1.071
Ocio, recreo y vacaciones;Gasto medio por persona;Dato base;2018M02;1.065
Ocio, recreo y vacaciones;Gasto medio por persona;Dato base;2018M01;1.087
Ocio, recreo y vacaciones;Gasto medio diario por persona;Dato base;2026M02;204
Ocio, recreo y vacaciones;Gasto medio diario por persona;Dato base;2026M01;196
Ocio, recreo y vacaciones;Gasto medio diario por persona;Dato base;2025M12;194
Ocio, recreo y vacaciones;Gasto medio diario por persona;Dato base;2025M11;198
Ocio, recreo y vacaciones;Gasto medio diario por persona;Dato base;2025M10;205
Ocio, recreo y vacaciones;Gasto medio diario por persona;Dato base;2025M09;208
Ocio, recreo y vacaciones;Gasto medio diario por persona;Dato base;2025M08;204
Ocio, recreo y vacaciones;Gasto medio diario por persona;Dato base;2025M07;215
Ocio, recreo y vacaciones;Gasto medio diario por persona;Dato base;2025M06;215
Ocio, recreo y vacaciones;Gasto medio diario por persona;Dato base;2025M05;217
Ocio, recreo y vacaciones;Gasto medio diario por persona;Dato base;2025M04;196
Ocio, recreo y vacaciones;Gasto medio diario por persona;Dato base;2025M03;190
Ocio, recreo y vacaciones;Gasto medio diario por persona;Dato base;2025M02;191
Ocio, recreo y vacaciones;Gasto medio diario por persona;Dato base;2025M01;180
Ocio, recreo y vacaciones;Gasto medio diario por persona;Dato base;2024M12;183
Ocio, recreo y vacaciones;Gasto medio diario por persona;Dato base;2024M11;185
Ocio, recreo y vacaciones;Gasto medio diario por persona;Dato base;2024M10;196
Ocio, recreo y vacaciones;Gasto medio diario por persona;Dato base;2024M09;198
Ocio, recreo y vacaciones;Gasto medio diario por persona;Dato base;2024M08;194
Ocio, recreo y vacaciones;Gasto medio diario por persona;Dato base;2024M07;203
Ocio, recreo y vacaciones;Gasto medio diario por persona;Dato base;2024M06;205
Ocio, recreo y vacaciones;Gasto medio diario por persona;Dato base;2024M05;210
Ocio, recreo y vacaciones;Gasto medio diario por persona;Dato base;2024M04;194
Ocio, recreo y vacaciones;Gasto medio diario por persona;Dato base;2024M03;185
Ocio, recreo y vacaciones;Gasto medio diario por persona;Dato base;2024M02;180
Ocio, recreo y vacaciones;Gasto medio diario por persona;Dato base;2024M01;172
Ocio, recreo y vacaciones;Gasto medio diario por persona;Dato base;2023M12;169
Ocio, recreo y vacaciones;Gasto medio diario por persona;Dato base;2023M11;183
Ocio, recreo y vacaciones;Gasto medio diario por persona;Dato base;2023M10;189
Ocio, recreo y vacaciones;Gasto medio diario por persona;Dato base;2023M09;189
Ocio, recreo y vacaciones;Gasto medio diario por persona;Dato base;2023M08;179
Ocio, recreo y vacaciones;Gasto medio diario por persona;Dato base;2023M07;198
Ocio, recreo y vacaciones;Gasto medio diario por persona;Dato base;2023M06;197
Ocio, recreo y vacaciones;Gasto medio diario por persona;Dato base;2023M05;192
Ocio, recreo y vacaciones;Gasto medio diario por persona;Dato base;2023M04;180
Ocio, recreo y vacaciones;Gasto medio diario por persona;Dato base;2023M03;177
Ocio, recreo y vacaciones;Gasto medio diario por persona;Dato base;2023M02;170
Ocio, recreo y vacaciones;Gasto medio diario por persona;Dato base;2023M01;156
Ocio, recreo y vacaciones;Gasto medio diario por persona;Dato base;2022M12;164
Ocio, recreo y vacaciones;Gasto medio diario por persona;Dato base;2022M11;170
Ocio, recreo y vacaciones;Gasto medio diario por persona;Dato base;2022M10;172
Ocio, recreo y vacaciones;Gasto medio diario por persona;Dato base;2022M09;171
Ocio, recreo y vacaciones;Gasto medio diario por persona;Dato base;2022M08;165
Ocio, recreo y vacaciones;Gasto medio diario por persona;Dato base;2022M07;174
Ocio, recreo y vacaciones;Gasto medio diario por persona;Dato base;2022M06;178
Ocio, recreo y vacaciones;Gasto medio diario por persona;Dato base;2022M05;180
Ocio, recreo y vacaciones;Gasto medio diario por persona;Dato base;2022M04;158
Ocio, recreo y vacaciones;Gasto medio diario por persona;Dato base;2022M03;160
Ocio, recreo y vacaciones;Gasto medio diario por persona;Dato base;2022M02;143
Ocio, recreo y vacaciones;Gasto medio diario por persona;Dato base;2022M01;133
Ocio, recreo y vacaciones;Gasto medio diario por persona;Dato base;2021M12;138
Ocio, recreo y vacaciones;Gasto medio diario por persona;Dato base;2021M11;146
Ocio, recreo y vacaciones;Gasto medio diario por persona;Dato base;2021M10;142
Ocio, recreo y vacaciones;Gasto medio diario por persona;Dato base;2021M09;141
Ocio, recreo y vacaciones;Gasto medio diario por persona;Dato base;2021M08;139
Ocio, recreo y vacaciones;Gasto medio diario por persona;Dato base;2021M07;150
Ocio, recreo y vacaciones;Gasto medio diario por persona;Dato base;2021M06;155
Ocio, recreo y vacaciones;Gasto medio diario por persona;Dato base;2021M05;136
Ocio, recreo y vacaciones;Gasto medio diario por persona;Dato base;2021M04;136
Ocio, recreo y vacaciones;Gasto medio diario por persona;Dato base;2021M03;125
Ocio, recreo y vacaciones;Gasto medio diario por persona;Dato base;2021M02;127
Ocio, recreo y vacaciones;Gasto medio diario por persona;Dato base;2021M01;120
Ocio, recreo y vacaciones;Gasto medio diario por persona;Dato base;2020M12;119
Ocio, recreo y vacaciones;Gasto medio diario por persona;Dato base;2020M11;125
Ocio, recreo y vacaciones;Gasto medio diario por persona;Dato base;2020M10;109
Ocio, recreo y vacaciones;Gasto medio diario por persona;Dato base;2020M09;108
Ocio, recreo y vacaciones;Gasto medio diario por persona;Dato base;2020M08;122
Ocio, recreo y vacaciones;Gasto medio diario por persona;Dato base;2020M07;131
Ocio, recreo y vacaciones;Gasto medio diario por persona;Dato base;2020M06;114
Ocio, recreo y vacaciones;Gasto medio diario por persona;Dato base;2020M05;0
Ocio, recreo y vacaciones;Gasto medio diario por persona;Dato base;2020M04;0
Ocio, recreo y vacaciones;Gasto medio diario por persona;Dato base;2020M03;157
Ocio, recreo y vacaciones;Gasto medio diario por persona;Dato base;2020M02;160
Ocio, recreo y vacaciones;Gasto medio diario por persona;Dato base;2020M01;151
Ocio, recreo y vacaciones;Gasto medio diario por persona;Dato base;2019M12;161
Ocio, recreo y vacaciones;Gasto medio diario por persona;Dato base;2019M11;163
Ocio, recreo y vacaciones;Gasto medio diario por persona;Dato base;2019M10;159
Ocio, recreo y vacaciones;Gasto medio diario por persona;Dato base;2019M09;154
Ocio, recreo y vacaciones;Gasto medio diario por persona;Dato base;2019M08;150
Ocio, recreo y vacaciones;Gasto medio diario por persona;Dato base;2019M07;162
Ocio, recreo y vacaciones;Gasto medio diario por persona;Dato base;2019M06;164
Ocio, recreo y vacaciones;Gasto medio diario por persona;Dato base;2019M05;167
Ocio, recreo y vacaciones;Gasto medio diario por persona;Dato base;2019M04;158
Ocio, recreo y vacaciones;Gasto medio diario por persona;Dato base;2019M03;152
Ocio, recreo y vacaciones;Gasto medio diario por persona;Dato base;2019M02;150
Ocio, recreo y vacaciones;Gasto medio diario por persona;Dato base;2019M01;146
Ocio, recreo y vacaciones;Gasto medio diario por persona;Dato base;2018M12;147
Ocio, recreo y vacaciones;Gasto medio diario por persona;Dato base;2018M11;156
Ocio, recreo y vacaciones;Gasto medio diario por persona;Dato base;2018M10;149
Ocio, recreo y vacaciones;Gasto medio diario por persona;Dato base;2018M09;146
Ocio, recreo y vacaciones;Gasto medio diario por persona;Dato base;2018M08;141
Ocio, recreo y vacaciones;Gasto medio diario por persona;Dato base;2018M07;156
Ocio, recreo y vacaciones;Gasto medio diario por persona;Dato base;2018M06;152
Ocio, recreo y vacaciones;Gasto medio diario por persona;Dato base;2018M05;150
Ocio, recreo y vacaciones;Gasto medio diario por persona;Dato base;2018M04;145
Ocio, recreo y vacaciones;Gasto medio diario por persona;Dato base;2018M03;142
Ocio, recreo y vacaciones;Gasto medio diario por persona;Dato base;2018M02;142
Ocio, recreo y vacaciones;Gasto medio diario por persona;Dato base;2018M01;136
Ocio, recreo y vacaciones;Duración media de los viajes;Dato base;2026M02;6,51
Ocio, recreo y vacaciones;Duración media de los viajes;Dato base;2026M01;7,31
Ocio, recreo y vacaciones;Duración media de los viajes;Dato base;2025M12;7,18
Ocio, recreo y vacaciones;Duración media de los viajes;Dato base;2025M11;7,03
Ocio, recreo y vacaciones;Duración media de los viajes;Dato base;2025M10;6,57
Ocio, recreo y vacaciones;Duración media de los viajes;Dato base;2025M09;6,58
Ocio, recreo y vacaciones;Duración media de los viajes;Dato base;2025M08;7,16
Ocio, recreo y vacaciones;Duración media de los viajes;Dato base;2025M07;6,92
Ocio, recreo y vacaciones;Duración media de los viajes;Dato base;2025M06;6,15
Ocio, recreo y vacaciones;Duración media de los viajes;Dato base;2025M05;5,87
Ocio, recreo y vacaciones;Duración media de los viajes;Dato base;2025M04;6,35
Ocio, recreo y vacaciones;Duración media de los viajes;Dato base;2025M03;7,29
Ocio, recreo y vacaciones;Duración media de los viajes;Dato base;2025M02;7,03
Ocio, recreo y vacaciones;Duración media de los viajes;Dato base;2025M01;7,82
Ocio, recreo y vacaciones;Duración media de los viajes;Dato base;2024M12;7,44
Ocio, recreo y vacaciones;Duración media de los viajes;Dato base;2024M11;7,38
Ocio, recreo y vacaciones;Duración media de los viajes;Dato base;2024M10;6,62
Ocio, recreo y vacaciones;Duración media de los viajes;Dato base;2024M09;6,62
Ocio, recreo y vacaciones;Duración media de los viajes;Dato base;2024M08;7,30
Ocio, recreo y vacaciones;Duración media de los viajes;Dato base;2024M07;7,03
Ocio, recreo y vacaciones;Duración media de los viajes;Dato base;2024M06;6,30
Ocio, recreo y vacaciones;Duración media de los viajes;Dato base;2024M05;5,80
Ocio, recreo y vacaciones;Duración media de los viajes;Dato base;2024M04;6,29
Ocio, recreo y vacaciones;Duración media de los viajes;Dato base;2024M03;7,32
Ocio, recreo y vacaciones;Duración media de los viajes;Dato base;2024M02;7,39
Ocio, recreo y vacaciones;Duración media de los viajes;Dato base;2024M01;7,83
Ocio, recreo y vacaciones;Duración media de los viajes;Dato base;2023M12;7,68
Ocio, recreo y vacaciones;Duración media de los viajes;Dato base;2023M11;7,00
Ocio, recreo y vacaciones;Duración media de los viajes;Dato base;2023M10;6,58
Ocio, recreo y vacaciones;Duración media de los viajes;Dato base;2023M09;6,67
Ocio, recreo y vacaciones;Duración media de los viajes;Dato base;2023M08;7,48
Ocio, recreo y vacaciones;Duración media de los viajes;Dato base;2023M07;6,92
Ocio, recreo y vacaciones;Duración media de los viajes;Dato base;2023M06;6,43
Ocio, recreo y vacaciones;Duración media de los viajes;Dato base;2023M05;6,00
Ocio, recreo y vacaciones;Duración media de los viajes;Dato base;2023M04;6,46
Ocio, recreo y vacaciones;Duración media de los viajes;Dato base;2023M03;7,14
Ocio, recreo y vacaciones;Duración media de los viajes;Dato base;2023M02;7,27
Ocio, recreo y vacaciones;Duración media de los viajes;Dato base;2023M01;8,08
Ocio, recreo y vacaciones;Duración media de los viajes;Dato base;2022M12;7,37
Ocio, recreo y vacaciones;Duración media de los viajes;Dato base;2022M11;7,25
Ocio, recreo y vacaciones;Duración media de los viajes;Dato base;2022M10;6,69
Ocio, recreo y vacaciones;Duración media de los viajes;Dato base;2022M09;6,80
Ocio, recreo y vacaciones;Duración media de los viajes;Dato base;2022M08;7,73
Ocio, recreo y vacaciones;Duración media de los viajes;Dato base;2022M07;7,52
Ocio, recreo y vacaciones;Duración media de los viajes;Dato base;2022M06;6,63
Ocio, recreo y vacaciones;Duración media de los viajes;Dato base;2022M05;6,37
Ocio, recreo y vacaciones;Duración media de los viajes;Dato base;2022M04;7,10
Ocio, recreo y vacaciones;Duración media de los viajes;Dato base;2022M03;7,93
Ocio, recreo y vacaciones;Duración media de los viajes;Dato base;2022M02;8,29
Ocio, recreo y vacaciones;Duración media de los viajes;Dato base;2022M01;9,26
Ocio, recreo y vacaciones;Duración media de los viajes;Dato base;2021M12;8,41
Ocio, recreo y vacaciones;Duración media de los viajes;Dato base;2021M11;7,68
Ocio, recreo y vacaciones;Duración media de los viajes;Dato base;2021M10;7,68
Ocio, recreo y vacaciones;Duración media de los viajes;Dato base;2021M09;7,62
Ocio, recreo y vacaciones;Duración media de los viajes;Dato base;2021M08;8,13
Ocio, recreo y vacaciones;Duración media de los viajes;Dato base;2021M07;7,90
Ocio, recreo y vacaciones;Duración media de los viajes;Dato base;2021M06;6,80
Ocio, recreo y vacaciones;Duración media de los viajes;Dato base;2021M05;7,36
Ocio, recreo y vacaciones;Duración media de los viajes;Dato base;2021M04;8,44
Ocio, recreo y vacaciones;Duración media de los viajes;Dato base;2021M03;9,55
Ocio, recreo y vacaciones;Duración media de los viajes;Dato base;2021M02;9,56
Ocio, recreo y vacaciones;Duración media de los viajes;Dato base;2021M01;9,81
Ocio, recreo y vacaciones;Duración media de los viajes;Dato base;2020M12;9,40
Ocio, recreo y vacaciones;Duración media de los viajes;Dato base;2020M11;8,83
Ocio, recreo y vacaciones;Duración media de los viajes;Dato base;2020M10;7,80
Ocio, recreo y vacaciones;Duración media de los viajes;Dato base;2020M09;8,06
Ocio, recreo y vacaciones;Duración media de los viajes;Dato base;2020M08;8,38
Ocio, recreo y vacaciones;Duración media de los viajes;Dato base;2020M07;7,74
Ocio, recreo y vacaciones;Duración media de los viajes;Dato base;2020M06;5,80
Ocio, recreo y vacaciones;Duración media de los viajes;Dato base;2020M05;0,00
Ocio, recreo y vacaciones;Duración media de los viajes;Dato base;2020M04;0,00
Ocio, recreo y vacaciones;Duración media de los viajes;Dato base;2020M03;7,12
Ocio, recreo y vacaciones;Duración media de los viajes;Dato base;2020M02;6,72
Ocio, recreo y vacaciones;Duración media de los viajes;Dato base;2020M01;7,66
Ocio, recreo y vacaciones;Duración media de los viajes;Dato base;2019M12;6,96
Ocio, recreo y vacaciones;Duración media de los viajes;Dato base;2019M11;6,59
Ocio, recreo y vacaciones;Duración media de los viajes;Dato base;2019M10;6,86
Ocio, recreo y vacaciones;Duración media de los viajes;Dato base;2019M09;7,09
Ocio, recreo y vacaciones;Duración media de los viajes;Dato base;2019M08;7,79
Ocio, recreo y vacaciones;Duración media de los viajes;Dato base;2019M07;7,46
Ocio, recreo y vacaciones;Duración media de los viajes;Dato base;2019M06;6,63
Ocio, recreo y vacaciones;Duración media de los viajes;Dato base;2019M05;6,18
Ocio, recreo y vacaciones;Duración media de los viajes;Dato base;2019M04;6,26
Ocio, recreo y vacaciones;Duración media de los viajes;Dato base;2019M03;7,13
Ocio, recreo y vacaciones;Duración media de los viajes;Dato base;2019M02;7,10
Ocio, recreo y vacaciones;Duración media de los viajes;Dato base;2019M01;7,66
Ocio, recreo y vacaciones;Duración media de los viajes;Dato base;2018M12;7,50
Ocio, recreo y vacaciones;Duración media de los viajes;Dato base;2018M11;6,98
Ocio, recreo y vacaciones;Duración media de los viajes;Dato base;2018M10;7,16
Ocio, recreo y vacaciones;Duración media de los viajes;Dato base;2018M09;7,35
Ocio, recreo y vacaciones;Duración media de los viajes;Dato base;2018M08;8,08
Ocio, recreo y vacaciones;Duración media de los viajes;Dato base;2018M07;7,53
Ocio, recreo y vacaciones;Duración media de los viajes;Dato base;2018M06;7,09
Ocio, recreo y vacaciones;Duración media de los viajes;Dato base;2018M05;6,68
Ocio, recreo y vacaciones;Duración media de los viajes;Dato base;2018M04;6,69
Ocio, recreo y vacaciones;Duración media de los viajes;Dato base;2018M03;7,57
Ocio, recreo y vacaciones;Duración media de los viajes;Dato base;2018M02;7,50
Ocio, recreo y vacaciones;Duración media de los viajes;Dato base;2018M01;7,98
Negocio, motivos profesionales;Gasto total;Dato base;2026M02;539,42
Negocio, motivos profesionales;Gasto total;Dato base;2026M01;512,31
Negocio, motivos profesionales;Gasto total;Dato base;2025M12;378,03
Negocio, motivos profesionales;Gasto total;Dato base;2025M11;514,28
Negocio, motivos profesionales;Gasto total;Dato base;2025M10;1.061,65
Negocio, motivos profesionales;Gasto total;Dato base;2025M09;670,33
Negocio, motivos profesionales;Gasto total;Dato base;2025M08;325,66
Negocio, motivos profesionales;Gasto total;Dato base;2025M07;567,58
Negocio, motivos profesionales;Gasto total;Dato base;2025M06;771,77
Negocio, motivos profesionales;Gasto total;Dato base;2025M05;794,03
Negocio, motivos profesionales;Gasto total;Dato base;2025M04;510,22
Negocio, motivos profesionales;Gasto total;Dato base;2025M03;776,33
Negocio, motivos profesionales;Gasto total;Dato base;2025M02;510,96
Negocio, motivos profesionales;Gasto total;Dato base;2025M01;320,65
Negocio, motivos profesionales;Gasto total;Dato base;2024M12;391,00
Negocio, motivos profesionales;Gasto total;Dato base;2024M11;597,37
Negocio, motivos profesionales;Gasto total;Dato base;2024M10;955,75
Negocio, motivos profesionales;Gasto total;Dato base;2024M09;731,08
Negocio, motivos profesionales;Gasto total;Dato base;2024M08;222,92
Negocio, motivos profesionales;Gasto total;Dato base;2024M07;451,59
Negocio, motivos profesionales;Gasto total;Dato base;2024M06;801,10
Negocio, motivos profesionales;Gasto total;Dato base;2024M05;727,40
Negocio, motivos profesionales;Gasto total;Dato base;2024M04;642,84
Negocio, motivos profesionales;Gasto total;Dato base;2024M03;627,27
Negocio, motivos profesionales;Gasto total;Dato base;2024M02;609,27
Negocio, motivos profesionales;Gasto total;Dato base;2024M01;352,13
Negocio, motivos profesionales;Gasto total;Dato base;2023M12;442,56
Negocio, motivos profesionales;Gasto total;Dato base;2023M11;650,11
Negocio, motivos profesionales;Gasto total;Dato base;2023M10;867,33
Negocio, motivos profesionales;Gasto total;Dato base;2023M09;654,74
Negocio, motivos profesionales;Gasto total;Dato base;2023M08;239,17
Negocio, motivos profesionales;Gasto total;Dato base;2023M07;503,01
Negocio, motivos profesionales;Gasto total;Dato base;2023M06;632,65
Negocio, motivos profesionales;Gasto total;Dato base;2023M05;577,52
Negocio, motivos profesionales;Gasto total;Dato base;2023M04;499,96
Negocio, motivos profesionales;Gasto total;Dato base;2023M03;629,30
Negocio, motivos profesionales;Gasto total;Dato base;2023M02;452,21
Negocio, motivos profesionales;Gasto total;Dato base;2023M01;303,89
Negocio, motivos profesionales;Gasto total;Dato base;2022M12;360,97
Negocio, motivos profesionales;Gasto total;Dato base;2022M11;540,07
Negocio, motivos profesionales;Gasto total;Dato base;2022M10;716,31
Negocio, motivos profesionales;Gasto total;Dato base;2022M09;610,93
Negocio, motivos profesionales;Gasto total;Dato base;2022M08;302,97
Negocio, motivos profesionales;Gasto total;Dato base;2022M07;376,74
Negocio, motivos profesionales;Gasto total;Dato base;2022M06;556,01
Negocio, motivos profesionales;Gasto total;Dato base;2022M05;632,40
Negocio, motivos profesionales;Gasto total;Dato base;2022M04;508,61
Negocio, motivos profesionales;Gasto total;Dato base;2022M03;457,79
Negocio, motivos profesionales;Gasto total;Dato base;2022M02;262,11
Negocio, motivos profesionales;Gasto total;Dato base;2022M01;143,82
Negocio, motivos profesionales;Gasto total;Dato base;2021M12;245,63
Negocio, motivos profesionales;Gasto total;Dato base;2021M11;300,45
Negocio, motivos profesionales;Gasto total;Dato base;2021M10;297,24
Negocio, motivos profesionales;Gasto total;Dato base;2021M09;251,21
Negocio, motivos profesionales;Gasto total;Dato base;2021M08;136,74
Negocio, motivos profesionales;Gasto total;Dato base;2021M07;217,81
Negocio, motivos profesionales;Gasto total;Dato base;2021M06;239,15
Negocio, motivos profesionales;Gasto total;Dato base;2021M05;190,18
Negocio, motivos profesionales;Gasto total;Dato base;2021M04;113,07
Negocio, motivos profesionales;Gasto total;Dato base;2021M03;121,35
Negocio, motivos profesionales;Gasto total;Dato base;2021M02;70,48
Negocio, motivos profesionales;Gasto total;Dato base;2021M01;51,27
Negocio, motivos profesionales;Gasto total;Dato base;2020M12;104,03
Negocio, motivos profesionales;Gasto total;Dato base;2020M11;85,62
Negocio, motivos profesionales;Gasto total;Dato base;2020M10;81,90
Negocio, motivos profesionales;Gasto total;Dato base;2020M09;63,66
Negocio, motivos profesionales;Gasto total;Dato base;2020M08;56,96
Negocio, motivos profesionales;Gasto total;Dato base;2020M07;103,33
Negocio, motivos profesionales;Gasto total;Dato base;2020M06;10,33
Negocio, motivos profesionales;Gasto total;Dato base;2020M05;0,00
Negocio, motivos profesionales;Gasto total;Dato base;2020M04;0,00
Negocio, motivos profesionales;Gasto total;Dato base;2020M03;135,21
Negocio, motivos profesionales;Gasto total;Dato base;2020M02;347,78
Negocio, motivos profesionales;Gasto total;Dato base;2020M01;407,82
Negocio, motivos profesionales;Gasto total;Dato base;2019M12;488,32
Negocio, motivos profesionales;Gasto total;Dato base;2019M11;571,34
Negocio, motivos profesionales;Gasto total;Dato base;2019M10;684,49
Negocio, motivos profesionales;Gasto total;Dato base;2019M09;565,39
Negocio, motivos profesionales;Gasto total;Dato base;2019M08;222,51
Negocio, motivos profesionales;Gasto total;Dato base;2019M07;540,57
Negocio, motivos profesionales;Gasto total;Dato base;2019M06;655,14
Negocio, motivos profesionales;Gasto total;Dato base;2019M05;600,58
Negocio, motivos profesionales;Gasto total;Dato base;2019M04;450,32
Negocio, motivos profesionales;Gasto total;Dato base;2019M03;518,21
Negocio, motivos profesionales;Gasto total;Dato base;2019M02;398,25
Negocio, motivos profesionales;Gasto total;Dato base;2019M01;346,93
Negocio, motivos profesionales;Gasto total;Dato base;2018M12;416,35
Negocio, motivos profesionales;Gasto total;Dato base;2018M11;479,36
Negocio, motivos profesionales;Gasto total;Dato base;2018M10;592,17
Negocio, motivos profesionales;Gasto total;Dato base;2018M09;526,93
Negocio, motivos profesionales;Gasto total;Dato base;2018M08;181,46
Negocio, motivos profesionales;Gasto total;Dato base;2018M07;412,13
Negocio, motivos profesionales;Gasto total;Dato base;2018M06;531,63
Negocio, motivos profesionales;Gasto total;Dato base;2018M05;471,43
Negocio, motivos profesionales;Gasto total;Dato base;2018M04;528,46
Negocio, motivos profesionales;Gasto total;Dato base;2018M03;588,19
Negocio, motivos profesionales;Gasto total;Dato base;2018M02;445,00
Negocio, motivos profesionales;Gasto total;Dato base;2018M01;274,61
Negocio, motivos profesionales;Gasto medio por persona;Dato base;2026M02;1.417
Negocio, motivos profesionales;Gasto medio por persona;Dato base;2026M01;1.558
Negocio, motivos profesionales;Gasto medio por persona;Dato base;2025M12;1.303
Negocio, motivos profesionales;Gasto medio por persona;Dato base;2025M11;1.186
Negocio, motivos profesionales;Gasto medio por persona;Dato base;2025M10;1.968
Negocio, motivos profesionales;Gasto medio por persona;Dato base;2025M09;1.352
Negocio, motivos profesionales;Gasto medio por persona;Dato base;2025M08;1.884
Negocio, motivos profesionales;Gasto medio por persona;Dato base;2025M07;1.701
Negocio, motivos profesionales;Gasto medio por persona;Dato base;2025M06;1.443
Negocio, motivos profesionales;Gasto medio por persona;Dato base;2025M05;1.338
Negocio, motivos profesionales;Gasto medio por persona;Dato base;2025M04;1.325
Negocio, motivos profesionales;Gasto medio por persona;Dato base;2025M03;1.373
Negocio, motivos profesionales;Gasto medio por persona;Dato base;2025M02;1.260
Negocio, motivos profesionales;Gasto medio por persona;Dato base;2025M01;1.307
Negocio, motivos profesionales;Gasto medio por persona;Dato base;2024M12;1.361
Negocio, motivos profesionales;Gasto medio por persona;Dato base;2024M11;1.288
Negocio, motivos profesionales;Gasto medio por persona;Dato base;2024M10;1.820
Negocio, motivos profesionales;Gasto medio por persona;Dato base;2024M09;1.287
Negocio, motivos profesionales;Gasto medio por persona;Dato base;2024M08;1.458
Negocio, motivos profesionales;Gasto medio por persona;Dato base;2024M07;1.333
Negocio, motivos profesionales;Gasto medio por persona;Dato base;2024M06;1.385
Negocio, motivos profesionales;Gasto medio por persona;Dato base;2024M05;1.397
Negocio, motivos profesionales;Gasto medio por persona;Dato base;2024M04;1.243
Negocio, motivos profesionales;Gasto medio por persona;Dato base;2024M03;1.227
Negocio, motivos profesionales;Gasto medio por persona;Dato base;2024M02;1.330
Negocio, motivos profesionales;Gasto medio por persona;Dato base;2024M01;1.552
Negocio, motivos profesionales;Gasto medio por persona;Dato base;2023M12;1.580
Negocio, motivos profesionales;Gasto medio por persona;Dato base;2023M11;1.493
Negocio, motivos profesionales;Gasto medio por persona;Dato base;2023M10;1.429
Negocio, motivos profesionales;Gasto medio por persona;Dato base;2023M09;1.314
Negocio, motivos profesionales;Gasto medio por persona;Dato base;2023M08;1.556
Negocio, motivos profesionales;Gasto medio por persona;Dato base;2023M07;1.480
Negocio, motivos profesionales;Gasto medio por persona;Dato base;2023M06;1.250
Negocio, motivos profesionales;Gasto medio por persona;Dato base;2023M05;1.250
Negocio, motivos profesionales;Gasto medio por persona;Dato base;2023M04;1.202
Negocio, motivos profesionales;Gasto medio por persona;Dato base;2023M03;1.335
Negocio, motivos profesionales;Gasto medio por persona;Dato base;2023M02;1.164
Negocio, motivos profesionales;Gasto medio por persona;Dato base;2023M01;1.137
Negocio, motivos profesionales;Gasto medio por persona;Dato base;2022M12;1.276
Negocio, motivos profesionales;Gasto medio por persona;Dato base;2022M11;1.272
Negocio, motivos profesionales;Gasto medio por persona;Dato base;2022M10;1.297
Negocio, motivos profesionales;Gasto medio por persona;Dato base;2022M09;1.244
Negocio, motivos profesionales;Gasto medio por persona;Dato base;2022M08;1.315
Negocio, motivos profesionales;Gasto medio por persona;Dato base;2022M07;1.264
Negocio, motivos profesionales;Gasto medio por persona;Dato base;2022M06;1.292
Negocio, motivos profesionales;Gasto medio por persona;Dato base;2022M05;1.166
Negocio, motivos profesionales;Gasto medio por persona;Dato base;2022M04;1.219
Negocio, motivos profesionales;Gasto medio por persona;Dato base;2022M03;1.251
Negocio, motivos profesionales;Gasto medio por persona;Dato base;2022M02;1.153
Negocio, motivos profesionales;Gasto medio por persona;Dato base;2022M01;969
Negocio, motivos profesionales;Gasto medio por persona;Dato base;2021M12;1.114
Negocio, motivos profesionales;Gasto medio por persona;Dato base;2021M11;1.192
Negocio, motivos profesionales;Gasto medio por persona;Dato base;2021M10;1.024
Negocio, motivos profesionales;Gasto medio por persona;Dato base;2021M09;981
Negocio, motivos profesionales;Gasto medio por persona;Dato base;2021M08;1.236
Negocio, motivos profesionales;Gasto medio por persona;Dato base;2021M07;1.198
Negocio, motivos profesionales;Gasto medio por persona;Dato base;2021M06;1.257
Negocio, motivos profesionales;Gasto medio por persona;Dato base;2021M05;1.054
Negocio, motivos profesionales;Gasto medio por persona;Dato base;2021M04;847
Negocio, motivos profesionales;Gasto medio por persona;Dato base;2021M03;903
Negocio, motivos profesionales;Gasto medio por persona;Dato base;2021M02;1.068
Negocio, motivos profesionales;Gasto medio por persona;Dato base;2021M01;851
Negocio, motivos profesionales;Gasto medio por persona;Dato base;2020M12;1.009
Negocio, motivos profesionales;Gasto medio por persona;Dato base;2020M11;1.057
Negocio, motivos profesionales;Gasto medio por persona;Dato base;2020M10;1.162
Negocio, motivos profesionales;Gasto medio por persona;Dato base;2020M09;850
Negocio, motivos profesionales;Gasto medio por persona;Dato base;2020M08;1.244
Negocio, motivos profesionales;Gasto medio por persona;Dato base;2020M07;1.061
Negocio, motivos profesionales;Gasto medio por persona;Dato base;2020M06;815
Negocio, motivos profesionales;Gasto medio por persona;Dato base;2020M05;0
Negocio, motivos profesionales;Gasto medio por persona;Dato base;2020M04;0
Negocio, motivos profesionales;Gasto medio por persona;Dato base;2020M03;986
Negocio, motivos profesionales;Gasto medio por persona;Dato base;2020M02;983
Negocio, motivos profesionales;Gasto medio por persona;Dato base;2020M01;1.102
Negocio, motivos profesionales;Gasto medio por persona;Dato base;2019M12;1.269
Negocio, motivos profesionales;Gasto medio por persona;Dato base;2019M11;1.166
Negocio, motivos profesionales;Gasto medio por persona;Dato base;2019M10;1.185
Negocio, motivos profesionales;Gasto medio por persona;Dato base;2019M09;1.100
Negocio, motivos profesionales;Gasto medio por persona;Dato base;2019M08;1.191
Negocio, motivos profesionales;Gasto medio por persona;Dato base;2019M07;1.270
Negocio, motivos profesionales;Gasto medio por persona;Dato base;2019M06;1.112
Negocio, motivos profesionales;Gasto medio por persona;Dato base;2019M05;1.102
Negocio, motivos profesionales;Gasto medio por persona;Dato base;2019M04;1.023
Negocio, motivos profesionales;Gasto medio por persona;Dato base;2019M03;1.064
Negocio, motivos profesionales;Gasto medio por persona;Dato base;2019M02;934
Negocio, motivos profesionales;Gasto medio por persona;Dato base;2019M01;1.014
Negocio, motivos profesionales;Gasto medio por persona;Dato base;2018M12;1.297
Negocio, motivos profesionales;Gasto medio por persona;Dato base;2018M11;1.077
Negocio, motivos profesionales;Gasto medio por persona;Dato base;2018M10;1.126
Negocio, motivos profesionales;Gasto medio por persona;Dato base;2018M09;1.039
Negocio, motivos profesionales;Gasto medio por persona;Dato base;2018M08;1.098
Negocio, motivos profesionales;Gasto medio por persona;Dato base;2018M07;1.223
Negocio, motivos profesionales;Gasto medio por persona;Dato base;2018M06;1.080
Negocio, motivos profesionales;Gasto medio por persona;Dato base;2018M05;1.115
Negocio, motivos profesionales;Gasto medio por persona;Dato base;2018M04;1.028
Negocio, motivos profesionales;Gasto medio por persona;Dato base;2018M03;1.002
Negocio, motivos profesionales;Gasto medio por persona;Dato base;2018M02;1.023
Negocio, motivos profesionales;Gasto medio por persona;Dato base;2018M01;1.017
Negocio, motivos profesionales;Gasto medio diario por persona;Dato base;2026M02;262
Negocio, motivos profesionales;Gasto medio diario por persona;Dato base;2026M01;228
Negocio, motivos profesionales;Gasto medio diario por persona;Dato base;2025M12;185
Negocio, motivos profesionales;Gasto medio diario por persona;Dato base;2025M11;273
Negocio, motivos profesionales;Gasto medio diario por persona;Dato base;2025M10;230
Negocio, motivos profesionales;Gasto medio diario por persona;Dato base;2025M09;290
Negocio, motivos profesionales;Gasto medio diario por persona;Dato base;2025M08;302
Negocio, motivos profesionales;Gasto medio diario por persona;Dato base;2025M07;257
Negocio, motivos profesionales;Gasto medio diario por persona;Dato base;2025M06;286
Negocio, motivos profesionales;Gasto medio diario por persona;Dato base;2025M05;242
Negocio, motivos profesionales;Gasto medio diario por persona;Dato base;2025M04;252
Negocio, motivos profesionales;Gasto medio diario por persona;Dato base;2025M03;331
Negocio, motivos profesionales;Gasto medio diario por persona;Dato base;2025M02;241
Negocio, motivos profesionales;Gasto medio diario por persona;Dato base;2025M01;210
Negocio, motivos profesionales;Gasto medio diario por persona;Dato base;2024M12;156
Negocio, motivos profesionales;Gasto medio diario por persona;Dato base;2024M11;225
Negocio, motivos profesionales;Gasto medio diario por persona;Dato base;2024M10;216
Negocio, motivos profesionales;Gasto medio diario por persona;Dato base;2024M09;277
Negocio, motivos profesionales;Gasto medio diario por persona;Dato base;2024M08;238
Negocio, motivos profesionales;Gasto medio diario por persona;Dato base;2024M07;233
Negocio, motivos profesionales;Gasto medio diario por persona;Dato base;2024M06;275
Negocio, motivos profesionales;Gasto medio diario por persona;Dato base;2024M05;306
Negocio, motivos profesionales;Gasto medio diario por persona;Dato base;2024M04;253
Negocio, motivos profesionales;Gasto medio diario por persona;Dato base;2024M03;300
Negocio, motivos profesionales;Gasto medio diario por persona;Dato base;2024M02;235
Negocio, motivos profesionales;Gasto medio diario por persona;Dato base;2024M01;186
Negocio, motivos profesionales;Gasto medio diario por persona;Dato base;2023M12;147
Negocio, motivos profesionales;Gasto medio diario por persona;Dato base;2023M11;185
Negocio, motivos profesionales;Gasto medio diario por persona;Dato base;2023M10;237
Negocio, motivos profesionales;Gasto medio diario por persona;Dato base;2023M09;272
Negocio, motivos profesionales;Gasto medio diario por persona;Dato base;2023M08;166
Negocio, motivos profesionales;Gasto medio diario por persona;Dato base;2023M07;204
Negocio, motivos profesionales;Gasto medio diario por persona;Dato base;2023M06;245
Negocio, motivos profesionales;Gasto medio diario por persona;Dato base;2023M05;227
Negocio, motivos profesionales;Gasto medio diario por persona;Dato base;2023M04;221
Negocio, motivos profesionales;Gasto medio diario por persona;Dato base;2023M03;231
Negocio, motivos profesionales;Gasto medio diario por persona;Dato base;2023M02;248
Negocio, motivos profesionales;Gasto medio diario por persona;Dato base;2023M01;220
Negocio, motivos profesionales;Gasto medio diario por persona;Dato base;2022M12;143
Negocio, motivos profesionales;Gasto medio diario por persona;Dato base;2022M11;225
Negocio, motivos profesionales;Gasto medio diario por persona;Dato base;2022M10;184
Negocio, motivos profesionales;Gasto medio diario por persona;Dato base;2022M09;254
Negocio, motivos profesionales;Gasto medio diario por persona;Dato base;2022M08;196
Negocio, motivos profesionales;Gasto medio diario por persona;Dato base;2022M07;211
Negocio, motivos profesionales;Gasto medio diario por persona;Dato base;2022M06;217
Negocio, motivos profesionales;Gasto medio diario por persona;Dato base;2022M05;212
Negocio, motivos profesionales;Gasto medio diario por persona;Dato base;2022M04;228
Negocio, motivos profesionales;Gasto medio diario por persona;Dato base;2022M03;225
Negocio, motivos profesionales;Gasto medio diario por persona;Dato base;2022M02;162
Negocio, motivos profesionales;Gasto medio diario por persona;Dato base;2022M01;159
Negocio, motivos profesionales;Gasto medio diario por persona;Dato base;2021M12;148
Negocio, motivos profesionales;Gasto medio diario por persona;Dato base;2021M11;186
Negocio, motivos profesionales;Gasto medio diario por persona;Dato base;2021M10;189
Negocio, motivos profesionales;Gasto medio diario por persona;Dato base;2021M09;166
Negocio, motivos profesionales;Gasto medio diario por persona;Dato base;2021M08;202
Negocio, motivos profesionales;Gasto medio diario por persona;Dato base;2021M07;197
Negocio, motivos profesionales;Gasto medio diario por persona;Dato base;2021M06;148
Negocio, motivos profesionales;Gasto medio diario por persona;Dato base;2021M05;192
Negocio, motivos profesionales;Gasto medio diario por persona;Dato base;2021M04;167
Negocio, motivos profesionales;Gasto medio diario por persona;Dato base;2021M03;165
Negocio, motivos profesionales;Gasto medio diario por persona;Dato base;2021M02;147
Negocio, motivos profesionales;Gasto medio diario por persona;Dato base;2021M01;115
Negocio, motivos profesionales;Gasto medio diario por persona;Dato base;2020M12;149
Negocio, motivos profesionales;Gasto medio diario por persona;Dato base;2020M11;173
Negocio, motivos profesionales;Gasto medio diario por persona;Dato base;2020M10;178
Negocio, motivos profesionales;Gasto medio diario por persona;Dato base;2020M09;160
Negocio, motivos profesionales;Gasto medio diario por persona;Dato base;2020M08;144
Negocio, motivos profesionales;Gasto medio diario por persona;Dato base;2020M07;166
Negocio, motivos profesionales;Gasto medio diario por persona;Dato base;2020M06;135
Negocio, motivos profesionales;Gasto medio diario por persona;Dato base;2020M05;0
Negocio, motivos profesionales;Gasto medio diario por persona;Dato base;2020M04;0
Negocio, motivos profesionales;Gasto medio diario por persona;Dato base;2020M03;227
Negocio, motivos profesionales;Gasto medio diario por persona;Dato base;2020M02;208
Negocio, motivos profesionales;Gasto medio diario por persona;Dato base;2020M01;186
Negocio, motivos profesionales;Gasto medio diario por persona;Dato base;2019M12;188
Negocio, motivos profesionales;Gasto medio diario por persona;Dato base;2019M11;237
Negocio, motivos profesionales;Gasto medio diario por persona;Dato base;2019M10;221
Negocio, motivos profesionales;Gasto medio diario por persona;Dato base;2019M09;205
Negocio, motivos profesionales;Gasto medio diario por persona;Dato base;2019M08;222
Negocio, motivos profesionales;Gasto medio diario por persona;Dato base;2019M07;238
Negocio, motivos profesionales;Gasto medio diario por persona;Dato base;2019M06;260
Negocio, motivos profesionales;Gasto medio diario por persona;Dato base;2019M05;228
Negocio, motivos profesionales;Gasto medio diario por persona;Dato base;2019M04;221
Negocio, motivos profesionales;Gasto medio diario por persona;Dato base;2019M03;218
Negocio, motivos profesionales;Gasto medio diario por persona;Dato base;2019M02;237
Negocio, motivos profesionales;Gasto medio diario por persona;Dato base;2019M01;149
Negocio, motivos profesionales;Gasto medio diario por persona;Dato base;2018M12;148
Negocio, motivos profesionales;Gasto medio diario por persona;Dato base;2018M11;194
Negocio, motivos profesionales;Gasto medio diario por persona;Dato base;2018M10;245
Negocio, motivos profesionales;Gasto medio diario por persona;Dato base;2018M09;229
Negocio, motivos profesionales;Gasto medio diario por persona;Dato base;2018M08;205
Negocio, motivos profesionales;Gasto medio diario por persona;Dato base;2018M07;201
Negocio, motivos profesionales;Gasto medio diario por persona;Dato base;2018M06;235
Negocio, motivos profesionales;Gasto medio diario por persona;Dato base;2018M05;201
Negocio, motivos profesionales;Gasto medio diario por persona;Dato base;2018M04;231
Negocio, motivos profesionales;Gasto medio diario por persona;Dato base;2018M03;208
Negocio, motivos profesionales;Gasto medio diario por persona;Dato base;2018M02;227
Negocio, motivos profesionales;Gasto medio diario por persona;Dato base;2018M01;184
Negocio, motivos profesionales;Duración media de los viajes;Dato base;2026M02;5,42
Negocio, motivos profesionales;Duración media de los viajes;Dato base;2026M01;6,82
Negocio, motivos profesionales;Duración media de los viajes;Dato base;2025M12;7,05
Negocio, motivos profesionales;Duración media de los viajes;Dato base;2025M11;4,35
Negocio, motivos profesionales;Duración media de los viajes;Dato base;2025M10;8,55
Negocio, motivos profesionales;Duración media de los viajes;Dato base;2025M09;4,66
Negocio, motivos profesionales;Duración media de los viajes;Dato base;2025M08;6,23
Negocio, motivos profesionales;Duración media de los viajes;Dato base;2025M07;6,62
Negocio, motivos profesionales;Duración media de los viajes;Dato base;2025M06;5,04
Negocio, motivos profesionales;Duración media de los viajes;Dato base;2025M05;5,52
Negocio, motivos profesionales;Duración media de los viajes;Dato base;2025M04;5,26
Negocio, motivos profesionales;Duración media de los viajes;Dato base;2025M03;4,15
Negocio, motivos profesionales;Duración media de los viajes;Dato base;2025M02;5,23
Negocio, motivos profesionales;Duración media de los viajes;Dato base;2025M01;6,23
Negocio, motivos profesionales;Duración media de los viajes;Dato base;2024M12;8,72
Negocio, motivos profesionales;Duración media de los viajes;Dato base;2024M11;5,72
Negocio, motivos profesionales;Duración media de los viajes;Dato base;2024M10;8,42
Negocio, motivos profesionales;Duración media de los viajes;Dato base;2024M09;4,65
Negocio, motivos profesionales;Duración media de los viajes;Dato base;2024M08;6,12
Negocio, motivos profesionales;Duración media de los viajes;Dato base;2024M07;5,73
Negocio, motivos profesionales;Duración media de los viajes;Dato base;2024M06;5,04
Negocio, motivos profesionales;Duración media de los viajes;Dato base;2024M05;4,56
Negocio, motivos profesionales;Duración media de los viajes;Dato base;2024M04;4,91
Negocio, motivos profesionales;Duración media de los viajes;Dato base;2024M03;4,09
Negocio, motivos profesionales;Duración media de los viajes;Dato base;2024M02;5,65
Negocio, motivos profesionales;Duración media de los viajes;Dato base;2024M01;8,33
Negocio, motivos profesionales;Duración media de los viajes;Dato base;2023M12;10,77
Negocio, motivos profesionales;Duración media de los viajes;Dato base;2023M11;8,07
Negocio, motivos profesionales;Duración media de los viajes;Dato base;2023M10;6,03
Negocio, motivos profesionales;Duración media de los viajes;Dato base;2023M09;4,83
Negocio, motivos profesionales;Duración media de los viajes;Dato base;2023M08;9,39
Negocio, motivos profesionales;Duración media de los viajes;Dato base;2023M07;7,25
Negocio, motivos profesionales;Duración media de los viajes;Dato base;2023M06;5,10
Negocio, motivos profesionales;Duración media de los viajes;Dato base;2023M05;5,49
Negocio, motivos profesionales;Duración media de los viajes;Dato base;2023M04;5,43
Negocio, motivos profesionales;Duración media de los viajes;Dato base;2023M03;5,79
Negocio, motivos profesionales;Duración media de los viajes;Dato base;2023M02;4,69
Negocio, motivos profesionales;Duración media de los viajes;Dato base;2023M01;5,17
Negocio, motivos profesionales;Duración media de los viajes;Dato base;2022M12;8,91
Negocio, motivos profesionales;Duración media de los viajes;Dato base;2022M11;5,66
Negocio, motivos profesionales;Duración media de los viajes;Dato base;2022M10;7,07
Negocio, motivos profesionales;Duración media de los viajes;Dato base;2022M09;4,90
Negocio, motivos profesionales;Duración media de los viajes;Dato base;2022M08;6,70
Negocio, motivos profesionales;Duración media de los viajes;Dato base;2022M07;5,98
Negocio, motivos profesionales;Duración media de los viajes;Dato base;2022M06;5,96
Negocio, motivos profesionales;Duración media de los viajes;Dato base;2022M05;5,51
Negocio, motivos profesionales;Duración media de los viajes;Dato base;2022M04;5,34
Negocio, motivos profesionales;Duración media de los viajes;Dato base;2022M03;5,56
Negocio, motivos profesionales;Duración media de los viajes;Dato base;2022M02;7,13
Negocio, motivos profesionales;Duración media de los viajes;Dato base;2022M01;6,10
Negocio, motivos profesionales;Duración media de los viajes;Dato base;2021M12;7,54
Negocio, motivos profesionales;Duración media de los viajes;Dato base;2021M11;6,41
Negocio, motivos profesionales;Duración media de los viajes;Dato base;2021M10;5,42
Negocio, motivos profesionales;Duración media de los viajes;Dato base;2021M09;5,92
Negocio, motivos profesionales;Duración media de los viajes;Dato base;2021M08;6,13
Negocio, motivos profesionales;Duración media de los viajes;Dato base;2021M07;6,08
Negocio, motivos profesionales;Duración media de los viajes;Dato base;2021M06;8,49
Negocio, motivos profesionales;Duración media de los viajes;Dato base;2021M05;5,49
Negocio, motivos profesionales;Duración media de los viajes;Dato base;2021M04;5,07
Negocio, motivos profesionales;Duración media de los viajes;Dato base;2021M03;5,46
Negocio, motivos profesionales;Duración media de los viajes;Dato base;2021M02;7,25
Negocio, motivos profesionales;Duración media de los viajes;Dato base;2021M01;7,37
Negocio, motivos profesionales;Duración media de los viajes;Dato base;2020M12;6,77
Negocio, motivos profesionales;Duración media de los viajes;Dato base;2020M11;6,12
Negocio, motivos profesionales;Duración media de los viajes;Dato base;2020M10;6,53
Negocio, motivos profesionales;Duración media de los viajes;Dato base;2020M09;5,33
Negocio, motivos profesionales;Duración media de los viajes;Dato base;2020M08;8,66
Negocio, motivos profesionales;Duración media de los viajes;Dato base;2020M07;6,38
Negocio, motivos profesionales;Duración media de los viajes;Dato base;2020M06;6,02
Negocio, motivos profesionales;Duración media de los viajes;Dato base;2020M05;0,00
Negocio, motivos profesionales;Duración media de los viajes;Dato base;2020M04;0,00
Negocio, motivos profesionales;Duración media de los viajes;Dato base;2020M03;4,34
Negocio, motivos profesionales;Duración media de los viajes;Dato base;2020M02;4,72
Negocio, motivos profesionales;Duración media de los viajes;Dato base;2020M01;5,94
Negocio, motivos profesionales;Duración media de los viajes;Dato base;2019M12;6,74
Negocio, motivos profesionales;Duración media de los viajes;Dato base;2019M11;4,92
Negocio, motivos profesionales;Duración media de los viajes;Dato base;2019M10;5,36
Negocio, motivos profesionales;Duración media de los viajes;Dato base;2019M09;5,37
Negocio, motivos profesionales;Duración media de los viajes;Dato base;2019M08;5,36
Negocio, motivos profesionales;Duración media de los viajes;Dato base;2019M07;5,32
Negocio, motivos profesionales;Duración media de los viajes;Dato base;2019M06;4,28
Negocio, motivos profesionales;Duración media de los viajes;Dato base;2019M05;4,84
Negocio, motivos profesionales;Duración media de los viajes;Dato base;2019M04;4,63
Negocio, motivos profesionales;Duración media de los viajes;Dato base;2019M03;4,89
Negocio, motivos profesionales;Duración media de los viajes;Dato base;2019M02;3,94
Negocio, motivos profesionales;Duración media de los viajes;Dato base;2019M01;6,82
Negocio, motivos profesionales;Duración media de los viajes;Dato base;2018M12;8,73
Negocio, motivos profesionales;Duración media de los viajes;Dato base;2018M11;5,54
Negocio, motivos profesionales;Duración media de los viajes;Dato base;2018M10;4,59
Negocio, motivos profesionales;Duración media de los viajes;Dato base;2018M09;4,54
Negocio, motivos profesionales;Duración media de los viajes;Dato base;2018M08;5,35
Negocio, motivos profesionales;Duración media de los viajes;Dato base;2018M07;6,08
Negocio, motivos profesionales;Duración media de los viajes;Dato base;2018M06;4,59
Negocio, motivos profesionales;Duración media de los viajes;Dato base;2018M05;5,56
Negocio, motivos profesionales;Duración media de los viajes;Dato base;2018M04;4,44
Negocio, motivos profesionales;Duración media de los viajes;Dato base;2018M03;4,82
Negocio, motivos profesionales;Duración media de los viajes;Dato base;2018M02;4,50
Negocio, motivos profesionales;Duración media de los viajes;Dato base;2018M01;5,54
Otros motivos;Gasto total;Dato base;2026M02;995,36
Otros motivos;Gasto total;Dato base;2026M01;1.362,14
Otros motivos;Gasto total;Dato base;2025M12;1.687,79
Otros motivos;Gasto total;Dato base;2025M11;1.023,43
Otros motivos;Gasto total;Dato base;2025M10;950,99
Otros motivos;Gasto total;Dato base;2025M09;1.013,71
Otros motivos;Gasto total;Dato base;2025M08;971,83
Otros motivos;Gasto total;Dato base;2025M07;936,18
Otros motivos;Gasto total;Dato base;2025M06;1.231,09
Otros motivos;Gasto total;Dato base;2025M05;1.156,89
Otros motivos;Gasto total;Dato base;2025M04;1.218,66
Otros motivos;Gasto total;Dato base;2025M03;971,40
Otros motivos;Gasto total;Dato base;2025M02;814,50
Otros motivos;Gasto total;Dato base;2025M01;1.029,84
Otros motivos;Gasto total;Dato base;2024M12;1.395,16
Otros motivos;Gasto total;Dato base;2024M11;801,03
Otros motivos;Gasto total;Dato base;2024M10;821,30
Otros motivos;Gasto total;Dato base;2024M09;761,26
Otros motivos;Gasto total;Dato base;2024M08;751,52
Otros motivos;Gasto total;Dato base;2024M07;952,34
Otros motivos;Gasto total;Dato base;2024M06;1.143,93
Otros motivos;Gasto total;Dato base;2024M05;1.119,04
Otros motivos;Gasto total;Dato base;2024M04;897,73
Otros motivos;Gasto total;Dato base;2024M03;961,52
Otros motivos;Gasto total;Dato base;2024M02;755,23
Otros motivos;Gasto total;Dato base;2024M01;921,68
Otros motivos;Gasto total;Dato base;2023M12;1.238,09
Otros motivos;Gasto total;Dato base;2023M11;642,52
Otros motivos;Gasto total;Dato base;2023M10;743,62
Otros motivos;Gasto total;Dato base;2023M09;654,80
Otros motivos;Gasto total;Dato base;2023M08;776,64
Otros motivos;Gasto total;Dato base;2023M07;754,65
Otros motivos;Gasto total;Dato base;2023M06;749,67
Otros motivos;Gasto total;Dato base;2023M05;810,12
Otros motivos;Gasto total;Dato base;2023M04;739,04
Otros motivos;Gasto total;Dato base;2023M03;622,19
Otros motivos;Gasto total;Dato base;2023M02;576,02
Otros motivos;Gasto total;Dato base;2023M01;617,17
Otros motivos;Gasto total;Dato base;2022M12;873,47
Otros motivos;Gasto total;Dato base;2022M11;465,55
Otros motivos;Gasto total;Dato base;2022M10;537,56
Otros motivos;Gasto total;Dato base;2022M09;536,85
Otros motivos;Gasto total;Dato base;2022M08;579,65
Otros motivos;Gasto total;Dato base;2022M07;689,83
Otros motivos;Gasto total;Dato base;2022M06;610,77
Otros motivos;Gasto total;Dato base;2022M05;608,56
Otros motivos;Gasto total;Dato base;2022M04;552,32
Otros motivos;Gasto total;Dato base;2022M03;369,45
Otros motivos;Gasto total;Dato base;2022M02;391,81
Otros motivos;Gasto total;Dato base;2022M01;412,32
Otros motivos;Gasto total;Dato base;2021M12;558,24
Otros motivos;Gasto total;Dato base;2021M11;314,35
Otros motivos;Gasto total;Dato base;2021M10;373,21
Otros motivos;Gasto total;Dato base;2021M09;326,27
Otros motivos;Gasto total;Dato base;2021M08;395,19
Otros motivos;Gasto total;Dato base;2021M07;433,83
Otros motivos;Gasto total;Dato base;2021M06;306,09
Otros motivos;Gasto total;Dato base;2021M05;199,86
Otros motivos;Gasto total;Dato base;2021M04;105,99
Otros motivos;Gasto total;Dato base;2021M03;101,80
Otros motivos;Gasto total;Dato base;2021M02;55,59
Otros motivos;Gasto total;Dato base;2021M01;82,91
Otros motivos;Gasto total;Dato base;2020M12;161,75
Otros motivos;Gasto total;Dato base;2020M11;69,46
Otros motivos;Gasto total;Dato base;2020M10;101,20
Otros motivos;Gasto total;Dato base;2020M09;116,74
Otros motivos;Gasto total;Dato base;2020M08;176,11
Otros motivos;Gasto total;Dato base;2020M07;199,54
Otros motivos;Gasto total;Dato base;2020M06;12,67
Otros motivos;Gasto total;Dato base;2020M05;0,00
Otros motivos;Gasto total;Dato base;2020M04;0,00
Otros motivos;Gasto total;Dato base;2020M03;184,63
Otros motivos;Gasto total;Dato base;2020M02;526,31
Otros motivos;Gasto total;Dato base;2020M01;448,09
Otros motivos;Gasto total;Dato base;2019M12;559,00
Otros motivos;Gasto total;Dato base;2019M11;393,41
Otros motivos;Gasto total;Dato base;2019M10;391,90
Otros motivos;Gasto total;Dato base;2019M09;395,62
Otros motivos;Gasto total;Dato base;2019M08;460,95
Otros motivos;Gasto total;Dato base;2019M07;523,60
Otros motivos;Gasto total;Dato base;2019M06;538,84
Otros motivos;Gasto total;Dato base;2019M05;419,15
Otros motivos;Gasto total;Dato base;2019M04;471,12
Otros motivos;Gasto total;Dato base;2019M03;453,35
Otros motivos;Gasto total;Dato base;2019M02;478,41
Otros motivos;Gasto total;Dato base;2019M01;479,00
Otros motivos;Gasto total;Dato base;2018M12;646,24
Otros motivos;Gasto total;Dato base;2018M11;304,25
Otros motivos;Gasto total;Dato base;2018M10;413,61
Otros motivos;Gasto total;Dato base;2018M09;445,39
Otros motivos;Gasto total;Dato base;2018M08;593,14
Otros motivos;Gasto total;Dato base;2018M07;710,95
Otros motivos;Gasto total;Dato base;2018M06;749,06
Otros motivos;Gasto total;Dato base;2018M05;495,91
Otros motivos;Gasto total;Dato base;2018M04;475,30
Otros motivos;Gasto total;Dato base;2018M03;488,84
Otros motivos;Gasto total;Dato base;2018M02;408,19
Otros motivos;Gasto total;Dato base;2018M01;486,31
Otros motivos;Gasto medio por persona;Dato base;2026M02;1.630
Otros motivos;Gasto medio por persona;Dato base;2026M01;2.071
Otros motivos;Gasto medio por persona;Dato base;2025M12;2.327
Otros motivos;Gasto medio por persona;Dato base;2025M11;1.627
Otros motivos;Gasto medio por persona;Dato base;2025M10;1.367
Otros motivos;Gasto medio por persona;Dato base;2025M09;1.536
Otros motivos;Gasto medio por persona;Dato base;2025M08;1.328
Otros motivos;Gasto medio por persona;Dato base;2025M07;1.430
Otros motivos;Gasto medio por persona;Dato base;2025M06;2.082
Otros motivos;Gasto medio por persona;Dato base;2025M05;1.615
Otros motivos;Gasto medio por persona;Dato base;2025M04;1.423
Otros motivos;Gasto medio por persona;Dato base;2025M03;1.348
Otros motivos;Gasto medio por persona;Dato base;2025M02;1.399
Otros motivos;Gasto medio por persona;Dato base;2025M01;1.473
Otros motivos;Gasto medio por persona;Dato base;2024M12;1.939
Otros motivos;Gasto medio por persona;Dato base;2024M11;1.371
Otros motivos;Gasto medio por persona;Dato base;2024M10;1.283
Otros motivos;Gasto medio por persona;Dato base;2024M09;1.359
Otros motivos;Gasto medio por persona;Dato base;2024M08;1.212
Otros motivos;Gasto medio por persona;Dato base;2024M07;1.539
Otros motivos;Gasto medio por persona;Dato base;2024M06;1.789
Otros motivos;Gasto medio por persona;Dato base;2024M05;1.684
Otros motivos;Gasto medio por persona;Dato base;2024M04;1.217
Otros motivos;Gasto medio por persona;Dato base;2024M03;1.504
Otros motivos;Gasto medio por persona;Dato base;2024M02;1.481
Otros motivos;Gasto medio por persona;Dato base;2024M01;1.468
Otros motivos;Gasto medio por persona;Dato base;2023M12;1.641
Otros motivos;Gasto medio por persona;Dato base;2023M11;1.240
Otros motivos;Gasto medio por persona;Dato base;2023M10;1.277
Otros motivos;Gasto medio por persona;Dato base;2023M09;1.466
Otros motivos;Gasto medio por persona;Dato base;2023M08;1.215
Otros motivos;Gasto medio por persona;Dato base;2023M07;1.370
Otros motivos;Gasto medio por persona;Dato base;2023M06;1.420
Otros motivos;Gasto medio por persona;Dato base;2023M05;1.435
Otros motivos;Gasto medio por persona;Dato base;2023M04;1.190
Otros motivos;Gasto medio por persona;Dato base;2023M03;1.278
Otros motivos;Gasto medio por persona;Dato base;2023M02;1.371
Otros motivos;Gasto medio por persona;Dato base;2023M01;1.356
Otros motivos;Gasto medio por persona;Dato base;2022M12;1.664
Otros motivos;Gasto medio por persona;Dato base;2022M11;1.309
Otros motivos;Gasto medio por persona;Dato base;2022M10;1.083
Otros motivos;Gasto medio por persona;Dato base;2022M09;1.303
Otros motivos;Gasto medio por persona;Dato base;2022M08;1.255
Otros motivos;Gasto medio por persona;Dato base;2022M07;1.411
Otros motivos;Gasto medio por persona;Dato base;2022M06;1.528
Otros motivos;Gasto medio por persona;Dato base;2022M05;1.182
Otros motivos;Gasto medio por persona;Dato base;2022M04;1.141
Otros motivos;Gasto medio por persona;Dato base;2022M03;1.172
Otros motivos;Gasto medio por persona;Dato base;2022M02;1.226
Otros motivos;Gasto medio por persona;Dato base;2022M01;1.199
Otros motivos;Gasto medio por persona;Dato base;2021M12;1.464
Otros motivos;Gasto medio por persona;Dato base;2021M11;1.069
Otros motivos;Gasto medio por persona;Dato base;2021M10;1.101
Otros motivos;Gasto medio por persona;Dato base;2021M09;1.141
Otros motivos;Gasto medio por persona;Dato base;2021M08;1.206
Otros motivos;Gasto medio por persona;Dato base;2021M07;1.253
Otros motivos;Gasto medio por persona;Dato base;2021M06;1.223
Otros motivos;Gasto medio por persona;Dato base;2021M05;1.132
Otros motivos;Gasto medio por persona;Dato base;2021M04;1.009
Otros motivos;Gasto medio por persona;Dato base;2021M03;1.138
Otros motivos;Gasto medio por persona;Dato base;2021M02;985
Otros motivos;Gasto medio por persona;Dato base;2021M01;807
Otros motivos;Gasto medio por persona;Dato base;2020M12;1.008
Otros motivos;Gasto medio por persona;Dato base;2020M11;866
Otros motivos;Gasto medio por persona;Dato base;2020M10;678
Otros motivos;Gasto medio por persona;Dato base;2020M09;723
Otros motivos;Gasto medio por persona;Dato base;2020M08;780
Otros motivos;Gasto medio por persona;Dato base;2020M07;814
Otros motivos;Gasto medio por persona;Dato base;2020M06;529
Otros motivos;Gasto medio por persona;Dato base;2020M05;0
Otros motivos;Gasto medio por persona;Dato base;2020M04;0
Otros motivos;Gasto medio por persona;Dato base;2020M03;909
Otros motivos;Gasto medio por persona;Dato base;2020M02;1.256
Otros motivos;Gasto medio por persona;Dato base;2020M01;1.164
Otros motivos;Gasto medio por persona;Dato base;2019M12;1.445
Otros motivos;Gasto medio por persona;Dato base;2019M11;1.127
Otros motivos;Gasto medio por persona;Dato base;2019M10;1.026
Otros motivos;Gasto medio por persona;Dato base;2019M09;1.031
Otros motivos;Gasto medio por persona;Dato base;2019M08;960
Otros motivos;Gasto medio por persona;Dato base;2019M07;1.110
Otros motivos;Gasto medio por persona;Dato base;2019M06;1.261
Otros motivos;Gasto medio por persona;Dato base;2019M05;919
Otros motivos;Gasto medio por persona;Dato base;2019M04;955
Otros motivos;Gasto medio por persona;Dato base;2019M03;950
Otros motivos;Gasto medio por persona;Dato base;2019M02;1.186
Otros motivos;Gasto medio por persona;Dato base;2019M01;1.160
Otros motivos;Gasto medio por persona;Dato base;2018M12;1.398
Otros motivos;Gasto medio por persona;Dato base;2018M11;926
Otros motivos;Gasto medio por persona;Dato base;2018M10;993
Otros motivos;Gasto medio por persona;Dato base;2018M09;1.017
Otros motivos;Gasto medio por persona;Dato base;2018M08;927
Otros motivos;Gasto medio por persona;Dato base;2018M07;1.160
Otros motivos;Gasto medio por persona;Dato base;2018M06;1.353
Otros motivos;Gasto medio por persona;Dato base;2018M05;966
Otros motivos;Gasto medio por persona;Dato base;2018M04;983
Otros motivos;Gasto medio por persona;Dato base;2018M03;1.052
Otros motivos;Gasto medio por persona;Dato base;2018M02;1.258
Otros motivos;Gasto medio por persona;Dato base;2018M01;1.299
Otros motivos;Gasto medio diario por persona;Dato base;2026M02;121
Otros motivos;Gasto medio diario por persona;Dato base;2026M01;116
Otros motivos;Gasto medio diario por persona;Dato base;2025M12;113
Otros motivos;Gasto medio diario por persona;Dato base;2025M11;130
Otros motivos;Gasto medio diario por persona;Dato base;2025M10;154
Otros motivos;Gasto medio diario por persona;Dato base;2025M09;142
Otros motivos;Gasto medio diario por persona;Dato base;2025M08;132
Otros motivos;Gasto medio diario por persona;Dato base;2025M07;145
Otros motivos;Gasto medio diario por persona;Dato base;2025M06;149
Otros motivos;Gasto medio diario por persona;Dato base;2025M05;151
Otros motivos;Gasto medio diario por persona;Dato base;2025M04;128
Otros motivos;Gasto medio diario por persona;Dato base;2025M03;133
Otros motivos;Gasto medio diario por persona;Dato base;2025M02;128
Otros motivos;Gasto medio diario por persona;Dato base;2025M01;108
Otros motivos;Gasto medio diario por persona;Dato base;2024M12;104
Otros motivos;Gasto medio diario por persona;Dato base;2024M11;124
Otros motivos;Gasto medio diario por persona;Dato base;2024M10;132
Otros motivos;Gasto medio diario por persona;Dato base;2024M09;129
Otros motivos;Gasto medio diario por persona;Dato base;2024M08;117
Otros motivos;Gasto medio diario por persona;Dato base;2024M07;124
Otros motivos;Gasto medio diario por persona;Dato base;2024M06;127
Otros motivos;Gasto medio diario por persona;Dato base;2024M05;144
Otros motivos;Gasto medio diario por persona;Dato base;2024M04;116
Otros motivos;Gasto medio diario por persona;Dato base;2024M03;123
Otros motivos;Gasto medio diario por persona;Dato base;2024M02;118
Otros motivos;Gasto medio diario por persona;Dato base;2024M01;104
Otros motivos;Gasto medio diario por persona;Dato base;2023M12;100
Otros motivos;Gasto medio diario por persona;Dato base;2023M11;120
Otros motivos;Gasto medio diario por persona;Dato base;2023M10;126
Otros motivos;Gasto medio diario por persona;Dato base;2023M09;135
Otros motivos;Gasto medio diario por persona;Dato base;2023M08;110
Otros motivos;Gasto medio diario por persona;Dato base;2023M07;120
Otros motivos;Gasto medio diario por persona;Dato base;2023M06;129
Otros motivos;Gasto medio diario por persona;Dato base;2023M05;140
Otros motivos;Gasto medio diario por persona;Dato base;2023M04;115
Otros motivos;Gasto medio diario por persona;Dato base;2023M03;107
Otros motivos;Gasto medio diario por persona;Dato base;2023M02;108
Otros motivos;Gasto medio diario por persona;Dato base;2023M01;101
Otros motivos;Gasto medio diario por persona;Dato base;2022M12;98
Otros motivos;Gasto medio diario por persona;Dato base;2022M11;112
Otros motivos;Gasto medio diario por persona;Dato base;2022M10;115
Otros motivos;Gasto medio diario por persona;Dato base;2022M09;117
Otros motivos;Gasto medio diario por persona;Dato base;2022M08;121
Otros motivos;Gasto medio diario por persona;Dato base;2022M07;114
Otros motivos;Gasto medio diario por persona;Dato base;2022M06;119
Otros motivos;Gasto medio diario por persona;Dato base;2022M05;125
Otros motivos;Gasto medio diario por persona;Dato base;2022M04;103
Otros motivos;Gasto medio diario por persona;Dato base;2022M03;102
Otros motivos;Gasto medio diario por persona;Dato base;2022M02;95
Otros motivos;Gasto medio diario por persona;Dato base;2022M01;83
Otros motivos;Gasto medio diario por persona;Dato base;2021M12;84
Otros motivos;Gasto medio diario por persona;Dato base;2021M11;98
Otros motivos;Gasto medio diario por persona;Dato base;2021M10;97
Otros motivos;Gasto medio diario por persona;Dato base;2021M09;95
Otros motivos;Gasto medio diario por persona;Dato base;2021M08;88
Otros motivos;Gasto medio diario por persona;Dato base;2021M07;97
Otros motivos;Gasto medio diario por persona;Dato base;2021M06;110
Otros motivos;Gasto medio diario por persona;Dato base;2021M05;131
Otros motivos;Gasto medio diario por persona;Dato base;2021M04;94
Otros motivos;Gasto medio diario por persona;Dato base;2021M03;116
Otros motivos;Gasto medio diario por persona;Dato base;2021M02;79
Otros motivos;Gasto medio diario por persona;Dato base;2021M01;70
Otros motivos;Gasto medio diario por persona;Dato base;2020M12;80
Otros motivos;Gasto medio diario por persona;Dato base;2020M11;91
Otros motivos;Gasto medio diario por persona;Dato base;2020M10;71
Otros motivos;Gasto medio diario por persona;Dato base;2020M09;86
Otros motivos;Gasto medio diario por persona;Dato base;2020M08;74
Otros motivos;Gasto medio diario por persona;Dato base;2020M07;73
Otros motivos;Gasto medio diario por persona;Dato base;2020M06;70
Otros motivos;Gasto medio diario por persona;Dato base;2020M05;0
Otros motivos;Gasto medio diario por persona;Dato base;2020M04;0
Otros motivos;Gasto medio diario por persona;Dato base;2020M03;106
Otros motivos;Gasto medio diario por persona;Dato base;2020M02;99
Otros motivos;Gasto medio diario por persona;Dato base;2020M01;92
Otros motivos;Gasto medio diario por persona;Dato base;2019M12;88
Otros motivos;Gasto medio diario por persona;Dato base;2019M11;104
Otros motivos;Gasto medio diario por persona;Dato base;2019M10;124
Otros motivos;Gasto medio diario por persona;Dato base;2019M09;99
Otros motivos;Gasto medio diario por persona;Dato base;2019M08;90
Otros motivos;Gasto medio diario por persona;Dato base;2019M07;98
Otros motivos;Gasto medio diario por persona;Dato base;2019M06;111
Otros motivos;Gasto medio diario por persona;Dato base;2019M05;97
Otros motivos;Gasto medio diario por persona;Dato base;2019M04;98
Otros motivos;Gasto medio diario por persona;Dato base;2019M03;106
Otros motivos;Gasto medio diario por persona;Dato base;2019M02;104
Otros motivos;Gasto medio diario por persona;Dato base;2019M01;95
Otros motivos;Gasto medio diario por persona;Dato base;2018M12;91
Otros motivos;Gasto medio diario por persona;Dato base;2018M11;99
Otros motivos;Gasto medio diario por persona;Dato base;2018M10;110
Otros motivos;Gasto medio diario por persona;Dato base;2018M09;108
Otros motivos;Gasto medio diario por persona;Dato base;2018M08;104
Otros motivos;Gasto medio diario por persona;Dato base;2018M07;105
Otros motivos;Gasto medio diario por persona;Dato base;2018M06;114
Otros motivos;Gasto medio diario por persona;Dato base;2018M05;110
Otros motivos;Gasto medio diario por persona;Dato base;2018M04;96
Otros motivos;Gasto medio diario por persona;Dato base;2018M03;103
Otros motivos;Gasto medio diario por persona;Dato base;2018M02;95
Otros motivos;Gasto medio diario por persona;Dato base;2018M01;93
Otros motivos;Duración media de los viajes;Dato base;2026M02;13,45
Otros motivos;Duración media de los viajes;Dato base;2026M01;17,78
Otros motivos;Duración media de los viajes;Dato base;2025M12;20,63
Otros motivos;Duración media de los viajes;Dato base;2025M11;12,48
Otros motivos;Duración media de los viajes;Dato base;2025M10;8,90
Otros motivos;Duración media de los viajes;Dato base;2025M09;10,85
Otros motivos;Duración media de los viajes;Dato base;2025M08;10,07
Otros motivos;Duración media de los viajes;Dato base;2025M07;9,83
Otros motivos;Duración media de los viajes;Dato base;2025M06;13,94
Otros motivos;Duración media de los viajes;Dato base;2025M05;10,67
Otros motivos;Duración media de los viajes;Dato base;2025M04;11,12
Otros motivos;Duración media de los viajes;Dato base;2025M03;10,12
Otros motivos;Duración media de los viajes;Dato base;2025M02;10,94
Otros motivos;Duración media de los viajes;Dato base;2025M01;13,68
Otros motivos;Duración media de los viajes;Dato base;2024M12;18,68
Otros motivos;Duración media de los viajes;Dato base;2024M11;11,02
Otros motivos;Duración media de los viajes;Dato base;2024M10;9,69
Otros motivos;Duración media de los viajes;Dato base;2024M09;10,53
Otros motivos;Duración media de los viajes;Dato base;2024M08;10,32
Otros motivos;Duración media de los viajes;Dato base;2024M07;12,39
Otros motivos;Duración media de los viajes;Dato base;2024M06;14,10
Otros motivos;Duración media de los viajes;Dato base;2024M05;11,72
Otros motivos;Duración media de los viajes;Dato base;2024M04;10,45
Otros motivos;Duración media de los viajes;Dato base;2024M03;12,23
Otros motivos;Duración media de los viajes;Dato base;2024M02;12,54
Otros motivos;Duración media de los viajes;Dato base;2024M01;14,12
Otros motivos;Duración media de los viajes;Dato base;2023M12;16,43
Otros motivos;Duración media de los viajes;Dato base;2023M11;10,36
Otros motivos;Duración media de los viajes;Dato base;2023M10;10,14
Otros motivos;Duración media de los viajes;Dato base;2023M09;10,83
Otros motivos;Duración media de los viajes;Dato base;2023M08;11,08
Otros motivos;Duración media de los viajes;Dato base;2023M07;11,43
Otros motivos;Duración media de los viajes;Dato base;2023M06;10,98
Otros motivos;Duración media de los viajes;Dato base;2023M05;10,21
Otros motivos;Duración media de los viajes;Dato base;2023M04;10,31
Otros motivos;Duración media de los viajes;Dato base;2023M03;11,92
Otros motivos;Duración media de los viajes;Dato base;2023M02;12,72
Otros motivos;Duración media de los viajes;Dato base;2023M01;13,40
Otros motivos;Duración media de los viajes;Dato base;2022M12;16,97
Otros motivos;Duración media de los viajes;Dato base;2022M11;11,65
Otros motivos;Duración media de los viajes;Dato base;2022M10;9,40
Otros motivos;Duración media de los viajes;Dato base;2022M09;11,10
Otros motivos;Duración media de los viajes;Dato base;2022M08;10,41
Otros motivos;Duración media de los viajes;Dato base;2022M07;12,40
Otros motivos;Duración media de los viajes;Dato base;2022M06;12,81
Otros motivos;Duración media de los viajes;Dato base;2022M05;9,47
Otros motivos;Duración media de los viajes;Dato base;2022M04;11,08
Otros motivos;Duración media de los viajes;Dato base;2022M03;11,48
Otros motivos;Duración media de los viajes;Dato base;2022M02;12,92
Otros motivos;Duración media de los viajes;Dato base;2022M01;14,53
Otros motivos;Duración media de los viajes;Dato base;2021M12;17,42
Otros motivos;Duración media de los viajes;Dato base;2021M11;10,92
Otros motivos;Duración media de los viajes;Dato base;2021M10;11,34
Otros motivos;Duración media de los viajes;Dato base;2021M09;12,05
Otros motivos;Duración media de los viajes;Dato base;2021M08;13,64
Otros motivos;Duración media de los viajes;Dato base;2021M07;12,99
Otros motivos;Duración media de los viajes;Dato base;2021M06;11,07
Otros motivos;Duración media de los viajes;Dato base;2021M05;8,67
Otros motivos;Duración media de los viajes;Dato base;2021M04;10,74
Otros motivos;Duración media de los viajes;Dato base;2021M03;9,81
Otros motivos;Duración media de los viajes;Dato base;2021M02;12,47
Otros motivos;Duración media de los viajes;Dato base;2021M01;11,47
Otros motivos;Duración media de los viajes;Dato base;2020M12;12,59
Otros motivos;Duración media de los viajes;Dato base;2020M11;9,54
Otros motivos;Duración media de los viajes;Dato base;2020M10;9,59
Otros motivos;Duración media de los viajes;Dato base;2020M09;8,37
Otros motivos;Duración media de los viajes;Dato base;2020M08;10,60
Otros motivos;Duración media de los viajes;Dato base;2020M07;11,20
Otros motivos;Duración media de los viajes;Dato base;2020M06;7,51
Otros motivos;Duración media de los viajes;Dato base;2020M05;0,00
Otros motivos;Duración media de los viajes;Dato base;2020M04;0,00
Otros motivos;Duración media de los viajes;Dato base;2020M03;8,61
Otros motivos;Duración media de los viajes;Dato base;2020M02;12,74
Otros motivos;Duración media de los viajes;Dato base;2020M01;12,59
Otros motivos;Duración media de los viajes;Dato base;2019M12;16,50
Otros motivos;Duración media de los viajes;Dato base;2019M11;10,87
Otros motivos;Duración media de los viajes;Dato base;2019M10;8,29
Otros motivos;Duración media de los viajes;Dato base;2019M09;10,39
Otros motivos;Duración media de los viajes;Dato base;2019M08;10,66
Otros motivos;Duración media de los viajes;Dato base;2019M07;11,28
Otros motivos;Duración media de los viajes;Dato base;2019M06;11,41
Otros motivos;Duración media de los viajes;Dato base;2019M05;9,44
Otros motivos;Duración media de los viajes;Dato base;2019M04;9,72
Otros motivos;Duración media de los viajes;Dato base;2019M03;8,94
Otros motivos;Duración media de los viajes;Dato base;2019M02;11,43
Otros motivos;Duración media de los viajes;Dato base;2019M01;12,27
Otros motivos;Duración media de los viajes;Dato base;2018M12;15,32
Otros motivos;Duración media de los viajes;Dato base;2018M11;9,31
Otros motivos;Duración media de los viajes;Dato base;2018M10;8,98
Otros motivos;Duración media de los viajes;Dato base;2018M09;9,39
Otros motivos;Duración media de los viajes;Dato base;2018M08;8,88
Otros motivos;Duración media de los viajes;Dato base;2018M07;11,06
Otros motivos;Duración media de los viajes;Dato base;2018M06;11,83
Otros motivos;Duración media de los viajes;Dato base;2018M05;8,77
Otros motivos;Duración media de los viajes;Dato base;2018M04;10,20
Otros motivos;Duración media de los viajes;Dato base;2018M03;10,17
Otros motivos;Duración media de los viajes;Dato base;2018M02;13,21
Otros motivos;Duración media de los viajes;Dato base;2018M01;13,99
