fecha;mun_orig;dest;turistas;prov_orig
2019-07-01;Laudio/Llodio;Torrevieja;38;Araba/Álava
2019-07-01;Vitoria-Gasteiz;Torrevieja;730;Araba/Álava
2019-07-01;Albacete;Torrevieja;3222;Albacete
2019-07-01;Almansa;Torrevieja;170;Albacete
2019-07-01;Caudete;Torrevieja;86;Albacete
2019-07-01;Chinchilla de Monte-Aragón;Torrevieja;59;Albacete
2019-07-01;Elche de la Sierra;Torrevieja;38;Albacete
2019-07-01;Fuente-Álamo;Torrevieja;36;Albacete
2019-07-01;Gineta, La;Torrevieja;33;Albacete
2019-07-01;Hellín;Torrevieja;328;Albacete
2019-07-01;Madrigueras;Torrevieja;50;Albacete
2019-07-01;Munera;Torrevieja;32;Albacete
2019-07-01;Pozohondo;Torrevieja;31;Albacete
2019-07-01;Roda, La;Torrevieja;119;Albacete
2019-07-01;Tarazona de la Mancha;Torrevieja;57;Albacete
2019-07-01;Tobarra;Torrevieja;60;Albacete
2019-07-01;Villarrobledo;Torrevieja;239;Albacete
2019-07-01;Pozo Cañada;Torrevieja;39;Albacete
2019-07-01;Almería;Torrevieja;119;Almería
2019-07-01;Pulpí;Torrevieja;30;Almería
2019-07-01;Roquetas de Mar;Torrevieja;66;Almería
2019-07-01;Ávila;Torrevieja;269;Ávila
2019-07-01;Gotarrendura;Torrevieja;213;Ávila
2019-07-01;Badajoz;Torrevieja;35;Badajoz
2019-07-01;Palma;Torrevieja;69;Balears, Illes
2019-07-01;Badalona;Torrevieja;38;Barcelona
2019-07-01;Barcelona;Torrevieja;318;Barcelona
2019-07-01;Hospitalet de Llobregat, L';Torrevieja;56;Barcelona
2019-07-01;Sabadell;Torrevieja;32;Barcelona
2019-07-01;Sant Cugat del Vallès;Torrevieja;32;Barcelona
2019-07-01;Santa Coloma de Gramenet;Torrevieja;70;Barcelona
2019-07-01;Terrassa;Torrevieja;41;Barcelona
2019-07-01;Aranda de Duero;Torrevieja;99;Burgos
2019-07-01;Burgos;Torrevieja;692;Burgos
2019-07-01;Miranda de Ebro;Torrevieja;111;Burgos
2019-07-01;Cáceres;Torrevieja;75;Cáceres
2019-07-01;Plasencia;Torrevieja;32;Cáceres
2019-07-01;Castelló de la Plana;Torrevieja;60;Castellón/Castelló
2019-07-01;Onda;Torrevieja;31;Castellón/Castelló
2019-07-01;Alcázar de San Juan;Torrevieja;219;Ciudad Real
2019-07-01;Almodóvar del Campo;Torrevieja;31;Ciudad Real
2019-07-01;Argamasilla de Alba;Torrevieja;46;Ciudad Real
2019-07-01;Argamasilla de Calatrava;Torrevieja;55;Ciudad Real
2019-07-01;Bolaños de Calatrava;Torrevieja;51;Ciudad Real
2019-07-01;Campo de Criptana;Torrevieja;48;Ciudad Real
2019-07-01;Ciudad Real;Torrevieja;499;Ciudad Real
2019-07-01;Daimiel;Torrevieja;108;Ciudad Real
2019-07-01;Herencia;Torrevieja;71;Ciudad Real
2019-07-01;Malagón;Torrevieja;55;Ciudad Real
2019-07-01;Manzanares;Torrevieja;92;Ciudad Real
2019-07-01;Miguelturra;Torrevieja;100;Ciudad Real
2019-07-01;Pedro Muñoz;Torrevieja;77;Ciudad Real
2019-07-01;Puertollano;Torrevieja;375;Ciudad Real
2019-07-01;Socuéllamos;Torrevieja;86;Ciudad Real
2019-07-01;Solana, La;Torrevieja;66;Ciudad Real
2019-07-01;Tomelloso;Torrevieja;221;Ciudad Real
2019-07-01;Valdepeñas;Torrevieja;130;Ciudad Real
2019-07-01;Villanueva de los Infantes;Torrevieja;31;Ciudad Real
2019-07-01;Córdoba;Torrevieja;107;Córdoba
2019-07-01;Lucena;Torrevieja;33;Córdoba
2019-07-01;Montilla;Torrevieja;31;Córdoba
2019-07-01;Coruña, A;Torrevieja;54;Coruña, A
2019-07-01;Cuenca;Torrevieja;157;Cuenca
2019-07-01;Mesas, Las;Torrevieja;30;Cuenca
2019-07-01;Mota del Cuervo;Torrevieja;38;Cuenca
2019-07-01;San Clemente;Torrevieja;63;Cuenca
2019-07-01;Tarancón;Torrevieja;76;Cuenca
2019-07-01;Girona;Torrevieja;31;Girona
2019-07-01;Baza;Torrevieja;32;Granada
2019-07-01;Granada;Torrevieja;125;Granada
2019-07-01;Alovera;Torrevieja;116;Guadalajara
2019-07-01;Azuqueca de Henares;Torrevieja;274;Guadalajara
2019-07-01;Cabanillas del Campo;Torrevieja;62;Guadalajara
2019-07-01;Casar, El;Torrevieja;84;Guadalajara
2019-07-01;Chiloeches;Torrevieja;34;Guadalajara
2019-07-01;Guadalajara;Torrevieja;391;Guadalajara
2019-07-01;Torrejón del Rey;Torrevieja;30;Guadalajara
2019-07-01;Villanueva de la Torre;Torrevieja;57;Guadalajara
2019-07-01;Irun;Torrevieja;57;Gipuzkoa
2019-07-01;Arrasate/Mondragón;Torrevieja;32;Gipuzkoa
2019-07-01;Pasaia;Torrevieja;32;Gipuzkoa
2019-07-01;Errenteria;Torrevieja;56;Gipuzkoa
2019-07-01;Donostia/San Sebastián;Torrevieja;154;Gipuzkoa
2019-07-01;Lasarte-Oria;Torrevieja;31;Gipuzkoa
2019-07-01;Huelva;Torrevieja;32;Huelva
2019-07-01;Huesca;Torrevieja;46;Huesca
2019-07-01;Jaén;Torrevieja;49;Jaén
2019-07-01;Linares;Torrevieja;31;Jaén
2019-07-01;Úbeda;Torrevieja;33;Jaén
2019-07-01;Bañeza, La;Torrevieja;39;León
2019-07-01;León;Torrevieja;241;León
2019-07-01;Ponferrada;Torrevieja;50;León
2019-07-01;San Andrés del Rabanedo;Torrevieja;58;León
2019-07-01;Villaquilambre;Torrevieja;49;León
2019-07-01;Lleida;Torrevieja;71;Lleida
2019-07-01;Logroño;Torrevieja;233;Rioja, La
2019-07-01;Ajalvir;Torrevieja;40;Madrid
2019-07-01;Álamo, El;Torrevieja;107;Madrid
2019-07-01;Alcalá de Henares;Torrevieja;1815;Madrid
2019-07-01;Alcobendas;Torrevieja;747;Madrid
2019-07-01;Alcorcón;Torrevieja;1757;Madrid
2019-07-01;Algete;Torrevieja;162;Madrid
2019-07-01;Alpedrete;Torrevieja;65;Madrid
2019-07-01;Aranjuez;Torrevieja;463;Madrid
2019-07-01;Arganda del Rey;Torrevieja;662;Madrid
2019-07-01;Arroyomolinos;Torrevieja;268;Madrid
2019-07-01;Becerril de la Sierra;Torrevieja;34;Madrid
2019-07-01;Boadilla del Monte;Torrevieja;192;Madrid
2019-07-01;Brunete;Torrevieja;79;Madrid
2019-07-01;Camarma de Esteruelas;Torrevieja;86;Madrid
2019-07-01;Campo Real;Torrevieja;43;Madrid
2019-07-01;Ciempozuelos;Torrevieja;275;Madrid
2019-07-01;Cobeña;Torrevieja;52;Madrid
2019-07-01;Colmenar de Oreja;Torrevieja;39;Madrid
2019-07-01;Colmenar Viejo;Torrevieja;394;Madrid
2019-07-01;Collado Mediano;Torrevieja;31;Madrid
2019-07-01;Collado Villalba;Torrevieja;361;Madrid
2019-07-01;Coslada;Torrevieja;771;Madrid
2019-07-01;Cubas de la Sagra;Torrevieja;82;Madrid
2019-07-01;Daganzo de Arriba;Torrevieja;73;Madrid
2019-07-01;Escorial, El;Torrevieja;71;Madrid
2019-07-01;Fresno de Torote;Torrevieja;51;Madrid
2019-07-01;Fuenlabrada;Torrevieja;2392;Madrid
2019-07-01;Fuente el Saz de Jarama;Torrevieja;50;Madrid
2019-07-01;Galapagar;Torrevieja;189;Madrid
2019-07-01;Getafe;Torrevieja;1987;Madrid
2019-07-01;Griñón;Torrevieja;100;Madrid
2019-07-01;Guadalix de la Sierra;Torrevieja;45;Madrid
2019-07-01;Guadarrama;Torrevieja;93;Madrid
2019-07-01;Hoyo de Manzanares;Torrevieja;39;Madrid
2019-07-01;Humanes de Madrid;Torrevieja;226;Madrid
2019-07-01;Leganés;Torrevieja;1988;Madrid
2019-07-01;Loeches;Torrevieja;104;Madrid
2019-07-01;Madrid;Torrevieja;17960;Madrid
2019-07-01;Majadahonda;Torrevieja;182;Madrid
2019-07-01;Manzanares el Real;Torrevieja;32;Madrid
2019-07-01;Meco;Torrevieja;118;Madrid
2019-07-01;Mejorada del Campo;Torrevieja;264;Madrid
2019-07-01;Miraflores de la Sierra;Torrevieja;39;Madrid
2019-07-01;Molar, El;Torrevieja;46;Madrid
2019-07-01;Moraleja de Enmedio;Torrevieja;66;Madrid
2019-07-01;Moralzarzal;Torrevieja;80;Madrid
2019-07-01;Morata de Tajuña;Torrevieja;46;Madrid
2019-07-01;Móstoles;Torrevieja;2125;Madrid
2019-07-01;Navalcarnero;Torrevieja;259;Madrid
2019-07-01;Nuevo Baztán;Torrevieja;57;Madrid
2019-07-01;Paracuellos de Jarama;Torrevieja;98;Madrid
2019-07-01;Parla;Torrevieja;1440;Madrid
2019-07-01;Perales de Tajuña;Torrevieja;33;Madrid
2019-07-01;Pinto;Torrevieja;438;Madrid
2019-07-01;Pozuelo de Alarcón;Torrevieja;190;Madrid
2019-07-01;Quijorna;Torrevieja;31;Madrid
2019-07-01;Rivas-Vaciamadrid;Torrevieja;681;Madrid
2019-07-01;Rozas de Madrid, Las;Torrevieja;296;Madrid
2019-07-01;San Agustín del Guadalix;Torrevieja;60;Madrid
2019-07-01;San Fernando de Henares;Torrevieja;506;Madrid
2019-07-01;San Lorenzo de El Escorial;Torrevieja;68;Madrid
2019-07-01;San Martín de la Vega;Torrevieja;151;Madrid
2019-07-01;San Martín de Valdeiglesias;Torrevieja;46;Madrid
2019-07-01;San Sebastián de los Reyes;Torrevieja;709;Madrid
2019-07-01;Serranillos del Valle;Torrevieja;38;Madrid
2019-07-01;Sevilla la Nueva;Torrevieja;59;Madrid
2019-07-01;Talamanca de Jarama;Torrevieja;34;Madrid
2019-07-01;Torrejón de Ardoz;Torrevieja;1281;Madrid
2019-07-01;Torrejón de la Calzada;Torrevieja;87;Madrid
2019-07-01;Torrejón de Velasco;Torrevieja;34;Madrid
2019-07-01;Torrelodones;Torrevieja;74;Madrid
2019-07-01;Torres de la Alameda;Torrevieja;83;Madrid
2019-07-01;Valdemorillo;Torrevieja;60;Madrid
2019-07-01;Valdemoro;Torrevieja;833;Madrid
2019-07-01;Valdetorres de Jarama;Torrevieja;46;Madrid
2019-07-01;Velilla de San Antonio;Torrevieja;127;Madrid
2019-07-01;Villa del Prado;Torrevieja;31;Madrid
2019-07-01;Villalbilla;Torrevieja;86;Madrid
2019-07-01;Villanueva de la Cañada;Torrevieja;75;Madrid
2019-07-01;Villanueva del Pardillo;Torrevieja;70;Madrid
2019-07-01;Villarejo de Salvanés;Torrevieja;71;Madrid
2019-07-01;Villaviciosa de Odón;Torrevieja;121;Madrid
2019-07-01;Tres Cantos;Torrevieja;197;Madrid
2019-07-01;Benalmádena;Torrevieja;45;Málaga
2019-07-01;Málaga;Torrevieja;112;Málaga
2019-07-01;Marbella;Torrevieja;48;Málaga
2019-07-01;Mijas;Torrevieja;39;Málaga
2019-07-01;Torremolinos;Torrevieja;34;Málaga
2019-07-01;Abanilla;Torrevieja;97;Murcia
2019-07-01;Abarán;Torrevieja;134;Murcia
2019-07-01;Águilas;Torrevieja;56;Murcia
2019-07-01;Alcantarilla;Torrevieja;594;Murcia
2019-07-01;Alguazas;Torrevieja;139;Murcia
2019-07-01;Alhama de Murcia;Torrevieja;66;Murcia
2019-07-01;Archena;Torrevieja;266;Murcia
2019-07-01;Beniel;Torrevieja;494;Murcia
2019-07-01;Blanca;Torrevieja;121;Murcia
2019-07-01;Bullas;Torrevieja;44;Murcia
2019-07-01;Calasparra;Torrevieja;67;Murcia
2019-07-01;Campos del Río;Torrevieja;38;Murcia
2019-07-01;Caravaca de la Cruz;Torrevieja;148;Murcia
2019-07-01;Cartagena;Torrevieja;1287;Murcia
2019-07-01;Cehegín;Torrevieja;48;Murcia
2019-07-01;Ceutí;Torrevieja;127;Murcia
2019-07-01;Cieza;Torrevieja;442;Murcia
2019-07-01;Fortuna;Torrevieja;212;Murcia
2019-07-01;Fuente Álamo de Murcia;Torrevieja;69;Murcia
2019-07-01;Jumilla;Torrevieja;239;Murcia
2019-07-01;Librilla;Torrevieja;43;Murcia
2019-07-01;Lorca;Torrevieja;100;Murcia
2019-07-01;Lorquí;Torrevieja;106;Murcia
2019-07-01;Mazarrón;Torrevieja;47;Murcia
2019-07-01;Molina de Segura;Torrevieja;1476;Murcia
2019-07-01;Mula;Torrevieja;124;Murcia
2019-07-01;Murcia;Torrevieja;11333;Murcia
2019-07-01;Ricote;Torrevieja;41;Murcia
2019-07-01;San Javier;Torrevieja;414;Murcia
2019-07-01;San Pedro del Pinatar;Torrevieja;457;Murcia
2019-07-01;Torre-Pacheco;Torrevieja;233;Murcia
2019-07-01;Torres de Cotillas, Las;Torrevieja;363;Murcia
2019-07-01;Totana;Torrevieja;43;Murcia
2019-07-01;Unión, La;Torrevieja;63;Murcia
2019-07-01;Villanueva del Río Segura;Torrevieja;55;Murcia
2019-07-01;Yecla;Torrevieja;259;Murcia
2019-07-01;Santomera;Torrevieja;491;Murcia
2019-07-01;Alcázares, Los;Torrevieja;157;Murcia
2019-07-01;Burlada/Burlata;Torrevieja;40;Navarra
2019-07-01;Valle de Egüés/Eguesibar;Torrevieja;45;Navarra
2019-07-01;Noáin (Valle de Elorz)/Noain (Elortzibar);Torrevieja;33;Navarra
2019-07-01;Pamplona/Iruña;Torrevieja;392;Navarra
2019-07-01;Tudela;Torrevieja;71;Navarra
2019-07-01;Barañáin/Barañain;Torrevieja;45;Navarra
2019-07-01;Zizur Mayor/Zizur Nagusia;Torrevieja;43;Navarra
2019-07-01;Ourense;Torrevieja;44;Ourense
2019-07-01;Avilés;Torrevieja;73;Asturias
2019-07-01;Corvera de Asturias;Torrevieja;40;Asturias
2019-07-01;Gijón;Torrevieja;362;Asturias
2019-07-01;Langreo;Torrevieja;58;Asturias
2019-07-01;Mieres;Torrevieja;43;Asturias
2019-07-01;Oviedo;Torrevieja;219;Asturias
2019-07-01;Siero;Torrevieja;65;Asturias
2019-07-01;Palencia;Torrevieja;99;Palencia
2019-07-01;Mogán;Torrevieja;66;Palmas, Las
2019-07-01;Palmas de Gran Canaria, Las;Torrevieja;43;Palmas, Las
2019-07-01;San Bartolomé de Tirajana;Torrevieja;30;Palmas, Las
2019-07-01;Vigo;Torrevieja;54;Pontevedra
2019-07-01;Alba de Tormes;Torrevieja;39;Salamanca
2019-07-01;Salamanca;Torrevieja;291;Salamanca
2019-07-01;Santa Marta de Tormes;Torrevieja;50;Salamanca
2019-07-01;Santa Cruz de Tenerife;Torrevieja;44;Santa Cruz de Tenerife
2019-07-01;Castro-Urdiales;Torrevieja;59;Cantabria
2019-07-01;Santander;Torrevieja;65;Cantabria
2019-07-01;Torrelavega;Torrevieja;42;Cantabria
2019-07-01;Cuéllar;Torrevieja;33;Segovia
2019-07-01;Segovia;Torrevieja;268;Segovia
2019-07-01;Sevilla;Torrevieja;93;Sevilla
2019-07-01;Soria;Torrevieja;51;Soria
2019-07-01;Teruel;Torrevieja;30;Teruel
2019-07-01;Bargas;Torrevieja;56;Toledo
2019-07-01;Camarena;Torrevieja;36;Toledo
2019-07-01;Carranque;Torrevieja;34;Toledo
2019-07-01;Casar de Escalona, El;Torrevieja;31;Toledo
2019-07-01;Casarrubios del Monte;Torrevieja;64;Toledo
2019-07-01;Cedillo del Condado;Torrevieja;34;Toledo
2019-07-01;Chozas de Canales;Torrevieja;37;Toledo
2019-07-01;Esquivias;Torrevieja;46;Toledo
2019-07-01;Fuensalida;Torrevieja;61;Toledo
2019-07-01;Illescas;Torrevieja;210;Toledo
2019-07-01;Madridejos;Torrevieja;58;Toledo
2019-07-01;Méntrida;Torrevieja;36;Toledo
2019-07-01;Miguel Esteban;Torrevieja;38;Toledo
2019-07-01;Mocejón;Torrevieja;75;Toledo
2019-07-01;Mora;Torrevieja;47;Toledo
2019-07-01;Nambroca;Torrevieja;40;Toledo
2019-07-01;Novés;Torrevieja;31;Toledo
2019-07-01;Numancia de la Sagra;Torrevieja;35;Toledo
2019-07-01;Ocaña;Torrevieja;109;Toledo
2019-07-01;Olías del Rey;Torrevieja;44;Toledo
2019-07-01;Ontígola;Torrevieja;65;Toledo
2019-07-01;Puebla de Almoradiel, La;Torrevieja;31;Toledo
2019-07-01;Puebla de Montalbán, La;Torrevieja;45;Toledo
2019-07-01;Quintanar de la Orden;Torrevieja;100;Toledo
2019-07-01;Santa Cruz de la Zarza;Torrevieja;34;Toledo
2019-07-01;Seseña;Torrevieja;230;Toledo
2019-07-01;Sonseca;Torrevieja;63;Toledo
2019-07-01;Talavera de la Reina;Torrevieja;337;Toledo
2019-07-01;Toledo;Torrevieja;518;Toledo
2019-07-01;Torrijos;Torrevieja;81;Toledo
2019-07-01;Ugena;Torrevieja;53;Toledo
2019-07-01;Villacañas;Torrevieja;59;Toledo
2019-07-01;Villafranca de los Caballeros;Torrevieja;68;Toledo
2019-07-01;Villaluenga de la Sagra;Torrevieja;37;Toledo
2019-07-01;Villanueva de Alcardete;Torrevieja;34;Toledo
2019-07-01;Villasequilla;Torrevieja;34;Toledo
2019-07-01;Villatobas;Torrevieja;30;Toledo
2019-07-01;Yeles;Torrevieja;49;Toledo
2019-07-01;Yepes;Torrevieja;66;Toledo
2019-07-01;Yuncos;Torrevieja;85;Toledo
2019-07-01;Alzira;Torrevieja;35;Valencia/València
2019-07-01;Burjassot;Torrevieja;40;Valencia/València
2019-07-01;Catarroja;Torrevieja;32;Valencia/València
2019-07-01;Gandia;Torrevieja;57;Valencia/València
2019-07-01;Xàtiva;Torrevieja;44;Valencia/València
2019-07-01;Manises;Torrevieja;34;Valencia/València
2019-07-01;Mislata;Torrevieja;34;Valencia/València
2019-07-01;Ontinyent;Torrevieja;64;Valencia/València
2019-07-01;Paiporta;Torrevieja;30;Valencia/València
2019-07-01;Paterna;Torrevieja;80;Valencia/València
2019-07-01;Requena;Torrevieja;42;Valencia/València
2019-07-01;Riba-roja de Túria;Torrevieja;31;Valencia/València
2019-07-01;Sagunto/Sagunt;Torrevieja;34;Valencia/València
2019-07-01;Silla;Torrevieja;32;Valencia/València
2019-07-01;Torrent;Torrevieja;69;Valencia/València
2019-07-01;València;Torrevieja;925;Valencia/València
2019-07-01;Arroyo de la Encomienda;Torrevieja;92;Valladolid
2019-07-01;Laguna de Duero;Torrevieja;88;Valladolid
2019-07-01;Medina del Campo;Torrevieja;66;Valladolid
2019-07-01;Valladolid;Torrevieja;911;Valladolid
2019-07-01;Barakaldo;Torrevieja;127;Bizkaia
2019-07-01;Basauri;Torrevieja;75;Bizkaia
2019-07-01;Bermeo;Torrevieja;44;Bizkaia
2019-07-01;Bilbao;Torrevieja;479;Bizkaia
2019-07-01;Durango;Torrevieja;50;Bizkaia
2019-07-01;Galdakao;Torrevieja;47;Bizkaia
2019-07-01;Getxo;Torrevieja;108;Bizkaia
2019-07-01;Leioa;Torrevieja;63;Bizkaia
2019-07-01;Portugalete;Torrevieja;62;Bizkaia
2019-07-01;Valle de Trápaga-Trapagaran;Torrevieja;32;Bizkaia
2019-07-01;Santurtzi;Torrevieja;65;Bizkaia
2019-07-01;Erandio;Torrevieja;45;Bizkaia
2019-07-01;Zamora;Torrevieja;95;Zamora
2019-07-01;Zaragoza;Torrevieja;337;Zaragoza
2019-08-01;Amurrio;Torrevieja;36;Araba/Álava
2019-08-01;Laudio/Llodio;Torrevieja;74;Araba/Álava
2019-08-01;Vitoria-Gasteiz;Torrevieja;1233;Araba/Álava
2019-08-01;Albacete;Torrevieja;3462;Albacete
2019-08-01;Almansa;Torrevieja;213;Albacete
2019-08-01;Barrax;Torrevieja;33;Albacete
2019-08-01;Caudete;Torrevieja;65;Albacete
2019-08-01;Chinchilla de Monte-Aragón;Torrevieja;90;Albacete
2019-08-01;Fuente-Álamo;Torrevieja;46;Albacete
2019-08-01;Gineta, La;Torrevieja;40;Albacete
2019-08-01;Hellín;Torrevieja;447;Albacete
2019-08-01;Madrigueras;Torrevieja;52;Albacete
2019-08-01;Montealegre del Castillo;Torrevieja;38;Albacete
2019-08-01;Roda, La;Torrevieja;165;Albacete
2019-08-01;Tobarra;Torrevieja;58;Albacete
2019-08-01;Villarrobledo;Torrevieja;257;Albacete
2019-08-01;Almería;Torrevieja;95;Almería
2019-08-01;Roquetas de Mar;Torrevieja;68;Almería
2019-08-01;Ávila;Torrevieja;231;Ávila
2019-08-01;Badajoz;Torrevieja;62;Badajoz
2019-08-01;Llucmajor;Torrevieja;30;Balears, Illes
2019-08-01;Palma;Torrevieja;88;Balears, Illes
2019-08-01;Badalona;Torrevieja;77;Barcelona
2019-08-01;Barcelona;Torrevieja;520;Barcelona
2019-08-01;Cornellà de Llobregat;Torrevieja;33;Barcelona
2019-08-01;Hospitalet de Llobregat, L';Torrevieja;70;Barcelona
2019-08-01;Manresa;Torrevieja;30;Barcelona
2019-08-01;Mataró;Torrevieja;50;Barcelona
2019-08-01;Ripollet;Torrevieja;34;Barcelona
2019-08-01;Rubí;Torrevieja;49;Barcelona
2019-08-01;Sabadell;Torrevieja;90;Barcelona
2019-08-01;Sant Boi de Llobregat;Torrevieja;49;Barcelona
2019-08-01;Terrassa;Torrevieja;91;Barcelona
2019-08-01;Viladecans;Torrevieja;65;Barcelona
2019-08-01;Aranda de Duero;Torrevieja;106;Burgos
2019-08-01;Burgos;Torrevieja;898;Burgos
2019-08-01;Miranda de Ebro;Torrevieja;179;Burgos
2019-08-01;Almaraz;Torrevieja;49;Cáceres
2019-08-01;Cáceres;Torrevieja;63;Cáceres
2019-08-01;Navalmoral de la Mata;Torrevieja;41;Cáceres
2019-08-01;Plasencia;Torrevieja;63;Cáceres
2019-08-01;Jerez de la Frontera;Torrevieja;41;Cádiz
2019-08-01;Castelló de la Plana;Torrevieja;64;Castellón/Castelló
2019-08-01;Alcázar de San Juan;Torrevieja;233;Ciudad Real
2019-08-01;Almagro;Torrevieja;66;Ciudad Real
2019-08-01;Almodóvar del Campo;Torrevieja;31;Ciudad Real
2019-08-01;Argamasilla de Alba;Torrevieja;49;Ciudad Real
2019-08-01;Argamasilla de Calatrava;Torrevieja;60;Ciudad Real
2019-08-01;Bolaños de Calatrava;Torrevieja;76;Ciudad Real
2019-08-01;Campo de Criptana;Torrevieja;83;Ciudad Real
2019-08-01;Castellar de Santiago;Torrevieja;41;Ciudad Real
2019-08-01;Ciudad Real;Torrevieja;675;Ciudad Real
2019-08-01;Daimiel;Torrevieja;132;Ciudad Real
2019-08-01;Fuente el Fresno;Torrevieja;31;Ciudad Real
2019-08-01;Herencia;Torrevieja;93;Ciudad Real
2019-08-01;Malagón;Torrevieja;79;Ciudad Real
2019-08-01;Manzanares;Torrevieja;155;Ciudad Real
2019-08-01;Miguelturra;Torrevieja;130;Ciudad Real
2019-08-01;Pedro Muñoz;Torrevieja;115;Ciudad Real
2019-08-01;Piedrabuena;Torrevieja;36;Ciudad Real
2019-08-01;Pozuelo de Calatrava;Torrevieja;37;Ciudad Real
2019-08-01;Puertollano;Torrevieja;476;Ciudad Real
2019-08-01;Socuéllamos;Torrevieja;116;Ciudad Real
2019-08-01;Solana, La;Torrevieja;89;Ciudad Real
2019-08-01;Tomelloso;Torrevieja;341;Ciudad Real
2019-08-01;Valdepeñas;Torrevieja;186;Ciudad Real
2019-08-01;Villanueva de la Fuente;Torrevieja;39;Ciudad Real
2019-08-01;Villarrubia de los Ojos;Torrevieja;33;Ciudad Real
2019-08-01;Córdoba;Torrevieja;171;Córdoba
2019-08-01;Coruña, A;Torrevieja;55;Coruña, A
2019-08-01;Casasimarro;Torrevieja;32;Cuenca
2019-08-01;Cuenca;Torrevieja;158;Cuenca
2019-08-01;Horcajo de Santiago;Torrevieja;35;Cuenca
2019-08-01;Mota del Cuervo;Torrevieja;45;Cuenca
2019-08-01;Pedroñeras, Las;Torrevieja;41;Cuenca
2019-08-01;San Clemente;Torrevieja;57;Cuenca
2019-08-01;Tarancón;Torrevieja;72;Cuenca
2019-08-01;Girona;Torrevieja;44;Girona
2019-08-01;Baza;Torrevieja;70;Granada
2019-08-01;Granada;Torrevieja;180;Granada
2019-08-01;Alovera;Torrevieja;201;Guadalajara
2019-08-01;Azuqueca de Henares;Torrevieja;403;Guadalajara
2019-08-01;Cabanillas del Campo;Torrevieja;85;Guadalajara
2019-08-01;Casar, El;Torrevieja;88;Guadalajara
2019-08-01;Chiloeches;Torrevieja;63;Guadalajara
2019-08-01;Galápagos;Torrevieja;64;Guadalajara
2019-08-01;Guadalajara;Torrevieja;508;Guadalajara
2019-08-01;Marchamalo;Torrevieja;57;Guadalajara
2019-08-01;Mondéjar;Torrevieja;39;Guadalajara
2019-08-01;Pioz;Torrevieja;44;Guadalajara
2019-08-01;Torrejón del Rey;Torrevieja;40;Guadalajara
2019-08-01;Trillo;Torrevieja;30;Guadalajara
2019-08-01;Villanueva de la Torre;Torrevieja;91;Guadalajara
2019-08-01;Yebes;Torrevieja;37;Guadalajara
2019-08-01;Yunquera de Henares;Torrevieja;35;Guadalajara
2019-08-01;Andoain;Torrevieja;36;Gipuzkoa
2019-08-01;Beasain;Torrevieja;41;Gipuzkoa
2019-08-01;Eibar;Torrevieja;127;Gipuzkoa
2019-08-01;Elgoibar;Torrevieja;37;Gipuzkoa
2019-08-01;Hondarribia;Torrevieja;35;Gipuzkoa
2019-08-01;Hernani;Torrevieja;36;Gipuzkoa
2019-08-01;Irun;Torrevieja;171;Gipuzkoa
2019-08-01;Legazpi;Torrevieja;31;Gipuzkoa
2019-08-01;Lezo;Torrevieja;38;Gipuzkoa
2019-08-01;Arrasate/Mondragón;Torrevieja;62;Gipuzkoa
2019-08-01;Pasaia;Torrevieja;36;Gipuzkoa
2019-08-01;Errenteria;Torrevieja;108;Gipuzkoa
2019-08-01;Donostia/San Sebastián;Torrevieja;248;Gipuzkoa
2019-08-01;Bergara;Torrevieja;54;Gipuzkoa
2019-08-01;Zumarraga;Torrevieja;52;Gipuzkoa
2019-08-01;Lasarte-Oria;Torrevieja;41;Gipuzkoa
2019-08-01;Alosno;Torrevieja;31;Huelva
2019-08-01;Huesca;Torrevieja;30;Huesca
2019-08-01;Baeza;Torrevieja;34;Jaén
2019-08-01;Jaén;Torrevieja;68;Jaén
2019-08-01;Linares;Torrevieja;46;Jaén
2019-08-01;Martos;Torrevieja;32;Jaén
2019-08-01;Torredelcampo;Torrevieja;37;Jaén
2019-08-01;Úbeda;Torrevieja;34;Jaén
2019-08-01;León;Torrevieja;238;León
2019-08-01;Ponferrada;Torrevieja;70;León
2019-08-01;San Andrés del Rabanedo;Torrevieja;131;León
2019-08-01;Villablino;Torrevieja;32;León
2019-08-01;Villaquilambre;Torrevieja;54;León
2019-08-01;Lleida;Torrevieja;71;Lleida
2019-08-01;Calahorra;Torrevieja;43;Rioja, La
2019-08-01;Lardero;Torrevieja;40;Rioja, La
2019-08-01;Logroño;Torrevieja;432;Rioja, La
2019-08-01;Nájera;Torrevieja;41;Rioja, La
2019-08-01;Lugo;Torrevieja;49;Lugo
2019-08-01;Ajalvir;Torrevieja;64;Madrid
2019-08-01;Álamo, El;Torrevieja;120;Madrid
2019-08-01;Alcalá de Henares;Torrevieja;2809;Madrid
2019-08-01;Alcobendas;Torrevieja;1090;Madrid
2019-08-01;Alcorcón;Torrevieja;2551;Madrid
2019-08-01;Algete;Torrevieja;211;Madrid
2019-08-01;Alpedrete;Torrevieja;120;Madrid
2019-08-01;Aranjuez;Torrevieja;610;Madrid
2019-08-01;Arganda del Rey;Torrevieja;872;Madrid
2019-08-01;Arroyomolinos;Torrevieja;465;Madrid
2019-08-01;Becerril de la Sierra;Torrevieja;42;Madrid
2019-08-01;Belmonte de Tajo;Torrevieja;32;Madrid
2019-08-01;Boadilla del Monte;Torrevieja;302;Madrid
2019-08-01;Boalo, El;Torrevieja;38;Madrid
2019-08-01;Brunete;Torrevieja;70;Madrid
2019-08-01;Camarma de Esteruelas;Torrevieja;135;Madrid
2019-08-01;Campo Real;Torrevieja;72;Madrid
2019-08-01;Carabaña;Torrevieja;37;Madrid
2019-08-01;Casarrubuelos;Torrevieja;44;Madrid
2019-08-01;Cercedilla;Torrevieja;38;Madrid
2019-08-01;Ciempozuelos;Torrevieja;327;Madrid
2019-08-01;Cobeña;Torrevieja;53;Madrid
2019-08-01;Colmenar de Oreja;Torrevieja;105;Madrid
2019-08-01;Colmenarejo;Torrevieja;49;Madrid
2019-08-01;Colmenar Viejo;Torrevieja;625;Madrid
2019-08-01;Collado Mediano;Torrevieja;47;Madrid
2019-08-01;Collado Villalba;Torrevieja;569;Madrid
2019-08-01;Coslada;Torrevieja;1131;Madrid
2019-08-01;Cubas de la Sagra;Torrevieja;92;Madrid
2019-08-01;Chinchón;Torrevieja;56;Madrid
2019-08-01;Daganzo de Arriba;Torrevieja;111;Madrid
2019-08-01;Escorial, El;Torrevieja;87;Madrid
2019-08-01;Fresno de Torote;Torrevieja;44;Madrid
2019-08-01;Fuenlabrada;Torrevieja;3796;Madrid
2019-08-01;Fuente el Saz de Jarama;Torrevieja;107;Madrid
2019-08-01;Galapagar;Torrevieja;246;Madrid
2019-08-01;Getafe;Torrevieja;2909;Madrid
2019-08-01;Griñón;Torrevieja;175;Madrid
2019-08-01;Guadalix de la Sierra;Torrevieja;55;Madrid
2019-08-01;Guadarrama;Torrevieja;130;Madrid
2019-08-01;Hoyo de Manzanares;Torrevieja;41;Madrid
2019-08-01;Humanes de Madrid;Torrevieja;370;Madrid
2019-08-01;Leganés;Torrevieja;3257;Madrid
2019-08-01;Loeches;Torrevieja;155;Madrid
2019-08-01;Madrid;Torrevieja;26767;Madrid
2019-08-01;Majadahonda;Torrevieja;320;Madrid
2019-08-01;Manzanares el Real;Torrevieja;44;Madrid
2019-08-01;Meco;Torrevieja;205;Madrid
2019-08-01;Mejorada del Campo;Torrevieja;416;Madrid
2019-08-01;Miraflores de la Sierra;Torrevieja;39;Madrid
2019-08-01;Molar, El;Torrevieja;92;Madrid
2019-08-01;Moraleja de Enmedio;Torrevieja;139;Madrid
2019-08-01;Moralzarzal;Torrevieja;93;Madrid
2019-08-01;Morata de Tajuña;Torrevieja;76;Madrid
2019-08-01;Móstoles;Torrevieja;3514;Madrid
2019-08-01;Navalcarnero;Torrevieja;379;Madrid
2019-08-01;Nuevo Baztán;Torrevieja;70;Madrid
2019-08-01;Paracuellos de Jarama;Torrevieja;245;Madrid
2019-08-01;Parla;Torrevieja;2233;Madrid
2019-08-01;Pedrezuela;Torrevieja;64;Madrid
2019-08-01;Pinto;Torrevieja;773;Madrid
2019-08-01;Pozuelo de Alarcón;Torrevieja;299;Madrid
2019-08-01;Pozuelo del Rey;Torrevieja;43;Madrid
2019-08-01;Quijorna;Torrevieja;66;Madrid
2019-08-01;Rivas-Vaciamadrid;Torrevieja;1015;Madrid
2019-08-01;Rozas de Madrid, Las;Torrevieja;490;Madrid
2019-08-01;San Agustín del Guadalix;Torrevieja;135;Madrid
2019-08-01;San Fernando de Henares;Torrevieja;797;Madrid
2019-08-01;San Lorenzo de El Escorial;Torrevieja;92;Madrid
2019-08-01;San Martín de la Vega;Torrevieja;274;Madrid
2019-08-01;San Martín de Valdeiglesias;Torrevieja;31;Madrid
2019-08-01;San Sebastián de los Reyes;Torrevieja;1285;Madrid
2019-08-01;Santos de la Humosa, Los;Torrevieja;39;Madrid
2019-08-01;Serranillos del Valle;Torrevieja;57;Madrid
2019-08-01;Sevilla la Nueva;Torrevieja;111;Madrid
2019-08-01;Soto del Real;Torrevieja;52;Madrid
2019-08-01;Talamanca de Jarama;Torrevieja;51;Madrid
2019-08-01;Tielmes;Torrevieja;35;Madrid
2019-08-01;Torrejón de Ardoz;Torrevieja;2006;Madrid
2019-08-01;Torrejón de la Calzada;Torrevieja;125;Madrid
2019-08-01;Torrejón de Velasco;Torrevieja;63;Madrid
2019-08-01;Torrelaguna;Torrevieja;35;Madrid
2019-08-01;Torrelodones;Torrevieja;92;Madrid
2019-08-01;Torres de la Alameda;Torrevieja;103;Madrid
2019-08-01;Valdemorillo;Torrevieja;66;Madrid
2019-08-01;Valdemoro;Torrevieja;1107;Madrid
2019-08-01;Valdeolmos-Alalpardo;Torrevieja;48;Madrid
2019-08-01;Valdetorres de Jarama;Torrevieja;57;Madrid
2019-08-01;Velilla de San Antonio;Torrevieja;201;Madrid
2019-08-01;Villaconejos;Torrevieja;30;Madrid
2019-08-01;Villa del Prado;Torrevieja;57;Madrid
2019-08-01;Villalbilla;Torrevieja;143;Madrid
2019-08-01;Villamanta;Torrevieja;40;Madrid
2019-08-01;Villanueva de la Cañada;Torrevieja;107;Madrid
2019-08-01;Villanueva del Pardillo;Torrevieja;116;Madrid
2019-08-01;Villarejo de Salvanés;Torrevieja;114;Madrid
2019-08-01;Villaviciosa de Odón;Torrevieja;217;Madrid
2019-08-01;Tres Cantos;Torrevieja;315;Madrid
2019-08-01;Benalmádena;Torrevieja;35;Málaga
2019-08-01;Málaga;Torrevieja;150;Málaga
2019-08-01;Marbella;Torrevieja;63;Málaga
2019-08-01;Mijas;Torrevieja;37;Málaga
2019-08-01;Torremolinos;Torrevieja;31;Málaga
2019-08-01;Abanilla;Torrevieja;109;Murcia
2019-08-01;Abarán;Torrevieja;179;Murcia
2019-08-01;Águilas;Torrevieja;41;Murcia
2019-08-01;Alcantarilla;Torrevieja;577;Murcia
2019-08-01;Alguazas;Torrevieja;169;Murcia
2019-08-01;Alhama de Murcia;Torrevieja;68;Murcia
2019-08-01;Archena;Torrevieja;227;Murcia
2019-08-01;Beniel;Torrevieja;600;Murcia
2019-08-01;Blanca;Torrevieja;94;Murcia
2019-08-01;Bullas;Torrevieja;46;Murcia
2019-08-01;Calasparra;Torrevieja;68;Murcia
2019-08-01;Campos del Río;Torrevieja;39;Murcia
2019-08-01;Caravaca de la Cruz;Torrevieja;200;Murcia
2019-08-01;Cartagena;Torrevieja;1346;Murcia
2019-08-01;Cehegín;Torrevieja;49;Murcia
2019-08-01;Ceutí;Torrevieja;152;Murcia
2019-08-01;Cieza;Torrevieja;395;Murcia
2019-08-01;Fortuna;Torrevieja;248;Murcia
2019-08-01;Fuente Álamo de Murcia;Torrevieja;58;Murcia
2019-08-01;Jumilla;Torrevieja;300;Murcia
2019-08-01;Librilla;Torrevieja;31;Murcia
2019-08-01;Lorca;Torrevieja;145;Murcia
2019-08-01;Lorquí;Torrevieja;117;Murcia
2019-08-01;Mazarrón;Torrevieja;46;Murcia
2019-08-01;Molina de Segura;Torrevieja;1814;Murcia
2019-08-01;Moratalla;Torrevieja;45;Murcia
2019-08-01;Mula;Torrevieja;155;Murcia
2019-08-01;Murcia;Torrevieja;12261;Murcia
2019-08-01;Ricote;Torrevieja;30;Murcia
2019-08-01;San Javier;Torrevieja;518;Murcia
2019-08-01;San Pedro del Pinatar;Torrevieja;544;Murcia
2019-08-01;Torre-Pacheco;Torrevieja;255;Murcia
2019-08-01;Torres de Cotillas, Las;Torrevieja;369;Murcia
2019-08-01;Totana;Torrevieja;35;Murcia
2019-08-01;Unión, La;Torrevieja;76;Murcia
2019-08-01;Villanueva del Río Segura;Torrevieja;57;Murcia
2019-08-01;Yecla;Torrevieja;362;Murcia
2019-08-01;Santomera;Torrevieja;560;Murcia
2019-08-01;Alcázares, Los;Torrevieja;172;Murcia
2019-08-01;Aranguren;Torrevieja;34;Navarra
2019-08-01;Burlada/Burlata;Torrevieja;66;Navarra
2019-08-01;Valle de Egüés/Eguesibar;Torrevieja;64;Navarra
2019-08-01;Noáin (Valle de Elorz)/Noain (Elortzibar);Torrevieja;50;Navarra
2019-08-01;Estella-Lizarra;Torrevieja;35;Navarra
2019-08-01;Pamplona/Iruña;Torrevieja;441;Navarra
2019-08-01;Tudela;Torrevieja;61;Navarra
2019-08-01;Villava/Atarrabia;Torrevieja;30;Navarra
2019-08-01;Barañáin/Barañain;Torrevieja;59;Navarra
2019-08-01;Zizur Mayor/Zizur Nagusia;Torrevieja;53;Navarra
2019-08-01;Ourense;Torrevieja;81;Ourense
2019-08-01;Avilés;Torrevieja;93;Asturias
2019-08-01;Castrillón;Torrevieja;31;Asturias
2019-08-01;Gijón;Torrevieja;341;Asturias
2019-08-01;Langreo;Torrevieja;89;Asturias
2019-08-01;Mieres;Torrevieja;71;Asturias
2019-08-01;Oviedo;Torrevieja;310;Asturias
2019-08-01;San Martín del Rey Aurelio;Torrevieja;39;Asturias
2019-08-01;Siero;Torrevieja;73;Asturias
2019-08-01;Palencia;Torrevieja;158;Palencia
2019-08-01;Villamuriel de Cerrato;Torrevieja;36;Palencia
2019-08-01;Mogán;Torrevieja;38;Palmas, Las
2019-08-01;Palmas de Gran Canaria, Las;Torrevieja;50;Palmas, Las
2019-08-01;Vigo;Torrevieja;70;Pontevedra
2019-08-01;Béjar;Torrevieja;39;Salamanca
2019-08-01;Salamanca;Torrevieja;427;Salamanca
2019-08-01;Santa Marta de Tormes;Torrevieja;59;Salamanca
2019-08-01;Puerto de la Cruz;Torrevieja;47;Santa Cruz de Tenerife
2019-08-01;Castro-Urdiales;Torrevieja;97;Cantabria
2019-08-01;Laredo;Torrevieja;37;Cantabria
2019-08-01;Noja;Torrevieja;37;Cantabria
2019-08-01;Santander;Torrevieja;53;Cantabria
2019-08-01;Cuéllar;Torrevieja;40;Segovia
2019-08-01;Espinar, El;Torrevieja;63;Segovia
2019-08-01;Palazuelos de Eresma;Torrevieja;35;Segovia
2019-08-01;Real Sitio de San Ildefonso;Torrevieja;44;Segovia
2019-08-01;Segovia;Torrevieja;282;Segovia
2019-08-01;Dos Hermanas;Torrevieja;39;Sevilla
2019-08-01;Sevilla;Torrevieja;142;Sevilla
2019-08-01;Soria;Torrevieja;49;Soria
2019-08-01;Salou;Torrevieja;45;Tarragona
2019-08-01;Teruel;Torrevieja;42;Teruel
2019-08-01;Alameda de la Sagra;Torrevieja;38;Toledo
2019-08-01;Argés;Torrevieja;68;Toledo
2019-08-01;Bargas;Torrevieja;104;Toledo
2019-08-01;Borox;Torrevieja;43;Toledo
2019-08-01;Calera y Chozas;Torrevieja;40;Toledo
2019-08-01;Camarena;Torrevieja;37;Toledo
2019-08-01;Carranque;Torrevieja;70;Toledo
2019-08-01;Casar de Escalona, El;Torrevieja;39;Toledo
2019-08-01;Casarrubios del Monte;Torrevieja;85;Toledo
2019-08-01;Cedillo del Condado;Torrevieja;69;Toledo
2019-08-01;Cobisa;Torrevieja;32;Toledo
2019-08-01;Consuegra;Torrevieja;47;Toledo
2019-08-01;Chozas de Canales;Torrevieja;47;Toledo
2019-08-01;Esquivias;Torrevieja;45;Toledo
2019-08-01;Fuensalida;Torrevieja;81;Toledo
2019-08-01;Guardia, La;Torrevieja;34;Toledo
2019-08-01;Illescas;Torrevieja;443;Toledo
2019-08-01;Madridejos;Torrevieja;83;Toledo
2019-08-01;Magán;Torrevieja;47;Toledo
2019-08-01;Méntrida;Torrevieja;63;Toledo
2019-08-01;Miguel Esteban;Torrevieja;42;Toledo
2019-08-01;Mocejón;Torrevieja;52;Toledo
2019-08-01;Mora;Torrevieja;49;Toledo
2019-08-01;Nambroca;Torrevieja;56;Toledo
2019-08-01;Noblejas;Torrevieja;31;Toledo
2019-08-01;Novés;Torrevieja;36;Toledo
2019-08-01;Numancia de la Sagra;Torrevieja;87;Toledo
2019-08-01;Ocaña;Torrevieja;163;Toledo
2019-08-01;Olías del Rey;Torrevieja;71;Toledo
2019-08-01;Ontígola;Torrevieja;54;Toledo
2019-08-01;Pantoja;Torrevieja;41;Toledo
2019-08-01;Polán;Torrevieja;40;Toledo
2019-08-01;Puebla de Almoradiel, La;Torrevieja;62;Toledo
2019-08-01;Puebla de Montalbán, La;Torrevieja;42;Toledo
2019-08-01;Quintanar de la Orden;Torrevieja;135;Toledo
2019-08-01;Recas;Torrevieja;58;Toledo
2019-08-01;Santa Cruz de la Zarza;Torrevieja;47;Toledo
2019-08-01;Santa Cruz del Retamar;Torrevieja;30;Toledo
2019-08-01;Seseña;Torrevieja;340;Toledo
2019-08-01;Sonseca;Torrevieja;65;Toledo
2019-08-01;Talavera de la Reina;Torrevieja;540;Toledo
2019-08-01;Toledo;Torrevieja;658;Toledo
2019-08-01;Torrijos;Torrevieja;64;Toledo
2019-08-01;Ugena;Torrevieja;80;Toledo
2019-08-01;Valmojado;Torrevieja;50;Toledo
2019-08-01;Ventas de Retamosa, Las;Torrevieja;41;Toledo
2019-08-01;Villacañas;Torrevieja;105;Toledo
2019-08-01;Villa de Don Fadrique, La;Torrevieja;42;Toledo
2019-08-01;Villafranca de los Caballeros;Torrevieja;73;Toledo
2019-08-01;Villaluenga de la Sagra;Torrevieja;58;Toledo
2019-08-01;Villanueva de Alcardete;Torrevieja;32;Toledo
2019-08-01;Villasequilla;Torrevieja;50;Toledo
2019-08-01;Villatobas;Torrevieja;67;Toledo
2019-08-01;Viso de San Juan, El;Torrevieja;43;Toledo
2019-08-01;Yeles;Torrevieja;102;Toledo
2019-08-01;Yepes;Torrevieja;71;Toledo
2019-08-01;Yuncler;Torrevieja;36;Toledo
2019-08-01;Yuncos;Torrevieja;209;Toledo
2019-08-01;Alaquàs;Torrevieja;42;Valencia/València
2019-08-01;Alboraia/Alboraya;Torrevieja;36;Valencia/València
2019-08-01;Alzira;Torrevieja;90;Valencia/València
2019-08-01;Alcúdia, l';Torrevieja;30;Valencia/València
2019-08-01;Aldaia;Torrevieja;33;Valencia/València
2019-08-01;Bétera;Torrevieja;85;Valencia/València
2019-08-01;Burjassot;Torrevieja;36;Valencia/València
2019-08-01;Canals;Torrevieja;37;Valencia/València
2019-08-01;Quart de Poblet;Torrevieja;32;Valencia/València
2019-08-01;Xirivella;Torrevieja;36;Valencia/València
2019-08-01;Favara;Torrevieja;30;Valencia/València
2019-08-01;Gandia;Torrevieja;69;Valencia/València
2019-08-01;Xàtiva;Torrevieja;44;Valencia/València
2019-08-01;Manises;Torrevieja;35;Valencia/València
2019-08-01;Mislata;Torrevieja;41;Valencia/València
2019-08-01;Ontinyent;Torrevieja;54;Valencia/València
2019-08-01;Paiporta;Torrevieja;45;Valencia/València
2019-08-01;Paterna;Torrevieja;98;Valencia/València
2019-08-01;Picassent;Torrevieja;33;Valencia/València
2019-08-01;Pobla de Vallbona, la;Torrevieja;43;Valencia/València
2019-08-01;Puig de Santa Maria, el;Torrevieja;30;Valencia/València
2019-08-01;Requena;Torrevieja;44;Valencia/València
2019-08-01;Riba-roja de Túria;Torrevieja;44;Valencia/València
2019-08-01;Sagunto/Sagunt;Torrevieja;64;Valencia/València
2019-08-01;Silla;Torrevieja;33;Valencia/València
2019-08-01;Sueca;Torrevieja;37;Valencia/València
2019-08-01;Torrent;Torrevieja;98;Valencia/València
2019-08-01;València;Torrevieja;1167;Valencia/València
2019-08-01;Arroyo de la Encomienda;Torrevieja;122;Valladolid
2019-08-01;Cistérniga;Torrevieja;53;Valladolid
2019-08-01;Laguna de Duero;Torrevieja;166;Valladolid
2019-08-01;Medina del Campo;Torrevieja;69;Valladolid
2019-08-01;Pedrajas de San Esteban;Torrevieja;39;Valladolid
2019-08-01;Simancas;Torrevieja;30;Valladolid
2019-08-01;Tudela de Duero;Torrevieja;33;Valladolid
2019-08-01;Valladolid;Torrevieja;1446;Valladolid
2019-08-01;Abadiño;Torrevieja;34;Bizkaia
2019-08-01;Abanto y Ciérvana-Abanto Zierbena;Torrevieja;30;Bizkaia
2019-08-01;Amorebieta-Etxano;Torrevieja;86;Bizkaia
2019-08-01;Arrigorriaga;Torrevieja;34;Bizkaia
2019-08-01;Barakaldo;Torrevieja;251;Bizkaia
2019-08-01;Basauri;Torrevieja;149;Bizkaia
2019-08-01;Bermeo;Torrevieja;47;Bizkaia
2019-08-01;Bilbao;Torrevieja;855;Bizkaia
2019-08-01;Durango;Torrevieja;115;Bizkaia
2019-08-01;Etxebarri;Torrevieja;51;Bizkaia
2019-08-01;Ermua;Torrevieja;62;Bizkaia
2019-08-01;Galdakao;Torrevieja;73;Bizkaia
2019-08-01;Getxo;Torrevieja;142;Bizkaia
2019-08-01;Leioa;Torrevieja;106;Bizkaia
2019-08-01;Mungia;Torrevieja;34;Bizkaia
2019-08-01;Muskiz;Torrevieja;33;Bizkaia
2019-08-01;Ondarroa;Torrevieja;32;Bizkaia
2019-08-01;Portugalete;Torrevieja;100;Bizkaia
2019-08-01;Valle de Trápaga-Trapagaran;Torrevieja;42;Bizkaia
2019-08-01;Santurtzi;Torrevieja;111;Bizkaia
2019-08-01;Sestao;Torrevieja;56;Bizkaia
2019-08-01;Erandio;Torrevieja;78;Bizkaia
2019-08-01;Iurreta;Torrevieja;38;Bizkaia
2019-08-01;Benavente;Torrevieja;33;Zamora
2019-08-01;Zamora;Torrevieja;83;Zamora
2019-08-01;Cuarte de Huerva;Torrevieja;34;Zaragoza
2019-08-01;Zaragoza;Torrevieja;556;Zaragoza
2019-08-01;Melilla;Torrevieja;41;Melilla
2019-09-01;Vitoria-Gasteiz;Torrevieja;485;Araba/Álava
2019-09-01;Albacete;Torrevieja;1207;Albacete
2019-09-01;Almansa;Torrevieja;61;Albacete
2019-09-01;Barrax;Torrevieja;43;Albacete
2019-09-01;Caudete;Torrevieja;35;Albacete
2019-09-01;Chinchilla de Monte-Aragón;Torrevieja;68;Albacete
2019-09-01;Hellín;Torrevieja;122;Albacete
2019-09-01;Roda, La;Torrevieja;58;Albacete
2019-09-01;Villarrobledo;Torrevieja;98;Albacete
2019-09-01;Almería;Torrevieja;69;Almería
2019-09-01;Roquetas de Mar;Torrevieja;52;Almería
2019-09-01;Ejido, El;Torrevieja;30;Almería
2019-09-01;Ávila;Torrevieja;127;Ávila
2019-09-01;Palma;Torrevieja;62;Balears, Illes
2019-09-01;Barcelona;Torrevieja;307;Barcelona
2019-09-01;Hospitalet de Llobregat, L';Torrevieja;36;Barcelona
2019-09-01;Rubí;Torrevieja;36;Barcelona
2019-09-01;Terrassa;Torrevieja;34;Barcelona
2019-09-01;Aranda de Duero;Torrevieja;98;Burgos
2019-09-01;Burgos;Torrevieja;415;Burgos
2019-09-01;Miranda de Ebro;Torrevieja;65;Burgos
2019-09-01;Cáceres;Torrevieja;40;Cáceres
2019-09-01;Plasencia;Torrevieja;41;Cáceres
2019-09-01;Arcos de la Frontera;Torrevieja;46;Cádiz
2019-09-01;Castelló de la Plana;Torrevieja;54;Castellón/Castelló
2019-09-01;Vila-real;Torrevieja;42;Castellón/Castelló
2019-09-01;Alcázar de San Juan;Torrevieja;78;Ciudad Real
2019-09-01;Argamasilla de Alba;Torrevieja;47;Ciudad Real
2019-09-01;Bolaños de Calatrava;Torrevieja;43;Ciudad Real
2019-09-01;Campo de Criptana;Torrevieja;34;Ciudad Real
2019-09-01;Ciudad Real;Torrevieja;230;Ciudad Real
2019-09-01;Daimiel;Torrevieja;64;Ciudad Real
2019-09-01;Malagón;Torrevieja;45;Ciudad Real
2019-09-01;Manzanares;Torrevieja;34;Ciudad Real
2019-09-01;Miguelturra;Torrevieja;34;Ciudad Real
2019-09-01;Pedro Muñoz;Torrevieja;34;Ciudad Real
2019-09-01;Puertollano;Torrevieja;149;Ciudad Real
2019-09-01;Socuéllamos;Torrevieja;32;Ciudad Real
2019-09-01;Tomelloso;Torrevieja;126;Ciudad Real
2019-09-01;Valdepeñas;Torrevieja;77;Ciudad Real
2019-09-01;Córdoba;Torrevieja;65;Córdoba
2019-09-01;Coruña, A;Torrevieja;42;Coruña, A
2019-09-01;Cuenca;Torrevieja;56;Cuenca
2019-09-01;San Clemente;Torrevieja;74;Cuenca
2019-09-01;Tarancón;Torrevieja;46;Cuenca
2019-09-01;Blanes;Torrevieja;49;Girona
2019-09-01;Castelló d'Empúries;Torrevieja;34;Girona
2019-09-01;Girona;Torrevieja;30;Girona
2019-09-01;Almuñécar;Torrevieja;39;Granada
2019-09-01;Granada;Torrevieja;71;Granada
2019-09-01;Alovera;Torrevieja;66;Guadalajara
2019-09-01;Azuqueca de Henares;Torrevieja;109;Guadalajara
2019-09-01;Galápagos;Torrevieja;35;Guadalajara
2019-09-01;Guadalajara;Torrevieja;171;Guadalajara
2019-09-01;Torrejón del Rey;Torrevieja;30;Guadalajara
2019-09-01;Villanueva de la Torre;Torrevieja;45;Guadalajara
2019-09-01;Eibar;Torrevieja;43;Gipuzkoa
2019-09-01;Hernani;Torrevieja;30;Gipuzkoa
2019-09-01;Irun;Torrevieja;72;Gipuzkoa
2019-09-01;Errenteria;Torrevieja;55;Gipuzkoa
2019-09-01;Donostia/San Sebastián;Torrevieja;132;Gipuzkoa
2019-09-01;León;Torrevieja;170;León
2019-09-01;Ponferrada;Torrevieja;35;León
2019-09-01;San Andrés del Rabanedo;Torrevieja;57;León
2019-09-01;Lleida;Torrevieja;39;Lleida
2019-09-01;Logroño;Torrevieja;170;Rioja, La
2019-09-01;Alcalá de Henares;Torrevieja;892;Madrid
2019-09-01;Alcobendas;Torrevieja;317;Madrid
2019-09-01;Alcorcón;Torrevieja;737;Madrid
2019-09-01;Algete;Torrevieja;54;Madrid
2019-09-01;Alpedrete;Torrevieja;44;Madrid
2019-09-01;Aranjuez;Torrevieja;167;Madrid
2019-09-01;Arganda del Rey;Torrevieja;275;Madrid
2019-09-01;Arroyomolinos;Torrevieja;91;Madrid
2019-09-01;Boadilla del Monte;Torrevieja;71;Madrid
2019-09-01;Boalo, El;Torrevieja;31;Madrid
2019-09-01;Camarma de Esteruelas;Torrevieja;46;Madrid
2019-09-01;Cercedilla;Torrevieja;32;Madrid
2019-09-01;Ciempozuelos;Torrevieja;114;Madrid
2019-09-01;Colmenar de Oreja;Torrevieja;34;Madrid
2019-09-01;Colmenar Viejo;Torrevieja;206;Madrid
2019-09-01;Collado Villalba;Torrevieja;233;Madrid
2019-09-01;Coslada;Torrevieja;392;Madrid
2019-09-01;Cubas de la Sagra;Torrevieja;34;Madrid
2019-09-01;Daganzo de Arriba;Torrevieja;40;Madrid
2019-09-01;Escorial, El;Torrevieja;32;Madrid
2019-09-01;Fuenlabrada;Torrevieja;1029;Madrid
2019-09-01;Fuente el Saz de Jarama;Torrevieja;34;Madrid
2019-09-01;Galapagar;Torrevieja;99;Madrid
2019-09-01;Getafe;Torrevieja;901;Madrid
2019-09-01;Griñón;Torrevieja;58;Madrid
2019-09-01;Guadarrama;Torrevieja;56;Madrid
2019-09-01;Humanes de Madrid;Torrevieja;84;Madrid
2019-09-01;Leganés;Torrevieja;868;Madrid
2019-09-01;Loeches;Torrevieja;36;Madrid
2019-09-01;Madrid;Torrevieja;9035;Madrid
2019-09-01;Majadahonda;Torrevieja;110;Madrid
2019-09-01;Meco;Torrevieja;49;Madrid
2019-09-01;Mejorada del Campo;Torrevieja;135;Madrid
2019-09-01;Moraleja de Enmedio;Torrevieja;44;Madrid
2019-09-01;Moralzarzal;Torrevieja;40;Madrid
2019-09-01;Morata de Tajuña;Torrevieja;30;Madrid
2019-09-01;Móstoles;Torrevieja;1025;Madrid
2019-09-01;Navalcarnero;Torrevieja;118;Madrid
2019-09-01;Paracuellos de Jarama;Torrevieja;58;Madrid
2019-09-01;Parla;Torrevieja;572;Madrid
2019-09-01;Pinto;Torrevieja;181;Madrid
2019-09-01;Pozuelo de Alarcón;Torrevieja;88;Madrid
2019-09-01;Rivas-Vaciamadrid;Torrevieja;332;Madrid
2019-09-01;Robledo de Chavela;Torrevieja;31;Madrid
2019-09-01;Rozas de Madrid, Las;Torrevieja;140;Madrid
2019-09-01;San Agustín del Guadalix;Torrevieja;41;Madrid
2019-09-01;San Fernando de Henares;Torrevieja;241;Madrid
2019-09-01;San Lorenzo de El Escorial;Torrevieja;48;Madrid
2019-09-01;San Martín de la Vega;Torrevieja;96;Madrid
2019-09-01;San Martín de Valdeiglesias;Torrevieja;71;Madrid
2019-09-01;San Sebastián de los Reyes;Torrevieja;374;Madrid
2019-09-01;Soto del Real;Torrevieja;47;Madrid
2019-09-01;Torrejón de Ardoz;Torrevieja;594;Madrid
2019-09-01;Torrejón de la Calzada;Torrevieja;48;Madrid
2019-09-01;Torrelodones;Torrevieja;53;Madrid
2019-09-01;Torres de la Alameda;Torrevieja;31;Madrid
2019-09-01;Valdemorillo;Torrevieja;40;Madrid
2019-09-01;Valdemoro;Torrevieja;324;Madrid
2019-09-01;Valdetorres de Jarama;Torrevieja;30;Madrid
2019-09-01;Velilla de San Antonio;Torrevieja;90;Madrid
2019-09-01;Villalbilla;Torrevieja;36;Madrid
2019-09-01;Villanueva de la Cañada;Torrevieja;48;Madrid
2019-09-01;Villanueva del Pardillo;Torrevieja;64;Madrid
2019-09-01;Villaviciosa de Odón;Torrevieja;81;Madrid
2019-09-01;Tres Cantos;Torrevieja;94;Madrid
2019-09-01;Benalmádena;Torrevieja;40;Málaga
2019-09-01;Cártama;Torrevieja;30;Málaga
2019-09-01;Fuengirola;Torrevieja;30;Málaga
2019-09-01;Málaga;Torrevieja;94;Málaga
2019-09-01;Marbella;Torrevieja;86;Málaga
2019-09-01;Mijas;Torrevieja;43;Málaga
2019-09-01;Abanilla;Torrevieja;58;Murcia
2019-09-01;Abarán;Torrevieja;62;Murcia
2019-09-01;Águilas;Torrevieja;56;Murcia
2019-09-01;Alcantarilla;Torrevieja;207;Murcia
2019-09-01;Alguazas;Torrevieja;54;Murcia
2019-09-01;Archena;Torrevieja;107;Murcia
2019-09-01;Beniel;Torrevieja;183;Murcia
2019-09-01;Blanca;Torrevieja;73;Murcia
2019-09-01;Caravaca de la Cruz;Torrevieja;51;Murcia
2019-09-01;Cartagena;Torrevieja;739;Murcia
2019-09-01;Ceutí;Torrevieja;47;Murcia
2019-09-01;Cieza;Torrevieja;156;Murcia
2019-09-01;Fortuna;Torrevieja;73;Murcia
2019-09-01;Jumilla;Torrevieja;81;Murcia
2019-09-01;Lorca;Torrevieja;43;Murcia
2019-09-01;Lorquí;Torrevieja;31;Murcia
2019-09-01;Mazarrón;Torrevieja;119;Murcia
2019-09-01;Molina de Segura;Torrevieja;559;Murcia
2019-09-01;Murcia;Torrevieja;4734;Murcia
2019-09-01;San Javier;Torrevieja;284;Murcia
2019-09-01;San Pedro del Pinatar;Torrevieja;363;Murcia
2019-09-01;Torre-Pacheco;Torrevieja;163;Murcia
2019-09-01;Torres de Cotillas, Las;Torrevieja;102;Murcia
2019-09-01;Unión, La;Torrevieja;30;Murcia
2019-09-01;Yecla;Torrevieja;100;Murcia
2019-09-01;Santomera;Torrevieja;156;Murcia
2019-09-01;Alcázares, Los;Torrevieja;126;Murcia
2019-09-01;Burlada/Burlata;Torrevieja;33;Navarra
2019-09-01;Noáin (Valle de Elorz)/Noain (Elortzibar);Torrevieja;35;Navarra
2019-09-01;Pamplona/Iruña;Torrevieja;187;Navarra
2019-09-01;Tudela;Torrevieja;42;Navarra
2019-09-01;Avilés;Torrevieja;71;Asturias
2019-09-01;Gijón;Torrevieja;233;Asturias
2019-09-01;Gozón;Torrevieja;45;Asturias
2019-09-01;Langreo;Torrevieja;30;Asturias
2019-09-01;Mieres;Torrevieja;40;Asturias
2019-09-01;Oviedo;Torrevieja;179;Asturias
2019-09-01;Siero;Torrevieja;42;Asturias
2019-09-01;Palencia;Torrevieja;83;Palencia
2019-09-01;Mogán;Torrevieja;56;Palmas, Las
2019-09-01;Palmas de Gran Canaria, Las;Torrevieja;44;Palmas, Las
2019-09-01;San Bartolomé de Tirajana;Torrevieja;34;Palmas, Las
2019-09-01;Vigo;Torrevieja;34;Pontevedra
2019-09-01;Ciudad Rodrigo;Torrevieja;38;Salamanca
2019-09-01;Salamanca;Torrevieja;152;Salamanca
2019-09-01;Santa Marta de Tormes;Torrevieja;33;Salamanca
2019-09-01;Orotava, La;Torrevieja;30;Santa Cruz de Tenerife
2019-09-01;Castro-Urdiales;Torrevieja;54;Cantabria
2019-09-01;Noja;Torrevieja;44;Cantabria
2019-09-01;Santander;Torrevieja;67;Cantabria
2019-09-01;Torrelavega;Torrevieja;45;Cantabria
2019-09-01;Cuéllar;Torrevieja;50;Segovia
2019-09-01;Real Sitio de San Ildefonso;Torrevieja;46;Segovia
2019-09-01;Segovia;Torrevieja;140;Segovia
2019-09-01;Sevilla;Torrevieja;81;Sevilla
2019-09-01;Bargas;Torrevieja;32;Toledo
2019-09-01;Casarrubios del Monte;Torrevieja;44;Toledo
2019-09-01;Fuensalida;Torrevieja;35;Toledo
2019-09-01;Illescas;Torrevieja;100;Toledo
2019-09-01;Madridejos;Torrevieja;36;Toledo
2019-09-01;Méntrida;Torrevieja;38;Toledo
2019-09-01;Mora;Torrevieja;40;Toledo
2019-09-01;Ocaña;Torrevieja;56;Toledo
2019-09-01;Quintanar de la Orden;Torrevieja;32;Toledo
2019-09-01;Seseña;Torrevieja;91;Toledo
2019-09-01;Sonseca;Torrevieja;40;Toledo
2019-09-01;Talavera de la Reina;Torrevieja;181;Toledo
2019-09-01;Toledo;Torrevieja;211;Toledo
2019-09-01;Torrijos;Torrevieja;40;Toledo
2019-09-01;Villacañas;Torrevieja;31;Toledo
2019-09-01;Yeles;Torrevieja;32;Toledo
2019-09-01;Yuncos;Torrevieja;63;Toledo
2019-09-01;Alzira;Torrevieja;48;Valencia/València
2019-09-01;Burjassot;Torrevieja;34;Valencia/València
2019-09-01;Chiva;Torrevieja;33;Valencia/València
2019-09-01;Gandia;Torrevieja;65;Valencia/València
2019-09-01;Xàtiva;Torrevieja;53;Valencia/València
2019-09-01;Llíria;Torrevieja;32;Valencia/València
2019-09-01;Ontinyent;Torrevieja;41;Valencia/València
2019-09-01;Paterna;Torrevieja;64;Valencia/València
2019-09-01;Sagunto/Sagunt;Torrevieja;58;Valencia/València
2019-09-01;Torrent;Torrevieja;46;Valencia/València
2019-09-01;València;Torrevieja;761;Valencia/València
2019-09-01;Arroyo de la Encomienda;Torrevieja;30;Valladolid
2019-09-01;Laguna de Duero;Torrevieja;46;Valladolid
2019-09-01;Valladolid;Torrevieja;566;Valladolid
2019-09-01;Barakaldo;Torrevieja;109;Bizkaia
2019-09-01;Basauri;Torrevieja;62;Bizkaia
2019-09-01;Bermeo;Torrevieja;52;Bizkaia
2019-09-01;Bilbao;Torrevieja;319;Bizkaia
2019-09-01;Durango;Torrevieja;39;Bizkaia
2019-09-01;Ermua;Torrevieja;38;Bizkaia
2019-09-01;Galdakao;Torrevieja;43;Bizkaia
2019-09-01;Getxo;Torrevieja;75;Bizkaia
2019-09-01;Leioa;Torrevieja;36;Bizkaia
2019-09-01;Portugalete;Torrevieja;39;Bizkaia
2019-09-01;Santurtzi;Torrevieja;50;Bizkaia
2019-09-01;Sestao;Torrevieja;34;Bizkaia
2019-09-01;Benavente;Torrevieja;48;Zamora
2019-09-01;Zamora;Torrevieja;46;Zamora
2019-09-01;Zaragoza;Torrevieja;174;Zaragoza
2019-09-01;Melilla;Torrevieja;41;Melilla
2019-10-01;Vitoria-Gasteiz;Torrevieja;221;Araba/Álava
2019-10-01;Albacete;Torrevieja;694;Albacete
2019-10-01;Almansa;Torrevieja;35;Albacete
2019-10-01;Hellín;Torrevieja;52;Albacete
2019-10-01;Roda, La;Torrevieja;40;Albacete
2019-10-01;Villarrobledo;Torrevieja;54;Albacete
2019-10-01;Almería;Torrevieja;52;Almería
2019-10-01;Roquetas de Mar;Torrevieja;46;Almería
2019-10-01;Ávila;Torrevieja;41;Ávila
2019-10-01;Calvià;Torrevieja;33;Balears, Illes
2019-10-01;Palma;Torrevieja;44;Balears, Illes
2019-10-01;Santa Eulària des Riu;Torrevieja;31;Balears, Illes
2019-10-01;Barcelona;Torrevieja;156;Barcelona
2019-10-01;Aranda de Duero;Torrevieja;33;Burgos
2019-10-01;Burgos;Torrevieja;226;Burgos
2019-10-01;Puerto de Santa María, El;Torrevieja;33;Cádiz
2019-10-01;Castelló de la Plana;Torrevieja;54;Castellón/Castelló
2019-10-01;Alcázar de San Juan;Torrevieja;32;Ciudad Real
2019-10-01;Ciudad Real;Torrevieja;100;Ciudad Real
2019-10-01;Puertollano;Torrevieja;48;Ciudad Real
2019-10-01;Tomelloso;Torrevieja;49;Ciudad Real
2019-10-01;Valdepeñas;Torrevieja;38;Ciudad Real
2019-10-01;Córdoba;Torrevieja;44;Córdoba
2019-10-01;Coruña, A;Torrevieja;40;Coruña, A
2019-10-01;Cuenca;Torrevieja;45;Cuenca
2019-10-01;Blanes;Torrevieja;31;Girona
2019-10-01;Granada;Torrevieja;41;Granada
2019-10-01;Azuqueca de Henares;Torrevieja;39;Guadalajara
2019-10-01;Guadalajara;Torrevieja;56;Guadalajara
2019-10-01;Donostia/San Sebastián;Torrevieja;96;Gipuzkoa
2019-10-01;León;Torrevieja;63;León
2019-10-01;Logroño;Torrevieja;101;Rioja, La
2019-10-01;Álamo, El;Torrevieja;51;Madrid
2019-10-01;Alcalá de Henares;Torrevieja;311;Madrid
2019-10-01;Alcobendas;Torrevieja;95;Madrid
2019-10-01;Alcorcón;Torrevieja;278;Madrid
2019-10-01;Algete;Torrevieja;40;Madrid
2019-10-01;Aranjuez;Torrevieja;93;Madrid
2019-10-01;Arganda del Rey;Torrevieja;104;Madrid
2019-10-01;Arroyomolinos;Torrevieja;35;Madrid
2019-10-01;Colmenar Viejo;Torrevieja;80;Madrid
2019-10-01;Collado Villalba;Torrevieja;84;Madrid
2019-10-01;Coslada;Torrevieja;100;Madrid
2019-10-01;Fuenlabrada;Torrevieja;282;Madrid
2019-10-01;Galapagar;Torrevieja;44;Madrid
2019-10-01;Getafe;Torrevieja;245;Madrid
2019-10-01;Griñón;Torrevieja;40;Madrid
2019-10-01;Guadarrama;Torrevieja;31;Madrid
2019-10-01;Leganés;Torrevieja;263;Madrid
2019-10-01;Madrid;Torrevieja;3075;Madrid
2019-10-01;Majadahonda;Torrevieja;38;Madrid
2019-10-01;Mejorada del Campo;Torrevieja;76;Madrid
2019-10-01;Móstoles;Torrevieja;299;Madrid
2019-10-01;Parla;Torrevieja;144;Madrid
2019-10-01;Pinto;Torrevieja;65;Madrid
2019-10-01;Pozuelo de Alarcón;Torrevieja;50;Madrid
2019-10-01;Rivas-Vaciamadrid;Torrevieja;78;Madrid
2019-10-01;Rozas de Madrid, Las;Torrevieja;72;Madrid
2019-10-01;San Fernando de Henares;Torrevieja;57;Madrid
2019-10-01;San Lorenzo de El Escorial;Torrevieja;34;Madrid
2019-10-01;San Martín de la Vega;Torrevieja;42;Madrid
2019-10-01;San Sebastián de los Reyes;Torrevieja;110;Madrid
2019-10-01;Torrejón de Ardoz;Torrevieja;198;Madrid
2019-10-01;Valdemoro;Torrevieja;99;Madrid
2019-10-01;Velilla de San Antonio;Torrevieja;36;Madrid
2019-10-01;Villaviciosa de Odón;Torrevieja;48;Madrid
2019-10-01;Tres Cantos;Torrevieja;38;Madrid
2019-10-01;Málaga;Torrevieja;70;Málaga
2019-10-01;Marbella;Torrevieja;46;Málaga
2019-10-01;Mijas;Torrevieja;31;Málaga
2019-10-01;Abanilla;Torrevieja;33;Murcia
2019-10-01;Águilas;Torrevieja;46;Murcia
2019-10-01;Alcantarilla;Torrevieja;75;Murcia
2019-10-01;Alhama de Murcia;Torrevieja;37;Murcia
2019-10-01;Archena;Torrevieja;60;Murcia
2019-10-01;Beniel;Torrevieja;76;Murcia
2019-10-01;Caravaca de la Cruz;Torrevieja;32;Murcia
2019-10-01;Cartagena;Torrevieja;647;Murcia
2019-10-01;Ceutí;Torrevieja;33;Murcia
2019-10-01;Cieza;Torrevieja;55;Murcia
2019-10-01;Fortuna;Torrevieja;48;Murcia
2019-10-01;Lorca;Torrevieja;53;Murcia
2019-10-01;Mazarrón;Torrevieja;91;Murcia
2019-10-01;Molina de Segura;Torrevieja;279;Murcia
2019-10-01;Murcia;Torrevieja;2359;Murcia
2019-10-01;San Javier;Torrevieja;290;Murcia
2019-10-01;San Pedro del Pinatar;Torrevieja;408;Murcia
2019-10-01;Torre-Pacheco;Torrevieja;131;Murcia
2019-10-01;Torres de Cotillas, Las;Torrevieja;85;Murcia
2019-10-01;Unión, La;Torrevieja;35;Murcia
2019-10-01;Yecla;Torrevieja;79;Murcia
2019-10-01;Santomera;Torrevieja;61;Murcia
2019-10-01;Alcázares, Los;Torrevieja;84;Murcia
2019-10-01;Pamplona/Iruña;Torrevieja;89;Navarra
2019-10-01;Avilés;Torrevieja;72;Asturias
2019-10-01;Gijón;Torrevieja;155;Asturias
2019-10-01;Mieres;Torrevieja;33;Asturias
2019-10-01;Oviedo;Torrevieja;86;Asturias
2019-10-01;Siero;Torrevieja;53;Asturias
2019-10-01;Palencia;Torrevieja;33;Palencia
2019-10-01;Mogán;Torrevieja;36;Palmas, Las
2019-10-01;San Bartolomé de Tirajana;Torrevieja;30;Palmas, Las
2019-10-01;Pontevedra;Torrevieja;31;Pontevedra
2019-10-01;Salamanca;Torrevieja;55;Salamanca
2019-10-01;Arona;Torrevieja;33;Santa Cruz de Tenerife
2019-10-01;Castro-Urdiales;Torrevieja;30;Cantabria
2019-10-01;Laredo;Torrevieja;37;Cantabria
2019-10-01;Santander;Torrevieja;33;Cantabria
2019-10-01;Segovia;Torrevieja;65;Segovia
2019-10-01;Sevilla;Torrevieja;108;Sevilla
2019-10-01;Talavera de la Reina;Torrevieja;46;Toledo
2019-10-01;Toledo;Torrevieja;62;Toledo
2019-10-01;Alboraia/Alboraya;Torrevieja;39;Valencia/València
2019-10-01;Alzira;Torrevieja;59;Valencia/València
2019-10-01;Algemesí;Torrevieja;42;Valencia/València
2019-10-01;Bétera;Torrevieja;31;Valencia/València
2019-10-01;Gandia;Torrevieja;76;Valencia/València
2019-10-01;Xàtiva;Torrevieja;74;Valencia/València
2019-10-01;Oliva;Torrevieja;32;Valencia/València
2019-10-01;Ontinyent;Torrevieja;40;Valencia/València
2019-10-01;Paterna;Torrevieja;53;Valencia/València
2019-10-01;Sagunto/Sagunt;Torrevieja;63;Valencia/València
2019-10-01;Torrent;Torrevieja;66;Valencia/València
2019-10-01;València;Torrevieja;654;Valencia/València
2019-10-01;Valladolid;Torrevieja;261;Valladolid
2019-10-01;Barakaldo;Torrevieja;44;Bizkaia
2019-10-01;Bermeo;Torrevieja;46;Bizkaia
2019-10-01;Bilbao;Torrevieja;137;Bizkaia
2019-10-01;Santurtzi;Torrevieja;40;Bizkaia
2019-10-01;Zaragoza;Torrevieja;85;Zaragoza
2019-11-01;Vitoria-Gasteiz;Torrevieja;161;Araba/Álava
2019-11-01;Albacete;Torrevieja;546;Albacete
2019-11-01;Almansa;Torrevieja;35;Albacete
2019-11-01;Hellín;Torrevieja;60;Albacete
2019-11-01;Roda, La;Torrevieja;37;Albacete
2019-11-01;Almería;Torrevieja;46;Almería
2019-11-01;Roquetas de Mar;Torrevieja;36;Almería
2019-11-01;Palma;Torrevieja;51;Balears, Illes
2019-11-01;Barcelona;Torrevieja;140;Barcelona
2019-11-01;Burgos;Torrevieja;115;Burgos
2019-11-01;Jerez de la Frontera;Torrevieja;38;Cádiz
2019-11-01;Castelló de la Plana;Torrevieja;61;Castellón/Castelló
2019-11-01;Ciudad Real;Torrevieja;67;Ciudad Real
2019-11-01;Puertollano;Torrevieja;46;Ciudad Real
2019-11-01;Socuéllamos;Torrevieja;32;Ciudad Real
2019-11-01;Tomelloso;Torrevieja;69;Ciudad Real
2019-11-01;Valdepeñas;Torrevieja;43;Ciudad Real
2019-11-01;Puente Genil;Torrevieja;31;Córdoba
2019-11-01;Granada;Torrevieja;43;Granada
2019-11-01;Azuqueca de Henares;Torrevieja;38;Guadalajara
2019-11-01;Guadalajara;Torrevieja;42;Guadalajara
2019-11-01;Donostia/San Sebastián;Torrevieja;83;Gipuzkoa
2019-11-01;León;Torrevieja;49;León
2019-11-01;Logroño;Torrevieja;55;Rioja, La
2019-11-01;Álamo, El;Torrevieja;46;Madrid
2019-11-01;Alcalá de Henares;Torrevieja;267;Madrid
2019-11-01;Alcobendas;Torrevieja;102;Madrid
2019-11-01;Alcorcón;Torrevieja;220;Madrid
2019-11-01;Algete;Torrevieja;33;Madrid
2019-11-01;Aranjuez;Torrevieja;64;Madrid
2019-11-01;Arganda del Rey;Torrevieja;73;Madrid
2019-11-01;Arroyomolinos;Torrevieja;36;Madrid
2019-11-01;Boadilla del Monte;Torrevieja;38;Madrid
2019-11-01;Ciempozuelos;Torrevieja;51;Madrid
2019-11-01;Colmenar Viejo;Torrevieja;64;Madrid
2019-11-01;Collado Villalba;Torrevieja;71;Madrid
2019-11-01;Coslada;Torrevieja;122;Madrid
2019-11-01;Cubas de la Sagra;Torrevieja;37;Madrid
2019-11-01;Fuenlabrada;Torrevieja;300;Madrid
2019-11-01;Galapagar;Torrevieja;31;Madrid
2019-11-01;Getafe;Torrevieja;289;Madrid
2019-11-01;Humanes de Madrid;Torrevieja;31;Madrid
2019-11-01;Leganés;Torrevieja;280;Madrid
2019-11-01;Madrid;Torrevieja;2935;Madrid
2019-11-01;Majadahonda;Torrevieja;32;Madrid
2019-11-01;Mejorada del Campo;Torrevieja;57;Madrid
2019-11-01;Móstoles;Torrevieja;277;Madrid
2019-11-01;Parla;Torrevieja;165;Madrid
2019-11-01;Pinto;Torrevieja;65;Madrid
2019-11-01;Pozuelo de Alarcón;Torrevieja;48;Madrid
2019-11-01;Rivas-Vaciamadrid;Torrevieja;106;Madrid
2019-11-01;Rozas de Madrid, Las;Torrevieja;48;Madrid
2019-11-01;San Fernando de Henares;Torrevieja;52;Madrid
2019-11-01;San Martín de la Vega;Torrevieja;31;Madrid
2019-11-01;San Sebastián de los Reyes;Torrevieja;120;Madrid
2019-11-01;Torrejón de Ardoz;Torrevieja;178;Madrid
2019-11-01;Valdemorillo;Torrevieja;42;Madrid
2019-11-01;Valdemoro;Torrevieja;116;Madrid
2019-11-01;Villaviciosa de Odón;Torrevieja;34;Madrid
2019-11-01;Tres Cantos;Torrevieja;38;Madrid
2019-11-01;Fuengirola;Torrevieja;31;Málaga
2019-11-01;Málaga;Torrevieja;74;Málaga
2019-11-01;Marbella;Torrevieja;44;Málaga
2019-11-01;Abanilla;Torrevieja;49;Murcia
2019-11-01;Águilas;Torrevieja;40;Murcia
2019-11-01;Alcantarilla;Torrevieja;64;Murcia
2019-11-01;Archena;Torrevieja;42;Murcia
2019-11-01;Beniel;Torrevieja;77;Murcia
2019-11-01;Caravaca de la Cruz;Torrevieja;43;Murcia
2019-11-01;Cartagena;Torrevieja;552;Murcia
2019-11-01;Cieza;Torrevieja;52;Murcia
2019-11-01;Fortuna;Torrevieja;37;Murcia
2019-11-01;Lorca;Torrevieja;54;Murcia
2019-11-01;Mazarrón;Torrevieja;74;Murcia
2019-11-01;Molina de Segura;Torrevieja;281;Murcia
2019-11-01;Mula;Torrevieja;36;Murcia
2019-11-01;Murcia;Torrevieja;1856;Murcia
2019-11-01;San Javier;Torrevieja;268;Murcia
2019-11-01;San Pedro del Pinatar;Torrevieja;279;Murcia
2019-11-01;Torre-Pacheco;Torrevieja;111;Murcia
2019-11-01;Torres de Cotillas, Las;Torrevieja;56;Murcia
2019-11-01;Yecla;Torrevieja;82;Murcia
2019-11-01;Santomera;Torrevieja;60;Murcia
2019-11-01;Alcázares, Los;Torrevieja;76;Murcia
2019-11-01;Pamplona/Iruña;Torrevieja;58;Navarra
2019-11-01;Avilés;Torrevieja;103;Asturias
2019-11-01;Gijón;Torrevieja;106;Asturias
2019-11-01;Oviedo;Torrevieja;72;Asturias
2019-11-01;Salas;Torrevieja;31;Asturias
2019-11-01;Palmas de Gran Canaria, Las;Torrevieja;36;Palmas, Las
2019-11-01;Salamanca;Torrevieja;54;Salamanca
2019-11-01;Puerto de la Cruz;Torrevieja;33;Santa Cruz de Tenerife
2019-11-01;Castro-Urdiales;Torrevieja;38;Cantabria
2019-11-01;Laredo;Torrevieja;35;Cantabria
2019-11-01;Santander;Torrevieja;53;Cantabria
2019-11-01;Segovia;Torrevieja;47;Segovia
2019-11-01;Sevilla;Torrevieja;33;Sevilla
2019-11-01;Illescas;Torrevieja;34;Toledo
2019-11-01;Seseña;Torrevieja;47;Toledo
2019-11-01;Talavera de la Reina;Torrevieja;39;Toledo
2019-11-01;Toledo;Torrevieja;68;Toledo
2019-11-01;Alzira;Torrevieja;32;Valencia/València
2019-11-01;Gandia;Torrevieja;46;Valencia/València
2019-11-01;Xàtiva;Torrevieja;41;Valencia/València
2019-11-01;Oliva;Torrevieja;31;Valencia/València
2019-11-01;Ontinyent;Torrevieja;39;Valencia/València
2019-11-01;Paterna;Torrevieja;40;Valencia/València
2019-11-01;Sagunto/Sagunt;Torrevieja;47;Valencia/València
2019-11-01;Torrent;Torrevieja;36;Valencia/València
2019-11-01;València;Torrevieja;489;Valencia/València
2019-11-01;Valladolid;Torrevieja;163;Valladolid
2019-11-01;Bilbao;Torrevieja;119;Bizkaia
2019-11-01;Zaragoza;Torrevieja;88;Zaragoza
2019-12-01;Vitoria-Gasteiz;Torrevieja;155;Araba/Álava
2019-12-01;Albacete;Torrevieja;510;Albacete
2019-12-01;Almansa;Torrevieja;42;Albacete
2019-12-01;Hellín;Torrevieja;55;Albacete
2019-12-01;Roda, La;Torrevieja;30;Albacete
2019-12-01;Villarrobledo;Torrevieja;62;Albacete
2019-12-01;Almería;Torrevieja;46;Almería
2019-12-01;Roquetas de Mar;Torrevieja;57;Almería
2019-12-01;Ávila;Torrevieja;30;Ávila
2019-12-01;Calvià;Torrevieja;31;Balears, Illes
2019-12-01;Palma;Torrevieja;41;Balears, Illes
2019-12-01;Barcelona;Torrevieja;192;Barcelona
2019-12-01;Hospitalet de Llobregat, L';Torrevieja;32;Barcelona
2019-12-01;Burgos;Torrevieja;130;Burgos
2019-12-01;Castelló de la Plana;Torrevieja;63;Castellón/Castelló
2019-12-01;Alcázar de San Juan;Torrevieja;51;Ciudad Real
2019-12-01;Ciudad Real;Torrevieja;93;Ciudad Real
2019-12-01;Manzanares;Torrevieja;41;Ciudad Real
2019-12-01;Pedro Muñoz;Torrevieja;42;Ciudad Real
2019-12-01;Puertollano;Torrevieja;59;Ciudad Real
2019-12-01;Socuéllamos;Torrevieja;36;Ciudad Real
2019-12-01;Tomelloso;Torrevieja;44;Ciudad Real
2019-12-01;Córdoba;Torrevieja;43;Córdoba
2019-12-01;Cuenca;Torrevieja;30;Cuenca
2019-12-01;Jonquera, La;Torrevieja;36;Girona
2019-12-01;Baza;Torrevieja;32;Granada
2019-12-01;Granada;Torrevieja;49;Granada
2019-12-01;Azuqueca de Henares;Torrevieja;50;Guadalajara
2019-12-01;Guadalajara;Torrevieja;71;Guadalajara
2019-12-01;Errenteria;Torrevieja;37;Gipuzkoa
2019-12-01;Donostia/San Sebastián;Torrevieja;98;Gipuzkoa
2019-12-01;León;Torrevieja;52;León
2019-12-01;Logroño;Torrevieja;63;Rioja, La
2019-12-01;Álamo, El;Torrevieja;30;Madrid
2019-12-01;Alcalá de Henares;Torrevieja;370;Madrid
2019-12-01;Alcobendas;Torrevieja;140;Madrid
2019-12-01;Alcorcón;Torrevieja;318;Madrid
2019-12-01;Algete;Torrevieja;45;Madrid
2019-12-01;Aranjuez;Torrevieja;61;Madrid
2019-12-01;Arganda del Rey;Torrevieja;103;Madrid
2019-12-01;Arroyomolinos;Torrevieja;53;Madrid
2019-12-01;Boadilla del Monte;Torrevieja;51;Madrid
2019-12-01;Ciempozuelos;Torrevieja;61;Madrid
2019-12-01;Colmenar Viejo;Torrevieja;104;Madrid
2019-12-01;Collado Villalba;Torrevieja;97;Madrid
2019-12-01;Coslada;Torrevieja;154;Madrid
2019-12-01;Daganzo de Arriba;Torrevieja;33;Madrid
2019-12-01;Fuenlabrada;Torrevieja;489;Madrid
2019-12-01;Galapagar;Torrevieja;40;Madrid
2019-12-01;Getafe;Torrevieja;380;Madrid
2019-12-01;Griñón;Torrevieja;66;Madrid
2019-12-01;Guadalix de la Sierra;Torrevieja;32;Madrid
2019-12-01;Humanes de Madrid;Torrevieja;40;Madrid
2019-12-01;Leganés;Torrevieja;453;Madrid
2019-12-01;Madrid;Torrevieja;3881;Madrid
2019-12-01;Majadahonda;Torrevieja;41;Madrid
2019-12-01;Meco;Torrevieja;56;Madrid
2019-12-01;Mejorada del Campo;Torrevieja;57;Madrid
2019-12-01;Moralzarzal;Torrevieja;40;Madrid
2019-12-01;Móstoles;Torrevieja;427;Madrid
2019-12-01;Navalcarnero;Torrevieja;44;Madrid
2019-12-01;Paracuellos de Jarama;Torrevieja;63;Madrid
2019-12-01;Parla;Torrevieja;327;Madrid
2019-12-01;Pinto;Torrevieja;88;Madrid
2019-12-01;Pozuelo de Alarcón;Torrevieja;57;Madrid
2019-12-01;Rivas-Vaciamadrid;Torrevieja;115;Madrid
2019-12-01;Rozas de Madrid, Las;Torrevieja;63;Madrid
2019-12-01;San Fernando de Henares;Torrevieja;108;Madrid
2019-12-01;San Lorenzo de El Escorial;Torrevieja;37;Madrid
2019-12-01;San Martín de la Vega;Torrevieja;54;Madrid
2019-12-01;San Sebastián de los Reyes;Torrevieja;167;Madrid
2019-12-01;Torrejón de Ardoz;Torrevieja;286;Madrid
2019-12-01;Valdemorillo;Torrevieja;35;Madrid
2019-12-01;Valdemoro;Torrevieja;146;Madrid
2019-12-01;Velilla de San Antonio;Torrevieja;44;Madrid
2019-12-01;Villaviciosa de Odón;Torrevieja;50;Madrid
2019-12-01;Tres Cantos;Torrevieja;54;Madrid
2019-12-01;Málaga;Torrevieja;86;Málaga
2019-12-01;Marbella;Torrevieja;32;Málaga
2019-12-01;Mijas;Torrevieja;35;Málaga
2019-12-01;Abanilla;Torrevieja;39;Murcia
2019-12-01;Águilas;Torrevieja;44;Murcia
2019-12-01;Alcantarilla;Torrevieja;84;Murcia
2019-12-01;Archena;Torrevieja;31;Murcia
2019-12-01;Beniel;Torrevieja;53;Murcia
2019-12-01;Caravaca de la Cruz;Torrevieja;37;Murcia
2019-12-01;Cartagena;Torrevieja;630;Murcia
2019-12-01;Ceutí;Torrevieja;31;Murcia
2019-12-01;Cieza;Torrevieja;43;Murcia
2019-12-01;Fortuna;Torrevieja;31;Murcia
2019-12-01;Jumilla;Torrevieja;51;Murcia
2019-12-01;Lorca;Torrevieja;47;Murcia
2019-12-01;Mazarrón;Torrevieja;55;Murcia
2019-12-01;Molina de Segura;Torrevieja;336;Murcia
2019-12-01;Murcia;Torrevieja;2099;Murcia
2019-12-01;San Javier;Torrevieja;305;Murcia
2019-12-01;San Pedro del Pinatar;Torrevieja;333;Murcia
2019-12-01;Torre-Pacheco;Torrevieja;164;Murcia
2019-12-01;Torres de Cotillas, Las;Torrevieja;78;Murcia
2019-12-01;Unión, La;Torrevieja;31;Murcia
2019-12-01;Yecla;Torrevieja;70;Murcia
2019-12-01;Santomera;Torrevieja;82;Murcia
2019-12-01;Alcázares, Los;Torrevieja;109;Murcia
2019-12-01;Pamplona/Iruña;Torrevieja;98;Navarra
2019-12-01;Gijón;Torrevieja;88;Asturias
2019-12-01;Oviedo;Torrevieja;30;Asturias
2019-12-01;Palencia;Torrevieja;44;Palencia
2019-12-01;Palmas de Gran Canaria, Las;Torrevieja;77;Palmas, Las
2019-12-01;Béjar;Torrevieja;45;Salamanca
2019-12-01;Salamanca;Torrevieja;44;Salamanca
2019-12-01;Castro-Urdiales;Torrevieja;52;Cantabria
2019-12-01;Santander;Torrevieja;41;Cantabria
2019-12-01;Cuéllar;Torrevieja;31;Segovia
2019-12-01;Segovia;Torrevieja;34;Segovia
2019-12-01;Sevilla;Torrevieja;45;Sevilla
2019-12-01;Illescas;Torrevieja;43;Toledo
2019-12-01;Ocaña;Torrevieja;37;Toledo
2019-12-01;Seseña;Torrevieja;58;Toledo
2019-12-01;Talavera de la Reina;Torrevieja;73;Toledo
2019-12-01;Toledo;Torrevieja;88;Toledo
2019-12-01;Alzira;Torrevieja;38;Valencia/València
2019-12-01;Burjassot;Torrevieja;30;Valencia/València
2019-12-01;Gandia;Torrevieja;62;Valencia/València
2019-12-01;Xàtiva;Torrevieja;34;Valencia/València
2019-12-01;Ontinyent;Torrevieja;41;Valencia/València
2019-12-01;Paterna;Torrevieja;60;Valencia/València
2019-12-01;Sagunto/Sagunt;Torrevieja;49;Valencia/València
2019-12-01;Torrent;Torrevieja;34;Valencia/València
2019-12-01;València;Torrevieja;702;Valencia/València
2019-12-01;Laguna de Duero;Torrevieja;30;Valladolid
2019-12-01;Valladolid;Torrevieja;174;Valladolid
2019-12-01;Barakaldo;Torrevieja;36;Bizkaia
2019-12-01;Bilbao;Torrevieja;133;Bizkaia
2019-12-01;Getxo;Torrevieja;31;Bizkaia
2019-12-01;Erandio;Torrevieja;36;Bizkaia
2019-12-01;Zaragoza;Torrevieja;123;Zaragoza
2020-01-01;Vitoria-Gasteiz;Torrevieja;123;Araba/Álava
2020-01-01;Albacete;Torrevieja;489;Albacete
2020-01-01;Almansa;Torrevieja;49;Albacete
2020-01-01;Hellín;Torrevieja;79;Albacete
2020-01-01;Almería;Torrevieja;40;Almería
2020-01-01;Roquetas de Mar;Torrevieja;30;Almería
2020-01-01;Palma;Torrevieja;55;Balears, Illes
2020-01-01;Barcelona;Torrevieja;137;Barcelona
2020-01-01;Burgos;Torrevieja;65;Burgos
2020-01-01;Castelló de la Plana;Torrevieja;56;Castellón/Castelló
2020-01-01;Ciudad Real;Torrevieja;70;Ciudad Real
2020-01-01;Puertollano;Torrevieja;44;Ciudad Real
2020-01-01;Socuéllamos;Torrevieja;36;Ciudad Real
2020-01-01;Tomelloso;Torrevieja;57;Ciudad Real
2020-01-01;Córdoba;Torrevieja;32;Córdoba
2020-01-01;Granada;Torrevieja;41;Granada
2020-01-01;Azuqueca de Henares;Torrevieja;36;Guadalajara
2020-01-01;Guadalajara;Torrevieja;38;Guadalajara
2020-01-01;Donostia/San Sebastián;Torrevieja;55;Gipuzkoa
2020-01-01;León;Torrevieja;48;León
2020-01-01;Logroño;Torrevieja;52;Rioja, La
2020-01-01;Alcalá de Henares;Torrevieja;211;Madrid
2020-01-01;Alcobendas;Torrevieja;85;Madrid
2020-01-01;Alcorcón;Torrevieja;191;Madrid
2020-01-01;Algete;Torrevieja;38;Madrid
2020-01-01;Aranjuez;Torrevieja;47;Madrid
2020-01-01;Arganda del Rey;Torrevieja;61;Madrid
2020-01-01;Arroyomolinos;Torrevieja;49;Madrid
2020-01-01;Camarma de Esteruelas;Torrevieja;47;Madrid
2020-01-01;Ciempozuelos;Torrevieja;34;Madrid
2020-01-01;Colmenar Viejo;Torrevieja;53;Madrid
2020-01-01;Collado Villalba;Torrevieja;55;Madrid
2020-01-01;Coslada;Torrevieja;92;Madrid
2020-01-01;Daganzo de Arriba;Torrevieja;34;Madrid
2020-01-01;Fuenlabrada;Torrevieja;254;Madrid
2020-01-01;Getafe;Torrevieja;230;Madrid
2020-01-01;Leganés;Torrevieja;226;Madrid
2020-01-01;Madrid;Torrevieja;2644;Madrid
2020-01-01;Mejorada del Campo;Torrevieja;41;Madrid
2020-01-01;Móstoles;Torrevieja;233;Madrid
2020-01-01;Navalcarnero;Torrevieja;50;Madrid
2020-01-01;Parla;Torrevieja;152;Madrid
2020-01-01;Pinto;Torrevieja;41;Madrid
2020-01-01;Pozuelo de Alarcón;Torrevieja;47;Madrid
2020-01-01;Rivas-Vaciamadrid;Torrevieja;58;Madrid
2020-01-01;Rozas de Madrid, Las;Torrevieja;50;Madrid
2020-01-01;San Fernando de Henares;Torrevieja;52;Madrid
2020-01-01;San Sebastián de los Reyes;Torrevieja;109;Madrid
2020-01-01;Torrejón de Ardoz;Torrevieja;161;Madrid
2020-01-01;Valdemoro;Torrevieja;68;Madrid
2020-01-01;Villanueva de la Cañada;Torrevieja;32;Madrid
2020-01-01;Tres Cantos;Torrevieja;46;Madrid
2020-01-01;Benalmádena;Torrevieja;48;Málaga
2020-01-01;Estepona;Torrevieja;33;Málaga
2020-01-01;Málaga;Torrevieja;89;Málaga
2020-01-01;Abanilla;Torrevieja;43;Murcia
2020-01-01;Alcantarilla;Torrevieja;77;Murcia
2020-01-01;Alguazas;Torrevieja;30;Murcia
2020-01-01;Archena;Torrevieja;52;Murcia
2020-01-01;Beniel;Torrevieja;65;Murcia
2020-01-01;Caravaca de la Cruz;Torrevieja;30;Murcia
2020-01-01;Cartagena;Torrevieja;667;Murcia
2020-01-01;Cieza;Torrevieja;40;Murcia
2020-01-01;Fortuna;Torrevieja;37;Murcia
2020-01-01;Jumilla;Torrevieja;37;Murcia
2020-01-01;Lorca;Torrevieja;44;Murcia
2020-01-01;Molina de Segura;Torrevieja;288;Murcia
2020-01-01;Murcia;Torrevieja;2135;Murcia
2020-01-01;San Javier;Torrevieja;349;Murcia
2020-01-01;San Pedro del Pinatar;Torrevieja;328;Murcia
2020-01-01;Torre-Pacheco;Torrevieja;171;Murcia
2020-01-01;Torres de Cotillas, Las;Torrevieja;94;Murcia
2020-01-01;Unión, La;Torrevieja;48;Murcia
2020-01-01;Yecla;Torrevieja;81;Murcia
2020-01-01;Santomera;Torrevieja;53;Murcia
2020-01-01;Alcázares, Los;Torrevieja;105;Murcia
2020-01-01;Pamplona/Iruña;Torrevieja;42;Navarra
2020-01-01;Gijón;Torrevieja;64;Asturias
2020-01-01;Oviedo;Torrevieja;58;Asturias
2020-01-01;Palmas de Gran Canaria, Las;Torrevieja;32;Palmas, Las
2020-01-01;Salamanca;Torrevieja;37;Salamanca
2020-01-01;Castro-Urdiales;Torrevieja;48;Cantabria
2020-01-01;Santander;Torrevieja;37;Cantabria
2020-01-01;Segovia;Torrevieja;36;Segovia
2020-01-01;Sevilla;Torrevieja;37;Sevilla
2020-01-01;Illescas;Torrevieja;34;Toledo
2020-01-01;Ocaña;Torrevieja;42;Toledo
2020-01-01;Seseña;Torrevieja;31;Toledo
2020-01-01;Toledo;Torrevieja;45;Toledo
2020-01-01;Alboraia/Alboraya;Torrevieja;31;Valencia/València
2020-01-01;Aldaia;Torrevieja;35;Valencia/València
2020-01-01;Burjassot;Torrevieja;35;Valencia/València
2020-01-01;Gandia;Torrevieja;46;Valencia/València
2020-01-01;Xàtiva;Torrevieja;34;Valencia/València
2020-01-01;Paterna;Torrevieja;54;Valencia/València
2020-01-01;Sagunto/Sagunt;Torrevieja;46;Valencia/València
2020-01-01;Sueca;Torrevieja;31;Valencia/València
2020-01-01;Torrent;Torrevieja;42;Valencia/València
2020-01-01;València;Torrevieja;706;Valencia/València
2020-01-01;Valladolid;Torrevieja;135;Valladolid
2020-01-01;Barakaldo;Torrevieja;32;Bizkaia
2020-01-01;Bilbao;Torrevieja;105;Bizkaia
2020-01-01;Getxo;Torrevieja;43;Bizkaia
2020-01-01;Santurtzi;Torrevieja;38;Bizkaia
2020-01-01;Zaragoza;Torrevieja;101;Zaragoza
2020-02-01;Vitoria-Gasteiz;Torrevieja;118;Araba/Álava
2020-02-01;Albacete;Torrevieja;727;Albacete
2020-02-01;Almansa;Torrevieja;44;Albacete
2020-02-01;Hellín;Torrevieja;56;Albacete
2020-02-01;Roda, La;Torrevieja;30;Albacete
2020-02-01;Villarrobledo;Torrevieja;44;Albacete
2020-02-01;Almería;Torrevieja;46;Almería
2020-02-01;Roquetas de Mar;Torrevieja;42;Almería
2020-02-01;Ávila;Torrevieja;35;Ávila
2020-02-01;Palma;Torrevieja;59;Balears, Illes
2020-02-01;Barcelona;Torrevieja;158;Barcelona
2020-02-01;Burgos;Torrevieja;66;Burgos
2020-02-01;Castelló de la Plana;Torrevieja;73;Castellón/Castelló
2020-02-01;Vila-real;Torrevieja;30;Castellón/Castelló
2020-02-01;Alcázar de San Juan;Torrevieja;55;Ciudad Real
2020-02-01;Ciudad Real;Torrevieja;91;Ciudad Real
2020-02-01;Pedro Muñoz;Torrevieja;32;Ciudad Real
2020-02-01;Puertollano;Torrevieja;44;Ciudad Real
2020-02-01;Tomelloso;Torrevieja;77;Ciudad Real
2020-02-01;Valdepeñas;Torrevieja;35;Ciudad Real
2020-02-01;Córdoba;Torrevieja;30;Córdoba
2020-02-01;Cuenca;Torrevieja;39;Cuenca
2020-02-01;Figueres;Torrevieja;35;Girona
2020-02-01;Granada;Torrevieja;63;Granada
2020-02-01;Azuqueca de Henares;Torrevieja;37;Guadalajara
2020-02-01;Guadalajara;Torrevieja;54;Guadalajara
2020-02-01;Asteasu;Torrevieja;86;Gipuzkoa
2020-02-01;Donostia/San Sebastián;Torrevieja;64;Gipuzkoa
2020-02-01;Logroño;Torrevieja;52;Rioja, La
2020-02-01;Alcalá de Henares;Torrevieja;257;Madrid
2020-02-01;Alcobendas;Torrevieja;96;Madrid
2020-02-01;Alcorcón;Torrevieja;197;Madrid
2020-02-01;Algete;Torrevieja;56;Madrid
2020-02-01;Aranjuez;Torrevieja;70;Madrid
2020-02-01;Arganda del Rey;Torrevieja;78;Madrid
2020-02-01;Arroyomolinos;Torrevieja;36;Madrid
2020-02-01;Colmenar Viejo;Torrevieja;71;Madrid
2020-02-01;Collado Villalba;Torrevieja;52;Madrid
2020-02-01;Coslada;Torrevieja;91;Madrid
2020-02-01;Daganzo de Arriba;Torrevieja;31;Madrid
2020-02-01;Fuenlabrada;Torrevieja;258;Madrid
2020-02-01;Galapagar;Torrevieja;36;Madrid
2020-02-01;Getafe;Torrevieja;225;Madrid
2020-02-01;Humanes de Madrid;Torrevieja;32;Madrid
2020-02-01;Leganés;Torrevieja;210;Madrid
2020-02-01;Madrid;Torrevieja;2608;Madrid
2020-02-01;Majadahonda;Torrevieja;51;Madrid
2020-02-01;Mejorada del Campo;Torrevieja;38;Madrid
2020-02-01;Móstoles;Torrevieja;213;Madrid
2020-02-01;Navalcarnero;Torrevieja;35;Madrid
2020-02-01;Parla;Torrevieja;192;Madrid
2020-02-01;Pinto;Torrevieja;59;Madrid
2020-02-01;Pozuelo de Alarcón;Torrevieja;31;Madrid
2020-02-01;Rivas-Vaciamadrid;Torrevieja;70;Madrid
2020-02-01;Rozas de Madrid, Las;Torrevieja;49;Madrid
2020-02-01;San Fernando de Henares;Torrevieja;58;Madrid
2020-02-01;San Sebastián de los Reyes;Torrevieja;106;Madrid
2020-02-01;Torrejón de Ardoz;Torrevieja;167;Madrid
2020-02-01;Valdemoro;Torrevieja;71;Madrid
2020-02-01;Tres Cantos;Torrevieja;35;Madrid
2020-02-01;Benalmádena;Torrevieja;31;Málaga
2020-02-01;Estepona;Torrevieja;35;Málaga
2020-02-01;Fuengirola;Torrevieja;40;Málaga
2020-02-01;Málaga;Torrevieja;92;Málaga
2020-02-01;Marbella;Torrevieja;44;Málaga
2020-02-01;Mijas;Torrevieja;33;Málaga
2020-02-01;Nerja;Torrevieja;31;Málaga
2020-02-01;Ronda;Torrevieja;34;Málaga
2020-02-01;Abanilla;Torrevieja;49;Murcia
2020-02-01;Águilas;Torrevieja;38;Murcia
2020-02-01;Alcantarilla;Torrevieja;94;Murcia
2020-02-01;Alguazas;Torrevieja;46;Murcia
2020-02-01;Archena;Torrevieja;51;Murcia
2020-02-01;Beniel;Torrevieja;101;Murcia
2020-02-01;Caravaca de la Cruz;Torrevieja;109;Murcia
2020-02-01;Cartagena;Torrevieja;650;Murcia
2020-02-01;Ceutí;Torrevieja;51;Murcia
2020-02-01;Cieza;Torrevieja;73;Murcia
2020-02-01;Fortuna;Torrevieja;56;Murcia
2020-02-01;Jumilla;Torrevieja;57;Murcia
2020-02-01;Librilla;Torrevieja;45;Murcia
2020-02-01;Lorca;Torrevieja;64;Murcia
2020-02-01;Lorquí;Torrevieja;31;Murcia
2020-02-01;Mazarrón;Torrevieja;56;Murcia
2020-02-01;Molina de Segura;Torrevieja;327;Murcia
2020-02-01;Murcia;Torrevieja;2477;Murcia
2020-02-01;San Javier;Torrevieja;367;Murcia
2020-02-01;San Pedro del Pinatar;Torrevieja;329;Murcia
2020-02-01;Torre-Pacheco;Torrevieja;168;Murcia
2020-02-01;Torres de Cotillas, Las;Torrevieja;93;Murcia
2020-02-01;Unión, La;Torrevieja;44;Murcia
2020-02-01;Yecla;Torrevieja;93;Murcia
2020-02-01;Santomera;Torrevieja;84;Murcia
2020-02-01;Alcázares, Los;Torrevieja;121;Murcia
2020-02-01;Pamplona/Iruña;Torrevieja;57;Navarra
2020-02-01;Tudela;Torrevieja;35;Navarra
2020-02-01;Gijón;Torrevieja;43;Asturias
2020-02-01;Oviedo;Torrevieja;53;Asturias
2020-02-01;Mogán;Torrevieja;38;Palmas, Las
2020-02-01;Palmas de Gran Canaria, Las;Torrevieja;30;Palmas, Las
2020-02-01;San Bartolomé de Tirajana;Torrevieja;30;Palmas, Las
2020-02-01;Camargo;Torrevieja;53;Cantabria
2020-02-01;Castro-Urdiales;Torrevieja;36;Cantabria
2020-02-01;Laredo;Torrevieja;49;Cantabria
2020-02-01;Santa Cruz de Bezana;Torrevieja;34;Cantabria
2020-02-01;Santander;Torrevieja;34;Cantabria
2020-02-01;Segovia;Torrevieja;50;Segovia
2020-02-01;Montellano;Torrevieja;91;Sevilla
2020-02-01;Sevilla;Torrevieja;43;Sevilla
2020-02-01;Illescas;Torrevieja;41;Toledo
2020-02-01;Ocaña;Torrevieja;30;Toledo
2020-02-01;Seseña;Torrevieja;31;Toledo
2020-02-01;Talavera de la Reina;Torrevieja;51;Toledo
2020-02-01;Toledo;Torrevieja;73;Toledo
2020-02-01;Villacañas;Torrevieja;34;Toledo
2020-02-01;Alginet;Torrevieja;34;Valencia/València
2020-02-01;Burjassot;Torrevieja;46;Valencia/València
2020-02-01;Canals;Torrevieja;38;Valencia/València
2020-02-01;Gandia;Torrevieja;71;Valencia/València
2020-02-01;Oliva;Torrevieja;32;Valencia/València
2020-02-01;Ontinyent;Torrevieja;42;Valencia/València
2020-02-01;Paterna;Torrevieja;45;Valencia/València
2020-02-01;Picassent;Torrevieja;36;Valencia/València
2020-02-01;Sagunto/Sagunt;Torrevieja;54;Valencia/València
2020-02-01;Silla;Torrevieja;42;Valencia/València
2020-02-01;Torrent;Torrevieja;38;Valencia/València
2020-02-01;València;Torrevieja;727;Valencia/València
2020-02-01;Valladolid;Torrevieja;117;Valladolid
2020-02-01;Barakaldo;Torrevieja;47;Bizkaia
2020-02-01;Bilbao;Torrevieja;106;Bizkaia
2020-02-01;Getxo;Torrevieja;30;Bizkaia
2020-02-01;Portugalete;Torrevieja;55;Bizkaia
2020-02-01;Zaragoza;Torrevieja;93;Zaragoza
2020-03-01;Vitoria-Gasteiz;Torrevieja;89;Araba/Álava
2020-03-01;Albacete;Torrevieja;299;Albacete
2020-03-01;Hellín;Torrevieja;31;Albacete
2020-03-01;Tarazona de la Mancha;Torrevieja;39;Albacete
2020-03-01;Villarrobledo;Torrevieja;33;Albacete
2020-03-01;Almería;Torrevieja;39;Almería
2020-03-01;Roquetas de Mar;Torrevieja;47;Almería
2020-03-01;Ávila;Torrevieja;33;Ávila
2020-03-01;Eivissa;Torrevieja;40;Balears, Illes
2020-03-01;Palma;Torrevieja;33;Balears, Illes
2020-03-01;Barcelona;Torrevieja;78;Barcelona
2020-03-01;Burgos;Torrevieja;54;Burgos
2020-03-01;Castelló de la Plana;Torrevieja;35;Castellón/Castelló
2020-03-01;Vila-real;Torrevieja;31;Castellón/Castelló
2020-03-01;Alcázar de San Juan;Torrevieja;37;Ciudad Real
2020-03-01;Granada;Torrevieja;59;Granada
2020-03-01;Guadalajara;Torrevieja;61;Guadalajara
2020-03-01;Donostia/San Sebastián;Torrevieja;54;Gipuzkoa
2020-03-01;Bergara;Torrevieja;38;Gipuzkoa
2020-03-01;León;Torrevieja;31;León
2020-03-01;Logroño;Torrevieja;33;Rioja, La
2020-03-01;Alcalá de Henares;Torrevieja;250;Madrid
2020-03-01;Alcobendas;Torrevieja;96;Madrid
2020-03-01;Alcorcón;Torrevieja;225;Madrid
2020-03-01;Aranjuez;Torrevieja;63;Madrid
2020-03-01;Arganda del Rey;Torrevieja;68;Madrid
2020-03-01;Boadilla del Monte;Torrevieja;41;Madrid
2020-03-01;Colmenar Viejo;Torrevieja;58;Madrid
2020-03-01;Collado Villalba;Torrevieja;45;Madrid
2020-03-01;Coslada;Torrevieja;117;Madrid
2020-03-01;Fuenlabrada;Torrevieja;245;Madrid
2020-03-01;Galapagar;Torrevieja;38;Madrid
2020-03-01;Getafe;Torrevieja;265;Madrid
2020-03-01;Humanes de Madrid;Torrevieja;41;Madrid
2020-03-01;Leganés;Torrevieja;244;Madrid
2020-03-01;Madrid;Torrevieja;2471;Madrid
2020-03-01;Mejorada del Campo;Torrevieja;61;Madrid
2020-03-01;Móstoles;Torrevieja;284;Madrid
2020-03-01;Navalcarnero;Torrevieja;45;Madrid
2020-03-01;Parla;Torrevieja;189;Madrid
2020-03-01;Pinto;Torrevieja;40;Madrid
2020-03-01;Pozuelo de Alarcón;Torrevieja;46;Madrid
2020-03-01;Rivas-Vaciamadrid;Torrevieja;128;Madrid
2020-03-01;Rozas de Madrid, Las;Torrevieja;61;Madrid
2020-03-01;San Fernando de Henares;Torrevieja;65;Madrid
2020-03-01;San Sebastián de los Reyes;Torrevieja;104;Madrid
2020-03-01;Torrejón de Ardoz;Torrevieja;151;Madrid
2020-03-01;Valdemoro;Torrevieja;99;Madrid
2020-03-01;Fuengirola;Torrevieja;34;Málaga
2020-03-01;Málaga;Torrevieja;58;Málaga
2020-03-01;Mijas;Torrevieja;31;Málaga
2020-03-01;Abanilla;Torrevieja;45;Murcia
2020-03-01;Águilas;Torrevieja;40;Murcia
2020-03-01;Alcantarilla;Torrevieja;46;Murcia
2020-03-01;Archena;Torrevieja;38;Murcia
2020-03-01;Beniel;Torrevieja;48;Murcia
2020-03-01;Cartagena;Torrevieja;430;Murcia
2020-03-01;Cieza;Torrevieja;37;Murcia
2020-03-01;Fortuna;Torrevieja;38;Murcia
2020-03-01;Librilla;Torrevieja;33;Murcia
2020-03-01;Mazarrón;Torrevieja;107;Murcia
2020-03-01;Molina de Segura;Torrevieja;175;Murcia
2020-03-01;Murcia;Torrevieja;1352;Murcia
2020-03-01;San Javier;Torrevieja;240;Murcia
2020-03-01;San Pedro del Pinatar;Torrevieja;198;Murcia
2020-03-01;Torre-Pacheco;Torrevieja;84;Murcia
2020-03-01;Torres de Cotillas, Las;Torrevieja;69;Murcia
2020-03-01;Unión, La;Torrevieja;48;Murcia
2020-03-01;Yecla;Torrevieja;60;Murcia
2020-03-01;Santomera;Torrevieja;51;Murcia
2020-03-01;Alcázares, Los;Torrevieja;66;Murcia
2020-03-01;Pamplona/Iruña;Torrevieja;47;Navarra
2020-03-01;Bande;Torrevieja;34;Ourense
2020-03-01;Gijón;Torrevieja;58;Asturias
2020-03-01;Oviedo;Torrevieja;43;Asturias
2020-03-01;Salamanca;Torrevieja;37;Salamanca
2020-03-01;Castro-Urdiales;Torrevieja;43;Cantabria
2020-03-01;Laredo;Torrevieja;45;Cantabria
2020-03-01;Santa Cruz de Bezana;Torrevieja;38;Cantabria
2020-03-01;Santander;Torrevieja;61;Cantabria
2020-03-01;Sevilla;Torrevieja;30;Sevilla
2020-03-01;Illescas;Torrevieja;40;Toledo
2020-03-01;Seseña;Torrevieja;35;Toledo
2020-03-01;Toledo;Torrevieja;71;Toledo
2020-03-01;Gandia;Torrevieja;36;Valencia/València
2020-03-01;Paterna;Torrevieja;33;Valencia/València
2020-03-01;Sagunto/Sagunt;Torrevieja;47;Valencia/València
2020-03-01;Torrent;Torrevieja;33;Valencia/València
2020-03-01;València;Torrevieja;432;Valencia/València
2020-03-01;Valladolid;Torrevieja;102;Valladolid
2020-03-01;Barakaldo;Torrevieja;47;Bizkaia
2020-03-01;Bilbao;Torrevieja;109;Bizkaia
2020-03-01;Durango;Torrevieja;35;Bizkaia
2020-03-01;Getxo;Torrevieja;33;Bizkaia
2020-03-01;Portugalete;Torrevieja;39;Bizkaia
2020-03-01;Santurtzi;Torrevieja;35;Bizkaia
2020-03-01;Zaragoza;Torrevieja;82;Zaragoza
2020-04-01;Barcelona;Torrevieja;35;Barcelona
2020-04-01;Alcalá de Henares;Torrevieja;47;Madrid
2020-04-01;Alcorcón;Torrevieja;44;Madrid
2020-04-01;Coslada;Torrevieja;37;Madrid
2020-04-01;Fuenlabrada;Torrevieja;36;Madrid
2020-04-01;Getafe;Torrevieja;49;Madrid
2020-04-01;Leganés;Torrevieja;112;Madrid
2020-04-01;Madrid;Torrevieja;349;Madrid
2020-04-01;Móstoles;Torrevieja;36;Madrid
2020-04-01;Mijas;Torrevieja;31;Málaga
2020-04-01;Cartagena;Torrevieja;136;Murcia
2020-04-01;Molina de Segura;Torrevieja;40;Murcia
2020-04-01;Murcia;Torrevieja;321;Murcia
2020-04-01;San Javier;Torrevieja;82;Murcia
2020-04-01;San Pedro del Pinatar;Torrevieja;71;Murcia
2020-04-01;Torre-Pacheco;Torrevieja;35;Murcia
2020-04-01;Alcázares, Los;Torrevieja;49;Murcia
2020-04-01;Torrent;Torrevieja;39;Valencia/València
2020-04-01;València;Torrevieja;77;Valencia/València
2020-04-01;Valladolid;Torrevieja;69;Valladolid
2020-05-01;Albacete;Torrevieja;46;Albacete
2020-05-01;Barcelona;Torrevieja;44;Barcelona
2020-05-01;Tomelloso;Torrevieja;40;Ciudad Real
2020-05-01;Alcalá de Henares;Torrevieja;37;Madrid
2020-05-01;Alcorcón;Torrevieja;33;Madrid
2020-05-01;Fuenlabrada;Torrevieja;31;Madrid
2020-05-01;Getafe;Torrevieja;46;Madrid
2020-05-01;Leganés;Torrevieja;50;Madrid
2020-05-01;Madrid;Torrevieja;277;Madrid
2020-05-01;Cartagena;Torrevieja;234;Murcia
2020-05-01;Molina de Segura;Torrevieja;66;Murcia
2020-05-01;Murcia;Torrevieja;579;Murcia
2020-05-01;San Javier;Torrevieja;90;Murcia
2020-05-01;San Pedro del Pinatar;Torrevieja;121;Murcia
2020-05-01;Torre-Pacheco;Torrevieja;48;Murcia
2020-05-01;Unión, La;Torrevieja;40;Murcia
2020-05-01;Santomera;Torrevieja;33;Murcia
2020-05-01;Alcázares, Los;Torrevieja;39;Murcia
2020-05-01;València;Torrevieja;107;Valencia/València
2020-06-01;Albacete;Torrevieja;579;Albacete
2020-06-01;Almansa;Torrevieja;36;Albacete
2020-06-01;Hellín;Torrevieja;56;Albacete
2020-06-01;Adra;Torrevieja;37;Almería
2020-06-01;Almería;Torrevieja;37;Almería
2020-06-01;Roquetas de Mar;Torrevieja;45;Almería
2020-06-01;Barcelona;Torrevieja;69;Barcelona
2020-06-01;Burgos;Torrevieja;61;Burgos
2020-06-01;Castelló de la Plana;Torrevieja;32;Castellón/Castelló
2020-06-01;Alcázar de San Juan;Torrevieja;39;Ciudad Real
2020-06-01;Argamasilla de Alba;Torrevieja;48;Ciudad Real
2020-06-01;Ciudad Real;Torrevieja;43;Ciudad Real
2020-06-01;Tomelloso;Torrevieja;62;Ciudad Real
2020-06-01;Valdepeñas;Torrevieja;31;Ciudad Real
2020-06-01;Jonquera, La;Torrevieja;31;Girona
2020-06-01;Granada;Torrevieja;36;Granada
2020-06-01;Guadalajara;Torrevieja;48;Guadalajara
2020-06-01;Alcalá de Henares;Torrevieja;230;Madrid
2020-06-01;Alcobendas;Torrevieja;72;Madrid
2020-06-01;Alcorcón;Torrevieja;147;Madrid
2020-06-01;Aranjuez;Torrevieja;32;Madrid
2020-06-01;Arganda del Rey;Torrevieja;74;Madrid
2020-06-01;Arroyomolinos;Torrevieja;44;Madrid
2020-06-01;Boadilla del Monte;Torrevieja;33;Madrid
2020-06-01;Colmenar Viejo;Torrevieja;57;Madrid
2020-06-01;Collado Villalba;Torrevieja;57;Madrid
2020-06-01;Coslada;Torrevieja;66;Madrid
2020-06-01;Fuenlabrada;Torrevieja;200;Madrid
2020-06-01;Getafe;Torrevieja;165;Madrid
2020-06-01;Griñón;Torrevieja;30;Madrid
2020-06-01;Leganés;Torrevieja;168;Madrid
2020-06-01;Madrid;Torrevieja;1930;Madrid
2020-06-01;Mejorada del Campo;Torrevieja;49;Madrid
2020-06-01;Móstoles;Torrevieja;163;Madrid
2020-06-01;Parla;Torrevieja;146;Madrid
2020-06-01;Pinto;Torrevieja;41;Madrid
2020-06-01;Rivas-Vaciamadrid;Torrevieja;102;Madrid
2020-06-01;Rozas de Madrid, Las;Torrevieja;47;Madrid
2020-06-01;San Fernando de Henares;Torrevieja;65;Madrid
2020-06-01;San Martín de la Vega;Torrevieja;40;Madrid
2020-06-01;San Sebastián de los Reyes;Torrevieja;76;Madrid
2020-06-01;Torrejón de Ardoz;Torrevieja;182;Madrid
2020-06-01;Valdemoro;Torrevieja;88;Madrid
2020-06-01;Villalbilla;Torrevieja;31;Madrid
2020-06-01;Tres Cantos;Torrevieja;32;Madrid
2020-06-01;Málaga;Torrevieja;42;Málaga
2020-06-01;Abanilla;Torrevieja;50;Murcia
2020-06-01;Águilas;Torrevieja;40;Murcia
2020-06-01;Alcantarilla;Torrevieja;131;Murcia
2020-06-01;Alguazas;Torrevieja;51;Murcia
2020-06-01;Archena;Torrevieja;69;Murcia
2020-06-01;Beniel;Torrevieja;177;Murcia
2020-06-01;Caravaca de la Cruz;Torrevieja;52;Murcia
2020-06-01;Cartagena;Torrevieja;469;Murcia
2020-06-01;Ceutí;Torrevieja;62;Murcia
2020-06-01;Cieza;Torrevieja;90;Murcia
2020-06-01;Fortuna;Torrevieja;68;Murcia
2020-06-01;Jumilla;Torrevieja;124;Murcia
2020-06-01;Lorca;Torrevieja;45;Murcia
2020-06-01;Lorquí;Torrevieja;37;Murcia
2020-06-01;Mazarrón;Torrevieja;62;Murcia
2020-06-01;Molina de Segura;Torrevieja;404;Murcia
2020-06-01;Murcia;Torrevieja;3131;Murcia
2020-06-01;San Javier;Torrevieja;220;Murcia
2020-06-01;San Pedro del Pinatar;Torrevieja;223;Murcia
2020-06-01;Torre-Pacheco;Torrevieja;93;Murcia
2020-06-01;Torres de Cotillas, Las;Torrevieja;108;Murcia
2020-06-01;Unión, La;Torrevieja;56;Murcia
2020-06-01;Yecla;Torrevieja;105;Murcia
2020-06-01;Santomera;Torrevieja;127;Murcia
2020-06-01;Alcázares, Los;Torrevieja;90;Murcia
2020-06-01;Gijón;Torrevieja;32;Asturias
2020-06-01;Seseña;Torrevieja;46;Toledo
2020-06-01;Talavera de la Reina;Torrevieja;45;Toledo
2020-06-01;Toledo;Torrevieja;56;Toledo
2020-06-01;Yuncos;Torrevieja;30;Toledo
2020-06-01;Alboraia/Alboraya;Torrevieja;34;Valencia/València
2020-06-01;Gandia;Torrevieja;31;Valencia/València
2020-06-01;Xàtiva;Torrevieja;39;Valencia/València
2020-06-01;Ontinyent;Torrevieja;43;Valencia/València
2020-06-01;Paterna;Torrevieja;34;Valencia/València
2020-06-01;Sagunto/Sagunt;Torrevieja;34;Valencia/València
2020-06-01;Torrent;Torrevieja;52;Valencia/València
2020-06-01;València;Torrevieja;474;Valencia/València
2020-06-01;Valladolid;Torrevieja;37;Valladolid
2020-06-01;Bilbao;Torrevieja;33;Bizkaia
2020-06-01;Zaragoza;Torrevieja;67;Zaragoza
2020-07-01;Vitoria-Gasteiz;Torrevieja;330;Araba/Álava
2020-07-01;Albacete;Torrevieja;2490;Albacete
2020-07-01;Almansa;Torrevieja;152;Albacete
2020-07-01;Barrax;Torrevieja;53;Albacete
2020-07-01;Caudete;Torrevieja;42;Albacete
2020-07-01;Chinchilla de Monte-Aragón;Torrevieja;45;Albacete
2020-07-01;Elche de la Sierra;Torrevieja;34;Albacete
2020-07-01;Gineta, La;Torrevieja;62;Albacete
2020-07-01;Hellín;Torrevieja;228;Albacete
2020-07-01;Madrigueras;Torrevieja;37;Albacete
2020-07-01;Roda, La;Torrevieja;83;Albacete
2020-07-01;Tarazona de la Mancha;Torrevieja;34;Albacete
2020-07-01;Villarrobledo;Torrevieja;123;Albacete
2020-07-01;Pozo Cañada;Torrevieja;39;Albacete
2020-07-01;Almería;Torrevieja;70;Almería
2020-07-01;Roquetas de Mar;Torrevieja;71;Almería
2020-07-01;Ávila;Torrevieja;139;Ávila
2020-07-01;Palma;Torrevieja;34;Balears, Illes
2020-07-01;Barcelona;Torrevieja;231;Barcelona
2020-07-01;Hospitalet de Llobregat, L';Torrevieja;45;Barcelona
2020-07-01;Aranda de Duero;Torrevieja;85;Burgos
2020-07-01;Burgos;Torrevieja;414;Burgos
2020-07-01;Miranda de Ebro;Torrevieja;51;Burgos
2020-07-01;Castelló de la Plana;Torrevieja;65;Castellón/Castelló
2020-07-01;Alcázar de San Juan;Torrevieja;186;Ciudad Real
2020-07-01;Argamasilla de Alba;Torrevieja;55;Ciudad Real
2020-07-01;Campo de Criptana;Torrevieja;38;Ciudad Real
2020-07-01;Ciudad Real;Torrevieja;342;Ciudad Real
2020-07-01;Daimiel;Torrevieja;33;Ciudad Real
2020-07-01;Herencia;Torrevieja;35;Ciudad Real
2020-07-01;Malagón;Torrevieja;42;Ciudad Real
2020-07-01;Manzanares;Torrevieja;63;Ciudad Real
2020-07-01;Miguelturra;Torrevieja;64;Ciudad Real
2020-07-01;Pedro Muñoz;Torrevieja;54;Ciudad Real
2020-07-01;Puertollano;Torrevieja;189;Ciudad Real
2020-07-01;Socuéllamos;Torrevieja;68;Ciudad Real
2020-07-01;Solana, La;Torrevieja;54;Ciudad Real
2020-07-01;Tomelloso;Torrevieja;223;Ciudad Real
2020-07-01;Valdepeñas;Torrevieja;117;Ciudad Real
2020-07-01;Córdoba;Torrevieja;50;Córdoba
2020-07-01;Cuenca;Torrevieja;130;Cuenca
2020-07-01;Quintanar del Rey;Torrevieja;42;Cuenca
2020-07-01;San Clemente;Torrevieja;69;Cuenca
2020-07-01;Tarancón;Torrevieja;73;Cuenca
2020-07-01;Jonquera, La;Torrevieja;59;Girona
2020-07-01;Granada;Torrevieja;94;Granada
2020-07-01;Alovera;Torrevieja;86;Guadalajara
2020-07-01;Azuqueca de Henares;Torrevieja;222;Guadalajara
2020-07-01;Cabanillas del Campo;Torrevieja;50;Guadalajara
2020-07-01;Casar, El;Torrevieja;85;Guadalajara
2020-07-01;Guadalajara;Torrevieja;253;Guadalajara
2020-07-01;Marchamalo;Torrevieja;32;Guadalajara
2020-07-01;Torrejón del Rey;Torrevieja;31;Guadalajara
2020-07-01;Villanueva de la Torre;Torrevieja;50;Guadalajara
2020-07-01;Irun;Torrevieja;45;Gipuzkoa
2020-07-01;Arrasate/Mondragón;Torrevieja;31;Gipuzkoa
2020-07-01;Donostia/San Sebastián;Torrevieja;109;Gipuzkoa
2020-07-01;León;Torrevieja;119;León
2020-07-01;Ponferrada;Torrevieja;35;León
2020-07-01;San Andrés del Rabanedo;Torrevieja;33;León
2020-07-01;Calahorra;Torrevieja;36;Rioja, La
2020-07-01;Logroño;Torrevieja;167;Rioja, La
2020-07-01;Álamo, El;Torrevieja;73;Madrid
2020-07-01;Alcalá de Henares;Torrevieja;1523;Madrid
2020-07-01;Alcobendas;Torrevieja;529;Madrid
2020-07-01;Alcorcón;Torrevieja;1249;Madrid
2020-07-01;Algete;Torrevieja;102;Madrid
2020-07-01;Alpedrete;Torrevieja;53;Madrid
2020-07-01;Aranjuez;Torrevieja;328;Madrid
2020-07-01;Arganda del Rey;Torrevieja;400;Madrid
2020-07-01;Arroyomolinos;Torrevieja;248;Madrid
2020-07-01;Boadilla del Monte;Torrevieja;173;Madrid
2020-07-01;Brunete;Torrevieja;47;Madrid
2020-07-01;Camarma de Esteruelas;Torrevieja;82;Madrid
2020-07-01;Campo Real;Torrevieja;47;Madrid
2020-07-01;Carabaña;Torrevieja;37;Madrid
2020-07-01;Ciempozuelos;Torrevieja;187;Madrid
2020-07-01;Cobeña;Torrevieja;43;Madrid
2020-07-01;Colmenar de Oreja;Torrevieja;36;Madrid
2020-07-01;Colmenarejo;Torrevieja;31;Madrid
2020-07-01;Colmenar Viejo;Torrevieja;311;Madrid
2020-07-01;Collado Villalba;Torrevieja;273;Madrid
2020-07-01;Coslada;Torrevieja;569;Madrid
2020-07-01;Cubas de la Sagra;Torrevieja;51;Madrid
2020-07-01;Chinchón;Torrevieja;50;Madrid
2020-07-01;Daganzo de Arriba;Torrevieja;70;Madrid
2020-07-01;Escorial, El;Torrevieja;74;Madrid
2020-07-01;Fuenlabrada;Torrevieja;1735;Madrid
2020-07-01;Fuente el Saz de Jarama;Torrevieja;35;Madrid
2020-07-01;Galapagar;Torrevieja;151;Madrid
2020-07-01;Getafe;Torrevieja;1277;Madrid
2020-07-01;Griñón;Torrevieja;83;Madrid
2020-07-01;Guadalix de la Sierra;Torrevieja;40;Madrid
2020-07-01;Guadarrama;Torrevieja;84;Madrid
2020-07-01;Humanes de Madrid;Torrevieja;160;Madrid
2020-07-01;Leganés;Torrevieja;1456;Madrid
2020-07-01;Loeches;Torrevieja;88;Madrid
2020-07-01;Madrid;Torrevieja;13433;Madrid
2020-07-01;Majadahonda;Torrevieja;135;Madrid
2020-07-01;Manzanares el Real;Torrevieja;44;Madrid
2020-07-01;Meco;Torrevieja;141;Madrid
2020-07-01;Mejorada del Campo;Torrevieja;244;Madrid
2020-07-01;Molar, El;Torrevieja;37;Madrid
2020-07-01;Moraleja de Enmedio;Torrevieja;47;Madrid
2020-07-01;Moralzarzal;Torrevieja;43;Madrid
2020-07-01;Morata de Tajuña;Torrevieja;54;Madrid
2020-07-01;Móstoles;Torrevieja;1535;Madrid
2020-07-01;Navalcarnero;Torrevieja;180;Madrid
2020-07-01;Paracuellos de Jarama;Torrevieja;107;Madrid
2020-07-01;Parla;Torrevieja;1146;Madrid
2020-07-01;Pinto;Torrevieja;340;Madrid
2020-07-01;Pozuelo de Alarcón;Torrevieja;174;Madrid
2020-07-01;Pozuelo del Rey;Torrevieja;31;Madrid
2020-07-01;Rivas-Vaciamadrid;Torrevieja;707;Madrid
2020-07-01;Rozas de Madrid, Las;Torrevieja;246;Madrid
2020-07-01;San Agustín del Guadalix;Torrevieja;59;Madrid
2020-07-01;San Fernando de Henares;Torrevieja;377;Madrid
2020-07-01;San Lorenzo de El Escorial;Torrevieja;58;Madrid
2020-07-01;San Martín de la Vega;Torrevieja;160;Madrid
2020-07-01;San Martín de Valdeiglesias;Torrevieja;33;Madrid
2020-07-01;San Sebastián de los Reyes;Torrevieja;662;Madrid
2020-07-01;Santos de la Humosa, Los;Torrevieja;30;Madrid
2020-07-01;Serranillos del Valle;Torrevieja;39;Madrid
2020-07-01;Sevilla la Nueva;Torrevieja;54;Madrid
2020-07-01;Soto del Real;Torrevieja;37;Madrid
2020-07-01;Torrejón de Ardoz;Torrevieja;1088;Madrid
2020-07-01;Torrejón de la Calzada;Torrevieja;71;Madrid
2020-07-01;Torrejón de Velasco;Torrevieja;32;Madrid
2020-07-01;Torrelodones;Torrevieja;68;Madrid
2020-07-01;Torres de la Alameda;Torrevieja;36;Madrid
2020-07-01;Valdemorillo;Torrevieja;44;Madrid
2020-07-01;Valdemoro;Torrevieja;592;Madrid
2020-07-01;Valdilecha;Torrevieja;34;Madrid
2020-07-01;Velilla de San Antonio;Torrevieja;125;Madrid
2020-07-01;Villalbilla;Torrevieja;69;Madrid
2020-07-01;Villanueva de la Cañada;Torrevieja;68;Madrid
2020-07-01;Villanueva del Pardillo;Torrevieja;77;Madrid
2020-07-01;Villarejo de Salvanés;Torrevieja;47;Madrid
2020-07-01;Villaviciosa de Odón;Torrevieja;97;Madrid
2020-07-01;Tres Cantos;Torrevieja;157;Madrid
2020-07-01;Málaga;Torrevieja;83;Málaga
2020-07-01;Marbella;Torrevieja;36;Málaga
2020-07-01;Abanilla;Torrevieja;127;Murcia
2020-07-01;Abarán;Torrevieja;105;Murcia
2020-07-01;Águilas;Torrevieja;77;Murcia
2020-07-01;Alcantarilla;Torrevieja;656;Murcia
2020-07-01;Alguazas;Torrevieja;105;Murcia
2020-07-01;Alhama de Murcia;Torrevieja;43;Murcia
2020-07-01;Archena;Torrevieja;119;Murcia
2020-07-01;Beniel;Torrevieja;505;Murcia
2020-07-01;Blanca;Torrevieja;76;Murcia
2020-07-01;Bullas;Torrevieja;40;Murcia
2020-07-01;Calasparra;Torrevieja;57;Murcia
2020-07-01;Caravaca de la Cruz;Torrevieja;116;Murcia
2020-07-01;Cartagena;Torrevieja;1049;Murcia
2020-07-01;Cehegín;Torrevieja;59;Murcia
2020-07-01;Ceutí;Torrevieja;148;Murcia
2020-07-01;Cieza;Torrevieja;353;Murcia
2020-07-01;Fortuna;Torrevieja;201;Murcia
2020-07-01;Fuente Álamo de Murcia;Torrevieja;33;Murcia
2020-07-01;Jumilla;Torrevieja;206;Murcia
2020-07-01;Librilla;Torrevieja;72;Murcia
2020-07-01;Lorca;Torrevieja;99;Murcia
2020-07-01;Lorquí;Torrevieja;119;Murcia
2020-07-01;Mazarrón;Torrevieja;51;Murcia
2020-07-01;Molina de Segura;Torrevieja;1464;Murcia
2020-07-01;Mula;Torrevieja;86;Murcia
2020-07-01;Murcia;Torrevieja;10596;Murcia
2020-07-01;Ricote;Torrevieja;87;Murcia
2020-07-01;San Javier;Torrevieja;315;Murcia
2020-07-01;San Pedro del Pinatar;Torrevieja;433;Murcia
2020-07-01;Torre-Pacheco;Torrevieja;197;Murcia
2020-07-01;Torres de Cotillas, Las;Torrevieja;301;Murcia
2020-07-01;Unión, La;Torrevieja;73;Murcia
2020-07-01;Villanueva del Río Segura;Torrevieja;44;Murcia
2020-07-01;Yecla;Torrevieja;226;Murcia
2020-07-01;Santomera;Torrevieja;408;Murcia
2020-07-01;Alcázares, Los;Torrevieja;140;Murcia
2020-07-01;Aranguren;Torrevieja;32;Navarra
2020-07-01;Burlada/Burlata;Torrevieja;46;Navarra
2020-07-01;Valle de Egüés/Eguesibar;Torrevieja;38;Navarra
2020-07-01;Noáin (Valle de Elorz)/Noain (Elortzibar);Torrevieja;38;Navarra
2020-07-01;Estella-Lizarra;Torrevieja;31;Navarra
2020-07-01;Pamplona/Iruña;Torrevieja;318;Navarra
2020-07-01;Tudela;Torrevieja;39;Navarra
2020-07-01;Gijón;Torrevieja;172;Asturias
2020-07-01;Oviedo;Torrevieja;87;Asturias
2020-07-01;Siero;Torrevieja;36;Asturias
2020-07-01;Palencia;Torrevieja;47;Palencia
2020-07-01;Salamanca;Torrevieja;155;Salamanca
2020-07-01;Castro-Urdiales;Torrevieja;33;Cantabria
2020-07-01;Santander;Torrevieja;33;Cantabria
2020-07-01;Espinar, El;Torrevieja;49;Segovia
2020-07-01;Segovia;Torrevieja;141;Segovia
2020-07-01;Sevilla;Torrevieja;55;Sevilla
2020-07-01;Soria;Torrevieja;31;Soria
2020-07-01;Teruel;Torrevieja;36;Teruel
2020-07-01;Añover de Tajo;Torrevieja;38;Toledo
2020-07-01;Bargas;Torrevieja;46;Toledo
2020-07-01;Borox;Torrevieja;32;Toledo
2020-07-01;Casarrubios del Monte;Torrevieja;43;Toledo
2020-07-01;Consuegra;Torrevieja;32;Toledo
2020-07-01;Esquivias;Torrevieja;41;Toledo
2020-07-01;Fuensalida;Torrevieja;40;Toledo
2020-07-01;Illescas;Torrevieja;193;Toledo
2020-07-01;Madridejos;Torrevieja;38;Toledo
2020-07-01;Méntrida;Torrevieja;40;Toledo
2020-07-01;Mocejón;Torrevieja;44;Toledo
2020-07-01;Mora;Torrevieja;30;Toledo
2020-07-01;Ocaña;Torrevieja;82;Toledo
2020-07-01;Olías del Rey;Torrevieja;38;Toledo
2020-07-01;Ontígola;Torrevieja;46;Toledo
2020-07-01;Puebla de Almoradiel, La;Torrevieja;52;Toledo
2020-07-01;Puebla de Montalbán, La;Torrevieja;35;Toledo
2020-07-01;Quintanar de la Orden;Torrevieja;87;Toledo
2020-07-01;Seseña;Torrevieja;222;Toledo
2020-07-01;Talavera de la Reina;Torrevieja;187;Toledo
2020-07-01;Toledo;Torrevieja;326;Toledo
2020-07-01;Torrijos;Torrevieja;41;Toledo
2020-07-01;Ugena;Torrevieja;36;Toledo
2020-07-01;Villacañas;Torrevieja;64;Toledo
2020-07-01;Villa de Don Fadrique, La;Torrevieja;38;Toledo
2020-07-01;Villatobas;Torrevieja;39;Toledo
2020-07-01;Viso de San Juan, El;Torrevieja;30;Toledo
2020-07-01;Yeles;Torrevieja;44;Toledo
2020-07-01;Yepes;Torrevieja;36;Toledo
2020-07-01;Yuncos;Torrevieja;62;Toledo
2020-07-01;Albal;Torrevieja;31;Valencia/València
2020-07-01;Alboraia/Alboraya;Torrevieja;40;Valencia/València
2020-07-01;Alzira;Torrevieja;37;Valencia/València
2020-07-01;Algemesí;Torrevieja;36;Valencia/València
2020-07-01;Bétera;Torrevieja;31;Valencia/València
2020-07-01;Burjassot;Torrevieja;60;Valencia/València
2020-07-01;Gandia;Torrevieja;39;Valencia/València
2020-07-01;Xàtiva;Torrevieja;45;Valencia/València
2020-07-01;Manises;Torrevieja;32;Valencia/València
2020-07-01;Ontinyent;Torrevieja;63;Valencia/València
2020-07-01;Paiporta;Torrevieja;38;Valencia/València
2020-07-01;Paterna;Torrevieja;59;Valencia/València
2020-07-01;Picassent;Torrevieja;30;Valencia/València
2020-07-01;Requena;Torrevieja;45;Valencia/València
2020-07-01;Sagunto/Sagunt;Torrevieja;33;Valencia/València
2020-07-01;Torrent;Torrevieja;63;Valencia/València
2020-07-01;València;Torrevieja;911;Valencia/València
2020-07-01;Arroyo de la Encomienda;Torrevieja;35;Valladolid
2020-07-01;Laguna de Duero;Torrevieja;64;Valladolid
2020-07-01;Medina del Campo;Torrevieja;35;Valladolid
2020-07-01;Valladolid;Torrevieja;534;Valladolid
2020-07-01;Barakaldo;Torrevieja;82;Bizkaia
2020-07-01;Basauri;Torrevieja;44;Bizkaia
2020-07-01;Bilbao;Torrevieja;256;Bizkaia
2020-07-01;Getxo;Torrevieja;51;Bizkaia
2020-07-01;Leioa;Torrevieja;49;Bizkaia
2020-07-01;Portugalete;Torrevieja;32;Bizkaia
2020-07-01;Santurtzi;Torrevieja;61;Bizkaia
2020-07-01;Benavente;Torrevieja;33;Zamora
2020-07-01;Zamora;Torrevieja;44;Zamora
2020-07-01;Tauste;Torrevieja;31;Zaragoza
2020-07-01;Zaragoza;Torrevieja;244;Zaragoza
2020-07-01;Ceuta;Torrevieja;38;Ceuta
2020-08-01;Laudio/Llodio;Torrevieja;45;Araba/Álava
2020-08-01;Vitoria-Gasteiz;Torrevieja;1022;Araba/Álava
2020-08-01;Albacete;Torrevieja;3212;Albacete
2020-08-01;Almansa;Torrevieja;174;Albacete
2020-08-01;Barrax;Torrevieja;73;Albacete
2020-08-01;Caudete;Torrevieja;61;Albacete
2020-08-01;Chinchilla de Monte-Aragón;Torrevieja;67;Albacete
2020-08-01;Gineta, La;Torrevieja;45;Albacete
2020-08-01;Hellín;Torrevieja;307;Albacete
2020-08-01;Madrigueras;Torrevieja;40;Albacete
2020-08-01;Ossa de Montiel;Torrevieja;38;Albacete
2020-08-01;Roda, La;Torrevieja;146;Albacete
2020-08-01;Tobarra;Torrevieja;45;Albacete
2020-08-01;Villarrobledo;Torrevieja;223;Albacete
2020-08-01;Pozo Cañada;Torrevieja;41;Albacete
2020-08-01;Adra;Torrevieja;41;Almería
2020-08-01;Almería;Torrevieja;92;Almería
2020-08-01;Roquetas de Mar;Torrevieja;84;Almería
2020-08-01;Ejido, El;Torrevieja;32;Almería
2020-08-01;Arévalo;Torrevieja;36;Ávila
2020-08-01;Ávila;Torrevieja;187;Ávila
2020-08-01;Badajoz;Torrevieja;43;Badajoz
2020-08-01;Palma;Torrevieja;51;Balears, Illes
2020-08-01;Badalona;Torrevieja;52;Barcelona
2020-08-01;Barcelona;Torrevieja;448;Barcelona
2020-08-01;Cornellà de Llobregat;Torrevieja;37;Barcelona
2020-08-01;Hospitalet de Llobregat, L';Torrevieja;62;Barcelona
2020-08-01;Mataró;Torrevieja;34;Barcelona
2020-08-01;Sabadell;Torrevieja;65;Barcelona
2020-08-01;Sant Boi de Llobregat;Torrevieja;35;Barcelona
2020-08-01;Cerdanyola del Vallès;Torrevieja;42;Barcelona
2020-08-01;Terrassa;Torrevieja;55;Barcelona
2020-08-01;Aranda de Duero;Torrevieja;81;Burgos
2020-08-01;Burgos;Torrevieja;808;Burgos
2020-08-01;Miranda de Ebro;Torrevieja;109;Burgos
2020-08-01;Cáceres;Torrevieja;30;Cáceres
2020-08-01;Navalmoral de la Mata;Torrevieja;31;Cáceres
2020-08-01;Plasencia;Torrevieja;45;Cáceres
2020-08-01;Castelló de la Plana;Torrevieja;71;Castellón/Castelló
2020-08-01;Vall d'Uixó, la;Torrevieja;35;Castellón/Castelló
2020-08-01;Vila-real;Torrevieja;31;Castellón/Castelló
2020-08-01;Alcázar de San Juan;Torrevieja;225;Ciudad Real
2020-08-01;Almagro;Torrevieja;55;Ciudad Real
2020-08-01;Argamasilla de Alba;Torrevieja;81;Ciudad Real
2020-08-01;Argamasilla de Calatrava;Torrevieja;45;Ciudad Real
2020-08-01;Bolaños de Calatrava;Torrevieja;42;Ciudad Real
2020-08-01;Calzada de Calatrava;Torrevieja;36;Ciudad Real
2020-08-01;Campo de Criptana;Torrevieja;69;Ciudad Real
2020-08-01;Ciudad Real;Torrevieja;557;Ciudad Real
2020-08-01;Daimiel;Torrevieja;58;Ciudad Real
2020-08-01;Herencia;Torrevieja;40;Ciudad Real
2020-08-01;Malagón;Torrevieja;37;Ciudad Real
2020-08-01;Manzanares;Torrevieja;85;Ciudad Real
2020-08-01;Miguelturra;Torrevieja;99;Ciudad Real
2020-08-01;Pedro Muñoz;Torrevieja;94;Ciudad Real
2020-08-01;Puertollano;Torrevieja;288;Ciudad Real
2020-08-01;Socuéllamos;Torrevieja;107;Ciudad Real
2020-08-01;Solana, La;Torrevieja;48;Ciudad Real
2020-08-01;Tomelloso;Torrevieja;359;Ciudad Real
2020-08-01;Valdepeñas;Torrevieja;149;Ciudad Real
2020-08-01;Córdoba;Torrevieja;118;Córdoba
2020-08-01;Coruña, A;Torrevieja;49;Coruña, A
2020-08-01;Santiago de Compostela;Torrevieja;40;Coruña, A
2020-08-01;Cuenca;Torrevieja;172;Cuenca
2020-08-01;Mota del Cuervo;Torrevieja;37;Cuenca
2020-08-01;Quintanar del Rey;Torrevieja;59;Cuenca
2020-08-01;San Clemente;Torrevieja;101;Cuenca
2020-08-01;Tarancón;Torrevieja;87;Cuenca
2020-08-01;Granada;Torrevieja;122;Granada
2020-08-01;Alovera;Torrevieja;185;Guadalajara
2020-08-01;Azuqueca de Henares;Torrevieja;292;Guadalajara
2020-08-01;Cabanillas del Campo;Torrevieja;47;Guadalajara
2020-08-01;Casar, El;Torrevieja;144;Guadalajara
2020-08-01;Chiloeches;Torrevieja;32;Guadalajara
2020-08-01;Galápagos;Torrevieja;47;Guadalajara
2020-08-01;Guadalajara;Torrevieja;370;Guadalajara
2020-08-01;Horche;Torrevieja;62;Guadalajara
2020-08-01;Loranca de Tajuña;Torrevieja;45;Guadalajara
2020-08-01;Marchamalo;Torrevieja;47;Guadalajara
2020-08-01;Mondéjar;Torrevieja;33;Guadalajara
2020-08-01;Pioz;Torrevieja;43;Guadalajara
2020-08-01;Torrejón del Rey;Torrevieja;48;Guadalajara
2020-08-01;Uceda;Torrevieja;31;Guadalajara
2020-08-01;Villanueva de la Torre;Torrevieja;76;Guadalajara
2020-08-01;Andoain;Torrevieja;50;Gipuzkoa
2020-08-01;Eibar;Torrevieja;105;Gipuzkoa
2020-08-01;Hondarribia;Torrevieja;33;Gipuzkoa
2020-08-01;Hernani;Torrevieja;34;Gipuzkoa
2020-08-01;Irun;Torrevieja;102;Gipuzkoa
2020-08-01;Lezo;Torrevieja;33;Gipuzkoa
2020-08-01;Arrasate/Mondragón;Torrevieja;64;Gipuzkoa
2020-08-01;Pasaia;Torrevieja;34;Gipuzkoa
2020-08-01;Errenteria;Torrevieja;101;Gipuzkoa
2020-08-01;Donostia/San Sebastián;Torrevieja;209;Gipuzkoa
2020-08-01;Bergara;Torrevieja;54;Gipuzkoa
2020-08-01;Zumarraga;Torrevieja;33;Gipuzkoa
2020-08-01;Lasarte-Oria;Torrevieja;48;Gipuzkoa
2020-08-01;Huesca;Torrevieja;40;Huesca
2020-08-01;Jaén;Torrevieja;63;Jaén
2020-08-01;Linares;Torrevieja;48;Jaén
2020-08-01;Úbeda;Torrevieja;33;Jaén
2020-08-01;León;Torrevieja;162;León
2020-08-01;Ponferrada;Torrevieja;47;León
2020-08-01;San Andrés del Rabanedo;Torrevieja;73;León
2020-08-01;Villaquilambre;Torrevieja;32;León
2020-08-01;Lleida;Torrevieja;51;Lleida
2020-08-01;Calahorra;Torrevieja;49;Rioja, La
2020-08-01;Lardero;Torrevieja;32;Rioja, La
2020-08-01;Logroño;Torrevieja;315;Rioja, La
2020-08-01;Lugo;Torrevieja;34;Lugo
2020-08-01;Ajalvir;Torrevieja;38;Madrid
2020-08-01;Álamo, El;Torrevieja;109;Madrid
2020-08-01;Alcalá de Henares;Torrevieja;2408;Madrid
2020-08-01;Alcobendas;Torrevieja;992;Madrid
2020-08-01;Alcorcón;Torrevieja;2014;Madrid
2020-08-01;Algete;Torrevieja;167;Madrid
2020-08-01;Alpedrete;Torrevieja;108;Madrid
2020-08-01;Aranjuez;Torrevieja;501;Madrid
2020-08-01;Arganda del Rey;Torrevieja;769;Madrid
2020-08-01;Arroyomolinos;Torrevieja;349;Madrid
2020-08-01;Becerril de la Sierra;Torrevieja;42;Madrid
2020-08-01;Belmonte de Tajo;Torrevieja;37;Madrid
2020-08-01;Boadilla del Monte;Torrevieja;269;Madrid
2020-08-01;Brunete;Torrevieja;74;Madrid
2020-08-01;Camarma de Esteruelas;Torrevieja;114;Madrid
2020-08-01;Campo Real;Torrevieja;79;Madrid
2020-08-01;Casarrubuelos;Torrevieja;36;Madrid
2020-08-01;Ciempozuelos;Torrevieja;286;Madrid
2020-08-01;Cobeña;Torrevieja;70;Madrid
2020-08-01;Colmenar de Oreja;Torrevieja;77;Madrid
2020-08-01;Colmenarejo;Torrevieja;48;Madrid
2020-08-01;Colmenar Viejo;Torrevieja;457;Madrid
2020-08-01;Collado Mediano;Torrevieja;38;Madrid
2020-08-01;Collado Villalba;Torrevieja;535;Madrid
2020-08-01;Coslada;Torrevieja;908;Madrid
2020-08-01;Cubas de la Sagra;Torrevieja;90;Madrid
2020-08-01;Chinchón;Torrevieja;57;Madrid
2020-08-01;Daganzo de Arriba;Torrevieja;127;Madrid
2020-08-01;Escorial, El;Torrevieja;88;Madrid
2020-08-01;Fresno de Torote;Torrevieja;30;Madrid
2020-08-01;Fuenlabrada;Torrevieja;2999;Madrid
2020-08-01;Fuente el Saz de Jarama;Torrevieja;73;Madrid
2020-08-01;Galapagar;Torrevieja;252;Madrid
2020-08-01;Getafe;Torrevieja;2568;Madrid
2020-08-01;Griñón;Torrevieja;124;Madrid
2020-08-01;Guadalix de la Sierra;Torrevieja;44;Madrid
2020-08-01;Guadarrama;Torrevieja;105;Madrid
2020-08-01;Hoyo de Manzanares;Torrevieja;37;Madrid
2020-08-01;Humanes de Madrid;Torrevieja;243;Madrid
2020-08-01;Leganés;Torrevieja;2710;Madrid
2020-08-01;Loeches;Torrevieja;147;Madrid
2020-08-01;Madrid;Torrevieja;23758;Madrid
2020-08-01;Majadahonda;Torrevieja;242;Madrid
2020-08-01;Manzanares el Real;Torrevieja;40;Madrid
2020-08-01;Meco;Torrevieja;203;Madrid
2020-08-01;Mejorada del Campo;Torrevieja;357;Madrid
2020-08-01;Molar, El;Torrevieja;80;Madrid
2020-08-01;Moraleja de Enmedio;Torrevieja;99;Madrid
2020-08-01;Moralzarzal;Torrevieja;89;Madrid
2020-08-01;Morata de Tajuña;Torrevieja;79;Madrid
2020-08-01;Móstoles;Torrevieja;2812;Madrid
2020-08-01;Navalcarnero;Torrevieja;338;Madrid
2020-08-01;Nuevo Baztán;Torrevieja;71;Madrid
2020-08-01;Paracuellos de Jarama;Torrevieja;179;Madrid
2020-08-01;Parla;Torrevieja;1948;Madrid
2020-08-01;Pedrezuela;Torrevieja;57;Madrid
2020-08-01;Pinto;Torrevieja;659;Madrid
2020-08-01;Pozuelo de Alarcón;Torrevieja;285;Madrid
2020-08-01;Quijorna;Torrevieja;62;Madrid
2020-08-01;Rivas-Vaciamadrid;Torrevieja;909;Madrid
2020-08-01;Rozas de Madrid, Las;Torrevieja;424;Madrid
2020-08-01;San Agustín del Guadalix;Torrevieja;102;Madrid
2020-08-01;San Fernando de Henares;Torrevieja;655;Madrid
2020-08-01;San Lorenzo de El Escorial;Torrevieja;99;Madrid
2020-08-01;San Martín de la Vega;Torrevieja;287;Madrid
2020-08-01;San Martín de Valdeiglesias;Torrevieja;34;Madrid
2020-08-01;San Sebastián de los Reyes;Torrevieja;1123;Madrid
2020-08-01;Santos de la Humosa, Los;Torrevieja;49;Madrid
2020-08-01;Serranillos del Valle;Torrevieja;52;Madrid
2020-08-01;Sevilla la Nueva;Torrevieja;69;Madrid
2020-08-01;Soto del Real;Torrevieja;43;Madrid
2020-08-01;Talamanca de Jarama;Torrevieja;55;Madrid
2020-08-01;Torrejón de Ardoz;Torrevieja;1676;Madrid
2020-08-01;Torrejón de la Calzada;Torrevieja;99;Madrid
2020-08-01;Torrejón de Velasco;Torrevieja;60;Madrid
2020-08-01;Torrelodones;Torrevieja;98;Madrid
2020-08-01;Torres de la Alameda;Torrevieja;92;Madrid
2020-08-01;Valdemorillo;Torrevieja;61;Madrid
2020-08-01;Valdemoro;Torrevieja;1077;Madrid
2020-08-01;Valdetorres de Jarama;Torrevieja;40;Madrid
2020-08-01;Valdilecha;Torrevieja;54;Madrid
2020-08-01;Velilla de San Antonio;Torrevieja;206;Madrid
2020-08-01;Villaconejos;Torrevieja;32;Madrid
2020-08-01;Villa del Prado;Torrevieja;36;Madrid
2020-08-01;Villalbilla;Torrevieja;96;Madrid
2020-08-01;Villamanta;Torrevieja;41;Madrid
2020-08-01;Villanueva de la Cañada;Torrevieja;108;Madrid
2020-08-01;Villanueva del Pardillo;Torrevieja;98;Madrid
2020-08-01;Villarejo de Salvanés;Torrevieja;92;Madrid
2020-08-01;Villaviciosa de Odón;Torrevieja;177;Madrid
2020-08-01;Tres Cantos;Torrevieja;261;Madrid
2020-08-01;Málaga;Torrevieja;133;Málaga
2020-08-01;Marbella;Torrevieja;52;Málaga
2020-08-01;Abanilla;Torrevieja;116;Murcia
2020-08-01;Abarán;Torrevieja;114;Murcia
2020-08-01;Águilas;Torrevieja;44;Murcia
2020-08-01;Alcantarilla;Torrevieja;701;Murcia
2020-08-01;Alguazas;Torrevieja;138;Murcia
2020-08-01;Alhama de Murcia;Torrevieja;58;Murcia
2020-08-01;Archena;Torrevieja;194;Murcia
2020-08-01;Beniel;Torrevieja;594;Murcia
2020-08-01;Blanca;Torrevieja;110;Murcia
2020-08-01;Bullas;Torrevieja;56;Murcia
2020-08-01;Calasparra;Torrevieja;35;Murcia
2020-08-01;Caravaca de la Cruz;Torrevieja;140;Murcia
2020-08-01;Cartagena;Torrevieja;1219;Murcia
2020-08-01;Cehegín;Torrevieja;36;Murcia
2020-08-01;Ceutí;Torrevieja;198;Murcia
2020-08-01;Cieza;Torrevieja;455;Murcia
2020-08-01;Fortuna;Torrevieja;221;Murcia
2020-08-01;Fuente Álamo de Murcia;Torrevieja;44;Murcia
2020-08-01;Jumilla;Torrevieja;220;Murcia
2020-08-01;Librilla;Torrevieja;58;Murcia
2020-08-01;Lorca;Torrevieja;121;Murcia
2020-08-01;Lorquí;Torrevieja;153;Murcia
2020-08-01;Mazarrón;Torrevieja;85;Murcia
2020-08-01;Molina de Segura;Torrevieja;1761;Murcia
2020-08-01;Moratalla;Torrevieja;50;Murcia
2020-08-01;Mula;Torrevieja;91;Murcia
2020-08-01;Murcia;Torrevieja;12563;Murcia
2020-08-01;Pliego;Torrevieja;33;Murcia
2020-08-01;Ricote;Torrevieja;50;Murcia
2020-08-01;San Javier;Torrevieja;387;Murcia
2020-08-01;San Pedro del Pinatar;Torrevieja;405;Murcia
2020-08-01;Torre-Pacheco;Torrevieja;223;Murcia
2020-08-01;Torres de Cotillas, Las;Torrevieja;402;Murcia
2020-08-01;Totana;Torrevieja;34;Murcia
2020-08-01;Unión, La;Torrevieja;82;Murcia
2020-08-01;Villanueva del Río Segura;Torrevieja;33;Murcia
2020-08-01;Yecla;Torrevieja;353;Murcia
2020-08-01;Santomera;Torrevieja;607;Murcia
2020-08-01;Alcázares, Los;Torrevieja;161;Murcia
2020-08-01;Burlada/Burlata;Torrevieja;42;Navarra
2020-08-01;Valle de Egüés/Eguesibar;Torrevieja;56;Navarra
2020-08-01;Noáin (Valle de Elorz)/Noain (Elortzibar);Torrevieja;36;Navarra
2020-08-01;Pamplona/Iruña;Torrevieja;412;Navarra
2020-08-01;Tudela;Torrevieja;62;Navarra
2020-08-01;Barañáin/Barañain;Torrevieja;68;Navarra
2020-08-01;Zizur Mayor/Zizur Nagusia;Torrevieja;32;Navarra
2020-08-01;Ourense;Torrevieja;38;Ourense
2020-08-01;Avilés;Torrevieja;58;Asturias
2020-08-01;Gijón;Torrevieja;212;Asturias
2020-08-01;Langreo;Torrevieja;35;Asturias
2020-08-01;Oviedo;Torrevieja;231;Asturias
2020-08-01;Siero;Torrevieja;57;Asturias
2020-08-01;Palencia;Torrevieja;115;Palencia
2020-08-01;Villamuriel de Cerrato;Torrevieja;31;Palencia
2020-08-01;Palmas de Gran Canaria, Las;Torrevieja;44;Palmas, Las
2020-08-01;Vigo;Torrevieja;31;Pontevedra
2020-08-01;Salamanca;Torrevieja;313;Salamanca
2020-08-01;Santa Marta de Tormes;Torrevieja;55;Salamanca
2020-08-01;Villamayor;Torrevieja;49;Salamanca
2020-08-01;Castro-Urdiales;Torrevieja;63;Cantabria
2020-08-01;Santander;Torrevieja;41;Cantabria
2020-08-01;Cuéllar;Torrevieja;33;Segovia
2020-08-01;Lastrilla, La;Torrevieja;37;Segovia
2020-08-01;Palazuelos de Eresma;Torrevieja;38;Segovia
2020-08-01;Real Sitio de San Ildefonso;Torrevieja;32;Segovia
2020-08-01;Segovia;Torrevieja;269;Segovia
2020-08-01;Dos Hermanas;Torrevieja;31;Sevilla
2020-08-01;Sevilla;Torrevieja;110;Sevilla
2020-08-01;Soria;Torrevieja;41;Soria
2020-08-01;Tarragona;Torrevieja;37;Tarragona
2020-08-01;Añover de Tajo;Torrevieja;64;Toledo
2020-08-01;Argés;Torrevieja;39;Toledo
2020-08-01;Bargas;Torrevieja;88;Toledo
2020-08-01;Borox;Torrevieja;41;Toledo
2020-08-01;Camarena;Torrevieja;33;Toledo
2020-08-01;Carranque;Torrevieja;59;Toledo
2020-08-01;Casar de Escalona, El;Torrevieja;39;Toledo
2020-08-01;Casarrubios del Monte;Torrevieja;81;Toledo
2020-08-01;Cedillo del Condado;Torrevieja;44;Toledo
2020-08-01;Cobeja;Torrevieja;42;Toledo
2020-08-01;Cobisa;Torrevieja;44;Toledo
2020-08-01;Chozas de Canales;Torrevieja;33;Toledo
2020-08-01;Esquivias;Torrevieja;42;Toledo
2020-08-01;Fuensalida;Torrevieja;57;Toledo
2020-08-01;Illescas;Torrevieja;354;Toledo
2020-08-01;Madridejos;Torrevieja;44;Toledo
2020-08-01;Méntrida;Torrevieja;49;Toledo
2020-08-01;Mocejón;Torrevieja;38;Toledo
2020-08-01;Mora;Torrevieja;50;Toledo
2020-08-01;Nambroca;Torrevieja;44;Toledo
2020-08-01;Noblejas;Torrevieja;35;Toledo
2020-08-01;Novés;Torrevieja;41;Toledo
2020-08-01;Numancia de la Sagra;Torrevieja;51;Toledo
2020-08-01;Ocaña;Torrevieja;144;Toledo
2020-08-01;Olías del Rey;Torrevieja;55;Toledo
2020-08-01;Ontígola;Torrevieja;61;Toledo
2020-08-01;Puebla de Almoradiel, La;Torrevieja;37;Toledo
2020-08-01;Quintanar de la Orden;Torrevieja;142;Toledo
2020-08-01;Santa Cruz de la Zarza;Torrevieja;48;Toledo
2020-08-01;Seseña;Torrevieja;321;Toledo
2020-08-01;Sonseca;Torrevieja;41;Toledo
2020-08-01;Talavera de la Reina;Torrevieja;332;Toledo
2020-08-01;Toledo;Torrevieja;552;Toledo
2020-08-01;Torrijos;Torrevieja;82;Toledo
2020-08-01;Ugena;Torrevieja;59;Toledo
2020-08-01;Villacañas;Torrevieja;52;Toledo
2020-08-01;Villafranca de los Caballeros;Torrevieja;50;Toledo
2020-08-01;Villaluenga de la Sagra;Torrevieja;49;Toledo
2020-08-01;Villatobas;Torrevieja;43;Toledo
2020-08-01;Viso de San Juan, El;Torrevieja;53;Toledo
2020-08-01;Yeles;Torrevieja;64;Toledo
2020-08-01;Yepes;Torrevieja;66;Toledo
2020-08-01;Yuncler;Torrevieja;50;Toledo
2020-08-01;Yuncos;Torrevieja;134;Toledo
2020-08-01;Alaquàs;Torrevieja;44;Valencia/València
2020-08-01;Alboraia/Alboraya;Torrevieja;39;Valencia/València
2020-08-01;Alzira;Torrevieja;59;Valencia/València
2020-08-01;Aldaia;Torrevieja;42;Valencia/València
2020-08-01;Alfafar;Torrevieja;50;Valencia/València
2020-08-01;Algemesí;Torrevieja;31;Valencia/València
2020-08-01;Benetússer;Torrevieja;36;Valencia/València
2020-08-01;Bétera;Torrevieja;40;Valencia/València
2020-08-01;Burjassot;Torrevieja;53;Valencia/València
2020-08-01;Cheste;Torrevieja;32;Valencia/València
2020-08-01;Xirivella;Torrevieja;46;Valencia/València
2020-08-01;Gandia;Torrevieja;53;Valencia/València
2020-08-01;Xàtiva;Torrevieja;51;Valencia/València
2020-08-01;Llíria;Torrevieja;32;Valencia/València
2020-08-01;Manises;Torrevieja;43;Valencia/València
2020-08-01;Mislata;Torrevieja;50;Valencia/València
2020-08-01;Ontinyent;Torrevieja;95;Valencia/València
2020-08-01;Paiporta;Torrevieja;56;Valencia/València
2020-08-01;Paterna;Torrevieja;142;Valencia/València
2020-08-01;Picassent;Torrevieja;62;Valencia/València
2020-08-01;Polinyà de Xúquer;Torrevieja;42;Valencia/València
2020-08-01;Pobla de Vallbona, la;Torrevieja;31;Valencia/València
2020-08-01;Requena;Torrevieja;36;Valencia/València
2020-08-01;Riba-roja de Túria;Torrevieja;53;Valencia/València
2020-08-01;Sagunto/Sagunt;Torrevieja;62;Valencia/València
2020-08-01;Silla;Torrevieja;40;Valencia/València
2020-08-01;Torrent;Torrevieja;119;Valencia/València
2020-08-01;València;Torrevieja;1271;Valencia/València
2020-08-01;Arroyo de la Encomienda;Torrevieja;112;Valladolid
2020-08-01;Boecillo;Torrevieja;31;Valladolid
2020-08-01;Cistérniga;Torrevieja;43;Valladolid
2020-08-01;Laguna de Duero;Torrevieja;143;Valladolid
2020-08-01;Medina del Campo;Torrevieja;63;Valladolid
2020-08-01;Valladolid;Torrevieja;1056;Valladolid
2020-08-01;Zaratán;Torrevieja;30;Valladolid
2020-08-01;Amorebieta-Etxano;Torrevieja;74;Bizkaia
2020-08-01;Barakaldo;Torrevieja;272;Bizkaia
2020-08-01;Basauri;Torrevieja;109;Bizkaia
2020-08-01;Bermeo;Torrevieja;40;Bizkaia
2020-08-01;Bilbao;Torrevieja;765;Bizkaia
2020-08-01;Durango;Torrevieja;119;Bizkaia
2020-08-01;Etxebarri;Torrevieja;47;Bizkaia
2020-08-01;Ermua;Torrevieja;80;Bizkaia
2020-08-01;Galdakao;Torrevieja;75;Bizkaia
2020-08-01;Getxo;Torrevieja;139;Bizkaia
2020-08-01;Gernika-Lumo;Torrevieja;32;Bizkaia
2020-08-01;Leioa;Torrevieja;120;Bizkaia
2020-08-01;Mungia;Torrevieja;33;Bizkaia
2020-08-01;Portugalete;Torrevieja;99;Bizkaia
2020-08-01;Santurtzi;Torrevieja;108;Bizkaia
2020-08-01;Sestao;Torrevieja;42;Bizkaia
2020-08-01;Sopela;Torrevieja;34;Bizkaia
2020-08-01;Erandio;Torrevieja;68;Bizkaia
2020-08-01;Benavente;Torrevieja;30;Zamora
2020-08-01;Zamora;Torrevieja;32;Zamora
2020-08-01;Zaragoza;Torrevieja;461;Zaragoza
2020-08-01;Ceuta;Torrevieja;54;Ceuta
2020-08-01;Melilla;Torrevieja;41;Melilla
2020-09-01;Vitoria-Gasteiz;Torrevieja;367;Araba/Álava
2020-09-01;Albacete;Torrevieja;1343;Albacete
2020-09-01;Almansa;Torrevieja;108;Albacete
2020-09-01;Caudete;Torrevieja;61;Albacete
2020-09-01;Gineta, La;Torrevieja;39;Albacete
2020-09-01;Hellín;Torrevieja;126;Albacete
2020-09-01;Madrigueras;Torrevieja;32;Albacete
2020-09-01;Roda, La;Torrevieja;55;Albacete
2020-09-01;Tobarra;Torrevieja;31;Albacete
2020-09-01;Villarrobledo;Torrevieja;49;Albacete
2020-09-01;Almería;Torrevieja;68;Almería
2020-09-01;Roquetas de Mar;Torrevieja;51;Almería
2020-09-01;Ávila;Torrevieja;92;Ávila
2020-09-01;Palma;Torrevieja;31;Balears, Illes
2020-09-01;Barcelona;Torrevieja;179;Barcelona
2020-09-01;Hospitalet de Llobregat, L';Torrevieja;42;Barcelona
2020-09-01;Aranda de Duero;Torrevieja;82;Burgos
2020-09-01;Burgos;Torrevieja;295;Burgos
2020-09-01;Miranda de Ebro;Torrevieja;57;Burgos
2020-09-01;Castelló de la Plana;Torrevieja;61;Castellón/Castelló
2020-09-01;Vinaròs;Torrevieja;39;Castellón/Castelló
2020-09-01;Alcázar de San Juan;Torrevieja;62;Ciudad Real
2020-09-01;Argamasilla de Alba;Torrevieja;33;Ciudad Real
2020-09-01;Ciudad Real;Torrevieja;208;Ciudad Real
2020-09-01;Miguelturra;Torrevieja;35;Ciudad Real
2020-09-01;Puertollano;Torrevieja;86;Ciudad Real
2020-09-01;Socuéllamos;Torrevieja;40;Ciudad Real
2020-09-01;Tomelloso;Torrevieja;124;Ciudad Real
2020-09-01;Valdepeñas;Torrevieja;93;Ciudad Real
2020-09-01;Córdoba;Torrevieja;42;Córdoba
2020-09-01;Cuenca;Torrevieja;84;Cuenca
2020-09-01;San Clemente;Torrevieja;35;Cuenca
2020-09-01;Tarancón;Torrevieja;66;Cuenca
2020-09-01;Jonquera, La;Torrevieja;45;Girona
2020-09-01;Granada;Torrevieja;53;Granada
2020-09-01;Alovera;Torrevieja;79;Guadalajara
2020-09-01;Azuqueca de Henares;Torrevieja;99;Guadalajara
2020-09-01;Cabanillas del Campo;Torrevieja;33;Guadalajara
2020-09-01;Casar, El;Torrevieja;41;Guadalajara
2020-09-01;Guadalajara;Torrevieja;147;Guadalajara
2020-09-01;Villanueva de la Torre;Torrevieja;33;Guadalajara
2020-09-01;Irun;Torrevieja;44;Gipuzkoa
2020-09-01;Errenteria;Torrevieja;34;Gipuzkoa
2020-09-01;Donostia/San Sebastián;Torrevieja;104;Gipuzkoa
2020-09-01;León;Torrevieja;92;León
2020-09-01;Ponferrada;Torrevieja;35;León
2020-09-01;Logroño;Torrevieja;155;Rioja, La
2020-09-01;Álamo, El;Torrevieja;44;Madrid
2020-09-01;Alcalá de Henares;Torrevieja;700;Madrid
2020-09-01;Alcobendas;Torrevieja;270;Madrid
2020-09-01;Alcorcón;Torrevieja;648;Madrid
2020-09-01;Algete;Torrevieja;58;Madrid
2020-09-01;Alpedrete;Torrevieja;52;Madrid
2020-09-01;Aranjuez;Torrevieja;112;Madrid
2020-09-01;Arganda del Rey;Torrevieja;268;Madrid
2020-09-01;Arroyomolinos;Torrevieja;95;Madrid
2020-09-01;Boadilla del Monte;Torrevieja;72;Madrid
2020-09-01;Boalo, El;Torrevieja;32;Madrid
2020-09-01;Camarma de Esteruelas;Torrevieja;48;Madrid
2020-09-01;Campo Real;Torrevieja;32;Madrid
2020-09-01;Ciempozuelos;Torrevieja;107;Madrid
2020-09-01;Cobeña;Torrevieja;31;Madrid
2020-09-01;Colmenar de Oreja;Torrevieja;34;Madrid
2020-09-01;Colmenar Viejo;Torrevieja;221;Madrid
2020-09-01;Collado Mediano;Torrevieja;36;Madrid
2020-09-01;Collado Villalba;Torrevieja;165;Madrid
2020-09-01;Coslada;Torrevieja;344;Madrid
2020-09-01;Daganzo de Arriba;Torrevieja;38;Madrid
2020-09-01;Escorial, El;Torrevieja;55;Madrid
2020-09-01;Fuenlabrada;Torrevieja;837;Madrid
2020-09-01;Fuente el Saz de Jarama;Torrevieja;43;Madrid
2020-09-01;Galapagar;Torrevieja;88;Madrid
2020-09-01;Getafe;Torrevieja;842;Madrid
2020-09-01;Griñón;Torrevieja;50;Madrid
2020-09-01;Guadarrama;Torrevieja;56;Madrid
2020-09-01;Humanes de Madrid;Torrevieja;54;Madrid
2020-09-01;Leganés;Torrevieja;833;Madrid
2020-09-01;Loeches;Torrevieja;47;Madrid
2020-09-01;Madrid;Torrevieja;8166;Madrid
2020-09-01;Majadahonda;Torrevieja;83;Madrid
2020-09-01;Manzanares el Real;Torrevieja;39;Madrid
2020-09-01;Meco;Torrevieja;73;Madrid
2020-09-01;Mejorada del Campo;Torrevieja;98;Madrid
2020-09-01;Molar, El;Torrevieja;37;Madrid
2020-09-01;Moraleja de Enmedio;Torrevieja;32;Madrid
2020-09-01;Moralzarzal;Torrevieja;38;Madrid
2020-09-01;Móstoles;Torrevieja;1013;Madrid
2020-09-01;Navalcarnero;Torrevieja;111;Madrid
2020-09-01;Paracuellos de Jarama;Torrevieja;62;Madrid
2020-09-01;Parla;Torrevieja;535;Madrid
2020-09-01;Pedrezuela;Torrevieja;31;Madrid
2020-09-01;Pinto;Torrevieja;178;Madrid
2020-09-01;Pozuelo de Alarcón;Torrevieja;115;Madrid
2020-09-01;Rivas-Vaciamadrid;Torrevieja;281;Madrid
2020-09-01;Robledo de Chavela;Torrevieja;38;Madrid
2020-09-01;Rozas de Madrid, Las;Torrevieja;143;Madrid
2020-09-01;San Agustín del Guadalix;Torrevieja;46;Madrid
2020-09-01;San Fernando de Henares;Torrevieja;212;Madrid
2020-09-01;San Lorenzo de El Escorial;Torrevieja;47;Madrid
2020-09-01;San Martín de la Vega;Torrevieja;99;Madrid
2020-09-01;San Martín de Valdeiglesias;Torrevieja;47;Madrid
2020-09-01;San Sebastián de los Reyes;Torrevieja;356;Madrid
2020-09-01;Torrejón de Ardoz;Torrevieja;634;Madrid
2020-09-01;Torrejón de la Calzada;Torrevieja;34;Madrid
2020-09-01;Torrelodones;Torrevieja;37;Madrid
2020-09-01;Valdemorillo;Torrevieja;58;Madrid
2020-09-01;Valdemoro;Torrevieja;282;Madrid
2020-09-01;Valdilecha;Torrevieja;30;Madrid
2020-09-01;Velilla de San Antonio;Torrevieja;68;Madrid
2020-09-01;Villalbilla;Torrevieja;33;Madrid
2020-09-01;Villanueva de la Cañada;Torrevieja;37;Madrid
2020-09-01;Villanueva del Pardillo;Torrevieja;57;Madrid
2020-09-01;Villaviciosa de Odón;Torrevieja;73;Madrid
2020-09-01;Tres Cantos;Torrevieja;102;Madrid
2020-09-01;Málaga;Torrevieja;60;Málaga
2020-09-01;Marbella;Torrevieja;34;Málaga
2020-09-01;Abanilla;Torrevieja;68;Murcia
2020-09-01;Abarán;Torrevieja;45;Murcia
2020-09-01;Águilas;Torrevieja;33;Murcia
2020-09-01;Alcantarilla;Torrevieja;355;Murcia
2020-09-01;Alguazas;Torrevieja;64;Murcia
2020-09-01;Archena;Torrevieja;66;Murcia
2020-09-01;Beniel;Torrevieja;243;Murcia
2020-09-01;Caravaca de la Cruz;Torrevieja;66;Murcia
2020-09-01;Cartagena;Torrevieja;671;Murcia
2020-09-01;Cehegín;Torrevieja;34;Murcia
2020-09-01;Ceutí;Torrevieja;67;Murcia
2020-09-01;Cieza;Torrevieja;157;Murcia
2020-09-01;Fortuna;Torrevieja;75;Murcia
2020-09-01;Jumilla;Torrevieja;83;Murcia
2020-09-01;Librilla;Torrevieja;51;Murcia
2020-09-01;Lorca;Torrevieja;45;Murcia
2020-09-01;Lorquí;Torrevieja;44;Murcia
2020-09-01;Mazarrón;Torrevieja;87;Murcia
2020-09-01;Molina de Segura;Torrevieja;682;Murcia
2020-09-01;Mula;Torrevieja;73;Murcia
2020-09-01;Murcia;Torrevieja;5729;Murcia
2020-09-01;San Javier;Torrevieja;258;Murcia
2020-09-01;San Pedro del Pinatar;Torrevieja;310;Murcia
2020-09-01;Torre-Pacheco;Torrevieja;178;Murcia
2020-09-01;Torres de Cotillas, Las;Torrevieja;192;Murcia
2020-09-01;Unión, La;Torrevieja;59;Murcia
2020-09-01;Yecla;Torrevieja;145;Murcia
2020-09-01;Santomera;Torrevieja;199;Murcia
2020-09-01;Alcázares, Los;Torrevieja;123;Murcia
2020-09-01;Pamplona/Iruña;Torrevieja;142;Navarra
2020-09-01;Avilés;Torrevieja;41;Asturias
2020-09-01;Gijón;Torrevieja;161;Asturias
2020-09-01;Oviedo;Torrevieja;99;Asturias
2020-09-01;Guardo;Torrevieja;34;Palencia
2020-09-01;Palencia;Torrevieja;65;Palencia
2020-09-01;Salamanca;Torrevieja;92;Salamanca
2020-09-01;Castro-Urdiales;Torrevieja;39;Cantabria
2020-09-01;Cuéllar;Torrevieja;43;Segovia
2020-09-01;Espinar, El;Torrevieja;37;Segovia
2020-09-01;Segovia;Torrevieja;134;Segovia
2020-09-01;Pedrera;Torrevieja;43;Sevilla
2020-09-01;Sevilla;Torrevieja;36;Sevilla
2020-09-01;Soria;Torrevieja;45;Soria
2020-09-01;Casarrubios del Monte;Torrevieja;54;Toledo
2020-09-01;Illescas;Torrevieja;101;Toledo
2020-09-01;Madridejos;Torrevieja;32;Toledo
2020-09-01;Ocaña;Torrevieja;57;Toledo
2020-09-01;Quintanar de la Orden;Torrevieja;37;Toledo
2020-09-01;Seseña;Torrevieja;97;Toledo
2020-09-01;Sonseca;Torrevieja;31;Toledo
2020-09-01;Talavera de la Reina;Torrevieja;98;Toledo
2020-09-01;Toledo;Torrevieja;210;Toledo
2020-09-01;Villacañas;Torrevieja;30;Toledo
2020-09-01;Yuncos;Torrevieja;46;Toledo
2020-09-01;Albal;Torrevieja;42;Valencia/València
2020-09-01;Alzira;Torrevieja;47;Valencia/València
2020-09-01;Enguera;Torrevieja;34;Valencia/València
2020-09-01;Gandia;Torrevieja;66;Valencia/València
2020-09-01;Xàtiva;Torrevieja;50;Valencia/València
2020-09-01;Ontinyent;Torrevieja;55;Valencia/València
2020-09-01;Paterna;Torrevieja;38;Valencia/València
2020-09-01;Sagunto/Sagunt;Torrevieja;38;Valencia/València
2020-09-01;Sollana;Torrevieja;30;Valencia/València
2020-09-01;Tavernes de la Valldigna;Torrevieja;31;Valencia/València
2020-09-01;Torrent;Torrevieja;38;Valencia/València
2020-09-01;València;Torrevieja;690;Valencia/València
2020-09-01;Arroyo de la Encomienda;Torrevieja;41;Valladolid
2020-09-01;Laguna de Duero;Torrevieja;44;Valladolid
2020-09-01;Medina del Campo;Torrevieja;49;Valladolid
2020-09-01;Valladolid;Torrevieja;444;Valladolid
2020-09-01;Barakaldo;Torrevieja;106;Bizkaia
2020-09-01;Basauri;Torrevieja;48;Bizkaia
2020-09-01;Bilbao;Torrevieja;291;Bizkaia
2020-09-01;Durango;Torrevieja;41;Bizkaia
2020-09-01;Getxo;Torrevieja;60;Bizkaia
2020-09-01;Leioa;Torrevieja;43;Bizkaia
2020-09-01;Portugalete;Torrevieja;51;Bizkaia
2020-09-01;Santurtzi;Torrevieja;46;Bizkaia
2020-09-01;Erandio;Torrevieja;48;Bizkaia
2020-09-01;Zamora;Torrevieja;50;Zamora
2020-09-01;Zaragoza;Torrevieja;155;Zaragoza
2020-10-01;Vitoria-Gasteiz;Torrevieja;162;Araba/Álava
2020-10-01;Albacete;Torrevieja;687;Albacete
2020-10-01;Almansa;Torrevieja;72;Albacete
2020-10-01;Hellín;Torrevieja;68;Albacete
2020-10-01;Roda, La;Torrevieja;38;Albacete
2020-10-01;Villarrobledo;Torrevieja;37;Albacete
2020-10-01;Almería;Torrevieja;41;Almería
2020-10-01;Roquetas de Mar;Torrevieja;33;Almería
2020-10-01;Palma;Torrevieja;44;Balears, Illes
2020-10-01;Barcelona;Torrevieja;145;Barcelona
2020-10-01;Aranda de Duero;Torrevieja;36;Burgos
2020-10-01;Burgos;Torrevieja;155;Burgos
2020-10-01;Castelló de la Plana;Torrevieja;41;Castellón/Castelló
2020-10-01;Alcázar de San Juan;Torrevieja;33;Ciudad Real
2020-10-01;Ciudad Real;Torrevieja;114;Ciudad Real
2020-10-01;Pedro Muñoz;Torrevieja;46;Ciudad Real
2020-10-01;Tomelloso;Torrevieja;89;Ciudad Real
2020-10-01;Valdepeñas;Torrevieja;78;Ciudad Real
2020-10-01;Cuenca;Torrevieja;38;Cuenca
2020-10-01;Granada;Torrevieja;40;Granada
2020-10-01;Azuqueca de Henares;Torrevieja;51;Guadalajara
2020-10-01;Casar, El;Torrevieja;30;Guadalajara
2020-10-01;Guadalajara;Torrevieja;52;Guadalajara
2020-10-01;Donostia/San Sebastián;Torrevieja;74;Gipuzkoa
2020-10-01;Ordizia;Torrevieja;33;Gipuzkoa
2020-10-01;León;Torrevieja;48;León
2020-10-01;Ponferrada;Torrevieja;35;León
2020-10-01;Logroño;Torrevieja;59;Rioja, La
2020-10-01;Alcalá de Henares;Torrevieja;204;Madrid
2020-10-01;Alcobendas;Torrevieja;56;Madrid
2020-10-01;Alcorcón;Torrevieja;150;Madrid
2020-10-01;Algete;Torrevieja;32;Madrid
2020-10-01;Aranjuez;Torrevieja;74;Madrid
2020-10-01;Arganda del Rey;Torrevieja;75;Madrid
2020-10-01;Arroyomolinos;Torrevieja;31;Madrid
2020-10-01;Boadilla del Monte;Torrevieja;56;Madrid
2020-10-01;Ciempozuelos;Torrevieja;33;Madrid
2020-10-01;Colmenar Viejo;Torrevieja;57;Madrid
2020-10-01;Collado Villalba;Torrevieja;54;Madrid
2020-10-01;Coslada;Torrevieja;116;Madrid
2020-10-01;Escorial, El;Torrevieja;39;Madrid
2020-10-01;Fuenlabrada;Torrevieja;114;Madrid
2020-10-01;Getafe;Torrevieja;142;Madrid
2020-10-01;Leganés;Torrevieja;147;Madrid
2020-10-01;Madrid;Torrevieja;1710;Madrid
2020-10-01;Majadahonda;Torrevieja;37;Madrid
2020-10-01;Manzanares el Real;Torrevieja;32;Madrid
2020-10-01;Mejorada del Campo;Torrevieja;54;Madrid
2020-10-01;Móstoles;Torrevieja;188;Madrid
2020-10-01;Navalcarnero;Torrevieja;34;Madrid
2020-10-01;Paracuellos de Jarama;Torrevieja;33;Madrid
2020-10-01;Parla;Torrevieja;98;Madrid
2020-10-01;Pinto;Torrevieja;62;Madrid
2020-10-01;Pozuelo de Alarcón;Torrevieja;52;Madrid
2020-10-01;Rivas-Vaciamadrid;Torrevieja;94;Madrid
2020-10-01;Rozas de Madrid, Las;Torrevieja;65;Madrid
2020-10-01;San Fernando de Henares;Torrevieja;85;Madrid
2020-10-01;San Lorenzo de El Escorial;Torrevieja;45;Madrid
2020-10-01;San Martín de la Vega;Torrevieja;34;Madrid
2020-10-01;San Sebastián de los Reyes;Torrevieja;108;Madrid
2020-10-01;Torrejón de Ardoz;Torrevieja;132;Madrid
2020-10-01;Valdemoro;Torrevieja;124;Madrid
2020-10-01;Villaviciosa de Odón;Torrevieja;48;Madrid
2020-10-01;Tres Cantos;Torrevieja;47;Madrid
2020-10-01;Málaga;Torrevieja;51;Málaga
2020-10-01;Marbella;Torrevieja;40;Málaga
2020-10-01;Abanilla;Torrevieja;34;Murcia
2020-10-01;Abarán;Torrevieja;34;Murcia
2020-10-01;Águilas;Torrevieja;40;Murcia
2020-10-01;Alcantarilla;Torrevieja;113;Murcia
2020-10-01;Archena;Torrevieja;45;Murcia
2020-10-01;Beniel;Torrevieja;106;Murcia
2020-10-01;Caravaca de la Cruz;Torrevieja;38;Murcia
2020-10-01;Cartagena;Torrevieja;534;Murcia
2020-10-01;Ceutí;Torrevieja;44;Murcia
2020-10-01;Cieza;Torrevieja;42;Murcia
2020-10-01;Fortuna;Torrevieja;39;Murcia
2020-10-01;Jumilla;Torrevieja;39;Murcia
2020-10-01;Lorca;Torrevieja;43;Murcia
2020-10-01;Mazarrón;Torrevieja;83;Murcia
2020-10-01;Molina de Segura;Torrevieja;393;Murcia
2020-10-01;Murcia;Torrevieja;2520;Murcia
2020-10-01;San Javier;Torrevieja;197;Murcia
2020-10-01;San Pedro del Pinatar;Torrevieja;248;Murcia
2020-10-01;Torre-Pacheco;Torrevieja;105;Murcia
2020-10-01;Torres de Cotillas, Las;Torrevieja;64;Murcia
2020-10-01;Unión, La;Torrevieja;43;Murcia
2020-10-01;Yecla;Torrevieja;84;Murcia
2020-10-01;Santomera;Torrevieja;88;Murcia
2020-10-01;Alcázares, Los;Torrevieja;106;Murcia
2020-10-01;Pamplona/Iruña;Torrevieja;78;Navarra
2020-10-01;Gijón;Torrevieja;80;Asturias
2020-10-01;Oviedo;Torrevieja;44;Asturias
2020-10-01;Salamanca;Torrevieja;58;Salamanca
2020-10-01;Segovia;Torrevieja;57;Segovia
2020-10-01;Tarragona;Torrevieja;35;Tarragona
2020-10-01;Casarrubios del Monte;Torrevieja;32;Toledo
2020-10-01;Illescas;Torrevieja;48;Toledo
2020-10-01;Quintanar de la Orden;Torrevieja;30;Toledo
2020-10-01;Seseña;Torrevieja;54;Toledo
2020-10-01;Talavera de la Reina;Torrevieja;52;Toledo
2020-10-01;Toledo;Torrevieja;53;Toledo
2020-10-01;Yuncos;Torrevieja;38;Toledo
2020-10-01;Albal;Torrevieja;42;Valencia/València
2020-10-01;Alzira;Torrevieja;34;Valencia/València
2020-10-01;Cullera;Torrevieja;33;Valencia/València
2020-10-01;Gandia;Torrevieja;70;Valencia/València
2020-10-01;Xàtiva;Torrevieja;51;Valencia/València
2020-10-01;Manises;Torrevieja;31;Valencia/València
2020-10-01;Ontinyent;Torrevieja;70;Valencia/València
2020-10-01;Paiporta;Torrevieja;33;Valencia/València
2020-10-01;Paterna;Torrevieja;44;Valencia/València
2020-10-01;Requena;Torrevieja;30;Valencia/València
2020-10-01;Sagunto/Sagunt;Torrevieja;57;Valencia/València
2020-10-01;València;Torrevieja;626;Valencia/València
2020-10-01;Valladolid;Torrevieja;168;Valladolid
2020-10-01;Barakaldo;Torrevieja;39;Bizkaia
2020-10-01;Bilbao;Torrevieja;112;Bizkaia
2020-10-01;Getxo;Torrevieja;30;Bizkaia
2020-10-01;Zaragoza;Torrevieja;92;Zaragoza
2020-11-01;Vitoria-Gasteiz;Torrevieja;65;Araba/Álava
2020-11-01;Albacete;Torrevieja;78;Albacete
2020-11-01;Mojácar;Torrevieja;32;Almería
2020-11-01;Roquetas de Mar;Torrevieja;32;Almería
2020-11-01;Barcelona;Torrevieja;75;Barcelona
2020-11-01;Lloret de Mar;Torrevieja;35;Girona
2020-11-01;Alcalá de Henares;Torrevieja;70;Madrid
2020-11-01;Alcobendas;Torrevieja;47;Madrid
2020-11-01;Alcorcón;Torrevieja;72;Madrid
2020-11-01;Fuenlabrada;Torrevieja;85;Madrid
2020-11-01;Getafe;Torrevieja;51;Madrid
2020-11-01;Leganés;Torrevieja;100;Madrid
2020-11-01;Madrid;Torrevieja;953;Madrid
2020-11-01;Móstoles;Torrevieja;71;Madrid
2020-11-01;Parla;Torrevieja;60;Madrid
2020-11-01;Rivas-Vaciamadrid;Torrevieja;31;Madrid
2020-11-01;San Sebastián de los Reyes;Torrevieja;41;Madrid
2020-11-01;Torrejón de Ardoz;Torrevieja;55;Madrid
2020-11-01;Villaviciosa de Odón;Torrevieja;30;Madrid
2020-11-01;Abanilla;Torrevieja;60;Murcia
2020-11-01;Alcantarilla;Torrevieja;42;Murcia
2020-11-01;Archena;Torrevieja;32;Murcia
2020-11-01;Beniel;Torrevieja;61;Murcia
2020-11-01;Cartagena;Torrevieja;269;Murcia
2020-11-01;Fortuna;Torrevieja;43;Murcia
2020-11-01;Librilla;Torrevieja;35;Murcia
2020-11-01;Mazarrón;Torrevieja;49;Murcia
2020-11-01;Molina de Segura;Torrevieja;97;Murcia
2020-11-01;Murcia;Torrevieja;722;Murcia
2020-11-01;San Javier;Torrevieja;83;Murcia
2020-11-01;San Pedro del Pinatar;Torrevieja;143;Murcia
2020-11-01;Torre-Pacheco;Torrevieja;74;Murcia
2020-11-01;Santomera;Torrevieja;61;Murcia
2020-11-01;Alcázares, Los;Torrevieja;68;Murcia
2020-11-01;Pamplona/Iruña;Torrevieja;34;Navarra
2020-11-01;Gijón;Torrevieja;43;Asturias
2020-11-01;Gandia;Torrevieja;42;Valencia/València
2020-11-01;Manises;Torrevieja;33;Valencia/València
2020-11-01;Ontinyent;Torrevieja;36;Valencia/València
2020-11-01;Paterna;Torrevieja;31;Valencia/València
2020-11-01;Sagunto/Sagunt;Torrevieja;30;Valencia/València
2020-11-01;València;Torrevieja;412;Valencia/València
2020-11-01;Valladolid;Torrevieja;31;Valladolid
2020-11-01;Bilbao;Torrevieja;38;Bizkaia
2020-11-01;Zaragoza;Torrevieja;33;Zaragoza
2020-12-01;Albacete;Torrevieja;87;Albacete
2020-12-01;Almería;Torrevieja;46;Almería
2020-12-01;Barcelona;Torrevieja;58;Barcelona
2020-12-01;Castelló de la Plana;Torrevieja;42;Castellón/Castelló
2020-12-01;Coruña, A;Torrevieja;32;Coruña, A
2020-12-01;Logroño;Torrevieja;41;Rioja, La
2020-12-01;Alcalá de Henares;Torrevieja;45;Madrid
2020-12-01;Alcorcón;Torrevieja;48;Madrid
2020-12-01;Fuenlabrada;Torrevieja;57;Madrid
2020-12-01;Getafe;Torrevieja;50;Madrid
2020-12-01;Madrid;Torrevieja;667;Madrid
2020-12-01;Móstoles;Torrevieja;42;Madrid
2020-12-01;Parla;Torrevieja;56;Madrid
2020-12-01;Rivas-Vaciamadrid;Torrevieja;38;Madrid
2020-12-01;Torrejón de Ardoz;Torrevieja;48;Madrid
2020-12-01;Valdemoro;Torrevieja;31;Madrid
2020-12-01;Abanilla;Torrevieja;49;Murcia
2020-12-01;Alcantarilla;Torrevieja;45;Murcia
2020-12-01;Beniel;Torrevieja;69;Murcia
2020-12-01;Cartagena;Torrevieja;297;Murcia
2020-12-01;Mazarrón;Torrevieja;32;Murcia
2020-12-01;Molina de Segura;Torrevieja;115;Murcia
2020-12-01;Murcia;Torrevieja;837;Murcia
2020-12-01;San Javier;Torrevieja;114;Murcia
2020-12-01;San Pedro del Pinatar;Torrevieja;163;Murcia
2020-12-01;Torre-Pacheco;Torrevieja;78;Murcia
2020-12-01;Unión, La;Torrevieja;32;Murcia
2020-12-01;Santomera;Torrevieja;43;Murcia
2020-12-01;Alcázares, Los;Torrevieja;55;Murcia
2020-12-01;Gijón;Torrevieja;51;Asturias
2020-12-01;Bétera;Torrevieja;31;Valencia/València
2020-12-01;Catarroja;Torrevieja;36;Valencia/València
2020-12-01;Xàtiva;Torrevieja;31;Valencia/València
2020-12-01;Ontinyent;Torrevieja;36;Valencia/València
2020-12-01;Sagunto/Sagunt;Torrevieja;48;Valencia/València
2020-12-01;València;Torrevieja;474;Valencia/València
2020-12-01;Valladolid;Torrevieja;31;Valladolid
2020-12-01;Bilbao;Torrevieja;30;Bizkaia
2021-01-01;Vitoria-Gasteiz;Torrevieja;40;Araba/Álava
2021-01-01;Albacete;Torrevieja;57;Albacete
2021-01-01;Almería;Torrevieja;39;Almería
2021-01-01;Roquetas de Mar;Torrevieja;49;Almería
2021-01-01;Barcelona;Torrevieja;74;Barcelona
2021-01-01;Castelló de la Plana;Torrevieja;35;Castellón/Castelló
2021-01-01;Granada;Torrevieja;37;Granada
2021-01-01;Alcalá de Henares;Torrevieja;49;Madrid
2021-01-01;Collado Villalba;Torrevieja;30;Madrid
2021-01-01;Fuenlabrada;Torrevieja;41;Madrid
2021-01-01;Getafe;Torrevieja;30;Madrid
2021-01-01;Leganés;Torrevieja;34;Madrid
2021-01-01;Madrid;Torrevieja;630;Madrid
2021-01-01;Málaga;Torrevieja;56;Málaga
2021-01-01;Abanilla;Torrevieja;46;Murcia
2021-01-01;Archena;Torrevieja;30;Murcia
2021-01-01;Beniel;Torrevieja;64;Murcia
2021-01-01;Caravaca de la Cruz;Torrevieja;46;Murcia
2021-01-01;Cartagena;Torrevieja;238;Murcia
2021-01-01;Lorca;Torrevieja;34;Murcia
2021-01-01;Molina de Segura;Torrevieja;90;Murcia
2021-01-01;Murcia;Torrevieja;774;Murcia
2021-01-01;San Javier;Torrevieja;95;Murcia
2021-01-01;San Pedro del Pinatar;Torrevieja;188;Murcia
2021-01-01;Torre-Pacheco;Torrevieja;61;Murcia
2021-01-01;Alcázares, Los;Torrevieja;68;Murcia
2021-01-01;Alzira;Torrevieja;38;Valencia/València
2021-01-01;Ontinyent;Torrevieja;35;Valencia/València
2021-01-01;Sueca;Torrevieja;30;Valencia/València
2021-01-01;València;Torrevieja;479;Valencia/València
2021-01-01;Zaragoza;Torrevieja;37;Zaragoza
2021-02-01;Albacete;Torrevieja;80;Albacete
2021-02-01;Almería;Torrevieja;39;Almería
2021-02-01;Roquetas de Mar;Torrevieja;39;Almería
2021-02-01;Barcelona;Torrevieja;47;Barcelona
2021-02-01;Burgos;Torrevieja;30;Burgos
2021-02-01;Alcalá de Henares;Torrevieja;32;Madrid
2021-02-01;Fuenlabrada;Torrevieja;33;Madrid
2021-02-01;Getafe;Torrevieja;43;Madrid
2021-02-01;Leganés;Torrevieja;48;Madrid
2021-02-01;Madrid;Torrevieja;444;Madrid
2021-02-01;Parla;Torrevieja;38;Madrid
2021-02-01;Torrejón de Ardoz;Torrevieja;32;Madrid
2021-02-01;Alhama de Murcia;Torrevieja;39;Murcia
2021-02-01;Cartagena;Torrevieja;209;Murcia
2021-02-01;Mazarrón;Torrevieja;48;Murcia
2021-02-01;Molina de Segura;Torrevieja;78;Murcia
2021-02-01;Murcia;Torrevieja;602;Murcia
2021-02-01;San Javier;Torrevieja;68;Murcia
2021-02-01;San Pedro del Pinatar;Torrevieja;135;Murcia
2021-02-01;Torre-Pacheco;Torrevieja;53;Murcia
2021-02-01;Alcázares, Los;Torrevieja;44;Murcia
2021-02-01;Catarroja;Torrevieja;54;Valencia/València
2021-02-01;Pobla Llarga, la;Torrevieja;42;Valencia/València
2021-02-01;València;Torrevieja;261;Valencia/València
2021-03-01;Albacete;Torrevieja;120;Albacete
2021-03-01;Almería;Torrevieja;36;Almería
2021-03-01;Barcelona;Torrevieja;82;Barcelona
2021-03-01;Burgos;Torrevieja;39;Burgos
2021-03-01;Castelló de la Plana;Torrevieja;30;Castellón/Castelló
2021-03-01;Alcalá de Henares;Torrevieja;56;Madrid
2021-03-01;Alcobendas;Torrevieja;40;Madrid
2021-03-01;Alcorcón;Torrevieja;77;Madrid
2021-03-01;Aranjuez;Torrevieja;30;Madrid
2021-03-01;Collado Villalba;Torrevieja;40;Madrid
2021-03-01;Coslada;Torrevieja;33;Madrid
2021-03-01;Fuenlabrada;Torrevieja;57;Madrid
2021-03-01;Getafe;Torrevieja;48;Madrid
2021-03-01;Leganés;Torrevieja;52;Madrid
2021-03-01;Madrid;Torrevieja;788;Madrid
2021-03-01;Móstoles;Torrevieja;58;Madrid
2021-03-01;Parla;Torrevieja;60;Madrid
2021-03-01;San Sebastián de los Reyes;Torrevieja;40;Madrid
2021-03-01;Torrejón de Ardoz;Torrevieja;52;Madrid
2021-03-01;Valdemoro;Torrevieja;33;Madrid
2021-03-01;Málaga;Torrevieja;44;Málaga
2021-03-01;Marbella;Torrevieja;39;Málaga
2021-03-01;Abanilla;Torrevieja;51;Murcia
2021-03-01;Alcantarilla;Torrevieja;46;Murcia
2021-03-01;Archena;Torrevieja;41;Murcia
2021-03-01;Beniel;Torrevieja;87;Murcia
2021-03-01;Caravaca de la Cruz;Torrevieja;50;Murcia
2021-03-01;Cartagena;Torrevieja;307;Murcia
2021-03-01;Lorca;Torrevieja;41;Murcia
2021-03-01;Molina de Segura;Torrevieja;104;Murcia
2021-03-01;Murcia;Torrevieja;1055;Murcia
2021-03-01;San Javier;Torrevieja;101;Murcia
2021-03-01;San Pedro del Pinatar;Torrevieja;145;Murcia
2021-03-01;Torre-Pacheco;Torrevieja;64;Murcia
2021-03-01;Unión, La;Torrevieja;53;Murcia
2021-03-01;Yecla;Torrevieja;39;Murcia
2021-03-01;Santomera;Torrevieja;31;Murcia
2021-03-01;Alcázares, Los;Torrevieja;44;Murcia
2021-03-01;Gijón;Torrevieja;42;Asturias
2021-03-01;Sevilla;Torrevieja;36;Sevilla
2021-03-01;Albalat de la Ribera;Torrevieja;62;Valencia/València
2021-03-01;Bétera;Torrevieja;32;Valencia/València
2021-03-01;Catarroja;Torrevieja;32;Valencia/València
2021-03-01;Gandia;Torrevieja;40;Valencia/València
2021-03-01;Xàtiva;Torrevieja;38;Valencia/València
2021-03-01;Ontinyent;Torrevieja;39;Valencia/València
2021-03-01;Torrent;Torrevieja;41;Valencia/València
2021-03-01;València;Torrevieja;590;Valencia/València
2021-03-01;Zaragoza;Torrevieja;45;Zaragoza
2021-04-01;Vitoria-Gasteiz;Torrevieja;35;Araba/Álava
2021-04-01;Albacete;Torrevieja;145;Albacete
2021-04-01;Almería;Torrevieja;46;Almería
2021-04-01;Roquetas de Mar;Torrevieja;39;Almería
2021-04-01;Palma;Torrevieja;50;Balears, Illes
2021-04-01;Barcelona;Torrevieja;106;Barcelona
2021-04-01;Burgos;Torrevieja;32;Burgos
2021-04-01;Castelló de la Plana;Torrevieja;44;Castellón/Castelló
2021-04-01;Vila-real;Torrevieja;31;Castellón/Castelló
2021-04-01;Córdoba;Torrevieja;30;Córdoba
2021-04-01;Granada;Torrevieja;33;Granada
2021-04-01;Alcalá de Henares;Torrevieja;60;Madrid
2021-04-01;Alcorcón;Torrevieja;37;Madrid
2021-04-01;Collado Villalba;Torrevieja;65;Madrid
2021-04-01;Coslada;Torrevieja;41;Madrid
2021-04-01;Fuenlabrada;Torrevieja;54;Madrid
2021-04-01;Getafe;Torrevieja;59;Madrid
2021-04-01;Leganés;Torrevieja;77;Madrid
2021-04-01;Madrid;Torrevieja;1073;Madrid
2021-04-01;Móstoles;Torrevieja;43;Madrid
2021-04-01;Parla;Torrevieja;54;Madrid
2021-04-01;Pinto;Torrevieja;32;Madrid
2021-04-01;Pozuelo de Alarcón;Torrevieja;31;Madrid
2021-04-01;Rivas-Vaciamadrid;Torrevieja;46;Madrid
2021-04-01;San Sebastián de los Reyes;Torrevieja;35;Madrid
2021-04-01;Torrejón de Ardoz;Torrevieja;47;Madrid
2021-04-01;Valdemoro;Torrevieja;52;Madrid
2021-04-01;Málaga;Torrevieja;56;Málaga
2021-04-01;Abanilla;Torrevieja;44;Murcia
2021-04-01;Alcantarilla;Torrevieja;44;Murcia
2021-04-01;Archena;Torrevieja;41;Murcia
2021-04-01;Beniel;Torrevieja;92;Murcia
2021-04-01;Caravaca de la Cruz;Torrevieja;44;Murcia
2021-04-01;Cartagena;Torrevieja;310;Murcia
2021-04-01;Jumilla;Torrevieja;34;Murcia
2021-04-01;Molina de Segura;Torrevieja;123;Murcia
2021-04-01;Murcia;Torrevieja;1146;Murcia
2021-04-01;San Javier;Torrevieja;97;Murcia
2021-04-01;San Pedro del Pinatar;Torrevieja;182;Murcia
2021-04-01;Torre-Pacheco;Torrevieja;85;Murcia
2021-04-01;Unión, La;Torrevieja;44;Murcia
2021-04-01;Santomera;Torrevieja;35;Murcia
2021-04-01;Alcázares, Los;Torrevieja;66;Murcia
2021-04-01;Pamplona/Iruña;Torrevieja;51;Navarra
2021-04-01;Gijón;Torrevieja;45;Asturias
2021-04-01;Oviedo;Torrevieja;38;Asturias
2021-04-01;Vigo;Torrevieja;46;Pontevedra
2021-04-01;Sevilla;Torrevieja;39;Sevilla
2021-04-01;Illescas;Torrevieja;33;Toledo
2021-04-01;Seseña;Torrevieja;31;Toledo
2021-04-01;Toledo;Torrevieja;33;Toledo
2021-04-01;Alaquàs;Torrevieja;31;Valencia/València
2021-04-01;Alzira;Torrevieja;45;Valencia/València
2021-04-01;Catarroja;Torrevieja;43;Valencia/València
2021-04-01;Gandia;Torrevieja;57;Valencia/València
2021-04-01;Xàtiva;Torrevieja;43;Valencia/València
2021-04-01;Mislata;Torrevieja;46;Valencia/València
2021-04-01;Ontinyent;Torrevieja;42;Valencia/València
2021-04-01;Paterna;Torrevieja;65;Valencia/València
2021-04-01;Sagunto/Sagunt;Torrevieja;43;Valencia/València
2021-04-01;Torrent;Torrevieja;63;Valencia/València
2021-04-01;València;Torrevieja;844;Valencia/València
2021-04-01;Bilbao;Torrevieja;41;Bizkaia
2021-04-01;Zaragoza;Torrevieja;55;Zaragoza
2021-05-01;Vitoria-Gasteiz;Torrevieja;80;Araba/Álava
2021-05-01;Albacete;Torrevieja;1334;Albacete
2021-05-01;Almansa;Torrevieja;51;Albacete
2021-05-01;Chinchilla de Monte-Aragón;Torrevieja;33;Albacete
2021-05-01;Gineta, La;Torrevieja;43;Albacete
2021-05-01;Hellín;Torrevieja;97;Albacete
2021-05-01;Roda, La;Torrevieja;72;Albacete
2021-05-01;Villarrobledo;Torrevieja;71;Albacete
2021-05-01;Pozo Cañada;Torrevieja;51;Albacete
2021-05-01;Almería;Torrevieja;55;Almería
2021-05-01;Roquetas de Mar;Torrevieja;38;Almería
2021-05-01;Ávila;Torrevieja;38;Ávila
2021-05-01;Palma;Torrevieja;31;Balears, Illes
2021-05-01;Barcelona;Torrevieja;145;Barcelona
2021-05-01;Hospitalet de Llobregat, L';Torrevieja;42;Barcelona
2021-05-01;Burgos;Torrevieja;123;Burgos
2021-05-01;Castelló de la Plana;Torrevieja;39;Castellón/Castelló
2021-05-01;Alcázar de San Juan;Torrevieja;111;Ciudad Real
2021-05-01;Argamasilla de Alba;Torrevieja;35;Ciudad Real
2021-05-01;Bolaños de Calatrava;Torrevieja;36;Ciudad Real
2021-05-01;Campo de Criptana;Torrevieja;43;Ciudad Real
2021-05-01;Ciudad Real;Torrevieja;210;Ciudad Real
2021-05-01;Manzanares;Torrevieja;37;Ciudad Real
2021-05-01;Miguelturra;Torrevieja;47;Ciudad Real
2021-05-01;Pedro Muñoz;Torrevieja;60;Ciudad Real
2021-05-01;Pozuelo de Calatrava;Torrevieja;39;Ciudad Real
2021-05-01;Puertollano;Torrevieja;55;Ciudad Real
2021-05-01;Socuéllamos;Torrevieja;36;Ciudad Real
2021-05-01;Tomelloso;Torrevieja;84;Ciudad Real
2021-05-01;Valdepeñas;Torrevieja;81;Ciudad Real
2021-05-01;Córdoba;Torrevieja;48;Córdoba
2021-05-01;Coruña, A;Torrevieja;32;Coruña, A
2021-05-01;Cuenca;Torrevieja;33;Cuenca
2021-05-01;San Clemente;Torrevieja;72;Cuenca
2021-05-01;Granada;Torrevieja;43;Granada
2021-05-01;Alovera;Torrevieja;43;Guadalajara
2021-05-01;Azuqueca de Henares;Torrevieja;83;Guadalajara
2021-05-01;Guadalajara;Torrevieja;100;Guadalajara
2021-05-01;Donostia/San Sebastián;Torrevieja;50;Gipuzkoa
2021-05-01;León;Torrevieja;38;León
2021-05-01;Logroño;Torrevieja;47;Rioja, La
2021-05-01;Álamo, El;Torrevieja;36;Madrid
2021-05-01;Alcalá de Henares;Torrevieja;529;Madrid
2021-05-01;Alcobendas;Torrevieja;139;Madrid
2021-05-01;Alcorcón;Torrevieja;432;Madrid
2021-05-01;Aranjuez;Torrevieja;142;Madrid
2021-05-01;Arganda del Rey;Torrevieja;140;Madrid
2021-05-01;Arroyomolinos;Torrevieja;72;Madrid
2021-05-01;Boadilla del Monte;Torrevieja;49;Madrid
2021-05-01;Ciempozuelos;Torrevieja;78;Madrid
2021-05-01;Colmenar Viejo;Torrevieja;128;Madrid
2021-05-01;Collado Villalba;Torrevieja;121;Madrid
2021-05-01;Coslada;Torrevieja;205;Madrid
2021-05-01;Daganzo de Arriba;Torrevieja;40;Madrid
2021-05-01;Fuenlabrada;Torrevieja;584;Madrid
2021-05-01;Galapagar;Torrevieja;56;Madrid
2021-05-01;Getafe;Torrevieja;514;Madrid
2021-05-01;Griñón;Torrevieja;30;Madrid
2021-05-01;Humanes de Madrid;Torrevieja;69;Madrid
2021-05-01;Leganés;Torrevieja;466;Madrid
2021-05-01;Loeches;Torrevieja;37;Madrid
2021-05-01;Madrid;Torrevieja;4637;Madrid
2021-05-01;Majadahonda;Torrevieja;46;Madrid
2021-05-01;Meco;Torrevieja;40;Madrid
2021-05-01;Mejorada del Campo;Torrevieja;91;Madrid
2021-05-01;Móstoles;Torrevieja;519;Madrid
2021-05-01;Navalcarnero;Torrevieja;59;Madrid
2021-05-01;Paracuellos de Jarama;Torrevieja;47;Madrid
2021-05-01;Parla;Torrevieja;382;Madrid
2021-05-01;Pinto;Torrevieja;140;Madrid
2021-05-01;Pozuelo de Alarcón;Torrevieja;60;Madrid
2021-05-01;Rivas-Vaciamadrid;Torrevieja;245;Madrid
2021-05-01;Rozas de Madrid, Las;Torrevieja;91;Madrid
2021-05-01;San Fernando de Henares;Torrevieja;116;Madrid
2021-05-01;San Martín de la Vega;Torrevieja;62;Madrid
2021-05-01;San Sebastián de los Reyes;Torrevieja;150;Madrid
2021-05-01;Torrejón de Ardoz;Torrevieja;365;Madrid
2021-05-01;Valdemorillo;Torrevieja;33;Madrid
2021-05-01;Valdemoro;Torrevieja;185;Madrid
2021-05-01;Velilla de San Antonio;Torrevieja;39;Madrid
2021-05-01;Villalbilla;Torrevieja;40;Madrid
2021-05-01;Villanueva de la Cañada;Torrevieja;37;Madrid
2021-05-01;Villaviciosa de Odón;Torrevieja;50;Madrid
2021-05-01;Tres Cantos;Torrevieja;48;Madrid
2021-05-01;Málaga;Torrevieja;51;Málaga
2021-05-01;Abanilla;Torrevieja;105;Murcia
2021-05-01;Águilas;Torrevieja;54;Murcia
2021-05-01;Alcantarilla;Torrevieja;185;Murcia
2021-05-01;Alguazas;Torrevieja;36;Murcia
2021-05-01;Archena;Torrevieja;109;Murcia
2021-05-01;Beniel;Torrevieja;244;Murcia
2021-05-01;Caravaca de la Cruz;Torrevieja;72;Murcia
2021-05-01;Cartagena;Torrevieja;514;Murcia
2021-05-01;Cehegín;Torrevieja;39;Murcia
2021-05-01;Ceutí;Torrevieja;42;Murcia
2021-05-01;Cieza;Torrevieja;62;Murcia
2021-05-01;Fortuna;Torrevieja;49;Murcia
2021-05-01;Jumilla;Torrevieja;82;Murcia
2021-05-01;Lorca;Torrevieja;53;Murcia
2021-05-01;Lorquí;Torrevieja;39;Murcia
2021-05-01;Mazarrón;Torrevieja;119;Murcia
2021-05-01;Molina de Segura;Torrevieja;472;Murcia
2021-05-01;Mula;Torrevieja;63;Murcia
2021-05-01;Murcia;Torrevieja;4042;Murcia
2021-05-01;San Javier;Torrevieja;190;Murcia
2021-05-01;San Pedro del Pinatar;Torrevieja;266;Murcia
2021-05-01;Torre-Pacheco;Torrevieja;112;Murcia
2021-05-01;Torres de Cotillas, Las;Torrevieja;93;Murcia
2021-05-01;Unión, La;Torrevieja;44;Murcia
2021-05-01;Yecla;Torrevieja;134;Murcia
2021-05-01;Santomera;Torrevieja;89;Murcia
2021-05-01;Alcázares, Los;Torrevieja;96;Murcia
2021-05-01;Pamplona/Iruña;Torrevieja;44;Navarra
2021-05-01;Gijón;Torrevieja;97;Asturias
2021-05-01;Oviedo;Torrevieja;47;Asturias
2021-05-01;Vigo;Torrevieja;60;Pontevedra
2021-05-01;Salamanca;Torrevieja;50;Salamanca
2021-05-01;Segovia;Torrevieja;57;Segovia
2021-05-01;Bargas;Torrevieja;33;Toledo
2021-05-01;Illescas;Torrevieja;75;Toledo
2021-05-01;Ocaña;Torrevieja;42;Toledo
2021-05-01;Quintanar de la Orden;Torrevieja;43;Toledo
2021-05-01;Santa Cruz de la Zarza;Torrevieja;43;Toledo
2021-05-01;Seseña;Torrevieja;114;Toledo
2021-05-01;Talavera de la Reina;Torrevieja;78;Toledo
2021-05-01;Toledo;Torrevieja;135;Toledo
2021-05-01;Villacañas;Torrevieja;36;Toledo
2021-05-01;Alaquàs;Torrevieja;46;Valencia/València
2021-05-01;Alzira;Torrevieja;38;Valencia/València
2021-05-01;Catarroja;Torrevieja;31;Valencia/València
2021-05-01;Gandia;Torrevieja;38;Valencia/València
2021-05-01;Xàtiva;Torrevieja;32;Valencia/València
2021-05-01;Ontinyent;Torrevieja;35;Valencia/València
2021-05-01;Sagunto/Sagunt;Torrevieja;31;Valencia/València
2021-05-01;Torrent;Torrevieja;56;Valencia/València
2021-05-01;València;Torrevieja;617;Valencia/València
2021-05-01;Arroyo de la Encomienda;Torrevieja;39;Valladolid
2021-05-01;Valladolid;Torrevieja;213;Valladolid
2021-05-01;Bilbao;Torrevieja;63;Bizkaia
2021-05-01;Santurtzi;Torrevieja;33;Bizkaia
2021-05-01;Zamora;Torrevieja;38;Zamora
2021-05-01;Zaragoza;Torrevieja;77;Zaragoza
2021-06-01;Vitoria-Gasteiz;Torrevieja;334;Araba/Álava
2021-06-01;Albacete;Torrevieja;2188;Albacete
2021-06-01;Almansa;Torrevieja;112;Albacete
2021-06-01;Barrax;Torrevieja;46;Albacete
2021-06-01;Caudete;Torrevieja;34;Albacete
2021-06-01;Chinchilla de Monte-Aragón;Torrevieja;33;Albacete
2021-06-01;Hellín;Torrevieja;158;Albacete
2021-06-01;Roda, La;Torrevieja;78;Albacete
2021-06-01;Tobarra;Torrevieja;30;Albacete
2021-06-01;Villarrobledo;Torrevieja;123;Albacete
2021-06-01;Pozo Cañada;Torrevieja;85;Albacete
2021-06-01;Adra;Torrevieja;73;Almería
2021-06-01;Almería;Torrevieja;105;Almería
2021-06-01;Carboneras;Torrevieja;55;Almería
2021-06-01;Roquetas de Mar;Torrevieja;57;Almería
2021-06-01;Ejido, El;Torrevieja;35;Almería
2021-06-01;Ávila;Torrevieja;62;Ávila
2021-06-01;Palma;Torrevieja;41;Balears, Illes
2021-06-01;Barcelona;Torrevieja;214;Barcelona
2021-06-01;Hospitalet de Llobregat, L';Torrevieja;30;Barcelona
2021-06-01;Aranda de Duero;Torrevieja;48;Burgos
2021-06-01;Burgos;Torrevieja;303;Burgos
2021-06-01;Miranda de Ebro;Torrevieja;51;Burgos
2021-06-01;Castelló de la Plana;Torrevieja;45;Castellón/Castelló
2021-06-01;Vila-real;Torrevieja;37;Castellón/Castelló
2021-06-01;Alcázar de San Juan;Torrevieja;102;Ciudad Real
2021-06-01;Almagro;Torrevieja;30;Ciudad Real
2021-06-01;Argamasilla de Alba;Torrevieja;91;Ciudad Real
2021-06-01;Argamasilla de Calatrava;Torrevieja;39;Ciudad Real
2021-06-01;Ciudad Real;Torrevieja;258;Ciudad Real
2021-06-01;Daimiel;Torrevieja;34;Ciudad Real
2021-06-01;Manzanares;Torrevieja;48;Ciudad Real
2021-06-01;Pedro Muñoz;Torrevieja;82;Ciudad Real
2021-06-01;Puertollano;Torrevieja;127;Ciudad Real
2021-06-01;Socuéllamos;Torrevieja;39;Ciudad Real
2021-06-01;Tomelloso;Torrevieja;119;Ciudad Real
2021-06-01;Valdepeñas;Torrevieja;68;Ciudad Real
2021-06-01;Córdoba;Torrevieja;67;Córdoba
2021-06-01;Coruña, A;Torrevieja;38;Coruña, A
2021-06-01;Cuenca;Torrevieja;114;Cuenca
2021-06-01;Mota del Cuervo;Torrevieja;35;Cuenca
2021-06-01;San Clemente;Torrevieja;90;Cuenca
2021-06-01;Tarancón;Torrevieja;45;Cuenca
2021-06-01;Girona;Torrevieja;32;Girona
2021-06-01;Granada;Torrevieja;80;Granada
2021-06-01;Alovera;Torrevieja;54;Guadalajara
2021-06-01;Azuqueca de Henares;Torrevieja;160;Guadalajara
2021-06-01;Casar, El;Torrevieja;45;Guadalajara
2021-06-01;Galápagos;Torrevieja;36;Guadalajara
2021-06-01;Guadalajara;Torrevieja;176;Guadalajara
2021-06-01;Torrejón del Rey;Torrevieja;30;Guadalajara
2021-06-01;Villanueva de la Torre;Torrevieja;34;Guadalajara
2021-06-01;Donostia/San Sebastián;Torrevieja;113;Gipuzkoa
2021-06-01;Torres de Albánchez;Torrevieja;31;Jaén
2021-06-01;León;Torrevieja;90;León
2021-06-01;San Andrés del Rabanedo;Torrevieja;38;León
2021-06-01;Lardero;Torrevieja;33;Rioja, La
2021-06-01;Logroño;Torrevieja;214;Rioja, La
2021-06-01;Álamo, El;Torrevieja;36;Madrid
2021-06-01;Alcalá de Henares;Torrevieja;1012;Madrid
2021-06-01;Alcobendas;Torrevieja;335;Madrid
2021-06-01;Alcorcón;Torrevieja;817;Madrid
2021-06-01;Algete;Torrevieja;54;Madrid
2021-06-01;Alpedrete;Torrevieja;63;Madrid
2021-06-01;Aranjuez;Torrevieja;234;Madrid
2021-06-01;Arganda del Rey;Torrevieja;281;Madrid
2021-06-01;Arroyomolinos;Torrevieja;142;Madrid
2021-06-01;Boadilla del Monte;Torrevieja;137;Madrid
2021-06-01;Camarma de Esteruelas;Torrevieja;68;Madrid
2021-06-01;Casarrubuelos;Torrevieja;32;Madrid
2021-06-01;Ciempozuelos;Torrevieja;110;Madrid
2021-06-01;Colmenar de Oreja;Torrevieja;36;Madrid
2021-06-01;Colmenar Viejo;Torrevieja;160;Madrid
2021-06-01;Collado Villalba;Torrevieja;235;Madrid
2021-06-01;Coslada;Torrevieja;394;Madrid
2021-06-01;Cubas de la Sagra;Torrevieja;54;Madrid
2021-06-01;Chinchón;Torrevieja;33;Madrid
2021-06-01;Daganzo de Arriba;Torrevieja;69;Madrid
2021-06-01;Escorial, El;Torrevieja;68;Madrid
2021-06-01;Fuenlabrada;Torrevieja;909;Madrid
2021-06-01;Fuente el Saz de Jarama;Torrevieja;38;Madrid
2021-06-01;Galapagar;Torrevieja;79;Madrid
2021-06-01;Getafe;Torrevieja;1008;Madrid
2021-06-01;Griñón;Torrevieja;48;Madrid
2021-06-01;Guadarrama;Torrevieja;44;Madrid
2021-06-01;Humanes de Madrid;Torrevieja;82;Madrid
2021-06-01;Leganés;Torrevieja;901;Madrid
2021-06-01;Loeches;Torrevieja;70;Madrid
2021-06-01;Madrid;Torrevieja;8830;Madrid
2021-06-01;Majadahonda;Torrevieja;113;Madrid
2021-06-01;Meco;Torrevieja;56;Madrid
2021-06-01;Mejorada del Campo;Torrevieja;146;Madrid
2021-06-01;Miraflores de la Sierra;Torrevieja;39;Madrid
2021-06-01;Molar, El;Torrevieja;42;Madrid
2021-06-01;Moraleja de Enmedio;Torrevieja;48;Madrid
2021-06-01;Moralzarzal;Torrevieja;52;Madrid
2021-06-01;Morata de Tajuña;Torrevieja;48;Madrid
2021-06-01;Móstoles;Torrevieja;967;Madrid
2021-06-01;Navalcarnero;Torrevieja;128;Madrid
2021-06-01;Paracuellos de Jarama;Torrevieja;71;Madrid
2021-06-01;Parla;Torrevieja;689;Madrid
2021-06-01;Pedrezuela;Torrevieja;39;Madrid
2021-06-01;Pinto;Torrevieja;235;Madrid
2021-06-01;Pozuelo de Alarcón;Torrevieja;132;Madrid
2021-06-01;Rivas-Vaciamadrid;Torrevieja;370;Madrid
2021-06-01;Robledo de Chavela;Torrevieja;32;Madrid
2021-06-01;Rozas de Madrid, Las;Torrevieja;134;Madrid
2021-06-01;San Agustín del Guadalix;Torrevieja;61;Madrid
2021-06-01;San Fernando de Henares;Torrevieja;262;Madrid
2021-06-01;San Lorenzo de El Escorial;Torrevieja;45;Madrid
2021-06-01;San Martín de la Vega;Torrevieja;91;Madrid
2021-06-01;San Martín de Valdeiglesias;Torrevieja;32;Madrid
2021-06-01;San Sebastián de los Reyes;Torrevieja;412;Madrid
2021-06-01;Sevilla la Nueva;Torrevieja;37;Madrid
2021-06-01;Torrejón de Ardoz;Torrevieja;828;Madrid
2021-06-01;Torrejón de la Calzada;Torrevieja;65;Madrid
2021-06-01;Torrejón de Velasco;Torrevieja;44;Madrid
2021-06-01;Torrelodones;Torrevieja;50;Madrid
2021-06-01;Torres de la Alameda;Torrevieja;55;Madrid
2021-06-01;Valdemorillo;Torrevieja;30;Madrid
2021-06-01;Valdemoro;Torrevieja;356;Madrid
2021-06-01;Velilla de San Antonio;Torrevieja;91;Madrid
2021-06-01;Villalbilla;Torrevieja;42;Madrid
2021-06-01;Villanueva de la Cañada;Torrevieja;43;Madrid
2021-06-01;Villanueva del Pardillo;Torrevieja;42;Madrid
2021-06-01;Villarejo de Salvanés;Torrevieja;45;Madrid
2021-06-01;Villaviciosa de Odón;Torrevieja;78;Madrid
2021-06-01;Tres Cantos;Torrevieja;89;Madrid
2021-06-01;Málaga;Torrevieja;90;Málaga
2021-06-01;Marbella;Torrevieja;51;Málaga
2021-06-01;Mijas;Torrevieja;31;Málaga
2021-06-01;Abanilla;Torrevieja;69;Murcia
2021-06-01;Abarán;Torrevieja;40;Murcia
2021-06-01;Águilas;Torrevieja;58;Murcia
2021-06-01;Alcantarilla;Torrevieja;329;Murcia
2021-06-01;Alguazas;Torrevieja;58;Murcia
2021-06-01;Archena;Torrevieja;117;Murcia
2021-06-01;Beniel;Torrevieja;426;Murcia
2021-06-01;Blanca;Torrevieja;43;Murcia
2021-06-01;Caravaca de la Cruz;Torrevieja;68;Murcia
2021-06-01;Cartagena;Torrevieja;727;Murcia
2021-06-01;Cehegín;Torrevieja;39;Murcia
2021-06-01;Ceutí;Torrevieja;100;Murcia
2021-06-01;Cieza;Torrevieja;153;Murcia
2021-06-01;Fortuna;Torrevieja;91;Murcia
2021-06-01;Jumilla;Torrevieja;168;Murcia
2021-06-01;Librilla;Torrevieja;47;Murcia
2021-06-01;Lorca;Torrevieja;66;Murcia
2021-06-01;Lorquí;Torrevieja;65;Murcia
2021-06-01;Mazarrón;Torrevieja;133;Murcia
2021-06-01;Molina de Segura;Torrevieja;721;Murcia
2021-06-01;Mula;Torrevieja;158;Murcia
2021-06-01;Murcia;Torrevieja;6679;Murcia
2021-06-01;Ricote;Torrevieja;32;Murcia
2021-06-01;San Javier;Torrevieja;239;Murcia
2021-06-01;San Pedro del Pinatar;Torrevieja;343;Murcia
2021-06-01;Torre-Pacheco;Torrevieja;139;Murcia
2021-06-01;Torres de Cotillas, Las;Torrevieja;149;Murcia
2021-06-01;Unión, La;Torrevieja;90;Murcia
2021-06-01;Yecla;Torrevieja;225;Murcia
2021-06-01;Santomera;Torrevieja;194;Murcia
2021-06-01;Alcázares, Los;Torrevieja;92;Murcia
2021-06-01;Burlada/Burlata;Torrevieja;37;Navarra
2021-06-01;Pamplona/Iruña;Torrevieja;128;Navarra
2021-06-01;Tudela;Torrevieja;33;Navarra
2021-06-01;Gijón;Torrevieja;102;Asturias
2021-06-01;Oviedo;Torrevieja;86;Asturias
2021-06-01;Palencia;Torrevieja;43;Palencia
2021-06-01;San Bartolomé de Tirajana;Torrevieja;35;Palmas, Las
2021-06-01;Vigo;Torrevieja;54;Pontevedra
2021-06-01;Salamanca;Torrevieja;99;Salamanca
2021-06-01;Segovia;Torrevieja;121;Segovia
2021-06-01;Pilas;Torrevieja;43;Sevilla
2021-06-01;Sevilla;Torrevieja;31;Sevilla
2021-06-01;Tarragona;Torrevieja;36;Tarragona
2021-06-01;Carranque;Torrevieja;31;Toledo
2021-06-01;Cobisa;Torrevieja;30;Toledo
2021-06-01;Consuegra;Torrevieja;36;Toledo
2021-06-01;Illescas;Torrevieja;119;Toledo
2021-06-01;Mora;Torrevieja;43;Toledo
2021-06-01;Ocaña;Torrevieja;50;Toledo
2021-06-01;Olías del Rey;Torrevieja;38;Toledo
2021-06-01;Puebla de Almoradiel, La;Torrevieja;32;Toledo
2021-06-01;Quintanar de la Orden;Torrevieja;79;Toledo
2021-06-01;Seseña;Torrevieja;138;Toledo
2021-06-01;Talavera de la Reina;Torrevieja;129;Toledo
2021-06-01;Toledo;Torrevieja;293;Toledo
2021-06-01;Torrijos;Torrevieja;52;Toledo
2021-06-01;Villacañas;Torrevieja;33;Toledo
2021-06-01;Yuncos;Torrevieja;35;Toledo
2021-06-01;Alzira;Torrevieja;41;Valencia/València
2021-06-01;Alginet;Torrevieja;42;Valencia/València
2021-06-01;Burjassot;Torrevieja;32;Valencia/València
2021-06-01;Catarroja;Torrevieja;33;Valencia/València
2021-06-01;Eliana, l';Torrevieja;33;Valencia/València
2021-06-01;Gandia;Torrevieja;47;Valencia/València
2021-06-01;Xàtiva;Torrevieja;45;Valencia/València
2021-06-01;Ontinyent;Torrevieja;54;Valencia/València
2021-06-01;Paterna;Torrevieja;50;Valencia/València
2021-06-01;Pobla de Vallbona, la;Torrevieja;38;Valencia/València
2021-06-01;Requena;Torrevieja;38;Valencia/València
2021-06-01;Sagunto/Sagunt;Torrevieja;39;Valencia/València
2021-06-01;Torrent;Torrevieja;65;Valencia/València
2021-06-01;València;Torrevieja;846;Valencia/València
2021-06-01;Laguna de Duero;Torrevieja;40;Valladolid
2021-06-01;San Pedro de Latarce;Torrevieja;31;Valladolid
2021-06-01;Valladolid;Torrevieja;379;Valladolid
2021-06-01;Barakaldo;Torrevieja;61;Bizkaia
2021-06-01;Basauri;Torrevieja;37;Bizkaia
2021-06-01;Bermeo;Torrevieja;41;Bizkaia
2021-06-01;Bilbao;Torrevieja;223;Bizkaia
2021-06-01;Getxo;Torrevieja;49;Bizkaia
2021-06-01;Zamora;Torrevieja;46;Zamora
2021-06-01;Zaragoza;Torrevieja;164;Zaragoza
2021-07-01;Amurrio;Torrevieja;32;Araba/Álava
2021-07-01;Laudio/Llodio;Torrevieja;42;Araba/Álava
2021-07-01;Vitoria-Gasteiz;Torrevieja;625;Araba/Álava
2021-07-01;Albacete;Torrevieja;3016;Albacete
2021-07-01;Almansa;Torrevieja;113;Albacete
2021-07-01;Barrax;Torrevieja;34;Albacete
2021-07-01;Caudete;Torrevieja;69;Albacete
2021-07-01;Chinchilla de Monte-Aragón;Torrevieja;36;Albacete
2021-07-01;Gineta, La;Torrevieja;46;Albacete
2021-07-01;Hellín;Torrevieja;264;Albacete
2021-07-01;Montealegre del Castillo;Torrevieja;32;Albacete
2021-07-01;Munera;Torrevieja;43;Albacete
2021-07-01;Roda, La;Torrevieja;129;Albacete
2021-07-01;Tobarra;Torrevieja;53;Albacete
2021-07-01;Villamalea;Torrevieja;79;Albacete
2021-07-01;Villarrobledo;Torrevieja;224;Albacete
2021-07-01;Pozo Cañada;Torrevieja;110;Albacete
2021-07-01;Almería;Torrevieja;67;Almería
2021-07-01;Roquetas de Mar;Torrevieja;70;Almería
2021-07-01;Ávila;Torrevieja;207;Ávila
2021-07-01;Tiemblo, El;Torrevieja;30;Ávila
2021-07-01;Badajoz;Torrevieja;42;Badajoz
2021-07-01;Mérida;Torrevieja;35;Badajoz
2021-07-01;Palma;Torrevieja;56;Balears, Illes
2021-07-01;Badalona;Torrevieja;33;Barcelona
2021-07-01;Barcelona;Torrevieja;275;Barcelona
2021-07-01;Hospitalet de Llobregat, L';Torrevieja;40;Barcelona
2021-07-01;Sant Cugat del Vallès;Torrevieja;41;Barcelona
2021-07-01;Aranda de Duero;Torrevieja;106;Burgos
2021-07-01;Burgos;Torrevieja;710;Burgos
2021-07-01;Miranda de Ebro;Torrevieja;94;Burgos
2021-07-01;Cáceres;Torrevieja;62;Cáceres
2021-07-01;Madroñera;Torrevieja;31;Cáceres
2021-07-01;Plasencia;Torrevieja;68;Cáceres
2021-07-01;Algeciras;Torrevieja;35;Cádiz
2021-07-01;Castelló de la Plana;Torrevieja;67;Castellón/Castelló
2021-07-01;Alcázar de San Juan;Torrevieja;250;Ciudad Real
2021-07-01;Almagro;Torrevieja;48;Ciudad Real
2021-07-01;Argamasilla de Alba;Torrevieja;87;Ciudad Real
2021-07-01;Bolaños de Calatrava;Torrevieja;57;Ciudad Real
2021-07-01;Campo de Criptana;Torrevieja;57;Ciudad Real
2021-07-01;Ciudad Real;Torrevieja;489;Ciudad Real
2021-07-01;Daimiel;Torrevieja;48;Ciudad Real
2021-07-01;Herencia;Torrevieja;71;Ciudad Real
2021-07-01;Manzanares;Torrevieja;87;Ciudad Real
2021-07-01;Miguelturra;Torrevieja;68;Ciudad Real
2021-07-01;Pedro Muñoz;Torrevieja;109;Ciudad Real
2021-07-01;Poblete;Torrevieja;38;Ciudad Real
2021-07-01;Pozuelo de Calatrava;Torrevieja;43;Ciudad Real
2021-07-01;Puertollano;Torrevieja;281;Ciudad Real
2021-07-01;Socuéllamos;Torrevieja;97;Ciudad Real
2021-07-01;Solana, La;Torrevieja;64;Ciudad Real
2021-07-01;Tomelloso;Torrevieja;200;Ciudad Real
2021-07-01;Valdepeñas;Torrevieja;168;Ciudad Real
2021-07-01;Villanueva de los Infantes;Torrevieja;37;Ciudad Real
2021-07-01;Villarrubia de los Ojos;Torrevieja;62;Ciudad Real
2021-07-01;Córdoba;Torrevieja;92;Córdoba
2021-07-01;Coruña, A;Torrevieja;53;Coruña, A
2021-07-01;Barajas de Melo;Torrevieja;40;Cuenca
2021-07-01;Cuenca;Torrevieja;143;Cuenca
2021-07-01;Mota del Cuervo;Torrevieja;34;Cuenca
2021-07-01;Pedroñeras, Las;Torrevieja;33;Cuenca
2021-07-01;San Clemente;Torrevieja;64;Cuenca
2021-07-01;Tarancón;Torrevieja;74;Cuenca
2021-07-01;Jonquera, La;Torrevieja;38;Girona
2021-07-01;Granada;Torrevieja;136;Granada
2021-07-01;Alovera;Torrevieja;102;Guadalajara
2021-07-01;Azuqueca de Henares;Torrevieja;332;Guadalajara
2021-07-01;Cabanillas del Campo;Torrevieja;42;Guadalajara
2021-07-01;Casar, El;Torrevieja;96;Guadalajara
2021-07-01;Chiloeches;Torrevieja;40;Guadalajara
2021-07-01;Galápagos;Torrevieja;40;Guadalajara
2021-07-01;Guadalajara;Torrevieja;373;Guadalajara
2021-07-01;Horche;Torrevieja;32;Guadalajara
2021-07-01;Marchamalo;Torrevieja;36;Guadalajara
2021-07-01;Mondéjar;Torrevieja;38;Guadalajara
2021-07-01;Pioz;Torrevieja;33;Guadalajara
2021-07-01;Torrejón del Rey;Torrevieja;56;Guadalajara
2021-07-01;Villanueva de la Torre;Torrevieja;69;Guadalajara
2021-07-01;Yebes;Torrevieja;41;Guadalajara
2021-07-01;Irun;Torrevieja;59;Gipuzkoa
2021-07-01;Errenteria;Torrevieja;63;Gipuzkoa
2021-07-01;Donostia/San Sebastián;Torrevieja;168;Gipuzkoa
2021-07-01;Huesca;Torrevieja;55;Huesca
2021-07-01;Linares;Torrevieja;44;Jaén
2021-07-01;Úbeda;Torrevieja;47;Jaén
2021-07-01;León;Torrevieja;218;León
2021-07-01;Ponferrada;Torrevieja;76;León
2021-07-01;San Andrés del Rabanedo;Torrevieja;68;León
2021-07-01;Villaquilambre;Torrevieja;31;León
2021-07-01;Calahorra;Torrevieja;49;Rioja, La
2021-07-01;Logroño;Torrevieja;263;Rioja, La
2021-07-01;Lugo;Torrevieja;32;Lugo
2021-07-01;Álamo, El;Torrevieja;70;Madrid
2021-07-01;Alcalá de Henares;Torrevieja;2151;Madrid
2021-07-01;Alcobendas;Torrevieja;707;Madrid
2021-07-01;Alcorcón;Torrevieja;1722;Madrid
2021-07-01;Aldea del Fresno;Torrevieja;36;Madrid
2021-07-01;Algete;Torrevieja;143;Madrid
2021-07-01;Alpedrete;Torrevieja;141;Madrid
2021-07-01;Aranjuez;Torrevieja;490;Madrid
2021-07-01;Arganda del Rey;Torrevieja;532;Madrid
2021-07-01;Arroyomolinos;Torrevieja;334;Madrid
2021-07-01;Becerril de la Sierra;Torrevieja;43;Madrid
2021-07-01;Boadilla del Monte;Torrevieja;211;Madrid
2021-07-01;Boalo, El;Torrevieja;44;Madrid
2021-07-01;Brunete;Torrevieja;70;Madrid
2021-07-01;Camarma de Esteruelas;Torrevieja;67;Madrid
2021-07-01;Campo Real;Torrevieja;41;Madrid
2021-07-01;Carabaña;Torrevieja;44;Madrid
2021-07-01;Casarrubuelos;Torrevieja;52;Madrid
2021-07-01;Ciempozuelos;Torrevieja;300;Madrid
2021-07-01;Cobeña;Torrevieja;57;Madrid
2021-07-01;Colmenar de Oreja;Torrevieja;61;Madrid
2021-07-01;Colmenarejo;Torrevieja;46;Madrid
2021-07-01;Colmenar Viejo;Torrevieja;410;Madrid
2021-07-01;Collado Mediano;Torrevieja;75;Madrid
2021-07-01;Collado Villalba;Torrevieja;450;Madrid
2021-07-01;Coslada;Torrevieja;818;Madrid
2021-07-01;Cubas de la Sagra;Torrevieja;90;Madrid
2021-07-01;Chinchón;Torrevieja;52;Madrid
2021-07-01;Daganzo de Arriba;Torrevieja;120;Madrid
2021-07-01;Escorial, El;Torrevieja;81;Madrid
2021-07-01;Fuenlabrada;Torrevieja;2118;Madrid
2021-07-01;Fuente el Saz de Jarama;Torrevieja;69;Madrid
2021-07-01;Fuentidueña de Tajo;Torrevieja;34;Madrid
2021-07-01;Galapagar;Torrevieja;192;Madrid
2021-07-01;Getafe;Torrevieja;1984;Madrid
2021-07-01;Griñón;Torrevieja;107;Madrid
2021-07-01;Guadalix de la Sierra;Torrevieja;42;Madrid
2021-07-01;Guadarrama;Torrevieja;84;Madrid
2021-07-01;Humanes de Madrid;Torrevieja;235;Madrid
2021-07-01;Leganés;Torrevieja;1938;Madrid
2021-07-01;Loeches;Torrevieja;105;Madrid
2021-07-01;Madrid;Torrevieja;17786;Madrid
2021-07-01;Majadahonda;Torrevieja;181;Madrid
2021-07-01;Manzanares el Real;Torrevieja;58;Madrid
2021-07-01;Meco;Torrevieja;135;Madrid
2021-07-01;Mejorada del Campo;Torrevieja;269;Madrid
2021-07-01;Molar, El;Torrevieja;73;Madrid
2021-07-01;Moraleja de Enmedio;Torrevieja;91;Madrid
2021-07-01;Moralzarzal;Torrevieja;62;Madrid
2021-07-01;Morata de Tajuña;Torrevieja;82;Madrid
2021-07-01;Móstoles;Torrevieja;2037;Madrid
2021-07-01;Navalcarnero;Torrevieja;339;Madrid
2021-07-01;Nuevo Baztán;Torrevieja;41;Madrid
2021-07-01;Paracuellos de Jarama;Torrevieja;122;Madrid
2021-07-01;Parla;Torrevieja;1479;Madrid
2021-07-01;Pedrezuela;Torrevieja;37;Madrid
2021-07-01;Pinto;Torrevieja;401;Madrid
2021-07-01;Pozuelo de Alarcón;Torrevieja;260;Madrid
2021-07-01;Rivas-Vaciamadrid;Torrevieja;842;Madrid
2021-07-01;Rozas de Madrid, Las;Torrevieja;324;Madrid
2021-07-01;San Agustín del Guadalix;Torrevieja;89;Madrid
2021-07-01;San Fernando de Henares;Torrevieja;457;Madrid
2021-07-01;San Lorenzo de El Escorial;Torrevieja;68;Madrid
2021-07-01;San Martín de la Vega;Torrevieja;243;Madrid
2021-07-01;San Martín de Valdeiglesias;Torrevieja;44;Madrid
2021-07-01;San Sebastián de los Reyes;Torrevieja;827;Madrid
2021-07-01;Santos de la Humosa, Los;Torrevieja;34;Madrid
2021-07-01;Serranillos del Valle;Torrevieja;49;Madrid
2021-07-01;Sevilla la Nueva;Torrevieja;66;Madrid
2021-07-01;Soto del Real;Torrevieja;33;Madrid
2021-07-01;Talamanca de Jarama;Torrevieja;40;Madrid
2021-07-01;Torrejón de Ardoz;Torrevieja;1297;Madrid
2021-07-01;Torrejón de la Calzada;Torrevieja;87;Madrid
2021-07-01;Torrejón de Velasco;Torrevieja;45;Madrid
2021-07-01;Torrelodones;Torrevieja;90;Madrid
2021-07-01;Torres de la Alameda;Torrevieja;80;Madrid
2021-07-01;Valdemorillo;Torrevieja;63;Madrid
2021-07-01;Valdemoro;Torrevieja;869;Madrid
2021-07-01;Valdetorres de Jarama;Torrevieja;43;Madrid
2021-07-01;Valdilecha;Torrevieja;30;Madrid
2021-07-01;Velilla de San Antonio;Torrevieja;162;Madrid
2021-07-01;Villaconejos;Torrevieja;31;Madrid
2021-07-01;Villalbilla;Torrevieja;90;Madrid
2021-07-01;Villamanta;Torrevieja;36;Madrid
2021-07-01;Villanueva de la Cañada;Torrevieja;81;Madrid
2021-07-01;Villanueva del Pardillo;Torrevieja;87;Madrid
2021-07-01;Villarejo de Salvanés;Torrevieja;75;Madrid
2021-07-01;Villaviciosa de Odón;Torrevieja;143;Madrid
2021-07-01;Tres Cantos;Torrevieja;217;Madrid
2021-07-01;Málaga;Torrevieja;126;Málaga
2021-07-01;Marbella;Torrevieja;53;Málaga
2021-07-01;Abanilla;Torrevieja;115;Murcia
2021-07-01;Abarán;Torrevieja;94;Murcia
2021-07-01;Águilas;Torrevieja;64;Murcia
2021-07-01;Alcantarilla;Torrevieja;587;Murcia
2021-07-01;Alguazas;Torrevieja;108;Murcia
2021-07-01;Alhama de Murcia;Torrevieja;34;Murcia
2021-07-01;Archena;Torrevieja;104;Murcia
2021-07-01;Beniel;Torrevieja;727;Murcia
2021-07-01;Blanca;Torrevieja;40;Murcia
2021-07-01;Bullas;Torrevieja;35;Murcia
2021-07-01;Calasparra;Torrevieja;38;Murcia
2021-07-01;Caravaca de la Cruz;Torrevieja;119;Murcia
2021-07-01;Cartagena;Torrevieja;1014;Murcia
2021-07-01;Cehegín;Torrevieja;35;Murcia
2021-07-01;Ceutí;Torrevieja;114;Murcia
2021-07-01;Cieza;Torrevieja;348;Murcia
2021-07-01;Fortuna;Torrevieja;213;Murcia
2021-07-01;Fuente Álamo de Murcia;Torrevieja;77;Murcia
2021-07-01;Jumilla;Torrevieja;259;Murcia
2021-07-01;Lorca;Torrevieja;101;Murcia
2021-07-01;Lorquí;Torrevieja;70;Murcia
2021-07-01;Mazarrón;Torrevieja;145;Murcia
2021-07-01;Molina de Segura;Torrevieja;1432;Murcia
2021-07-01;Moratalla;Torrevieja;47;Murcia
2021-07-01;Mula;Torrevieja;149;Murcia
2021-07-01;Murcia;Torrevieja;11786;Murcia
2021-07-01;Pliego;Torrevieja;39;Murcia
2021-07-01;Ricote;Torrevieja;44;Murcia
2021-07-01;San Javier;Torrevieja;333;Murcia
2021-07-01;San Pedro del Pinatar;Torrevieja;386;Murcia
2021-07-01;Torre-Pacheco;Torrevieja;236;Murcia
2021-07-01;Torres de Cotillas, Las;Torrevieja;275;Murcia
2021-07-01;Totana;Torrevieja;33;Murcia
2021-07-01;Unión, La;Torrevieja;65;Murcia
2021-07-01;Yecla;Torrevieja;295;Murcia
2021-07-01;Santomera;Torrevieja;390;Murcia
2021-07-01;Alcázares, Los;Torrevieja;157;Murcia
2021-07-01;Aranguren;Torrevieja;32;Navarra
2021-07-01;Burlada/Burlata;Torrevieja;70;Navarra
2021-07-01;Valle de Egüés/Eguesibar;Torrevieja;64;Navarra
2021-07-01;Estella-Lizarra;Torrevieja;30;Navarra
2021-07-01;Pamplona/Iruña;Torrevieja;468;Navarra
2021-07-01;Viana;Torrevieja;33;Navarra
2021-07-01;Villava/Atarrabia;Torrevieja;45;Navarra
2021-07-01;Barañáin/Barañain;Torrevieja;46;Navarra
2021-07-01;Zizur Mayor/Zizur Nagusia;Torrevieja;40;Navarra
2021-07-01;Ourense;Torrevieja;57;Ourense
2021-07-01;Avilés;Torrevieja;46;Asturias
2021-07-01;Gijón;Torrevieja;279;Asturias
2021-07-01;Grado;Torrevieja;32;Asturias
2021-07-01;Langreo;Torrevieja;36;Asturias
2021-07-01;Oviedo;Torrevieja;165;Asturias
2021-07-01;San Martín del Rey Aurelio;Torrevieja;36;Asturias
2021-07-01;Siero;Torrevieja;56;Asturias
2021-07-01;Palencia;Torrevieja;94;Palencia
2021-07-01;Palmas de Gran Canaria, Las;Torrevieja;47;Palmas, Las
2021-07-01;Salamanca;Torrevieja;262;Salamanca
2021-07-01;Santa Marta de Tormes;Torrevieja;41;Salamanca
2021-07-01;Camargo;Torrevieja;33;Cantabria
2021-07-01;Castro-Urdiales;Torrevieja;47;Cantabria
2021-07-01;Santander;Torrevieja;56;Cantabria
2021-07-01;Cuéllar;Torrevieja;30;Segovia
2021-07-01;Espinar, El;Torrevieja;43;Segovia
2021-07-01;Segovia;Torrevieja;222;Segovia
2021-07-01;Sevilla;Torrevieja;53;Sevilla
2021-07-01;Soria;Torrevieja;46;Soria
2021-07-01;Alameda de la Sagra;Torrevieja;33;Toledo
2021-07-01;Añover de Tajo;Torrevieja;30;Toledo
2021-07-01;Argés;Torrevieja;53;Toledo
2021-07-01;Bargas;Torrevieja;70;Toledo
2021-07-01;Borox;Torrevieja;35;Toledo
2021-07-01;Camuñas;Torrevieja;30;Toledo
2021-07-01;Carranque;Torrevieja;38;Toledo
2021-07-01;Casar de Escalona, El;Torrevieja;42;Toledo
2021-07-01;Casarrubios del Monte;Torrevieja;66;Toledo
2021-07-01;Cedillo del Condado;Torrevieja;33;Toledo
2021-07-01;Cobeja;Torrevieja;36;Toledo
2021-07-01;Cobisa;Torrevieja;41;Toledo
2021-07-01;Consuegra;Torrevieja;35;Toledo
2021-07-01;Esquivias;Torrevieja;58;Toledo
2021-07-01;Fuensalida;Torrevieja;44;Toledo
2021-07-01;Illescas;Torrevieja;286;Toledo
2021-07-01;Mazarambroz;Torrevieja;31;Toledo
2021-07-01;Méntrida;Torrevieja;59;Toledo
2021-07-01;Miguel Esteban;Torrevieja;30;Toledo
2021-07-01;Mocejón;Torrevieja;35;Toledo
2021-07-01;Mora;Torrevieja;65;Toledo
2021-07-01;Nambroca;Torrevieja;37;Toledo
2021-07-01;Numancia de la Sagra;Torrevieja;56;Toledo
2021-07-01;Ocaña;Torrevieja;98;Toledo
2021-07-01;Olías del Rey;Torrevieja;39;Toledo
2021-07-01;Ontígola;Torrevieja;52;Toledo
2021-07-01;Polán;Torrevieja;41;Toledo
2021-07-01;Puebla de Almoradiel, La;Torrevieja;30;Toledo
2021-07-01;Quero;Torrevieja;30;Toledo
2021-07-01;Quintanar de la Orden;Torrevieja;85;Toledo
2021-07-01;Santa Cruz de la Zarza;Torrevieja;46;Toledo
2021-07-01;Santa Cruz del Retamar;Torrevieja;33;Toledo
2021-07-01;Seseña;Torrevieja;263;Toledo
2021-07-01;Sonseca;Torrevieja;46;Toledo
2021-07-01;Talavera de la Reina;Torrevieja;373;Toledo
2021-07-01;Toledo;Torrevieja;412;Toledo
2021-07-01;Torrijos;Torrevieja;56;Toledo
2021-07-01;Ugena;Torrevieja;48;Toledo
2021-07-01;Ventas de Retamosa, Las;Torrevieja;34;Toledo
2021-07-01;Villacañas;Torrevieja;46;Toledo
2021-07-01;Villarrubia de Santiago;Torrevieja;53;Toledo
2021-07-01;Villatobas;Torrevieja;34;Toledo
2021-07-01;Viso de San Juan, El;Torrevieja;42;Toledo
2021-07-01;Yeles;Torrevieja;48;Toledo
2021-07-01;Yepes;Torrevieja;58;Toledo
2021-07-01;Yuncos;Torrevieja;123;Toledo
2021-07-01;Alaquàs;Torrevieja;47;Valencia/València
2021-07-01;Alboraia/Alboraya;Torrevieja;35;Valencia/València
2021-07-01;Aldaia;Torrevieja;35;Valencia/València
2021-07-01;Bétera;Torrevieja;32;Valencia/València
2021-07-01;Burjassot;Torrevieja;42;Valencia/València
2021-07-01;Catarroja;Torrevieja;33;Valencia/València
2021-07-01;Gandia;Torrevieja;47;Valencia/València
2021-07-01;Xàtiva;Torrevieja;65;Valencia/València
2021-07-01;Manises;Torrevieja;45;Valencia/València
2021-07-01;Ontinyent;Torrevieja;73;Valencia/València
2021-07-01;Paterna;Torrevieja;95;Valencia/València
2021-07-01;Picassent;Torrevieja;40;Valencia/València
2021-07-01;Riba-roja de Túria;Torrevieja;41;Valencia/València
2021-07-01;Sagunto/Sagunt;Torrevieja;55;Valencia/València
2021-07-01;Torrent;Torrevieja;75;Valencia/València
2021-07-01;València;Torrevieja;1099;Valencia/València
2021-07-01;Arroyo de la Encomienda;Torrevieja;73;Valladolid
2021-07-01;Cistérniga;Torrevieja;31;Valladolid
2021-07-01;Laguna de Duero;Torrevieja;85;Valladolid
2021-07-01;Medina del Campo;Torrevieja;92;Valladolid
2021-07-01;Tudela de Duero;Torrevieja;32;Valladolid
2021-07-01;Valladolid;Torrevieja;924;Valladolid
2021-07-01;Zaratán;Torrevieja;35;Valladolid
2021-07-01;Amorebieta-Etxano;Torrevieja;39;Bizkaia
2021-07-01;Barakaldo;Torrevieja;149;Bizkaia
2021-07-01;Basauri;Torrevieja;85;Bizkaia
2021-07-01;Bermeo;Torrevieja;54;Bizkaia
2021-07-01;Bilbao;Torrevieja;502;Bizkaia
2021-07-01;Durango;Torrevieja;47;Bizkaia
2021-07-01;Etxebarri;Torrevieja;37;Bizkaia
2021-07-01;Galdakao;Torrevieja;46;Bizkaia
2021-07-01;Getxo;Torrevieja;82;Bizkaia
2021-07-01;Leioa;Torrevieja;72;Bizkaia
2021-07-01;Portugalete;Torrevieja;45;Bizkaia
2021-07-01;Valle de Trápaga-Trapagaran;Torrevieja;42;Bizkaia
2021-07-01;Santurtzi;Torrevieja;62;Bizkaia
2021-07-01;Sestao;Torrevieja;36;Bizkaia
2021-07-01;Balmaseda;Torrevieja;30;Bizkaia
2021-07-01;Erandio;Torrevieja;49;Bizkaia
2021-07-01;Benavente;Torrevieja;48;Zamora
2021-07-01;Zamora;Torrevieja;96;Zamora
2021-07-01;Zaragoza;Torrevieja;352;Zaragoza
2021-07-01;Melilla;Torrevieja;36;Melilla
2021-08-01;Laudio/Llodio;Torrevieja;63;Araba/Álava
2021-08-01;Vitoria-Gasteiz;Torrevieja;1363;Araba/Álava
2021-08-01;Albacete;Torrevieja;3686;Albacete
2021-08-01;Almansa;Torrevieja;142;Albacete
2021-08-01;Barrax;Torrevieja;75;Albacete
2021-08-01;Caudete;Torrevieja;96;Albacete
2021-08-01;Chinchilla de Monte-Aragón;Torrevieja;65;Albacete
2021-08-01;Elche de la Sierra;Torrevieja;38;Albacete
2021-08-01;Gineta, La;Torrevieja;74;Albacete
2021-08-01;Hellín;Torrevieja;371;Albacete
2021-08-01;Madrigueras;Torrevieja;46;Albacete
2021-08-01;Munera;Torrevieja;67;Albacete
2021-08-01;Roda, La;Torrevieja;151;Albacete
2021-08-01;Tobarra;Torrevieja;39;Albacete
2021-08-01;Valdeganga;Torrevieja;38;Albacete
2021-08-01;Villamalea;Torrevieja;51;Albacete
2021-08-01;Villarrobledo;Torrevieja;253;Albacete
2021-08-01;Pozo Cañada;Torrevieja;73;Albacete
2021-08-01;Adra;Torrevieja;41;Almería
2021-08-01;Almería;Torrevieja;114;Almería
2021-08-01;Roquetas de Mar;Torrevieja;74;Almería
2021-08-01;Arévalo;Torrevieja;35;Ávila
2021-08-01;Ávila;Torrevieja;270;Ávila
2021-08-01;Hoyo de Pinares, El;Torrevieja;36;Ávila
2021-08-01;Badajoz;Torrevieja;94;Badajoz
2021-08-01;Mérida;Torrevieja;35;Badajoz
2021-08-01;Palma;Torrevieja;67;Balears, Illes
2021-08-01;Badalona;Torrevieja;48;Barcelona
2021-08-01;Barcelona;Torrevieja;572;Barcelona
2021-08-01;Cornellà de Llobregat;Torrevieja;48;Barcelona
2021-08-01;Hospitalet de Llobregat, L';Torrevieja;88;Barcelona
2021-08-01;Manresa;Torrevieja;46;Barcelona
2021-08-01;Mollet del Vallès;Torrevieja;34;Barcelona
2021-08-01;Rubí;Torrevieja;40;Barcelona
2021-08-01;Sabadell;Torrevieja;76;Barcelona
2021-08-01;Sant Boi de Llobregat;Torrevieja;31;Barcelona
2021-08-01;Santa Coloma de Gramenet;Torrevieja;63;Barcelona
2021-08-01;Barberà del Vallès;Torrevieja;31;Barcelona
2021-08-01;Terrassa;Torrevieja;99;Barcelona
2021-08-01;Viladecans;Torrevieja;48;Barcelona
2021-08-01;Aranda de Duero;Torrevieja;92;Burgos
2021-08-01;Burgos;Torrevieja;938;Burgos
2021-08-01;Condado de Treviño;Torrevieja;32;Burgos
2021-08-01;Miranda de Ebro;Torrevieja;165;Burgos
2021-08-01;Cáceres;Torrevieja;90;Cáceres
2021-08-01;Navalmoral de la Mata;Torrevieja;43;Cáceres
2021-08-01;Plasencia;Torrevieja;48;Cáceres
2021-08-01;Jerez de la Frontera;Torrevieja;33;Cádiz
2021-08-01;Castelló de la Plana;Torrevieja;66;Castellón/Castelló
2021-08-01;Onda;Torrevieja;30;Castellón/Castelló
2021-08-01;Vila-real;Torrevieja;30;Castellón/Castelló
2021-08-01;Alcázar de San Juan;Torrevieja;296;Ciudad Real
2021-08-01;Almagro;Torrevieja;73;Ciudad Real
2021-08-01;Argamasilla de Alba;Torrevieja;169;Ciudad Real
2021-08-01;Argamasilla de Calatrava;Torrevieja;62;Ciudad Real
2021-08-01;Bolaños de Calatrava;Torrevieja;79;Ciudad Real
2021-08-01;Campo de Criptana;Torrevieja;114;Ciudad Real
2021-08-01;Ciudad Real;Torrevieja;629;Ciudad Real
2021-08-01;Daimiel;Torrevieja;54;Ciudad Real
2021-08-01;Herencia;Torrevieja;88;Ciudad Real
2021-08-01;Malagón;Torrevieja;39;Ciudad Real
2021-08-01;Manzanares;Torrevieja;105;Ciudad Real
2021-08-01;Miguelturra;Torrevieja;117;Ciudad Real
2021-08-01;Moral de Calatrava;Torrevieja;35;Ciudad Real
2021-08-01;Pedro Muñoz;Torrevieja;103;Ciudad Real
2021-08-01;Puertollano;Torrevieja;277;Ciudad Real
2021-08-01;Socuéllamos;Torrevieja;129;Ciudad Real
2021-08-01;Solana, La;Torrevieja;81;Ciudad Real
2021-08-01;Tomelloso;Torrevieja;284;Ciudad Real
2021-08-01;Valdepeñas;Torrevieja;216;Ciudad Real
2021-08-01;Villahermosa;Torrevieja;30;Ciudad Real
2021-08-01;Villarrubia de los Ojos;Torrevieja;45;Ciudad Real
2021-08-01;Córdoba;Torrevieja;171;Córdoba
2021-08-01;Coruña, A;Torrevieja;66;Coruña, A
2021-08-01;Barajas de Melo;Torrevieja;47;Cuenca
2021-08-01;Casasimarro;Torrevieja;31;Cuenca
2021-08-01;Cuenca;Torrevieja;157;Cuenca
2021-08-01;Mota del Cuervo;Torrevieja;62;Cuenca
2021-08-01;Pedroñeras, Las;Torrevieja;55;Cuenca
2021-08-01;Quintanar del Rey;Torrevieja;53;Cuenca
2021-08-01;San Clemente;Torrevieja;57;Cuenca
2021-08-01;Tarancón;Torrevieja;82;Cuenca
2021-08-01;Girona;Torrevieja;36;Girona
2021-08-01;Jonquera, La;Torrevieja;39;Girona
2021-08-01;Baza;Torrevieja;48;Granada
2021-08-01;Granada;Torrevieja;178;Granada
2021-08-01;Motril;Torrevieja;41;Granada
2021-08-01;Alovera;Torrevieja;164;Guadalajara
2021-08-01;Azuqueca de Henares;Torrevieja;372;Guadalajara
2021-08-01;Cabanillas del Campo;Torrevieja;50;Guadalajara
2021-08-01;Casar, El;Torrevieja;141;Guadalajara
2021-08-01;Chiloeches;Torrevieja;57;Guadalajara
2021-08-01;Galápagos;Torrevieja;60;Guadalajara
2021-08-01;Guadalajara;Torrevieja;469;Guadalajara
2021-08-01;Horche;Torrevieja;45;Guadalajara
2021-08-01;Loranca de Tajuña;Torrevieja;39;Guadalajara
2021-08-01;Marchamalo;Torrevieja;51;Guadalajara
2021-08-01;Mondéjar;Torrevieja;40;Guadalajara
2021-08-01;Pioz;Torrevieja;40;Guadalajara
2021-08-01;Torrejón del Rey;Torrevieja;75;Guadalajara
2021-08-01;Uceda;Torrevieja;41;Guadalajara
2021-08-01;Valdeaveruelo;Torrevieja;32;Guadalajara
2021-08-01;Villanueva de la Torre;Torrevieja;60;Guadalajara
2021-08-01;Andoain;Torrevieja;45;Gipuzkoa
2021-08-01;Beasain;Torrevieja;31;Gipuzkoa
2021-08-01;Eibar;Torrevieja;107;Gipuzkoa
2021-08-01;Elgoibar;Torrevieja;42;Gipuzkoa
2021-08-01;Hondarribia;Torrevieja;47;Gipuzkoa
2021-08-01;Irun;Torrevieja;120;Gipuzkoa
2021-08-01;Arrasate/Mondragón;Torrevieja;72;Gipuzkoa
2021-08-01;Oiartzun;Torrevieja;30;Gipuzkoa
2021-08-01;Pasaia;Torrevieja;45;Gipuzkoa
2021-08-01;Errenteria;Torrevieja;94;Gipuzkoa
2021-08-01;Donostia/San Sebastián;Torrevieja;290;Gipuzkoa
2021-08-01;Bergara;Torrevieja;54;Gipuzkoa
2021-08-01;Zumarraga;Torrevieja;32;Gipuzkoa
2021-08-01;Lasarte-Oria;Torrevieja;61;Gipuzkoa
2021-08-01;Huelva;Torrevieja;34;Huelva
2021-08-01;Huesca;Torrevieja;49;Huesca
2021-08-01;Andújar;Torrevieja;33;Jaén
2021-08-01;Jaén;Torrevieja;71;Jaén
2021-08-01;Linares;Torrevieja;77;Jaén
2021-08-01;Torreperogil;Torrevieja;30;Jaén
2021-08-01;Úbeda;Torrevieja;55;Jaén
2021-08-01;León;Torrevieja;249;León
2021-08-01;Ponferrada;Torrevieja;79;León
2021-08-01;San Andrés del Rabanedo;Torrevieja;69;León
2021-08-01;Villaquilambre;Torrevieja;85;León
2021-08-01;Lleida;Torrevieja;31;Lleida
2021-08-01;Arnedo;Torrevieja;43;Rioja, La
2021-08-01;Calahorra;Torrevieja;43;Rioja, La
2021-08-01;Haro;Torrevieja;31;Rioja, La
2021-08-01;Lardero;Torrevieja;31;Rioja, La
2021-08-01;Logroño;Torrevieja;386;Rioja, La
2021-08-01;Nájera;Torrevieja;33;Rioja, La
2021-08-01;Villamediana de Iregua;Torrevieja;40;Rioja, La
2021-08-01;Lugo;Torrevieja;40;Lugo
2021-08-01;Ajalvir;Torrevieja;61;Madrid
2021-08-01;Álamo, El;Torrevieja;138;Madrid
2021-08-01;Alcalá de Henares;Torrevieja;2912;Madrid
2021-08-01;Alcobendas;Torrevieja;1091;Madrid
2021-08-01;Alcorcón;Torrevieja;2496;Madrid
2021-08-01;Aldea del Fresno;Torrevieja;45;Madrid
2021-08-01;Algete;Torrevieja;248;Madrid
2021-08-01;Alpedrete;Torrevieja;113;Madrid
2021-08-01;Aranjuez;Torrevieja;698;Madrid
2021-08-01;Arganda del Rey;Torrevieja;893;Madrid
2021-08-01;Arroyomolinos;Torrevieja;458;Madrid
2021-08-01;Becerril de la Sierra;Torrevieja;48;Madrid
2021-08-01;Belmonte de Tajo;Torrevieja;34;Madrid
2021-08-01;Boadilla del Monte;Torrevieja;394;Madrid
2021-08-01;Boalo, El;Torrevieja;45;Madrid
2021-08-01;Brunete;Torrevieja;94;Madrid
2021-08-01;Cadalso de los Vidrios;Torrevieja;41;Madrid
2021-08-01;Camarma de Esteruelas;Torrevieja;142;Madrid
2021-08-01;Campo Real;Torrevieja;76;Madrid
2021-08-01;Carabaña;Torrevieja;55;Madrid
2021-08-01;Casarrubuelos;Torrevieja;46;Madrid
2021-08-01;Cercedilla;Torrevieja;50;Madrid
2021-08-01;Ciempozuelos;Torrevieja;383;Madrid
2021-08-01;Cobeña;Torrevieja;78;Madrid
2021-08-01;Colmenar de Oreja;Torrevieja;101;Madrid
2021-08-01;Colmenarejo;Torrevieja;52;Madrid
2021-08-01;Colmenar Viejo;Torrevieja;652;Madrid
2021-08-01;Collado Mediano;Torrevieja;67;Madrid
2021-08-01;Collado Villalba;Torrevieja;654;Madrid
2021-08-01;Coslada;Torrevieja;1098;Madrid
2021-08-01;Cubas de la Sagra;Torrevieja;94;Madrid
2021-08-01;Chinchón;Torrevieja;70;Madrid
2021-08-01;Daganzo de Arriba;Torrevieja;161;Madrid
2021-08-01;Escorial, El;Torrevieja;105;Madrid
2021-08-01;Fresno de Torote;Torrevieja;42;Madrid
2021-08-01;Fuenlabrada;Torrevieja;3115;Madrid
2021-08-01;Fuente el Saz de Jarama;Torrevieja;111;Madrid
2021-08-01;Galapagar;Torrevieja;249;Madrid
2021-08-01;Getafe;Torrevieja;2925;Madrid
2021-08-01;Griñón;Torrevieja;174;Madrid
2021-08-01;Guadalix de la Sierra;Torrevieja;64;Madrid
2021-08-01;Guadarrama;Torrevieja;127;Madrid
2021-08-01;Hoyo de Manzanares;Torrevieja;43;Madrid
2021-08-01;Humanes de Madrid;Torrevieja;381;Madrid
2021-08-01;Leganés;Torrevieja;3176;Madrid
2021-08-01;Loeches;Torrevieja;165;Madrid
2021-08-01;Madrid;Torrevieja;28042;Madrid
2021-08-01;Majadahonda;Torrevieja;375;Madrid
2021-08-01;Manzanares el Real;Torrevieja;60;Madrid
2021-08-01;Meco;Torrevieja;190;Madrid
2021-08-01;Mejorada del Campo;Torrevieja;447;Madrid
2021-08-01;Miraflores de la Sierra;Torrevieja;67;Madrid
2021-08-01;Molar, El;Torrevieja;107;Madrid
2021-08-01;Moraleja de Enmedio;Torrevieja;145;Madrid
2021-08-01;Moralzarzal;Torrevieja;117;Madrid
2021-08-01;Morata de Tajuña;Torrevieja;90;Madrid
2021-08-01;Móstoles;Torrevieja;3319;Madrid
2021-08-01;Navacerrada;Torrevieja;32;Madrid
2021-08-01;Navalcarnero;Torrevieja;456;Madrid
2021-08-01;Navas del Rey;Torrevieja;34;Madrid
2021-08-01;Nuevo Baztán;Torrevieja;47;Madrid
2021-08-01;Paracuellos de Jarama;Torrevieja;216;Madrid
2021-08-01;Parla;Torrevieja;2363;Madrid
2021-08-01;Pedrezuela;Torrevieja;56;Madrid
2021-08-01;Perales de Tajuña;Torrevieja;41;Madrid
2021-08-01;Pinto;Torrevieja;738;Madrid
2021-08-01;Pozuelo de Alarcón;Torrevieja;276;Madrid
2021-08-01;Pozuelo del Rey;Torrevieja;30;Madrid
2021-08-01;Quijorna;Torrevieja;42;Madrid
2021-08-01;Rivas-Vaciamadrid;Torrevieja;1147;Madrid
2021-08-01;Rozas de Madrid, Las;Torrevieja;411;Madrid
2021-08-01;San Agustín del Guadalix;Torrevieja;124;Madrid
2021-08-01;San Fernando de Henares;Torrevieja;720;Madrid
2021-08-01;San Lorenzo de El Escorial;Torrevieja;81;Madrid
2021-08-01;San Martín de la Vega;Torrevieja;216;Madrid
2021-08-01;San Martín de Valdeiglesias;Torrevieja;43;Madrid
2021-08-01;San Sebastián de los Reyes;Torrevieja;1364;Madrid
2021-08-01;Santos de la Humosa, Los;Torrevieja;42;Madrid
2021-08-01;Serranillos del Valle;Torrevieja;80;Madrid
2021-08-01;Sevilla la Nueva;Torrevieja;76;Madrid
2021-08-01;Soto del Real;Torrevieja;52;Madrid
2021-08-01;Talamanca de Jarama;Torrevieja;48;Madrid
2021-08-01;Torrejón de Ardoz;Torrevieja;2034;Madrid
2021-08-01;Torrejón de la Calzada;Torrevieja;138;Madrid
2021-08-01;Torrejón de Velasco;Torrevieja;74;Madrid
2021-08-01;Torrelaguna;Torrevieja;30;Madrid
2021-08-01;Torrelodones;Torrevieja;90;Madrid
2021-08-01;Torres de la Alameda;Torrevieja;128;Madrid
2021-08-01;Valdeavero;Torrevieja;33;Madrid
2021-08-01;Valdemorillo;Torrevieja;81;Madrid
2021-08-01;Valdemoro;Torrevieja;1111;Madrid
2021-08-01;Valdeolmos-Alalpardo;Torrevieja;42;Madrid
2021-08-01;Valdetorres de Jarama;Torrevieja;53;Madrid
2021-08-01;Valdilecha;Torrevieja;57;Madrid
2021-08-01;Velilla de San Antonio;Torrevieja;241;Madrid
2021-08-01;Villaconejos;Torrevieja;55;Madrid
2021-08-01;Villa del Prado;Torrevieja;64;Madrid
2021-08-01;Villalbilla;Torrevieja;122;Madrid
2021-08-01;Villamanta;Torrevieja;47;Madrid
2021-08-01;Villanueva de la Cañada;Torrevieja;110;Madrid
2021-08-01;Villanueva del Pardillo;Torrevieja;116;Madrid
2021-08-01;Villar del Olmo;Torrevieja;36;Madrid
2021-08-01;Villarejo de Salvanés;Torrevieja;75;Madrid
2021-08-01;Villaviciosa de Odón;Torrevieja;192;Madrid
2021-08-01;Tres Cantos;Torrevieja;328;Madrid
2021-08-01;Alhaurín de la Torre;Torrevieja;37;Málaga
2021-08-01;Málaga;Torrevieja;144;Málaga
2021-08-01;Marbella;Torrevieja;42;Málaga
2021-08-01;Rincón de la Victoria;Torrevieja;34;Málaga
2021-08-01;Abanilla;Torrevieja;126;Murcia
2021-08-01;Abarán;Torrevieja;133;Murcia
2021-08-01;Águilas;Torrevieja;78;Murcia
2021-08-01;Alcantarilla;Torrevieja;558;Murcia
2021-08-01;Alguazas;Torrevieja;147;Murcia
2021-08-01;Alhama de Murcia;Torrevieja;61;Murcia
2021-08-01;Archena;Torrevieja;165;Murcia
2021-08-01;Beniel;Torrevieja;920;Murcia
2021-08-01;Blanca;Torrevieja;60;Murcia
2021-08-01;Bullas;Torrevieja;59;Murcia
2021-08-01;Calasparra;Torrevieja;78;Murcia
2021-08-01;Caravaca de la Cruz;Torrevieja;155;Murcia
2021-08-01;Cartagena;Torrevieja;1222;Murcia
2021-08-01;Cehegín;Torrevieja;43;Murcia
2021-08-01;Ceutí;Torrevieja;148;Murcia
2021-08-01;Cieza;Torrevieja;570;Murcia
2021-08-01;Fortuna;Torrevieja;271;Murcia
2021-08-01;Fuente Álamo de Murcia;Torrevieja;53;Murcia
2021-08-01;Jumilla;Torrevieja;362;Murcia
2021-08-01;Librilla;Torrevieja;48;Murcia
2021-08-01;Lorca;Torrevieja;143;Murcia
2021-08-01;Lorquí;Torrevieja;115;Murcia
2021-08-01;Mazarrón;Torrevieja;198;Murcia
2021-08-01;Molina de Segura;Torrevieja;1679;Murcia
2021-08-01;Moratalla;Torrevieja;45;Murcia
2021-08-01;Mula;Torrevieja;186;Murcia
2021-08-01;Murcia;Torrevieja;13638;Murcia
2021-08-01;Pliego;Torrevieja;51;Murcia
2021-08-01;Ricote;Torrevieja;37;Murcia
2021-08-01;San Javier;Torrevieja;413;Murcia
2021-08-01;San Pedro del Pinatar;Torrevieja;417;Murcia
2021-08-01;Torre-Pacheco;Torrevieja;245;Murcia
2021-08-01;Torres de Cotillas, Las;Torrevieja;332;Murcia
2021-08-01;Totana;Torrevieja;82;Murcia
2021-08-01;Unión, La;Torrevieja;68;Murcia
2021-08-01;Villanueva del Río Segura;Torrevieja;32;Murcia
2021-08-01;Yecla;Torrevieja;502;Murcia
2021-08-01;Santomera;Torrevieja;527;Murcia
2021-08-01;Alcázares, Los;Torrevieja;168;Murcia
2021-08-01;Ansoáin/Antsoain;Torrevieja;44;Navarra
2021-08-01;Aranguren;Torrevieja;42;Navarra
2021-08-01;Burlada/Burlata;Torrevieja;60;Navarra
2021-08-01;Valle de Egüés/Eguesibar;Torrevieja;65;Navarra
2021-08-01;Noáin (Valle de Elorz)/Noain (Elortzibar);Torrevieja;48;Navarra
2021-08-01;Estella-Lizarra;Torrevieja;37;Navarra
2021-08-01;Pamplona/Iruña;Torrevieja;494;Navarra
2021-08-01;Tafalla;Torrevieja;34;Navarra
2021-08-01;Tudela;Torrevieja;70;Navarra
2021-08-01;Villava/Atarrabia;Torrevieja;41;Navarra
2021-08-01;Barañáin/Barañain;Torrevieja;44;Navarra
2021-08-01;Berriozar;Torrevieja;63;Navarra
2021-08-01;Zizur Mayor/Zizur Nagusia;Torrevieja;37;Navarra
2021-08-01;Ourense;Torrevieja;67;Ourense
2021-08-01;Avilés;Torrevieja;94;Asturias
2021-08-01;Castrillón;Torrevieja;40;Asturias
2021-08-01;Gijón;Torrevieja;313;Asturias
2021-08-01;Langreo;Torrevieja;66;Asturias
2021-08-01;Lena;Torrevieja;31;Asturias
2021-08-01;Llanera;Torrevieja;31;Asturias
2021-08-01;Mieres;Torrevieja;59;Asturias
2021-08-01;Oviedo;Torrevieja;302;Asturias
2021-08-01;San Martín del Rey Aurelio;Torrevieja;34;Asturias
2021-08-01;Siero;Torrevieja;85;Asturias
2021-08-01;Palencia;Torrevieja;174;Palencia
2021-08-01;Palmas de Gran Canaria, Las;Torrevieja;41;Palmas, Las
2021-08-01;Vigo;Torrevieja;80;Pontevedra
2021-08-01;Salamanca;Torrevieja;397;Salamanca
2021-08-01;Santa Marta de Tormes;Torrevieja;54;Salamanca
2021-08-01;Villamayor;Torrevieja;32;Salamanca
2021-08-01;Santa Cruz de Tenerife;Torrevieja;32;Santa Cruz de Tenerife
2021-08-01;Camargo;Torrevieja;30;Cantabria
2021-08-01;Castro-Urdiales;Torrevieja;73;Cantabria
2021-08-01;Laredo;Torrevieja;40;Cantabria
2021-08-01;Santander;Torrevieja;81;Cantabria
2021-08-01;Cuéllar;Torrevieja;47;Segovia
2021-08-01;Espinar, El;Torrevieja;54;Segovia
2021-08-01;Palazuelos de Eresma;Torrevieja;38;Segovia
2021-08-01;Segovia;Torrevieja;245;Segovia
2021-08-01;Dos Hermanas;Torrevieja;33;Sevilla
2021-08-01;Sevilla;Torrevieja;160;Sevilla
2021-08-01;Soria;Torrevieja;41;Soria
2021-08-01;Tarragona;Torrevieja;30;Tarragona
2021-08-01;Andorra;Torrevieja;52;Teruel
2021-08-01;Teruel;Torrevieja;44;Teruel
2021-08-01;Alameda de la Sagra;Torrevieja;40;Toledo
2021-08-01;Añover de Tajo;Torrevieja;49;Toledo
2021-08-01;Argés;Torrevieja;56;Toledo
2021-08-01;Bargas;Torrevieja;77;Toledo
2021-08-01;Borox;Torrevieja;50;Toledo
2021-08-01;Burguillos de Toledo;Torrevieja;40;Toledo
2021-08-01;Calera y Chozas;Torrevieja;31;Toledo
2021-08-01;Camarena;Torrevieja;54;Toledo
2021-08-01;Camuñas;Torrevieja;33;Toledo
2021-08-01;Carpio de Tajo, El;Torrevieja;30;Toledo
2021-08-01;Carranque;Torrevieja;73;Toledo
2021-08-01;Casarrubios del Monte;Torrevieja;85;Toledo
2021-08-01;Cedillo del Condado;Torrevieja;47;Toledo
2021-08-01;Cobeja;Torrevieja;51;Toledo
2021-08-01;Cobisa;Torrevieja;58;Toledo
2021-08-01;Consuegra;Torrevieja;97;Toledo
2021-08-01;Corral de Almaguer;Torrevieja;32;Toledo
2021-08-01;Chozas de Canales;Torrevieja;58;Toledo
2021-08-01;Escalona;Torrevieja;39;Toledo
2021-08-01;Esquivias;Torrevieja;68;Toledo
2021-08-01;Fuensalida;Torrevieja;85;Toledo
2021-08-01;Guardia, La;Torrevieja;36;Toledo
2021-08-01;Huecas;Torrevieja;31;Toledo
2021-08-01;Illescas;Torrevieja;501;Toledo
2021-08-01;Madridejos;Torrevieja;57;Toledo
2021-08-01;Magán;Torrevieja;35;Toledo
2021-08-01;Mazarambroz;Torrevieja;40;Toledo
2021-08-01;Méntrida;Torrevieja;91;Toledo
2021-08-01;Miguel Esteban;Torrevieja;32;Toledo
2021-08-01;Mocejón;Torrevieja;65;Toledo
2021-08-01;Mora;Torrevieja;90;Toledo
2021-08-01;Nambroca;Torrevieja;65;Toledo
2021-08-01;Noblejas;Torrevieja;44;Toledo
2021-08-01;Novés;Torrevieja;43;Toledo
2021-08-01;Numancia de la Sagra;Torrevieja;61;Toledo
2021-08-01;Ocaña;Torrevieja;136;Toledo
2021-08-01;Olías del Rey;Torrevieja;68;Toledo
2021-08-01;Ontígola;Torrevieja;64;Toledo
2021-08-01;Orgaz;Torrevieja;33;Toledo
2021-08-01;Pantoja;Torrevieja;37;Toledo
2021-08-01;Polán;Torrevieja;36;Toledo
2021-08-01;Puebla de Almoradiel, La;Torrevieja;48;Toledo
2021-08-01;Puebla de Montalbán, La;Torrevieja;46;Toledo
2021-08-01;Pueblanueva, La;Torrevieja;54;Toledo
2021-08-01;Pulgar;Torrevieja;31;Toledo
2021-08-01;Quintanar de la Orden;Torrevieja;181;Toledo
2021-08-01;Recas;Torrevieja;52;Toledo
2021-08-01;Santa Cruz de la Zarza;Torrevieja;66;Toledo
2021-08-01;Santa Cruz del Retamar;Torrevieja;43;Toledo
2021-08-01;Seseña;Torrevieja;392;Toledo
2021-08-01;Sonseca;Torrevieja;57;Toledo
2021-08-01;Talavera de la Reina;Torrevieja;517;Toledo
2021-08-01;Tembleque;Torrevieja;32;Toledo
2021-08-01;Toledo;Torrevieja;637;Toledo
2021-08-01;Torrijos;Torrevieja;106;Toledo
2021-08-01;Ugena;Torrevieja;108;Toledo
2021-08-01;Valmojado;Torrevieja;53;Toledo
2021-08-01;Ventas de Retamosa, Las;Torrevieja;61;Toledo
2021-08-01;Villacañas;Torrevieja;92;Toledo
2021-08-01;Villa de Don Fadrique, La;Torrevieja;31;Toledo
2021-08-01;Villafranca de los Caballeros;Torrevieja;62;Toledo
2021-08-01;Villaluenga de la Sagra;Torrevieja;88;Toledo
2021-08-01;Villarrubia de Santiago;Torrevieja;30;Toledo
2021-08-01;Villasequilla;Torrevieja;30;Toledo
2021-08-01;Villatobas;Torrevieja;53;Toledo
2021-08-01;Viso de San Juan, El;Torrevieja;57;Toledo
2021-08-01;Yébenes, Los;Torrevieja;32;Toledo
2021-08-01;Yeles;Torrevieja;75;Toledo
2021-08-01;Yepes;Torrevieja;71;Toledo
2021-08-01;Yuncler;Torrevieja;56;Toledo
2021-08-01;Yuncos;Torrevieja;143;Toledo
2021-08-01;Alaquàs;Torrevieja;65;Valencia/València
2021-08-01;Alboraia/Alboraya;Torrevieja;44;Valencia/València
2021-08-01;Alzira;Torrevieja;60;Valencia/València
2021-08-01;Aldaia;Torrevieja;62;Valencia/València
2021-08-01;Alfafar;Torrevieja;37;Valencia/València
2021-08-01;Alginet;Torrevieja;33;Valencia/València
2021-08-01;Benetússer;Torrevieja;36;Valencia/València
2021-08-01;Bétera;Torrevieja;56;Valencia/València
2021-08-01;Burjassot;Torrevieja;65;Valencia/València
2021-08-01;Carcaixent;Torrevieja;45;Valencia/València
2021-08-01;Catarroja;Torrevieja;32;Valencia/València
2021-08-01;Quart de Poblet;Torrevieja;35;Valencia/València
2021-08-01;Cheste;Torrevieja;38;Valencia/València
2021-08-01;Eliana, l';Torrevieja;52;Valencia/València
2021-08-01;Gandia;Torrevieja;46;Valencia/València
2021-08-01;Xàtiva;Torrevieja;78;Valencia/València
2021-08-01;Llíria;Torrevieja;35;Valencia/València
2021-08-01;Manises;Torrevieja;44;Valencia/València
2021-08-01;Massamagrell;Torrevieja;33;Valencia/València
2021-08-01;Mislata;Torrevieja;48;Valencia/València
2021-08-01;Moncada;Torrevieja;35;Valencia/València
2021-08-01;Ontinyent;Torrevieja;103;Valencia/València
2021-08-01;Paiporta;Torrevieja;48;Valencia/València
2021-08-01;Paterna;Torrevieja;133;Valencia/València
2021-08-01;Picassent;Torrevieja;45;Valencia/València
2021-08-01;Pobla de Vallbona, la;Torrevieja;34;Valencia/València
2021-08-01;Requena;Torrevieja;55;Valencia/València
2021-08-01;Riba-roja de Túria;Torrevieja;42;Valencia/València
2021-08-01;Sagunto/Sagunt;Torrevieja;63;Valencia/València
2021-08-01;Silla;Torrevieja;47;Valencia/València
2021-08-01;Sueca;Torrevieja;41;Valencia/València
2021-08-01;Torrent;Torrevieja;155;Valencia/València
2021-08-01;València;Torrevieja;1459;Valencia/València
2021-08-01;Aldeamayor de San Martín;Torrevieja;34;Valladolid
2021-08-01;Arroyo de la Encomienda;Torrevieja;104;Valladolid
2021-08-01;Boecillo;Torrevieja;55;Valladolid
2021-08-01;Cistérniga;Torrevieja;89;Valladolid
2021-08-01;Íscar;Torrevieja;30;Valladolid
2021-08-01;Laguna de Duero;Torrevieja;129;Valladolid
2021-08-01;Medina del Campo;Torrevieja;89;Valladolid
2021-08-01;Santovenia de Pisuerga;Torrevieja;37;Valladolid
2021-08-01;Simancas;Torrevieja;31;Valladolid
2021-08-01;Tudela de Duero;Torrevieja;62;Valladolid
2021-08-01;Valladolid;Torrevieja;1365;Valladolid
2021-08-01;Abadiño;Torrevieja;30;Bizkaia
2021-08-01;Abanto y Ciérvana-Abanto Zierbena;Torrevieja;34;Bizkaia
2021-08-01;Amorebieta-Etxano;Torrevieja;89;Bizkaia
2021-08-01;Barakaldo;Torrevieja;298;Bizkaia
2021-08-01;Basauri;Torrevieja;152;Bizkaia
2021-08-01;Bermeo;Torrevieja;46;Bizkaia
2021-08-01;Bilbao;Torrevieja;931;Bizkaia
2021-08-01;Durango;Torrevieja;114;Bizkaia
2021-08-01;Etxebarri;Torrevieja;73;Bizkaia
2021-08-01;Ermua;Torrevieja;50;Bizkaia
2021-08-01;Galdakao;Torrevieja;93;Bizkaia
2021-08-01;Gorliz;Torrevieja;33;Bizkaia
2021-08-01;Getxo;Torrevieja;169;Bizkaia
2021-08-01;Güeñes;Torrevieja;37;Bizkaia
2021-08-01;Gernika-Lumo;Torrevieja;34;Bizkaia
2021-08-01;Leioa;Torrevieja;137;Bizkaia
2021-08-01;Mungia;Torrevieja;35;Bizkaia
2021-08-01;Portugalete;Torrevieja;93;Bizkaia
2021-08-01;Valle de Trápaga-Trapagaran;Torrevieja;40;Bizkaia
2021-08-01;Santurtzi;Torrevieja;135;Bizkaia
2021-08-01;Ortuella;Torrevieja;45;Bizkaia
2021-08-01;Sestao;Torrevieja;60;Bizkaia
2021-08-01;Balmaseda;Torrevieja;38;Bizkaia
2021-08-01;Erandio;Torrevieja;76;Bizkaia
2021-08-01;Iurreta;Torrevieja;34;Bizkaia
2021-08-01;Benavente;Torrevieja;36;Zamora
2021-08-01;Zamora;Torrevieja;83;Zamora
2021-08-01;Tauste;Torrevieja;31;Zaragoza
2021-08-01;Zaragoza;Torrevieja;637;Zaragoza
2021-08-01;Melilla;Torrevieja;40;Melilla
2021-09-01;Vitoria-Gasteiz;Torrevieja;466;Araba/Álava
2021-09-01;Albacete;Torrevieja;1163;Albacete
2021-09-01;Almansa;Torrevieja;49;Albacete
2021-09-01;Barrax;Torrevieja;33;Albacete
2021-09-01;Hellín;Torrevieja;109;Albacete
2021-09-01;Ontur;Torrevieja;33;Albacete
2021-09-01;Roda, La;Torrevieja;52;Albacete
2021-09-01;Villarrobledo;Torrevieja;79;Albacete
2021-09-01;Pozo Cañada;Torrevieja;52;Albacete
2021-09-01;Adra;Torrevieja;37;Almería
2021-09-01;Almería;Torrevieja;71;Almería
2021-09-01;Roquetas de Mar;Torrevieja;42;Almería
2021-09-01;Ávila;Torrevieja;106;Ávila
2021-09-01;Don Benito;Torrevieja;40;Badajoz
2021-09-01;Palma;Torrevieja;58;Balears, Illes
2021-09-01;Badalona;Torrevieja;58;Barcelona
2021-09-01;Barcelona;Torrevieja;239;Barcelona
2021-09-01;Hospitalet de Llobregat, L';Torrevieja;30;Barcelona
2021-09-01;Terrassa;Torrevieja;30;Barcelona
2021-09-01;Aranda de Duero;Torrevieja;70;Burgos
2021-09-01;Burgos;Torrevieja;349;Burgos
2021-09-01;Miranda de Ebro;Torrevieja;50;Burgos
2021-09-01;Plasencia;Torrevieja;38;Cáceres
2021-09-01;Puerto de Santa María, El;Torrevieja;30;Cádiz
2021-09-01;San Roque;Torrevieja;32;Cádiz
2021-09-01;Castelló de la Plana;Torrevieja;55;Castellón/Castelló
2021-09-01;Alcázar de San Juan;Torrevieja;84;Ciudad Real
2021-09-01;Argamasilla de Alba;Torrevieja;54;Ciudad Real
2021-09-01;Bolaños de Calatrava;Torrevieja;56;Ciudad Real
2021-09-01;Campo de Criptana;Torrevieja;41;Ciudad Real
2021-09-01;Ciudad Real;Torrevieja;242;Ciudad Real
2021-09-01;Herencia;Torrevieja;39;Ciudad Real
2021-09-01;Malagón;Torrevieja;34;Ciudad Real
2021-09-01;Manzanares;Torrevieja;43;Ciudad Real
2021-09-01;Miguelturra;Torrevieja;44;Ciudad Real
2021-09-01;Puertollano;Torrevieja;110;Ciudad Real
2021-09-01;Socuéllamos;Torrevieja;52;Ciudad Real
2021-09-01;Tomelloso;Torrevieja;64;Ciudad Real
2021-09-01;Valdepeñas;Torrevieja;76;Ciudad Real
2021-09-01;Córdoba;Torrevieja;39;Córdoba
2021-09-01;Coruña, A;Torrevieja;46;Coruña, A
2021-09-01;Cuenca;Torrevieja;63;Cuenca
2021-09-01;San Clemente;Torrevieja;46;Cuenca
2021-09-01;Granada;Torrevieja;57;Granada
2021-09-01;Alovera;Torrevieja;67;Guadalajara
2021-09-01;Azuqueca de Henares;Torrevieja;103;Guadalajara
2021-09-01;Cabanillas del Campo;Torrevieja;31;Guadalajara
2021-09-01;Casar, El;Torrevieja;51;Guadalajara
2021-09-01;Galápagos;Torrevieja;41;Guadalajara
2021-09-01;Guadalajara;Torrevieja;158;Guadalajara
2021-09-01;Marchamalo;Torrevieja;40;Guadalajara
2021-09-01;Mondéjar;Torrevieja;32;Guadalajara
2021-09-01;Torrejón del Rey;Torrevieja;46;Guadalajara
2021-09-01;Eibar;Torrevieja;30;Gipuzkoa
2021-09-01;Irun;Torrevieja;44;Gipuzkoa
2021-09-01;Errenteria;Torrevieja;36;Gipuzkoa
2021-09-01;Donostia/San Sebastián;Torrevieja;120;Gipuzkoa
2021-09-01;Linares;Torrevieja;33;Jaén
2021-09-01;Orcera;Torrevieja;34;Jaén
2021-09-01;León;Torrevieja;176;León
2021-09-01;Ponferrada;Torrevieja;33;León
2021-09-01;San Andrés del Rabanedo;Torrevieja;43;León
2021-09-01;Villaquilambre;Torrevieja;30;León
2021-09-01;Logroño;Torrevieja;169;Rioja, La
2021-09-01;Álamo, El;Torrevieja;47;Madrid
2021-09-01;Alcalá de Henares;Torrevieja;890;Madrid
2021-09-01;Alcobendas;Torrevieja;344;Madrid
2021-09-01;Alcorcón;Torrevieja;719;Madrid
2021-09-01;Algete;Torrevieja;54;Madrid
2021-09-01;Alpedrete;Torrevieja;39;Madrid
2021-09-01;Aranjuez;Torrevieja;222;Madrid
2021-09-01;Arganda del Rey;Torrevieja;281;Madrid
2021-09-01;Arroyomolinos;Torrevieja;104;Madrid
2021-09-01;Becerril de la Sierra;Torrevieja;35;Madrid
2021-09-01;Belmonte de Tajo;Torrevieja;35;Madrid
2021-09-01;Boadilla del Monte;Torrevieja;88;Madrid
2021-09-01;Boalo, El;Torrevieja;45;Madrid
2021-09-01;Brunete;Torrevieja;44;Madrid
2021-09-01;Camarma de Esteruelas;Torrevieja;51;Madrid
2021-09-01;Cercedilla;Torrevieja;31;Madrid
2021-09-01;Ciempozuelos;Torrevieja;113;Madrid
2021-09-01;Cobeña;Torrevieja;49;Madrid
2021-09-01;Colmenar de Oreja;Torrevieja;46;Madrid
2021-09-01;Colmenar Viejo;Torrevieja;196;Madrid
2021-09-01;Collado Villalba;Torrevieja;237;Madrid
2021-09-01;Coslada;Torrevieja;361;Madrid
2021-09-01;Cubas de la Sagra;Torrevieja;30;Madrid
2021-09-01;Chinchón;Torrevieja;43;Madrid
2021-09-01;Escorial, El;Torrevieja;69;Madrid
2021-09-01;Fresno de Torote;Torrevieja;57;Madrid
2021-09-01;Fuenlabrada;Torrevieja;861;Madrid
2021-09-01;Fuente el Saz de Jarama;Torrevieja;45;Madrid
2021-09-01;Galapagar;Torrevieja;103;Madrid
2021-09-01;Getafe;Torrevieja;940;Madrid
2021-09-01;Griñón;Torrevieja;51;Madrid
2021-09-01;Guadarrama;Torrevieja;64;Madrid
2021-09-01;Humanes de Madrid;Torrevieja;94;Madrid
2021-09-01;Leganés;Torrevieja;972;Madrid
2021-09-01;Loeches;Torrevieja;44;Madrid
2021-09-01;Madrid;Torrevieja;9064;Madrid
2021-09-01;Majadahonda;Torrevieja;93;Madrid
2021-09-01;Manzanares el Real;Torrevieja;31;Madrid
2021-09-01;Meco;Torrevieja;69;Madrid
2021-09-01;Mejorada del Campo;Torrevieja;108;Madrid
2021-09-01;Miraflores de la Sierra;Torrevieja;53;Madrid
2021-09-01;Molar, El;Torrevieja;47;Madrid
2021-09-01;Moralzarzal;Torrevieja;57;Madrid
2021-09-01;Morata de Tajuña;Torrevieja;58;Madrid
2021-09-01;Móstoles;Torrevieja;1057;Madrid
2021-09-01;Navalcarnero;Torrevieja;126;Madrid
2021-09-01;Paracuellos de Jarama;Torrevieja;53;Madrid
2021-09-01;Parla;Torrevieja;647;Madrid
2021-09-01;Pedrezuela;Torrevieja;33;Madrid
2021-09-01;Pinto;Torrevieja;152;Madrid
2021-09-01;Pozuelo de Alarcón;Torrevieja;97;Madrid
2021-09-01;Rivas-Vaciamadrid;Torrevieja;301;Madrid
2021-09-01;Rozas de Madrid, Las;Torrevieja;141;Madrid
2021-09-01;San Agustín del Guadalix;Torrevieja;56;Madrid
2021-09-01;San Fernando de Henares;Torrevieja;210;Madrid
2021-09-01;San Lorenzo de El Escorial;Torrevieja;55;Madrid
2021-09-01;San Martín de la Vega;Torrevieja;115;Madrid
2021-09-01;San Martín de Valdeiglesias;Torrevieja;82;Madrid
2021-09-01;San Sebastián de los Reyes;Torrevieja;425;Madrid
2021-09-01;Torrejón de Ardoz;Torrevieja;653;Madrid
2021-09-01;Torrejón de la Calzada;Torrevieja;38;Madrid
2021-09-01;Torrelodones;Torrevieja;31;Madrid
2021-09-01;Torres de la Alameda;Torrevieja;39;Madrid
2021-09-01;Valdemorillo;Torrevieja;53;Madrid
2021-09-01;Valdemoro;Torrevieja;302;Madrid
2021-09-01;Valdilecha;Torrevieja;34;Madrid
2021-09-01;Velilla de San Antonio;Torrevieja;75;Madrid
2021-09-01;Villa del Prado;Torrevieja;45;Madrid
2021-09-01;Villalbilla;Torrevieja;44;Madrid
2021-09-01;Villanueva del Pardillo;Torrevieja;40;Madrid
2021-09-01;Villaviciosa de Odón;Torrevieja;53;Madrid
2021-09-01;Tres Cantos;Torrevieja;107;Madrid
2021-09-01;Benalmádena;Torrevieja;31;Málaga
2021-09-01;Estepona;Torrevieja;34;Málaga
2021-09-01;Málaga;Torrevieja;69;Málaga
2021-09-01;Marbella;Torrevieja;69;Málaga
2021-09-01;Abanilla;Torrevieja;40;Murcia
2021-09-01;Abarán;Torrevieja;49;Murcia
2021-09-01;Águilas;Torrevieja;77;Murcia
2021-09-01;Alcantarilla;Torrevieja;267;Murcia
2021-09-01;Alguazas;Torrevieja;96;Murcia
2021-09-01;Alhama de Murcia;Torrevieja;38;Murcia
2021-09-01;Archena;Torrevieja;73;Murcia
2021-09-01;Beniel;Torrevieja;232;Murcia
2021-09-01;Caravaca de la Cruz;Torrevieja;53;Murcia
2021-09-01;Cartagena;Torrevieja;698;Murcia
2021-09-01;Cehegín;Torrevieja;32;Murcia
2021-09-01;Ceutí;Torrevieja;46;Murcia
2021-09-01;Cieza;Torrevieja;200;Murcia
2021-09-01;Fortuna;Torrevieja;82;Murcia
2021-09-01;Jumilla;Torrevieja;206;Murcia
2021-09-01;Librilla;Torrevieja;30;Murcia
2021-09-01;Lorca;Torrevieja;59;Murcia
2021-09-01;Lorquí;Torrevieja;43;Murcia
2021-09-01;Mazarrón;Torrevieja;102;Murcia
2021-09-01;Molina de Segura;Torrevieja;502;Murcia
2021-09-01;Mula;Torrevieja;97;Murcia
2021-09-01;Murcia;Torrevieja;5665;Murcia
2021-09-01;Pliego;Torrevieja;68;Murcia
2021-09-01;San Javier;Torrevieja;293;Murcia
2021-09-01;San Pedro del Pinatar;Torrevieja;341;Murcia
2021-09-01;Torre-Pacheco;Torrevieja;167;Murcia
2021-09-01;Torres de Cotillas, Las;Torrevieja;136;Murcia
2021-09-01;Unión, La;Torrevieja;46;Murcia
2021-09-01;Yecla;Torrevieja;201;Murcia
2021-09-01;Santomera;Torrevieja;178;Murcia
2021-09-01;Alcázares, Los;Torrevieja;174;Murcia
2021-09-01;Pamplona/Iruña;Torrevieja;129;Navarra
2021-09-01;Tudela;Torrevieja;36;Navarra
2021-09-01;Ourense;Torrevieja;30;Ourense
2021-09-01;Avilés;Torrevieja;50;Asturias
2021-09-01;Gijón;Torrevieja;172;Asturias
2021-09-01;Langreo;Torrevieja;33;Asturias
2021-09-01;Oviedo;Torrevieja;147;Asturias
2021-09-01;Palencia;Torrevieja;85;Palencia
2021-09-01;Palmas de Gran Canaria, Las;Torrevieja;43;Palmas, Las
2021-09-01;Vigo;Torrevieja;36;Pontevedra
2021-09-01;Salamanca;Torrevieja;166;Salamanca
2021-09-01;Santa Cruz de Tenerife;Torrevieja;36;Santa Cruz de Tenerife
2021-09-01;Castro-Urdiales;Torrevieja;56;Cantabria
2021-09-01;Santander;Torrevieja;64;Cantabria
2021-09-01;Espinar, El;Torrevieja;42;Segovia
2021-09-01;Segovia;Torrevieja;153;Segovia
2021-09-01;Sevilla;Torrevieja;62;Sevilla
2021-09-01;Bargas;Torrevieja;35;Toledo
2021-09-01;Casarrubios del Monte;Torrevieja;36;Toledo
2021-09-01;Consuegra;Torrevieja;33;Toledo
2021-09-01;Illescas;Torrevieja;89;Toledo
2021-09-01;Mora;Torrevieja;47;Toledo
2021-09-01;Ocaña;Torrevieja;42;Toledo
2021-09-01;Olías del Rey;Torrevieja;38;Toledo
2021-09-01;Puebla de Almoradiel, La;Torrevieja;36;Toledo
2021-09-01;Santa Cruz de la Zarza;Torrevieja;34;Toledo
2021-09-01;Seseña;Torrevieja;120;Toledo
2021-09-01;Talavera de la Reina;Torrevieja;144;Toledo
2021-09-01;Toledo;Torrevieja;184;Toledo
2021-09-01;Torrijos;Torrevieja;48;Toledo
2021-09-01;Ugena;Torrevieja;33;Toledo
2021-09-01;Villacañas;Torrevieja;37;Toledo
2021-09-01;Villa de Don Fadrique, La;Torrevieja;37;Toledo
2021-09-01;Villatobas;Torrevieja;32;Toledo
2021-09-01;Yepes;Torrevieja;49;Toledo
2021-09-01;Yuncos;Torrevieja;63;Toledo
2021-09-01;Alaquàs;Torrevieja;46;Valencia/València
2021-09-01;Alzira;Torrevieja;32;Valencia/València
2021-09-01;Burjassot;Torrevieja;43;Valencia/València
2021-09-01;Cullera;Torrevieja;32;Valencia/València
2021-09-01;Eliana, l';Torrevieja;36;Valencia/València
2021-09-01;Gandia;Torrevieja;43;Valencia/València
2021-09-01;Xàtiva;Torrevieja;60;Valencia/València
2021-09-01;Ontinyent;Torrevieja;40;Valencia/València
2021-09-01;Paterna;Torrevieja;53;Valencia/València
2021-09-01;Sagunto/Sagunt;Torrevieja;49;Valencia/València
2021-09-01;Torrent;Torrevieja;37;Valencia/València
2021-09-01;València;Torrevieja;739;Valencia/València
2021-09-01;Arroyo de la Encomienda;Torrevieja;41;Valladolid
2021-09-01;Laguna de Duero;Torrevieja;33;Valladolid
2021-09-01;Medina del Campo;Torrevieja;60;Valladolid
2021-09-01;Valladolid;Torrevieja;516;Valladolid
2021-09-01;Barakaldo;Torrevieja;113;Bizkaia
2021-09-01;Basauri;Torrevieja;52;Bizkaia
2021-09-01;Bermeo;Torrevieja;40;Bizkaia
2021-09-01;Bilbao;Torrevieja;336;Bizkaia
2021-09-01;Durango;Torrevieja;39;Bizkaia
2021-09-01;Galdakao;Torrevieja;37;Bizkaia
2021-09-01;Getxo;Torrevieja;85;Bizkaia
2021-09-01;Leioa;Torrevieja;45;Bizkaia
2021-09-01;Portugalete;Torrevieja;67;Bizkaia
2021-09-01;Santurtzi;Torrevieja;72;Bizkaia
2021-09-01;Sestao;Torrevieja;35;Bizkaia
2021-09-01;Erandio;Torrevieja;31;Bizkaia
2021-09-01;Benavente;Torrevieja;38;Zamora
2021-09-01;Zamora;Torrevieja;80;Zamora
2021-09-01;Zaragoza;Torrevieja;192;Zaragoza
2021-10-01;Vitoria-Gasteiz;Torrevieja;325;Araba/Álava
2021-10-01;Albacete;Torrevieja;602;Albacete
2021-10-01;Hellín;Torrevieja;36;Albacete
2021-10-01;Villarrobledo;Torrevieja;70;Albacete
2021-10-01;Adra;Torrevieja;52;Almería
2021-10-01;Almería;Torrevieja;70;Almería
2021-10-01;Ávila;Torrevieja;66;Ávila
2021-10-01;Palma;Torrevieja;55;Balears, Illes
2021-10-01;Barcelona;Torrevieja;177;Barcelona
2021-10-01;Burgos;Torrevieja;199;Burgos
2021-10-01;Miranda de Ebro;Torrevieja;40;Burgos
2021-10-01;Castelló de la Plana;Torrevieja;69;Castellón/Castelló
2021-10-01;Alcázar de San Juan;Torrevieja;46;Ciudad Real
2021-10-01;Bolaños de Calatrava;Torrevieja;30;Ciudad Real
2021-10-01;Ciudad Real;Torrevieja;93;Ciudad Real
2021-10-01;Pedro Muñoz;Torrevieja;30;Ciudad Real
2021-10-01;Puertollano;Torrevieja;61;Ciudad Real
2021-10-01;Tomelloso;Torrevieja;69;Ciudad Real
2021-10-01;Valdepeñas;Torrevieja;31;Ciudad Real
2021-10-01;Castelló d'Empúries;Torrevieja;45;Girona
2021-10-01;Almuñécar;Torrevieja;30;Granada
2021-10-01;Granada;Torrevieja;54;Granada
2021-10-01;Azuqueca de Henares;Torrevieja;33;Guadalajara
2021-10-01;Guadalajara;Torrevieja;42;Guadalajara
2021-10-01;Errenteria;Torrevieja;41;Gipuzkoa
2021-10-01;Donostia/San Sebastián;Torrevieja;98;Gipuzkoa
2021-10-01;León;Torrevieja;78;León
2021-10-01;Ponferrada;Torrevieja;31;León
2021-10-01;Logroño;Torrevieja;99;Rioja, La
2021-10-01;Álamo, El;Torrevieja;35;Madrid
2021-10-01;Alcalá de Henares;Torrevieja;376;Madrid
2021-10-01;Alcobendas;Torrevieja;161;Madrid
2021-10-01;Alcorcón;Torrevieja;389;Madrid
2021-10-01;Algete;Torrevieja;48;Madrid
2021-10-01;Aranjuez;Torrevieja;83;Madrid
2021-10-01;Arganda del Rey;Torrevieja;103;Madrid
2021-10-01;Arroyomolinos;Torrevieja;30;Madrid
2021-10-01;Boadilla del Monte;Torrevieja;54;Madrid
2021-10-01;Ciempozuelos;Torrevieja;35;Madrid
2021-10-01;Colmenar Viejo;Torrevieja;70;Madrid
2021-10-01;Collado Villalba;Torrevieja;112;Madrid
2021-10-01;Coslada;Torrevieja;171;Madrid
2021-10-01;Fuenlabrada;Torrevieja;276;Madrid
2021-10-01;Galapagar;Torrevieja;37;Madrid
2021-10-01;Getafe;Torrevieja;392;Madrid
2021-10-01;Guadalix de la Sierra;Torrevieja;41;Madrid
2021-10-01;Guadarrama;Torrevieja;46;Madrid
2021-10-01;Humanes de Madrid;Torrevieja;31;Madrid
2021-10-01;Leganés;Torrevieja;365;Madrid
2021-10-01;Madrid;Torrevieja;3680;Madrid
2021-10-01;Majadahonda;Torrevieja;40;Madrid
2021-10-01;Meco;Torrevieja;42;Madrid
2021-10-01;Mejorada del Campo;Torrevieja;63;Madrid
2021-10-01;Moraleja de Enmedio;Torrevieja;31;Madrid
2021-10-01;Moralzarzal;Torrevieja;31;Madrid
2021-10-01;Móstoles;Torrevieja;384;Madrid
2021-10-01;Navalcarnero;Torrevieja;68;Madrid
2021-10-01;Paracuellos de Jarama;Torrevieja;54;Madrid
2021-10-01;Parla;Torrevieja;203;Madrid
2021-10-01;Pinto;Torrevieja;97;Madrid
2021-10-01;Pozuelo de Alarcón;Torrevieja;51;Madrid
2021-10-01;Rivas-Vaciamadrid;Torrevieja;128;Madrid
2021-10-01;Robledo de Chavela;Torrevieja;41;Madrid
2021-10-01;Rozas de Madrid, Las;Torrevieja;61;Madrid
2021-10-01;San Fernando de Henares;Torrevieja;67;Madrid
2021-10-01;San Martín de la Vega;Torrevieja;37;Madrid
2021-10-01;San Martín de Valdeiglesias;Torrevieja;52;Madrid
2021-10-01;San Sebastián de los Reyes;Torrevieja;150;Madrid
2021-10-01;Torrejón de Ardoz;Torrevieja;251;Madrid
2021-10-01;Valdemoro;Torrevieja;149;Madrid
2021-10-01;Velilla de San Antonio;Torrevieja;39;Madrid
2021-10-01;Villaviciosa de Odón;Torrevieja;36;Madrid
2021-10-01;Tres Cantos;Torrevieja;51;Madrid
2021-10-01;Málaga;Torrevieja;76;Málaga
2021-10-01;Marbella;Torrevieja;47;Málaga
2021-10-01;Mijas;Torrevieja;34;Málaga
2021-10-01;Abanilla;Torrevieja;45;Murcia
2021-10-01;Águilas;Torrevieja;65;Murcia
2021-10-01;Alcantarilla;Torrevieja;137;Murcia
2021-10-01;Alhama de Murcia;Torrevieja;37;Murcia
2021-10-01;Archena;Torrevieja;60;Murcia
2021-10-01;Beniel;Torrevieja;60;Murcia
2021-10-01;Cartagena;Torrevieja;659;Murcia
2021-10-01;Cehegín;Torrevieja;48;Murcia
2021-10-01;Cieza;Torrevieja;50;Murcia
2021-10-01;Fortuna;Torrevieja;46;Murcia
2021-10-01;Fuente Álamo de Murcia;Torrevieja;33;Murcia
2021-10-01;Jumilla;Torrevieja;43;Murcia
2021-10-01;Lorca;Torrevieja;48;Murcia
2021-10-01;Mazarrón;Torrevieja;149;Murcia
2021-10-01;Molina de Segura;Torrevieja;264;Murcia
2021-10-01;Mula;Torrevieja;52;Murcia
2021-10-01;Murcia;Torrevieja;2650;Murcia
2021-10-01;San Javier;Torrevieja;298;Murcia
2021-10-01;San Pedro del Pinatar;Torrevieja;332;Murcia
2021-10-01;Torre-Pacheco;Torrevieja;165;Murcia
2021-10-01;Torres de Cotillas, Las;Torrevieja;85;Murcia
2021-10-01;Unión, La;Torrevieja;39;Murcia
2021-10-01;Yecla;Torrevieja;140;Murcia
2021-10-01;Santomera;Torrevieja;93;Murcia
2021-10-01;Alcázares, Los;Torrevieja;124;Murcia
2021-10-01;Pamplona/Iruña;Torrevieja;124;Navarra
2021-10-01;Avilés;Torrevieja;36;Asturias
2021-10-01;Gijón;Torrevieja;140;Asturias
2021-10-01;Oviedo;Torrevieja;56;Asturias
2021-10-01;Siero;Torrevieja;33;Asturias
2021-10-01;Palencia;Torrevieja;30;Palencia
2021-10-01;Palmas de Gran Canaria, Las;Torrevieja;42;Palmas, Las
2021-10-01;Vigo;Torrevieja;37;Pontevedra
2021-10-01;Salamanca;Torrevieja;82;Salamanca
2021-10-01;Santa Cruz de Tenerife;Torrevieja;39;Santa Cruz de Tenerife
2021-10-01;Castro-Urdiales;Torrevieja;37;Cantabria
2021-10-01;Santander;Torrevieja;36;Cantabria
2021-10-01;Segovia;Torrevieja;63;Segovia
2021-10-01;Sevilla;Torrevieja;38;Sevilla
2021-10-01;Illescas;Torrevieja;41;Toledo
2021-10-01;Seseña;Torrevieja;41;Toledo
2021-10-01;Talavera de la Reina;Torrevieja;49;Toledo
2021-10-01;Toledo;Torrevieja;88;Toledo
2021-10-01;Alzira;Torrevieja;31;Valencia/València
2021-10-01;Benifaió;Torrevieja;35;Valencia/València
2021-10-01;Catarroja;Torrevieja;33;Valencia/València
2021-10-01;Gandia;Torrevieja;43;Valencia/València
2021-10-01;Xàtiva;Torrevieja;52;Valencia/València
2021-10-01;Ontinyent;Torrevieja;38;Valencia/València
2021-10-01;Paterna;Torrevieja;42;Valencia/València
2021-10-01;Sagunto/Sagunt;Torrevieja;49;Valencia/València
2021-10-01;Torrent;Torrevieja;52;Valencia/València
2021-10-01;València;Torrevieja;560;Valencia/València
2021-10-01;Pedrajas de San Esteban;Torrevieja;31;Valladolid
2021-10-01;Tudela de Duero;Torrevieja;37;Valladolid
2021-10-01;Valladolid;Torrevieja;273;Valladolid
2021-10-01;Barakaldo;Torrevieja;56;Bizkaia
2021-10-01;Bermeo;Torrevieja;61;Bizkaia
2021-10-01;Bilbao;Torrevieja;210;Bizkaia
2021-10-01;Galdakao;Torrevieja;36;Bizkaia
2021-10-01;Getxo;Torrevieja;51;Bizkaia
2021-10-01;Zamora;Torrevieja;35;Zamora
2021-10-01;Zaragoza;Torrevieja;141;Zaragoza
2021-11-01;Vitoria-Gasteiz;Torrevieja;151;Araba/Álava
2021-11-01;Albacete;Torrevieja;454;Albacete
2021-11-01;Almansa;Torrevieja;46;Albacete
2021-11-01;Hellín;Torrevieja;54;Albacete
2021-11-01;Villarrobledo;Torrevieja;31;Albacete
2021-11-01;Adra;Torrevieja;40;Almería
2021-11-01;Almería;Torrevieja;48;Almería
2021-11-01;Huércal-Overa;Torrevieja;33;Almería
2021-11-01;Palma;Torrevieja;42;Balears, Illes
2021-11-01;Barcelona;Torrevieja;169;Barcelona
2021-11-01;Burgos;Torrevieja;96;Burgos
2021-11-01;Castelló de la Plana;Torrevieja;61;Castellón/Castelló
2021-11-01;Alcázar de San Juan;Torrevieja;55;Ciudad Real
2021-11-01;Ciudad Real;Torrevieja;46;Ciudad Real
2021-11-01;Tomelloso;Torrevieja;48;Ciudad Real
2021-11-01;Valdepeñas;Torrevieja;36;Ciudad Real
2021-11-01;Granada;Torrevieja;46;Granada
2021-11-01;Guadalajara;Torrevieja;41;Guadalajara
2021-11-01;Donostia/San Sebastián;Torrevieja;52;Gipuzkoa
2021-11-01;Logroño;Torrevieja;39;Rioja, La
2021-11-01;Alcalá de Henares;Torrevieja;276;Madrid
2021-11-01;Alcobendas;Torrevieja;98;Madrid
2021-11-01;Alcorcón;Torrevieja;194;Madrid
2021-11-01;Algete;Torrevieja;41;Madrid
2021-11-01;Aranjuez;Torrevieja;69;Madrid
2021-11-01;Arganda del Rey;Torrevieja;57;Madrid
2021-11-01;Arroyomolinos;Torrevieja;30;Madrid
2021-11-01;Boadilla del Monte;Torrevieja;34;Madrid
2021-11-01;Ciempozuelos;Torrevieja;68;Madrid
2021-11-01;Colmenar Viejo;Torrevieja;65;Madrid
2021-11-01;Collado Villalba;Torrevieja;58;Madrid
2021-11-01;Coslada;Torrevieja;108;Madrid
2021-11-01;Fuenlabrada;Torrevieja;198;Madrid
2021-11-01;Galapagar;Torrevieja;31;Madrid
2021-11-01;Getafe;Torrevieja;207;Madrid
2021-11-01;Griñón;Torrevieja;44;Madrid
2021-11-01;Humanes de Madrid;Torrevieja;56;Madrid
2021-11-01;Leganés;Torrevieja;244;Madrid
2021-11-01;Madrid;Torrevieja;2695;Madrid
2021-11-01;Mejorada del Campo;Torrevieja;43;Madrid
2021-11-01;Moraleja de Enmedio;Torrevieja;43;Madrid
2021-11-01;Móstoles;Torrevieja;255;Madrid
2021-11-01;Paracuellos de Jarama;Torrevieja;34;Madrid
2021-11-01;Parla;Torrevieja;223;Madrid
2021-11-01;Pinto;Torrevieja;45;Madrid
2021-11-01;Pozuelo de Alarcón;Torrevieja;37;Madrid
2021-11-01;Rivas-Vaciamadrid;Torrevieja;93;Madrid
2021-11-01;Rozas de Madrid, Las;Torrevieja;57;Madrid
2021-11-01;San Fernando de Henares;Torrevieja;57;Madrid
2021-11-01;San Martín de la Vega;Torrevieja;30;Madrid
2021-11-01;San Martín de Valdeiglesias;Torrevieja;33;Madrid
2021-11-01;San Sebastián de los Reyes;Torrevieja;87;Madrid
2021-11-01;Torrejón de Ardoz;Torrevieja;184;Madrid
2021-11-01;Valdemorillo;Torrevieja;34;Madrid
2021-11-01;Valdemoro;Torrevieja;82;Madrid
2021-11-01;Velilla de San Antonio;Torrevieja;63;Madrid
2021-11-01;Benalmádena;Torrevieja;33;Málaga
2021-11-01;Fuengirola;Torrevieja;30;Málaga
2021-11-01;Málaga;Torrevieja;64;Málaga
2021-11-01;Marbella;Torrevieja;46;Málaga
2021-11-01;Águilas;Torrevieja;36;Murcia
2021-11-01;Alcantarilla;Torrevieja;74;Murcia
2021-11-01;Alhama de Murcia;Torrevieja;42;Murcia
2021-11-01;Archena;Torrevieja;59;Murcia
2021-11-01;Beniel;Torrevieja;77;Murcia
2021-11-01;Bullas;Torrevieja;58;Murcia
2021-11-01;Caravaca de la Cruz;Torrevieja;49;Murcia
2021-11-01;Cartagena;Torrevieja;485;Murcia
2021-11-01;Cehegín;Torrevieja;34;Murcia
2021-11-01;Ceutí;Torrevieja;30;Murcia
2021-11-01;Cieza;Torrevieja;40;Murcia
2021-11-01;Fortuna;Torrevieja;51;Murcia
2021-11-01;Jumilla;Torrevieja;32;Murcia
2021-11-01;Lorca;Torrevieja;44;Murcia
2021-11-01;Mazarrón;Torrevieja;91;Murcia
2021-11-01;Molina de Segura;Torrevieja;232;Murcia
2021-11-01;Mula;Torrevieja;40;Murcia
2021-11-01;Murcia;Torrevieja;1941;Murcia
2021-11-01;San Javier;Torrevieja;315;Murcia
2021-11-01;San Pedro del Pinatar;Torrevieja;267;Murcia
2021-11-01;Torre-Pacheco;Torrevieja;127;Murcia
2021-11-01;Torres de Cotillas, Las;Torrevieja;61;Murcia
2021-11-01;Unión, La;Torrevieja;47;Murcia
2021-11-01;Yecla;Torrevieja;91;Murcia
2021-11-01;Santomera;Torrevieja;69;Murcia
2021-11-01;Alcázares, Los;Torrevieja;123;Murcia
2021-11-01;Pamplona/Iruña;Torrevieja;82;Navarra
2021-11-01;Tudela;Torrevieja;35;Navarra
2021-11-01;Gijón;Torrevieja;82;Asturias
2021-11-01;Llanes;Torrevieja;44;Asturias
2021-11-01;Oviedo;Torrevieja;35;Asturias
2021-11-01;Salamanca;Torrevieja;43;Salamanca
2021-11-01;Puerto de la Cruz;Torrevieja;47;Santa Cruz de Tenerife
2021-11-01;Sevilla;Torrevieja;37;Sevilla
2021-11-01;Illescas;Torrevieja;31;Toledo
2021-11-01;Seseña;Torrevieja;56;Toledo
2021-11-01;Talavera de la Reina;Torrevieja;38;Toledo
2021-11-01;Toledo;Torrevieja;50;Toledo
2021-11-01;Yuncos;Torrevieja;31;Toledo
2021-11-01;Albalat de la Ribera;Torrevieja;44;Valencia/València
2021-11-01;Alzira;Torrevieja;36;Valencia/València
2021-11-01;Alginet;Torrevieja;34;Valencia/València
2021-11-01;Gandia;Torrevieja;39;Valencia/València
2021-11-01;Xàtiva;Torrevieja;34;Valencia/València
2021-11-01;Ontinyent;Torrevieja;31;Valencia/València
2021-11-01;Paterna;Torrevieja;34;Valencia/València
2021-11-01;Sagunto/Sagunt;Torrevieja;50;Valencia/València
2021-11-01;Torrent;Torrevieja;40;Valencia/València
2021-11-01;València;Torrevieja;501;Valencia/València
2021-11-01;Valladolid;Torrevieja;141;Valladolid
2021-11-01;Barakaldo;Torrevieja;47;Bizkaia
2021-11-01;Bilbao;Torrevieja;104;Bizkaia
2021-11-01;Zaragoza;Torrevieja;85;Zaragoza
2021-12-01;Vitoria-Gasteiz;Torrevieja;154;Araba/Álava
2021-12-01;Albacete;Torrevieja;440;Albacete
2021-12-01;Almansa;Torrevieja;40;Albacete
2021-12-01;Chinchilla de Monte-Aragón;Torrevieja;33;Albacete
2021-12-01;Hellín;Torrevieja;49;Albacete
2021-12-01;Roda, La;Torrevieja;31;Albacete
2021-12-01;Villarrobledo;Torrevieja;86;Albacete
2021-12-01;Almería;Torrevieja;77;Almería
2021-12-01;Roquetas de Mar;Torrevieja;46;Almería
2021-12-01;Ávila;Torrevieja;36;Ávila
2021-12-01;Palma;Torrevieja;37;Balears, Illes
2021-12-01;Badalona;Torrevieja;40;Barcelona
2021-12-01;Barcelona;Torrevieja;176;Barcelona
2021-12-01;Hospitalet de Llobregat, L';Torrevieja;36;Barcelona
2021-12-01;Burgos;Torrevieja;98;Burgos
2021-12-01;Miranda de Ebro;Torrevieja;30;Burgos
2021-12-01;Castelló de la Plana;Torrevieja;45;Castellón/Castelló
2021-12-01;Ciudad Real;Torrevieja;100;Ciudad Real
2021-12-01;Herencia;Torrevieja;30;Ciudad Real
2021-12-01;Manzanares;Torrevieja;45;Ciudad Real
2021-12-01;Pedro Muñoz;Torrevieja;30;Ciudad Real
2021-12-01;Puertollano;Torrevieja;40;Ciudad Real
2021-12-01;Tomelloso;Torrevieja;81;Ciudad Real
2021-12-01;Córdoba;Torrevieja;34;Córdoba
2021-12-01;Castell-Platja d'Aro;Torrevieja;46;Girona
2021-12-01;Girona;Torrevieja;52;Girona
2021-12-01;Granada;Torrevieja;75;Granada
2021-12-01;Alovera;Torrevieja;52;Guadalajara
2021-12-01;Azuqueca de Henares;Torrevieja;47;Guadalajara
2021-12-01;Guadalajara;Torrevieja;82;Guadalajara
2021-12-01;Donostia/San Sebastián;Torrevieja;60;Gipuzkoa
2021-12-01;León;Torrevieja;65;León
2021-12-01;Logroño;Torrevieja;60;Rioja, La
2021-12-01;Alcalá de Henares;Torrevieja;336;Madrid
2021-12-01;Alcobendas;Torrevieja;155;Madrid
2021-12-01;Alcorcón;Torrevieja;288;Madrid
2021-12-01;Aranjuez;Torrevieja;67;Madrid
2021-12-01;Arganda del Rey;Torrevieja;96;Madrid
2021-12-01;Arroyomolinos;Torrevieja;59;Madrid
2021-12-01;Boadilla del Monte;Torrevieja;62;Madrid
2021-12-01;Ciempozuelos;Torrevieja;56;Madrid
2021-12-01;Colmenar Viejo;Torrevieja;115;Madrid
2021-12-01;Collado Villalba;Torrevieja;89;Madrid
2021-12-01;Coslada;Torrevieja;176;Madrid
2021-12-01;Daganzo de Arriba;Torrevieja;33;Madrid
2021-12-01;Escorial, El;Torrevieja;33;Madrid
2021-12-01;Fuenlabrada;Torrevieja;395;Madrid
2021-12-01;Getafe;Torrevieja;383;Madrid
2021-12-01;Humanes de Madrid;Torrevieja;52;Madrid
2021-12-01;Leganés;Torrevieja;388;Madrid
2021-12-01;Madrid;Torrevieja;3712;Madrid
2021-12-01;Majadahonda;Torrevieja;45;Madrid
2021-12-01;Meco;Torrevieja;57;Madrid
2021-12-01;Mejorada del Campo;Torrevieja;43;Madrid
2021-12-01;Moraleja de Enmedio;Torrevieja;43;Madrid
2021-12-01;Móstoles;Torrevieja;346;Madrid
2021-12-01;Navalcarnero;Torrevieja;68;Madrid
2021-12-01;Paracuellos de Jarama;Torrevieja;43;Madrid
2021-12-01;Parla;Torrevieja;285;Madrid
2021-12-01;Pinto;Torrevieja;97;Madrid
2021-12-01;Pozuelo de Alarcón;Torrevieja;69;Madrid
2021-12-01;Rivas-Vaciamadrid;Torrevieja;129;Madrid
2021-12-01;Rozas de Madrid, Las;Torrevieja;72;Madrid
2021-12-01;San Fernando de Henares;Torrevieja;80;Madrid
2021-12-01;San Lorenzo de El Escorial;Torrevieja;43;Madrid
2021-12-01;San Sebastián de los Reyes;Torrevieja;168;Madrid
2021-12-01;Torrejón de Ardoz;Torrevieja;240;Madrid
2021-12-01;Valdemoro;Torrevieja;134;Madrid
2021-12-01;Velilla de San Antonio;Torrevieja;58;Madrid
2021-12-01;Villanueva de la Cañada;Torrevieja;33;Madrid
2021-12-01;Tres Cantos;Torrevieja;39;Madrid
2021-12-01;Estepona;Torrevieja;30;Málaga
2021-12-01;Málaga;Torrevieja;110;Málaga
2021-12-01;Marbella;Torrevieja;56;Málaga
2021-12-01;Abanilla;Torrevieja;50;Murcia
2021-12-01;Águilas;Torrevieja;40;Murcia
2021-12-01;Alcantarilla;Torrevieja;102;Murcia
2021-12-01;Alhama de Murcia;Torrevieja;53;Murcia
2021-12-01;Archena;Torrevieja;39;Murcia
2021-12-01;Beniel;Torrevieja;68;Murcia
2021-12-01;Bullas;Torrevieja;46;Murcia
2021-12-01;Cartagena;Torrevieja;477;Murcia
2021-12-01;Cieza;Torrevieja;52;Murcia
2021-12-01;Fortuna;Torrevieja;45;Murcia
2021-12-01;Jumilla;Torrevieja;52;Murcia
2021-12-01;Lorca;Torrevieja;43;Murcia
2021-12-01;Mazarrón;Torrevieja;101;Murcia
2021-12-01;Molina de Segura;Torrevieja;224;Murcia
2021-12-01;Mula;Torrevieja;73;Murcia
2021-12-01;Murcia;Torrevieja;2151;Murcia
2021-12-01;San Javier;Torrevieja;279;Murcia
2021-12-01;San Pedro del Pinatar;Torrevieja;242;Murcia
2021-12-01;Torre-Pacheco;Torrevieja;133;Murcia
2021-12-01;Torres de Cotillas, Las;Torrevieja;67;Murcia
2021-12-01;Yecla;Torrevieja;79;Murcia
2021-12-01;Santomera;Torrevieja;67;Murcia
2021-12-01;Alcázares, Los;Torrevieja;124;Murcia
2021-12-01;Pamplona/Iruña;Torrevieja;107;Navarra
2021-12-01;Gijón;Torrevieja;69;Asturias
2021-12-01;Oviedo;Torrevieja;66;Asturias
2021-12-01;Palencia;Torrevieja;40;Palencia
2021-12-01;Palmas de Gran Canaria, Las;Torrevieja;46;Palmas, Las
2021-12-01;Salamanca;Torrevieja;41;Salamanca
2021-12-01;Santander;Torrevieja;30;Cantabria
2021-12-01;Segovia;Torrevieja;43;Segovia
2021-12-01;Sevilla;Torrevieja;71;Sevilla
2021-12-01;Illescas;Torrevieja;47;Toledo
2021-12-01;Quintanar de la Orden;Torrevieja;35;Toledo
2021-12-01;Seseña;Torrevieja;58;Toledo
2021-12-01;Talavera de la Reina;Torrevieja;68;Toledo
2021-12-01;Toledo;Torrevieja;72;Toledo
2021-12-01;Yuncos;Torrevieja;34;Toledo
2021-12-01;Albalat de la Ribera;Torrevieja;50;Valencia/València
2021-12-01;Alzira;Torrevieja;32;Valencia/València
2021-12-01;Gandia;Torrevieja;45;Valencia/València
2021-12-01;Xàtiva;Torrevieja;41;Valencia/València
2021-12-01;Paterna;Torrevieja;40;Valencia/València
2021-12-01;Sagunto/Sagunt;Torrevieja;51;Valencia/València
2021-12-01;Torrent;Torrevieja;33;Valencia/València
2021-12-01;València;Torrevieja;552;Valencia/València
2021-12-01;Valladolid;Torrevieja;201;Valladolid
2021-12-01;Barakaldo;Torrevieja;44;Bizkaia
2021-12-01;Bilbao;Torrevieja;123;Bizkaia
2021-12-01;Zaragoza;Torrevieja;107;Zaragoza
2022-01-01;Vitoria-Gasteiz;Torrevieja;94;Araba/Álava
2022-01-01;Albacete;Torrevieja;430;Albacete
2022-01-01;Almansa;Torrevieja;47;Albacete
2022-01-01;Hellín;Torrevieja;42;Albacete
2022-01-01;Adra;Torrevieja;41;Almería
2022-01-01;Almería;Torrevieja;89;Almería
2022-01-01;Palma;Torrevieja;54;Balears, Illes
2022-01-01;Barcelona;Torrevieja;145;Barcelona
2022-01-01;Burgos;Torrevieja;48;Burgos
2022-01-01;Castelló de la Plana;Torrevieja;45;Castellón/Castelló
2022-01-01;Onda;Torrevieja;33;Castellón/Castelló
2022-01-01;Argamasilla de Alba;Torrevieja;41;Ciudad Real
2022-01-01;Ciudad Real;Torrevieja;68;Ciudad Real
2022-01-01;Puertollano;Torrevieja;30;Ciudad Real
2022-01-01;Socuéllamos;Torrevieja;31;Ciudad Real
2022-01-01;Tomelloso;Torrevieja;96;Ciudad Real
2022-01-01;Valdepeñas;Torrevieja;36;Ciudad Real
2022-01-01;Roses;Torrevieja;53;Girona
2022-01-01;Armilla;Torrevieja;36;Granada
2022-01-01;Granada;Torrevieja;67;Granada
2022-01-01;Guadalajara;Torrevieja;32;Guadalajara
2022-01-01;Donostia/San Sebastián;Torrevieja;37;Gipuzkoa
2022-01-01;León;Torrevieja;31;León
2022-01-01;Logroño;Torrevieja;56;Rioja, La
2022-01-01;Alcalá de Henares;Torrevieja;212;Madrid
2022-01-01;Alcobendas;Torrevieja;100;Madrid
2022-01-01;Alcorcón;Torrevieja;158;Madrid
2022-01-01;Aranjuez;Torrevieja;67;Madrid
2022-01-01;Arganda del Rey;Torrevieja;65;Madrid
2022-01-01;Colmenar Viejo;Torrevieja;74;Madrid
2022-01-01;Collado Villalba;Torrevieja;60;Madrid
2022-01-01;Coslada;Torrevieja;88;Madrid
2022-01-01;Fuenlabrada;Torrevieja;172;Madrid
2022-01-01;Getafe;Torrevieja;231;Madrid
2022-01-01;Humanes de Madrid;Torrevieja;51;Madrid
2022-01-01;Leganés;Torrevieja;196;Madrid
2022-01-01;Loeches;Torrevieja;32;Madrid
2022-01-01;Madrid;Torrevieja;2721;Madrid
2022-01-01;Mejorada del Campo;Torrevieja;42;Madrid
2022-01-01;Móstoles;Torrevieja;206;Madrid
2022-01-01;Navalcarnero;Torrevieja;42;Madrid
2022-01-01;Parla;Torrevieja;171;Madrid
2022-01-01;Pinto;Torrevieja;39;Madrid
2022-01-01;Pozuelo de Alarcón;Torrevieja;50;Madrid
2022-01-01;Rivas-Vaciamadrid;Torrevieja;72;Madrid
2022-01-01;Rozas de Madrid, Las;Torrevieja;65;Madrid
2022-01-01;San Fernando de Henares;Torrevieja;36;Madrid
2022-01-01;San Sebastián de los Reyes;Torrevieja;88;Madrid
2022-01-01;Torrejón de Ardoz;Torrevieja;162;Madrid
2022-01-01;Torres de la Alameda;Torrevieja;45;Madrid
2022-01-01;Valdemoro;Torrevieja;87;Madrid
2022-01-01;Velilla de San Antonio;Torrevieja;44;Madrid
2022-01-01;Málaga;Torrevieja;69;Málaga
2022-01-01;Marbella;Torrevieja;64;Málaga
2022-01-01;Mijas;Torrevieja;40;Málaga
2022-01-01;Abanilla;Torrevieja;78;Murcia
2022-01-01;Águilas;Torrevieja;39;Murcia
2022-01-01;Alcantarilla;Torrevieja;134;Murcia
2022-01-01;Alhama de Murcia;Torrevieja;52;Murcia
2022-01-01;Archena;Torrevieja;63;Murcia
2022-01-01;Beniel;Torrevieja;69;Murcia
2022-01-01;Caravaca de la Cruz;Torrevieja;50;Murcia
2022-01-01;Cartagena;Torrevieja;655;Murcia
2022-01-01;Cieza;Torrevieja;136;Murcia
2022-01-01;Fortuna;Torrevieja;56;Murcia
2022-01-01;Jumilla;Torrevieja;35;Murcia
2022-01-01;Librilla;Torrevieja;42;Murcia
2022-01-01;Lorca;Torrevieja;77;Murcia
2022-01-01;Mazarrón;Torrevieja;83;Murcia
2022-01-01;Molina de Segura;Torrevieja;320;Murcia
2022-01-01;Mula;Torrevieja;84;Murcia
2022-01-01;Murcia;Torrevieja;2851;Murcia
2022-01-01;San Javier;Torrevieja;267;Murcia
2022-01-01;San Pedro del Pinatar;Torrevieja;261;Murcia
2022-01-01;Torre-Pacheco;Torrevieja;170;Murcia
2022-01-01;Torres de Cotillas, Las;Torrevieja;96;Murcia
2022-01-01;Unión, La;Torrevieja;50;Murcia
2022-01-01;Yecla;Torrevieja;86;Murcia
2022-01-01;Santomera;Torrevieja;65;Murcia
2022-01-01;Alcázares, Los;Torrevieja;162;Murcia
2022-01-01;Pamplona/Iruña;Torrevieja;42;Navarra
2022-01-01;Gijón;Torrevieja;85;Asturias
2022-01-01;Oviedo;Torrevieja;32;Asturias
2022-01-01;Palmas de Gran Canaria, Las;Torrevieja;37;Palmas, Las
2022-01-01;Salamanca;Torrevieja;46;Salamanca
2022-01-01;Segovia;Torrevieja;41;Segovia
2022-01-01;Sevilla;Torrevieja;42;Sevilla
2022-01-01;Salou;Torrevieja;32;Tarragona
2022-01-01;Illescas;Torrevieja;34;Toledo
2022-01-01;Talavera de la Reina;Torrevieja;30;Toledo
2022-01-01;Toledo;Torrevieja;43;Toledo
2022-01-01;Villacañas;Torrevieja;32;Toledo
2022-01-01;Albalat de la Ribera;Torrevieja;105;Valencia/València
2022-01-01;Alzira;Torrevieja;32;Valencia/València
2022-01-01;Gandia;Torrevieja;46;Valencia/València
2022-01-01;Ontinyent;Torrevieja;38;Valencia/València
2022-01-01;Paterna;Torrevieja;47;Valencia/València
2022-01-01;Sagunto/Sagunt;Torrevieja;33;Valencia/València
2022-01-01;València;Torrevieja;565;Valencia/València
2022-01-01;Valladolid;Torrevieja;93;Valladolid
2022-01-01;Bilbao;Torrevieja;73;Bizkaia
2022-01-01;Zaragoza;Torrevieja;96;Zaragoza
2022-02-01;Vitoria-Gasteiz;Torrevieja;78;Araba/Álava
2022-02-01;Albacete;Torrevieja;457;Albacete
2022-02-01;Almansa;Torrevieja;32;Albacete
2022-02-01;Hellín;Torrevieja;53;Albacete
2022-02-01;Almería;Torrevieja;84;Almería
2022-02-01;Palma;Torrevieja;34;Balears, Illes
2022-02-01;Barcelona;Torrevieja;100;Barcelona
2022-02-01;Burgos;Torrevieja;45;Burgos
2022-02-01;Borriana/Burriana;Torrevieja;43;Castellón/Castelló
2022-02-01;Castelló de la Plana;Torrevieja;57;Castellón/Castelló
2022-02-01;Alcázar de San Juan;Torrevieja;39;Ciudad Real
2022-02-01;Argamasilla de Alba;Torrevieja;54;Ciudad Real
2022-02-01;Ciudad Real;Torrevieja;37;Ciudad Real
2022-02-01;Pedro Muñoz;Torrevieja;30;Ciudad Real
2022-02-01;Tomelloso;Torrevieja;65;Ciudad Real
2022-02-01;Córdoba;Torrevieja;32;Córdoba
2022-02-01;Blanes;Torrevieja;50;Girona
2022-02-01;Lloret de Mar;Torrevieja;50;Girona
2022-02-01;Granada;Torrevieja;45;Granada
2022-02-01;Azuqueca de Henares;Torrevieja;35;Guadalajara
2022-02-01;Guadalajara;Torrevieja;42;Guadalajara
2022-02-01;Logroño;Torrevieja;42;Rioja, La
2022-02-01;Alcalá de Henares;Torrevieja;264;Madrid
2022-02-01;Alcobendas;Torrevieja;74;Madrid
2022-02-01;Alcorcón;Torrevieja;213;Madrid
2022-02-01;Algete;Torrevieja;34;Madrid
2022-02-01;Aranjuez;Torrevieja;81;Madrid
2022-02-01;Arganda del Rey;Torrevieja;61;Madrid
2022-02-01;Arroyomolinos;Torrevieja;37;Madrid
2022-02-01;Colmenar Viejo;Torrevieja;65;Madrid
2022-02-01;Collado Villalba;Torrevieja;46;Madrid
2022-02-01;Coslada;Torrevieja;93;Madrid
2022-02-01;Fuenlabrada;Torrevieja;224;Madrid
2022-02-01;Galapagar;Torrevieja;34;Madrid
2022-02-01;Getafe;Torrevieja;208;Madrid
2022-02-01;Humanes de Madrid;Torrevieja;55;Madrid
2022-02-01;Leganés;Torrevieja;243;Madrid
2022-02-01;Madrid;Torrevieja;2614;Madrid
2022-02-01;Majadahonda;Torrevieja;36;Madrid
2022-02-01;Mejorada del Campo;Torrevieja;62;Madrid
2022-02-01;Móstoles;Torrevieja;298;Madrid
2022-02-01;Navalcarnero;Torrevieja;37;Madrid
2022-02-01;Parla;Torrevieja;150;Madrid
2022-02-01;Pinto;Torrevieja;67;Madrid
2022-02-01;Rivas-Vaciamadrid;Torrevieja;61;Madrid
2022-02-01;Rozas de Madrid, Las;Torrevieja;64;Madrid
2022-02-01;San Fernando de Henares;Torrevieja;58;Madrid
2022-02-01;San Sebastián de los Reyes;Torrevieja;94;Madrid
2022-02-01;Torrejón de Ardoz;Torrevieja;175;Madrid
2022-02-01;Valdemoro;Torrevieja;75;Madrid
2022-02-01;Velilla de San Antonio;Torrevieja;47;Madrid
2022-02-01;Fuengirola;Torrevieja;39;Málaga
2022-02-01;Málaga;Torrevieja;65;Málaga
2022-02-01;Marbella;Torrevieja;30;Málaga
2022-02-01;Abanilla;Torrevieja;65;Murcia
2022-02-01;Alcantarilla;Torrevieja;84;Murcia
2022-02-01;Alhama de Murcia;Torrevieja;43;Murcia
2022-02-01;Archena;Torrevieja;47;Murcia
2022-02-01;Beniel;Torrevieja;66;Murcia
2022-02-01;Caravaca de la Cruz;Torrevieja;39;Murcia
2022-02-01;Cartagena;Torrevieja;583;Murcia
2022-02-01;Cehegín;Torrevieja;35;Murcia
2022-02-01;Cieza;Torrevieja;131;Murcia
2022-02-01;Fortuna;Torrevieja;58;Murcia
2022-02-01;Jumilla;Torrevieja;42;Murcia
2022-02-01;Lorca;Torrevieja;51;Murcia
2022-02-01;Mazarrón;Torrevieja;78;Murcia
2022-02-01;Molina de Segura;Torrevieja;232;Murcia
2022-02-01;Mula;Torrevieja;73;Murcia
2022-02-01;Murcia;Torrevieja;2189;Murcia
2022-02-01;San Javier;Torrevieja;266;Murcia
2022-02-01;San Pedro del Pinatar;Torrevieja;254;Murcia
2022-02-01;Torre-Pacheco;Torrevieja;133;Murcia
2022-02-01;Torres de Cotillas, Las;Torrevieja;82;Murcia
2022-02-01;Unión, La;Torrevieja;33;Murcia
2022-02-01;Yecla;Torrevieja;107;Murcia
2022-02-01;Santomera;Torrevieja;85;Murcia
2022-02-01;Alcázares, Los;Torrevieja;115;Murcia
2022-02-01;Pamplona/Iruña;Torrevieja;30;Navarra
2022-02-01;Gijón;Torrevieja;52;Asturias
2022-02-01;Oviedo;Torrevieja;32;Asturias
2022-02-01;Palmas de Gran Canaria, Las;Torrevieja;35;Palmas, Las
2022-02-01;Salamanca;Torrevieja;41;Salamanca
2022-02-01;Santander;Torrevieja;31;Cantabria
2022-02-01;Segovia;Torrevieja;39;Segovia
2022-02-01;Sevilla;Torrevieja;36;Sevilla
2022-02-01;Illescas;Torrevieja;43;Toledo
2022-02-01;Seseña;Torrevieja;40;Toledo
2022-02-01;Talavera de la Reina;Torrevieja;31;Toledo
2022-02-01;Toledo;Torrevieja;57;Toledo
2022-02-01;Villacañas;Torrevieja;62;Toledo
2022-02-01;Alboraia/Alboraya;Torrevieja;32;Valencia/València
2022-02-01;Alzira;Torrevieja;30;Valencia/València
2022-02-01;Aldaia;Torrevieja;30;Valencia/València
2022-02-01;Gandia;Torrevieja;39;Valencia/València
2022-02-01;Xàtiva;Torrevieja;31;Valencia/València
2022-02-01;Paterna;Torrevieja;55;Valencia/València
2022-02-01;Sagunto/Sagunt;Torrevieja;34;Valencia/València
2022-02-01;València;Torrevieja;513;Valencia/València
2022-02-01;Valladolid;Torrevieja;98;Valladolid
2022-02-01;Basauri;Torrevieja;31;Bizkaia
2022-02-01;Bilbao;Torrevieja;62;Bizkaia
2022-02-01;Zaragoza;Torrevieja;57;Zaragoza
2022-03-01;Vitoria-Gasteiz;Torrevieja;138;Araba/Álava
2022-03-01;Albacete;Torrevieja;412;Albacete
2022-03-01;Hellín;Torrevieja;33;Albacete
2022-03-01;Roda, La;Torrevieja;33;Albacete
2022-03-01;Almería;Torrevieja;51;Almería
2022-03-01;Huércal-Overa;Torrevieja;40;Almería
2022-03-01;Palma;Torrevieja;52;Balears, Illes
2022-03-01;Badalona;Torrevieja;36;Barcelona
2022-03-01;Barcelona;Torrevieja;158;Barcelona
2022-03-01;Burgos;Torrevieja;86;Burgos
2022-03-01;Castelló de la Plana;Torrevieja;48;Castellón/Castelló
2022-03-01;Alcázar de San Juan;Torrevieja;45;Ciudad Real
2022-03-01;Ciudad Real;Torrevieja;46;Ciudad Real
2022-03-01;Puertollano;Torrevieja;35;Ciudad Real
2022-03-01;Tomelloso;Torrevieja;47;Ciudad Real
2022-03-01;Valdepeñas;Torrevieja;38;Ciudad Real
2022-03-01;Córdoba;Torrevieja;33;Córdoba
2022-03-01;Jonquera, La;Torrevieja;32;Girona
2022-03-01;Granada;Torrevieja;53;Granada
2022-03-01;Azuqueca de Henares;Torrevieja;44;Guadalajara
2022-03-01;Donostia/San Sebastián;Torrevieja;52;Gipuzkoa
2022-03-01;León;Torrevieja;33;León
2022-03-01;Logroño;Torrevieja;54;Rioja, La
2022-03-01;Álamo, El;Torrevieja;30;Madrid
2022-03-01;Alcalá de Henares;Torrevieja;220;Madrid
2022-03-01;Alcobendas;Torrevieja;111;Madrid
2022-03-01;Alcorcón;Torrevieja;207;Madrid
2022-03-01;Algete;Torrevieja;41;Madrid
2022-03-01;Aranjuez;Torrevieja;54;Madrid
2022-03-01;Arganda del Rey;Torrevieja;60;Madrid
2022-03-01;Boadilla del Monte;Torrevieja;30;Madrid
2022-03-01;Colmenar Viejo;Torrevieja;51;Madrid
2022-03-01;Collado Villalba;Torrevieja;44;Madrid
2022-03-01;Coslada;Torrevieja;100;Madrid
2022-03-01;Daganzo de Arriba;Torrevieja;36;Madrid
2022-03-01;Fuenlabrada;Torrevieja;177;Madrid
2022-03-01;Getafe;Torrevieja;235;Madrid
2022-03-01;Griñón;Torrevieja;34;Madrid
2022-03-01;Humanes de Madrid;Torrevieja;42;Madrid
2022-03-01;Leganés;Torrevieja;191;Madrid
2022-03-01;Loeches;Torrevieja;35;Madrid
2022-03-01;Madrid;Torrevieja;2115;Madrid
2022-03-01;Majadahonda;Torrevieja;35;Madrid
2022-03-01;Mejorada del Campo;Torrevieja;36;Madrid
2022-03-01;Móstoles;Torrevieja;222;Madrid
2022-03-01;Parla;Torrevieja;114;Madrid
2022-03-01;Pinto;Torrevieja;52;Madrid
2022-03-01;Pozuelo de Alarcón;Torrevieja;41;Madrid
2022-03-01;Rivas-Vaciamadrid;Torrevieja;73;Madrid
2022-03-01;Rozas de Madrid, Las;Torrevieja;53;Madrid
2022-03-01;San Fernando de Henares;Torrevieja;42;Madrid
2022-03-01;San Sebastián de los Reyes;Torrevieja;95;Madrid
2022-03-01;Torrejón de Ardoz;Torrevieja;148;Madrid
2022-03-01;Valdemoro;Torrevieja;94;Madrid
2022-03-01;Velilla de San Antonio;Torrevieja;41;Madrid
2022-03-01;Benalmádena;Torrevieja;30;Málaga
2022-03-01;Málaga;Torrevieja;60;Málaga
2022-03-01;Marbella;Torrevieja;32;Málaga
2022-03-01;Mijas;Torrevieja;31;Málaga
2022-03-01;Abanilla;Torrevieja;32;Murcia
2022-03-01;Águilas;Torrevieja;32;Murcia
2022-03-01;Alcantarilla;Torrevieja;69;Murcia
2022-03-01;Alhama de Murcia;Torrevieja;38;Murcia
2022-03-01;Archena;Torrevieja;43;Murcia
2022-03-01;Beniel;Torrevieja;41;Murcia
2022-03-01;Cartagena;Torrevieja;429;Murcia
2022-03-01;Cieza;Torrevieja;45;Murcia
2022-03-01;Fortuna;Torrevieja;39;Murcia
2022-03-01;Jumilla;Torrevieja;56;Murcia
2022-03-01;Lorca;Torrevieja;48;Murcia
2022-03-01;Molina de Segura;Torrevieja;165;Murcia
2022-03-01;Mula;Torrevieja;64;Murcia
2022-03-01;Murcia;Torrevieja;1969;Murcia
2022-03-01;San Javier;Torrevieja;230;Murcia
2022-03-01;San Pedro del Pinatar;Torrevieja;244;Murcia
2022-03-01;Torre-Pacheco;Torrevieja;153;Murcia
2022-03-01;Torres de Cotillas, Las;Torrevieja;63;Murcia
2022-03-01;Unión, La;Torrevieja;32;Murcia
2022-03-01;Yecla;Torrevieja;100;Murcia
2022-03-01;Santomera;Torrevieja;58;Murcia
2022-03-01;Alcázares, Los;Torrevieja;104;Murcia
2022-03-01;Pamplona/Iruña;Torrevieja;54;Navarra
2022-03-01;Gijón;Torrevieja;55;Asturias
2022-03-01;Oviedo;Torrevieja;32;Asturias
2022-03-01;Mogán;Torrevieja;40;Palmas, Las
2022-03-01;Salamanca;Torrevieja;50;Salamanca
2022-03-01;Arahal;Torrevieja;37;Sevilla
2022-03-01;Sevilla;Torrevieja;44;Sevilla
2022-03-01;Illescas;Torrevieja;38;Toledo
2022-03-01;Talavera de la Reina;Torrevieja;40;Toledo
2022-03-01;Toledo;Torrevieja;49;Toledo
2022-03-01;Villacañas;Torrevieja;60;Toledo
2022-03-01;Mislata;Torrevieja;38;Valencia/València
2022-03-01;Paterna;Torrevieja;48;Valencia/València
2022-03-01;Torrent;Torrevieja;31;Valencia/València
2022-03-01;València;Torrevieja;492;Valencia/València
2022-03-01;Valladolid;Torrevieja;131;Valladolid
2022-03-01;Bilbao;Torrevieja;71;Bizkaia
2022-03-01;Santurtzi;Torrevieja;30;Bizkaia
2022-03-01;Zaragoza;Torrevieja;90;Zaragoza
2022-04-01;Vitoria-Gasteiz;Torrevieja;702;Araba/Álava
2022-04-01;Albacete;Torrevieja;1092;Albacete
2022-04-01;Almansa;Torrevieja;32;Albacete
2022-04-01;Barrax;Torrevieja;43;Albacete
2022-04-01;Hellín;Torrevieja;38;Albacete
2022-04-01;Roda, La;Torrevieja;39;Albacete
2022-04-01;Villarrobledo;Torrevieja;140;Albacete
2022-04-01;Pozo Cañada;Torrevieja;35;Albacete
2022-04-01;Almería;Torrevieja;97;Almería
2022-04-01;Roquetas de Mar;Torrevieja;39;Almería
2022-04-01;Ávila;Torrevieja;109;Ávila
2022-04-01;Palma;Torrevieja;69;Balears, Illes
2022-04-01;Badalona;Torrevieja;40;Barcelona
2022-04-01;Barcelona;Torrevieja;284;Barcelona
2022-04-01;Castelldefels;Torrevieja;31;Barcelona
2022-04-01;Gavà;Torrevieja;35;Barcelona
2022-04-01;Hospitalet de Llobregat, L';Torrevieja;55;Barcelona
2022-04-01;Rubí;Torrevieja;36;Barcelona
2022-04-01;Terrassa;Torrevieja;40;Barcelona
2022-04-01;Viladecans;Torrevieja;63;Barcelona
2022-04-01;Aranda de Duero;Torrevieja;42;Burgos
2022-04-01;Burgos;Torrevieja;337;Burgos
2022-04-01;Miranda de Ebro;Torrevieja;47;Burgos
2022-04-01;Cáceres;Torrevieja;50;Cáceres
2022-04-01;Castelló de la Plana;Torrevieja;63;Castellón/Castelló
2022-04-01;Vila-real;Torrevieja;53;Castellón/Castelló
2022-04-01;Alcázar de San Juan;Torrevieja;99;Ciudad Real
2022-04-01;Argamasilla de Alba;Torrevieja;49;Ciudad Real
2022-04-01;Ciudad Real;Torrevieja;204;Ciudad Real
2022-04-01;Herencia;Torrevieja;38;Ciudad Real
2022-04-01;Manzanares;Torrevieja;44;Ciudad Real
2022-04-01;Miguelturra;Torrevieja;62;Ciudad Real
2022-04-01;Pedro Muñoz;Torrevieja;42;Ciudad Real
2022-04-01;Puertollano;Torrevieja;98;Ciudad Real
2022-04-01;Socuéllamos;Torrevieja;46;Ciudad Real
2022-04-01;Terrinches;Torrevieja;31;Ciudad Real
2022-04-01;Tomelloso;Torrevieja;96;Ciudad Real
2022-04-01;Valdepeñas;Torrevieja;67;Ciudad Real
2022-04-01;Córdoba;Torrevieja;46;Córdoba
2022-04-01;Coruña, A;Torrevieja;58;Coruña, A
2022-04-01;Cuenca;Torrevieja;32;Cuenca
2022-04-01;Lloret de Mar;Torrevieja;37;Girona
2022-04-01;Granada;Torrevieja;87;Granada
2022-04-01;Alovera;Torrevieja;64;Guadalajara
2022-04-01;Azuqueca de Henares;Torrevieja;144;Guadalajara
2022-04-01;Casar, El;Torrevieja;45;Guadalajara
2022-04-01;Chiloeches;Torrevieja;34;Guadalajara
2022-04-01;Guadalajara;Torrevieja;156;Guadalajara
2022-04-01;Torrejón del Rey;Torrevieja;34;Guadalajara
2022-04-01;Villanueva de la Torre;Torrevieja;37;Guadalajara
2022-04-01;Andoain;Torrevieja;37;Gipuzkoa
2022-04-01;Aretxabaleta;Torrevieja;32;Gipuzkoa
2022-04-01;Irun;Torrevieja;58;Gipuzkoa
2022-04-01;Errenteria;Torrevieja;46;Gipuzkoa
2022-04-01;Donostia/San Sebastián;Torrevieja;191;Gipuzkoa
2022-04-01;Zarautz;Torrevieja;43;Gipuzkoa
2022-04-01;Lasarte-Oria;Torrevieja;61;Gipuzkoa
2022-04-01;Huelva;Torrevieja;40;Huelva
2022-04-01;León;Torrevieja;71;León
2022-04-01;Calahorra;Torrevieja;58;Rioja, La
2022-04-01;Logroño;Torrevieja;185;Rioja, La
2022-04-01;Sarria;Torrevieja;36;Lugo
2022-04-01;Ajalvir;Torrevieja;44;Madrid
2022-04-01;Álamo, El;Torrevieja;65;Madrid
2022-04-01;Alcalá de Henares;Torrevieja;913;Madrid
2022-04-01;Alcobendas;Torrevieja;433;Madrid
2022-04-01;Alcorcón;Torrevieja;1058;Madrid
2022-04-01;Algete;Torrevieja;82;Madrid
2022-04-01;Alpedrete;Torrevieja;34;Madrid
2022-04-01;Aranjuez;Torrevieja;210;Madrid
2022-04-01;Arganda del Rey;Torrevieja;309;Madrid
2022-04-01;Arroyomolinos;Torrevieja;180;Madrid
2022-04-01;Belmonte de Tajo;Torrevieja;40;Madrid
2022-04-01;Boadilla del Monte;Torrevieja;151;Madrid
2022-04-01;Boalo, El;Torrevieja;31;Madrid
2022-04-01;Brunete;Torrevieja;56;Madrid
2022-04-01;Camarma de Esteruelas;Torrevieja;55;Madrid
2022-04-01;Campo Real;Torrevieja;31;Madrid
2022-04-01;Ciempozuelos;Torrevieja;141;Madrid
2022-04-01;Cobeña;Torrevieja;58;Madrid
2022-04-01;Colmenar de Oreja;Torrevieja;37;Madrid
2022-04-01;Colmenar Viejo;Torrevieja;259;Madrid
2022-04-01;Collado Villalba;Torrevieja;264;Madrid
2022-04-01;Coslada;Torrevieja;473;Madrid
2022-04-01;Cubas de la Sagra;Torrevieja;34;Madrid
2022-04-01;Chinchón;Torrevieja;43;Madrid
2022-04-01;Daganzo de Arriba;Torrevieja;74;Madrid
2022-04-01;Escorial, El;Torrevieja;50;Madrid
2022-04-01;Fuenlabrada;Torrevieja;914;Madrid
2022-04-01;Fuente el Saz de Jarama;Torrevieja;36;Madrid
2022-04-01;Galapagar;Torrevieja;67;Madrid
2022-04-01;Getafe;Torrevieja;1174;Madrid
2022-04-01;Griñón;Torrevieja;45;Madrid
2022-04-01;Guadarrama;Torrevieja;47;Madrid
2022-04-01;Humanes de Madrid;Torrevieja;153;Madrid
2022-04-01;Leganés;Torrevieja;1246;Madrid
2022-04-01;Loeches;Torrevieja;52;Madrid
2022-04-01;Madrid;Torrevieja;10388;Madrid
2022-04-01;Majadahonda;Torrevieja;111;Madrid
2022-04-01;Meco;Torrevieja;92;Madrid
2022-04-01;Mejorada del Campo;Torrevieja;183;Madrid
2022-04-01;Molar, El;Torrevieja;42;Madrid
2022-04-01;Moraleja de Enmedio;Torrevieja;53;Madrid
2022-04-01;Moralzarzal;Torrevieja;48;Madrid
2022-04-01;Morata de Tajuña;Torrevieja;41;Madrid
2022-04-01;Móstoles;Torrevieja;1272;Madrid
2022-04-01;Navalcarnero;Torrevieja;181;Madrid
2022-04-01;Paracuellos de Jarama;Torrevieja;66;Madrid
2022-04-01;Parla;Torrevieja;853;Madrid
2022-04-01;Pedrezuela;Torrevieja;34;Madrid
2022-04-01;Pinto;Torrevieja;378;Madrid
2022-04-01;Pozuelo de Alarcón;Torrevieja;151;Madrid
2022-04-01;Rivas-Vaciamadrid;Torrevieja;439;Madrid
2022-04-01;Rozas de Madrid, Las;Torrevieja;164;Madrid
2022-04-01;San Agustín del Guadalix;Torrevieja;55;Madrid
2022-04-01;San Fernando de Henares;Torrevieja;294;Madrid
2022-04-01;San Lorenzo de El Escorial;Torrevieja;39;Madrid
2022-04-01;San Martín de la Vega;Torrevieja;66;Madrid
2022-04-01;San Sebastián de los Reyes;Torrevieja;480;Madrid
2022-04-01;Sevilla la Nueva;Torrevieja;44;Madrid
2022-04-01;Soto del Real;Torrevieja;44;Madrid
2022-04-01;Torrejón de Ardoz;Torrevieja;745;Madrid
2022-04-01;Torrejón de la Calzada;Torrevieja;61;Madrid
2022-04-01;Torrejón de Velasco;Torrevieja;44;Madrid
2022-04-01;Torrelodones;Torrevieja;37;Madrid
2022-04-01;Torres de la Alameda;Torrevieja;37;Madrid
2022-04-01;Valdemorillo;Torrevieja;50;Madrid
2022-04-01;Valdemoro;Torrevieja;335;Madrid
2022-04-01;Valdilecha;Torrevieja;32;Madrid
2022-04-01;Velilla de San Antonio;Torrevieja;58;Madrid
2022-04-01;Villa del Prado;Torrevieja;30;Madrid
2022-04-01;Villanueva de la Cañada;Torrevieja;35;Madrid
2022-04-01;Villanueva del Pardillo;Torrevieja;46;Madrid
2022-04-01;Villaviciosa de Odón;Torrevieja;65;Madrid
2022-04-01;Tres Cantos;Torrevieja;87;Madrid
2022-04-01;Fuengirola;Torrevieja;30;Málaga
2022-04-01;Málaga;Torrevieja;110;Málaga
2022-04-01;Marbella;Torrevieja;44;Málaga
2022-04-01;Abanilla;Torrevieja;45;Murcia
2022-04-01;Águilas;Torrevieja;34;Murcia
2022-04-01;Alcantarilla;Torrevieja;134;Murcia
2022-04-01;Alguazas;Torrevieja;43;Murcia
2022-04-01;Archena;Torrevieja;53;Murcia
2022-04-01;Beniel;Torrevieja;73;Murcia
2022-04-01;Caravaca de la Cruz;Torrevieja;48;Murcia
2022-04-01;Cartagena;Torrevieja;477;Murcia
2022-04-01;Ceutí;Torrevieja;45;Murcia
2022-04-01;Cieza;Torrevieja;66;Murcia
2022-04-01;Fortuna;Torrevieja;67;Murcia
2022-04-01;Jumilla;Torrevieja;50;Murcia
2022-04-01;Lorca;Torrevieja;32;Murcia
2022-04-01;Molina de Segura;Torrevieja;367;Murcia
2022-04-01;Mula;Torrevieja;124;Murcia
2022-04-01;Murcia;Torrevieja;3050;Murcia
2022-04-01;San Javier;Torrevieja;204;Murcia
2022-04-01;San Pedro del Pinatar;Torrevieja;137;Murcia
2022-04-01;Torre-Pacheco;Torrevieja;140;Murcia
2022-04-01;Torres de Cotillas, Las;Torrevieja;139;Murcia
2022-04-01;Yecla;Torrevieja;132;Murcia
2022-04-01;Santomera;Torrevieja;85;Murcia
2022-04-01;Alcázares, Los;Torrevieja;140;Murcia
2022-04-01;Estella-Lizarra;Torrevieja;34;Navarra
2022-04-01;Pamplona/Iruña;Torrevieja;241;Navarra
2022-04-01;Gijón;Torrevieja;148;Asturias
2022-04-01;Oviedo;Torrevieja;125;Asturias
2022-04-01;Palencia;Torrevieja;51;Palencia
2022-04-01;Palmas de Gran Canaria, Las;Torrevieja;45;Palmas, Las
2022-04-01;Vigo;Torrevieja;32;Pontevedra
2022-04-01;Alba de Tormes;Torrevieja;33;Salamanca
2022-04-01;Salamanca;Torrevieja;140;Salamanca
2022-04-01;Santa Cruz de Tenerife;Torrevieja;41;Santa Cruz de Tenerife
2022-04-01;Santander;Torrevieja;51;Cantabria
2022-04-01;Segovia;Torrevieja;123;Segovia
2022-04-01;Sevilla;Torrevieja;57;Sevilla
2022-04-01;Soria;Torrevieja;42;Soria
2022-04-01;Carranque;Torrevieja;35;Toledo
2022-04-01;Casarrubios del Monte;Torrevieja;32;Toledo
2022-04-01;Illescas;Torrevieja;163;Toledo
2022-04-01;Méntrida;Torrevieja;34;Toledo
2022-04-01;Ocaña;Torrevieja;45;Toledo
2022-04-01;Olías del Rey;Torrevieja;32;Toledo
2022-04-01;Ontígola;Torrevieja;30;Toledo
2022-04-01;Seseña;Torrevieja;146;Toledo
2022-04-01;Talavera de la Reina;Torrevieja;144;Toledo
2022-04-01;Toledo;Torrevieja;227;Toledo
2022-04-01;Torrijos;Torrevieja;38;Toledo
2022-04-01;Ugena;Torrevieja;50;Toledo
2022-04-01;Villacañas;Torrevieja;36;Toledo
2022-04-01;Villatobas;Torrevieja;38;Toledo
2022-04-01;Yeles;Torrevieja;49;Toledo
2022-04-01;Yuncos;Torrevieja;32;Toledo
2022-04-01;Alaquàs;Torrevieja;39;Valencia/València
2022-04-01;Alzira;Torrevieja;33;Valencia/València
2022-04-01;Gandia;Torrevieja;46;Valencia/València
2022-04-01;Godella;Torrevieja;30;Valencia/València
2022-04-01;Xàtiva;Torrevieja;62;Valencia/València
2022-04-01;Ontinyent;Torrevieja;36;Valencia/València
2022-04-01;Paterna;Torrevieja;56;Valencia/València
2022-04-01;Requena;Torrevieja;30;Valencia/València
2022-04-01;Sagunto/Sagunt;Torrevieja;35;Valencia/València
2022-04-01;Torrent;Torrevieja;52;Valencia/València
2022-04-01;València;Torrevieja;800;Valencia/València
2022-04-01;Arroyo de la Encomienda;Torrevieja;36;Valladolid
2022-04-01;Laguna de Duero;Torrevieja;41;Valladolid
2022-04-01;Medina del Campo;Torrevieja;39;Valladolid
2022-04-01;Valladolid;Torrevieja;509;Valladolid
2022-04-01;Amorebieta-Etxano;Torrevieja;34;Bizkaia
2022-04-01;Barakaldo;Torrevieja;136;Bizkaia
2022-04-01;Basauri;Torrevieja;59;Bizkaia
2022-04-01;Bilbao;Torrevieja;408;Bizkaia
2022-04-01;Durango;Torrevieja;56;Bizkaia
2022-04-01;Galdakao;Torrevieja;41;Bizkaia
2022-04-01;Getxo;Torrevieja;72;Bizkaia
2022-04-01;Leioa;Torrevieja;45;Bizkaia
2022-04-01;Portugalete;Torrevieja;50;Bizkaia
2022-04-01;Santurtzi;Torrevieja;73;Bizkaia
2022-04-01;Erandio;Torrevieja;58;Bizkaia
2022-04-01;Zamora;Torrevieja;37;Zamora
2022-04-01;Zaragoza;Torrevieja;254;Zaragoza
2022-05-01;Vitoria-Gasteiz;Torrevieja;303;Araba/Álava
2022-05-01;Albacete;Torrevieja;1244;Albacete
2022-05-01;Almansa;Torrevieja;47;Albacete
2022-05-01;Caudete;Torrevieja;44;Albacete
2022-05-01;Chinchilla de Monte-Aragón;Torrevieja;51;Albacete
2022-05-01;Hellín;Torrevieja;88;Albacete
2022-05-01;Roda, La;Torrevieja;31;Albacete
2022-05-01;Villarrobledo;Torrevieja;72;Albacete
2022-05-01;Pozo Cañada;Torrevieja;37;Albacete
2022-05-01;Adra;Torrevieja;33;Almería
2022-05-01;Almería;Torrevieja;96;Almería
2022-05-01;Cuevas del Almanzora;Torrevieja;38;Almería
2022-05-01;Roquetas de Mar;Torrevieja;57;Almería
2022-05-01;Ávila;Torrevieja;54;Ávila
2022-05-01;Palma;Torrevieja;56;Balears, Illes
2022-05-01;Barcelona;Torrevieja;226;Barcelona
2022-05-01;Hospitalet de Llobregat, L';Torrevieja;35;Barcelona
2022-05-01;Aranda de Duero;Torrevieja;34;Burgos
2022-05-01;Burgos;Torrevieja;102;Burgos
2022-05-01;Miranda de Ebro;Torrevieja;30;Burgos
2022-05-01;Algeciras;Torrevieja;36;Cádiz
2022-05-01;Alcalà de Xivert;Torrevieja;31;Castellón/Castelló
2022-05-01;Castelló de la Plana;Torrevieja;55;Castellón/Castelló
2022-05-01;Alcázar de San Juan;Torrevieja;48;Ciudad Real
2022-05-01;Ciudad Real;Torrevieja;156;Ciudad Real
2022-05-01;Manzanares;Torrevieja;44;Ciudad Real
2022-05-01;Puertollano;Torrevieja;62;Ciudad Real
2022-05-01;Socuéllamos;Torrevieja;49;Ciudad Real
2022-05-01;Tomelloso;Torrevieja;63;Ciudad Real
2022-05-01;Valdepeñas;Torrevieja;47;Ciudad Real
2022-05-01;Córdoba;Torrevieja;47;Córdoba
2022-05-01;Coruña, A;Torrevieja;65;Coruña, A
2022-05-01;Cuenca;Torrevieja;35;Cuenca
2022-05-01;Jonquera, La;Torrevieja;35;Girona
2022-05-01;Granada;Torrevieja;95;Granada
2022-05-01;Alovera;Torrevieja;33;Guadalajara
2022-05-01;Azuqueca de Henares;Torrevieja;70;Guadalajara
2022-05-01;Casar, El;Torrevieja;51;Guadalajara
2022-05-01;Guadalajara;Torrevieja;73;Guadalajara
2022-05-01;Torrejón del Rey;Torrevieja;33;Guadalajara
2022-05-01;Donostia/San Sebastián;Torrevieja;79;Gipuzkoa
2022-05-01;Jaén;Torrevieja;34;Jaén
2022-05-01;Logroño;Torrevieja;87;Rioja, La
2022-05-01;Lugo;Torrevieja;30;Lugo
2022-05-01;Alcalá de Henares;Torrevieja;546;Madrid
2022-05-01;Alcobendas;Torrevieja;221;Madrid
2022-05-01;Alcorcón;Torrevieja;434;Madrid
2022-05-01;Algete;Torrevieja;40;Madrid
2022-05-01;Alpedrete;Torrevieja;39;Madrid
2022-05-01;Aranjuez;Torrevieja;119;Madrid
2022-05-01;Arganda del Rey;Torrevieja;205;Madrid
2022-05-01;Arroyomolinos;Torrevieja;104;Madrid
2022-05-01;Boadilla del Monte;Torrevieja;67;Madrid
2022-05-01;Brunete;Torrevieja;33;Madrid
2022-05-01;Ciempozuelos;Torrevieja;48;Madrid
2022-05-01;Colmenarejo;Torrevieja;41;Madrid
2022-05-01;Colmenar Viejo;Torrevieja;128;Madrid
2022-05-01;Collado Villalba;Torrevieja;114;Madrid
2022-05-01;Coslada;Torrevieja;280;Madrid
2022-05-01;Cubas de la Sagra;Torrevieja;33;Madrid
2022-05-01;Daganzo de Arriba;Torrevieja;39;Madrid
2022-05-01;Escorial, El;Torrevieja;30;Madrid
2022-05-01;Fuenlabrada;Torrevieja;521;Madrid
2022-05-01;Galapagar;Torrevieja;54;Madrid
2022-05-01;Getafe;Torrevieja;492;Madrid
2022-05-01;Griñón;Torrevieja;44;Madrid
2022-05-01;Guadarrama;Torrevieja;33;Madrid
2022-05-01;Humanes de Madrid;Torrevieja;58;Madrid
2022-05-01;Leganés;Torrevieja;573;Madrid
2022-05-01;Loeches;Torrevieja;41;Madrid
2022-05-01;Madrid;Torrevieja;5940;Madrid
2022-05-01;Majadahonda;Torrevieja;59;Madrid
2022-05-01;Meco;Torrevieja;39;Madrid
2022-05-01;Mejorada del Campo;Torrevieja;65;Madrid
2022-05-01;Moraleja de Enmedio;Torrevieja;30;Madrid
2022-05-01;Moralzarzal;Torrevieja;42;Madrid
2022-05-01;Móstoles;Torrevieja;583;Madrid
2022-05-01;Navalcarnero;Torrevieja;80;Madrid
2022-05-01;Paracuellos de Jarama;Torrevieja;35;Madrid
2022-05-01;Parla;Torrevieja;406;Madrid
2022-05-01;Pinto;Torrevieja;129;Madrid
2022-05-01;Pozuelo de Alarcón;Torrevieja;81;Madrid
2022-05-01;Rivas-Vaciamadrid;Torrevieja;237;Madrid
2022-05-01;Rozas de Madrid, Las;Torrevieja;108;Madrid
2022-05-01;San Agustín del Guadalix;Torrevieja;36;Madrid
2022-05-01;San Fernando de Henares;Torrevieja;110;Madrid
2022-05-01;San Lorenzo de El Escorial;Torrevieja;36;Madrid
2022-05-01;San Martín de la Vega;Torrevieja;50;Madrid
2022-05-01;San Sebastián de los Reyes;Torrevieja;195;Madrid
2022-05-01;Torrejón de Ardoz;Torrevieja;432;Madrid
2022-05-01;Torrejón de la Calzada;Torrevieja;41;Madrid
2022-05-01;Valdemoro;Torrevieja;283;Madrid
2022-05-01;Velilla de San Antonio;Torrevieja;42;Madrid
2022-05-01;Villanueva de la Cañada;Torrevieja;35;Madrid
2022-05-01;Villaviciosa de Odón;Torrevieja;40;Madrid
2022-05-01;Tres Cantos;Torrevieja;60;Madrid
2022-05-01;Málaga;Torrevieja;191;Málaga
2022-05-01;Marbella;Torrevieja;51;Málaga
2022-05-01;Mijas;Torrevieja;43;Málaga
2022-05-01;Abanilla;Torrevieja;45;Murcia
2022-05-01;Águilas;Torrevieja;38;Murcia
2022-05-01;Alcantarilla;Torrevieja;162;Murcia
2022-05-01;Alguazas;Torrevieja;66;Murcia
2022-05-01;Alhama de Murcia;Torrevieja;44;Murcia
2022-05-01;Archena;Torrevieja;93;Murcia
2022-05-01;Beniel;Torrevieja;108;Murcia
2022-05-01;Caravaca de la Cruz;Torrevieja;70;Murcia
2022-05-01;Cartagena;Torrevieja;683;Murcia
2022-05-01;Ceutí;Torrevieja;37;Murcia
2022-05-01;Cieza;Torrevieja;93;Murcia
2022-05-01;Fortuna;Torrevieja;77;Murcia
2022-05-01;Jumilla;Torrevieja;88;Murcia
2022-05-01;Lorca;Torrevieja;58;Murcia
2022-05-01;Lorquí;Torrevieja;35;Murcia
2022-05-01;Mazarrón;Torrevieja;154;Murcia
2022-05-01;Molina de Segura;Torrevieja;493;Murcia
2022-05-01;Mula;Torrevieja;81;Murcia
2022-05-01;Murcia;Torrevieja;4657;Murcia
2022-05-01;San Javier;Torrevieja;264;Murcia
2022-05-01;San Pedro del Pinatar;Torrevieja;226;Murcia
2022-05-01;Torre-Pacheco;Torrevieja;156;Murcia
2022-05-01;Torres de Cotillas, Las;Torrevieja;121;Murcia
2022-05-01;Unión, La;Torrevieja;69;Murcia
2022-05-01;Yecla;Torrevieja;156;Murcia
2022-05-01;Santomera;Torrevieja;127;Murcia
2022-05-01;Alcázares, Los;Torrevieja;128;Murcia
2022-05-01;Estella-Lizarra;Torrevieja;37;Navarra
2022-05-01;Pamplona/Iruña;Torrevieja;104;Navarra
2022-05-01;Gijón;Torrevieja;82;Asturias
2022-05-01;Oviedo;Torrevieja;40;Asturias
2022-05-01;Palencia;Torrevieja;49;Palencia
2022-05-01;Mogán;Torrevieja;31;Palmas, Las
2022-05-01;Palmas de Gran Canaria, Las;Torrevieja;34;Palmas, Las
2022-05-01;Salamanca;Torrevieja;59;Salamanca
2022-05-01;Espinar, El;Torrevieja;43;Segovia
2022-05-01;Segovia;Torrevieja;85;Segovia
2022-05-01;Sevilla;Torrevieja;83;Sevilla
2022-05-01;Bargas;Torrevieja;35;Toledo
2022-05-01;Illescas;Torrevieja;70;Toledo
2022-05-01;Ocaña;Torrevieja;37;Toledo
2022-05-01;Seseña;Torrevieja;86;Toledo
2022-05-01;Talavera de la Reina;Torrevieja;71;Toledo
2022-05-01;Toledo;Torrevieja;101;Toledo
2022-05-01;Ugena;Torrevieja;30;Toledo
2022-05-01;Alzira;Torrevieja;36;Valencia/València
2022-05-01;Gandia;Torrevieja;38;Valencia/València
2022-05-01;Xàtiva;Torrevieja;30;Valencia/València
2022-05-01;Paterna;Torrevieja;49;Valencia/València
2022-05-01;Sagunto/Sagunt;Torrevieja;31;Valencia/València
2022-05-01;Torrent;Torrevieja;54;Valencia/València
2022-05-01;València;Torrevieja;709;Valencia/València
2022-05-01;Valladolid;Torrevieja;203;Valladolid
2022-05-01;Barakaldo;Torrevieja;49;Bizkaia
2022-05-01;Bilbao;Torrevieja;165;Bizkaia
2022-05-01;Santurtzi;Torrevieja;33;Bizkaia
2022-05-01;Erandio;Torrevieja;54;Bizkaia
2022-05-01;Zaragoza;Torrevieja;150;Zaragoza
2022-06-01;Vitoria-Gasteiz;Torrevieja;350;Araba/Álava
2022-06-01;Albacete;Torrevieja;1902;Albacete
2022-06-01;Almansa;Torrevieja;52;Albacete
2022-06-01;Barrax;Torrevieja;48;Albacete
2022-06-01;Caudete;Torrevieja;42;Albacete
2022-06-01;Chinchilla de Monte-Aragón;Torrevieja;44;Albacete
2022-06-01;Hellín;Torrevieja;127;Albacete
2022-06-01;Roda, La;Torrevieja;55;Albacete
2022-06-01;Villarrobledo;Torrevieja;95;Albacete
2022-06-01;Pozo Cañada;Torrevieja;46;Albacete
2022-06-01;Adra;Torrevieja;47;Almería
2022-06-01;Almería;Torrevieja;84;Almería
2022-06-01;Huércal-Overa;Torrevieja;31;Almería
2022-06-01;Ávila;Torrevieja;67;Ávila
2022-06-01;Palma;Torrevieja;46;Balears, Illes
2022-06-01;Badalona;Torrevieja;34;Barcelona
2022-06-01;Barcelona;Torrevieja;266;Barcelona
2022-06-01;Hospitalet de Llobregat, L';Torrevieja;37;Barcelona
2022-06-01;Aranda de Duero;Torrevieja;39;Burgos
2022-06-01;Burgos;Torrevieja;200;Burgos
2022-06-01;Miranda de Ebro;Torrevieja;37;Burgos
2022-06-01;Cádiz;Torrevieja;55;Cádiz
2022-06-01;Jerez de la Frontera;Torrevieja;51;Cádiz
2022-06-01;Castelló de la Plana;Torrevieja;64;Castellón/Castelló
2022-06-01;Alcázar de San Juan;Torrevieja;99;Ciudad Real
2022-06-01;Almagro;Torrevieja;36;Ciudad Real
2022-06-01;Argamasilla de Alba;Torrevieja;57;Ciudad Real
2022-06-01;Ciudad Real;Torrevieja;169;Ciudad Real
2022-06-01;Herencia;Torrevieja;37;Ciudad Real
2022-06-01;Malagón;Torrevieja;30;Ciudad Real
2022-06-01;Manzanares;Torrevieja;54;Ciudad Real
2022-06-01;Miguelturra;Torrevieja;39;Ciudad Real
2022-06-01;Pedro Muñoz;Torrevieja;35;Ciudad Real
2022-06-01;Puertollano;Torrevieja;105;Ciudad Real
2022-06-01;Socuéllamos;Torrevieja;53;Ciudad Real
2022-06-01;Tomelloso;Torrevieja;82;Ciudad Real
2022-06-01;Valdepeñas;Torrevieja;66;Ciudad Real
2022-06-01;Córdoba;Torrevieja;48;Córdoba
2022-06-01;Coruña, A;Torrevieja;42;Coruña, A
2022-06-01;Cuenca;Torrevieja;62;Cuenca
2022-06-01;Mota del Cuervo;Torrevieja;63;Cuenca
2022-06-01;San Clemente;Torrevieja;48;Cuenca
2022-06-01;Baza;Torrevieja;38;Granada
2022-06-01;Granada;Torrevieja;82;Granada
2022-06-01;Azuqueca de Henares;Torrevieja;89;Guadalajara
2022-06-01;Casar, El;Torrevieja;31;Guadalajara
2022-06-01;Guadalajara;Torrevieja;147;Guadalajara
2022-06-01;Donostia/San Sebastián;Torrevieja;149;Gipuzkoa
2022-06-01;Linares;Torrevieja;31;Jaén
2022-06-01;León;Torrevieja;97;León
2022-06-01;San Andrés del Rabanedo;Torrevieja;41;León
2022-06-01;Logroño;Torrevieja;164;Rioja, La
2022-06-01;Alcalá de Henares;Torrevieja;594;Madrid
2022-06-01;Alcobendas;Torrevieja;251;Madrid
2022-06-01;Alcorcón;Torrevieja;557;Madrid
2022-06-01;Algete;Torrevieja;42;Madrid
2022-06-01;Aranjuez;Torrevieja;119;Madrid
2022-06-01;Arganda del Rey;Torrevieja;192;Madrid
2022-06-01;Arroyomolinos;Torrevieja;97;Madrid
2022-06-01;Boadilla del Monte;Torrevieja;54;Madrid
2022-06-01;Campo Real;Torrevieja;43;Madrid
2022-06-01;Ciempozuelos;Torrevieja;83;Madrid
2022-06-01;Colmenar Viejo;Torrevieja;145;Madrid
2022-06-01;Collado Villalba;Torrevieja;140;Madrid
2022-06-01;Coslada;Torrevieja;304;Madrid
2022-06-01;Daganzo de Arriba;Torrevieja;36;Madrid
2022-06-01;Escorial, El;Torrevieja;53;Madrid
2022-06-01;Fuenlabrada;Torrevieja;473;Madrid
2022-06-01;Fuente el Saz de Jarama;Torrevieja;30;Madrid
2022-06-01;Galapagar;Torrevieja;68;Madrid
2022-06-01;Getafe;Torrevieja;671;Madrid
2022-06-01;Guadarrama;Torrevieja;53;Madrid
2022-06-01;Hoyo de Manzanares;Torrevieja;42;Madrid
2022-06-01;Humanes de Madrid;Torrevieja;60;Madrid
2022-06-01;Leganés;Torrevieja;630;Madrid
2022-06-01;Loeches;Torrevieja;48;Madrid
2022-06-01;Madrid;Torrevieja;6867;Madrid
2022-06-01;Majadahonda;Torrevieja;76;Madrid
2022-06-01;Meco;Torrevieja;40;Madrid
2022-06-01;Mejorada del Campo;Torrevieja;93;Madrid
2022-06-01;Molar, El;Torrevieja;42;Madrid
2022-06-01;Moraleja de Enmedio;Torrevieja;30;Madrid
2022-06-01;Móstoles;Torrevieja;757;Madrid
2022-06-01;Navalcarnero;Torrevieja;85;Madrid
2022-06-01;Paracuellos de Jarama;Torrevieja;32;Madrid
2022-06-01;Parla;Torrevieja;387;Madrid
2022-06-01;Pinto;Torrevieja;165;Madrid
2022-06-01;Pozuelo de Alarcón;Torrevieja;87;Madrid
2022-06-01;Rivas-Vaciamadrid;Torrevieja;238;Madrid
2022-06-01;Rozas de Madrid, Las;Torrevieja;128;Madrid
2022-06-01;San Agustín del Guadalix;Torrevieja;40;Madrid
2022-06-01;San Fernando de Henares;Torrevieja;189;Madrid
2022-06-01;San Lorenzo de El Escorial;Torrevieja;48;Madrid
2022-06-01;San Martín de la Vega;Torrevieja;30;Madrid
2022-06-01;San Martín de Valdeiglesias;Torrevieja;43;Madrid
2022-06-01;San Sebastián de los Reyes;Torrevieja;276;Madrid
2022-06-01;Torrejón de Ardoz;Torrevieja;535;Madrid
2022-06-01;Torrejón de la Calzada;Torrevieja;37;Madrid
2022-06-01;Torres de la Alameda;Torrevieja;43;Madrid
2022-06-01;Valdemoro;Torrevieja;278;Madrid
2022-06-01;Velilla de San Antonio;Torrevieja;50;Madrid
2022-06-01;Villanueva de la Cañada;Torrevieja;33;Madrid
2022-06-01;Villaviciosa de Odón;Torrevieja;47;Madrid
2022-06-01;Tres Cantos;Torrevieja;72;Madrid
2022-06-01;Alhaurín el Grande;Torrevieja;40;Málaga
2022-06-01;Fuengirola;Torrevieja;36;Málaga
2022-06-01;Málaga;Torrevieja;78;Málaga
2022-06-01;Marbella;Torrevieja;66;Málaga
2022-06-01;Mijas;Torrevieja;46;Málaga
2022-06-01;Abanilla;Torrevieja;54;Murcia
2022-06-01;Abarán;Torrevieja;33;Murcia
2022-06-01;Águilas;Torrevieja;31;Murcia
2022-06-01;Alcantarilla;Torrevieja;257;Murcia
2022-06-01;Alguazas;Torrevieja;58;Murcia
2022-06-01;Alhama de Murcia;Torrevieja;46;Murcia
2022-06-01;Archena;Torrevieja;63;Murcia
2022-06-01;Beniel;Torrevieja;155;Murcia
2022-06-01;Blanca;Torrevieja;36;Murcia
2022-06-01;Bullas;Torrevieja;40;Murcia
2022-06-01;Calasparra;Torrevieja;38;Murcia
2022-06-01;Caravaca de la Cruz;Torrevieja;56;Murcia
2022-06-01;Cartagena;Torrevieja;782;Murcia
2022-06-01;Ceutí;Torrevieja;87;Murcia
2022-06-01;Cieza;Torrevieja;211;Murcia
2022-06-01;Fortuna;Torrevieja;122;Murcia
2022-06-01;Jumilla;Torrevieja;109;Murcia
2022-06-01;Librilla;Torrevieja;76;Murcia
2022-06-01;Lorca;Torrevieja;63;Murcia
2022-06-01;Lorquí;Torrevieja;53;Murcia
2022-06-01;Mazarrón;Torrevieja;110;Murcia
2022-06-01;Molina de Segura;Torrevieja;649;Murcia
2022-06-01;Mula;Torrevieja;121;Murcia
2022-06-01;Murcia;Torrevieja;6601;Murcia
2022-06-01;San Javier;Torrevieja;360;Murcia
2022-06-01;San Pedro del Pinatar;Torrevieja;234;Murcia
2022-06-01;Torre-Pacheco;Torrevieja;187;Murcia
2022-06-01;Torres de Cotillas, Las;Torrevieja;142;Murcia
2022-06-01;Unión, La;Torrevieja;44;Murcia
2022-06-01;Yecla;Torrevieja;233;Murcia
2022-06-01;Santomera;Torrevieja;209;Murcia
2022-06-01;Alcázares, Los;Torrevieja;136;Murcia
2022-06-01;Pamplona/Iruña;Torrevieja;139;Navarra
2022-06-01;Avilés;Torrevieja;33;Asturias
2022-06-01;Gijón;Torrevieja;146;Asturias
2022-06-01;Oviedo;Torrevieja;69;Asturias
2022-06-01;Palencia;Torrevieja;42;Palencia
2022-06-01;Palmas de Gran Canaria, Las;Torrevieja;38;Palmas, Las
2022-06-01;Salamanca;Torrevieja;108;Salamanca
2022-06-01;Villamayor;Torrevieja;30;Salamanca
2022-06-01;Santander;Torrevieja;45;Cantabria
2022-06-01;Torrelavega;Torrevieja;35;Cantabria
2022-06-01;Juarros de Voltoya;Torrevieja;38;Segovia
2022-06-01;Segovia;Torrevieja;87;Segovia
2022-06-01;Sevilla;Torrevieja;48;Sevilla
2022-06-01;Illescas;Torrevieja;85;Toledo
2022-06-01;Ocaña;Torrevieja;34;Toledo
2022-06-01;Quintanar de la Orden;Torrevieja;54;Toledo
2022-06-01;Seseña;Torrevieja;86;Toledo
2022-06-01;Talavera de la Reina;Torrevieja;94;Toledo
2022-06-01;Toledo;Torrevieja;174;Toledo
2022-06-01;Villacañas;Torrevieja;72;Toledo
2022-06-01;Viso de San Juan, El;Torrevieja;32;Toledo
2022-06-01;Yuncos;Torrevieja;30;Toledo
2022-06-01;Albalat de la Ribera;Torrevieja;36;Valencia/València
2022-06-01;Alzira;Torrevieja;37;Valencia/València
2022-06-01;Bétera;Torrevieja;35;Valencia/València
2022-06-01;Gandia;Torrevieja;49;Valencia/València
2022-06-01;Xàtiva;Torrevieja;44;Valencia/València
2022-06-01;Ontinyent;Torrevieja;37;Valencia/València
2022-06-01;Paterna;Torrevieja;64;Valencia/València
2022-06-01;Pobla de Vallbona, la;Torrevieja;40;Valencia/València
2022-06-01;Sagunto/Sagunt;Torrevieja;39;Valencia/València
2022-06-01;Torrent;Torrevieja;38;Valencia/València
2022-06-01;València;Torrevieja;769;Valencia/València
2022-06-01;Valladolid;Torrevieja;308;Valladolid
2022-06-01;Barakaldo;Torrevieja;49;Bizkaia
2022-06-01;Basauri;Torrevieja;30;Bizkaia
2022-06-01;Bilbao;Torrevieja;249;Bizkaia
2022-06-01;Getxo;Torrevieja;47;Bizkaia
2022-06-01;Santurtzi;Torrevieja;33;Bizkaia
2022-06-01;Zamora;Torrevieja;40;Zamora
2022-06-01;Zaragoza;Torrevieja;151;Zaragoza
2022-07-01;Vitoria-Gasteiz;Torrevieja;640;Araba/Álava
2022-07-01;Albacete;Torrevieja;2906;Albacete
2022-07-01;Alcaraz;Torrevieja;35;Albacete
2022-07-01;Almansa;Torrevieja;117;Albacete
2022-07-01;Barrax;Torrevieja;83;Albacete
2022-07-01;Caudete;Torrevieja;72;Albacete
2022-07-01;Chinchilla de Monte-Aragón;Torrevieja;51;Albacete
2022-07-01;Elche de la Sierra;Torrevieja;39;Albacete
2022-07-01;Hellín;Torrevieja;213;Albacete
2022-07-01;Madrigueras;Torrevieja;35;Albacete
2022-07-01;Roda, La;Torrevieja;113;Albacete
2022-07-01;Tobarra;Torrevieja;39;Albacete
2022-07-01;Villarrobledo;Torrevieja;239;Albacete
2022-07-01;Pozo Cañada;Torrevieja;67;Albacete
2022-07-01;Adra;Torrevieja;52;Almería
2022-07-01;Almería;Torrevieja;164;Almería
2022-07-01;Carboneras;Torrevieja;43;Almería
2022-07-01;Cuevas del Almanzora;Torrevieja;30;Almería
2022-07-01;Roquetas de Mar;Torrevieja;100;Almería
2022-07-01;Ejido, El;Torrevieja;36;Almería
2022-07-01;Ávila;Torrevieja;155;Ávila
2022-07-01;Badajoz;Torrevieja;45;Badajoz
2022-07-01;Cristina;Torrevieja;59;Badajoz
2022-07-01;Mérida;Torrevieja;37;Badajoz
2022-07-01;Palma;Torrevieja;74;Balears, Illes
2022-07-01;Badalona;Torrevieja;40;Barcelona
2022-07-01;Barcelona;Torrevieja;389;Barcelona
2022-07-01;Cornellà de Llobregat;Torrevieja;45;Barcelona
2022-07-01;Granollers;Torrevieja;65;Barcelona
2022-07-01;Hospitalet de Llobregat, L';Torrevieja;51;Barcelona
2022-07-01;Sabadell;Torrevieja;40;Barcelona
2022-07-01;Aranda de Duero;Torrevieja;85;Burgos
2022-07-01;Burgos;Torrevieja;586;Burgos
2022-07-01;Miranda de Ebro;Torrevieja;89;Burgos
2022-07-01;Cáceres;Torrevieja;63;Cáceres
2022-07-01;Pesga, La;Torrevieja;32;Cáceres
2022-07-01;Plasencia;Torrevieja;52;Cáceres
2022-07-01;Algeciras;Torrevieja;31;Cádiz
2022-07-01;Jerez de la Frontera;Torrevieja;33;Cádiz
2022-07-01;Castelló de la Plana;Torrevieja;85;Castellón/Castelló
2022-07-01;Alcázar de San Juan;Torrevieja;280;Ciudad Real
2022-07-01;Argamasilla de Alba;Torrevieja;82;Ciudad Real
2022-07-01;Argamasilla de Calatrava;Torrevieja;45;Ciudad Real
2022-07-01;Bolaños de Calatrava;Torrevieja;43;Ciudad Real
2022-07-01;Campo de Criptana;Torrevieja;64;Ciudad Real
2022-07-01;Ciudad Real;Torrevieja;395;Ciudad Real
2022-07-01;Daimiel;Torrevieja;67;Ciudad Real
2022-07-01;Herencia;Torrevieja;89;Ciudad Real
2022-07-01;Malagón;Torrevieja;40;Ciudad Real
2022-07-01;Manzanares;Torrevieja;108;Ciudad Real
2022-07-01;Membrilla;Torrevieja;44;Ciudad Real
2022-07-01;Miguelturra;Torrevieja;87;Ciudad Real
2022-07-01;Moral de Calatrava;Torrevieja;34;Ciudad Real
2022-07-01;Pedro Muñoz;Torrevieja;77;Ciudad Real
2022-07-01;Poblete;Torrevieja;32;Ciudad Real
2022-07-01;Puertollano;Torrevieja;276;Ciudad Real
2022-07-01;Socuéllamos;Torrevieja;76;Ciudad Real
2022-07-01;Solana, La;Torrevieja;61;Ciudad Real
2022-07-01;Terrinches;Torrevieja;37;Ciudad Real
2022-07-01;Tomelloso;Torrevieja;207;Ciudad Real
2022-07-01;Valdepeñas;Torrevieja;112;Ciudad Real
2022-07-01;Villanueva de los Infantes;Torrevieja;41;Ciudad Real
2022-07-01;Córdoba;Torrevieja;87;Córdoba
2022-07-01;Lucena;Torrevieja;30;Córdoba
2022-07-01;Coruña, A;Torrevieja;63;Coruña, A
2022-07-01;Santiago de Compostela;Torrevieja;49;Coruña, A
2022-07-01;Cuenca;Torrevieja;131;Cuenca
2022-07-01;Quintanar del Rey;Torrevieja;40;Cuenca
2022-07-01;San Clemente;Torrevieja;46;Cuenca
2022-07-01;Tarancón;Torrevieja;61;Cuenca
2022-07-01;Girona;Torrevieja;33;Girona
2022-07-01;Granada;Torrevieja;115;Granada
2022-07-01;Alovera;Torrevieja;121;Guadalajara
2022-07-01;Azuqueca de Henares;Torrevieja;307;Guadalajara
2022-07-01;Cabanillas del Campo;Torrevieja;41;Guadalajara
2022-07-01;Casar, El;Torrevieja;69;Guadalajara
2022-07-01;Chiloeches;Torrevieja;34;Guadalajara
2022-07-01;Guadalajara;Torrevieja;418;Guadalajara
2022-07-01;Horche;Torrevieja;74;Guadalajara
2022-07-01;Loranca de Tajuña;Torrevieja;38;Guadalajara
2022-07-01;Pioz;Torrevieja;48;Guadalajara
2022-07-01;Torrejón del Rey;Torrevieja;53;Guadalajara
2022-07-01;Villanueva de la Torre;Torrevieja;57;Guadalajara
2022-07-01;Yebes;Torrevieja;36;Guadalajara
2022-07-01;Irun;Torrevieja;47;Gipuzkoa
2022-07-01;Errenteria;Torrevieja;56;Gipuzkoa
2022-07-01;Donostia/San Sebastián;Torrevieja;250;Gipuzkoa
2022-07-01;Huesca;Torrevieja;31;Huesca
2022-07-01;Andújar;Torrevieja;39;Jaén
2022-07-01;Jaén;Torrevieja;54;Jaén
2022-07-01;Linares;Torrevieja;39;Jaén
2022-07-01;Santisteban del Puerto;Torrevieja;44;Jaén
2022-07-01;Úbeda;Torrevieja;33;Jaén
2022-07-01;León;Torrevieja;198;León
2022-07-01;Ponferrada;Torrevieja;34;León
2022-07-01;San Andrés del Rabanedo;Torrevieja;53;León
2022-07-01;Villaquilambre;Torrevieja;34;León
2022-07-01;Autol;Torrevieja;33;Rioja, La
2022-07-01;Logroño;Torrevieja;220;Rioja, La
2022-07-01;Lugo;Torrevieja;46;Lugo
2022-07-01;Álamo, El;Torrevieja;77;Madrid
2022-07-01;Alcalá de Henares;Torrevieja;1833;Madrid
2022-07-01;Alcobendas;Torrevieja;715;Madrid
2022-07-01;Alcorcón;Torrevieja;1778;Madrid
2022-07-01;Aldea del Fresno;Torrevieja;37;Madrid
2022-07-01;Algete;Torrevieja;140;Madrid
2022-07-01;Alpedrete;Torrevieja;59;Madrid
2022-07-01;Aranjuez;Torrevieja;502;Madrid
2022-07-01;Arganda del Rey;Torrevieja;586;Madrid
2022-07-01;Arroyomolinos;Torrevieja;316;Madrid
2022-07-01;Becerril de la Sierra;Torrevieja;36;Madrid
2022-07-01;Boadilla del Monte;Torrevieja;257;Madrid
2022-07-01;Brunete;Torrevieja;64;Madrid
2022-07-01;Camarma de Esteruelas;Torrevieja;107;Madrid
2022-07-01;Campo Real;Torrevieja;75;Madrid
2022-07-01;Carabaña;Torrevieja;84;Madrid
2022-07-01;Casarrubuelos;Torrevieja;46;Madrid
2022-07-01;Ciempozuelos;Torrevieja;274;Madrid
2022-07-01;Cobeña;Torrevieja;81;Madrid
2022-07-01;Colmenar de Oreja;Torrevieja;71;Madrid
2022-07-01;Colmenarejo;Torrevieja;38;Madrid
2022-07-01;Colmenar Viejo;Torrevieja;478;Madrid
2022-07-01;Collado Villalba;Torrevieja;348;Madrid
2022-07-01;Coslada;Torrevieja;785;Madrid
2022-07-01;Cubas de la Sagra;Torrevieja;68;Madrid
2022-07-01;Chinchón;Torrevieja;40;Madrid
2022-07-01;Daganzo de Arriba;Torrevieja;127;Madrid
2022-07-01;Escorial, El;Torrevieja;79;Madrid
2022-07-01;Fresno de Torote;Torrevieja;45;Madrid
2022-07-01;Fuenlabrada;Torrevieja;1598;Madrid
2022-07-01;Fuente el Saz de Jarama;Torrevieja;71;Madrid
2022-07-01;Galapagar;Torrevieja;111;Madrid
2022-07-01;Getafe;Torrevieja;1842;Madrid
2022-07-01;Griñón;Torrevieja;92;Madrid
2022-07-01;Guadalix de la Sierra;Torrevieja;40;Madrid
2022-07-01;Guadarrama;Torrevieja;141;Madrid
2022-07-01;Humanes de Madrid;Torrevieja;267;Madrid
2022-07-01;Leganés;Torrevieja;2023;Madrid
2022-07-01;Loeches;Torrevieja;92;Madrid
2022-07-01;Madrid;Torrevieja;19214;Madrid
2022-07-01;Majadahonda;Torrevieja;261;Madrid
2022-07-01;Manzanares el Real;Torrevieja;81;Madrid
2022-07-01;Meco;Torrevieja;169;Madrid
2022-07-01;Mejorada del Campo;Torrevieja;296;Madrid
2022-07-01;Molar, El;Torrevieja;76;Madrid
2022-07-01;Moraleja de Enmedio;Torrevieja;75;Madrid
2022-07-01;Moralzarzal;Torrevieja;74;Madrid
2022-07-01;Morata de Tajuña;Torrevieja;69;Madrid
2022-07-01;Móstoles;Torrevieja;2110;Madrid
2022-07-01;Navacerrada;Torrevieja;43;Madrid
2022-07-01;Navalcarnero;Torrevieja;269;Madrid
2022-07-01;Nuevo Baztán;Torrevieja;35;Madrid
2022-07-01;Paracuellos de Jarama;Torrevieja;141;Madrid
2022-07-01;Parla;Torrevieja;1316;Madrid
2022-07-01;Pedrezuela;Torrevieja;43;Madrid
2022-07-01;Pinto;Torrevieja;436;Madrid
2022-07-01;Pozuelo de Alarcón;Torrevieja;205;Madrid
2022-07-01;Pozuelo del Rey;Torrevieja;32;Madrid
2022-07-01;Rivas-Vaciamadrid;Torrevieja;749;Madrid
2022-07-01;Rozas de Madrid, Las;Torrevieja;298;Madrid
2022-07-01;San Agustín del Guadalix;Torrevieja;111;Madrid
2022-07-01;San Fernando de Henares;Torrevieja;438;Madrid
2022-07-01;San Lorenzo de El Escorial;Torrevieja;79;Madrid
2022-07-01;San Martín de la Vega;Torrevieja;113;Madrid
2022-07-01;San Martín de Valdeiglesias;Torrevieja;70;Madrid
2022-07-01;San Sebastián de los Reyes;Torrevieja;835;Madrid
2022-07-01;Santos de la Humosa, Los;Torrevieja;43;Madrid
2022-07-01;Serranillos del Valle;Torrevieja;54;Madrid
2022-07-01;Sevilla la Nueva;Torrevieja;47;Madrid
2022-07-01;Talamanca de Jarama;Torrevieja;32;Madrid
2022-07-01;Torrejón de Ardoz;Torrevieja;1237;Madrid
2022-07-01;Torrejón de la Calzada;Torrevieja;119;Madrid
2022-07-01;Torrejón de Velasco;Torrevieja;33;Madrid
2022-07-01;Torrelodones;Torrevieja;61;Madrid
2022-07-01;Torres de la Alameda;Torrevieja;79;Madrid
2022-07-01;Valdemorillo;Torrevieja;55;Madrid
2022-07-01;Valdemoro;Torrevieja;573;Madrid
2022-07-01;Valdetorres de Jarama;Torrevieja;35;Madrid
2022-07-01;Valdilecha;Torrevieja;46;Madrid
2022-07-01;Velilla de San Antonio;Torrevieja;135;Madrid
2022-07-01;Villaconejos;Torrevieja;43;Madrid
2022-07-01;Villa del Prado;Torrevieja;35;Madrid
2022-07-01;Villalbilla;Torrevieja;105;Madrid
2022-07-01;Villanueva de la Cañada;Torrevieja;65;Madrid
2022-07-01;Villanueva del Pardillo;Torrevieja;79;Madrid
2022-07-01;Villarejo de Salvanés;Torrevieja;41;Madrid
2022-07-01;Villaviciosa de Odón;Torrevieja;119;Madrid
2022-07-01;Tres Cantos;Torrevieja;151;Madrid
2022-07-01;Benalmádena;Torrevieja;33;Málaga
2022-07-01;Estepona;Torrevieja;41;Málaga
2022-07-01;Fuengirola;Torrevieja;54;Málaga
2022-07-01;Málaga;Torrevieja;143;Málaga
2022-07-01;Marbella;Torrevieja;73;Málaga
2022-07-01;Mijas;Torrevieja;41;Málaga
2022-07-01;Torremolinos;Torrevieja;32;Málaga
2022-07-01;Abanilla;Torrevieja;115;Murcia
2022-07-01;Abarán;Torrevieja;64;Murcia
2022-07-01;Águilas;Torrevieja;42;Murcia
2022-07-01;Alcantarilla;Torrevieja;402;Murcia
2022-07-01;Alguazas;Torrevieja;102;Murcia
2022-07-01;Alhama de Murcia;Torrevieja;64;Murcia
2022-07-01;Archena;Torrevieja;112;Murcia
2022-07-01;Beniel;Torrevieja;317;Murcia
2022-07-01;Blanca;Torrevieja;46;Murcia
2022-07-01;Bullas;Torrevieja;78;Murcia
2022-07-01;Calasparra;Torrevieja;39;Murcia
2022-07-01;Caravaca de la Cruz;Torrevieja;129;Murcia
2022-07-01;Cartagena;Torrevieja;1234;Murcia
2022-07-01;Cehegín;Torrevieja;50;Murcia
2022-07-01;Ceutí;Torrevieja;134;Murcia
2022-07-01;Cieza;Torrevieja;317;Murcia
2022-07-01;Fortuna;Torrevieja;205;Murcia
2022-07-01;Fuente Álamo de Murcia;Torrevieja;36;Murcia
2022-07-01;Jumilla;Torrevieja;226;Murcia
2022-07-01;Librilla;Torrevieja;79;Murcia
2022-07-01;Lorca;Torrevieja;139;Murcia
2022-07-01;Lorquí;Torrevieja;87;Murcia
2022-07-01;Mazarrón;Torrevieja;150;Murcia
2022-07-01;Molina de Segura;Torrevieja;1221;Murcia
2022-07-01;Moratalla;Torrevieja;30;Murcia
2022-07-01;Mula;Torrevieja;104;Murcia
2022-07-01;Murcia;Torrevieja;11706;Murcia
2022-07-01;Ricote;Torrevieja;38;Murcia
2022-07-01;San Javier;Torrevieja;553;Murcia
2022-07-01;San Pedro del Pinatar;Torrevieja;268;Murcia
2022-07-01;Torre-Pacheco;Torrevieja;264;Murcia
2022-07-01;Torres de Cotillas, Las;Torrevieja;288;Murcia
2022-07-01;Totana;Torrevieja;33;Murcia
2022-07-01;Unión, La;Torrevieja;45;Murcia
2022-07-01;Yecla;Torrevieja;283;Murcia
2022-07-01;Santomera;Torrevieja;425;Murcia
2022-07-01;Alcázares, Los;Torrevieja;203;Murcia
2022-07-01;Burlada/Burlata;Torrevieja;40;Navarra
2022-07-01;Valle de Egüés/Eguesibar;Torrevieja;44;Navarra
2022-07-01;Noáin (Valle de Elorz)/Noain (Elortzibar);Torrevieja;40;Navarra
2022-07-01;Estella-Lizarra;Torrevieja;52;Navarra
2022-07-01;Pamplona/Iruña;Torrevieja;414;Navarra
2022-07-01;Tudela;Torrevieja;33;Navarra
2022-07-01;Barañáin/Barañain;Torrevieja;31;Navarra
2022-07-01;Zizur Mayor/Zizur Nagusia;Torrevieja;39;Navarra
2022-07-01;Ourense;Torrevieja;44;Ourense
2022-07-01;Avilés;Torrevieja;74;Asturias
2022-07-01;Castrillón;Torrevieja;53;Asturias
2022-07-01;Gijón;Torrevieja;260;Asturias
2022-07-01;Gozón;Torrevieja;34;Asturias
2022-07-01;Langreo;Torrevieja;50;Asturias
2022-07-01;Llanes;Torrevieja;38;Asturias
2022-07-01;Mieres;Torrevieja;34;Asturias
2022-07-01;Oviedo;Torrevieja;156;Asturias
2022-07-01;Siero;Torrevieja;44;Asturias
2022-07-01;Palencia;Torrevieja;128;Palencia
2022-07-01;Palmas de Gran Canaria, Las;Torrevieja;43;Palmas, Las
2022-07-01;Vigo;Torrevieja;38;Pontevedra
2022-07-01;Carbajosa de la Sagrada;Torrevieja;40;Salamanca
2022-07-01;Salamanca;Torrevieja;284;Salamanca
2022-07-01;Castro-Urdiales;Torrevieja;39;Cantabria
2022-07-01;Santander;Torrevieja;76;Cantabria
2022-07-01;Torrelavega;Torrevieja;32;Cantabria
2022-07-01;Espinar, El;Torrevieja;43;Segovia
2022-07-01;Palazuelos de Eresma;Torrevieja;31;Segovia
2022-07-01;Segovia;Torrevieja;262;Segovia
2022-07-01;Sevilla;Torrevieja;88;Sevilla
2022-07-01;Tarragona;Torrevieja;38;Tarragona
2022-07-01;Teruel;Torrevieja;39;Teruel
2022-07-01;Añover de Tajo;Torrevieja;47;Toledo
2022-07-01;Argés;Torrevieja;44;Toledo
2022-07-01;Bargas;Torrevieja;69;Toledo
2022-07-01;Borox;Torrevieja;33;Toledo
2022-07-01;Camuñas;Torrevieja;31;Toledo
2022-07-01;Carranque;Torrevieja;39;Toledo
2022-07-01;Casarrubios del Monte;Torrevieja;82;Toledo
2022-07-01;Cedillo del Condado;Torrevieja;49;Toledo
2022-07-01;Cobeja;Torrevieja;30;Toledo
2022-07-01;Cobisa;Torrevieja;38;Toledo
2022-07-01;Consuegra;Torrevieja;52;Toledo
2022-07-01;Chozas de Canales;Torrevieja;32;Toledo
2022-07-01;Esquivias;Torrevieja;51;Toledo
2022-07-01;Fuensalida;Torrevieja;41;Toledo
2022-07-01;Guadamur;Torrevieja;30;Toledo
2022-07-01;Illescas;Torrevieja;316;Toledo
2022-07-01;Madridejos;Torrevieja;53;Toledo
2022-07-01;Méntrida;Torrevieja;83;Toledo
2022-07-01;Miguel Esteban;Torrevieja;36;Toledo
2022-07-01;Mocejón;Torrevieja;46;Toledo
2022-07-01;Mora;Torrevieja;51;Toledo
2022-07-01;Noblejas;Torrevieja;30;Toledo
2022-07-01;Novés;Torrevieja;40;Toledo
2022-07-01;Numancia de la Sagra;Torrevieja;46;Toledo
2022-07-01;Ocaña;Torrevieja;90;Toledo
2022-07-01;Olías del Rey;Torrevieja;53;Toledo
2022-07-01;Ontígola;Torrevieja;36;Toledo
2022-07-01;Puebla de Almoradiel, La;Torrevieja;60;Toledo
2022-07-01;Quintanar de la Orden;Torrevieja;79;Toledo
2022-07-01;Recas;Torrevieja;41;Toledo
2022-07-01;Santa Cruz de la Zarza;Torrevieja;46;Toledo
2022-07-01;Seseña;Torrevieja;239;Toledo
2022-07-01;Sonseca;Torrevieja;48;Toledo
2022-07-01;Talavera de la Reina;Torrevieja;268;Toledo
2022-07-01;Toledo;Torrevieja;398;Toledo
2022-07-01;Torrijos;Torrevieja;53;Toledo
2022-07-01;Ugena;Torrevieja;83;Toledo
2022-07-01;Ventas de Retamosa, Las;Torrevieja;35;Toledo
2022-07-01;Villacañas;Torrevieja;85;Toledo
2022-07-01;Villa de Don Fadrique, La;Torrevieja;43;Toledo
2022-07-01;Villafranca de los Caballeros;Torrevieja;31;Toledo
2022-07-01;Villaluenga de la Sagra;Torrevieja;34;Toledo
2022-07-01;Villarrubia de Santiago;Torrevieja;35;Toledo
2022-07-01;Villasequilla;Torrevieja;36;Toledo
2022-07-01;Villatobas;Torrevieja;36;Toledo
2022-07-01;Viso de San Juan, El;Torrevieja;37;Toledo
2022-07-01;Yeles;Torrevieja;53;Toledo
2022-07-01;Yepes;Torrevieja;73;Toledo
2022-07-01;Yuncler;Torrevieja;39;Toledo
2022-07-01;Yuncos;Torrevieja;96;Toledo
2022-07-01;Albal;Torrevieja;39;Valencia/València
2022-07-01;Alzira;Torrevieja;41;Valencia/València
2022-07-01;Burjassot;Torrevieja;45;Valencia/València
2022-07-01;Catarroja;Torrevieja;36;Valencia/València
2022-07-01;Xirivella;Torrevieja;33;Valencia/València
2022-07-01;Enguera;Torrevieja;33;Valencia/València
2022-07-01;Gandia;Torrevieja;65;Valencia/València
2022-07-01;Xàtiva;Torrevieja;41;Valencia/València
2022-07-01;Massamagrell;Torrevieja;35;Valencia/València
2022-07-01;Mislata;Torrevieja;38;Valencia/València
2022-07-01;Navarrés;Torrevieja;31;Valencia/València
2022-07-01;Ontinyent;Torrevieja;58;Valencia/València
2022-07-01;Paiporta;Torrevieja;31;Valencia/València
2022-07-01;Paterna;Torrevieja;86;Valencia/València
2022-07-01;Requena;Torrevieja;43;Valencia/València
2022-07-01;Sagunto/Sagunt;Torrevieja;48;Valencia/València
2022-07-01;Torrent;Torrevieja;69;Valencia/València
2022-07-01;València;Torrevieja;1040;Valencia/València
2022-07-01;Arroyo de la Encomienda;Torrevieja;65;Valladolid
2022-07-01;Cistérniga;Torrevieja;32;Valladolid
2022-07-01;Laguna de Duero;Torrevieja;101;Valladolid
2022-07-01;Medina del Campo;Torrevieja;59;Valladolid
2022-07-01;Valladolid;Torrevieja;912;Valladolid
2022-07-01;Abadiño;Torrevieja;35;Bizkaia
2022-07-01;Barakaldo;Torrevieja;134;Bizkaia
2022-07-01;Basauri;Torrevieja;78;Bizkaia
2022-07-01;Bermeo;Torrevieja;38;Bizkaia
2022-07-01;Bilbao;Torrevieja;612;Bizkaia
2022-07-01;Durango;Torrevieja;56;Bizkaia
2022-07-01;Elorrio;Torrevieja;52;Bizkaia
2022-07-01;Ermua;Torrevieja;36;Bizkaia
2022-07-01;Galdakao;Torrevieja;49;Bizkaia
2022-07-01;Getxo;Torrevieja;68;Bizkaia
2022-07-01;Leioa;Torrevieja;51;Bizkaia
2022-07-01;Portugalete;Torrevieja;61;Bizkaia
2022-07-01;Valle de Trápaga-Trapagaran;Torrevieja;45;Bizkaia
2022-07-01;Santurtzi;Torrevieja;76;Bizkaia
2022-07-01;Sestao;Torrevieja;45;Bizkaia
2022-07-01;Derio;Torrevieja;34;Bizkaia
2022-07-01;Erandio;Torrevieja;38;Bizkaia
2022-07-01;Iurreta;Torrevieja;45;Bizkaia
2022-07-01;Benavente;Torrevieja;66;Zamora
2022-07-01;Zamora;Torrevieja;84;Zamora
2022-07-01;Zaragoza;Torrevieja;380;Zaragoza
2022-07-01;Melilla;Torrevieja;41;Melilla
2022-08-01;Alegría-Dulantzi;Torrevieja;44;Araba/Álava
2022-08-01;Asparrena;Torrevieja;44;Araba/Álava
2022-08-01;Laudio/Llodio;Torrevieja;60;Araba/Álava
2022-08-01;Vitoria-Gasteiz;Torrevieja;1230;Araba/Álava
2022-08-01;Albacete;Torrevieja;2903;Albacete
2022-08-01;Almansa;Torrevieja;129;Albacete
2022-08-01;Barrax;Torrevieja;70;Albacete
2022-08-01;Casas-Ibáñez;Torrevieja;31;Albacete
2022-08-01;Caudete;Torrevieja;69;Albacete
2022-08-01;Chinchilla de Monte-Aragón;Torrevieja;79;Albacete
2022-08-01;Gineta, La;Torrevieja;38;Albacete
2022-08-01;Hellín;Torrevieja;247;Albacete
2022-08-01;Madrigueras;Torrevieja;32;Albacete
2022-08-01;Montealegre del Castillo;Torrevieja;35;Albacete
2022-08-01;Munera;Torrevieja;36;Albacete
2022-08-01;Roda, La;Torrevieja;102;Albacete
2022-08-01;Tobarra;Torrevieja;57;Albacete
2022-08-01;Villamalea;Torrevieja;70;Albacete
2022-08-01;Villarrobledo;Torrevieja;164;Albacete
2022-08-01;Pozo Cañada;Torrevieja;56;Albacete
2022-08-01;Almería;Torrevieja;119;Almería
2022-08-01;Carboneras;Torrevieja;44;Almería
2022-08-01;Roquetas de Mar;Torrevieja;104;Almería
2022-08-01;Vera;Torrevieja;31;Almería
2022-08-01;Arévalo;Torrevieja;39;Ávila
2022-08-01;Ávila;Torrevieja;199;Ávila
2022-08-01;Badajoz;Torrevieja;65;Badajoz
2022-08-01;Mérida;Torrevieja;36;Badajoz
2022-08-01;Montijo;Torrevieja;37;Badajoz
2022-08-01;Eivissa;Torrevieja;42;Balears, Illes
2022-08-01;Palma;Torrevieja;83;Balears, Illes
2022-08-01;Badalona;Torrevieja;66;Barcelona
2022-08-01;Barcelona;Torrevieja;527;Barcelona
2022-08-01;Castellar del Vallès;Torrevieja;35;Barcelona
2022-08-01;Cornellà de Llobregat;Torrevieja;35;Barcelona
2022-08-01;Hospitalet de Llobregat, L';Torrevieja;85;Barcelona
2022-08-01;Montcada i Reixac;Torrevieja;39;Barcelona
2022-08-01;Rubí;Torrevieja;35;Barcelona
2022-08-01;Sabadell;Torrevieja;66;Barcelona
2022-08-01;Sant Boi de Llobregat;Torrevieja;59;Barcelona
2022-08-01;Santa Coloma de Gramenet;Torrevieja;40;Barcelona
2022-08-01;Terrassa;Torrevieja;88;Barcelona
2022-08-01;Viladecans;Torrevieja;32;Barcelona
2022-08-01;Vilanova i la Geltrú;Torrevieja;37;Barcelona
2022-08-01;Aranda de Duero;Torrevieja;74;Burgos
2022-08-01;Briviesca;Torrevieja;30;Burgos
2022-08-01;Burgos;Torrevieja;644;Burgos
2022-08-01;Condado de Treviño;Torrevieja;39;Burgos
2022-08-01;Miranda de Ebro;Torrevieja;136;Burgos
2022-08-01;Salas de los Infantes;Torrevieja;54;Burgos
2022-08-01;Cáceres;Torrevieja;76;Cáceres
2022-08-01;Plasencia;Torrevieja;57;Cáceres
2022-08-01;Borriana/Burriana;Torrevieja;47;Castellón/Castelló
2022-08-01;Castelló de la Plana;Torrevieja;83;Castellón/Castelló
2022-08-01;Onda;Torrevieja;33;Castellón/Castelló
2022-08-01;Peníscola/Peñíscola;Torrevieja;31;Castellón/Castelló
2022-08-01;Vila-real;Torrevieja;30;Castellón/Castelló
2022-08-01;Alcázar de San Juan;Torrevieja;248;Ciudad Real
2022-08-01;Almagro;Torrevieja;67;Ciudad Real
2022-08-01;Almodóvar del Campo;Torrevieja;42;Ciudad Real
2022-08-01;Argamasilla de Alba;Torrevieja;106;Ciudad Real
2022-08-01;Argamasilla de Calatrava;Torrevieja;57;Ciudad Real
2022-08-01;Bolaños de Calatrava;Torrevieja;69;Ciudad Real
2022-08-01;Campo de Criptana;Torrevieja;79;Ciudad Real
2022-08-01;Carrión de Calatrava;Torrevieja;32;Ciudad Real
2022-08-01;Carrizosa;Torrevieja;48;Ciudad Real
2022-08-01;Ciudad Real;Torrevieja;514;Ciudad Real
2022-08-01;Daimiel;Torrevieja;58;Ciudad Real
2022-08-01;Herencia;Torrevieja;75;Ciudad Real
2022-08-01;Malagón;Torrevieja;54;Ciudad Real
2022-08-01;Manzanares;Torrevieja;94;Ciudad Real
2022-08-01;Miguelturra;Torrevieja;103;Ciudad Real
2022-08-01;Moral de Calatrava;Torrevieja;30;Ciudad Real
2022-08-01;Pedro Muñoz;Torrevieja;78;Ciudad Real
2022-08-01;Poblete;Torrevieja;66;Ciudad Real
2022-08-01;Pozuelo de Calatrava;Torrevieja;45;Ciudad Real
2022-08-01;Puertollano;Torrevieja;284;Ciudad Real
2022-08-01;Socuéllamos;Torrevieja;83;Ciudad Real
2022-08-01;Solana, La;Torrevieja;64;Ciudad Real
2022-08-01;Tomelloso;Torrevieja;262;Ciudad Real
2022-08-01;Torralba de Calatrava;Torrevieja;31;Ciudad Real
2022-08-01;Torrenueva;Torrevieja;44;Ciudad Real
2022-08-01;Valdepeñas;Torrevieja;125;Ciudad Real
2022-08-01;Villarrubia de los Ojos;Torrevieja;46;Ciudad Real
2022-08-01;Almodóvar del Río;Torrevieja;45;Córdoba
2022-08-01;Córdoba;Torrevieja;154;Córdoba
2022-08-01;Coruña, A;Torrevieja;78;Coruña, A
2022-08-01;Santiago de Compostela;Torrevieja;40;Coruña, A
2022-08-01;Barajas de Melo;Torrevieja;51;Cuenca
2022-08-01;Cuenca;Torrevieja;131;Cuenca
2022-08-01;Mesas, Las;Torrevieja;31;Cuenca
2022-08-01;Mota del Cuervo;Torrevieja;34;Cuenca
2022-08-01;Quintanar del Rey;Torrevieja;35;Cuenca
2022-08-01;San Clemente;Torrevieja;60;Cuenca
2022-08-01;Tarancón;Torrevieja;73;Cuenca
2022-08-01;Villamayor de Santiago;Torrevieja;35;Cuenca
2022-08-01;Blanes;Torrevieja;45;Girona
2022-08-01;Girona;Torrevieja;41;Girona
2022-08-01;Baza;Torrevieja;32;Granada
2022-08-01;Granada;Torrevieja;132;Granada
2022-08-01;Zubia, La;Torrevieja;33;Granada
2022-08-01;Alovera;Torrevieja;119;Guadalajara
2022-08-01;Azuqueca de Henares;Torrevieja;304;Guadalajara
2022-08-01;Cabanillas del Campo;Torrevieja;43;Guadalajara
2022-08-01;Casar, El;Torrevieja;138;Guadalajara
2022-08-01;Chiloeches;Torrevieja;67;Guadalajara
2022-08-01;Guadalajara;Torrevieja;389;Guadalajara
2022-08-01;Horche;Torrevieja;79;Guadalajara
2022-08-01;Loranca de Tajuña;Torrevieja;45;Guadalajara
2022-08-01;Marchamalo;Torrevieja;45;Guadalajara
2022-08-01;Mondéjar;Torrevieja;40;Guadalajara
2022-08-01;Pioz;Torrevieja;80;Guadalajara
2022-08-01;Torrejón del Rey;Torrevieja;55;Guadalajara
2022-08-01;Trillo;Torrevieja;31;Guadalajara
2022-08-01;Uceda;Torrevieja;43;Guadalajara
2022-08-01;Villanueva de la Torre;Torrevieja;51;Guadalajara
2022-08-01;Yebes;Torrevieja;36;Guadalajara
2022-08-01;Andoain;Torrevieja;45;Gipuzkoa
2022-08-01;Aretxabaleta;Torrevieja;47;Gipuzkoa
2022-08-01;Beasain;Torrevieja;38;Gipuzkoa
2022-08-01;Eibar;Torrevieja;87;Gipuzkoa
2022-08-01;Elgoibar;Torrevieja;35;Gipuzkoa
2022-08-01;Hondarribia;Torrevieja;36;Gipuzkoa
2022-08-01;Irun;Torrevieja;63;Gipuzkoa
2022-08-01;Lazkao;Torrevieja;37;Gipuzkoa
2022-08-01;Arrasate/Mondragón;Torrevieja;39;Gipuzkoa
2022-08-01;Oñati;Torrevieja;31;Gipuzkoa
2022-08-01;Oiartzun;Torrevieja;63;Gipuzkoa
2022-08-01;Pasaia;Torrevieja;52;Gipuzkoa
2022-08-01;Errenteria;Torrevieja;109;Gipuzkoa
2022-08-01;Donostia/San Sebastián;Torrevieja;267;Gipuzkoa
2022-08-01;Lasarte-Oria;Torrevieja;31;Gipuzkoa
2022-08-01;Huesca;Torrevieja;30;Huesca
2022-08-01;Jaca;Torrevieja;32;Huesca
2022-08-01;Andújar;Torrevieja;32;Jaén
2022-08-01;Jaén;Torrevieja;60;Jaén
2022-08-01;Linares;Torrevieja;55;Jaén
2022-08-01;Santisteban del Puerto;Torrevieja;30;Jaén
2022-08-01;Úbeda;Torrevieja;35;Jaén
2022-08-01;León;Torrevieja;174;León
2022-08-01;Ponferrada;Torrevieja;49;León
2022-08-01;San Andrés del Rabanedo;Torrevieja;60;León
2022-08-01;Villaquilambre;Torrevieja;47;León
2022-08-01;Lleida;Torrevieja;32;Lleida
2022-08-01;Calahorra;Torrevieja;50;Rioja, La
2022-08-01;Lardero;Torrevieja;30;Rioja, La
2022-08-01;Logroño;Torrevieja;303;Rioja, La
2022-08-01;Nájera;Torrevieja;32;Rioja, La
2022-08-01;Villamediana de Iregua;Torrevieja;30;Rioja, La
2022-08-01;Lugo;Torrevieja;73;Lugo
2022-08-01;Ajalvir;Torrevieja;55;Madrid
2022-08-01;Álamo, El;Torrevieja;131;Madrid
2022-08-01;Alcalá de Henares;Torrevieja;2350;Madrid
2022-08-01;Alcobendas;Torrevieja;1069;Madrid
2022-08-01;Alcorcón;Torrevieja;2266;Madrid
2022-08-01;Algete;Torrevieja;211;Madrid
2022-08-01;Alpedrete;Torrevieja;78;Madrid
2022-08-01;Aranjuez;Torrevieja;599;Madrid
2022-08-01;Arganda del Rey;Torrevieja;707;Madrid
2022-08-01;Arroyomolinos;Torrevieja;430;Madrid
2022-08-01;Becerril de la Sierra;Torrevieja;41;Madrid
2022-08-01;Boadilla del Monte;Torrevieja;295;Madrid
2022-08-01;Boalo, El;Torrevieja;44;Madrid
2022-08-01;Brunete;Torrevieja;114;Madrid
2022-08-01;Cadalso de los Vidrios;Torrevieja;31;Madrid
2022-08-01;Camarma de Esteruelas;Torrevieja;115;Madrid
2022-08-01;Campo Real;Torrevieja;79;Madrid
2022-08-01;Casarrubuelos;Torrevieja;64;Madrid
2022-08-01;Cercedilla;Torrevieja;39;Madrid
2022-08-01;Ciempozuelos;Torrevieja;301;Madrid
2022-08-01;Cobeña;Torrevieja;80;Madrid
2022-08-01;Colmenar de Oreja;Torrevieja;81;Madrid
2022-08-01;Colmenarejo;Torrevieja;53;Madrid
2022-08-01;Colmenar Viejo;Torrevieja;561;Madrid
2022-08-01;Collado Villalba;Torrevieja;559;Madrid
2022-08-01;Coslada;Torrevieja;1040;Madrid
2022-08-01;Cubas de la Sagra;Torrevieja;82;Madrid
2022-08-01;Chapinería;Torrevieja;38;Madrid
2022-08-01;Chinchón;Torrevieja;53;Madrid
2022-08-01;Daganzo de Arriba;Torrevieja;153;Madrid
2022-08-01;Escorial, El;Torrevieja;81;Madrid
2022-08-01;Fuenlabrada;Torrevieja;2347;Madrid
2022-08-01;Fuente el Saz de Jarama;Torrevieja;86;Madrid
2022-08-01;Fuentidueña de Tajo;Torrevieja;45;Madrid
2022-08-01;Galapagar;Torrevieja;141;Madrid
2022-08-01;Getafe;Torrevieja;2575;Madrid
2022-08-01;Griñón;Torrevieja;159;Madrid
2022-08-01;Guadalix de la Sierra;Torrevieja;67;Madrid
2022-08-01;Guadarrama;Torrevieja;135;Madrid
2022-08-01;Hoyo de Manzanares;Torrevieja;36;Madrid
2022-08-01;Humanes de Madrid;Torrevieja;343;Madrid
2022-08-01;Leganés;Torrevieja;2569;Madrid
2022-08-01;Loeches;Torrevieja;158;Madrid
2022-08-01;Madrid;Torrevieja;23473;Madrid
2022-08-01;Majadahonda;Torrevieja;269;Madrid
2022-08-01;Manzanares el Real;Torrevieja;46;Madrid
2022-08-01;Meco;Torrevieja;163;Madrid
2022-08-01;Mejorada del Campo;Torrevieja;359;Madrid
2022-08-01;Miraflores de la Sierra;Torrevieja;32;Madrid
2022-08-01;Molar, El;Torrevieja;112;Madrid
2022-08-01;Moraleja de Enmedio;Torrevieja;94;Madrid
2022-08-01;Moralzarzal;Torrevieja;85;Madrid
2022-08-01;Morata de Tajuña;Torrevieja;67;Madrid
2022-08-01;Móstoles;Torrevieja;2716;Madrid
2022-08-01;Navalcarnero;Torrevieja;463;Madrid
2022-08-01;Navas del Rey;Torrevieja;47;Madrid
2022-08-01;Nuevo Baztán;Torrevieja;56;Madrid
2022-08-01;Paracuellos de Jarama;Torrevieja;179;Madrid
2022-08-01;Parla;Torrevieja;1880;Madrid
2022-08-01;Pedrezuela;Torrevieja;51;Madrid
2022-08-01;Perales de Tajuña;Torrevieja;40;Madrid
2022-08-01;Pinto;Torrevieja;573;Madrid
2022-08-01;Pozuelo de Alarcón;Torrevieja;224;Madrid
2022-08-01;Quijorna;Torrevieja;52;Madrid
2022-08-01;Rivas-Vaciamadrid;Torrevieja;864;Madrid
2022-08-01;Rozas de Madrid, Las;Torrevieja;426;Madrid
2022-08-01;San Agustín del Guadalix;Torrevieja;133;Madrid
2022-08-01;San Fernando de Henares;Torrevieja;587;Madrid
2022-08-01;San Lorenzo de El Escorial;Torrevieja;74;Madrid
2022-08-01;San Martín de la Vega;Torrevieja;151;Madrid
2022-08-01;San Martín de Valdeiglesias;Torrevieja;52;Madrid
2022-08-01;San Sebastián de los Reyes;Torrevieja;1088;Madrid
2022-08-01;Santos de la Humosa, Los;Torrevieja;35;Madrid
2022-08-01;Serranillos del Valle;Torrevieja;68;Madrid
2022-08-01;Sevilla la Nueva;Torrevieja;75;Madrid
2022-08-01;Soto del Real;Torrevieja;58;Madrid
2022-08-01;Talamanca de Jarama;Torrevieja;43;Madrid
2022-08-01;Tielmes;Torrevieja;37;Madrid
2022-08-01;Torrejón de Ardoz;Torrevieja;1647;Madrid
2022-08-01;Torrejón de la Calzada;Torrevieja;118;Madrid
2022-08-01;Torrejón de Velasco;Torrevieja;67;Madrid
2022-08-01;Torrelaguna;Torrevieja;47;Madrid
2022-08-01;Torrelodones;Torrevieja;74;Madrid
2022-08-01;Torres de la Alameda;Torrevieja;82;Madrid
2022-08-01;Valdemorillo;Torrevieja;85;Madrid
2022-08-01;Valdemoro;Torrevieja;863;Madrid
2022-08-01;Valdetorres de Jarama;Torrevieja;51;Madrid
2022-08-01;Valdilecha;Torrevieja;46;Madrid
2022-08-01;Velilla de San Antonio;Torrevieja;132;Madrid
2022-08-01;Villaconejos;Torrevieja;36;Madrid
2022-08-01;Villa del Prado;Torrevieja;56;Madrid
2022-08-01;Villalbilla;Torrevieja;118;Madrid
2022-08-01;Villamanta;Torrevieja;45;Madrid
2022-08-01;Villanueva de la Cañada;Torrevieja;76;Madrid
2022-08-01;Villanueva del Pardillo;Torrevieja;132;Madrid
2022-08-01;Villar del Olmo;Torrevieja;30;Madrid
2022-08-01;Villarejo de Salvanés;Torrevieja;61;Madrid
2022-08-01;Villaviciosa de Odón;Torrevieja;135;Madrid
2022-08-01;Tres Cantos;Torrevieja;223;Madrid
2022-08-01;Benalmádena;Torrevieja;44;Málaga
2022-08-01;Fuengirola;Torrevieja;34;Málaga
2022-08-01;Málaga;Torrevieja;166;Málaga
2022-08-01;Marbella;Torrevieja;58;Málaga
2022-08-01;Mijas;Torrevieja;37;Málaga
2022-08-01;Ronda;Torrevieja;39;Málaga
2022-08-01;Abanilla;Torrevieja;110;Murcia
2022-08-01;Abarán;Torrevieja;137;Murcia
2022-08-01;Águilas;Torrevieja;84;Murcia
2022-08-01;Alcantarilla;Torrevieja;321;Murcia
2022-08-01;Alguazas;Torrevieja;125;Murcia
2022-08-01;Alhama de Murcia;Torrevieja;91;Murcia
2022-08-01;Archena;Torrevieja;147;Murcia
2022-08-01;Beniel;Torrevieja;328;Murcia
2022-08-01;Blanca;Torrevieja;56;Murcia
2022-08-01;Bullas;Torrevieja;96;Murcia
2022-08-01;Calasparra;Torrevieja;41;Murcia
2022-08-01;Caravaca de la Cruz;Torrevieja;117;Murcia
2022-08-01;Cartagena;Torrevieja;1122;Murcia
2022-08-01;Cehegín;Torrevieja;70;Murcia
2022-08-01;Ceutí;Torrevieja;160;Murcia
2022-08-01;Cieza;Torrevieja;366;Murcia
2022-08-01;Fortuna;Torrevieja;175;Murcia
2022-08-01;Fuente Álamo de Murcia;Torrevieja;40;Murcia
2022-08-01;Jumilla;Torrevieja;181;Murcia
2022-08-01;Librilla;Torrevieja;39;Murcia
2022-08-01;Lorca;Torrevieja;125;Murcia
2022-08-01;Lorquí;Torrevieja;87;Murcia
2022-08-01;Mazarrón;Torrevieja;141;Murcia
2022-08-01;Molina de Segura;Torrevieja;1122;Murcia
2022-08-01;Mula;Torrevieja;155;Murcia
2022-08-01;Murcia;Torrevieja;10960;Murcia
2022-08-01;San Javier;Torrevieja;497;Murcia
2022-08-01;San Pedro del Pinatar;Torrevieja;317;Murcia
2022-08-01;Torre-Pacheco;Torrevieja;299;Murcia
2022-08-01;Torres de Cotillas, Las;Torrevieja;239;Murcia
2022-08-01;Totana;Torrevieja;34;Murcia
2022-08-01;Unión, La;Torrevieja;36;Murcia
2022-08-01;Yecla;Torrevieja;423;Murcia
2022-08-01;Santomera;Torrevieja;401;Murcia
2022-08-01;Alcázares, Los;Torrevieja;269;Murcia
2022-08-01;Burlada/Burlata;Torrevieja;42;Navarra
2022-08-01;Corella;Torrevieja;30;Navarra
2022-08-01;Valle de Egüés/Eguesibar;Torrevieja;39;Navarra
2022-08-01;Estella-Lizarra;Torrevieja;35;Navarra
2022-08-01;Pamplona/Iruña;Torrevieja;361;Navarra
2022-08-01;Tudela;Torrevieja;39;Navarra
2022-08-01;Viana;Torrevieja;35;Navarra
2022-08-01;Barañáin/Barañain;Torrevieja;32;Navarra
2022-08-01;Berriozar;Torrevieja;62;Navarra
2022-08-01;Ourense;Torrevieja;53;Ourense
2022-08-01;Avilés;Torrevieja;73;Asturias
2022-08-01;Castrillón;Torrevieja;45;Asturias
2022-08-01;Gijón;Torrevieja;274;Asturias
2022-08-01;Grado;Torrevieja;33;Asturias
2022-08-01;Langreo;Torrevieja;49;Asturias
2022-08-01;Laviana;Torrevieja;30;Asturias
2022-08-01;Lena;Torrevieja;35;Asturias
2022-08-01;Llanera;Torrevieja;33;Asturias
2022-08-01;Mieres;Torrevieja;39;Asturias
2022-08-01;Oviedo;Torrevieja;229;Asturias
2022-08-01;Siero;Torrevieja;56;Asturias
2022-08-01;Palencia;Torrevieja;168;Palencia
2022-08-01;Palmas de Gran Canaria, Las;Torrevieja;40;Palmas, Las
2022-08-01;Pontevedra;Torrevieja;30;Pontevedra
2022-08-01;Vigo;Torrevieja;68;Pontevedra
2022-08-01;Salamanca;Torrevieja;315;Salamanca
2022-08-01;Santa Marta de Tormes;Torrevieja;35;Salamanca
2022-08-01;Santa Cruz de Tenerife;Torrevieja;36;Santa Cruz de Tenerife
2022-08-01;Castro-Urdiales;Torrevieja;79;Cantabria
2022-08-01;Santander;Torrevieja;79;Cantabria
2022-08-01;Cuéllar;Torrevieja;45;Segovia
2022-08-01;Espinar, El;Torrevieja;73;Segovia
2022-08-01;Lastrilla, La;Torrevieja;41;Segovia
2022-08-01;Palazuelos de Eresma;Torrevieja;37;Segovia
2022-08-01;Segovia;Torrevieja;258;Segovia
2022-08-01;Sevilla;Torrevieja;131;Sevilla
2022-08-01;Salou;Torrevieja;49;Tarragona
2022-08-01;Teruel;Torrevieja;45;Teruel
2022-08-01;Alameda de la Sagra;Torrevieja;38;Toledo
2022-08-01;Argés;Torrevieja;40;Toledo
2022-08-01;Bargas;Torrevieja;87;Toledo
2022-08-01;Borox;Torrevieja;53;Toledo
2022-08-01;Calera y Chozas;Torrevieja;52;Toledo
2022-08-01;Camarena;Torrevieja;36;Toledo
2022-08-01;Carranque;Torrevieja;87;Toledo
2022-08-01;Casar de Escalona, El;Torrevieja;48;Toledo
2022-08-01;Casarrubios del Monte;Torrevieja;94;Toledo
2022-08-01;Cedillo del Condado;Torrevieja;49;Toledo
2022-08-01;Cobeja;Torrevieja;64;Toledo
2022-08-01;Cobisa;Torrevieja;36;Toledo
2022-08-01;Consuegra;Torrevieja;44;Toledo
2022-08-01;Corral de Almaguer;Torrevieja;30;Toledo
2022-08-01;Chozas de Canales;Torrevieja;41;Toledo
2022-08-01;Escalona;Torrevieja;33;Toledo
2022-08-01;Esquivias;Torrevieja;65;Toledo
2022-08-01;Fuensalida;Torrevieja;75;Toledo
2022-08-01;Guardia, La;Torrevieja;30;Toledo
2022-08-01;Huerta de Valdecarábanos;Torrevieja;30;Toledo
2022-08-01;Illescas;Torrevieja;421;Toledo
2022-08-01;Madridejos;Torrevieja;63;Toledo
2022-08-01;Magán;Torrevieja;32;Toledo
2022-08-01;Méntrida;Torrevieja;79;Toledo
2022-08-01;Miguel Esteban;Torrevieja;34;Toledo
2022-08-01;Mora;Torrevieja;73;Toledo
2022-08-01;Nambroca;Torrevieja;78;Toledo
2022-08-01;Noblejas;Torrevieja;36;Toledo
2022-08-01;Novés;Torrevieja;31;Toledo
2022-08-01;Numancia de la Sagra;Torrevieja;62;Toledo
2022-08-01;Ocaña;Torrevieja;112;Toledo
2022-08-01;Olías del Rey;Torrevieja;51;Toledo
2022-08-01;Ontígola;Torrevieja;56;Toledo
2022-08-01;Pantoja;Torrevieja;39;Toledo
2022-08-01;Puebla de Almoradiel, La;Torrevieja;45;Toledo
2022-08-01;Puebla de Montalbán, La;Torrevieja;38;Toledo
2022-08-01;Quintanar de la Orden;Torrevieja;139;Toledo
2022-08-01;Recas;Torrevieja;53;Toledo
2022-08-01;Santa Cruz de la Zarza;Torrevieja;47;Toledo
2022-08-01;Santa Cruz del Retamar;Torrevieja;44;Toledo
2022-08-01;Seseña;Torrevieja;358;Toledo
2022-08-01;Sonseca;Torrevieja;66;Toledo
2022-08-01;Talavera de la Reina;Torrevieja;418;Toledo
2022-08-01;Toledo;Torrevieja;527;Toledo
2022-08-01;Torrijos;Torrevieja;93;Toledo
2022-08-01;Ugena;Torrevieja;75;Toledo
2022-08-01;Valmojado;Torrevieja;30;Toledo
2022-08-01;Ventas de Retamosa, Las;Torrevieja;58;Toledo
2022-08-01;Villacañas;Torrevieja;81;Toledo
2022-08-01;Villa de Don Fadrique, La;Torrevieja;36;Toledo
2022-08-01;Villafranca de los Caballeros;Torrevieja;77;Toledo
2022-08-01;Villaluenga de la Sagra;Torrevieja;59;Toledo
2022-08-01;Villatobas;Torrevieja;33;Toledo
2022-08-01;Viso de San Juan, El;Torrevieja;91;Toledo
2022-08-01;Yeles;Torrevieja;56;Toledo
2022-08-01;Yepes;Torrevieja;63;Toledo
2022-08-01;Yuncler;Torrevieja;52;Toledo
2022-08-01;Yuncos;Torrevieja;155;Toledo
2022-08-01;Alaquàs;Torrevieja;60;Valencia/València
2022-08-01;Alzira;Torrevieja;41;Valencia/València
2022-08-01;Aldaia;Torrevieja;47;Valencia/València
2022-08-01;Benifaió;Torrevieja;36;Valencia/València
2022-08-01;Bétera;Torrevieja;45;Valencia/València
2022-08-01;Burjassot;Torrevieja;49;Valencia/València
2022-08-01;Carcaixent;Torrevieja;32;Valencia/València
2022-08-01;Quart de Poblet;Torrevieja;35;Valencia/València
2022-08-01;Enguera;Torrevieja;34;Valencia/València
2022-08-01;Gandia;Torrevieja;60;Valencia/València
2022-08-01;Xàtiva;Torrevieja;56;Valencia/València
2022-08-01;Manises;Torrevieja;49;Valencia/València
2022-08-01;Meliana;Torrevieja;36;Valencia/València
2022-08-01;Mislata;Torrevieja;33;Valencia/València
2022-08-01;Ontinyent;Torrevieja;61;Valencia/València
2022-08-01;Paiporta;Torrevieja;55;Valencia/València
2022-08-01;Paterna;Torrevieja;85;Valencia/València
2022-08-01;Picassent;Torrevieja;33;Valencia/València
2022-08-01;Pobla de Vallbona, la;Torrevieja;42;Valencia/València
2022-08-01;Requena;Torrevieja;36;Valencia/València
2022-08-01;Riba-roja de Túria;Torrevieja;43;Valencia/València
2022-08-01;Sagunto/Sagunt;Torrevieja;40;Valencia/València
2022-08-01;Torrent;Torrevieja;113;Valencia/València
2022-08-01;València;Torrevieja;1146;Valencia/València
2022-08-01;Aldeamayor de San Martín;Torrevieja;30;Valladolid
2022-08-01;Arroyo de la Encomienda;Torrevieja;111;Valladolid
2022-08-01;Boecillo;Torrevieja;30;Valladolid
2022-08-01;Cistérniga;Torrevieja;76;Valladolid
2022-08-01;Laguna de Duero;Torrevieja;93;Valladolid
2022-08-01;Medina del Campo;Torrevieja;73;Valladolid
2022-08-01;Mojados;Torrevieja;36;Valladolid
2022-08-01;Simancas;Torrevieja;52;Valladolid
2022-08-01;Tudela de Duero;Torrevieja;41;Valladolid
2022-08-01;Valladolid;Torrevieja;1154;Valladolid
2022-08-01;Zaratán;Torrevieja;32;Valladolid
2022-08-01;Abadiño;Torrevieja;32;Bizkaia
2022-08-01;Amorebieta-Etxano;Torrevieja;97;Bizkaia
2022-08-01;Arrigorriaga;Torrevieja;43;Bizkaia
2022-08-01;Barakaldo;Torrevieja;200;Bizkaia
2022-08-01;Basauri;Torrevieja;165;Bizkaia
2022-08-01;Berango;Torrevieja;32;Bizkaia
2022-08-01;Bermeo;Torrevieja;54;Bizkaia
2022-08-01;Bilbao;Torrevieja;810;Bizkaia
2022-08-01;Durango;Torrevieja;91;Bizkaia
2022-08-01;Etxebarri;Torrevieja;56;Bizkaia
2022-08-01;Elorrio;Torrevieja;36;Bizkaia
2022-08-01;Ermua;Torrevieja;42;Bizkaia
2022-08-01;Galdakao;Torrevieja;86;Bizkaia
2022-08-01;Getxo;Torrevieja;181;Bizkaia
2022-08-01;Leioa;Torrevieja;97;Bizkaia
2022-08-01;Mungia;Torrevieja;34;Bizkaia
2022-08-01;Ondarroa;Torrevieja;35;Bizkaia
2022-08-01;Portugalete;Torrevieja;93;Bizkaia
2022-08-01;Valle de Trápaga-Trapagaran;Torrevieja;52;Bizkaia
2022-08-01;Santurtzi;Torrevieja;122;Bizkaia
2022-08-01;Sestao;Torrevieja;75;Bizkaia
2022-08-01;Derio;Torrevieja;57;Bizkaia
2022-08-01;Erandio;Torrevieja;65;Bizkaia
2022-08-01;Iurreta;Torrevieja;52;Bizkaia
2022-08-01;Zamora;Torrevieja;108;Zamora
2022-08-01;Zaragoza;Torrevieja;470;Zaragoza
2022-09-01;Vitoria-Gasteiz;Torrevieja;470;Araba/Álava
2022-09-01;Albacete;Torrevieja;813;Albacete
2022-09-01;Almansa;Torrevieja;31;Albacete
2022-09-01;Chinchilla de Monte-Aragón;Torrevieja;37;Albacete
2022-09-01;Hellín;Torrevieja;89;Albacete
2022-09-01;Villarrobledo;Torrevieja;68;Albacete
2022-09-01;Pozo Cañada;Torrevieja;37;Albacete
2022-09-01;Adra;Torrevieja;38;Almería
2022-09-01;Almería;Torrevieja;85;Almería
2022-09-01;Carboneras;Torrevieja;67;Almería
2022-09-01;Roquetas de Mar;Torrevieja;51;Almería
2022-09-01;Vélez-Rubio;Torrevieja;41;Almería
2022-09-01;Vera;Torrevieja;30;Almería
2022-09-01;Ávila;Torrevieja;93;Ávila
2022-09-01;Badajoz;Torrevieja;30;Badajoz
2022-09-01;Calvià;Torrevieja;30;Balears, Illes
2022-09-01;Palma;Torrevieja;61;Balears, Illes
2022-09-01;Badalona;Torrevieja;58;Barcelona
2022-09-01;Barcelona;Torrevieja;204;Barcelona
2022-09-01;Hospitalet de Llobregat, L';Torrevieja;38;Barcelona
2022-09-01;Sabadell;Torrevieja;30;Barcelona
2022-09-01;Aranda de Duero;Torrevieja;72;Burgos
2022-09-01;Burgos;Torrevieja;269;Burgos
2022-09-01;Miranda de Ebro;Torrevieja;35;Burgos
2022-09-01;Castelló de la Plana;Torrevieja;56;Castellón/Castelló
2022-09-01;Oropesa del Mar/Orpesa;Torrevieja;40;Castellón/Castelló
2022-09-01;Alcázar de San Juan;Torrevieja;70;Ciudad Real
2022-09-01;Argamasilla de Alba;Torrevieja;77;Ciudad Real
2022-09-01;Bolaños de Calatrava;Torrevieja;61;Ciudad Real
2022-09-01;Campo de Criptana;Torrevieja;34;Ciudad Real
2022-09-01;Ciudad Real;Torrevieja;126;Ciudad Real
2022-09-01;Herencia;Torrevieja;34;Ciudad Real
2022-09-01;Miguelturra;Torrevieja;33;Ciudad Real
2022-09-01;Pedro Muñoz;Torrevieja;46;Ciudad Real
2022-09-01;Puertollano;Torrevieja;94;Ciudad Real
2022-09-01;Socuéllamos;Torrevieja;68;Ciudad Real
2022-09-01;Solana, La;Torrevieja;40;Ciudad Real
2022-09-01;Tomelloso;Torrevieja;86;Ciudad Real
2022-09-01;Valdepeñas;Torrevieja;46;Ciudad Real
2022-09-01;Villarrubia de los Ojos;Torrevieja;34;Ciudad Real
2022-09-01;Córdoba;Torrevieja;51;Córdoba
2022-09-01;Coruña, A;Torrevieja;73;Coruña, A
2022-09-01;Oleiros;Torrevieja;34;Coruña, A
2022-09-01;Cuenca;Torrevieja;51;Cuenca
2022-09-01;San Clemente;Torrevieja;48;Cuenca
2022-09-01;Granada;Torrevieja;54;Granada
2022-09-01;Alovera;Torrevieja;46;Guadalajara
2022-09-01;Azuqueca de Henares;Torrevieja;96;Guadalajara
2022-09-01;Cabanillas del Campo;Torrevieja;32;Guadalajara
2022-09-01;Casar, El;Torrevieja;69;Guadalajara
2022-09-01;Guadalajara;Torrevieja;158;Guadalajara
2022-09-01;Eibar;Torrevieja;33;Gipuzkoa
2022-09-01;Errenteria;Torrevieja;44;Gipuzkoa
2022-09-01;Donostia/San Sebastián;Torrevieja;125;Gipuzkoa
2022-09-01;Lasarte-Oria;Torrevieja;37;Gipuzkoa
2022-09-01;León;Torrevieja;105;León
2022-09-01;Ponferrada;Torrevieja;40;León
2022-09-01;San Andrés del Rabanedo;Torrevieja;41;León
2022-09-01;Haro;Torrevieja;31;Rioja, La
2022-09-01;Logroño;Torrevieja;111;Rioja, La
2022-09-01;Alcalá de Henares;Torrevieja;682;Madrid
2022-09-01;Alcobendas;Torrevieja;303;Madrid
2022-09-01;Alcorcón;Torrevieja;695;Madrid
2022-09-01;Algete;Torrevieja;44;Madrid
2022-09-01;Aranjuez;Torrevieja;209;Madrid
2022-09-01;Arganda del Rey;Torrevieja;175;Madrid
2022-09-01;Arroyomolinos;Torrevieja;110;Madrid
2022-09-01;Belmonte de Tajo;Torrevieja;60;Madrid
2022-09-01;Boadilla del Monte;Torrevieja;64;Madrid
2022-09-01;Brunete;Torrevieja;52;Madrid
2022-09-01;Camarma de Esteruelas;Torrevieja;38;Madrid
2022-09-01;Ciempozuelos;Torrevieja;85;Madrid
2022-09-01;Colmenar de Oreja;Torrevieja;36;Madrid
2022-09-01;Colmenar Viejo;Torrevieja;209;Madrid
2022-09-01;Collado Villalba;Torrevieja;158;Madrid
2022-09-01;Coslada;Torrevieja;288;Madrid
2022-09-01;Chinchón;Torrevieja;37;Madrid
2022-09-01;Daganzo de Arriba;Torrevieja;40;Madrid
2022-09-01;Escorial, El;Torrevieja;50;Madrid
2022-09-01;Fuenlabrada;Torrevieja;544;Madrid
2022-09-01;Fuente el Saz de Jarama;Torrevieja;32;Madrid
2022-09-01;Galapagar;Torrevieja;109;Madrid
2022-09-01;Getafe;Torrevieja;787;Madrid
2022-09-01;Griñón;Torrevieja;55;Madrid
2022-09-01;Guadarrama;Torrevieja;51;Madrid
2022-09-01;Hoyo de Manzanares;Torrevieja;55;Madrid
2022-09-01;Humanes de Madrid;Torrevieja;50;Madrid
2022-09-01;Leganés;Torrevieja;883;Madrid
2022-09-01;Loeches;Torrevieja;35;Madrid
2022-09-01;Madrid;Torrevieja;8117;Madrid
2022-09-01;Majadahonda;Torrevieja;87;Madrid
2022-09-01;Meco;Torrevieja;74;Madrid
2022-09-01;Mejorada del Campo;Torrevieja;122;Madrid
2022-09-01;Miraflores de la Sierra;Torrevieja;59;Madrid
2022-09-01;Molar, El;Torrevieja;53;Madrid
2022-09-01;Moralzarzal;Torrevieja;43;Madrid
2022-09-01;Morata de Tajuña;Torrevieja;53;Madrid
2022-09-01;Móstoles;Torrevieja;906;Madrid
2022-09-01;Navalcarnero;Torrevieja;131;Madrid
2022-09-01;Paracuellos de Jarama;Torrevieja;31;Madrid
2022-09-01;Parla;Torrevieja;522;Madrid
2022-09-01;Pinto;Torrevieja;150;Madrid
2022-09-01;Pozuelo de Alarcón;Torrevieja;100;Madrid
2022-09-01;Rivas-Vaciamadrid;Torrevieja;267;Madrid
2022-09-01;Robledo de Chavela;Torrevieja;50;Madrid
2022-09-01;Rozas de Madrid, Las;Torrevieja;156;Madrid
2022-09-01;San Fernando de Henares;Torrevieja;131;Madrid
2022-09-01;San Lorenzo de El Escorial;Torrevieja;54;Madrid
2022-09-01;San Martín de la Vega;Torrevieja;56;Madrid
2022-09-01;San Martín de Valdeiglesias;Torrevieja;53;Madrid
2022-09-01;San Sebastián de los Reyes;Torrevieja;335;Madrid
2022-09-01;Soto del Real;Torrevieja;35;Madrid
2022-09-01;Torrejón de Ardoz;Torrevieja;570;Madrid
2022-09-01;Torrejón de la Calzada;Torrevieja;36;Madrid
2022-09-01;Valdemoro;Torrevieja;270;Madrid
2022-09-01;Velilla de San Antonio;Torrevieja;66;Madrid
2022-09-01;Villalbilla;Torrevieja;45;Madrid
2022-09-01;Villanueva de la Cañada;Torrevieja;31;Madrid
2022-09-01;Villanueva del Pardillo;Torrevieja;39;Madrid
2022-09-01;Villaviciosa de Odón;Torrevieja;46;Madrid
2022-09-01;Tres Cantos;Torrevieja;58;Madrid
2022-09-01;Fuengirola;Torrevieja;52;Málaga
2022-09-01;Málaga;Torrevieja;91;Málaga
2022-09-01;Marbella;Torrevieja;50;Málaga
2022-09-01;Mijas;Torrevieja;36;Málaga
2022-09-01;Abanilla;Torrevieja;34;Murcia
2022-09-01;Abarán;Torrevieja;41;Murcia
2022-09-01;Águilas;Torrevieja;52;Murcia
2022-09-01;Alcantarilla;Torrevieja;138;Murcia
2022-09-01;Alguazas;Torrevieja;31;Murcia
2022-09-01;Archena;Torrevieja;46;Murcia
2022-09-01;Beniel;Torrevieja;118;Murcia
2022-09-01;Bullas;Torrevieja;76;Murcia
2022-09-01;Caravaca de la Cruz;Torrevieja;74;Murcia
2022-09-01;Cartagena;Torrevieja;661;Murcia
2022-09-01;Ceutí;Torrevieja;58;Murcia
2022-09-01;Cieza;Torrevieja;135;Murcia
2022-09-01;Fortuna;Torrevieja;55;Murcia
2022-09-01;Jumilla;Torrevieja;64;Murcia
2022-09-01;Librilla;Torrevieja;34;Murcia
2022-09-01;Lorca;Torrevieja;57;Murcia
2022-09-01;Lorquí;Torrevieja;35;Murcia
2022-09-01;Mazarrón;Torrevieja;130;Murcia
2022-09-01;Molina de Segura;Torrevieja;333;Murcia
2022-09-01;Mula;Torrevieja;49;Murcia
2022-09-01;Murcia;Torrevieja;3911;Murcia
2022-09-01;San Javier;Torrevieja;294;Murcia
2022-09-01;San Pedro del Pinatar;Torrevieja;220;Murcia
2022-09-01;Torre-Pacheco;Torrevieja;185;Murcia
2022-09-01;Torres de Cotillas, Las;Torrevieja;87;Murcia
2022-09-01;Totana;Torrevieja;32;Murcia
2022-09-01;Unión, La;Torrevieja;34;Murcia
2022-09-01;Yecla;Torrevieja;140;Murcia
2022-09-01;Santomera;Torrevieja;153;Murcia
2022-09-01;Alcázares, Los;Torrevieja;112;Murcia
2022-09-01;Pamplona/Iruña;Torrevieja;124;Navarra
2022-09-01;Ourense;Torrevieja;32;Ourense
2022-09-01;Avilés;Torrevieja;39;Asturias
2022-09-01;Gijón;Torrevieja;140;Asturias
2022-09-01;Oviedo;Torrevieja;84;Asturias
2022-09-01;Siero;Torrevieja;32;Asturias
2022-09-01;Palencia;Torrevieja;44;Palencia
2022-09-01;Palmas de Gran Canaria, Las;Torrevieja;34;Palmas, Las
2022-09-01;Salamanca;Torrevieja;117;Salamanca
2022-09-01;Castro-Urdiales;Torrevieja;44;Cantabria
2022-09-01;Santander;Torrevieja;48;Cantabria
2022-09-01;Segovia;Torrevieja;152;Segovia
2022-09-01;Sevilla;Torrevieja;58;Sevilla
2022-09-01;Soria;Torrevieja;71;Soria
2022-09-01;Casarrubios del Monte;Torrevieja;42;Toledo
2022-09-01;Illescas;Torrevieja;109;Toledo
2022-09-01;Méntrida;Torrevieja;55;Toledo
2022-09-01;Mora;Torrevieja;56;Toledo
2022-09-01;Quintanar de la Orden;Torrevieja;34;Toledo
2022-09-01;Seseña;Torrevieja;126;Toledo
2022-09-01;Talavera de la Reina;Torrevieja;148;Toledo
2022-09-01;Toledo;Torrevieja;179;Toledo
2022-09-01;Torrijos;Torrevieja;52;Toledo
2022-09-01;Villacañas;Torrevieja;36;Toledo
2022-09-01;Yepes;Torrevieja;30;Toledo
2022-09-01;Yuncos;Torrevieja;44;Toledo
2022-09-01;Albalat de la Ribera;Torrevieja;33;Valencia/València
2022-09-01;Alginet;Torrevieja;31;Valencia/València
2022-09-01;Burjassot;Torrevieja;31;Valencia/València
2022-09-01;Gandia;Torrevieja;64;Valencia/València
2022-09-01;Xàtiva;Torrevieja;48;Valencia/València
2022-09-01;Ontinyent;Torrevieja;50;Valencia/València
2022-09-01;Paterna;Torrevieja;41;Valencia/València
2022-09-01;Pobla de Vallbona, la;Torrevieja;35;Valencia/València
2022-09-01;Torrent;Torrevieja;40;Valencia/València
2022-09-01;València;Torrevieja;721;Valencia/València
2022-09-01;Arroyo de la Encomienda;Torrevieja;71;Valladolid
2022-09-01;Laguna de Duero;Torrevieja;44;Valladolid
2022-09-01;Medina del Campo;Torrevieja;32;Valladolid
2022-09-01;Valladolid;Torrevieja;454;Valladolid
2022-09-01;Amorebieta-Etxano;Torrevieja;63;Bizkaia
2022-09-01;Arrigorriaga;Torrevieja;35;Bizkaia
2022-09-01;Barakaldo;Torrevieja;131;Bizkaia
2022-09-01;Basauri;Torrevieja;56;Bizkaia
2022-09-01;Bilbao;Torrevieja;337;Bizkaia
2022-09-01;Galdakao;Torrevieja;63;Bizkaia
2022-09-01;Getxo;Torrevieja;71;Bizkaia
2022-09-01;Leioa;Torrevieja;38;Bizkaia
2022-09-01;Portugalete;Torrevieja;43;Bizkaia
2022-09-01;Santurtzi;Torrevieja;41;Bizkaia
2022-09-01;Sestao;Torrevieja;41;Bizkaia
2022-09-01;Erandio;Torrevieja;31;Bizkaia
2022-09-01;Zamora;Torrevieja;54;Zamora
2022-09-01;Zaragoza;Torrevieja;142;Zaragoza
2022-10-01;Vitoria-Gasteiz;Torrevieja;275;Araba/Álava
2022-10-01;Albacete;Torrevieja;592;Albacete
2022-10-01;Almansa;Torrevieja;30;Albacete
2022-10-01;Caudete;Torrevieja;34;Albacete
2022-10-01;Hellín;Torrevieja;45;Albacete
2022-10-01;Roda, La;Torrevieja;30;Albacete
2022-10-01;Villarrobledo;Torrevieja;37;Albacete
2022-10-01;Adra;Torrevieja;47;Almería
2022-10-01;Almería;Torrevieja;48;Almería
2022-10-01;Ávila;Torrevieja;68;Ávila
2022-10-01;Palma;Torrevieja;35;Balears, Illes
2022-10-01;Badalona;Torrevieja;31;Barcelona
2022-10-01;Barcelona;Torrevieja;192;Barcelona
2022-10-01;Burgos;Torrevieja;132;Burgos
2022-10-01;Miranda de Ebro;Torrevieja;36;Burgos
2022-10-01;Sanlúcar de Barrameda;Torrevieja;41;Cádiz
2022-10-01;Castelló de la Plana;Torrevieja;59;Castellón/Castelló
2022-10-01;Ciudad Real;Torrevieja;70;Ciudad Real
2022-10-01;Puertollano;Torrevieja;45;Ciudad Real
2022-10-01;Tomelloso;Torrevieja;47;Ciudad Real
2022-10-01;Córdoba;Torrevieja;57;Córdoba
2022-10-01;Coruña, A;Torrevieja;51;Coruña, A
2022-10-01;Oleiros;Torrevieja;30;Coruña, A
2022-10-01;Pedroñeras, Las;Torrevieja;41;Cuenca
2022-10-01;Granada;Torrevieja;56;Granada
2022-10-01;Azuqueca de Henares;Torrevieja;50;Guadalajara
2022-10-01;Guadalajara;Torrevieja;55;Guadalajara
2022-10-01;Donostia/San Sebastián;Torrevieja;121;Gipuzkoa
2022-10-01;León;Torrevieja;51;León
2022-10-01;Logroño;Torrevieja;89;Rioja, La
2022-10-01;Alcalá de Henares;Torrevieja;282;Madrid
2022-10-01;Alcobendas;Torrevieja;134;Madrid
2022-10-01;Alcorcón;Torrevieja;295;Madrid
2022-10-01;Aranjuez;Torrevieja;102;Madrid
2022-10-01;Arganda del Rey;Torrevieja;95;Madrid
2022-10-01;Arroyomolinos;Torrevieja;41;Madrid
2022-10-01;Carabaña;Torrevieja;42;Madrid
2022-10-01;Colmenar Viejo;Torrevieja;100;Madrid
2022-10-01;Collado Villalba;Torrevieja;77;Madrid
2022-10-01;Coslada;Torrevieja;128;Madrid
2022-10-01;Daganzo de Arriba;Torrevieja;48;Madrid
2022-10-01;Fuenlabrada;Torrevieja;244;Madrid
2022-10-01;Getafe;Torrevieja;262;Madrid
2022-10-01;Griñón;Torrevieja;54;Madrid
2022-10-01;Guadarrama;Torrevieja;46;Madrid
2022-10-01;Hoyo de Manzanares;Torrevieja;33;Madrid
2022-10-01;Humanes de Madrid;Torrevieja;64;Madrid
2022-10-01;Leganés;Torrevieja;365;Madrid
2022-10-01;Loeches;Torrevieja;55;Madrid
2022-10-01;Madrid;Torrevieja;3504;Madrid
2022-10-01;Majadahonda;Torrevieja;45;Madrid
2022-10-01;Meco;Torrevieja;39;Madrid
2022-10-01;Mejorada del Campo;Torrevieja;45;Madrid
2022-10-01;Moraleja de Enmedio;Torrevieja;46;Madrid
2022-10-01;Moralzarzal;Torrevieja;32;Madrid
2022-10-01;Móstoles;Torrevieja;368;Madrid
2022-10-01;Navalcarnero;Torrevieja;41;Madrid
2022-10-01;Parla;Torrevieja;209;Madrid
2022-10-01;Pinto;Torrevieja;68;Madrid
2022-10-01;Pozuelo de Alarcón;Torrevieja;55;Madrid
2022-10-01;Rivas-Vaciamadrid;Torrevieja;103;Madrid
2022-10-01;Rozas de Madrid, Las;Torrevieja;70;Madrid
2022-10-01;San Fernando de Henares;Torrevieja;93;Madrid
2022-10-01;San Lorenzo de El Escorial;Torrevieja;49;Madrid
2022-10-01;San Martín de Valdeiglesias;Torrevieja;84;Madrid
2022-10-01;San Sebastián de los Reyes;Torrevieja;140;Madrid
2022-10-01;Torrejón de Ardoz;Torrevieja;217;Madrid
2022-10-01;Valdemoro;Torrevieja;89;Madrid
2022-10-01;Tres Cantos;Torrevieja;52;Madrid
2022-10-01;Fuengirola;Torrevieja;31;Málaga
2022-10-01;Málaga;Torrevieja;74;Málaga
2022-10-01;Mijas;Torrevieja;38;Málaga
2022-10-01;Águilas;Torrevieja;38;Murcia
2022-10-01;Alcantarilla;Torrevieja;49;Murcia
2022-10-01;Alguazas;Torrevieja;31;Murcia
2022-10-01;Alhama de Murcia;Torrevieja;55;Murcia
2022-10-01;Archena;Torrevieja;46;Murcia
2022-10-01;Beniel;Torrevieja;31;Murcia
2022-10-01;Caravaca de la Cruz;Torrevieja;45;Murcia
2022-10-01;Cartagena;Torrevieja;491;Murcia
2022-10-01;Cieza;Torrevieja;65;Murcia
2022-10-01;Jumilla;Torrevieja;70;Murcia
2022-10-01;Lorca;Torrevieja;34;Murcia
2022-10-01;Mazarrón;Torrevieja;65;Murcia
2022-10-01;Molina de Segura;Torrevieja;226;Murcia
2022-10-01;Mula;Torrevieja;70;Murcia
2022-10-01;Murcia;Torrevieja;2105;Murcia
2022-10-01;San Javier;Torrevieja;200;Murcia
2022-10-01;San Pedro del Pinatar;Torrevieja;196;Murcia
2022-10-01;Torre-Pacheco;Torrevieja;140;Murcia
2022-10-01;Torres de Cotillas, Las;Torrevieja;46;Murcia
2022-10-01;Yecla;Torrevieja;129;Murcia
2022-10-01;Santomera;Torrevieja;48;Murcia
2022-10-01;Alcázares, Los;Torrevieja;65;Murcia
2022-10-01;Pamplona/Iruña;Torrevieja;78;Navarra
2022-10-01;Gijón;Torrevieja;90;Asturias
2022-10-01;Oviedo;Torrevieja;64;Asturias
2022-10-01;Salamanca;Torrevieja;55;Salamanca
2022-10-01;Segovia;Torrevieja;57;Segovia
2022-10-01;Sevilla;Torrevieja;33;Sevilla
2022-10-01;Tarragona;Torrevieja;35;Tarragona
2022-10-01;Illescas;Torrevieja;57;Toledo
2022-10-01;Santa Cruz de la Zarza;Torrevieja;31;Toledo
2022-10-01;Seseña;Torrevieja;51;Toledo
2022-10-01;Talavera de la Reina;Torrevieja;51;Toledo
2022-10-01;Toledo;Torrevieja;53;Toledo
2022-10-01;Algemesí;Torrevieja;30;Valencia/València
2022-10-01;Quart de Poblet;Torrevieja;35;Valencia/València
2022-10-01;Gandia;Torrevieja;44;Valencia/València
2022-10-01;Xàtiva;Torrevieja;46;Valencia/València
2022-10-01;Oliva;Torrevieja;30;Valencia/València
2022-10-01;Ontinyent;Torrevieja;51;Valencia/València
2022-10-01;Paterna;Torrevieja;38;Valencia/València
2022-10-01;Pobla de Vallbona, la;Torrevieja;33;Valencia/València
2022-10-01;Torrent;Torrevieja;38;Valencia/València
2022-10-01;València;Torrevieja;607;Valencia/València
2022-10-01;Valladolid;Torrevieja;209;Valladolid
2022-10-01;Barakaldo;Torrevieja;45;Bizkaia
2022-10-01;Basauri;Torrevieja;64;Bizkaia
2022-10-01;Bilbao;Torrevieja;195;Bizkaia
2022-10-01;Getxo;Torrevieja;35;Bizkaia
2022-10-01;Portugalete;Torrevieja;30;Bizkaia
2022-10-01;Santurtzi;Torrevieja;46;Bizkaia
2022-10-01;Zaragoza;Torrevieja;97;Zaragoza
2022-11-01;Vitoria-Gasteiz;Torrevieja;164;Araba/Álava
2022-11-01;Albacete;Torrevieja;386;Albacete
2022-11-01;Hellín;Torrevieja;115;Albacete
2022-11-01;Adra;Torrevieja;56;Almería
2022-11-01;Almería;Torrevieja;55;Almería
2022-11-01;Ejido, El;Torrevieja;42;Almería
2022-11-01;Ávila;Torrevieja;30;Ávila
2022-11-01;Barcelona;Torrevieja;177;Barcelona
2022-11-01;Burgos;Torrevieja;75;Burgos
2022-11-01;Castelló de la Plana;Torrevieja;59;Castellón/Castelló
2022-11-01;Ciudad Real;Torrevieja;52;Ciudad Real
2022-11-01;Puertollano;Torrevieja;61;Ciudad Real
2022-11-01;Socuéllamos;Torrevieja;40;Ciudad Real
2022-11-01;Tomelloso;Torrevieja;30;Ciudad Real
2022-11-01;Córdoba;Torrevieja;80;Córdoba
2022-11-01;Lucena;Torrevieja;30;Córdoba
2022-11-01;Granada;Torrevieja;51;Granada
2022-11-01;Casar, El;Torrevieja;45;Guadalajara
2022-11-01;Donostia/San Sebastián;Torrevieja;54;Gipuzkoa
2022-11-01;León;Torrevieja;44;León
2022-11-01;Logroño;Torrevieja;49;Rioja, La
2022-11-01;Alcalá de Henares;Torrevieja;216;Madrid
2022-11-01;Alcobendas;Torrevieja;75;Madrid
2022-11-01;Alcorcón;Torrevieja;239;Madrid
2022-11-01;Aranjuez;Torrevieja;76;Madrid
2022-11-01;Arganda del Rey;Torrevieja;50;Madrid
2022-11-01;Arroyomolinos;Torrevieja;31;Madrid
2022-11-01;Boadilla del Monte;Torrevieja;34;Madrid
2022-11-01;Ciempozuelos;Torrevieja;42;Madrid
2022-11-01;Colmenar de Oreja;Torrevieja;32;Madrid
2022-11-01;Colmenar Viejo;Torrevieja;74;Madrid
2022-11-01;Collado Villalba;Torrevieja;57;Madrid
2022-11-01;Coslada;Torrevieja;139;Madrid
2022-11-01;Escorial, El;Torrevieja;35;Madrid
2022-11-01;Fuenlabrada;Torrevieja;186;Madrid
2022-11-01;Getafe;Torrevieja;182;Madrid
2022-11-01;Humanes de Madrid;Torrevieja;43;Madrid
2022-11-01;Leganés;Torrevieja;226;Madrid
2022-11-01;Madrid;Torrevieja;2398;Madrid
2022-11-01;Móstoles;Torrevieja;284;Madrid
2022-11-01;Parla;Torrevieja;136;Madrid
2022-11-01;Pinto;Torrevieja;73;Madrid
2022-11-01;Pozuelo de Alarcón;Torrevieja;50;Madrid
2022-11-01;Rivas-Vaciamadrid;Torrevieja;74;Madrid
2022-11-01;Rozas de Madrid, Las;Torrevieja;48;Madrid
2022-11-01;San Fernando de Henares;Torrevieja;47;Madrid
2022-11-01;San Lorenzo de El Escorial;Torrevieja;39;Madrid
2022-11-01;San Martín de Valdeiglesias;Torrevieja;30;Madrid
2022-11-01;San Sebastián de los Reyes;Torrevieja;55;Madrid
2022-11-01;Torrejón de Ardoz;Torrevieja;191;Madrid
2022-11-01;Valdemoro;Torrevieja;87;Madrid
2022-11-01;Fuengirola;Torrevieja;44;Málaga
2022-11-01;Málaga;Torrevieja;100;Málaga
2022-11-01;Marbella;Torrevieja;49;Málaga
2022-11-01;Mijas;Torrevieja;37;Málaga
2022-11-01;Águilas;Torrevieja;44;Murcia
2022-11-01;Alcantarilla;Torrevieja;42;Murcia
2022-11-01;Archena;Torrevieja;57;Murcia
2022-11-01;Cartagena;Torrevieja;482;Murcia
2022-11-01;Cehegín;Torrevieja;45;Murcia
2022-11-01;Cieza;Torrevieja;31;Murcia
2022-11-01;Fortuna;Torrevieja;39;Murcia
2022-11-01;Jumilla;Torrevieja;64;Murcia
2022-11-01;Lorca;Torrevieja;35;Murcia
2022-11-01;Mazarrón;Torrevieja;97;Murcia
2022-11-01;Molina de Segura;Torrevieja;167;Murcia
2022-11-01;Mula;Torrevieja;41;Murcia
2022-11-01;Murcia;Torrevieja;1963;Murcia
2022-11-01;San Javier;Torrevieja;188;Murcia
2022-11-01;San Pedro del Pinatar;Torrevieja;168;Murcia
2022-11-01;Torre-Pacheco;Torrevieja;128;Murcia
2022-11-01;Torres de Cotillas, Las;Torrevieja;56;Murcia
2022-11-01;Unión, La;Torrevieja;32;Murcia
2022-11-01;Yecla;Torrevieja;82;Murcia
2022-11-01;Santomera;Torrevieja;48;Murcia
2022-11-01;Alcázares, Los;Torrevieja;65;Murcia
2022-11-01;Pamplona/Iruña;Torrevieja;57;Navarra
2022-11-01;Avilés;Torrevieja;34;Asturias
2022-11-01;Gijón;Torrevieja;35;Asturias
2022-11-01;Mieres;Torrevieja;30;Asturias
2022-11-01;Oviedo;Torrevieja;44;Asturias
2022-11-01;Palencia;Torrevieja;40;Palencia
2022-11-01;Segovia;Torrevieja;31;Segovia
2022-11-01;Sevilla;Torrevieja;31;Sevilla
2022-11-01;Salou;Torrevieja;35;Tarragona
2022-11-01;Méntrida;Torrevieja;32;Toledo
2022-11-01;Seseña;Torrevieja;34;Toledo
2022-11-01;Talavera de la Reina;Torrevieja;72;Toledo
2022-11-01;Toledo;Torrevieja;54;Toledo
2022-11-01;Villafranca de los Caballeros;Torrevieja;35;Toledo
2022-11-01;Albalat de la Ribera;Torrevieja;37;Valencia/València
2022-11-01;Alzira;Torrevieja;37;Valencia/València
2022-11-01;Burjassot;Torrevieja;37;Valencia/València
2022-11-01;Gandia;Torrevieja;38;Valencia/València
2022-11-01;València;Torrevieja;566;Valencia/València
2022-11-01;Valladolid;Torrevieja;125;Valladolid
2022-11-01;Bilbao;Torrevieja;82;Bizkaia
2022-11-01;Santurtzi;Torrevieja;46;Bizkaia
2022-11-01;Zaragoza;Torrevieja;86;Zaragoza
2022-12-01;Vitoria-Gasteiz;Torrevieja;236;Araba/Álava
2022-12-01;Albacete;Torrevieja;402;Albacete
2022-12-01;Almansa;Torrevieja;32;Albacete
2022-12-01;Hellín;Torrevieja;61;Albacete
2022-12-01;Villarrobledo;Torrevieja;56;Albacete
2022-12-01;Almería;Torrevieja;70;Almería
2022-12-01;Carboneras;Torrevieja;35;Almería
2022-12-01;Roquetas de Mar;Torrevieja;46;Almería
2022-12-01;Ávila;Torrevieja;40;Ávila
2022-12-01;Palma;Torrevieja;49;Balears, Illes
2022-12-01;Barcelona;Torrevieja;187;Barcelona
2022-12-01;Hospitalet de Llobregat, L';Torrevieja;34;Barcelona
2022-12-01;Mataró;Torrevieja;41;Barcelona
2022-12-01;Burgos;Torrevieja;72;Burgos
2022-12-01;Castelló de la Plana;Torrevieja;47;Castellón/Castelló
2022-12-01;Onda;Torrevieja;39;Castellón/Castelló
2022-12-01;Argamasilla de Alba;Torrevieja;49;Ciudad Real
2022-12-01;Ciudad Real;Torrevieja;76;Ciudad Real
2022-12-01;Puertollano;Torrevieja;35;Ciudad Real
2022-12-01;Tomelloso;Torrevieja;35;Ciudad Real
2022-12-01;Córdoba;Torrevieja;80;Córdoba
2022-12-01;Granada;Torrevieja;62;Granada
2022-12-01;Azuqueca de Henares;Torrevieja;58;Guadalajara
2022-12-01;Casar, El;Torrevieja;37;Guadalajara
2022-12-01;Guadalajara;Torrevieja;64;Guadalajara
2022-12-01;Valdeaveruelo;Torrevieja;41;Guadalajara
2022-12-01;Donostia/San Sebastián;Torrevieja;68;Gipuzkoa
2022-12-01;Logroño;Torrevieja;66;Rioja, La
2022-12-01;Alcalá de Henares;Torrevieja;318;Madrid
2022-12-01;Alcobendas;Torrevieja;140;Madrid
2022-12-01;Alcorcón;Torrevieja;329;Madrid
2022-12-01;Algete;Torrevieja;30;Madrid
2022-12-01;Aranjuez;Torrevieja;67;Madrid
2022-12-01;Arganda del Rey;Torrevieja;109;Madrid
2022-12-01;Arroyomolinos;Torrevieja;66;Madrid
2022-12-01;Boadilla del Monte;Torrevieja;35;Madrid
2022-12-01;Ciempozuelos;Torrevieja;37;Madrid
2022-12-01;Cobeña;Torrevieja;52;Madrid
2022-12-01;Colmenar Viejo;Torrevieja;128;Madrid
2022-12-01;Collado Villalba;Torrevieja;92;Madrid
2022-12-01;Coslada;Torrevieja;174;Madrid
2022-12-01;Daganzo de Arriba;Torrevieja;77;Madrid
2022-12-01;Fuenlabrada;Torrevieja;275;Madrid
2022-12-01;Getafe;Torrevieja;346;Madrid
2022-12-01;Griñón;Torrevieja;35;Madrid
2022-12-01;Humanes de Madrid;Torrevieja;56;Madrid
2022-12-01;Leganés;Torrevieja;333;Madrid
2022-12-01;Madrid;Torrevieja;3918;Madrid
2022-12-01;Majadahonda;Torrevieja;45;Madrid
2022-12-01;Meco;Torrevieja;34;Madrid
2022-12-01;Mejorada del Campo;Torrevieja;53;Madrid
2022-12-01;Moraleja de Enmedio;Torrevieja;35;Madrid
2022-12-01;Móstoles;Torrevieja;356;Madrid
2022-12-01;Navalcarnero;Torrevieja;67;Madrid
2022-12-01;Paracuellos de Jarama;Torrevieja;45;Madrid
2022-12-01;Parla;Torrevieja;247;Madrid
2022-12-01;Pinto;Torrevieja;85;Madrid
2022-12-01;Pozuelo de Alarcón;Torrevieja;62;Madrid
2022-12-01;Rivas-Vaciamadrid;Torrevieja;159;Madrid
2022-12-01;Rozas de Madrid, Las;Torrevieja;73;Madrid
2022-12-01;San Fernando de Henares;Torrevieja;75;Madrid
2022-12-01;San Martín de la Vega;Torrevieja;42;Madrid
2022-12-01;San Sebastián de los Reyes;Torrevieja;161;Madrid
2022-12-01;Torrejón de Ardoz;Torrevieja;215;Madrid
2022-12-01;Torres de la Alameda;Torrevieja;30;Madrid
2022-12-01;Valdemoro;Torrevieja;148;Madrid
2022-12-01;Villaviciosa de Odón;Torrevieja;41;Madrid
2022-12-01;Benalmádena;Torrevieja;43;Málaga
2022-12-01;Málaga;Torrevieja;63;Málaga
2022-12-01;Marbella;Torrevieja;49;Málaga
2022-12-01;Águilas;Torrevieja;48;Murcia
2022-12-01;Alcantarilla;Torrevieja;42;Murcia
2022-12-01;Archena;Torrevieja;36;Murcia
2022-12-01;Beniel;Torrevieja;40;Murcia
2022-12-01;Cartagena;Torrevieja;498;Murcia
2022-12-01;Cieza;Torrevieja;41;Murcia
2022-12-01;Fortuna;Torrevieja;40;Murcia
2022-12-01;Jumilla;Torrevieja;43;Murcia
2022-12-01;Lorca;Torrevieja;31;Murcia
2022-12-01;Mazarrón;Torrevieja;55;Murcia
2022-12-01;Molina de Segura;Torrevieja;177;Murcia
2022-12-01;Mula;Torrevieja;41;Murcia
2022-12-01;Murcia;Torrevieja;2068;Murcia
2022-12-01;San Javier;Torrevieja;235;Murcia
2022-12-01;San Pedro del Pinatar;Torrevieja;191;Murcia
2022-12-01;Torre-Pacheco;Torrevieja;126;Murcia
2022-12-01;Torres de Cotillas, Las;Torrevieja;71;Murcia
2022-12-01;Yecla;Torrevieja;48;Murcia
2022-12-01;Santomera;Torrevieja;59;Murcia
2022-12-01;Alcázares, Los;Torrevieja;86;Murcia
2022-12-01;Pamplona/Iruña;Torrevieja;86;Navarra
2022-12-01;Gijón;Torrevieja;63;Asturias
2022-12-01;Oviedo;Torrevieja;58;Asturias
2022-12-01;Palencia;Torrevieja;36;Palencia
2022-12-01;Salamanca;Torrevieja;38;Salamanca
2022-12-01;Segovia;Torrevieja;33;Segovia
2022-12-01;Sevilla;Torrevieja;60;Sevilla
2022-12-01;Illescas;Torrevieja;50;Toledo
2022-12-01;Quintanar de la Orden;Torrevieja;40;Toledo
2022-12-01;Seseña;Torrevieja;51;Toledo
2022-12-01;Talavera de la Reina;Torrevieja;52;Toledo
2022-12-01;Toledo;Torrevieja;52;Toledo
2022-12-01;Albalat de la Ribera;Torrevieja;34;Valencia/València
2022-12-01;Alzira;Torrevieja;43;Valencia/València
2022-12-01;Almàssera;Torrevieja;37;Valencia/València
2022-12-01;Gandia;Torrevieja;33;Valencia/València
2022-12-01;Paterna;Torrevieja;42;Valencia/València
2022-12-01;València;Torrevieja;621;Valencia/València
2022-12-01;Valladolid;Torrevieja;179;Valladolid
2022-12-01;Barakaldo;Torrevieja;47;Bizkaia
2022-12-01;Bilbao;Torrevieja;109;Bizkaia
2022-12-01;Zaragoza;Torrevieja;104;Zaragoza
2022-12-01;Melilla;Torrevieja;34;Melilla
2023-01-01;Vitoria-Gasteiz;Torrevieja;78;Araba/Álava
2023-01-01;Albacete;Torrevieja;384;Albacete
2023-01-01;Caudete;Torrevieja;31;Albacete
2023-01-01;Cenizate;Torrevieja;40;Albacete
2023-01-01;Chinchilla de Monte-Aragón;Torrevieja;34;Albacete
2023-01-01;Hellín;Torrevieja;54;Albacete
2023-01-01;Roda, La;Torrevieja;32;Albacete
2023-01-01;Almería;Torrevieja;53;Almería
2023-01-01;Cuevas del Almanzora;Torrevieja;39;Almería
2023-01-01;Roquetas de Mar;Torrevieja;56;Almería
2023-01-01;Palma;Torrevieja;71;Balears, Illes
2023-01-01;Barcelona;Torrevieja;214;Barcelona
2023-01-01;Burgos;Torrevieja;43;Burgos
2023-01-01;Castelló de la Plana;Torrevieja;33;Castellón/Castelló
2023-01-01;Ciudad Real;Torrevieja;53;Ciudad Real
2023-01-01;Pedro Muñoz;Torrevieja;34;Ciudad Real
2023-01-01;Puertollano;Torrevieja;46;Ciudad Real
2023-01-01;Córdoba;Torrevieja;55;Córdoba
2023-01-01;Lloret de Mar;Torrevieja;33;Girona
2023-01-01;Granada;Torrevieja;61;Granada
2023-01-01;Casar, El;Torrevieja;47;Guadalajara
2023-01-01;Guadalajara;Torrevieja;45;Guadalajara
2023-01-01;Alcalá de Henares;Torrevieja;193;Madrid
2023-01-01;Alcobendas;Torrevieja;119;Madrid
2023-01-01;Alcorcón;Torrevieja;153;Madrid
2023-01-01;Algete;Torrevieja;35;Madrid
2023-01-01;Aranjuez;Torrevieja;81;Madrid
2023-01-01;Arganda del Rey;Torrevieja;48;Madrid
2023-01-01;Boadilla del Monte;Torrevieja;41;Madrid
2023-01-01;Brunete;Torrevieja;35;Madrid
2023-01-01;Colmenar Viejo;Torrevieja;53;Madrid
2023-01-01;Collado Villalba;Torrevieja;69;Madrid
2023-01-01;Coslada;Torrevieja;103;Madrid
2023-01-01;Fuenlabrada;Torrevieja;162;Madrid
2023-01-01;Getafe;Torrevieja;213;Madrid
2023-01-01;Humanes de Madrid;Torrevieja;61;Madrid
2023-01-01;Leganés;Torrevieja;201;Madrid
2023-01-01;Madrid;Torrevieja;2786;Madrid
2023-01-01;Manzanares el Real;Torrevieja;38;Madrid
2023-01-01;Mejorada del Campo;Torrevieja;34;Madrid
2023-01-01;Móstoles;Torrevieja;183;Madrid
2023-01-01;Navalcarnero;Torrevieja;35;Madrid
2023-01-01;Parla;Torrevieja;151;Madrid
2023-01-01;Pinto;Torrevieja;61;Madrid
2023-01-01;Pozuelo de Alarcón;Torrevieja;62;Madrid
2023-01-01;Rivas-Vaciamadrid;Torrevieja;121;Madrid
2023-01-01;Rozas de Madrid, Las;Torrevieja;56;Madrid
2023-01-01;San Fernando de Henares;Torrevieja;55;Madrid
2023-01-01;San Sebastián de los Reyes;Torrevieja;103;Madrid
2023-01-01;Torrejón de Ardoz;Torrevieja;167;Madrid
2023-01-01;Valdemoro;Torrevieja;89;Madrid
2023-01-01;Villanueva de la Cañada;Torrevieja;55;Madrid
2023-01-01;Villanueva del Pardillo;Torrevieja;43;Madrid
2023-01-01;Fuengirola;Torrevieja;47;Málaga
2023-01-01;Málaga;Torrevieja;74;Málaga
2023-01-01;Águilas;Torrevieja;33;Murcia
2023-01-01;Alcantarilla;Torrevieja;54;Murcia
2023-01-01;Archena;Torrevieja;52;Murcia
2023-01-01;Beniel;Torrevieja;48;Murcia
2023-01-01;Caravaca de la Cruz;Torrevieja;49;Murcia
2023-01-01;Cartagena;Torrevieja;529;Murcia
2023-01-01;Cehegín;Torrevieja;35;Murcia
2023-01-01;Cieza;Torrevieja;39;Murcia
2023-01-01;Fortuna;Torrevieja;57;Murcia
2023-01-01;Jumilla;Torrevieja;53;Murcia
2023-01-01;Lorca;Torrevieja;31;Murcia
2023-01-01;Mazarrón;Torrevieja;46;Murcia
2023-01-01;Molina de Segura;Torrevieja;174;Murcia
2023-01-01;Mula;Torrevieja;53;Murcia
2023-01-01;Murcia;Torrevieja;2246;Murcia
2023-01-01;San Javier;Torrevieja;205;Murcia
2023-01-01;San Pedro del Pinatar;Torrevieja;179;Murcia
2023-01-01;Torre-Pacheco;Torrevieja;151;Murcia
2023-01-01;Torres de Cotillas, Las;Torrevieja;92;Murcia
2023-01-01;Unión, La;Torrevieja;32;Murcia
2023-01-01;Yecla;Torrevieja;90;Murcia
2023-01-01;Santomera;Torrevieja;62;Murcia
2023-01-01;Alcázares, Los;Torrevieja;62;Murcia
2023-01-01;Pamplona/Iruña;Torrevieja;50;Navarra
2023-01-01;Gijón;Torrevieja;38;Asturias
2023-01-01;Oviedo;Torrevieja;49;Asturias
2023-01-01;Salamanca;Torrevieja;33;Salamanca
2023-01-01;Segovia;Torrevieja;35;Segovia
2023-01-01;Sevilla;Torrevieja;57;Sevilla
2023-01-01;Illescas;Torrevieja;32;Toledo
2023-01-01;Méntrida;Torrevieja;30;Toledo
2023-01-01;Seseña;Torrevieja;30;Toledo
2023-01-01;Talavera de la Reina;Torrevieja;36;Toledo
2023-01-01;Toledo;Torrevieja;60;Toledo
2023-01-01;Villafranca de los Caballeros;Torrevieja;36;Toledo
2023-01-01;Yuncos;Torrevieja;48;Toledo
2023-01-01;Alaquàs;Torrevieja;30;Valencia/València
2023-01-01;Albalat de la Ribera;Torrevieja;38;Valencia/València
2023-01-01;Aldaia;Torrevieja;30;Valencia/València
2023-01-01;Enguera;Torrevieja;32;Valencia/València
2023-01-01;Gandia;Torrevieja;33;Valencia/València
2023-01-01;Ontinyent;Torrevieja;50;Valencia/València
2023-01-01;Paiporta;Torrevieja;30;Valencia/València
2023-01-01;Pobla de Vallbona, la;Torrevieja;42;Valencia/València
2023-01-01;Sagunto/Sagunt;Torrevieja;35;Valencia/València
2023-01-01;Torrent;Torrevieja;41;Valencia/València
2023-01-01;València;Torrevieja;641;Valencia/València
2023-01-01;Valladolid;Torrevieja;100;Valladolid
2023-01-01;Bilbao;Torrevieja;59;Bizkaia
2023-01-01;Zaragoza;Torrevieja;79;Zaragoza
2023-02-01;Vitoria-Gasteiz;Torrevieja;86;Araba/Álava
2023-02-01;Albacete;Torrevieja;389;Albacete
2023-02-01;Almansa;Torrevieja;33;Albacete
2023-02-01;Hellín;Torrevieja;59;Albacete
2023-02-01;Roda, La;Torrevieja;37;Albacete
2023-02-01;Villarrobledo;Torrevieja;40;Albacete
2023-02-01;Almería;Torrevieja;77;Almería
2023-02-01;Roquetas de Mar;Torrevieja;42;Almería
2023-02-01;Badajoz;Torrevieja;38;Badajoz
2023-02-01;Palma;Torrevieja;36;Balears, Illes
2023-02-01;Barcelona;Torrevieja;159;Barcelona
2023-02-01;Burgos;Torrevieja;54;Burgos
2023-02-01;Castelló de la Plana;Torrevieja;39;Castellón/Castelló
2023-02-01;Ciudad Real;Torrevieja;50;Ciudad Real
2023-02-01;Puertollano;Torrevieja;37;Ciudad Real
2023-02-01;Tomelloso;Torrevieja;35;Ciudad Real
2023-02-01;Valdepeñas;Torrevieja;45;Ciudad Real
2023-02-01;Córdoba;Torrevieja;36;Córdoba
2023-02-01;Granada;Torrevieja;46;Granada
2023-02-01;Guadalajara;Torrevieja;43;Guadalajara
2023-02-01;Logroño;Torrevieja;37;Rioja, La
2023-02-01;Alcalá de Henares;Torrevieja;211;Madrid
2023-02-01;Alcobendas;Torrevieja;61;Madrid
2023-02-01;Alcorcón;Torrevieja;141;Madrid
2023-02-01;Aranjuez;Torrevieja;43;Madrid
2023-02-01;Arganda del Rey;Torrevieja;62;Madrid
2023-02-01;Arroyomolinos;Torrevieja;44;Madrid
2023-02-01;Brunete;Torrevieja;31;Madrid
2023-02-01;Colmenar Viejo;Torrevieja;48;Madrid
2023-02-01;Collado Villalba;Torrevieja;44;Madrid
2023-02-01;Coslada;Torrevieja;147;Madrid
2023-02-01;Daganzo de Arriba;Torrevieja;38;Madrid
2023-02-01;Fuenlabrada;Torrevieja;194;Madrid
2023-02-01;Getafe;Torrevieja;197;Madrid
2023-02-01;Leganés;Torrevieja;209;Madrid
2023-02-01;Madrid;Torrevieja;2249;Madrid
2023-02-01;Meco;Torrevieja;31;Madrid
2023-02-01;Mejorada del Campo;Torrevieja;44;Madrid
2023-02-01;Moralzarzal;Torrevieja;30;Madrid
2023-02-01;Móstoles;Torrevieja;206;Madrid
2023-02-01;Navalcarnero;Torrevieja;39;Madrid
2023-02-01;Parla;Torrevieja;181;Madrid
2023-02-01;Pinto;Torrevieja;44;Madrid
2023-02-01;Pozuelo de Alarcón;Torrevieja;41;Madrid
2023-02-01;Rivas-Vaciamadrid;Torrevieja;86;Madrid
2023-02-01;Rozas de Madrid, Las;Torrevieja;63;Madrid
2023-02-01;San Fernando de Henares;Torrevieja;55;Madrid
2023-02-01;San Sebastián de los Reyes;Torrevieja;67;Madrid
2023-02-01;Torrejón de Ardoz;Torrevieja;165;Madrid
2023-02-01;Valdemoro;Torrevieja;111;Madrid
2023-02-01;Málaga;Torrevieja;87;Málaga
2023-02-01;Mijas;Torrevieja;31;Málaga
2023-02-01;Águilas;Torrevieja;32;Murcia
2023-02-01;Archena;Torrevieja;32;Murcia
2023-02-01;Beniel;Torrevieja;59;Murcia
2023-02-01;Bullas;Torrevieja;37;Murcia
2023-02-01;Caravaca de la Cruz;Torrevieja;43;Murcia
2023-02-01;Cartagena;Torrevieja;568;Murcia
2023-02-01;Cieza;Torrevieja;36;Murcia
2023-02-01;Fortuna;Torrevieja;61;Murcia
2023-02-01;Fuente Álamo de Murcia;Torrevieja;30;Murcia
2023-02-01;Jumilla;Torrevieja;43;Murcia
2023-02-01;Lorca;Torrevieja;41;Murcia
2023-02-01;Mazarrón;Torrevieja;54;Murcia
2023-02-01;Molina de Segura;Torrevieja;152;Murcia
2023-02-01;Murcia;Torrevieja;1778;Murcia
2023-02-01;San Javier;Torrevieja;210;Murcia
2023-02-01;San Pedro del Pinatar;Torrevieja;143;Murcia
2023-02-01;Torre-Pacheco;Torrevieja;122;Murcia
2023-02-01;Torres de Cotillas, Las;Torrevieja;65;Murcia
2023-02-01;Unión, La;Torrevieja;41;Murcia
2023-02-01;Yecla;Torrevieja;68;Murcia
2023-02-01;Santomera;Torrevieja;58;Murcia
2023-02-01;Alcázares, Los;Torrevieja;56;Murcia
2023-02-01;Pamplona/Iruña;Torrevieja;52;Navarra
2023-02-01;Gijón;Torrevieja;47;Asturias
2023-02-01;Salamanca;Torrevieja;45;Salamanca
2023-02-01;Arona;Torrevieja;32;Santa Cruz de Tenerife
2023-02-01;Sevilla;Torrevieja;50;Sevilla
2023-02-01;Seseña;Torrevieja;36;Toledo
2023-02-01;Talavera de la Reina;Torrevieja;30;Toledo
2023-02-01;Toledo;Torrevieja;54;Toledo
2023-02-01;Viso de San Juan, El;Torrevieja;39;Toledo
2023-02-01;Albalat de la Ribera;Torrevieja;66;Valencia/València
2023-02-01;Alzira;Torrevieja;71;Valencia/València
2023-02-01;Gandia;Torrevieja;31;Valencia/València
2023-02-01;Xàtiva;Torrevieja;36;Valencia/València
2023-02-01;Paiporta;Torrevieja;30;Valencia/València
2023-02-01;València;Torrevieja;567;Valencia/València
2023-02-01;Valladolid;Torrevieja;86;Valladolid
2023-02-01;Bilbao;Torrevieja;63;Bizkaia
2023-02-01;Zaragoza;Torrevieja;72;Zaragoza
2023-03-01;Vitoria-Gasteiz;Torrevieja;148;Araba/Álava
2023-03-01;Albacete;Torrevieja;556;Albacete
2023-03-01;Almansa;Torrevieja;49;Albacete
2023-03-01;Chinchilla de Monte-Aragón;Torrevieja;36;Albacete
2023-03-01;Hellín;Torrevieja;44;Albacete
2023-03-01;Almería;Torrevieja;70;Almería
2023-03-01;Palma;Torrevieja;34;Balears, Illes
2023-03-01;Badalona;Torrevieja;50;Barcelona
2023-03-01;Barcelona;Torrevieja;175;Barcelona
2023-03-01;Cornellà de Llobregat;Torrevieja;34;Barcelona
2023-03-01;Hospitalet de Llobregat, L';Torrevieja;30;Barcelona
2023-03-01;Burgos;Torrevieja;60;Burgos
2023-03-01;Castelló de la Plana;Torrevieja;56;Castellón/Castelló
2023-03-01;Alcázar de San Juan;Torrevieja;31;Ciudad Real
2023-03-01;Ciudad Real;Torrevieja;60;Ciudad Real
2023-03-01;Manzanares;Torrevieja;35;Ciudad Real
2023-03-01;Puertollano;Torrevieja;50;Ciudad Real
2023-03-01;Córdoba;Torrevieja;68;Córdoba
2023-03-01;Cuenca;Torrevieja;30;Cuenca
2023-03-01;Granada;Torrevieja;60;Granada
2023-03-01;Azuqueca de Henares;Torrevieja;56;Guadalajara
2023-03-01;Casar, El;Torrevieja;42;Guadalajara
2023-03-01;Guadalajara;Torrevieja;61;Guadalajara
2023-03-01;Donostia/San Sebastián;Torrevieja;41;Gipuzkoa
2023-03-01;Huelva;Torrevieja;49;Huelva
2023-03-01;Jaén;Torrevieja;30;Jaén
2023-03-01;Logroño;Torrevieja;40;Rioja, La
2023-03-01;Alcalá de Henares;Torrevieja;294;Madrid
2023-03-01;Alcobendas;Torrevieja;110;Madrid
2023-03-01;Alcorcón;Torrevieja;337;Madrid
2023-03-01;Algete;Torrevieja;73;Madrid
2023-03-01;Aranjuez;Torrevieja;99;Madrid
2023-03-01;Arganda del Rey;Torrevieja;100;Madrid
2023-03-01;Arroyomolinos;Torrevieja;64;Madrid
2023-03-01;Boadilla del Monte;Torrevieja;55;Madrid
2023-03-01;Colmenar Viejo;Torrevieja;112;Madrid
2023-03-01;Collado Villalba;Torrevieja;93;Madrid
2023-03-01;Coslada;Torrevieja;128;Madrid
2023-03-01;Escorial, El;Torrevieja;35;Madrid
2023-03-01;Fuenlabrada;Torrevieja;232;Madrid
2023-03-01;Getafe;Torrevieja;304;Madrid
2023-03-01;Humanes de Madrid;Torrevieja;35;Madrid
2023-03-01;Leganés;Torrevieja;330;Madrid
2023-03-01;Loeches;Torrevieja;69;Madrid
2023-03-01;Madrid;Torrevieja;3587;Madrid
2023-03-01;Majadahonda;Torrevieja;41;Madrid
2023-03-01;Mejorada del Campo;Torrevieja;53;Madrid
2023-03-01;Móstoles;Torrevieja;335;Madrid
2023-03-01;Navalcarnero;Torrevieja;63;Madrid
2023-03-01;Nuevo Baztán;Torrevieja;36;Madrid
2023-03-01;Parla;Torrevieja;213;Madrid
2023-03-01;Pinto;Torrevieja;92;Madrid
2023-03-01;Pozuelo de Alarcón;Torrevieja;68;Madrid
2023-03-01;Rivas-Vaciamadrid;Torrevieja;99;Madrid
2023-03-01;Rozas de Madrid, Las;Torrevieja;76;Madrid
2023-03-01;San Fernando de Henares;Torrevieja;89;Madrid
2023-03-01;San Lorenzo de El Escorial;Torrevieja;42;Madrid
2023-03-01;San Sebastián de los Reyes;Torrevieja;134;Madrid
2023-03-01;Torrejón de Ardoz;Torrevieja;253;Madrid
2023-03-01;Torrelodones;Torrevieja;31;Madrid
2023-03-01;Valdemoro;Torrevieja;124;Madrid
2023-03-01;Villarejo de Salvanés;Torrevieja;35;Madrid
2023-03-01;Villaviciosa de Odón;Torrevieja;42;Madrid
2023-03-01;Benalmádena;Torrevieja;33;Málaga
2023-03-01;Fuengirola;Torrevieja;36;Málaga
2023-03-01;Málaga;Torrevieja;69;Málaga
2023-03-01;Marbella;Torrevieja;42;Málaga
2023-03-01;Mijas;Torrevieja;39;Málaga
2023-03-01;Águilas;Torrevieja;43;Murcia
2023-03-01;Alcantarilla;Torrevieja;46;Murcia
2023-03-01;Archena;Torrevieja;47;Murcia
2023-03-01;Beniel;Torrevieja;50;Murcia
2023-03-01;Caravaca de la Cruz;Torrevieja;65;Murcia
2023-03-01;Cartagena;Torrevieja;549;Murcia
2023-03-01;Cieza;Torrevieja;40;Murcia
2023-03-01;Fortuna;Torrevieja;58;Murcia
2023-03-01;Jumilla;Torrevieja;100;Murcia
2023-03-01;Lorca;Torrevieja;31;Murcia
2023-03-01;Molina de Segura;Torrevieja;230;Murcia
2023-03-01;Murcia;Torrevieja;2467;Murcia
2023-03-01;San Javier;Torrevieja;216;Murcia
2023-03-01;San Pedro del Pinatar;Torrevieja;192;Murcia
2023-03-01;Torre-Pacheco;Torrevieja;138;Murcia
2023-03-01;Torres de Cotillas, Las;Torrevieja;54;Murcia
2023-03-01;Yecla;Torrevieja;67;Murcia
2023-03-01;Santomera;Torrevieja;74;Murcia
2023-03-01;Alcázares, Los;Torrevieja;68;Murcia
2023-03-01;Pamplona/Iruña;Torrevieja;76;Navarra
2023-03-01;Gijón;Torrevieja;40;Asturias
2023-03-01;Oviedo;Torrevieja;32;Asturias
2023-03-01;Mogán;Torrevieja;51;Palmas, Las
2023-03-01;Palmas de Gran Canaria, Las;Torrevieja;39;Palmas, Las
2023-03-01;San Bartolomé de Tirajana;Torrevieja;39;Palmas, Las
2023-03-01;Vigo;Torrevieja;42;Pontevedra
2023-03-01;Salamanca;Torrevieja;31;Salamanca
2023-03-01;Santa Cruz de Tenerife;Torrevieja;35;Santa Cruz de Tenerife
2023-03-01;Segovia;Torrevieja;43;Segovia
2023-03-01;Sevilla;Torrevieja;39;Sevilla
2023-03-01;Illescas;Torrevieja;35;Toledo
2023-03-01;Ocaña;Torrevieja;38;Toledo
2023-03-01;Seseña;Torrevieja;67;Toledo
2023-03-01;Talavera de la Reina;Torrevieja;31;Toledo
2023-03-01;Toledo;Torrevieja;48;Toledo
2023-03-01;Alzira;Torrevieja;39;Valencia/València
2023-03-01;Gandia;Torrevieja;32;Valencia/València
2023-03-01;Ontinyent;Torrevieja;37;Valencia/València
2023-03-01;Paterna;Torrevieja;35;Valencia/València
2023-03-01;Picassent;Torrevieja;32;Valencia/València
2023-03-01;Pobla de Vallbona, la;Torrevieja;52;Valencia/València
2023-03-01;Sagunto/Sagunt;Torrevieja;33;Valencia/València
2023-03-01;Torrent;Torrevieja;43;Valencia/València
2023-03-01;València;Torrevieja;497;Valencia/València
2023-03-01;Valladolid;Torrevieja;151;Valladolid
2023-03-01;Barakaldo;Torrevieja;32;Bizkaia
2023-03-01;Bilbao;Torrevieja;92;Bizkaia
2023-03-01;Getxo;Torrevieja;37;Bizkaia
2023-03-01;Santurtzi;Torrevieja;59;Bizkaia
2023-03-01;Zaragoza;Torrevieja;99;Zaragoza
2023-04-01;Vitoria-Gasteiz;Torrevieja;668;Araba/Álava
2023-04-01;Albacete;Torrevieja;1394;Albacete
2023-04-01;Almansa;Torrevieja;56;Albacete
2023-04-01;Barrax;Torrevieja;44;Albacete
2023-04-01;Caudete;Torrevieja;35;Albacete
2023-04-01;Chinchilla de Monte-Aragón;Torrevieja;64;Albacete
2023-04-01;Hellín;Torrevieja;52;Albacete
2023-04-01;Roda, La;Torrevieja;53;Albacete
2023-04-01;Villarrobledo;Torrevieja;87;Albacete
2023-04-01;Pozo Cañada;Torrevieja;51;Albacete
2023-04-01;Almería;Torrevieja;50;Almería
2023-04-01;Roquetas de Mar;Torrevieja;41;Almería
2023-04-01;Arévalo;Torrevieja;40;Ávila
2023-04-01;Ávila;Torrevieja;107;Ávila
2023-04-01;Badajoz;Torrevieja;41;Badajoz
2023-04-01;Palma;Torrevieja;45;Balears, Illes
2023-04-01;Badalona;Torrevieja;37;Barcelona
2023-04-01;Barcelona;Torrevieja;298;Barcelona
2023-04-01;Cornellà de Llobregat;Torrevieja;34;Barcelona
2023-04-01;Hospitalet de Llobregat, L';Torrevieja;54;Barcelona
2023-04-01;Sabadell;Torrevieja;32;Barcelona
2023-04-01;Terrassa;Torrevieja;35;Barcelona
2023-04-01;Aranda de Duero;Torrevieja;65;Burgos
2023-04-01;Burgos;Torrevieja;348;Burgos
2023-04-01;Miranda de Ebro;Torrevieja;49;Burgos
2023-04-01;Cáceres;Torrevieja;54;Cáceres
2023-04-01;Castelló de la Plana;Torrevieja;51;Castellón/Castelló
2023-04-01;Vila-real;Torrevieja;36;Castellón/Castelló
2023-04-01;Alcázar de San Juan;Torrevieja;77;Ciudad Real
2023-04-01;Campo de Criptana;Torrevieja;32;Ciudad Real
2023-04-01;Ciudad Real;Torrevieja;186;Ciudad Real
2023-04-01;Herencia;Torrevieja;55;Ciudad Real
2023-04-01;Manzanares;Torrevieja;49;Ciudad Real
2023-04-01;Miguelturra;Torrevieja;59;Ciudad Real
2023-04-01;Pedro Muñoz;Torrevieja;68;Ciudad Real
2023-04-01;Puertollano;Torrevieja;130;Ciudad Real
2023-04-01;Socuéllamos;Torrevieja;45;Ciudad Real
2023-04-01;Tomelloso;Torrevieja;89;Ciudad Real
2023-04-01;Valdepeñas;Torrevieja;39;Ciudad Real
2023-04-01;Villarrubia de los Ojos;Torrevieja;36;Ciudad Real
2023-04-01;Córdoba;Torrevieja;76;Córdoba
2023-04-01;Coruña, A;Torrevieja;39;Coruña, A
2023-04-01;Cuenca;Torrevieja;52;Cuenca
2023-04-01;San Clemente;Torrevieja;46;Cuenca
2023-04-01;Tarancón;Torrevieja;30;Cuenca
2023-04-01;Girona;Torrevieja;36;Girona
2023-04-01;Granada;Torrevieja;95;Granada
2023-04-01;Alovera;Torrevieja;48;Guadalajara
2023-04-01;Azuqueca de Henares;Torrevieja;116;Guadalajara
2023-04-01;Casar, El;Torrevieja;52;Guadalajara
2023-04-01;Guadalajara;Torrevieja;192;Guadalajara
2023-04-01;Torrejón del Rey;Torrevieja;39;Guadalajara
2023-04-01;Villanueva de la Torre;Torrevieja;31;Guadalajara
2023-04-01;Eibar;Torrevieja;40;Gipuzkoa
2023-04-01;Elgoibar;Torrevieja;49;Gipuzkoa
2023-04-01;Hernani;Torrevieja;39;Gipuzkoa
2023-04-01;Irun;Torrevieja;38;Gipuzkoa
2023-04-01;Errenteria;Torrevieja;48;Gipuzkoa
2023-04-01;Donostia/San Sebastián;Torrevieja;204;Gipuzkoa
2023-04-01;Lasarte-Oria;Torrevieja;39;Gipuzkoa
2023-04-01;León;Torrevieja;71;León
2023-04-01;Ponferrada;Torrevieja;33;León
2023-04-01;Lleida;Torrevieja;30;Lleida
2023-04-01;Logroño;Torrevieja;157;Rioja, La
2023-04-01;Lugo;Torrevieja;38;Lugo
2023-04-01;Álamo, El;Torrevieja;93;Madrid
2023-04-01;Alcalá de Henares;Torrevieja;1119;Madrid
2023-04-01;Alcobendas;Torrevieja;508;Madrid
2023-04-01;Alcorcón;Torrevieja;1214;Madrid
2023-04-01;Algete;Torrevieja;78;Madrid
2023-04-01;Alpedrete;Torrevieja;44;Madrid
2023-04-01;Aranjuez;Torrevieja;246;Madrid
2023-04-01;Arganda del Rey;Torrevieja;316;Madrid
2023-04-01;Arroyomolinos;Torrevieja;194;Madrid
2023-04-01;Becerril de la Sierra;Torrevieja;35;Madrid
2023-04-01;Belmonte de Tajo;Torrevieja;44;Madrid
2023-04-01;Boadilla del Monte;Torrevieja;161;Madrid
2023-04-01;Boalo, El;Torrevieja;49;Madrid
2023-04-01;Brunete;Torrevieja;44;Madrid
2023-04-01;Cabrera, La;Torrevieja;33;Madrid
2023-04-01;Camarma de Esteruelas;Torrevieja;78;Madrid
2023-04-01;Campo Real;Torrevieja;42;Madrid
2023-04-01;Carabaña;Torrevieja;38;Madrid
2023-04-01;Casarrubuelos;Torrevieja;63;Madrid
2023-04-01;Ciempozuelos;Torrevieja;114;Madrid
2023-04-01;Cobeña;Torrevieja;31;Madrid
2023-04-01;Colmenar de Oreja;Torrevieja;65;Madrid
2023-04-01;Colmenar Viejo;Torrevieja;358;Madrid
2023-04-01;Collado Villalba;Torrevieja;236;Madrid
2023-04-01;Coslada;Torrevieja;603;Madrid
2023-04-01;Cubas de la Sagra;Torrevieja;64;Madrid
2023-04-01;Daganzo de Arriba;Torrevieja;87;Madrid
2023-04-01;Escorial, El;Torrevieja;53;Madrid
2023-04-01;Fuenlabrada;Torrevieja;1071;Madrid
2023-04-01;Fuente el Saz de Jarama;Torrevieja;38;Madrid
2023-04-01;Galapagar;Torrevieja;68;Madrid
2023-04-01;Getafe;Torrevieja;1329;Madrid
2023-04-01;Griñón;Torrevieja;86;Madrid
2023-04-01;Guadarrama;Torrevieja;62;Madrid
2023-04-01;Hoyo de Manzanares;Torrevieja;55;Madrid
2023-04-01;Humanes de Madrid;Torrevieja;140;Madrid
2023-04-01;Leganés;Torrevieja;1278;Madrid
2023-04-01;Loeches;Torrevieja;67;Madrid
2023-04-01;Madrid;Torrevieja;12272;Madrid
2023-04-01;Majadahonda;Torrevieja;138;Madrid
2023-04-01;Meco;Torrevieja;83;Madrid
2023-04-01;Mejorada del Campo;Torrevieja;263;Madrid
2023-04-01;Molar, El;Torrevieja;42;Madrid
2023-04-01;Moraleja de Enmedio;Torrevieja;68;Madrid
2023-04-01;Moralzarzal;Torrevieja;48;Madrid
2023-04-01;Móstoles;Torrevieja;1229;Madrid
2023-04-01;Navalcarnero;Torrevieja;168;Madrid
2023-04-01;Nuevo Baztán;Torrevieja;33;Madrid
2023-04-01;Paracuellos de Jarama;Torrevieja;122;Madrid
2023-04-01;Parla;Torrevieja;888;Madrid
2023-04-01;Pedrezuela;Torrevieja;38;Madrid
2023-04-01;Pinto;Torrevieja;269;Madrid
2023-04-01;Pozuelo de Alarcón;Torrevieja;177;Madrid
2023-04-01;Pozuelo del Rey;Torrevieja;31;Madrid
2023-04-01;Rivas-Vaciamadrid;Torrevieja;498;Madrid
2023-04-01;Rozas de Madrid, Las;Torrevieja;263;Madrid
2023-04-01;San Agustín del Guadalix;Torrevieja;76;Madrid
2023-04-01;San Fernando de Henares;Torrevieja;325;Madrid
2023-04-01;San Lorenzo de El Escorial;Torrevieja;61;Madrid
2023-04-01;San Martín de la Vega;Torrevieja;71;Madrid
2023-04-01;San Sebastián de los Reyes;Torrevieja;498;Madrid
2023-04-01;Serranillos del Valle;Torrevieja;31;Madrid
2023-04-01;Soto del Real;Torrevieja;67;Madrid
2023-04-01;Torrejón de Ardoz;Torrevieja;763;Madrid
2023-04-01;Torrejón de la Calzada;Torrevieja;61;Madrid
2023-04-01;Torrejón de Velasco;Torrevieja;42;Madrid
2023-04-01;Torrelodones;Torrevieja;36;Madrid
2023-04-01;Torres de la Alameda;Torrevieja;64;Madrid
2023-04-01;Valdemorillo;Torrevieja;50;Madrid
2023-04-01;Valdemoro;Torrevieja;484;Madrid
2023-04-01;Valdilecha;Torrevieja;65;Madrid
2023-04-01;Velilla de San Antonio;Torrevieja;81;Madrid
2023-04-01;Villa del Prado;Torrevieja;36;Madrid
2023-04-01;Villalbilla;Torrevieja;63;Madrid
2023-04-01;Villanueva de la Cañada;Torrevieja;58;Madrid
2023-04-01;Villanueva del Pardillo;Torrevieja;74;Madrid
2023-04-01;Villarejo de Salvanés;Torrevieja;30;Madrid
2023-04-01;Villaviciosa de Odón;Torrevieja;66;Madrid
2023-04-01;Tres Cantos;Torrevieja;120;Madrid
2023-04-01;Benalmádena;Torrevieja;39;Málaga
2023-04-01;Fuengirola;Torrevieja;45;Málaga
2023-04-01;Málaga;Torrevieja;87;Málaga
2023-04-01;Marbella;Torrevieja;40;Málaga
2023-04-01;Mijas;Torrevieja;41;Málaga
2023-04-01;Vélez-Málaga;Torrevieja;33;Málaga
2023-04-01;Abanilla;Torrevieja;30;Murcia
2023-04-01;Abarán;Torrevieja;38;Murcia
2023-04-01;Águilas;Torrevieja;52;Murcia
2023-04-01;Alcantarilla;Torrevieja;115;Murcia
2023-04-01;Alguazas;Torrevieja;50;Murcia
2023-04-01;Archena;Torrevieja;68;Murcia
2023-04-01;Beniel;Torrevieja;64;Murcia
2023-04-01;Caravaca de la Cruz;Torrevieja;54;Murcia
2023-04-01;Cartagena;Torrevieja;724;Murcia
2023-04-01;Ceutí;Torrevieja;51;Murcia
2023-04-01;Cieza;Torrevieja;101;Murcia
2023-04-01;Fortuna;Torrevieja;63;Murcia
2023-04-01;Jumilla;Torrevieja;74;Murcia
2023-04-01;Lorca;Torrevieja;40;Murcia
2023-04-01;Lorquí;Torrevieja;32;Murcia
2023-04-01;Mazarrón;Torrevieja;46;Murcia
2023-04-01;Molina de Segura;Torrevieja;360;Murcia
2023-04-01;Mula;Torrevieja;67;Murcia
2023-04-01;Murcia;Torrevieja;3689;Murcia
2023-04-01;San Javier;Torrevieja;318;Murcia
2023-04-01;San Pedro del Pinatar;Torrevieja;185;Murcia
2023-04-01;Torre-Pacheco;Torrevieja;182;Murcia
2023-04-01;Torres de Cotillas, Las;Torrevieja;98;Murcia
2023-04-01;Unión, La;Torrevieja;62;Murcia
2023-04-01;Yecla;Torrevieja;157;Murcia
2023-04-01;Santomera;Torrevieja;101;Murcia
2023-04-01;Alcázares, Los;Torrevieja;69;Murcia
2023-04-01;Burlada/Burlata;Torrevieja;37;Navarra
2023-04-01;Estella-Lizarra;Torrevieja;37;Navarra
2023-04-01;Pamplona/Iruña;Torrevieja;222;Navarra
2023-04-01;Ourense;Torrevieja;31;Ourense
2023-04-01;Avilés;Torrevieja;40;Asturias
2023-04-01;Gijón;Torrevieja;107;Asturias
2023-04-01;Oviedo;Torrevieja;104;Asturias
2023-04-01;Palencia;Torrevieja;72;Palencia
2023-04-01;San Bartolomé de Tirajana;Torrevieja;40;Palmas, Las
2023-04-01;Salamanca;Torrevieja;130;Salamanca
2023-04-01;Puerto de la Cruz;Torrevieja;34;Santa Cruz de Tenerife
2023-04-01;Santa Cruz de Tenerife;Torrevieja;48;Santa Cruz de Tenerife
2023-04-01;Castro-Urdiales;Torrevieja;31;Cantabria
2023-04-01;Santander;Torrevieja;33;Cantabria
2023-04-01;Segovia;Torrevieja;102;Segovia
2023-04-01;Sevilla;Torrevieja;73;Sevilla
2023-04-01;Soria;Torrevieja;37;Soria
2023-04-01;Bargas;Torrevieja;38;Toledo
2023-04-01;Camuñas;Torrevieja;38;Toledo
2023-04-01;Carranque;Torrevieja;38;Toledo
2023-04-01;Illescas;Torrevieja;133;Toledo
2023-04-01;Madridejos;Torrevieja;33;Toledo
2023-04-01;Nambroca;Torrevieja;38;Toledo
2023-04-01;Numancia de la Sagra;Torrevieja;37;Toledo
2023-04-01;Ocaña;Torrevieja;57;Toledo
2023-04-01;Ontígola;Torrevieja;40;Toledo
2023-04-01;Quintanar de la Orden;Torrevieja;52;Toledo
2023-04-01;Recas;Torrevieja;34;Toledo
2023-04-01;Santa Cruz de la Zarza;Torrevieja;31;Toledo
2023-04-01;Seseña;Torrevieja;147;Toledo
2023-04-01;Sonseca;Torrevieja;32;Toledo
2023-04-01;Talavera de la Reina;Torrevieja;129;Toledo
2023-04-01;Toledo;Torrevieja;238;Toledo
2023-04-01;Torrijos;Torrevieja;44;Toledo
2023-04-01;Villacañas;Torrevieja;49;Toledo
2023-04-01;Villatobas;Torrevieja;33;Toledo
2023-04-01;Viso de San Juan, El;Torrevieja;48;Toledo
2023-04-01;Yeles;Torrevieja;33;Toledo
2023-04-01;Yepes;Torrevieja;35;Toledo
2023-04-01;Yuncos;Torrevieja;76;Toledo
2023-04-01;Alzira;Torrevieja;48;Valencia/València
2023-04-01;Aldaia;Torrevieja;35;Valencia/València
2023-04-01;Algemesí;Torrevieja;32;Valencia/València
2023-04-01;Burjassot;Torrevieja;39;Valencia/València
2023-04-01;Carcaixent;Torrevieja;39;Valencia/València
2023-04-01;Cullera;Torrevieja;42;Valencia/València
2023-04-01;Gandia;Torrevieja;59;Valencia/València
2023-04-01;Manises;Torrevieja;39;Valencia/València
2023-04-01;Mislata;Torrevieja;37;Valencia/València
2023-04-01;Ontinyent;Torrevieja;38;Valencia/València
2023-04-01;Paterna;Torrevieja;56;Valencia/València
2023-04-01;Picassent;Torrevieja;30;Valencia/València
2023-04-01;Sagunto/Sagunt;Torrevieja;43;Valencia/València
2023-04-01;Torrent;Torrevieja;54;Valencia/València
2023-04-01;València;Torrevieja;851;Valencia/València
2023-04-01;Arroyo de la Encomienda;Torrevieja;40;Valladolid
2023-04-01;Laguna de Duero;Torrevieja;40;Valladolid
2023-04-01;Valladolid;Torrevieja;496;Valladolid
2023-04-01;Amorebieta-Etxano;Torrevieja;60;Bizkaia
2023-04-01;Barakaldo;Torrevieja;117;Bizkaia
2023-04-01;Basauri;Torrevieja;68;Bizkaia
2023-04-01;Bilbao;Torrevieja;409;Bizkaia
2023-04-01;Durango;Torrevieja;57;Bizkaia
2023-04-01;Ermua;Torrevieja;38;Bizkaia
2023-04-01;Galdakao;Torrevieja;41;Bizkaia
2023-04-01;Getxo;Torrevieja;67;Bizkaia
2023-04-01;Leioa;Torrevieja;46;Bizkaia
2023-04-01;Ondarroa;Torrevieja;56;Bizkaia
2023-04-01;Portugalete;Torrevieja;46;Bizkaia
2023-04-01;Santurtzi;Torrevieja;99;Bizkaia
2023-04-01;Sopela;Torrevieja;35;Bizkaia
2023-04-01;Erandio;Torrevieja;41;Bizkaia
2023-04-01;Zamora;Torrevieja;48;Zamora
2023-04-01;Zaragoza;Torrevieja;278;Zaragoza
2023-05-01;Vitoria-Gasteiz;Torrevieja;338;Araba/Álava
2023-05-01;Albacete;Torrevieja;802;Albacete
2023-05-01;Almansa;Torrevieja;32;Albacete
2023-05-01;Caudete;Torrevieja;47;Albacete
2023-05-01;Chinchilla de Monte-Aragón;Torrevieja;42;Albacete
2023-05-01;Hellín;Torrevieja;75;Albacete
2023-05-01;Roda, La;Torrevieja;32;Albacete
2023-05-01;Villarrobledo;Torrevieja;36;Albacete
2023-05-01;Almería;Torrevieja;59;Almería
2023-05-01;Roquetas de Mar;Torrevieja;36;Almería
2023-05-01;Ávila;Torrevieja;47;Ávila
2023-05-01;Palma;Torrevieja;50;Balears, Illes
2023-05-01;Badalona;Torrevieja;34;Barcelona
2023-05-01;Barcelona;Torrevieja;179;Barcelona
2023-05-01;Calella;Torrevieja;36;Barcelona
2023-05-01;Burgos;Torrevieja;162;Burgos
2023-05-01;Miranda de Ebro;Torrevieja;30;Burgos
2023-05-01;Castelló de la Plana;Torrevieja;53;Castellón/Castelló
2023-05-01;Alcázar de San Juan;Torrevieja;47;Ciudad Real
2023-05-01;Argamasilla de Alba;Torrevieja;65;Ciudad Real
2023-05-01;Argamasilla de Calatrava;Torrevieja;30;Ciudad Real
2023-05-01;Carrizosa;Torrevieja;30;Ciudad Real
2023-05-01;Ciudad Real;Torrevieja;83;Ciudad Real
2023-05-01;Pedro Muñoz;Torrevieja;34;Ciudad Real
2023-05-01;Puertollano;Torrevieja;58;Ciudad Real
2023-05-01;Socuéllamos;Torrevieja;41;Ciudad Real
2023-05-01;Tomelloso;Torrevieja;92;Ciudad Real
2023-05-01;Valdepeñas;Torrevieja;47;Ciudad Real
2023-05-01;Córdoba;Torrevieja;30;Córdoba
2023-05-01;Coruña, A;Torrevieja;56;Coruña, A
2023-05-01;Granada;Torrevieja;65;Granada
2023-05-01;Azuqueca de Henares;Torrevieja;76;Guadalajara
2023-05-01;Casar, El;Torrevieja;43;Guadalajara
2023-05-01;Guadalajara;Torrevieja;57;Guadalajara
2023-05-01;Donostia/San Sebastián;Torrevieja;96;Gipuzkoa
2023-05-01;León;Torrevieja;49;León
2023-05-01;Logroño;Torrevieja;59;Rioja, La
2023-05-01;Álamo, El;Torrevieja;52;Madrid
2023-05-01;Alcalá de Henares;Torrevieja;734;Madrid
2023-05-01;Alcobendas;Torrevieja;253;Madrid
2023-05-01;Alcorcón;Torrevieja;666;Madrid
2023-05-01;Algete;Torrevieja;56;Madrid
2023-05-01;Alpedrete;Torrevieja;30;Madrid
2023-05-01;Aranjuez;Torrevieja;167;Madrid
2023-05-01;Arganda del Rey;Torrevieja;208;Madrid
2023-05-01;Arroyomolinos;Torrevieja;147;Madrid
2023-05-01;Belmonte de Tajo;Torrevieja;32;Madrid
2023-05-01;Boadilla del Monte;Torrevieja;100;Madrid
2023-05-01;Brunete;Torrevieja;43;Madrid
2023-05-01;Casarrubuelos;Torrevieja;64;Madrid
2023-05-01;Ciempozuelos;Torrevieja;50;Madrid
2023-05-01;Colmenar Viejo;Torrevieja;167;Madrid
2023-05-01;Collado Villalba;Torrevieja;109;Madrid
2023-05-01;Coslada;Torrevieja;359;Madrid
2023-05-01;Cubas de la Sagra;Torrevieja;107;Madrid
2023-05-01;Daganzo de Arriba;Torrevieja;66;Madrid
2023-05-01;Escorial, El;Torrevieja;35;Madrid
2023-05-01;Fuenlabrada;Torrevieja;580;Madrid
2023-05-01;Galapagar;Torrevieja;77;Madrid
2023-05-01;Getafe;Torrevieja;729;Madrid
2023-05-01;Griñón;Torrevieja;40;Madrid
2023-05-01;Guadarrama;Torrevieja;48;Madrid
2023-05-01;Humanes de Madrid;Torrevieja;68;Madrid
2023-05-01;Leganés;Torrevieja;706;Madrid
2023-05-01;Loeches;Torrevieja;54;Madrid
2023-05-01;Madrid;Torrevieja;7542;Madrid
2023-05-01;Majadahonda;Torrevieja;94;Madrid
2023-05-01;Meco;Torrevieja;54;Madrid
2023-05-01;Mejorada del Campo;Torrevieja;126;Madrid
2023-05-01;Molar, El;Torrevieja;38;Madrid
2023-05-01;Moraleja de Enmedio;Torrevieja;33;Madrid
2023-05-01;Móstoles;Torrevieja;705;Madrid
2023-05-01;Navalcarnero;Torrevieja;132;Madrid
2023-05-01;Paracuellos de Jarama;Torrevieja;66;Madrid
2023-05-01;Parla;Torrevieja;520;Madrid
2023-05-01;Pinto;Torrevieja;192;Madrid
2023-05-01;Pozuelo de Alarcón;Torrevieja;144;Madrid
2023-05-01;Pozuelo del Rey;Torrevieja;38;Madrid
2023-05-01;Rivas-Vaciamadrid;Torrevieja;247;Madrid
2023-05-01;Rozas de Madrid, Las;Torrevieja;158;Madrid
2023-05-01;San Agustín del Guadalix;Torrevieja;39;Madrid
2023-05-01;San Fernando de Henares;Torrevieja;188;Madrid
2023-05-01;San Lorenzo de El Escorial;Torrevieja;37;Madrid
2023-05-01;San Martín de la Vega;Torrevieja;63;Madrid
2023-05-01;San Sebastián de los Reyes;Torrevieja;273;Madrid
2023-05-01;Torrejón de Ardoz;Torrevieja;418;Madrid
2023-05-01;Torrejón de la Calzada;Torrevieja;44;Madrid
2023-05-01;Torrejón de Velasco;Torrevieja;51;Madrid
2023-05-01;Valdemoro;Torrevieja;234;Madrid
2023-05-01;Velilla de San Antonio;Torrevieja;38;Madrid
2023-05-01;Villa del Prado;Torrevieja;32;Madrid
2023-05-01;Villalbilla;Torrevieja;46;Madrid
2023-05-01;Villanueva de la Cañada;Torrevieja;36;Madrid
2023-05-01;Villanueva del Pardillo;Torrevieja;38;Madrid
2023-05-01;Villaviciosa de Odón;Torrevieja;32;Madrid
2023-05-01;Tres Cantos;Torrevieja;87;Madrid
2023-05-01;Benalmádena;Torrevieja;34;Málaga
2023-05-01;Estepona;Torrevieja;39;Málaga
2023-05-01;Fuengirola;Torrevieja;34;Málaga
2023-05-01;Málaga;Torrevieja;112;Málaga
2023-05-01;Marbella;Torrevieja;39;Málaga
2023-05-01;Mijas;Torrevieja;34;Málaga
2023-05-01;Águilas;Torrevieja;46;Murcia
2023-05-01;Alcantarilla;Torrevieja;64;Murcia
2023-05-01;Archena;Torrevieja;88;Murcia
2023-05-01;Beniel;Torrevieja;50;Murcia
2023-05-01;Caravaca de la Cruz;Torrevieja;67;Murcia
2023-05-01;Cartagena;Torrevieja;766;Murcia
2023-05-01;Ceutí;Torrevieja;35;Murcia
2023-05-01;Cieza;Torrevieja;66;Murcia
2023-05-01;Fortuna;Torrevieja;45;Murcia
2023-05-01;Jumilla;Torrevieja;98;Murcia
2023-05-01;Lorca;Torrevieja;48;Murcia
2023-05-01;Mazarrón;Torrevieja;37;Murcia
2023-05-01;Molina de Segura;Torrevieja;271;Murcia
2023-05-01;Mula;Torrevieja;68;Murcia
2023-05-01;Murcia;Torrevieja;3075;Murcia
2023-05-01;San Javier;Torrevieja;274;Murcia
2023-05-01;San Pedro del Pinatar;Torrevieja;195;Murcia
2023-05-01;Torre-Pacheco;Torrevieja;206;Murcia
2023-05-01;Torres de Cotillas, Las;Torrevieja;70;Murcia
2023-05-01;Totana;Torrevieja;46;Murcia
2023-05-01;Unión, La;Torrevieja;43;Murcia
2023-05-01;Yecla;Torrevieja;103;Murcia
2023-05-01;Santomera;Torrevieja;79;Murcia
2023-05-01;Alcázares, Los;Torrevieja;79;Murcia
2023-05-01;Pamplona/Iruña;Torrevieja;102;Navarra
2023-05-01;Avilés;Torrevieja;39;Asturias
2023-05-01;Gijón;Torrevieja;62;Asturias
2023-05-01;Oviedo;Torrevieja;67;Asturias
2023-05-01;Palmas de Gran Canaria, Las;Torrevieja;35;Palmas, Las
2023-05-01;Vigo;Torrevieja;42;Pontevedra
2023-05-01;Salamanca;Torrevieja;75;Salamanca
2023-05-01;Segovia;Torrevieja;79;Segovia
2023-05-01;Sevilla;Torrevieja;57;Sevilla
2023-05-01;Casarrubios del Monte;Torrevieja;32;Toledo
2023-05-01;Illescas;Torrevieja;90;Toledo
2023-05-01;Méntrida;Torrevieja;42;Toledo
2023-05-01;Ocaña;Torrevieja;30;Toledo
2023-05-01;Quintanar de la Orden;Torrevieja;49;Toledo
2023-05-01;Seseña;Torrevieja;87;Toledo
2023-05-01;Talavera de la Reina;Torrevieja;71;Toledo
2023-05-01;Toledo;Torrevieja;120;Toledo
2023-05-01;Ugena;Torrevieja;32;Toledo
2023-05-01;Villacañas;Torrevieja;32;Toledo
2023-05-01;Yuncos;Torrevieja;31;Toledo
2023-05-01;Alaquàs;Torrevieja;61;Valencia/València
2023-05-01;Albalat de la Ribera;Torrevieja;34;Valencia/València
2023-05-01;Alzira;Torrevieja;61;Valencia/València
2023-05-01;Benetússer;Torrevieja;32;Valencia/València
2023-05-01;Gandia;Torrevieja;50;Valencia/València
2023-05-01;Xàtiva;Torrevieja;35;Valencia/València
2023-05-01;Ontinyent;Torrevieja;46;Valencia/València
2023-05-01;Paterna;Torrevieja;51;Valencia/València
2023-05-01;Sagunto/Sagunt;Torrevieja;39;Valencia/València
2023-05-01;Torrent;Torrevieja;50;Valencia/València
2023-05-01;València;Torrevieja;606;Valencia/València
2023-05-01;Valladolid;Torrevieja;183;Valladolid
2023-05-01;Barakaldo;Torrevieja;40;Bizkaia
2023-05-01;Basauri;Torrevieja;45;Bizkaia
2023-05-01;Bilbao;Torrevieja;173;Bizkaia
2023-05-01;Getxo;Torrevieja;40;Bizkaia
2023-05-01;Leioa;Torrevieja;35;Bizkaia
2023-05-01;Santurtzi;Torrevieja;46;Bizkaia
2023-05-01;Zamora;Torrevieja;36;Zamora
2023-05-01;Zaragoza;Torrevieja;119;Zaragoza
2023-06-01;Vitoria-Gasteiz;Torrevieja;382;Araba/Álava
2023-06-01;Albacete;Torrevieja;1366;Albacete
2023-06-01;Almansa;Torrevieja;60;Albacete
2023-06-01;Chinchilla de Monte-Aragón;Torrevieja;79;Albacete
2023-06-01;Hellín;Torrevieja;76;Albacete
2023-06-01;Roda, La;Torrevieja;56;Albacete
2023-06-01;Villarrobledo;Torrevieja;63;Albacete
2023-06-01;Adra;Torrevieja;32;Almería
2023-06-01;Almería;Torrevieja;65;Almería
2023-06-01;Roquetas de Mar;Torrevieja;34;Almería
2023-06-01;Vélez-Rubio;Torrevieja;49;Almería
2023-06-01;Ávila;Torrevieja;60;Ávila
2023-06-01;Calvià;Torrevieja;36;Balears, Illes
2023-06-01;Palma;Torrevieja;50;Balears, Illes
2023-06-01;Barcelona;Torrevieja;263;Barcelona
2023-06-01;Aranda de Duero;Torrevieja;48;Burgos
2023-06-01;Burgos;Torrevieja;173;Burgos
2023-06-01;Algeciras;Torrevieja;62;Cádiz
2023-06-01;Cádiz;Torrevieja;69;Cádiz
2023-06-01;Conil de la Frontera;Torrevieja;32;Cádiz
2023-06-01;Borriana/Burriana;Torrevieja;38;Castellón/Castelló
2023-06-01;Castelló de la Plana;Torrevieja;47;Castellón/Castelló
2023-06-01;Peníscola/Peñíscola;Torrevieja;30;Castellón/Castelló
2023-06-01;Alcázar de San Juan;Torrevieja;64;Ciudad Real
2023-06-01;Argamasilla de Alba;Torrevieja;57;Ciudad Real
2023-06-01;Campo de Criptana;Torrevieja;41;Ciudad Real
2023-06-01;Ciudad Real;Torrevieja;130;Ciudad Real
2023-06-01;Manzanares;Torrevieja;44;Ciudad Real
2023-06-01;Miguelturra;Torrevieja;53;Ciudad Real
2023-06-01;Pedro Muñoz;Torrevieja;49;Ciudad Real
2023-06-01;Puertollano;Torrevieja;90;Ciudad Real
2023-06-01;Tomelloso;Torrevieja;89;Ciudad Real
2023-06-01;Valdepeñas;Torrevieja;42;Ciudad Real
2023-06-01;Córdoba;Torrevieja;37;Córdoba
2023-06-01;Coruña, A;Torrevieja;47;Coruña, A
2023-06-01;Santiago de Compostela;Torrevieja;47;Coruña, A
2023-06-01;Cuenca;Torrevieja;69;Cuenca
2023-06-01;San Clemente;Torrevieja;33;Cuenca
2023-06-01;Lloret de Mar;Torrevieja;42;Girona
2023-06-01;Granada;Torrevieja;69;Granada
2023-06-01;Azuqueca de Henares;Torrevieja;76;Guadalajara
2023-06-01;Casar, El;Torrevieja;40;Guadalajara
2023-06-01;Guadalajara;Torrevieja;107;Guadalajara
2023-06-01;Donostia/San Sebastián;Torrevieja;126;Gipuzkoa
2023-06-01;León;Torrevieja;59;León
2023-06-01;Ponferrada;Torrevieja;31;León
2023-06-01;Logroño;Torrevieja;146;Rioja, La
2023-06-01;Alcalá de Henares;Torrevieja;541;Madrid
2023-06-01;Alcobendas;Torrevieja;212;Madrid
2023-06-01;Alcorcón;Torrevieja;518;Madrid
2023-06-01;Algete;Torrevieja;40;Madrid
2023-06-01;Alpedrete;Torrevieja;41;Madrid
2023-06-01;Aranjuez;Torrevieja;100;Madrid
2023-06-01;Arganda del Rey;Torrevieja;126;Madrid
2023-06-01;Arroyomolinos;Torrevieja;98;Madrid
2023-06-01;Boadilla del Monte;Torrevieja;72;Madrid
2023-06-01;Brunete;Torrevieja;30;Madrid
2023-06-01;Camarma de Esteruelas;Torrevieja;33;Madrid
2023-06-01;Ciempozuelos;Torrevieja;57;Madrid
2023-06-01;Colmenar de Oreja;Torrevieja;32;Madrid
2023-06-01;Colmenar Viejo;Torrevieja;169;Madrid
2023-06-01;Collado Villalba;Torrevieja;132;Madrid
2023-06-01;Coslada;Torrevieja;245;Madrid
2023-06-01;Escorial, El;Torrevieja;34;Madrid
2023-06-01;Fuenlabrada;Torrevieja;394;Madrid
2023-06-01;Galapagar;Torrevieja;33;Madrid
2023-06-01;Getafe;Torrevieja;515;Madrid
2023-06-01;Griñón;Torrevieja;40;Madrid
2023-06-01;Guadarrama;Torrevieja;63;Madrid
2023-06-01;Humanes de Madrid;Torrevieja;80;Madrid
2023-06-01;Leganés;Torrevieja;512;Madrid
2023-06-01;Loeches;Torrevieja;49;Madrid
2023-06-01;Madrid;Torrevieja;6129;Madrid
2023-06-01;Majadahonda;Torrevieja;61;Madrid
2023-06-01;Meco;Torrevieja;53;Madrid
2023-06-01;Mejorada del Campo;Torrevieja;96;Madrid
2023-06-01;Moralzarzal;Torrevieja;42;Madrid
2023-06-01;Móstoles;Torrevieja;457;Madrid
2023-06-01;Navalcarnero;Torrevieja;50;Madrid
2023-06-01;Paracuellos de Jarama;Torrevieja;53;Madrid
2023-06-01;Parla;Torrevieja;349;Madrid
2023-06-01;Pinto;Torrevieja;136;Madrid
2023-06-01;Pozuelo de Alarcón;Torrevieja;85;Madrid
2023-06-01;Rivas-Vaciamadrid;Torrevieja;159;Madrid
2023-06-01;Rozas de Madrid, Las;Torrevieja;134;Madrid
2023-06-01;San Fernando de Henares;Torrevieja;131;Madrid
2023-06-01;San Lorenzo de El Escorial;Torrevieja;32;Madrid
2023-06-01;San Martín de la Vega;Torrevieja;35;Madrid
2023-06-01;San Sebastián de los Reyes;Torrevieja;251;Madrid
2023-06-01;Soto del Real;Torrevieja;34;Madrid
2023-06-01;Torrejón de Ardoz;Torrevieja;371;Madrid
2023-06-01;Torrelodones;Torrevieja;31;Madrid
2023-06-01;Valdemoro;Torrevieja;221;Madrid
2023-06-01;Villalbilla;Torrevieja;34;Madrid
2023-06-01;Villanueva de la Cañada;Torrevieja;32;Madrid
2023-06-01;Villaviciosa de Odón;Torrevieja;54;Madrid
2023-06-01;Tres Cantos;Torrevieja;75;Madrid
2023-06-01;Benalmádena;Torrevieja;35;Málaga
2023-06-01;Fuengirola;Torrevieja;43;Málaga
2023-06-01;Málaga;Torrevieja;79;Málaga
2023-06-01;Marbella;Torrevieja;48;Málaga
2023-06-01;Mijas;Torrevieja;48;Málaga
2023-06-01;Águilas;Torrevieja;57;Murcia
2023-06-01;Alcantarilla;Torrevieja;120;Murcia
2023-06-01;Alguazas;Torrevieja;35;Murcia
2023-06-01;Alhama de Murcia;Torrevieja;36;Murcia
2023-06-01;Archena;Torrevieja;98;Murcia
2023-06-01;Beniel;Torrevieja;98;Murcia
2023-06-01;Blanca;Torrevieja;45;Murcia
2023-06-01;Bullas;Torrevieja;38;Murcia
2023-06-01;Caravaca de la Cruz;Torrevieja;55;Murcia
2023-06-01;Cartagena;Torrevieja;874;Murcia
2023-06-01;Ceutí;Torrevieja;70;Murcia
2023-06-01;Cieza;Torrevieja;105;Murcia
2023-06-01;Fortuna;Torrevieja;86;Murcia
2023-06-01;Jumilla;Torrevieja;71;Murcia
2023-06-01;Lorca;Torrevieja;68;Murcia
2023-06-01;Lorquí;Torrevieja;41;Murcia
2023-06-01;Mazarrón;Torrevieja;61;Murcia
2023-06-01;Molina de Segura;Torrevieja;433;Murcia
2023-06-01;Mula;Torrevieja;69;Murcia
2023-06-01;Murcia;Torrevieja;5091;Murcia
2023-06-01;San Javier;Torrevieja;361;Murcia
2023-06-01;San Pedro del Pinatar;Torrevieja;268;Murcia
2023-06-01;Torre-Pacheco;Torrevieja;216;Murcia
2023-06-01;Torres de Cotillas, Las;Torrevieja;115;Murcia
2023-06-01;Totana;Torrevieja;31;Murcia
2023-06-01;Unión, La;Torrevieja;49;Murcia
2023-06-01;Yecla;Torrevieja;146;Murcia
2023-06-01;Santomera;Torrevieja;199;Murcia
2023-06-01;Alcázares, Los;Torrevieja;109;Murcia
2023-06-01;Pamplona/Iruña;Torrevieja;120;Navarra
2023-06-01;Gijón;Torrevieja;123;Asturias
2023-06-01;Oviedo;Torrevieja;78;Asturias
2023-06-01;Palencia;Torrevieja;49;Palencia
2023-06-01;Vigo;Torrevieja;41;Pontevedra
2023-06-01;Salamanca;Torrevieja;106;Salamanca
2023-06-01;Castro-Urdiales;Torrevieja;38;Cantabria
2023-06-01;Santander;Torrevieja;31;Cantabria
2023-06-01;Espinar, El;Torrevieja;40;Segovia
2023-06-01;Segovia;Torrevieja;88;Segovia
2023-06-01;Sevilla;Torrevieja;72;Sevilla
2023-06-01;Illescas;Torrevieja;63;Toledo
2023-06-01;Ocaña;Torrevieja;38;Toledo
2023-06-01;Quintanar de la Orden;Torrevieja;54;Toledo
2023-06-01;Seseña;Torrevieja;59;Toledo
2023-06-01;Talavera de la Reina;Torrevieja;89;Toledo
2023-06-01;Toledo;Torrevieja;153;Toledo
2023-06-01;Villacañas;Torrevieja;35;Toledo
2023-06-01;Villaluenga de la Sagra;Torrevieja;34;Toledo
2023-06-01;Viso de San Juan, El;Torrevieja;75;Toledo
2023-06-01;Yepes;Torrevieja;30;Toledo
2023-06-01;Yuncler;Torrevieja;35;Toledo
2023-06-01;Albalat de la Ribera;Torrevieja;33;Valencia/València
2023-06-01;Alzira;Torrevieja;39;Valencia/València
2023-06-01;Algemesí;Torrevieja;33;Valencia/València
2023-06-01;Benetússer;Torrevieja;36;Valencia/València
2023-06-01;Benifaió;Torrevieja;31;Valencia/València
2023-06-01;Burjassot;Torrevieja;38;Valencia/València
2023-06-01;Cullera;Torrevieja;34;Valencia/València
2023-06-01;Gandia;Torrevieja;58;Valencia/València
2023-06-01;Mislata;Torrevieja;33;Valencia/València
2023-06-01;Ontinyent;Torrevieja;46;Valencia/València
2023-06-01;Paterna;Torrevieja;34;Valencia/València
2023-06-01;Silla;Torrevieja;36;Valencia/València
2023-06-01;Torrent;Torrevieja;60;Valencia/València
2023-06-01;València;Torrevieja;659;Valencia/València
2023-06-01;Laguna de Duero;Torrevieja;50;Valladolid
2023-06-01;Valladolid;Torrevieja;254;Valladolid
2023-06-01;Barakaldo;Torrevieja;78;Bizkaia
2023-06-01;Basauri;Torrevieja;39;Bizkaia
2023-06-01;Bilbao;Torrevieja;281;Bizkaia
2023-06-01;Getxo;Torrevieja;57;Bizkaia
2023-06-01;Portugalete;Torrevieja;50;Bizkaia
2023-06-01;Santurtzi;Torrevieja;48;Bizkaia
2023-06-01;Zaragoza;Torrevieja;127;Zaragoza
2023-07-01;Erriberagoitia/Ribera Alta;Torrevieja;34;Araba/Álava
2023-07-01;Vitoria-Gasteiz;Torrevieja;792;Araba/Álava
2023-07-01;Lantarón;Torrevieja;38;Araba/Álava
2023-07-01;Albacete;Torrevieja;3411;Albacete
2023-07-01;Almansa;Torrevieja;140;Albacete
2023-07-01;Barrax;Torrevieja;42;Albacete
2023-07-01;Caudete;Torrevieja;81;Albacete
2023-07-01;Chinchilla de Monte-Aragón;Torrevieja;68;Albacete
2023-07-01;Elche de la Sierra;Torrevieja;35;Albacete
2023-07-01;Fuentealbilla;Torrevieja;33;Albacete
2023-07-01;Hellín;Torrevieja;273;Albacete
2023-07-01;Madrigueras;Torrevieja;36;Albacete
2023-07-01;Munera;Torrevieja;36;Albacete
2023-07-01;Roda, La;Torrevieja;89;Albacete
2023-07-01;Tobarra;Torrevieja;35;Albacete
2023-07-01;Villarrobledo;Torrevieja;223;Albacete
2023-07-01;Pozo Cañada;Torrevieja;87;Albacete
2023-07-01;Almería;Torrevieja;142;Almería
2023-07-01;Carboneras;Torrevieja;35;Almería
2023-07-01;Cuevas del Almanzora;Torrevieja;33;Almería
2023-07-01;Huércal-Overa;Torrevieja;31;Almería
2023-07-01;Níjar;Torrevieja;31;Almería
2023-07-01;Roquetas de Mar;Torrevieja;89;Almería
2023-07-01;Arévalo;Torrevieja;43;Ávila
2023-07-01;Ávila;Torrevieja;231;Ávila
2023-07-01;Hoyo de Pinares, El;Torrevieja;40;Ávila
2023-07-01;Badajoz;Torrevieja;86;Badajoz
2023-07-01;Mérida;Torrevieja;50;Badajoz
2023-07-01;Calvià;Torrevieja;40;Balears, Illes
2023-07-01;Palma;Torrevieja;92;Balears, Illes
2023-07-01;Sant Josep de sa Talaia;Torrevieja;34;Balears, Illes
2023-07-01;Badalona;Torrevieja;67;Barcelona
2023-07-01;Barcelona;Torrevieja;444;Barcelona
2023-07-01;Granollers;Torrevieja;44;Barcelona
2023-07-01;Hospitalet de Llobregat, L';Torrevieja;82;Barcelona
2023-07-01;Mataró;Torrevieja;37;Barcelona
2023-07-01;Roca del Vallès, La;Torrevieja;39;Barcelona
2023-07-01;Sant Boi de Llobregat;Torrevieja;31;Barcelona
2023-07-01;Sant Cugat del Vallès;Torrevieja;51;Barcelona
2023-07-01;Aranda de Duero;Torrevieja;97;Burgos
2023-07-01;Burgos;Torrevieja;716;Burgos
2023-07-01;Miranda de Ebro;Torrevieja;69;Burgos
2023-07-01;Cáceres;Torrevieja;110;Cáceres
2023-07-01;Plasencia;Torrevieja;49;Cáceres
2023-07-01;Algeciras;Torrevieja;40;Cádiz
2023-07-01;Espera;Torrevieja;45;Cádiz
2023-07-01;Castelló de la Plana;Torrevieja;91;Castellón/Castelló
2023-07-01;Vila-real;Torrevieja;35;Castellón/Castelló
2023-07-01;Alcázar de San Juan;Torrevieja;234;Ciudad Real
2023-07-01;Almadén;Torrevieja;35;Ciudad Real
2023-07-01;Almagro;Torrevieja;53;Ciudad Real
2023-07-01;Almodóvar del Campo;Torrevieja;35;Ciudad Real
2023-07-01;Argamasilla de Alba;Torrevieja;102;Ciudad Real
2023-07-01;Campo de Criptana;Torrevieja;70;Ciudad Real
2023-07-01;Ciudad Real;Torrevieja;466;Ciudad Real
2023-07-01;Daimiel;Torrevieja;107;Ciudad Real
2023-07-01;Herencia;Torrevieja;105;Ciudad Real
2023-07-01;Malagón;Torrevieja;45;Ciudad Real
2023-07-01;Manzanares;Torrevieja;94;Ciudad Real
2023-07-01;Miguelturra;Torrevieja;112;Ciudad Real
2023-07-01;Moral de Calatrava;Torrevieja;32;Ciudad Real
2023-07-01;Pedro Muñoz;Torrevieja;87;Ciudad Real
2023-07-01;Piedrabuena;Torrevieja;45;Ciudad Real
2023-07-01;Puertollano;Torrevieja;306;Ciudad Real
2023-07-01;Socuéllamos;Torrevieja;75;Ciudad Real
2023-07-01;Solana, La;Torrevieja;37;Ciudad Real
2023-07-01;Tomelloso;Torrevieja;231;Ciudad Real
2023-07-01;Torrenueva;Torrevieja;31;Ciudad Real
2023-07-01;Valdepeñas;Torrevieja;136;Ciudad Real
2023-07-01;Villanueva de la Fuente;Torrevieja;35;Ciudad Real
2023-07-01;Villarrubia de los Ojos;Torrevieja;40;Ciudad Real
2023-07-01;Córdoba;Torrevieja;136;Córdoba
2023-07-01;Coruña, A;Torrevieja;68;Coruña, A
2023-07-01;Cuenca;Torrevieja;185;Cuenca
2023-07-01;Mota del Cuervo;Torrevieja;58;Cuenca
2023-07-01;Pedroñeras, Las;Torrevieja;56;Cuenca
2023-07-01;San Clemente;Torrevieja;69;Cuenca
2023-07-01;Tarancón;Torrevieja;108;Cuenca
2023-07-01;Girona;Torrevieja;46;Girona
2023-07-01;Lloret de Mar;Torrevieja;30;Girona
2023-07-01;Sant Feliu de Guíxols;Torrevieja;58;Girona
2023-07-01;Baza;Torrevieja;37;Granada
2023-07-01;Granada;Torrevieja;158;Granada
2023-07-01;Alovera;Torrevieja;144;Guadalajara
2023-07-01;Azuqueca de Henares;Torrevieja;253;Guadalajara
2023-07-01;Cabanillas del Campo;Torrevieja;64;Guadalajara
2023-07-01;Casar, El;Torrevieja;95;Guadalajara
2023-07-01;Chiloeches;Torrevieja;32;Guadalajara
2023-07-01;Galápagos;Torrevieja;33;Guadalajara
2023-07-01;Guadalajara;Torrevieja;362;Guadalajara
2023-07-01;Horche;Torrevieja;55;Guadalajara
2023-07-01;Loranca de Tajuña;Torrevieja;30;Guadalajara
2023-07-01;Marchamalo;Torrevieja;43;Guadalajara
2023-07-01;Pioz;Torrevieja;63;Guadalajara
2023-07-01;Quer;Torrevieja;41;Guadalajara
2023-07-01;Sacedón;Torrevieja;35;Guadalajara
2023-07-01;Torrejón del Rey;Torrevieja;64;Guadalajara
2023-07-01;Valdeaveruelo;Torrevieja;50;Guadalajara
2023-07-01;Villanueva de la Torre;Torrevieja;52;Guadalajara
2023-07-01;Yunquera de Henares;Torrevieja;34;Guadalajara
2023-07-01;Eibar;Torrevieja;31;Gipuzkoa
2023-07-01;Irun;Torrevieja;60;Gipuzkoa
2023-07-01;Errenteria;Torrevieja;55;Gipuzkoa
2023-07-01;Donostia/San Sebastián;Torrevieja;172;Gipuzkoa
2023-07-01;Ordizia;Torrevieja;50;Gipuzkoa
2023-07-01;Huesca;Torrevieja;39;Huesca
2023-07-01;Jaén;Torrevieja;48;Jaén
2023-07-01;Linares;Torrevieja;43;Jaén
2023-07-01;Úbeda;Torrevieja;51;Jaén
2023-07-01;Villacarrillo;Torrevieja;34;Jaén
2023-07-01;León;Torrevieja;223;León
2023-07-01;Ponferrada;Torrevieja;74;León
2023-07-01;San Andrés del Rabanedo;Torrevieja;77;León
2023-07-01;Villaquilambre;Torrevieja;39;León
2023-07-01;Lleida;Torrevieja;64;Lleida
2023-07-01;Calahorra;Torrevieja;74;Rioja, La
2023-07-01;Logroño;Torrevieja;212;Rioja, La
2023-07-01;Lugo;Torrevieja;63;Lugo
2023-07-01;Ajalvir;Torrevieja;58;Madrid
2023-07-01;Álamo, El;Torrevieja;115;Madrid
2023-07-01;Alcalá de Henares;Torrevieja;1919;Madrid
2023-07-01;Alcobendas;Torrevieja;770;Madrid
2023-07-01;Alcorcón;Torrevieja;1791;Madrid
2023-07-01;Algete;Torrevieja;141;Madrid
2023-07-01;Alpedrete;Torrevieja;69;Madrid
2023-07-01;Aranjuez;Torrevieja;521;Madrid
2023-07-01;Arganda del Rey;Torrevieja;501;Madrid
2023-07-01;Arroyomolinos;Torrevieja;380;Madrid
2023-07-01;Becerril de la Sierra;Torrevieja;38;Madrid
2023-07-01;Boadilla del Monte;Torrevieja;291;Madrid
2023-07-01;Boalo, El;Torrevieja;35;Madrid
2023-07-01;Brunete;Torrevieja;52;Madrid
2023-07-01;Camarma de Esteruelas;Torrevieja;100;Madrid
2023-07-01;Campo Real;Torrevieja;79;Madrid
2023-07-01;Carabaña;Torrevieja;37;Madrid
2023-07-01;Casarrubuelos;Torrevieja;49;Madrid
2023-07-01;Ciempozuelos;Torrevieja;249;Madrid
2023-07-01;Cobeña;Torrevieja;56;Madrid
2023-07-01;Colmenar de Oreja;Torrevieja;82;Madrid
2023-07-01;Colmenarejo;Torrevieja;67;Madrid
2023-07-01;Colmenar Viejo;Torrevieja;476;Madrid
2023-07-01;Collado Villalba;Torrevieja;371;Madrid
2023-07-01;Coslada;Torrevieja;834;Madrid
2023-07-01;Cubas de la Sagra;Torrevieja;66;Madrid
2023-07-01;Chinchón;Torrevieja;33;Madrid
2023-07-01;Daganzo de Arriba;Torrevieja;88;Madrid
2023-07-01;Escorial, El;Torrevieja;96;Madrid
2023-07-01;Fresno de Torote;Torrevieja;50;Madrid
2023-07-01;Fuenlabrada;Torrevieja;2228;Madrid
2023-07-01;Fuente el Saz de Jarama;Torrevieja;67;Madrid
2023-07-01;Galapagar;Torrevieja;265;Madrid
2023-07-01;Getafe;Torrevieja;1764;Madrid
2023-07-01;Griñón;Torrevieja;77;Madrid
2023-07-01;Guadalix de la Sierra;Torrevieja;44;Madrid
2023-07-01;Guadarrama;Torrevieja;104;Madrid
2023-07-01;Hoyo de Manzanares;Torrevieja;31;Madrid
2023-07-01;Humanes de Madrid;Torrevieja;214;Madrid
2023-07-01;Leganés;Torrevieja;2091;Madrid
2023-07-01;Loeches;Torrevieja;152;Madrid
2023-07-01;Madrid;Torrevieja;19476;Madrid
2023-07-01;Majadahonda;Torrevieja;212;Madrid
2023-07-01;Manzanares el Real;Torrevieja;41;Madrid
2023-07-01;Meco;Torrevieja;156;Madrid
2023-07-01;Mejorada del Campo;Torrevieja;330;Madrid
2023-07-01;Miraflores de la Sierra;Torrevieja;43;Madrid
2023-07-01;Molar, El;Torrevieja;90;Madrid
2023-07-01;Moraleja de Enmedio;Torrevieja;100;Madrid
2023-07-01;Moralzarzal;Torrevieja;63;Madrid
2023-07-01;Morata de Tajuña;Torrevieja;42;Madrid
2023-07-01;Móstoles;Torrevieja;2005;Madrid
2023-07-01;Navalcarnero;Torrevieja;412;Madrid
2023-07-01;Navas del Rey;Torrevieja;30;Madrid
2023-07-01;Nuevo Baztán;Torrevieja;32;Madrid
2023-07-01;Paracuellos de Jarama;Torrevieja;134;Madrid
2023-07-01;Parla;Torrevieja;1520;Madrid
2023-07-01;Pedrezuela;Torrevieja;46;Madrid
2023-07-01;Pelayos de la Presa;Torrevieja;31;Madrid
2023-07-01;Pinto;Torrevieja;432;Madrid
2023-07-01;Pozuelo de Alarcón;Torrevieja;220;Madrid
2023-07-01;Pozuelo del Rey;Torrevieja;31;Madrid
2023-07-01;Rivas-Vaciamadrid;Torrevieja;867;Madrid
2023-07-01;Rozas de Madrid, Las;Torrevieja;411;Madrid
2023-07-01;San Agustín del Guadalix;Torrevieja;109;Madrid
2023-07-01;San Fernando de Henares;Torrevieja;461;Madrid
2023-07-01;San Lorenzo de El Escorial;Torrevieja;93;Madrid
2023-07-01;San Martín de la Vega;Torrevieja;160;Madrid
2023-07-01;San Martín de Valdeiglesias;Torrevieja;59;Madrid
2023-07-01;San Sebastián de los Reyes;Torrevieja;742;Madrid
2023-07-01;Santos de la Humosa, Los;Torrevieja;36;Madrid
2023-07-01;Serranillos del Valle;Torrevieja;45;Madrid
2023-07-01;Soto del Real;Torrevieja;35;Madrid
2023-07-01;Talamanca de Jarama;Torrevieja;36;Madrid
2023-07-01;Torrejón de Ardoz;Torrevieja;1313;Madrid
2023-07-01;Torrejón de la Calzada;Torrevieja;111;Madrid
2023-07-01;Torrejón de Velasco;Torrevieja;46;Madrid
2023-07-01;Torrelodones;Torrevieja;69;Madrid
2023-07-01;Torres de la Alameda;Torrevieja;78;Madrid
2023-07-01;Valdemorillo;Torrevieja;48;Madrid
2023-07-01;Valdemoro;Torrevieja;925;Madrid
2023-07-01;Valdetorres de Jarama;Torrevieja;36;Madrid
2023-07-01;Valdilecha;Torrevieja;49;Madrid
2023-07-01;Velilla de San Antonio;Torrevieja;116;Madrid
2023-07-01;Villaconejos;Torrevieja;41;Madrid
2023-07-01;Villa del Prado;Torrevieja;52;Madrid
2023-07-01;Villalbilla;Torrevieja;100;Madrid
2023-07-01;Villamanta;Torrevieja;51;Madrid
2023-07-01;Villanueva de la Cañada;Torrevieja;109;Madrid
2023-07-01;Villanueva del Pardillo;Torrevieja;92;Madrid
2023-07-01;Villarejo de Salvanés;Torrevieja;40;Madrid
2023-07-01;Villaviciosa de Odón;Torrevieja;136;Madrid
2023-07-01;Tres Cantos;Torrevieja;249;Madrid
2023-07-01;Estepona;Torrevieja;55;Málaga
2023-07-01;Fuengirola;Torrevieja;58;Málaga
2023-07-01;Málaga;Torrevieja;159;Málaga
2023-07-01;Marbella;Torrevieja;58;Málaga
2023-07-01;Mijas;Torrevieja;57;Málaga
2023-07-01;Torremolinos;Torrevieja;34;Málaga
2023-07-01;Abanilla;Torrevieja;144;Murcia
2023-07-01;Abarán;Torrevieja;102;Murcia
2023-07-01;Águilas;Torrevieja;49;Murcia
2023-07-01;Alcantarilla;Torrevieja;503;Murcia
2023-07-01;Alguazas;Torrevieja;114;Murcia
2023-07-01;Alhama de Murcia;Torrevieja;45;Murcia
2023-07-01;Archena;Torrevieja;128;Murcia
2023-07-01;Beniel;Torrevieja;453;Murcia
2023-07-01;Blanca;Torrevieja;63;Murcia
2023-07-01;Bullas;Torrevieja;66;Murcia
2023-07-01;Calasparra;Torrevieja;51;Murcia
2023-07-01;Caravaca de la Cruz;Torrevieja;181;Murcia
2023-07-01;Cartagena;Torrevieja;1841;Murcia
2023-07-01;Cehegín;Torrevieja;90;Murcia
2023-07-01;Ceutí;Torrevieja;138;Murcia
2023-07-01;Cieza;Torrevieja;359;Murcia
2023-07-01;Fortuna;Torrevieja;193;Murcia
2023-07-01;Fuente Álamo de Murcia;Torrevieja;156;Murcia
2023-07-01;Jumilla;Torrevieja;333;Murcia
2023-07-01;Lorca;Torrevieja;133;Murcia
2023-07-01;Lorquí;Torrevieja;98;Murcia
2023-07-01;Mazarrón;Torrevieja;90;Murcia
2023-07-01;Molina de Segura;Torrevieja;1494;Murcia
2023-07-01;Mula;Torrevieja;71;Murcia
2023-07-01;Murcia;Torrevieja;14710;Murcia
2023-07-01;Ricote;Torrevieja;80;Murcia
2023-07-01;San Javier;Torrevieja;568;Murcia
2023-07-01;San Pedro del Pinatar;Torrevieja;434;Murcia
2023-07-01;Torre-Pacheco;Torrevieja;423;Murcia
2023-07-01;Torres de Cotillas, Las;Torrevieja;405;Murcia
2023-07-01;Totana;Torrevieja;81;Murcia
2023-07-01;Unión, La;Torrevieja;109;Murcia
2023-07-01;Yecla;Torrevieja;173;Murcia
2023-07-01;Santomera;Torrevieja;452;Murcia
2023-07-01;Alcázares, Los;Torrevieja;183;Murcia
2023-07-01;Aranguren;Torrevieja;30;Navarra
2023-07-01;Burlada/Burlata;Torrevieja;39;Navarra
2023-07-01;Valle de Egüés/Eguesibar;Torrevieja;48;Navarra
2023-07-01;Estella-Lizarra;Torrevieja;35;Navarra
2023-07-01;Pamplona/Iruña;Torrevieja;381;Navarra
2023-07-01;Tudela;Torrevieja;33;Navarra
2023-07-01;Ourense;Torrevieja;67;Ourense
2023-07-01;Avilés;Torrevieja;58;Asturias
2023-07-01;Gijón;Torrevieja;291;Asturias
2023-07-01;Langreo;Torrevieja;59;Asturias
2023-07-01;Lena;Torrevieja;30;Asturias
2023-07-01;Mieres;Torrevieja;59;Asturias
2023-07-01;Oviedo;Torrevieja;210;Asturias
2023-07-01;Siero;Torrevieja;42;Asturias
2023-07-01;Villaviciosa;Torrevieja;47;Asturias
2023-07-01;Palencia;Torrevieja;113;Palencia
2023-07-01;Villamuriel de Cerrato;Torrevieja;40;Palencia
2023-07-01;Pontevedra;Torrevieja;34;Pontevedra
2023-07-01;Vigo;Torrevieja;42;Pontevedra
2023-07-01;Salamanca;Torrevieja;336;Salamanca
2023-07-01;Santa Marta de Tormes;Torrevieja;33;Salamanca
2023-07-01;Villamayor;Torrevieja;31;Salamanca
2023-07-01;Castro-Urdiales;Torrevieja;46;Cantabria
2023-07-01;Reocín;Torrevieja;38;Cantabria
2023-07-01;Santander;Torrevieja;56;Cantabria
2023-07-01;Espinar, El;Torrevieja;49;Segovia
2023-07-01;Lastrilla, La;Torrevieja;47;Segovia
2023-07-01;Palazuelos de Eresma;Torrevieja;60;Segovia
2023-07-01;Segovia;Torrevieja;277;Segovia
2023-07-01;San Cristóbal de Segovia;Torrevieja;32;Segovia
2023-07-01;Alcalá de Guadaíra;Torrevieja;40;Sevilla
2023-07-01;Dos Hermanas;Torrevieja;31;Sevilla
2023-07-01;Sevilla;Torrevieja;79;Sevilla
2023-07-01;Soria;Torrevieja;63;Soria
2023-07-01;Tarragona;Torrevieja;41;Tarragona
2023-07-01;Andorra;Torrevieja;41;Teruel
2023-07-01;Teruel;Torrevieja;53;Teruel
2023-07-01;Alameda de la Sagra;Torrevieja;34;Toledo
2023-07-01;Argés;Torrevieja;49;Toledo
2023-07-01;Bargas;Torrevieja;77;Toledo
2023-07-01;Borox;Torrevieja;45;Toledo
2023-07-01;Camuñas;Torrevieja;79;Toledo
2023-07-01;Carranque;Torrevieja;45;Toledo
2023-07-01;Casarrubios del Monte;Torrevieja;53;Toledo
2023-07-01;Cedillo del Condado;Torrevieja;38;Toledo
2023-07-01;Cobeja;Torrevieja;33;Toledo
2023-07-01;Consuegra;Torrevieja;42;Toledo
2023-07-01;Chozas de Canales;Torrevieja;41;Toledo
2023-07-01;Escalona;Torrevieja;36;Toledo
2023-07-01;Esquivias;Torrevieja;66;Toledo
2023-07-01;Fuensalida;Torrevieja;43;Toledo
2023-07-01;Illescas;Torrevieja;290;Toledo
2023-07-01;Mazarambroz;Torrevieja;32;Toledo
2023-07-01;Méntrida;Torrevieja;88;Toledo
2023-07-01;Mocejón;Torrevieja;63;Toledo
2023-07-01;Mora;Torrevieja;48;Toledo
2023-07-01;Nambroca;Torrevieja;50;Toledo
2023-07-01;Numancia de la Sagra;Torrevieja;35;Toledo
2023-07-01;Ocaña;Torrevieja;133;Toledo
2023-07-01;Olías del Rey;Torrevieja;56;Toledo
2023-07-01;Ontígola;Torrevieja;61;Toledo
2023-07-01;Puebla de Almoradiel, La;Torrevieja;56;Toledo
2023-07-01;Puebla de Montalbán, La;Torrevieja;36;Toledo
2023-07-01;Quintanar de la Orden;Torrevieja;109;Toledo
2023-07-01;Santa Cruz de la Zarza;Torrevieja;33;Toledo
2023-07-01;Santa Olalla;Torrevieja;34;Toledo
2023-07-01;Seseña;Torrevieja;295;Toledo
2023-07-01;Sonseca;Torrevieja;45;Toledo
2023-07-01;Talavera de la Reina;Torrevieja;404;Toledo
2023-07-01;Toledo;Torrevieja;462;Toledo
2023-07-01;Torrijos;Torrevieja;74;Toledo
2023-07-01;Ugena;Torrevieja;64;Toledo
2023-07-01;Valmojado;Torrevieja;40;Toledo
2023-07-01;Villa de Don Fadrique, La;Torrevieja;39;Toledo
2023-07-01;Villafranca de los Caballeros;Torrevieja;53;Toledo
2023-07-01;Villaluenga de la Sagra;Torrevieja;33;Toledo
2023-07-01;Villatobas;Torrevieja;40;Toledo
2023-07-01;Viso de San Juan, El;Torrevieja;66;Toledo
2023-07-01;Yeles;Torrevieja;72;Toledo
2023-07-01;Yepes;Torrevieja;37;Toledo
2023-07-01;Yuncos;Torrevieja;90;Toledo
2023-07-01;Alaquàs;Torrevieja;58;Valencia/València
2023-07-01;Alberic;Torrevieja;31;Valencia/València
2023-07-01;Alboraia/Alboraya;Torrevieja;47;Valencia/València
2023-07-01;Alzira;Torrevieja;47;Valencia/València
2023-07-01;Aldaia;Torrevieja;77;Valencia/València
2023-07-01;Alfafar;Torrevieja;50;Valencia/València
2023-07-01;Algemesí;Torrevieja;40;Valencia/València
2023-07-01;Benetússer;Torrevieja;31;Valencia/València
2023-07-01;Bétera;Torrevieja;40;Valencia/València
2023-07-01;Burjassot;Torrevieja;40;Valencia/València
2023-07-01;Chiva;Torrevieja;55;Valencia/València
2023-07-01;Eliana, l';Torrevieja;39;Valencia/València
2023-07-01;Gandia;Torrevieja;81;Valencia/València
2023-07-01;Xàtiva;Torrevieja;72;Valencia/València
2023-07-01;Llíria;Torrevieja;61;Valencia/València
2023-07-01;Manises;Torrevieja;46;Valencia/València
2023-07-01;Mislata;Torrevieja;78;Valencia/València
2023-07-01;Paiporta;Torrevieja;46;Valencia/València
2023-07-01;Paterna;Torrevieja;92;Valencia/València
2023-07-01;Picassent;Torrevieja;58;Valencia/València
2023-07-01;Pobla de Vallbona, la;Torrevieja;65;Valencia/València
2023-07-01;Puig de Santa Maria, el;Torrevieja;38;Valencia/València
2023-07-01;Sagunto/Sagunt;Torrevieja;36;Valencia/València
2023-07-01;Torrent;Torrevieja;91;Valencia/València
2023-07-01;Turís;Torrevieja;33;Valencia/València
2023-07-01;València;Torrevieja;1287;Valencia/València
2023-07-01;Aldeamayor de San Martín;Torrevieja;30;Valladolid
2023-07-01;Arroyo de la Encomienda;Torrevieja;76;Valladolid
2023-07-01;Cistérniga;Torrevieja;59;Valladolid
2023-07-01;Laguna de Duero;Torrevieja;87;Valladolid
2023-07-01;Medina del Campo;Torrevieja;74;Valladolid
2023-07-01;Tudela de Duero;Torrevieja;40;Valladolid
2023-07-01;Valladolid;Torrevieja;965;Valladolid
2023-07-01;Zaratán;Torrevieja;40;Valladolid
2023-07-01;Arrigorriaga;Torrevieja;56;Bizkaia
2023-07-01;Barakaldo;Torrevieja;171;Bizkaia
2023-07-01;Basauri;Torrevieja;59;Bizkaia
2023-07-01;Bermeo;Torrevieja;37;Bizkaia
2023-07-01;Bilbao;Torrevieja;620;Bizkaia
2023-07-01;Durango;Torrevieja;39;Bizkaia
2023-07-01;Galdakao;Torrevieja;46;Bizkaia
2023-07-01;Getxo;Torrevieja;63;Bizkaia
2023-07-01;Leioa;Torrevieja;58;Bizkaia
2023-07-01;Portugalete;Torrevieja;52;Bizkaia
2023-07-01;Valle de Trápaga-Trapagaran;Torrevieja;68;Bizkaia
2023-07-01;Santurtzi;Torrevieja;62;Bizkaia
2023-07-01;Erandio;Torrevieja;81;Bizkaia
2023-07-01;Benavente;Torrevieja;31;Zamora
2023-07-01;Zamora;Torrevieja;103;Zamora
2023-07-01;Zaragoza;Torrevieja;502;Zaragoza
2023-07-01;Melilla;Torrevieja;35;Melilla
2023-08-01;Alegría-Dulantzi;Torrevieja;64;Araba/Álava
2023-08-01;Laudio/Llodio;Torrevieja;39;Araba/Álava
2023-08-01;Vitoria-Gasteiz;Torrevieja;1223;Araba/Álava
2023-08-01;Albacete;Torrevieja;3230;Albacete
2023-08-01;Almansa;Torrevieja;140;Albacete
2023-08-01;Barrax;Torrevieja;53;Albacete
2023-08-01;Caudete;Torrevieja;68;Albacete
2023-08-01;Chinchilla de Monte-Aragón;Torrevieja;78;Albacete
2023-08-01;Fuentealbilla;Torrevieja;35;Albacete
2023-08-01;Gineta, La;Torrevieja;35;Albacete
2023-08-01;Hellín;Torrevieja;320;Albacete
2023-08-01;Madrigueras;Torrevieja;34;Albacete
2023-08-01;Munera;Torrevieja;34;Albacete
2023-08-01;Roda, La;Torrevieja;150;Albacete
2023-08-01;Tobarra;Torrevieja;49;Albacete
2023-08-01;Valdeganga;Torrevieja;34;Albacete
2023-08-01;Villarrobledo;Torrevieja;236;Albacete
2023-08-01;Pozo Cañada;Torrevieja;82;Albacete
2023-08-01;Almería;Torrevieja;122;Almería
2023-08-01;Carboneras;Torrevieja;41;Almería
2023-08-01;Pulpí;Torrevieja;68;Almería
2023-08-01;Roquetas de Mar;Torrevieja;87;Almería
2023-08-01;Vera;Torrevieja;36;Almería
2023-08-01;Ejido, El;Torrevieja;36;Almería
2023-08-01;Arévalo;Torrevieja;46;Ávila
2023-08-01;Ávila;Torrevieja;236;Ávila
2023-08-01;Hoyo de Pinares, El;Torrevieja;40;Ávila
2023-08-01;Badajoz;Torrevieja;54;Badajoz
2023-08-01;Mérida;Torrevieja;38;Badajoz
2023-08-01;Calvià;Torrevieja;47;Balears, Illes
2023-08-01;Eivissa;Torrevieja;37;Balears, Illes
2023-08-01;Palma;Torrevieja;126;Balears, Illes
2023-08-01;Sant Josep de sa Talaia;Torrevieja;37;Balears, Illes
2023-08-01;Santa Eulària des Riu;Torrevieja;34;Balears, Illes
2023-08-01;Badalona;Torrevieja;86;Barcelona
2023-08-01;Barcelona;Torrevieja;596;Barcelona
2023-08-01;Castelldefels;Torrevieja;38;Barcelona
2023-08-01;Cornellà de Llobregat;Torrevieja;39;Barcelona
2023-08-01;Esparreguera;Torrevieja;36;Barcelona
2023-08-01;Hospitalet de Llobregat, L';Torrevieja;67;Barcelona
2023-08-01;Mataró;Torrevieja;45;Barcelona
2023-08-01;Montcada i Reixac;Torrevieja;41;Barcelona
2023-08-01;Prat de Llobregat, El;Torrevieja;32;Barcelona
2023-08-01;Rubí;Torrevieja;49;Barcelona
2023-08-01;Sabadell;Torrevieja;84;Barcelona
2023-08-01;Sant Adrià de Besòs;Torrevieja;40;Barcelona
2023-08-01;Sant Boi de Llobregat;Torrevieja;35;Barcelona
2023-08-01;Sant Feliu de Llobregat;Torrevieja;37;Barcelona
2023-08-01;Santa Coloma de Gramenet;Torrevieja;37;Barcelona
2023-08-01;Sant Vicenç dels Horts;Torrevieja;36;Barcelona
2023-08-01;Cerdanyola del Vallès;Torrevieja;36;Barcelona
2023-08-01;Terrassa;Torrevieja;76;Barcelona
2023-08-01;Viladecans;Torrevieja;31;Barcelona
2023-08-01;Aranda de Duero;Torrevieja;103;Burgos
2023-08-01;Burgos;Torrevieja;894;Burgos
2023-08-01;Condado de Treviño;Torrevieja;34;Burgos
2023-08-01;Miranda de Ebro;Torrevieja;130;Burgos
2023-08-01;Cáceres;Torrevieja;114;Cáceres
2023-08-01;Plasencia;Torrevieja;53;Cáceres
2023-08-01;Algeciras;Torrevieja;32;Cádiz
2023-08-01;Jerez de la Frontera;Torrevieja;30;Cádiz
2023-08-01;Borriana/Burriana;Torrevieja;38;Castellón/Castelló
2023-08-01;Castelló de la Plana;Torrevieja;106;Castellón/Castelló
2023-08-01;Vila-real;Torrevieja;50;Castellón/Castelló
2023-08-01;Alcázar de San Juan;Torrevieja;231;Ciudad Real
2023-08-01;Almagro;Torrevieja;84;Ciudad Real
2023-08-01;Argamasilla de Alba;Torrevieja;42;Ciudad Real
2023-08-01;Argamasilla de Calatrava;Torrevieja;40;Ciudad Real
2023-08-01;Bolaños de Calatrava;Torrevieja;59;Ciudad Real
2023-08-01;Campo de Criptana;Torrevieja;118;Ciudad Real
2023-08-01;Ciudad Real;Torrevieja;463;Ciudad Real
2023-08-01;Daimiel;Torrevieja;60;Ciudad Real
2023-08-01;Fuente el Fresno;Torrevieja;43;Ciudad Real
2023-08-01;Herencia;Torrevieja;81;Ciudad Real
2023-08-01;Malagón;Torrevieja;64;Ciudad Real
2023-08-01;Manzanares;Torrevieja;93;Ciudad Real
2023-08-01;Miguelturra;Torrevieja;102;Ciudad Real
2023-08-01;Pedro Muñoz;Torrevieja;89;Ciudad Real
2023-08-01;Puertollano;Torrevieja;296;Ciudad Real
2023-08-01;Santa Cruz de Mudela;Torrevieja;37;Ciudad Real
2023-08-01;Socuéllamos;Torrevieja;108;Ciudad Real
2023-08-01;Solana, La;Torrevieja;46;Ciudad Real
2023-08-01;Terrinches;Torrevieja;32;Ciudad Real
2023-08-01;Tomelloso;Torrevieja;212;Ciudad Real
2023-08-01;Valdepeñas;Torrevieja;208;Ciudad Real
2023-08-01;Villanueva de la Fuente;Torrevieja;46;Ciudad Real
2023-08-01;Villarrubia de los Ojos;Torrevieja;42;Ciudad Real
2023-08-01;Córdoba;Torrevieja;171;Córdoba
2023-08-01;Puente Genil;Torrevieja;31;Córdoba
2023-08-01;Ames;Torrevieja;47;Coruña, A
2023-08-01;Cambre;Torrevieja;48;Coruña, A
2023-08-01;Coruña, A;Torrevieja;89;Coruña, A
2023-08-01;Narón;Torrevieja;32;Coruña, A
2023-08-01;Oleiros;Torrevieja;47;Coruña, A
2023-08-01;Santiago de Compostela;Torrevieja;58;Coruña, A
2023-08-01;Cuenca;Torrevieja;161;Cuenca
2023-08-01;Honrubia;Torrevieja;44;Cuenca
2023-08-01;Mota del Cuervo;Torrevieja;36;Cuenca
2023-08-01;Pedroñeras, Las;Torrevieja;50;Cuenca
2023-08-01;Quintanar del Rey;Torrevieja;39;Cuenca
2023-08-01;San Clemente;Torrevieja;119;Cuenca
2023-08-01;Tarancón;Torrevieja;128;Cuenca
2023-08-01;Villamayor de Santiago;Torrevieja;50;Cuenca
2023-08-01;Girona;Torrevieja;32;Girona
2023-08-01;Lloret de Mar;Torrevieja;32;Girona
2023-08-01;Granada;Torrevieja;180;Granada
2023-08-01;Motril;Torrevieja;30;Granada
2023-08-01;Alovera;Torrevieja;207;Guadalajara
2023-08-01;Azuqueca de Henares;Torrevieja;390;Guadalajara
2023-08-01;Cabanillas del Campo;Torrevieja;66;Guadalajara
2023-08-01;Casar, El;Torrevieja;114;Guadalajara
2023-08-01;Chiloeches;Torrevieja;68;Guadalajara
2023-08-01;Galápagos;Torrevieja;35;Guadalajara
2023-08-01;Guadalajara;Torrevieja;432;Guadalajara
2023-08-01;Horche;Torrevieja;36;Guadalajara
2023-08-01;Marchamalo;Torrevieja;52;Guadalajara
2023-08-01;Mondéjar;Torrevieja;34;Guadalajara
2023-08-01;Pioz;Torrevieja;60;Guadalajara
2023-08-01;Quer;Torrevieja;38;Guadalajara
2023-08-01;Torrejón del Rey;Torrevieja;96;Guadalajara
2023-08-01;Villanueva de la Torre;Torrevieja;63;Guadalajara
2023-08-01;Yunquera de Henares;Torrevieja;49;Guadalajara
2023-08-01;Aretxabaleta;Torrevieja;35;Gipuzkoa
2023-08-01;Azpeitia;Torrevieja;42;Gipuzkoa
2023-08-01;Eibar;Torrevieja;77;Gipuzkoa
2023-08-01;Elgoibar;Torrevieja;46;Gipuzkoa
2023-08-01;Hernani;Torrevieja;30;Gipuzkoa
2023-08-01;Irun;Torrevieja;84;Gipuzkoa
2023-08-01;Arrasate/Mondragón;Torrevieja;46;Gipuzkoa
2023-08-01;Pasaia;Torrevieja;38;Gipuzkoa
2023-08-01;Errenteria;Torrevieja;79;Gipuzkoa
2023-08-01;Donostia/San Sebastián;Torrevieja;275;Gipuzkoa
2023-08-01;Zarautz;Torrevieja;35;Gipuzkoa
2023-08-01;Huesca;Torrevieja;39;Huesca
2023-08-01;Baeza;Torrevieja;39;Jaén
2023-08-01;Jaén;Torrevieja;82;Jaén
2023-08-01;Linares;Torrevieja;58;Jaén
2023-08-01;Mancha Real;Torrevieja;33;Jaén
2023-08-01;Úbeda;Torrevieja;39;Jaén
2023-08-01;Villacarrillo;Torrevieja;36;Jaén
2023-08-01;Bañeza, La;Torrevieja;37;León
2023-08-01;León;Torrevieja;264;León
2023-08-01;Ponferrada;Torrevieja;80;León
2023-08-01;San Andrés del Rabanedo;Torrevieja;84;León
2023-08-01;Villablino;Torrevieja;30;León
2023-08-01;Villaquilambre;Torrevieja;49;León
2023-08-01;Lleida;Torrevieja;57;Lleida
2023-08-01;Calahorra;Torrevieja;46;Rioja, La
2023-08-01;Logroño;Torrevieja;290;Rioja, La
2023-08-01;Lugo;Torrevieja;73;Lugo
2023-08-01;Ajalvir;Torrevieja;85;Madrid
2023-08-01;Álamo, El;Torrevieja;174;Madrid
2023-08-01;Alcalá de Henares;Torrevieja;2200;Madrid
2023-08-01;Alcobendas;Torrevieja;1146;Madrid
2023-08-01;Alcorcón;Torrevieja;2369;Madrid
2023-08-01;Algete;Torrevieja;223;Madrid
2023-08-01;Alpedrete;Torrevieja;102;Madrid
2023-08-01;Aranjuez;Torrevieja;579;Madrid
2023-08-01;Arganda del Rey;Torrevieja;770;Madrid
2023-08-01;Arroyomolinos;Torrevieja;492;Madrid
2023-08-01;Becerril de la Sierra;Torrevieja;55;Madrid
2023-08-01;Belmonte de Tajo;Torrevieja;35;Madrid
2023-08-01;Boadilla del Monte;Torrevieja;348;Madrid
2023-08-01;Boalo, El;Torrevieja;55;Madrid
2023-08-01;Brunete;Torrevieja;84;Madrid
2023-08-01;Camarma de Esteruelas;Torrevieja;125;Madrid
2023-08-01;Campo Real;Torrevieja;75;Madrid
2023-08-01;Carabaña;Torrevieja;32;Madrid
2023-08-01;Casarrubuelos;Torrevieja;87;Madrid
2023-08-01;Cercedilla;Torrevieja;50;Madrid
2023-08-01;Ciempozuelos;Torrevieja;296;Madrid
2023-08-01;Cobeña;Torrevieja;58;Madrid
2023-08-01;Colmenar de Oreja;Torrevieja;86;Madrid
2023-08-01;Colmenarejo;Torrevieja;79;Madrid
2023-08-01;Colmenar Viejo;Torrevieja;613;Madrid
2023-08-01;Collado Mediano;Torrevieja;62;Madrid
2023-08-01;Collado Villalba;Torrevieja;575;Madrid
2023-08-01;Coslada;Torrevieja;1068;Madrid
2023-08-01;Cubas de la Sagra;Torrevieja;107;Madrid
2023-08-01;Chinchón;Torrevieja;67;Madrid
2023-08-01;Daganzo de Arriba;Torrevieja;179;Madrid
2023-08-01;Escorial, El;Torrevieja;108;Madrid
2023-08-01;Fresno de Torote;Torrevieja;46;Madrid
2023-08-01;Fuenlabrada;Torrevieja;3091;Madrid
2023-08-01;Fuente el Saz de Jarama;Torrevieja;92;Madrid
2023-08-01;Fuentidueña de Tajo;Torrevieja;37;Madrid
2023-08-01;Galapagar;Torrevieja;322;Madrid
2023-08-01;Getafe;Torrevieja;2344;Madrid
2023-08-01;Griñón;Torrevieja;102;Madrid
2023-08-01;Guadalix de la Sierra;Torrevieja;43;Madrid
2023-08-01;Guadarrama;Torrevieja;135;Madrid
2023-08-01;Humanes de Madrid;Torrevieja;304;Madrid
2023-08-01;Leganés;Torrevieja;2694;Madrid
2023-08-01;Loeches;Torrevieja;189;Madrid
2023-08-01;Madrid;Torrevieja;25747;Madrid
2023-08-01;Majadahonda;Torrevieja;262;Madrid
2023-08-01;Manzanares el Real;Torrevieja;42;Madrid
2023-08-01;Meco;Torrevieja;259;Madrid
2023-08-01;Mejorada del Campo;Torrevieja;462;Madrid
2023-08-01;Miraflores de la Sierra;Torrevieja;42;Madrid
2023-08-01;Molar, El;Torrevieja;112;Madrid
2023-08-01;Molinos, Los;Torrevieja;32;Madrid
2023-08-01;Moraleja de Enmedio;Torrevieja;111;Madrid
2023-08-01;Moralzarzal;Torrevieja;92;Madrid
2023-08-01;Morata de Tajuña;Torrevieja;86;Madrid
2023-08-01;Móstoles;Torrevieja;2698;Madrid
2023-08-01;Navalagamella;Torrevieja;35;Madrid
2023-08-01;Navalcarnero;Torrevieja;431;Madrid
2023-08-01;Nuevo Baztán;Torrevieja;60;Madrid
2023-08-01;Paracuellos de Jarama;Torrevieja;218;Madrid
2023-08-01;Parla;Torrevieja;1956;Madrid
2023-08-01;Pedrezuela;Torrevieja;52;Madrid
2023-08-01;Perales de Tajuña;Torrevieja;36;Madrid
2023-08-01;Pinto;Torrevieja;571;Madrid
2023-08-01;Pozuelo de Alarcón;Torrevieja;294;Madrid
2023-08-01;Quijorna;Torrevieja;30;Madrid
2023-08-01;Rivas-Vaciamadrid;Torrevieja;1103;Madrid
2023-08-01;Rozas de Madrid, Las;Torrevieja;429;Madrid
2023-08-01;San Agustín del Guadalix;Torrevieja;123;Madrid
2023-08-01;San Fernando de Henares;Torrevieja;719;Madrid
2023-08-01;San Lorenzo de El Escorial;Torrevieja;112;Madrid
2023-08-01;San Martín de la Vega;Torrevieja;217;Madrid
2023-08-01;San Martín de Valdeiglesias;Torrevieja;31;Madrid
2023-08-01;San Sebastián de los Reyes;Torrevieja;1093;Madrid
2023-08-01;Santos de la Humosa, Los;Torrevieja;54;Madrid
2023-08-01;Serranillos del Valle;Torrevieja;68;Madrid
2023-08-01;Sevilla la Nueva;Torrevieja;61;Madrid
2023-08-01;Soto del Real;Torrevieja;31;Madrid
2023-08-01;Talamanca de Jarama;Torrevieja;45;Madrid
2023-08-01;Torrejón de Ardoz;Torrevieja;1684;Madrid
2023-08-01;Torrejón de la Calzada;Torrevieja;136;Madrid
2023-08-01;Torrejón de Velasco;Torrevieja;81;Madrid
2023-08-01;Torrelodones;Torrevieja;81;Madrid
2023-08-01;Torres de la Alameda;Torrevieja;87;Madrid
2023-08-01;Valdeavero;Torrevieja;32;Madrid
2023-08-01;Valdemorillo;Torrevieja;65;Madrid
2023-08-01;Valdemoro;Torrevieja;1026;Madrid
2023-08-01;Valdeolmos-Alalpardo;Torrevieja;33;Madrid
2023-08-01;Valdetorres de Jarama;Torrevieja;69;Madrid
2023-08-01;Valdilecha;Torrevieja;76;Madrid
2023-08-01;Velilla de San Antonio;Torrevieja;220;Madrid
2023-08-01;Villaconejos;Torrevieja;40;Madrid
2023-08-01;Villa del Prado;Torrevieja;41;Madrid
2023-08-01;Villalbilla;Torrevieja;156;Madrid
2023-08-01;Villamanta;Torrevieja;45;Madrid
2023-08-01;Villanueva de la Cañada;Torrevieja;109;Madrid
2023-08-01;Villanueva del Pardillo;Torrevieja;101;Madrid
2023-08-01;Villarejo de Salvanés;Torrevieja;68;Madrid
2023-08-01;Villaviciosa de Odón;Torrevieja;210;Madrid
2023-08-01;Tres Cantos;Torrevieja;322;Madrid
2023-08-01;Benalmádena;Torrevieja;46;Málaga
2023-08-01;Estepona;Torrevieja;48;Málaga
2023-08-01;Fuengirola;Torrevieja;42;Málaga
2023-08-01;Málaga;Torrevieja;234;Málaga
2023-08-01;Marbella;Torrevieja;55;Málaga
2023-08-01;Mijas;Torrevieja;35;Málaga
2023-08-01;Nerja;Torrevieja;51;Málaga
2023-08-01;Rincón de la Victoria;Torrevieja;65;Málaga
2023-08-01;Abanilla;Torrevieja;185;Murcia
2023-08-01;Abarán;Torrevieja;167;Murcia
2023-08-01;Águilas;Torrevieja;88;Murcia
2023-08-01;Alcantarilla;Torrevieja;491;Murcia
2023-08-01;Alguazas;Torrevieja;125;Murcia
2023-08-01;Alhama de Murcia;Torrevieja;89;Murcia
2023-08-01;Archena;Torrevieja;251;Murcia
2023-08-01;Beniel;Torrevieja;331;Murcia
2023-08-01;Blanca;Torrevieja;79;Murcia
2023-08-01;Bullas;Torrevieja;149;Murcia
2023-08-01;Calasparra;Torrevieja;90;Murcia
2023-08-01;Caravaca de la Cruz;Torrevieja;147;Murcia
2023-08-01;Cartagena;Torrevieja;2475;Murcia
2023-08-01;Cehegín;Torrevieja;71;Murcia
2023-08-01;Ceutí;Torrevieja;113;Murcia
2023-08-01;Cieza;Torrevieja;524;Murcia
2023-08-01;Fortuna;Torrevieja;268;Murcia
2023-08-01;Fuente Álamo de Murcia;Torrevieja;52;Murcia
2023-08-01;Jumilla;Torrevieja;332;Murcia
2023-08-01;Lorca;Torrevieja;167;Murcia
2023-08-01;Lorquí;Torrevieja;121;Murcia
2023-08-01;Mazarrón;Torrevieja;199;Murcia
2023-08-01;Molina de Segura;Torrevieja;1607;Murcia
2023-08-01;Mula;Torrevieja;121;Murcia
2023-08-01;Murcia;Torrevieja;13964;Murcia
2023-08-01;Ricote;Torrevieja;58;Murcia
2023-08-01;San Javier;Torrevieja;905;Murcia
2023-08-01;San Pedro del Pinatar;Torrevieja;399;Murcia
2023-08-01;Torre-Pacheco;Torrevieja;571;Murcia
2023-08-01;Torres de Cotillas, Las;Torrevieja;377;Murcia
2023-08-01;Totana;Torrevieja;74;Murcia
2023-08-01;Unión, La;Torrevieja;142;Murcia
2023-08-01;Yecla;Torrevieja;246;Murcia
2023-08-01;Santomera;Torrevieja;563;Murcia
2023-08-01;Alcázares, Los;Torrevieja;234;Murcia
2023-08-01;Aranguren;Torrevieja;33;Navarra
2023-08-01;Burlada/Burlata;Torrevieja;45;Navarra
2023-08-01;Valle de Egüés/Eguesibar;Torrevieja;57;Navarra
2023-08-01;Estella-Lizarra;Torrevieja;47;Navarra
2023-08-01;Pamplona/Iruña;Torrevieja;379;Navarra
2023-08-01;Tafalla;Torrevieja;42;Navarra
2023-08-01;Tudela;Torrevieja;46;Navarra
2023-08-01;Barañáin/Barañain;Torrevieja;48;Navarra
2023-08-01;Zizur Mayor/Zizur Nagusia;Torrevieja;30;Navarra
2023-08-01;Ourense;Torrevieja;74;Ourense
2023-08-01;Avilés;Torrevieja;55;Asturias
2023-08-01;Castrillón;Torrevieja;49;Asturias
2023-08-01;Gijón;Torrevieja;286;Asturias
2023-08-01;Langreo;Torrevieja;79;Asturias
2023-08-01;Laviana;Torrevieja;36;Asturias
2023-08-01;Mieres;Torrevieja;30;Asturias
2023-08-01;Oviedo;Torrevieja;270;Asturias
2023-08-01;San Martín del Rey Aurelio;Torrevieja;31;Asturias
2023-08-01;Siero;Torrevieja;59;Asturias
2023-08-01;Palencia;Torrevieja;207;Palencia
2023-08-01;Villamuriel de Cerrato;Torrevieja;35;Palencia
2023-08-01;Palmas de Gran Canaria, Las;Torrevieja;51;Palmas, Las
2023-08-01;Salceda de Caselas;Torrevieja;53;Pontevedra
2023-08-01;Vigo;Torrevieja;101;Pontevedra
2023-08-01;Carbajosa de la Sagrada;Torrevieja;61;Salamanca
2023-08-01;Salamanca;Torrevieja;360;Salamanca
2023-08-01;Santa Marta de Tormes;Torrevieja;39;Salamanca
2023-08-01;Villamayor;Torrevieja;30;Salamanca
2023-08-01;Adeje;Torrevieja;35;Santa Cruz de Tenerife
2023-08-01;Santa Cruz de Tenerife;Torrevieja;30;Santa Cruz de Tenerife
2023-08-01;Castro-Urdiales;Torrevieja;60;Cantabria
2023-08-01;Santander;Torrevieja;91;Cantabria
2023-08-01;Cuéllar;Torrevieja;46;Segovia
2023-08-01;Espinar, El;Torrevieja;65;Segovia
2023-08-01;Palazuelos de Eresma;Torrevieja;44;Segovia
2023-08-01;Real Sitio de San Ildefonso;Torrevieja;80;Segovia
2023-08-01;Segovia;Torrevieja;245;Segovia
2023-08-01;Alcalá de Guadaíra;Torrevieja;33;Sevilla
2023-08-01;Mairena del Alcor;Torrevieja;34;Sevilla
2023-08-01;Palacios y Villafranca, Los;Torrevieja;35;Sevilla
2023-08-01;Sevilla;Torrevieja;226;Sevilla
2023-08-01;Soria;Torrevieja;56;Soria
2023-08-01;Cambrils;Torrevieja;37;Tarragona
2023-08-01;Tarragona;Torrevieja;46;Tarragona
2023-08-01;Salou;Torrevieja;55;Tarragona
2023-08-01;Andorra;Torrevieja;30;Teruel
2023-08-01;Teruel;Torrevieja;30;Teruel
2023-08-01;Alameda de la Sagra;Torrevieja;58;Toledo
2023-08-01;Almorox;Torrevieja;39;Toledo
2023-08-01;Añover de Tajo;Torrevieja;36;Toledo
2023-08-01;Argés;Torrevieja;65;Toledo
2023-08-01;Bargas;Torrevieja;78;Toledo
2023-08-01;Borox;Torrevieja;62;Toledo
2023-08-01;Calera y Chozas;Torrevieja;34;Toledo
2023-08-01;Camarena;Torrevieja;35;Toledo
2023-08-01;Carranque;Torrevieja;83;Toledo
2023-08-01;Casarrubios del Monte;Torrevieja;77;Toledo
2023-08-01;Cedillo del Condado;Torrevieja;56;Toledo
2023-08-01;Cobeja;Torrevieja;64;Toledo
2023-08-01;Cobisa;Torrevieja;51;Toledo
2023-08-01;Consuegra;Torrevieja;47;Toledo
2023-08-01;Chozas de Canales;Torrevieja;34;Toledo
2023-08-01;Escalona;Torrevieja;47;Toledo
2023-08-01;Esquivias;Torrevieja;64;Toledo
2023-08-01;Fuensalida;Torrevieja;97;Toledo
2023-08-01;Guardia, La;Torrevieja;33;Toledo
2023-08-01;Illescas;Torrevieja;459;Toledo
2023-08-01;Lillo;Torrevieja;32;Toledo
2023-08-01;Lominchar;Torrevieja;55;Toledo
2023-08-01;Madridejos;Torrevieja;51;Toledo
2023-08-01;Magán;Torrevieja;34;Toledo
2023-08-01;Mazarambroz;Torrevieja;30;Toledo
2023-08-01;Méntrida;Torrevieja;72;Toledo
2023-08-01;Miguel Esteban;Torrevieja;59;Toledo
2023-08-01;Mora;Torrevieja;42;Toledo
2023-08-01;Nambroca;Torrevieja;49;Toledo
2023-08-01;Noblejas;Torrevieja;33;Toledo
2023-08-01;Novés;Torrevieja;56;Toledo
2023-08-01;Numancia de la Sagra;Torrevieja;82;Toledo
2023-08-01;Ocaña;Torrevieja;117;Toledo
2023-08-01;Olías del Rey;Torrevieja;66;Toledo
2023-08-01;Ontígola;Torrevieja;60;Toledo
2023-08-01;Pantoja;Torrevieja;44;Toledo
2023-08-01;Portillo de Toledo;Torrevieja;35;Toledo
2023-08-01;Puebla de Almoradiel, La;Torrevieja;37;Toledo
2023-08-01;Puebla de Montalbán, La;Torrevieja;63;Toledo
2023-08-01;Quintanar de la Orden;Torrevieja;166;Toledo
2023-08-01;Recas;Torrevieja;41;Toledo
2023-08-01;Santa Cruz del Retamar;Torrevieja;37;Toledo
2023-08-01;Seseña;Torrevieja;340;Toledo
2023-08-01;Sonseca;Torrevieja;74;Toledo
2023-08-01;Talavera de la Reina;Torrevieja;442;Toledo
2023-08-01;Toledo;Torrevieja;519;Toledo
2023-08-01;Torrijos;Torrevieja;100;Toledo
2023-08-01;Ugena;Torrevieja;79;Toledo
2023-08-01;Valmojado;Torrevieja;39;Toledo
2023-08-01;Ventas de Retamosa, Las;Torrevieja;66;Toledo
2023-08-01;Villacañas;Torrevieja;74;Toledo
2023-08-01;Villafranca de los Caballeros;Torrevieja;108;Toledo
2023-08-01;Villaluenga de la Sagra;Torrevieja;76;Toledo
2023-08-01;Villarrubia de Santiago;Torrevieja;108;Toledo
2023-08-01;Villatobas;Torrevieja;49;Toledo
2023-08-01;Viso de San Juan, El;Torrevieja;96;Toledo
2023-08-01;Yeles;Torrevieja;82;Toledo
2023-08-01;Yepes;Torrevieja;47;Toledo
2023-08-01;Yuncler;Torrevieja;65;Toledo
2023-08-01;Yuncos;Torrevieja;208;Toledo
2023-08-01;Alaquàs;Torrevieja;44;Valencia/València
2023-08-01;Albal;Torrevieja;43;Valencia/València
2023-08-01;Alberic;Torrevieja;51;Valencia/València
2023-08-01;Alboraia/Alboraya;Torrevieja;45;Valencia/València
2023-08-01;Alzira;Torrevieja;56;Valencia/València
2023-08-01;Aldaia;Torrevieja;50;Valencia/València
2023-08-01;Alfafar;Torrevieja;51;Valencia/València
2023-08-01;Almàssera;Torrevieja;31;Valencia/València
2023-08-01;Bétera;Torrevieja;62;Valencia/València
2023-08-01;Bocairent;Torrevieja;48;Valencia/València
2023-08-01;Burjassot;Torrevieja;102;Valencia/València
2023-08-01;Canals;Torrevieja;33;Valencia/València
2023-08-01;Carcaixent;Torrevieja;37;Valencia/València
2023-08-01;Catarroja;Torrevieja;34;Valencia/València
2023-08-01;Quart de Poblet;Torrevieja;45;Valencia/València
2023-08-01;Xirivella;Torrevieja;70;Valencia/València
2023-08-01;Eliana, l';Torrevieja;39;Valencia/València
2023-08-01;Gandia;Torrevieja;104;Valencia/València
2023-08-01;Godella;Torrevieja;31;Valencia/València
2023-08-01;Xàtiva;Torrevieja;43;Valencia/València
2023-08-01;Manises;Torrevieja;112;Valencia/València
2023-08-01;Massanassa;Torrevieja;35;Valencia/València
2023-08-01;Mislata;Torrevieja;47;Valencia/València
2023-08-01;Moncada;Torrevieja;33;Valencia/València
2023-08-01;Montserrat;Torrevieja;43;Valencia/València
2023-08-01;Oliva;Torrevieja;33;Valencia/València
2023-08-01;Ontinyent;Torrevieja;67;Valencia/València
2023-08-01;Paiporta;Torrevieja;49;Valencia/València
2023-08-01;Paterna;Torrevieja;114;Valencia/València
2023-08-01;Picassent;Torrevieja;66;Valencia/València
2023-08-01;Pobla de Vallbona, la;Torrevieja;41;Valencia/València
2023-08-01;Requena;Torrevieja;56;Valencia/València
2023-08-01;Riba-roja de Túria;Torrevieja;33;Valencia/València
2023-08-01;Sagunto/Sagunt;Torrevieja;50;Valencia/València
2023-08-01;Sedaví;Torrevieja;37;Valencia/València
2023-08-01;Sueca;Torrevieja;37;Valencia/València
2023-08-01;Torrent;Torrevieja;169;Valencia/València
2023-08-01;València;Torrevieja;1344;Valencia/València
2023-08-01;Aldeamayor de San Martín;Torrevieja;41;Valladolid
2023-08-01;Arroyo de la Encomienda;Torrevieja;108;Valladolid
2023-08-01;Boecillo;Torrevieja;30;Valladolid
2023-08-01;Cistérniga;Torrevieja;61;Valladolid
2023-08-01;Laguna de Duero;Torrevieja;158;Valladolid
2023-08-01;Medina del Campo;Torrevieja;62;Valladolid
2023-08-01;Santovenia de Pisuerga;Torrevieja;45;Valladolid
2023-08-01;Tudela de Duero;Torrevieja;64;Valladolid
2023-08-01;Valladolid;Torrevieja;1165;Valladolid
2023-08-01;Abadiño;Torrevieja;30;Bizkaia
2023-08-01;Amorebieta-Etxano;Torrevieja;91;Bizkaia
2023-08-01;Arrigorriaga;Torrevieja;42;Bizkaia
2023-08-01;Barakaldo;Torrevieja;215;Bizkaia
2023-08-01;Basauri;Torrevieja;181;Bizkaia
2023-08-01;Bermeo;Torrevieja;43;Bizkaia
2023-08-01;Bilbao;Torrevieja;790;Bizkaia
2023-08-01;Durango;Torrevieja;92;Bizkaia
2023-08-01;Etxebarri;Torrevieja;86;Bizkaia
2023-08-01;Ermua;Torrevieja;82;Bizkaia
2023-08-01;Galdakao;Torrevieja;65;Bizkaia
2023-08-01;Getxo;Torrevieja;120;Bizkaia
2023-08-01;Gernika-Lumo;Torrevieja;35;Bizkaia
2023-08-01;Leioa;Torrevieja;82;Bizkaia
2023-08-01;Mungia;Torrevieja;38;Bizkaia
2023-08-01;Ondarroa;Torrevieja;45;Bizkaia
2023-08-01;Urduña/Orduña;Torrevieja;33;Bizkaia
2023-08-01;Portugalete;Torrevieja;79;Bizkaia
2023-08-01;Valle de Trápaga-Trapagaran;Torrevieja;42;Bizkaia
2023-08-01;Santurtzi;Torrevieja;159;Bizkaia
2023-08-01;Sestao;Torrevieja;81;Bizkaia
2023-08-01;Derio;Torrevieja;38;Bizkaia
2023-08-01;Erandio;Torrevieja;58;Bizkaia
2023-08-01;Sondika;Torrevieja;39;Bizkaia
2023-08-01;Benavente;Torrevieja;32;Zamora
2023-08-01;Zamora;Torrevieja;67;Zamora
2023-08-01;Tauste;Torrevieja;37;Zaragoza
2023-08-01;Utebo;Torrevieja;36;Zaragoza
2023-08-01;Zaragoza;Torrevieja;701;Zaragoza
2023-08-01;Melilla;Torrevieja;32;Melilla
2023-09-01;Vitoria-Gasteiz;Torrevieja;434;Araba/Álava
2023-09-01;Albacete;Torrevieja;884;Albacete
2023-09-01;Almansa;Torrevieja;100;Albacete
2023-09-01;Barrax;Torrevieja;36;Albacete
2023-09-01;Caudete;Torrevieja;42;Albacete
2023-09-01;Chinchilla de Monte-Aragón;Torrevieja;64;Albacete
2023-09-01;Hellín;Torrevieja;86;Albacete
2023-09-01;Villarrobledo;Torrevieja;38;Albacete
2023-09-01;Almería;Torrevieja;30;Almería
2023-09-01;Roquetas de Mar;Torrevieja;43;Almería
2023-09-01;Ejido, El;Torrevieja;35;Almería
2023-09-01;Ávila;Torrevieja;104;Ávila
2023-09-01;Badajoz;Torrevieja;39;Badajoz
2023-09-01;Palma;Torrevieja;103;Balears, Illes
2023-09-01;Sant Josep de sa Talaia;Torrevieja;31;Balears, Illes
2023-09-01;Santa Eulària des Riu;Torrevieja;33;Balears, Illes
2023-09-01;Barcelona;Torrevieja;301;Barcelona
2023-09-01;Cornellà de Llobregat;Torrevieja;33;Barcelona
2023-09-01;Hospitalet de Llobregat, L';Torrevieja;42;Barcelona
2023-09-01;Rubí;Torrevieja;55;Barcelona
2023-09-01;Sabadell;Torrevieja;36;Barcelona
2023-09-01;Aranda de Duero;Torrevieja;88;Burgos
2023-09-01;Burgos;Torrevieja;373;Burgos
2023-09-01;Miranda de Ebro;Torrevieja;75;Burgos
2023-09-01;Cáceres;Torrevieja;70;Cáceres
2023-09-01;Logrosán;Torrevieja;37;Cáceres
2023-09-01;Plasencia;Torrevieja;43;Cáceres
2023-09-01;Castelló de la Plana;Torrevieja;69;Castellón/Castelló
2023-09-01;Vall d'Uixó, la;Torrevieja;35;Castellón/Castelló
2023-09-01;Alcázar de San Juan;Torrevieja;61;Ciudad Real
2023-09-01;Almagro;Torrevieja;48;Ciudad Real
2023-09-01;Argamasilla de Alba;Torrevieja;43;Ciudad Real
2023-09-01;Argamasilla de Calatrava;Torrevieja;74;Ciudad Real
2023-09-01;Campo de Criptana;Torrevieja;60;Ciudad Real
2023-09-01;Ciudad Real;Torrevieja;207;Ciudad Real
2023-09-01;Herencia;Torrevieja;61;Ciudad Real
2023-09-01;Manzanares;Torrevieja;40;Ciudad Real
2023-09-01;Pedro Muñoz;Torrevieja;37;Ciudad Real
2023-09-01;Puertollano;Torrevieja;98;Ciudad Real
2023-09-01;Socuéllamos;Torrevieja;59;Ciudad Real
2023-09-01;Tomelloso;Torrevieja;94;Ciudad Real
2023-09-01;Valdepeñas;Torrevieja;54;Ciudad Real
2023-09-01;Córdoba;Torrevieja;44;Córdoba
2023-09-01;Coruña, A;Torrevieja;67;Coruña, A
2023-09-01;Santiago de Compostela;Torrevieja;45;Coruña, A
2023-09-01;Cuenca;Torrevieja;82;Cuenca
2023-09-01;Pedroñeras, Las;Torrevieja;39;Cuenca
2023-09-01;San Clemente;Torrevieja;50;Cuenca
2023-09-01;Tarancón;Torrevieja;62;Cuenca
2023-09-01;Granada;Torrevieja;72;Granada
2023-09-01;Alovera;Torrevieja;55;Guadalajara
2023-09-01;Azuqueca de Henares;Torrevieja;90;Guadalajara
2023-09-01;Cabanillas del Campo;Torrevieja;41;Guadalajara
2023-09-01;Casar, El;Torrevieja;42;Guadalajara
2023-09-01;Guadalajara;Torrevieja;115;Guadalajara
2023-09-01;Mondéjar;Torrevieja;50;Guadalajara
2023-09-01;Torrejón del Rey;Torrevieja;57;Guadalajara
2023-09-01;Donostia/San Sebastián;Torrevieja;142;Gipuzkoa
2023-09-01;Jaén;Torrevieja;31;Jaén
2023-09-01;Linares;Torrevieja;43;Jaén
2023-09-01;Úbeda;Torrevieja;49;Jaén
2023-09-01;Villacarrillo;Torrevieja;31;Jaén
2023-09-01;Bañeza, La;Torrevieja;38;León
2023-09-01;León;Torrevieja;158;León
2023-09-01;Ponferrada;Torrevieja;59;León
2023-09-01;San Andrés del Rabanedo;Torrevieja;33;León
2023-09-01;Lleida;Torrevieja;30;Lleida
2023-09-01;Logroño;Torrevieja;125;Rioja, La
2023-09-01;Lugo;Torrevieja;38;Lugo
2023-09-01;Ajalvir;Torrevieja;44;Madrid
2023-09-01;Álamo, El;Torrevieja;38;Madrid
2023-09-01;Alcalá de Henares;Torrevieja;613;Madrid
2023-09-01;Alcobendas;Torrevieja;275;Madrid
2023-09-01;Alcorcón;Torrevieja;731;Madrid
2023-09-01;Algete;Torrevieja;48;Madrid
2023-09-01;Alpedrete;Torrevieja;50;Madrid
2023-09-01;Aranjuez;Torrevieja;179;Madrid
2023-09-01;Arganda del Rey;Torrevieja;174;Madrid
2023-09-01;Arroyomolinos;Torrevieja;107;Madrid
2023-09-01;Belmonte de Tajo;Torrevieja;37;Madrid
2023-09-01;Boadilla del Monte;Torrevieja;109;Madrid
2023-09-01;Brunete;Torrevieja;32;Madrid
2023-09-01;Camarma de Esteruelas;Torrevieja;38;Madrid
2023-09-01;Carabaña;Torrevieja;31;Madrid
2023-09-01;Ciempozuelos;Torrevieja;91;Madrid
2023-09-01;Cobeña;Torrevieja;30;Madrid
2023-09-01;Colmenar de Oreja;Torrevieja;39;Madrid
2023-09-01;Colmenar Viejo;Torrevieja;224;Madrid
2023-09-01;Collado Villalba;Torrevieja;148;Madrid
2023-09-01;Coslada;Torrevieja;307;Madrid
2023-09-01;Daganzo de Arriba;Torrevieja;39;Madrid
2023-09-01;Escorial, El;Torrevieja;64;Madrid
2023-09-01;Fuenlabrada;Torrevieja;820;Madrid
2023-09-01;Galapagar;Torrevieja;102;Madrid
2023-09-01;Getafe;Torrevieja;754;Madrid
2023-09-01;Griñón;Torrevieja;52;Madrid
2023-09-01;Guadarrama;Torrevieja;60;Madrid
2023-09-01;Hoyo de Manzanares;Torrevieja;32;Madrid
2023-09-01;Humanes de Madrid;Torrevieja;82;Madrid
2023-09-01;Leganés;Torrevieja;873;Madrid
2023-09-01;Loeches;Torrevieja;55;Madrid
2023-09-01;Madrid;Torrevieja;8743;Madrid
2023-09-01;Majadahonda;Torrevieja;94;Madrid
2023-09-01;Meco;Torrevieja;84;Madrid
2023-09-01;Mejorada del Campo;Torrevieja;143;Madrid
2023-09-01;Molar, El;Torrevieja;48;Madrid
2023-09-01;Moraleja de Enmedio;Torrevieja;42;Madrid
2023-09-01;Moralzarzal;Torrevieja;45;Madrid
2023-09-01;Morata de Tajuña;Torrevieja;30;Madrid
2023-09-01;Móstoles;Torrevieja;864;Madrid
2023-09-01;Navalcarnero;Torrevieja;85;Madrid
2023-09-01;Nuevo Baztán;Torrevieja;32;Madrid
2023-09-01;Paracuellos de Jarama;Torrevieja;70;Madrid
2023-09-01;Parla;Torrevieja;530;Madrid
2023-09-01;Pinto;Torrevieja;220;Madrid
2023-09-01;Pozuelo de Alarcón;Torrevieja;114;Madrid
2023-09-01;Rivas-Vaciamadrid;Torrevieja;318;Madrid
2023-09-01;Rozas de Madrid, Las;Torrevieja;160;Madrid
2023-09-01;San Agustín del Guadalix;Torrevieja;38;Madrid
2023-09-01;San Fernando de Henares;Torrevieja;157;Madrid
2023-09-01;San Lorenzo de El Escorial;Torrevieja;63;Madrid
2023-09-01;San Martín de la Vega;Torrevieja;78;Madrid
2023-09-01;San Martín de Valdeiglesias;Torrevieja;33;Madrid
2023-09-01;San Sebastián de los Reyes;Torrevieja;289;Madrid
2023-09-01;Tielmes;Torrevieja;31;Madrid
2023-09-01;Torrejón de Ardoz;Torrevieja;537;Madrid
2023-09-01;Torrejón de la Calzada;Torrevieja;39;Madrid
2023-09-01;Torrejón de Velasco;Torrevieja;37;Madrid
2023-09-01;Valdemorillo;Torrevieja;31;Madrid
2023-09-01;Valdemoro;Torrevieja;307;Madrid
2023-09-01;Valdilecha;Torrevieja;31;Madrid
2023-09-01;Velilla de San Antonio;Torrevieja;33;Madrid
2023-09-01;Villa del Prado;Torrevieja;35;Madrid
2023-09-01;Villalbilla;Torrevieja;37;Madrid
2023-09-01;Villanueva de la Cañada;Torrevieja;31;Madrid
2023-09-01;Villanueva del Pardillo;Torrevieja;37;Madrid
2023-09-01;Villaviciosa de Odón;Torrevieja;70;Madrid
2023-09-01;Tres Cantos;Torrevieja;107;Madrid
2023-09-01;Benalmádena;Torrevieja;43;Málaga
2023-09-01;Estepona;Torrevieja;47;Málaga
2023-09-01;Málaga;Torrevieja;114;Málaga
2023-09-01;Marbella;Torrevieja;87;Málaga
2023-09-01;Mijas;Torrevieja;54;Málaga
2023-09-01;Vélez-Málaga;Torrevieja;46;Málaga
2023-09-01;Abanilla;Torrevieja;61;Murcia
2023-09-01;Abarán;Torrevieja;55;Murcia
2023-09-01;Águilas;Torrevieja;31;Murcia
2023-09-01;Alcantarilla;Torrevieja;136;Murcia
2023-09-01;Alguazas;Torrevieja;40;Murcia
2023-09-01;Archena;Torrevieja;91;Murcia
2023-09-01;Beniel;Torrevieja;95;Murcia
2023-09-01;Blanca;Torrevieja;30;Murcia
2023-09-01;Caravaca de la Cruz;Torrevieja;105;Murcia
2023-09-01;Cartagena;Torrevieja;863;Murcia
2023-09-01;Cieza;Torrevieja;129;Murcia
2023-09-01;Fortuna;Torrevieja;114;Murcia
2023-09-01;Jumilla;Torrevieja;90;Murcia
2023-09-01;Lorca;Torrevieja;43;Murcia
2023-09-01;Mazarrón;Torrevieja;65;Murcia
2023-09-01;Molina de Segura;Torrevieja;415;Murcia
2023-09-01;Murcia;Torrevieja;4633;Murcia
2023-09-01;San Javier;Torrevieja;428;Murcia
2023-09-01;San Pedro del Pinatar;Torrevieja;278;Murcia
2023-09-01;Torre-Pacheco;Torrevieja;245;Murcia
2023-09-01;Torres de Cotillas, Las;Torrevieja;151;Murcia
2023-09-01;Totana;Torrevieja;53;Murcia
2023-09-01;Unión, La;Torrevieja;70;Murcia
2023-09-01;Yecla;Torrevieja;90;Murcia
2023-09-01;Santomera;Torrevieja;136;Murcia
2023-09-01;Alcázares, Los;Torrevieja;97;Murcia
2023-09-01;Pamplona/Iruña;Torrevieja;134;Navarra
2023-09-01;Tudela;Torrevieja;55;Navarra
2023-09-01;Ourense;Torrevieja;36;Ourense
2023-09-01;Avilés;Torrevieja;41;Asturias
2023-09-01;Castrillón;Torrevieja;44;Asturias
2023-09-01;Gijón;Torrevieja;125;Asturias
2023-09-01;Oviedo;Torrevieja;90;Asturias
2023-09-01;Siero;Torrevieja;32;Asturias
2023-09-01;Palencia;Torrevieja;65;Palencia
2023-09-01;Palmas de Gran Canaria, Las;Torrevieja;39;Palmas, Las
2023-09-01;Telde;Torrevieja;33;Palmas, Las
2023-09-01;Cangas;Torrevieja;31;Pontevedra
2023-09-01;Vigo;Torrevieja;62;Pontevedra
2023-09-01;Salamanca;Torrevieja;120;Salamanca
2023-09-01;Santa Cruz de Tenerife;Torrevieja;32;Santa Cruz de Tenerife
2023-09-01;Castro-Urdiales;Torrevieja;35;Cantabria
2023-09-01;Santander;Torrevieja;41;Cantabria
2023-09-01;Cantalejo;Torrevieja;34;Segovia
2023-09-01;Espinar, El;Torrevieja;32;Segovia
2023-09-01;Palazuelos de Eresma;Torrevieja;32;Segovia
2023-09-01;Real Sitio de San Ildefonso;Torrevieja;62;Segovia
2023-09-01;Segovia;Torrevieja;104;Segovia
2023-09-01;Sevilla;Torrevieja;79;Sevilla
2023-09-01;Soria;Torrevieja;42;Soria
2023-09-01;Salou;Torrevieja;42;Tarragona
2023-09-01;Bargas;Torrevieja;53;Toledo
2023-09-01;Illescas;Torrevieja;111;Toledo
2023-09-01;Numancia de la Sagra;Torrevieja;48;Toledo
2023-09-01;Ocaña;Torrevieja;57;Toledo
2023-09-01;Quintanar de la Orden;Torrevieja;52;Toledo
2023-09-01;Seseña;Torrevieja;133;Toledo
2023-09-01;Talavera de la Reina;Torrevieja;173;Toledo
2023-09-01;Toledo;Torrevieja;161;Toledo
2023-09-01;Torrijos;Torrevieja;45;Toledo
2023-09-01;Ventas de Retamosa, Las;Torrevieja;31;Toledo
2023-09-01;Yepes;Torrevieja;30;Toledo
2023-09-01;Yuncos;Torrevieja;65;Toledo
2023-09-01;Alaquàs;Torrevieja;43;Valencia/València
2023-09-01;Albal;Torrevieja;33;Valencia/València
2023-09-01;Albalat de la Ribera;Torrevieja;70;Valencia/València
2023-09-01;Alzira;Torrevieja;55;Valencia/València
2023-09-01;Aldaia;Torrevieja;42;Valencia/València
2023-09-01;Burjassot;Torrevieja;46;Valencia/València
2023-09-01;Carcaixent;Torrevieja;33;Valencia/València
2023-09-01;Enguera;Torrevieja;33;Valencia/València
2023-09-01;Gandia;Torrevieja;51;Valencia/València
2023-09-01;Xàtiva;Torrevieja;30;Valencia/València
2023-09-01;Llíria;Torrevieja;32;Valencia/València
2023-09-01;Manises;Torrevieja;32;Valencia/València
2023-09-01;Mislata;Torrevieja;53;Valencia/València
2023-09-01;Ontinyent;Torrevieja;48;Valencia/València
2023-09-01;Paterna;Torrevieja;41;Valencia/València
2023-09-01;Pobla de Vallbona, la;Torrevieja;45;Valencia/València
2023-09-01;Requena;Torrevieja;40;Valencia/València
2023-09-01;Sagunto/Sagunt;Torrevieja;50;Valencia/València
2023-09-01;Sollana;Torrevieja;34;Valencia/València
2023-09-01;Tavernes de la Valldigna;Torrevieja;30;Valencia/València
2023-09-01;Torrent;Torrevieja;55;Valencia/València
2023-09-01;València;Torrevieja;786;Valencia/València
2023-09-01;Arroyo de la Encomienda;Torrevieja;34;Valladolid
2023-09-01;Laguna de Duero;Torrevieja;44;Valladolid
2023-09-01;Medina del Campo;Torrevieja;33;Valladolid
2023-09-01;Valladolid;Torrevieja;398;Valladolid
2023-09-01;Amorebieta-Etxano;Torrevieja;36;Bizkaia
2023-09-01;Barakaldo;Torrevieja;79;Bizkaia
2023-09-01;Basauri;Torrevieja;57;Bizkaia
2023-09-01;Bilbao;Torrevieja;281;Bizkaia
2023-09-01;Durango;Torrevieja;33;Bizkaia
2023-09-01;Getxo;Torrevieja;52;Bizkaia
2023-09-01;Santurtzi;Torrevieja;49;Bizkaia
2023-09-01;Sestao;Torrevieja;66;Bizkaia
2023-09-01;Benavente;Torrevieja;77;Zamora
2023-09-01;Zamora;Torrevieja;72;Zamora
2023-09-01;Zaragoza;Torrevieja;170;Zaragoza
2023-09-01;Melilla;Torrevieja;30;Melilla
2023-10-01;Vitoria-Gasteiz;Torrevieja;337;Araba/Álava
2023-10-01;Albacete;Torrevieja;965;Albacete
2023-10-01;Almansa;Torrevieja;58;Albacete
2023-10-01;Caudete;Torrevieja;38;Albacete
2023-10-01;Chinchilla de Monte-Aragón;Torrevieja;92;Albacete
2023-10-01;Hellín;Torrevieja;81;Albacete
2023-10-01;Roda, La;Torrevieja;56;Albacete
2023-10-01;Tobarra;Torrevieja;32;Albacete
2023-10-01;Villarrobledo;Torrevieja;56;Albacete
2023-10-01;Pozo Cañada;Torrevieja;30;Albacete
2023-10-01;Almería;Torrevieja;97;Almería
2023-10-01;Roquetas de Mar;Torrevieja;44;Almería
2023-10-01;Ávila;Torrevieja;78;Ávila
2023-10-01;Palma;Torrevieja;98;Balears, Illes
2023-10-01;Sant Josep de sa Talaia;Torrevieja;36;Balears, Illes
2023-10-01;Badalona;Torrevieja;46;Barcelona
2023-10-01;Barcelona;Torrevieja;252;Barcelona
2023-10-01;Gavà;Torrevieja;34;Barcelona
2023-10-01;Sabadell;Torrevieja;30;Barcelona
2023-10-01;Terrassa;Torrevieja;32;Barcelona
2023-10-01;Vilanova i la Geltrú;Torrevieja;34;Barcelona
2023-10-01;Aranda de Duero;Torrevieja;39;Burgos
2023-10-01;Burgos;Torrevieja;243;Burgos
2023-10-01;Castelló de la Plana;Torrevieja;83;Castellón/Castelló
2023-10-01;Onda;Torrevieja;57;Castellón/Castelló
2023-10-01;Vila-real;Torrevieja;36;Castellón/Castelló
2023-10-01;Alcázar de San Juan;Torrevieja;82;Ciudad Real
2023-10-01;Argamasilla de Alba;Torrevieja;40;Ciudad Real
2023-10-01;Ciudad Real;Torrevieja;130;Ciudad Real
2023-10-01;Herencia;Torrevieja;34;Ciudad Real
2023-10-01;Puertollano;Torrevieja;41;Ciudad Real
2023-10-01;Tomelloso;Torrevieja;60;Ciudad Real
2023-10-01;Valdepeñas;Torrevieja;57;Ciudad Real
2023-10-01;Córdoba;Torrevieja;40;Córdoba
2023-10-01;Oleiros;Torrevieja;35;Coruña, A
2023-10-01;Cuenca;Torrevieja;61;Cuenca
2023-10-01;San Clemente;Torrevieja;94;Cuenca
2023-10-01;Granada;Torrevieja;79;Granada
2023-10-01;Motril;Torrevieja;35;Granada
2023-10-01;Azuqueca de Henares;Torrevieja;89;Guadalajara
2023-10-01;Brihuega;Torrevieja;30;Guadalajara
2023-10-01;Casar, El;Torrevieja;39;Guadalajara
2023-10-01;Guadalajara;Torrevieja;101;Guadalajara
2023-10-01;Torrejón del Rey;Torrevieja;37;Guadalajara
2023-10-01;Errenteria;Torrevieja;30;Gipuzkoa
2023-10-01;Donostia/San Sebastián;Torrevieja;156;Gipuzkoa
2023-10-01;Ordizia;Torrevieja;38;Gipuzkoa
2023-10-01;Úbeda;Torrevieja;53;Jaén
2023-10-01;León;Torrevieja;82;León
2023-10-01;Villaquilambre;Torrevieja;31;León
2023-10-01;Balaguer;Torrevieja;31;Lleida
2023-10-01;Lleida;Torrevieja;40;Lleida
2023-10-01;Calahorra;Torrevieja;33;Rioja, La
2023-10-01;Logroño;Torrevieja;75;Rioja, La
2023-10-01;Álamo, El;Torrevieja;38;Madrid
2023-10-01;Alcalá de Henares;Torrevieja;386;Madrid
2023-10-01;Alcobendas;Torrevieja;166;Madrid
2023-10-01;Alcorcón;Torrevieja;482;Madrid
2023-10-01;Algete;Torrevieja;46;Madrid
2023-10-01;Aranjuez;Torrevieja;119;Madrid
2023-10-01;Arganda del Rey;Torrevieja;137;Madrid
2023-10-01;Arroyomolinos;Torrevieja;82;Madrid
2023-10-01;Boadilla del Monte;Torrevieja;89;Madrid
2023-10-01;Camarma de Esteruelas;Torrevieja;32;Madrid
2023-10-01;Campo Real;Torrevieja;52;Madrid
2023-10-01;Carabaña;Torrevieja;46;Madrid
2023-10-01;Ciempozuelos;Torrevieja;63;Madrid
2023-10-01;Cobeña;Torrevieja;69;Madrid
2023-10-01;Colmenar de Oreja;Torrevieja;44;Madrid
2023-10-01;Colmenar Viejo;Torrevieja;101;Madrid
2023-10-01;Collado Villalba;Torrevieja;108;Madrid
2023-10-01;Coslada;Torrevieja;206;Madrid
2023-10-01;Cubas de la Sagra;Torrevieja;39;Madrid
2023-10-01;Daganzo de Arriba;Torrevieja;31;Madrid
2023-10-01;Escorial, El;Torrevieja;38;Madrid
2023-10-01;Fuenlabrada;Torrevieja;534;Madrid
2023-10-01;Galapagar;Torrevieja;63;Madrid
2023-10-01;Getafe;Torrevieja;367;Madrid
2023-10-01;Humanes de Madrid;Torrevieja;52;Madrid
2023-10-01;Leganés;Torrevieja;520;Madrid
2023-10-01;Loeches;Torrevieja;49;Madrid
2023-10-01;Madrid;Torrevieja;5049;Madrid
2023-10-01;Majadahonda;Torrevieja;51;Madrid
2023-10-01;Meco;Torrevieja;61;Madrid
2023-10-01;Mejorada del Campo;Torrevieja;94;Madrid
2023-10-01;Moraleja de Enmedio;Torrevieja;54;Madrid
2023-10-01;Moralzarzal;Torrevieja;59;Madrid
2023-10-01;Morata de Tajuña;Torrevieja;30;Madrid
2023-10-01;Móstoles;Torrevieja;453;Madrid
2023-10-01;Navalcarnero;Torrevieja;58;Madrid
2023-10-01;Paracuellos de Jarama;Torrevieja;62;Madrid
2023-10-01;Parla;Torrevieja;312;Madrid
2023-10-01;Pinto;Torrevieja;105;Madrid
2023-10-01;Pozuelo de Alarcón;Torrevieja;53;Madrid
2023-10-01;Rivas-Vaciamadrid;Torrevieja;252;Madrid
2023-10-01;Rozas de Madrid, Las;Torrevieja;137;Madrid
2023-10-01;San Fernando de Henares;Torrevieja;90;Madrid
2023-10-01;San Lorenzo de El Escorial;Torrevieja;39;Madrid
2023-10-01;San Martín de la Vega;Torrevieja;50;Madrid
2023-10-01;San Sebastián de los Reyes;Torrevieja;210;Madrid
2023-10-01;Torrejón de Ardoz;Torrevieja;352;Madrid
2023-10-01;Torrelodones;Torrevieja;37;Madrid
2023-10-01;Valdemoro;Torrevieja;181;Madrid
2023-10-01;Velilla de San Antonio;Torrevieja;73;Madrid
2023-10-01;Villa del Prado;Torrevieja;45;Madrid
2023-10-01;Villalbilla;Torrevieja;73;Madrid
2023-10-01;Villanueva de la Cañada;Torrevieja;39;Madrid
2023-10-01;Villaviciosa de Odón;Torrevieja;59;Madrid
2023-10-01;Tres Cantos;Torrevieja;89;Madrid
2023-10-01;Alhaurín de la Torre;Torrevieja;35;Málaga
2023-10-01;Benalmádena;Torrevieja;54;Málaga
2023-10-01;Fuengirola;Torrevieja;40;Málaga
2023-10-01;Málaga;Torrevieja;162;Málaga
2023-10-01;Marbella;Torrevieja;58;Málaga
2023-10-01;Mijas;Torrevieja;46;Málaga
2023-10-01;Vélez-Málaga;Torrevieja;45;Málaga
2023-10-01;Abanilla;Torrevieja;82;Murcia
2023-10-01;Águilas;Torrevieja;56;Murcia
2023-10-01;Alcantarilla;Torrevieja;115;Murcia
2023-10-01;Alguazas;Torrevieja;39;Murcia
2023-10-01;Alhama de Murcia;Torrevieja;67;Murcia
2023-10-01;Archena;Torrevieja;49;Murcia
2023-10-01;Beniel;Torrevieja;47;Murcia
2023-10-01;Caravaca de la Cruz;Torrevieja;98;Murcia
2023-10-01;Cartagena;Torrevieja;789;Murcia
2023-10-01;Cieza;Torrevieja;86;Murcia
2023-10-01;Fortuna;Torrevieja;34;Murcia
2023-10-01;Fuente Álamo de Murcia;Torrevieja;31;Murcia
2023-10-01;Jumilla;Torrevieja;119;Murcia
2023-10-01;Lorca;Torrevieja;100;Murcia
2023-10-01;Mazarrón;Torrevieja;133;Murcia
2023-10-01;Molina de Segura;Torrevieja;278;Murcia
2023-10-01;Murcia;Torrevieja;3100;Murcia
2023-10-01;San Javier;Torrevieja;317;Murcia
2023-10-01;San Pedro del Pinatar;Torrevieja;240;Murcia
2023-10-01;Torre-Pacheco;Torrevieja;196;Murcia
2023-10-01;Torres de Cotillas, Las;Torrevieja;150;Murcia
2023-10-01;Unión, La;Torrevieja;97;Murcia
2023-10-01;Yecla;Torrevieja;95;Murcia
2023-10-01;Santomera;Torrevieja;117;Murcia
2023-10-01;Alcázares, Los;Torrevieja;61;Murcia
2023-10-01;Pamplona/Iruña;Torrevieja;115;Navarra
2023-10-01;Gijón;Torrevieja;105;Asturias
2023-10-01;Oviedo;Torrevieja;54;Asturias
2023-10-01;Siero;Torrevieja;31;Asturias
2023-10-01;Palencia;Torrevieja;50;Palencia
2023-10-01;Palmas de Gran Canaria, Las;Torrevieja;45;Palmas, Las
2023-10-01;Pontevedra;Torrevieja;34;Pontevedra
2023-10-01;Salamanca;Torrevieja;98;Salamanca
2023-10-01;Castro-Urdiales;Torrevieja;41;Cantabria
2023-10-01;Reocín;Torrevieja;36;Cantabria
2023-10-01;Santander;Torrevieja;41;Cantabria
2023-10-01;Segovia;Torrevieja;68;Segovia
2023-10-01;Sevilla;Torrevieja;53;Sevilla
2023-10-01;Teruel;Torrevieja;40;Teruel
2023-10-01;Alameda de la Sagra;Torrevieja;33;Toledo
2023-10-01;Cobeja;Torrevieja;35;Toledo
2023-10-01;Escalona;Torrevieja;30;Toledo
2023-10-01;Illescas;Torrevieja;73;Toledo
2023-10-01;Madridejos;Torrevieja;47;Toledo
2023-10-01;Méntrida;Torrevieja;44;Toledo
2023-10-01;Mora;Torrevieja;31;Toledo
2023-10-01;Ocaña;Torrevieja;52;Toledo
2023-10-01;Puebla de Almoradiel, La;Torrevieja;32;Toledo
2023-10-01;Quintanar de la Orden;Torrevieja;32;Toledo
2023-10-01;Seseña;Torrevieja;43;Toledo
2023-10-01;Sonseca;Torrevieja;32;Toledo
2023-10-01;Talavera de la Reina;Torrevieja;113;Toledo
2023-10-01;Toledo;Torrevieja;121;Toledo
2023-10-01;Villacañas;Torrevieja;59;Toledo
2023-10-01;Viso de San Juan, El;Torrevieja;41;Toledo
2023-10-01;Yepes;Torrevieja;32;Toledo
2023-10-01;Yuncos;Torrevieja;34;Toledo
2023-10-01;Albal;Torrevieja;36;Valencia/València
2023-10-01;Alboraia/Alboraya;Torrevieja;38;Valencia/València
2023-10-01;Alzira;Torrevieja;38;Valencia/València
2023-10-01;Alfafar;Torrevieja;31;Valencia/València
2023-10-01;Benifaió;Torrevieja;59;Valencia/València
2023-10-01;Bétera;Torrevieja;44;Valencia/València
2023-10-01;Buñol;Torrevieja;45;Valencia/València
2023-10-01;Burjassot;Torrevieja;49;Valencia/València
2023-10-01;Canals;Torrevieja;35;Valencia/València
2023-10-01;Carcaixent;Torrevieja;45;Valencia/València
2023-10-01;Catarroja;Torrevieja;37;Valencia/València
2023-10-01;Xirivella;Torrevieja;35;Valencia/València
2023-10-01;Eliana, l';Torrevieja;30;Valencia/València
2023-10-01;Enguera;Torrevieja;37;Valencia/València
2023-10-01;Gandia;Torrevieja;65;Valencia/València
2023-10-01;Xàtiva;Torrevieja;49;Valencia/València
2023-10-01;Manises;Torrevieja;38;Valencia/València
2023-10-01;Ontinyent;Torrevieja;49;Valencia/València
2023-10-01;Paiporta;Torrevieja;51;Valencia/València
2023-10-01;Paterna;Torrevieja;55;Valencia/València
2023-10-01;Sagunto/Sagunt;Torrevieja;32;Valencia/València
2023-10-01;Sollana;Torrevieja;30;Valencia/València
2023-10-01;Torrent;Torrevieja;61;Valencia/València
2023-10-01;València;Torrevieja;856;Valencia/València
2023-10-01;San Antonio de Benagéber;Torrevieja;37;Valencia/València
2023-10-01;Laguna de Duero;Torrevieja;34;Valladolid
2023-10-01;Valladolid;Torrevieja;273;Valladolid
2023-10-01;Barakaldo;Torrevieja;63;Bizkaia
2023-10-01;Bilbao;Torrevieja;210;Bizkaia
2023-10-01;Galdakao;Torrevieja;55;Bizkaia
2023-10-01;Santurtzi;Torrevieja;82;Bizkaia
2023-10-01;Erandio;Torrevieja;41;Bizkaia
2023-10-01;Zamora;Torrevieja;45;Zamora
2023-10-01;Zaragoza;Torrevieja;159;Zaragoza
2023-11-01;Vitoria-Gasteiz;Torrevieja;151;Araba/Álava
2023-11-01;Albacete;Torrevieja;495;Albacete
2023-11-01;Almansa;Torrevieja;31;Albacete
2023-11-01;Chinchilla de Monte-Aragón;Torrevieja;63;Albacete
2023-11-01;Hellín;Torrevieja;36;Albacete
2023-11-01;Roda, La;Torrevieja;31;Albacete
2023-11-01;Villarrobledo;Torrevieja;31;Albacete
2023-11-01;Abrucena;Torrevieja;30;Almería
2023-11-01;Adra;Torrevieja;37;Almería
2023-11-01;Almería;Torrevieja;60;Almería
2023-11-01;Roquetas de Mar;Torrevieja;41;Almería
2023-11-01;Ávila;Torrevieja;35;Ávila
2023-11-01;Inca;Torrevieja;31;Balears, Illes
2023-11-01;Palma;Torrevieja;64;Balears, Illes
2023-11-01;Barcelona;Torrevieja;167;Barcelona
2023-11-01;Burgos;Torrevieja;105;Burgos
2023-11-01;Cáceres;Torrevieja;36;Cáceres
2023-11-01;Jerez de la Frontera;Torrevieja;37;Cádiz
2023-11-01;Castelló de la Plana;Torrevieja;76;Castellón/Castelló
2023-11-01;Vila-real;Torrevieja;47;Castellón/Castelló
2023-11-01;Ciudad Real;Torrevieja;47;Ciudad Real
2023-11-01;Pedro Muñoz;Torrevieja;30;Ciudad Real
2023-11-01;Puertollano;Torrevieja;32;Ciudad Real
2023-11-01;Coruña, A;Torrevieja;47;Coruña, A
2023-11-01;Oleiros;Torrevieja;46;Coruña, A
2023-11-01;Cuenca;Torrevieja;39;Cuenca
2023-11-01;Herrumblar, El;Torrevieja;31;Cuenca
2023-11-01;San Clemente;Torrevieja;47;Cuenca
2023-11-01;Granada;Torrevieja;45;Granada
2023-11-01;Guadalajara;Torrevieja;53;Guadalajara
2023-11-01;Logroño;Torrevieja;45;Rioja, La
2023-11-01;Alcalá de Henares;Torrevieja;221;Madrid
2023-11-01;Alcobendas;Torrevieja;81;Madrid
2023-11-01;Alcorcón;Torrevieja;154;Madrid
2023-11-01;Algete;Torrevieja;38;Madrid
2023-11-01;Aranjuez;Torrevieja;88;Madrid
2023-11-01;Arganda del Rey;Torrevieja;80;Madrid
2023-11-01;Arroyomolinos;Torrevieja;58;Madrid
2023-11-01;Colmenar Viejo;Torrevieja;58;Madrid
2023-11-01;Collado Villalba;Torrevieja;46;Madrid
2023-11-01;Coslada;Torrevieja;102;Madrid
2023-11-01;Daganzo de Arriba;Torrevieja;30;Madrid
2023-11-01;Fuenlabrada;Torrevieja;188;Madrid
2023-11-01;Galapagar;Torrevieja;32;Madrid
2023-11-01;Getafe;Torrevieja;231;Madrid
2023-11-01;Humanes de Madrid;Torrevieja;45;Madrid
2023-11-01;Leganés;Torrevieja;240;Madrid
2023-11-01;Madrid;Torrevieja;2733;Madrid
2023-11-01;Mejorada del Campo;Torrevieja;34;Madrid
2023-11-01;Moraleja de Enmedio;Torrevieja;30;Madrid
2023-11-01;Móstoles;Torrevieja;192;Madrid
2023-11-01;Navalcarnero;Torrevieja;38;Madrid
2023-11-01;Parla;Torrevieja;148;Madrid
2023-11-01;Pinto;Torrevieja;42;Madrid
2023-11-01;Rivas-Vaciamadrid;Torrevieja;115;Madrid
2023-11-01;Rozas de Madrid, Las;Torrevieja;57;Madrid
2023-11-01;San Fernando de Henares;Torrevieja;58;Madrid
2023-11-01;San Sebastián de los Reyes;Torrevieja;116;Madrid
2023-11-01;Sevilla la Nueva;Torrevieja;32;Madrid
2023-11-01;Torrejón de Ardoz;Torrevieja;157;Madrid
2023-11-01;Torrejón de Velasco;Torrevieja;30;Madrid
2023-11-01;Valdemoro;Torrevieja;85;Madrid
2023-11-01;Villanueva de la Cañada;Torrevieja;32;Madrid
2023-11-01;Tres Cantos;Torrevieja;42;Madrid
2023-11-01;Benalmádena;Torrevieja;34;Málaga
2023-11-01;Estepona;Torrevieja;40;Málaga
2023-11-01;Fuengirola;Torrevieja;33;Málaga
2023-11-01;Málaga;Torrevieja;91;Málaga
2023-11-01;Marbella;Torrevieja;62;Málaga
2023-11-01;Mijas;Torrevieja;48;Málaga
2023-11-01;Torremolinos;Torrevieja;33;Málaga
2023-11-01;Abanilla;Torrevieja;90;Murcia
2023-11-01;Alcantarilla;Torrevieja;82;Murcia
2023-11-01;Archena;Torrevieja;66;Murcia
2023-11-01;Cartagena;Torrevieja;670;Murcia
2023-11-01;Cieza;Torrevieja;62;Murcia
2023-11-01;Jumilla;Torrevieja;51;Murcia
2023-11-01;Lorca;Torrevieja;36;Murcia
2023-11-01;Mazarrón;Torrevieja;103;Murcia
2023-11-01;Molina de Segura;Torrevieja;153;Murcia
2023-11-01;Murcia;Torrevieja;2373;Murcia
2023-11-01;San Javier;Torrevieja;247;Murcia
2023-11-01;San Pedro del Pinatar;Torrevieja;234;Murcia
2023-11-01;Torre-Pacheco;Torrevieja;196;Murcia
2023-11-01;Torres de Cotillas, Las;Torrevieja;102;Murcia
2023-11-01;Totana;Torrevieja;41;Murcia
2023-11-01;Unión, La;Torrevieja;63;Murcia
2023-11-01;Yecla;Torrevieja;66;Murcia
2023-11-01;Santomera;Torrevieja;71;Murcia
2023-11-01;Alcázares, Los;Torrevieja;95;Murcia
2023-11-01;Pamplona/Iruña;Torrevieja;52;Navarra
2023-11-01;Gijón;Torrevieja;85;Asturias
2023-11-01;Oviedo;Torrevieja;69;Asturias
2023-11-01;San Bartolomé de Tirajana;Torrevieja;33;Palmas, Las
2023-11-01;Vigo;Torrevieja;37;Pontevedra
2023-11-01;Salamanca;Torrevieja;45;Salamanca
2023-11-01;Santander;Torrevieja;44;Cantabria
2023-11-01;Sevilla;Torrevieja;35;Sevilla
2023-11-01;Illescas;Torrevieja;38;Toledo
2023-11-01;Méntrida;Torrevieja;47;Toledo
2023-11-01;Olías del Rey;Torrevieja;47;Toledo
2023-11-01;Talavera de la Reina;Torrevieja;69;Toledo
2023-11-01;Toledo;Torrevieja;55;Toledo
2023-11-01;Yeles;Torrevieja;39;Toledo
2023-11-01;Yepes;Torrevieja;31;Toledo
2023-11-01;Albalat de la Ribera;Torrevieja;85;Valencia/València
2023-11-01;Alboraia/Alboraya;Torrevieja;38;Valencia/València
2023-11-01;Bétera;Torrevieja;37;Valencia/València
2023-11-01;Buñol;Torrevieja;37;Valencia/València
2023-11-01;Burjassot;Torrevieja;45;Valencia/València
2023-11-01;Carcaixent;Torrevieja;38;Valencia/València
2023-11-01;Eliana, l';Torrevieja;30;Valencia/València
2023-11-01;Gandia;Torrevieja;39;Valencia/València
2023-11-01;Manises;Torrevieja;35;Valencia/València
2023-11-01;Mislata;Torrevieja;32;Valencia/València
2023-11-01;Ontinyent;Torrevieja;36;Valencia/València
2023-11-01;Paiporta;Torrevieja;34;Valencia/València
2023-11-01;Paterna;Torrevieja;57;Valencia/València
2023-11-01;Sagunto/Sagunt;Torrevieja;30;Valencia/València
2023-11-01;Sollana;Torrevieja;30;Valencia/València
2023-11-01;Torrent;Torrevieja;31;Valencia/València
2023-11-01;València;Torrevieja;571;Valencia/València
2023-11-01;San Antonio de Benagéber;Torrevieja;37;Valencia/València
2023-11-01;Valladolid;Torrevieja;88;Valladolid
2023-11-01;Amorebieta-Etxano;Torrevieja;34;Bizkaia
2023-11-01;Bilbao;Torrevieja;109;Bizkaia
2023-11-01;Leioa;Torrevieja;34;Bizkaia
2023-11-01;Zaragoza;Torrevieja;96;Zaragoza
2023-12-01;Vitoria-Gasteiz;Torrevieja;209;Araba/Álava
2023-12-01;Albacete;Torrevieja;577;Albacete
2023-12-01;Almansa;Torrevieja;39;Albacete
2023-12-01;Chinchilla de Monte-Aragón;Torrevieja;70;Albacete
2023-12-01;Hellín;Torrevieja;51;Albacete
2023-12-01;Villarrobledo;Torrevieja;69;Albacete
2023-12-01;Abrucena;Torrevieja;33;Almería
2023-12-01;Almería;Torrevieja;70;Almería
2023-12-01;Roquetas de Mar;Torrevieja;41;Almería
2023-12-01;Ávila;Torrevieja;49;Ávila
2023-12-01;Palma;Torrevieja;56;Balears, Illes
2023-12-01;Sant Antoni de Portmany;Torrevieja;30;Balears, Illes
2023-12-01;Badalona;Torrevieja;38;Barcelona
2023-12-01;Barcelona;Torrevieja;320;Barcelona
2023-12-01;Rubí;Torrevieja;30;Barcelona
2023-12-01;Terrassa;Torrevieja;49;Barcelona
2023-12-01;Burgos;Torrevieja;120;Burgos
2023-12-01;Madroñera;Torrevieja;35;Cáceres
2023-12-01;Línea de la Concepción, La;Torrevieja;30;Cádiz
2023-12-01;Almassora;Torrevieja;50;Castellón/Castelló
2023-12-01;Castelló de la Plana;Torrevieja;68;Castellón/Castelló
2023-12-01;Ciudad Real;Torrevieja;106;Ciudad Real
2023-12-01;Herencia;Torrevieja;56;Ciudad Real
2023-12-01;Manzanares;Torrevieja;43;Ciudad Real
2023-12-01;Pedro Muñoz;Torrevieja;49;Ciudad Real
2023-12-01;Puertollano;Torrevieja;68;Ciudad Real
2023-12-01;Tomelloso;Torrevieja;60;Ciudad Real
2023-12-01;Valdepeñas;Torrevieja;43;Ciudad Real
2023-12-01;Llanos del Caudillo;Torrevieja;30;Ciudad Real
2023-12-01;Córdoba;Torrevieja;36;Córdoba
2023-12-01;Coruña, A;Torrevieja;44;Coruña, A
2023-12-01;Santiago de Compostela;Torrevieja;43;Coruña, A
2023-12-01;Cuenca;Torrevieja;47;Cuenca
2023-12-01;San Clemente;Torrevieja;39;Cuenca
2023-12-01;Tarancón;Torrevieja;31;Cuenca
2023-12-01;Granada;Torrevieja;55;Granada
2023-12-01;Motril;Torrevieja;35;Granada
2023-12-01;Alovera;Torrevieja;36;Guadalajara
2023-12-01;Azuqueca de Henares;Torrevieja;52;Guadalajara
2023-12-01;Guadalajara;Torrevieja;68;Guadalajara
2023-12-01;Donostia/San Sebastián;Torrevieja;70;Gipuzkoa
2023-12-01;Biescas;Torrevieja;36;Huesca
2023-12-01;Jaén;Torrevieja;43;Jaén
2023-12-01;León;Torrevieja;44;León
2023-12-01;Logroño;Torrevieja;57;Rioja, La
2023-12-01;Alcalá de Henares;Torrevieja;438;Madrid
2023-12-01;Alcobendas;Torrevieja;156;Madrid
2023-12-01;Alcorcón;Torrevieja;421;Madrid
2023-12-01;Algete;Torrevieja;42;Madrid
2023-12-01;Aranjuez;Torrevieja;84;Madrid
2023-12-01;Arganda del Rey;Torrevieja;98;Madrid
2023-12-01;Arroyomolinos;Torrevieja;95;Madrid
2023-12-01;Boadilla del Monte;Torrevieja;65;Madrid
2023-12-01;Brunete;Torrevieja;39;Madrid
2023-12-01;Ciempozuelos;Torrevieja;52;Madrid
2023-12-01;Cobeña;Torrevieja;30;Madrid
2023-12-01;Colmenar de Oreja;Torrevieja;50;Madrid
2023-12-01;Colmenar Viejo;Torrevieja;119;Madrid
2023-12-01;Collado Villalba;Torrevieja;63;Madrid
2023-12-01;Coslada;Torrevieja;191;Madrid
2023-12-01;Cubas de la Sagra;Torrevieja;47;Madrid
2023-12-01;Fuenlabrada;Torrevieja;514;Madrid
2023-12-01;Galapagar;Torrevieja;78;Madrid
2023-12-01;Getafe;Torrevieja;390;Madrid
2023-12-01;Griñón;Torrevieja;34;Madrid
2023-12-01;Guadarrama;Torrevieja;31;Madrid
2023-12-01;Humanes de Madrid;Torrevieja;48;Madrid
2023-12-01;Leganés;Torrevieja;469;Madrid
2023-12-01;Madrid;Torrevieja;4675;Madrid
2023-12-01;Majadahonda;Torrevieja;37;Madrid
2023-12-01;Meco;Torrevieja;75;Madrid
2023-12-01;Mejorada del Campo;Torrevieja;70;Madrid
2023-12-01;Moraleja de Enmedio;Torrevieja;31;Madrid
2023-12-01;Morata de Tajuña;Torrevieja;40;Madrid
2023-12-01;Móstoles;Torrevieja;468;Madrid
2023-12-01;Navalcarnero;Torrevieja;74;Madrid
2023-12-01;Paracuellos de Jarama;Torrevieja;52;Madrid
2023-12-01;Parla;Torrevieja;298;Madrid
2023-12-01;Pinto;Torrevieja;100;Madrid
2023-12-01;Pozuelo de Alarcón;Torrevieja;61;Madrid
2023-12-01;Rivas-Vaciamadrid;Torrevieja;172;Madrid
2023-12-01;Rozas de Madrid, Las;Torrevieja;123;Madrid
2023-12-01;San Fernando de Henares;Torrevieja;124;Madrid
2023-12-01;San Martín de la Vega;Torrevieja;52;Madrid
2023-12-01;San Sebastián de los Reyes;Torrevieja;209;Madrid
2023-12-01;Sevilla la Nueva;Torrevieja;40;Madrid
2023-12-01;Torrejón de Ardoz;Torrevieja;343;Madrid
2023-12-01;Valdemorillo;Torrevieja;40;Madrid
2023-12-01;Valdemoro;Torrevieja;206;Madrid
2023-12-01;Velilla de San Antonio;Torrevieja;36;Madrid
2023-12-01;Villalbilla;Torrevieja;46;Madrid
2023-12-01;Villanueva de la Cañada;Torrevieja;35;Madrid
2023-12-01;Villaviciosa de Odón;Torrevieja;40;Madrid
2023-12-01;Tres Cantos;Torrevieja;48;Madrid
2023-12-01;Benalmádena;Torrevieja;55;Málaga
2023-12-01;Estepona;Torrevieja;30;Málaga
2023-12-01;Fuengirola;Torrevieja;34;Málaga
2023-12-01;Málaga;Torrevieja;86;Málaga
2023-12-01;Marbella;Torrevieja;54;Málaga
2023-12-01;Mijas;Torrevieja;48;Málaga
2023-12-01;Abanilla;Torrevieja;88;Murcia
2023-12-01;Águilas;Torrevieja;47;Murcia
2023-12-01;Alcantarilla;Torrevieja;104;Murcia
2023-12-01;Alguazas;Torrevieja;51;Murcia
2023-12-01;Archena;Torrevieja;36;Murcia
2023-12-01;Beniel;Torrevieja;74;Murcia
2023-12-01;Caravaca de la Cruz;Torrevieja;55;Murcia
2023-12-01;Cartagena;Torrevieja;918;Murcia
2023-12-01;Cieza;Torrevieja;36;Murcia
2023-12-01;Fuente Álamo de Murcia;Torrevieja;40;Murcia
2023-12-01;Jumilla;Torrevieja;48;Murcia
2023-12-01;Lorca;Torrevieja;73;Murcia
2023-12-01;Mazarrón;Torrevieja;33;Murcia
2023-12-01;Molina de Segura;Torrevieja;286;Murcia
2023-12-01;Mula;Torrevieja;33;Murcia
2023-12-01;Murcia;Torrevieja;2694;Murcia
2023-12-01;San Javier;Torrevieja;226;Murcia
2023-12-01;San Pedro del Pinatar;Torrevieja;233;Murcia
2023-12-01;Torre-Pacheco;Torrevieja;226;Murcia
2023-12-01;Torres de Cotillas, Las;Torrevieja;94;Murcia
2023-12-01;Unión, La;Torrevieja;49;Murcia
2023-12-01;Yecla;Torrevieja;76;Murcia
2023-12-01;Santomera;Torrevieja;75;Murcia
2023-12-01;Alcázares, Los;Torrevieja;96;Murcia
2023-12-01;Pamplona/Iruña;Torrevieja;69;Navarra
2023-12-01;Carballiño, O;Torrevieja;38;Ourense
2023-12-01;Gijón;Torrevieja;91;Asturias
2023-12-01;Oviedo;Torrevieja;59;Asturias
2023-12-01;Ribadesella;Torrevieja;45;Asturias
2023-12-01;Palencia;Torrevieja;49;Palencia
2023-12-01;Salamanca;Torrevieja;67;Salamanca
2023-12-01;Granadilla de Abona;Torrevieja;38;Santa Cruz de Tenerife
2023-12-01;Reocín;Torrevieja;30;Cantabria
2023-12-01;Espinar, El;Torrevieja;33;Segovia
2023-12-01;Segovia;Torrevieja;35;Segovia
2023-12-01;Sevilla;Torrevieja;64;Sevilla
2023-12-01;Viso del Alcor, El;Torrevieja;42;Sevilla
2023-12-01;Teruel;Torrevieja;32;Teruel
2023-12-01;Carranque;Torrevieja;36;Toledo
2023-12-01;Cobeja;Torrevieja;42;Toledo
2023-12-01;Illescas;Torrevieja;94;Toledo
2023-12-01;Ocaña;Torrevieja;59;Toledo
2023-12-01;Puebla de Almoradiel, La;Torrevieja;35;Toledo
2023-12-01;Quintanar de la Orden;Torrevieja;34;Toledo
2023-12-01;Seseña;Torrevieja;71;Toledo
2023-12-01;Talavera de la Reina;Torrevieja;87;Toledo
2023-12-01;Toledo;Torrevieja;113;Toledo
2023-12-01;Torrijos;Torrevieja;39;Toledo
2023-12-01;Villacañas;Torrevieja;57;Toledo
2023-12-01;Villatobas;Torrevieja;37;Toledo
2023-12-01;Viso de San Juan, El;Torrevieja;43;Toledo
2023-12-01;Yuncos;Torrevieja;37;Toledo
2023-12-01;Albalat de la Ribera;Torrevieja;79;Valencia/València
2023-12-01;Alboraia/Alboraya;Torrevieja;32;Valencia/València
2023-12-01;Aldaia;Torrevieja;32;Valencia/València
2023-12-01;Alfafar;Torrevieja;35;Valencia/València
2023-12-01;Burjassot;Torrevieja;57;Valencia/València
2023-12-01;Carcaixent;Torrevieja;68;Valencia/València
2023-12-01;Gandia;Torrevieja;55;Valencia/València
2023-12-01;Xàtiva;Torrevieja;38;Valencia/València
2023-12-01;Manises;Torrevieja;48;Valencia/València
2023-12-01;Mislata;Torrevieja;34;Valencia/València
2023-12-01;Ontinyent;Torrevieja;33;Valencia/València
2023-12-01;Paterna;Torrevieja;40;Valencia/València
2023-12-01;Requena;Torrevieja;45;Valencia/València
2023-12-01;Torrent;Torrevieja;43;Valencia/València
2023-12-01;València;Torrevieja;892;Valencia/València
2023-12-01;Valladolid;Torrevieja;201;Valladolid
2023-12-01;Barakaldo;Torrevieja;54;Bizkaia
2023-12-01;Basauri;Torrevieja;34;Bizkaia
2023-12-01;Bilbao;Torrevieja;110;Bizkaia
2023-12-01;Zamora;Torrevieja;46;Zamora
2023-12-01;Zaragoza;Torrevieja;126;Zaragoza
2024-01-01;Vitoria-Gasteiz;Torrevieja;126;Araba/Ãlava
2024-01-01;Albacete;Torrevieja;456;Albacete
2024-01-01;Almansa;Torrevieja;82;Albacete
2024-01-01;Caudete;Torrevieja;45;Albacete
2024-01-01;Chinchilla de Monte-Aragón;Torrevieja;46;Albacete
2024-01-01;Hellín;Torrevieja;75;Albacete
2024-01-01;Roda, La;Torrevieja;46;Albacete
2024-01-01;Villarrobledo;Torrevieja;62;Albacete
2024-01-01;Adra;Torrevieja;52;AlmerÃ­a
2024-01-01;Almería;Torrevieja;111;AlmerÃ­a
2024-01-01;Roquetas de Mar;Torrevieja;65;AlmerÃ­a
2024-01-01;Ávila;Torrevieja;31;Ãvila
2024-01-01;Palma;Torrevieja;90;Balears, Illes
2024-01-01;Barcelona;Torrevieja;216;Barcelona
2024-01-01;Sabadell;Torrevieja;43;Barcelona
2024-01-01;Burgos;Torrevieja;52;Burgos
2024-01-01;Chiclana de la Frontera;Torrevieja;35;CÃ¡diz
2024-01-01;Sanlúcar de Barrameda;Torrevieja;36;CÃ¡diz
2024-01-01;Borriana/Burriana;Torrevieja;33;CastellÃ³n/CastellÃ³
2024-01-01;Castelló de la Plana;Torrevieja;62;CastellÃ³n/CastellÃ³
2024-01-01;Ciudad Real;Torrevieja;42;Ciudad Real
2024-01-01;Puertollano;Torrevieja;57;Ciudad Real
2024-01-01;Socuéllamos;Torrevieja;34;Ciudad Real
2024-01-01;Terrinches;Torrevieja;38;Ciudad Real
2024-01-01;Tomelloso;Torrevieja;41;Ciudad Real
2024-01-01;Cuenca;Torrevieja;58;Cuenca
2024-01-01;San Clemente;Torrevieja;32;Cuenca
2024-01-01;Tarancón;Torrevieja;56;Cuenca
2024-01-01;Granada;Torrevieja;40;Granada
2024-01-01;Azuqueca de Henares;Torrevieja;31;Guadalajara
2024-01-01;Guadalajara;Torrevieja;59;Guadalajara
2024-01-01;Oiartzun;Torrevieja;30;Gipuzkoa
2024-01-01;Donostia/San Sebastián;Torrevieja;43;Gipuzkoa
2024-01-01;León;Torrevieja;33;LeÃ³n
2024-01-01;Alcalá de Henares;Torrevieja;232;Madrid
2024-01-01;Alcobendas;Torrevieja;91;Madrid
2024-01-01;Alcorcón;Torrevieja;116;Madrid
2024-01-01;Algete;Torrevieja;39;Madrid
2024-01-01;Aranjuez;Torrevieja;61;Madrid
2024-01-01;Arganda del Rey;Torrevieja;81;Madrid
2024-01-01;Arroyomolinos;Torrevieja;30;Madrid
2024-01-01;Boadilla del Monte;Torrevieja;32;Madrid
2024-01-01;Brunete;Torrevieja;31;Madrid
2024-01-01;Ciempozuelos;Torrevieja;35;Madrid
2024-01-01;Colmenar Viejo;Torrevieja;55;Madrid
2024-01-01;Collado Villalba;Torrevieja;51;Madrid
2024-01-01;Coslada;Torrevieja;71;Madrid
2024-01-01;Fuenlabrada;Torrevieja;274;Madrid
2024-01-01;Getafe;Torrevieja;201;Madrid
2024-01-01;Humanes de Madrid;Torrevieja;31;Madrid
2024-01-01;Leganés;Torrevieja;181;Madrid
2024-01-01;Madrid;Torrevieja;2921;Madrid
2024-01-01;Majadahonda;Torrevieja;48;Madrid
2024-01-01;Meco;Torrevieja;38;Madrid
2024-01-01;Mejorada del Campo;Torrevieja;35;Madrid
2024-01-01;Moraleja de Enmedio;Torrevieja;46;Madrid
2024-01-01;Móstoles;Torrevieja;233;Madrid
2024-01-01;Navalcarnero;Torrevieja;75;Madrid
2024-01-01;Parla;Torrevieja;187;Madrid
2024-01-01;Pinto;Torrevieja;54;Madrid
2024-01-01;Pozuelo de Alarcón;Torrevieja;38;Madrid
2024-01-01;Rivas-Vaciamadrid;Torrevieja;149;Madrid
2024-01-01;Rozas de Madrid, Las;Torrevieja;55;Madrid
2024-01-01;San Fernando de Henares;Torrevieja;62;Madrid
2024-01-01;San Martín de la Vega;Torrevieja;46;Madrid
2024-01-01;San Sebastián de los Reyes;Torrevieja;138;Madrid
2024-01-01;Sevilla la Nueva;Torrevieja;47;Madrid
2024-01-01;Torrejón de Ardoz;Torrevieja;183;Madrid
2024-01-01;Valdemoro;Torrevieja;85;Madrid
2024-01-01;Velilla de San Antonio;Torrevieja;35;Madrid
2024-01-01;Villalbilla;Torrevieja;42;Madrid
2024-01-01;Villanueva de la Cañada;Torrevieja;34;Madrid
2024-01-01;Tres Cantos;Torrevieja;54;Madrid
2024-01-01;Benalmádena;Torrevieja;39;MÃ¡laga
2024-01-01;Málaga;Torrevieja;84;MÃ¡laga
2024-01-01;Marbella;Torrevieja;32;MÃ¡laga
2024-01-01;Mijas;Torrevieja;32;MÃ¡laga
2024-01-01;Abanilla;Torrevieja;136;Murcia
2024-01-01;Águilas;Torrevieja;65;Murcia
2024-01-01;Alcantarilla;Torrevieja;92;Murcia
2024-01-01;Alguazas;Torrevieja;53;Murcia
2024-01-01;Archena;Torrevieja;49;Murcia
2024-01-01;Beniel;Torrevieja;68;Murcia
2024-01-01;Cartagena;Torrevieja;690;Murcia
2024-01-01;Cehegín;Torrevieja;34;Murcia
2024-01-01;Cieza;Torrevieja;46;Murcia
2024-01-01;Jumilla;Torrevieja;35;Murcia
2024-01-01;Mazarrón;Torrevieja;86;Murcia
2024-01-01;Molina de Segura;Torrevieja;265;Murcia
2024-01-01;Murcia;Torrevieja;2718;Murcia
2024-01-01;San Javier;Torrevieja;184;Murcia
2024-01-01;San Pedro del Pinatar;Torrevieja;241;Murcia
2024-01-01;Torre-Pacheco;Torrevieja;174;Murcia
2024-01-01;Torres de Cotillas, Las;Torrevieja;104;Murcia
2024-01-01;Totana;Torrevieja;42;Murcia
2024-01-01;Unión, La;Torrevieja;54;Murcia
2024-01-01;Yecla;Torrevieja;71;Murcia
2024-01-01;Santomera;Torrevieja;58;Murcia
2024-01-01;Alcázares, Los;Torrevieja;78;Murcia
2024-01-01;Pamplona/Iruña;Torrevieja;51;Navarra
2024-01-01;Ourense;Torrevieja;31;Ourense
2024-01-01;Gijón;Torrevieja;63;Asturias
2024-01-01;Oviedo;Torrevieja;57;Asturias
2024-01-01;Estepa;Torrevieja;30;Sevilla
2024-01-01;Sevilla;Torrevieja;54;Sevilla
2024-01-01;Illescas;Torrevieja;52;Toledo
2024-01-01;Mocejón;Torrevieja;39;Toledo
2024-01-01;Ocaña;Torrevieja;39;Toledo
2024-01-01;Quintanar de la Orden;Torrevieja;32;Toledo
2024-01-01;Seseña;Torrevieja;35;Toledo
2024-01-01;Talavera de la Reina;Torrevieja;42;Toledo
2024-01-01;Toledo;Torrevieja;53;Toledo
2024-01-01;Yuncos;Torrevieja;34;Toledo
2024-01-01;Albal;Torrevieja;35;Valencia/ValÃ¨ncia
2024-01-01;Albalat de la Ribera;Torrevieja;77;Valencia/ValÃ¨ncia
2024-01-01;Alboraia/Alboraya;Torrevieja;32;Valencia/ValÃ¨ncia
2024-01-01;Alcúdia de Crespins, l';Torrevieja;59;Valencia/ValÃ¨ncia
2024-01-01;Buñol;Torrevieja;38;Valencia/ValÃ¨ncia
2024-01-01;Burjassot;Torrevieja;63;Valencia/ValÃ¨ncia
2024-01-01;Carcaixent;Torrevieja;30;Valencia/ValÃ¨ncia
2024-01-01;Cullera;Torrevieja;40;Valencia/ValÃ¨ncia
2024-01-01;Gandia;Torrevieja;79;Valencia/ValÃ¨ncia
2024-01-01;Xàtiva;Torrevieja;33;Valencia/ValÃ¨ncia
2024-01-01;Manises;Torrevieja;34;Valencia/ValÃ¨ncia
2024-01-01;Mislata;Torrevieja;30;Valencia/ValÃ¨ncia
2024-01-01;Oliva;Torrevieja;33;Valencia/ValÃ¨ncia
2024-01-01;Paiporta;Torrevieja;76;Valencia/ValÃ¨ncia
2024-01-01;Paterna;Torrevieja;49;Valencia/ValÃ¨ncia
2024-01-01;Pobla del Duc, la;Torrevieja;32;Valencia/ValÃ¨ncia
2024-01-01;Sagunto/Sagunt;Torrevieja;40;Valencia/ValÃ¨ncia
2024-01-01;Torrent;Torrevieja;64;Valencia/ValÃ¨ncia
2024-01-01;València;Torrevieja;761;Valencia/ValÃ¨ncia
2024-01-01;Valladolid;Torrevieja;102;Valladolid
2024-01-01;Barakaldo;Torrevieja;55;Bizkaia
2024-01-01;Basauri;Torrevieja;32;Bizkaia
2024-01-01;Bilbao;Torrevieja;96;Bizkaia
2024-01-01;Ermua;Torrevieja;46;Bizkaia
2024-01-01;Zaragoza;Torrevieja;105;Zaragoza
2024-01-01;Melilla;Torrevieja;33;Melilla
2024-02-01;Vitoria-Gasteiz;Torrevieja;87;Araba/Ãlava
2024-02-01;Albacete;Torrevieja;532;Albacete
2024-02-01;Almansa;Torrevieja;37;Albacete
2024-02-01;Caudete;Torrevieja;37;Albacete
2024-02-01;Chinchilla de Monte-Aragón;Torrevieja;37;Albacete
2024-02-01;Hellín;Torrevieja;32;Albacete
2024-02-01;Roda, La;Torrevieja;30;Albacete
2024-02-01;Villarrobledo;Torrevieja;63;Albacete
2024-02-01;Adra;Torrevieja;33;AlmerÃ­a
2024-02-01;Almería;Torrevieja;95;AlmerÃ­a
2024-02-01;Carboneras;Torrevieja;111;AlmerÃ­a
2024-02-01;Roquetas de Mar;Torrevieja;33;AlmerÃ­a
2024-02-01;Vícar;Torrevieja;33;AlmerÃ­a
2024-02-01;Ejido, El;Torrevieja;33;AlmerÃ­a
2024-02-01;Ávila;Torrevieja;39;Ãvila
2024-02-01;Palma;Torrevieja;61;Balears, Illes
2024-02-01;Sant Josep de sa Talaia;Torrevieja;32;Balears, Illes
2024-02-01;Barcelona;Torrevieja;162;Barcelona
2024-02-01;Hospitalet de Llobregat, L';Torrevieja;63;Barcelona
2024-02-01;Burgos;Torrevieja;49;Burgos
2024-02-01;Chiclana de la Frontera;Torrevieja;35;CÃ¡diz
2024-02-01;Castelló de la Plana;Torrevieja;54;CastellÃ³n/CastellÃ³
2024-02-01;Vila-real;Torrevieja;34;CastellÃ³n/CastellÃ³
2024-02-01;Ciudad Real;Torrevieja;49;Ciudad Real
2024-02-01;Pedro Muñoz;Torrevieja;37;Ciudad Real
2024-02-01;Puertollano;Torrevieja;31;Ciudad Real
2024-02-01;Valdepeñas;Torrevieja;36;Ciudad Real
2024-02-01;Blanes;Torrevieja;35;Girona
2024-02-01;Granada;Torrevieja;37;Granada
2024-02-01;Motril;Torrevieja;40;Granada
2024-02-01;Alovera;Torrevieja;35;Guadalajara
2024-02-01;Azuqueca de Henares;Torrevieja;43;Guadalajara
2024-02-01;Cabanillas del Campo;Torrevieja;43;Guadalajara
2024-02-01;Casar, El;Torrevieja;35;Guadalajara
2024-02-01;Marchamalo;Torrevieja;32;Guadalajara
2024-02-01;Pioz;Torrevieja;42;Guadalajara
2024-02-01;León;Torrevieja;37;LeÃ³n
2024-02-01;Alcalá de Henares;Torrevieja;260;Madrid
2024-02-01;Alcobendas;Torrevieja;97;Madrid
2024-02-01;Alcorcón;Torrevieja;210;Madrid
2024-02-01;Aranjuez;Torrevieja;59;Madrid
2024-02-01;Arganda del Rey;Torrevieja;95;Madrid
2024-02-01;Boadilla del Monte;Torrevieja;70;Madrid
2024-02-01;Ciempozuelos;Torrevieja;45;Madrid
2024-02-01;Colmenar Viejo;Torrevieja;57;Madrid
2024-02-01;Collado Villalba;Torrevieja;51;Madrid
2024-02-01;Coslada;Torrevieja;117;Madrid
2024-02-01;Daganzo de Arriba;Torrevieja;33;Madrid
2024-02-01;Fuenlabrada;Torrevieja;337;Madrid
2024-02-01;Getafe;Torrevieja;233;Madrid
2024-02-01;Leganés;Torrevieja;281;Madrid
2024-02-01;Madrid;Torrevieja;2868;Madrid
2024-02-01;Majadahonda;Torrevieja;51;Madrid
2024-02-01;Meco;Torrevieja;32;Madrid
2024-02-01;Mejorada del Campo;Torrevieja;42;Madrid
2024-02-01;Moraleja de Enmedio;Torrevieja;33;Madrid
2024-02-01;Móstoles;Torrevieja;286;Madrid
2024-02-01;Navalcarnero;Torrevieja;51;Madrid
2024-02-01;Paracuellos de Jarama;Torrevieja;50;Madrid
2024-02-01;Parla;Torrevieja;181;Madrid
2024-02-01;Pinto;Torrevieja;50;Madrid
2024-02-01;Rivas-Vaciamadrid;Torrevieja;155;Madrid
2024-02-01;Rozas de Madrid, Las;Torrevieja;78;Madrid
2024-02-01;San Fernando de Henares;Torrevieja;44;Madrid
2024-02-01;San Martín de la Vega;Torrevieja;50;Madrid
2024-02-01;San Sebastián de los Reyes;Torrevieja;102;Madrid
2024-02-01;Torrejón de Ardoz;Torrevieja;154;Madrid
2024-02-01;Valdemoro;Torrevieja;102;Madrid
2024-02-01;Villalbilla;Torrevieja;46;Madrid
2024-02-01;Villarejo de Salvanés;Torrevieja;38;Madrid
2024-02-01;Tres Cantos;Torrevieja;34;Madrid
2024-02-01;Benalmádena;Torrevieja;35;MÃ¡laga
2024-02-01;Estepona;Torrevieja;41;MÃ¡laga
2024-02-01;Málaga;Torrevieja;46;MÃ¡laga
2024-02-01;Marbella;Torrevieja;50;MÃ¡laga
2024-02-01;Mijas;Torrevieja;49;MÃ¡laga
2024-02-01;Nerja;Torrevieja;43;MÃ¡laga
2024-02-01;Abanilla;Torrevieja;113;Murcia
2024-02-01;Águilas;Torrevieja;45;Murcia
2024-02-01;Alcantarilla;Torrevieja;60;Murcia
2024-02-01;Archena;Torrevieja;35;Murcia
2024-02-01;Cartagena;Torrevieja;522;Murcia
2024-02-01;Cieza;Torrevieja;79;Murcia
2024-02-01;Jumilla;Torrevieja;56;Murcia
2024-02-01;Lorca;Torrevieja;57;Murcia
2024-02-01;Mazarrón;Torrevieja;59;Murcia
2024-02-01;Molina de Segura;Torrevieja;166;Murcia
2024-02-01;Murcia;Torrevieja;2484;Murcia
2024-02-01;San Javier;Torrevieja;138;Murcia
2024-02-01;San Pedro del Pinatar;Torrevieja;185;Murcia
2024-02-01;Torre-Pacheco;Torrevieja;186;Murcia
2024-02-01;Torres de Cotillas, Las;Torrevieja;97;Murcia
2024-02-01;Totana;Torrevieja;40;Murcia
2024-02-01;Unión, La;Torrevieja;44;Murcia
2024-02-01;Yecla;Torrevieja;79;Murcia
2024-02-01;Santomera;Torrevieja;75;Murcia
2024-02-01;Alcázares, Los;Torrevieja;46;Murcia
2024-02-01;Pamplona/Iruña;Torrevieja;33;Navarra
2024-02-01;Castrillón;Torrevieja;34;Asturias
2024-02-01;Oviedo;Torrevieja;50;Asturias
2024-02-01;Mogán;Torrevieja;36;Palmas, Las
2024-02-01;Palmas de Gran Canaria, Las;Torrevieja;33;Palmas, Las
2024-02-01;San Bartolomé de Tirajana;Torrevieja;36;Palmas, Las
2024-02-01;Salamanca;Torrevieja;35;Salamanca
2024-02-01;Arona;Torrevieja;31;Santa Cruz de Tenerife
2024-02-01;Segovia;Torrevieja;55;Segovia
2024-02-01;Sevilla;Torrevieja;53;Sevilla
2024-02-01;Casarrubios del Monte;Torrevieja;37;Toledo
2024-02-01;Esquivias;Torrevieja;30;Toledo
2024-02-01;Illescas;Torrevieja;36;Toledo
2024-02-01;Ocaña;Torrevieja;30;Toledo
2024-02-01;Puebla de Almoradiel, La;Torrevieja;30;Toledo
2024-02-01;Quero;Torrevieja;38;Toledo
2024-02-01;Seseña;Torrevieja;40;Toledo
2024-02-01;Talavera de la Reina;Torrevieja;56;Toledo
2024-02-01;Toledo;Torrevieja;73;Toledo
2024-02-01;Alboraia/Alboraya;Torrevieja;34;Valencia/ValÃ¨ncia
2024-02-01;Alcúdia de Crespins, l';Torrevieja;32;Valencia/ValÃ¨ncia
2024-02-01;Burjassot;Torrevieja;38;Valencia/ValÃ¨ncia
2024-02-01;Carcaixent;Torrevieja;32;Valencia/ValÃ¨ncia
2024-02-01;Gandia;Torrevieja;44;Valencia/ValÃ¨ncia
2024-02-01;Xàtiva;Torrevieja;30;Valencia/ValÃ¨ncia
2024-02-01;Manises;Torrevieja;38;Valencia/ValÃ¨ncia
2024-02-01;Mislata;Torrevieja;41;Valencia/ValÃ¨ncia
2024-02-01;Moncada;Torrevieja;30;Valencia/ValÃ¨ncia
2024-02-01;Paterna;Torrevieja;38;Valencia/ValÃ¨ncia
2024-02-01;Picassent;Torrevieja;32;Valencia/ValÃ¨ncia
2024-02-01;Sagunto/Sagunt;Torrevieja;39;Valencia/ValÃ¨ncia
2024-02-01;Torrent;Torrevieja;47;Valencia/ValÃ¨ncia
2024-02-01;València;Torrevieja;713;Valencia/ValÃ¨ncia
2024-02-01;Valladolid;Torrevieja;83;Valladolid
2024-02-01;Bilbao;Torrevieja;39;Bizkaia
2024-02-01;Zaragoza;Torrevieja;58;Zaragoza
2024-03-01;Vitoria-Gasteiz;Torrevieja;257;Araba/Ãlava
2024-03-01;Albacete;Torrevieja;969;Albacete
2024-03-01;Almansa;Torrevieja;78;Albacete
2024-03-01;Chinchilla de Monte-Aragón;Torrevieja;61;Albacete
2024-03-01;Hellín;Torrevieja;44;Albacete
2024-03-01;Roda, La;Torrevieja;53;Albacete
2024-03-01;Villarrobledo;Torrevieja;124;Albacete
2024-03-01;Pozo Cañada;Torrevieja;34;Albacete
2024-03-01;Almería;Torrevieja;122;AlmerÃ­a
2024-03-01;Cuevas del Almanzora;Torrevieja;30;AlmerÃ­a
2024-03-01;Roquetas de Mar;Torrevieja;49;AlmerÃ­a
2024-03-01;Vera;Torrevieja;53;AlmerÃ­a
2024-03-01;Vícar;Torrevieja;30;AlmerÃ­a
2024-03-01;Ávila;Torrevieja;69;Ãvila
2024-03-01;Palma;Torrevieja;64;Balears, Illes
2024-03-01;Barcelona;Torrevieja;264;Barcelona
2024-03-01;Aranda de Duero;Torrevieja;40;Burgos
2024-03-01;Burgos;Torrevieja;206;Burgos
2024-03-01;Castelló de la Plana;Torrevieja;79;CastellÃ³n/CastellÃ³
2024-03-01;Vall d'Uixó, la;Torrevieja;32;CastellÃ³n/CastellÃ³
2024-03-01;Alcázar de San Juan;Torrevieja;45;Ciudad Real
2024-03-01;Campo de Criptana;Torrevieja;32;Ciudad Real
2024-03-01;Ciudad Real;Torrevieja;137;Ciudad Real
2024-03-01;Miguelturra;Torrevieja;30;Ciudad Real
2024-03-01;Pedro Muñoz;Torrevieja;63;Ciudad Real
2024-03-01;Puertollano;Torrevieja;66;Ciudad Real
2024-03-01;Tomelloso;Torrevieja;82;Ciudad Real
2024-03-01;Valdepeñas;Torrevieja;42;Ciudad Real
2024-03-01;Córdoba;Torrevieja;39;CÃ³rdoba
2024-03-01;Coruña, A;Torrevieja;39;CoruÃ±a, A
2024-03-01;Cuenca;Torrevieja;52;Cuenca
2024-03-01;Mota del Cuervo;Torrevieja;64;Cuenca
2024-03-01;Tarancón;Torrevieja;50;Cuenca
2024-03-01;Blanes;Torrevieja;37;Girona
2024-03-01;Granada;Torrevieja;53;Granada
2024-03-01;Alovera;Torrevieja;67;Guadalajara
2024-03-01;Azuqueca de Henares;Torrevieja;85;Guadalajara
2024-03-01;Casar, El;Torrevieja;34;Guadalajara
2024-03-01;Guadalajara;Torrevieja;139;Guadalajara
2024-03-01;Torrejón del Rey;Torrevieja;57;Guadalajara
2024-03-01;Aretxabaleta;Torrevieja;33;Gipuzkoa
2024-03-01;Eibar;Torrevieja;48;Gipuzkoa
2024-03-01;Hernani;Torrevieja;48;Gipuzkoa
2024-03-01;Lazkao;Torrevieja;52;Gipuzkoa
2024-03-01;Errenteria;Torrevieja;30;Gipuzkoa
2024-03-01;Donostia/San Sebastián;Torrevieja;112;Gipuzkoa
2024-03-01;Linares;Torrevieja;30;JaÃ©n
2024-03-01;León;Torrevieja;71;LeÃ³n
2024-03-01;Logroño;Torrevieja;78;Rioja, La
2024-03-01;Alcalá de Henares;Torrevieja;753;Madrid
2024-03-01;Alcobendas;Torrevieja;277;Madrid
2024-03-01;Alcorcón;Torrevieja;766;Madrid
2024-03-01;Algete;Torrevieja;73;Madrid
2024-03-01;Alpedrete;Torrevieja;54;Madrid
2024-03-01;Aranjuez;Torrevieja;131;Madrid
2024-03-01;Arganda del Rey;Torrevieja;280;Madrid
2024-03-01;Arroyomolinos;Torrevieja;171;Madrid
2024-03-01;Boadilla del Monte;Torrevieja;148;Madrid
2024-03-01;Brunete;Torrevieja;34;Madrid
2024-03-01;Bustarviejo;Torrevieja;33;Madrid
2024-03-01;Camarma de Esteruelas;Torrevieja;59;Madrid
2024-03-01;Casarrubuelos;Torrevieja;37;Madrid
2024-03-01;Cercedilla;Torrevieja;50;Madrid
2024-03-01;Ciempozuelos;Torrevieja;97;Madrid
2024-03-01;Cobeña;Torrevieja;59;Madrid
2024-03-01;Colmenarejo;Torrevieja;40;Madrid
2024-03-01;Colmenar Viejo;Torrevieja;189;Madrid
2024-03-01;Collado Villalba;Torrevieja;176;Madrid
2024-03-01;Coslada;Torrevieja;349;Madrid
2024-03-01;Cubas de la Sagra;Torrevieja;40;Madrid
2024-03-01;Daganzo de Arriba;Torrevieja;84;Madrid
2024-03-01;Escorial, El;Torrevieja;41;Madrid
2024-03-01;Fuenlabrada;Torrevieja;891;Madrid
2024-03-01;Fuente el Saz de Jarama;Torrevieja;65;Madrid
2024-03-01;Galapagar;Torrevieja;103;Madrid
2024-03-01;Getafe;Torrevieja;747;Madrid
2024-03-01;Griñón;Torrevieja;43;Madrid
2024-03-01;Guadarrama;Torrevieja;57;Madrid
2024-03-01;Humanes de Madrid;Torrevieja;97;Madrid
2024-03-01;Leganés;Torrevieja;849;Madrid
2024-03-01;Loeches;Torrevieja;60;Madrid
2024-03-01;Madrid;Torrevieja;7927;Madrid
2024-03-01;Majadahonda;Torrevieja;115;Madrid
2024-03-01;Manzanares el Real;Torrevieja;48;Madrid
2024-03-01;Meco;Torrevieja;58;Madrid
2024-03-01;Mejorada del Campo;Torrevieja;134;Madrid
2024-03-01;Molar, El;Torrevieja;39;Madrid
2024-03-01;Moraleja de Enmedio;Torrevieja;65;Madrid
2024-03-01;Morata de Tajuña;Torrevieja;52;Madrid
2024-03-01;Móstoles;Torrevieja;797;Madrid
2024-03-01;Navalcarnero;Torrevieja;150;Madrid
2024-03-01;Paracuellos de Jarama;Torrevieja;64;Madrid
2024-03-01;Parla;Torrevieja;549;Madrid
2024-03-01;Pinto;Torrevieja;212;Madrid
2024-03-01;Pozuelo de Alarcón;Torrevieja;114;Madrid
2024-03-01;Rivas-Vaciamadrid;Torrevieja;476;Madrid
2024-03-01;Rozas de Madrid, Las;Torrevieja;197;Madrid
2024-03-01;San Agustín del Guadalix;Torrevieja;55;Madrid
2024-03-01;San Fernando de Henares;Torrevieja;226;Madrid
2024-03-01;San Lorenzo de El Escorial;Torrevieja;31;Madrid
2024-03-01;San Martín de la Vega;Torrevieja;88;Madrid
2024-03-01;San Sebastián de los Reyes;Torrevieja;384;Madrid
2024-03-01;Serranillos del Valle;Torrevieja;35;Madrid
2024-03-01;Talamanca de Jarama;Torrevieja;40;Madrid
2024-03-01;Torrejón de Ardoz;Torrevieja;605;Madrid
2024-03-01;Torrelodones;Torrevieja;46;Madrid
2024-03-01;Torres de la Alameda;Torrevieja;46;Madrid
2024-03-01;Valdemorillo;Torrevieja;39;Madrid
2024-03-01;Valdemoro;Torrevieja;351;Madrid
2024-03-01;Valdetorres de Jarama;Torrevieja;45;Madrid
2024-03-01;Valdilecha;Torrevieja;40;Madrid
2024-03-01;Velilla de San Antonio;Torrevieja;68;Madrid
2024-03-01;Villalbilla;Torrevieja;68;Madrid
2024-03-01;Villanueva de la Cañada;Torrevieja;66;Madrid
2024-03-01;Villanueva del Pardillo;Torrevieja;60;Madrid
2024-03-01;Villaviciosa de Odón;Torrevieja;69;Madrid
2024-03-01;Tres Cantos;Torrevieja;88;Madrid
2024-03-01;Benalmádena;Torrevieja;36;MÃ¡laga
2024-03-01;Fuengirola;Torrevieja;51;MÃ¡laga
2024-03-01;Málaga;Torrevieja;86;MÃ¡laga
2024-03-01;Marbella;Torrevieja;41;MÃ¡laga
2024-03-01;Mijas;Torrevieja;35;MÃ¡laga
2024-03-01;Torremolinos;Torrevieja;48;MÃ¡laga
2024-03-01;Abanilla;Torrevieja;75;Murcia
2024-03-01;Abarán;Torrevieja;57;Murcia
2024-03-01;Águilas;Torrevieja;91;Murcia
2024-03-01;Alcantarilla;Torrevieja;163;Murcia
2024-03-01;Alguazas;Torrevieja;42;Murcia
2024-03-01;Archena;Torrevieja;53;Murcia
2024-03-01;Beniel;Torrevieja;81;Murcia
2024-03-01;Caravaca de la Cruz;Torrevieja;61;Murcia
2024-03-01;Cartagena;Torrevieja;557;Murcia
2024-03-01;Cieza;Torrevieja;99;Murcia
2024-03-01;Jumilla;Torrevieja;48;Murcia
2024-03-01;Lorca;Torrevieja;60;Murcia
2024-03-01;Mazarrón;Torrevieja;67;Murcia
2024-03-01;Molina de Segura;Torrevieja;319;Murcia
2024-03-01;Mula;Torrevieja;35;Murcia
2024-03-01;Murcia;Torrevieja;3489;Murcia
2024-03-01;San Javier;Torrevieja;139;Murcia
2024-03-01;San Pedro del Pinatar;Torrevieja;239;Murcia
2024-03-01;Torre-Pacheco;Torrevieja;163;Murcia
2024-03-01;Torres de Cotillas, Las;Torrevieja;116;Murcia
2024-03-01;Totana;Torrevieja;45;Murcia
2024-03-01;Unión, La;Torrevieja;47;Murcia
2024-03-01;Yecla;Torrevieja;132;Murcia
2024-03-01;Santomera;Torrevieja;102;Murcia
2024-03-01;Alcázares, Los;Torrevieja;70;Murcia
2024-03-01;Pamplona/Iruña;Torrevieja;92;Navarra
2024-03-01;Gijón;Torrevieja;58;Asturias
2024-03-01;Oviedo;Torrevieja;48;Asturias
2024-03-01;Palencia;Torrevieja;54;Palencia
2024-03-01;Salamanca;Torrevieja;86;Salamanca
2024-03-01;Segovia;Torrevieja;63;Segovia
2024-03-01;Sevilla;Torrevieja;55;Sevilla
2024-03-01;Alameda de la Sagra;Torrevieja;37;Toledo
2024-03-01;Bargas;Torrevieja;37;Toledo
2024-03-01;Cobeja;Torrevieja;49;Toledo
2024-03-01;Illescas;Torrevieja;100;Toledo
2024-03-01;Méntrida;Torrevieja;37;Toledo
2024-03-01;Mocejón;Torrevieja;32;Toledo
2024-03-01;Ocaña;Torrevieja;129;Toledo
2024-03-01;Puebla de Almoradiel, La;Torrevieja;40;Toledo
2024-03-01;Quintanar de la Orden;Torrevieja;57;Toledo
2024-03-01;Seseña;Torrevieja;96;Toledo
2024-03-01;Sonseca;Torrevieja;30;Toledo
2024-03-01;Talavera de la Reina;Torrevieja;132;Toledo
2024-03-01;Toledo;Torrevieja;114;Toledo
2024-03-01;Viso de San Juan, El;Torrevieja;37;Toledo
2024-03-01;Yuncos;Torrevieja;48;Toledo
2024-03-01;Albalat de la Ribera;Torrevieja;71;Valencia/ValÃ¨ncia
2024-03-01;Alzira;Torrevieja;48;Valencia/ValÃ¨ncia
2024-03-01;Benifaió;Torrevieja;58;Valencia/ValÃ¨ncia
2024-03-01;Burjassot;Torrevieja;32;Valencia/ValÃ¨ncia
2024-03-01;Carcaixent;Torrevieja;42;Valencia/ValÃ¨ncia
2024-03-01;Catarroja;Torrevieja;39;Valencia/ValÃ¨ncia
2024-03-01;Gandia;Torrevieja;66;Valencia/ValÃ¨ncia
2024-03-01;Xàtiva;Torrevieja;41;Valencia/ValÃ¨ncia
2024-03-01;Manises;Torrevieja;45;Valencia/ValÃ¨ncia
2024-03-01;Mislata;Torrevieja;44;Valencia/ValÃ¨ncia
2024-03-01;Ontinyent;Torrevieja;36;Valencia/ValÃ¨ncia
2024-03-01;Paterna;Torrevieja;44;Valencia/ValÃ¨ncia
2024-03-01;Requena;Torrevieja;42;Valencia/ValÃ¨ncia
2024-03-01;Sagunto/Sagunt;Torrevieja;55;Valencia/ValÃ¨ncia
2024-03-01;Torrent;Torrevieja;75;Valencia/ValÃ¨ncia
2024-03-01;València;Torrevieja;815;Valencia/ValÃ¨ncia
2024-03-01;Laguna de Duero;Torrevieja;58;Valladolid
2024-03-01;Valladolid;Torrevieja;291;Valladolid
2024-03-01;Amorebieta-Etxano;Torrevieja;41;Bizkaia
2024-03-01;Barakaldo;Torrevieja;41;Bizkaia
2024-03-01;Basauri;Torrevieja;40;Bizkaia
2024-03-01;Bilbao;Torrevieja;114;Bizkaia
2024-03-01;Durango;Torrevieja;49;Bizkaia
2024-03-01;Galdakao;Torrevieja;34;Bizkaia
2024-03-01;Getxo;Torrevieja;32;Bizkaia
2024-03-01;Portugalete;Torrevieja;51;Bizkaia
2024-03-01;Erandio;Torrevieja;36;Bizkaia
2024-03-01;Zamora;Torrevieja;31;Zamora
2024-03-01;Zaragoza;Torrevieja;137;Zaragoza
2024-04-01;Laudio/Llodio;Torrevieja;32;Araba/Ãlava
2024-04-01;Vitoria-Gasteiz;Torrevieja;555;Araba/Ãlava
2024-04-01;Albacete;Torrevieja;746;Albacete
2024-04-01;Almansa;Torrevieja;101;Albacete
2024-04-01;Caudete;Torrevieja;62;Albacete
2024-04-01;Hellín;Torrevieja;55;Albacete
2024-04-01;Roda, La;Torrevieja;73;Albacete
2024-04-01;Villarrobledo;Torrevieja;92;Albacete
2024-04-01;Almería;Torrevieja;93;AlmerÃ­a
2024-04-01;Mojácar;Torrevieja;44;AlmerÃ­a
2024-04-01;Roquetas de Mar;Torrevieja;32;AlmerÃ­a
2024-04-01;Vera;Torrevieja;56;AlmerÃ­a
2024-04-01;Ávila;Torrevieja;35;Ãvila
2024-04-01;Palma;Torrevieja;42;Balears, Illes
2024-04-01;Badalona;Torrevieja;38;Barcelona
2024-04-01;Barcelona;Torrevieja;252;Barcelona
2024-04-01;Sabadell;Torrevieja;32;Barcelona
2024-04-01;Aranda de Duero;Torrevieja;45;Burgos
2024-04-01;Burgos;Torrevieja;328;Burgos
2024-04-01;Miranda de Ebro;Torrevieja;59;Burgos
2024-04-01;Cáceres;Torrevieja;40;CÃ¡ceres
2024-04-01;Algeciras;Torrevieja;32;CÃ¡diz
2024-04-01;Jerez de la Frontera;Torrevieja;39;CÃ¡diz
2024-04-01;Castelló de la Plana;Torrevieja;54;CastellÃ³n/CastellÃ³
2024-04-01;Alcázar de San Juan;Torrevieja;51;Ciudad Real
2024-04-01;Argamasilla de Alba;Torrevieja;38;Ciudad Real
2024-04-01;Ciudad Real;Torrevieja;74;Ciudad Real
2024-04-01;Herencia;Torrevieja;57;Ciudad Real
2024-04-01;Manzanares;Torrevieja;44;Ciudad Real
2024-04-01;Pedro Muñoz;Torrevieja;58;Ciudad Real
2024-04-01;Socuéllamos;Torrevieja;32;Ciudad Real
2024-04-01;Tomelloso;Torrevieja;86;Ciudad Real
2024-04-01;Valdepeñas;Torrevieja;39;Ciudad Real
2024-04-01;Carballo;Torrevieja;40;CoruÃ±a, A
2024-04-01;Sada;Torrevieja;30;CoruÃ±a, A
2024-04-01;Cuenca;Torrevieja;51;Cuenca
2024-04-01;San Clemente;Torrevieja;59;Cuenca
2024-04-01;Girona;Torrevieja;32;Girona
2024-04-01;Granada;Torrevieja;52;Granada
2024-04-01;Alovera;Torrevieja;55;Guadalajara
2024-04-01;Azuqueca de Henares;Torrevieja;75;Guadalajara
2024-04-01;Casar, El;Torrevieja;52;Guadalajara
2024-04-01;Guadalajara;Torrevieja;101;Guadalajara
2024-04-01;Torrejón del Rey;Torrevieja;72;Guadalajara
2024-04-01;Eibar;Torrevieja;51;Gipuzkoa
2024-04-01;Elgoibar;Torrevieja;32;Gipuzkoa
2024-04-01;Irun;Torrevieja;55;Gipuzkoa
2024-04-01;Errenteria;Torrevieja;40;Gipuzkoa
2024-04-01;Donostia/San Sebastián;Torrevieja;174;Gipuzkoa
2024-04-01;León;Torrevieja;71;LeÃ³n
2024-04-01;Logroño;Torrevieja;138;Rioja, La
2024-04-01;Álamo, El;Torrevieja;38;Madrid
2024-04-01;Alcalá de Henares;Torrevieja;574;Madrid
2024-04-01;Alcobendas;Torrevieja;275;Madrid
2024-04-01;Alcorcón;Torrevieja;631;Madrid
2024-04-01;Algete;Torrevieja;35;Madrid
2024-04-01;Alpedrete;Torrevieja;32;Madrid
2024-04-01;Aranjuez;Torrevieja;104;Madrid
2024-04-01;Arganda del Rey;Torrevieja;201;Madrid
2024-04-01;Arroyomolinos;Torrevieja;95;Madrid
2024-04-01;Boadilla del Monte;Torrevieja;80;Madrid
2024-04-01;Brunete;Torrevieja;35;Madrid
2024-04-01;Casarrubuelos;Torrevieja;34;Madrid
2024-04-01;Cobeña;Torrevieja;37;Madrid
2024-04-01;Colmenar de Oreja;Torrevieja;40;Madrid
2024-04-01;Colmenarejo;Torrevieja;42;Madrid
2024-04-01;Colmenar Viejo;Torrevieja;136;Madrid
2024-04-01;Collado Villalba;Torrevieja;108;Madrid
2024-04-01;Coslada;Torrevieja;337;Madrid
2024-04-01;Cubas de la Sagra;Torrevieja;56;Madrid
2024-04-01;Daganzo de Arriba;Torrevieja;51;Madrid
2024-04-01;Fuenlabrada;Torrevieja;800;Madrid
2024-04-01;Galapagar;Torrevieja;66;Madrid
2024-04-01;Getafe;Torrevieja;589;Madrid
2024-04-01;Guadarrama;Torrevieja;40;Madrid
2024-04-01;Humanes de Madrid;Torrevieja;43;Madrid
2024-04-01;Leganés;Torrevieja;806;Madrid
2024-04-01;Madrid;Torrevieja;6770;Madrid
2024-04-01;Majadahonda;Torrevieja;93;Madrid
2024-04-01;Meco;Torrevieja;76;Madrid
2024-04-01;Mejorada del Campo;Torrevieja;151;Madrid
2024-04-01;Molar, El;Torrevieja;35;Madrid
2024-04-01;Moraleja de Enmedio;Torrevieja;69;Madrid
2024-04-01;Moralzarzal;Torrevieja;48;Madrid
2024-04-01;Morata de Tajuña;Torrevieja;42;Madrid
2024-04-01;Móstoles;Torrevieja;718;Madrid
2024-04-01;Navalcarnero;Torrevieja;123;Madrid
2024-04-01;Paracuellos de Jarama;Torrevieja;62;Madrid
2024-04-01;Parla;Torrevieja;414;Madrid
2024-04-01;Pinto;Torrevieja;102;Madrid
2024-04-01;Pozuelo de Alarcón;Torrevieja;103;Madrid
2024-04-01;Rivas-Vaciamadrid;Torrevieja;282;Madrid
2024-04-01;Rozas de Madrid, Las;Torrevieja;142;Madrid
2024-04-01;San Agustín del Guadalix;Torrevieja;48;Madrid
2024-04-01;San Fernando de Henares;Torrevieja;160;Madrid
2024-04-01;San Martín de la Vega;Torrevieja;132;Madrid
2024-04-01;San Sebastián de los Reyes;Torrevieja;344;Madrid
2024-04-01;Torrejón de Ardoz;Torrevieja;479;Madrid
2024-04-01;Torrejón de la Calzada;Torrevieja;36;Madrid
2024-04-01;Valdemoro;Torrevieja;198;Madrid
2024-04-01;Velilla de San Antonio;Torrevieja;53;Madrid
2024-04-01;Villalbilla;Torrevieja;35;Madrid
2024-04-01;Villanueva de la Cañada;Torrevieja;47;Madrid
2024-04-01;Villanueva del Pardillo;Torrevieja;36;Madrid
2024-04-01;Villarejo de Salvanés;Torrevieja;32;Madrid
2024-04-01;Villaviciosa de Odón;Torrevieja;40;Madrid
2024-04-01;Tres Cantos;Torrevieja;71;Madrid
2024-04-01;Benalmádena;Torrevieja;47;MÃ¡laga
2024-04-01;Málaga;Torrevieja;108;MÃ¡laga
2024-04-01;Abanilla;Torrevieja;242;Murcia
2024-04-01;Abarán;Torrevieja;42;Murcia
2024-04-01;Águilas;Torrevieja;83;Murcia
2024-04-01;Alcantarilla;Torrevieja;134;Murcia
2024-04-01;Alguazas;Torrevieja;64;Murcia
2024-04-01;Alhama de Murcia;Torrevieja;60;Murcia
2024-04-01;Archena;Torrevieja;66;Murcia
2024-04-01;Beniel;Torrevieja;142;Murcia
2024-04-01;Caravaca de la Cruz;Torrevieja;44;Murcia
2024-04-01;Cartagena;Torrevieja;607;Murcia
2024-04-01;Ceutí;Torrevieja;47;Murcia
2024-04-01;Cieza;Torrevieja;120;Murcia
2024-04-01;Fuente Álamo de Murcia;Torrevieja;31;Murcia
2024-04-01;Jumilla;Torrevieja;139;Murcia
2024-04-01;Lorca;Torrevieja;42;Murcia
2024-04-01;Mazarrón;Torrevieja;30;Murcia
2024-04-01;Molina de Segura;Torrevieja;430;Murcia
2024-04-01;Murcia;Torrevieja;3806;Murcia
2024-04-01;San Javier;Torrevieja;208;Murcia
2024-04-01;San Pedro del Pinatar;Torrevieja;213;Murcia
2024-04-01;Torre-Pacheco;Torrevieja;189;Murcia
2024-04-01;Torres de Cotillas, Las;Torrevieja;172;Murcia
2024-04-01;Totana;Torrevieja;104;Murcia
2024-04-01;Yecla;Torrevieja;136;Murcia
2024-04-01;Santomera;Torrevieja;168;Murcia
2024-04-01;Alcázares, Los;Torrevieja;52;Murcia
2024-04-01;Pamplona/Iruña;Torrevieja;160;Navarra
2024-04-01;Gijón;Torrevieja;105;Asturias
2024-04-01;Oviedo;Torrevieja;35;Asturias
2024-04-01;Arrecife;Torrevieja;35;Palmas, Las
2024-04-01;Vigo;Torrevieja;32;Pontevedra
2024-04-01;Salamanca;Torrevieja;81;Salamanca
2024-04-01;Castro-Urdiales;Torrevieja;47;Cantabria
2024-04-01;Segovia;Torrevieja;65;Segovia
2024-04-01;Sevilla;Torrevieja;63;Sevilla
2024-04-01;Teruel;Torrevieja;38;Teruel
2024-04-01;Alameda de la Sagra;Torrevieja;36;Toledo
2024-04-01;Casarrubios del Monte;Torrevieja;42;Toledo
2024-04-01;Fuensalida;Torrevieja;48;Toledo
2024-04-01;Illescas;Torrevieja;67;Toledo
2024-04-01;Méntrida;Torrevieja;30;Toledo
2024-04-01;Mocejón;Torrevieja;30;Toledo
2024-04-01;Ocaña;Torrevieja;80;Toledo
2024-04-01;Olías del Rey;Torrevieja;31;Toledo
2024-04-01;Puebla de Almoradiel, La;Torrevieja;43;Toledo
2024-04-01;Seseña;Torrevieja;56;Toledo
2024-04-01;Talavera de la Reina;Torrevieja;56;Toledo
2024-04-01;Toledo;Torrevieja;112;Toledo
2024-04-01;Villatobas;Torrevieja;36;Toledo
2024-04-01;Viso de San Juan, El;Torrevieja;36;Toledo
2024-04-01;Yuncos;Torrevieja;33;Toledo
2024-04-01;Albal;Torrevieja;36;Valencia/ValÃ¨ncia
2024-04-01;Albalat de la Ribera;Torrevieja;83;Valencia/ValÃ¨ncia
2024-04-01;Alboraia/Alboraya;Torrevieja;32;Valencia/ValÃ¨ncia
2024-04-01;Alcúdia de Crespins, l';Torrevieja;34;Valencia/ValÃ¨ncia
2024-04-01;Alfafar;Torrevieja;45;Valencia/ValÃ¨ncia
2024-04-01;Bétera;Torrevieja;61;Valencia/ValÃ¨ncia
2024-04-01;Burjassot;Torrevieja;47;Valencia/ValÃ¨ncia
2024-04-01;Quart de Poblet;Torrevieja;40;Valencia/ValÃ¨ncia
2024-04-01;Chiva;Torrevieja;39;Valencia/ValÃ¨ncia
2024-04-01;Gandia;Torrevieja;98;Valencia/ValÃ¨ncia
2024-04-01;Manises;Torrevieja;31;Valencia/ValÃ¨ncia
2024-04-01;Meliana;Torrevieja;31;Valencia/ValÃ¨ncia
2024-04-01;Paterna;Torrevieja;52;Valencia/ValÃ¨ncia
2024-04-01;Sagunto/Sagunt;Torrevieja;75;Valencia/ValÃ¨ncia
2024-04-01;Torrent;Torrevieja;80;Valencia/ValÃ¨ncia
2024-04-01;València;Torrevieja;847;Valencia/ValÃ¨ncia
2024-04-01;Laguna de Duero;Torrevieja;47;Valladolid
2024-04-01;Valladolid;Torrevieja;376;Valladolid
2024-04-01;Barakaldo;Torrevieja;92;Bizkaia
2024-04-01;Basauri;Torrevieja;38;Bizkaia
2024-04-01;Bilbao;Torrevieja;299;Bizkaia
2024-04-01;Getxo;Torrevieja;36;Bizkaia
2024-04-01;Leioa;Torrevieja;33;Bizkaia
2024-04-01;Valle de Trápaga-Trapagaran;Torrevieja;32;Bizkaia
2024-04-01;Santurtzi;Torrevieja;78;Bizkaia
2024-04-01;Zalla;Torrevieja;32;Bizkaia
2024-04-01;Erandio;Torrevieja;42;Bizkaia
2024-04-01;Zamora;Torrevieja;64;Zamora
2024-04-01;Leciñena;Torrevieja;33;Zaragoza
2024-04-01;Zaragoza;Torrevieja;129;Zaragoza
2024-05-01;Vitoria-Gasteiz;Torrevieja;442;Araba/Álava
2024-05-01;Albacete;Torrevieja;756;Albacete
2024-05-01;Almansa;Torrevieja;51;Albacete
2024-05-01;Caudete;Torrevieja;40;Albacete
2024-05-01;Chinchilla de Monte-Aragón;Torrevieja;78;Albacete
2024-05-01;Elche de la Sierra;Torrevieja;49;Albacete
2024-05-01;Hellín;Torrevieja;97;Albacete
2024-05-01;Roda, La;Torrevieja;57;Albacete
2024-05-01;Villarrobledo;Torrevieja;66;Albacete
2024-05-01;Pozo Cañada;Torrevieja;75;Albacete
2024-05-01;Almería;Torrevieja;70;Almería
2024-05-01;Roquetas de Mar;Torrevieja;32;Almería
2024-05-01;Ávila;Torrevieja;64;Ávila
2024-05-01;Palma;Torrevieja;63;Balears, Illes
2024-05-01;Barcelona;Torrevieja;209;Barcelona
2024-05-01;Rubí;Torrevieja;38;Barcelona
2024-05-01;Burgos;Torrevieja;134;Burgos
2024-05-01;Miranda de Ebro;Torrevieja;42;Burgos
2024-05-01;Navalmoral de la Mata;Torrevieja;40;Cáceres
2024-05-01;Benicasim/Benicàssim;Torrevieja;53;Castellón/Castelló
2024-05-01;Castelló de la Plana;Torrevieja;62;Castellón/Castelló
2024-05-01;Vila-real;Torrevieja;46;Castellón/Castelló
2024-05-01;Alcázar de San Juan;Torrevieja;32;Ciudad Real
2024-05-01;Ciudad Real;Torrevieja;94;Ciudad Real
2024-05-01;Herencia;Torrevieja;36;Ciudad Real
2024-05-01;Pedro Muñoz;Torrevieja;31;Ciudad Real
2024-05-01;Puertollano;Torrevieja;51;Ciudad Real
2024-05-01;Tomelloso;Torrevieja;68;Ciudad Real
2024-05-01;Valdepeñas;Torrevieja;42;Ciudad Real
2024-05-01;Córdoba;Torrevieja;33;Córdoba
2024-05-01;Coruña, A;Torrevieja;49;Coruña, A
2024-05-01;Sada;Torrevieja;54;Coruña, A
2024-05-01;Cuenca;Torrevieja;49;Cuenca
2024-05-01;Jonquera, La;Torrevieja;41;Girona
2024-05-01;Baza;Torrevieja;58;Granada
2024-05-01;Granada;Torrevieja;73;Granada
2024-05-01;Alovera;Torrevieja;38;Guadalajara
2024-05-01;Azuqueca de Henares;Torrevieja;68;Guadalajara
2024-05-01;Guadalajara;Torrevieja;88;Guadalajara
2024-05-01;Elgoibar;Torrevieja;34;Gipuzkoa
2024-05-01;Arrasate/Mondragón;Torrevieja;30;Gipuzkoa
2024-05-01;Donostia/San Sebastián;Torrevieja;91;Gipuzkoa
2024-05-01;Lasarte-Oria;Torrevieja;31;Gipuzkoa
2024-05-01;León;Torrevieja;69;León
2024-05-01;Lleida;Torrevieja;37;Lleida
2024-05-01;Logroño;Torrevieja;59;Rioja, La
2024-05-01;Alcalá de Henares;Torrevieja;665;Madrid
2024-05-01;Alcobendas;Torrevieja;359;Madrid
2024-05-01;Alcorcón;Torrevieja;636;Madrid
2024-05-01;Algete;Torrevieja;56;Madrid
2024-05-01;Aranjuez;Torrevieja;124;Madrid
2024-05-01;Arganda del Rey;Torrevieja;184;Madrid
2024-05-01;Arroyomolinos;Torrevieja;132;Madrid
2024-05-01;Belmonte de Tajo;Torrevieja;31;Madrid
2024-05-01;Boadilla del Monte;Torrevieja;77;Madrid
2024-05-01;Camarma de Esteruelas;Torrevieja;30;Madrid
2024-05-01;Campo Real;Torrevieja;31;Madrid
2024-05-01;Ciempozuelos;Torrevieja;42;Madrid
2024-05-01;Cobeña;Torrevieja;46;Madrid
2024-05-01;Colmenar Viejo;Torrevieja;174;Madrid
2024-05-01;Collado Villalba;Torrevieja;137;Madrid
2024-05-01;Coslada;Torrevieja;316;Madrid
2024-05-01;Escorial, El;Torrevieja;37;Madrid
2024-05-01;Fuenlabrada;Torrevieja;782;Madrid
2024-05-01;Galapagar;Torrevieja;99;Madrid
2024-05-01;Getafe;Torrevieja;688;Madrid
2024-05-01;Griñón;Torrevieja;48;Madrid
2024-05-01;Guadarrama;Torrevieja;46;Madrid
2024-05-01;Humanes de Madrid;Torrevieja;54;Madrid
2024-05-01;Leganés;Torrevieja;668;Madrid
2024-05-01;Madrid;Torrevieja;7203;Madrid
2024-05-01;Majadahonda;Torrevieja;79;Madrid
2024-05-01;Manzanares el Real;Torrevieja;32;Madrid
2024-05-01;Meco;Torrevieja;83;Madrid
2024-05-01;Mejorada del Campo;Torrevieja;107;Madrid
2024-05-01;Moraleja de Enmedio;Torrevieja;38;Madrid
2024-05-01;Móstoles;Torrevieja;733;Madrid
2024-05-01;Navalcarnero;Torrevieja;128;Madrid
2024-05-01;Paracuellos de Jarama;Torrevieja;71;Madrid
2024-05-01;Parla;Torrevieja;494;Madrid
2024-05-01;Pinto;Torrevieja;151;Madrid
2024-05-01;Pozuelo de Alarcón;Torrevieja;93;Madrid
2024-05-01;Rivas-Vaciamadrid;Torrevieja;373;Madrid
2024-05-01;Rozas de Madrid, Las;Torrevieja;171;Madrid
2024-05-01;San Fernando de Henares;Torrevieja;165;Madrid
2024-05-01;San Martín de la Vega;Torrevieja;76;Madrid
2024-05-01;San Sebastián de los Reyes;Torrevieja;269;Madrid
2024-05-01;Torrejón de Ardoz;Torrevieja;529;Madrid
2024-05-01;Torrejón de la Calzada;Torrevieja;36;Madrid
2024-05-01;Torrejón de Velasco;Torrevieja;31;Madrid
2024-05-01;Valdemorillo;Torrevieja;49;Madrid
2024-05-01;Valdemoro;Torrevieja;305;Madrid
2024-05-01;Velilla de San Antonio;Torrevieja;48;Madrid
2024-05-01;Villalbilla;Torrevieja;56;Madrid
2024-05-01;Villanueva de la Cañada;Torrevieja;47;Madrid
2024-05-01;Villanueva del Pardillo;Torrevieja;43;Madrid
2024-05-01;Villaviciosa de Odón;Torrevieja;57;Madrid
2024-05-01;Tres Cantos;Torrevieja;80;Madrid
2024-05-01;Fuengirola;Torrevieja;34;Málaga
2024-05-01;Málaga;Torrevieja;50;Málaga
2024-05-01;Marbella;Torrevieja;41;Málaga
2024-05-01;Abanilla;Torrevieja;73;Murcia
2024-05-01;Águilas;Torrevieja;44;Murcia
2024-05-01;Alcantarilla;Torrevieja;87;Murcia
2024-05-01;Alguazas;Torrevieja;31;Murcia
2024-05-01;Alhama de Murcia;Torrevieja;50;Murcia
2024-05-01;Archena;Torrevieja;57;Murcia
2024-05-01;Beniel;Torrevieja;131;Murcia
2024-05-01;Caravaca de la Cruz;Torrevieja;88;Murcia
2024-05-01;Cartagena;Torrevieja;581;Murcia
2024-05-01;Ceutí;Torrevieja;50;Murcia
2024-05-01;Cieza;Torrevieja;97;Murcia
2024-05-01;Fortuna;Torrevieja;93;Murcia
2024-05-01;Jumilla;Torrevieja;52;Murcia
2024-05-01;Lorca;Torrevieja;41;Murcia
2024-05-01;Mazarrón;Torrevieja;93;Murcia
2024-05-01;Molina de Segura;Torrevieja;305;Murcia
2024-05-01;Mula;Torrevieja;38;Murcia
2024-05-01;Murcia;Torrevieja;2832;Murcia
2024-05-01;San Javier;Torrevieja;206;Murcia
2024-05-01;San Pedro del Pinatar;Torrevieja;203;Murcia
2024-05-01;Torre-Pacheco;Torrevieja;154;Murcia
2024-05-01;Torres de Cotillas, Las;Torrevieja;149;Murcia
2024-05-01;Totana;Torrevieja;39;Murcia
2024-05-01;Unión, La;Torrevieja;66;Murcia
2024-05-01;Yecla;Torrevieja;108;Murcia
2024-05-01;Santomera;Torrevieja;100;Murcia
2024-05-01;Alcázares, Los;Torrevieja;55;Murcia
2024-05-01;Pamplona/Iruña;Torrevieja;73;Navarra
2024-05-01;Gijón;Torrevieja;52;Asturias
2024-05-01;Oviedo;Torrevieja;51;Asturias
2024-05-01;Palencia;Torrevieja;32;Palencia
2024-05-01;Palmas de Gran Canaria, Las;Torrevieja;32;Palmas, Las
2024-05-01;Vigo;Torrevieja;33;Pontevedra
2024-05-01;Salamanca;Torrevieja;48;Salamanca
2024-05-01;Segovia;Torrevieja;43;Segovia
2024-05-01;Sevilla;Torrevieja;35;Sevilla
2024-05-01;Reus;Torrevieja;32;Tarragona
2024-05-01;Illescas;Torrevieja;54;Toledo
2024-05-01;Méntrida;Torrevieja;42;Toledo
2024-05-01;Seseña;Torrevieja;60;Toledo
2024-05-01;Talavera de la Reina;Torrevieja;38;Toledo
2024-05-01;Toledo;Torrevieja;70;Toledo
2024-05-01;Torrijos;Torrevieja;37;Toledo
2024-05-01;Yuncos;Torrevieja;30;Toledo
2024-05-01;Albal;Torrevieja;30;Valencia/València
2024-05-01;Albalat de la Ribera;Torrevieja;30;Valencia/València
2024-05-01;Alzira;Torrevieja;57;Valencia/València
2024-05-01;Burjassot;Torrevieja;47;Valencia/València
2024-05-01;Xirivella;Torrevieja;32;Valencia/València
2024-05-01;Gandia;Torrevieja;70;Valencia/València
2024-05-01;Xàtiva;Torrevieja;30;Valencia/València
2024-05-01;Manises;Torrevieja;37;Valencia/València
2024-05-01;Mislata;Torrevieja;39;Valencia/València
2024-05-01;Oliva;Torrevieja;38;Valencia/València
2024-05-01;Ontinyent;Torrevieja;37;Valencia/València
2024-05-01;Paterna;Torrevieja;41;Valencia/València
2024-05-01;Requena;Torrevieja;38;Valencia/València
2024-05-01;Sagunto/Sagunt;Torrevieja;40;Valencia/València
2024-05-01;Torrent;Torrevieja;55;Valencia/València
2024-05-01;València;Torrevieja;763;Valencia/València
2024-05-01;Valladolid;Torrevieja;186;Valladolid
2024-05-01;Barakaldo;Torrevieja;52;Bizkaia
2024-05-01;Bilbao;Torrevieja;213;Bizkaia
2024-05-01;Santurtzi;Torrevieja;38;Bizkaia
2024-05-01;Tarazona;Torrevieja;35;Zaragoza
2024-05-01;Zaragoza;Torrevieja;99;Zaragoza
2024-06-01;Vitoria-Gasteiz;Torrevieja;391;Araba/Álava
2024-06-01;Albacete;Torrevieja;2095;Albacete
2024-06-01;Almansa;Torrevieja;95;Albacete
2024-06-01;Caudete;Torrevieja;42;Albacete
2024-06-01;Chinchilla de Monte-Aragón;Torrevieja;123;Albacete
2024-06-01;Gineta, La;Torrevieja;33;Albacete
2024-06-01;Hellín;Torrevieja;127;Albacete
2024-06-01;Liétor;Torrevieja;35;Albacete
2024-06-01;Madrigueras;Torrevieja;30;Albacete
2024-06-01;Roda, La;Torrevieja;109;Albacete
2024-06-01;Villamalea;Torrevieja;44;Albacete
2024-06-01;Villarrobledo;Torrevieja;112;Albacete
2024-06-01;Pozo Cañada;Torrevieja;78;Albacete
2024-06-01;Almería;Torrevieja;60;Almería
2024-06-01;Roquetas de Mar;Torrevieja;35;Almería
2024-06-01;Ávila;Torrevieja;52;Ávila
2024-06-01;Palma;Torrevieja;57;Balears, Illes
2024-06-01;Barcelona;Torrevieja;265;Barcelona
2024-06-01;Gavà;Torrevieja;38;Barcelona
2024-06-01;Aranda de Duero;Torrevieja;50;Burgos
2024-06-01;Burgos;Torrevieja;240;Burgos
2024-06-01;Cáceres;Torrevieja;44;Cáceres
2024-06-01;Algeciras;Torrevieja;40;Cádiz
2024-06-01;Jerez de la Frontera;Torrevieja;54;Cádiz
2024-06-01;Castelló de la Plana;Torrevieja;77;Castellón/Castelló
2024-06-01;Onda;Torrevieja;42;Castellón/Castelló
2024-06-01;Alcázar de San Juan;Torrevieja;99;Ciudad Real
2024-06-01;Almagro;Torrevieja;31;Ciudad Real
2024-06-01;Argamasilla de Alba;Torrevieja;47;Ciudad Real
2024-06-01;Campo de Criptana;Torrevieja;31;Ciudad Real
2024-06-01;Ciudad Real;Torrevieja;270;Ciudad Real
2024-06-01;Herencia;Torrevieja;38;Ciudad Real
2024-06-01;Manzanares;Torrevieja;51;Ciudad Real
2024-06-01;Miguelturra;Torrevieja;37;Ciudad Real
2024-06-01;Pedro Muñoz;Torrevieja;60;Ciudad Real
2024-06-01;Puertollano;Torrevieja;112;Ciudad Real
2024-06-01;Socuéllamos;Torrevieja;63;Ciudad Real
2024-06-01;Tomelloso;Torrevieja;78;Ciudad Real
2024-06-01;Valdepeñas;Torrevieja;80;Ciudad Real
2024-06-01;Córdoba;Torrevieja;46;Córdoba
2024-06-01;Coruña, A;Torrevieja;44;Coruña, A
2024-06-01;Cuenca;Torrevieja;157;Cuenca
2024-06-01;Mota del Cuervo;Torrevieja;80;Cuenca
2024-06-01;San Clemente;Torrevieja;54;Cuenca
2024-06-01;Sisante;Torrevieja;30;Cuenca
2024-06-01;Tarancón;Torrevieja;51;Cuenca
2024-06-01;Granada;Torrevieja;67;Granada
2024-06-01;Alovera;Torrevieja;44;Guadalajara
2024-06-01;Azuqueca de Henares;Torrevieja;70;Guadalajara
2024-06-01;Cabanillas del Campo;Torrevieja;51;Guadalajara
2024-06-01;Guadalajara;Torrevieja;148;Guadalajara
2024-06-01;Marchamalo;Torrevieja;38;Guadalajara
2024-06-01;Errenteria;Torrevieja;38;Gipuzkoa
2024-06-01;Donostia/San Sebastián;Torrevieja;155;Gipuzkoa
2024-06-01;Bañeza, La;Torrevieja;31;León
2024-06-01;León;Torrevieja;115;León
2024-06-01;Ponferrada;Torrevieja;32;León
2024-06-01;Logroño;Torrevieja;103;Rioja, La
2024-06-01;Álamo, El;Torrevieja;44;Madrid
2024-06-01;Alcalá de Henares;Torrevieja;516;Madrid
2024-06-01;Alcobendas;Torrevieja;268;Madrid
2024-06-01;Alcorcón;Torrevieja;513;Madrid
2024-06-01;Algete;Torrevieja;46;Madrid
2024-06-01;Aranjuez;Torrevieja;111;Madrid
2024-06-01;Arganda del Rey;Torrevieja;165;Madrid
2024-06-01;Arroyomolinos;Torrevieja;66;Madrid
2024-06-01;Boadilla del Monte;Torrevieja;99;Madrid
2024-06-01;Brunete;Torrevieja;53;Madrid
2024-06-01;Campo Real;Torrevieja;39;Madrid
2024-06-01;Ciempozuelos;Torrevieja;60;Madrid
2024-06-01;Colmenar de Oreja;Torrevieja;52;Madrid
2024-06-01;Colmenar Viejo;Torrevieja;147;Madrid
2024-06-01;Collado Villalba;Torrevieja;134;Madrid
2024-06-01;Coslada;Torrevieja;268;Madrid
2024-06-01;Daganzo de Arriba;Torrevieja;50;Madrid
2024-06-01;Escorial, El;Torrevieja;36;Madrid
2024-06-01;Fuenlabrada;Torrevieja;650;Madrid
2024-06-01;Fuente el Saz de Jarama;Torrevieja;31;Madrid
2024-06-01;Galapagar;Torrevieja;77;Madrid
2024-06-01;Getafe;Torrevieja;580;Madrid
2024-06-01;Griñón;Torrevieja;39;Madrid
2024-06-01;Guadarrama;Torrevieja;34;Madrid
2024-06-01;Humanes de Madrid;Torrevieja;58;Madrid
2024-06-01;Leganés;Torrevieja;597;Madrid
2024-06-01;Madrid;Torrevieja;6515;Madrid
2024-06-01;Majadahonda;Torrevieja;88;Madrid
2024-06-01;Manzanares el Real;Torrevieja;40;Madrid
2024-06-01;Meco;Torrevieja;64;Madrid
2024-06-01;Mejorada del Campo;Torrevieja;109;Madrid
2024-06-01;Moraleja de Enmedio;Torrevieja;35;Madrid
2024-06-01;Móstoles;Torrevieja;719;Madrid
2024-06-01;Navalcarnero;Torrevieja;100;Madrid
2024-06-01;Nuevo Baztán;Torrevieja;32;Madrid
2024-06-01;Parla;Torrevieja;380;Madrid
2024-06-01;Pinto;Torrevieja;141;Madrid
2024-06-01;Pozuelo de Alarcón;Torrevieja;109;Madrid
2024-06-01;Rivas-Vaciamadrid;Torrevieja;221;Madrid
2024-06-01;Rozas de Madrid, Las;Torrevieja;127;Madrid
2024-06-01;San Fernando de Henares;Torrevieja;136;Madrid
2024-06-01;San Martín de la Vega;Torrevieja;51;Madrid
2024-06-01;San Sebastián de los Reyes;Torrevieja;258;Madrid
2024-06-01;Sevilla la Nueva;Torrevieja;67;Madrid
2024-06-01;Torrejón de Ardoz;Torrevieja;488;Madrid
2024-06-01;Torrejón de la Calzada;Torrevieja;34;Madrid
2024-06-01;Torrelodones;Torrevieja;43;Madrid
2024-06-01;Torres de la Alameda;Torrevieja;42;Madrid
2024-06-01;Valdemoro;Torrevieja;276;Madrid
2024-06-01;Velilla de San Antonio;Torrevieja;60;Madrid
2024-06-01;Villalbilla;Torrevieja;57;Madrid
2024-06-01;Villanueva de la Cañada;Torrevieja;30;Madrid
2024-06-01;Villarejo de Salvanés;Torrevieja;36;Madrid
2024-06-01;Villaviciosa de Odón;Torrevieja;36;Madrid
2024-06-01;Tres Cantos;Torrevieja;81;Madrid
2024-06-01;Málaga;Torrevieja;123;Málaga
2024-06-01;Marbella;Torrevieja;33;Málaga
2024-06-01;Torremolinos;Torrevieja;32;Málaga
2024-06-01;Abanilla;Torrevieja;167;Murcia
2024-06-01;Águilas;Torrevieja;61;Murcia
2024-06-01;Alcantarilla;Torrevieja;250;Murcia
2024-06-01;Alguazas;Torrevieja;81;Murcia
2024-06-01;Alhama de Murcia;Torrevieja;36;Murcia
2024-06-01;Archena;Torrevieja;76;Murcia
2024-06-01;Beniel;Torrevieja;157;Murcia
2024-06-01;Blanca;Torrevieja;36;Murcia
2024-06-01;Caravaca de la Cruz;Torrevieja;59;Murcia
2024-06-01;Cartagena;Torrevieja;624;Murcia
2024-06-01;Cehegín;Torrevieja;38;Murcia
2024-06-01;Ceutí;Torrevieja;53;Murcia
2024-06-01;Cieza;Torrevieja;186;Murcia
2024-06-01;Fortuna;Torrevieja;76;Murcia
2024-06-01;Jumilla;Torrevieja;88;Murcia
2024-06-01;Lorca;Torrevieja;47;Murcia
2024-06-01;Mazarrón;Torrevieja;31;Murcia
2024-06-01;Molina de Segura;Torrevieja;544;Murcia
2024-06-01;Mula;Torrevieja;64;Murcia
2024-06-01;Murcia;Torrevieja;4680;Murcia
2024-06-01;San Javier;Torrevieja;161;Murcia
2024-06-01;San Pedro del Pinatar;Torrevieja;217;Murcia
2024-06-01;Torre-Pacheco;Torrevieja;152;Murcia
2024-06-01;Torres de Cotillas, Las;Torrevieja;207;Murcia
2024-06-01;Totana;Torrevieja;51;Murcia
2024-06-01;Unión, La;Torrevieja;34;Murcia
2024-06-01;Yecla;Torrevieja;141;Murcia
2024-06-01;Santomera;Torrevieja;186;Murcia
2024-06-01;Alcázares, Los;Torrevieja;70;Murcia
2024-06-01;Pamplona/Iruña;Torrevieja;114;Navarra
2024-06-01;Ourense;Torrevieja;33;Ourense
2024-06-01;Gijón;Torrevieja;110;Asturias
2024-06-01;Oviedo;Torrevieja;56;Asturias
2024-06-01;Palencia;Torrevieja;47;Palencia
2024-06-01;Salamanca;Torrevieja;114;Salamanca
2024-06-01;Segovia;Torrevieja;83;Segovia
2024-06-01;Sevilla;Torrevieja;56;Sevilla
2024-06-01;Salou;Torrevieja;45;Tarragona
2024-06-01;Teruel;Torrevieja;63;Teruel
2024-06-01;Bargas;Torrevieja;33;Toledo
2024-06-01;Cobisa;Torrevieja;37;Toledo
2024-06-01;Consuegra;Torrevieja;31;Toledo
2024-06-01;Esquivias;Torrevieja;49;Toledo
2024-06-01;Fuensalida;Torrevieja;51;Toledo
2024-06-01;Illescas;Torrevieja;90;Toledo
2024-06-01;Méntrida;Torrevieja;56;Toledo
2024-06-01;Ocaña;Torrevieja;47;Toledo
2024-06-01;Puebla de Almoradiel, La;Torrevieja;31;Toledo
2024-06-01;Quero;Torrevieja;43;Toledo
2024-06-01;Quintanar de la Orden;Torrevieja;47;Toledo
2024-06-01;Recas;Torrevieja;31;Toledo
2024-06-01;Seseña;Torrevieja;83;Toledo
2024-06-01;Sonseca;Torrevieja;32;Toledo
2024-06-01;Talavera de la Reina;Torrevieja;139;Toledo
2024-06-01;Toledo;Torrevieja;238;Toledo
2024-06-01;Viso de San Juan, El;Torrevieja;31;Toledo
2024-06-01;Yuncos;Torrevieja;46;Toledo
2024-06-01;Albal;Torrevieja;36;Valencia/València
2024-06-01;Alzira;Torrevieja;40;Valencia/València
2024-06-01;Bétera;Torrevieja;55;Valencia/València
2024-06-01;Burjassot;Torrevieja;97;Valencia/València
2024-06-01;Canals;Torrevieja;40;Valencia/València
2024-06-01;Xirivella;Torrevieja;33;Valencia/València
2024-06-01;Gandia;Torrevieja;60;Valencia/València
2024-06-01;Manises;Torrevieja;33;Valencia/València
2024-06-01;Mislata;Torrevieja;36;Valencia/València
2024-06-01;Moncada;Torrevieja;30;Valencia/València
2024-06-01;Oliva;Torrevieja;33;Valencia/València
2024-06-01;Ontinyent;Torrevieja;31;Valencia/València
2024-06-01;Paiporta;Torrevieja;44;Valencia/València
2024-06-01;Paterna;Torrevieja;47;Valencia/València
2024-06-01;Sagunto/Sagunt;Torrevieja;31;Valencia/València
2024-06-01;Torrent;Torrevieja;53;Valencia/València
2024-06-01;València;Torrevieja;888;Valencia/València
2024-06-01;San Antonio de Benagéber;Torrevieja;43;Valencia/València
2024-06-01;Medina del Campo;Torrevieja;36;Valladolid
2024-06-01;Valladolid;Torrevieja;270;Valladolid
2024-06-01;Barakaldo;Torrevieja;49;Bizkaia
2024-06-01;Basauri;Torrevieja;30;Bizkaia
2024-06-01;Bilbao;Torrevieja;203;Bizkaia
2024-06-01;Galdakao;Torrevieja;31;Bizkaia
2024-06-01;Getxo;Torrevieja;33;Bizkaia
2024-06-01;Santurtzi;Torrevieja;44;Bizkaia
2024-06-01;Erandio;Torrevieja;31;Bizkaia
2024-06-01;Zamora;Torrevieja;30;Zamora
2024-06-01;Zaragoza;Torrevieja;128;Zaragoza
2024-07-01;Vitoria-Gasteiz;Torrevieja;754;Araba/Álava
2024-07-01;Albacete;Torrevieja;2678;Albacete
2024-07-01;Almansa;Torrevieja;118;Albacete
2024-07-01;Caudete;Torrevieja;51;Albacete
2024-07-01;Chinchilla de Monte-Aragón;Torrevieja;76;Albacete
2024-07-01;Elche de la Sierra;Torrevieja;33;Albacete
2024-07-01;Gineta, La;Torrevieja;31;Albacete
2024-07-01;Hellín;Torrevieja;251;Albacete
2024-07-01;Madrigueras;Torrevieja;44;Albacete
2024-07-01;Munera;Torrevieja;36;Albacete
2024-07-01;Roda, La;Torrevieja;120;Albacete
2024-07-01;Tobarra;Torrevieja;43;Albacete
2024-07-01;Villamalea;Torrevieja;37;Albacete
2024-07-01;Villarrobledo;Torrevieja;166;Albacete
2024-07-01;Yeste;Torrevieja;32;Albacete
2024-07-01;Pozo Cañada;Torrevieja;92;Albacete
2024-07-01;Almería;Torrevieja;99;Almería
2024-07-01;Cuevas del Almanzora;Torrevieja;35;Almería
2024-07-01;Mojácar;Torrevieja;47;Almería
2024-07-01;Roquetas de Mar;Torrevieja;78;Almería
2024-07-01;Arenas de San Pedro;Torrevieja;33;Ávila
2024-07-01;Ávila;Torrevieja;165;Ávila
2024-07-01;Hoyo de Pinares, El;Torrevieja;32;Ávila
2024-07-01;Badajoz;Torrevieja;50;Badajoz
2024-07-01;Campos;Torrevieja;38;Balears, Illes
2024-07-01;Estellencs;Torrevieja;49;Balears, Illes
2024-07-01;Palma;Torrevieja;89;Balears, Illes
2024-07-01;Badalona;Torrevieja;62;Barcelona
2024-07-01;Barcelona;Torrevieja;340;Barcelona
2024-07-01;Cornellà de Llobregat;Torrevieja;31;Barcelona
2024-07-01;Gavà;Torrevieja;36;Barcelona
2024-07-01;Hospitalet de Llobregat, L';Torrevieja;33;Barcelona
2024-07-01;Sabadell;Torrevieja;42;Barcelona
2024-07-01;Terrassa;Torrevieja;51;Barcelona
2024-07-01;Aranda de Duero;Torrevieja;92;Burgos
2024-07-01;Burgos;Torrevieja;630;Burgos
2024-07-01;Miranda de Ebro;Torrevieja;48;Burgos
2024-07-01;Alfoz de Quintanadueñas;Torrevieja;42;Burgos
2024-07-01;Cáceres;Torrevieja;93;Cáceres
2024-07-01;Miajadas;Torrevieja;54;Cáceres
2024-07-01;Plasencia;Torrevieja;47;Cáceres
2024-07-01;Castelló de la Plana;Torrevieja;51;Castellón/Castelló
2024-07-01;Vila-real;Torrevieja;37;Castellón/Castelló
2024-07-01;Alcázar de San Juan;Torrevieja;218;Ciudad Real
2024-07-01;Almagro;Torrevieja;36;Ciudad Real
2024-07-01;Argamasilla de Calatrava;Torrevieja;37;Ciudad Real
2024-07-01;Bolaños de Calatrava;Torrevieja;34;Ciudad Real
2024-07-01;Campo de Criptana;Torrevieja;67;Ciudad Real
2024-07-01;Ciudad Real;Torrevieja;429;Ciudad Real
2024-07-01;Daimiel;Torrevieja;62;Ciudad Real
2024-07-01;Herencia;Torrevieja;52;Ciudad Real
2024-07-01;Malagón;Torrevieja;45;Ciudad Real
2024-07-01;Manzanares;Torrevieja;83;Ciudad Real
2024-07-01;Membrilla;Torrevieja;32;Ciudad Real
2024-07-01;Miguelturra;Torrevieja;88;Ciudad Real
2024-07-01;Pedro Muñoz;Torrevieja;77;Ciudad Real
2024-07-01;Puertollano;Torrevieja;288;Ciudad Real
2024-07-01;Santa Cruz de Mudela;Torrevieja;35;Ciudad Real
2024-07-01;Socuéllamos;Torrevieja;53;Ciudad Real
2024-07-01;Solana, La;Torrevieja;41;Ciudad Real
2024-07-01;Tomelloso;Torrevieja;172;Ciudad Real
2024-07-01;Valdepeñas;Torrevieja;141;Ciudad Real
2024-07-01;Villanueva de la Fuente;Torrevieja;86;Ciudad Real
2024-07-01;Baena;Torrevieja;36;Córdoba
2024-07-01;Córdoba;Torrevieja;76;Córdoba
2024-07-01;Ames;Torrevieja;32;Coruña, A
2024-07-01;Boiro;Torrevieja;31;Coruña, A
2024-07-01;Carballo;Torrevieja;79;Coruña, A
2024-07-01;Coruña, A;Torrevieja;76;Coruña, A
2024-07-01;Oleiros;Torrevieja;48;Coruña, A
2024-07-01;Casasimarro;Torrevieja;38;Cuenca
2024-07-01;Cuenca;Torrevieja;148;Cuenca
2024-07-01;Horcajo de Santiago;Torrevieja;69;Cuenca
2024-07-01;San Clemente;Torrevieja;38;Cuenca
2024-07-01;Sisante;Torrevieja;32;Cuenca
2024-07-01;Tarancón;Torrevieja;87;Cuenca
2024-07-01;Baza;Torrevieja;40;Granada
2024-07-01;Granada;Torrevieja;105;Granada
2024-07-01;Alovera;Torrevieja;124;Guadalajara
2024-07-01;Azuqueca de Henares;Torrevieja;238;Guadalajara
2024-07-01;Cabanillas del Campo;Torrevieja;51;Guadalajara
2024-07-01;Casar, El;Torrevieja;85;Guadalajara
2024-07-01;Galápagos;Torrevieja;69;Guadalajara
2024-07-01;Guadalajara;Torrevieja;432;Guadalajara
2024-07-01;Horche;Torrevieja;46;Guadalajara
2024-07-01;Marchamalo;Torrevieja;41;Guadalajara
2024-07-01;Pioz;Torrevieja;56;Guadalajara
2024-07-01;Torrejón del Rey;Torrevieja;70;Guadalajara
2024-07-01;Villanueva de la Torre;Torrevieja;64;Guadalajara
2024-07-01;Yebes;Torrevieja;37;Guadalajara
2024-07-01;Eibar;Torrevieja;47;Gipuzkoa
2024-07-01;Irun;Torrevieja;84;Gipuzkoa
2024-07-01;Arrasate/Mondragón;Torrevieja;42;Gipuzkoa
2024-07-01;Oiartzun;Torrevieja;46;Gipuzkoa
2024-07-01;Errenteria;Torrevieja;48;Gipuzkoa
2024-07-01;Donostia/San Sebastián;Torrevieja;185;Gipuzkoa
2024-07-01;Bergara;Torrevieja;31;Gipuzkoa
2024-07-01;Ordizia;Torrevieja;32;Gipuzkoa
2024-07-01;Lasarte-Oria;Torrevieja;63;Gipuzkoa
2024-07-01;Jaén;Torrevieja;79;Jaén
2024-07-01;Linares;Torrevieja;51;Jaén
2024-07-01;Martos;Torrevieja;37;Jaén
2024-07-01;León;Torrevieja;158;León
2024-07-01;Ponferrada;Torrevieja;49;León
2024-07-01;San Andrés del Rabanedo;Torrevieja;66;León
2024-07-01;Villaquilambre;Torrevieja;54;León
2024-07-01;Calahorra;Torrevieja;52;Rioja, La
2024-07-01;Logroño;Torrevieja;181;Rioja, La
2024-07-01;Lugo;Torrevieja;65;Lugo
2024-07-01;Álamo, El;Torrevieja;122;Madrid
2024-07-01;Alcalá de Henares;Torrevieja;1642;Madrid
2024-07-01;Alcobendas;Torrevieja;805;Madrid
2024-07-01;Alcorcón;Torrevieja;1504;Madrid
2024-07-01;Aldea del Fresno;Torrevieja;31;Madrid
2024-07-01;Algete;Torrevieja;170;Madrid
2024-07-01;Alpedrete;Torrevieja;72;Madrid
2024-07-01;Aranjuez;Torrevieja;416;Madrid
2024-07-01;Arganda del Rey;Torrevieja;594;Madrid
2024-07-01;Arroyomolinos;Torrevieja;325;Madrid
2024-07-01;Becerril de la Sierra;Torrevieja;72;Madrid
2024-07-01;Belmonte de Tajo;Torrevieja;58;Madrid
2024-07-01;Boadilla del Monte;Torrevieja;298;Madrid
2024-07-01;Boalo, El;Torrevieja;54;Madrid
2024-07-01;Brunete;Torrevieja;65;Madrid
2024-07-01;Camarma de Esteruelas;Torrevieja;114;Madrid
2024-07-01;Campo Real;Torrevieja;115;Madrid
2024-07-01;Carabaña;Torrevieja;57;Madrid
2024-07-01;Casarrubuelos;Torrevieja;61;Madrid
2024-07-01;Ciempozuelos;Torrevieja;351;Madrid
2024-07-01;Cobeña;Torrevieja;85;Madrid
2024-07-01;Colmenar de Oreja;Torrevieja;44;Madrid
2024-07-01;Colmenarejo;Torrevieja;31;Madrid
2024-07-01;Colmenar Viejo;Torrevieja;371;Madrid
2024-07-01;Collado Mediano;Torrevieja;47;Madrid
2024-07-01;Collado Villalba;Torrevieja;339;Madrid
2024-07-01;Coslada;Torrevieja;678;Madrid
2024-07-01;Cubas de la Sagra;Torrevieja;105;Madrid
2024-07-01;Daganzo de Arriba;Torrevieja;87;Madrid
2024-07-01;Escorial, El;Torrevieja;87;Madrid
2024-07-01;Fresno de Torote;Torrevieja;37;Madrid
2024-07-01;Fuenlabrada;Torrevieja;2127;Madrid
2024-07-01;Fuente el Saz de Jarama;Torrevieja;71;Madrid
2024-07-01;Galapagar;Torrevieja;166;Madrid
2024-07-01;Getafe;Torrevieja;1928;Madrid
2024-07-01;Griñón;Torrevieja;95;Madrid
2024-07-01;Guadalix de la Sierra;Torrevieja;41;Madrid
2024-07-01;Guadarrama;Torrevieja;126;Madrid
2024-07-01;Humanes de Madrid;Torrevieja;194;Madrid
2024-07-01;Leganés;Torrevieja;1942;Madrid
2024-07-01;Loeches;Torrevieja;108;Madrid
2024-07-01;Madrid;Torrevieja;18459;Madrid
2024-07-01;Majadahonda;Torrevieja;220;Madrid
2024-07-01;Manzanares el Real;Torrevieja;43;Madrid
2024-07-01;Meco;Torrevieja;197;Madrid
2024-07-01;Mejorada del Campo;Torrevieja;292;Madrid
2024-07-01;Miraflores de la Sierra;Torrevieja;40;Madrid
2024-07-01;Molar, El;Torrevieja;98;Madrid
2024-07-01;Moraleja de Enmedio;Torrevieja;82;Madrid
2024-07-01;Moralzarzal;Torrevieja;110;Madrid
2024-07-01;Morata de Tajuña;Torrevieja;93;Madrid
2024-07-01;Móstoles;Torrevieja;1941;Madrid
2024-07-01;Navalcarnero;Torrevieja;304;Madrid
2024-07-01;Navas del Rey;Torrevieja;33;Madrid
2024-07-01;Nuevo Baztán;Torrevieja;47;Madrid
2024-07-01;Paracuellos de Jarama;Torrevieja;158;Madrid
2024-07-01;Parla;Torrevieja;1260;Madrid
2024-07-01;Pinto;Torrevieja;450;Madrid
2024-07-01;Pozuelo de Alarcón;Torrevieja;249;Madrid
2024-07-01;Quijorna;Torrevieja;35;Madrid
2024-07-01;Rivas-Vaciamadrid;Torrevieja;725;Madrid
2024-07-01;Rozas de Madrid, Las;Torrevieja;386;Madrid
2024-07-01;San Agustín del Guadalix;Torrevieja;96;Madrid
2024-07-01;San Fernando de Henares;Torrevieja;400;Madrid
2024-07-01;San Lorenzo de El Escorial;Torrevieja;73;Madrid
2024-07-01;San Martín de la Vega;Torrevieja;223;Madrid
2024-07-01;San Sebastián de los Reyes;Torrevieja;749;Madrid
2024-07-01;Serranillos del Valle;Torrevieja;68;Madrid
2024-07-01;Sevilla la Nueva;Torrevieja;61;Madrid
2024-07-01;Soto del Real;Torrevieja;35;Madrid
2024-07-01;Talamanca de Jarama;Torrevieja;45;Madrid
2024-07-01;Torrejón de Ardoz;Torrevieja;1257;Madrid
2024-07-01;Torrejón de la Calzada;Torrevieja;96;Madrid
2024-07-01;Torrelodones;Torrevieja;64;Madrid
2024-07-01;Torres de la Alameda;Torrevieja;77;Madrid
2024-07-01;Valdemorillo;Torrevieja;44;Madrid
2024-07-01;Valdemoro;Torrevieja;813;Madrid
2024-07-01;Valdetorres de Jarama;Torrevieja;58;Madrid
2024-07-01;Valdilecha;Torrevieja;51;Madrid
2024-07-01;Velilla de San Antonio;Torrevieja;183;Madrid
2024-07-01;Villa del Prado;Torrevieja;58;Madrid
2024-07-01;Villalbilla;Torrevieja;113;Madrid
2024-07-01;Villamanta;Torrevieja;36;Madrid
2024-07-01;Villanueva de la Cañada;Torrevieja;76;Madrid
2024-07-01;Villanueva del Pardillo;Torrevieja;87;Madrid
2024-07-01;Villarejo de Salvanés;Torrevieja;46;Madrid
2024-07-01;Villaviciosa de Odón;Torrevieja;128;Madrid
2024-07-01;Tres Cantos;Torrevieja;207;Madrid
2024-07-01;Benalmádena;Torrevieja;33;Málaga
2024-07-01;Estepona;Torrevieja;48;Málaga
2024-07-01;Málaga;Torrevieja;139;Málaga
2024-07-01;Marbella;Torrevieja;48;Málaga
2024-07-01;Mijas;Torrevieja;31;Málaga
2024-07-01;Torremolinos;Torrevieja;44;Málaga
2024-07-01;Abanilla;Torrevieja;138;Murcia
2024-07-01;Abarán;Torrevieja;97;Murcia
2024-07-01;Águilas;Torrevieja;73;Murcia
2024-07-01;Albudeite;Torrevieja;66;Murcia
2024-07-01;Alcantarilla;Torrevieja;744;Murcia
2024-07-01;Alguazas;Torrevieja;135;Murcia
2024-07-01;Alhama de Murcia;Torrevieja;48;Murcia
2024-07-01;Archena;Torrevieja;143;Murcia
2024-07-01;Beniel;Torrevieja;386;Murcia
2024-07-01;Blanca;Torrevieja;45;Murcia
2024-07-01;Bullas;Torrevieja;51;Murcia
2024-07-01;Calasparra;Torrevieja;57;Murcia
2024-07-01;Campos del Río;Torrevieja;37;Murcia
2024-07-01;Caravaca de la Cruz;Torrevieja;224;Murcia
2024-07-01;Cartagena;Torrevieja;1129;Murcia
2024-07-01;Cehegín;Torrevieja;94;Murcia
2024-07-01;Ceutí;Torrevieja;93;Murcia
2024-07-01;Cieza;Torrevieja;439;Murcia
2024-07-01;Fortuna;Torrevieja;112;Murcia
2024-07-01;Fuente Álamo de Murcia;Torrevieja;86;Murcia
2024-07-01;Jumilla;Torrevieja;336;Murcia
2024-07-01;Lorca;Torrevieja;161;Murcia
2024-07-01;Lorquí;Torrevieja;81;Murcia
2024-07-01;Mazarrón;Torrevieja;98;Murcia
2024-07-01;Molina de Segura;Torrevieja;1398;Murcia
2024-07-01;Mula;Torrevieja;119;Murcia
2024-07-01;Murcia;Torrevieja;10924;Murcia
2024-07-01;Ricote;Torrevieja;114;Murcia
2024-07-01;San Javier;Torrevieja;321;Murcia
2024-07-01;San Pedro del Pinatar;Torrevieja;381;Murcia
2024-07-01;Torre-Pacheco;Torrevieja;290;Murcia
2024-07-01;Torres de Cotillas, Las;Torrevieja;477;Murcia
2024-07-01;Totana;Torrevieja;41;Murcia
2024-07-01;Unión, La;Torrevieja;54;Murcia
2024-07-01;Yecla;Torrevieja;199;Murcia
2024-07-01;Santomera;Torrevieja;573;Murcia
2024-07-01;Alcázares, Los;Torrevieja;193;Murcia
2024-07-01;Burlada/Burlata;Torrevieja;37;Navarra
2024-07-01;Valle de Egüés/Eguesibar;Torrevieja;48;Navarra
2024-07-01;Estella-Lizarra;Torrevieja;72;Navarra
2024-07-01;Pamplona/Iruña;Torrevieja;292;Navarra
2024-07-01;Tudela;Torrevieja;36;Navarra
2024-07-01;Barañáin/Barañain;Torrevieja;39;Navarra
2024-07-01;Berriozar;Torrevieja;33;Navarra
2024-07-01;Ourense;Torrevieja;51;Ourense
2024-07-01;Avilés;Torrevieja;51;Asturias
2024-07-01;Gijón;Torrevieja;243;Asturias
2024-07-01;Langreo;Torrevieja;82;Asturias
2024-07-01;Oviedo;Torrevieja;150;Asturias
2024-07-01;Siero;Torrevieja;31;Asturias
2024-07-01;Palencia;Torrevieja;113;Palencia
2024-07-01;Agüimes;Torrevieja;33;Palmas, Las
2024-07-01;Antigua;Torrevieja;44;Palmas, Las
2024-07-01;Santa Lucía de Tirajana;Torrevieja;33;Palmas, Las
2024-07-01;Pontevedra;Torrevieja;31;Pontevedra
2024-07-01;Ponteareas;Torrevieja;32;Pontevedra
2024-07-01;Vigo;Torrevieja;62;Pontevedra
2024-07-01;Salamanca;Torrevieja;315;Salamanca
2024-07-01;Santa Marta de Tormes;Torrevieja;52;Salamanca
2024-07-01;Santa Cruz de Tenerife;Torrevieja;63;Santa Cruz de Tenerife
2024-07-01;Castro-Urdiales;Torrevieja;56;Cantabria
2024-07-01;Santander;Torrevieja;59;Cantabria
2024-07-01;Torrelavega;Torrevieja;35;Cantabria
2024-07-01;Cuéllar;Torrevieja;49;Segovia
2024-07-01;Espinar, El;Torrevieja;56;Segovia
2024-07-01;Segovia;Torrevieja;232;Segovia
2024-07-01;Alcalá de Guadaíra;Torrevieja;36;Sevilla
2024-07-01;Mairena del Aljarafe;Torrevieja;30;Sevilla
2024-07-01;Rinconada, La;Torrevieja;43;Sevilla
2024-07-01;Sevilla;Torrevieja;86;Sevilla
2024-07-01;Soria;Torrevieja;67;Soria
2024-07-01;Teruel;Torrevieja;46;Teruel
2024-07-01;Alameda de la Sagra;Torrevieja;42;Toledo
2024-07-01;Argés;Torrevieja;51;Toledo
2024-07-01;Bargas;Torrevieja;68;Toledo
2024-07-01;Borox;Torrevieja;30;Toledo
2024-07-01;Burguillos de Toledo;Torrevieja;34;Toledo
2024-07-01;Carranque;Torrevieja;64;Toledo
2024-07-01;Casarrubios del Monte;Torrevieja;59;Toledo
2024-07-01;Cedillo del Condado;Torrevieja;44;Toledo
2024-07-01;Cobeja;Torrevieja;55;Toledo
2024-07-01;Cobisa;Torrevieja;65;Toledo
2024-07-01;Consuegra;Torrevieja;58;Toledo
2024-07-01;Chozas de Canales;Torrevieja;55;Toledo
2024-07-01;Dosbarrios;Torrevieja;34;Toledo
2024-07-01;Escalona;Torrevieja;39;Toledo
2024-07-01;Esquivias;Torrevieja;65;Toledo
2024-07-01;Fuensalida;Torrevieja;58;Toledo
2024-07-01;Guadamur;Torrevieja;30;Toledo
2024-07-01;Illescas;Torrevieja;321;Toledo
2024-07-01;Madridejos;Torrevieja;62;Toledo
2024-07-01;Magán;Torrevieja;64;Toledo
2024-07-01;Méntrida;Torrevieja;57;Toledo
2024-07-01;Miguel Esteban;Torrevieja;31;Toledo
2024-07-01;Mocejón;Torrevieja;62;Toledo
2024-07-01;Mora;Torrevieja;50;Toledo
2024-07-01;Noblejas;Torrevieja;40;Toledo
2024-07-01;Numancia de la Sagra;Torrevieja;60;Toledo
2024-07-01;Ocaña;Torrevieja;145;Toledo
2024-07-01;Olías del Rey;Torrevieja;74;Toledo
2024-07-01;Ontígola;Torrevieja;74;Toledo
2024-07-01;Orgaz;Torrevieja;32;Toledo
2024-07-01;Pepino;Torrevieja;30;Toledo
2024-07-01;Puebla de Almoradiel, La;Torrevieja;34;Toledo
2024-07-01;Puebla de Montalbán, La;Torrevieja;34;Toledo
2024-07-01;Quintanar de la Orden;Torrevieja;128;Toledo
2024-07-01;Seseña;Torrevieja;262;Toledo
2024-07-01;Sonseca;Torrevieja;69;Toledo
2024-07-01;Talavera de la Reina;Torrevieja;298;Toledo
2024-07-01;Toledo;Torrevieja;368;Toledo
2024-07-01;Torrijos;Torrevieja;69;Toledo
2024-07-01;Ugena;Torrevieja;67;Toledo
2024-07-01;Ventas de Retamosa, Las;Torrevieja;48;Toledo
2024-07-01;Villacañas;Torrevieja;45;Toledo
2024-07-01;Villafranca de los Caballeros;Torrevieja;53;Toledo
2024-07-01;Villaluenga de la Sagra;Torrevieja;42;Toledo
2024-07-01;Villarrubia de Santiago;Torrevieja;58;Toledo
2024-07-01;Villatobas;Torrevieja;48;Toledo
2024-07-01;Viso de San Juan, El;Torrevieja;58;Toledo
2024-07-01;Yeles;Torrevieja;47;Toledo
2024-07-01;Yepes;Torrevieja;45;Toledo
2024-07-01;Yuncos;Torrevieja;101;Toledo
2024-07-01;Alaquàs;Torrevieja;31;Valencia/València
2024-07-01;Albal;Torrevieja;60;Valencia/València
2024-07-01;Alboraia/Alboraya;Torrevieja;36;Valencia/València
2024-07-01;Alzira;Torrevieja;36;Valencia/València
2024-07-01;Alcúdia de Crespins, l';Torrevieja;30;Valencia/València
2024-07-01;Aldaia;Torrevieja;33;Valencia/València
2024-07-01;Alfafar;Torrevieja;41;Valencia/València
2024-07-01;Almàssera;Torrevieja;30;Valencia/València
2024-07-01;Aielo de Malferit;Torrevieja;34;Valencia/València
2024-07-01;Benetússer;Torrevieja;30;Valencia/València
2024-07-01;Buñol;Torrevieja;30;Valencia/València
2024-07-01;Burjassot;Torrevieja;52;Valencia/València
2024-07-01;Catarroja;Torrevieja;40;Valencia/València
2024-07-01;Gandia;Torrevieja;84;Valencia/València
2024-07-01;Xàtiva;Torrevieja;59;Valencia/València
2024-07-01;Llíria;Torrevieja;36;Valencia/València
2024-07-01;Manises;Torrevieja;42;Valencia/València
2024-07-01;Mislata;Torrevieja;37;Valencia/València
2024-07-01;Moncada;Torrevieja;30;Valencia/València
2024-07-01;Ontinyent;Torrevieja;44;Valencia/València
2024-07-01;Paterna;Torrevieja;74;Valencia/València
2024-07-01;Picassent;Torrevieja;39;Valencia/València
2024-07-01;Puçol;Torrevieja;30;Valencia/València
2024-07-01;Rafelbunyol;Torrevieja;30;Valencia/València
2024-07-01;Sagunto/Sagunt;Torrevieja;57;Valencia/València
2024-07-01;Sueca;Torrevieja;62;Valencia/València
2024-07-01;Torrent;Torrevieja;106;Valencia/València
2024-07-01;València;Torrevieja;1204;Valencia/València
2024-07-01;Arroyo de la Encomienda;Torrevieja;106;Valladolid
2024-07-01;Cigales;Torrevieja;35;Valladolid
2024-07-01;Laguna de Duero;Torrevieja;86;Valladolid
2024-07-01;Medina del Campo;Torrevieja;69;Valladolid
2024-07-01;Tordesillas;Torrevieja;36;Valladolid
2024-07-01;Valladolid;Torrevieja;909;Valladolid
2024-07-01;Abanto y Ciérvana-Abanto Zierbena;Torrevieja;35;Bizkaia
2024-07-01;Amorebieta-Etxano;Torrevieja;56;Bizkaia
2024-07-01;Barakaldo;Torrevieja;151;Bizkaia
2024-07-01;Basauri;Torrevieja;77;Bizkaia
2024-07-01;Bermeo;Torrevieja;58;Bizkaia
2024-07-01;Bilbao;Torrevieja;508;Bizkaia
2024-07-01;Dima;Torrevieja;53;Bizkaia
2024-07-01;Durango;Torrevieja;52;Bizkaia
2024-07-01;Etxebarri;Torrevieja;35;Bizkaia
2024-07-01;Galdakao;Torrevieja;35;Bizkaia
2024-07-01;Getxo;Torrevieja;91;Bizkaia
2024-07-01;Güeñes;Torrevieja;35;Bizkaia
2024-07-01;Gernika-Lumo;Torrevieja;30;Bizkaia
2024-07-01;Leioa;Torrevieja;46;Bizkaia
2024-07-01;Portugalete;Torrevieja;53;Bizkaia
2024-07-01;Santurtzi;Torrevieja;99;Bizkaia
2024-07-01;Zalla;Torrevieja;36;Bizkaia
2024-07-01;Derio;Torrevieja;40;Bizkaia
2024-07-01;Iurreta;Torrevieja;69;Bizkaia
2024-07-01;Benavente;Torrevieja;79;Zamora
2024-07-01;Zamora;Torrevieja;88;Zamora
2024-07-01;Calatayud;Torrevieja;32;Zaragoza
2024-07-01;Utebo;Torrevieja;33;Zaragoza
2024-07-01;Zaragoza;Torrevieja;353;Zaragoza
2024-08-01;Alegría-Dulantzi;Torrevieja;47;Araba/Álava
2024-08-01;Asparrena;Torrevieja;45;Araba/Álava
2024-08-01;Laudio/Llodio;Torrevieja;45;Araba/Álava
2024-08-01;Vitoria-Gasteiz;Torrevieja;1246;Araba/Álava
2024-08-01;Albacete;Torrevieja;2764;Albacete
2024-08-01;Almansa;Torrevieja;118;Albacete
2024-08-01;Barrax;Torrevieja;33;Albacete
2024-08-01;Bonete;Torrevieja;46;Albacete
2024-08-01;Caudete;Torrevieja;51;Albacete
2024-08-01;Chinchilla de Monte-Aragón;Torrevieja;107;Albacete
2024-08-01;Gineta, La;Torrevieja;46;Albacete
2024-08-01;Hellín;Torrevieja;319;Albacete
2024-08-01;Ossa de Montiel;Torrevieja;30;Albacete
2024-08-01;Roda, La;Torrevieja;117;Albacete
2024-08-01;Tobarra;Torrevieja;45;Albacete
2024-08-01;Villarrobledo;Torrevieja;258;Albacete
2024-08-01;Pozo Cañada;Torrevieja;44;Albacete
2024-08-01;Albox;Torrevieja;35;Almería
2024-08-01;Almería;Torrevieja;113;Almería
2024-08-01;Huércal-Overa;Torrevieja;36;Almería
2024-08-01;Roquetas de Mar;Torrevieja;70;Almería
2024-08-01;Ejido, El;Torrevieja;45;Almería
2024-08-01;Ávila;Torrevieja;236;Ávila
2024-08-01;Badajoz;Torrevieja;50;Badajoz
2024-08-01;Mérida;Torrevieja;34;Badajoz
2024-08-01;Eivissa;Torrevieja;40;Balears, Illes
2024-08-01;Marratxí;Torrevieja;30;Balears, Illes
2024-08-01;Palma;Torrevieja;97;Balears, Illes
2024-08-01;Arenys de Munt;Torrevieja;32;Barcelona
2024-08-01;Badalona;Torrevieja;63;Barcelona
2024-08-01;Barcelona;Torrevieja;615;Barcelona
2024-08-01;Cornellà de Llobregat;Torrevieja;35;Barcelona
2024-08-01;Hospitalet de Llobregat, L';Torrevieja;101;Barcelona
2024-08-01;Manresa;Torrevieja;34;Barcelona
2024-08-01;Mataró;Torrevieja;40;Barcelona
2024-08-01;Prat de Llobregat, El;Torrevieja;31;Barcelona
2024-08-01;Rubí;Torrevieja;69;Barcelona
2024-08-01;Sabadell;Torrevieja;88;Barcelona
2024-08-01;Sant Feliu de Llobregat;Torrevieja;31;Barcelona
2024-08-01;Santa Coloma de Gramenet;Torrevieja;45;Barcelona
2024-08-01;Terrassa;Torrevieja;113;Barcelona
2024-08-01;Viladecans;Torrevieja;43;Barcelona
2024-08-01;Aranda de Duero;Torrevieja;136;Burgos
2024-08-01;Burgos;Torrevieja;874;Burgos
2024-08-01;Miranda de Ebro;Torrevieja;160;Burgos
2024-08-01;Alfoz de Quintanadueñas;Torrevieja;34;Burgos
2024-08-01;Almaraz;Torrevieja;31;Cáceres
2024-08-01;Cáceres;Torrevieja;132;Cáceres
2024-08-01;Jaraíz de la Vera;Torrevieja;31;Cáceres
2024-08-01;Navalmoral de la Mata;Torrevieja;35;Cáceres
2024-08-01;Plasencia;Torrevieja;60;Cáceres
2024-08-01;Jerez de la Frontera;Torrevieja;30;Cádiz
2024-08-01;Castelló de la Plana;Torrevieja;97;Castellón/Castelló
2024-08-01;Vila-real;Torrevieja;35;Castellón/Castelló
2024-08-01;Alcázar de San Juan;Torrevieja;249;Ciudad Real
2024-08-01;Almagro;Torrevieja;80;Ciudad Real
2024-08-01;Almodóvar del Campo;Torrevieja;37;Ciudad Real
2024-08-01;Argamasilla de Alba;Torrevieja;43;Ciudad Real
2024-08-01;Argamasilla de Calatrava;Torrevieja;70;Ciudad Real
2024-08-01;Bolaños de Calatrava;Torrevieja;63;Ciudad Real
2024-08-01;Campo de Criptana;Torrevieja;91;Ciudad Real
2024-08-01;Ciudad Real;Torrevieja;440;Ciudad Real
2024-08-01;Daimiel;Torrevieja;56;Ciudad Real
2024-08-01;Herencia;Torrevieja;124;Ciudad Real
2024-08-01;Malagón;Torrevieja;39;Ciudad Real
2024-08-01;Manzanares;Torrevieja;95;Ciudad Real
2024-08-01;Miguelturra;Torrevieja;123;Ciudad Real
2024-08-01;Pedro Muñoz;Torrevieja;83;Ciudad Real
2024-08-01;Puertollano;Torrevieja;356;Ciudad Real
2024-08-01;Santa Cruz de Mudela;Torrevieja;48;Ciudad Real
2024-08-01;Socuéllamos;Torrevieja;94;Ciudad Real
2024-08-01;Solana, La;Torrevieja;94;Ciudad Real
2024-08-01;Terrinches;Torrevieja;54;Ciudad Real
2024-08-01;Tomelloso;Torrevieja;212;Ciudad Real
2024-08-01;Torrenueva;Torrevieja;52;Ciudad Real
2024-08-01;Valdepeñas;Torrevieja;247;Ciudad Real
2024-08-01;Villanueva de la Fuente;Torrevieja;43;Ciudad Real
2024-08-01;Villanueva de los Infantes;Torrevieja;40;Ciudad Real
2024-08-01;Villarrubia de los Ojos;Torrevieja;30;Ciudad Real
2024-08-01;Córdoba;Torrevieja;215;Córdoba
2024-08-01;Coruña, A;Torrevieja;70;Coruña, A
2024-08-01;Santiago de Compostela;Torrevieja;38;Coruña, A
2024-08-01;Cuenca;Torrevieja;159;Cuenca
2024-08-01;Horcajo de Santiago;Torrevieja;35;Cuenca
2024-08-01;Mota del Cuervo;Torrevieja;35;Cuenca
2024-08-01;Pedroñeras, Las;Torrevieja;42;Cuenca
2024-08-01;San Clemente;Torrevieja;56;Cuenca
2024-08-01;Tarancón;Torrevieja;84;Cuenca
2024-08-01;Figueres;Torrevieja;35;Girona
2024-08-01;Girona;Torrevieja;36;Girona
2024-08-01;Salt;Torrevieja;64;Girona
2024-08-01;Armilla;Torrevieja;31;Granada
2024-08-01;Granada;Torrevieja;135;Granada
2024-08-01;Huéscar;Torrevieja;42;Granada
2024-08-01;Motril;Torrevieja;38;Granada
2024-08-01;Gabias, Las;Torrevieja;31;Granada
2024-08-01;Alovera;Torrevieja;185;Guadalajara
2024-08-01;Azuqueca de Henares;Torrevieja;238;Guadalajara
2024-08-01;Brihuega;Torrevieja;76;Guadalajara
2024-08-01;Cabanillas del Campo;Torrevieja;47;Guadalajara
2024-08-01;Casar, El;Torrevieja;132;Guadalajara
2024-08-01;Chiloeches;Torrevieja;34;Guadalajara
2024-08-01;Galápagos;Torrevieja;77;Guadalajara
2024-08-01;Guadalajara;Torrevieja;483;Guadalajara
2024-08-01;Marchamalo;Torrevieja;45;Guadalajara
2024-08-01;Mondéjar;Torrevieja;53;Guadalajara
2024-08-01;Pioz;Torrevieja;41;Guadalajara
2024-08-01;Torrejón del Rey;Torrevieja;104;Guadalajara
2024-08-01;Uceda;Torrevieja;32;Guadalajara
2024-08-01;Valdeaveruelo;Torrevieja;54;Guadalajara
2024-08-01;Villanueva de la Torre;Torrevieja;67;Guadalajara
2024-08-01;Yunquera de Henares;Torrevieja;41;Guadalajara
2024-08-01;Aretxabaleta;Torrevieja;37;Gipuzkoa
2024-08-01;Eibar;Torrevieja;135;Gipuzkoa
2024-08-01;Elgoibar;Torrevieja;42;Gipuzkoa
2024-08-01;Hernani;Torrevieja;30;Gipuzkoa
2024-08-01;Irun;Torrevieja;131;Gipuzkoa
2024-08-01;Lezo;Torrevieja;36;Gipuzkoa
2024-08-01;Arrasate/Mondragón;Torrevieja;63;Gipuzkoa
2024-08-01;Pasaia;Torrevieja;58;Gipuzkoa
2024-08-01;Errenteria;Torrevieja;131;Gipuzkoa
2024-08-01;Donostia/San Sebastián;Torrevieja;281;Gipuzkoa
2024-08-01;Tolosa;Torrevieja;37;Gipuzkoa
2024-08-01;Bergara;Torrevieja;37;Gipuzkoa
2024-08-01;Zumarraga;Torrevieja;32;Gipuzkoa
2024-08-01;Lasarte-Oria;Torrevieja;44;Gipuzkoa
2024-08-01;Astigarraga;Torrevieja;32;Gipuzkoa
2024-08-01;Huelva;Torrevieja;50;Huelva
2024-08-01;Huesca;Torrevieja;40;Huesca
2024-08-01;Alcaudete;Torrevieja;33;Jaén
2024-08-01;Andújar;Torrevieja;54;Jaén
2024-08-01;Baeza;Torrevieja;39;Jaén
2024-08-01;Jaén;Torrevieja;78;Jaén
2024-08-01;Linares;Torrevieja;42;Jaén
2024-08-01;Martos;Torrevieja;43;Jaén
2024-08-01;Úbeda;Torrevieja;66;Jaén
2024-08-01;Bañeza, La;Torrevieja;38;León
2024-08-01;León;Torrevieja;249;León
2024-08-01;Ponferrada;Torrevieja;71;León
2024-08-01;San Andrés del Rabanedo;Torrevieja;80;León
2024-08-01;Villaquilambre;Torrevieja;35;León
2024-08-01;Lleida;Torrevieja;38;Lleida
2024-08-01;Calahorra;Torrevieja;48;Rioja, La
2024-08-01;Haro;Torrevieja;35;Rioja, La
2024-08-01;Lardero;Torrevieja;30;Rioja, La
2024-08-01;Logroño;Torrevieja;253;Rioja, La
2024-08-01;Nájera;Torrevieja;35;Rioja, La
2024-08-01;Foz;Torrevieja;41;Lugo
2024-08-01;Lugo;Torrevieja;75;Lugo
2024-08-01;Ajalvir;Torrevieja;60;Madrid
2024-08-01;Álamo, El;Torrevieja;110;Madrid
2024-08-01;Alcalá de Henares;Torrevieja;2171;Madrid
2024-08-01;Alcobendas;Torrevieja;1124;Madrid
2024-08-01;Alcorcón;Torrevieja;2379;Madrid
2024-08-01;Algete;Torrevieja;218;Madrid
2024-08-01;Alpedrete;Torrevieja;126;Madrid
2024-08-01;Aranjuez;Torrevieja;473;Madrid
2024-08-01;Arganda del Rey;Torrevieja;739;Madrid
2024-08-01;Arroyomolinos;Torrevieja;404;Madrid
2024-08-01;Becerril de la Sierra;Torrevieja;41;Madrid
2024-08-01;Boadilla del Monte;Torrevieja;336;Madrid
2024-08-01;Boalo, El;Torrevieja;44;Madrid
2024-08-01;Brunete;Torrevieja;63;Madrid
2024-08-01;Bustarviejo;Torrevieja;37;Madrid
2024-08-01;Camarma de Esteruelas;Torrevieja;129;Madrid
2024-08-01;Campo Real;Torrevieja;64;Madrid
2024-08-01;Carabaña;Torrevieja;90;Madrid
2024-08-01;Casarrubuelos;Torrevieja;68;Madrid
2024-08-01;Cercedilla;Torrevieja;49;Madrid
2024-08-01;Ciempozuelos;Torrevieja;297;Madrid
2024-08-01;Cobeña;Torrevieja;82;Madrid
2024-08-01;Colmenar del Arroyo;Torrevieja;31;Madrid
2024-08-01;Colmenar de Oreja;Torrevieja;84;Madrid
2024-08-01;Colmenarejo;Torrevieja;62;Madrid
2024-08-01;Colmenar Viejo;Torrevieja;549;Madrid
2024-08-01;Collado Mediano;Torrevieja;58;Madrid
2024-08-01;Collado Villalba;Torrevieja;520;Madrid
2024-08-01;Coslada;Torrevieja;962;Madrid
2024-08-01;Cubas de la Sagra;Torrevieja;91;Madrid
2024-08-01;Chinchón;Torrevieja;33;Madrid
2024-08-01;Daganzo de Arriba;Torrevieja;161;Madrid
2024-08-01;Escorial, El;Torrevieja;102;Madrid
2024-08-01;Fresno de Torote;Torrevieja;35;Madrid
2024-08-01;Fuenlabrada;Torrevieja;2979;Madrid
2024-08-01;Fuente el Saz de Jarama;Torrevieja;73;Madrid
2024-08-01;Galapagar;Torrevieja;274;Madrid
2024-08-01;Getafe;Torrevieja;2282;Madrid
2024-08-01;Griñón;Torrevieja;109;Madrid
2024-08-01;Guadalix de la Sierra;Torrevieja;46;Madrid
2024-08-01;Guadarrama;Torrevieja;136;Madrid
2024-08-01;Humanes de Madrid;Torrevieja;323;Madrid
2024-08-01;Leganés;Torrevieja;2831;Madrid
2024-08-01;Loeches;Torrevieja;182;Madrid
2024-08-01;Madrid;Torrevieja;24743;Madrid
2024-08-01;Majadahonda;Torrevieja;243;Madrid
2024-08-01;Manzanares el Real;Torrevieja;74;Madrid
2024-08-01;Meco;Torrevieja;184;Madrid
2024-08-01;Mejorada del Campo;Torrevieja;448;Madrid
2024-08-01;Miraflores de la Sierra;Torrevieja;37;Madrid
2024-08-01;Molar, El;Torrevieja;94;Madrid
2024-08-01;Moraleja de Enmedio;Torrevieja;128;Madrid
2024-08-01;Moralzarzal;Torrevieja;94;Madrid
2024-08-01;Morata de Tajuña;Torrevieja;126;Madrid
2024-08-01;Móstoles;Torrevieja;2551;Madrid
2024-08-01;Navalagamella;Torrevieja;49;Madrid
2024-08-01;Navalcarnero;Torrevieja;410;Madrid
2024-08-01;Nuevo Baztán;Torrevieja;81;Madrid
2024-08-01;Orusco de Tajuña;Torrevieja;36;Madrid
2024-08-01;Paracuellos de Jarama;Torrevieja;237;Madrid
2024-08-01;Parla;Torrevieja;1810;Madrid
2024-08-01;Pedrezuela;Torrevieja;38;Madrid
2024-08-01;Pinto;Torrevieja;580;Madrid
2024-08-01;Pozuelo de Alarcón;Torrevieja;295;Madrid
2024-08-01;Quijorna;Torrevieja;46;Madrid
2024-08-01;Rivas-Vaciamadrid;Torrevieja;1073;Madrid
2024-08-01;Rozas de Madrid, Las;Torrevieja;405;Madrid
2024-08-01;San Agustín del Guadalix;Torrevieja;120;Madrid
2024-08-01;San Fernando de Henares;Torrevieja;623;Madrid
2024-08-01;San Lorenzo de El Escorial;Torrevieja;93;Madrid
2024-08-01;San Martín de la Vega;Torrevieja;252;Madrid
2024-08-01;San Martín de Valdeiglesias;Torrevieja;47;Madrid
2024-08-01;San Sebastián de los Reyes;Torrevieja;1013;Madrid
2024-08-01;Serranillos del Valle;Torrevieja;65;Madrid
2024-08-01;Sevilla la Nueva;Torrevieja;65;Madrid
2024-08-01;Talamanca de Jarama;Torrevieja;61;Madrid
2024-08-01;Torrejón de Ardoz;Torrevieja;1746;Madrid
2024-08-01;Torrejón de la Calzada;Torrevieja;132;Madrid
2024-08-01;Torrejón de Velasco;Torrevieja;31;Madrid
2024-08-01;Torrelodones;Torrevieja;117;Madrid
2024-08-01;Torres de la Alameda;Torrevieja;98;Madrid
2024-08-01;Valdeavero;Torrevieja;34;Madrid
2024-08-01;Valdemorillo;Torrevieja;71;Madrid
2024-08-01;Valdemoro;Torrevieja;993;Madrid
2024-08-01;Valdetorres de Jarama;Torrevieja;51;Madrid
2024-08-01;Valdilecha;Torrevieja;55;Madrid
2024-08-01;Velilla de San Antonio;Torrevieja;215;Madrid
2024-08-01;Vellón, El;Torrevieja;47;Madrid
2024-08-01;Villaconejos;Torrevieja;34;Madrid
2024-08-01;Villalbilla;Torrevieja;155;Madrid
2024-08-01;Villamanta;Torrevieja;41;Madrid
2024-08-01;Villanueva de la Cañada;Torrevieja;125;Madrid
2024-08-01;Villanueva del Pardillo;Torrevieja;100;Madrid
2024-08-01;Villarejo de Salvanés;Torrevieja;80;Madrid
2024-08-01;Villaviciosa de Odón;Torrevieja;228;Madrid
2024-08-01;Tres Cantos;Torrevieja;269;Madrid
2024-08-01;Benalmádena;Torrevieja;32;Málaga
2024-08-01;Fuengirola;Torrevieja;55;Málaga
2024-08-01;Málaga;Torrevieja;127;Málaga
2024-08-01;Marbella;Torrevieja;72;Málaga
2024-08-01;Mijas;Torrevieja;37;Málaga
2024-08-01;Abanilla;Torrevieja;132;Murcia
2024-08-01;Abarán;Torrevieja;113;Murcia
2024-08-01;Águilas;Torrevieja;114;Murcia
2024-08-01;Alcantarilla;Torrevieja;745;Murcia
2024-08-01;Alguazas;Torrevieja;154;Murcia
2024-08-01;Alhama de Murcia;Torrevieja;64;Murcia
2024-08-01;Archena;Torrevieja;129;Murcia
2024-08-01;Beniel;Torrevieja;444;Murcia
2024-08-01;Blanca;Torrevieja;45;Murcia
2024-08-01;Bullas;Torrevieja;89;Murcia
2024-08-01;Calasparra;Torrevieja;50;Murcia
2024-08-01;Campos del Río;Torrevieja;30;Murcia
2024-08-01;Caravaca de la Cruz;Torrevieja;224;Murcia
2024-08-01;Cartagena;Torrevieja;1327;Murcia
2024-08-01;Cehegín;Torrevieja;60;Murcia
2024-08-01;Ceutí;Torrevieja;172;Murcia
2024-08-01;Cieza;Torrevieja;615;Murcia
2024-08-01;Fortuna;Torrevieja;164;Murcia
2024-08-01;Fuente Álamo de Murcia;Torrevieja;54;Murcia
2024-08-01;Jumilla;Torrevieja;276;Murcia
2024-08-01;Librilla;Torrevieja;44;Murcia
2024-08-01;Lorca;Torrevieja;204;Murcia
2024-08-01;Lorquí;Torrevieja;131;Murcia
2024-08-01;Mazarrón;Torrevieja;109;Murcia
2024-08-01;Molina de Segura;Torrevieja;1669;Murcia
2024-08-01;Mula;Torrevieja;100;Murcia
2024-08-01;Murcia;Torrevieja;11136;Murcia
2024-08-01;Ricote;Torrevieja;95;Murcia
2024-08-01;San Javier;Torrevieja;359;Murcia
2024-08-01;San Pedro del Pinatar;Torrevieja;545;Murcia
2024-08-01;Torre-Pacheco;Torrevieja;372;Murcia
2024-08-01;Torres de Cotillas, Las;Torrevieja;589;Murcia
2024-08-01;Totana;Torrevieja;81;Murcia
2024-08-01;Unión, La;Torrevieja;80;Murcia
2024-08-01;Villanueva del Río Segura;Torrevieja;35;Murcia
2024-08-01;Yecla;Torrevieja;327;Murcia
2024-08-01;Santomera;Torrevieja;547;Murcia
2024-08-01;Alcázares, Los;Torrevieja;161;Murcia
2024-08-01;Ansoáin/Antsoain;Torrevieja;37;Navarra
2024-08-01;Aranguren;Torrevieja;39;Navarra
2024-08-01;Burlada/Burlata;Torrevieja;41;Navarra
2024-08-01;Valle de Egüés/Eguesibar;Torrevieja;48;Navarra
2024-08-01;Noáin (Valle de Elorz)/Noain (Elortzibar);Torrevieja;31;Navarra
2024-08-01;Estella-Lizarra;Torrevieja;30;Navarra
2024-08-01;Olazti/Olazagutía;Torrevieja;31;Navarra
2024-08-01;Pamplona/Iruña;Torrevieja;358;Navarra
2024-08-01;Villava/Atarrabia;Torrevieja;34;Navarra
2024-08-01;Barañáin/Barañain;Torrevieja;36;Navarra
2024-08-01;Berrioplano/Berriobeiti;Torrevieja;30;Navarra
2024-08-01;Berriozar;Torrevieja;35;Navarra
2024-08-01;Ourense;Torrevieja;73;Ourense
2024-08-01;Avilés;Torrevieja;39;Asturias
2024-08-01;Gijón;Torrevieja;279;Asturias
2024-08-01;Langreo;Torrevieja;66;Asturias
2024-08-01;Oviedo;Torrevieja;275;Asturias
2024-08-01;Siero;Torrevieja;41;Asturias
2024-08-01;Palencia;Torrevieja;187;Palencia
2024-08-01;Palmas de Gran Canaria, Las;Torrevieja;44;Palmas, Las
2024-08-01;Pontevedra;Torrevieja;33;Pontevedra
2024-08-01;Vigo;Torrevieja;111;Pontevedra
2024-08-01;Béjar;Torrevieja;41;Salamanca
2024-08-01;Salamanca;Torrevieja;343;Salamanca
2024-08-01;Santa Marta de Tormes;Torrevieja;55;Salamanca
2024-08-01;Castro-Urdiales;Torrevieja;68;Cantabria
2024-08-01;Santander;Torrevieja;71;Cantabria
2024-08-01;Coca;Torrevieja;39;Segovia
2024-08-01;Cuéllar;Torrevieja;35;Segovia
2024-08-01;Espinar, El;Torrevieja;51;Segovia
2024-08-01;Lastrilla, La;Torrevieja;49;Segovia
2024-08-01;Palazuelos de Eresma;Torrevieja;65;Segovia
2024-08-01;Real Sitio de San Ildefonso;Torrevieja;46;Segovia
2024-08-01;Segovia;Torrevieja;278;Segovia
2024-08-01;Villacastín;Torrevieja;32;Segovia
2024-08-01;San Cristóbal de Segovia;Torrevieja;34;Segovia
2024-08-01;Dos Hermanas;Torrevieja;44;Sevilla
2024-08-01;Mairena del Aljarafe;Torrevieja;30;Sevilla
2024-08-01;Sevilla;Torrevieja;196;Sevilla
2024-08-01;Soria;Torrevieja;58;Soria
2024-08-01;Andorra;Torrevieja;31;Teruel
2024-08-01;Teruel;Torrevieja;66;Teruel
2024-08-01;Ajofrín;Torrevieja;40;Toledo
2024-08-01;Alameda de la Sagra;Torrevieja;60;Toledo
2024-08-01;Añover de Tajo;Torrevieja;39;Toledo
2024-08-01;Argés;Torrevieja;35;Toledo
2024-08-01;Bargas;Torrevieja;89;Toledo
2024-08-01;Borox;Torrevieja;50;Toledo
2024-08-01;Burguillos de Toledo;Torrevieja;39;Toledo
2024-08-01;Camarena;Torrevieja;43;Toledo
2024-08-01;Carranque;Torrevieja;94;Toledo
2024-08-01;Casarrubios del Monte;Torrevieja;96;Toledo
2024-08-01;Cazalegas;Torrevieja;33;Toledo
2024-08-01;Cedillo del Condado;Torrevieja;56;Toledo
2024-08-01;Cobeja;Torrevieja;64;Toledo
2024-08-01;Cobisa;Torrevieja;40;Toledo
2024-08-01;Consuegra;Torrevieja;54;Toledo
2024-08-01;Chozas de Canales;Torrevieja;49;Toledo
2024-08-01;Escalona;Torrevieja;96;Toledo
2024-08-01;Escalonilla;Torrevieja;68;Toledo
2024-08-01;Esquivias;Torrevieja;103;Toledo
2024-08-01;Fuensalida;Torrevieja;77;Toledo
2024-08-01;Illescas;Torrevieja;443;Toledo
2024-08-01;Lominchar;Torrevieja;30;Toledo
2024-08-01;Madridejos;Torrevieja;109;Toledo
2024-08-01;Magán;Torrevieja;61;Toledo
2024-08-01;Mazarambroz;Torrevieja;42;Toledo
2024-08-01;Méntrida;Torrevieja;71;Toledo
2024-08-01;Miguel Esteban;Torrevieja;63;Toledo
2024-08-01;Mocejón;Torrevieja;53;Toledo
2024-08-01;Mora;Torrevieja;57;Toledo
2024-08-01;Nambroca;Torrevieja;49;Toledo
2024-08-01;Noblejas;Torrevieja;33;Toledo
2024-08-01;Numancia de la Sagra;Torrevieja;66;Toledo
2024-08-01;Ocaña;Torrevieja;180;Toledo
2024-08-01;Olías del Rey;Torrevieja;99;Toledo
2024-08-01;Ontígola;Torrevieja;80;Toledo
2024-08-01;Puebla de Almoradiel, La;Torrevieja;86;Toledo
2024-08-01;Puebla de Montalbán, La;Torrevieja;73;Toledo
2024-08-01;Quintanar de la Orden;Torrevieja;129;Toledo
2024-08-01;Recas;Torrevieja;42;Toledo
2024-08-01;Santa Cruz de la Zarza;Torrevieja;31;Toledo
2024-08-01;Santa Cruz del Retamar;Torrevieja;60;Toledo
2024-08-01;Santa Olalla;Torrevieja;31;Toledo
2024-08-01;Seseña;Torrevieja;340;Toledo
2024-08-01;Sonseca;Torrevieja;69;Toledo
2024-08-01;Talavera de la Reina;Torrevieja;479;Toledo
2024-08-01;Toledo;Torrevieja;518;Toledo
2024-08-01;Torrijos;Torrevieja;76;Toledo
2024-08-01;Ugena;Torrevieja;84;Toledo
2024-08-01;Valmojado;Torrevieja;38;Toledo
2024-08-01;Ventas de Retamosa, Las;Torrevieja;53;Toledo
2024-08-01;Villacañas;Torrevieja;55;Toledo
2024-08-01;Villafranca de los Caballeros;Torrevieja;74;Toledo
2024-08-01;Villaluenga de la Sagra;Torrevieja;44;Toledo
2024-08-01;Villarrubia de Santiago;Torrevieja;42;Toledo
2024-08-01;Villatobas;Torrevieja;62;Toledo
2024-08-01;Viso de San Juan, El;Torrevieja;100;Toledo
2024-08-01;Yeles;Torrevieja;97;Toledo
2024-08-01;Yepes;Torrevieja;94;Toledo
2024-08-01;Yuncler;Torrevieja;30;Toledo
2024-08-01;Yuncos;Torrevieja;152;Toledo
2024-08-01;Alaquàs;Torrevieja;70;Valencia/València
2024-08-01;Albalat de la Ribera;Torrevieja;62;Valencia/València
2024-08-01;Alboraia/Alboraya;Torrevieja;49;Valencia/València
2024-08-01;Alzira;Torrevieja;72;Valencia/València
2024-08-01;Alcúdia de Crespins, l';Torrevieja;30;Valencia/València
2024-08-01;Aldaia;Torrevieja;35;Valencia/València
2024-08-01;Algemesí;Torrevieja;31;Valencia/València
2024-08-01;Alginet;Torrevieja;36;Valencia/València
2024-08-01;Bétera;Torrevieja;49;Valencia/València
2024-08-01;Burjassot;Torrevieja;71;Valencia/València
2024-08-01;Carcaixent;Torrevieja;40;Valencia/València
2024-08-01;Catarroja;Torrevieja;31;Valencia/València
2024-08-01;Quart de Poblet;Torrevieja;60;Valencia/València
2024-08-01;Xirivella;Torrevieja;62;Valencia/València
2024-08-01;Gandia;Torrevieja;95;Valencia/València
2024-08-01;Xàtiva;Torrevieja;64;Valencia/València
2024-08-01;Llíria;Torrevieja;53;Valencia/València
2024-08-01;Manises;Torrevieja;49;Valencia/València
2024-08-01;Mislata;Torrevieja;64;Valencia/València
2024-08-01;Oliva;Torrevieja;40;Valencia/València
2024-08-01;Ontinyent;Torrevieja;91;Valencia/València
2024-08-01;Paiporta;Torrevieja;61;Valencia/València
2024-08-01;Paterna;Torrevieja;106;Valencia/València
2024-08-01;Picassent;Torrevieja;52;Valencia/València
2024-08-01;Pobla de Vallbona, la;Torrevieja;39;Valencia/València
2024-08-01;Puig de Santa Maria, el;Torrevieja;41;Valencia/València
2024-08-01;Rafelbunyol;Torrevieja;41;Valencia/València
2024-08-01;Requena;Torrevieja;42;Valencia/València
2024-08-01;Sagunto/Sagunt;Torrevieja;90;Valencia/València
2024-08-01;Silla;Torrevieja;61;Valencia/València
2024-08-01;Sueca;Torrevieja;36;Valencia/València
2024-08-01;Torrent;Torrevieja;157;Valencia/València
2024-08-01;València;Torrevieja;1266;Valencia/València
2024-08-01;San Antonio de Benagéber;Torrevieja;41;Valencia/València
2024-08-01;Arroyo de la Encomienda;Torrevieja;114;Valladolid
2024-08-01;Cigales;Torrevieja;60;Valladolid
2024-08-01;Cistérniga;Torrevieja;59;Valladolid
2024-08-01;Fuensaldaña;Torrevieja;33;Valladolid
2024-08-01;Íscar;Torrevieja;31;Valladolid
2024-08-01;Laguna de Duero;Torrevieja;112;Valladolid
2024-08-01;Medina del Campo;Torrevieja;64;Valladolid
2024-08-01;Santovenia de Pisuerga;Torrevieja;52;Valladolid
2024-08-01;Valladolid;Torrevieja;1209;Valladolid
2024-08-01;Zaratán;Torrevieja;43;Valladolid
2024-08-01;Amorebieta-Etxano;Torrevieja;128;Bizkaia
2024-08-01;Arrigorriaga;Torrevieja;54;Bizkaia
2024-08-01;Barakaldo;Torrevieja;227;Bizkaia
2024-08-01;Basauri;Torrevieja;141;Bizkaia
2024-08-01;Bilbao;Torrevieja;782;Bizkaia
2024-08-01;Busturia;Torrevieja;35;Bizkaia
2024-08-01;Durango;Torrevieja;120;Bizkaia
2024-08-01;Etxebarri;Torrevieja;55;Bizkaia
2024-08-01;Ermua;Torrevieja;82;Bizkaia
2024-08-01;Galdakao;Torrevieja;82;Bizkaia
2024-08-01;Getxo;Torrevieja;101;Bizkaia
2024-08-01;Leioa;Torrevieja;129;Bizkaia
2024-08-01;Lemoiz;Torrevieja;35;Bizkaia
2024-08-01;Mungia;Torrevieja;66;Bizkaia
2024-08-01;Ondarroa;Torrevieja;50;Bizkaia
2024-08-01;Portugalete;Torrevieja;59;Bizkaia
2024-08-01;Santurtzi;Torrevieja;102;Bizkaia
2024-08-01;Sestao;Torrevieja;66;Bizkaia
2024-08-01;Sopela;Torrevieja;51;Bizkaia
2024-08-01;Zalla;Torrevieja;39;Bizkaia
2024-08-01;Derio;Torrevieja;47;Bizkaia
2024-08-01;Erandio;Torrevieja;83;Bizkaia
2024-08-01;Sondika;Torrevieja;36;Bizkaia
2024-08-01;Zamora;Torrevieja;78;Zamora
2024-08-01;Cuarte de Huerva;Torrevieja;36;Zaragoza
2024-08-01;Tarazona;Torrevieja;30;Zaragoza
2024-08-01;Utebo;Torrevieja;38;Zaragoza
2024-08-01;Zaragoza;Torrevieja;587;Zaragoza
2024-08-01;Melilla;Torrevieja;43;Melilla
2024-09-01;Vitoria-Gasteiz;Torrevieja;463;Araba/Álava
2024-09-01;Albacete;Torrevieja;1042;Albacete
2024-09-01;Almansa;Torrevieja;83;Albacete
2024-09-01;Caudete;Torrevieja;36;Albacete
2024-09-01;Chinchilla de Monte-Aragón;Torrevieja;30;Albacete
2024-09-01;Hellín;Torrevieja;138;Albacete
2024-09-01;Roda, La;Torrevieja;56;Albacete
2024-09-01;Villarrobledo;Torrevieja;98;Albacete
2024-09-01;Pozo Cañada;Torrevieja;65;Albacete
2024-09-01;Adra;Torrevieja;55;Almería
2024-09-01;Almería;Torrevieja;67;Almería
2024-09-01;Roquetas de Mar;Torrevieja;52;Almería
2024-09-01;Ejido, El;Torrevieja;43;Almería
2024-09-01;Ávila;Torrevieja;125;Ávila
2024-09-01;Almendralejo;Torrevieja;34;Badajoz
2024-09-01;Badajoz;Torrevieja;44;Badajoz
2024-09-01;Palma;Torrevieja;103;Balears, Illes
2024-09-01;Santa Eulària des Riu;Torrevieja;36;Balears, Illes
2024-09-01;Badalona;Torrevieja;37;Barcelona
2024-09-01;Barcelona;Torrevieja;339;Barcelona
2024-09-01;Hospitalet de Llobregat, L';Torrevieja;43;Barcelona
2024-09-01;Sabadell;Torrevieja;44;Barcelona
2024-09-01;Terrassa;Torrevieja;48;Barcelona
2024-09-01;Aranda de Duero;Torrevieja;94;Burgos
2024-09-01;Burgos;Torrevieja;408;Burgos
2024-09-01;Miranda de Ebro;Torrevieja;65;Burgos
2024-09-01;Plasencia;Torrevieja;33;Cáceres
2024-09-01;Castelló de la Plana;Torrevieja;76;Castellón/Castelló
2024-09-01;Alcázar de San Juan;Torrevieja;73;Ciudad Real
2024-09-01;Almagro;Torrevieja;38;Ciudad Real
2024-09-01;Argamasilla de Alba;Torrevieja;30;Ciudad Real
2024-09-01;Argamasilla de Calatrava;Torrevieja;30;Ciudad Real
2024-09-01;Bolaños de Calatrava;Torrevieja;43;Ciudad Real
2024-09-01;Ciudad Real;Torrevieja;184;Ciudad Real
2024-09-01;Daimiel;Torrevieja;46;Ciudad Real
2024-09-01;Herencia;Torrevieja;53;Ciudad Real
2024-09-01;Manzanares;Torrevieja;43;Ciudad Real
2024-09-01;Pedro Muñoz;Torrevieja;72;Ciudad Real
2024-09-01;Puertollano;Torrevieja;109;Ciudad Real
2024-09-01;Socuéllamos;Torrevieja;53;Ciudad Real
2024-09-01;Tomelloso;Torrevieja;93;Ciudad Real
2024-09-01;Valdepeñas;Torrevieja;45;Ciudad Real
2024-09-01;Córdoba;Torrevieja;52;Córdoba
2024-09-01;Coruña, A;Torrevieja;53;Coruña, A
2024-09-01;Santiago de Compostela;Torrevieja;36;Coruña, A
2024-09-01;Cuenca;Torrevieja;90;Cuenca
2024-09-01;San Clemente;Torrevieja;37;Cuenca
2024-09-01;Tarancón;Torrevieja;40;Cuenca
2024-09-01;Baza;Torrevieja;32;Granada
2024-09-01;Granada;Torrevieja;76;Granada
2024-09-01;Motril;Torrevieja;30;Granada
2024-09-01;Alovera;Torrevieja;44;Guadalajara
2024-09-01;Azuqueca de Henares;Torrevieja;107;Guadalajara
2024-09-01;Cabanillas del Campo;Torrevieja;35;Guadalajara
2024-09-01;Casar, El;Torrevieja;64;Guadalajara
2024-09-01;Guadalajara;Torrevieja;196;Guadalajara
2024-09-01;Marchamalo;Torrevieja;30;Guadalajara
2024-09-01;Mondéjar;Torrevieja;34;Guadalajara
2024-09-01;Torrejón del Rey;Torrevieja;80;Guadalajara
2024-09-01;Villanueva de la Torre;Torrevieja;30;Guadalajara
2024-09-01;Eibar;Torrevieja;40;Gipuzkoa
2024-09-01;Hernani;Torrevieja;30;Gipuzkoa
2024-09-01;Irun;Torrevieja;75;Gipuzkoa
2024-09-01;Legazpi;Torrevieja;31;Gipuzkoa
2024-09-01;Errenteria;Torrevieja;54;Gipuzkoa
2024-09-01;Donostia/San Sebastián;Torrevieja;116;Gipuzkoa
2024-09-01;Lasarte-Oria;Torrevieja;43;Gipuzkoa
2024-09-01;Jaén;Torrevieja;34;Jaén
2024-09-01;Úbeda;Torrevieja;33;Jaén
2024-09-01;Bañeza, La;Torrevieja;36;León
2024-09-01;León;Torrevieja;155;León
2024-09-01;Ponferrada;Torrevieja;54;León
2024-09-01;San Andrés del Rabanedo;Torrevieja;48;León
2024-09-01;Alfaro;Torrevieja;31;Rioja, La
2024-09-01;Lardero;Torrevieja;30;Rioja, La
2024-09-01;Logroño;Torrevieja;140;Rioja, La
2024-09-01;Lugo;Torrevieja;39;Lugo
2024-09-01;Álamo, El;Torrevieja;48;Madrid
2024-09-01;Alcalá de Henares;Torrevieja;756;Madrid
2024-09-01;Alcobendas;Torrevieja;373;Madrid
2024-09-01;Alcorcón;Torrevieja;693;Madrid
2024-09-01;Algete;Torrevieja;98;Madrid
2024-09-01;Alpedrete;Torrevieja;44;Madrid
2024-09-01;Aranjuez;Torrevieja;165;Madrid
2024-09-01;Arganda del Rey;Torrevieja;226;Madrid
2024-09-01;Arroyomolinos;Torrevieja;148;Madrid
2024-09-01;Becerril de la Sierra;Torrevieja;37;Madrid
2024-09-01;Boadilla del Monte;Torrevieja;87;Madrid
2024-09-01;Boalo, El;Torrevieja;33;Madrid
2024-09-01;Brunete;Torrevieja;38;Madrid
2024-09-01;Camarma de Esteruelas;Torrevieja;34;Madrid
2024-09-01;Carabaña;Torrevieja;31;Madrid
2024-09-01;Ciempozuelos;Torrevieja;96;Madrid
2024-09-01;Cobeña;Torrevieja;40;Madrid
2024-09-01;Colmenar de Oreja;Torrevieja;39;Madrid
2024-09-01;Colmenar Viejo;Torrevieja;219;Madrid
2024-09-01;Collado Mediano;Torrevieja;32;Madrid
2024-09-01;Collado Villalba;Torrevieja;198;Madrid
2024-09-01;Coslada;Torrevieja;354;Madrid
2024-09-01;Daganzo de Arriba;Torrevieja;53;Madrid
2024-09-01;Escorial, El;Torrevieja;53;Madrid
2024-09-01;Fuenlabrada;Torrevieja;867;Madrid
2024-09-01;Fuente el Saz de Jarama;Torrevieja;42;Madrid
2024-09-01;Galapagar;Torrevieja;102;Madrid
2024-09-01;Getafe;Torrevieja;847;Madrid
2024-09-01;Griñón;Torrevieja;50;Madrid
2024-09-01;Guadarrama;Torrevieja;67;Madrid
2024-09-01;Humanes de Madrid;Torrevieja;63;Madrid
2024-09-01;Leganés;Torrevieja;881;Madrid
2024-09-01;Loeches;Torrevieja;32;Madrid
2024-09-01;Madrid;Torrevieja;9553;Madrid
2024-09-01;Majadahonda;Torrevieja;91;Madrid
2024-09-01;Manzanares el Real;Torrevieja;39;Madrid
2024-09-01;Meco;Torrevieja;75;Madrid
2024-09-01;Mejorada del Campo;Torrevieja;128;Madrid
2024-09-01;Miraflores de la Sierra;Torrevieja;46;Madrid
2024-09-01;Molar, El;Torrevieja;41;Madrid
2024-09-01;Molinos, Los;Torrevieja;31;Madrid
2024-09-01;Moraleja de Enmedio;Torrevieja;35;Madrid
2024-09-01;Moralzarzal;Torrevieja;83;Madrid
2024-09-01;Morata de Tajuña;Torrevieja;49;Madrid
2024-09-01;Móstoles;Torrevieja;935;Madrid
2024-09-01;Navalcarnero;Torrevieja;150;Madrid
2024-09-01;Paracuellos de Jarama;Torrevieja;70;Madrid
2024-09-01;Parla;Torrevieja;568;Madrid
2024-09-01;Pedrezuela;Torrevieja;82;Madrid
2024-09-01;Pinto;Torrevieja;157;Madrid
2024-09-01;Pozuelo de Alarcón;Torrevieja;137;Madrid
2024-09-01;Rivas-Vaciamadrid;Torrevieja;334;Madrid
2024-09-01;Rozas de Madrid, Las;Torrevieja;144;Madrid
2024-09-01;San Agustín del Guadalix;Torrevieja;50;Madrid
2024-09-01;San Fernando de Henares;Torrevieja;193;Madrid
2024-09-01;San Lorenzo de El Escorial;Torrevieja;57;Madrid
2024-09-01;San Martín de la Vega;Torrevieja;81;Madrid
2024-09-01;San Martín de Valdeiglesias;Torrevieja;68;Madrid
2024-09-01;San Sebastián de los Reyes;Torrevieja;269;Madrid
2024-09-01;Serranillos del Valle;Torrevieja;31;Madrid
2024-09-01;Torrejón de Ardoz;Torrevieja;613;Madrid
2024-09-01;Torrejón de la Calzada;Torrevieja;67;Madrid
2024-09-01;Torrejón de Velasco;Torrevieja;38;Madrid
2024-09-01;Torrelodones;Torrevieja;52;Madrid
2024-09-01;Valdemorillo;Torrevieja;42;Madrid
2024-09-01;Valdemoro;Torrevieja;366;Madrid
2024-09-01;Valdilecha;Torrevieja;35;Madrid
2024-09-01;Velilla de San Antonio;Torrevieja;66;Madrid
2024-09-01;Villa del Prado;Torrevieja;34;Madrid
2024-09-01;Villalbilla;Torrevieja;58;Madrid
2024-09-01;Villanueva de la Cañada;Torrevieja;43;Madrid
2024-09-01;Villarejo de Salvanés;Torrevieja;30;Madrid
2024-09-01;Villaviciosa de Odón;Torrevieja;65;Madrid
2024-09-01;Tres Cantos;Torrevieja;103;Madrid
2024-09-01;Málaga;Torrevieja;140;Málaga
2024-09-01;Marbella;Torrevieja;38;Málaga
2024-09-01;Mijas;Torrevieja;38;Málaga
2024-09-01;Abanilla;Torrevieja;81;Murcia
2024-09-01;Abarán;Torrevieja;33;Murcia
2024-09-01;Águilas;Torrevieja;68;Murcia
2024-09-01;Alcantarilla;Torrevieja;323;Murcia
2024-09-01;Alguazas;Torrevieja;76;Murcia
2024-09-01;Alhama de Murcia;Torrevieja;54;Murcia
2024-09-01;Archena;Torrevieja;126;Murcia
2024-09-01;Beniel;Torrevieja;160;Murcia
2024-09-01;Blanca;Torrevieja;61;Murcia
2024-09-01;Calasparra;Torrevieja;33;Murcia
2024-09-01;Caravaca de la Cruz;Torrevieja;101;Murcia
2024-09-01;Cartagena;Torrevieja;719;Murcia
2024-09-01;Ceutí;Torrevieja;73;Murcia
2024-09-01;Cieza;Torrevieja;220;Murcia
2024-09-01;Fortuna;Torrevieja;63;Murcia
2024-09-01;Jumilla;Torrevieja;117;Murcia
2024-09-01;Librilla;Torrevieja;47;Murcia
2024-09-01;Lorca;Torrevieja;72;Murcia
2024-09-01;Lorquí;Torrevieja;45;Murcia
2024-09-01;Mazarrón;Torrevieja;124;Murcia
2024-09-01;Molina de Segura;Torrevieja;529;Murcia
2024-09-01;Mula;Torrevieja;46;Murcia
2024-09-01;Murcia;Torrevieja;4964;Murcia
2024-09-01;Puerto Lumbreras;Torrevieja;33;Murcia
2024-09-01;Ricote;Torrevieja;57;Murcia
2024-09-01;San Javier;Torrevieja;251;Murcia
2024-09-01;San Pedro del Pinatar;Torrevieja;277;Murcia
2024-09-01;Torre-Pacheco;Torrevieja;241;Murcia
2024-09-01;Torres de Cotillas, Las;Torrevieja;226;Murcia
2024-09-01;Totana;Torrevieja;31;Murcia
2024-09-01;Unión, La;Torrevieja;34;Murcia
2024-09-01;Yecla;Torrevieja;117;Murcia
2024-09-01;Santomera;Torrevieja;268;Murcia
2024-09-01;Alcázares, Los;Torrevieja;105;Murcia
2024-09-01;Estella-Lizarra;Torrevieja;43;Navarra
2024-09-01;Pamplona/Iruña;Torrevieja;135;Navarra
2024-09-01;Ourense;Torrevieja;43;Ourense
2024-09-01;Avilés;Torrevieja;52;Asturias
2024-09-01;Corvera de Asturias;Torrevieja;35;Asturias
2024-09-01;Gijón;Torrevieja;148;Asturias
2024-09-01;Oviedo;Torrevieja;93;Asturias
2024-09-01;Palencia;Torrevieja;85;Palencia
2024-09-01;Palmas de Gran Canaria, Las;Torrevieja;33;Palmas, Las
2024-09-01;Cangas;Torrevieja;55;Pontevedra
2024-09-01;Vigo;Torrevieja;53;Pontevedra
2024-09-01;Salamanca;Torrevieja;142;Salamanca
2024-09-01;Santa Cruz de Tenerife;Torrevieja;31;Santa Cruz de Tenerife
2024-09-01;Castro-Urdiales;Torrevieja;34;Cantabria
2024-09-01;Santander;Torrevieja;58;Cantabria
2024-09-01;Cuéllar;Torrevieja;40;Segovia
2024-09-01;Espinar, El;Torrevieja;67;Segovia
2024-09-01;Real Sitio de San Ildefonso;Torrevieja;46;Segovia
2024-09-01;Segovia;Torrevieja;138;Segovia
2024-09-01;Sevilla;Torrevieja;91;Sevilla
2024-09-01;Teruel;Torrevieja;48;Teruel
2024-09-01;Carpio de Tajo, El;Torrevieja;30;Toledo
2024-09-01;Casarrubios del Monte;Torrevieja;43;Toledo
2024-09-01;Consuegra;Torrevieja;50;Toledo
2024-09-01;Chozas de Canales;Torrevieja;30;Toledo
2024-09-01;Esquivias;Torrevieja;44;Toledo
2024-09-01;Illescas;Torrevieja;122;Toledo
2024-09-01;Madridejos;Torrevieja;53;Toledo
2024-09-01;Méntrida;Torrevieja;54;Toledo
2024-09-01;Mocejón;Torrevieja;33;Toledo
2024-09-01;Mora;Torrevieja;53;Toledo
2024-09-01;Ocaña;Torrevieja;49;Toledo
2024-09-01;Olías del Rey;Torrevieja;39;Toledo
2024-09-01;Ontígola;Torrevieja;60;Toledo
2024-09-01;Quero;Torrevieja;33;Toledo
2024-09-01;Quintanar de la Orden;Torrevieja;54;Toledo
2024-09-01;Seseña;Torrevieja;112;Toledo
2024-09-01;Talavera de la Reina;Torrevieja;172;Toledo
2024-09-01;Toledo;Torrevieja;205;Toledo
2024-09-01;Torrijos;Torrevieja;49;Toledo
2024-09-01;Ugena;Torrevieja;56;Toledo
2024-09-01;Villacañas;Torrevieja;49;Toledo
2024-09-01;Villafranca de los Caballeros;Torrevieja;36;Toledo
2024-09-01;Viso de San Juan, El;Torrevieja;40;Toledo
2024-09-01;Yepes;Torrevieja;45;Toledo
2024-09-01;Yuncler;Torrevieja;40;Toledo
2024-09-01;Yuncos;Torrevieja;41;Toledo
2024-09-01;Albalat de la Ribera;Torrevieja;65;Valencia/València
2024-09-01;Alboraia/Alboraya;Torrevieja;45;Valencia/València
2024-09-01;Alzira;Torrevieja;40;Valencia/València
2024-09-01;Alfafar;Torrevieja;38;Valencia/València
2024-09-01;Bétera;Torrevieja;49;Valencia/València
2024-09-01;Burjassot;Torrevieja;49;Valencia/València
2024-09-01;Catarroja;Torrevieja;48;Valencia/València
2024-09-01;Cullera;Torrevieja;47;Valencia/València
2024-09-01;Xirivella;Torrevieja;34;Valencia/València
2024-09-01;Eliana, l';Torrevieja;41;Valencia/València
2024-09-01;Gandia;Torrevieja;57;Valencia/València
2024-09-01;Xàtiva;Torrevieja;49;Valencia/València
2024-09-01;Llíria;Torrevieja;36;Valencia/València
2024-09-01;Paiporta;Torrevieja;41;Valencia/València
2024-09-01;Paterna;Torrevieja;47;Valencia/València
2024-09-01;Requena;Torrevieja;32;Valencia/València
2024-09-01;Sagunto/Sagunt;Torrevieja;48;Valencia/València
2024-09-01;Torrent;Torrevieja;71;Valencia/València
2024-09-01;València;Torrevieja;962;Valencia/València
2024-09-01;San Antonio de Benagéber;Torrevieja;33;Valencia/València
2024-09-01;Laguna de Duero;Torrevieja;63;Valladolid
2024-09-01;Medina del Campo;Torrevieja;41;Valladolid
2024-09-01;Valladolid;Torrevieja;442;Valladolid
2024-09-01;Amorebieta-Etxano;Torrevieja;39;Bizkaia
2024-09-01;Barakaldo;Torrevieja;103;Bizkaia
2024-09-01;Basauri;Torrevieja;81;Bizkaia
2024-09-01;Bermeo;Torrevieja;41;Bizkaia
2024-09-01;Bilbao;Torrevieja;331;Bizkaia
2024-09-01;Ermua;Torrevieja;36;Bizkaia
2024-09-01;Galdakao;Torrevieja;31;Bizkaia
2024-09-01;Getxo;Torrevieja;65;Bizkaia
2024-09-01;Leioa;Torrevieja;30;Bizkaia
2024-09-01;Santurtzi;Torrevieja;48;Bizkaia
2024-09-01;Sestao;Torrevieja;91;Bizkaia
2024-09-01;Erandio;Torrevieja;33;Bizkaia
2024-09-01;Zamora;Torrevieja;67;Zamora
2024-09-01;Zaragoza;Torrevieja;164;Zaragoza
2024-10-01;Vitoria-Gasteiz;Torrevieja;231;Araba/Álava
2024-10-01;Albacete;Torrevieja;526;Albacete
2024-10-01;Hellín;Torrevieja;43;Albacete
2024-10-01;Roda, La;Torrevieja;36;Albacete
2024-10-01;Tobarra;Torrevieja;30;Albacete
2024-10-01;Villarrobledo;Torrevieja;73;Albacete
2024-10-01;Adra;Torrevieja;96;Almería
2024-10-01;Almería;Torrevieja;70;Almería
2024-10-01;Roquetas de Mar;Torrevieja;58;Almería
2024-10-01;Ávila;Torrevieja;60;Ávila
2024-10-01;Palma;Torrevieja;74;Balears, Illes
2024-10-01;Sant Josep de sa Talaia;Torrevieja;31;Balears, Illes
2024-10-01;Barcelona;Torrevieja;221;Barcelona
2024-10-01;Sabadell;Torrevieja;44;Barcelona
2024-10-01;Aranda de Duero;Torrevieja;43;Burgos
2024-10-01;Burgos;Torrevieja;185;Burgos
2024-10-01;Castelló de la Plana;Torrevieja;68;Castellón/Castelló
2024-10-01;Alcázar de San Juan;Torrevieja;34;Ciudad Real
2024-10-01;Ciudad Real;Torrevieja;67;Ciudad Real
2024-10-01;Puertollano;Torrevieja;44;Ciudad Real
2024-10-01;Tomelloso;Torrevieja;34;Ciudad Real
2024-10-01;Valdepeñas;Torrevieja;30;Ciudad Real
2024-10-01;Villarta de San Juan;Torrevieja;52;Ciudad Real
2024-10-01;Córdoba;Torrevieja;58;Córdoba
2024-10-01;Coruña, A;Torrevieja;51;Coruña, A
2024-10-01;Cuenca;Torrevieja;70;Cuenca
2024-10-01;Castril;Torrevieja;30;Granada
2024-10-01;Granada;Torrevieja;49;Granada
2024-10-01;Alovera;Torrevieja;37;Guadalajara
2024-10-01;Casar, El;Torrevieja;34;Guadalajara
2024-10-01;Guadalajara;Torrevieja;97;Guadalajara
2024-10-01;Eibar;Torrevieja;33;Gipuzkoa
2024-10-01;Irun;Torrevieja;31;Gipuzkoa
2024-10-01;Mutriku;Torrevieja;30;Gipuzkoa
2024-10-01;Errenteria;Torrevieja;44;Gipuzkoa
2024-10-01;Donostia/San Sebastián;Torrevieja;143;Gipuzkoa
2024-10-01;León;Torrevieja;73;León
2024-10-01;Ponferrada;Torrevieja;31;León
2024-10-01;Logroño;Torrevieja;87;Rioja, La
2024-10-01;Alcalá de Henares;Torrevieja;216;Madrid
2024-10-01;Alcobendas;Torrevieja;116;Madrid
2024-10-01;Alcorcón;Torrevieja;208;Madrid
2024-10-01;Algete;Torrevieja;33;Madrid
2024-10-01;Alpedrete;Torrevieja;82;Madrid
2024-10-01;Aranjuez;Torrevieja;51;Madrid
2024-10-01;Arganda del Rey;Torrevieja;69;Madrid
2024-10-01;Arroyomolinos;Torrevieja;38;Madrid
2024-10-01;Boadilla del Monte;Torrevieja;55;Madrid
2024-10-01;Ciempozuelos;Torrevieja;33;Madrid
2024-10-01;Colmenar Viejo;Torrevieja;76;Madrid
2024-10-01;Collado Mediano;Torrevieja;40;Madrid
2024-10-01;Collado Villalba;Torrevieja;65;Madrid
2024-10-01;Coslada;Torrevieja;114;Madrid
2024-10-01;Fuenlabrada;Torrevieja;268;Madrid
2024-10-01;Galapagar;Torrevieja;33;Madrid
2024-10-01;Getafe;Torrevieja;257;Madrid
2024-10-01;Humanes de Madrid;Torrevieja;42;Madrid
2024-10-01;Leganés;Torrevieja;286;Madrid
2024-10-01;Madrid;Torrevieja;3188;Madrid
2024-10-01;Manzanares el Real;Torrevieja;39;Madrid
2024-10-01;Meco;Torrevieja;45;Madrid
2024-10-01;Mejorada del Campo;Torrevieja;57;Madrid
2024-10-01;Móstoles;Torrevieja;321;Madrid
2024-10-01;Navalcarnero;Torrevieja;63;Madrid
2024-10-01;Parla;Torrevieja;145;Madrid
2024-10-01;Pinto;Torrevieja;39;Madrid
2024-10-01;Pozuelo de Alarcón;Torrevieja;56;Madrid
2024-10-01;Rivas-Vaciamadrid;Torrevieja;129;Madrid
2024-10-01;Rozas de Madrid, Las;Torrevieja;53;Madrid
2024-10-01;San Fernando de Henares;Torrevieja;66;Madrid
2024-10-01;San Martín de la Vega;Torrevieja;51;Madrid
2024-10-01;San Sebastián de los Reyes;Torrevieja;103;Madrid
2024-10-01;Torrejón de Ardoz;Torrevieja;190;Madrid
2024-10-01;Valdemoro;Torrevieja;79;Madrid
2024-10-01;Velilla de San Antonio;Torrevieja;31;Madrid
2024-10-01;Villanueva de la Cañada;Torrevieja;34;Madrid
2024-10-01;Villaviciosa de Odón;Torrevieja;43;Madrid
2024-10-01;Tres Cantos;Torrevieja;40;Madrid
2024-10-01;Estepona;Torrevieja;37;Málaga
2024-10-01;Málaga;Torrevieja;72;Málaga
2024-10-01;Mijas;Torrevieja;46;Málaga
2024-10-01;Abanilla;Torrevieja;114;Murcia
2024-10-01;Águilas;Torrevieja;67;Murcia
2024-10-01;Alcantarilla;Torrevieja;148;Murcia
2024-10-01;Alguazas;Torrevieja;46;Murcia
2024-10-01;Alhama de Murcia;Torrevieja;83;Murcia
2024-10-01;Archena;Torrevieja;66;Murcia
2024-10-01;Beniel;Torrevieja;89;Murcia
2024-10-01;Calasparra;Torrevieja;31;Murcia
2024-10-01;Caravaca de la Cruz;Torrevieja;56;Murcia
2024-10-01;Cartagena;Torrevieja;590;Murcia
2024-10-01;Ceutí;Torrevieja;42;Murcia
2024-10-01;Cieza;Torrevieja;81;Murcia
2024-10-01;Fortuna;Torrevieja;90;Murcia
2024-10-01;Jumilla;Torrevieja;78;Murcia
2024-10-01;Lorca;Torrevieja;53;Murcia
2024-10-01;Lorquí;Torrevieja;30;Murcia
2024-10-01;Mazarrón;Torrevieja;74;Murcia
2024-10-01;Molina de Segura;Torrevieja;307;Murcia
2024-10-01;Murcia;Torrevieja;2346;Murcia
2024-10-01;San Javier;Torrevieja;233;Murcia
2024-10-01;San Pedro del Pinatar;Torrevieja;250;Murcia
2024-10-01;Torre-Pacheco;Torrevieja;152;Murcia
2024-10-01;Torres de Cotillas, Las;Torrevieja;110;Murcia
2024-10-01;Totana;Torrevieja;30;Murcia
2024-10-01;Yecla;Torrevieja;104;Murcia
2024-10-01;Santomera;Torrevieja;135;Murcia
2024-10-01;Alcázares, Los;Torrevieja;93;Murcia
2024-10-01;Pamplona/Iruña;Torrevieja;74;Navarra
2024-10-01;Ourense;Torrevieja;54;Ourense
2024-10-01;Gijón;Torrevieja;73;Asturias
2024-10-01;Oviedo;Torrevieja;82;Asturias
2024-10-01;Palencia;Torrevieja;37;Palencia
2024-10-01;Palmas de Gran Canaria, Las;Torrevieja;31;Palmas, Las
2024-10-01;Vigo;Torrevieja;32;Pontevedra
2024-10-01;Salamanca;Torrevieja;70;Salamanca
2024-10-01;Santander;Torrevieja;41;Cantabria
2024-10-01;Torrelavega;Torrevieja;31;Cantabria
2024-10-01;Segovia;Torrevieja;31;Segovia
2024-10-01;Sevilla;Torrevieja;59;Sevilla
2024-10-01;Reus;Torrevieja;30;Tarragona
2024-10-01;Illescas;Torrevieja;32;Toledo
2024-10-01;Ontígola;Torrevieja;32;Toledo
2024-10-01;Quintanar de la Orden;Torrevieja;47;Toledo
2024-10-01;Seseña;Torrevieja;48;Toledo
2024-10-01;Talavera de la Reina;Torrevieja;65;Toledo
2024-10-01;Toledo;Torrevieja;53;Toledo
2024-10-01;Agullent;Torrevieja;41;Valencia/València
2024-10-01;Albalat de la Ribera;Torrevieja;59;Valencia/València
2024-10-01;Alboraia/Alboraya;Torrevieja;56;Valencia/València
2024-10-01;Alzira;Torrevieja;32;Valencia/València
2024-10-01;Anna;Torrevieja;48;Valencia/València
2024-10-01;Canals;Torrevieja;33;Valencia/València
2024-10-01;Quart de Poblet;Torrevieja;36;Valencia/València
2024-10-01;Eliana, l';Torrevieja;33;Valencia/València
2024-10-01;Gandia;Torrevieja;70;Valencia/València
2024-10-01;Xàtiva;Torrevieja;38;Valencia/València
2024-10-01;Llíria;Torrevieja;56;Valencia/València
2024-10-01;Moncada;Torrevieja;41;Valencia/València
2024-10-01;Paterna;Torrevieja;49;Valencia/València
2024-10-01;Pobla de Vallbona, la;Torrevieja;38;Valencia/València
2024-10-01;Requena;Torrevieja;32;Valencia/València
2024-10-01;Sagunto/Sagunt;Torrevieja;39;Valencia/València
2024-10-01;Tavernes de la Valldigna;Torrevieja;31;Valencia/València
2024-10-01;Torrent;Torrevieja;47;Valencia/València
2024-10-01;València;Torrevieja;734;Valencia/València
2024-10-01;Valladolid;Torrevieja;162;Valladolid
2024-10-01;Barakaldo;Torrevieja;39;Bizkaia
2024-10-01;Bilbao;Torrevieja;214;Bizkaia
2024-10-01;Valle de Trápaga-Trapagaran;Torrevieja;30;Bizkaia
2024-10-01;Santurtzi;Torrevieja;35;Bizkaia
2024-10-01;Sestao;Torrevieja;40;Bizkaia
2024-10-01;Zamora;Torrevieja;44;Zamora
2024-10-01;Zaragoza;Torrevieja;82;Zaragoza
2024-11-01;Vitoria-Gasteiz;Torrevieja;141;Araba/Ãlava
2024-11-01;Albacete;Torrevieja;481;Albacete
2024-11-01;Almansa;Torrevieja;49;Albacete
2024-11-01;Hellín;Torrevieja;69;Albacete
2024-11-01;Villarrobledo;Torrevieja;50;Albacete
2024-11-01;Almería;Torrevieja;71;AlmerÃ­a
2024-11-01;Pechina;Torrevieja;34;AlmerÃ­a
2024-11-01;Roquetas de Mar;Torrevieja;33;AlmerÃ­a
2024-11-01;Ávila;Torrevieja;38;Ãvila
2024-11-01;Palma;Torrevieja;79;Balears, Illes
2024-11-01;Barcelona;Torrevieja;186;Barcelona
2024-11-01;Mataró;Torrevieja;34;Barcelona
2024-11-01;Aranda de Duero;Torrevieja;49;Burgos
2024-11-01;Burgos;Torrevieja;106;Burgos
2024-11-01;Castelló de la Plana;Torrevieja;53;CastellÃ³n/CastellÃ³
2024-11-01;Argamasilla de Alba;Torrevieja;30;Ciudad Real
2024-11-01;Ciudad Real;Torrevieja;66;Ciudad Real
2024-11-01;Daimiel;Torrevieja;36;Ciudad Real
2024-11-01;Herencia;Torrevieja;30;Ciudad Real
2024-11-01;Manzanares;Torrevieja;38;Ciudad Real
2024-11-01;Coruña, A;Torrevieja;47;CoruÃ±a, A
2024-11-01;Lloret de Mar;Torrevieja;37;Girona
2024-11-01;Almuñécar;Torrevieja;31;Granada
2024-11-01;Granada;Torrevieja;50;Granada
2024-11-01;Azuqueca de Henares;Torrevieja;44;Guadalajara
2024-11-01;Casar, El;Torrevieja;36;Guadalajara
2024-11-01;Galápagos;Torrevieja;50;Guadalajara
2024-11-01;Guadalajara;Torrevieja;45;Guadalajara
2024-11-01;Oiartzun;Torrevieja;38;Gipuzkoa
2024-11-01;Errenteria;Torrevieja;32;Gipuzkoa
2024-11-01;Donostia/San Sebastián;Torrevieja;99;Gipuzkoa
2024-11-01;León;Torrevieja;30;LeÃ³n
2024-11-01;Ponferrada;Torrevieja;33;LeÃ³n
2024-11-01;Cervera;Torrevieja;36;Lleida
2024-11-01;Logroño;Torrevieja;45;Rioja, La
2024-11-01;Alcalá de Henares;Torrevieja;224;Madrid
2024-11-01;Alcobendas;Torrevieja;98;Madrid
2024-11-01;Alcorcón;Torrevieja;167;Madrid
2024-11-01;Algete;Torrevieja;33;Madrid
2024-11-01;Arganda del Rey;Torrevieja;57;Madrid
2024-11-01;Arroyomolinos;Torrevieja;33;Madrid
2024-11-01;Boadilla del Monte;Torrevieja;39;Madrid
2024-11-01;Ciempozuelos;Torrevieja;39;Madrid
2024-11-01;Colmenar Viejo;Torrevieja;66;Madrid
2024-11-01;Collado Villalba;Torrevieja;52;Madrid
2024-11-01;Coslada;Torrevieja;102;Madrid
2024-11-01;Fuenlabrada;Torrevieja;247;Madrid
2024-11-01;Galapagar;Torrevieja;33;Madrid
2024-11-01;Getafe;Torrevieja;158;Madrid
2024-11-01;Leganés;Torrevieja;236;Madrid
2024-11-01;Madrid;Torrevieja;2789;Madrid
2024-11-01;Majadahonda;Torrevieja;37;Madrid
2024-11-01;Mejorada del Campo;Torrevieja;43;Madrid
2024-11-01;Móstoles;Torrevieja;206;Madrid
2024-11-01;Navalcarnero;Torrevieja;64;Madrid
2024-11-01;Paracuellos de Jarama;Torrevieja;33;Madrid
2024-11-01;Parla;Torrevieja;185;Madrid
2024-11-01;Pinto;Torrevieja;53;Madrid
2024-11-01;Rivas-Vaciamadrid;Torrevieja;104;Madrid
2024-11-01;Rozas de Madrid, Las;Torrevieja;68;Madrid
2024-11-01;San Fernando de Henares;Torrevieja;60;Madrid
2024-11-01;San Sebastián de los Reyes;Torrevieja;122;Madrid
2024-11-01;Torrejón de Ardoz;Torrevieja;165;Madrid
2024-11-01;Valdemoro;Torrevieja;97;Madrid
2024-11-01;Villalbilla;Torrevieja;52;Madrid
2024-11-01;Villanueva de la Cañada;Torrevieja;38;Madrid
2024-11-01;Tres Cantos;Torrevieja;45;Madrid
2024-11-01;Benalmádena;Torrevieja;31;MÃ¡laga
2024-11-01;Estepona;Torrevieja;42;MÃ¡laga
2024-11-01;Málaga;Torrevieja;55;MÃ¡laga
2024-11-01;Marbella;Torrevieja;55;MÃ¡laga
2024-11-01;Mijas;Torrevieja;42;MÃ¡laga
2024-11-01;Vélez-Málaga;Torrevieja;37;MÃ¡laga
2024-11-01;Abanilla;Torrevieja;131;Murcia
2024-11-01;Águilas;Torrevieja;76;Murcia
2024-11-01;Alcantarilla;Torrevieja;140;Murcia
2024-11-01;Alguazas;Torrevieja;35;Murcia
2024-11-01;Alhama de Murcia;Torrevieja;56;Murcia
2024-11-01;Archena;Torrevieja;53;Murcia
2024-11-01;Beniel;Torrevieja;78;Murcia
2024-11-01;Calasparra;Torrevieja;46;Murcia
2024-11-01;Caravaca de la Cruz;Torrevieja;52;Murcia
2024-11-01;Cartagena;Torrevieja;529;Murcia
2024-11-01;Ceutí;Torrevieja;35;Murcia
2024-11-01;Cieza;Torrevieja;64;Murcia
2024-11-01;Fortuna;Torrevieja;57;Murcia
2024-11-01;Jumilla;Torrevieja;57;Murcia
2024-11-01;Librilla;Torrevieja;30;Murcia
2024-11-01;Lorca;Torrevieja;67;Murcia
2024-11-01;Mazarrón;Torrevieja;89;Murcia
2024-11-01;Molina de Segura;Torrevieja;259;Murcia
2024-11-01;Murcia;Torrevieja;2217;Murcia
2024-11-01;San Javier;Torrevieja;192;Murcia
2024-11-01;San Pedro del Pinatar;Torrevieja;276;Murcia
2024-11-01;Torre-Pacheco;Torrevieja;162;Murcia
2024-11-01;Torres de Cotillas, Las;Torrevieja;89;Murcia
2024-11-01;Totana;Torrevieja;45;Murcia
2024-11-01;Unión, La;Torrevieja;48;Murcia
2024-11-01;Yecla;Torrevieja;70;Murcia
2024-11-01;Santomera;Torrevieja;121;Murcia
2024-11-01;Alcázares, Los;Torrevieja;116;Murcia
2024-11-01;Pamplona/Iruña;Torrevieja;36;Navarra
2024-11-01;Gijón;Torrevieja;67;Asturias
2024-11-01;Oviedo;Torrevieja;49;Asturias
2024-11-01;Salamanca;Torrevieja;53;Salamanca
2024-11-01;Arona;Torrevieja;34;Santa Cruz de Tenerife
2024-11-01;Sevilla;Torrevieja;42;Sevilla
2024-11-01;Teruel;Torrevieja;33;Teruel
2024-11-01;Illescas;Torrevieja;47;Toledo
2024-11-01;Seseña;Torrevieja;32;Toledo
2024-11-01;Talavera de la Reina;Torrevieja;36;Toledo
2024-11-01;Toledo;Torrevieja;42;Toledo
2024-11-01;Yuncos;Torrevieja;36;Toledo
2024-11-01;Albalat de la Ribera;Torrevieja;60;Valencia/ValÃ¨ncia
2024-11-01;Alboraia/Alboraya;Torrevieja;60;Valencia/ValÃ¨ncia
2024-11-01;Anna;Torrevieja;39;Valencia/ValÃ¨ncia
2024-11-01;Burjassot;Torrevieja;33;Valencia/ValÃ¨ncia
2024-11-01;Cullera;Torrevieja;31;Valencia/ValÃ¨ncia
2024-11-01;Gandia;Torrevieja;43;Valencia/ValÃ¨ncia
2024-11-01;Xàtiva;Torrevieja;49;Valencia/ValÃ¨ncia
2024-11-01;Ontinyent;Torrevieja;35;Valencia/ValÃ¨ncia
2024-11-01;Paterna;Torrevieja;43;Valencia/ValÃ¨ncia
2024-11-01;Picassent;Torrevieja;33;Valencia/ValÃ¨ncia
2024-11-01;Pobla de Vallbona, la;Torrevieja;90;Valencia/ValÃ¨ncia
2024-11-01;Torrent;Torrevieja;32;Valencia/ValÃ¨ncia
2024-11-01;València;Torrevieja;598;Valencia/ValÃ¨ncia
2024-11-01;Valladolid;Torrevieja;111;Valladolid
2024-11-01;Bilbao;Torrevieja;90;Bizkaia
2024-11-01;Zaragoza;Torrevieja;71;Zaragoza
2024-12-01;Vitoria-Gasteiz;Torrevieja;204;Araba/Ãlava
2024-12-01;Albacete;Torrevieja;702;Albacete
2024-12-01;Almansa;Torrevieja;106;Albacete
2024-12-01;Chinchilla de Monte-Aragón;Torrevieja;50;Albacete
2024-12-01;Hellín;Torrevieja;76;Albacete
2024-12-01;Roda, La;Torrevieja;35;Albacete
2024-12-01;Villarrobledo;Torrevieja;120;Albacete
2024-12-01;Almería;Torrevieja;64;AlmerÃ­a
2024-12-01;Roquetas de Mar;Torrevieja;41;AlmerÃ­a
2024-12-01;Palma;Torrevieja;69;Balears, Illes
2024-12-01;Badalona;Torrevieja;61;Barcelona
2024-12-01;Barcelona;Torrevieja;262;Barcelona
2024-12-01;Sabadell;Torrevieja;36;Barcelona
2024-12-01;Burgos;Torrevieja;116;Burgos
2024-12-01;Castelló de la Plana;Torrevieja;87;CastellÃ³n/CastellÃ³
2024-12-01;Vall d'Uixó, la;Torrevieja;30;CastellÃ³n/CastellÃ³
2024-12-01;Argamasilla de Alba;Torrevieja;30;Ciudad Real
2024-12-01;Ciudad Real;Torrevieja;86;Ciudad Real
2024-12-01;Daimiel;Torrevieja;47;Ciudad Real
2024-12-01;Herencia;Torrevieja;59;Ciudad Real
2024-12-01;Puertollano;Torrevieja;47;Ciudad Real
2024-12-01;Tomelloso;Torrevieja;45;Ciudad Real
2024-12-01;Valdepeñas;Torrevieja;39;Ciudad Real
2024-12-01;Coruña, A;Torrevieja;58;CoruÃ±a, A
2024-12-01;Cuenca;Torrevieja;33;Cuenca
2024-12-01;Llers;Torrevieja;34;Girona
2024-12-01;Granada;Torrevieja;72;Granada
2024-12-01;Azuqueca de Henares;Torrevieja;34;Guadalajara
2024-12-01;Casar, El;Torrevieja;36;Guadalajara
2024-12-01;Guadalajara;Torrevieja;50;Guadalajara
2024-12-01;Oiartzun;Torrevieja;32;Gipuzkoa
2024-12-01;Donostia/San Sebastián;Torrevieja;93;Gipuzkoa
2024-12-01;León;Torrevieja;56;LeÃ³n
2024-12-01;Logroño;Torrevieja;49;Rioja, La
2024-12-01;Alcalá de Henares;Torrevieja;238;Madrid
2024-12-01;Alcobendas;Torrevieja;168;Madrid
2024-12-01;Alcorcón;Torrevieja;319;Madrid
2024-12-01;Aranjuez;Torrevieja;57;Madrid
2024-12-01;Arganda del Rey;Torrevieja;130;Madrid
2024-12-01;Arroyomolinos;Torrevieja;100;Madrid
2024-12-01;Boadilla del Monte;Torrevieja;83;Madrid
2024-12-01;Brunete;Torrevieja;42;Madrid
2024-12-01;Ciempozuelos;Torrevieja;47;Madrid
2024-12-01;Cobeña;Torrevieja;36;Madrid
2024-12-01;Colmenar Viejo;Torrevieja;64;Madrid
2024-12-01;Collado Villalba;Torrevieja;82;Madrid
2024-12-01;Coslada;Torrevieja;159;Madrid
2024-12-01;Cubas de la Sagra;Torrevieja;42;Madrid
2024-12-01;Daganzo de Arriba;Torrevieja;40;Madrid
2024-12-01;Fuenlabrada;Torrevieja;420;Madrid
2024-12-01;Galapagar;Torrevieja;33;Madrid
2024-12-01;Getafe;Torrevieja;336;Madrid
2024-12-01;Griñón;Torrevieja;30;Madrid
2024-12-01;Leganés;Torrevieja;373;Madrid
2024-12-01;Loeches;Torrevieja;30;Madrid
2024-12-01;Madrid;Torrevieja;4005;Madrid
2024-12-01;Majadahonda;Torrevieja;36;Madrid
2024-12-01;Meco;Torrevieja;38;Madrid
2024-12-01;Mejorada del Campo;Torrevieja;72;Madrid
2024-12-01;Morata de Tajuña;Torrevieja;36;Madrid
2024-12-01;Móstoles;Torrevieja;368;Madrid
2024-12-01;Navalcarnero;Torrevieja;73;Madrid
2024-12-01;Paracuellos de Jarama;Torrevieja;41;Madrid
2024-12-01;Parla;Torrevieja;245;Madrid
2024-12-01;Pinto;Torrevieja;101;Madrid
2024-12-01;Pozuelo de Alarcón;Torrevieja;52;Madrid
2024-12-01;Rivas-Vaciamadrid;Torrevieja;178;Madrid
2024-12-01;Rozas de Madrid, Las;Torrevieja;56;Madrid
2024-12-01;San Fernando de Henares;Torrevieja;50;Madrid
2024-12-01;San Martín de la Vega;Torrevieja;61;Madrid
2024-12-01;San Martín de Valdeiglesias;Torrevieja;38;Madrid
2024-12-01;San Sebastián de los Reyes;Torrevieja;166;Madrid
2024-12-01;Torrejón de Ardoz;Torrevieja;305;Madrid
2024-12-01;Torrejón de la Calzada;Torrevieja;30;Madrid
2024-12-01;Torres de la Alameda;Torrevieja;30;Madrid
2024-12-01;Valdemoro;Torrevieja;161;Madrid
2024-12-01;Velilla de San Antonio;Torrevieja;53;Madrid
2024-12-01;Villaviciosa de Odón;Torrevieja;33;Madrid
2024-12-01;Tres Cantos;Torrevieja;63;Madrid
2024-12-01;Estepona;Torrevieja;42;MÃ¡laga
2024-12-01;Fuengirola;Torrevieja;33;MÃ¡laga
2024-12-01;Málaga;Torrevieja;77;MÃ¡laga
2024-12-01;Mijas;Torrevieja;43;MÃ¡laga
2024-12-01;Torremolinos;Torrevieja;30;MÃ¡laga
2024-12-01;Abanilla;Torrevieja;141;Murcia
2024-12-01;Águilas;Torrevieja;55;Murcia
2024-12-01;Alcantarilla;Torrevieja;144;Murcia
2024-12-01;Alguazas;Torrevieja;36;Murcia
2024-12-01;Alhama de Murcia;Torrevieja;56;Murcia
2024-12-01;Archena;Torrevieja;64;Murcia
2024-12-01;Beniel;Torrevieja;99;Murcia
2024-12-01;Caravaca de la Cruz;Torrevieja;50;Murcia
2024-12-01;Cartagena;Torrevieja;569;Murcia
2024-12-01;Ceutí;Torrevieja;30;Murcia
2024-12-01;Cieza;Torrevieja;93;Murcia
2024-12-01;Fortuna;Torrevieja;46;Murcia
2024-12-01;Jumilla;Torrevieja;66;Murcia
2024-12-01;Lorca;Torrevieja;52;Murcia
2024-12-01;Mazarrón;Torrevieja;30;Murcia
2024-12-01;Molina de Segura;Torrevieja;327;Murcia
2024-12-01;Mula;Torrevieja;48;Murcia
2024-12-01;Murcia;Torrevieja;2404;Murcia
2024-12-01;San Javier;Torrevieja;184;Murcia
2024-12-01;San Pedro del Pinatar;Torrevieja;250;Murcia
2024-12-01;Torre-Pacheco;Torrevieja;150;Murcia
2024-12-01;Torres de Cotillas, Las;Torrevieja;137;Murcia
2024-12-01;Totana;Torrevieja;46;Murcia
2024-12-01;Unión, La;Torrevieja;66;Murcia
2024-12-01;Yecla;Torrevieja;82;Murcia
2024-12-01;Santomera;Torrevieja;93;Murcia
2024-12-01;Alcázares, Los;Torrevieja;109;Murcia
2024-12-01;Pamplona/Iruña;Torrevieja;59;Navarra
2024-12-01;Tudela;Torrevieja;38;Navarra
2024-12-01;Gijón;Torrevieja;60;Asturias
2024-12-01;Oviedo;Torrevieja;66;Asturias
2024-12-01;Palencia;Torrevieja;68;Palencia
2024-12-01;Pontevedra;Torrevieja;41;Pontevedra
2024-12-01;Vigo;Torrevieja;36;Pontevedra
2024-12-01;Salamanca;Torrevieja;50;Salamanca
2024-12-01;Segovia;Torrevieja;30;Segovia
2024-12-01;Sevilla;Torrevieja;59;Sevilla
2024-12-01;Viso del Alcor, El;Torrevieja;38;Sevilla
2024-12-01;Teruel;Torrevieja;46;Teruel
2024-12-01;Illescas;Torrevieja;48;Toledo
2024-12-01;Méntrida;Torrevieja;49;Toledo
2024-12-01;Ocaña;Torrevieja;52;Toledo
2024-12-01;Ontígola;Torrevieja;34;Toledo
2024-12-01;Quintanar de la Orden;Torrevieja;34;Toledo
2024-12-01;Seseña;Torrevieja;63;Toledo
2024-12-01;Talavera de la Reina;Torrevieja;73;Toledo
2024-12-01;Toledo;Torrevieja;70;Toledo
2024-12-01;Alboraia/Alboraya;Torrevieja;40;Valencia/ValÃ¨ncia
2024-12-01;Alzira;Torrevieja;36;Valencia/ValÃ¨ncia
2024-12-01;Gandia;Torrevieja;36;Valencia/ValÃ¨ncia
2024-12-01;Llíria;Torrevieja;32;Valencia/ValÃ¨ncia
2024-12-01;Mislata;Torrevieja;32;Valencia/ValÃ¨ncia
2024-12-01;Moncada;Torrevieja;44;Valencia/ValÃ¨ncia
2024-12-01;Paterna;Torrevieja;37;Valencia/ValÃ¨ncia
2024-12-01;Pobla de Vallbona, la;Torrevieja;53;Valencia/ValÃ¨ncia
2024-12-01;Torrent;Torrevieja;48;Valencia/ValÃ¨ncia
2024-12-01;València;Torrevieja;772;Valencia/ValÃ¨ncia
2024-12-01;Arroyo de la Encomienda;Torrevieja;38;Valladolid
2024-12-01;Laguna de Duero;Torrevieja;40;Valladolid
2024-12-01;Valladolid;Torrevieja;257;Valladolid
2024-12-01;Bilbao;Torrevieja;107;Bizkaia
2024-12-01;Gorliz;Torrevieja;42;Bizkaia
2024-12-01;Santurtzi;Torrevieja;41;Bizkaia
2024-12-01;Sestao;Torrevieja;32;Bizkaia
2024-12-01;Zaragoza;Torrevieja;122;Zaragoza
2025-01-01;Vitoria-Gasteiz;Torrevieja;108;Araba/Álava
2025-01-01;Albacete;Torrevieja;423;Albacete
2025-01-01;Almansa;Torrevieja;89;Albacete
2025-01-01;Hellín;Torrevieja;54;Albacete
2025-01-01;Villamalea;Torrevieja;41;Albacete
2025-01-01;Almería;Torrevieja;85;Almería
2025-01-01;Roquetas de Mar;Torrevieja;40;Almería
2025-01-01;Ávila;Torrevieja;34;Ávila
2025-01-01;Palma;Torrevieja;53;Balears, Illes
2025-01-01;Barcelona;Torrevieja;210;Barcelona
2025-01-01;Sabadell;Torrevieja;44;Barcelona
2025-01-01;Burgos;Torrevieja;71;Burgos
2025-01-01;Castelló de la Plana;Torrevieja;66;Castellón/Castelló
2025-01-01;Alcázar de San Juan;Torrevieja;30;Ciudad Real
2025-01-01;Puertollano;Torrevieja;30;Ciudad Real
2025-01-01;Tomelloso;Torrevieja;36;Ciudad Real
2025-01-01;Granada;Torrevieja;40;Granada
2025-01-01;Alovera;Torrevieja;30;Guadalajara
2025-01-01;Azuqueca de Henares;Torrevieja;30;Guadalajara
2025-01-01;Guadalajara;Torrevieja;44;Guadalajara
2025-01-01;Donostia/San Sebastián;Torrevieja;53;Gipuzkoa
2025-01-01;León;Torrevieja;36;León
2025-01-01;Logroño;Torrevieja;44;Rioja, La
2025-01-01;Alcalá de Henares;Torrevieja;206;Madrid
2025-01-01;Alcobendas;Torrevieja;79;Madrid
2025-01-01;Alcorcón;Torrevieja;142;Madrid
2025-01-01;Aranjuez;Torrevieja;59;Madrid
2025-01-01;Arganda del Rey;Torrevieja;54;Madrid
2025-01-01;Arroyomolinos;Torrevieja;38;Madrid
2025-01-01;Boadilla del Monte;Torrevieja;42;Madrid
2025-01-01;Ciempozuelos;Torrevieja;30;Madrid
2025-01-01;Colmenar Viejo;Torrevieja;64;Madrid
2025-01-01;Coslada;Torrevieja;81;Madrid
2025-01-01;Fuenlabrada;Torrevieja;225;Madrid
2025-01-01;Galapagar;Torrevieja;48;Madrid
2025-01-01;Getafe;Torrevieja;172;Madrid
2025-01-01;Griñón;Torrevieja;34;Madrid
2025-01-01;Leganés;Torrevieja;167;Madrid
2025-01-01;Madrid;Torrevieja;2429;Madrid
2025-01-01;Majadahonda;Torrevieja;32;Madrid
2025-01-01;Mejorada del Campo;Torrevieja;30;Madrid
2025-01-01;Móstoles;Torrevieja;185;Madrid
2025-01-01;Navalcarnero;Torrevieja;37;Madrid
2025-01-01;Parla;Torrevieja;164;Madrid
2025-01-01;Pedrezuela;Torrevieja;40;Madrid
2025-01-01;Pinto;Torrevieja;66;Madrid
2025-01-01;Rivas-Vaciamadrid;Torrevieja;82;Madrid
2025-01-01;Rozas de Madrid, Las;Torrevieja;45;Madrid
2025-01-01;San Fernando de Henares;Torrevieja;48;Madrid
2025-01-01;San Sebastián de los Reyes;Torrevieja;99;Madrid
2025-01-01;Torrejón de Ardoz;Torrevieja;114;Madrid
2025-01-01;Valdemoro;Torrevieja;75;Madrid
2025-01-01;Málaga;Torrevieja;65;Málaga
2025-01-01;Mijas;Torrevieja;31;Málaga
2025-01-01;Abanilla;Torrevieja;55;Murcia
2025-01-01;Águilas;Torrevieja;40;Murcia
2025-01-01;Alcantarilla;Torrevieja;84;Murcia
2025-01-01;Alguazas;Torrevieja;38;Murcia
2025-01-01;Alhama de Murcia;Torrevieja;47;Murcia
2025-01-01;Archena;Torrevieja;64;Murcia
2025-01-01;Calasparra;Torrevieja;32;Murcia
2025-01-01;Caravaca de la Cruz;Torrevieja;67;Murcia
2025-01-01;Cartagena;Torrevieja;474;Murcia
2025-01-01;Ceutí;Torrevieja;38;Murcia
2025-01-01;Cieza;Torrevieja;82;Murcia
2025-01-01;Jumilla;Torrevieja;46;Murcia
2025-01-01;Librilla;Torrevieja;39;Murcia
2025-01-01;Lorca;Torrevieja;33;Murcia
2025-01-01;Mazarrón;Torrevieja;67;Murcia
2025-01-01;Molina de Segura;Torrevieja;246;Murcia
2025-01-01;Mula;Torrevieja;46;Murcia
2025-01-01;Murcia;Torrevieja;2139;Murcia
2025-01-01;San Javier;Torrevieja;250;Murcia
2025-01-01;San Pedro del Pinatar;Torrevieja;249;Murcia
2025-01-01;Torre-Pacheco;Torrevieja;108;Murcia
2025-01-01;Torres de Cotillas, Las;Torrevieja;83;Murcia
2025-01-01;Totana;Torrevieja;34;Murcia
2025-01-01;Yecla;Torrevieja;107;Murcia
2025-01-01;Santomera;Torrevieja;102;Murcia
2025-01-01;Alcázares, Los;Torrevieja;89;Murcia
2025-01-01;Pamplona/Iruña;Torrevieja;50;Navarra
2025-01-01;Gijón;Torrevieja;46;Asturias
2025-01-01;Oviedo;Torrevieja;31;Asturias
2025-01-01;Sevilla;Torrevieja;39;Sevilla
2025-01-01;Teruel;Torrevieja;34;Teruel
2025-01-01;Bargas;Torrevieja;35;Toledo
2025-01-01;Illescas;Torrevieja;39;Toledo
2025-01-01;Seseña;Torrevieja;31;Toledo
2025-01-01;Toledo;Torrevieja;44;Toledo
2025-01-01;Alboraia/Alboraya;Torrevieja;34;Valencia/València
2025-01-01;Aldaia;Torrevieja;35;Valencia/València
2025-01-01;Bocairent;Torrevieja;187;Valencia/València
2025-01-01;Quart de Poblet;Torrevieja;45;Valencia/València
2025-01-01;Cullera;Torrevieja;32;Valencia/València
2025-01-01;Gandia;Torrevieja;52;Valencia/València
2025-01-01;Oliva;Torrevieja;39;Valencia/València
2025-01-01;Ontinyent;Torrevieja;40;Valencia/València
2025-01-01;Torrent;Torrevieja;80;Valencia/València
2025-01-01;València;Torrevieja;651;Valencia/València
2025-01-01;Valladolid;Torrevieja;83;Valladolid
2025-01-01;Bilbao;Torrevieja;92;Bizkaia
2025-01-01;Zaragoza;Torrevieja;63;Zaragoza
2025-02-01;Vitoria-Gasteiz;Torrevieja;89;Araba/Álava
2025-02-01;Albacete;Torrevieja;484;Albacete
2025-02-01;Almansa;Torrevieja;64;Albacete
2025-02-01;Hellín;Torrevieja;55;Albacete
2025-02-01;Roda, La;Torrevieja;37;Albacete
2025-02-01;Villarrobledo;Torrevieja;44;Albacete
2025-02-01;Almería;Torrevieja;87;Almería
2025-02-01;Carboneras;Torrevieja;70;Almería
2025-02-01;Roquetas de Mar;Torrevieja;45;Almería
2025-02-01;Palma;Torrevieja;60;Balears, Illes
2025-02-01;Sant Josep de sa Talaia;Torrevieja;31;Balears, Illes
2025-02-01;Barcelona;Torrevieja;132;Barcelona
2025-02-01;Burgos;Torrevieja;128;Burgos
2025-02-01;Castelló de la Plana;Torrevieja;82;Castellón/Castelló
2025-02-01;Alcázar de San Juan;Torrevieja;38;Ciudad Real
2025-02-01;Ciudad Real;Torrevieja;36;Ciudad Real
2025-02-01;Tomelloso;Torrevieja;32;Ciudad Real
2025-02-01;Pedroñeras, Las;Torrevieja;31;Cuenca
2025-02-01;Granada;Torrevieja;38;Granada
2025-02-01;Motril;Torrevieja;31;Granada
2025-02-01;Azuqueca de Henares;Torrevieja;31;Guadalajara
2025-02-01;Guadalajara;Torrevieja;56;Guadalajara
2025-02-01;Logroño;Torrevieja;43;Rioja, La
2025-02-01;Alcalá de Henares;Torrevieja;216;Madrid
2025-02-01;Alcobendas;Torrevieja;77;Madrid
2025-02-01;Alcorcón;Torrevieja;181;Madrid
2025-02-01;Aranjuez;Torrevieja;55;Madrid
2025-02-01;Arganda del Rey;Torrevieja;69;Madrid
2025-02-01;Boadilla del Monte;Torrevieja;30;Madrid
2025-02-01;Colmenar Viejo;Torrevieja;55;Madrid
2025-02-01;Collado Villalba;Torrevieja;34;Madrid
2025-02-01;Coslada;Torrevieja;95;Madrid
2025-02-01;Fuenlabrada;Torrevieja;244;Madrid
2025-02-01;Getafe;Torrevieja;198;Madrid
2025-02-01;Leganés;Torrevieja;143;Madrid
2025-02-01;Madrid;Torrevieja;1951;Madrid
2025-02-01;Majadahonda;Torrevieja;35;Madrid
2025-02-01;Móstoles;Torrevieja;161;Madrid
2025-02-01;Navalcarnero;Torrevieja;54;Madrid
2025-02-01;Parla;Torrevieja;92;Madrid
2025-02-01;Pedrezuela;Torrevieja;32;Madrid
2025-02-01;Pinto;Torrevieja;30;Madrid
2025-02-01;Rivas-Vaciamadrid;Torrevieja;78;Madrid
2025-02-01;Rozas de Madrid, Las;Torrevieja;51;Madrid
2025-02-01;San Fernando de Henares;Torrevieja;56;Madrid
2025-02-01;San Sebastián de los Reyes;Torrevieja;65;Madrid
2025-02-01;Torrejón de Ardoz;Torrevieja;114;Madrid
2025-02-01;Valdemoro;Torrevieja;102;Madrid
2025-02-01;Tres Cantos;Torrevieja;40;Madrid
2025-02-01;Málaga;Torrevieja;93;Málaga
2025-02-01;Vélez-Málaga;Torrevieja;36;Málaga
2025-02-01;Abanilla;Torrevieja;72;Murcia
2025-02-01;Águilas;Torrevieja;47;Murcia
2025-02-01;Alcantarilla;Torrevieja;76;Murcia
2025-02-01;Alhama de Murcia;Torrevieja;48;Murcia
2025-02-01;Archena;Torrevieja;36;Murcia
2025-02-01;Caravaca de la Cruz;Torrevieja;36;Murcia
2025-02-01;Cartagena;Torrevieja;430;Murcia
2025-02-01;Ceutí;Torrevieja;60;Murcia
2025-02-01;Cieza;Torrevieja;50;Murcia
2025-02-01;Fortuna;Torrevieja;33;Murcia
2025-02-01;Jumilla;Torrevieja;103;Murcia
2025-02-01;Librilla;Torrevieja;55;Murcia
2025-02-01;Lorca;Torrevieja;54;Murcia
2025-02-01;Lorquí;Torrevieja;37;Murcia
2025-02-01;Mazarrón;Torrevieja;80;Murcia
2025-02-01;Molina de Segura;Torrevieja;187;Murcia
2025-02-01;Murcia;Torrevieja;1997;Murcia
2025-02-01;San Javier;Torrevieja;167;Murcia
2025-02-01;San Pedro del Pinatar;Torrevieja;185;Murcia
2025-02-01;Torre-Pacheco;Torrevieja;107;Murcia
2025-02-01;Torres de Cotillas, Las;Torrevieja;61;Murcia
2025-02-01;Yecla;Torrevieja;83;Murcia
2025-02-01;Santomera;Torrevieja;135;Murcia
2025-02-01;Alcázares, Los;Torrevieja;58;Murcia
2025-02-01;Palmas de Gran Canaria, Las;Torrevieja;43;Palmas, Las
2025-02-01;Toledo;Torrevieja;32;Toledo
2025-02-01;Yuncos;Torrevieja;35;Toledo
2025-02-01;Bétera;Torrevieja;32;Valencia/València
2025-02-01;Bocairent;Torrevieja;106;Valencia/València
2025-02-01;Burjassot;Torrevieja;30;Valencia/València
2025-02-01;Eliana, l';Torrevieja;41;Valencia/València
2025-02-01;Xàtiva;Torrevieja;38;Valencia/València
2025-02-01;Llíria;Torrevieja;30;Valencia/València
2025-02-01;Mislata;Torrevieja;35;Valencia/València
2025-02-01;Ontinyent;Torrevieja;76;Valencia/València
2025-02-01;Sagunt/Sagunto;Torrevieja;30;Valencia/València
2025-02-01;Tavernes de la Valldigna;Torrevieja;45;Valencia/València
2025-02-01;Torrent;Torrevieja;61;Valencia/València
2025-02-01;València;Torrevieja;516;Valencia/València
2025-02-01;Valladolid;Torrevieja;80;Valladolid
2025-02-01;Bilbao;Torrevieja;41;Bizkaia
2025-02-01;Zaragoza;Torrevieja;49;Zaragoza
2025-03-01;Vitoria-Gasteiz;Torrevieja;120;Araba/Álava
2025-03-01;Albacete;Torrevieja;655;Albacete
2025-03-01;Almansa;Torrevieja;79;Albacete
2025-03-01;Caudete;Torrevieja;57;Albacete
2025-03-01;Hellín;Torrevieja;130;Albacete
2025-03-01;Roda, La;Torrevieja;32;Albacete
2025-03-01;Villarrobledo;Torrevieja;50;Albacete
2025-03-01;Almería;Torrevieja;121;Almería
2025-03-01;Carboneras;Torrevieja;43;Almería
2025-03-01;Ejido, El;Torrevieja;34;Almería
2025-03-01;Ávila;Torrevieja;48;Ávila
2025-03-01;Andratx;Torrevieja;30;Balears, Illes
2025-03-01;Calvià;Torrevieja;35;Balears, Illes
2025-03-01;Palma;Torrevieja;84;Balears, Illes
2025-03-01;Sant Josep de sa Talaia;Torrevieja;32;Balears, Illes
2025-03-01;Santa Eulària des Riu;Torrevieja;37;Balears, Illes
2025-03-01;Barcelona;Torrevieja;126;Barcelona
2025-03-01;Sant Boi de Llobregat;Torrevieja;31;Barcelona
2025-03-01;Cerdanyola del Vallès;Torrevieja;38;Barcelona
2025-03-01;Burgos;Torrevieja;74;Burgos
2025-03-01;Cáceres;Torrevieja;55;Cáceres
2025-03-01;Castelló de la Plana;Torrevieja;78;Castellón/Castelló
2025-03-01;Alcázar de San Juan;Torrevieja;36;Ciudad Real
2025-03-01;Argamasilla de Alba;Torrevieja;42;Ciudad Real
2025-03-01;Ciudad Real;Torrevieja;71;Ciudad Real
2025-03-01;Manzanares;Torrevieja;41;Ciudad Real
2025-03-01;Tomelloso;Torrevieja;50;Ciudad Real
2025-03-01;Córdoba;Torrevieja;35;Córdoba
2025-03-01;Granada;Torrevieja;70;Granada
2025-03-01;Azuqueca de Henares;Torrevieja;33;Guadalajara
2025-03-01;Guadalajara;Torrevieja;41;Guadalajara
2025-03-01;Donostia/San Sebastián;Torrevieja;86;Gipuzkoa
2025-03-01;Huesca;Torrevieja;30;Huesca
2025-03-01;León;Torrevieja;31;León
2025-03-01;Logroño;Torrevieja;30;Rioja, La
2025-03-01;Alcalá de Henares;Torrevieja;316;Madrid
2025-03-01;Alcobendas;Torrevieja;79;Madrid
2025-03-01;Alcorcón;Torrevieja;169;Madrid
2025-03-01;Aranjuez;Torrevieja;80;Madrid
2025-03-01;Arganda del Rey;Torrevieja;83;Madrid
2025-03-01;Arroyomolinos;Torrevieja;70;Madrid
2025-03-01;Boadilla del Monte;Torrevieja;38;Madrid
2025-03-01;Colmenar Viejo;Torrevieja;68;Madrid
2025-03-01;Collado Villalba;Torrevieja;52;Madrid
2025-03-01;Coslada;Torrevieja;91;Madrid
2025-03-01;Fuenlabrada;Torrevieja;309;Madrid
2025-03-01;Galapagar;Torrevieja;34;Madrid
2025-03-01;Getafe;Torrevieja;170;Madrid
2025-03-01;Guadarrama;Torrevieja;34;Madrid
2025-03-01;Leganés;Torrevieja;197;Madrid
2025-03-01;Loeches;Torrevieja;30;Madrid
2025-03-01;Madrid;Torrevieja;2737;Madrid
2025-03-01;Majadahonda;Torrevieja;33;Madrid
2025-03-01;Mejorada del Campo;Torrevieja;37;Madrid
2025-03-01;Morata de Tajuña;Torrevieja;33;Madrid
2025-03-01;Móstoles;Torrevieja;262;Madrid
2025-03-01;Navalcarnero;Torrevieja;35;Madrid
2025-03-01;Parla;Torrevieja;159;Madrid
2025-03-01;Pinto;Torrevieja;54;Madrid
2025-03-01;Pozuelo de Alarcón;Torrevieja;37;Madrid
2025-03-01;Rivas-Vaciamadrid;Torrevieja;122;Madrid
2025-03-01;Rozas de Madrid, Las;Torrevieja;70;Madrid
2025-03-01;San Fernando de Henares;Torrevieja;80;Madrid
2025-03-01;San Martín de la Vega;Torrevieja;35;Madrid
2025-03-01;San Sebastián de los Reyes;Torrevieja;104;Madrid
2025-03-01;Torrejón de Ardoz;Torrevieja;105;Madrid
2025-03-01;Valdemoro;Torrevieja;99;Madrid
2025-03-01;Velilla de San Antonio;Torrevieja;40;Madrid
2025-03-01;Villarejo de Salvanés;Torrevieja;34;Madrid
2025-03-01;Tres Cantos;Torrevieja;31;Madrid
2025-03-01;Málaga;Torrevieja;110;Málaga
2025-03-01;Marbella;Torrevieja;50;Málaga
2025-03-01;Abanilla;Torrevieja;81;Murcia
2025-03-01;Águilas;Torrevieja;62;Murcia
2025-03-01;Alcantarilla;Torrevieja;145;Murcia
2025-03-01;Alguazas;Torrevieja;41;Murcia
2025-03-01;Alhama de Murcia;Torrevieja;32;Murcia
2025-03-01;Archena;Torrevieja;58;Murcia
2025-03-01;Beniel;Torrevieja;158;Murcia
2025-03-01;Caravaca de la Cruz;Torrevieja;37;Murcia
2025-03-01;Cartagena;Torrevieja;540;Murcia
2025-03-01;Ceutí;Torrevieja;31;Murcia
2025-03-01;Cieza;Torrevieja;87;Murcia
2025-03-01;Jumilla;Torrevieja;136;Murcia
2025-03-01;Librilla;Torrevieja;37;Murcia
2025-03-01;Mazarrón;Torrevieja;138;Murcia
2025-03-01;Molina de Segura;Torrevieja;259;Murcia
2025-03-01;Murcia;Torrevieja;2518;Murcia
2025-03-01;San Javier;Torrevieja;305;Murcia
2025-03-01;San Pedro del Pinatar;Torrevieja;177;Murcia
2025-03-01;Torre-Pacheco;Torrevieja;119;Murcia
2025-03-01;Torres de Cotillas, Las;Torrevieja;113;Murcia
2025-03-01;Totana;Torrevieja;68;Murcia
2025-03-01;Unión, La;Torrevieja;34;Murcia
2025-03-01;Yecla;Torrevieja;70;Murcia
2025-03-01;Santomera;Torrevieja;129;Murcia
2025-03-01;Alcázares, Los;Torrevieja;52;Murcia
2025-03-01;Pamplona/Iruña;Torrevieja;35;Navarra
2025-03-01;Ourense;Torrevieja;43;Ourense
2025-03-01;Gijón;Torrevieja;49;Asturias
2025-03-01;Oviedo;Torrevieja;61;Asturias
2025-03-01;Palmas de Gran Canaria, Las;Torrevieja;39;Palmas, Las
2025-03-01;Vigo;Torrevieja;44;Pontevedra
2025-03-01;Terradillos;Torrevieja;35;Salamanca
2025-03-01;Torrelavega;Torrevieja;36;Cantabria
2025-03-01;Pedrera;Torrevieja;46;Sevilla
2025-03-01;Sevilla;Torrevieja;40;Sevilla
2025-03-01;Teruel;Torrevieja;32;Teruel
2025-03-01;Bargas;Torrevieja;30;Toledo
2025-03-01;Illescas;Torrevieja;40;Toledo
2025-03-01;Talavera de la Reina;Torrevieja;39;Toledo
2025-03-01;Toledo;Torrevieja;61;Toledo
2025-03-01;Valmojado;Torrevieja;36;Toledo
2025-03-01;Albalat de la Ribera;Torrevieja;39;Valencia/València
2025-03-01;Bétera;Torrevieja;33;Valencia/València
2025-03-01;Bocairent;Torrevieja;86;Valencia/València
2025-03-01;Cullera;Torrevieja;30;Valencia/València
2025-03-01;Eliana, l';Torrevieja;36;Valencia/València
2025-03-01;Gandia;Torrevieja;51;Valencia/València
2025-03-01;Xàtiva;Torrevieja;31;Valencia/València
2025-03-01;Manises;Torrevieja;35;Valencia/València
2025-03-01;Mislata;Torrevieja;38;Valencia/València
2025-03-01;Oliva;Torrevieja;48;Valencia/València
2025-03-01;Ontinyent;Torrevieja;70;Valencia/València
2025-03-01;Paiporta;Torrevieja;34;Valencia/València
2025-03-01;Paterna;Torrevieja;31;Valencia/València
2025-03-01;Sagunto/Sagunt;Torrevieja;43;Valencia/València
2025-03-01;Torrent;Torrevieja;74;Valencia/València
2025-03-01;València;Torrevieja;692;Valencia/València
2025-03-01;Valladolid;Torrevieja;119;Valladolid
2025-03-01;Bilbao;Torrevieja;48;Bizkaia
2025-03-01;Zaragoza;Torrevieja;78;Zaragoza
2025-04-01;Vitoria-Gasteiz;Torrevieja;602;Araba/Álava
2025-04-01;Albacete;Torrevieja;1325;Albacete
2025-04-01;Almansa;Torrevieja;134;Albacete
2025-04-01;Caudete;Torrevieja;36;Albacete
2025-04-01;Chinchilla de Monte-Aragón;Torrevieja;38;Albacete
2025-04-01;Hellín;Torrevieja;137;Albacete
2025-04-01;Roda, La;Torrevieja;62;Albacete
2025-04-01;Villarrobledo;Torrevieja;130;Albacete
2025-04-01;Pozo Cañada;Torrevieja;30;Albacete
2025-04-01;Adra;Torrevieja;38;Almería
2025-04-01;Almería;Torrevieja;114;Almería
2025-04-01;Ávila;Torrevieja;82;Ávila
2025-04-01;Eivissa;Torrevieja;40;Balears, Illes
2025-04-01;Palma;Torrevieja;70;Balears, Illes
2025-04-01;Santa Eulària des Riu;Torrevieja;43;Balears, Illes
2025-04-01;Badalona;Torrevieja;34;Barcelona
2025-04-01;Barcelona;Torrevieja;247;Barcelona
2025-04-01;Hospitalet de Llobregat, L';Torrevieja;31;Barcelona
2025-04-01;Mataró;Torrevieja;31;Barcelona
2025-04-01;Sabadell;Torrevieja;31;Barcelona
2025-04-01;Terrassa;Torrevieja;61;Barcelona
2025-04-01;Aranda de Duero;Torrevieja;40;Burgos
2025-04-01;Burgos;Torrevieja;363;Burgos
2025-04-01;Miranda de Ebro;Torrevieja;43;Burgos
2025-04-01;Castelló de la Plana;Torrevieja;85;Castellón/Castelló
2025-04-01;Vall d'Uixó, la;Torrevieja;43;Castellón/Castelló
2025-04-01;Alcázar de San Juan;Torrevieja;96;Ciudad Real
2025-04-01;Argamasilla de Alba;Torrevieja;46;Ciudad Real
2025-04-01;Ciudad Real;Torrevieja;135;Ciudad Real
2025-04-01;Daimiel;Torrevieja;86;Ciudad Real
2025-04-01;Herencia;Torrevieja;50;Ciudad Real
2025-04-01;Manzanares;Torrevieja;56;Ciudad Real
2025-04-01;Miguelturra;Torrevieja;62;Ciudad Real
2025-04-01;Puertollano;Torrevieja;75;Ciudad Real
2025-04-01;Tomelloso;Torrevieja;87;Ciudad Real
2025-04-01;Valdepeñas;Torrevieja;33;Ciudad Real
2025-04-01;Córdoba;Torrevieja;42;Córdoba
2025-04-01;Ames;Torrevieja;35;Coruña, A
2025-04-01;Coruña, A;Torrevieja;46;Coruña, A
2025-04-01;Santiago de Compostela;Torrevieja;42;Coruña, A
2025-04-01;Cuenca;Torrevieja;60;Cuenca
2025-04-01;Pedroñeras, Las;Torrevieja;53;Cuenca
2025-04-01;Tarancón;Torrevieja;83;Cuenca
2025-04-01;Castril;Torrevieja;35;Granada
2025-04-01;Granada;Torrevieja;56;Granada
2025-04-01;Alovera;Torrevieja;51;Guadalajara
2025-04-01;Azuqueca de Henares;Torrevieja;119;Guadalajara
2025-04-01;Cabanillas del Campo;Torrevieja;45;Guadalajara
2025-04-01;Casar, El;Torrevieja;31;Guadalajara
2025-04-01;Guadalajara;Torrevieja;150;Guadalajara
2025-04-01;Marchamalo;Torrevieja;33;Guadalajara
2025-04-01;Torrejón del Rey;Torrevieja;44;Guadalajara
2025-04-01;Villanueva de la Torre;Torrevieja;59;Guadalajara
2025-04-01;Beasain;Torrevieja;34;Gipuzkoa
2025-04-01;Eibar;Torrevieja;85;Gipuzkoa
2025-04-01;Hernani;Torrevieja;44;Gipuzkoa
2025-04-01;Irun;Torrevieja;63;Gipuzkoa
2025-04-01;Lazkao;Torrevieja;65;Gipuzkoa
2025-04-01;Arrasate/Mondragón;Torrevieja;40;Gipuzkoa
2025-04-01;Oiartzun;Torrevieja;55;Gipuzkoa
2025-04-01;Errenteria;Torrevieja;49;Gipuzkoa
2025-04-01;Donostia/San Sebastián;Torrevieja;189;Gipuzkoa
2025-04-01;Bergara;Torrevieja;31;Gipuzkoa
2025-04-01;León;Torrevieja;108;León
2025-04-01;Villaquilambre;Torrevieja;35;León
2025-04-01;Calahorra;Torrevieja;30;Rioja, La
2025-04-01;Logroño;Torrevieja;119;Rioja, La
2025-04-01;Álamo, El;Torrevieja;53;Madrid
2025-04-01;Alcalá de Henares;Torrevieja;850;Madrid
2025-04-01;Alcobendas;Torrevieja;323;Madrid
2025-04-01;Alcorcón;Torrevieja;796;Madrid
2025-04-01;Algete;Torrevieja;95;Madrid
2025-04-01;Alpedrete;Torrevieja;53;Madrid
2025-04-01;Aranjuez;Torrevieja;194;Madrid
2025-04-01;Arganda del Rey;Torrevieja;295;Madrid
2025-04-01;Arroyomolinos;Torrevieja;168;Madrid
2025-04-01;Belmonte de Tajo;Torrevieja;34;Madrid
2025-04-01;Boadilla del Monte;Torrevieja;147;Madrid
2025-04-01;Brunete;Torrevieja;42;Madrid
2025-04-01;Casarrubuelos;Torrevieja;42;Madrid
2025-04-01;Ciempozuelos;Torrevieja;84;Madrid
2025-04-01;Cobeña;Torrevieja;31;Madrid
2025-04-01;Colmenar Viejo;Torrevieja;237;Madrid
2025-04-01;Collado Villalba;Torrevieja;140;Madrid
2025-04-01;Coslada;Torrevieja;408;Madrid
2025-04-01;Cubas de la Sagra;Torrevieja;50;Madrid
2025-04-01;Daganzo de Arriba;Torrevieja;68;Madrid
2025-04-01;Escorial, El;Torrevieja;41;Madrid
2025-04-01;Fuenlabrada;Torrevieja;1173;Madrid
2025-04-01;Fuente el Saz de Jarama;Torrevieja;34;Madrid
2025-04-01;Galapagar;Torrevieja;94;Madrid
2025-04-01;Getafe;Torrevieja;957;Madrid
2025-04-01;Griñón;Torrevieja;78;Madrid
2025-04-01;Guadarrama;Torrevieja;35;Madrid
2025-04-01;Humanes de Madrid;Torrevieja;78;Madrid
2025-04-01;Leganés;Torrevieja;854;Madrid
2025-04-01;Loeches;Torrevieja;57;Madrid
2025-04-01;Madrid;Torrevieja;8366;Madrid
2025-04-01;Majadahonda;Torrevieja;114;Madrid
2025-04-01;Meco;Torrevieja;48;Madrid
2025-04-01;Mejorada del Campo;Torrevieja;181;Madrid
2025-04-01;Moraleja de Enmedio;Torrevieja;37;Madrid
2025-04-01;Moralzarzal;Torrevieja;51;Madrid
2025-04-01;Morata de Tajuña;Torrevieja;42;Madrid
2025-04-01;Móstoles;Torrevieja;1045;Madrid
2025-04-01;Navalcarnero;Torrevieja;135;Madrid
2025-04-01;Paracuellos de Jarama;Torrevieja;73;Madrid
2025-04-01;Parla;Torrevieja;552;Madrid
2025-04-01;Pedrezuela;Torrevieja;45;Madrid
2025-04-01;Pinto;Torrevieja;533;Madrid
2025-04-01;Pozuelo de Alarcón;Torrevieja;116;Madrid
2025-04-01;Rivas-Vaciamadrid;Torrevieja;380;Madrid
2025-04-01;Rozas de Madrid, Las;Torrevieja;210;Madrid
2025-04-01;San Agustín del Guadalix;Torrevieja;42;Madrid
2025-04-01;San Fernando de Henares;Torrevieja;221;Madrid
2025-04-01;San Lorenzo de El Escorial;Torrevieja;46;Madrid
2025-04-01;San Martín de la Vega;Torrevieja;148;Madrid
2025-04-01;San Martín de Valdeiglesias;Torrevieja;45;Madrid
2025-04-01;San Sebastián de los Reyes;Torrevieja;404;Madrid
2025-04-01;Torrejón de Ardoz;Torrevieja;593;Madrid
2025-04-01;Torrejón de la Calzada;Torrevieja;57;Madrid
2025-04-01;Torrejón de Velasco;Torrevieja;44;Madrid
2025-04-01;Torrelodones;Torrevieja;51;Madrid
2025-04-01;Torres de la Alameda;Torrevieja;60;Madrid
2025-04-01;Valdemorillo;Torrevieja;31;Madrid
2025-04-01;Valdemoro;Torrevieja;389;Madrid
2025-04-01;Valdilecha;Torrevieja;31;Madrid
2025-04-01;Velilla de San Antonio;Torrevieja;104;Madrid
2025-04-01;Villalbilla;Torrevieja;52;Madrid
2025-04-01;Villanueva de la Cañada;Torrevieja;68;Madrid
2025-04-01;Villanueva del Pardillo;Torrevieja;73;Madrid
2025-04-01;Villarejo de Salvanés;Torrevieja;34;Madrid
2025-04-01;Villaviciosa de Odón;Torrevieja;75;Madrid
2025-04-01;Tres Cantos;Torrevieja;108;Madrid
2025-04-01;Benalmádena;Torrevieja;57;Málaga
2025-04-01;Málaga;Torrevieja;103;Málaga
2025-04-01;Abanilla;Torrevieja;78;Murcia
2025-04-01;Abarán;Torrevieja;41;Murcia
2025-04-01;Águilas;Torrevieja;73;Murcia
2025-04-01;Alcantarilla;Torrevieja;142;Murcia
2025-04-01;Alguazas;Torrevieja;48;Murcia
2025-04-01;Alhama de Murcia;Torrevieja;40;Murcia
2025-04-01;Archena;Torrevieja;75;Murcia
2025-04-01;Beniel;Torrevieja;148;Murcia
2025-04-01;Blanca;Torrevieja;34;Murcia
2025-04-01;Caravaca de la Cruz;Torrevieja;71;Murcia
2025-04-01;Cartagena;Torrevieja;562;Murcia
2025-04-01;Ceutí;Torrevieja;42;Murcia
2025-04-01;Cieza;Torrevieja;130;Murcia
2025-04-01;Jumilla;Torrevieja;144;Murcia
2025-04-01;Lorca;Torrevieja;61;Murcia
2025-04-01;Lorquí;Torrevieja;36;Murcia
2025-04-01;Mazarrón;Torrevieja;81;Murcia
2025-04-01;Molina de Segura;Torrevieja;402;Murcia
2025-04-01;Murcia;Torrevieja;3272;Murcia
2025-04-01;San Javier;Torrevieja;180;Murcia
2025-04-01;San Pedro del Pinatar;Torrevieja;273;Murcia
2025-04-01;Torre-Pacheco;Torrevieja;132;Murcia
2025-04-01;Torres de Cotillas, Las;Torrevieja;123;Murcia
2025-04-01;Totana;Torrevieja;36;Murcia
2025-04-01;Yecla;Torrevieja;134;Murcia
2025-04-01;Santomera;Torrevieja;127;Murcia
2025-04-01;Alcázares, Los;Torrevieja;75;Murcia
2025-04-01;Pamplona/Iruña;Torrevieja;182;Navarra
2025-04-01;Tudela;Torrevieja;59;Navarra
2025-04-01;Ourense;Torrevieja;31;Ourense
2025-04-01;Avilés;Torrevieja;32;Asturias
2025-04-01;Gijón;Torrevieja;68;Asturias
2025-04-01;Mieres;Torrevieja;37;Asturias
2025-04-01;Oviedo;Torrevieja;113;Asturias
2025-04-01;Palencia;Torrevieja;60;Palencia
2025-04-01;Vigo;Torrevieja;39;Pontevedra
2025-04-01;Béjar;Torrevieja;33;Salamanca
2025-04-01;Salamanca;Torrevieja;131;Salamanca
2025-04-01;Terradillos;Torrevieja;37;Salamanca
2025-04-01;Castro-Urdiales;Torrevieja;55;Cantabria
2025-04-01;Santander;Torrevieja;43;Cantabria
2025-04-01;Segovia;Torrevieja;91;Segovia
2025-04-01;Sevilla;Torrevieja;39;Sevilla
2025-04-01;Soria;Torrevieja;32;Soria
2025-04-01;Bargas;Torrevieja;37;Toledo
2025-04-01;Carranque;Torrevieja;46;Toledo
2025-04-01;Illescas;Torrevieja;105;Toledo
2025-04-01;Méntrida;Torrevieja;62;Toledo
2025-04-01;Ocaña;Torrevieja;38;Toledo
2025-04-01;Olías del Rey;Torrevieja;30;Toledo
2025-04-01;Ontígola;Torrevieja;33;Toledo
2025-04-01;Seseña;Torrevieja;99;Toledo
2025-04-01;Talavera de la Reina;Torrevieja;114;Toledo
2025-04-01;Toledo;Torrevieja;168;Toledo
2025-04-01;Ugena;Torrevieja;47;Toledo
2025-04-01;Villatobas;Torrevieja;38;Toledo
2025-04-01;Viso de San Juan, El;Torrevieja;32;Toledo
2025-04-01;Yeles;Torrevieja;69;Toledo
2025-04-01;Yuncos;Torrevieja;45;Toledo
2025-04-01;Alboraia/Alboraya;Torrevieja;36;Valencia/València
2025-04-01;Alzira;Torrevieja;54;Valencia/València
2025-04-01;Bétera;Torrevieja;44;Valencia/València
2025-04-01;Quart de Poblet;Torrevieja;32;Valencia/València
2025-04-01;Xirivella;Torrevieja;35;Valencia/València
2025-04-01;Gandia;Torrevieja;46;Valencia/València
2025-04-01;Oliva;Torrevieja;71;Valencia/València
2025-04-01;Ontinyent;Torrevieja;68;Valencia/València
2025-04-01;Paiporta;Torrevieja;34;Valencia/València
2025-04-01;Paterna;Torrevieja;61;Valencia/València
2025-04-01;Riba-roja de Túria;Torrevieja;34;Valencia/València
2025-04-01;Sagunto/Sagunt;Torrevieja;32;Valencia/València
2025-04-01;Torrent;Torrevieja;80;Valencia/València
2025-04-01;València;Torrevieja;795;Valencia/València
2025-04-01;Arroyo de la Encomienda;Torrevieja;32;Valladolid
2025-04-01;Laguna de Duero;Torrevieja;34;Valladolid
2025-04-01;Valladolid;Torrevieja;400;Valladolid
2025-04-01;Amorebieta-Etxano;Torrevieja;38;Bizkaia
2025-04-01;Barakaldo;Torrevieja;90;Bizkaia
2025-04-01;Basauri;Torrevieja;43;Bizkaia
2025-04-01;Bilbao;Torrevieja;382;Bizkaia
2025-04-01;Ermua;Torrevieja;62;Bizkaia
2025-04-01;Getxo;Torrevieja;36;Bizkaia
2025-04-01;Leioa;Torrevieja;34;Bizkaia
2025-04-01;Mungia;Torrevieja;34;Bizkaia
2025-04-01;Portugalete;Torrevieja;84;Bizkaia
2025-04-01;Santurtzi;Torrevieja;68;Bizkaia
2025-04-01;Sestao;Torrevieja;31;Bizkaia
2025-04-01;Sopela;Torrevieja;35;Bizkaia
2025-04-01;Erandio;Torrevieja;41;Bizkaia
2025-04-01;Zamora;Torrevieja;52;Zamora
2025-04-01;Zaragoza;Torrevieja;192;Zaragoza
2025-05-01;Vitoria-Gasteiz;Torrevieja;459;Araba/Álava
2025-05-01;Albacete;Torrevieja;1029;Albacete
2025-05-01;Almansa;Torrevieja;55;Albacete
2025-05-01;Chinchilla de Monte-Aragón;Torrevieja;44;Albacete
2025-05-01;Hellín;Torrevieja;107;Albacete
2025-05-01;Roda, La;Torrevieja;56;Albacete
2025-05-01;Villarrobledo;Torrevieja;92;Albacete
2025-05-01;Adra;Torrevieja;33;Almerí­a
2025-05-01;Almería;Torrevieja;71;Almerí­a
2025-05-01;Carboneras;Torrevieja;42;Almerí­a
2025-05-01;Íllar;Torrevieja;34;Almerí­a
2025-05-01;Ávila;Torrevieja;37;Ávila
2025-05-01;Palma;Torrevieja;48;Balears, Illes
2025-05-01;Barcelona;Torrevieja;174;Barcelona
2025-05-01;Hospitalet de Llobregat, L';Torrevieja;31;Barcelona
2025-05-01;Terrassa;Torrevieja;31;Barcelona
2025-05-01;Aranda de Duero;Torrevieja;39;Burgos
2025-05-01;Burgos;Torrevieja;214;Burgos
2025-05-01;Miranda de Ebro;Torrevieja;41;Burgos
2025-05-01;Castelló de la Plana;Torrevieja;68;Castellón/Castelló
2025-05-01;Alcázar de San Juan;Torrevieja;62;Ciudad Real
2025-05-01;Argamasilla de Alba;Torrevieja;47;Ciudad Real
2025-05-01;Ciudad Real;Torrevieja;90;Ciudad Real
2025-05-01;Daimiel;Torrevieja;30;Ciudad Real
2025-05-01;Herencia;Torrevieja;39;Ciudad Real
2025-05-01;Manzanares;Torrevieja;48;Ciudad Real
2025-05-01;Puertollano;Torrevieja;67;Ciudad Real
2025-05-01;Tomelloso;Torrevieja;86;Ciudad Real
2025-05-01;Córdoba;Torrevieja;30;Córdoba
2025-05-01;Coruña, A;Torrevieja;35;Coruña, A
2025-05-01;Cuenca;Torrevieja;64;Cuenca
2025-05-01;Tarancón;Torrevieja;52;Cuenca
2025-05-01;Baza;Torrevieja;32;Granada
2025-05-01;Granada;Torrevieja;62;Granada
2025-05-01;Alovera;Torrevieja;40;Guadalajara
2025-05-01;Azuqueca de Henares;Torrevieja;70;Guadalajara
2025-05-01;Casar, El;Torrevieja;50;Guadalajara
2025-05-01;Guadalajara;Torrevieja;124;Guadalajara
2025-05-01;Villanueva de la Torre;Torrevieja;44;Guadalajara
2025-05-01;Irun;Torrevieja;39;Gipuzkoa
2025-05-01;Donostia/San Sebastián;Torrevieja;99;Gipuzkoa
2025-05-01;Huesca;Torrevieja;35;Huesca
2025-05-01;Fabero;Torrevieja;30;León
2025-05-01;León;Torrevieja;58;León
2025-05-01;Logroño;Torrevieja;63;Rioja, La
2025-05-01;Alcalá de Henares;Torrevieja;581;Madrid
2025-05-01;Alcobendas;Torrevieja;225;Madrid
2025-05-01;Alcorcón;Torrevieja;605;Madrid
2025-05-01;Algete;Torrevieja;59;Madrid
2025-05-01;Alpedrete;Torrevieja;36;Madrid
2025-05-01;Aranjuez;Torrevieja;127;Madrid
2025-05-01;Arganda del Rey;Torrevieja;215;Madrid
2025-05-01;Arroyomolinos;Torrevieja;137;Madrid
2025-05-01;Boadilla del Monte;Torrevieja;103;Madrid
2025-05-01;Casarrubuelos;Torrevieja;41;Madrid
2025-05-01;Colmenar Viejo;Torrevieja;133;Madrid
2025-05-01;Collado Villalba;Torrevieja;162;Madrid
2025-05-01;Coslada;Torrevieja;296;Madrid
2025-05-01;Cubas de la Sagra;Torrevieja;68;Madrid
2025-05-01;Escorial, El;Torrevieja;47;Madrid
2025-05-01;Fuenlabrada;Torrevieja;659;Madrid
2025-05-01;Galapagar;Torrevieja;74;Madrid
2025-05-01;Getafe;Torrevieja;616;Madrid
2025-05-01;Griñón;Torrevieja;48;Madrid
2025-05-01;Guadarrama;Torrevieja;42;Madrid
2025-05-01;Humanes de Madrid;Torrevieja;66;Madrid
2025-05-01;Leganés;Torrevieja;656;Madrid
2025-05-01;Loeches;Torrevieja;39;Madrid
2025-05-01;Madrid;Torrevieja;6330;Madrid
2025-05-01;Majadahonda;Torrevieja;86;Madrid
2025-05-01;Meco;Torrevieja;56;Madrid
2025-05-01;Mejorada del Campo;Torrevieja;98;Madrid
2025-05-01;Moraleja de Enmedio;Torrevieja;41;Madrid
2025-05-01;Morata de Tajuña;Torrevieja;34;Madrid
2025-05-01;Móstoles;Torrevieja;662;Madrid
2025-05-01;Navalcarnero;Torrevieja;89;Madrid
2025-05-01;Paracuellos de Jarama;Torrevieja;67;Madrid
2025-05-01;Parla;Torrevieja;499;Madrid
2025-05-01;Pinto;Torrevieja;133;Madrid
2025-05-01;Pozuelo de Alarcón;Torrevieja;126;Madrid
2025-05-01;Rivas-Vaciamadrid;Torrevieja;313;Madrid
2025-05-01;Rozas de Madrid, Las;Torrevieja;139;Madrid
2025-05-01;San Agustín del Guadalix;Torrevieja;32;Madrid
2025-05-01;San Fernando de Henares;Torrevieja;170;Madrid
2025-05-01;San Lorenzo de El Escorial;Torrevieja;52;Madrid
2025-05-01;San Martín de la Vega;Torrevieja;44;Madrid
2025-05-01;San Martín de Valdeiglesias;Torrevieja;34;Madrid
2025-05-01;San Sebastián de los Reyes;Torrevieja;241;Madrid
2025-05-01;Serranillos del Valle;Torrevieja;30;Madrid
2025-05-01;Soto del Real;Torrevieja;44;Madrid
2025-05-01;Torrejón de Ardoz;Torrevieja;519;Madrid
2025-05-01;Torrejón de la Calzada;Torrevieja;52;Madrid
2025-05-01;Torrelodones;Torrevieja;31;Madrid
2025-05-01;Valdemorillo;Torrevieja;45;Madrid
2025-05-01;Valdemoro;Torrevieja;224;Madrid
2025-05-01;Velilla de San Antonio;Torrevieja;57;Madrid
2025-05-01;Villalbilla;Torrevieja;47;Madrid
2025-05-01;Villanueva de la Cañada;Torrevieja;40;Madrid
2025-05-01;Villaviciosa de Odón;Torrevieja;41;Madrid
2025-05-01;Tres Cantos;Torrevieja;78;Madrid
2025-05-01;Málaga;Torrevieja;69;Málaga
2025-05-01;Abanilla;Torrevieja;89;Murcia
2025-05-01;Águilas;Torrevieja;36;Murcia
2025-05-01;Alcantarilla;Torrevieja;166;Murcia
2025-05-01;Alguazas;Torrevieja;61;Murcia
2025-05-01;Alhama de Murcia;Torrevieja;50;Murcia
2025-05-01;Archena;Torrevieja;63;Murcia
2025-05-01;Beniel;Torrevieja;279;Murcia
2025-05-01;Caravaca de la Cruz;Torrevieja;64;Murcia
2025-05-01;Cartagena;Torrevieja;675;Murcia
2025-05-01;Ceutí;Torrevieja;40;Murcia
2025-05-01;Cieza;Torrevieja;85;Murcia
2025-05-01;Fuente Álamo de Murcia;Torrevieja;32;Murcia
2025-05-01;Jumilla;Torrevieja;162;Murcia
2025-05-01;Librilla;Torrevieja;50;Murcia
2025-05-01;Lorca;Torrevieja;68;Murcia
2025-05-01;Mazarrón;Torrevieja;81;Murcia
2025-05-01;Molina de Segura;Torrevieja;403;Murcia
2025-05-01;Mula;Torrevieja;52;Murcia
2025-05-01;Murcia;Torrevieja;3439;Murcia
2025-05-01;San Javier;Torrevieja;243;Murcia
2025-05-01;San Pedro del Pinatar;Torrevieja;387;Murcia
2025-05-01;Torre-Pacheco;Torrevieja;147;Murcia
2025-05-01;Torres de Cotillas, Las;Torrevieja;120;Murcia
2025-05-01;Yecla;Torrevieja;142;Murcia
2025-05-01;Santomera;Torrevieja;167;Murcia
2025-05-01;Alcázares, Los;Torrevieja;76;Murcia
2025-05-01;Pamplona/Iruña;Torrevieja;107;Navarra
2025-05-01;Ourense;Torrevieja;46;Ourense
2025-05-01;Gijón;Torrevieja;48;Asturias
2025-05-01;Oviedo;Torrevieja;56;Asturias
2025-05-01;Palencia;Torrevieja;58;Palencia
2025-05-01;Vilagarcía de Arousa;Torrevieja;37;Pontevedra
2025-05-01;Salamanca;Torrevieja;50;Salamanca
2025-05-01;Santander;Torrevieja;30;Cantabria
2025-05-01;Segovia;Torrevieja;31;Segovia
2025-05-01;Sevilla;Torrevieja;75;Sevilla
2025-05-01;Esquivias;Torrevieja;57;Toledo
2025-05-01;Illescas;Torrevieja;63;Toledo
2025-05-01;Ocaña;Torrevieja;55;Toledo
2025-05-01;Seseña;Torrevieja;58;Toledo
2025-05-01;Talavera de la Reina;Torrevieja;49;Toledo
2025-05-01;Toledo;Torrevieja;109;Toledo
2025-05-01;Ugena;Torrevieja;36;Toledo
2025-05-01;Yuncos;Torrevieja;36;Toledo
2025-05-01;Alzira;Torrevieja;49;Valencia/València
2025-05-01;Algemesí;Torrevieja;33;Valencia/València
2025-05-01;Catarroja;Torrevieja;44;Valencia/València
2025-05-01;Gandia;Torrevieja;41;Valencia/València
2025-05-01;Xàtiva;Torrevieja;32;Valencia/València
2025-05-01;Paiporta;Torrevieja;53;Valencia/València
2025-05-01;Paterna;Torrevieja;40;Valencia/València
2025-05-01;Requena;Torrevieja;30;Valencia/València
2025-05-01;Sagunto/Sagunt;Torrevieja;42;Valencia/València
2025-05-01;Torrent;Torrevieja;34;Valencia/València
2025-05-01;València;Torrevieja;711;Valencia/València
2025-05-01;Nava del Rey;Torrevieja;33;Valladolid
2025-05-01;Valladolid;Torrevieja;259;Valladolid
2025-05-01;Barakaldo;Torrevieja;50;Bizkaia
2025-05-01;Basauri;Torrevieja;34;Bizkaia
2025-05-01;Bermeo;Torrevieja;31;Bizkaia
2025-05-01;Bilbao;Torrevieja;162;Bizkaia
2025-05-01;Santurtzi;Torrevieja;53;Bizkaia
2025-05-01;Zamora;Torrevieja;43;Zamora
2025-05-01;Zaragoza;Torrevieja;110;Zaragoza
2025-06-01;Vitoria-Gasteiz;Torrevieja;378;Araba/Álava
2025-06-01;Albacete;Torrevieja;2254;Albacete
2025-06-01;Almansa;Torrevieja;222;Albacete
2025-06-01;Barrax;Torrevieja;39;Albacete
2025-06-01;Caudete;Torrevieja;44;Albacete
2025-06-01;Chinchilla de Monte-Aragón;Torrevieja;69;Albacete
2025-06-01;Elche de la Sierra;Torrevieja;34;Albacete
2025-06-01;Gineta, La;Torrevieja;66;Albacete
2025-06-01;Hellín;Torrevieja;197;Albacete
2025-06-01;Madrigueras;Torrevieja;30;Albacete
2025-06-01;Montealegre del Castillo;Torrevieja;44;Albacete
2025-06-01;Roda, La;Torrevieja;163;Albacete
2025-06-01;Tobarra;Torrevieja;31;Albacete
2025-06-01;Villarrobledo;Torrevieja;159;Albacete
2025-06-01;Pozo Cañada;Torrevieja;52;Albacete
2025-06-01;Almería;Torrevieja;104;Almerí­a
2025-06-01;Pechina;Torrevieja;32;Almerí­a
2025-06-01;Roquetas de Mar;Torrevieja;45;Almerí­a
2025-06-01;Vélez-Rubio;Torrevieja;34;Almerí­a
2025-06-01;Ávila;Torrevieja;76;Ávila
2025-06-01;Navas del Marqués, Las;Torrevieja;30;Ávila
2025-06-01;Badajoz;Torrevieja;60;Badajoz
2025-06-01;Palma;Torrevieja;64;Balears, Illes
2025-06-01;Barcelona;Torrevieja;262;Barcelona
2025-06-01;Hospitalet de Llobregat, L';Torrevieja;31;Barcelona
2025-06-01;Rubí;Torrevieja;30;Barcelona
2025-06-01;Sabadell;Torrevieja;51;Barcelona
2025-06-01;Aranda de Duero;Torrevieja;38;Burgos
2025-06-01;Burgos;Torrevieja;310;Burgos
2025-06-01;Jerez de la Frontera;Torrevieja;39;Cádiz
2025-06-01;Castelló de la Plana;Torrevieja;75;Castellón/Castelló
2025-06-01;Vila-real;Torrevieja;33;Castellón/Castelló
2025-06-01;Alcázar de San Juan;Torrevieja;128;Ciudad Real
2025-06-01;Argamasilla de Alba;Torrevieja;41;Ciudad Real
2025-06-01;Campo de Criptana;Torrevieja;30;Ciudad Real
2025-06-01;Ciudad Real;Torrevieja;198;Ciudad Real
2025-06-01;Daimiel;Torrevieja;61;Ciudad Real
2025-06-01;Herencia;Torrevieja;74;Ciudad Real
2025-06-01;Manzanares;Torrevieja;40;Ciudad Real
2025-06-01;Miguelturra;Torrevieja;95;Ciudad Real
2025-06-01;Pedro Muñoz;Torrevieja;35;Ciudad Real
2025-06-01;Puertollano;Torrevieja;134;Ciudad Real
2025-06-01;Socuéllamos;Torrevieja;37;Ciudad Real
2025-06-01;Tomelloso;Torrevieja;102;Ciudad Real
2025-06-01;Valdepeñas;Torrevieja;123;Ciudad Real
2025-06-01;Córdoba;Torrevieja;69;Córdoba
2025-06-01;Coruña, A;Torrevieja;47;Coruña, A
2025-06-01;Santiago de Compostela;Torrevieja;30;Coruña, A
2025-06-01;Cuenca;Torrevieja;147;Cuenca
2025-06-01;Tarancón;Torrevieja;64;Cuenca
2025-06-01;Granada;Torrevieja;92;Granada
2025-06-01;Azuqueca de Henares;Torrevieja;71;Guadalajara
2025-06-01;Cabanillas del Campo;Torrevieja;37;Guadalajara
2025-06-01;Casar, El;Torrevieja;34;Guadalajara
2025-06-01;Guadalajara;Torrevieja;175;Guadalajara
2025-06-01;Marchamalo;Torrevieja;33;Guadalajara
2025-06-01;Villanueva de la Torre;Torrevieja;47;Guadalajara
2025-06-01;Hondarribia;Torrevieja;35;Gipuzkoa
2025-06-01;Hernani;Torrevieja;56;Gipuzkoa
2025-06-01;Irun;Torrevieja;49;Gipuzkoa
2025-06-01;Mutriku;Torrevieja;36;Gipuzkoa
2025-06-01;Errenteria;Torrevieja;32;Gipuzkoa
2025-06-01;Donostia/San Sebastián;Torrevieja;172;Gipuzkoa
2025-06-01;Jaén;Torrevieja;32;Jaén
2025-06-01;León;Torrevieja;102;León
2025-06-01;Logroño;Torrevieja;148;Rioja, La
2025-06-01;Álamo, El;Torrevieja;45;Madrid
2025-06-01;Alcalá de Henares;Torrevieja;687;Madrid
2025-06-01;Alcobendas;Torrevieja;202;Madrid
2025-06-01;Alcorcón;Torrevieja;640;Madrid
2025-06-01;Algete;Torrevieja;63;Madrid
2025-06-01;Aranjuez;Torrevieja;203;Madrid
2025-06-01;Arganda del Rey;Torrevieja;200;Madrid
2025-06-01;Arroyomolinos;Torrevieja;109;Madrid
2025-06-01;Boadilla del Monte;Torrevieja;159;Madrid
2025-06-01;Brunete;Torrevieja;41;Madrid
2025-06-01;Campo Real;Torrevieja;37;Madrid
2025-06-01;Ciempozuelos;Torrevieja;66;Madrid
2025-06-01;Colmenar Viejo;Torrevieja;146;Madrid
2025-06-01;Collado Villalba;Torrevieja;159;Madrid
2025-06-01;Coslada;Torrevieja;311;Madrid
2025-06-01;Cubas de la Sagra;Torrevieja;50;Madrid
2025-06-01;Daganzo de Arriba;Torrevieja;45;Madrid
2025-06-01;Escorial, El;Torrevieja;34;Madrid
2025-06-01;Fuenlabrada;Torrevieja;714;Madrid
2025-06-01;Galapagar;Torrevieja;79;Madrid
2025-06-01;Getafe;Torrevieja;674;Madrid
2025-06-01;Guadarrama;Torrevieja;36;Madrid
2025-06-01;Humanes de Madrid;Torrevieja;55;Madrid
2025-06-01;Leganés;Torrevieja;653;Madrid
2025-06-01;Loeches;Torrevieja;63;Madrid
2025-06-01;Madrid;Torrevieja;7028;Madrid
2025-06-01;Majadahonda;Torrevieja;112;Madrid
2025-06-01;Meco;Torrevieja;52;Madrid
2025-06-01;Mejorada del Campo;Torrevieja;118;Madrid
2025-06-01;Molar, El;Torrevieja;30;Madrid
2025-06-01;Morata de Tajuña;Torrevieja;40;Madrid
2025-06-01;Móstoles;Torrevieja;659;Madrid
2025-06-01;Navalcarnero;Torrevieja;150;Madrid
2025-06-01;Paracuellos de Jarama;Torrevieja;67;Madrid
2025-06-01;Parla;Torrevieja;398;Madrid
2025-06-01;Pinto;Torrevieja;154;Madrid
2025-06-01;Pozuelo de Alarcón;Torrevieja;154;Madrid
2025-06-01;Rivas-Vaciamadrid;Torrevieja;260;Madrid
2025-06-01;Rozas de Madrid, Las;Torrevieja;153;Madrid
2025-06-01;San Agustín del Guadalix;Torrevieja;37;Madrid
2025-06-01;San Fernando de Henares;Torrevieja;206;Madrid
2025-06-01;San Lorenzo de El Escorial;Torrevieja;38;Madrid
2025-06-01;San Martín de la Vega;Torrevieja;104;Madrid
2025-06-01;San Martín de Valdeiglesias;Torrevieja;34;Madrid
2025-06-01;San Sebastián de los Reyes;Torrevieja;209;Madrid
2025-06-01;Sevilla la Nueva;Torrevieja;60;Madrid
2025-06-01;Torrejón de Ardoz;Torrevieja;459;Madrid
2025-06-01;Torrejón de la Calzada;Torrevieja;50;Madrid
2025-06-01;Torrelodones;Torrevieja;44;Madrid
2025-06-01;Valdemoro;Torrevieja;316;Madrid
2025-06-01;Velilla de San Antonio;Torrevieja;44;Madrid
2025-06-01;Villanueva de la Cañada;Torrevieja;43;Madrid
2025-06-01;Villanueva del Pardillo;Torrevieja;36;Madrid
2025-06-01;Villarejo de Salvanés;Torrevieja;33;Madrid
2025-06-01;Villaviciosa de Odón;Torrevieja;53;Madrid
2025-06-01;Tres Cantos;Torrevieja;65;Madrid
2025-06-01;Fuengirola;Torrevieja;36;Málaga
2025-06-01;Málaga;Torrevieja;90;Málaga
2025-06-01;Abanilla;Torrevieja;107;Murcia
2025-06-01;Abarán;Torrevieja;63;Murcia
2025-06-01;Águilas;Torrevieja;67;Murcia
2025-06-01;Alcantarilla;Torrevieja;436;Murcia
2025-06-01;Alguazas;Torrevieja;122;Murcia
2025-06-01;Alhama de Murcia;Torrevieja;52;Murcia
2025-06-01;Archena;Torrevieja;124;Murcia
2025-06-01;Beniel;Torrevieja;601;Murcia
2025-06-01;Blanca;Torrevieja;43;Murcia
2025-06-01;Caravaca de la Cruz;Torrevieja;119;Murcia
2025-06-01;Cartagena;Torrevieja;852;Murcia
2025-06-01;Ceutí;Torrevieja;92;Murcia
2025-06-01;Cieza;Torrevieja;338;Murcia
2025-06-01;Fortuna;Torrevieja;52;Murcia
2025-06-01;Jumilla;Torrevieja;279;Murcia
2025-06-01;Librilla;Torrevieja;53;Murcia
2025-06-01;Lorca;Torrevieja;98;Murcia
2025-06-01;Lorquí;Torrevieja;55;Murcia
2025-06-01;Mazarrón;Torrevieja;117;Murcia
2025-06-01;Molina de Segura;Torrevieja;823;Murcia
2025-06-01;Moratalla;Torrevieja;39;Murcia
2025-06-01;Mula;Torrevieja;59;Murcia
2025-06-01;Murcia;Torrevieja;7711;Murcia
2025-06-01;Ricote;Torrevieja;79;Murcia
2025-06-01;San Javier;Torrevieja;271;Murcia
2025-06-01;San Pedro del Pinatar;Torrevieja;266;Murcia
2025-06-01;Torre-Pacheco;Torrevieja;252;Murcia
2025-06-01;Torres de Cotillas, Las;Torrevieja;254;Murcia
2025-06-01;Totana;Torrevieja;99;Murcia
2025-06-01;Yecla;Torrevieja;302;Murcia
2025-06-01;Santomera;Torrevieja;518;Murcia
2025-06-01;Alcázares, Los;Torrevieja;68;Murcia
2025-06-01;Andosilla;Torrevieja;37;Navarra
2025-06-01;Pamplona/Iruña;Torrevieja;144;Navarra
2025-06-01;Tudela;Torrevieja;42;Navarra
2025-06-01;Barañáin/Barañain;Torrevieja;37;Navarra
2025-06-01;Ourense;Torrevieja;31;Ourense
2025-06-01;Gijón;Torrevieja;97;Asturias
2025-06-01;Oviedo;Torrevieja;60;Asturias
2025-06-01;Palencia;Torrevieja;53;Palencia
2025-06-01;Palmas de Gran Canaria, Las;Torrevieja;35;Palmas, Las
2025-06-01;Vigo;Torrevieja;33;Pontevedra
2025-06-01;Salamanca;Torrevieja;148;Salamanca
2025-06-01;Terradillos;Torrevieja;30;Salamanca
2025-06-01;Santander;Torrevieja;35;Cantabria
2025-06-01;Segovia;Torrevieja;68;Segovia
2025-06-01;San Juan de Aznalfarache;Torrevieja;38;Sevilla
2025-06-01;Sevilla;Torrevieja;58;Sevilla
2025-06-01;Carranque;Torrevieja;32;Toledo
2025-06-01;Esquivias;Torrevieja;51;Toledo
2025-06-01;Illescas;Torrevieja;98;Toledo
2025-06-01;Ocaña;Torrevieja;64;Toledo
2025-06-01;Ontígola;Torrevieja;73;Toledo
2025-06-01;Puebla de Montalbán, La;Torrevieja;37;Toledo
2025-06-01;Quintanar de la Orden;Torrevieja;53;Toledo
2025-06-01;Seseña;Torrevieja;52;Toledo
2025-06-01;Sonseca;Torrevieja;30;Toledo
2025-06-01;Talavera de la Reina;Torrevieja;132;Toledo
2025-06-01;Toledo;Torrevieja;216;Toledo
2025-06-01;Torrijos;Torrevieja;49;Toledo
2025-06-01;Yeles;Torrevieja;45;Toledo
2025-06-01;Yuncos;Torrevieja;35;Toledo
2025-06-01;Alaquàs;Torrevieja;43;Valencia/València
2025-06-01;Albal;Torrevieja;39;Valencia/València
2025-06-01;Alboraia/Alboraya;Torrevieja;31;Valencia/València
2025-06-01;Alzira;Torrevieja;49;Valencia/València
2025-06-01;Buñol;Torrevieja;31;Valencia/València
2025-06-01;Burjassot;Torrevieja;32;Valencia/València
2025-06-01;Catarroja;Torrevieja;38;Valencia/València
2025-06-01;Quart de Poblet;Torrevieja;59;Valencia/València
2025-06-01;Cullera;Torrevieja;38;Valencia/València
2025-06-01;Gandia;Torrevieja;55;Valencia/València
2025-06-01;Llíria;Torrevieja;30;Valencia/València
2025-06-01;Manises;Torrevieja;55;Valencia/València
2025-06-01;Ontinyent;Torrevieja;81;Valencia/València
2025-06-01;Paiporta;Torrevieja;32;Valencia/València
2025-06-01;Paterna;Torrevieja;40;Valencia/València
2025-06-01;Requena;Torrevieja;36;Valencia/València
2025-06-01;Riba-roja de Túria;Torrevieja;46;Valencia/València
2025-06-01;Sagunto/Sagunt;Torrevieja;45;Valencia/València
2025-06-01;Silla;Torrevieja;36;Valencia/València
2025-06-01;Sueca;Torrevieja;48;Valencia/València
2025-06-01;Torrent;Torrevieja;39;Valencia/València
2025-06-01;València;Torrevieja;832;Valencia/València
2025-06-01;Nava del Rey;Torrevieja;32;Valladolid
2025-06-01;Valladolid;Torrevieja;280;Valladolid
2025-06-01;Amorebieta-Etxano;Torrevieja;36;Bizkaia
2025-06-01;Barakaldo;Torrevieja;57;Bizkaia
2025-06-01;Basauri;Torrevieja;32;Bizkaia
2025-06-01;Bilbao;Torrevieja;251;Bizkaia
2025-06-01;Getxo;Torrevieja;60;Bizkaia
2025-06-01;Santurtzi;Torrevieja;37;Bizkaia
2025-06-01;Zaragoza;Torrevieja;186;Zaragoza
2025-07-01;Vitoria-Gasteiz;Torrevieja;430;Araba/Álava
2025-07-01;Albacete;Torrevieja;2874;Albacete
2025-07-01;Almansa;Torrevieja;287;Albacete
2025-07-01;Barrax;Torrevieja;54;Albacete
2025-07-01;Caudete;Torrevieja;76;Albacete
2025-07-01;Chinchilla de Monte-Aragón;Torrevieja;107;Albacete
2025-07-01;Hellín;Torrevieja;280;Albacete
2025-07-01;Ontur;Torrevieja;53;Albacete
2025-07-01;Roda, La;Torrevieja;128;Albacete
2025-07-01;Tobarra;Torrevieja;53;Albacete
2025-07-01;Villarrobledo;Torrevieja;258;Albacete
2025-07-01;Pozo Cañada;Torrevieja;100;Albacete
2025-07-01;Almería;Torrevieja;160;Almería
2025-07-01;Carboneras;Torrevieja;37;Almería
2025-07-01;Roquetas de Mar;Torrevieja;72;Almería
2025-07-01;Ávila;Torrevieja;139;Ávila
2025-07-01;Badajoz;Torrevieja;39;Badajoz
2025-07-01;Palma;Torrevieja;61;Balears, Illes
2025-07-01;Badalona;Torrevieja;44;Barcelona
2025-07-01;Barcelona;Torrevieja;236;Barcelona
2025-07-01;Sabadell;Torrevieja;37;Barcelona
2025-07-01;Aranda de Duero;Torrevieja;94;Burgos
2025-07-01;Burgos;Torrevieja;548;Burgos
2025-07-01;Cáceres;Torrevieja;66;Cáceres
2025-07-01;Castelló de la Plana;Torrevieja;76;Castellón/Castelló
2025-07-01;Nules;Torrevieja;35;Castellón/Castelló
2025-07-01;Alcázar de San Juan;Torrevieja;237;Ciudad Real
2025-07-01;Almagro;Torrevieja;38;Ciudad Real
2025-07-01;Argamasilla de Alba;Torrevieja;68;Ciudad Real
2025-07-01;Argamasilla de Calatrava;Torrevieja;40;Ciudad Real
2025-07-01;Bolaños de Calatrava;Torrevieja;49;Ciudad Real
2025-07-01;Campo de Criptana;Torrevieja;47;Ciudad Real
2025-07-01;Ciudad Real;Torrevieja;426;Ciudad Real
2025-07-01;Daimiel;Torrevieja;55;Ciudad Real
2025-07-01;Herencia;Torrevieja;137;Ciudad Real
2025-07-01;Malagón;Torrevieja;55;Ciudad Real
2025-07-01;Manzanares;Torrevieja;80;Ciudad Real
2025-07-01;Membrilla;Torrevieja;31;Ciudad Real
2025-07-01;Miguelturra;Torrevieja;97;Ciudad Real
2025-07-01;Moral de Calatrava;Torrevieja;59;Ciudad Real
2025-07-01;Pedro Muñoz;Torrevieja;43;Ciudad Real
2025-07-01;Puertollano;Torrevieja;254;Ciudad Real
2025-07-01;Socuéllamos;Torrevieja;62;Ciudad Real
2025-07-01;Tomelloso;Torrevieja;232;Ciudad Real
2025-07-01;Valdepeñas;Torrevieja;158;Ciudad Real
2025-07-01;Villanueva de la Fuente;Torrevieja;41;Ciudad Real
2025-07-01;Córdoba;Torrevieja;84;Córdoba
2025-07-01;Coruña, A;Torrevieja;41;Coruña, A
2025-07-01;Ferrol;Torrevieja;30;Coruña, A
2025-07-01;Santiago de Compostela;Torrevieja;41;Coruña, A
2025-07-01;Cuenca;Torrevieja;147;Cuenca
2025-07-01;Horcajo de Santiago;Torrevieja;49;Cuenca
2025-07-01;San Clemente;Torrevieja;34;Cuenca
2025-07-01;Tarancón;Torrevieja;132;Cuenca
2025-07-01;Armilla;Torrevieja;30;Granada
2025-07-01;Granada;Torrevieja;139;Granada
2025-07-01;Alovera;Torrevieja;94;Guadalajara
2025-07-01;Azuqueca de Henares;Torrevieja;170;Guadalajara
2025-07-01;Cabanillas del Campo;Torrevieja;57;Guadalajara
2025-07-01;Casar, El;Torrevieja;55;Guadalajara
2025-07-01;Galápagos;Torrevieja;32;Guadalajara
2025-07-01;Guadalajara;Torrevieja;256;Guadalajara
2025-07-01;Horche;Torrevieja;38;Guadalajara
2025-07-01;Marchamalo;Torrevieja;51;Guadalajara
2025-07-01;Torrejón del Rey;Torrevieja;31;Guadalajara
2025-07-01;Villanueva de la Torre;Torrevieja;69;Guadalajara
2025-07-01;Yebes;Torrevieja;30;Guadalajara
2025-07-01;Irun;Torrevieja;76;Gipuzkoa
2025-07-01;Donostia/San Sebastián;Torrevieja;169;Gipuzkoa
2025-07-01;Lasarte-Oria;Torrevieja;38;Gipuzkoa
2025-07-01;Huesca;Torrevieja;38;Huesca
2025-07-01;Guarromán;Torrevieja;30;Jaén
2025-07-01;Jaén;Torrevieja;36;Jaén
2025-07-01;Linares;Torrevieja;36;Jaén
2025-07-01;Úbeda;Torrevieja;42;Jaén
2025-07-01;Villacarrillo;Torrevieja;40;Jaén
2025-07-01;Bañeza, La;Torrevieja;32;León
2025-07-01;León;Torrevieja;175;León
2025-07-01;Ponferrada;Torrevieja;53;León
2025-07-01;San Andrés del Rabanedo;Torrevieja;38;León
2025-07-01;Lleida;Torrevieja;35;Lleida
2025-07-01;Calahorra;Torrevieja;37;Rioja, La
2025-07-01;Logroño;Torrevieja;133;Rioja, La
2025-07-01;Lugo;Torrevieja;40;Lugo
2025-07-01;Álamo, El;Torrevieja;68;Madrid
2025-07-01;Alcalá de Henares;Torrevieja;1416;Madrid
2025-07-01;Alcobendas;Torrevieja;542;Madrid
2025-07-01;Alcorcón;Torrevieja;1227;Madrid
2025-07-01;Algete;Torrevieja;133;Madrid
2025-07-01;Alpedrete;Torrevieja;80;Madrid
2025-07-01;Aranjuez;Torrevieja;374;Madrid
2025-07-01;Arganda del Rey;Torrevieja;408;Madrid
2025-07-01;Arroyomolinos;Torrevieja;262;Madrid
2025-07-01;Boadilla del Monte;Torrevieja;210;Madrid
2025-07-01;Brunete;Torrevieja;96;Madrid
2025-07-01;Camarma de Esteruelas;Torrevieja;68;Madrid
2025-07-01;Campo Real;Torrevieja;56;Madrid
2025-07-01;Carabaña;Torrevieja;36;Madrid
2025-07-01;Casarrubuelos;Torrevieja;61;Madrid
2025-07-01;Ciempozuelos;Torrevieja;168;Madrid
2025-07-01;Cobeña;Torrevieja;95;Madrid
2025-07-01;Colmenar de Oreja;Torrevieja;42;Madrid
2025-07-01;Colmenar Viejo;Torrevieja;455;Madrid
2025-07-01;Collado Mediano;Torrevieja;41;Madrid
2025-07-01;Collado Villalba;Torrevieja;271;Madrid
2025-07-01;Coslada;Torrevieja;578;Madrid
2025-07-01;Cubas de la Sagra;Torrevieja;78;Madrid
2025-07-01;Daganzo de Arriba;Torrevieja;98;Madrid
2025-07-01;Escorial, El;Torrevieja;84;Madrid
2025-07-01;Fuenlabrada;Torrevieja;1650;Madrid
2025-07-01;Fuente el Saz de Jarama;Torrevieja;76;Madrid
2025-07-01;Galapagar;Torrevieja;137;Madrid
2025-07-01;Getafe;Torrevieja;1360;Madrid
2025-07-01;Griñón;Torrevieja;88;Madrid
2025-07-01;Guadalix de la Sierra;Torrevieja;42;Madrid
2025-07-01;Guadarrama;Torrevieja;80;Madrid
2025-07-01;Humanes de Madrid;Torrevieja;138;Madrid
2025-07-01;Leganés;Torrevieja;1434;Madrid
2025-07-01;Loeches;Torrevieja;117;Madrid
2025-07-01;Madrid;Torrevieja;13087;Madrid
2025-07-01;Majadahonda;Torrevieja;136;Madrid
2025-07-01;Meco;Torrevieja;126;Madrid
2025-07-01;Mejorada del Campo;Torrevieja;319;Madrid
2025-07-01;Molar, El;Torrevieja;56;Madrid
2025-07-01;Moraleja de Enmedio;Torrevieja;70;Madrid
2025-07-01;Moralzarzal;Torrevieja;67;Madrid
2025-07-01;Morata de Tajuña;Torrevieja;64;Madrid
2025-07-01;Móstoles;Torrevieja;1418;Madrid
2025-07-01;Navalcarnero;Torrevieja;259;Madrid
2025-07-01;Paracuellos de Jarama;Torrevieja;127;Madrid
2025-07-01;Parla;Torrevieja;941;Madrid
2025-07-01;Pedrezuela;Torrevieja;89;Madrid
2025-07-01;Pinto;Torrevieja;379;Madrid
2025-07-01;Pozuelo de Alarcón;Torrevieja;181;Madrid
2025-07-01;Rivas-Vaciamadrid;Torrevieja;585;Madrid
2025-07-01;Rozas de Madrid, Las;Torrevieja;272;Madrid
2025-07-01;San Agustín del Guadalix;Torrevieja;73;Madrid
2025-07-01;San Fernando de Henares;Torrevieja;436;Madrid
2025-07-01;San Lorenzo de El Escorial;Torrevieja;51;Madrid
2025-07-01;San Martín de la Vega;Torrevieja;186;Madrid
2025-07-01;San Martín de Valdeiglesias;Torrevieja;36;Madrid
2025-07-01;San Sebastián de los Reyes;Torrevieja;540;Madrid
2025-07-01;Santos de la Humosa, Los;Torrevieja;43;Madrid
2025-07-01;Serranillos del Valle;Torrevieja;31;Madrid
2025-07-01;Sevilla la Nueva;Torrevieja;53;Madrid
2025-07-01;Talamanca de Jarama;Torrevieja;47;Madrid
2025-07-01;Torrejón de Ardoz;Torrevieja;873;Madrid
2025-07-01;Torrejón de la Calzada;Torrevieja;85;Madrid
2025-07-01;Torrejón de Velasco;Torrevieja;41;Madrid
2025-07-01;Torrelodones;Torrevieja;75;Madrid
2025-07-01;Torres de la Alameda;Torrevieja;55;Madrid
2025-07-01;Valdemorillo;Torrevieja;37;Madrid
2025-07-01;Valdemoro;Torrevieja;577;Madrid
2025-07-01;Valdeolmos-Alalpardo;Torrevieja;32;Madrid
2025-07-01;Valdetorres de Jarama;Torrevieja;36;Madrid
2025-07-01;Valdilecha;Torrevieja;52;Madrid
2025-07-01;Velilla de San Antonio;Torrevieja;163;Madrid
2025-07-01;Villa del Prado;Torrevieja;30;Madrid
2025-07-01;Villalbilla;Torrevieja;80;Madrid
2025-07-01;Villamanta;Torrevieja;30;Madrid
2025-07-01;Villanueva de la Cañada;Torrevieja;58;Madrid
2025-07-01;Villanueva del Pardillo;Torrevieja;49;Madrid
2025-07-01;Villarejo de Salvanés;Torrevieja;47;Madrid
2025-07-01;Villaviciosa de Odón;Torrevieja;117;Madrid
2025-07-01;Tres Cantos;Torrevieja;152;Madrid
2025-07-01;Málaga;Torrevieja;92;Málaga
2025-07-01;Abanilla;Torrevieja;95;Murcia
2025-07-01;Abarán;Torrevieja;65;Murcia
2025-07-01;Águilas;Torrevieja;89;Murcia
2025-07-01;Alcantarilla;Torrevieja;594;Murcia
2025-07-01;Alguazas;Torrevieja;189;Murcia
2025-07-01;Alhama de Murcia;Torrevieja;92;Murcia
2025-07-01;Archena;Torrevieja;243;Murcia
2025-07-01;Beniel;Torrevieja;463;Murcia
2025-07-01;Blanca;Torrevieja;130;Murcia
2025-07-01;Calasparra;Torrevieja;77;Murcia
2025-07-01;Caravaca de la Cruz;Torrevieja;264;Murcia
2025-07-01;Cartagena;Torrevieja;982;Murcia
2025-07-01;Ceutí;Torrevieja;159;Murcia
2025-07-01;Cieza;Torrevieja;364;Murcia
2025-07-01;Fortuna;Torrevieja;88;Murcia
2025-07-01;Fuente Álamo de Murcia;Torrevieja;66;Murcia
2025-07-01;Jumilla;Torrevieja;346;Murcia
2025-07-01;Lorca;Torrevieja;60;Murcia
2025-07-01;Lorquí;Torrevieja;90;Murcia
2025-07-01;Mazarrón;Torrevieja;99;Murcia
2025-07-01;Molina de Segura;Torrevieja;1388;Murcia
2025-07-01;Mula;Torrevieja;59;Murcia
2025-07-01;Murcia;Torrevieja;10612;Murcia
2025-07-01;Ricote;Torrevieja;123;Murcia
2025-07-01;San Javier;Torrevieja;195;Murcia
2025-07-01;San Pedro del Pinatar;Torrevieja;361;Murcia
2025-07-01;Torre-Pacheco;Torrevieja;269;Murcia
2025-07-01;Torres de Cotillas, Las;Torrevieja;447;Murcia
2025-07-01;Totana;Torrevieja;59;Murcia
2025-07-01;Unión, La;Torrevieja;39;Murcia
2025-07-01;Yecla;Torrevieja;232;Murcia
2025-07-01;Santomera;Torrevieja;696;Murcia
2025-07-01;Alcázares, Los;Torrevieja;107;Murcia
2025-07-01;Burlada/Burlata;Torrevieja;34;Navarra
2025-07-01;Valle de Egüés/Eguesibar;Torrevieja;50;Navarra
2025-07-01;Estella-Lizarra;Torrevieja;45;Navarra
2025-07-01;Pamplona/Iruña;Torrevieja;258;Navarra
2025-07-01;Ourense;Torrevieja;32;Ourense
2025-07-01;Avilés;Torrevieja;51;Asturias
2025-07-01;Gijón;Torrevieja;159;Asturias
2025-07-01;Langreo;Torrevieja;45;Asturias
2025-07-01;Mieres;Torrevieja;37;Asturias
2025-07-01;Oviedo;Torrevieja;137;Asturias
2025-07-01;Siero;Torrevieja;41;Asturias
2025-07-01;Palencia;Torrevieja;71;Palencia
2025-07-01;Palmas de Gran Canaria, Las;Torrevieja;31;Palmas, Las
2025-07-01;Vigo;Torrevieja;38;Pontevedra
2025-07-01;Salamanca;Torrevieja;213;Salamanca
2025-07-01;Santander;Torrevieja;32;Cantabria
2025-07-01;Palazuelos de Eresma;Torrevieja;33;Segovia
2025-07-01;Segovia;Torrevieja;216;Segovia
2025-07-01;Sevilla;Torrevieja;72;Sevilla
2025-07-01;Tomares;Torrevieja;67;Sevilla
2025-07-01;Cañada Rosal;Torrevieja;36;Sevilla
2025-07-01;Soria;Torrevieja;56;Soria
2025-07-01;Tarragona;Torrevieja;40;Tarragona
2025-07-01;Alcañiz;Torrevieja;30;Teruel
2025-07-01;Teruel;Torrevieja;36;Teruel
2025-07-01;Alameda de la Sagra;Torrevieja;31;Toledo
2025-07-01;Bargas;Torrevieja;52;Toledo
2025-07-01;Borox;Torrevieja;31;Toledo
2025-07-01;Calera y Chozas;Torrevieja;36;Toledo
2025-07-01;Camarena;Torrevieja;37;Toledo
2025-07-01;Carranque;Torrevieja;44;Toledo
2025-07-01;Casarrubios del Monte;Torrevieja;43;Toledo
2025-07-01;Cedillo del Condado;Torrevieja;39;Toledo
2025-07-01;Cobisa;Torrevieja;32;Toledo
2025-07-01;Chozas de Canales;Torrevieja;45;Toledo
2025-07-01;Esquivias;Torrevieja;44;Toledo
2025-07-01;Fuensalida;Torrevieja;44;Toledo
2025-07-01;Illescas;Torrevieja;207;Toledo
2025-07-01;Madridejos;Torrevieja;33;Toledo
2025-07-01;Magán;Torrevieja;40;Toledo
2025-07-01;Méntrida;Torrevieja;62;Toledo
2025-07-01;Miguel Esteban;Torrevieja;34;Toledo
2025-07-01;Mocejón;Torrevieja;31;Toledo
2025-07-01;Mora;Torrevieja;40;Toledo
2025-07-01;Numancia de la Sagra;Torrevieja;58;Toledo
2025-07-01;Ocaña;Torrevieja;91;Toledo
2025-07-01;Olías del Rey;Torrevieja;39;Toledo
2025-07-01;Ontígola;Torrevieja;41;Toledo
2025-07-01;Pantoja;Torrevieja;31;Toledo
2025-07-01;Puebla de Almoradiel, La;Torrevieja;51;Toledo
2025-07-01;Quintanar de la Orden;Torrevieja;83;Toledo
2025-07-01;Recas;Torrevieja;58;Toledo
2025-07-01;Santa Cruz de la Zarza;Torrevieja;30;Toledo
2025-07-01;Seseña;Torrevieja;179;Toledo
2025-07-01;Sonseca;Torrevieja;36;Toledo
2025-07-01;Talavera de la Reina;Torrevieja;176;Toledo
2025-07-01;Toledo;Torrevieja;300;Toledo
2025-07-01;Torrijos;Torrevieja;57;Toledo
2025-07-01;Ugena;Torrevieja;50;Toledo
2025-07-01;Valmojado;Torrevieja;44;Toledo
2025-07-01;Villacañas;Torrevieja;34;Toledo
2025-07-01;Villarrubia de Santiago;Torrevieja;36;Toledo
2025-07-01;Villatobas;Torrevieja;45;Toledo
2025-07-01;Viso de San Juan, El;Torrevieja;39;Toledo
2025-07-01;Yébenes, Los;Torrevieja;32;Toledo
2025-07-01;Yeles;Torrevieja;56;Toledo
2025-07-01;Yepes;Torrevieja;47;Toledo
2025-07-01;Yuncler;Torrevieja;30;Toledo
2025-07-01;Yuncos;Torrevieja;99;Toledo
2025-07-01;Alaquàs;Torrevieja;35;Valencia/València
2025-07-01;Alberic;Torrevieja;40;Valencia/València
2025-07-01;Alboraia/Alboraya;Torrevieja;48;Valencia/València
2025-07-01;Alzira;Torrevieja;40;Valencia/València
2025-07-01;Alcúdia, l';Torrevieja;48;Valencia/València
2025-07-01;Aldaia;Torrevieja;31;Valencia/València
2025-07-01;Alfafar;Torrevieja;44;Valencia/València
2025-07-01;Bétera;Torrevieja;37;Valencia/València
2025-07-01;Burjassot;Torrevieja;100;Valencia/València
2025-07-01;Catarroja;Torrevieja;39;Valencia/València
2025-07-01;Xirivella;Torrevieja;55;Valencia/València
2025-07-01;Eliana, l';Torrevieja;36;Valencia/València
2025-07-01;Gandia;Torrevieja;55;Valencia/València
2025-07-01;Llíria;Torrevieja;38;Valencia/València
2025-07-01;Manises;Torrevieja;47;Valencia/València
2025-07-01;Mislata;Torrevieja;54;Valencia/València
2025-07-01;Moncada;Torrevieja;37;Valencia/València
2025-07-01;Ontinyent;Torrevieja;51;Valencia/València
2025-07-01;Paiporta;Torrevieja;49;Valencia/València
2025-07-01;Paterna;Torrevieja;72;Valencia/València
2025-07-01;Picassent;Torrevieja;42;Valencia/València
2025-07-01;Requena;Torrevieja;30;Valencia/València
2025-07-01;Riba-roja de Túria;Torrevieja;48;Valencia/València
2025-07-01;Sagunto/Sagunt;Torrevieja;34;Valencia/València
2025-07-01;Torrent;Torrevieja;110;Valencia/València
2025-07-01;Utiel;Torrevieja;54;Valencia/València
2025-07-01;València;Torrevieja;844;Valencia/València
2025-07-01;Arroyo de la Encomienda;Torrevieja;54;Valladolid
2025-07-01;Laguna de Duero;Torrevieja;42;Valladolid
2025-07-01;Medina del Campo;Torrevieja;66;Valladolid
2025-07-01;Valladolid;Torrevieja;658;Valladolid
2025-07-01;Barakaldo;Torrevieja;97;Bizkaia
2025-07-01;Basauri;Torrevieja;34;Bizkaia
2025-07-01;Bermeo;Torrevieja;46;Bizkaia
2025-07-01;Bilbao;Torrevieja;336;Bizkaia
2025-07-01;Ermua;Torrevieja;49;Bizkaia
2025-07-01;Getxo;Torrevieja;46;Bizkaia
2025-07-01;Leioa;Torrevieja;49;Bizkaia
2025-07-01;Santurtzi;Torrevieja;63;Bizkaia
2025-07-01;Sestao;Torrevieja;31;Bizkaia
2025-07-01;Zamora;Torrevieja;63;Zamora
2025-07-01;Calatayud;Torrevieja;32;Zaragoza
2025-07-01;Zaragoza;Torrevieja;362;Zaragoza
2025-08-01;Alegría-Dulantzi;Torrevieja;36;Araba/Álava
2025-08-01;Amurrio;Torrevieja;58;Araba/Álava
2025-08-01;Vitoria-Gasteiz;Torrevieja;920;Araba/Álava
2025-08-01;Iruña Oka/Iruña de Oca;Torrevieja;39;Araba/Álava
2025-08-01;Albacete;Torrevieja;2940;Albacete
2025-08-01;Almansa;Torrevieja;229;Albacete
2025-08-01;Barrax;Torrevieja;52;Albacete
2025-08-01;Caudete;Torrevieja;81;Albacete
2025-08-01;Chinchilla de Monte-Aragón;Torrevieja;69;Albacete
2025-08-01;Elche de la Sierra;Torrevieja;50;Albacete
2025-08-01;Fuente-Álamo;Torrevieja;43;Albacete
2025-08-01;Gineta, La;Torrevieja;47;Albacete
2025-08-01;Hellín;Torrevieja;318;Albacete
2025-08-01;Madrigueras;Torrevieja;41;Albacete
2025-08-01;Roda, La;Torrevieja;143;Albacete
2025-08-01;Tarazona de la Mancha;Torrevieja;32;Albacete
2025-08-01;Tobarra;Torrevieja;48;Albacete
2025-08-01;Valdeganga;Torrevieja;37;Albacete
2025-08-01;Villarrobledo;Torrevieja;394;Albacete
2025-08-01;Pozo Cañada;Torrevieja;109;Albacete
2025-08-01;Almería;Torrevieja;130;Almería
2025-08-01;Carboneras;Torrevieja;70;Almería
2025-08-01;Roquetas de Mar;Torrevieja;54;Almería
2025-08-01;Ejido, El;Torrevieja;34;Almería
2025-08-01;Ávila;Torrevieja;191;Ávila
2025-08-01;Cebreros;Torrevieja;33;Ávila
2025-08-01;Badajoz;Torrevieja;63;Badajoz
2025-08-01;Don Benito;Torrevieja;36;Badajoz
2025-08-01;Palma;Torrevieja;99;Balears, Illes
2025-08-01;Badalona;Torrevieja;36;Barcelona
2025-08-01;Barcelona;Torrevieja;422;Barcelona
2025-08-01;Hospitalet de Llobregat, L';Torrevieja;81;Barcelona
2025-08-01;Manresa;Torrevieja;49;Barcelona
2025-08-01;Montcada i Reixac;Torrevieja;53;Barcelona
2025-08-01;Ripollet;Torrevieja;45;Barcelona
2025-08-01;Rubí;Torrevieja;66;Barcelona
2025-08-01;Sabadell;Torrevieja;59;Barcelona
2025-08-01;Sant Boi de Llobregat;Torrevieja;57;Barcelona
2025-08-01;Santa Coloma de Gramenet;Torrevieja;41;Barcelona
2025-08-01;Terrassa;Torrevieja;69;Barcelona
2025-08-01;Aranda de Duero;Torrevieja;65;Burgos
2025-08-01;Burgos;Torrevieja;679;Burgos
2025-08-01;Condado de Treviño;Torrevieja;35;Burgos
2025-08-01;Miranda de Ebro;Torrevieja;108;Burgos
2025-08-01;Almaraz;Torrevieja;33;Cáceres
2025-08-01;Cáceres;Torrevieja;78;Cáceres
2025-08-01;Plasencia;Torrevieja;51;Cáceres
2025-08-01;Castelló de la Plana;Torrevieja;65;Castellón/Castelló
2025-08-01;Alcázar de San Juan;Torrevieja;236;Ciudad Real
2025-08-01;Almagro;Torrevieja;77;Ciudad Real
2025-08-01;Argamasilla de Alba;Torrevieja;31;Ciudad Real
2025-08-01;Argamasilla de Calatrava;Torrevieja;58;Ciudad Real
2025-08-01;Bolaños de Calatrava;Torrevieja;61;Ciudad Real
2025-08-01;Campo de Criptana;Torrevieja;147;Ciudad Real
2025-08-01;Ciudad Real;Torrevieja;386;Ciudad Real
2025-08-01;Daimiel;Torrevieja;98;Ciudad Real
2025-08-01;Herencia;Torrevieja;95;Ciudad Real
2025-08-01;Malagón;Torrevieja;49;Ciudad Real
2025-08-01;Manzanares;Torrevieja;150;Ciudad Real
2025-08-01;Miguelturra;Torrevieja;136;Ciudad Real
2025-08-01;Pedro Muñoz;Torrevieja;69;Ciudad Real
2025-08-01;Pozuelo de Calatrava;Torrevieja;47;Ciudad Real
2025-08-01;Puertollano;Torrevieja;314;Ciudad Real
2025-08-01;Socuéllamos;Torrevieja;99;Ciudad Real
2025-08-01;Solana, La;Torrevieja;42;Ciudad Real
2025-08-01;Terrinches;Torrevieja;56;Ciudad Real
2025-08-01;Tomelloso;Torrevieja;259;Ciudad Real
2025-08-01;Valdepeñas;Torrevieja;180;Ciudad Real
2025-08-01;Córdoba;Torrevieja;142;Córdoba
2025-08-01;Coruña, A;Torrevieja;42;Coruña, A
2025-08-01;Ferrol;Torrevieja;31;Coruña, A
2025-08-01;Cuenca;Torrevieja;110;Cuenca
2025-08-01;Horcajo de Santiago;Torrevieja;45;Cuenca
2025-08-01;Mesas, Las;Torrevieja;33;Cuenca
2025-08-01;Pedroñeras, Las;Torrevieja;55;Cuenca
2025-08-01;Quintanar del Rey;Torrevieja;39;Cuenca
2025-08-01;Tarancón;Torrevieja;139;Cuenca
2025-08-01;Churriana de la Vega;Torrevieja;36;Granada
2025-08-01;Granada;Torrevieja;131;Granada
2025-08-01;Lecrín;Torrevieja;31;Granada
2025-08-01;Motril;Torrevieja;34;Granada
2025-08-01;Alovera;Torrevieja;99;Guadalajara
2025-08-01;Azuqueca de Henares;Torrevieja;231;Guadalajara
2025-08-01;Cabanillas del Campo;Torrevieja;43;Guadalajara
2025-08-01;Casar, El;Torrevieja;89;Guadalajara
2025-08-01;Chiloeches;Torrevieja;42;Guadalajara
2025-08-01;Galápagos;Torrevieja;31;Guadalajara
2025-08-01;Guadalajara;Torrevieja;303;Guadalajara
2025-08-01;Horche;Torrevieja;53;Guadalajara
2025-08-01;Marchamalo;Torrevieja;32;Guadalajara
2025-08-01;Mondéjar;Torrevieja;30;Guadalajara
2025-08-01;Pioz;Torrevieja;46;Guadalajara
2025-08-01;Torrejón del Rey;Torrevieja;74;Guadalajara
2025-08-01;Valdeaveruelo;Torrevieja;59;Guadalajara
2025-08-01;Villanueva de la Torre;Torrevieja;83;Guadalajara
2025-08-01;Yebes;Torrevieja;37;Guadalajara
2025-08-01;Andoain;Torrevieja;32;Gipuzkoa
2025-08-01;Azpeitia;Torrevieja;34;Gipuzkoa
2025-08-01;Eibar;Torrevieja;108;Gipuzkoa
2025-08-01;Elgoibar;Torrevieja;30;Gipuzkoa
2025-08-01;Hernani;Torrevieja;51;Gipuzkoa
2025-08-01;Irun;Torrevieja;117;Gipuzkoa
2025-08-01;Lazkao;Torrevieja;105;Gipuzkoa
2025-08-01;Lezo;Torrevieja;47;Gipuzkoa
2025-08-01;Arrasate/Mondragón;Torrevieja;46;Gipuzkoa
2025-08-01;Oiartzun;Torrevieja;49;Gipuzkoa
2025-08-01;Pasaia;Torrevieja;54;Gipuzkoa
2025-08-01;Errenteria;Torrevieja;92;Gipuzkoa
2025-08-01;Donostia/San Sebastián;Torrevieja;255;Gipuzkoa
2025-08-01;Tolosa;Torrevieja;35;Gipuzkoa
2025-08-01;Bergara;Torrevieja;31;Gipuzkoa
2025-08-01;Lasarte-Oria;Torrevieja;38;Gipuzkoa
2025-08-01;Huesca;Torrevieja;31;Huesca
2025-08-01;Andújar;Torrevieja;34;Jaén
2025-08-01;Jaén;Torrevieja;48;Jaén
2025-08-01;Linares;Torrevieja;52;Jaén
2025-08-01;Santiago de Calatrava;Torrevieja;38;Jaén
2025-08-01;Úbeda;Torrevieja;33;Jaén
2025-08-01;León;Torrevieja;183;León
2025-08-01;Ponferrada;Torrevieja;57;León
2025-08-01;San Andrés del Rabanedo;Torrevieja;45;León
2025-08-01;Lleida;Torrevieja;52;Lleida
2025-08-01;Calahorra;Torrevieja;44;Rioja, La
2025-08-01;Logroño;Torrevieja;224;Rioja, La
2025-08-01;Lugo;Torrevieja;41;Lugo
2025-08-01;Ajalvir;Torrevieja;47;Madrid
2025-08-01;Álamo, El;Torrevieja;97;Madrid
2025-08-01;Alcalá de Henares;Torrevieja;1753;Madrid
2025-08-01;Alcobendas;Torrevieja;717;Madrid
2025-08-01;Alcorcón;Torrevieja;1724;Madrid
2025-08-01;Aldea del Fresno;Torrevieja;31;Madrid
2025-08-01;Algete;Torrevieja;222;Madrid
2025-08-01;Alpedrete;Torrevieja;90;Madrid
2025-08-01;Aranjuez;Torrevieja;525;Madrid
2025-08-01;Arganda del Rey;Torrevieja;640;Madrid
2025-08-01;Arroyomolinos;Torrevieja;403;Madrid
2025-08-01;Becerril de la Sierra;Torrevieja;47;Madrid
2025-08-01;Belmonte de Tajo;Torrevieja;38;Madrid
2025-08-01;Boadilla del Monte;Torrevieja;284;Madrid
2025-08-01;Boalo, El;Torrevieja;40;Madrid
2025-08-01;Brunete;Torrevieja;87;Madrid
2025-08-01;Cadalso de los Vidrios;Torrevieja;32;Madrid
2025-08-01;Camarma de Esteruelas;Torrevieja;94;Madrid
2025-08-01;Campo Real;Torrevieja;81;Madrid
2025-08-01;Carabaña;Torrevieja;67;Madrid
2025-08-01;Casarrubuelos;Torrevieja;85;Madrid
2025-08-01;Cercedilla;Torrevieja;33;Madrid
2025-08-01;Ciempozuelos;Torrevieja;189;Madrid
2025-08-01;Cobeña;Torrevieja;51;Madrid
2025-08-01;Colmenar de Oreja;Torrevieja;49;Madrid
2025-08-01;Colmenarejo;Torrevieja;42;Madrid
2025-08-01;Colmenar Viejo;Torrevieja;522;Madrid
2025-08-01;Collado Mediano;Torrevieja;43;Madrid
2025-08-01;Collado Villalba;Torrevieja;433;Madrid
2025-08-01;Coslada;Torrevieja;665;Madrid
2025-08-01;Cubas de la Sagra;Torrevieja;89;Madrid
2025-08-01;Daganzo de Arriba;Torrevieja;124;Madrid
2025-08-01;Escorial, El;Torrevieja;70;Madrid
2025-08-01;Fresno de Torote;Torrevieja;31;Madrid
2025-08-01;Fuenlabrada;Torrevieja;2391;Madrid
2025-08-01;Fuente el Saz de Jarama;Torrevieja;61;Madrid
2025-08-01;Galapagar;Torrevieja;199;Madrid
2025-08-01;Getafe;Torrevieja;1879;Madrid
2025-08-01;Griñón;Torrevieja;133;Madrid
2025-08-01;Guadalix de la Sierra;Torrevieja;48;Madrid
2025-08-01;Guadarrama;Torrevieja;101;Madrid
2025-08-01;Hoyo de Manzanares;Torrevieja;32;Madrid
2025-08-01;Humanes de Madrid;Torrevieja;297;Madrid
2025-08-01;Leganés;Torrevieja;2163;Madrid
2025-08-01;Loeches;Torrevieja;129;Madrid
2025-08-01;Madrid;Torrevieja;17945;Madrid
2025-08-01;Majadahonda;Torrevieja;272;Madrid
2025-08-01;Manzanares el Real;Torrevieja;48;Madrid
2025-08-01;Meco;Torrevieja;176;Madrid
2025-08-01;Mejorada del Campo;Torrevieja;401;Madrid
2025-08-01;Miraflores de la Sierra;Torrevieja;38;Madrid
2025-08-01;Molar, El;Torrevieja;63;Madrid
2025-08-01;Molinos, Los;Torrevieja;35;Madrid
2025-08-01;Moraleja de Enmedio;Torrevieja;82;Madrid
2025-08-01;Moralzarzal;Torrevieja;89;Madrid
2025-08-01;Morata de Tajuña;Torrevieja;74;Madrid
2025-08-01;Móstoles;Torrevieja;2121;Madrid
2025-08-01;Navalcarnero;Torrevieja;331;Madrid
2025-08-01;Nuevo Baztán;Torrevieja;52;Madrid
2025-08-01;Paracuellos de Jarama;Torrevieja;161;Madrid
2025-08-01;Parla;Torrevieja;1508;Madrid
2025-08-01;Pedrezuela;Torrevieja;47;Madrid
2025-08-01;Pinto;Torrevieja;517;Madrid
2025-08-01;Pozuelo de Alarcón;Torrevieja;246;Madrid
2025-08-01;Quijorna;Torrevieja;64;Madrid
2025-08-01;Rivas-Vaciamadrid;Torrevieja;765;Madrid
2025-08-01;Rozas de Madrid, Las;Torrevieja;394;Madrid
2025-08-01;San Agustín del Guadalix;Torrevieja;99;Madrid
2025-08-01;San Fernando de Henares;Torrevieja;465;Madrid
2025-08-01;San Lorenzo de El Escorial;Torrevieja;64;Madrid
2025-08-01;San Martín de la Vega;Torrevieja;185;Madrid
2025-08-01;San Martín de Valdeiglesias;Torrevieja;64;Madrid
2025-08-01;San Sebastián de los Reyes;Torrevieja;838;Madrid
2025-08-01;Santos de la Humosa, Los;Torrevieja;37;Madrid
2025-08-01;Serranillos del Valle;Torrevieja;46;Madrid
2025-08-01;Sevilla la Nueva;Torrevieja;64;Madrid
2025-08-01;Talamanca de Jarama;Torrevieja;38;Madrid
2025-08-01;Torrejón de Ardoz;Torrevieja;1271;Madrid
2025-08-01;Torrejón de la Calzada;Torrevieja;138;Madrid
2025-08-01;Torrejón de Velasco;Torrevieja;54;Madrid
2025-08-01;Torrelodones;Torrevieja;87;Madrid
2025-08-01;Torres de la Alameda;Torrevieja;53;Madrid
2025-08-01;Valdemorillo;Torrevieja;87;Madrid
2025-08-01;Valdemoro;Torrevieja;780;Madrid
2025-08-01;Valdeolmos-Alalpardo;Torrevieja;30;Madrid
2025-08-01;Valdetorres de Jarama;Torrevieja;42;Madrid
2025-08-01;Velilla de San Antonio;Torrevieja;236;Madrid
2025-08-01;Villa del Prado;Torrevieja;54;Madrid
2025-08-01;Villalbilla;Torrevieja;105;Madrid
2025-08-01;Villamanta;Torrevieja;36;Madrid
2025-08-01;Villanueva de la Cañada;Torrevieja;104;Madrid
2025-08-01;Villanueva del Pardillo;Torrevieja;109;Madrid
2025-08-01;Villar del Olmo;Torrevieja;48;Madrid
2025-08-01;Villarejo de Salvanés;Torrevieja;77;Madrid
2025-08-01;Villaviciosa de Odón;Torrevieja;158;Madrid
2025-08-01;Tres Cantos;Torrevieja;239;Madrid
2025-08-01;Málaga;Torrevieja;131;Málaga
2025-08-01;Abanilla;Torrevieja;149;Murcia
2025-08-01;Abarán;Torrevieja;111;Murcia
2025-08-01;Águilas;Torrevieja;135;Murcia
2025-08-01;Alcantarilla;Torrevieja;630;Murcia
2025-08-01;Alguazas;Torrevieja;175;Murcia
2025-08-01;Alhama de Murcia;Torrevieja;73;Murcia
2025-08-01;Archena;Torrevieja;282;Murcia
2025-08-01;Beniel;Torrevieja;530;Murcia
2025-08-01;Blanca;Torrevieja;134;Murcia
2025-08-01;Calasparra;Torrevieja;75;Murcia
2025-08-01;Caravaca de la Cruz;Torrevieja;299;Murcia
2025-08-01;Cartagena;Torrevieja;1037;Murcia
2025-08-01;Cehegín;Torrevieja;56;Murcia
2025-08-01;Ceutí;Torrevieja;209;Murcia
2025-08-01;Cieza;Torrevieja;588;Murcia
2025-08-01;Fortuna;Torrevieja;81;Murcia
2025-08-01;Fuente Álamo de Murcia;Torrevieja;57;Murcia
2025-08-01;Jumilla;Torrevieja;463;Murcia
2025-08-01;Librilla;Torrevieja;30;Murcia
2025-08-01;Lorca;Torrevieja;152;Murcia
2025-08-01;Lorquí;Torrevieja;78;Murcia
2025-08-01;Mazarrón;Torrevieja;105;Murcia
2025-08-01;Molina de Segura;Torrevieja;1543;Murcia
2025-08-01;Mula;Torrevieja;62;Murcia
2025-08-01;Murcia;Torrevieja;12337;Murcia
2025-08-01;Puerto Lumbreras;Torrevieja;40;Murcia
2025-08-01;Ricote;Torrevieja;71;Murcia
2025-08-01;San Javier;Torrevieja;203;Murcia
2025-08-01;San Pedro del Pinatar;Torrevieja;382;Murcia
2025-08-01;Torre-Pacheco;Torrevieja;288;Murcia
2025-08-01;Torres de Cotillas, Las;Torrevieja;484;Murcia
2025-08-01;Totana;Torrevieja;91;Murcia
2025-08-01;Yecla;Torrevieja;490;Murcia
2025-08-01;Santomera;Torrevieja;766;Murcia
2025-08-01;Alcázares, Los;Torrevieja;89;Murcia
2025-08-01;Altsasu/Alsasua;Torrevieja;33;Navarra
2025-08-01;Burlada/Burlata;Torrevieja;35;Navarra
2025-08-01;Valle de Egüés/Eguesibar;Torrevieja;46;Navarra
2025-08-01;Pamplona/Iruña;Torrevieja;283;Navarra
2025-08-01;Tudela;Torrevieja;57;Navarra
2025-08-01;Barañáin/Barañain;Torrevieja;48;Navarra
2025-08-01;Ourense;Torrevieja;79;Ourense
2025-08-01;Avilés;Torrevieja;35;Asturias
2025-08-01;Gijón;Torrevieja;131;Asturias
2025-08-01;Langreo;Torrevieja;33;Asturias
2025-08-01;Mieres;Torrevieja;41;Asturias
2025-08-01;Oviedo;Torrevieja;191;Asturias
2025-08-01;Siero;Torrevieja;45;Asturias
2025-08-01;Palencia;Torrevieja;134;Palencia
2025-08-01;Palmas de Gran Canaria, Las;Torrevieja;30;Palmas, Las
2025-08-01;Vigo;Torrevieja;40;Pontevedra
2025-08-01;Salamanca;Torrevieja;219;Salamanca
2025-08-01;Santa Marta de Tormes;Torrevieja;37;Salamanca
2025-08-01;Terradillos;Torrevieja;49;Salamanca
2025-08-01;San Cristóbal de La Laguna;Torrevieja;33;Santa Cruz de Tenerife
2025-08-01;Castro-Urdiales;Torrevieja;35;Cantabria
2025-08-01;Santander;Torrevieja;93;Cantabria
2025-08-01;Torrelavega;Torrevieja;35;Cantabria
2025-08-01;Espinar, El;Torrevieja;31;Segovia
2025-08-01;Palazuelos de Eresma;Torrevieja;32;Segovia
2025-08-01;Segovia;Torrevieja;202;Segovia
2025-08-01;Dos Hermanas;Torrevieja;35;Sevilla
2025-08-01;San Juan de Aznalfarache;Torrevieja;75;Sevilla
2025-08-01;Sevilla;Torrevieja;140;Sevilla
2025-08-01;Tomares;Torrevieja;53;Sevilla
2025-08-01;Soria;Torrevieja;38;Soria
2025-08-01;Andorra;Torrevieja;34;Teruel
2025-08-01;Teruel;Torrevieja;33;Teruel
2025-08-01;Añover de Tajo;Torrevieja;40;Toledo
2025-08-01;Argés;Torrevieja;32;Toledo
2025-08-01;Bargas;Torrevieja;79;Toledo
2025-08-01;Borox;Torrevieja;37;Toledo
2025-08-01;Camarena;Torrevieja;35;Toledo
2025-08-01;Camuñas;Torrevieja;33;Toledo
2025-08-01;Carranque;Torrevieja;55;Toledo
2025-08-01;Casarrubios del Monte;Torrevieja;71;Toledo
2025-08-01;Cedillo del Condado;Torrevieja;55;Toledo
2025-08-01;Cobisa;Torrevieja;30;Toledo
2025-08-01;Dosbarrios;Torrevieja;51;Toledo
2025-08-01;Esquivias;Torrevieja;57;Toledo
2025-08-01;Fuensalida;Torrevieja;81;Toledo
2025-08-01;Gálvez;Torrevieja;36;Toledo
2025-08-01;Guardia, La;Torrevieja;33;Toledo
2025-08-01;Illescas;Torrevieja;320;Toledo
2025-08-01;Lominchar;Torrevieja;42;Toledo
2025-08-01;Madridejos;Torrevieja;53;Toledo
2025-08-01;Magán;Torrevieja;47;Toledo
2025-08-01;Méntrida;Torrevieja;65;Toledo
2025-08-01;Miguel Esteban;Torrevieja;50;Toledo
2025-08-01;Mocejón;Torrevieja;41;Toledo
2025-08-01;Mora;Torrevieja;48;Toledo
2025-08-01;Nambroca;Torrevieja;31;Toledo
2025-08-01;Numancia de la Sagra;Torrevieja;58;Toledo
2025-08-01;Ocaña;Torrevieja;77;Toledo
2025-08-01;Olías del Rey;Torrevieja;51;Toledo
2025-08-01;Ontígola;Torrevieja;109;Toledo
2025-08-01;Pantoja;Torrevieja;39;Toledo
2025-08-01;Puebla de Almoradiel, La;Torrevieja;63;Toledo
2025-08-01;Puebla de Montalbán, La;Torrevieja;40;Toledo
2025-08-01;Quintanar de la Orden;Torrevieja;80;Toledo
2025-08-01;Recas;Torrevieja;40;Toledo
2025-08-01;Santa Cruz de la Zarza;Torrevieja;34;Toledo
2025-08-01;Seseña;Torrevieja;260;Toledo
2025-08-01;Sonseca;Torrevieja;53;Toledo
2025-08-01;Talavera de la Reina;Torrevieja;333;Toledo
2025-08-01;Toledo;Torrevieja;400;Toledo
2025-08-01;Torrijos;Torrevieja;62;Toledo
2025-08-01;Ugena;Torrevieja;109;Toledo
2025-08-01;Ventas de Retamosa, Las;Torrevieja;40;Toledo
2025-08-01;Villafranca de los Caballeros;Torrevieja;54;Toledo
2025-08-01;Villaluenga de la Sagra;Torrevieja;57;Toledo
2025-08-01;Villarrubia de Santiago;Torrevieja;66;Toledo
2025-08-01;Villaseca de la Sagra;Torrevieja;44;Toledo
2025-08-01;Villatobas;Torrevieja;56;Toledo
2025-08-01;Viso de San Juan, El;Torrevieja;57;Toledo
2025-08-01;Yeles;Torrevieja;79;Toledo
2025-08-01;Yepes;Torrevieja;66;Toledo
2025-08-01;Yuncler;Torrevieja;65;Toledo
2025-08-01;Yuncos;Torrevieja;162;Toledo
2025-08-01;Alaquàs;Torrevieja;43;Valencia/València
2025-08-01;Albal;Torrevieja;34;Valencia/València
2025-08-01;Alberic;Torrevieja;55;Valencia/València
2025-08-01;Alboraia/Alboraya;Torrevieja;45;Valencia/València
2025-08-01;Alzira;Torrevieja;67;Valencia/València
2025-08-01;Alfafar;Torrevieja;44;Valencia/València
2025-08-01;Almàssera;Torrevieja;31;Valencia/València
2025-08-01;Aielo de Malferit;Torrevieja;36;Valencia/València
2025-08-01;Bétera;Torrevieja;51;Valencia/València
2025-08-01;Burjassot;Torrevieja;55;Valencia/València
2025-08-01;Carlet;Torrevieja;80;Valencia/València
2025-08-01;Catarroja;Torrevieja;56;Valencia/València
2025-08-01;Xirivella;Torrevieja;42;Valencia/València
2025-08-01;Eliana, l';Torrevieja;79;Valencia/València
2025-08-01;Gandia;Torrevieja;61;Valencia/València
2025-08-01;Xàtiva;Torrevieja;34;Valencia/València
2025-08-01;Llíria;Torrevieja;38;Valencia/València
2025-08-01;Manises;Torrevieja;50;Valencia/València
2025-08-01;Mislata;Torrevieja;55;Valencia/València
2025-08-01;Ontinyent;Torrevieja;82;Valencia/València
2025-08-01;Paiporta;Torrevieja;64;Valencia/València
2025-08-01;Paterna;Torrevieja;141;Valencia/València
2025-08-01;Picanya;Torrevieja;32;Valencia/València
2025-08-01;Pobla de Vallbona, la;Torrevieja;37;Valencia/València
2025-08-01;Riba-roja de Túria;Torrevieja;31;Valencia/València
2025-08-01;Sagunto/Sagunt;Torrevieja;60;Valencia/València
2025-08-01;Silla;Torrevieja;32;Valencia/València
2025-08-01;Sueca;Torrevieja;31;Valencia/València
2025-08-01;Torrent;Torrevieja;153;Valencia/València
2025-08-01;València;Torrevieja;1172;Valencia/València
2025-08-01;Arroyo de la Encomienda;Torrevieja;89;Valladolid
2025-08-01;Íscar;Torrevieja;31;Valladolid
2025-08-01;Laguna de Duero;Torrevieja;128;Valladolid
2025-08-01;Medina del Campo;Torrevieja;105;Valladolid
2025-08-01;Tudela de Duero;Torrevieja;41;Valladolid
2025-08-01;Valladolid;Torrevieja;755;Valladolid
2025-08-01;Amorebieta-Etxano;Torrevieja;89;Bizkaia
2025-08-01;Barakaldo;Torrevieja;195;Bizkaia
2025-08-01;Basauri;Torrevieja;77;Bizkaia
2025-08-01;Bermeo;Torrevieja;41;Bizkaia
2025-08-01;Berriz;Torrevieja;30;Bizkaia
2025-08-01;Bilbao;Torrevieja;655;Bizkaia
2025-08-01;Durango;Torrevieja;91;Bizkaia
2025-08-01;Ermua;Torrevieja;58;Bizkaia
2025-08-01;Galdakao;Torrevieja;56;Bizkaia
2025-08-01;Getxo;Torrevieja;102;Bizkaia
2025-08-01;Leioa;Torrevieja;43;Bizkaia
2025-08-01;Mungia;Torrevieja;31;Bizkaia
2025-08-01;Portugalete;Torrevieja;51;Bizkaia
2025-08-01;Santurtzi;Torrevieja;93;Bizkaia
2025-08-01;Sestao;Torrevieja;62;Bizkaia
2025-08-01;Sopela;Torrevieja;31;Bizkaia
2025-08-01;Igorre;Torrevieja;32;Bizkaia
2025-08-01;Zalla;Torrevieja;37;Bizkaia
2025-08-01;Derio;Torrevieja;41;Bizkaia
2025-08-01;Erandio;Torrevieja;100;Bizkaia
2025-08-01;Iurreta;Torrevieja;50;Bizkaia
2025-08-01;Zamora;Torrevieja;82;Zamora
2025-08-01;Zaragoza;Torrevieja;458;Zaragoza
2025-08-01;Melilla;Torrevieja;36;Melilla
2025-09-01;Vitoria-Gasteiz;Torrevieja;381;Araba/Álava
2025-09-01;Albacete;Torrevieja;846;Albacete
2025-09-01;Almansa;Torrevieja;70;Albacete
2025-09-01;Caudete;Torrevieja;54;Albacete
2025-09-01;Chinchilla de Monte-Aragón;Torrevieja;40;Albacete
2025-09-01;Hellín;Torrevieja;162;Albacete
2025-09-01;Ossa de Montiel;Torrevieja;33;Albacete
2025-09-01;Roda, La;Torrevieja;54;Albacete
2025-09-01;Villarrobledo;Torrevieja;116;Albacete
2025-09-01;Pozo Cañada;Torrevieja;37;Albacete
2025-09-01;Almería;Torrevieja;72;Almería
2025-09-01;Carboneras;Torrevieja;61;Almería
2025-09-01;Cuevas del Almanzora;Torrevieja;38;Almería
2025-09-01;Roquetas de Mar;Torrevieja;33;Almería
2025-09-01;Ávila;Torrevieja;95;Ávila
2025-09-01;Palma;Torrevieja;63;Balears, Illes
2025-09-01;Barcelona;Torrevieja;210;Barcelona
2025-09-01;Sabadell;Torrevieja;46;Barcelona
2025-09-01;Terrassa;Torrevieja;31;Barcelona
2025-09-01;Aranda de Duero;Torrevieja;93;Burgos
2025-09-01;Burgos;Torrevieja;246;Burgos
2025-09-01;Miranda de Ebro;Torrevieja;38;Burgos
2025-09-01;Cáceres;Torrevieja;43;Cáceres
2025-09-01;Castelló de la Plana;Torrevieja;77;Castellón/Castelló
2025-09-01;Vall d'Uixó, la;Torrevieja;31;Castellón/Castelló
2025-09-01;Alcázar de San Juan;Torrevieja;69;Ciudad Real
2025-09-01;Almagro;Torrevieja;55;Ciudad Real
2025-09-01;Argamasilla de Alba;Torrevieja;51;Ciudad Real
2025-09-01;Bolaños de Calatrava;Torrevieja;32;Ciudad Real
2025-09-01;Campo de Criptana;Torrevieja;53;Ciudad Real
2025-09-01;Ciudad Real;Torrevieja;133;Ciudad Real
2025-09-01;Daimiel;Torrevieja;39;Ciudad Real
2025-09-01;Herencia;Torrevieja;47;Ciudad Real
2025-09-01;Manzanares;Torrevieja;34;Ciudad Real
2025-09-01;Miguelturra;Torrevieja;34;Ciudad Real
2025-09-01;Puertollano;Torrevieja;68;Ciudad Real
2025-09-01;Socuéllamos;Torrevieja;35;Ciudad Real
2025-09-01;Solana, La;Torrevieja;33;Ciudad Real
2025-09-01;Tomelloso;Torrevieja;134;Ciudad Real
2025-09-01;Valdepeñas;Torrevieja;67;Ciudad Real
2025-09-01;Almodóvar del Río;Torrevieja;40;Córdoba
2025-09-01;Córdoba;Torrevieja;60;Córdoba
2025-09-01;Cuenca;Torrevieja;94;Cuenca
2025-09-01;Pedroñeras, Las;Torrevieja;31;Cuenca
2025-09-01;Tarancón;Torrevieja;83;Cuenca
2025-09-01;Granada;Torrevieja;74;Granada
2025-09-01;Alovera;Torrevieja;34;Guadalajara
2025-09-01;Azuqueca de Henares;Torrevieja;66;Guadalajara
2025-09-01;Casar, El;Torrevieja;47;Guadalajara
2025-09-01;Guadalajara;Torrevieja;95;Guadalajara
2025-09-01;Torrejón del Rey;Torrevieja;71;Guadalajara
2025-09-01;Errenteria;Torrevieja;53;Gipuzkoa
2025-09-01;Donostia/San Sebastián;Torrevieja;97;Gipuzkoa
2025-09-01;Zumaia;Torrevieja;30;Gipuzkoa
2025-09-01;León;Torrevieja;146;León
2025-09-01;San Andrés del Rabanedo;Torrevieja;34;León
2025-09-01;Villaquilambre;Torrevieja;37;León
2025-09-01;Lleida;Torrevieja;38;Lleida
2025-09-01;Logroño;Torrevieja;144;Rioja, La
2025-09-01;Álamo, El;Torrevieja;33;Madrid
2025-09-01;Alcalá de Henares;Torrevieja;577;Madrid
2025-09-01;Alcobendas;Torrevieja;258;Madrid
2025-09-01;Alcorcón;Torrevieja;541;Madrid
2025-09-01;Algete;Torrevieja;65;Madrid
2025-09-01;Alpedrete;Torrevieja;50;Madrid
2025-09-01;Aranjuez;Torrevieja;184;Madrid
2025-09-01;Arganda del Rey;Torrevieja;202;Madrid
2025-09-01;Arroyomolinos;Torrevieja;64;Madrid
2025-09-01;Boadilla del Monte;Torrevieja;93;Madrid
2025-09-01;Brunete;Torrevieja;39;Madrid
2025-09-01;Camarma de Esteruelas;Torrevieja;34;Madrid
2025-09-01;Carabaña;Torrevieja;42;Madrid
2025-09-01;Ciempozuelos;Torrevieja;48;Madrid
2025-09-01;Colmenar Viejo;Torrevieja;218;Madrid
2025-09-01;Collado Mediano;Torrevieja;30;Madrid
2025-09-01;Collado Villalba;Torrevieja;142;Madrid
2025-09-01;Coslada;Torrevieja;271;Madrid
2025-09-01;Cubas de la Sagra;Torrevieja;36;Madrid
2025-09-01;Escorial, El;Torrevieja;54;Madrid
2025-09-01;Fuenlabrada;Torrevieja;723;Madrid
2025-09-01;Fuente el Saz de Jarama;Torrevieja;40;Madrid
2025-09-01;Galapagar;Torrevieja;77;Madrid
2025-09-01;Getafe;Torrevieja;606;Madrid
2025-09-01;Griñón;Torrevieja;35;Madrid
2025-09-01;Guadalix de la Sierra;Torrevieja;41;Madrid
2025-09-01;Guadarrama;Torrevieja;54;Madrid
2025-09-01;Humanes de Madrid;Torrevieja;42;Madrid
2025-09-01;Leganés;Torrevieja;663;Madrid
2025-09-01;Loeches;Torrevieja;30;Madrid
2025-09-01;Madrid;Torrevieja;6622;Madrid
2025-09-01;Majadahonda;Torrevieja;75;Madrid
2025-09-01;Meco;Torrevieja;37;Madrid
2025-09-01;Mejorada del Campo;Torrevieja;126;Madrid
2025-09-01;Molar, El;Torrevieja;31;Madrid
2025-09-01;Moraleja de Enmedio;Torrevieja;39;Madrid
2025-09-01;Moralzarzal;Torrevieja;51;Madrid
2025-09-01;Móstoles;Torrevieja;815;Madrid
2025-09-01;Navalcarnero;Torrevieja;71;Madrid
2025-09-01;Paracuellos de Jarama;Torrevieja;72;Madrid
2025-09-01;Parla;Torrevieja;417;Madrid
2025-09-01;Pinto;Torrevieja;167;Madrid
2025-09-01;Pozuelo de Alarcón;Torrevieja;97;Madrid
2025-09-01;Rivas-Vaciamadrid;Torrevieja;293;Madrid
2025-09-01;Rozas de Madrid, Las;Torrevieja;116;Madrid
2025-09-01;San Agustín del Guadalix;Torrevieja;56;Madrid
2025-09-01;San Fernando de Henares;Torrevieja;229;Madrid
2025-09-01;San Lorenzo de El Escorial;Torrevieja;57;Madrid
2025-09-01;San Martín de la Vega;Torrevieja;77;Madrid
2025-09-01;San Martín de Valdeiglesias;Torrevieja;65;Madrid
2025-09-01;San Sebastián de los Reyes;Torrevieja;249;Madrid
2025-09-01;Torrejón de Ardoz;Torrevieja;427;Madrid
2025-09-01;Torrejón de la Calzada;Torrevieja;37;Madrid
2025-09-01;Torrelodones;Torrevieja;39;Madrid
2025-09-01;Valdemoro;Torrevieja;276;Madrid
2025-09-01;Valdilecha;Torrevieja;33;Madrid
2025-09-01;Velilla de San Antonio;Torrevieja;65;Madrid
2025-09-01;Villanueva de la Cañada;Torrevieja;47;Madrid
2025-09-01;Villanueva del Pardillo;Torrevieja;31;Madrid
2025-09-01;Villaviciosa de Odón;Torrevieja;52;Madrid
2025-09-01;Tres Cantos;Torrevieja;101;Madrid
2025-09-01;Málaga;Torrevieja;90;Málaga
2025-09-01;Abanilla;Torrevieja;68;Murcia
2025-09-01;Abarán;Torrevieja;62;Murcia
2025-09-01;Águilas;Torrevieja;176;Murcia
2025-09-01;Alcantarilla;Torrevieja;257;Murcia
2025-09-01;Alguazas;Torrevieja;83;Murcia
2025-09-01;Archena;Torrevieja;69;Murcia
2025-09-01;Beniel;Torrevieja;152;Murcia
2025-09-01;Blanca;Torrevieja;30;Murcia
2025-09-01;Calasparra;Torrevieja;31;Murcia
2025-09-01;Caravaca de la Cruz;Torrevieja;59;Murcia
2025-09-01;Cartagena;Torrevieja;591;Murcia
2025-09-01;Cehegín;Torrevieja;31;Murcia
2025-09-01;Ceutí;Torrevieja;46;Murcia
2025-09-01;Cieza;Torrevieja;237;Murcia
2025-09-01;Jumilla;Torrevieja;91;Murcia
2025-09-01;Lorca;Torrevieja;68;Murcia
2025-09-01;Mazarrón;Torrevieja;145;Murcia
2025-09-01;Molina de Segura;Torrevieja;617;Murcia
2025-09-01;Mula;Torrevieja;45;Murcia
2025-09-01;Murcia;Torrevieja;4862;Murcia
2025-09-01;Pliego;Torrevieja;31;Murcia
2025-09-01;Ricote;Torrevieja;32;Murcia
2025-09-01;San Javier;Torrevieja;202;Murcia
2025-09-01;San Pedro del Pinatar;Torrevieja;290;Murcia
2025-09-01;Torre-Pacheco;Torrevieja;137;Murcia
2025-09-01;Torres de Cotillas, Las;Torrevieja;226;Murcia
2025-09-01;Unión, La;Torrevieja;32;Murcia
2025-09-01;Yecla;Torrevieja;96;Murcia
2025-09-01;Santomera;Torrevieja;314;Murcia
2025-09-01;Alcázares, Los;Torrevieja;99;Murcia
2025-09-01;Pamplona/Iruña;Torrevieja;101;Navarra
2025-09-01;Tudela;Torrevieja;68;Navarra
2025-09-01;Gijón;Torrevieja;128;Asturias
2025-09-01;Langreo;Torrevieja;30;Asturias
2025-09-01;Oviedo;Torrevieja;75;Asturias
2025-09-01;Palencia;Torrevieja;66;Palencia
2025-09-01;Palmas de Gran Canaria, Las;Torrevieja;40;Palmas, Las
2025-09-01;Vigo;Torrevieja;51;Pontevedra
2025-09-01;Salamanca;Torrevieja;121;Salamanca
2025-09-01;Santander;Torrevieja;38;Cantabria
2025-09-01;Torrelavega;Torrevieja;30;Cantabria
2025-09-01;Cuéllar;Torrevieja;35;Segovia
2025-09-01;Espinar, El;Torrevieja;35;Segovia
2025-09-01;Segovia;Torrevieja;106;Segovia
2025-09-01;Sevilla;Torrevieja;49;Sevilla
2025-09-01;Bargas;Torrevieja;60;Toledo
2025-09-01;Fuensalida;Torrevieja;30;Toledo
2025-09-01;Illescas;Torrevieja;97;Toledo
2025-09-01;Méntrida;Torrevieja;32;Toledo
2025-09-01;Mora;Torrevieja;37;Toledo
2025-09-01;Ocaña;Torrevieja;49;Toledo
2025-09-01;Quintanar de la Orden;Torrevieja;42;Toledo
2025-09-01;Seseña;Torrevieja;97;Toledo
2025-09-01;Talavera de la Reina;Torrevieja;89;Toledo
2025-09-01;Toledo;Torrevieja;135;Toledo
2025-09-01;Ugena;Torrevieja;54;Toledo
2025-09-01;Villaluenga de la Sagra;Torrevieja;30;Toledo
2025-09-01;Yeles;Torrevieja;30;Toledo
2025-09-01;Yuncler;Torrevieja;36;Toledo
2025-09-01;Yuncos;Torrevieja;43;Toledo
2025-09-01;Albal;Torrevieja;35;Valencia/València
2025-09-01;Alzira;Torrevieja;53;Valencia/València
2025-09-01;Aldaia;Torrevieja;34;Valencia/València
2025-09-01;Alfafar;Torrevieja;36;Valencia/València
2025-09-01;Xirivella;Torrevieja;36;Valencia/València
2025-09-01;Gandia;Torrevieja;54;Valencia/València
2025-09-01;Mislata;Torrevieja;45;Valencia/València
2025-09-01;Mogente/Moixent;Torrevieja;74;Valencia/València
2025-09-01;Ontinyent;Torrevieja;44;Valencia/València
2025-09-01;Paterna;Torrevieja;48;Valencia/València
2025-09-01;Requena;Torrevieja;35;Valencia/València
2025-09-01;Torrent;Torrevieja;42;Valencia/València
2025-09-01;València;Torrevieja;678;Valencia/València
2025-09-01;Aldeamayor de San Martín;Torrevieja;48;Valladolid
2025-09-01;Laguna de Duero;Torrevieja;31;Valladolid
2025-09-01;Medina del Campo;Torrevieja;47;Valladolid
2025-09-01;Valladolid;Torrevieja;338;Valladolid
2025-09-01;Barakaldo;Torrevieja;75;Bizkaia
2025-09-01;Basauri;Torrevieja;45;Bizkaia
2025-09-01;Bilbao;Torrevieja;246;Bizkaia
2025-09-01;Ermua;Torrevieja;30;Bizkaia
2025-09-01;Getxo;Torrevieja;69;Bizkaia
2025-09-01;Leioa;Torrevieja;37;Bizkaia
2025-09-01;Portugalete;Torrevieja;53;Bizkaia
2025-09-01;Santurtzi;Torrevieja;54;Bizkaia
2025-09-01;Sestao;Torrevieja;59;Bizkaia
2025-09-01;Zamora;Torrevieja;45;Zamora
2025-09-01;Zaragoza;Torrevieja;106;Zaragoza
2025-10-01;Vitoria-Gasteiz;Torrevieja;193;Araba/Álava
2025-10-01;Albacete;Torrevieja;389;Albacete
2025-10-01;Almansa;Torrevieja;68;Albacete
2025-10-01;Chinchilla de Monte-Aragón;Torrevieja;53;Albacete
2025-10-01;Hellín;Torrevieja;55;Albacete
2025-10-01;Villarrobledo;Torrevieja;48;Albacete
2025-10-01;Almería;Torrevieja;46;Almería
2025-10-01;Carboneras;Torrevieja;40;Almería
2025-10-01;Roquetas de Mar;Torrevieja;35;Almería
2025-10-01;Vera;Torrevieja;42;Almería
2025-10-01;Ávila;Torrevieja;43;Ávila
2025-10-01;Palma;Torrevieja;59;Balears, Illes
2025-10-01;Barcelona;Torrevieja;148;Barcelona
2025-10-01;Aranda de Duero;Torrevieja;32;Burgos
2025-10-01;Burgos;Torrevieja;141;Burgos
2025-10-01;Castelló de la Plana;Torrevieja;75;Castellón/Castelló
2025-10-01;Oropesa del Mar/Orpesa;Torrevieja;35;Castellón/Castelló
2025-10-01;Alcázar de San Juan;Torrevieja;33;Ciudad Real
2025-10-01;Campo de Criptana;Torrevieja;40;Ciudad Real
2025-10-01;Ciudad Real;Torrevieja;47;Ciudad Real
2025-10-01;Herencia;Torrevieja;31;Ciudad Real
2025-10-01;Tomelloso;Torrevieja;43;Ciudad Real
2025-10-01;Córdoba;Torrevieja;38;Córdoba
2025-10-01;Boiro;Torrevieja;34;Coruña, A
2025-10-01;Donostia/San Sebastián;Torrevieja;79;Gipuzkoa
2025-10-01;León;Torrevieja;56;León
2025-10-01;Lleida;Torrevieja;51;Lleida
2025-10-01;Logroño;Torrevieja;33;Rioja, La
2025-10-01;Alcalá de Henares;Torrevieja;265;Madrid
2025-10-01;Alcobendas;Torrevieja;116;Madrid
2025-10-01;Alcorcón;Torrevieja;175;Madrid
2025-10-01;Algete;Torrevieja;31;Madrid
2025-10-01;Alpedrete;Torrevieja;48;Madrid
2025-10-01;Aranjuez;Torrevieja;46;Madrid
2025-10-01;Arganda del Rey;Torrevieja;44;Madrid
2025-10-01;Arroyomolinos;Torrevieja;37;Madrid
2025-10-01;Boadilla del Monte;Torrevieja;39;Madrid
2025-10-01;Colmenar Viejo;Torrevieja;61;Madrid
2025-10-01;Collado Villalba;Torrevieja;47;Madrid
2025-10-01;Coslada;Torrevieja;127;Madrid
2025-10-01;Fuenlabrada;Torrevieja;300;Madrid
2025-10-01;Getafe;Torrevieja;192;Madrid
2025-10-01;Leganés;Torrevieja;242;Madrid
2025-10-01;Madrid;Torrevieja;2163;Madrid
2025-10-01;Manzanares el Real;Torrevieja;31;Madrid
2025-10-01;Meco;Torrevieja;35;Madrid
2025-10-01;Mejorada del Campo;Torrevieja;61;Madrid
2025-10-01;Móstoles;Torrevieja;236;Madrid
2025-10-01;Navalcarnero;Torrevieja;49;Madrid
2025-10-01;Parla;Torrevieja;141;Madrid
2025-10-01;Pinto;Torrevieja;54;Madrid
2025-10-01;Pozuelo de Alarcón;Torrevieja;43;Madrid
2025-10-01;Rivas-Vaciamadrid;Torrevieja;102;Madrid
2025-10-01;Rozas de Madrid, Las;Torrevieja;45;Madrid
2025-10-01;San Fernando de Henares;Torrevieja;54;Madrid
2025-10-01;San Martín de Valdeiglesias;Torrevieja;32;Madrid
2025-10-01;San Sebastián de los Reyes;Torrevieja;65;Madrid
2025-10-01;Torrejón de Ardoz;Torrevieja;110;Madrid
2025-10-01;Torrejón de la Calzada;Torrevieja;49;Madrid
2025-10-01;Valdemoro;Torrevieja;73;Madrid
2025-10-01;Velilla de San Antonio;Torrevieja;39;Madrid
2025-10-01;Málaga;Torrevieja;84;Málaga
2025-10-01;Abanilla;Torrevieja;84;Murcia
2025-10-01;Águilas;Torrevieja;70;Murcia
2025-10-01;Alcantarilla;Torrevieja;139;Murcia
2025-10-01;Alguazas;Torrevieja;51;Murcia
2025-10-01;Alhama de Murcia;Torrevieja;37;Murcia
2025-10-01;Archena;Torrevieja;45;Murcia
2025-10-01;Beniel;Torrevieja;77;Murcia
2025-10-01;Caravaca de la Cruz;Torrevieja;43;Murcia
2025-10-01;Cartagena;Torrevieja;362;Murcia
2025-10-01;Cieza;Torrevieja;51;Murcia
2025-10-01;Jumilla;Torrevieja;47;Murcia
2025-10-01;Librilla;Torrevieja;35;Murcia
2025-10-01;Lorca;Torrevieja;63;Murcia
2025-10-01;Mazarrón;Torrevieja;124;Murcia
2025-10-01;Molina de Segura;Torrevieja;309;Murcia
2025-10-01;Murcia;Torrevieja;2175;Murcia
2025-10-01;San Javier;Torrevieja;242;Murcia
2025-10-01;San Pedro del Pinatar;Torrevieja;218;Murcia
2025-10-01;Torre-Pacheco;Torrevieja;125;Murcia
2025-10-01;Torres de Cotillas, Las;Torrevieja;53;Murcia
2025-10-01;Totana;Torrevieja;49;Murcia
2025-10-01;Yecla;Torrevieja;126;Murcia
2025-10-01;Santomera;Torrevieja;121;Murcia
2025-10-01;Alcázares, Los;Torrevieja;97;Murcia
2025-10-01;Pamplona/Iruña;Torrevieja;88;Navarra
2025-10-01;Gijón;Torrevieja;56;Asturias
2025-10-01;Mieres;Torrevieja;43;Asturias
2025-10-01;Oviedo;Torrevieja;36;Asturias
2025-10-01;Salamanca;Torrevieja;56;Salamanca
2025-10-01;Castro-Urdiales;Torrevieja;33;Cantabria
2025-10-01;Sevilla;Torrevieja;32;Sevilla
2025-10-01;Illescas;Torrevieja;44;Toledo
2025-10-01;Méntrida;Torrevieja;30;Toledo
2025-10-01;Toledo;Torrevieja;43;Toledo
2025-10-01;Alaquàs;Torrevieja;46;Valencia/València
2025-10-01;Alzira;Torrevieja;33;Valencia/València
2025-10-01;Aldaia;Torrevieja;30;Valencia/València
2025-10-01;Anna;Torrevieja;41;Valencia/València
2025-10-01;Benaguasil;Torrevieja;34;Valencia/València
2025-10-01;Benifaió;Torrevieja;30;Valencia/València
2025-10-01;Burjassot;Torrevieja;30;Valencia/València
2025-10-01;Xirivella;Torrevieja;31;Valencia/València
2025-10-01;Gandia;Torrevieja;79;Valencia/València
2025-10-01;Mislata;Torrevieja;34;Valencia/València
2025-10-01;Paterna;Torrevieja;54;Valencia/València
2025-10-01;Riba-roja de Túria;Torrevieja;43;Valencia/València
2025-10-01;Sagunto/Sagunt;Torrevieja;37;Valencia/València
2025-10-01;Sueca;Torrevieja;34;Valencia/València
2025-10-01;Tavernes de la Valldigna;Torrevieja;34;Valencia/València
2025-10-01;Torrent;Torrevieja;82;Valencia/València
2025-10-01;València;Torrevieja;481;Valencia/València
2025-10-01;Vilamarxant;Torrevieja;31;Valencia/València
2025-10-01;Valladolid;Torrevieja;158;Valladolid
2025-10-01;Bilbao;Torrevieja;175;Bizkaia
2025-10-01;Santurtzi;Torrevieja;45;Bizkaia
2025-10-01;Zamora;Torrevieja;32;Zamora
2025-10-01;Zaragoza;Torrevieja;60;Zaragoza
2025-11-01;Vitoria-Gasteiz;Torrevieja;123;Araba/Álava
2025-11-01;Albacete;Torrevieja;549;Albacete
2025-11-01;Almansa;Torrevieja;60;Albacete
2025-11-01;Caudete;Torrevieja;35;Albacete
2025-11-01;Chinchilla de Monte-Aragón;Torrevieja;66;Albacete
2025-11-01;Hellín;Torrevieja;78;Albacete
2025-11-01;Villarrobledo;Torrevieja;78;Albacete
2025-11-01;Almería;Torrevieja;70;Almería
2025-11-01;Carboneras;Torrevieja;38;Almería
2025-11-01;Vícar;Torrevieja;49;Almería
2025-11-01;Palma;Torrevieja;72;Balears, Illes
2025-11-01;Barcelona;Torrevieja;101;Barcelona
2025-11-01;Burgos;Torrevieja;90;Burgos
2025-11-01;Jerez de la Frontera;Torrevieja;31;Cádiz
2025-11-01;Villamartín;Torrevieja;61;Cádiz
2025-11-01;Castelló de la Plana;Torrevieja;112;Castellón/Castelló
2025-11-01;Alcázar de San Juan;Torrevieja;42;Ciudad Real
2025-11-01;Campo de Criptana;Torrevieja;52;Ciudad Real
2025-11-01;Ciudad Real;Torrevieja;39;Ciudad Real
2025-11-01;Daimiel;Torrevieja;34;Ciudad Real
2025-11-01;Manzanares;Torrevieja;42;Ciudad Real
2025-11-01;Tomelloso;Torrevieja;31;Ciudad Real
2025-11-01;Córdoba;Torrevieja;50;Córdoba
2025-11-01;Santiago de Compostela;Torrevieja;33;Coruña, A
2025-11-01;Granada;Torrevieja;56;Granada
2025-11-01;Casar, El;Torrevieja;34;Guadalajara
2025-11-01;Guadalajara;Torrevieja;40;Guadalajara
2025-11-01;Hondarribia;Torrevieja;37;Gipuzkoa
2025-11-01;Irun;Torrevieja;38;Gipuzkoa
2025-11-01;Soraluze-Placencia de las Armas;Torrevieja;46;Gipuzkoa
2025-11-01;Donostia/San Sebastián;Torrevieja;50;Gipuzkoa
2025-11-01;Logroño;Torrevieja;32;Rioja, La
2025-11-01;Alcalá de Henares;Torrevieja;205;Madrid
2025-11-01;Alcobendas;Torrevieja;92;Madrid
2025-11-01;Alcorcón;Torrevieja;171;Madrid
2025-11-01;Aranjuez;Torrevieja;92;Madrid
2025-11-01;Arganda del Rey;Torrevieja;61;Madrid
2025-11-01;Arroyomolinos;Torrevieja;52;Madrid
2025-11-01;Boadilla del Monte;Torrevieja;39;Madrid
2025-11-01;Colmenar Viejo;Torrevieja;67;Madrid
2025-11-01;Collado Villalba;Torrevieja;101;Madrid
2025-11-01;Coslada;Torrevieja;95;Madrid
2025-11-01;Fuenlabrada;Torrevieja;260;Madrid
2025-11-01;Getafe;Torrevieja;239;Madrid
2025-11-01;Leganés;Torrevieja;235;Madrid
2025-11-01;Madrid;Torrevieja;2426;Madrid
2025-11-01;Mejorada del Campo;Torrevieja;47;Madrid
2025-11-01;Móstoles;Torrevieja;234;Madrid
2025-11-01;Navalcarnero;Torrevieja;38;Madrid
2025-11-01;Paracuellos de Jarama;Torrevieja;34;Madrid
2025-11-01;Parla;Torrevieja;159;Madrid
2025-11-01;Pinto;Torrevieja;48;Madrid
2025-11-01;Pozuelo de Alarcón;Torrevieja;30;Madrid
2025-11-01;Rivas-Vaciamadrid;Torrevieja;88;Madrid
2025-11-01;Rozas de Madrid, Las;Torrevieja;50;Madrid
2025-11-01;San Agustín del Guadalix;Torrevieja;37;Madrid
2025-11-01;San Fernando de Henares;Torrevieja;76;Madrid
2025-11-01;San Martín de la Vega;Torrevieja;44;Madrid
2025-11-01;San Sebastián de los Reyes;Torrevieja;87;Madrid
2025-11-01;Torrejón de Ardoz;Torrevieja;139;Madrid
2025-11-01;Valdemoro;Torrevieja;81;Madrid
2025-11-01;Villaviciosa de Odón;Torrevieja;31;Madrid
2025-11-01;Málaga;Torrevieja;51;Málaga
2025-11-01;Marbella;Torrevieja;32;Málaga
2025-11-01;Abanilla;Torrevieja;61;Murcia
2025-11-01;Águilas;Torrevieja;85;Murcia
2025-11-01;Alcantarilla;Torrevieja;105;Murcia
2025-11-01;Alguazas;Torrevieja;58;Murcia
2025-11-01;Archena;Torrevieja;31;Murcia
2025-11-01;Beniel;Torrevieja;79;Murcia
2025-11-01;Caravaca de la Cruz;Torrevieja;48;Murcia
2025-11-01;Cartagena;Torrevieja;540;Murcia
2025-11-01;Cieza;Torrevieja;68;Murcia
2025-11-01;Jumilla;Torrevieja;114;Murcia
2025-11-01;Lorca;Torrevieja;69;Murcia
2025-11-01;Mazarrón;Torrevieja;81;Murcia
2025-11-01;Molina de Segura;Torrevieja;334;Murcia
2025-11-01;Mula;Torrevieja;50;Murcia
2025-11-01;Murcia;Torrevieja;2223;Murcia
2025-11-01;Ricote;Torrevieja;43;Murcia
2025-11-01;San Javier;Torrevieja;200;Murcia
2025-11-01;San Pedro del Pinatar;Torrevieja;228;Murcia
2025-11-01;Torre-Pacheco;Torrevieja;107;Murcia
2025-11-01;Torres de Cotillas, Las;Torrevieja;92;Murcia
2025-11-01;Yecla;Torrevieja;97;Murcia
2025-11-01;Santomera;Torrevieja;128;Murcia
2025-11-01;Alcázares, Los;Torrevieja;113;Murcia
2025-11-01;Pamplona/Iruña;Torrevieja;54;Navarra
2025-11-01;Gijón;Torrevieja;94;Asturias
2025-11-01;Oviedo;Torrevieja;49;Asturias
2025-11-01;Vigo;Torrevieja;31;Pontevedra
2025-11-01;Salamanca;Torrevieja;55;Salamanca
2025-11-01;Castro-Urdiales;Torrevieja;37;Cantabria
2025-11-01;Sevilla;Torrevieja;36;Sevilla
2025-11-01;Illescas;Torrevieja;31;Toledo
2025-11-01;Toledo;Torrevieja;52;Toledo
2025-11-01;Albalat de la Ribera;Torrevieja;44;Valencia/València
2025-11-01;Alboraia/Alboraya;Torrevieja;65;Valencia/València
2025-11-01;Alzira;Torrevieja;43;Valencia/València
2025-11-01;Algemesí;Torrevieja;31;Valencia/València
2025-11-01;Burjassot;Torrevieja;31;Valencia/València
2025-11-01;Catarroja;Torrevieja;31;Valencia/València
2025-11-01;Gandia;Torrevieja;74;Valencia/València
2025-11-01;Mislata;Torrevieja;33;Valencia/València
2025-11-01;Oliva;Torrevieja;43;Valencia/València
2025-11-01;Ontinyent;Torrevieja;39;Valencia/València
2025-11-01;Paterna;Torrevieja;47;Valencia/València
2025-11-01;Pobla de Vallbona, la;Torrevieja;48;Valencia/València
2025-11-01;Sueca;Torrevieja;49;Valencia/València
2025-11-01;Torrent;Torrevieja;69;Valencia/València
2025-11-01;València;Torrevieja;563;Valencia/València
2025-11-01;Aldeamayor de San Martín;Torrevieja;32;Valladolid
2025-11-01;Valladolid;Torrevieja;61;Valladolid
2025-11-01;Bilbao;Torrevieja;52;Bizkaia
2025-11-01;Sestao;Torrevieja;43;Bizkaia
2025-11-01;Erandio;Torrevieja;35;Bizkaia
2025-11-01;Zaragoza;Torrevieja;116;Zaragoza
2025-12-01;Vitoria-Gasteiz;Torrevieja;96;Araba/Álava
2025-12-01;Albacete;Torrevieja;474;Albacete
2025-12-01;Almansa;Torrevieja;76;Albacete
2025-12-01;Chinchilla de Monte-Aragón;Torrevieja;36;Albacete
2025-12-01;Hellín;Torrevieja;65;Albacete
2025-12-01;Villarrobledo;Torrevieja;58;Albacete
2025-12-01;Almería;Torrevieja;59;Almería
2025-12-01;Ávila;Torrevieja;33;Ávila
2025-12-01;Don Benito;Torrevieja;36;Badajoz
2025-12-01;Eivissa;Torrevieja;36;Balears, Illes
2025-12-01;Palma;Torrevieja;38;Balears, Illes
2025-12-01;Santa Eulària des Riu;Torrevieja;39;Balears, Illes
2025-12-01;Barcelona;Torrevieja;116;Barcelona
2025-12-01;Prat de Llobregat, El;Torrevieja;33;Barcelona
2025-12-01;Burgos;Torrevieja;70;Burgos
2025-12-01;Castelló de la Plana;Torrevieja;92;Castellón/Castelló
2025-12-01;Alcázar de San Juan;Torrevieja;34;Ciudad Real
2025-12-01;Ciudad Real;Torrevieja;39;Ciudad Real
2025-12-01;Herencia;Torrevieja;38;Ciudad Real
2025-12-01;Puertollano;Torrevieja;63;Ciudad Real
2025-12-01;Tomelloso;Torrevieja;72;Ciudad Real
2025-12-01;Córdoba;Torrevieja;40;Córdoba
2025-12-01;Cuenca;Torrevieja;37;Cuenca
2025-12-01;Tarancón;Torrevieja;32;Cuenca
2025-12-01;Castril;Torrevieja;39;Granada
2025-12-01;Granada;Torrevieja;54;Granada
2025-12-01;Azuqueca de Henares;Torrevieja;68;Guadalajara
2025-12-01;Guadalajara;Torrevieja;38;Guadalajara
2025-12-01;Donostia/San Sebastián;Torrevieja;61;Gipuzkoa
2025-12-01;León;Torrevieja;31;León
2025-12-01;Logroño;Torrevieja;32;Rioja, La
2025-12-01;Álamo, El;Torrevieja;31;Madrid
2025-12-01;Alcalá de Henares;Torrevieja;268;Madrid
2025-12-01;Alcobendas;Torrevieja;88;Madrid
2025-12-01;Alcorcón;Torrevieja;260;Madrid
2025-12-01;Algete;Torrevieja;31;Madrid
2025-12-01;Aranjuez;Torrevieja;74;Madrid
2025-12-01;Arganda del Rey;Torrevieja;108;Madrid
2025-12-01;Arroyomolinos;Torrevieja;66;Madrid
2025-12-01;Boadilla del Monte;Torrevieja;54;Madrid
2025-12-01;Brunete;Torrevieja;32;Madrid
2025-12-01;Ciempozuelos;Torrevieja;44;Madrid
2025-12-01;Cobeña;Torrevieja;32;Madrid
2025-12-01;Colmenar Viejo;Torrevieja;42;Madrid
2025-12-01;Collado Villalba;Torrevieja;44;Madrid
2025-12-01;Coslada;Torrevieja;130;Madrid
2025-12-01;Cubas de la Sagra;Torrevieja;45;Madrid
2025-12-01;Daganzo de Arriba;Torrevieja;56;Madrid
2025-12-01;Fuenlabrada;Torrevieja;341;Madrid
2025-12-01;Galapagar;Torrevieja;40;Madrid
2025-12-01;Getafe;Torrevieja;301;Madrid
2025-12-01;Humanes de Madrid;Torrevieja;32;Madrid
2025-12-01;Leganés;Torrevieja;282;Madrid
2025-12-01;Madrid;Torrevieja;2592;Madrid
2025-12-01;Majadahonda;Torrevieja;44;Madrid
2025-12-01;Meco;Torrevieja;48;Madrid
2025-12-01;Mejorada del Campo;Torrevieja;47;Madrid
2025-12-01;Móstoles;Torrevieja;265;Madrid
2025-12-01;Navalcarnero;Torrevieja;57;Madrid
2025-12-01;Parla;Torrevieja;184;Madrid
2025-12-01;Pinto;Torrevieja;79;Madrid
2025-12-01;Pozuelo de Alarcón;Torrevieja;48;Madrid
2025-12-01;Rivas-Vaciamadrid;Torrevieja;133;Madrid
2025-12-01;Rozas de Madrid, Las;Torrevieja;45;Madrid
2025-12-01;San Fernando de Henares;Torrevieja;80;Madrid
2025-12-01;San Martín de la Vega;Torrevieja;35;Madrid
2025-12-01;San Sebastián de los Reyes;Torrevieja;72;Madrid
2025-12-01;Torrejón de Ardoz;Torrevieja;139;Madrid
2025-12-01;Torrejón de la Calzada;Torrevieja;32;Madrid
2025-12-01;Valdemoro;Torrevieja;110;Madrid
2025-12-01;Velilla de San Antonio;Torrevieja;42;Madrid
2025-12-01;Villanueva de la Cañada;Torrevieja;31;Madrid
2025-12-01;Villaviciosa de Odón;Torrevieja;48;Madrid
2025-12-01;Tres Cantos;Torrevieja;31;Madrid
2025-12-01;Málaga;Torrevieja;47;Málaga
2025-12-01;Abanilla;Torrevieja;102;Murcia
2025-12-01;Águilas;Torrevieja;48;Murcia
2025-12-01;Alcantarilla;Torrevieja;92;Murcia
2025-12-01;Alguazas;Torrevieja;53;Murcia
2025-12-01;Alhama de Murcia;Torrevieja;45;Murcia
2025-12-01;Beniel;Torrevieja;72;Murcia
2025-12-01;Cartagena;Torrevieja;397;Murcia
2025-12-01;Ceutí;Torrevieja;30;Murcia
2025-12-01;Cieza;Torrevieja;81;Murcia
2025-12-01;Jumilla;Torrevieja;80;Murcia
2025-12-01;Mazarrón;Torrevieja;61;Murcia
2025-12-01;Molina de Segura;Torrevieja;305;Murcia
2025-12-01;Murcia;Torrevieja;1893;Murcia
2025-12-01;San Javier;Torrevieja;196;Murcia
2025-12-01;San Pedro del Pinatar;Torrevieja;241;Murcia
2025-12-01;Torre-Pacheco;Torrevieja;68;Murcia
2025-12-01;Torres de Cotillas, Las;Torrevieja;73;Murcia
2025-12-01;Totana;Torrevieja;33;Murcia
2025-12-01;Yecla;Torrevieja;64;Murcia
2025-12-01;Santomera;Torrevieja;91;Murcia
2025-12-01;Alcázares, Los;Torrevieja;101;Murcia
2025-12-01;Pamplona/Iruña;Torrevieja;80;Navarra
2025-12-01;Gijón;Torrevieja;52;Asturias
2025-12-01;Oviedo;Torrevieja;44;Asturias
2025-12-01;Salamanca;Torrevieja;56;Salamanca
2025-12-01;Sevilla;Torrevieja;45;Sevilla
2025-12-01;Illescas;Torrevieja;40;Toledo
2025-12-01;Seseña;Torrevieja;32;Toledo
2025-12-01;Talavera de la Reina;Torrevieja;47;Toledo
2025-12-01;Toledo;Torrevieja;92;Toledo
2025-12-01;Yuncos;Torrevieja;35;Toledo
2025-12-01;Alboraia/Alboraya;Torrevieja;34;Valencia/València
2025-12-01;Burjassot;Torrevieja;36;Valencia/València
2025-12-01;Xirivella;Torrevieja;65;Valencia/València
2025-12-01;Gandia;Torrevieja;39;Valencia/València
2025-12-01;Manises;Torrevieja;36;Valencia/València
2025-12-01;Mislata;Torrevieja;37;Valencia/València
2025-12-01;Oliva;Torrevieja;36;Valencia/València
2025-12-01;Pobla de Vallbona, la;Torrevieja;53;Valencia/València
2025-12-01;Torrent;Torrevieja;71;Valencia/València
2025-12-01;València;Torrevieja;556;Valencia/València
2025-12-01;Valladolid;Torrevieja;128;Valladolid
2025-12-01;Bilbao;Torrevieja;59;Bizkaia
2025-12-01;Zaragoza;Torrevieja;71;Zaragoza
2026-01-01;Vitoria-Gasteiz;Torrevieja;118;Araba/Álava
2026-01-01;Albacete;Torrevieja;343;Albacete
2026-01-01;Almansa;Torrevieja;53;Albacete
2026-01-01;Chinchilla de Monte-Aragón;Torrevieja;40;Albacete
2026-01-01;Hellín;Torrevieja;47;Albacete
2026-01-01;Roda, La;Torrevieja;33;Albacete
2026-01-01;Villarrobledo;Torrevieja;35;Albacete
2026-01-01;Almería;Torrevieja;63;Almería
2026-01-01;Llucmajor;Torrevieja;33;Balears, Illes
2026-01-01;Palma;Torrevieja;50;Balears, Illes
2026-01-01;Santa Eulària des Riu;Torrevieja;32;Balears, Illes
2026-01-01;Badalona;Torrevieja;42;Barcelona
2026-01-01;Barcelona;Torrevieja;116;Barcelona
2026-01-01;Sabadell;Torrevieja;33;Barcelona
2026-01-01;Burgos;Torrevieja;40;Burgos
2026-01-01;Madroñera;Torrevieja;31;Cáceres
2026-01-01;Castelló de la Plana;Torrevieja;70;Castellón/Castelló
2026-01-01;Ciudad Real;Torrevieja;32;Ciudad Real
2026-01-01;Puertollano;Torrevieja;34;Ciudad Real
2026-01-01;Tomelloso;Torrevieja;56;Ciudad Real
2026-01-01;Córdoba;Torrevieja;37;Córdoba
2026-01-01;Coruña, A;Torrevieja;30;Coruña, A
2026-01-01;Granada;Torrevieja;51;Granada
2026-01-01;Valdeaveruelo;Torrevieja;30;Guadalajara
2026-01-01;Donostia/San Sebastián;Torrevieja;52;Gipuzkoa
2026-01-01;León;Torrevieja;40;León
2026-01-01;Logroño;Torrevieja;60;Rioja, La
2026-01-01;Alcalá de Henares;Torrevieja;130;Madrid
2026-01-01;Alcobendas;Torrevieja;82;Madrid
2026-01-01;Alcorcón;Torrevieja;128;Madrid
2026-01-01;Aranjuez;Torrevieja;71;Madrid
2026-01-01;Arganda del Rey;Torrevieja;49;Madrid
2026-01-01;Boadilla del Monte;Torrevieja;69;Madrid
2026-01-01;Colmenar Viejo;Torrevieja;32;Madrid
2026-01-01;Collado Villalba;Torrevieja;31;Madrid
2026-01-01;Coslada;Torrevieja;65;Madrid
2026-01-01;Fuenlabrada;Torrevieja;173;Madrid
2026-01-01;Getafe;Torrevieja;176;Madrid
2026-01-01;Leganés;Torrevieja;174;Madrid
2026-01-01;Madrid;Torrevieja;1871;Madrid
2026-01-01;Móstoles;Torrevieja;125;Madrid
2026-01-01;Navalcarnero;Torrevieja;42;Madrid
2026-01-01;Parla;Torrevieja;178;Madrid
2026-01-01;Rivas-Vaciamadrid;Torrevieja;70;Madrid
2026-01-01;Rozas de Madrid, Las;Torrevieja;32;Madrid
2026-01-01;San Sebastián de los Reyes;Torrevieja;80;Madrid
2026-01-01;Torrejón de Ardoz;Torrevieja;116;Madrid
2026-01-01;Valdemoro;Torrevieja;85;Madrid
2026-01-01;Málaga;Torrevieja;73;Málaga
2026-01-01;Abanilla;Torrevieja;125;Murcia
2026-01-01;Águilas;Torrevieja;39;Murcia
2026-01-01;Alcantarilla;Torrevieja;96;Murcia
2026-01-01;Alguazas;Torrevieja;59;Murcia
2026-01-01;Alhama de Murcia;Torrevieja;48;Murcia
2026-01-01;Beniel;Torrevieja;102;Murcia
2026-01-01;Blanca;Torrevieja;32;Murcia
2026-01-01;Cartagena;Torrevieja;462;Murcia
2026-01-01;Lorca;Torrevieja;35;Murcia
2026-01-01;Mazarrón;Torrevieja;78;Murcia
2026-01-01;Molina de Segura;Torrevieja;350;Murcia
2026-01-01;Murcia;Torrevieja;2117;Murcia
2026-01-01;Ricote;Torrevieja;45;Murcia
2026-01-01;San Javier;Torrevieja;148;Murcia
2026-01-01;San Pedro del Pinatar;Torrevieja;286;Murcia
2026-01-01;Torre-Pacheco;Torrevieja;91;Murcia
2026-01-01;Torres de Cotillas, Las;Torrevieja;59;Murcia
2026-01-01;Unión, La;Torrevieja;40;Murcia
2026-01-01;Yecla;Torrevieja;96;Murcia
2026-01-01;Santomera;Torrevieja;64;Murcia
2026-01-01;Alcázares, Los;Torrevieja;76;Murcia
2026-01-01;Pamplona/Iruña;Torrevieja;65;Navarra
2026-01-01;Gijón;Torrevieja;48;Asturias
2026-01-01;Laviana;Torrevieja;39;Asturias
2026-01-01;Oviedo;Torrevieja;38;Asturias
2026-01-01;Terradillos;Torrevieja;40;Salamanca
2026-01-01;Santa Cruz de Tenerife;Torrevieja;31;Santa Cruz de Tenerife
2026-01-01;Segovia;Torrevieja;34;Segovia
2026-01-01;Sevilla;Torrevieja;37;Sevilla
2026-01-01;Méntrida;Torrevieja;33;Toledo
2026-01-01;Toledo;Torrevieja;40;Toledo
2026-01-01;Yeles;Torrevieja;39;Toledo
2026-01-01;Alberic;Torrevieja;34;Valencia/València
2026-01-01;Alboraia/Alboraya;Torrevieja;68;Valencia/València
2026-01-01;Alzira;Torrevieja;43;Valencia/València
2026-01-01;Xirivella;Torrevieja;36;Valencia/València
2026-01-01;Gandia;Torrevieja;59;Valencia/València
2026-01-01;Xàtiva;Torrevieja;41;Valencia/València
2026-01-01;Oliva;Torrevieja;40;Valencia/València
2026-01-01;Ontinyent;Torrevieja;30;Valencia/València
2026-01-01;Paterna;Torrevieja;44;Valencia/València
2026-01-01;Torrent;Torrevieja;65;Valencia/València
2026-01-01;València;Torrevieja;558;Valencia/València
2026-01-01;Valladolid;Torrevieja;72;Valladolid
2026-01-01;Bilbao;Torrevieja;57;Bizkaia
2026-01-01;Zaragoza;Torrevieja;45;Zaragoza
