mes;pais_orig_cod;pais_orig;mun_dest_cod;mun_dest;turistas;prov_dest_cod;prov_dest;año;mes_hoja
2019-07;0;Total;3133;Torrevieja;67182;3;Alicante/Alacant;2019;m07_2019
2019-07;10;Total Europa;3133;Torrevieja;65658;3;Alicante/Alacant;2019;m07_2019
2019-07;11;Total Unión Europea;3133;Torrevieja;36612;3;Alicante/Alacant;2019;m07_2019
2019-07;20;Total África;3133;Torrevieja;653;3;Alicante/Alacant;2019;m07_2019
2019-07;30;Total América;3133;Torrevieja;507;3;Alicante/Alacant;2019;m07_2019
2019-07;31;Total América del Norte;3133;Torrevieja;277;3;Alicante/Alacant;2019;m07_2019
2019-07;33;Total Sudamérica;3133;Torrevieja;227;3;Alicante/Alacant;2019;m07_2019
2019-07;40;Total Asia;3133;Torrevieja;341;3;Alicante/Alacant;2019;m07_2019
2019-07;102;Austria;3133;Torrevieja;257;3;Alicante/Alacant;2019;m07_2019
2019-07;103;Bélgica;3133;Torrevieja;5651;3;Alicante/Alacant;2019;m07_2019
2019-07;104;Bulgaria;3133;Torrevieja;93;3;Alicante/Alacant;2019;m07_2019
2019-07;107;Dinamarca;3133;Torrevieja;1565;3;Alicante/Alacant;2019;m07_2019
2019-07;109;Finlandia;3133;Torrevieja;2195;3;Alicante/Alacant;2019;m07_2019
2019-07;110;Francia;3133;Torrevieja;4251;3;Alicante/Alacant;2019;m07_2019
2019-07;112;Hungria;3133;Torrevieja;134;3;Alicante/Alacant;2019;m07_2019
2019-07;113;Irlanda;3133;Torrevieja;3074;3;Alicante/Alacant;2019;m07_2019
2019-07;114;Islandia;3133;Torrevieja;484;3;Alicante/Alacant;2019;m07_2019
2019-07;115;Italia;3133;Torrevieja;356;3;Alicante/Alacant;2019;m07_2019
2019-07;117;Luxemburgo;3133;Torrevieja;88;3;Alicante/Alacant;2019;m07_2019
2019-07;120;Noruega;3133;Torrevieja;7538;3;Alicante/Alacant;2019;m07_2019
2019-07;121;Países Bajos;3133;Torrevieja;1101;3;Alicante/Alacant;2019;m07_2019
2019-07;122;Polonia;3133;Torrevieja;1145;3;Alicante/Alacant;2019;m07_2019
2019-07;123;Portugal;3133;Torrevieja;95;3;Alicante/Alacant;2019;m07_2019
2019-07;125;Reino Unido;3133;Torrevieja;14941;3;Alicante/Alacant;2019;m07_2019
2019-07;126;Alemania;3133;Torrevieja;3422;3;Alicante/Alacant;2019;m07_2019
2019-07;128;Rumania;3133;Torrevieja;170;3;Alicante/Alacant;2019;m07_2019
2019-07;131;Suecia;3133;Torrevieja;12171;3;Alicante/Alacant;2019;m07_2019
2019-07;132;Suiza;3133;Torrevieja;633;3;Alicante/Alacant;2019;m07_2019
2019-07;135;Ucrania;3133;Torrevieja;817;3;Alicante/Alacant;2019;m07_2019
2019-07;136;Letonia;3133;Torrevieja;76;3;Alicante/Alacant;2019;m07_2019
2019-07;138;Bielorrusia / belarus;3133;Torrevieja;175;3;Alicante/Alacant;2019;m07_2019
2019-07;141;Estonia;3133;Torrevieja;241;3;Alicante/Alacant;2019;m07_2019
2019-07;142;Lituania;3133;Torrevieja;206;3;Alicante/Alacant;2019;m07_2019
2019-07;143;República Checa;3133;Torrevieja;266;3;Alicante/Alacant;2019;m07_2019
2019-07;144;Eslovaquia;3133;Torrevieja;42;3;Alicante/Alacant;2019;m07_2019
2019-07;154;Rusia;3133;Torrevieja;4431;3;Alicante/Alacant;2019;m07_2019
2019-07;203;Argelia;3133;Torrevieja;441;3;Alicante/Alacant;2019;m07_2019
2019-07;228;Marruecos;3133;Torrevieja;171;3;Alicante/Alacant;2019;m07_2019
2019-07;302;EE.UU.;3133;Torrevieja;213;3;Alicante/Alacant;2019;m07_2019
2019-07;340;Argentina;3133;Torrevieja;39;3;Alicante/Alacant;2019;m07_2019
2019-07;343;Colombia;3133;Torrevieja;91;3;Alicante/Alacant;2019;m07_2019
2019-07;350;Uruguay;3133;Torrevieja;30;3;Alicante/Alacant;2019;m07_2019
2019-07;407;China;3133;Torrevieja;135;3;Alicante/Alacant;2019;m07_2019
2019-07;414;Israel;3133;Torrevieja;37;3;Alicante/Alacant;2019;m07_2019
2019-07;443;Kazajstan;3133;Torrevieja;80;3;Alicante/Alacant;2019;m07_2019
2019-08;0;Total;3133;Torrevieja;76558;3;Alicante/Alacant;2019;m08_2019
2019-08;10;Total Europa;3133;Torrevieja;74458;3;Alicante/Alacant;2019;m08_2019
2019-08;11;Total Unión Europea;3133;Torrevieja;46053;3;Alicante/Alacant;2019;m08_2019
2019-08;20;Total África;3133;Torrevieja;1085;3;Alicante/Alacant;2019;m08_2019
2019-08;30;Total América;3133;Torrevieja;603;3;Alicante/Alacant;2019;m08_2019
2019-08;31;Total América del Norte;3133;Torrevieja;339;3;Alicante/Alacant;2019;m08_2019
2019-08;33;Total Sudamérica;3133;Torrevieja;262;3;Alicante/Alacant;2019;m08_2019
2019-08;40;Total Asia;3133;Torrevieja;378;3;Alicante/Alacant;2019;m08_2019
2019-08;102;Austria;3133;Torrevieja;275;3;Alicante/Alacant;2019;m08_2019
2019-08;103;Bélgica;3133;Torrevieja;6609;3;Alicante/Alacant;2019;m08_2019
2019-08;104;Bulgaria;3133;Torrevieja;146;3;Alicante/Alacant;2019;m08_2019
2019-08;107;Dinamarca;3133;Torrevieja;1345;3;Alicante/Alacant;2019;m08_2019
2019-08;109;Finlandia;3133;Torrevieja;1365;3;Alicante/Alacant;2019;m08_2019
2019-08;110;Francia;3133;Torrevieja;11351;3;Alicante/Alacant;2019;m08_2019
2019-08;112;Hungria;3133;Torrevieja;132;3;Alicante/Alacant;2019;m08_2019
2019-08;113;Irlanda;3133;Torrevieja;3546;3;Alicante/Alacant;2019;m08_2019
2019-08;114;Islandia;3133;Torrevieja;495;3;Alicante/Alacant;2019;m08_2019
2019-08;115;Italia;3133;Torrevieja;652;3;Alicante/Alacant;2019;m08_2019
2019-08;117;Luxemburgo;3133;Torrevieja;177;3;Alicante/Alacant;2019;m08_2019
2019-08;120;Noruega;3133;Torrevieja;5404;3;Alicante/Alacant;2019;m08_2019
2019-08;121;Países Bajos;3133;Torrevieja;1341;3;Alicante/Alacant;2019;m08_2019
2019-08;122;Polonia;3133;Torrevieja;1355;3;Alicante/Alacant;2019;m08_2019
2019-08;123;Portugal;3133;Torrevieja;340;3;Alicante/Alacant;2019;m08_2019
2019-08;125;Reino Unido;3133;Torrevieja;16445;3;Alicante/Alacant;2019;m08_2019
2019-08;126;Alemania;3133;Torrevieja;4770;3;Alicante/Alacant;2019;m08_2019
2019-08;128;Rumania;3133;Torrevieja;196;3;Alicante/Alacant;2019;m08_2019
2019-08;131;Suecia;3133;Torrevieja;11572;3;Alicante/Alacant;2019;m08_2019
2019-08;132;Suiza;3133;Torrevieja;844;3;Alicante/Alacant;2019;m08_2019
2019-08;135;Ucrania;3133;Torrevieja;927;3;Alicante/Alacant;2019;m08_2019
2019-08;136;Letonia;3133;Torrevieja;117;3;Alicante/Alacant;2019;m08_2019
2019-08;138;Bielorrusia / belarus;3133;Torrevieja;214;3;Alicante/Alacant;2019;m08_2019
2019-08;141;Estonia;3133;Torrevieja;258;3;Alicante/Alacant;2019;m08_2019
2019-08;142;Lituania;3133;Torrevieja;193;3;Alicante/Alacant;2019;m08_2019
2019-08;143;República Checa;3133;Torrevieja;251;3;Alicante/Alacant;2019;m08_2019
2019-08;144;Eslovaquia;3133;Torrevieja;45;3;Alicante/Alacant;2019;m08_2019
2019-08;154;Rusia;3133;Torrevieja;4009;3;Alicante/Alacant;2019;m08_2019
2019-08;203;Argelia;3133;Torrevieja;734;3;Alicante/Alacant;2019;m08_2019
2019-08;228;Marruecos;3133;Torrevieja;320;3;Alicante/Alacant;2019;m08_2019
2019-08;302;EE.UU.;3133;Torrevieja;298;3;Alicante/Alacant;2019;m08_2019
2019-08;340;Argentina;3133;Torrevieja;62;3;Alicante/Alacant;2019;m08_2019
2019-08;342;Brasil;3133;Torrevieja;30;3;Alicante/Alacant;2019;m08_2019
2019-08;343;Colombia;3133;Torrevieja;102;3;Alicante/Alacant;2019;m08_2019
2019-08;344;Chile;3133;Torrevieja;34;3;Alicante/Alacant;2019;m08_2019
2019-08;407;China;3133;Torrevieja;190;3;Alicante/Alacant;2019;m08_2019
2019-08;414;Israel;3133;Torrevieja;34;3;Alicante/Alacant;2019;m08_2019
2019-08;443;Kazajstan;3133;Torrevieja;67;3;Alicante/Alacant;2019;m08_2019
2019-09;0;Total;3133;Torrevieja;52157;3;Alicante/Alacant;2019;m09_2019
2019-09;10;Total Europa;3133;Torrevieja;50880;3;Alicante/Alacant;2019;m09_2019
2019-09;11;Total Unión Europea;3133;Torrevieja;28134;3;Alicante/Alacant;2019;m09_2019
2019-09;20;Total África;3133;Torrevieja;505;3;Alicante/Alacant;2019;m09_2019
2019-09;30;Total América;3133;Torrevieja;438;3;Alicante/Alacant;2019;m09_2019
2019-09;31;Total América del Norte;3133;Torrevieja;247;3;Alicante/Alacant;2019;m09_2019
2019-09;33;Total Sudamérica;3133;Torrevieja;185;3;Alicante/Alacant;2019;m09_2019
2019-09;40;Total Asia;3133;Torrevieja;305;3;Alicante/Alacant;2019;m09_2019
2019-09;102;Austria;3133;Torrevieja;173;3;Alicante/Alacant;2019;m09_2019
2019-09;103;Bélgica;3133;Torrevieja;3889;3;Alicante/Alacant;2019;m09_2019
2019-09;104;Bulgaria;3133;Torrevieja;104;3;Alicante/Alacant;2019;m09_2019
2019-09;107;Dinamarca;3133;Torrevieja;1094;3;Alicante/Alacant;2019;m09_2019
2019-09;109;Finlandia;3133;Torrevieja;1556;3;Alicante/Alacant;2019;m09_2019
2019-09;110;Francia;3133;Torrevieja;2507;3;Alicante/Alacant;2019;m09_2019
2019-09;112;Hungria;3133;Torrevieja;157;3;Alicante/Alacant;2019;m09_2019
2019-09;113;Irlanda;3133;Torrevieja;2923;3;Alicante/Alacant;2019;m09_2019
2019-09;114;Islandia;3133;Torrevieja;293;3;Alicante/Alacant;2019;m09_2019
2019-09;115;Italia;3133;Torrevieja;348;3;Alicante/Alacant;2019;m09_2019
2019-09;117;Luxemburgo;3133;Torrevieja;69;3;Alicante/Alacant;2019;m09_2019
2019-09;120;Noruega;3133;Torrevieja;4088;3;Alicante/Alacant;2019;m09_2019
2019-09;121;Países Bajos;3133;Torrevieja;1087;3;Alicante/Alacant;2019;m09_2019
2019-09;122;Polonia;3133;Torrevieja;1193;3;Alicante/Alacant;2019;m09_2019
2019-09;123;Portugal;3133;Torrevieja;129;3;Alicante/Alacant;2019;m09_2019
2019-09;125;Reino Unido;3133;Torrevieja;13819;3;Alicante/Alacant;2019;m09_2019
2019-09;126;Alemania;3133;Torrevieja;3642;3;Alicante/Alacant;2019;m09_2019
2019-09;128;Rumania;3133;Torrevieja;128;3;Alicante/Alacant;2019;m09_2019
2019-09;131;Suecia;3133;Torrevieja;8355;3;Alicante/Alacant;2019;m09_2019
2019-09;132;Suiza;3133;Torrevieja;526;3;Alicante/Alacant;2019;m09_2019
2019-09;135;Ucrania;3133;Torrevieja;626;3;Alicante/Alacant;2019;m09_2019
2019-09;136;Letonia;3133;Torrevieja;111;3;Alicante/Alacant;2019;m09_2019
2019-09;138;Bielorrusia / belarus;3133;Torrevieja;148;3;Alicante/Alacant;2019;m09_2019
2019-09;141;Estonia;3133;Torrevieja;210;3;Alicante/Alacant;2019;m09_2019
2019-09;142;Lituania;3133;Torrevieja;191;3;Alicante/Alacant;2019;m09_2019
2019-09;143;República Checa;3133;Torrevieja;199;3;Alicante/Alacant;2019;m09_2019
2019-09;144;Eslovaquia;3133;Torrevieja;37;3;Alicante/Alacant;2019;m09_2019
2019-09;154;Rusia;3133;Torrevieja;3222;3;Alicante/Alacant;2019;m09_2019
2019-09;203;Argelia;3133;Torrevieja;319;3;Alicante/Alacant;2019;m09_2019
2019-09;228;Marruecos;3133;Torrevieja;154;3;Alicante/Alacant;2019;m09_2019
2019-09;302;EE.UU.;3133;Torrevieja;202;3;Alicante/Alacant;2019;m09_2019
2019-09;340;Argentina;3133;Torrevieja;39;3;Alicante/Alacant;2019;m09_2019
2019-09;343;Colombia;3133;Torrevieja;81;3;Alicante/Alacant;2019;m09_2019
2019-09;407;China;3133;Torrevieja;160;3;Alicante/Alacant;2019;m09_2019
2019-09;414;Israel;3133;Torrevieja;36;3;Alicante/Alacant;2019;m09_2019
2019-09;443;Kazajstan;3133;Torrevieja;66;3;Alicante/Alacant;2019;m09_2019
2019-10;0;Total;3133;Torrevieja;50408;3;Alicante/Alacant;2019;m10_2019
2019-10;10;Total Europa;3133;Torrevieja;49400;3;Alicante/Alacant;2019;m10_2019
2019-10;11;Total Unión Europea;3133;Torrevieja;27223;3;Alicante/Alacant;2019;m10_2019
2019-10;20;Total África;3133;Torrevieja;274;3;Alicante/Alacant;2019;m10_2019
2019-10;30;Total América;3133;Torrevieja;410;3;Alicante/Alacant;2019;m10_2019
2019-10;31;Total América del Norte;3133;Torrevieja;218;3;Alicante/Alacant;2019;m10_2019
2019-10;33;Total Sudamérica;3133;Torrevieja;187;3;Alicante/Alacant;2019;m10_2019
2019-10;40;Total Asia;3133;Torrevieja;316;3;Alicante/Alacant;2019;m10_2019
2019-10;102;Austria;3133;Torrevieja;148;3;Alicante/Alacant;2019;m10_2019
2019-10;103;Bélgica;3133;Torrevieja;3973;3;Alicante/Alacant;2019;m10_2019
2019-10;104;Bulgaria;3133;Torrevieja;85;3;Alicante/Alacant;2019;m10_2019
2019-10;107;Dinamarca;3133;Torrevieja;1163;3;Alicante/Alacant;2019;m10_2019
2019-10;109;Finlandia;3133;Torrevieja;2451;3;Alicante/Alacant;2019;m10_2019
2019-10;110;Francia;3133;Torrevieja;1644;3;Alicante/Alacant;2019;m10_2019
2019-10;112;Hungria;3133;Torrevieja;72;3;Alicante/Alacant;2019;m10_2019
2019-10;113;Irlanda;3133;Torrevieja;1535;3;Alicante/Alacant;2019;m10_2019
2019-10;114;Islandia;3133;Torrevieja;424;3;Alicante/Alacant;2019;m10_2019
2019-10;115;Italia;3133;Torrevieja;216;3;Alicante/Alacant;2019;m10_2019
2019-10;117;Luxemburgo;3133;Torrevieja;49;3;Alicante/Alacant;2019;m10_2019
2019-10;120;Noruega;3133;Torrevieja;6323;3;Alicante/Alacant;2019;m10_2019
2019-10;121;Países Bajos;3133;Torrevieja;1260;3;Alicante/Alacant;2019;m10_2019
2019-10;122;Polonia;3133;Torrevieja;1134;3;Alicante/Alacant;2019;m10_2019
2019-10;123;Portugal;3133;Torrevieja;36;3;Alicante/Alacant;2019;m10_2019
2019-10;125;Reino Unido;3133;Torrevieja;11916;3;Alicante/Alacant;2019;m10_2019
2019-10;126;Alemania;3133;Torrevieja;3858;3;Alicante/Alacant;2019;m10_2019
2019-10;128;Rumania;3133;Torrevieja;83;3;Alicante/Alacant;2019;m10_2019
2019-10;131;Suecia;3133;Torrevieja;8729;3;Alicante/Alacant;2019;m10_2019
2019-10;132;Suiza;3133;Torrevieja;552;3;Alicante/Alacant;2019;m10_2019
2019-10;135;Ucrania;3133;Torrevieja;627;3;Alicante/Alacant;2019;m10_2019
2019-10;136;Letonia;3133;Torrevieja;120;3;Alicante/Alacant;2019;m10_2019
2019-10;137;Moldavia / moldava;3133;Torrevieja;34;3;Alicante/Alacant;2019;m10_2019
2019-10;138;Bielorrusia / belarus;3133;Torrevieja;122;3;Alicante/Alacant;2019;m10_2019
2019-10;141;Estonia;3133;Torrevieja;226;3;Alicante/Alacant;2019;m10_2019
2019-10;142;Lituania;3133;Torrevieja;264;3;Alicante/Alacant;2019;m10_2019
2019-10;143;República Checa;3133;Torrevieja;140;3;Alicante/Alacant;2019;m10_2019
2019-10;154;Rusia;3133;Torrevieja;2163;3;Alicante/Alacant;2019;m10_2019
2019-10;203;Argelia;3133;Torrevieja;166;3;Alicante/Alacant;2019;m10_2019
2019-10;228;Marruecos;3133;Torrevieja;90;3;Alicante/Alacant;2019;m10_2019
2019-10;302;EE.UU.;3133;Torrevieja;193;3;Alicante/Alacant;2019;m10_2019
2019-10;340;Argentina;3133;Torrevieja;42;3;Alicante/Alacant;2019;m10_2019
2019-10;343;Colombia;3133;Torrevieja;78;3;Alicante/Alacant;2019;m10_2019
2019-10;407;China;3133;Torrevieja;187;3;Alicante/Alacant;2019;m10_2019
2019-10;414;Israel;3133;Torrevieja;38;3;Alicante/Alacant;2019;m10_2019
2019-10;443;Kazajstan;3133;Torrevieja;49;3;Alicante/Alacant;2019;m10_2019
2019-11;0;Total;3133;Torrevieja;31650;3;Alicante/Alacant;2019;m11_2019
2019-11;10;Total Europa;3133;Torrevieja;30921;3;Alicante/Alacant;2019;m11_2019
2019-11;11;Total Unión Europea;3133;Torrevieja;19081;3;Alicante/Alacant;2019;m11_2019
2019-11;20;Total África;3133;Torrevieja;311;3;Alicante/Alacant;2019;m11_2019
2019-11;30;Total América;3133;Torrevieja;291;3;Alicante/Alacant;2019;m11_2019
2019-11;31;Total América del Norte;3133;Torrevieja;120;3;Alicante/Alacant;2019;m11_2019
2019-11;33;Total Sudamérica;3133;Torrevieja;171;3;Alicante/Alacant;2019;m11_2019
2019-11;102;Austria;3133;Torrevieja;114;3;Alicante/Alacant;2019;m11_2019
2019-11;103;Bélgica;3133;Torrevieja;3141;3;Alicante/Alacant;2019;m11_2019
2019-11;104;Bulgaria;3133;Torrevieja;77;3;Alicante/Alacant;2019;m11_2019
2019-11;107;Dinamarca;3133;Torrevieja;630;3;Alicante/Alacant;2019;m11_2019
2019-11;109;Finlandia;3133;Torrevieja;2070;3;Alicante/Alacant;2019;m11_2019
2019-11;110;Francia;3133;Torrevieja;1283;3;Alicante/Alacant;2019;m11_2019
2019-11;112;Hungria;3133;Torrevieja;59;3;Alicante/Alacant;2019;m11_2019
2019-11;113;Irlanda;3133;Torrevieja;848;3;Alicante/Alacant;2019;m11_2019
2019-11;114;Islandia;3133;Torrevieja;351;3;Alicante/Alacant;2019;m11_2019
2019-11;115;Italia;3133;Torrevieja;180;3;Alicante/Alacant;2019;m11_2019
2019-11;117;Luxemburgo;3133;Torrevieja;44;3;Alicante/Alacant;2019;m11_2019
2019-11;120;Noruega;3133;Torrevieja;5009;3;Alicante/Alacant;2019;m11_2019
2019-11;121;Países Bajos;3133;Torrevieja;932;3;Alicante/Alacant;2019;m11_2019
2019-11;122;Polonia;3133;Torrevieja;666;3;Alicante/Alacant;2019;m11_2019
2019-11;125;Reino Unido;3133;Torrevieja;4536;3;Alicante/Alacant;2019;m11_2019
2019-11;126;Alemania;3133;Torrevieja;2115;3;Alicante/Alacant;2019;m11_2019
2019-11;128;Rumania;3133;Torrevieja;47;3;Alicante/Alacant;2019;m11_2019
2019-11;131;Suecia;3133;Torrevieja;6457;3;Alicante/Alacant;2019;m11_2019
2019-11;132;Suiza;3133;Torrevieja;282;3;Alicante/Alacant;2019;m11_2019
2019-11;135;Ucrania;3133;Torrevieja;326;3;Alicante/Alacant;2019;m11_2019
2019-11;136;Letonia;3133;Torrevieja;58;3;Alicante/Alacant;2019;m11_2019
2019-11;138;Bielorrusia / belarus;3133;Torrevieja;62;3;Alicante/Alacant;2019;m11_2019
2019-11;141;Estonia;3133;Torrevieja;124;3;Alicante/Alacant;2019;m11_2019
2019-11;142;Lituania;3133;Torrevieja;152;3;Alicante/Alacant;2019;m11_2019
2019-11;143;República Checa;3133;Torrevieja;39;3;Alicante/Alacant;2019;m11_2019
2019-11;154;Rusia;3133;Torrevieja;1255;3;Alicante/Alacant;2019;m11_2019
2019-11;203;Argelia;3133;Torrevieja;180;3;Alicante/Alacant;2019;m11_2019
2019-11;228;Marruecos;3133;Torrevieja;99;3;Alicante/Alacant;2019;m11_2019
2019-11;302;EE.UU.;3133;Torrevieja;99;3;Alicante/Alacant;2019;m11_2019
2019-11;340;Argentina;3133;Torrevieja;40;3;Alicante/Alacant;2019;m11_2019
2019-11;342;Brasil;3133;Torrevieja;34;3;Alicante/Alacant;2019;m11_2019
2019-11;343;Colombia;3133;Torrevieja;87;3;Alicante/Alacant;2019;m11_2019
2019-11;407;China;3133;Torrevieja;40;3;Alicante/Alacant;2019;m11_2019
2019-11;443;Kazajstan;3133;Torrevieja;34;3;Alicante/Alacant;2019;m11_2019
2019-12;0;Total;3133;Torrevieja;21874;3;Alicante/Alacant;2019;m12_2019
2019-12;10;Total Europa;3133;Torrevieja;20971;3;Alicante/Alacant;2019;m12_2019
2019-12;11;Total Unión Europea;3133;Torrevieja;13297;3;Alicante/Alacant;2019;m12_2019
2019-12;20;Total África;3133;Torrevieja;343;3;Alicante/Alacant;2019;m12_2019
2019-12;30;Total América;3133;Torrevieja;280;3;Alicante/Alacant;2019;m12_2019
2019-12;33;Total Sudamérica;3133;Torrevieja;172;3;Alicante/Alacant;2019;m12_2019
2019-12;40;Total Asia;3133;Torrevieja;272;3;Alicante/Alacant;2019;m12_2019
2019-12;102;Austria;3133;Torrevieja;94;3;Alicante/Alacant;2019;m12_2019
2019-12;103;Bélgica;3133;Torrevieja;2265;3;Alicante/Alacant;2019;m12_2019
2019-12;104;Bulgaria;3133;Torrevieja;80;3;Alicante/Alacant;2019;m12_2019
2019-12;107;Dinamarca;3133;Torrevieja;306;3;Alicante/Alacant;2019;m12_2019
2019-12;109;Finlandia;3133;Torrevieja;1811;3;Alicante/Alacant;2019;m12_2019
2019-12;110;Francia;3133;Torrevieja;834;3;Alicante/Alacant;2019;m12_2019
2019-12;112;Hungria;3133;Torrevieja;48;3;Alicante/Alacant;2019;m12_2019
2019-12;113;Irlanda;3133;Torrevieja;433;3;Alicante/Alacant;2019;m12_2019
2019-12;114;Islandia;3133;Torrevieja;240;3;Alicante/Alacant;2019;m12_2019
2019-12;115;Italia;3133;Torrevieja;203;3;Alicante/Alacant;2019;m12_2019
2019-12;117;Luxemburgo;3133;Torrevieja;57;3;Alicante/Alacant;2019;m12_2019
2019-12;120;Noruega;3133;Torrevieja;2215;3;Alicante/Alacant;2019;m12_2019
2019-12;121;Países Bajos;3133;Torrevieja;613;3;Alicante/Alacant;2019;m12_2019
2019-12;122;Polonia;3133;Torrevieja;536;3;Alicante/Alacant;2019;m12_2019
2019-12;125;Reino Unido;3133;Torrevieja;3614;3;Alicante/Alacant;2019;m12_2019
2019-12;126;Alemania;3133;Torrevieja;1526;3;Alicante/Alacant;2019;m12_2019
2019-12;128;Rumania;3133;Torrevieja;48;3;Alicante/Alacant;2019;m12_2019
2019-12;131;Suecia;3133;Torrevieja;4106;3;Alicante/Alacant;2019;m12_2019
2019-12;132;Suiza;3133;Torrevieja;223;3;Alicante/Alacant;2019;m12_2019
2019-12;135;Ucrania;3133;Torrevieja;308;3;Alicante/Alacant;2019;m12_2019
2019-12;136;Letonia;3133;Torrevieja;66;3;Alicante/Alacant;2019;m12_2019
2019-12;138;Bielorrusia / belarus;3133;Torrevieja;43;3;Alicante/Alacant;2019;m12_2019
2019-12;141;Estonia;3133;Torrevieja;91;3;Alicante/Alacant;2019;m12_2019
2019-12;142;Lituania;3133;Torrevieja;97;3;Alicante/Alacant;2019;m12_2019
2019-12;143;República Checa;3133;Torrevieja;47;3;Alicante/Alacant;2019;m12_2019
2019-12;154;Rusia;3133;Torrevieja;1008;3;Alicante/Alacant;2019;m12_2019
2019-12;203;Argelia;3133;Torrevieja;175;3;Alicante/Alacant;2019;m12_2019
2019-12;228;Marruecos;3133;Torrevieja;122;3;Alicante/Alacant;2019;m12_2019
2019-12;302;EE.UU.;3133;Torrevieja;87;3;Alicante/Alacant;2019;m12_2019
2019-12;343;Colombia;3133;Torrevieja;113;3;Alicante/Alacant;2019;m12_2019
2019-12;407;China;3133;Torrevieja;208;3;Alicante/Alacant;2019;m12_2019
2019-12;443;Kazajstan;3133;Torrevieja;33;3;Alicante/Alacant;2019;m12_2019
2020-01;0;Total;3133;Torrevieja;25532;3;Alicante/Alacant;2020;m01_2020
2020-01;10;Total Europa;3133;Torrevieja;24554;3;Alicante/Alacant;2020;m01_2020
2020-01;11;Total Unión Europea;3133;Torrevieja;16156;3;Alicante/Alacant;2020;m01_2020
2020-01;20;Total África;3133;Torrevieja;413;3;Alicante/Alacant;2020;m01_2020
2020-01;30;Total América;3133;Torrevieja;263;3;Alicante/Alacant;2020;m01_2020
2020-01;31;Total América del Norte;3133;Torrevieja;124;3;Alicante/Alacant;2020;m01_2020
2020-01;33;Total Sudamérica;3133;Torrevieja;134;3;Alicante/Alacant;2020;m01_2020
2020-01;40;Total Asia;3133;Torrevieja;284;3;Alicante/Alacant;2020;m01_2020
2020-01;102;Austria;3133;Torrevieja;86;3;Alicante/Alacant;2020;m01_2020
2020-01;103;Bélgica;3133;Torrevieja;2881;3;Alicante/Alacant;2020;m01_2020
2020-01;104;Bulgaria;3133;Torrevieja;71;3;Alicante/Alacant;2020;m01_2020
2020-01;107;Dinamarca;3133;Torrevieja;404;3;Alicante/Alacant;2020;m01_2020
2020-01;109;Finlandia;3133;Torrevieja;1616;3;Alicante/Alacant;2020;m01_2020
2020-01;110;Francia;3133;Torrevieja;1027;3;Alicante/Alacant;2020;m01_2020
2020-01;112;Hungria;3133;Torrevieja;57;3;Alicante/Alacant;2020;m01_2020
2020-01;113;Irlanda;3133;Torrevieja;558;3;Alicante/Alacant;2020;m01_2020
2020-01;114;Islandia;3133;Torrevieja;238;3;Alicante/Alacant;2020;m01_2020
2020-01;115;Italia;3133;Torrevieja;246;3;Alicante/Alacant;2020;m01_2020
2020-01;117;Luxemburgo;3133;Torrevieja;71;3;Alicante/Alacant;2020;m01_2020
2020-01;120;Noruega;3133;Torrevieja;2138;3;Alicante/Alacant;2020;m01_2020
2020-01;121;Países Bajos;3133;Torrevieja;949;3;Alicante/Alacant;2020;m01_2020
2020-01;122;Polonia;3133;Torrevieja;638;3;Alicante/Alacant;2020;m01_2020
2020-01;123;Portugal;3133;Torrevieja;39;3;Alicante/Alacant;2020;m01_2020
2020-01;125;Reino Unido;3133;Torrevieja;4099;3;Alicante/Alacant;2020;m01_2020
2020-01;126;Alemania;3133;Torrevieja;1844;3;Alicante/Alacant;2020;m01_2020
2020-01;128;Rumania;3133;Torrevieja;48;3;Alicante/Alacant;2020;m01_2020
2020-01;131;Suecia;3133;Torrevieja;5249;3;Alicante/Alacant;2020;m01_2020
2020-01;132;Suiza;3133;Torrevieja;325;3;Alicante/Alacant;2020;m01_2020
2020-01;135;Ucrania;3133;Torrevieja;286;3;Alicante/Alacant;2020;m01_2020
2020-01;136;Letonia;3133;Torrevieja;68;3;Alicante/Alacant;2020;m01_2020
2020-01;138;Bielorrusia / belarus;3133;Torrevieja;53;3;Alicante/Alacant;2020;m01_2020
2020-01;141;Estonia;3133;Torrevieja;106;3;Alicante/Alacant;2020;m01_2020
2020-01;142;Lituania;3133;Torrevieja;124;3;Alicante/Alacant;2020;m01_2020
2020-01;143;República Checa;3133;Torrevieja;52;3;Alicante/Alacant;2020;m01_2020
2020-01;154;Rusia;3133;Torrevieja;1239;3;Alicante/Alacant;2020;m01_2020
2020-01;203;Argelia;3133;Torrevieja;244;3;Alicante/Alacant;2020;m01_2020
2020-01;228;Marruecos;3133;Torrevieja;121;3;Alicante/Alacant;2020;m01_2020
2020-01;248;Túnez;3133;Torrevieja;36;3;Alicante/Alacant;2020;m01_2020
2020-01;302;EE.UU.;3133;Torrevieja;101;3;Alicante/Alacant;2020;m01_2020
2020-01;343;Colombia;3133;Torrevieja;107;3;Alicante/Alacant;2020;m01_2020
2020-01;407;China;3133;Torrevieja;192;3;Alicante/Alacant;2020;m01_2020
2020-01;443;Kazajstan;3133;Torrevieja;45;3;Alicante/Alacant;2020;m01_2020
2020-02;0;Total;3133;Torrevieja;23893;3;Alicante/Alacant;2020;m02_2020
2020-02;10;Total Europa;3133;Torrevieja;23135;3;Alicante/Alacant;2020;m02_2020
2020-02;11;Total Unión Europea;3133;Torrevieja;13944;3;Alicante/Alacant;2020;m02_2020
2020-02;20;Total África;3133;Torrevieja;330;3;Alicante/Alacant;2020;m02_2020
2020-02;30;Total América;3133;Torrevieja;209;3;Alicante/Alacant;2020;m02_2020
2020-02;31;Total América del Norte;3133;Torrevieja;96;3;Alicante/Alacant;2020;m02_2020
2020-02;33;Total Sudamérica;3133;Torrevieja;111;3;Alicante/Alacant;2020;m02_2020
2020-02;40;Total Asia;3133;Torrevieja;216;3;Alicante/Alacant;2020;m02_2020
2020-02;102;Austria;3133;Torrevieja;82;3;Alicante/Alacant;2020;m02_2020
2020-02;103;Bélgica;3133;Torrevieja;2049;3;Alicante/Alacant;2020;m02_2020
2020-02;104;Bulgaria;3133;Torrevieja;61;3;Alicante/Alacant;2020;m02_2020
2020-02;107;Dinamarca;3133;Torrevieja;546;3;Alicante/Alacant;2020;m02_2020
2020-02;109;Finlandia;3133;Torrevieja;1848;3;Alicante/Alacant;2020;m02_2020
2020-02;110;Francia;3133;Torrevieja;985;3;Alicante/Alacant;2020;m02_2020
2020-02;112;Hungria;3133;Torrevieja;59;3;Alicante/Alacant;2020;m02_2020
2020-02;113;Irlanda;3133;Torrevieja;531;3;Alicante/Alacant;2020;m02_2020
2020-02;114;Islandia;3133;Torrevieja;164;3;Alicante/Alacant;2020;m02_2020
2020-02;115;Italia;3133;Torrevieja;184;3;Alicante/Alacant;2020;m02_2020
2020-02;117;Luxemburgo;3133;Torrevieja;76;3;Alicante/Alacant;2020;m02_2020
2020-02;120;Noruega;3133;Torrevieja;3027;3;Alicante/Alacant;2020;m02_2020
2020-02;121;Países Bajos;3133;Torrevieja;896;3;Alicante/Alacant;2020;m02_2020
2020-02;122;Polonia;3133;Torrevieja;650;3;Alicante/Alacant;2020;m02_2020
2020-02;125;Reino Unido;3133;Torrevieja;4340;3;Alicante/Alacant;2020;m02_2020
2020-02;126;Alemania;3133;Torrevieja;1631;3;Alicante/Alacant;2020;m02_2020
2020-02;128;Rumania;3133;Torrevieja;54;3;Alicante/Alacant;2020;m02_2020
2020-02;131;Suecia;3133;Torrevieja;3926;3;Alicante/Alacant;2020;m02_2020
2020-02;132;Suiza;3133;Torrevieja;266;3;Alicante/Alacant;2020;m02_2020
2020-02;135;Ucrania;3133;Torrevieja;279;3;Alicante/Alacant;2020;m02_2020
2020-02;136;Letonia;3133;Torrevieja;60;3;Alicante/Alacant;2020;m02_2020
2020-02;138;Bielorrusia / belarus;3133;Torrevieja;38;3;Alicante/Alacant;2020;m02_2020
2020-02;141;Estonia;3133;Torrevieja;76;3;Alicante/Alacant;2020;m02_2020
2020-02;142;Lituania;3133;Torrevieja;125;3;Alicante/Alacant;2020;m02_2020
2020-02;143;República Checa;3133;Torrevieja;64;3;Alicante/Alacant;2020;m02_2020
2020-02;154;Rusia;3133;Torrevieja;1064;3;Alicante/Alacant;2020;m02_2020
2020-02;203;Argelia;3133;Torrevieja;192;3;Alicante/Alacant;2020;m02_2020
2020-02;228;Marruecos;3133;Torrevieja;112;3;Alicante/Alacant;2020;m02_2020
2020-02;302;EE.UU.;3133;Torrevieja;76;3;Alicante/Alacant;2020;m02_2020
2020-02;343;Colombia;3133;Torrevieja;55;3;Alicante/Alacant;2020;m02_2020
2020-02;407;China;3133;Torrevieja;149;3;Alicante/Alacant;2020;m02_2020
2020-02;443;Kazajstan;3133;Torrevieja;32;3;Alicante/Alacant;2020;m02_2020
2020-03;0;Total;3133;Torrevieja;22859;3;Alicante/Alacant;2020;m03_2020
2020-03;10;Total Europa;3133;Torrevieja;22332;3;Alicante/Alacant;2020;m03_2020
2020-03;11;Total Unión Europea;3133;Torrevieja;13266;3;Alicante/Alacant;2020;m03_2020
2020-03;20;Total África;3133;Torrevieja;201;3;Alicante/Alacant;2020;m03_2020
2020-03;30;Total América;3133;Torrevieja;216;3;Alicante/Alacant;2020;m03_2020
2020-03;31;Total América del Norte;3133;Torrevieja;98;3;Alicante/Alacant;2020;m03_2020
2020-03;33;Total Sudamérica;3133;Torrevieja;115;3;Alicante/Alacant;2020;m03_2020
2020-03;40;Total Asia;3133;Torrevieja;107;3;Alicante/Alacant;2020;m03_2020
2020-03;102;Austria;3133;Torrevieja;59;3;Alicante/Alacant;2020;m03_2020
2020-03;103;Bélgica;3133;Torrevieja;1751;3;Alicante/Alacant;2020;m03_2020
2020-03;104;Bulgaria;3133;Torrevieja;46;3;Alicante/Alacant;2020;m03_2020
2020-03;107;Dinamarca;3133;Torrevieja;386;3;Alicante/Alacant;2020;m03_2020
2020-03;109;Finlandia;3133;Torrevieja;2026;3;Alicante/Alacant;2020;m03_2020
2020-03;110;Francia;3133;Torrevieja;981;3;Alicante/Alacant;2020;m03_2020
2020-03;112;Hungria;3133;Torrevieja;55;3;Alicante/Alacant;2020;m03_2020
2020-03;113;Irlanda;3133;Torrevieja;374;3;Alicante/Alacant;2020;m03_2020
2020-03;114;Islandia;3133;Torrevieja;184;3;Alicante/Alacant;2020;m03_2020
2020-03;115;Italia;3133;Torrevieja;165;3;Alicante/Alacant;2020;m03_2020
2020-03;117;Luxemburgo;3133;Torrevieja;38;3;Alicante/Alacant;2020;m03_2020
2020-03;120;Noruega;3133;Torrevieja;3716;3;Alicante/Alacant;2020;m03_2020
2020-03;121;Países Bajos;3133;Torrevieja;930;3;Alicante/Alacant;2020;m03_2020
2020-03;122;Polonia;3133;Torrevieja;390;3;Alicante/Alacant;2020;m03_2020
2020-03;125;Reino Unido;3133;Torrevieja;3848;3;Alicante/Alacant;2020;m03_2020
2020-03;126;Alemania;3133;Torrevieja;1713;3;Alicante/Alacant;2020;m03_2020
2020-03;128;Rumania;3133;Torrevieja;35;3;Alicante/Alacant;2020;m03_2020
2020-03;131;Suecia;3133;Torrevieja;4006;3;Alicante/Alacant;2020;m03_2020
2020-03;132;Suiza;3133;Torrevieja;135;3;Alicante/Alacant;2020;m03_2020
2020-03;135;Ucrania;3133;Torrevieja;210;3;Alicante/Alacant;2020;m03_2020
2020-03;136;Letonia;3133;Torrevieja;57;3;Alicante/Alacant;2020;m03_2020
2020-03;138;Bielorrusia / belarus;3133;Torrevieja;38;3;Alicante/Alacant;2020;m03_2020
2020-03;141;Estonia;3133;Torrevieja;90;3;Alicante/Alacant;2020;m03_2020
2020-03;142;Lituania;3133;Torrevieja;101;3;Alicante/Alacant;2020;m03_2020
2020-03;143;República Checa;3133;Torrevieja;35;3;Alicante/Alacant;2020;m03_2020
2020-03;154;Rusia;3133;Torrevieja;918;3;Alicante/Alacant;2020;m03_2020
2020-03;203;Argelia;3133;Torrevieja;87;3;Alicante/Alacant;2020;m03_2020
2020-03;228;Marruecos;3133;Torrevieja;84;3;Alicante/Alacant;2020;m03_2020
2020-03;302;EE.UU.;3133;Torrevieja;78;3;Alicante/Alacant;2020;m03_2020
2020-03;343;Colombia;3133;Torrevieja;59;3;Alicante/Alacant;2020;m03_2020
2020-03;407;China;3133;Torrevieja;55;3;Alicante/Alacant;2020;m03_2020
2020-04;0;Total;3133;Torrevieja;4583;3;Alicante/Alacant;2020;m04_2020
2020-04;10;Total Europa;3133;Torrevieja;4324;3;Alicante/Alacant;2020;m04_2020
2020-04;11;Total Unión Europea;3133;Torrevieja;2589;3;Alicante/Alacant;2020;m04_2020
2020-04;20;Total África;3133;Torrevieja;87;3;Alicante/Alacant;2020;m04_2020
2020-04;30;Total América;3133;Torrevieja;85;3;Alicante/Alacant;2020;m04_2020
2020-04;33;Total Sudamérica;3133;Torrevieja;60;3;Alicante/Alacant;2020;m04_2020
2020-04;40;Total Asia;3133;Torrevieja;86;3;Alicante/Alacant;2020;m04_2020
2020-04;103;Bélgica;3133;Torrevieja;385;3;Alicante/Alacant;2020;m04_2020
2020-04;107;Dinamarca;3133;Torrevieja;46;3;Alicante/Alacant;2020;m04_2020
2020-04;109;Finlandia;3133;Torrevieja;258;3;Alicante/Alacant;2020;m04_2020
2020-04;110;Francia;3133;Torrevieja;310;3;Alicante/Alacant;2020;m04_2020
2020-04;113;Irlanda;3133;Torrevieja;47;3;Alicante/Alacant;2020;m04_2020
2020-04;114;Islandia;3133;Torrevieja;63;3;Alicante/Alacant;2020;m04_2020
2020-04;115;Italia;3133;Torrevieja;71;3;Alicante/Alacant;2020;m04_2020
2020-04;120;Noruega;3133;Torrevieja;353;3;Alicante/Alacant;2020;m04_2020
2020-04;121;Países Bajos;3133;Torrevieja;161;3;Alicante/Alacant;2020;m04_2020
2020-04;122;Polonia;3133;Torrevieja;89;3;Alicante/Alacant;2020;m04_2020
2020-04;125;Reino Unido;3133;Torrevieja;668;3;Alicante/Alacant;2020;m04_2020
2020-04;126;Alemania;3133;Torrevieja;349;3;Alicante/Alacant;2020;m04_2020
2020-04;131;Suecia;3133;Torrevieja;627;3;Alicante/Alacant;2020;m04_2020
2020-04;132;Suiza;3133;Torrevieja;38;3;Alicante/Alacant;2020;m04_2020
2020-04;135;Ucrania;3133;Torrevieja;102;3;Alicante/Alacant;2020;m04_2020
2020-04;136;Letonia;3133;Torrevieja;31;3;Alicante/Alacant;2020;m04_2020
2020-04;141;Estonia;3133;Torrevieja;57;3;Alicante/Alacant;2020;m04_2020
2020-04;142;Lituania;3133;Torrevieja;50;3;Alicante/Alacant;2020;m04_2020
2020-04;154;Rusia;3133;Torrevieja;494;3;Alicante/Alacant;2020;m04_2020
2020-04;203;Argelia;3133;Torrevieja;30;3;Alicante/Alacant;2020;m04_2020
2020-04;228;Marruecos;3133;Torrevieja;49;3;Alicante/Alacant;2020;m04_2020
2020-04;343;Colombia;3133;Torrevieja;49;3;Alicante/Alacant;2020;m04_2020
2020-04;407;China;3133;Torrevieja;36;3;Alicante/Alacant;2020;m04_2020
2020-05;0;Total;3133;Torrevieja;4132;3;Alicante/Alacant;2020;m05_2020
2020-05;10;Total Europa;3133;Torrevieja;3870;3;Alicante/Alacant;2020;m05_2020
2020-05;11;Total Unión Europea;3133;Torrevieja;2339;3;Alicante/Alacant;2020;m05_2020
2020-05;20;Total África;3133;Torrevieja;82;3;Alicante/Alacant;2020;m05_2020
2020-05;30;Total América;3133;Torrevieja;114;3;Alicante/Alacant;2020;m05_2020
2020-05;31;Total América del Norte;3133;Torrevieja;33;3;Alicante/Alacant;2020;m05_2020
2020-05;33;Total Sudamérica;3133;Torrevieja;80;3;Alicante/Alacant;2020;m05_2020
2020-05;40;Total Asia;3133;Torrevieja;66;3;Alicante/Alacant;2020;m05_2020
2020-05;103;Bélgica;3133;Torrevieja;377;3;Alicante/Alacant;2020;m05_2020
2020-05;104;Bulgaria;3133;Torrevieja;34;3;Alicante/Alacant;2020;m05_2020
2020-05;109;Finlandia;3133;Torrevieja;213;3;Alicante/Alacant;2020;m05_2020
2020-05;110;Francia;3133;Torrevieja;274;3;Alicante/Alacant;2020;m05_2020
2020-05;113;Irlanda;3133;Torrevieja;43;3;Alicante/Alacant;2020;m05_2020
2020-05;114;Islandia;3133;Torrevieja;55;3;Alicante/Alacant;2020;m05_2020
2020-05;115;Italia;3133;Torrevieja;81;3;Alicante/Alacant;2020;m05_2020
2020-05;120;Noruega;3133;Torrevieja;199;3;Alicante/Alacant;2020;m05_2020
2020-05;121;Países Bajos;3133;Torrevieja;181;3;Alicante/Alacant;2020;m05_2020
2020-05;122;Polonia;3133;Torrevieja;86;3;Alicante/Alacant;2020;m05_2020
2020-05;125;Reino Unido;3133;Torrevieja;660;3;Alicante/Alacant;2020;m05_2020
2020-05;126;Alemania;3133;Torrevieja;320;3;Alicante/Alacant;2020;m05_2020
2020-05;131;Suecia;3133;Torrevieja;502;3;Alicante/Alacant;2020;m05_2020
2020-05;132;Suiza;3133;Torrevieja;40;3;Alicante/Alacant;2020;m05_2020
2020-05;135;Ucrania;3133;Torrevieja;84;3;Alicante/Alacant;2020;m05_2020
2020-05;136;Letonia;3133;Torrevieja;32;3;Alicante/Alacant;2020;m05_2020
2020-05;141;Estonia;3133;Torrevieja;34;3;Alicante/Alacant;2020;m05_2020
2020-05;142;Lituania;3133;Torrevieja;41;3;Alicante/Alacant;2020;m05_2020
2020-05;143;República Checa;3133;Torrevieja;33;3;Alicante/Alacant;2020;m05_2020
2020-05;154;Rusia;3133;Torrevieja;483;3;Alicante/Alacant;2020;m05_2020
2020-05;228;Marruecos;3133;Torrevieja;47;3;Alicante/Alacant;2020;m05_2020
2020-05;302;EE.UU.;3133;Torrevieja;31;3;Alicante/Alacant;2020;m05_2020
2020-05;343;Colombia;3133;Torrevieja;43;3;Alicante/Alacant;2020;m05_2020
2020-05;407;China;3133;Torrevieja;36;3;Alicante/Alacant;2020;m05_2020
2020-06;0;Total;3133;Torrevieja;4462;3;Alicante/Alacant;2020;m06_2020
2020-06;10;Total Europa;3133;Torrevieja;4211;3;Alicante/Alacant;2020;m06_2020
2020-06;11;Total Unión Europea;3133;Torrevieja;2573;3;Alicante/Alacant;2020;m06_2020
2020-06;20;Total África;3133;Torrevieja;73;3;Alicante/Alacant;2020;m06_2020
2020-06;30;Total América;3133;Torrevieja;113;3;Alicante/Alacant;2020;m06_2020
2020-06;31;Total América del Norte;3133;Torrevieja;39;3;Alicante/Alacant;2020;m06_2020
2020-06;33;Total Sudamérica;3133;Torrevieja;66;3;Alicante/Alacant;2020;m06_2020
2020-06;40;Total Asia;3133;Torrevieja;63;3;Alicante/Alacant;2020;m06_2020
2020-06;103;Bélgica;3133;Torrevieja;328;3;Alicante/Alacant;2020;m06_2020
2020-06;104;Bulgaria;3133;Torrevieja;35;3;Alicante/Alacant;2020;m06_2020
2020-06;107;Dinamarca;3133;Torrevieja;30;3;Alicante/Alacant;2020;m06_2020
2020-06;109;Finlandia;3133;Torrevieja;159;3;Alicante/Alacant;2020;m06_2020
2020-06;110;Francia;3133;Torrevieja;354;3;Alicante/Alacant;2020;m06_2020
2020-06;113;Irlanda;3133;Torrevieja;47;3;Alicante/Alacant;2020;m06_2020
2020-06;114;Islandia;3133;Torrevieja;49;3;Alicante/Alacant;2020;m06_2020
2020-06;115;Italia;3133;Torrevieja;103;3;Alicante/Alacant;2020;m06_2020
2020-06;120;Noruega;3133;Torrevieja;188;3;Alicante/Alacant;2020;m06_2020
2020-06;121;Países Bajos;3133;Torrevieja;233;3;Alicante/Alacant;2020;m06_2020
2020-06;122;Polonia;3133;Torrevieja;124;3;Alicante/Alacant;2020;m06_2020
2020-06;125;Reino Unido;3133;Torrevieja;819;3;Alicante/Alacant;2020;m06_2020
2020-06;126;Alemania;3133;Torrevieja;450;3;Alicante/Alacant;2020;m06_2020
2020-06;131;Suecia;3133;Torrevieja;482;3;Alicante/Alacant;2020;m06_2020
2020-06;132;Suiza;3133;Torrevieja;48;3;Alicante/Alacant;2020;m06_2020
2020-06;135;Ucrania;3133;Torrevieja;87;3;Alicante/Alacant;2020;m06_2020
2020-06;136;Letonia;3133;Torrevieja;36;3;Alicante/Alacant;2020;m06_2020
2020-06;141;Estonia;3133;Torrevieja;54;3;Alicante/Alacant;2020;m06_2020
2020-06;154;Rusia;3133;Torrevieja;429;3;Alicante/Alacant;2020;m06_2020
2020-06;228;Marruecos;3133;Torrevieja;47;3;Alicante/Alacant;2020;m06_2020
2020-06;302;EE.UU.;3133;Torrevieja;37;3;Alicante/Alacant;2020;m06_2020
2020-06;343;Colombia;3133;Torrevieja;47;3;Alicante/Alacant;2020;m06_2020
2020-06;407;China;3133;Torrevieja;41;3;Alicante/Alacant;2020;m06_2020
2020-07;0;Total;3133;Torrevieja;19244;3;Alicante/Alacant;2020;m07_2020
2020-07;10;Total Europa;3133;Torrevieja;18904;3;Alicante/Alacant;2020;m07_2020
2020-07;11;Total Unión Europea;3133;Torrevieja;14219;3;Alicante/Alacant;2020;m07_2020
2020-07;20;Total África;3133;Torrevieja;110;3;Alicante/Alacant;2020;m07_2020
2020-07;30;Total América;3133;Torrevieja;136;3;Alicante/Alacant;2020;m07_2020
2020-07;31;Total América del Norte;3133;Torrevieja;69;3;Alicante/Alacant;2020;m07_2020
2020-07;33;Total Sudamérica;3133;Torrevieja;64;3;Alicante/Alacant;2020;m07_2020
2020-07;40;Total Asia;3133;Torrevieja;93;3;Alicante/Alacant;2020;m07_2020
2020-07;102;Austria;3133;Torrevieja;91;3;Alicante/Alacant;2020;m07_2020
2020-07;103;Bélgica;3133;Torrevieja;3983;3;Alicante/Alacant;2020;m07_2020
2020-07;104;Bulgaria;3133;Torrevieja;66;3;Alicante/Alacant;2020;m07_2020
2020-07;107;Dinamarca;3133;Torrevieja;451;3;Alicante/Alacant;2020;m07_2020
2020-07;109;Finlandia;3133;Torrevieja;329;3;Alicante/Alacant;2020;m07_2020
2020-07;110;Francia;3133;Torrevieja;2342;3;Alicante/Alacant;2020;m07_2020
2020-07;112;Hungria;3133;Torrevieja;83;3;Alicante/Alacant;2020;m07_2020
2020-07;113;Irlanda;3133;Torrevieja;254;3;Alicante/Alacant;2020;m07_2020
2020-07;114;Islandia;3133;Torrevieja;83;3;Alicante/Alacant;2020;m07_2020
2020-07;115;Italia;3133;Torrevieja;226;3;Alicante/Alacant;2020;m07_2020
2020-07;117;Luxemburgo;3133;Torrevieja;100;3;Alicante/Alacant;2020;m07_2020
2020-07;120;Noruega;3133;Torrevieja;803;3;Alicante/Alacant;2020;m07_2020
2020-07;121;Países Bajos;3133;Torrevieja;623;3;Alicante/Alacant;2020;m07_2020
2020-07;122;Polonia;3133;Torrevieja;631;3;Alicante/Alacant;2020;m07_2020
2020-07;123;Portugal;3133;Torrevieja;35;3;Alicante/Alacant;2020;m07_2020
2020-07;125;Reino Unido;3133;Torrevieja;2881;3;Alicante/Alacant;2020;m07_2020
2020-07;126;Alemania;3133;Torrevieja;2059;3;Alicante/Alacant;2020;m07_2020
2020-07;128;Rumania;3133;Torrevieja;62;3;Alicante/Alacant;2020;m07_2020
2020-07;131;Suecia;3133;Torrevieja;2538;3;Alicante/Alacant;2020;m07_2020
2020-07;132;Suiza;3133;Torrevieja;327;3;Alicante/Alacant;2020;m07_2020
2020-07;135;Ucrania;3133;Torrevieja;154;3;Alicante/Alacant;2020;m07_2020
2020-07;136;Letonia;3133;Torrevieja;64;3;Alicante/Alacant;2020;m07_2020
2020-07;141;Estonia;3133;Torrevieja;86;3;Alicante/Alacant;2020;m07_2020
2020-07;142;Lituania;3133;Torrevieja;92;3;Alicante/Alacant;2020;m07_2020
2020-07;143;República Checa;3133;Torrevieja;80;3;Alicante/Alacant;2020;m07_2020
2020-07;154;Rusia;3133;Torrevieja;413;3;Alicante/Alacant;2020;m07_2020
2020-07;203;Argelia;3133;Torrevieja;34;3;Alicante/Alacant;2020;m07_2020
2020-07;228;Marruecos;3133;Torrevieja;57;3;Alicante/Alacant;2020;m07_2020
2020-07;302;EE.UU.;3133;Torrevieja;67;3;Alicante/Alacant;2020;m07_2020
2020-07;343;Colombia;3133;Torrevieja;47;3;Alicante/Alacant;2020;m07_2020
2020-07;407;China;3133;Torrevieja;47;3;Alicante/Alacant;2020;m07_2020
2020-08;0;Total;3133;Torrevieja;29451;3;Alicante/Alacant;2020;m08_2020
2020-08;10;Total Europa;3133;Torrevieja;29032;3;Alicante/Alacant;2020;m08_2020
2020-08;11;Total Unión Europea;3133;Torrevieja;23994;3;Alicante/Alacant;2020;m08_2020
2020-08;20;Total África;3133;Torrevieja;165;3;Alicante/Alacant;2020;m08_2020
2020-08;30;Total América;3133;Torrevieja;158;3;Alicante/Alacant;2020;m08_2020
2020-08;31;Total América del Norte;3133;Torrevieja;80;3;Alicante/Alacant;2020;m08_2020
2020-08;33;Total Sudamérica;3133;Torrevieja;75;3;Alicante/Alacant;2020;m08_2020
2020-08;40;Total Asia;3133;Torrevieja;94;3;Alicante/Alacant;2020;m08_2020
2020-08;102;Austria;3133;Torrevieja;93;3;Alicante/Alacant;2020;m08_2020
2020-08;103;Bélgica;3133;Torrevieja;5589;3;Alicante/Alacant;2020;m08_2020
2020-08;104;Bulgaria;3133;Torrevieja;79;3;Alicante/Alacant;2020;m08_2020
2020-08;107;Dinamarca;3133;Torrevieja;427;3;Alicante/Alacant;2020;m08_2020
2020-08;109;Finlandia;3133;Torrevieja;248;3;Alicante/Alacant;2020;m08_2020
2020-08;110;Francia;3133;Torrevieja;6605;3;Alicante/Alacant;2020;m08_2020
2020-08;112;Hungria;3133;Torrevieja;106;3;Alicante/Alacant;2020;m08_2020
2020-08;113;Irlanda;3133;Torrevieja;445;3;Alicante/Alacant;2020;m08_2020
2020-08;114;Islandia;3133;Torrevieja;127;3;Alicante/Alacant;2020;m08_2020
2020-08;115;Italia;3133;Torrevieja;347;3;Alicante/Alacant;2020;m08_2020
2020-08;117;Luxemburgo;3133;Torrevieja;128;3;Alicante/Alacant;2020;m08_2020
2020-08;120;Noruega;3133;Torrevieja;485;3;Alicante/Alacant;2020;m08_2020
2020-08;121;Países Bajos;3133;Torrevieja;1140;3;Alicante/Alacant;2020;m08_2020
2020-08;122;Polonia;3133;Torrevieja;1029;3;Alicante/Alacant;2020;m08_2020
2020-08;123;Portugal;3133;Torrevieja;108;3;Alicante/Alacant;2020;m08_2020
2020-08;125;Reino Unido;3133;Torrevieja;3519;3;Alicante/Alacant;2020;m08_2020
2020-08;126;Alemania;3133;Torrevieja;2972;3;Alicante/Alacant;2020;m08_2020
2020-08;128;Rumania;3133;Torrevieja;98;3;Alicante/Alacant;2020;m08_2020
2020-08;131;Suecia;3133;Torrevieja;4202;3;Alicante/Alacant;2020;m08_2020
2020-08;132;Suiza;3133;Torrevieja;359;3;Alicante/Alacant;2020;m08_2020
2020-08;135;Ucrania;3133;Torrevieja;146;3;Alicante/Alacant;2020;m08_2020
2020-08;136;Letonia;3133;Torrevieja;45;3;Alicante/Alacant;2020;m08_2020
2020-08;141;Estonia;3133;Torrevieja;100;3;Alicante/Alacant;2020;m08_2020
2020-08;142;Lituania;3133;Torrevieja;72;3;Alicante/Alacant;2020;m08_2020
2020-08;143;República Checa;3133;Torrevieja;138;3;Alicante/Alacant;2020;m08_2020
2020-08;154;Rusia;3133;Torrevieja;376;3;Alicante/Alacant;2020;m08_2020
2020-08;203;Argelia;3133;Torrevieja;49;3;Alicante/Alacant;2020;m08_2020
2020-08;228;Marruecos;3133;Torrevieja;82;3;Alicante/Alacant;2020;m08_2020
2020-08;302;EE.UU.;3133;Torrevieja;78;3;Alicante/Alacant;2020;m08_2020
2020-08;343;Colombia;3133;Torrevieja;47;3;Alicante/Alacant;2020;m08_2020
2020-08;407;China;3133;Torrevieja;43;3;Alicante/Alacant;2020;m08_2020
2020-09;0;Total;3133;Torrevieja;12932;3;Alicante/Alacant;2020;m09_2020
2020-09;10;Total Europa;3133;Torrevieja;12615;3;Alicante/Alacant;2020;m09_2020
2020-09;11;Total Unión Europea;3133;Torrevieja;9039;3;Alicante/Alacant;2020;m09_2020
2020-09;20;Total África;3133;Torrevieja;104;3;Alicante/Alacant;2020;m09_2020
2020-09;30;Total América;3133;Torrevieja;118;3;Alicante/Alacant;2020;m09_2020
2020-09;31;Total América del Norte;3133;Torrevieja;55;3;Alicante/Alacant;2020;m09_2020
2020-09;33;Total Sudamérica;3133;Torrevieja;59;3;Alicante/Alacant;2020;m09_2020
2020-09;40;Total Asia;3133;Torrevieja;93;3;Alicante/Alacant;2020;m09_2020
2020-09;102;Austria;3133;Torrevieja;41;3;Alicante/Alacant;2020;m09_2020
2020-09;103;Bélgica;3133;Torrevieja;1777;3;Alicante/Alacant;2020;m09_2020
2020-09;104;Bulgaria;3133;Torrevieja;56;3;Alicante/Alacant;2020;m09_2020
2020-09;107;Dinamarca;3133;Torrevieja;144;3;Alicante/Alacant;2020;m09_2020
2020-09;109;Finlandia;3133;Torrevieja;200;3;Alicante/Alacant;2020;m09_2020
2020-09;110;Francia;3133;Torrevieja;1381;3;Alicante/Alacant;2020;m09_2020
2020-09;112;Hungria;3133;Torrevieja;38;3;Alicante/Alacant;2020;m09_2020
2020-09;113;Irlanda;3133;Torrevieja;258;3;Alicante/Alacant;2020;m09_2020
2020-09;114;Islandia;3133;Torrevieja;69;3;Alicante/Alacant;2020;m09_2020
2020-09;115;Italia;3133;Torrevieja;142;3;Alicante/Alacant;2020;m09_2020
2020-09;117;Luxemburgo;3133;Torrevieja;58;3;Alicante/Alacant;2020;m09_2020
2020-09;120;Noruega;3133;Torrevieja;363;3;Alicante/Alacant;2020;m09_2020
2020-09;121;Países Bajos;3133;Torrevieja;400;3;Alicante/Alacant;2020;m09_2020
2020-09;122;Polonia;3133;Torrevieja;336;3;Alicante/Alacant;2020;m09_2020
2020-09;123;Portugal;3133;Torrevieja;57;3;Alicante/Alacant;2020;m09_2020
2020-09;125;Reino Unido;3133;Torrevieja;2557;3;Alicante/Alacant;2020;m09_2020
2020-09;126;Alemania;3133;Torrevieja;1269;3;Alicante/Alacant;2020;m09_2020
2020-09;128;Rumania;3133;Torrevieja;54;3;Alicante/Alacant;2020;m09_2020
2020-09;131;Suecia;3133;Torrevieja;2573;3;Alicante/Alacant;2020;m09_2020
2020-09;132;Suiza;3133;Torrevieja;102;3;Alicante/Alacant;2020;m09_2020
2020-09;135;Ucrania;3133;Torrevieja;98;3;Alicante/Alacant;2020;m09_2020
2020-09;136;Letonia;3133;Torrevieja;32;3;Alicante/Alacant;2020;m09_2020
2020-09;141;Estonia;3133;Torrevieja;64;3;Alicante/Alacant;2020;m09_2020
2020-09;142;Lituania;3133;Torrevieja;46;3;Alicante/Alacant;2020;m09_2020
2020-09;143;República Checa;3133;Torrevieja;96;3;Alicante/Alacant;2020;m09_2020
2020-09;154;Rusia;3133;Torrevieja;375;3;Alicante/Alacant;2020;m09_2020
2020-09;228;Marruecos;3133;Torrevieja;63;3;Alicante/Alacant;2020;m09_2020
2020-09;302;EE.UU.;3133;Torrevieja;53;3;Alicante/Alacant;2020;m09_2020
2020-09;343;Colombia;3133;Torrevieja;39;3;Alicante/Alacant;2020;m09_2020
2020-09;407;China;3133;Torrevieja;36;3;Alicante/Alacant;2020;m09_2020
2020-10;0;Total;3133;Torrevieja;13216;3;Alicante/Alacant;2020;m10_2020
2020-10;10;Total Europa;3133;Torrevieja;12922;3;Alicante/Alacant;2020;m10_2020
2020-10;11;Total Unión Europea;3133;Torrevieja;9663;3;Alicante/Alacant;2020;m10_2020
2020-10;20;Total África;3133;Torrevieja;83;3;Alicante/Alacant;2020;m10_2020
2020-10;30;Total América;3133;Torrevieja;100;3;Alicante/Alacant;2020;m10_2020
2020-10;31;Total América del Norte;3133;Torrevieja;56;3;Alicante/Alacant;2020;m10_2020
2020-10;33;Total Sudamérica;3133;Torrevieja;43;3;Alicante/Alacant;2020;m10_2020
2020-10;40;Total Asia;3133;Torrevieja;110;3;Alicante/Alacant;2020;m10_2020
2020-10;102;Austria;3133;Torrevieja;36;3;Alicante/Alacant;2020;m10_2020
2020-10;103;Bélgica;3133;Torrevieja;1327;3;Alicante/Alacant;2020;m10_2020
2020-10;104;Bulgaria;3133;Torrevieja;49;3;Alicante/Alacant;2020;m10_2020
2020-10;107;Dinamarca;3133;Torrevieja;216;3;Alicante/Alacant;2020;m10_2020
2020-10;109;Finlandia;3133;Torrevieja;275;3;Alicante/Alacant;2020;m10_2020
2020-10;110;Francia;3133;Torrevieja;1222;3;Alicante/Alacant;2020;m10_2020
2020-10;113;Irlanda;3133;Torrevieja;245;3;Alicante/Alacant;2020;m10_2020
2020-10;114;Islandia;3133;Torrevieja;102;3;Alicante/Alacant;2020;m10_2020
2020-10;115;Italia;3133;Torrevieja;106;3;Alicante/Alacant;2020;m10_2020
2020-10;117;Luxemburgo;3133;Torrevieja;52;3;Alicante/Alacant;2020;m10_2020
2020-10;120;Noruega;3133;Torrevieja;517;3;Alicante/Alacant;2020;m10_2020
2020-10;121;Países Bajos;3133;Torrevieja;479;3;Alicante/Alacant;2020;m10_2020
2020-10;122;Polonia;3133;Torrevieja;427;3;Alicante/Alacant;2020;m10_2020
2020-10;125;Reino Unido;3133;Torrevieja;2022;3;Alicante/Alacant;2020;m10_2020
2020-10;126;Alemania;3133;Torrevieja;1048;3;Alicante/Alacant;2020;m10_2020
2020-10;128;Rumania;3133;Torrevieja;64;3;Alicante/Alacant;2020;m10_2020
2020-10;131;Suecia;3133;Torrevieja;3812;3;Alicante/Alacant;2020;m10_2020
2020-10;132;Suiza;3133;Torrevieja;85;3;Alicante/Alacant;2020;m10_2020
2020-10;135;Ucrania;3133;Torrevieja;126;3;Alicante/Alacant;2020;m10_2020
2020-10;136;Letonia;3133;Torrevieja;47;3;Alicante/Alacant;2020;m10_2020
2020-10;141;Estonia;3133;Torrevieja;73;3;Alicante/Alacant;2020;m10_2020
2020-10;142;Lituania;3133;Torrevieja;77;3;Alicante/Alacant;2020;m10_2020
2020-10;143;República Checa;3133;Torrevieja;50;3;Alicante/Alacant;2020;m10_2020
2020-10;154;Rusia;3133;Torrevieja;379;3;Alicante/Alacant;2020;m10_2020
2020-10;228;Marruecos;3133;Torrevieja;56;3;Alicante/Alacant;2020;m10_2020
2020-10;302;EE.UU.;3133;Torrevieja;54;3;Alicante/Alacant;2020;m10_2020
2020-10;407;China;3133;Torrevieja;45;3;Alicante/Alacant;2020;m10_2020
2020-10;443;Kazajstan;3133;Torrevieja;35;3;Alicante/Alacant;2020;m10_2020
2020-11;0;Total;3133;Torrevieja;9550;3;Alicante/Alacant;2020;m11_2020
2020-11;10;Total Europa;3133;Torrevieja;9253;3;Alicante/Alacant;2020;m11_2020
2020-11;11;Total Unión Europea;3133;Torrevieja;6757;3;Alicante/Alacant;2020;m11_2020
2020-11;20;Total África;3133;Torrevieja;101;3;Alicante/Alacant;2020;m11_2020
2020-11;30;Total América;3133;Torrevieja;111;3;Alicante/Alacant;2020;m11_2020
2020-11;31;Total América del Norte;3133;Torrevieja;67;3;Alicante/Alacant;2020;m11_2020
2020-11;33;Total Sudamérica;3133;Torrevieja;41;3;Alicante/Alacant;2020;m11_2020
2020-11;40;Total Asia;3133;Torrevieja;83;3;Alicante/Alacant;2020;m11_2020
2020-11;102;Austria;3133;Torrevieja;35;3;Alicante/Alacant;2020;m11_2020
2020-11;103;Bélgica;3133;Torrevieja;1257;3;Alicante/Alacant;2020;m11_2020
2020-11;104;Bulgaria;3133;Torrevieja;43;3;Alicante/Alacant;2020;m11_2020
2020-11;107;Dinamarca;3133;Torrevieja;101;3;Alicante/Alacant;2020;m11_2020
2020-11;109;Finlandia;3133;Torrevieja;306;3;Alicante/Alacant;2020;m11_2020
2020-11;110;Francia;3133;Torrevieja;649;3;Alicante/Alacant;2020;m11_2020
2020-11;113;Irlanda;3133;Torrevieja;192;3;Alicante/Alacant;2020;m11_2020
2020-11;114;Islandia;3133;Torrevieja;91;3;Alicante/Alacant;2020;m11_2020
2020-11;115;Italia;3133;Torrevieja;92;3;Alicante/Alacant;2020;m11_2020
2020-11;117;Luxemburgo;3133;Torrevieja;45;3;Alicante/Alacant;2020;m11_2020
2020-11;120;Noruega;3133;Torrevieja;491;3;Alicante/Alacant;2020;m11_2020
2020-11;121;Países Bajos;3133;Torrevieja;312;3;Alicante/Alacant;2020;m11_2020
2020-11;122;Polonia;3133;Torrevieja;290;3;Alicante/Alacant;2020;m11_2020
2020-11;125;Reino Unido;3133;Torrevieja;1329;3;Alicante/Alacant;2020;m11_2020
2020-11;126;Alemania;3133;Torrevieja;719;3;Alicante/Alacant;2020;m11_2020
2020-11;128;Rumania;3133;Torrevieja;36;3;Alicante/Alacant;2020;m11_2020
2020-11;131;Suecia;3133;Torrevieja;2448;3;Alicante/Alacant;2020;m11_2020
2020-11;132;Suiza;3133;Torrevieja;84;3;Alicante/Alacant;2020;m11_2020
2020-11;135;Ucrania;3133;Torrevieja;138;3;Alicante/Alacant;2020;m11_2020
2020-11;141;Estonia;3133;Torrevieja;67;3;Alicante/Alacant;2020;m11_2020
2020-11;142;Lituania;3133;Torrevieja;53;3;Alicante/Alacant;2020;m11_2020
2020-11;143;República Checa;3133;Torrevieja;35;3;Alicante/Alacant;2020;m11_2020
2020-11;154;Rusia;3133;Torrevieja;335;3;Alicante/Alacant;2020;m11_2020
2020-11;228;Marruecos;3133;Torrevieja;65;3;Alicante/Alacant;2020;m11_2020
2020-11;407;China;3133;Torrevieja;46;3;Alicante/Alacant;2020;m11_2020
2020-12;0;Total;3133;Torrevieja;7747;3;Alicante/Alacant;2020;m12_2020
2020-12;10;Total Europa;3133;Torrevieja;7413;3;Alicante/Alacant;2020;m12_2020
2020-12;11;Total Unión Europea;3133;Torrevieja;5071;3;Alicante/Alacant;2020;m12_2020
2020-12;20;Total África;3133;Torrevieja;99;3;Alicante/Alacant;2020;m12_2020
2020-12;30;Total América;3133;Torrevieja;105;3;Alicante/Alacant;2020;m12_2020
2020-12;31;Total América del Norte;3133;Torrevieja;64;3;Alicante/Alacant;2020;m12_2020
2020-12;40;Total Asia;3133;Torrevieja;111;3;Alicante/Alacant;2020;m12_2020
2020-12;102;Austria;3133;Torrevieja;31;3;Alicante/Alacant;2020;m12_2020
2020-12;103;Bélgica;3133;Torrevieja;954;3;Alicante/Alacant;2020;m12_2020
2020-12;104;Bulgaria;3133;Torrevieja;43;3;Alicante/Alacant;2020;m12_2020
2020-12;107;Dinamarca;3133;Torrevieja;69;3;Alicante/Alacant;2020;m12_2020
2020-12;109;Finlandia;3133;Torrevieja;369;3;Alicante/Alacant;2020;m12_2020
2020-12;110;Francia;3133;Torrevieja;576;3;Alicante/Alacant;2020;m12_2020
2020-12;112;Hungria;3133;Torrevieja;31;3;Alicante/Alacant;2020;m12_2020
2020-12;113;Irlanda;3133;Torrevieja;126;3;Alicante/Alacant;2020;m12_2020
2020-12;114;Islandia;3133;Torrevieja;68;3;Alicante/Alacant;2020;m12_2020
2020-12;115;Italia;3133;Torrevieja;118;3;Alicante/Alacant;2020;m12_2020
2020-12;117;Luxemburgo;3133;Torrevieja;49;3;Alicante/Alacant;2020;m12_2020
2020-12;120;Noruega;3133;Torrevieja;366;3;Alicante/Alacant;2020;m12_2020
2020-12;121;Países Bajos;3133;Torrevieja;339;3;Alicante/Alacant;2020;m12_2020
2020-12;122;Polonia;3133;Torrevieja;248;3;Alicante/Alacant;2020;m12_2020
2020-12;125;Reino Unido;3133;Torrevieja;1260;3;Alicante/Alacant;2020;m12_2020
2020-12;126;Alemania;3133;Torrevieja;623;3;Alicante/Alacant;2020;m12_2020
2020-12;128;Rumania;3133;Torrevieja;30;3;Alicante/Alacant;2020;m12_2020
2020-12;131;Suecia;3133;Torrevieja;1289;3;Alicante/Alacant;2020;m12_2020
2020-12;132;Suiza;3133;Torrevieja;121;3;Alicante/Alacant;2020;m12_2020
2020-12;135;Ucrania;3133;Torrevieja;127;3;Alicante/Alacant;2020;m12_2020
2020-12;141;Estonia;3133;Torrevieja;39;3;Alicante/Alacant;2020;m12_2020
2020-12;142;Lituania;3133;Torrevieja;42;3;Alicante/Alacant;2020;m12_2020
2020-12;143;República Checa;3133;Torrevieja;52;3;Alicante/Alacant;2020;m12_2020
2020-12;154;Rusia;3133;Torrevieja;382;3;Alicante/Alacant;2020;m12_2020
2020-12;228;Marruecos;3133;Torrevieja;66;3;Alicante/Alacant;2020;m12_2020
2020-12;302;EE.UU.;3133;Torrevieja;63;3;Alicante/Alacant;2020;m12_2020
2020-12;407;China;3133;Torrevieja;46;3;Alicante/Alacant;2020;m12_2020
2020-12;443;Kazajstan;3133;Torrevieja;37;3;Alicante/Alacant;2020;m12_2020
2021-01;0;Total;3133;Torrevieja;6850;3;Alicante/Alacant;2021;m01_2021
2021-01;10;Total Europa;3133;Torrevieja;6550;3;Alicante/Alacant;2021;m01_2021
2021-01;11;Total Unión Europea;3133;Torrevieja;4776;3;Alicante/Alacant;2021;m01_2021
2021-01;20;Total África;3133;Torrevieja;64;3;Alicante/Alacant;2021;m01_2021
2021-01;30;Total América;3133;Torrevieja;83;3;Alicante/Alacant;2021;m01_2021
2021-01;31;Total América del Norte;3133;Torrevieja;49;3;Alicante/Alacant;2021;m01_2021
2021-01;33;Total Sudamérica;3133;Torrevieja;30;3;Alicante/Alacant;2021;m01_2021
2021-01;40;Total Asia;3133;Torrevieja;144;3;Alicante/Alacant;2021;m01_2021
2021-01;102;Austria;3133;Torrevieja;39;3;Alicante/Alacant;2021;m01_2021
2021-01;103;Bélgica;3133;Torrevieja;812;3;Alicante/Alacant;2021;m01_2021
2021-01;104;Bulgaria;3133;Torrevieja;58;3;Alicante/Alacant;2021;m01_2021
2021-01;107;Dinamarca;3133;Torrevieja;66;3;Alicante/Alacant;2021;m01_2021
2021-01;109;Finlandia;3133;Torrevieja;280;3;Alicante/Alacant;2021;m01_2021
2021-01;110;Francia;3133;Torrevieja;604;3;Alicante/Alacant;2021;m01_2021
2021-01;113;Irlanda;3133;Torrevieja;144;3;Alicante/Alacant;2021;m01_2021
2021-01;114;Islandia;3133;Torrevieja;97;3;Alicante/Alacant;2021;m01_2021
2021-01;115;Italia;3133;Torrevieja;91;3;Alicante/Alacant;2021;m01_2021
2021-01;117;Luxemburgo;3133;Torrevieja;37;3;Alicante/Alacant;2021;m01_2021
2021-01;120;Noruega;3133;Torrevieja;244;3;Alicante/Alacant;2021;m01_2021
2021-01;121;Países Bajos;3133;Torrevieja;263;3;Alicante/Alacant;2021;m01_2021
2021-01;122;Polonia;3133;Torrevieja;281;3;Alicante/Alacant;2021;m01_2021
2021-01;125;Reino Unido;3133;Torrevieja;825;3;Alicante/Alacant;2021;m01_2021
2021-01;126;Alemania;3133;Torrevieja;535;3;Alicante/Alacant;2021;m01_2021
2021-01;128;Rumania;3133;Torrevieja;38;3;Alicante/Alacant;2021;m01_2021
2021-01;131;Suecia;3133;Torrevieja;1290;3;Alicante/Alacant;2021;m01_2021
2021-01;132;Suiza;3133;Torrevieja;123;3;Alicante/Alacant;2021;m01_2021
2021-01;135;Ucrania;3133;Torrevieja;81;3;Alicante/Alacant;2021;m01_2021
2021-01;136;Letonia;3133;Torrevieja;36;3;Alicante/Alacant;2021;m01_2021
2021-01;141;Estonia;3133;Torrevieja;49;3;Alicante/Alacant;2021;m01_2021
2021-01;142;Lituania;3133;Torrevieja;78;3;Alicante/Alacant;2021;m01_2021
2021-01;154;Rusia;3133;Torrevieja;381;3;Alicante/Alacant;2021;m01_2021
2021-01;228;Marruecos;3133;Torrevieja;53;3;Alicante/Alacant;2021;m01_2021
2021-01;302;EE.UU.;3133;Torrevieja;47;3;Alicante/Alacant;2021;m01_2021
2021-01;407;China;3133;Torrevieja;55;3;Alicante/Alacant;2021;m01_2021
2021-01;443;Kazajstan;3133;Torrevieja;55;3;Alicante/Alacant;2021;m01_2021
2021-02;0;Total;3133;Torrevieja;4760;3;Alicante/Alacant;2021;m02_2021
2021-02;10;Total Europa;3133;Torrevieja;4513;3;Alicante/Alacant;2021;m02_2021
2021-02;11;Total Unión Europea;3133;Torrevieja;3040;3;Alicante/Alacant;2021;m02_2021
2021-02;20;Total África;3133;Torrevieja;63;3;Alicante/Alacant;2021;m02_2021
2021-02;30;Total América;3133;Torrevieja;74;3;Alicante/Alacant;2021;m02_2021
2021-02;31;Total América del Norte;3133;Torrevieja;42;3;Alicante/Alacant;2021;m02_2021
2021-02;40;Total Asia;3133;Torrevieja;101;3;Alicante/Alacant;2021;m02_2021
2021-02;102;Austria;3133;Torrevieja;32;3;Alicante/Alacant;2021;m02_2021
2021-02;103;Bélgica;3133;Torrevieja;336;3;Alicante/Alacant;2021;m02_2021
2021-02;104;Bulgaria;3133;Torrevieja;38;3;Alicante/Alacant;2021;m02_2021
2021-02;107;Dinamarca;3133;Torrevieja;54;3;Alicante/Alacant;2021;m02_2021
2021-02;109;Finlandia;3133;Torrevieja;246;3;Alicante/Alacant;2021;m02_2021
2021-02;110;Francia;3133;Torrevieja;332;3;Alicante/Alacant;2021;m02_2021
2021-02;113;Irlanda;3133;Torrevieja;93;3;Alicante/Alacant;2021;m02_2021
2021-02;114;Islandia;3133;Torrevieja;53;3;Alicante/Alacant;2021;m02_2021
2021-02;115;Italia;3133;Torrevieja;74;3;Alicante/Alacant;2021;m02_2021
2021-02;120;Noruega;3133;Torrevieja;221;3;Alicante/Alacant;2021;m02_2021
2021-02;121;Países Bajos;3133;Torrevieja;272;3;Alicante/Alacant;2021;m02_2021
2021-02;122;Polonia;3133;Torrevieja;215;3;Alicante/Alacant;2021;m02_2021
2021-02;125;Reino Unido;3133;Torrevieja;671;3;Alicante/Alacant;2021;m02_2021
2021-02;126;Alemania;3133;Torrevieja;385;3;Alicante/Alacant;2021;m02_2021
2021-02;128;Rumania;3133;Torrevieja;30;3;Alicante/Alacant;2021;m02_2021
2021-02;131;Suecia;3133;Torrevieja;720;3;Alicante/Alacant;2021;m02_2021
2021-02;132;Suiza;3133;Torrevieja;50;3;Alicante/Alacant;2021;m02_2021
2021-02;135;Ucrania;3133;Torrevieja;82;3;Alicante/Alacant;2021;m02_2021
2021-02;141;Estonia;3133;Torrevieja;43;3;Alicante/Alacant;2021;m02_2021
2021-02;142;Lituania;3133;Torrevieja;42;3;Alicante/Alacant;2021;m02_2021
2021-02;143;República Checa;3133;Torrevieja;42;3;Alicante/Alacant;2021;m02_2021
2021-02;154;Rusia;3133;Torrevieja;382;3;Alicante/Alacant;2021;m02_2021
2021-02;228;Marruecos;3133;Torrevieja;41;3;Alicante/Alacant;2021;m02_2021
2021-02;302;EE.UU.;3133;Torrevieja;38;3;Alicante/Alacant;2021;m02_2021
2021-02;407;China;3133;Torrevieja;34;3;Alicante/Alacant;2021;m02_2021
2021-02;443;Kazajstan;3133;Torrevieja;31;3;Alicante/Alacant;2021;m02_2021
2021-03;0;Total;3133;Torrevieja;5590;3;Alicante/Alacant;2021;m03_2021
2021-03;10;Total Europa;3133;Torrevieja;5385;3;Alicante/Alacant;2021;m03_2021
2021-03;11;Total Unión Europea;3133;Torrevieja;3715;3;Alicante/Alacant;2021;m03_2021
2021-03;20;Total África;3133;Torrevieja;42;3;Alicante/Alacant;2021;m03_2021
2021-03;30;Total América;3133;Torrevieja;55;3;Alicante/Alacant;2021;m03_2021
2021-03;31;Total América del Norte;3133;Torrevieja;47;3;Alicante/Alacant;2021;m03_2021
2021-03;40;Total Asia;3133;Torrevieja;106;3;Alicante/Alacant;2021;m03_2021
2021-03;102;Austria;3133;Torrevieja;30;3;Alicante/Alacant;2021;m03_2021
2021-03;103;Bélgica;3133;Torrevieja;377;3;Alicante/Alacant;2021;m03_2021
2021-03;104;Bulgaria;3133;Torrevieja;61;3;Alicante/Alacant;2021;m03_2021
2021-03;107;Dinamarca;3133;Torrevieja;60;3;Alicante/Alacant;2021;m03_2021
2021-03;109;Finlandia;3133;Torrevieja;284;3;Alicante/Alacant;2021;m03_2021
2021-03;110;Francia;3133;Torrevieja;429;3;Alicante/Alacant;2021;m03_2021
2021-03;113;Irlanda;3133;Torrevieja;83;3;Alicante/Alacant;2021;m03_2021
2021-03;114;Islandia;3133;Torrevieja;70;3;Alicante/Alacant;2021;m03_2021
2021-03;115;Italia;3133;Torrevieja;54;3;Alicante/Alacant;2021;m03_2021
2021-03;117;Luxemburgo;3133;Torrevieja;38;3;Alicante/Alacant;2021;m03_2021
2021-03;120;Noruega;3133;Torrevieja;240;3;Alicante/Alacant;2021;m03_2021
2021-03;121;Países Bajos;3133;Torrevieja;289;3;Alicante/Alacant;2021;m03_2021
2021-03;122;Polonia;3133;Torrevieja;289;3;Alicante/Alacant;2021;m03_2021
2021-03;125;Reino Unido;3133;Torrevieja;780;3;Alicante/Alacant;2021;m03_2021
2021-03;126;Alemania;3133;Torrevieja;454;3;Alicante/Alacant;2021;m03_2021
2021-03;128;Rumania;3133;Torrevieja;36;3;Alicante/Alacant;2021;m03_2021
2021-03;131;Suecia;3133;Torrevieja;1038;3;Alicante/Alacant;2021;m03_2021
2021-03;132;Suiza;3133;Torrevieja;56;3;Alicante/Alacant;2021;m03_2021
2021-03;135;Ucrania;3133;Torrevieja;77;3;Alicante/Alacant;2021;m03_2021
2021-03;141;Estonia;3133;Torrevieja;41;3;Alicante/Alacant;2021;m03_2021
2021-03;142;Lituania;3133;Torrevieja;68;3;Alicante/Alacant;2021;m03_2021
2021-03;154;Rusia;3133;Torrevieja;433;3;Alicante/Alacant;2021;m03_2021
2021-03;228;Marruecos;3133;Torrevieja;35;3;Alicante/Alacant;2021;m03_2021
2021-03;302;EE.UU.;3133;Torrevieja;44;3;Alicante/Alacant;2021;m03_2021
2021-03;407;China;3133;Torrevieja;47;3;Alicante/Alacant;2021;m03_2021
2021-03;443;Kazajstan;3133;Torrevieja;35;3;Alicante/Alacant;2021;m03_2021
2021-04;0;Total;3133;Torrevieja;7499;3;Alicante/Alacant;2021;m04_2021
2021-04;10;Total Europa;3133;Torrevieja;7282;3;Alicante/Alacant;2021;m04_2021
2021-04;11;Total Unión Europea;3133;Torrevieja;5649;3;Alicante/Alacant;2021;m04_2021
2021-04;20;Total África;3133;Torrevieja;45;3;Alicante/Alacant;2021;m04_2021
2021-04;30;Total América;3133;Torrevieja;62;3;Alicante/Alacant;2021;m04_2021
2021-04;31;Total América del Norte;3133;Torrevieja;31;3;Alicante/Alacant;2021;m04_2021
2021-04;33;Total Sudamérica;3133;Torrevieja;30;3;Alicante/Alacant;2021;m04_2021
2021-04;40;Total Asia;3133;Torrevieja;108;3;Alicante/Alacant;2021;m04_2021
2021-04;102;Austria;3133;Torrevieja;34;3;Alicante/Alacant;2021;m04_2021
2021-04;103;Bélgica;3133;Torrevieja;637;3;Alicante/Alacant;2021;m04_2021
2021-04;104;Bulgaria;3133;Torrevieja;32;3;Alicante/Alacant;2021;m04_2021
2021-04;107;Dinamarca;3133;Torrevieja;111;3;Alicante/Alacant;2021;m04_2021
2021-04;109;Finlandia;3133;Torrevieja;335;3;Alicante/Alacant;2021;m04_2021
2021-04;110;Francia;3133;Torrevieja;642;3;Alicante/Alacant;2021;m04_2021
2021-04;113;Irlanda;3133;Torrevieja;75;3;Alicante/Alacant;2021;m04_2021
2021-04;114;Islandia;3133;Torrevieja;95;3;Alicante/Alacant;2021;m04_2021
2021-04;115;Italia;3133;Torrevieja;79;3;Alicante/Alacant;2021;m04_2021
2021-04;117;Luxemburgo;3133;Torrevieja;49;3;Alicante/Alacant;2021;m04_2021
2021-04;120;Noruega;3133;Torrevieja;214;3;Alicante/Alacant;2021;m04_2021
2021-04;121;Países Bajos;3133;Torrevieja;297;3;Alicante/Alacant;2021;m04_2021
2021-04;122;Polonia;3133;Torrevieja;322;3;Alicante/Alacant;2021;m04_2021
2021-04;125;Reino Unido;3133;Torrevieja;651;3;Alicante/Alacant;2021;m04_2021
2021-04;126;Alemania;3133;Torrevieja;752;3;Alicante/Alacant;2021;m04_2021
2021-04;128;Rumania;3133;Torrevieja;47;3;Alicante/Alacant;2021;m04_2021
2021-04;131;Suecia;3133;Torrevieja;1981;3;Alicante/Alacant;2021;m04_2021
2021-04;132;Suiza;3133;Torrevieja;198;3;Alicante/Alacant;2021;m04_2021
2021-04;135;Ucrania;3133;Torrevieja;94;3;Alicante/Alacant;2021;m04_2021
2021-04;136;Letonia;3133;Torrevieja;39;3;Alicante/Alacant;2021;m04_2021
2021-04;141;Estonia;3133;Torrevieja;70;3;Alicante/Alacant;2021;m04_2021
2021-04;142;Lituania;3133;Torrevieja;57;3;Alicante/Alacant;2021;m04_2021
2021-04;143;República Checa;3133;Torrevieja;46;3;Alicante/Alacant;2021;m04_2021
2021-04;154;Rusia;3133;Torrevieja;358;3;Alicante/Alacant;2021;m04_2021
2021-04;302;EE.UU.;3133;Torrevieja;30;3;Alicante/Alacant;2021;m04_2021
2021-04;407;China;3133;Torrevieja;43;3;Alicante/Alacant;2021;m04_2021
2021-04;443;Kazajstan;3133;Torrevieja;32;3;Alicante/Alacant;2021;m04_2021
2021-05;0;Total;3133;Torrevieja;10269;3;Alicante/Alacant;2021;m05_2021
2021-05;10;Total Europa;3133;Torrevieja;10025;3;Alicante/Alacant;2021;m05_2021
2021-05;11;Total Unión Europea;3133;Torrevieja;8183;3;Alicante/Alacant;2021;m05_2021
2021-05;20;Total África;3133;Torrevieja;35;3;Alicante/Alacant;2021;m05_2021
2021-05;30;Total América;3133;Torrevieja;103;3;Alicante/Alacant;2021;m05_2021
2021-05;31;Total América del Norte;3133;Torrevieja;56;3;Alicante/Alacant;2021;m05_2021
2021-05;33;Total Sudamérica;3133;Torrevieja;45;3;Alicante/Alacant;2021;m05_2021
2021-05;40;Total Asia;3133;Torrevieja;104;3;Alicante/Alacant;2021;m05_2021
2021-05;102;Austria;3133;Torrevieja;68;3;Alicante/Alacant;2021;m05_2021
2021-05;103;Bélgica;3133;Torrevieja;1523;3;Alicante/Alacant;2021;m05_2021
2021-05;104;Bulgaria;3133;Torrevieja;42;3;Alicante/Alacant;2021;m05_2021
2021-05;107;Dinamarca;3133;Torrevieja;214;3;Alicante/Alacant;2021;m05_2021
2021-05;109;Finlandia;3133;Torrevieja;329;3;Alicante/Alacant;2021;m05_2021
2021-05;110;Francia;3133;Torrevieja;1180;3;Alicante/Alacant;2021;m05_2021
2021-05;112;Hungria;3133;Torrevieja;42;3;Alicante/Alacant;2021;m05_2021
2021-05;113;Irlanda;3133;Torrevieja;114;3;Alicante/Alacant;2021;m05_2021
2021-05;114;Islandia;3133;Torrevieja;74;3;Alicante/Alacant;2021;m05_2021
2021-05;115;Italia;3133;Torrevieja;73;3;Alicante/Alacant;2021;m05_2021
2021-05;117;Luxemburgo;3133;Torrevieja;45;3;Alicante/Alacant;2021;m05_2021
2021-05;120;Noruega;3133;Torrevieja;381;3;Alicante/Alacant;2021;m05_2021
2021-05;121;Países Bajos;3133;Torrevieja;435;3;Alicante/Alacant;2021;m05_2021
2021-05;122;Polonia;3133;Torrevieja;592;3;Alicante/Alacant;2021;m05_2021
2021-05;125;Reino Unido;3133;Torrevieja;657;3;Alicante/Alacant;2021;m05_2021
2021-05;126;Alemania;3133;Torrevieja;1025;3;Alicante/Alacant;2021;m05_2021
2021-05;128;Rumania;3133;Torrevieja;76;3;Alicante/Alacant;2021;m05_2021
2021-05;131;Suecia;3133;Torrevieja;2054;3;Alicante/Alacant;2021;m05_2021
2021-05;132;Suiza;3133;Torrevieja;198;3;Alicante/Alacant;2021;m05_2021
2021-05;135;Ucrania;3133;Torrevieja;105;3;Alicante/Alacant;2021;m05_2021
2021-05;136;Letonia;3133;Torrevieja;38;3;Alicante/Alacant;2021;m05_2021
2021-05;141;Estonia;3133;Torrevieja;73;3;Alicante/Alacant;2021;m05_2021
2021-05;142;Lituania;3133;Torrevieja;97;3;Alicante/Alacant;2021;m05_2021
2021-05;143;República Checa;3133;Torrevieja;101;3;Alicante/Alacant;2021;m05_2021
2021-05;154;Rusia;3133;Torrevieja;385;3;Alicante/Alacant;2021;m05_2021
2021-05;302;EE.UU.;3133;Torrevieja;53;3;Alicante/Alacant;2021;m05_2021
2021-05;407;China;3133;Torrevieja;51;3;Alicante/Alacant;2021;m05_2021
2021-06;0;Total;3133;Torrevieja;16465;3;Alicante/Alacant;2021;m06_2021
2021-06;10;Total Europa;3133;Torrevieja;16115;3;Alicante/Alacant;2021;m06_2021
2021-06;11;Total Unión Europea;3133;Torrevieja;12991;3;Alicante/Alacant;2021;m06_2021
2021-06;20;Total África;3133;Torrevieja;68;3;Alicante/Alacant;2021;m06_2021
2021-06;30;Total América;3133;Torrevieja;149;3;Alicante/Alacant;2021;m06_2021
2021-06;31;Total América del Norte;3133;Torrevieja;87;3;Alicante/Alacant;2021;m06_2021
2021-06;33;Total Sudamérica;3133;Torrevieja;59;3;Alicante/Alacant;2021;m06_2021
2021-06;40;Total Asia;3133;Torrevieja;132;3;Alicante/Alacant;2021;m06_2021
2021-06;102;Austria;3133;Torrevieja;109;3;Alicante/Alacant;2021;m06_2021
2021-06;103;Bélgica;3133;Torrevieja;2235;3;Alicante/Alacant;2021;m06_2021
2021-06;104;Bulgaria;3133;Torrevieja;61;3;Alicante/Alacant;2021;m06_2021
2021-06;107;Dinamarca;3133;Torrevieja;383;3;Alicante/Alacant;2021;m06_2021
2021-06;109;Finlandia;3133;Torrevieja;407;3;Alicante/Alacant;2021;m06_2021
2021-06;110;Francia;3133;Torrevieja;1462;3;Alicante/Alacant;2021;m06_2021
2021-06;112;Hungria;3133;Torrevieja;50;3;Alicante/Alacant;2021;m06_2021
2021-06;113;Irlanda;3133;Torrevieja;203;3;Alicante/Alacant;2021;m06_2021
2021-06;114;Islandia;3133;Torrevieja;125;3;Alicante/Alacant;2021;m06_2021
2021-06;115;Italia;3133;Torrevieja;135;3;Alicante/Alacant;2021;m06_2021
2021-06;117;Luxemburgo;3133;Torrevieja;69;3;Alicante/Alacant;2021;m06_2021
2021-06;120;Noruega;3133;Torrevieja;817;3;Alicante/Alacant;2021;m06_2021
2021-06;121;Países Bajos;3133;Torrevieja;538;3;Alicante/Alacant;2021;m06_2021
2021-06;122;Polonia;3133;Torrevieja;905;3;Alicante/Alacant;2021;m06_2021
2021-06;123;Portugal;3133;Torrevieja;46;3;Alicante/Alacant;2021;m06_2021
2021-06;125;Reino Unido;3133;Torrevieja;1329;3;Alicante/Alacant;2021;m06_2021
2021-06;126;Alemania;3133;Torrevieja;2040;3;Alicante/Alacant;2021;m06_2021
2021-06;128;Rumania;3133;Torrevieja;105;3;Alicante/Alacant;2021;m06_2021
2021-06;131;Suecia;3133;Torrevieja;3622;3;Alicante/Alacant;2021;m06_2021
2021-06;132;Suiza;3133;Torrevieja;210;3;Alicante/Alacant;2021;m06_2021
2021-06;135;Ucrania;3133;Torrevieja;106;3;Alicante/Alacant;2021;m06_2021
2021-06;136;Letonia;3133;Torrevieja;77;3;Alicante/Alacant;2021;m06_2021
2021-06;141;Estonia;3133;Torrevieja;102;3;Alicante/Alacant;2021;m06_2021
2021-06;142;Lituania;3133;Torrevieja;212;3;Alicante/Alacant;2021;m06_2021
2021-06;143;República Checa;3133;Torrevieja;203;3;Alicante/Alacant;2021;m06_2021
2021-06;154;Rusia;3133;Torrevieja;491;3;Alicante/Alacant;2021;m06_2021
2021-06;228;Marruecos;3133;Torrevieja;39;3;Alicante/Alacant;2021;m06_2021
2021-06;302;EE.UU.;3133;Torrevieja;82;3;Alicante/Alacant;2021;m06_2021
2021-06;343;Colombia;3133;Torrevieja;30;3;Alicante/Alacant;2021;m06_2021
2021-06;407;China;3133;Torrevieja;49;3;Alicante/Alacant;2021;m06_2021
2021-06;443;Kazajstan;3133;Torrevieja;50;3;Alicante/Alacant;2021;m06_2021
2021-07;0;Total;3133;Torrevieja;37665;3;Alicante/Alacant;2021;m07_2021
2021-07;10;Total Europa;3133;Torrevieja;37084;3;Alicante/Alacant;2021;m07_2021
2021-07;11;Total Unión Europea;3133;Torrevieja;28631;3;Alicante/Alacant;2021;m07_2021
2021-07;20;Total África;3133;Torrevieja;129;3;Alicante/Alacant;2021;m07_2021
2021-07;30;Total América;3133;Torrevieja;265;3;Alicante/Alacant;2021;m07_2021
2021-07;31;Total América del Norte;3133;Torrevieja;189;3;Alicante/Alacant;2021;m07_2021
2021-07;40;Total Asia;3133;Torrevieja;187;3;Alicante/Alacant;2021;m07_2021
2021-07;102;Austria;3133;Torrevieja;223;3;Alicante/Alacant;2021;m07_2021
2021-07;103;Bélgica;3133;Torrevieja;5559;3;Alicante/Alacant;2021;m07_2021
2021-07;104;Bulgaria;3133;Torrevieja;84;3;Alicante/Alacant;2021;m07_2021
2021-07;107;Dinamarca;3133;Torrevieja;1500;3;Alicante/Alacant;2021;m07_2021
2021-07;109;Finlandia;3133;Torrevieja;879;3;Alicante/Alacant;2021;m07_2021
2021-07;110;Francia;3133;Torrevieja;3268;3;Alicante/Alacant;2021;m07_2021
2021-07;112;Hungria;3133;Torrevieja;138;3;Alicante/Alacant;2021;m07_2021
2021-07;113;Irlanda;3133;Torrevieja;456;3;Alicante/Alacant;2021;m07_2021
2021-07;114;Islandia;3133;Torrevieja;288;3;Alicante/Alacant;2021;m07_2021
2021-07;115;Italia;3133;Torrevieja;208;3;Alicante/Alacant;2021;m07_2021
2021-07;117;Luxemburgo;3133;Torrevieja;84;3;Alicante/Alacant;2021;m07_2021
2021-07;120;Noruega;3133;Torrevieja;2300;3;Alicante/Alacant;2021;m07_2021
2021-07;121;Países Bajos;3133;Torrevieja;945;3;Alicante/Alacant;2021;m07_2021
2021-07;122;Polonia;3133;Torrevieja;1633;3;Alicante/Alacant;2021;m07_2021
2021-07;123;Portugal;3133;Torrevieja;85;3;Alicante/Alacant;2021;m07_2021
2021-07;125;Reino Unido;3133;Torrevieja;4434;3;Alicante/Alacant;2021;m07_2021
2021-07;126;Alemania;3133;Torrevieja;3120;3;Alicante/Alacant;2021;m07_2021
2021-07;128;Rumania;3133;Torrevieja;166;3;Alicante/Alacant;2021;m07_2021
2021-07;131;Suecia;3133;Torrevieja;9395;3;Alicante/Alacant;2021;m07_2021
2021-07;132;Suiza;3133;Torrevieja;569;3;Alicante/Alacant;2021;m07_2021
2021-07;135;Ucrania;3133;Torrevieja;192;3;Alicante/Alacant;2021;m07_2021
2021-07;136;Letonia;3133;Torrevieja;113;3;Alicante/Alacant;2021;m07_2021
2021-07;141;Estonia;3133;Torrevieja;130;3;Alicante/Alacant;2021;m07_2021
2021-07;142;Lituania;3133;Torrevieja;265;3;Alicante/Alacant;2021;m07_2021
2021-07;143;República Checa;3133;Torrevieja;324;3;Alicante/Alacant;2021;m07_2021
2021-07;144;Eslovaquia;3133;Torrevieja;31;3;Alicante/Alacant;2021;m07_2021
2021-07;154;Rusia;3133;Torrevieja;602;3;Alicante/Alacant;2021;m07_2021
2021-07;203;Argelia;3133;Torrevieja;45;3;Alicante/Alacant;2021;m07_2021
2021-07;228;Marruecos;3133;Torrevieja;60;3;Alicante/Alacant;2021;m07_2021
2021-07;302;EE.UU.;3133;Torrevieja;173;3;Alicante/Alacant;2021;m07_2021
2021-07;343;Colombia;3133;Torrevieja;46;3;Alicante/Alacant;2021;m07_2021
2021-07;407;China;3133;Torrevieja;50;3;Alicante/Alacant;2021;m07_2021
2021-07;443;Kazajstan;3133;Torrevieja;44;3;Alicante/Alacant;2021;m07_2021
2021-08;0;Total;3133;Torrevieja;47900;3;Alicante/Alacant;2021;m08_2021
2021-08;10;Total Europa;3133;Torrevieja;47226;3;Alicante/Alacant;2021;m08_2021
2021-08;11;Total Unión Europea;3133;Torrevieja;36690;3;Alicante/Alacant;2021;m08_2021
2021-08;20;Total África;3133;Torrevieja;174;3;Alicante/Alacant;2021;m08_2021
2021-08;30;Total América;3133;Torrevieja;328;3;Alicante/Alacant;2021;m08_2021
2021-08;31;Total América del Norte;3133;Torrevieja;230;3;Alicante/Alacant;2021;m08_2021
2021-08;33;Total Sudamérica;3133;Torrevieja;96;3;Alicante/Alacant;2021;m08_2021
2021-08;40;Total Asia;3133;Torrevieja;169;3;Alicante/Alacant;2021;m08_2021
2021-08;102;Austria;3133;Torrevieja;247;3;Alicante/Alacant;2021;m08_2021
2021-08;103;Bélgica;3133;Torrevieja;7224;3;Alicante/Alacant;2021;m08_2021
2021-08;104;Bulgaria;3133;Torrevieja;65;3;Alicante/Alacant;2021;m08_2021
2021-08;107;Dinamarca;3133;Torrevieja;1123;3;Alicante/Alacant;2021;m08_2021
2021-08;109;Finlandia;3133;Torrevieja;601;3;Alicante/Alacant;2021;m08_2021
2021-08;110;Francia;3133;Torrevieja;8883;3;Alicante/Alacant;2021;m08_2021
2021-08;112;Hungria;3133;Torrevieja;216;3;Alicante/Alacant;2021;m08_2021
2021-08;113;Irlanda;3133;Torrevieja;1303;3;Alicante/Alacant;2021;m08_2021
2021-08;114;Islandia;3133;Torrevieja;274;3;Alicante/Alacant;2021;m08_2021
2021-08;115;Italia;3133;Torrevieja;350;3;Alicante/Alacant;2021;m08_2021
2021-08;117;Luxemburgo;3133;Torrevieja;171;3;Alicante/Alacant;2021;m08_2021
2021-08;120;Noruega;3133;Torrevieja;1431;3;Alicante/Alacant;2021;m08_2021
2021-08;121;Países Bajos;3133;Torrevieja;1773;3;Alicante/Alacant;2021;m08_2021
2021-08;122;Polonia;3133;Torrevieja;1826;3;Alicante/Alacant;2021;m08_2021
2021-08;123;Portugal;3133;Torrevieja;222;3;Alicante/Alacant;2021;m08_2021
2021-08;125;Reino Unido;3133;Torrevieja;6959;3;Alicante/Alacant;2021;m08_2021
2021-08;126;Alemania;3133;Torrevieja;3417;3;Alicante/Alacant;2021;m08_2021
2021-08;128;Rumania;3133;Torrevieja;206;3;Alicante/Alacant;2021;m08_2021
2021-08;131;Suecia;3133;Torrevieja;8233;3;Alicante/Alacant;2021;m08_2021
2021-08;132;Suiza;3133;Torrevieja;833;3;Alicante/Alacant;2021;m08_2021
2021-08;135;Ucrania;3133;Torrevieja;299;3;Alicante/Alacant;2021;m08_2021
2021-08;136;Letonia;3133;Torrevieja;112;3;Alicante/Alacant;2021;m08_2021
2021-08;138;Bielorrusia / belarus;3133;Torrevieja;35;3;Alicante/Alacant;2021;m08_2021
2021-08;141;Estonia;3133;Torrevieja;154;3;Alicante/Alacant;2021;m08_2021
2021-08;142;Lituania;3133;Torrevieja;205;3;Alicante/Alacant;2021;m08_2021
2021-08;143;República Checa;3133;Torrevieja;278;3;Alicante/Alacant;2021;m08_2021
2021-08;144;Eslovaquia;3133;Torrevieja;46;3;Alicante/Alacant;2021;m08_2021
2021-08;154;Rusia;3133;Torrevieja;620;3;Alicante/Alacant;2021;m08_2021
2021-08;203;Argelia;3133;Torrevieja;45;3;Alicante/Alacant;2021;m08_2021
2021-08;228;Marruecos;3133;Torrevieja;104;3;Alicante/Alacant;2021;m08_2021
2021-08;302;EE.UU.;3133;Torrevieja;196;3;Alicante/Alacant;2021;m08_2021
2021-08;343;Colombia;3133;Torrevieja;34;3;Alicante/Alacant;2021;m08_2021
2021-08;407;China;3133;Torrevieja;48;3;Alicante/Alacant;2021;m08_2021
2021-08;408;Emiratos arabes unidos;3133;Torrevieja;31;3;Alicante/Alacant;2021;m08_2021
2021-08;443;Kazajstan;3133;Torrevieja;46;3;Alicante/Alacant;2021;m08_2021
2021-09;0;Total;3133;Torrevieja;34132;3;Alicante/Alacant;2021;m09_2021
2021-09;10;Total Europa;3133;Torrevieja;33537;3;Alicante/Alacant;2021;m09_2021
2021-09;11;Total Unión Europea;3133;Torrevieja;22351;3;Alicante/Alacant;2021;m09_2021
2021-09;20;Total África;3133;Torrevieja;146;3;Alicante/Alacant;2021;m09_2021
2021-09;30;Total América;3133;Torrevieja;270;3;Alicante/Alacant;2021;m09_2021
2021-09;31;Total América del Norte;3133;Torrevieja;156;3;Alicante/Alacant;2021;m09_2021
2021-09;33;Total Sudamérica;3133;Torrevieja;109;3;Alicante/Alacant;2021;m09_2021
2021-09;40;Total Asia;3133;Torrevieja;178;3;Alicante/Alacant;2021;m09_2021
2021-09;102;Austria;3133;Torrevieja;143;3;Alicante/Alacant;2021;m09_2021
2021-09;103;Bélgica;3133;Torrevieja;4421;3;Alicante/Alacant;2021;m09_2021
2021-09;104;Bulgaria;3133;Torrevieja;42;3;Alicante/Alacant;2021;m09_2021
2021-09;107;Dinamarca;3133;Torrevieja;784;3;Alicante/Alacant;2021;m09_2021
2021-09;109;Finlandia;3133;Torrevieja;936;3;Alicante/Alacant;2021;m09_2021
2021-09;110;Francia;3133;Torrevieja;2485;3;Alicante/Alacant;2021;m09_2021
2021-09;112;Hungria;3133;Torrevieja;105;3;Alicante/Alacant;2021;m09_2021
2021-09;113;Irlanda;3133;Torrevieja;1064;3;Alicante/Alacant;2021;m09_2021
2021-09;114;Islandia;3133;Torrevieja;204;3;Alicante/Alacant;2021;m09_2021
2021-09;115;Italia;3133;Torrevieja;200;3;Alicante/Alacant;2021;m09_2021
2021-09;117;Luxemburgo;3133;Torrevieja;110;3;Alicante/Alacant;2021;m09_2021
2021-09;120;Noruega;3133;Torrevieja;2101;3;Alicante/Alacant;2021;m09_2021
2021-09;121;Países Bajos;3133;Torrevieja;993;3;Alicante/Alacant;2021;m09_2021
2021-09;122;Polonia;3133;Torrevieja;1247;3;Alicante/Alacant;2021;m09_2021
2021-09;123;Portugal;3133;Torrevieja;136;3;Alicante/Alacant;2021;m09_2021
2021-09;125;Reino Unido;3133;Torrevieja;7253;3;Alicante/Alacant;2021;m09_2021
2021-09;126;Alemania;3133;Torrevieja;2845;3;Alicante/Alacant;2021;m09_2021
2021-09;128;Rumania;3133;Torrevieja;111;3;Alicante/Alacant;2021;m09_2021
2021-09;131;Suecia;3133;Torrevieja;6099;3;Alicante/Alacant;2021;m09_2021
2021-09;132;Suiza;3133;Torrevieja;451;3;Alicante/Alacant;2021;m09_2021
2021-09;135;Ucrania;3133;Torrevieja;463;3;Alicante/Alacant;2021;m09_2021
2021-09;136;Letonia;3133;Torrevieja;101;3;Alicante/Alacant;2021;m09_2021
2021-09;138;Bielorrusia / belarus;3133;Torrevieja;30;3;Alicante/Alacant;2021;m09_2021
2021-09;141;Estonia;3133;Torrevieja;139;3;Alicante/Alacant;2021;m09_2021
2021-09;142;Lituania;3133;Torrevieja;161;3;Alicante/Alacant;2021;m09_2021
2021-09;143;República Checa;3133;Torrevieja;193;3;Alicante/Alacant;2021;m09_2021
2021-09;154;Rusia;3133;Torrevieja;612;3;Alicante/Alacant;2021;m09_2021
2021-09;203;Argelia;3133;Torrevieja;59;3;Alicante/Alacant;2021;m09_2021
2021-09;228;Marruecos;3133;Torrevieja;53;3;Alicante/Alacant;2021;m09_2021
2021-09;302;EE.UU.;3133;Torrevieja;122;3;Alicante/Alacant;2021;m09_2021
2021-09;343;Colombia;3133;Torrevieja;57;3;Alicante/Alacant;2021;m09_2021
2021-09;407;China;3133;Torrevieja;47;3;Alicante/Alacant;2021;m09_2021
2021-09;443;Kazajstan;3133;Torrevieja;64;3;Alicante/Alacant;2021;m09_2021
2021-10;0;Total;3133;Torrevieja;40057;3;Alicante/Alacant;2021;m10_2021
2021-10;10;Total Europa;3133;Torrevieja;39445;3;Alicante/Alacant;2021;m10_2021
2021-10;11;Total Unión Europea;3133;Torrevieja;24459;3;Alicante/Alacant;2021;m10_2021
2021-10;20;Total África;3133;Torrevieja;136;3;Alicante/Alacant;2021;m10_2021
2021-10;30;Total América;3133;Torrevieja;337;3;Alicante/Alacant;2021;m10_2021
2021-10;31;Total América del Norte;3133;Torrevieja;159;3;Alicante/Alacant;2021;m10_2021
2021-10;33;Total Sudamérica;3133;Torrevieja;174;3;Alicante/Alacant;2021;m10_2021
2021-10;40;Total Asia;3133;Torrevieja;137;3;Alicante/Alacant;2021;m10_2021
2021-10;102;Austria;3133;Torrevieja;152;3;Alicante/Alacant;2021;m10_2021
2021-10;103;Bélgica;3133;Torrevieja;3544;3;Alicante/Alacant;2021;m10_2021
2021-10;104;Bulgaria;3133;Torrevieja;66;3;Alicante/Alacant;2021;m10_2021
2021-10;107;Dinamarca;3133;Torrevieja;1199;3;Alicante/Alacant;2021;m10_2021
2021-10;109;Finlandia;3133;Torrevieja;1784;3;Alicante/Alacant;2021;m10_2021
2021-10;110;Francia;3133;Torrevieja;1726;3;Alicante/Alacant;2021;m10_2021
2021-10;112;Hungria;3133;Torrevieja;108;3;Alicante/Alacant;2021;m10_2021
2021-10;113;Irlanda;3133;Torrevieja;1210;3;Alicante/Alacant;2021;m10_2021
2021-10;114;Islandia;3133;Torrevieja;336;3;Alicante/Alacant;2021;m10_2021
2021-10;115;Italia;3133;Torrevieja;184;3;Alicante/Alacant;2021;m10_2021
2021-10;117;Luxemburgo;3133;Torrevieja;72;3;Alicante/Alacant;2021;m10_2021
2021-10;120;Noruega;3133;Torrevieja;4543;3;Alicante/Alacant;2021;m10_2021
2021-10;121;Países Bajos;3133;Torrevieja;1154;3;Alicante/Alacant;2021;m10_2021
2021-10;122;Polonia;3133;Torrevieja;1286;3;Alicante/Alacant;2021;m10_2021
2021-10;123;Portugal;3133;Torrevieja;54;3;Alicante/Alacant;2021;m10_2021
2021-10;125;Reino Unido;3133;Torrevieja;8146;3;Alicante/Alacant;2021;m10_2021
2021-10;126;Alemania;3133;Torrevieja;3371;3;Alicante/Alacant;2021;m10_2021
2021-10;128;Rumania;3133;Torrevieja;93;3;Alicante/Alacant;2021;m10_2021
2021-10;131;Suecia;3133;Torrevieja;7642;3;Alicante/Alacant;2021;m10_2021
2021-10;132;Suiza;3133;Torrevieja;613;3;Alicante/Alacant;2021;m10_2021
2021-10;135;Ucrania;3133;Torrevieja;453;3;Alicante/Alacant;2021;m10_2021
2021-10;136;Letonia;3133;Torrevieja;104;3;Alicante/Alacant;2021;m10_2021
2021-10;138;Bielorrusia / belarus;3133;Torrevieja;32;3;Alicante/Alacant;2021;m10_2021
2021-10;141;Estonia;3133;Torrevieja;205;3;Alicante/Alacant;2021;m10_2021
2021-10;142;Lituania;3133;Torrevieja;231;3;Alicante/Alacant;2021;m10_2021
2021-10;143;República Checa;3133;Torrevieja;210;3;Alicante/Alacant;2021;m10_2021
2021-10;154;Rusia;3133;Torrevieja;808;3;Alicante/Alacant;2021;m10_2021
2021-10;203;Argelia;3133;Torrevieja;50;3;Alicante/Alacant;2021;m10_2021
2021-10;228;Marruecos;3133;Torrevieja;76;3;Alicante/Alacant;2021;m10_2021
2021-10;302;EE.UU.;3133;Torrevieja;129;3;Alicante/Alacant;2021;m10_2021
2021-10;343;Colombia;3133;Torrevieja;71;3;Alicante/Alacant;2021;m10_2021
2021-10;407;China;3133;Torrevieja;42;3;Alicante/Alacant;2021;m10_2021
2021-10;443;Kazajstan;3133;Torrevieja;39;3;Alicante/Alacant;2021;m10_2021
2021-11;0;Total;3133;Torrevieja;27145;3;Alicante/Alacant;2021;m11_2021
2021-11;10;Total Europa;3133;Torrevieja;26522;3;Alicante/Alacant;2021;m11_2021
2021-11;11;Total Unión Europea;3133;Torrevieja;18072;3;Alicante/Alacant;2021;m11_2021
2021-11;20;Total África;3133;Torrevieja;199;3;Alicante/Alacant;2021;m11_2021
2021-11;30;Total América;3133;Torrevieja;298;3;Alicante/Alacant;2021;m11_2021
2021-11;31;Total América del Norte;3133;Torrevieja;116;3;Alicante/Alacant;2021;m11_2021
2021-11;33;Total Sudamérica;3133;Torrevieja;174;3;Alicante/Alacant;2021;m11_2021
2021-11;40;Total Asia;3133;Torrevieja;122;3;Alicante/Alacant;2021;m11_2021
2021-11;102;Austria;3133;Torrevieja;107;3;Alicante/Alacant;2021;m11_2021
2021-11;103;Bélgica;3133;Torrevieja;2867;3;Alicante/Alacant;2021;m11_2021
2021-11;104;Bulgaria;3133;Torrevieja;41;3;Alicante/Alacant;2021;m11_2021
2021-11;107;Dinamarca;3133;Torrevieja;537;3;Alicante/Alacant;2021;m11_2021
2021-11;109;Finlandia;3133;Torrevieja;1766;3;Alicante/Alacant;2021;m11_2021
2021-11;110;Francia;3133;Torrevieja;1421;3;Alicante/Alacant;2021;m11_2021
2021-11;112;Hungria;3133;Torrevieja;89;3;Alicante/Alacant;2021;m11_2021
2021-11;113;Irlanda;3133;Torrevieja;640;3;Alicante/Alacant;2021;m11_2021
2021-11;114;Islandia;3133;Torrevieja;259;3;Alicante/Alacant;2021;m11_2021
2021-11;115;Italia;3133;Torrevieja;164;3;Alicante/Alacant;2021;m11_2021
2021-11;117;Luxemburgo;3133;Torrevieja;65;3;Alicante/Alacant;2021;m11_2021
2021-11;120;Noruega;3133;Torrevieja;3116;3;Alicante/Alacant;2021;m11_2021
2021-11;121;Países Bajos;3133;Torrevieja;803;3;Alicante/Alacant;2021;m11_2021
2021-11;122;Polonia;3133;Torrevieja;978;3;Alicante/Alacant;2021;m11_2021
2021-11;123;Portugal;3133;Torrevieja;34;3;Alicante/Alacant;2021;m11_2021
2021-11;125;Reino Unido;3133;Torrevieja;3727;3;Alicante/Alacant;2021;m11_2021
2021-11;126;Alemania;3133;Torrevieja;1759;3;Alicante/Alacant;2021;m11_2021
2021-11;128;Rumania;3133;Torrevieja;72;3;Alicante/Alacant;2021;m11_2021
2021-11;131;Suecia;3133;Torrevieja;6167;3;Alicante/Alacant;2021;m11_2021
2021-11;132;Suiza;3133;Torrevieja;254;3;Alicante/Alacant;2021;m11_2021
2021-11;135;Ucrania;3133;Torrevieja;274;3;Alicante/Alacant;2021;m11_2021
2021-11;136;Letonia;3133;Torrevieja;74;3;Alicante/Alacant;2021;m11_2021
2021-11;138;Bielorrusia / belarus;3133;Torrevieja;40;3;Alicante/Alacant;2021;m11_2021
2021-11;141;Estonia;3133;Torrevieja;131;3;Alicante/Alacant;2021;m11_2021
2021-11;142;Lituania;3133;Torrevieja;214;3;Alicante/Alacant;2021;m11_2021
2021-11;143;República Checa;3133;Torrevieja;117;3;Alicante/Alacant;2021;m11_2021
2021-11;154;Rusia;3133;Torrevieja;735;3;Alicante/Alacant;2021;m11_2021
2021-11;203;Argelia;3133;Torrevieja;89;3;Alicante/Alacant;2021;m11_2021
2021-11;228;Marruecos;3133;Torrevieja;88;3;Alicante/Alacant;2021;m11_2021
2021-11;302;EE.UU.;3133;Torrevieja;95;3;Alicante/Alacant;2021;m11_2021
2021-11;343;Colombia;3133;Torrevieja;98;3;Alicante/Alacant;2021;m11_2021
2021-11;407;China;3133;Torrevieja;32;3;Alicante/Alacant;2021;m11_2021
2021-11;443;Kazajstan;3133;Torrevieja;49;3;Alicante/Alacant;2021;m11_2021
2021-12;0;Total;3133;Torrevieja;15772;3;Alicante/Alacant;2021;m12_2021
2021-12;10;Total Europa;3133;Torrevieja;15229;3;Alicante/Alacant;2021;m12_2021
2021-12;11;Total Unión Europea;3133;Torrevieja;11023;3;Alicante/Alacant;2021;m12_2021
2021-12;20;Total África;3133;Torrevieja;167;3;Alicante/Alacant;2021;m12_2021
2021-12;30;Total América;3133;Torrevieja;251;3;Alicante/Alacant;2021;m12_2021
2021-12;31;Total América del Norte;3133;Torrevieja;108;3;Alicante/Alacant;2021;m12_2021
2021-12;33;Total Sudamérica;3133;Torrevieja;139;3;Alicante/Alacant;2021;m12_2021
2021-12;40;Total Asia;3133;Torrevieja;124;3;Alicante/Alacant;2021;m12_2021
2021-12;102;Austria;3133;Torrevieja;106;3;Alicante/Alacant;2021;m12_2021
2021-12;103;Bélgica;3133;Torrevieja;1775;3;Alicante/Alacant;2021;m12_2021
2021-12;104;Bulgaria;3133;Torrevieja;56;3;Alicante/Alacant;2021;m12_2021
2021-12;107;Dinamarca;3133;Torrevieja;248;3;Alicante/Alacant;2021;m12_2021
2021-12;109;Finlandia;3133;Torrevieja;1338;3;Alicante/Alacant;2021;m12_2021
2021-12;110;Francia;3133;Torrevieja;964;3;Alicante/Alacant;2021;m12_2021
2021-12;112;Hungria;3133;Torrevieja;44;3;Alicante/Alacant;2021;m12_2021
2021-12;113;Irlanda;3133;Torrevieja;319;3;Alicante/Alacant;2021;m12_2021
2021-12;114;Islandia;3133;Torrevieja;132;3;Alicante/Alacant;2021;m12_2021
2021-12;115;Italia;3133;Torrevieja;131;3;Alicante/Alacant;2021;m12_2021
2021-12;117;Luxemburgo;3133;Torrevieja;58;3;Alicante/Alacant;2021;m12_2021
2021-12;120;Noruega;3133;Torrevieja;1316;3;Alicante/Alacant;2021;m12_2021
2021-12;121;Países Bajos;3133;Torrevieja;679;3;Alicante/Alacant;2021;m12_2021
2021-12;122;Polonia;3133;Torrevieja;577;3;Alicante/Alacant;2021;m12_2021
2021-12;123;Portugal;3133;Torrevieja;33;3;Alicante/Alacant;2021;m12_2021
2021-12;125;Reino Unido;3133;Torrevieja;1713;3;Alicante/Alacant;2021;m12_2021
2021-12;126;Alemania;3133;Torrevieja;1258;3;Alicante/Alacant;2021;m12_2021
2021-12;128;Rumania;3133;Torrevieja;64;3;Alicante/Alacant;2021;m12_2021
2021-12;131;Suecia;3133;Torrevieja;3048;3;Alicante/Alacant;2021;m12_2021
2021-12;132;Suiza;3133;Torrevieja;171;3;Alicante/Alacant;2021;m12_2021
2021-12;135;Ucrania;3133;Torrevieja;212;3;Alicante/Alacant;2021;m12_2021
2021-12;136;Letonia;3133;Torrevieja;51;3;Alicante/Alacant;2021;m12_2021
2021-12;138;Bielorrusia / belarus;3133;Torrevieja;33;3;Alicante/Alacant;2021;m12_2021
2021-12;141;Estonia;3133;Torrevieja;78;3;Alicante/Alacant;2021;m12_2021
2021-12;142;Lituania;3133;Torrevieja;107;3;Alicante/Alacant;2021;m12_2021
2021-12;143;República Checa;3133;Torrevieja;63;3;Alicante/Alacant;2021;m12_2021
2021-12;154;Rusia;3133;Torrevieja;595;3;Alicante/Alacant;2021;m12_2021
2021-12;203;Argelia;3133;Torrevieja;59;3;Alicante/Alacant;2021;m12_2021
2021-12;228;Marruecos;3133;Torrevieja;75;3;Alicante/Alacant;2021;m12_2021
2021-12;302;EE.UU.;3133;Torrevieja;88;3;Alicante/Alacant;2021;m12_2021
2021-12;343;Colombia;3133;Torrevieja;88;3;Alicante/Alacant;2021;m12_2021
2021-12;407;China;3133;Torrevieja;38;3;Alicante/Alacant;2021;m12_2021
2021-12;443;Kazajstan;3133;Torrevieja;37;3;Alicante/Alacant;2021;m12_2021
2022-01;0;Total;3133;Torrevieja;19339;3;Alicante/Alacant;2022;m01_2022
2022-01;10;Total Europa;3133;Torrevieja;18761;3;Alicante/Alacant;2022;m01_2022
2022-01;11;Total Unión Europea;3133;Torrevieja;14006;3;Alicante/Alacant;2022;m01_2022
2022-01;20;Total África;3133;Torrevieja;184;3;Alicante/Alacant;2022;m01_2022
2022-01;30;Total América;3133;Torrevieja;293;3;Alicante/Alacant;2022;m01_2022
2022-01;31;Total América del Norte;3133;Torrevieja;164;3;Alicante/Alacant;2022;m01_2022
2022-01;33;Total Sudamérica;3133;Torrevieja;124;3;Alicante/Alacant;2022;m01_2022
2022-01;40;Total Asia;3133;Torrevieja;100;3;Alicante/Alacant;2022;m01_2022
2022-01;102;Austria;3133;Torrevieja;71;3;Alicante/Alacant;2022;m01_2022
2022-01;103;Bélgica;3133;Torrevieja;2544;3;Alicante/Alacant;2022;m01_2022
2022-01;104;Bulgaria;3133;Torrevieja;69;3;Alicante/Alacant;2022;m01_2022
2022-01;107;Dinamarca;3133;Torrevieja;270;3;Alicante/Alacant;2022;m01_2022
2022-01;109;Finlandia;3133;Torrevieja;1151;3;Alicante/Alacant;2022;m01_2022
2022-01;110;Francia;3133;Torrevieja;951;3;Alicante/Alacant;2022;m01_2022
2022-01;112;Hungria;3133;Torrevieja;61;3;Alicante/Alacant;2022;m01_2022
2022-01;113;Irlanda;3133;Torrevieja;672;3;Alicante/Alacant;2022;m01_2022
2022-01;114;Islandia;3133;Torrevieja;134;3;Alicante/Alacant;2022;m01_2022
2022-01;115;Italia;3133;Torrevieja;189;3;Alicante/Alacant;2022;m01_2022
2022-01;117;Luxemburgo;3133;Torrevieja;67;3;Alicante/Alacant;2022;m01_2022
2022-01;120;Noruega;3133;Torrevieja;1430;3;Alicante/Alacant;2022;m01_2022
2022-01;121;Países Bajos;3133;Torrevieja;891;3;Alicante/Alacant;2022;m01_2022
2022-01;122;Polonia;3133;Torrevieja;848;3;Alicante/Alacant;2022;m01_2022
2022-01;125;Reino Unido;3133;Torrevieja;2313;3;Alicante/Alacant;2022;m01_2022
2022-01;126;Alemania;3133;Torrevieja;1704;3;Alicante/Alacant;2022;m01_2022
2022-01;128;Rumania;3133;Torrevieja;75;3;Alicante/Alacant;2022;m01_2022
2022-01;131;Suecia;3133;Torrevieja;3952;3;Alicante/Alacant;2022;m01_2022
2022-01;132;Suiza;3133;Torrevieja;285;3;Alicante/Alacant;2022;m01_2022
2022-01;135;Ucrania;3133;Torrevieja;226;3;Alicante/Alacant;2022;m01_2022
2022-01;136;Letonia;3133;Torrevieja;84;3;Alicante/Alacant;2022;m01_2022
2022-01;138;Bielorrusia / belarus;3133;Torrevieja;40;3;Alicante/Alacant;2022;m01_2022
2022-01;141;Estonia;3133;Torrevieja;82;3;Alicante/Alacant;2022;m01_2022
2022-01;142;Lituania;3133;Torrevieja;167;3;Alicante/Alacant;2022;m01_2022
2022-01;143;República Checa;3133;Torrevieja;88;3;Alicante/Alacant;2022;m01_2022
2022-01;154;Rusia;3133;Torrevieja;308;3;Alicante/Alacant;2022;m01_2022
2022-01;203;Argelia;3133;Torrevieja;102;3;Alicante/Alacant;2022;m01_2022
2022-01;228;Marruecos;3133;Torrevieja;68;3;Alicante/Alacant;2022;m01_2022
2022-01;302;EE.UU.;3133;Torrevieja;81;3;Alicante/Alacant;2022;m01_2022
2022-01;343;Colombia;3133;Torrevieja;95;3;Alicante/Alacant;2022;m01_2022
2022-01;443;Kazajstan;3133;Torrevieja;38;3;Alicante/Alacant;2022;m01_2022
2022-02;0;Total;3133;Torrevieja;19206;3;Alicante/Alacant;2022;m02_2022
2022-02;10;Total Europa;3133;Torrevieja;18725;3;Alicante/Alacant;2022;m02_2022
2022-02;11;Total Unión Europea;3133;Torrevieja;10850;3;Alicante/Alacant;2022;m02_2022
2022-02;20;Total África;3133;Torrevieja;149;3;Alicante/Alacant;2022;m02_2022
2022-02;30;Total América;3133;Torrevieja;246;3;Alicante/Alacant;2022;m02_2022
2022-02;31;Total América del Norte;3133;Torrevieja;104;3;Alicante/Alacant;2022;m02_2022
2022-02;33;Total Sudamérica;3133;Torrevieja;136;3;Alicante/Alacant;2022;m02_2022
2022-02;40;Total Asia;3133;Torrevieja;83;3;Alicante/Alacant;2022;m02_2022
2022-02;102;Austria;3133;Torrevieja;57;3;Alicante/Alacant;2022;m02_2022
2022-02;103;Bélgica;3133;Torrevieja;1683;3;Alicante/Alacant;2022;m02_2022
2022-02;104;Bulgaria;3133;Torrevieja;58;3;Alicante/Alacant;2022;m02_2022
2022-02;107;Dinamarca;3133;Torrevieja;383;3;Alicante/Alacant;2022;m02_2022
2022-02;109;Finlandia;3133;Torrevieja;1035;3;Alicante/Alacant;2022;m02_2022
2022-02;110;Francia;3133;Torrevieja;945;3;Alicante/Alacant;2022;m02_2022
2022-02;112;Hungria;3133;Torrevieja;51;3;Alicante/Alacant;2022;m02_2022
2022-02;113;Irlanda;3133;Torrevieja;732;3;Alicante/Alacant;2022;m02_2022
2022-02;114;Islandia;3133;Torrevieja;113;3;Alicante/Alacant;2022;m02_2022
2022-02;115;Italia;3133;Torrevieja;159;3;Alicante/Alacant;2022;m02_2022
2022-02;117;Luxemburgo;3133;Torrevieja;58;3;Alicante/Alacant;2022;m02_2022
2022-02;120;Noruega;3133;Torrevieja;1788;3;Alicante/Alacant;2022;m02_2022
2022-02;121;Países Bajos;3133;Torrevieja;691;3;Alicante/Alacant;2022;m02_2022
2022-02;122;Polonia;3133;Torrevieja;748;3;Alicante/Alacant;2022;m02_2022
2022-02;125;Reino Unido;3133;Torrevieja;5239;3;Alicante/Alacant;2022;m02_2022
2022-02;126;Alemania;3133;Torrevieja;1186;3;Alicante/Alacant;2022;m02_2022
2022-02;128;Rumania;3133;Torrevieja;45;3;Alicante/Alacant;2022;m02_2022
2022-02;131;Suecia;3133;Torrevieja;2648;3;Alicante/Alacant;2022;m02_2022
2022-02;132;Suiza;3133;Torrevieja;227;3;Alicante/Alacant;2022;m02_2022
2022-02;135;Ucrania;3133;Torrevieja;216;3;Alicante/Alacant;2022;m02_2022
2022-02;136;Letonia;3133;Torrevieja;49;3;Alicante/Alacant;2022;m02_2022
2022-02;141;Estonia;3133;Torrevieja;66;3;Alicante/Alacant;2022;m02_2022
2022-02;142;Lituania;3133;Torrevieja;112;3;Alicante/Alacant;2022;m02_2022
2022-02;143;República Checa;3133;Torrevieja;93;3;Alicante/Alacant;2022;m02_2022
2022-02;154;Rusia;3133;Torrevieja;250;3;Alicante/Alacant;2022;m02_2022
2022-02;203;Argelia;3133;Torrevieja;81;3;Alicante/Alacant;2022;m02_2022
2022-02;228;Marruecos;3133;Torrevieja;57;3;Alicante/Alacant;2022;m02_2022
2022-02;302;EE.UU.;3133;Torrevieja;83;3;Alicante/Alacant;2022;m02_2022
2022-02;343;Colombia;3133;Torrevieja;97;3;Alicante/Alacant;2022;m02_2022
2022-02;407;China;3133;Torrevieja;33;3;Alicante/Alacant;2022;m02_2022
2022-03;0;Total;3133;Torrevieja;27351;3;Alicante/Alacant;2022;m03_2022
2022-03;10;Total Europa;3133;Torrevieja;26684;3;Alicante/Alacant;2022;m03_2022
2022-03;11;Total Unión Europea;3133;Torrevieja;16012;3;Alicante/Alacant;2022;m03_2022
2022-03;20;Total África;3133;Torrevieja;225;3;Alicante/Alacant;2022;m03_2022
2022-03;30;Total América;3133;Torrevieja;322;3;Alicante/Alacant;2022;m03_2022
2022-03;31;Total América del Norte;3133;Torrevieja;148;3;Alicante/Alacant;2022;m03_2022
2022-03;33;Total Sudamérica;3133;Torrevieja;169;3;Alicante/Alacant;2022;m03_2022
2022-03;40;Total Asia;3133;Torrevieja;118;3;Alicante/Alacant;2022;m03_2022
2022-03;102;Austria;3133;Torrevieja;68;3;Alicante/Alacant;2022;m03_2022
2022-03;103;Bélgica;3133;Torrevieja;2655;3;Alicante/Alacant;2022;m03_2022
2022-03;104;Bulgaria;3133;Torrevieja;70;3;Alicante/Alacant;2022;m03_2022
2022-03;107;Dinamarca;3133;Torrevieja;556;3;Alicante/Alacant;2022;m03_2022
2022-03;109;Finlandia;3133;Torrevieja;1695;3;Alicante/Alacant;2022;m03_2022
2022-03;110;Francia;3133;Torrevieja;1226;3;Alicante/Alacant;2022;m03_2022
2022-03;112;Hungria;3133;Torrevieja;107;3;Alicante/Alacant;2022;m03_2022
2022-03;113;Irlanda;3133;Torrevieja;764;3;Alicante/Alacant;2022;m03_2022
2022-03;114;Islandia;3133;Torrevieja;189;3;Alicante/Alacant;2022;m03_2022
2022-03;115;Italia;3133;Torrevieja;186;3;Alicante/Alacant;2022;m03_2022
2022-03;117;Luxemburgo;3133;Torrevieja;70;3;Alicante/Alacant;2022;m03_2022
2022-03;120;Noruega;3133;Torrevieja;2838;3;Alicante/Alacant;2022;m03_2022
2022-03;121;Países Bajos;3133;Torrevieja;1001;3;Alicante/Alacant;2022;m03_2022
2022-03;122;Polonia;3133;Torrevieja;1066;3;Alicante/Alacant;2022;m03_2022
2022-03;125;Reino Unido;3133;Torrevieja;6949;3;Alicante/Alacant;2022;m03_2022
2022-03;126;Alemania;3133;Torrevieja;1821;3;Alicante/Alacant;2022;m03_2022
2022-03;128;Rumania;3133;Torrevieja;82;3;Alicante/Alacant;2022;m03_2022
2022-03;131;Suecia;3133;Torrevieja;4008;3;Alicante/Alacant;2022;m03_2022
2022-03;132;Suiza;3133;Torrevieja;248;3;Alicante/Alacant;2022;m03_2022
2022-03;136;Letonia;3133;Torrevieja;89;3;Alicante/Alacant;2022;m03_2022
2022-03;138;Bielorrusia / belarus;3133;Torrevieja;47;3;Alicante/Alacant;2022;m03_2022
2022-03;141;Estonia;3133;Torrevieja;109;3;Alicante/Alacant;2022;m03_2022
2022-03;142;Lituania;3133;Torrevieja;243;3;Alicante/Alacant;2022;m03_2022
2022-03;143;República Checa;3133;Torrevieja;138;3;Alicante/Alacant;2022;m03_2022
2022-03;154;Rusia;3133;Torrevieja;345;3;Alicante/Alacant;2022;m03_2022
2022-03;203;Argelia;3133;Torrevieja;129;3;Alicante/Alacant;2022;m03_2022
2022-03;228;Marruecos;3133;Torrevieja;76;3;Alicante/Alacant;2022;m03_2022
2022-03;302;EE.UU.;3133;Torrevieja;89;3;Alicante/Alacant;2022;m03_2022
2022-03;343;Colombia;3133;Torrevieja;107;3;Alicante/Alacant;2022;m03_2022
2022-03;407;China;3133;Torrevieja;33;3;Alicante/Alacant;2022;m03_2022
2022-03;443;Kazajstan;3133;Torrevieja;45;3;Alicante/Alacant;2022;m03_2022
2022-04;0;Total;3133;Torrevieja;39340;3;Alicante/Alacant;2022;m04_2022
2022-04;10;Total Europa;3133;Torrevieja;38636;3;Alicante/Alacant;2022;m04_2022
2022-04;11;Total Unión Europea;3133;Torrevieja;23092;3;Alicante/Alacant;2022;m04_2022
2022-04;20;Total África;3133;Torrevieja;203;3;Alicante/Alacant;2022;m04_2022
2022-04;30;Total América;3133;Torrevieja;340;3;Alicante/Alacant;2022;m04_2022
2022-04;31;Total América del Norte;3133;Torrevieja;167;3;Alicante/Alacant;2022;m04_2022
2022-04;33;Total Sudamérica;3133;Torrevieja;170;3;Alicante/Alacant;2022;m04_2022
2022-04;40;Total Asia;3133;Torrevieja;155;3;Alicante/Alacant;2022;m04_2022
2022-04;102;Austria;3133;Torrevieja;128;3;Alicante/Alacant;2022;m04_2022
2022-04;103;Bélgica;3133;Torrevieja;3840;3;Alicante/Alacant;2022;m04_2022
2022-04;104;Bulgaria;3133;Torrevieja;92;3;Alicante/Alacant;2022;m04_2022
2022-04;107;Dinamarca;3133;Torrevieja;871;3;Alicante/Alacant;2022;m04_2022
2022-04;109;Finlandia;3133;Torrevieja;1807;3;Alicante/Alacant;2022;m04_2022
2022-04;110;Francia;3133;Torrevieja;1461;3;Alicante/Alacant;2022;m04_2022
2022-04;112;Hungria;3133;Torrevieja;94;3;Alicante/Alacant;2022;m04_2022
2022-04;113;Irlanda;3133;Torrevieja;1943;3;Alicante/Alacant;2022;m04_2022
2022-04;114;Islandia;3133;Torrevieja;280;3;Alicante/Alacant;2022;m04_2022
2022-04;115;Italia;3133;Torrevieja;237;3;Alicante/Alacant;2022;m04_2022
2022-04;117;Luxemburgo;3133;Torrevieja;106;3;Alicante/Alacant;2022;m04_2022
2022-04;120;Noruega;3133;Torrevieja;4350;3;Alicante/Alacant;2022;m04_2022
2022-04;121;Países Bajos;3133;Torrevieja;1002;3;Alicante/Alacant;2022;m04_2022
2022-04;122;Polonia;3133;Torrevieja;1504;3;Alicante/Alacant;2022;m04_2022
2022-04;123;Portugal;3133;Torrevieja;52;3;Alicante/Alacant;2022;m04_2022
2022-04;125;Reino Unido;3133;Torrevieja;9978;3;Alicante/Alacant;2022;m04_2022
2022-04;126;Alemania;3133;Torrevieja;2405;3;Alicante/Alacant;2022;m04_2022
2022-04;128;Rumania;3133;Torrevieja;123;3;Alicante/Alacant;2022;m04_2022
2022-04;131;Suecia;3133;Torrevieja;6540;3;Alicante/Alacant;2022;m04_2022
2022-04;132;Suiza;3133;Torrevieja;455;3;Alicante/Alacant;2022;m04_2022
2022-04;136;Letonia;3133;Torrevieja;88;3;Alicante/Alacant;2022;m04_2022
2022-04;138;Bielorrusia / belarus;3133;Torrevieja;46;3;Alicante/Alacant;2022;m04_2022
2022-04;141;Estonia;3133;Torrevieja;205;3;Alicante/Alacant;2022;m04_2022
2022-04;142;Lituania;3133;Torrevieja;360;3;Alicante/Alacant;2022;m04_2022
2022-04;143;República Checa;3133;Torrevieja;190;3;Alicante/Alacant;2022;m04_2022
2022-04;154;Rusia;3133;Torrevieja;372;3;Alicante/Alacant;2022;m04_2022
2022-04;203;Argelia;3133;Torrevieja;78;3;Alicante/Alacant;2022;m04_2022
2022-04;228;Marruecos;3133;Torrevieja;82;3;Alicante/Alacant;2022;m04_2022
2022-04;302;EE.UU.;3133;Torrevieja;117;3;Alicante/Alacant;2022;m04_2022
2022-04;343;Colombia;3133;Torrevieja;116;3;Alicante/Alacant;2022;m04_2022
2022-04;407;China;3133;Torrevieja;34;3;Alicante/Alacant;2022;m04_2022
2022-04;443;Kazajstan;3133;Torrevieja;38;3;Alicante/Alacant;2022;m04_2022
2022-05;0;Total;3133;Torrevieja;38588;3;Alicante/Alacant;2022;m05_2022
2022-05;10;Total Europa;3133;Torrevieja;37797;3;Alicante/Alacant;2022;m05_2022
2022-05;11;Total Unión Europea;3133;Torrevieja;22673;3;Alicante/Alacant;2022;m05_2022
2022-05;20;Total África;3133;Torrevieja;206;3;Alicante/Alacant;2022;m05_2022
2022-05;30;Total América;3133;Torrevieja;461;3;Alicante/Alacant;2022;m05_2022
2022-05;31;Total América del Norte;3133;Torrevieja;231;3;Alicante/Alacant;2022;m05_2022
2022-05;33;Total Sudamérica;3133;Torrevieja;227;3;Alicante/Alacant;2022;m05_2022
2022-05;40;Total Asia;3133;Torrevieja;119;3;Alicante/Alacant;2022;m05_2022
2022-05;102;Austria;3133;Torrevieja;121;3;Alicante/Alacant;2022;m05_2022
2022-05;103;Bélgica;3133;Torrevieja;2859;3;Alicante/Alacant;2022;m05_2022
2022-05;104;Bulgaria;3133;Torrevieja;79;3;Alicante/Alacant;2022;m05_2022
2022-05;107;Dinamarca;3133;Torrevieja;730;3;Alicante/Alacant;2022;m05_2022
2022-05;109;Finlandia;3133;Torrevieja;1515;3;Alicante/Alacant;2022;m05_2022
2022-05;110;Francia;3133;Torrevieja;1811;3;Alicante/Alacant;2022;m05_2022
2022-05;112;Hungria;3133;Torrevieja;112;3;Alicante/Alacant;2022;m05_2022
2022-05;113;Irlanda;3133;Torrevieja;1856;3;Alicante/Alacant;2022;m05_2022
2022-05;114;Islandia;3133;Torrevieja;257;3;Alicante/Alacant;2022;m05_2022
2022-05;115;Italia;3133;Torrevieja;279;3;Alicante/Alacant;2022;m05_2022
2022-05;117;Luxemburgo;3133;Torrevieja;89;3;Alicante/Alacant;2022;m05_2022
2022-05;120;Noruega;3133;Torrevieja;3877;3;Alicante/Alacant;2022;m05_2022
2022-05;121;Países Bajos;3133;Torrevieja;1345;3;Alicante/Alacant;2022;m05_2022
2022-05;122;Polonia;3133;Torrevieja;1837;3;Alicante/Alacant;2022;m05_2022
2022-05;123;Portugal;3133;Torrevieja;32;3;Alicante/Alacant;2022;m05_2022
2022-05;125;Reino Unido;3133;Torrevieja;10071;3;Alicante/Alacant;2022;m05_2022
2022-05;126;Alemania;3133;Torrevieja;2194;3;Alicante/Alacant;2022;m05_2022
2022-05;128;Rumania;3133;Torrevieja;159;3;Alicante/Alacant;2022;m05_2022
2022-05;131;Suecia;3133;Torrevieja;6749;3;Alicante/Alacant;2022;m05_2022
2022-05;132;Suiza;3133;Torrevieja;449;3;Alicante/Alacant;2022;m05_2022
2022-05;136;Letonia;3133;Torrevieja;113;3;Alicante/Alacant;2022;m05_2022
2022-05;137;Moldavia / moldava;3133;Torrevieja;38;3;Alicante/Alacant;2022;m05_2022
2022-05;138;Bielorrusia / belarus;3133;Torrevieja;68;3;Alicante/Alacant;2022;m05_2022
2022-05;141;Estonia;3133;Torrevieja;196;3;Alicante/Alacant;2022;m05_2022
2022-05;142;Lituania;3133;Torrevieja;317;3;Alicante/Alacant;2022;m05_2022
2022-05;143;República Checa;3133;Torrevieja;240;3;Alicante/Alacant;2022;m05_2022
2022-05;154;Rusia;3133;Torrevieja;316;3;Alicante/Alacant;2022;m05_2022
2022-05;203;Argelia;3133;Torrevieja;93;3;Alicante/Alacant;2022;m05_2022
2022-05;228;Marruecos;3133;Torrevieja;94;3;Alicante/Alacant;2022;m05_2022
2022-05;301;Canada;3133;Torrevieja;61;3;Alicante/Alacant;2022;m05_2022
2022-05;302;EE.UU.;3133;Torrevieja;124;3;Alicante/Alacant;2022;m05_2022
2022-05;303;Mexico;3133;Torrevieja;46;3;Alicante/Alacant;2022;m05_2022
2022-05;340;Argentina;3133;Torrevieja;43;3;Alicante/Alacant;2022;m05_2022
2022-05;343;Colombia;3133;Torrevieja;133;3;Alicante/Alacant;2022;m05_2022
2022-05;407;China;3133;Torrevieja;48;3;Alicante/Alacant;2022;m05_2022
2022-06;0;Total;3133;Torrevieja;40159;3;Alicante/Alacant;2022;m06_2022
2022-06;10;Total Europa;3133;Torrevieja;39140;3;Alicante/Alacant;2022;m06_2022
2022-06;11;Total Unión Europea;3133;Torrevieja;23527;3;Alicante/Alacant;2022;m06_2022
2022-06;20;Total África;3133;Torrevieja;228;3;Alicante/Alacant;2022;m06_2022
2022-06;30;Total América;3133;Torrevieja;638;3;Alicante/Alacant;2022;m06_2022
2022-06;31;Total América del Norte;3133;Torrevieja;375;3;Alicante/Alacant;2022;m06_2022
2022-06;33;Total Sudamérica;3133;Torrevieja;261;3;Alicante/Alacant;2022;m06_2022
2022-06;40;Total Asia;3133;Torrevieja;152;3;Alicante/Alacant;2022;m06_2022
2022-06;102;Austria;3133;Torrevieja;166;3;Alicante/Alacant;2022;m06_2022
2022-06;103;Bélgica;3133;Torrevieja;3055;3;Alicante/Alacant;2022;m06_2022
2022-06;104;Bulgaria;3133;Torrevieja;94;3;Alicante/Alacant;2022;m06_2022
2022-06;107;Dinamarca;3133;Torrevieja;737;3;Alicante/Alacant;2022;m06_2022
2022-06;109;Finlandia;3133;Torrevieja;1734;3;Alicante/Alacant;2022;m06_2022
2022-06;110;Francia;3133;Torrevieja;1369;3;Alicante/Alacant;2022;m06_2022
2022-06;112;Hungria;3133;Torrevieja;118;3;Alicante/Alacant;2022;m06_2022
2022-06;113;Irlanda;3133;Torrevieja;2155;3;Alicante/Alacant;2022;m06_2022
2022-06;114;Islandia;3133;Torrevieja;297;3;Alicante/Alacant;2022;m06_2022
2022-06;115;Italia;3133;Torrevieja;266;3;Alicante/Alacant;2022;m06_2022
2022-06;117;Luxemburgo;3133;Torrevieja;104;3;Alicante/Alacant;2022;m06_2022
2022-06;120;Noruega;3133;Torrevieja;3801;3;Alicante/Alacant;2022;m06_2022
2022-06;121;Países Bajos;3133;Torrevieja;1076;3;Alicante/Alacant;2022;m06_2022
2022-06;122;Polonia;3133;Torrevieja;1950;3;Alicante/Alacant;2022;m06_2022
2022-06;123;Portugal;3133;Torrevieja;64;3;Alicante/Alacant;2022;m06_2022
2022-06;125;Reino Unido;3133;Torrevieja;10526;3;Alicante/Alacant;2022;m06_2022
2022-06;126;Alemania;3133;Torrevieja;2716;3;Alicante/Alacant;2022;m06_2022
2022-06;128;Rumania;3133;Torrevieja;169;3;Alicante/Alacant;2022;m06_2022
2022-06;131;Suecia;3133;Torrevieja;6650;3;Alicante/Alacant;2022;m06_2022
2022-06;132;Suiza;3133;Torrevieja;446;3;Alicante/Alacant;2022;m06_2022
2022-06;136;Letonia;3133;Torrevieja;160;3;Alicante/Alacant;2022;m06_2022
2022-06;137;Moldavia / moldava;3133;Torrevieja;33;3;Alicante/Alacant;2022;m06_2022
2022-06;138;Bielorrusia / belarus;3133;Torrevieja;82;3;Alicante/Alacant;2022;m06_2022
2022-06;141;Estonia;3133;Torrevieja;213;3;Alicante/Alacant;2022;m06_2022
2022-06;142;Lituania;3133;Torrevieja;331;3;Alicante/Alacant;2022;m06_2022
2022-06;143;República Checa;3133;Torrevieja;357;3;Alicante/Alacant;2022;m06_2022
2022-06;144;Eslovaquia;3133;Torrevieja;34;3;Alicante/Alacant;2022;m06_2022
2022-06;154;Rusia;3133;Torrevieja;364;3;Alicante/Alacant;2022;m06_2022
2022-06;203;Argelia;3133;Torrevieja;128;3;Alicante/Alacant;2022;m06_2022
2022-06;228;Marruecos;3133;Torrevieja;83;3;Alicante/Alacant;2022;m06_2022
2022-06;302;EE.UU.;3133;Torrevieja;298;3;Alicante/Alacant;2022;m06_2022
2022-06;340;Argentina;3133;Torrevieja;39;3;Alicante/Alacant;2022;m06_2022
2022-06;342;Brasil;3133;Torrevieja;39;3;Alicante/Alacant;2022;m06_2022
2022-06;343;Colombia;3133;Torrevieja;151;3;Alicante/Alacant;2022;m06_2022
2022-06;407;China;3133;Torrevieja;34;3;Alicante/Alacant;2022;m06_2022
2022-06;443;Kazajstan;3133;Torrevieja;51;3;Alicante/Alacant;2022;m06_2022
2022-07;0;Total;3133;Torrevieja;59501;3;Alicante/Alacant;2022;m07_2022
2022-07;10;Total Europa;3133;Torrevieja;58189;3;Alicante/Alacant;2022;m07_2022
2022-07;11;Total Unión Europea;3133;Torrevieja;37507;3;Alicante/Alacant;2022;m07_2022
2022-07;20;Total África;3133;Torrevieja;325;3;Alicante/Alacant;2022;m07_2022
2022-07;30;Total América;3133;Torrevieja;727;3;Alicante/Alacant;2022;m07_2022
2022-07;31;Total América del Norte;3133;Torrevieja;415;3;Alicante/Alacant;2022;m07_2022
2022-07;33;Total Sudamérica;3133;Torrevieja;306;3;Alicante/Alacant;2022;m07_2022
2022-07;40;Total Asia;3133;Torrevieja;255;3;Alicante/Alacant;2022;m07_2022
2022-07;102;Austria;3133;Torrevieja;260;3;Alicante/Alacant;2022;m07_2022
2022-07;103;Bélgica;3133;Torrevieja;5983;3;Alicante/Alacant;2022;m07_2022
2022-07;104;Bulgaria;3133;Torrevieja;148;3;Alicante/Alacant;2022;m07_2022
2022-07;107;Dinamarca;3133;Torrevieja;1685;3;Alicante/Alacant;2022;m07_2022
2022-07;109;Finlandia;3133;Torrevieja;1847;3;Alicante/Alacant;2022;m07_2022
2022-07;110;Francia;3133;Torrevieja;3447;3;Alicante/Alacant;2022;m07_2022
2022-07;112;Hungria;3133;Torrevieja;205;3;Alicante/Alacant;2022;m07_2022
2022-07;113;Irlanda;3133;Torrevieja;2485;3;Alicante/Alacant;2022;m07_2022
2022-07;114;Islandia;3133;Torrevieja;381;3;Alicante/Alacant;2022;m07_2022
2022-07;115;Italia;3133;Torrevieja;518;3;Alicante/Alacant;2022;m07_2022
2022-07;117;Luxemburgo;3133;Torrevieja;119;3;Alicante/Alacant;2022;m07_2022
2022-07;120;Noruega;3133;Torrevieja;6635;3;Alicante/Alacant;2022;m07_2022
2022-07;121;Países Bajos;3133;Torrevieja;1393;3;Alicante/Alacant;2022;m07_2022
2022-07;122;Polonia;3133;Torrevieja;2617;3;Alicante/Alacant;2022;m07_2022
2022-07;123;Portugal;3133;Torrevieja;118;3;Alicante/Alacant;2022;m07_2022
2022-07;125;Reino Unido;3133;Torrevieja;12107;3;Alicante/Alacant;2022;m07_2022
2022-07;126;Alemania;3133;Torrevieja;3133;3;Alicante/Alacant;2022;m07_2022
2022-07;128;Rumania;3133;Torrevieja;194;3;Alicante/Alacant;2022;m07_2022
2022-07;131;Suecia;3133;Torrevieja;11986;3;Alicante/Alacant;2022;m07_2022
2022-07;132;Suiza;3133;Torrevieja;775;3;Alicante/Alacant;2022;m07_2022
2022-07;136;Letonia;3133;Torrevieja;128;3;Alicante/Alacant;2022;m07_2022
2022-07;137;Moldavia / moldava;3133;Torrevieja;41;3;Alicante/Alacant;2022;m07_2022
2022-07;138;Bielorrusia / belarus;3133;Torrevieja;102;3;Alicante/Alacant;2022;m07_2022
2022-07;141;Estonia;3133;Torrevieja;251;3;Alicante/Alacant;2022;m07_2022
2022-07;142;Lituania;3133;Torrevieja;362;3;Alicante/Alacant;2022;m07_2022
2022-07;143;República Checa;3133;Torrevieja;563;3;Alicante/Alacant;2022;m07_2022
2022-07;144;Eslovaquia;3133;Torrevieja;47;3;Alicante/Alacant;2022;m07_2022
2022-07;154;Rusia;3133;Torrevieja;594;3;Alicante/Alacant;2022;m07_2022
2022-07;203;Argelia;3133;Torrevieja;159;3;Alicante/Alacant;2022;m07_2022
2022-07;228;Marruecos;3133;Torrevieja;137;3;Alicante/Alacant;2022;m07_2022
2022-07;302;EE.UU.;3133;Torrevieja;297;3;Alicante/Alacant;2022;m07_2022
2022-07;340;Argentina;3133;Torrevieja;70;3;Alicante/Alacant;2022;m07_2022
2022-07;342;Brasil;3133;Torrevieja;45;3;Alicante/Alacant;2022;m07_2022
2022-07;343;Colombia;3133;Torrevieja;127;3;Alicante/Alacant;2022;m07_2022
2022-07;344;Chile;3133;Torrevieja;30;3;Alicante/Alacant;2022;m07_2022
2022-07;407;China;3133;Torrevieja;54;3;Alicante/Alacant;2022;m07_2022
2022-07;443;Kazajstan;3133;Torrevieja;103;3;Alicante/Alacant;2022;m07_2022
2022-08;0;Total;3133;Torrevieja;65336;3;Alicante/Alacant;2022;m08_2022
2022-08;10;Total Europa;3133;Torrevieja;63510;3;Alicante/Alacant;2022;m08_2022
2022-08;11;Total Unión Europea;3133;Torrevieja;43006;3;Alicante/Alacant;2022;m08_2022
2022-08;20;Total África;3133;Torrevieja;772;3;Alicante/Alacant;2022;m08_2022
2022-08;30;Total América;3133;Torrevieja;791;3;Alicante/Alacant;2022;m08_2022
2022-08;31;Total América del Norte;3133;Torrevieja;443;3;Alicante/Alacant;2022;m08_2022
2022-08;33;Total Sudamérica;3133;Torrevieja;341;3;Alicante/Alacant;2022;m08_2022
2022-08;40;Total Asia;3133;Torrevieja;247;3;Alicante/Alacant;2022;m08_2022
2022-08;102;Austria;3133;Torrevieja;414;3;Alicante/Alacant;2022;m08_2022
2022-08;103;Bélgica;3133;Torrevieja;6439;3;Alicante/Alacant;2022;m08_2022
2022-08;104;Bulgaria;3133;Torrevieja;104;3;Alicante/Alacant;2022;m08_2022
2022-08;107;Dinamarca;3133;Torrevieja;1058;3;Alicante/Alacant;2022;m08_2022
2022-08;109;Finlandia;3133;Torrevieja;1197;3;Alicante/Alacant;2022;m08_2022
2022-08;110;Francia;3133;Torrevieja;8311;3;Alicante/Alacant;2022;m08_2022
2022-08;112;Hungria;3133;Torrevieja;223;3;Alicante/Alacant;2022;m08_2022
2022-08;113;Irlanda;3133;Torrevieja;3043;3;Alicante/Alacant;2022;m08_2022
2022-08;114;Islandia;3133;Torrevieja;319;3;Alicante/Alacant;2022;m08_2022
2022-08;115;Italia;3133;Torrevieja;594;3;Alicante/Alacant;2022;m08_2022
2022-08;116;Liechtenstein;3133;Torrevieja;41;3;Alicante/Alacant;2022;m08_2022
2022-08;117;Luxemburgo;3133;Torrevieja;185;3;Alicante/Alacant;2022;m08_2022
2022-08;120;Noruega;3133;Torrevieja;5222;3;Alicante/Alacant;2022;m08_2022
2022-08;121;Países Bajos;3133;Torrevieja;2501;3;Alicante/Alacant;2022;m08_2022
2022-08;122;Polonia;3133;Torrevieja;3054;3;Alicante/Alacant;2022;m08_2022
2022-08;123;Portugal;3133;Torrevieja;353;3;Alicante/Alacant;2022;m08_2022
2022-08;125;Reino Unido;3133;Torrevieja;13077;3;Alicante/Alacant;2022;m08_2022
2022-08;126;Alemania;3133;Torrevieja;4118;3;Alicante/Alacant;2022;m08_2022
2022-08;128;Rumania;3133;Torrevieja;206;3;Alicante/Alacant;2022;m08_2022
2022-08;131;Suecia;3133;Torrevieja;9895;3;Alicante/Alacant;2022;m08_2022
2022-08;132;Suiza;3133;Torrevieja;957;3;Alicante/Alacant;2022;m08_2022
2022-08;136;Letonia;3133;Torrevieja;140;3;Alicante/Alacant;2022;m08_2022
2022-08;138;Bielorrusia / belarus;3133;Torrevieja;87;3;Alicante/Alacant;2022;m08_2022
2022-08;141;Estonia;3133;Torrevieja;272;3;Alicante/Alacant;2022;m08_2022
2022-08;142;Lituania;3133;Torrevieja;361;3;Alicante/Alacant;2022;m08_2022
2022-08;143;República Checa;3133;Torrevieja;476;3;Alicante/Alacant;2022;m08_2022
2022-08;144;Eslovaquia;3133;Torrevieja;52;3;Alicante/Alacant;2022;m08_2022
2022-08;154;Rusia;3133;Torrevieja;724;3;Alicante/Alacant;2022;m08_2022
2022-08;203;Argelia;3133;Torrevieja;436;3;Alicante/Alacant;2022;m08_2022
2022-08;228;Marruecos;3133;Torrevieja;304;3;Alicante/Alacant;2022;m08_2022
2022-08;301;Canada;3133;Torrevieja;70;3;Alicante/Alacant;2022;m08_2022
2022-08;302;EE.UU.;3133;Torrevieja;338;3;Alicante/Alacant;2022;m08_2022
2022-08;303;Mexico;3133;Torrevieja;35;3;Alicante/Alacant;2022;m08_2022
2022-08;340;Argentina;3133;Torrevieja;38;3;Alicante/Alacant;2022;m08_2022
2022-08;342;Brasil;3133;Torrevieja;34;3;Alicante/Alacant;2022;m08_2022
2022-08;343;Colombia;3133;Torrevieja;226;3;Alicante/Alacant;2022;m08_2022
2022-08;407;China;3133;Torrevieja;55;3;Alicante/Alacant;2022;m08_2022
2022-08;443;Kazajstan;3133;Torrevieja;92;3;Alicante/Alacant;2022;m08_2022
2022-09;0;Total;3133;Torrevieja;47130;3;Alicante/Alacant;2022;m09_2022
2022-09;10;Total Europa;3133;Torrevieja;45815;3;Alicante/Alacant;2022;m09_2022
2022-09;11;Total Unión Europea;3133;Torrevieja;26263;3;Alicante/Alacant;2022;m09_2022
2022-09;20;Total África;3133;Torrevieja;377;3;Alicante/Alacant;2022;m09_2022
2022-09;30;Total América;3133;Torrevieja;723;3;Alicante/Alacant;2022;m09_2022
2022-09;31;Total América del Norte;3133;Torrevieja;465;3;Alicante/Alacant;2022;m09_2022
2022-09;33;Total Sudamérica;3133;Torrevieja;255;3;Alicante/Alacant;2022;m09_2022
2022-09;40;Total Asia;3133;Torrevieja;170;3;Alicante/Alacant;2022;m09_2022
2022-09;102;Austria;3133;Torrevieja;179;3;Alicante/Alacant;2022;m09_2022
2022-09;103;Bélgica;3133;Torrevieja;3916;3;Alicante/Alacant;2022;m09_2022
2022-09;104;Bulgaria;3133;Torrevieja;64;3;Alicante/Alacant;2022;m09_2022
2022-09;107;Dinamarca;3133;Torrevieja;913;3;Alicante/Alacant;2022;m09_2022
2022-09;109;Finlandia;3133;Torrevieja;1627;3;Alicante/Alacant;2022;m09_2022
2022-09;110;Francia;3133;Torrevieja;1737;3;Alicante/Alacant;2022;m09_2022
2022-09;112;Hungria;3133;Torrevieja;140;3;Alicante/Alacant;2022;m09_2022
2022-09;113;Irlanda;3133;Torrevieja;2410;3;Alicante/Alacant;2022;m09_2022
2022-09;114;Islandia;3133;Torrevieja;201;3;Alicante/Alacant;2022;m09_2022
2022-09;115;Italia;3133;Torrevieja;363;3;Alicante/Alacant;2022;m09_2022
2022-09;117;Luxemburgo;3133;Torrevieja;119;3;Alicante/Alacant;2022;m09_2022
2022-09;120;Noruega;3133;Torrevieja;5815;3;Alicante/Alacant;2022;m09_2022
2022-09;121;Países Bajos;3133;Torrevieja;1271;3;Alicante/Alacant;2022;m09_2022
2022-09;122;Polonia;3133;Torrevieja;2174;3;Alicante/Alacant;2022;m09_2022
2022-09;123;Portugal;3133;Torrevieja;145;3;Alicante/Alacant;2022;m09_2022
2022-09;125;Reino Unido;3133;Torrevieja;12139;3;Alicante/Alacant;2022;m09_2022
2022-09;126;Alemania;3133;Torrevieja;3448;3;Alicante/Alacant;2022;m09_2022
2022-09;128;Rumania;3133;Torrevieja;164;3;Alicante/Alacant;2022;m09_2022
2022-09;131;Suecia;3133;Torrevieja;6671;3;Alicante/Alacant;2022;m09_2022
2022-09;132;Suiza;3133;Torrevieja;543;3;Alicante/Alacant;2022;m09_2022
2022-09;136;Letonia;3133;Torrevieja;81;3;Alicante/Alacant;2022;m09_2022
2022-09;138;Bielorrusia / belarus;3133;Torrevieja;118;3;Alicante/Alacant;2022;m09_2022
2022-09;141;Estonia;3133;Torrevieja;190;3;Alicante/Alacant;2022;m09_2022
2022-09;142;Lituania;3133;Torrevieja;267;3;Alicante/Alacant;2022;m09_2022
2022-09;143;República Checa;3133;Torrevieja;330;3;Alicante/Alacant;2022;m09_2022
2022-09;144;Eslovaquia;3133;Torrevieja;31;3;Alicante/Alacant;2022;m09_2022
2022-09;154;Rusia;3133;Torrevieja;642;3;Alicante/Alacant;2022;m09_2022
2022-09;203;Argelia;3133;Torrevieja;180;3;Alicante/Alacant;2022;m09_2022
2022-09;228;Marruecos;3133;Torrevieja;177;3;Alicante/Alacant;2022;m09_2022
2022-09;302;EE.UU.;3133;Torrevieja;356;3;Alicante/Alacant;2022;m09_2022
2022-09;340;Argentina;3133;Torrevieja;38;3;Alicante/Alacant;2022;m09_2022
2022-09;343;Colombia;3133;Torrevieja;131;3;Alicante/Alacant;2022;m09_2022
2022-09;407;China;3133;Torrevieja;41;3;Alicante/Alacant;2022;m09_2022
2022-09;443;Kazajstan;3133;Torrevieja;52;3;Alicante/Alacant;2022;m09_2022
2022-10;0;Total;3133;Torrevieja;44425;3;Alicante/Alacant;2022;m10_2022
2022-10;10;Total Europa;3133;Torrevieja;43387;3;Alicante/Alacant;2022;m10_2022
2022-10;11;Total Unión Europea;3133;Torrevieja;25873;3;Alicante/Alacant;2022;m10_2022
2022-10;20;Total África;3133;Torrevieja;325;3;Alicante/Alacant;2022;m10_2022
2022-10;30;Total América;3133;Torrevieja;523;3;Alicante/Alacant;2022;m10_2022
2022-10;31;Total América del Norte;3133;Torrevieja;333;3;Alicante/Alacant;2022;m10_2022
2022-10;33;Total Sudamérica;3133;Torrevieja;178;3;Alicante/Alacant;2022;m10_2022
2022-10;40;Total Asia;3133;Torrevieja;183;3;Alicante/Alacant;2022;m10_2022
2022-10;102;Austria;3133;Torrevieja;221;3;Alicante/Alacant;2022;m10_2022
2022-10;103;Bélgica;3133;Torrevieja;3018;3;Alicante/Alacant;2022;m10_2022
2022-10;104;Bulgaria;3133;Torrevieja;83;3;Alicante/Alacant;2022;m10_2022
2022-10;107;Dinamarca;3133;Torrevieja;938;3;Alicante/Alacant;2022;m10_2022
2022-10;109;Finlandia;3133;Torrevieja;2195;3;Alicante/Alacant;2022;m10_2022
2022-10;110;Francia;3133;Torrevieja;1970;3;Alicante/Alacant;2022;m10_2022
2022-10;112;Hungria;3133;Torrevieja;159;3;Alicante/Alacant;2022;m10_2022
2022-10;113;Irlanda;3133;Torrevieja;2198;3;Alicante/Alacant;2022;m10_2022
2022-10;114;Islandia;3133;Torrevieja;261;3;Alicante/Alacant;2022;m10_2022
2022-10;115;Italia;3133;Torrevieja;250;3;Alicante/Alacant;2022;m10_2022
2022-10;116;Liechtenstein;3133;Torrevieja;35;3;Alicante/Alacant;2022;m10_2022
2022-10;117;Luxemburgo;3133;Torrevieja;102;3;Alicante/Alacant;2022;m10_2022
2022-10;120;Noruega;3133;Torrevieja;5038;3;Alicante/Alacant;2022;m10_2022
2022-10;121;Países Bajos;3133;Torrevieja;1347;3;Alicante/Alacant;2022;m10_2022
2022-10;122;Polonia;3133;Torrevieja;1853;3;Alicante/Alacant;2022;m10_2022
2022-10;123;Portugal;3133;Torrevieja;38;3;Alicante/Alacant;2022;m10_2022
2022-10;125;Reino Unido;3133;Torrevieja;10600;3;Alicante/Alacant;2022;m10_2022
2022-10;126;Alemania;3133;Torrevieja;3656;3;Alicante/Alacant;2022;m10_2022
2022-10;128;Rumania;3133;Torrevieja;120;3;Alicante/Alacant;2022;m10_2022
2022-10;131;Suecia;3133;Torrevieja;6689;3;Alicante/Alacant;2022;m10_2022
2022-10;132;Suiza;3133;Torrevieja;660;3;Alicante/Alacant;2022;m10_2022
2022-10;136;Letonia;3133;Torrevieja;154;3;Alicante/Alacant;2022;m10_2022
2022-10;138;Bielorrusia / belarus;3133;Torrevieja;96;3;Alicante/Alacant;2022;m10_2022
2022-10;141;Estonia;3133;Torrevieja;200;3;Alicante/Alacant;2022;m10_2022
2022-10;142;Lituania;3133;Torrevieja;341;3;Alicante/Alacant;2022;m10_2022
2022-10;143;República Checa;3133;Torrevieja;280;3;Alicante/Alacant;2022;m10_2022
2022-10;144;Eslovaquia;3133;Torrevieja;42;3;Alicante/Alacant;2022;m10_2022
2022-10;154;Rusia;3133;Torrevieja;725;3;Alicante/Alacant;2022;m10_2022
2022-10;203;Argelia;3133;Torrevieja;138;3;Alicante/Alacant;2022;m10_2022
2022-10;228;Marruecos;3133;Torrevieja;156;3;Alicante/Alacant;2022;m10_2022
2022-10;302;EE.UU.;3133;Torrevieja;235;3;Alicante/Alacant;2022;m10_2022
2022-10;340;Argentina;3133;Torrevieja;31;3;Alicante/Alacant;2022;m10_2022
2022-10;343;Colombia;3133;Torrevieja;110;3;Alicante/Alacant;2022;m10_2022
2022-10;407;China;3133;Torrevieja;54;3;Alicante/Alacant;2022;m10_2022
2022-10;443;Kazajstan;3133;Torrevieja;63;3;Alicante/Alacant;2022;m10_2022
2022-11;0;Total;3133;Torrevieja;31227;3;Alicante/Alacant;2022;m11_2022
2022-11;10;Total Europa;3133;Torrevieja;30285;3;Alicante/Alacant;2022;m11_2022
2022-11;11;Total Unión Europea;3133;Torrevieja;20253;3;Alicante/Alacant;2022;m11_2022
2022-11;20;Total África;3133;Torrevieja;286;3;Alicante/Alacant;2022;m11_2022
2022-11;30;Total América;3133;Torrevieja;457;3;Alicante/Alacant;2022;m11_2022
2022-11;31;Total América del Norte;3133;Torrevieja;262;3;Alicante/Alacant;2022;m11_2022
2022-11;33;Total Sudamérica;3133;Torrevieja;194;3;Alicante/Alacant;2022;m11_2022
2022-11;40;Total Asia;3133;Torrevieja;185;3;Alicante/Alacant;2022;m11_2022
2022-11;102;Austria;3133;Torrevieja;147;3;Alicante/Alacant;2022;m11_2022
2022-11;103;Bélgica;3133;Torrevieja;2480;3;Alicante/Alacant;2022;m11_2022
2022-11;104;Bulgaria;3133;Torrevieja;93;3;Alicante/Alacant;2022;m11_2022
2022-11;107;Dinamarca;3133;Torrevieja;483;3;Alicante/Alacant;2022;m11_2022
2022-11;109;Finlandia;3133;Torrevieja;2329;3;Alicante/Alacant;2022;m11_2022
2022-11;110;Francia;3133;Torrevieja;1112;3;Alicante/Alacant;2022;m11_2022
2022-11;112;Hungria;3133;Torrevieja;149;3;Alicante/Alacant;2022;m11_2022
2022-11;113;Irlanda;3133;Torrevieja;1236;3;Alicante/Alacant;2022;m11_2022
2022-11;114;Islandia;3133;Torrevieja;203;3;Alicante/Alacant;2022;m11_2022
2022-11;115;Italia;3133;Torrevieja;214;3;Alicante/Alacant;2022;m11_2022
2022-11;116;Liechtenstein;3133;Torrevieja;33;3;Alicante/Alacant;2022;m11_2022
2022-11;117;Luxemburgo;3133;Torrevieja;96;3;Alicante/Alacant;2022;m11_2022
2022-11;120;Noruega;3133;Torrevieja;3246;3;Alicante/Alacant;2022;m11_2022
2022-11;121;Países Bajos;3133;Torrevieja;1329;3;Alicante/Alacant;2022;m11_2022
2022-11;122;Polonia;3133;Torrevieja;1598;3;Alicante/Alacant;2022;m11_2022
2022-11;123;Portugal;3133;Torrevieja;37;3;Alicante/Alacant;2022;m11_2022
2022-11;125;Reino Unido;3133;Torrevieja;5537;3;Alicante/Alacant;2022;m11_2022
2022-11;126;Alemania;3133;Torrevieja;2152;3;Alicante/Alacant;2022;m11_2022
2022-11;128;Rumania;3133;Torrevieja;75;3;Alicante/Alacant;2022;m11_2022
2022-11;131;Suecia;3133;Torrevieja;5949;3;Alicante/Alacant;2022;m11_2022
2022-11;132;Suiza;3133;Torrevieja;298;3;Alicante/Alacant;2022;m11_2022
2022-11;136;Letonia;3133;Torrevieja;126;3;Alicante/Alacant;2022;m11_2022
2022-11;137;Moldavia / moldava;3133;Torrevieja;30;3;Alicante/Alacant;2022;m11_2022
2022-11;138;Bielorrusia / belarus;3133;Torrevieja;84;3;Alicante/Alacant;2022;m11_2022
2022-11;141;Estonia;3133;Torrevieja;155;3;Alicante/Alacant;2022;m11_2022
2022-11;142;Lituania;3133;Torrevieja;304;3;Alicante/Alacant;2022;m11_2022
2022-11;143;República Checa;3133;Torrevieja;135;3;Alicante/Alacant;2022;m11_2022
2022-11;154;Rusia;3133;Torrevieja;531;3;Alicante/Alacant;2022;m11_2022
2022-11;174;Gibraltar;3133;Torrevieja;39;3;Alicante/Alacant;2022;m11_2022
2022-11;203;Argelia;3133;Torrevieja;138;3;Alicante/Alacant;2022;m11_2022
2022-11;228;Marruecos;3133;Torrevieja;109;3;Alicante/Alacant;2022;m11_2022
2022-11;302;EE.UU.;3133;Torrevieja;188;3;Alicante/Alacant;2022;m11_2022
2022-11;340;Argentina;3133;Torrevieja;30;3;Alicante/Alacant;2022;m11_2022
2022-11;343;Colombia;3133;Torrevieja;126;3;Alicante/Alacant;2022;m11_2022
2022-11;407;China;3133;Torrevieja;32;3;Alicante/Alacant;2022;m11_2022
2022-11;443;Kazajstan;3133;Torrevieja;53;3;Alicante/Alacant;2022;m11_2022
2022-12;0;Total;3133;Torrevieja;21697;3;Alicante/Alacant;2022;m12_2022
2022-12;10;Total Europa;3133;Torrevieja;20875;3;Alicante/Alacant;2022;m12_2022
2022-12;11;Total Unión Europea;3133;Torrevieja;13351;3;Alicante/Alacant;2022;m12_2022
2022-12;20;Total África;3133;Torrevieja;215;3;Alicante/Alacant;2022;m12_2022
2022-12;30;Total América;3133;Torrevieja;422;3;Alicante/Alacant;2022;m12_2022
2022-12;31;Total América del Norte;3133;Torrevieja;195;3;Alicante/Alacant;2022;m12_2022
2022-12;33;Total Sudamérica;3133;Torrevieja;222;3;Alicante/Alacant;2022;m12_2022
2022-12;40;Total Asia;3133;Torrevieja;182;3;Alicante/Alacant;2022;m12_2022
2022-12;102;Austria;3133;Torrevieja;88;3;Alicante/Alacant;2022;m12_2022
2022-12;103;Bélgica;3133;Torrevieja;1700;3;Alicante/Alacant;2022;m12_2022
2022-12;104;Bulgaria;3133;Torrevieja;66;3;Alicante/Alacant;2022;m12_2022
2022-12;107;Dinamarca;3133;Torrevieja;283;3;Alicante/Alacant;2022;m12_2022
2022-12;109;Finlandia;3133;Torrevieja;1616;3;Alicante/Alacant;2022;m12_2022
2022-12;110;Francia;3133;Torrevieja;813;3;Alicante/Alacant;2022;m12_2022
2022-12;112;Hungria;3133;Torrevieja;85;3;Alicante/Alacant;2022;m12_2022
2022-12;113;Irlanda;3133;Torrevieja;889;3;Alicante/Alacant;2022;m12_2022
2022-12;114;Islandia;3133;Torrevieja;140;3;Alicante/Alacant;2022;m12_2022
2022-12;115;Italia;3133;Torrevieja;191;3;Alicante/Alacant;2022;m12_2022
2022-12;116;Liechtenstein;3133;Torrevieja;55;3;Alicante/Alacant;2022;m12_2022
2022-12;117;Luxemburgo;3133;Torrevieja;54;3;Alicante/Alacant;2022;m12_2022
2022-12;120;Noruega;3133;Torrevieja;2028;3;Alicante/Alacant;2022;m12_2022
2022-12;121;Países Bajos;3133;Torrevieja;796;3;Alicante/Alacant;2022;m12_2022
2022-12;122;Polonia;3133;Torrevieja;1123;3;Alicante/Alacant;2022;m12_2022
2022-12;123;Portugal;3133;Torrevieja;40;3;Alicante/Alacant;2022;m12_2022
2022-12;125;Reino Unido;3133;Torrevieja;4449;3;Alicante/Alacant;2022;m12_2022
2022-12;126;Alemania;3133;Torrevieja;1248;3;Alicante/Alacant;2022;m12_2022
2022-12;128;Rumania;3133;Torrevieja;66;3;Alicante/Alacant;2022;m12_2022
2022-12;131;Suecia;3133;Torrevieja;3679;3;Alicante/Alacant;2022;m12_2022
2022-12;132;Suiza;3133;Torrevieja;201;3;Alicante/Alacant;2022;m12_2022
2022-12;136;Letonia;3133;Torrevieja;122;3;Alicante/Alacant;2022;m12_2022
2022-12;138;Bielorrusia / belarus;3133;Torrevieja;86;3;Alicante/Alacant;2022;m12_2022
2022-12;141;Estonia;3133;Torrevieja;121;3;Alicante/Alacant;2022;m12_2022
2022-12;142;Lituania;3133;Torrevieja;219;3;Alicante/Alacant;2022;m12_2022
2022-12;143;República Checa;3133;Torrevieja;121;3;Alicante/Alacant;2022;m12_2022
2022-12;154;Rusia;3133;Torrevieja;534;3;Alicante/Alacant;2022;m12_2022
2022-12;203;Argelia;3133;Torrevieja;70;3;Alicante/Alacant;2022;m12_2022
2022-12;228;Marruecos;3133;Torrevieja;127;3;Alicante/Alacant;2022;m12_2022
2022-12;302;EE.UU.;3133;Torrevieja;113;3;Alicante/Alacant;2022;m12_2022
2022-12;340;Argentina;3133;Torrevieja;39;3;Alicante/Alacant;2022;m12_2022
2022-12;342;Brasil;3133;Torrevieja;34;3;Alicante/Alacant;2022;m12_2022
2022-12;343;Colombia;3133;Torrevieja;121;3;Alicante/Alacant;2022;m12_2022
2022-12;407;China;3133;Torrevieja;34;3;Alicante/Alacant;2022;m12_2022
2022-12;443;Kazajstan;3133;Torrevieja;58;3;Alicante/Alacant;2022;m12_2022
2023-01;0;Total;3133;Torrevieja;26701;3;Alicante/Alacant;2023;m01_2023
2023-01;10;Total Europa;3133;Torrevieja;25765;3;Alicante/Alacant;2023;m01_2023
2023-01;11;Total Unión Europea;3133;Torrevieja;18264;3;Alicante/Alacant;2023;m01_2023
2023-01;20;Total África;3133;Torrevieja;275;3;Alicante/Alacant;2023;m01_2023
2023-01;30;Total América;3133;Torrevieja;462;3;Alicante/Alacant;2023;m01_2023
2023-01;31;Total América del Norte;3133;Torrevieja;230;3;Alicante/Alacant;2023;m01_2023
2023-01;33;Total Sudamérica;3133;Torrevieja;228;3;Alicante/Alacant;2023;m01_2023
2023-01;40;Total Asia;3133;Torrevieja;196;3;Alicante/Alacant;2023;m01_2023
2023-01;102;Austria;3133;Torrevieja;143;3;Alicante/Alacant;2023;m01_2023
2023-01;103;Bélgica;3133;Torrevieja;2603;3;Alicante/Alacant;2023;m01_2023
2023-01;104;Bulgaria;3133;Torrevieja;85;3;Alicante/Alacant;2023;m01_2023
2023-01;107;Dinamarca;3133;Torrevieja;346;3;Alicante/Alacant;2023;m01_2023
2023-01;109;Finlandia;3133;Torrevieja;1383;3;Alicante/Alacant;2023;m01_2023
2023-01;110;Francia;3133;Torrevieja;1178;3;Alicante/Alacant;2023;m01_2023
2023-01;112;Hungria;3133;Torrevieja;154;3;Alicante/Alacant;2023;m01_2023
2023-01;113;Irlanda;3133;Torrevieja;1118;3;Alicante/Alacant;2023;m01_2023
2023-01;114;Islandia;3133;Torrevieja;104;3;Alicante/Alacant;2023;m01_2023
2023-01;115;Italia;3133;Torrevieja;259;3;Alicante/Alacant;2023;m01_2023
2023-01;116;Liechtenstein;3133;Torrevieja;49;3;Alicante/Alacant;2023;m01_2023
2023-01;117;Luxemburgo;3133;Torrevieja;95;3;Alicante/Alacant;2023;m01_2023
2023-01;120;Noruega;3133;Torrevieja;1790;3;Alicante/Alacant;2023;m01_2023
2023-01;121;Países Bajos;3133;Torrevieja;1879;3;Alicante/Alacant;2023;m01_2023
2023-01;122;Polonia;3133;Torrevieja;1399;3;Alicante/Alacant;2023;m01_2023
2023-01;123;Portugal;3133;Torrevieja;45;3;Alicante/Alacant;2023;m01_2023
2023-01;125;Reino Unido;3133;Torrevieja;4570;3;Alicante/Alacant;2023;m01_2023
2023-01;126;Alemania;3133;Torrevieja;1982;3;Alicante/Alacant;2023;m01_2023
2023-01;128;Rumania;3133;Torrevieja;89;3;Alicante/Alacant;2023;m01_2023
2023-01;131;Suecia;3133;Torrevieja;4844;3;Alicante/Alacant;2023;m01_2023
2023-01;132;Suiza;3133;Torrevieja;328;3;Alicante/Alacant;2023;m01_2023
2023-01;136;Letonia;3133;Torrevieja;109;3;Alicante/Alacant;2023;m01_2023
2023-01;138;Bielorrusia / belarus;3133;Torrevieja;83;3;Alicante/Alacant;2023;m01_2023
2023-01;141;Estonia;3133;Torrevieja;128;3;Alicante/Alacant;2023;m01_2023
2023-01;142;Lituania;3133;Torrevieja;232;3;Alicante/Alacant;2023;m01_2023
2023-01;143;República Checa;3133;Torrevieja;153;3;Alicante/Alacant;2023;m01_2023
2023-01;154;Rusia;3133;Torrevieja;487;3;Alicante/Alacant;2023;m01_2023
2023-01;174;Gibraltar;3133;Torrevieja;35;3;Alicante/Alacant;2023;m01_2023
2023-01;203;Argelia;3133;Torrevieja;122;3;Alicante/Alacant;2023;m01_2023
2023-01;228;Marruecos;3133;Torrevieja;131;3;Alicante/Alacant;2023;m01_2023
2023-01;302;EE.UU.;3133;Torrevieja;148;3;Alicante/Alacant;2023;m01_2023
2023-01;340;Argentina;3133;Torrevieja;48;3;Alicante/Alacant;2023;m01_2023
2023-01;343;Colombia;3133;Torrevieja;132;3;Alicante/Alacant;2023;m01_2023
2023-01;407;China;3133;Torrevieja;53;3;Alicante/Alacant;2023;m01_2023
2023-01;443;Kazajstan;3133;Torrevieja;64;3;Alicante/Alacant;2023;m01_2023
2023-02;0;Total;3133;Torrevieja;22165;3;Alicante/Alacant;2023;m02_2023
2023-02;10;Total Europa;3133;Torrevieja;21397;3;Alicante/Alacant;2023;m02_2023
2023-02;11;Total Unión Europea;3133;Torrevieja;12920;3;Alicante/Alacant;2023;m02_2023
2023-02;20;Total África;3133;Torrevieja;219;3;Alicante/Alacant;2023;m02_2023
2023-02;30;Total América;3133;Torrevieja;422;3;Alicante/Alacant;2023;m02_2023
2023-02;31;Total América del Norte;3133;Torrevieja;188;3;Alicante/Alacant;2023;m02_2023
2023-02;33;Total Sudamérica;3133;Torrevieja;230;3;Alicante/Alacant;2023;m02_2023
2023-02;40;Total Asia;3133;Torrevieja;125;3;Alicante/Alacant;2023;m02_2023
2023-02;102;Austria;3133;Torrevieja;106;3;Alicante/Alacant;2023;m02_2023
2023-02;103;Bélgica;3133;Torrevieja;1551;3;Alicante/Alacant;2023;m02_2023
2023-02;104;Bulgaria;3133;Torrevieja;64;3;Alicante/Alacant;2023;m02_2023
2023-02;107;Dinamarca;3133;Torrevieja;406;3;Alicante/Alacant;2023;m02_2023
2023-02;109;Finlandia;3133;Torrevieja;1344;3;Alicante/Alacant;2023;m02_2023
2023-02;110;Francia;3133;Torrevieja;935;3;Alicante/Alacant;2023;m02_2023
2023-02;112;Hungria;3133;Torrevieja;119;3;Alicante/Alacant;2023;m02_2023
2023-02;113;Irlanda;3133;Torrevieja;907;3;Alicante/Alacant;2023;m02_2023
2023-02;114;Islandia;3133;Torrevieja;100;3;Alicante/Alacant;2023;m02_2023
2023-02;115;Italia;3133;Torrevieja;157;3;Alicante/Alacant;2023;m02_2023
2023-02;116;Liechtenstein;3133;Torrevieja;55;3;Alicante/Alacant;2023;m02_2023
2023-02;117;Luxemburgo;3133;Torrevieja;75;3;Alicante/Alacant;2023;m02_2023
2023-02;120;Noruega;3133;Torrevieja;1875;3;Alicante/Alacant;2023;m02_2023
2023-02;121;Países Bajos;3133;Torrevieja;774;3;Alicante/Alacant;2023;m02_2023
2023-02;122;Polonia;3133;Torrevieja;1259;3;Alicante/Alacant;2023;m02_2023
2023-02;123;Portugal;3133;Torrevieja;45;3;Alicante/Alacant;2023;m02_2023
2023-02;125;Reino Unido;3133;Torrevieja;5720;3;Alicante/Alacant;2023;m02_2023
2023-02;126;Alemania;3133;Torrevieja;1358;3;Alicante/Alacant;2023;m02_2023
2023-02;128;Rumania;3133;Torrevieja;77;3;Alicante/Alacant;2023;m02_2023
2023-02;131;Suecia;3133;Torrevieja;3191;3;Alicante/Alacant;2023;m02_2023
2023-02;132;Suiza;3133;Torrevieja;258;3;Alicante/Alacant;2023;m02_2023
2023-02;136;Letonia;3133;Torrevieja;103;3;Alicante/Alacant;2023;m02_2023
2023-02;138;Bielorrusia / belarus;3133;Torrevieja;69;3;Alicante/Alacant;2023;m02_2023
2023-02;141;Estonia;3133;Torrevieja;96;3;Alicante/Alacant;2023;m02_2023
2023-02;142;Lituania;3133;Torrevieja;214;3;Alicante/Alacant;2023;m02_2023
2023-02;143;República Checa;3133;Torrevieja;116;3;Alicante/Alacant;2023;m02_2023
2023-02;154;Rusia;3133;Torrevieja;351;3;Alicante/Alacant;2023;m02_2023
2023-02;203;Argelia;3133;Torrevieja;117;3;Alicante/Alacant;2023;m02_2023
2023-02;228;Marruecos;3133;Torrevieja;79;3;Alicante/Alacant;2023;m02_2023
2023-02;301;Canada;3133;Torrevieja;96;3;Alicante/Alacant;2023;m02_2023
2023-02;340;Argentina;3133;Torrevieja;39;3;Alicante/Alacant;2023;m02_2023
2023-02;343;Colombia;3133;Torrevieja;149;3;Alicante/Alacant;2023;m02_2023
2023-02;407;China;3133;Torrevieja;36;3;Alicante/Alacant;2023;m02_2023
2023-02;443;Kazajstan;3133;Torrevieja;44;3;Alicante/Alacant;2023;m02_2023
2023-03;0;Total;3133;Torrevieja;29819;3;Alicante/Alacant;2023;m03_2023
2023-03;10;Total Europa;3133;Torrevieja;28801;3;Alicante/Alacant;2023;m03_2023
2023-03;11;Total Unión Europea;3133;Torrevieja;18038;3;Alicante/Alacant;2023;m03_2023
2023-03;20;Total África;3133;Torrevieja;253;3;Alicante/Alacant;2023;m03_2023
2023-03;30;Total América;3133;Torrevieja;570;3;Alicante/Alacant;2023;m03_2023
2023-03;31;Total América del Norte;3133;Torrevieja;291;3;Alicante/Alacant;2023;m03_2023
2023-03;33;Total Sudamérica;3133;Torrevieja;277;3;Alicante/Alacant;2023;m03_2023
2023-03;40;Total Asia;3133;Torrevieja;192;3;Alicante/Alacant;2023;m03_2023
2023-03;102;Austria;3133;Torrevieja;163;3;Alicante/Alacant;2023;m03_2023
2023-03;103;Bélgica;3133;Torrevieja;2589;3;Alicante/Alacant;2023;m03_2023
2023-03;104;Bulgaria;3133;Torrevieja;79;3;Alicante/Alacant;2023;m03_2023
2023-03;107;Dinamarca;3133;Torrevieja;548;3;Alicante/Alacant;2023;m03_2023
2023-03;109;Finlandia;3133;Torrevieja;2006;3;Alicante/Alacant;2023;m03_2023
2023-03;110;Francia;3133;Torrevieja;995;3;Alicante/Alacant;2023;m03_2023
2023-03;112;Hungria;3133;Torrevieja;153;3;Alicante/Alacant;2023;m03_2023
2023-03;113;Irlanda;3133;Torrevieja;1053;3;Alicante/Alacant;2023;m03_2023
2023-03;114;Islandia;3133;Torrevieja;132;3;Alicante/Alacant;2023;m03_2023
2023-03;115;Italia;3133;Torrevieja;267;3;Alicante/Alacant;2023;m03_2023
2023-03;116;Liechtenstein;3133;Torrevieja;61;3;Alicante/Alacant;2023;m03_2023
2023-03;117;Luxemburgo;3133;Torrevieja;85;3;Alicante/Alacant;2023;m03_2023
2023-03;120;Noruega;3133;Torrevieja;2555;3;Alicante/Alacant;2023;m03_2023
2023-03;121;Países Bajos;3133;Torrevieja;1145;3;Alicante/Alacant;2023;m03_2023
2023-03;122;Polonia;3133;Torrevieja;1492;3;Alicante/Alacant;2023;m03_2023
2023-03;123;Portugal;3133;Torrevieja;50;3;Alicante/Alacant;2023;m03_2023
2023-03;125;Reino Unido;3133;Torrevieja;7189;3;Alicante/Alacant;2023;m03_2023
2023-03;126;Alemania;3133;Torrevieja;1843;3;Alicante/Alacant;2023;m03_2023
2023-03;128;Rumania;3133;Torrevieja;88;3;Alicante/Alacant;2023;m03_2023
2023-03;131;Suecia;3133;Torrevieja;4784;3;Alicante/Alacant;2023;m03_2023
2023-03;132;Suiza;3133;Torrevieja;325;3;Alicante/Alacant;2023;m03_2023
2023-03;136;Letonia;3133;Torrevieja;136;3;Alicante/Alacant;2023;m03_2023
2023-03;138;Bielorrusia / belarus;3133;Torrevieja;71;3;Alicante/Alacant;2023;m03_2023
2023-03;141;Estonia;3133;Torrevieja;118;3;Alicante/Alacant;2023;m03_2023
2023-03;142;Lituania;3133;Torrevieja;225;3;Alicante/Alacant;2023;m03_2023
2023-03;143;República Checa;3133;Torrevieja;176;3;Alicante/Alacant;2023;m03_2023
2023-03;154;Rusia;3133;Torrevieja;358;3;Alicante/Alacant;2023;m03_2023
2023-03;174;Gibraltar;3133;Torrevieja;34;3;Alicante/Alacant;2023;m03_2023
2023-03;203;Argelia;3133;Torrevieja;97;3;Alicante/Alacant;2023;m03_2023
2023-03;228;Marruecos;3133;Torrevieja;128;3;Alicante/Alacant;2023;m03_2023
2023-03;301;Canada;3133;Torrevieja;109;3;Alicante/Alacant;2023;m03_2023
2023-03;302;EE.UU.;3133;Torrevieja;148;3;Alicante/Alacant;2023;m03_2023
2023-03;303;Mexico;3133;Torrevieja;34;3;Alicante/Alacant;2023;m03_2023
2023-03;340;Argentina;3133;Torrevieja;69;3;Alicante/Alacant;2023;m03_2023
2023-03;343;Colombia;3133;Torrevieja;165;3;Alicante/Alacant;2023;m03_2023
2023-03;407;China;3133;Torrevieja;48;3;Alicante/Alacant;2023;m03_2023
2023-03;443;Kazajstan;3133;Torrevieja;71;3;Alicante/Alacant;2023;m03_2023
2023-04;0;Total;3133;Torrevieja;39254;3;Alicante/Alacant;2023;m04_2023
2023-04;10;Total Europa;3133;Torrevieja;38223;3;Alicante/Alacant;2023;m04_2023
2023-04;11;Total Unión Europea;3133;Torrevieja;23637;3;Alicante/Alacant;2023;m04_2023
2023-04;20;Total África;3133;Torrevieja;160;3;Alicante/Alacant;2023;m04_2023
2023-04;30;Total América;3133;Torrevieja;648;3;Alicante/Alacant;2023;m04_2023
2023-04;31;Total América del Norte;3133;Torrevieja;378;3;Alicante/Alacant;2023;m04_2023
2023-04;33;Total Sudamérica;3133;Torrevieja;253;3;Alicante/Alacant;2023;m04_2023
2023-04;40;Total Asia;3133;Torrevieja;219;3;Alicante/Alacant;2023;m04_2023
2023-04;102;Austria;3133;Torrevieja;231;3;Alicante/Alacant;2023;m04_2023
2023-04;103;Bélgica;3133;Torrevieja;2660;3;Alicante/Alacant;2023;m04_2023
2023-04;104;Bulgaria;3133;Torrevieja;116;3;Alicante/Alacant;2023;m04_2023
2023-04;107;Dinamarca;3133;Torrevieja;647;3;Alicante/Alacant;2023;m04_2023
2023-04;109;Finlandia;3133;Torrevieja;1895;3;Alicante/Alacant;2023;m04_2023
2023-04;110;Francia;3133;Torrevieja;1401;3;Alicante/Alacant;2023;m04_2023
2023-04;112;Hungria;3133;Torrevieja;274;3;Alicante/Alacant;2023;m04_2023
2023-04;113;Irlanda;3133;Torrevieja;2285;3;Alicante/Alacant;2023;m04_2023
2023-04;114;Islandia;3133;Torrevieja;220;3;Alicante/Alacant;2023;m04_2023
2023-04;115;Italia;3133;Torrevieja;235;3;Alicante/Alacant;2023;m04_2023
2023-04;116;Liechtenstein;3133;Torrevieja;42;3;Alicante/Alacant;2023;m04_2023
2023-04;117;Luxemburgo;3133;Torrevieja;93;3;Alicante/Alacant;2023;m04_2023
2023-04;120;Noruega;3133;Torrevieja;3728;3;Alicante/Alacant;2023;m04_2023
2023-04;121;Países Bajos;3133;Torrevieja;1108;3;Alicante/Alacant;2023;m04_2023
2023-04;122;Polonia;3133;Torrevieja;1852;3;Alicante/Alacant;2023;m04_2023
2023-04;123;Portugal;3133;Torrevieja;61;3;Alicante/Alacant;2023;m04_2023
2023-04;125;Reino Unido;3133;Torrevieja;9635;3;Alicante/Alacant;2023;m04_2023
2023-04;126;Alemania;3133;Torrevieja;3272;3;Alicante/Alacant;2023;m04_2023
2023-04;128;Rumania;3133;Torrevieja;81;3;Alicante/Alacant;2023;m04_2023
2023-04;131;Suecia;3133;Torrevieja;6544;3;Alicante/Alacant;2023;m04_2023
2023-04;132;Suiza;3133;Torrevieja;457;3;Alicante/Alacant;2023;m04_2023
2023-04;136;Letonia;3133;Torrevieja;169;3;Alicante/Alacant;2023;m04_2023
2023-04;138;Bielorrusia / belarus;3133;Torrevieja;68;3;Alicante/Alacant;2023;m04_2023
2023-04;141;Estonia;3133;Torrevieja;153;3;Alicante/Alacant;2023;m04_2023
2023-04;142;Lituania;3133;Torrevieja;281;3;Alicante/Alacant;2023;m04_2023
2023-04;143;República Checa;3133;Torrevieja;222;3;Alicante/Alacant;2023;m04_2023
2023-04;144;Eslovaquia;3133;Torrevieja;38;3;Alicante/Alacant;2023;m04_2023
2023-04;154;Rusia;3133;Torrevieja;384;3;Alicante/Alacant;2023;m04_2023
2023-04;203;Argelia;3133;Torrevieja;50;3;Alicante/Alacant;2023;m04_2023
2023-04;228;Marruecos;3133;Torrevieja;79;3;Alicante/Alacant;2023;m04_2023
2023-04;301;Canada;3133;Torrevieja;98;3;Alicante/Alacant;2023;m04_2023
2023-04;302;EE.UU.;3133;Torrevieja;246;3;Alicante/Alacant;2023;m04_2023
2023-04;303;Mexico;3133;Torrevieja;34;3;Alicante/Alacant;2023;m04_2023
2023-04;340;Argentina;3133;Torrevieja;39;3;Alicante/Alacant;2023;m04_2023
2023-04;342;Brasil;3133;Torrevieja;40;3;Alicante/Alacant;2023;m04_2023
2023-04;343;Colombia;3133;Torrevieja;157;3;Alicante/Alacant;2023;m04_2023
2023-04;407;China;3133;Torrevieja;62;3;Alicante/Alacant;2023;m04_2023
2023-04;443;Kazajstan;3133;Torrevieja;70;3;Alicante/Alacant;2023;m04_2023
2023-05;0;Total;3133;Torrevieja;40644;3;Alicante/Alacant;2023;m05_2023
2023-05;10;Total Europa;3133;Torrevieja;39353;3;Alicante/Alacant;2023;m05_2023
2023-05;11;Total Unión Europea;3133;Torrevieja;24627;3;Alicante/Alacant;2023;m05_2023
2023-05;20;Total África;3133;Torrevieja;229;3;Alicante/Alacant;2023;m05_2023
2023-05;30;Total América;3133;Torrevieja;816;3;Alicante/Alacant;2023;m05_2023
2023-05;31;Total América del Norte;3133;Torrevieja;496;3;Alicante/Alacant;2023;m05_2023
2023-05;33;Total Sudamérica;3133;Torrevieja;313;3;Alicante/Alacant;2023;m05_2023
2023-05;40;Total Asia;3133;Torrevieja;224;3;Alicante/Alacant;2023;m05_2023
2023-05;102;Austria;3133;Torrevieja;239;3;Alicante/Alacant;2023;m05_2023
2023-05;103;Bélgica;3133;Torrevieja;3004;3;Alicante/Alacant;2023;m05_2023
2023-05;104;Bulgaria;3133;Torrevieja;117;3;Alicante/Alacant;2023;m05_2023
2023-05;107;Dinamarca;3133;Torrevieja;657;3;Alicante/Alacant;2023;m05_2023
2023-05;109;Finlandia;3133;Torrevieja;1752;3;Alicante/Alacant;2023;m05_2023
2023-05;110;Francia;3133;Torrevieja;1839;3;Alicante/Alacant;2023;m05_2023
2023-05;112;Hungria;3133;Torrevieja;194;3;Alicante/Alacant;2023;m05_2023
2023-05;113;Irlanda;3133;Torrevieja;2226;3;Alicante/Alacant;2023;m05_2023
2023-05;114;Islandia;3133;Torrevieja;184;3;Alicante/Alacant;2023;m05_2023
2023-05;115;Italia;3133;Torrevieja;277;3;Alicante/Alacant;2023;m05_2023
2023-05;116;Liechtenstein;3133;Torrevieja;70;3;Alicante/Alacant;2023;m05_2023
2023-05;117;Luxemburgo;3133;Torrevieja;107;3;Alicante/Alacant;2023;m05_2023
2023-05;120;Noruega;3133;Torrevieja;3442;3;Alicante/Alacant;2023;m05_2023
2023-05;121;Países Bajos;3133;Torrevieja;1386;3;Alicante/Alacant;2023;m05_2023
2023-05;122;Polonia;3133;Torrevieja;2069;3;Alicante/Alacant;2023;m05_2023
2023-05;123;Portugal;3133;Torrevieja;73;3;Alicante/Alacant;2023;m05_2023
2023-05;125;Reino Unido;3133;Torrevieja;10072;3;Alicante/Alacant;2023;m05_2023
2023-05;126;Alemania;3133;Torrevieja;2739;3;Alicante/Alacant;2023;m05_2023
2023-05;128;Rumania;3133;Torrevieja;88;3;Alicante/Alacant;2023;m05_2023
2023-05;131;Suecia;3133;Torrevieja;6793;3;Alicante/Alacant;2023;m05_2023
2023-05;132;Suiza;3133;Torrevieja;380;3;Alicante/Alacant;2023;m05_2023
2023-05;136;Letonia;3133;Torrevieja;168;3;Alicante/Alacant;2023;m05_2023
2023-05;138;Bielorrusia / belarus;3133;Torrevieja;95;3;Alicante/Alacant;2023;m05_2023
2023-05;141;Estonia;3133;Torrevieja;177;3;Alicante/Alacant;2023;m05_2023
2023-05;142;Lituania;3133;Torrevieja;328;3;Alicante/Alacant;2023;m05_2023
2023-05;143;República Checa;3133;Torrevieja;313;3;Alicante/Alacant;2023;m05_2023
2023-05;144;Eslovaquia;3133;Torrevieja;54;3;Alicante/Alacant;2023;m05_2023
2023-05;154;Rusia;3133;Torrevieja;400;3;Alicante/Alacant;2023;m05_2023
2023-05;203;Argelia;3133;Torrevieja;96;3;Alicante/Alacant;2023;m05_2023
2023-05;228;Marruecos;3133;Torrevieja;97;3;Alicante/Alacant;2023;m05_2023
2023-05;302;EE.UU.;3133;Torrevieja;331;3;Alicante/Alacant;2023;m05_2023
2023-05;340;Argentina;3133;Torrevieja;47;3;Alicante/Alacant;2023;m05_2023
2023-05;342;Brasil;3133;Torrevieja;34;3;Alicante/Alacant;2023;m05_2023
2023-05;343;Colombia;3133;Torrevieja;187;3;Alicante/Alacant;2023;m05_2023
2023-05;407;China;3133;Torrevieja;67;3;Alicante/Alacant;2023;m05_2023
2023-05;443;Kazajstan;3133;Torrevieja;71;3;Alicante/Alacant;2023;m05_2023
2023-06;0;Total;3133;Torrevieja;42959;3;Alicante/Alacant;2023;m06_2023
2023-06;10;Total Europa;3133;Torrevieja;41833;3;Alicante/Alacant;2023;m06_2023
2023-06;11;Total Unión Europea;3133;Torrevieja;25048;3;Alicante/Alacant;2023;m06_2023
2023-06;20;Total África;3133;Torrevieja;216;3;Alicante/Alacant;2023;m06_2023
2023-06;30;Total América;3133;Torrevieja;699;3;Alicante/Alacant;2023;m06_2023
2023-06;31;Total América del Norte;3133;Torrevieja;411;3;Alicante/Alacant;2023;m06_2023
2023-06;33;Total Sudamérica;3133;Torrevieja;282;3;Alicante/Alacant;2023;m06_2023
2023-06;40;Total Asia;3133;Torrevieja;197;3;Alicante/Alacant;2023;m06_2023
2023-06;102;Austria;3133;Torrevieja;213;3;Alicante/Alacant;2023;m06_2023
2023-06;103;Bélgica;3133;Torrevieja;2993;3;Alicante/Alacant;2023;m06_2023
2023-06;104;Bulgaria;3133;Torrevieja;106;3;Alicante/Alacant;2023;m06_2023
2023-06;107;Dinamarca;3133;Torrevieja;602;3;Alicante/Alacant;2023;m06_2023
2023-06;109;Finlandia;3133;Torrevieja;1543;3;Alicante/Alacant;2023;m06_2023
2023-06;110;Francia;3133;Torrevieja;1397;3;Alicante/Alacant;2023;m06_2023
2023-06;112;Hungria;3133;Torrevieja;219;3;Alicante/Alacant;2023;m06_2023
2023-06;113;Irlanda;3133;Torrevieja;2856;3;Alicante/Alacant;2023;m06_2023
2023-06;114;Islandia;3133;Torrevieja;234;3;Alicante/Alacant;2023;m06_2023
2023-06;115;Italia;3133;Torrevieja;309;3;Alicante/Alacant;2023;m06_2023
2023-06;116;Liechtenstein;3133;Torrevieja;53;3;Alicante/Alacant;2023;m06_2023
2023-06;117;Luxemburgo;3133;Torrevieja;138;3;Alicante/Alacant;2023;m06_2023
2023-06;120;Noruega;3133;Torrevieja;5102;3;Alicante/Alacant;2023;m06_2023
2023-06;121;Países Bajos;3133;Torrevieja;1160;3;Alicante/Alacant;2023;m06_2023
2023-06;122;Polonia;3133;Torrevieja;2110;3;Alicante/Alacant;2023;m06_2023
2023-06;123;Portugal;3133;Torrevieja;93;3;Alicante/Alacant;2023;m06_2023
2023-06;125;Reino Unido;3133;Torrevieja;10262;3;Alicante/Alacant;2023;m06_2023
2023-06;126;Alemania;3133;Torrevieja;3836;3;Alicante/Alacant;2023;m06_2023
2023-06;128;Rumania;3133;Torrevieja;132;3;Alicante/Alacant;2023;m06_2023
2023-06;131;Suecia;3133;Torrevieja;6207;3;Alicante/Alacant;2023;m06_2023
2023-06;132;Suiza;3133;Torrevieja;366;3;Alicante/Alacant;2023;m06_2023
2023-06;136;Letonia;3133;Torrevieja;169;3;Alicante/Alacant;2023;m06_2023
2023-06;138;Bielorrusia / belarus;3133;Torrevieja;138;3;Alicante/Alacant;2023;m06_2023
2023-06;141;Estonia;3133;Torrevieja;188;3;Alicante/Alacant;2023;m06_2023
2023-06;142;Lituania;3133;Torrevieja;297;3;Alicante/Alacant;2023;m06_2023
2023-06;143;República Checa;3133;Torrevieja;398;3;Alicante/Alacant;2023;m06_2023
2023-06;144;Eslovaquia;3133;Torrevieja;57;3;Alicante/Alacant;2023;m06_2023
2023-06;154;Rusia;3133;Torrevieja;512;3;Alicante/Alacant;2023;m06_2023
2023-06;203;Argelia;3133;Torrevieja;89;3;Alicante/Alacant;2023;m06_2023
2023-06;228;Marruecos;3133;Torrevieja;80;3;Alicante/Alacant;2023;m06_2023
2023-06;302;EE.UU.;3133;Torrevieja;306;3;Alicante/Alacant;2023;m06_2023
2023-06;340;Argentina;3133;Torrevieja;59;3;Alicante/Alacant;2023;m06_2023
2023-06;343;Colombia;3133;Torrevieja;154;3;Alicante/Alacant;2023;m06_2023
2023-06;407;China;3133;Torrevieja;46;3;Alicante/Alacant;2023;m06_2023
2023-06;443;Kazajstan;3133;Torrevieja;71;3;Alicante/Alacant;2023;m06_2023
2023-07;0;Total;3133;Torrevieja;70789;3;Alicante/Alacant;2023;m07_2023
2023-07;10;Total Europa;3133;Torrevieja;68911;3;Alicante/Alacant;2023;m07_2023
2023-07;11;Total Unión Europea;3133;Torrevieja;45253;3;Alicante/Alacant;2023;m07_2023
2023-07;20;Total África;3133;Torrevieja;493;3;Alicante/Alacant;2023;m07_2023
2023-07;30;Total América;3133;Torrevieja;997;3;Alicante/Alacant;2023;m07_2023
2023-07;31;Total América del Norte;3133;Torrevieja;469;3;Alicante/Alacant;2023;m07_2023
2023-07;33;Total Sudamérica;3133;Torrevieja;516;3;Alicante/Alacant;2023;m07_2023
2023-07;40;Total Asia;3133;Torrevieja;358;3;Alicante/Alacant;2023;m07_2023
2023-07;102;Austria;3133;Torrevieja;377;3;Alicante/Alacant;2023;m07_2023
2023-07;103;Bélgica;3133;Torrevieja;7257;3;Alicante/Alacant;2023;m07_2023
2023-07;104;Bulgaria;3133;Torrevieja;131;3;Alicante/Alacant;2023;m07_2023
2023-07;107;Dinamarca;3133;Torrevieja;2020;3;Alicante/Alacant;2023;m07_2023
2023-07;109;Finlandia;3133;Torrevieja;2132;3;Alicante/Alacant;2023;m07_2023
2023-07;110;Francia;3133;Torrevieja;3490;3;Alicante/Alacant;2023;m07_2023
2023-07;112;Hungria;3133;Torrevieja;445;3;Alicante/Alacant;2023;m07_2023
2023-07;113;Irlanda;3133;Torrevieja;2959;3;Alicante/Alacant;2023;m07_2023
2023-07;114;Islandia;3133;Torrevieja;422;3;Alicante/Alacant;2023;m07_2023
2023-07;115;Italia;3133;Torrevieja;535;3;Alicante/Alacant;2023;m07_2023
2023-07;116;Liechtenstein;3133;Torrevieja;59;3;Alicante/Alacant;2023;m07_2023
2023-07;117;Luxemburgo;3133;Torrevieja;204;3;Alicante/Alacant;2023;m07_2023
2023-07;120;Noruega;3133;Torrevieja;8879;3;Alicante/Alacant;2023;m07_2023
2023-07;121;Países Bajos;3133;Torrevieja;1987;3;Alicante/Alacant;2023;m07_2023
2023-07;122;Polonia;3133;Torrevieja;4166;3;Alicante/Alacant;2023;m07_2023
2023-07;123;Portugal;3133;Torrevieja;181;3;Alicante/Alacant;2023;m07_2023
2023-07;125;Reino Unido;3133;Torrevieja;12363;3;Alicante/Alacant;2023;m07_2023
2023-07;126;Alemania;3133;Torrevieja;4592;3;Alicante/Alacant;2023;m07_2023
2023-07;128;Rumania;3133;Torrevieja;238;3;Alicante/Alacant;2023;m07_2023
2023-07;131;Suecia;3133;Torrevieja;12405;3;Alicante/Alacant;2023;m07_2023
2023-07;132;Suiza;3133;Torrevieja;964;3;Alicante/Alacant;2023;m07_2023
2023-07;136;Letonia;3133;Torrevieja;162;3;Alicante/Alacant;2023;m07_2023
2023-07;137;Moldavia / moldava;3133;Torrevieja;44;3;Alicante/Alacant;2023;m07_2023
2023-07;138;Bielorrusia / belarus;3133;Torrevieja;193;3;Alicante/Alacant;2023;m07_2023
2023-07;141;Estonia;3133;Torrevieja;262;3;Alicante/Alacant;2023;m07_2023
2023-07;142;Lituania;3133;Torrevieja;621;3;Alicante/Alacant;2023;m07_2023
2023-07;143;República Checa;3133;Torrevieja;832;3;Alicante/Alacant;2023;m07_2023
2023-07;144;Eslovaquia;3133;Torrevieja;209;3;Alicante/Alacant;2023;m07_2023
2023-07;154;Rusia;3133;Torrevieja;631;3;Alicante/Alacant;2023;m07_2023
2023-07;203;Argelia;3133;Torrevieja;239;3;Alicante/Alacant;2023;m07_2023
2023-07;228;Marruecos;3133;Torrevieja;172;3;Alicante/Alacant;2023;m07_2023
2023-07;301;Canada;3133;Torrevieja;98;3;Alicante/Alacant;2023;m07_2023
2023-07;302;EE.UU.;3133;Torrevieja;334;3;Alicante/Alacant;2023;m07_2023
2023-07;303;Mexico;3133;Torrevieja;37;3;Alicante/Alacant;2023;m07_2023
2023-07;340;Argentina;3133;Torrevieja;61;3;Alicante/Alacant;2023;m07_2023
2023-07;342;Brasil;3133;Torrevieja;65;3;Alicante/Alacant;2023;m07_2023
2023-07;343;Colombia;3133;Torrevieja;255;3;Alicante/Alacant;2023;m07_2023
2023-07;344;Chile;3133;Torrevieja;53;3;Alicante/Alacant;2023;m07_2023
2023-07;407;China;3133;Torrevieja;97;3;Alicante/Alacant;2023;m07_2023
2023-07;408;Emiratos arabes unidos;3133;Torrevieja;31;3;Alicante/Alacant;2023;m07_2023
2023-07;414;Israel;3133;Torrevieja;39;3;Alicante/Alacant;2023;m07_2023
2023-07;443;Kazajstan;3133;Torrevieja;130;3;Alicante/Alacant;2023;m07_2023
2023-08;0;Total;3133;Torrevieja;82990;3;Alicante/Alacant;2023;m08_2023
2023-08;10;Total Europa;3133;Torrevieja;80336;3;Alicante/Alacant;2023;m08_2023
2023-08;11;Total Unión Europea;3133;Torrevieja;56151;3;Alicante/Alacant;2023;m08_2023
2023-08;20;Total África;3133;Torrevieja;1012;3;Alicante/Alacant;2023;m08_2023
2023-08;30;Total América;3133;Torrevieja;1198;3;Alicante/Alacant;2023;m08_2023
2023-08;31;Total América del Norte;3133;Torrevieja;600;3;Alicante/Alacant;2023;m08_2023
2023-08;33;Total Sudamérica;3133;Torrevieja;584;3;Alicante/Alacant;2023;m08_2023
2023-08;40;Total Asia;3133;Torrevieja;416;3;Alicante/Alacant;2023;m08_2023
2023-08;102;Austria;3133;Torrevieja;570;3;Alicante/Alacant;2023;m08_2023
2023-08;103;Bélgica;3133;Torrevieja;8569;3;Alicante/Alacant;2023;m08_2023
2023-08;104;Bulgaria;3133;Torrevieja;140;3;Alicante/Alacant;2023;m08_2023
2023-08;107;Dinamarca;3133;Torrevieja;1301;3;Alicante/Alacant;2023;m08_2023
2023-08;109;Finlandia;3133;Torrevieja;1520;3;Alicante/Alacant;2023;m08_2023
2023-08;110;Francia;3133;Torrevieja;9824;3;Alicante/Alacant;2023;m08_2023
2023-08;112;Hungria;3133;Torrevieja;453;3;Alicante/Alacant;2023;m08_2023
2023-08;113;Irlanda;3133;Torrevieja;3459;3;Alicante/Alacant;2023;m08_2023
2023-08;114;Islandia;3133;Torrevieja;389;3;Alicante/Alacant;2023;m08_2023
2023-08;115;Italia;3133;Torrevieja;940;3;Alicante/Alacant;2023;m08_2023
2023-08;116;Liechtenstein;3133;Torrevieja;72;3;Alicante/Alacant;2023;m08_2023
2023-08;117;Luxemburgo;3133;Torrevieja;362;3;Alicante/Alacant;2023;m08_2023
2023-08;120;Noruega;3133;Torrevieja;6305;3;Alicante/Alacant;2023;m08_2023
2023-08;121;Países Bajos;3133;Torrevieja;3333;3;Alicante/Alacant;2023;m08_2023
2023-08;122;Polonia;3133;Torrevieja;5140;3;Alicante/Alacant;2023;m08_2023
2023-08;123;Portugal;3133;Torrevieja;520;3;Alicante/Alacant;2023;m08_2023
2023-08;125;Reino Unido;3133;Torrevieja;15244;3;Alicante/Alacant;2023;m08_2023
2023-08;126;Alemania;3133;Torrevieja;5725;3;Alicante/Alacant;2023;m08_2023
2023-08;128;Rumania;3133;Torrevieja;255;3;Alicante/Alacant;2023;m08_2023
2023-08;131;Suecia;3133;Torrevieja;12088;3;Alicante/Alacant;2023;m08_2023
2023-08;132;Suiza;3133;Torrevieja;993;3;Alicante/Alacant;2023;m08_2023
2023-08;136;Letonia;3133;Torrevieja;214;3;Alicante/Alacant;2023;m08_2023
2023-08;137;Moldavia / moldava;3133;Torrevieja;38;3;Alicante/Alacant;2023;m08_2023
2023-08;138;Bielorrusia / belarus;3133;Torrevieja;161;3;Alicante/Alacant;2023;m08_2023
2023-08;141;Estonia;3133;Torrevieja;287;3;Alicante/Alacant;2023;m08_2023
2023-08;142;Lituania;3133;Torrevieja;588;3;Alicante/Alacant;2023;m08_2023
2023-08;143;República Checa;3133;Torrevieja;762;3;Alicante/Alacant;2023;m08_2023
2023-08;144;Eslovaquia;3133;Torrevieja;72;3;Alicante/Alacant;2023;m08_2023
2023-08;148;Armenia;3133;Torrevieja;34;3;Alicante/Alacant;2023;m08_2023
2023-08;154;Rusia;3133;Torrevieja;833;3;Alicante/Alacant;2023;m08_2023
2023-08;174;Gibraltar;3133;Torrevieja;30;3;Alicante/Alacant;2023;m08_2023
2023-08;203;Argelia;3133;Torrevieja;583;3;Alicante/Alacant;2023;m08_2023
2023-08;228;Marruecos;3133;Torrevieja;328;3;Alicante/Alacant;2023;m08_2023
2023-08;239;Senegal;3133;Torrevieja;33;3;Alicante/Alacant;2023;m08_2023
2023-08;302;EE.UU.;3133;Torrevieja;438;3;Alicante/Alacant;2023;m08_2023
2023-08;340;Argentina;3133;Torrevieja;80;3;Alicante/Alacant;2023;m08_2023
2023-08;342;Brasil;3133;Torrevieja;81;3;Alicante/Alacant;2023;m08_2023
2023-08;343;Colombia;3133;Torrevieja;280;3;Alicante/Alacant;2023;m08_2023
2023-08;344;Chile;3133;Torrevieja;45;3;Alicante/Alacant;2023;m08_2023
2023-08;350;Uruguay;3133;Torrevieja;37;3;Alicante/Alacant;2023;m08_2023
2023-08;351;Venezuela;3133;Torrevieja;33;3;Alicante/Alacant;2023;m08_2023
2023-08;407;China;3133;Torrevieja;93;3;Alicante/Alacant;2023;m08_2023
2023-08;408;Emiratos arabes unidos;3133;Torrevieja;40;3;Alicante/Alacant;2023;m08_2023
2023-08;409;Filipinas;3133;Torrevieja;34;3;Alicante/Alacant;2023;m08_2023
2023-08;414;Israel;3133;Torrevieja;46;3;Alicante/Alacant;2023;m08_2023
2023-08;443;Kazajstan;3133;Torrevieja;123;3;Alicante/Alacant;2023;m08_2023
2023-09;0;Total;3133;Torrevieja;54809;3;Alicante/Alacant;2023;m09_2023
2023-09;10;Total Europa;3133;Torrevieja;52960;3;Alicante/Alacant;2023;m09_2023
2023-09;11;Total Unión Europea;3133;Torrevieja;34102;3;Alicante/Alacant;2023;m09_2023
2023-09;20;Total África;3133;Torrevieja;504;3;Alicante/Alacant;2023;m09_2023
2023-09;30;Total América;3133;Torrevieja;1045;3;Alicante/Alacant;2023;m09_2023
2023-09;31;Total América del Norte;3133;Torrevieja;646;3;Alicante/Alacant;2023;m09_2023
2023-09;33;Total Sudamérica;3133;Torrevieja;393;3;Alicante/Alacant;2023;m09_2023
2023-09;40;Total Asia;3133;Torrevieja;266;3;Alicante/Alacant;2023;m09_2023
2023-09;102;Austria;3133;Torrevieja;339;3;Alicante/Alacant;2023;m09_2023
2023-09;103;Bélgica;3133;Torrevieja;4320;3;Alicante/Alacant;2023;m09_2023
2023-09;104;Bulgaria;3133;Torrevieja;106;3;Alicante/Alacant;2023;m09_2023
2023-09;107;Dinamarca;3133;Torrevieja;1043;3;Alicante/Alacant;2023;m09_2023
2023-09;109;Finlandia;3133;Torrevieja;1790;3;Alicante/Alacant;2023;m09_2023
2023-09;110;Francia;3133;Torrevieja;2753;3;Alicante/Alacant;2023;m09_2023
2023-09;112;Hungria;3133;Torrevieja;360;3;Alicante/Alacant;2023;m09_2023
2023-09;113;Irlanda;3133;Torrevieja;2722;3;Alicante/Alacant;2023;m09_2023
2023-09;114;Islandia;3133;Torrevieja;238;3;Alicante/Alacant;2023;m09_2023
2023-09;115;Italia;3133;Torrevieja;472;3;Alicante/Alacant;2023;m09_2023
2023-09;116;Liechtenstein;3133;Torrevieja;53;3;Alicante/Alacant;2023;m09_2023
2023-09;117;Luxemburgo;3133;Torrevieja;233;3;Alicante/Alacant;2023;m09_2023
2023-09;120;Noruega;3133;Torrevieja;4038;3;Alicante/Alacant;2023;m09_2023
2023-09;121;Países Bajos;3133;Torrevieja;1900;3;Alicante/Alacant;2023;m09_2023
2023-09;122;Polonia;3133;Torrevieja;3707;3;Alicante/Alacant;2023;m09_2023
2023-09;123;Portugal;3133;Torrevieja;231;3;Alicante/Alacant;2023;m09_2023
2023-09;125;Reino Unido;3133;Torrevieja;12995;3;Alicante/Alacant;2023;m09_2023
2023-09;126;Alemania;3133;Torrevieja;4376;3;Alicante/Alacant;2023;m09_2023
2023-09;128;Rumania;3133;Torrevieja;202;3;Alicante/Alacant;2023;m09_2023
2023-09;131;Suecia;3133;Torrevieja;7885;3;Alicante/Alacant;2023;m09_2023
2023-09;132;Suiza;3133;Torrevieja;570;3;Alicante/Alacant;2023;m09_2023
2023-09;136;Letonia;3133;Torrevieja;211;3;Alicante/Alacant;2023;m09_2023
2023-09;137;Moldavia / moldava;3133;Torrevieja;31;3;Alicante/Alacant;2023;m09_2023
2023-09;138;Bielorrusia / belarus;3133;Torrevieja;144;3;Alicante/Alacant;2023;m09_2023
2023-09;141;Estonia;3133;Torrevieja;236;3;Alicante/Alacant;2023;m09_2023
2023-09;142;Lituania;3133;Torrevieja;482;3;Alicante/Alacant;2023;m09_2023
2023-09;143;República Checa;3133;Torrevieja;600;3;Alicante/Alacant;2023;m09_2023
2023-09;144;Eslovaquia;3133;Torrevieja;89;3;Alicante/Alacant;2023;m09_2023
2023-09;148;Armenia;3133;Torrevieja;30;3;Alicante/Alacant;2023;m09_2023
2023-09;154;Rusia;3133;Torrevieja;658;3;Alicante/Alacant;2023;m09_2023
2023-09;174;Gibraltar;3133;Torrevieja;41;3;Alicante/Alacant;2023;m09_2023
2023-09;203;Argelia;3133;Torrevieja;263;3;Alicante/Alacant;2023;m09_2023
2023-09;228;Marruecos;3133;Torrevieja;186;3;Alicante/Alacant;2023;m09_2023
2023-09;239;Senegal;3133;Torrevieja;32;3;Alicante/Alacant;2023;m09_2023
2023-09;301;Canada;3133;Torrevieja;110;3;Alicante/Alacant;2023;m09_2023
2023-09;302;EE.UU.;3133;Torrevieja;503;3;Alicante/Alacant;2023;m09_2023
2023-09;303;Mexico;3133;Torrevieja;33;3;Alicante/Alacant;2023;m09_2023
2023-09;340;Argentina;3133;Torrevieja;50;3;Alicante/Alacant;2023;m09_2023
2023-09;342;Brasil;3133;Torrevieja;49;3;Alicante/Alacant;2023;m09_2023
2023-09;343;Colombia;3133;Torrevieja;218;3;Alicante/Alacant;2023;m09_2023
2023-09;350;Uruguay;3133;Torrevieja;32;3;Alicante/Alacant;2023;m09_2023
2023-09;407;China;3133;Torrevieja;89;3;Alicante/Alacant;2023;m09_2023
2023-09;443;Kazajstan;3133;Torrevieja;73;3;Alicante/Alacant;2023;m09_2023
2023-10;0;Total;3133;Torrevieja;53610;3;Alicante/Alacant;2023;m10_2023
2023-10;10;Total Europa;3133;Torrevieja;52001;3;Alicante/Alacant;2023;m10_2023
2023-10;11;Total Unión Europea;3133;Torrevieja;34609;3;Alicante/Alacant;2023;m10_2023
2023-10;20;Total África;3133;Torrevieja;367;3;Alicante/Alacant;2023;m10_2023
2023-10;30;Total América;3133;Torrevieja;910;3;Alicante/Alacant;2023;m10_2023
2023-10;31;Total América del Norte;3133;Torrevieja;519;3;Alicante/Alacant;2023;m10_2023
2023-10;33;Total Sudamérica;3133;Torrevieja;378;3;Alicante/Alacant;2023;m10_2023
2023-10;40;Total Asia;3133;Torrevieja;297;3;Alicante/Alacant;2023;m10_2023
2023-10;102;Austria;3133;Torrevieja;316;3;Alicante/Alacant;2023;m10_2023
2023-10;103;Bélgica;3133;Torrevieja;3588;3;Alicante/Alacant;2023;m10_2023
2023-10;104;Bulgaria;3133;Torrevieja;113;3;Alicante/Alacant;2023;m10_2023
2023-10;107;Dinamarca;3133;Torrevieja;1192;3;Alicante/Alacant;2023;m10_2023
2023-10;109;Finlandia;3133;Torrevieja;2893;3;Alicante/Alacant;2023;m10_2023
2023-10;110;Francia;3133;Torrevieja;2289;3;Alicante/Alacant;2023;m10_2023
2023-10;112;Hungria;3133;Torrevieja;296;3;Alicante/Alacant;2023;m10_2023
2023-10;113;Irlanda;3133;Torrevieja;2328;3;Alicante/Alacant;2023;m10_2023
2023-10;114;Islandia;3133;Torrevieja;306;3;Alicante/Alacant;2023;m10_2023
2023-10;115;Italia;3133;Torrevieja;340;3;Alicante/Alacant;2023;m10_2023
2023-10;116;Liechtenstein;3133;Torrevieja;64;3;Alicante/Alacant;2023;m10_2023
2023-10;117;Luxemburgo;3133;Torrevieja;177;3;Alicante/Alacant;2023;m10_2023
2023-10;120;Noruega;3133;Torrevieja;5109;3;Alicante/Alacant;2023;m10_2023
2023-10;121;Países Bajos;3133;Torrevieja;1833;3;Alicante/Alacant;2023;m10_2023
2023-10;122;Polonia;3133;Torrevieja;3923;3;Alicante/Alacant;2023;m10_2023
2023-10;123;Portugal;3133;Torrevieja;100;3;Alicante/Alacant;2023;m10_2023
2023-10;125;Reino Unido;3133;Torrevieja;10180;3;Alicante/Alacant;2023;m10_2023
2023-10;126;Alemania;3133;Torrevieja;4771;3;Alicante/Alacant;2023;m10_2023
2023-10;128;Rumania;3133;Torrevieja;193;3;Alicante/Alacant;2023;m10_2023
2023-10;131;Suecia;3133;Torrevieja;8432;3;Alicante/Alacant;2023;m10_2023
2023-10;132;Suiza;3133;Torrevieja;689;3;Alicante/Alacant;2023;m10_2023
2023-10;136;Letonia;3133;Torrevieja;232;3;Alicante/Alacant;2023;m10_2023
2023-10;137;Moldavia / moldava;3133;Torrevieja;31;3;Alicante/Alacant;2023;m10_2023
2023-10;138;Bielorrusia / belarus;3133;Torrevieja;138;3;Alicante/Alacant;2023;m10_2023
2023-10;141;Estonia;3133;Torrevieja;304;3;Alicante/Alacant;2023;m10_2023
2023-10;142;Lituania;3133;Torrevieja;542;3;Alicante/Alacant;2023;m10_2023
2023-10;143;República Checa;3133;Torrevieja;643;3;Alicante/Alacant;2023;m10_2023
2023-10;144;Eslovaquia;3133;Torrevieja;51;3;Alicante/Alacant;2023;m10_2023
2023-10;154;Rusia;3133;Torrevieja;735;3;Alicante/Alacant;2023;m10_2023
2023-10;174;Gibraltar;3133;Torrevieja;36;3;Alicante/Alacant;2023;m10_2023
2023-10;203;Argelia;3133;Torrevieja;147;3;Alicante/Alacant;2023;m10_2023
2023-10;228;Marruecos;3133;Torrevieja;177;3;Alicante/Alacant;2023;m10_2023
2023-10;302;EE.UU.;3133;Torrevieja;372;3;Alicante/Alacant;2023;m10_2023
2023-10;342;Brasil;3133;Torrevieja;50;3;Alicante/Alacant;2023;m10_2023
2023-10;343;Colombia;3133;Torrevieja;216;3;Alicante/Alacant;2023;m10_2023
2023-10;407;China;3133;Torrevieja;79;3;Alicante/Alacant;2023;m10_2023
2023-10;443;Kazajstan;3133;Torrevieja;78;3;Alicante/Alacant;2023;m10_2023
2023-11;0;Total;3133;Torrevieja;34500;3;Alicante/Alacant;2023;m11_2023
2023-11;10;Total Europa;3133;Torrevieja;33056;3;Alicante/Alacant;2023;m11_2023
2023-11;11;Total Unión Europea;3133;Torrevieja;22941;3;Alicante/Alacant;2023;m11_2023
2023-11;20;Total África;3133;Torrevieja;298;3;Alicante/Alacant;2023;m11_2023
2023-11;30;Total América;3133;Torrevieja;877;3;Alicante/Alacant;2023;m11_2023
2023-11;31;Total América del Norte;3133;Torrevieja;480;3;Alicante/Alacant;2023;m11_2023
2023-11;33;Total Sudamérica;3133;Torrevieja;387;3;Alicante/Alacant;2023;m11_2023
2023-11;40;Total Asia;3133;Torrevieja;263;3;Alicante/Alacant;2023;m11_2023
2023-11;102;Austria;3133;Torrevieja;259;3;Alicante/Alacant;2023;m11_2023
2023-11;103;Bélgica;3133;Torrevieja;2861;3;Alicante/Alacant;2023;m11_2023
2023-11;104;Bulgaria;3133;Torrevieja;120;3;Alicante/Alacant;2023;m11_2023
2023-11;107;Dinamarca;3133;Torrevieja;567;3;Alicante/Alacant;2023;m11_2023
2023-11;109;Finlandia;3133;Torrevieja;2360;3;Alicante/Alacant;2023;m11_2023
2023-11;110;Francia;3133;Torrevieja;1369;3;Alicante/Alacant;2023;m11_2023
2023-11;112;Hungria;3133;Torrevieja;331;3;Alicante/Alacant;2023;m11_2023
2023-11;113;Irlanda;3133;Torrevieja;1198;3;Alicante/Alacant;2023;m11_2023
2023-11;114;Islandia;3133;Torrevieja;206;3;Alicante/Alacant;2023;m11_2023
2023-11;115;Italia;3133;Torrevieja;252;3;Alicante/Alacant;2023;m11_2023
2023-11;116;Liechtenstein;3133;Torrevieja;57;3;Alicante/Alacant;2023;m11_2023
2023-11;117;Luxemburgo;3133;Torrevieja;159;3;Alicante/Alacant;2023;m11_2023
2023-11;120;Noruega;3133;Torrevieja;3541;3;Alicante/Alacant;2023;m11_2023
2023-11;121;Países Bajos;3133;Torrevieja;1029;3;Alicante/Alacant;2023;m11_2023
2023-11;122;Polonia;3133;Torrevieja;2765;3;Alicante/Alacant;2023;m11_2023
2023-11;123;Portugal;3133;Torrevieja;66;3;Alicante/Alacant;2023;m11_2023
2023-11;125;Reino Unido;3133;Torrevieja;5273;3;Alicante/Alacant;2023;m11_2023
2023-11;126;Alemania;3133;Torrevieja;2388;3;Alicante/Alacant;2023;m11_2023
2023-11;128;Rumania;3133;Torrevieja;121;3;Alicante/Alacant;2023;m11_2023
2023-11;131;Suecia;3133;Torrevieja;5880;3;Alicante/Alacant;2023;m11_2023
2023-11;132;Suiza;3133;Torrevieja;276;3;Alicante/Alacant;2023;m11_2023
2023-11;136;Letonia;3133;Torrevieja;149;3;Alicante/Alacant;2023;m11_2023
2023-11;138;Bielorrusia / belarus;3133;Torrevieja;117;3;Alicante/Alacant;2023;m11_2023
2023-11;139;Georgia;3133;Torrevieja;39;3;Alicante/Alacant;2023;m11_2023
2023-11;141;Estonia;3133;Torrevieja;187;3;Alicante/Alacant;2023;m11_2023
2023-11;142;Lituania;3133;Torrevieja;514;3;Alicante/Alacant;2023;m11_2023
2023-11;143;República Checa;3133;Torrevieja;285;3;Alicante/Alacant;2023;m11_2023
2023-11;144;Eslovaquia;3133;Torrevieja;67;3;Alicante/Alacant;2023;m11_2023
2023-11;154;Rusia;3133;Torrevieja;531;3;Alicante/Alacant;2023;m11_2023
2023-11;203;Argelia;3133;Torrevieja;123;3;Alicante/Alacant;2023;m11_2023
2023-11;228;Marruecos;3133;Torrevieja;136;3;Alicante/Alacant;2023;m11_2023
2023-11;301;Canada;3133;Torrevieja;117;3;Alicante/Alacant;2023;m11_2023
2023-11;302;EE.UU.;3133;Torrevieja;328;3;Alicante/Alacant;2023;m11_2023
2023-11;303;Mexico;3133;Torrevieja;35;3;Alicante/Alacant;2023;m11_2023
2023-11;342;Brasil;3133;Torrevieja;56;3;Alicante/Alacant;2023;m11_2023
2023-11;343;Colombia;3133;Torrevieja;228;3;Alicante/Alacant;2023;m11_2023
2023-11;407;China;3133;Torrevieja;72;3;Alicante/Alacant;2023;m11_2023
2023-11;414;Israel;3133;Torrevieja;31;3;Alicante/Alacant;2023;m11_2023
2023-11;443;Kazajstan;3133;Torrevieja;56;3;Alicante/Alacant;2023;m11_2023
2023-12;0;Total;3133;Torrevieja;26669;3;Alicante/Alacant;2023;m12_2023
2023-12;10;Total Europa;3133;Torrevieja;25348;3;Alicante/Alacant;2023;m12_2023
2023-12;11;Total Unión Europea;3133;Torrevieja;16844;3;Alicante/Alacant;2023;m12_2023
2023-12;20;Total África;3133;Torrevieja;276;3;Alicante/Alacant;2023;m12_2023
2023-12;30;Total América;3133;Torrevieja;800;3;Alicante/Alacant;2023;m12_2023
2023-12;31;Total América del Norte;3133;Torrevieja;367;3;Alicante/Alacant;2023;m12_2023
2023-12;33;Total Sudamérica;3133;Torrevieja;417;3;Alicante/Alacant;2023;m12_2023
2023-12;40;Total Asia;3133;Torrevieja;240;3;Alicante/Alacant;2023;m12_2023
2023-12;102;Austria;3133;Torrevieja;208;3;Alicante/Alacant;2023;m12_2023
2023-12;103;Bélgica;3133;Torrevieja;2191;3;Alicante/Alacant;2023;m12_2023
2023-12;104;Bulgaria;3133;Torrevieja;72;3;Alicante/Alacant;2023;m12_2023
2023-12;107;Dinamarca;3133;Torrevieja;330;3;Alicante/Alacant;2023;m12_2023
2023-12;109;Finlandia;3133;Torrevieja;1973;3;Alicante/Alacant;2023;m12_2023
2023-12;110;Francia;3133;Torrevieja;964;3;Alicante/Alacant;2023;m12_2023
2023-12;112;Hungria;3133;Torrevieja;185;3;Alicante/Alacant;2023;m12_2023
2023-12;113;Irlanda;3133;Torrevieja;1053;3;Alicante/Alacant;2023;m12_2023
2023-12;114;Islandia;3133;Torrevieja;166;3;Alicante/Alacant;2023;m12_2023
2023-12;115;Italia;3133;Torrevieja;244;3;Alicante/Alacant;2023;m12_2023
2023-12;116;Liechtenstein;3133;Torrevieja;57;3;Alicante/Alacant;2023;m12_2023
2023-12;117;Luxemburgo;3133;Torrevieja;139;3;Alicante/Alacant;2023;m12_2023
2023-12;120;Noruega;3133;Torrevieja;2172;3;Alicante/Alacant;2023;m12_2023
2023-12;121;Países Bajos;3133;Torrevieja;983;3;Alicante/Alacant;2023;m12_2023
2023-12;122;Polonia;3133;Torrevieja;2034;3;Alicante/Alacant;2023;m12_2023
2023-12;123;Portugal;3133;Torrevieja;72;3;Alicante/Alacant;2023;m12_2023
2023-12;125;Reino Unido;3133;Torrevieja;5109;3;Alicante/Alacant;2023;m12_2023
2023-12;126;Alemania;3133;Torrevieja;1567;3;Alicante/Alacant;2023;m12_2023
2023-12;128;Rumania;3133;Torrevieja;100;3;Alicante/Alacant;2023;m12_2023
2023-12;131;Suecia;3133;Torrevieja;3764;3;Alicante/Alacant;2023;m12_2023
2023-12;132;Suiza;3133;Torrevieja;262;3;Alicante/Alacant;2023;m12_2023
2023-12;136;Letonia;3133;Torrevieja;135;3;Alicante/Alacant;2023;m12_2023
2023-12;138;Bielorrusia / belarus;3133;Torrevieja;115;3;Alicante/Alacant;2023;m12_2023
2023-12;141;Estonia;3133;Torrevieja;175;3;Alicante/Alacant;2023;m12_2023
2023-12;142;Lituania;3133;Torrevieja;395;3;Alicante/Alacant;2023;m12_2023
2023-12;143;República Checa;3133;Torrevieja;188;3;Alicante/Alacant;2023;m12_2023
2023-12;144;Eslovaquia;3133;Torrevieja;40;3;Alicante/Alacant;2023;m12_2023
2023-12;154;Rusia;3133;Torrevieja;521;3;Alicante/Alacant;2023;m12_2023
2023-12;203;Argelia;3133;Torrevieja;118;3;Alicante/Alacant;2023;m12_2023
2023-12;228;Marruecos;3133;Torrevieja;144;3;Alicante/Alacant;2023;m12_2023
2023-12;301;Canada;3133;Torrevieja;54;3;Alicante/Alacant;2023;m12_2023
2023-12;302;EE.UU.;3133;Torrevieja;281;3;Alicante/Alacant;2023;m12_2023
2023-12;303;Mexico;3133;Torrevieja;32;3;Alicante/Alacant;2023;m12_2023
2023-12;340;Argentina;3133;Torrevieja;54;3;Alicante/Alacant;2023;m12_2023
2023-12;342;Brasil;3133;Torrevieja;57;3;Alicante/Alacant;2023;m12_2023
2023-12;343;Colombia;3133;Torrevieja;248;3;Alicante/Alacant;2023;m12_2023
2023-12;407;China;3133;Torrevieja;82;3;Alicante/Alacant;2023;m12_2023
2023-12;443;Kazajstan;3133;Torrevieja;56;3;Alicante/Alacant;2023;m12_2023
2024-01;0;Total;3133;Torrevieja;32656;3;Alicante/Alacant;2024;m01_2024
2024-01;10;Total Europa;3133;Torrevieja;31271;3;Alicante/Alacant;2024;m01_2024
2024-01;11;Total Unión Europea;3133;Torrevieja;22822;3;Alicante/Alacant;2024;m01_2024
2024-01;20;Total África;3133;Torrevieja;344;3;Alicante/Alacant;2024;m01_2024
2024-01;30;Total América;3133;Torrevieja;811;3;Alicante/Alacant;2024;m01_2024
2024-01;31;Total América del Norte;3133;Torrevieja;423;3;Alicante/Alacant;2024;m01_2024
2024-01;33;Total Sudamérica;3133;Torrevieja;375;3;Alicante/Alacant;2024;m01_2024
2024-01;40;Total Asia;3133;Torrevieja;226;3;Alicante/Alacant;2024;m01_2024
2024-01;102;Austria;3133;Torrevieja;394;3;Alicante/Alacant;2024;m01_2024
2024-01;103;Bélgica;3133;Torrevieja;2770;3;Alicante/Alacant;2024;m01_2024
2024-01;104;Bulgaria;3133;Torrevieja;102;3;Alicante/Alacant;2024;m01_2024
2024-01;107;Dinamarca;3133;Torrevieja;390;3;Alicante/Alacant;2024;m01_2024
2024-01;109;Finlandia;3133;Torrevieja;1706;3;Alicante/Alacant;2024;m01_2024
2024-01;110;Francia;3133;Torrevieja;1750;3;Alicante/Alacant;2024;m01_2024
2024-01;112;Hungria;3133;Torrevieja;343;3;Alicante/Alacant;2024;m01_2024
2024-01;113;Irlanda;3133;Torrevieja;1230;3;Alicante/Alacant;2024;m01_2024
2024-01;114;Islandia;3133;Torrevieja;164;3;Alicante/Alacant;2024;m01_2024
2024-01;115;Italia;3133;Torrevieja;301;3;Alicante/Alacant;2024;m01_2024
2024-01;116;Liechtenstein;3133;Torrevieja;68;3;Alicante/Alacant;2024;m01_2024
2024-01;117;Luxemburgo;3133;Torrevieja;144;3;Alicante/Alacant;2024;m01_2024
2024-01;120;Noruega;3133;Torrevieja;2364;3;Alicante/Alacant;2024;m01_2024
2024-01;121;Países Bajos;3133;Torrevieja;2038;3;Alicante/Alacant;2024;m01_2024
2024-01;122;Polonia;3133;Torrevieja;2792;3;Alicante/Alacant;2024;m01_2024
2024-01;123;Portugal;3133;Torrevieja;92;3;Alicante/Alacant;2024;m01_2024
2024-01;125;Reino Unido;3133;Torrevieja;4678;3;Alicante/Alacant;2024;m01_2024
2024-01;126;Alemania;3133;Torrevieja;2598;3;Alicante/Alacant;2024;m01_2024
2024-01;128;Rumania;3133;Torrevieja;139;3;Alicante/Alacant;2024;m01_2024
2024-01;131;Suecia;3133;Torrevieja;4974;3;Alicante/Alacant;2024;m01_2024
2024-01;132;Suiza;3133;Torrevieja;446;3;Alicante/Alacant;2024;m01_2024
2024-01;136;Letonia;3133;Torrevieja;151;3;Alicante/Alacant;2024;m01_2024
2024-01;138;Bielorrusia / belarus;3133;Torrevieja;116;3;Alicante/Alacant;2024;m01_2024
2024-01;141;Estonia;3133;Torrevieja;231;3;Alicante/Alacant;2024;m01_2024
2024-01;142;Lituania;3133;Torrevieja;329;3;Alicante/Alacant;2024;m01_2024
2024-01;143;República Checa;3133;Torrevieja;264;3;Alicante/Alacant;2024;m01_2024
2024-01;144;Eslovaquia;3133;Torrevieja;56;3;Alicante/Alacant;2024;m01_2024
2024-01;154;Rusia;3133;Torrevieja;541;3;Alicante/Alacant;2024;m01_2024
2024-01;203;Argelia;3133;Torrevieja;150;3;Alicante/Alacant;2024;m01_2024
2024-01;228;Marruecos;3133;Torrevieja;154;3;Alicante/Alacant;2024;m01_2024
2024-01;302;EE.UU.;3133;Torrevieja;338;3;Alicante/Alacant;2024;m01_2024
2024-01;342;Brasil;3133;Torrevieja;31;3;Alicante/Alacant;2024;m01_2024
2024-01;343;Colombia;3133;Torrevieja;225;3;Alicante/Alacant;2024;m01_2024
2024-01;351;Venezuela;3133;Torrevieja;40;3;Alicante/Alacant;2024;m01_2024
2024-01;407;China;3133;Torrevieja;75;3;Alicante/Alacant;2024;m01_2024
2024-01;443;Kazajstan;3133;Torrevieja;85;3;Alicante/Alacant;2024;m01_2024
2024-02;0;Total;3133;Torrevieja;28391;3;Alicante/Alacant;2024;m02_2024
2024-02;10;Total Europa;3133;Torrevieja;27154;3;Alicante/Alacant;2024;m02_2024
2024-02;11;Total Unión Europea;3133;Torrevieja;17293;3;Alicante/Alacant;2024;m02_2024
2024-02;20;Total África;3133;Torrevieja;284;3;Alicante/Alacant;2024;m02_2024
2024-02;30;Total América;3133;Torrevieja;740;3;Alicante/Alacant;2024;m02_2024
2024-02;31;Total América del Norte;3133;Torrevieja;396;3;Alicante/Alacant;2024;m02_2024
2024-02;33;Total Sudamérica;3133;Torrevieja;336;3;Alicante/Alacant;2024;m02_2024
2024-02;40;Total Asia;3133;Torrevieja;207;3;Alicante/Alacant;2024;m02_2024
2024-02;102;Austria;3133;Torrevieja;226;3;Alicante/Alacant;2024;m02_2024
2024-02;103;Bélgica;3133;Torrevieja;1848;3;Alicante/Alacant;2024;m02_2024
2024-02;104;Bulgaria;3133;Torrevieja;94;3;Alicante/Alacant;2024;m02_2024
2024-02;107;Dinamarca;3133;Torrevieja;481;3;Alicante/Alacant;2024;m02_2024
2024-02;109;Finlandia;3133;Torrevieja;1694;3;Alicante/Alacant;2024;m02_2024
2024-02;110;Francia;3133;Torrevieja;1170;3;Alicante/Alacant;2024;m02_2024
2024-02;112;Hungria;3133;Torrevieja;286;3;Alicante/Alacant;2024;m02_2024
2024-02;113;Irlanda;3133;Torrevieja;1206;3;Alicante/Alacant;2024;m02_2024
2024-02;114;Islandia;3133;Torrevieja;158;3;Alicante/Alacant;2024;m02_2024
2024-02;115;Italia;3133;Torrevieja;216;3;Alicante/Alacant;2024;m02_2024
2024-02;116;Liechtenstein;3133;Torrevieja;83;3;Alicante/Alacant;2024;m02_2024
2024-02;117;Luxemburgo;3133;Torrevieja;140;3;Alicante/Alacant;2024;m02_2024
2024-02;120;Noruega;3133;Torrevieja;2686;3;Alicante/Alacant;2024;m02_2024
2024-02;121;Países Bajos;3133;Torrevieja;1413;3;Alicante/Alacant;2024;m02_2024
2024-02;122;Polonia;3133;Torrevieja;2111;3;Alicante/Alacant;2024;m02_2024
2024-02;123;Portugal;3133;Torrevieja;61;3;Alicante/Alacant;2024;m02_2024
2024-02;125;Reino Unido;3133;Torrevieja;5984;3;Alicante/Alacant;2024;m02_2024
2024-02;126;Alemania;3133;Torrevieja;1816;3;Alicante/Alacant;2024;m02_2024
2024-02;128;Rumania;3133;Torrevieja;88;3;Alicante/Alacant;2024;m02_2024
2024-02;131;Suecia;3133;Torrevieja;3550;3;Alicante/Alacant;2024;m02_2024
2024-02;132;Suiza;3133;Torrevieja;320;3;Alicante/Alacant;2024;m02_2024
2024-02;136;Letonia;3133;Torrevieja;117;3;Alicante/Alacant;2024;m02_2024
2024-02;138;Bielorrusia / belarus;3133;Torrevieja;89;3;Alicante/Alacant;2024;m02_2024
2024-02;139;Georgia;3133;Torrevieja;41;3;Alicante/Alacant;2024;m02_2024
2024-02;141;Estonia;3133;Torrevieja;155;3;Alicante/Alacant;2024;m02_2024
2024-02;142;Lituania;3133;Torrevieja;337;3;Alicante/Alacant;2024;m02_2024
2024-02;143;República Checa;3133;Torrevieja;216;3;Alicante/Alacant;2024;m02_2024
2024-02;154;Rusia;3133;Torrevieja;402;3;Alicante/Alacant;2024;m02_2024
2024-02;203;Argelia;3133;Torrevieja;136;3;Alicante/Alacant;2024;m02_2024
2024-02;228;Marruecos;3133;Torrevieja;130;3;Alicante/Alacant;2024;m02_2024
2024-02;302;EE.UU.;3133;Torrevieja;254;3;Alicante/Alacant;2024;m02_2024
2024-02;340;Argentina;3133;Torrevieja;40;3;Alicante/Alacant;2024;m02_2024
2024-02;343;Colombia;3133;Torrevieja;211;3;Alicante/Alacant;2024;m02_2024
2024-02;407;China;3133;Torrevieja;74;3;Alicante/Alacant;2024;m02_2024
2024-02;443;Kazajstan;3133;Torrevieja;42;3;Alicante/Alacant;2024;m02_2024
2024-03;0;Total;3133;Torrevieja;36569;3;Alicante/Alacant;2024;m03_2024
2024-03;10;Total Europa;3133;Torrevieja;35175;3;Alicante/Alacant;2024;m03_2024
2024-03;11;Total Unión Europea;3133;Torrevieja;22743;3;Alicante/Alacant;2024;m03_2024
2024-03;20;Total África;3133;Torrevieja;300;3;Alicante/Alacant;2024;m03_2024
2024-03;30;Total América;3133;Torrevieja;837;3;Alicante/Alacant;2024;m03_2024
2024-03;31;Total América del Norte;3133;Torrevieja;453;3;Alicante/Alacant;2024;m03_2024
2024-03;33;Total Sudamérica;3133;Torrevieja;373;3;Alicante/Alacant;2024;m03_2024
2024-03;40;Total Asia;3133;Torrevieja;251;3;Alicante/Alacant;2024;m03_2024
2024-03;102;Austria;3133;Torrevieja;256;3;Alicante/Alacant;2024;m03_2024
2024-03;103;Bélgica;3133;Torrevieja;2595;3;Alicante/Alacant;2024;m03_2024
2024-03;104;Bulgaria;3133;Torrevieja;85;3;Alicante/Alacant;2024;m03_2024
2024-03;107;Dinamarca;3133;Torrevieja;758;3;Alicante/Alacant;2024;m03_2024
2024-03;109;Finlandia;3133;Torrevieja;2346;3;Alicante/Alacant;2024;m03_2024
2024-03;110;Francia;3133;Torrevieja;1375;3;Alicante/Alacant;2024;m03_2024
2024-03;112;Hungria;3133;Torrevieja;346;3;Alicante/Alacant;2024;m03_2024
2024-03;113;Irlanda;3133;Torrevieja;1504;3;Alicante/Alacant;2024;m03_2024
2024-03;114;Islandia;3133;Torrevieja;204;3;Alicante/Alacant;2024;m03_2024
2024-03;115;Italia;3133;Torrevieja;222;3;Alicante/Alacant;2024;m03_2024
2024-03;116;Liechtenstein;3133;Torrevieja;92;3;Alicante/Alacant;2024;m03_2024
2024-03;117;Luxemburgo;3133;Torrevieja;148;3;Alicante/Alacant;2024;m03_2024
2024-03;120;Noruega;3133;Torrevieja;3635;3;Alicante/Alacant;2024;m03_2024
2024-03;121;Países Bajos;3133;Torrevieja;1637;3;Alicante/Alacant;2024;m03_2024
2024-03;122;Polonia;3133;Torrevieja;2553;3;Alicante/Alacant;2024;m03_2024
2024-03;123;Portugal;3133;Torrevieja;73;3;Alicante/Alacant;2024;m03_2024
2024-03;125;Reino Unido;3133;Torrevieja;7466;3;Alicante/Alacant;2024;m03_2024
2024-03;126;Alemania;3133;Torrevieja;2529;3;Alicante/Alacant;2024;m03_2024
2024-03;128;Rumania;3133;Torrevieja;92;3;Alicante/Alacant;2024;m03_2024
2024-03;131;Suecia;3133;Torrevieja;5094;3;Alicante/Alacant;2024;m03_2024
2024-03;132;Suiza;3133;Torrevieja;320;3;Alicante/Alacant;2024;m03_2024
2024-03;136;Letonia;3133;Torrevieja;199;3;Alicante/Alacant;2024;m03_2024
2024-03;138;Bielorrusia / belarus;3133;Torrevieja;96;3;Alicante/Alacant;2024;m03_2024
2024-03;139;Georgia;3133;Torrevieja;36;3;Alicante/Alacant;2024;m03_2024
2024-03;141;Estonia;3133;Torrevieja;206;3;Alicante/Alacant;2024;m03_2024
2024-03;142;Lituania;3133;Torrevieja;324;3;Alicante/Alacant;2024;m03_2024
2024-03;143;República Checa;3133;Torrevieja;316;3;Alicante/Alacant;2024;m03_2024
2024-03;144;Eslovaquia;3133;Torrevieja;52;3;Alicante/Alacant;2024;m03_2024
2024-03;154;Rusia;3133;Torrevieja;481;3;Alicante/Alacant;2024;m03_2024
2024-03;203;Argelia;3133;Torrevieja;106;3;Alicante/Alacant;2024;m03_2024
2024-03;228;Marruecos;3133;Torrevieja;174;3;Alicante/Alacant;2024;m03_2024
2024-03;302;EE.UU.;3133;Torrevieja;261;3;Alicante/Alacant;2024;m03_2024
2024-03;340;Argentina;3133;Torrevieja;54;3;Alicante/Alacant;2024;m03_2024
2024-03;343;Colombia;3133;Torrevieja;220;3;Alicante/Alacant;2024;m03_2024
2024-03;407;China;3133;Torrevieja;93;3;Alicante/Alacant;2024;m03_2024
2024-03;443;Kazajstan;3133;Torrevieja;64;3;Alicante/Alacant;2024;m03_2024
2024-04;0;Total;3133;Torrevieja;49437;3;Alicante/Alacant;2024;m04_2024
2024-04;10;Total Europa;3133;Torrevieja;47979;3;Alicante/Alacant;2024;m04_2024
2024-04;11;Total Unión Europea;3133;Torrevieja;31135;3;Alicante/Alacant;2024;m04_2024
2024-04;20;Total África;3133;Torrevieja;334;3;Alicante/Alacant;2024;m04_2024
2024-04;30;Total América;3133;Torrevieja;848;3;Alicante/Alacant;2024;m04_2024
2024-04;31;Total América del Norte;3133;Torrevieja;410;3;Alicante/Alacant;2024;m04_2024
2024-04;33;Total Sudamérica;3133;Torrevieja;430;3;Alicante/Alacant;2024;m04_2024
2024-04;40;Total Asia;3133;Torrevieja;271;3;Alicante/Alacant;2024;m04_2024
2024-04;102;Austria;3133;Torrevieja;325;3;Alicante/Alacant;2024;m04_2024
2024-04;103;Bélgica;3133;Torrevieja;3306;3;Alicante/Alacant;2024;m04_2024
2024-04;104;Bulgaria;3133;Torrevieja;144;3;Alicante/Alacant;2024;m04_2024
2024-04;107;Dinamarca;3133;Torrevieja;863;3;Alicante/Alacant;2024;m04_2024
2024-04;109;Finlandia;3133;Torrevieja;2946;3;Alicante/Alacant;2024;m04_2024
2024-04;110;Francia;3133;Torrevieja;1807;3;Alicante/Alacant;2024;m04_2024
2024-04;112;Hungria;3133;Torrevieja;384;3;Alicante/Alacant;2024;m04_2024
2024-04;113;Irlanda;3133;Torrevieja;2493;3;Alicante/Alacant;2024;m04_2024
2024-04;114;Islandia;3133;Torrevieja;351;3;Alicante/Alacant;2024;m04_2024
2024-04;115;Italia;3133;Torrevieja;289;3;Alicante/Alacant;2024;m04_2024
2024-04;116;Liechtenstein;3133;Torrevieja;68;3;Alicante/Alacant;2024;m04_2024
2024-04;117;Luxemburgo;3133;Torrevieja;170;3;Alicante/Alacant;2024;m04_2024
2024-04;120;Noruega;3133;Torrevieja;4888;3;Alicante/Alacant;2024;m04_2024
2024-04;121;Países Bajos;3133;Torrevieja;1855;3;Alicante/Alacant;2024;m04_2024
2024-04;122;Polonia;3133;Torrevieja;3404;3;Alicante/Alacant;2024;m04_2024
2024-04;123;Portugal;3133;Torrevieja;84;3;Alicante/Alacant;2024;m04_2024
2024-04;125;Reino Unido;3133;Torrevieja;10106;3;Alicante/Alacant;2024;m04_2024
2024-04;126;Alemania;3133;Torrevieja;3486;3;Alicante/Alacant;2024;m04_2024
2024-04;128;Rumania;3133;Torrevieja;114;3;Alicante/Alacant;2024;m04_2024
2024-04;131;Suecia;3133;Torrevieja;8042;3;Alicante/Alacant;2024;m04_2024
2024-04;132;Suiza;3133;Torrevieja;605;3;Alicante/Alacant;2024;m04_2024
2024-04;136;Letonia;3133;Torrevieja;182;3;Alicante/Alacant;2024;m04_2024
2024-04;138;Bielorrusia / belarus;3133;Torrevieja;93;3;Alicante/Alacant;2024;m04_2024
2024-04;139;Georgia;3133;Torrevieja;42;3;Alicante/Alacant;2024;m04_2024
2024-04;141;Estonia;3133;Torrevieja;225;3;Alicante/Alacant;2024;m04_2024
2024-04;142;Lituania;3133;Torrevieja;451;3;Alicante/Alacant;2024;m04_2024
2024-04;143;República Checa;3133;Torrevieja;463;3;Alicante/Alacant;2024;m04_2024
2024-04;144;Eslovaquia;3133;Torrevieja;58;3;Alicante/Alacant;2024;m04_2024
2024-04;154;Rusia;3133;Torrevieja;616;3;Alicante/Alacant;2024;m04_2024
2024-04;203;Argelia;3133;Torrevieja;125;3;Alicante/Alacant;2024;m04_2024
2024-04;228;Marruecos;3133;Torrevieja;174;3;Alicante/Alacant;2024;m04_2024
2024-04;302;EE.UU.;3133;Torrevieja;243;3;Alicante/Alacant;2024;m04_2024
2024-04;340;Argentina;3133;Torrevieja;52;3;Alicante/Alacant;2024;m04_2024
2024-04;342;Brasil;3133;Torrevieja;33;3;Alicante/Alacant;2024;m04_2024
2024-04;343;Colombia;3133;Torrevieja;250;3;Alicante/Alacant;2024;m04_2024
2024-04;407;China;3133;Torrevieja;84;3;Alicante/Alacant;2024;m04_2024
2024-04;410;India;3133;Torrevieja;33;3;Alicante/Alacant;2024;m04_2024
2024-04;443;Kazajstan;3133;Torrevieja;53;3;Alicante/Alacant;2024;m04_2024
2024-05;0;Total;3133;Torrevieja;50842;3;Alicante/Alacant;2024;m05_2024
2024-05;10;Total Europa;3133;Torrevieja;49007;3;Alicante/Alacant;2024;m05_2024
2024-05;11;Total Unión Europea;3133;Torrevieja;31459;3;Alicante/Alacant;2024;m05_2024
2024-05;20;Total África;3133;Torrevieja;402;3;Alicante/Alacant;2024;m05_2024
2024-05;30;Total América;3133;Torrevieja;1130;3;Alicante/Alacant;2024;m05_2024
2024-05;31;Total América del Norte;3133;Torrevieja;619;3;Alicante/Alacant;2024;m05_2024
2024-05;33;Total Sudamérica;3133;Torrevieja;494;3;Alicante/Alacant;2024;m05_2024
2024-05;40;Total Asia;3133;Torrevieja;298;3;Alicante/Alacant;2024;m05_2024
2024-05;102;Austria;3133;Torrevieja;331;3;Alicante/Alacant;2024;m05_2024
2024-05;103;Bélgica;3133;Torrevieja;3534;3;Alicante/Alacant;2024;m05_2024
2024-05;104;Bulgaria;3133;Torrevieja;140;3;Alicante/Alacant;2024;m05_2024
2024-05;107;Dinamarca;3133;Torrevieja;868;3;Alicante/Alacant;2024;m05_2024
2024-05;109;Finlandia;3133;Torrevieja;2170;3;Alicante/Alacant;2024;m05_2024
2024-05;110;Francia;3133;Torrevieja;2116;3;Alicante/Alacant;2024;m05_2024
2024-05;112;Hungria;3133;Torrevieja;444;3;Alicante/Alacant;2024;m05_2024
2024-05;113;Irlanda;3133;Torrevieja;2615;3;Alicante/Alacant;2024;m05_2024
2024-05;114;Islandia;3133;Torrevieja;281;3;Alicante/Alacant;2024;m05_2024
2024-05;115;Italia;3133;Torrevieja;322;3;Alicante/Alacant;2024;m05_2024
2024-05;116;Liechtenstein;3133;Torrevieja;79;3;Alicante/Alacant;2024;m05_2024
2024-05;117;Luxemburgo;3133;Torrevieja;189;3;Alicante/Alacant;2024;m05_2024
2024-05;120;Noruega;3133;Torrevieja;4495;3;Alicante/Alacant;2024;m05_2024
2024-05;121;Países Bajos;3133;Torrevieja;2135;3;Alicante/Alacant;2024;m05_2024
2024-05;122;Polonia;3133;Torrevieja;3671;3;Alicante/Alacant;2024;m05_2024
2024-05;123;Portugal;3133;Torrevieja;109;3;Alicante/Alacant;2024;m05_2024
2024-05;125;Reino Unido;3133;Torrevieja;11080;3;Alicante/Alacant;2024;m05_2024
2024-05;126;Alemania;3133;Torrevieja;3280;3;Alicante/Alacant;2024;m05_2024
2024-05;128;Rumania;3133;Torrevieja;160;3;Alicante/Alacant;2024;m05_2024
2024-05;131;Suecia;3133;Torrevieja;7738;3;Alicante/Alacant;2024;m05_2024
2024-05;132;Suiza;3133;Torrevieja;552;3;Alicante/Alacant;2024;m05_2024
2024-05;136;Letonia;3133;Torrevieja;178;3;Alicante/Alacant;2024;m05_2024
2024-05;138;Bielorrusia / belarus;3133;Torrevieja;123;3;Alicante/Alacant;2024;m05_2024
2024-05;139;Georgia;3133;Torrevieja;43;3;Alicante/Alacant;2024;m05_2024
2024-05;141;Estonia;3133;Torrevieja;246;3;Alicante/Alacant;2024;m05_2024
2024-05;142;Lituania;3133;Torrevieja;464;3;Alicante/Alacant;2024;m05_2024
2024-05;143;República Checa;3133;Torrevieja;621;3;Alicante/Alacant;2024;m05_2024
2024-05;144;Eslovaquia;3133;Torrevieja;67;3;Alicante/Alacant;2024;m05_2024
2024-05;154;Rusia;3133;Torrevieja;792;3;Alicante/Alacant;2024;m05_2024
2024-05;174;Gibraltar;3133;Torrevieja;32;3;Alicante/Alacant;2024;m05_2024
2024-05;203;Argelia;3133;Torrevieja;179;3;Alicante/Alacant;2024;m05_2024
2024-05;228;Marruecos;3133;Torrevieja;167;3;Alicante/Alacant;2024;m05_2024
2024-05;302;EE.UU.;3133;Torrevieja;451;3;Alicante/Alacant;2024;m05_2024
2024-05;340;Argentina;3133;Torrevieja;75;3;Alicante/Alacant;2024;m05_2024
2024-05;342;Brasil;3133;Torrevieja;37;3;Alicante/Alacant;2024;m05_2024
2024-05;343;Colombia;3133;Torrevieja;264;3;Alicante/Alacant;2024;m05_2024
2024-05;344;Chile;3133;Torrevieja;34;3;Alicante/Alacant;2024;m05_2024
2024-05;345;Ecuador;3133;Torrevieja;30;3;Alicante/Alacant;2024;m05_2024
2024-05;407;China;3133;Torrevieja;98;3;Alicante/Alacant;2024;m05_2024
2024-05;410;India;3133;Torrevieja;41;3;Alicante/Alacant;2024;m05_2024
2024-05;443;Kazajstan;3133;Torrevieja;51;3;Alicante/Alacant;2024;m05_2024
2024-06;0;Total;3133;Torrevieja;54659;3;Alicante/Alacant;2024;m06_2024
2024-06;10;Total Europa;3133;Torrevieja;52677;3;Alicante/Alacant;2024;m06_2024
2024-06;11;Total Unión Europea;3133;Torrevieja;33893;3;Alicante/Alacant;2024;m06_2024
2024-06;20;Total África;3133;Torrevieja;403;3;Alicante/Alacant;2024;m06_2024
2024-06;30;Total América;3133;Torrevieja;1173;3;Alicante/Alacant;2024;m06_2024
2024-06;31;Total América del Norte;3133;Torrevieja;653;3;Alicante/Alacant;2024;m06_2024
2024-06;33;Total Sudamérica;3133;Torrevieja;512;3;Alicante/Alacant;2024;m06_2024
2024-06;40;Total Asia;3133;Torrevieja;378;3;Alicante/Alacant;2024;m06_2024
2024-06;102;Austria;3133;Torrevieja;350;3;Alicante/Alacant;2024;m06_2024
2024-06;103;Bélgica;3133;Torrevieja;3747;3;Alicante/Alacant;2024;m06_2024
2024-06;104;Bulgaria;3133;Torrevieja;142;3;Alicante/Alacant;2024;m06_2024
2024-06;107;Dinamarca;3133;Torrevieja;877;3;Alicante/Alacant;2024;m06_2024
2024-06;109;Finlandia;3133;Torrevieja;2268;3;Alicante/Alacant;2024;m06_2024
2024-06;110;Francia;3133;Torrevieja;2138;3;Alicante/Alacant;2024;m06_2024
2024-06;112;Hungria;3133;Torrevieja;478;3;Alicante/Alacant;2024;m06_2024
2024-06;113;Irlanda;3133;Torrevieja;2940;3;Alicante/Alacant;2024;m06_2024
2024-06;114;Islandia;3133;Torrevieja;347;3;Alicante/Alacant;2024;m06_2024
2024-06;115;Italia;3133;Torrevieja;397;3;Alicante/Alacant;2024;m06_2024
2024-06;116;Liechtenstein;3133;Torrevieja;77;3;Alicante/Alacant;2024;m06_2024
2024-06;117;Luxemburgo;3133;Torrevieja;192;3;Alicante/Alacant;2024;m06_2024
2024-06;120;Noruega;3133;Torrevieja;4845;3;Alicante/Alacant;2024;m06_2024
2024-06;121;Países Bajos;3133;Torrevieja;1976;3;Alicante/Alacant;2024;m06_2024
2024-06;122;Polonia;3133;Torrevieja;3865;3;Alicante/Alacant;2024;m06_2024
2024-06;123;Portugal;3133;Torrevieja;134;3;Alicante/Alacant;2024;m06_2024
2024-06;125;Reino Unido;3133;Torrevieja;11681;3;Alicante/Alacant;2024;m06_2024
2024-06;126;Alemania;3133;Torrevieja;3782;3;Alicante/Alacant;2024;m06_2024
2024-06;128;Rumania;3133;Torrevieja;137;3;Alicante/Alacant;2024;m06_2024
2024-06;131;Suecia;3133;Torrevieja;8591;3;Alicante/Alacant;2024;m06_2024
2024-06;132;Suiza;3133;Torrevieja;565;3;Alicante/Alacant;2024;m06_2024
2024-06;136;Letonia;3133;Torrevieja;228;3;Alicante/Alacant;2024;m06_2024
2024-06;137;Moldavia / moldava;3133;Torrevieja;46;3;Alicante/Alacant;2024;m06_2024
2024-06;138;Bielorrusia / belarus;3133;Torrevieja;133;3;Alicante/Alacant;2024;m06_2024
2024-06;141;Estonia;3133;Torrevieja;289;3;Alicante/Alacant;2024;m06_2024
2024-06;142;Lituania;3133;Torrevieja;505;3;Alicante/Alacant;2024;m06_2024
2024-06;143;República Checa;3133;Torrevieja;730;3;Alicante/Alacant;2024;m06_2024
2024-06;144;Eslovaquia;3133;Torrevieja;85;3;Alicante/Alacant;2024;m06_2024
2024-06;154;Rusia;3133;Torrevieja;975;3;Alicante/Alacant;2024;m06_2024
2024-06;203;Argelia;3133;Torrevieja;171;3;Alicante/Alacant;2024;m06_2024
2024-06;228;Marruecos;3133;Torrevieja;166;3;Alicante/Alacant;2024;m06_2024
2024-06;302;EE.UU.;3133;Torrevieja;493;3;Alicante/Alacant;2024;m06_2024
2024-06;340;Argentina;3133;Torrevieja;66;3;Alicante/Alacant;2024;m06_2024
2024-06;342;Brasil;3133;Torrevieja;45;3;Alicante/Alacant;2024;m06_2024
2024-06;343;Colombia;3133;Torrevieja;262;3;Alicante/Alacant;2024;m06_2024
2024-06;344;Chile;3133;Torrevieja;49;3;Alicante/Alacant;2024;m06_2024
2024-06;407;China;3133;Torrevieja;105;3;Alicante/Alacant;2024;m06_2024
2024-06;410;India;3133;Torrevieja;43;3;Alicante/Alacant;2024;m06_2024
2024-06;413;Iran;3133;Torrevieja;30;3;Alicante/Alacant;2024;m06_2024
2024-06;443;Kazajstan;3133;Torrevieja;81;3;Alicante/Alacant;2024;m06_2024
2024-07;0;Total;3133;Torrevieja;80148;3;Alicante/Alacant;2024;m07_2024
2024-07;10;Total Europa;3133;Torrevieja;77713;3;Alicante/Alacant;2024;m07_2024
2024-07;11;Total Unión Europea;3133;Torrevieja;50839;3;Alicante/Alacant;2024;m07_2024
2024-07;20;Total África;3133;Torrevieja;556;3;Alicante/Alacant;2024;m07_2024
2024-07;30;Total América;3133;Torrevieja;1320;3;Alicante/Alacant;2024;m07_2024
2024-07;31;Total América del Norte;3133;Torrevieja;752;3;Alicante/Alacant;2024;m07_2024
2024-07;33;Total Sudamérica;3133;Torrevieja;545;3;Alicante/Alacant;2024;m07_2024
2024-07;40;Total Asia;3133;Torrevieja;528;3;Alicante/Alacant;2024;m07_2024
2024-07;102;Austria;3133;Torrevieja;510;3;Alicante/Alacant;2024;m07_2024
2024-07;103;Bélgica;3133;Torrevieja;7156;3;Alicante/Alacant;2024;m07_2024
2024-07;104;Bulgaria;3133;Torrevieja;160;3;Alicante/Alacant;2024;m07_2024
2024-07;107;Dinamarca;3133;Torrevieja;1882;3;Alicante/Alacant;2024;m07_2024
2024-07;109;Finlandia;3133;Torrevieja;2152;3;Alicante/Alacant;2024;m07_2024
2024-07;110;Francia;3133;Torrevieja;4199;3;Alicante/Alacant;2024;m07_2024
2024-07;112;Hungria;3133;Torrevieja;892;3;Alicante/Alacant;2024;m07_2024
2024-07;113;Irlanda;3133;Torrevieja;3205;3;Alicante/Alacant;2024;m07_2024
2024-07;114;Islandia;3133;Torrevieja;448;3;Alicante/Alacant;2024;m07_2024
2024-07;115;Italia;3133;Torrevieja;621;3;Alicante/Alacant;2024;m07_2024
2024-07;116;Liechtenstein;3133;Torrevieja;62;3;Alicante/Alacant;2024;m07_2024
2024-07;117;Luxemburgo;3133;Torrevieja;242;3;Alicante/Alacant;2024;m07_2024
2024-07;120;Noruega;3133;Torrevieja;9590;3;Alicante/Alacant;2024;m07_2024
2024-07;121;Países Bajos;3133;Torrevieja;2448;3;Alicante/Alacant;2024;m07_2024
2024-07;122;Polonia;3133;Torrevieja;5279;3;Alicante/Alacant;2024;m07_2024
2024-07;123;Portugal;3133;Torrevieja;230;3;Alicante/Alacant;2024;m07_2024
2024-07;125;Reino Unido;3133;Torrevieja;14471;3;Alicante/Alacant;2024;m07_2024
2024-07;126;Alemania;3133;Torrevieja;4778;3;Alicante/Alacant;2024;m07_2024
2024-07;128;Rumania;3133;Torrevieja;219;3;Alicante/Alacant;2024;m07_2024
2024-07;131;Suecia;3133;Torrevieja;14446;3;Alicante/Alacant;2024;m07_2024
2024-07;132;Suiza;3133;Torrevieja;939;3;Alicante/Alacant;2024;m07_2024
2024-07;136;Letonia;3133;Torrevieja;222;3;Alicante/Alacant;2024;m07_2024
2024-07;137;Moldavia / moldava;3133;Torrevieja;32;3;Alicante/Alacant;2024;m07_2024
2024-07;138;Bielorrusia / belarus;3133;Torrevieja;144;3;Alicante/Alacant;2024;m07_2024
2024-07;141;Estonia;3133;Torrevieja;353;3;Alicante/Alacant;2024;m07_2024
2024-07;142;Lituania;3133;Torrevieja;604;3;Alicante/Alacant;2024;m07_2024
2024-07;143;República Checa;3133;Torrevieja;1068;3;Alicante/Alacant;2024;m07_2024
2024-07;144;Eslovaquia;3133;Torrevieja;117;3;Alicante/Alacant;2024;m07_2024
2024-07;154;Rusia;3133;Torrevieja;1040;3;Alicante/Alacant;2024;m07_2024
2024-07;157;Serbia;3133;Torrevieja;46;3;Alicante/Alacant;2024;m07_2024
2024-07;203;Argelia;3133;Torrevieja;315;3;Alicante/Alacant;2024;m07_2024
2024-07;228;Marruecos;3133;Torrevieja;185;3;Alicante/Alacant;2024;m07_2024
2024-07;301;Canada;3133;Torrevieja;184;3;Alicante/Alacant;2024;m07_2024
2024-07;302;EE.UU.;3133;Torrevieja;525;3;Alicante/Alacant;2024;m07_2024
2024-07;303;Mexico;3133;Torrevieja;43;3;Alicante/Alacant;2024;m07_2024
2024-07;340;Argentina;3133;Torrevieja;77;3;Alicante/Alacant;2024;m07_2024
2024-07;342;Brasil;3133;Torrevieja;46;3;Alicante/Alacant;2024;m07_2024
2024-07;343;Colombia;3133;Torrevieja;297;3;Alicante/Alacant;2024;m07_2024
2024-07;344;Chile;3133;Torrevieja;54;3;Alicante/Alacant;2024;m07_2024
2024-07;407;China;3133;Torrevieja;160;3;Alicante/Alacant;2024;m07_2024
2024-07;408;Emiratos arabes unidos;3133;Torrevieja;39;3;Alicante/Alacant;2024;m07_2024
2024-07;410;India;3133;Torrevieja;56;3;Alicante/Alacant;2024;m07_2024
2024-07;411;Indonesia;3133;Torrevieja;36;3;Alicante/Alacant;2024;m07_2024
2024-07;443;Kazajstan;3133;Torrevieja;129;3;Alicante/Alacant;2024;m07_2024
2024-08;0;Total;3133;Torrevieja;86083;3;Alicante/Alacant;2024;m08_2024
2024-08;10;Total Europa;3133;Torrevieja;83264;3;Alicante/Alacant;2024;m08_2024
2024-08;11;Total Unión Europea;3133;Torrevieja;57085;3;Alicante/Alacant;2024;m08_2024
2024-08;20;Total África;3133;Torrevieja;994;3;Alicante/Alacant;2024;m08_2024
2024-08;30;Total América;3133;Torrevieja;1300;3;Alicante/Alacant;2024;m08_2024
2024-08;31;Total América del Norte;3133;Torrevieja;725;3;Alicante/Alacant;2024;m08_2024
2024-08;33;Total Sudamérica;3133;Torrevieja;558;3;Alicante/Alacant;2024;m08_2024
2024-08;40;Total Asia;3133;Torrevieja;522;3;Alicante/Alacant;2024;m08_2024
2024-08;102;Austria;3133;Torrevieja;588;3;Alicante/Alacant;2024;m08_2024
2024-08;103;Bélgica;3133;Torrevieja;8433;3;Alicante/Alacant;2024;m08_2024
2024-08;104;Bulgaria;3133;Torrevieja;124;3;Alicante/Alacant;2024;m08_2024
2024-08;107;Dinamarca;3133;Torrevieja;1418;3;Alicante/Alacant;2024;m08_2024
2024-08;109;Finlandia;3133;Torrevieja;1321;3;Alicante/Alacant;2024;m08_2024
2024-08;110;Francia;3133;Torrevieja;8710;3;Alicante/Alacant;2024;m08_2024
2024-08;112;Hungria;3133;Torrevieja;649;3;Alicante/Alacant;2024;m08_2024
2024-08;113;Irlanda;3133;Torrevieja;3469;3;Alicante/Alacant;2024;m08_2024
2024-08;114;Islandia;3133;Torrevieja;331;3;Alicante/Alacant;2024;m08_2024
2024-08;115;Italia;3133;Torrevieja;993;3;Alicante/Alacant;2024;m08_2024
2024-08;116;Liechtenstein;3133;Torrevieja;69;3;Alicante/Alacant;2024;m08_2024
2024-08;117;Luxemburgo;3133;Torrevieja;296;3;Alicante/Alacant;2024;m08_2024
2024-08;120;Noruega;3133;Torrevieja;6437;3;Alicante/Alacant;2024;m08_2024
2024-08;121;Países Bajos;3133;Torrevieja;4066;3;Alicante/Alacant;2024;m08_2024
2024-08;122;Polonia;3133;Torrevieja;5500;3;Alicante/Alacant;2024;m08_2024
2024-08;123;Portugal;3133;Torrevieja;561;3;Alicante/Alacant;2024;m08_2024
2024-08;125;Reino Unido;3133;Torrevieja;16949;3;Alicante/Alacant;2024;m08_2024
2024-08;126;Alemania;3133;Torrevieja;6826;3;Alicante/Alacant;2024;m08_2024
2024-08;128;Rumania;3133;Torrevieja;251;3;Alicante/Alacant;2024;m08_2024
2024-08;131;Suecia;3133;Torrevieja;11659;3;Alicante/Alacant;2024;m08_2024
2024-08;132;Suiza;3133;Torrevieja;1133;3;Alicante/Alacant;2024;m08_2024
2024-08;136;Letonia;3133;Torrevieja;256;3;Alicante/Alacant;2024;m08_2024
2024-08;137;Moldavia / moldava;3133;Torrevieja;43;3;Alicante/Alacant;2024;m08_2024
2024-08;138;Bielorrusia / belarus;3133;Torrevieja;127;3;Alicante/Alacant;2024;m08_2024
2024-08;141;Estonia;3133;Torrevieja;373;3;Alicante/Alacant;2024;m08_2024
2024-08;142;Lituania;3133;Torrevieja;449;3;Alicante/Alacant;2024;m08_2024
2024-08;143;República Checa;3133;Torrevieja;982;3;Alicante/Alacant;2024;m08_2024
2024-08;144;Eslovaquia;3133;Torrevieja;78;3;Alicante/Alacant;2024;m08_2024
2024-08;148;Armenia;3133;Torrevieja;32;3;Alicante/Alacant;2024;m08_2024
2024-08;154;Rusia;3133;Torrevieja;904;3;Alicante/Alacant;2024;m08_2024
2024-08;174;Gibraltar;3133;Torrevieja;39;3;Alicante/Alacant;2024;m08_2024
2024-08;203;Argelia;3133;Torrevieja;499;3;Alicante/Alacant;2024;m08_2024
2024-08;228;Marruecos;3133;Torrevieja;408;3;Alicante/Alacant;2024;m08_2024
2024-08;301;Canada;3133;Torrevieja;142;3;Alicante/Alacant;2024;m08_2024
2024-08;302;EE.UU.;3133;Torrevieja;548;3;Alicante/Alacant;2024;m08_2024
2024-08;303;Mexico;3133;Torrevieja;35;3;Alicante/Alacant;2024;m08_2024
2024-08;340;Argentina;3133;Torrevieja;81;3;Alicante/Alacant;2024;m08_2024
2024-08;342;Brasil;3133;Torrevieja;31;3;Alicante/Alacant;2024;m08_2024
2024-08;343;Colombia;3133;Torrevieja;283;3;Alicante/Alacant;2024;m08_2024
2024-08;344;Chile;3133;Torrevieja;61;3;Alicante/Alacant;2024;m08_2024
2024-08;407;China;3133;Torrevieja;170;3;Alicante/Alacant;2024;m08_2024
2024-08;408;Emiratos arabes unidos;3133;Torrevieja;36;3;Alicante/Alacant;2024;m08_2024
2024-08;410;India;3133;Torrevieja;49;3;Alicante/Alacant;2024;m08_2024
2024-08;414;Israel;3133;Torrevieja;35;3;Alicante/Alacant;2024;m08_2024
2024-08;443;Kazajstan;3133;Torrevieja;109;3;Alicante/Alacant;2024;m08_2024
2024-09;0;Total;3133;Torrevieja;58857;3;Alicante/Alacant;2024;m09_2024
2024-09;10;Total Europa;3133;Torrevieja;56629;3;Alicante/Alacant;2024;m09_2024
2024-09;11;Total Unión Europea;3133;Torrevieja;36799;3;Alicante/Alacant;2024;m09_2024
2024-09;20;Total África;3133;Torrevieja;665;3;Alicante/Alacant;2024;m09_2024
2024-09;30;Total América;3133;Torrevieja;1143;3;Alicante/Alacant;2024;m09_2024
2024-09;31;Total América del Norte;3133;Torrevieja;659;3;Alicante/Alacant;2024;m09_2024
2024-09;33;Total Sudamérica;3133;Torrevieja;468;3;Alicante/Alacant;2024;m09_2024
2024-09;40;Total Asia;3133;Torrevieja;364;3;Alicante/Alacant;2024;m09_2024
2024-09;102;Austria;3133;Torrevieja;407;3;Alicante/Alacant;2024;m09_2024
2024-09;103;Bélgica;3133;Torrevieja;4046;3;Alicante/Alacant;2024;m09_2024
2024-09;104;Bulgaria;3133;Torrevieja;121;3;Alicante/Alacant;2024;m09_2024
2024-09;107;Dinamarca;3133;Torrevieja;1173;3;Alicante/Alacant;2024;m09_2024
2024-09;109;Finlandia;3133;Torrevieja;2009;3;Alicante/Alacant;2024;m09_2024
2024-09;110;Francia;3133;Torrevieja;2850;3;Alicante/Alacant;2024;m09_2024
2024-09;112;Hungria;3133;Torrevieja;659;3;Alicante/Alacant;2024;m09_2024
2024-09;113;Irlanda;3133;Torrevieja;2843;3;Alicante/Alacant;2024;m09_2024
2024-09;114;Islandia;3133;Torrevieja;205;3;Alicante/Alacant;2024;m09_2024
2024-09;115;Italia;3133;Torrevieja;486;3;Alicante/Alacant;2024;m09_2024
2024-09;116;Liechtenstein;3133;Torrevieja;52;3;Alicante/Alacant;2024;m09_2024
2024-09;117;Luxemburgo;3133;Torrevieja;210;3;Alicante/Alacant;2024;m09_2024
2024-09;120;Noruega;3133;Torrevieja;4416;3;Alicante/Alacant;2024;m09_2024
2024-09;121;Países Bajos;3133;Torrevieja;2370;3;Alicante/Alacant;2024;m09_2024
2024-09;122;Polonia;3133;Torrevieja;4323;3;Alicante/Alacant;2024;m09_2024
2024-09;123;Portugal;3133;Torrevieja;287;3;Alicante/Alacant;2024;m09_2024
2024-09;125;Reino Unido;3133;Torrevieja;13321;3;Alicante/Alacant;2024;m09_2024
2024-09;126;Alemania;3133;Torrevieja;4840;3;Alicante/Alacant;2024;m09_2024
2024-09;128;Rumania;3133;Torrevieja;211;3;Alicante/Alacant;2024;m09_2024
2024-09;131;Suecia;3133;Torrevieja;8169;3;Alicante/Alacant;2024;m09_2024
2024-09;132;Suiza;3133;Torrevieja;740;3;Alicante/Alacant;2024;m09_2024
2024-09;136;Letonia;3133;Torrevieja;245;3;Alicante/Alacant;2024;m09_2024
2024-09;138;Bielorrusia / belarus;3133;Torrevieja;111;3;Alicante/Alacant;2024;m09_2024
2024-09;141;Estonia;3133;Torrevieja;209;3;Alicante/Alacant;2024;m09_2024
2024-09;142;Lituania;3133;Torrevieja;386;3;Alicante/Alacant;2024;m09_2024
2024-09;143;República Checa;3133;Torrevieja;785;3;Alicante/Alacant;2024;m09_2024
2024-09;144;Eslovaquia;3133;Torrevieja;99;3;Alicante/Alacant;2024;m09_2024
2024-09;154;Rusia;3133;Torrevieja;819;3;Alicante/Alacant;2024;m09_2024
2024-09;203;Argelia;3133;Torrevieja;341;3;Alicante/Alacant;2024;m09_2024
2024-09;228;Marruecos;3133;Torrevieja;245;3;Alicante/Alacant;2024;m09_2024
2024-09;239;Senegal;3133;Torrevieja;34;3;Alicante/Alacant;2024;m09_2024
2024-09;302;EE.UU.;3133;Torrevieja;486;3;Alicante/Alacant;2024;m09_2024
2024-09;340;Argentina;3133;Torrevieja;74;3;Alicante/Alacant;2024;m09_2024
2024-09;342;Brasil;3133;Torrevieja;40;3;Alicante/Alacant;2024;m09_2024
2024-09;343;Colombia;3133;Torrevieja;223;3;Alicante/Alacant;2024;m09_2024
2024-09;344;Chile;3133;Torrevieja;46;3;Alicante/Alacant;2024;m09_2024
2024-09;407;China;3133;Torrevieja;119;3;Alicante/Alacant;2024;m09_2024
2024-09;410;India;3133;Torrevieja;53;3;Alicante/Alacant;2024;m09_2024
2024-09;443;Kazajstan;3133;Torrevieja;84;3;Alicante/Alacant;2024;m09_2024
2024-10;0;Total;3133;Torrevieja;58955;3;Alicante/Alacant;2024;m10_2024
2024-10;10;Total Europa;3133;Torrevieja;57082;3;Alicante/Alacant;2024;m10_2024
2024-10;11;Total Unión Europea;3133;Torrevieja;38034;3;Alicante/Alacant;2024;m10_2024
2024-10;20;Total África;3133;Torrevieja;429;3;Alicante/Alacant;2024;m10_2024
2024-10;30;Total América;3133;Torrevieja;1076;3;Alicante/Alacant;2024;m10_2024
2024-10;31;Total América del Norte;3133;Torrevieja;591;3;Alicante/Alacant;2024;m10_2024
2024-10;33;Total Sudamérica;3133;Torrevieja;473;3;Alicante/Alacant;2024;m10_2024
2024-10;40;Total Asia;3133;Torrevieja;358;3;Alicante/Alacant;2024;m10_2024
2024-10;102;Austria;3133;Torrevieja;438;3;Alicante/Alacant;2024;m10_2024
2024-10;103;Bélgica;3133;Torrevieja;3723;3;Alicante/Alacant;2024;m10_2024
2024-10;104;Bulgaria;3133;Torrevieja;134;3;Alicante/Alacant;2024;m10_2024
2024-10;107;Dinamarca;3133;Torrevieja;1303;3;Alicante/Alacant;2024;m10_2024
2024-10;109;Finlandia;3133;Torrevieja;2735;3;Alicante/Alacant;2024;m10_2024
2024-10;110;Francia;3133;Torrevieja;2230;3;Alicante/Alacant;2024;m10_2024
2024-10;112;Hungria;3133;Torrevieja;672;3;Alicante/Alacant;2024;m10_2024
2024-10;113;Irlanda;3133;Torrevieja;2226;3;Alicante/Alacant;2024;m10_2024
2024-10;114;Islandia;3133;Torrevieja;327;3;Alicante/Alacant;2024;m10_2024
2024-10;115;Italia;3133;Torrevieja;350;3;Alicante/Alacant;2024;m10_2024
2024-10;116;Liechtenstein;3133;Torrevieja;65;3;Alicante/Alacant;2024;m10_2024
2024-10;117;Luxemburgo;3133;Torrevieja;175;3;Alicante/Alacant;2024;m10_2024
2024-10;120;Noruega;3133;Torrevieja;5724;3;Alicante/Alacant;2024;m10_2024
2024-10;121;Países Bajos;3133;Torrevieja;2343;3;Alicante/Alacant;2024;m10_2024
2024-10;122;Polonia;3133;Torrevieja;4168;3;Alicante/Alacant;2024;m10_2024
2024-10;123;Portugal;3133;Torrevieja;136;3;Alicante/Alacant;2024;m10_2024
2024-10;125;Reino Unido;3133;Torrevieja;10872;3;Alicante/Alacant;2024;m10_2024
2024-10;126;Alemania;3133;Torrevieja;5793;3;Alicante/Alacant;2024;m10_2024
2024-10;128;Rumania;3133;Torrevieja;210;3;Alicante/Alacant;2024;m10_2024
2024-10;131;Suecia;3133;Torrevieja;9438;3;Alicante/Alacant;2024;m10_2024
2024-10;132;Suiza;3133;Torrevieja;902;3;Alicante/Alacant;2024;m10_2024
2024-10;136;Letonia;3133;Torrevieja;232;3;Alicante/Alacant;2024;m10_2024
2024-10;137;Moldavia / moldava;3133;Torrevieja;43;3;Alicante/Alacant;2024;m10_2024
2024-10;138;Bielorrusia / belarus;3133;Torrevieja;107;3;Alicante/Alacant;2024;m10_2024
2024-10;139;Georgia;3133;Torrevieja;31;3;Alicante/Alacant;2024;m10_2024
2024-10;141;Estonia;3133;Torrevieja;333;3;Alicante/Alacant;2024;m10_2024
2024-10;142;Lituania;3133;Torrevieja;479;3;Alicante/Alacant;2024;m10_2024
2024-10;143;República Checa;3133;Torrevieja;772;3;Alicante/Alacant;2024;m10_2024
2024-10;144;Eslovaquia;3133;Torrevieja;77;3;Alicante/Alacant;2024;m10_2024
2024-10;154;Rusia;3133;Torrevieja;866;3;Alicante/Alacant;2024;m10_2024
2024-10;203;Argelia;3133;Torrevieja;156;3;Alicante/Alacant;2024;m10_2024
2024-10;228;Marruecos;3133;Torrevieja;200;3;Alicante/Alacant;2024;m10_2024
2024-10;302;EE.UU.;3133;Torrevieja;414;3;Alicante/Alacant;2024;m10_2024
2024-10;340;Argentina;3133;Torrevieja;69;3;Alicante/Alacant;2024;m10_2024
2024-10;342;Brasil;3133;Torrevieja;36;3;Alicante/Alacant;2024;m10_2024
2024-10;343;Colombia;3133;Torrevieja;225;3;Alicante/Alacant;2024;m10_2024
2024-10;344;Chile;3133;Torrevieja;39;3;Alicante/Alacant;2024;m10_2024
2024-10;350;Uruguay;3133;Torrevieja;32;3;Alicante/Alacant;2024;m10_2024
2024-10;351;Venezuela;3133;Torrevieja;31;3;Alicante/Alacant;2024;m10_2024
2024-10;407;China;3133;Torrevieja;122;3;Alicante/Alacant;2024;m10_2024
2024-10;410;India;3133;Torrevieja;58;3;Alicante/Alacant;2024;m10_2024
2024-10;443;Kazajstan;3133;Torrevieja;69;3;Alicante/Alacant;2024;m10_2024
2024-11;0;Total;3133;Torrevieja;39425;3;Alicante/Alacant;2024;m11_2024
2024-11;10;Total Europa;3133;Torrevieja;37793;3;Alicante/Alacant;2024;m11_2024
2024-11;11;Total Unión Europea;3133;Torrevieja;26462;3;Alicante/Alacant;2024;m11_2024
2024-11;20;Total África;3133;Torrevieja;365;3;Alicante/Alacant;2024;m11_2024
2024-11;30;Total América;3133;Torrevieja;921;3;Alicante/Alacant;2024;m11_2024
2024-11;31;Total América del Norte;3133;Torrevieja;466;3;Alicante/Alacant;2024;m11_2024
2024-11;33;Total Sudamérica;3133;Torrevieja;442;3;Alicante/Alacant;2024;m11_2024
2024-11;40;Total Asia;3133;Torrevieja;329;3;Alicante/Alacant;2024;m11_2024
2024-11;102;Austria;3133;Torrevieja;313;3;Alicante/Alacant;2024;m11_2024
2024-11;103;Bélgica;3133;Torrevieja;2726;3;Alicante/Alacant;2024;m11_2024
2024-11;104;Bulgaria;3133;Torrevieja;110;3;Alicante/Alacant;2024;m11_2024
2024-11;107;Dinamarca;3133;Torrevieja;652;3;Alicante/Alacant;2024;m11_2024
2024-11;109;Finlandia;3133;Torrevieja;2479;3;Alicante/Alacant;2024;m11_2024
2024-11;110;Francia;3133;Torrevieja;1487;3;Alicante/Alacant;2024;m11_2024
2024-11;112;Hungria;3133;Torrevieja;475;3;Alicante/Alacant;2024;m11_2024
2024-11;113;Irlanda;3133;Torrevieja;1309;3;Alicante/Alacant;2024;m11_2024
2024-11;114;Islandia;3133;Torrevieja;215;3;Alicante/Alacant;2024;m11_2024
2024-11;115;Italia;3133;Torrevieja;248;3;Alicante/Alacant;2024;m11_2024
2024-11;116;Liechtenstein;3133;Torrevieja;64;3;Alicante/Alacant;2024;m11_2024
2024-11;117;Luxemburgo;3133;Torrevieja;199;3;Alicante/Alacant;2024;m11_2024
2024-11;120;Noruega;3133;Torrevieja;3829;3;Alicante/Alacant;2024;m11_2024
2024-11;121;Países Bajos;3133;Torrevieja;1833;3;Alicante/Alacant;2024;m11_2024
2024-11;122;Polonia;3133;Torrevieja;3304;3;Alicante/Alacant;2024;m11_2024
2024-11;123;Portugal;3133;Torrevieja;178;3;Alicante/Alacant;2024;m11_2024
2024-11;125;Reino Unido;3133;Torrevieja;6011;3;Alicante/Alacant;2024;m11_2024
2024-11;126;Alemania;3133;Torrevieja;2569;3;Alicante/Alacant;2024;m11_2024
2024-11;128;Rumania;3133;Torrevieja;130;3;Alicante/Alacant;2024;m11_2024
2024-11;131;Suecia;3133;Torrevieja;6799;3;Alicante/Alacant;2024;m11_2024
2024-11;132;Suiza;3133;Torrevieja;364;3;Alicante/Alacant;2024;m11_2024
2024-11;136;Letonia;3133;Torrevieja;230;3;Alicante/Alacant;2024;m11_2024
2024-11;138;Bielorrusia / belarus;3133;Torrevieja;91;3;Alicante/Alacant;2024;m11_2024
2024-11;139;Georgia;3133;Torrevieja;43;3;Alicante/Alacant;2024;m11_2024
2024-11;141;Estonia;3133;Torrevieja;238;3;Alicante/Alacant;2024;m11_2024
2024-11;142;Lituania;3133;Torrevieja;635;3;Alicante/Alacant;2024;m11_2024
2024-11;143;República Checa;3133;Torrevieja;434;3;Alicante/Alacant;2024;m11_2024
2024-11;144;Eslovaquia;3133;Torrevieja;62;3;Alicante/Alacant;2024;m11_2024
2024-11;154;Rusia;3133;Torrevieja;585;3;Alicante/Alacant;2024;m11_2024
2024-11;203;Argelia;3133;Torrevieja;144;3;Alicante/Alacant;2024;m11_2024
2024-11;228;Marruecos;3133;Torrevieja;155;3;Alicante/Alacant;2024;m11_2024
2024-11;239;Senegal;3133;Torrevieja;31;3;Alicante/Alacant;2024;m11_2024
2024-11;301;Canada;3133;Torrevieja;121;3;Alicante/Alacant;2024;m11_2024
2024-11;302;EE.UU.;3133;Torrevieja;315;3;Alicante/Alacant;2024;m11_2024
2024-11;303;Mexico;3133;Torrevieja;30;3;Alicante/Alacant;2024;m11_2024
2024-11;340;Argentina;3133;Torrevieja;59;3;Alicante/Alacant;2024;m11_2024
2024-11;342;Brasil;3133;Torrevieja;40;3;Alicante/Alacant;2024;m11_2024
2024-11;343;Colombia;3133;Torrevieja;234;3;Alicante/Alacant;2024;m11_2024
2024-11;344;Chile;3133;Torrevieja;43;3;Alicante/Alacant;2024;m11_2024
2024-11;407;China;3133;Torrevieja;110;3;Alicante/Alacant;2024;m11_2024
2024-11;410;India;3133;Torrevieja;64;3;Alicante/Alacant;2024;m11_2024
2024-11;443;Kazajstan;3133;Torrevieja;36;3;Alicante/Alacant;2024;m11_2024
2024-12;0;Total;3133;Torrevieja;32548;3;Alicante/Alacant;2024;m12_2024
2024-12;10;Total Europa;3133;Torrevieja;30844;3;Alicante/Alacant;2024;m12_2024
2024-12;11;Total Unión Europea;3133;Torrevieja;21199;3;Alicante/Alacant;2024;m12_2024
2024-12;20;Total África;3133;Torrevieja;373;3;Alicante/Alacant;2024;m12_2024
2024-12;30;Total América;3133;Torrevieja;1000;3;Alicante/Alacant;2024;m12_2024
2024-12;31;Total América del Norte;3133;Torrevieja;534;3;Alicante/Alacant;2024;m12_2024
2024-12;33;Total Sudamérica;3133;Torrevieja;456;3;Alicante/Alacant;2024;m12_2024
2024-12;40;Total Asia;3133;Torrevieja;328;3;Alicante/Alacant;2024;m12_2024
2024-12;102;Austria;3133;Torrevieja;301;3;Alicante/Alacant;2024;m12_2024
2024-12;103;Bélgica;3133;Torrevieja;3159;3;Alicante/Alacant;2024;m12_2024
2024-12;104;Bulgaria;3133;Torrevieja;111;3;Alicante/Alacant;2024;m12_2024
2024-12;107;Dinamarca;3133;Torrevieja;521;3;Alicante/Alacant;2024;m12_2024
2024-12;109;Finlandia;3133;Torrevieja;2358;3;Alicante/Alacant;2024;m12_2024
2024-12;110;Francia;3133;Torrevieja;1133;3;Alicante/Alacant;2024;m12_2024
2024-12;112;Hungria;3133;Torrevieja;278;3;Alicante/Alacant;2024;m12_2024
2024-12;113;Irlanda;3133;Torrevieja;1319;3;Alicante/Alacant;2024;m12_2024
2024-12;114;Islandia;3133;Torrevieja;198;3;Alicante/Alacant;2024;m12_2024
2024-12;115;Italia;3133;Torrevieja;247;3;Alicante/Alacant;2024;m12_2024
2024-12;116;Liechtenstein;3133;Torrevieja;71;3;Alicante/Alacant;2024;m12_2024
2024-12;117;Luxemburgo;3133;Torrevieja;193;3;Alicante/Alacant;2024;m12_2024
2024-12;120;Noruega;3133;Torrevieja;2568;3;Alicante/Alacant;2024;m12_2024
2024-12;121;Países Bajos;3133;Torrevieja;1746;3;Alicante/Alacant;2024;m12_2024
2024-12;122;Polonia;3133;Torrevieja;2380;3;Alicante/Alacant;2024;m12_2024
2024-12;123;Portugal;3133;Torrevieja;129;3;Alicante/Alacant;2024;m12_2024
2024-12;125;Reino Unido;3133;Torrevieja;5440;3;Alicante/Alacant;2024;m12_2024
2024-12;126;Alemania;3133;Torrevieja;1972;3;Alicante/Alacant;2024;m12_2024
2024-12;128;Rumania;3133;Torrevieja;113;3;Alicante/Alacant;2024;m12_2024
2024-12;131;Suecia;3133;Torrevieja;3971;3;Alicante/Alacant;2024;m12_2024
2024-12;132;Suiza;3133;Torrevieja;380;3;Alicante/Alacant;2024;m12_2024
2024-12;136;Letonia;3133;Torrevieja;187;3;Alicante/Alacant;2024;m12_2024
2024-12;138;Bielorrusia / belarus;3133;Torrevieja;68;3;Alicante/Alacant;2024;m12_2024
2024-12;139;Georgia;3133;Torrevieja;37;3;Alicante/Alacant;2024;m12_2024
2024-12;141;Estonia;3133;Torrevieja;239;3;Alicante/Alacant;2024;m12_2024
2024-12;142;Lituania;3133;Torrevieja;438;3;Alicante/Alacant;2024;m12_2024
2024-12;143;República Checa;3133;Torrevieja;336;3;Alicante/Alacant;2024;m12_2024
2024-12;144;Eslovaquia;3133;Torrevieja;36;3;Alicante/Alacant;2024;m12_2024
2024-12;154;Rusia;3133;Torrevieja;756;3;Alicante/Alacant;2024;m12_2024
2024-12;203;Argelia;3133;Torrevieja;148;3;Alicante/Alacant;2024;m12_2024
2024-12;228;Marruecos;3133;Torrevieja;157;3;Alicante/Alacant;2024;m12_2024
2024-12;301;Canada;3133;Torrevieja;163;3;Alicante/Alacant;2024;m12_2024
2024-12;302;EE.UU.;3133;Torrevieja;305;3;Alicante/Alacant;2024;m12_2024
2024-12;303;Mexico;3133;Torrevieja;66;3;Alicante/Alacant;2024;m12_2024
2024-12;340;Argentina;3133;Torrevieja;97;3;Alicante/Alacant;2024;m12_2024
2024-12;343;Colombia;3133;Torrevieja;242;3;Alicante/Alacant;2024;m12_2024
2024-12;344;Chile;3133;Torrevieja;33;3;Alicante/Alacant;2024;m12_2024
2024-12;407;China;3133;Torrevieja;105;3;Alicante/Alacant;2024;m12_2024
2024-12;410;India;3133;Torrevieja;66;3;Alicante/Alacant;2024;m12_2024
2024-12;443;Kazajstan;3133;Torrevieja;42;3;Alicante/Alacant;2024;m12_2024
2025-01;0;Total;3133;Torrevieja;34813;3;Alicante/Alacant;2025;m01-2025
2025-01;10;Total Europa;3133;Torrevieja;33047;3;Alicante/Alacant;2025;m01-2025
2025-01;11;Total Unión Europea;3133;Torrevieja;22822;3;Alicante/Alacant;2025;m01-2025
2025-01;20;Total África;3133;Torrevieja;398;3;Alicante/Alacant;2025;m01-2025
2025-01;30;Total América;3133;Torrevieja;1013;3;Alicante/Alacant;2025;m01-2025
2025-01;31;Total América del Norte;3133;Torrevieja;515;3;Alicante/Alacant;2025;m01-2025
2025-01;33;Total Sudamérica;3133;Torrevieja;488;3;Alicante/Alacant;2025;m01-2025
2025-01;40;Total Asia;3133;Torrevieja;331;3;Alicante/Alacant;2025;m01-2025
2025-01;102;Austria;3133;Torrevieja;309;3;Alicante/Alacant;2025;m01-2025
2025-01;103;Bélgica;3133;Torrevieja;1522;3;Alicante/Alacant;2025;m01-2025
2025-01;104;Bulgaria;3133;Torrevieja;113;3;Alicante/Alacant;2025;m01-2025
2025-01;107;Dinamarca;3133;Torrevieja;576;3;Alicante/Alacant;2025;m01-2025
2025-01;109;Finlandia;3133;Torrevieja;2248;3;Alicante/Alacant;2025;m01-2025
2025-01;110;Francia;3133;Torrevieja;1489;3;Alicante/Alacant;2025;m01-2025
2025-01;112;Hungria;3133;Torrevieja;468;3;Alicante/Alacant;2025;m01-2025
2025-01;113;Irlanda;3133;Torrevieja;1336;3;Alicante/Alacant;2025;m01-2025
2025-01;114;Islandia;3133;Torrevieja;220;3;Alicante/Alacant;2025;m01-2025
2025-01;115;Italia;3133;Torrevieja;315;3;Alicante/Alacant;2025;m01-2025
2025-01;116;Liechtenstein;3133;Torrevieja;56;3;Alicante/Alacant;2025;m01-2025
2025-01;117;Luxemburgo;3133;Torrevieja;162;3;Alicante/Alacant;2025;m01-2025
2025-01;120;Noruega;3133;Torrevieja;2949;3;Alicante/Alacant;2025;m01-2025
2025-01;121;Países Bajos;3133;Torrevieja;1490;3;Alicante/Alacant;2025;m01-2025
2025-01;122;Polonia;3133;Torrevieja;3429;3;Alicante/Alacant;2025;m01-2025
2025-01;123;Portugal;3133;Torrevieja;150;3;Alicante/Alacant;2025;m01-2025
2025-01;125;Reino Unido;3133;Torrevieja;5626;3;Alicante/Alacant;2025;m01-2025
2025-01;126;Alemania;3133;Torrevieja;2551;3;Alicante/Alacant;2025;m01-2025
2025-01;128;Rumania;3133;Torrevieja;118;3;Alicante/Alacant;2025;m01-2025
2025-01;131;Suecia;3133;Torrevieja;5333;3;Alicante/Alacant;2025;m01-2025
2025-01;132;Suiza;3133;Torrevieja;561;3;Alicante/Alacant;2025;m01-2025
2025-01;136;Letonia;3133;Torrevieja;134;3;Alicante/Alacant;2025;m01-2025
2025-01;138;Bielorrusia / belarus;3133;Torrevieja;82;3;Alicante/Alacant;2025;m01-2025
2025-01;139;Georgia;3133;Torrevieja;39;3;Alicante/Alacant;2025;m01-2025
2025-01;141;Estonia;3133;Torrevieja;184;3;Alicante/Alacant;2025;m01-2025
2025-01;142;Lituania;3133;Torrevieja;431;3;Alicante/Alacant;2025;m01-2025
2025-01;143;República Checa;3133;Torrevieja;323;3;Alicante/Alacant;2025;m01-2025
2025-01;144;Eslovaquia;3133;Torrevieja;92;3;Alicante/Alacant;2025;m01-2025
2025-01;154;Rusia;3133;Torrevieja;563;3;Alicante/Alacant;2025;m01-2025
2025-01;203;Argelia;3133;Torrevieja;182;3;Alicante/Alacant;2025;m01-2025
2025-01;228;Marruecos;3133;Torrevieja;166;3;Alicante/Alacant;2025;m01-2025
2025-01;301;Canada;3133;Torrevieja;113;3;Alicante/Alacant;2025;m01-2025
2025-01;302;EE.UU.;3133;Torrevieja;360;3;Alicante/Alacant;2025;m01-2025
2025-01;303;Mexico;3133;Torrevieja;42;3;Alicante/Alacant;2025;m01-2025
2025-01;340;Argentina;3133;Torrevieja;72;3;Alicante/Alacant;2025;m01-2025
2025-01;342;Brasil;3133;Torrevieja;49;3;Alicante/Alacant;2025;m01-2025
2025-01;343;Colombia;3133;Torrevieja;249;3;Alicante/Alacant;2025;m01-2025
2025-01;344;Chile;3133;Torrevieja;30;3;Alicante/Alacant;2025;m01-2025
2025-01;351;Venezuela;3133;Torrevieja;30;3;Alicante/Alacant;2025;m01-2025
2025-01;407;China;3133;Torrevieja;92;3;Alicante/Alacant;2025;m01-2025
2025-01;410;India;3133;Torrevieja;30;3;Alicante/Alacant;2025;m01-2025
2025-01;443;Kazajstan;3133;Torrevieja;74;3;Alicante/Alacant;2025;m01-2025
2025-02;0;Total;3133;Torrevieja;32777;3;Alicante/Alacant;2025;m02-2025
2025-02;10;Total Europa;3133;Torrevieja;31287;3;Alicante/Alacant;2025;m02-2025
2025-02;11;Total Unión Europea;3133;Torrevieja;20492;3;Alicante/Alacant;2025;m02-2025
2025-02;20;Total África;3133;Torrevieja;319;3;Alicante/Alacant;2025;m02-2025
2025-02;30;Total América;3133;Torrevieja;844;3;Alicante/Alacant;2025;m02-2025
2025-02;31;Total América del Norte;3133;Torrevieja;427;3;Alicante/Alacant;2025;m02-2025
2025-02;33;Total Sudamérica;3133;Torrevieja;404;3;Alicante/Alacant;2025;m02-2025
2025-02;40;Total Asia;3133;Torrevieja;294;3;Alicante/Alacant;2025;m02-2025
2025-02;102;Austria;3133;Torrevieja;262;3;Alicante/Alacant;2025;m02-2025
2025-02;103;Bélgica;3133;Torrevieja;1298;3;Alicante/Alacant;2025;m02-2025
2025-02;104;Bulgaria;3133;Torrevieja;81;3;Alicante/Alacant;2025;m02-2025
2025-02;107;Dinamarca;3133;Torrevieja;461;3;Alicante/Alacant;2025;m02-2025
2025-02;109;Finlandia;3133;Torrevieja;1827;3;Alicante/Alacant;2025;m02-2025
2025-02;110;Francia;3133;Torrevieja;1387;3;Alicante/Alacant;2025;m02-2025
2025-02;112;Hungria;3133;Torrevieja;366;3;Alicante/Alacant;2025;m02-2025
2025-02;113;Irlanda;3133;Torrevieja;1468;3;Alicante/Alacant;2025;m02-2025
2025-02;114;Islandia;3133;Torrevieja;164;3;Alicante/Alacant;2025;m02-2025
2025-02;115;Italia;3133;Torrevieja;264;3;Alicante/Alacant;2025;m02-2025
2025-02;116;Liechtenstein;3133;Torrevieja;66;3;Alicante/Alacant;2025;m02-2025
2025-02;117;Luxemburgo;3133;Torrevieja;179;3;Alicante/Alacant;2025;m02-2025
2025-02;120;Noruega;3133;Torrevieja;2824;3;Alicante/Alacant;2025;m02-2025
2025-02;121;Países Bajos;3133;Torrevieja;1677;3;Alicante/Alacant;2025;m02-2025
2025-02;122;Polonia;3133;Torrevieja;3711;3;Alicante/Alacant;2025;m02-2025
2025-02;123;Portugal;3133;Torrevieja;116;3;Alicante/Alacant;2025;m02-2025
2025-02;125;Reino Unido;3133;Torrevieja;6636;3;Alicante/Alacant;2025;m02-2025
2025-02;126;Alemania;3133;Torrevieja;2107;3;Alicante/Alacant;2025;m02-2025
2025-02;128;Rumania;3133;Torrevieja;110;3;Alicante/Alacant;2025;m02-2025
2025-02;131;Suecia;3133;Torrevieja;4123;3;Alicante/Alacant;2025;m02-2025
2025-02;132;Suiza;3133;Torrevieja;371;3;Alicante/Alacant;2025;m02-2025
2025-02;136;Letonia;3133;Torrevieja;141;3;Alicante/Alacant;2025;m02-2025
2025-02;138;Bielorrusia / belarus;3133;Torrevieja;46;3;Alicante/Alacant;2025;m02-2025
2025-02;139;Georgia;3133;Torrevieja;36;3;Alicante/Alacant;2025;m02-2025
2025-02;141;Estonia;3133;Torrevieja;172;3;Alicante/Alacant;2025;m02-2025
2025-02;142;Lituania;3133;Torrevieja;320;3;Alicante/Alacant;2025;m02-2025
2025-02;143;República Checa;3133;Torrevieja;296;3;Alicante/Alacant;2025;m02-2025
2025-02;144;Eslovaquia;3133;Torrevieja;47;3;Alicante/Alacant;2025;m02-2025
2025-02;146;Croacia;3133;Torrevieja;30;3;Alicante/Alacant;2025;m02-2025
2025-02;154;Rusia;3133;Torrevieja;518;3;Alicante/Alacant;2025;m02-2025
2025-02;203;Argelia;3133;Torrevieja;153;3;Alicante/Alacant;2025;m02-2025
2025-02;228;Marruecos;3133;Torrevieja;120;3;Alicante/Alacant;2025;m02-2025
2025-02;301;Canada;3133;Torrevieja;119;3;Alicante/Alacant;2025;m02-2025
2025-02;302;EE.UU.;3133;Torrevieja;277;3;Alicante/Alacant;2025;m02-2025
2025-02;303;Mexico;3133;Torrevieja;31;3;Alicante/Alacant;2025;m02-2025
2025-02;340;Argentina;3133;Torrevieja;47;3;Alicante/Alacant;2025;m02-2025
2025-02;342;Brasil;3133;Torrevieja;37;3;Alicante/Alacant;2025;m02-2025
2025-02;343;Colombia;3133;Torrevieja;209;3;Alicante/Alacant;2025;m02-2025
2025-02;407;China;3133;Torrevieja;83;3;Alicante/Alacant;2025;m02-2025
2025-02;410;India;3133;Torrevieja;31;3;Alicante/Alacant;2025;m02-2025
2025-02;443;Kazajstan;3133;Torrevieja;51;3;Alicante/Alacant;2025;m02-2025
2025-03;0;Total;3133;Torrevieja;43042;3;Alicante/Alacant;2025;m03-2025
2025-03;10;Total Europa;3133;Torrevieja;41306;3;Alicante/Alacant;2025;m03-2025
2025-03;11;Total Unión Europea;3133;Torrevieja;27014;3;Alicante/Alacant;2025;m03-2025
2025-03;20;Total África;3133;Torrevieja;361;3;Alicante/Alacant;2025;m03-2025
2025-03;30;Total América;3133;Torrevieja;955;3;Alicante/Alacant;2025;m03-2025
2025-03;31;Total América del Norte;3133;Torrevieja;470;3;Alicante/Alacant;2025;m03-2025
2025-03;33;Total Sudamérica;3133;Torrevieja;472;3;Alicante/Alacant;2025;m03-2025
2025-03;40;Total Asia;3133;Torrevieja;397;3;Alicante/Alacant;2025;m03-2025
2025-03;102;Austria;3133;Torrevieja;318;3;Alicante/Alacant;2025;m03-2025
2025-03;103;Bélgica;3133;Torrevieja;2086;3;Alicante/Alacant;2025;m03-2025
2025-03;104;Bulgaria;3133;Torrevieja;123;3;Alicante/Alacant;2025;m03-2025
2025-03;107;Dinamarca;3133;Torrevieja;863;3;Alicante/Alacant;2025;m03-2025
2025-03;109;Finlandia;3133;Torrevieja;2736;3;Alicante/Alacant;2025;m03-2025
2025-03;110;Francia;3133;Torrevieja;1423;3;Alicante/Alacant;2025;m03-2025
2025-03;112;Hungria;3133;Torrevieja;402;3;Alicante/Alacant;2025;m03-2025
2025-03;113;Irlanda;3133;Torrevieja;1787;3;Alicante/Alacant;2025;m03-2025
2025-03;114;Islandia;3133;Torrevieja;249;3;Alicante/Alacant;2025;m03-2025
2025-03;115;Italia;3133;Torrevieja;247;3;Alicante/Alacant;2025;m03-2025
2025-03;116;Liechtenstein;3133;Torrevieja;101;3;Alicante/Alacant;2025;m03-2025
2025-03;117;Luxemburgo;3133;Torrevieja;214;3;Alicante/Alacant;2025;m03-2025
2025-03;120;Noruega;3133;Torrevieja;4102;3;Alicante/Alacant;2025;m03-2025
2025-03;121;Países Bajos;3133;Torrevieja;2257;3;Alicante/Alacant;2025;m03-2025
2025-03;122;Polonia;3133;Torrevieja;4093;3;Alicante/Alacant;2025;m03-2025
2025-03;123;Portugal;3133;Torrevieja;135;3;Alicante/Alacant;2025;m03-2025
2025-03;125;Reino Unido;3133;Torrevieja;8576;3;Alicante/Alacant;2025;m03-2025
2025-03;126;Alemania;3133;Torrevieja;3214;3;Alicante/Alacant;2025;m03-2025
2025-03;128;Rumania;3133;Torrevieja;143;3;Alicante/Alacant;2025;m03-2025
2025-03;131;Suecia;3133;Torrevieja;5662;3;Alicante/Alacant;2025;m03-2025
2025-03;132;Suiza;3133;Torrevieja;440;3;Alicante/Alacant;2025;m03-2025
2025-03;136;Letonia;3133;Torrevieja;177;3;Alicante/Alacant;2025;m03-2025
2025-03;137;Moldavia / moldava;3133;Torrevieja;31;3;Alicante/Alacant;2025;m03-2025
2025-03;138;Bielorrusia / belarus;3133;Torrevieja;72;3;Alicante/Alacant;2025;m03-2025
2025-03;139;Georgia;3133;Torrevieja;42;3;Alicante/Alacant;2025;m03-2025
2025-03;141;Estonia;3133;Torrevieja;207;3;Alicante/Alacant;2025;m03-2025
2025-03;142;Lituania;3133;Torrevieja;449;3;Alicante/Alacant;2025;m03-2025
2025-03;143;República Checa;3133;Torrevieja;309;3;Alicante/Alacant;2025;m03-2025
2025-03;144;Eslovaquia;3133;Torrevieja;103;3;Alicante/Alacant;2025;m03-2025
2025-03;154;Rusia;3133;Torrevieja;568;3;Alicante/Alacant;2025;m03-2025
2025-03;203;Argelia;3133;Torrevieja;165;3;Alicante/Alacant;2025;m03-2025
2025-03;228;Marruecos;3133;Torrevieja;137;3;Alicante/Alacant;2025;m03-2025
2025-03;301;Canada;3133;Torrevieja;126;3;Alicante/Alacant;2025;m03-2025
2025-03;302;EE.UU.;3133;Torrevieja;312;3;Alicante/Alacant;2025;m03-2025
2025-03;303;Mexico;3133;Torrevieja;32;3;Alicante/Alacant;2025;m03-2025
2025-03;340;Argentina;3133;Torrevieja;64;3;Alicante/Alacant;2025;m03-2025
2025-03;342;Brasil;3133;Torrevieja;55;3;Alicante/Alacant;2025;m03-2025
2025-03;343;Colombia;3133;Torrevieja;242;3;Alicante/Alacant;2025;m03-2025
2025-03;350;Uruguay;3133;Torrevieja;37;3;Alicante/Alacant;2025;m03-2025
2025-03;407;China;3133;Torrevieja;156;3;Alicante/Alacant;2025;m03-2025
2025-03;410;India;3133;Torrevieja;43;3;Alicante/Alacant;2025;m03-2025
2025-03;443;Kazajstan;3133;Torrevieja;57;3;Alicante/Alacant;2025;m03-2025
2025-04;0;Total;3133;Torrevieja;52603;3;Alicante/Alacant;2025;m04-2025
2025-04;10;Total Europa;3133;Torrevieja;50645;3;Alicante/Alacant;2025;m04-2025
2025-04;11;Total Unión Europea;3133;Torrevieja;31954;3;Alicante/Alacant;2025;m04-2025
2025-04;20;Total África;3133;Torrevieja;428;3;Alicante/Alacant;2025;m04-2025
2025-04;30;Total América;3133;Torrevieja;1022;3;Alicante/Alacant;2025;m04-2025
2025-04;31;Total América del Norte;3133;Torrevieja;504;3;Alicante/Alacant;2025;m04-2025
2025-04;33;Total Sudamérica;3133;Torrevieja;500;3;Alicante/Alacant;2025;m04-2025
2025-04;40;Total Asia;3133;Torrevieja;482;3;Alicante/Alacant;2025;m04-2025
2025-04;102;Austria;3133;Torrevieja;406;3;Alicante/Alacant;2025;m04-2025
2025-04;103;Bélgica;3133;Torrevieja;2146;3;Alicante/Alacant;2025;m04-2025
2025-04;104;Bulgaria;3133;Torrevieja;140;3;Alicante/Alacant;2025;m04-2025
2025-04;107;Dinamarca;3133;Torrevieja;960;3;Alicante/Alacant;2025;m04-2025
2025-04;109;Finlandia;3133;Torrevieja;2711;3;Alicante/Alacant;2025;m04-2025
2025-04;110;Francia;3133;Torrevieja;2003;3;Alicante/Alacant;2025;m04-2025
2025-04;112;Hungria;3133;Torrevieja;595;3;Alicante/Alacant;2025;m04-2025
2025-04;113;Irlanda;3133;Torrevieja;3244;3;Alicante/Alacant;2025;m04-2025
2025-04;114;Islandia;3133;Torrevieja;314;3;Alicante/Alacant;2025;m04-2025
2025-04;115;Italia;3133;Torrevieja;428;3;Alicante/Alacant;2025;m04-2025
2025-04;116;Liechtenstein;3133;Torrevieja;114;3;Alicante/Alacant;2025;m04-2025
2025-04;117;Luxemburgo;3133;Torrevieja;228;3;Alicante/Alacant;2025;m04-2025
2025-04;120;Noruega;3133;Torrevieja;5353;3;Alicante/Alacant;2025;m04-2025
2025-04;121;Países Bajos;3133;Torrevieja;2351;3;Alicante/Alacant;2025;m04-2025
2025-04;122;Polonia;3133;Torrevieja;4339;3;Alicante/Alacant;2025;m04-2025
2025-04;123;Portugal;3133;Torrevieja;161;3;Alicante/Alacant;2025;m04-2025
2025-04;125;Reino Unido;3133;Torrevieja;11295;3;Alicante/Alacant;2025;m04-2025
2025-04;126;Alemania;3133;Torrevieja;3568;3;Alicante/Alacant;2025;m04-2025
2025-04;128;Rumania;3133;Torrevieja;227;3;Alicante/Alacant;2025;m04-2025
2025-04;131;Suecia;3133;Torrevieja;7040;3;Alicante/Alacant;2025;m04-2025
2025-04;132;Suiza;3133;Torrevieja;632;3;Alicante/Alacant;2025;m04-2025
2025-04;136;Letonia;3133;Torrevieja;183;3;Alicante/Alacant;2025;m04-2025
2025-04;138;Bielorrusia / belarus;3133;Torrevieja;79;3;Alicante/Alacant;2025;m04-2025
2025-04;139;Georgia;3133;Torrevieja;54;3;Alicante/Alacant;2025;m04-2025
2025-04;141;Estonia;3133;Torrevieja;257;3;Alicante/Alacant;2025;m04-2025
2025-04;142;Lituania;3133;Torrevieja;456;3;Alicante/Alacant;2025;m04-2025
2025-04;143;República Checa;3133;Torrevieja;357;3;Alicante/Alacant;2025;m04-2025
2025-04;144;Eslovaquia;3133;Torrevieja;92;3;Alicante/Alacant;2025;m04-2025
2025-04;154;Rusia;3133;Torrevieja;719;3;Alicante/Alacant;2025;m04-2025
2025-04;203;Argelia;3133;Torrevieja;151;3;Alicante/Alacant;2025;m04-2025
2025-04;228;Marruecos;3133;Torrevieja;174;3;Alicante/Alacant;2025;m04-2025
2025-04;239;Senegal;3133;Torrevieja;39;3;Alicante/Alacant;2025;m04-2025
2025-04;302;EE.UU.;3133;Torrevieja;369;3;Alicante/Alacant;2025;m04-2025
2025-04;340;Argentina;3133;Torrevieja;69;3;Alicante/Alacant;2025;m04-2025
2025-04;342;Brasil;3133;Torrevieja;42;3;Alicante/Alacant;2025;m04-2025
2025-04;343;Colombia;3133;Torrevieja;251;3;Alicante/Alacant;2025;m04-2025
2025-04;344;Chile;3133;Torrevieja;35;3;Alicante/Alacant;2025;m04-2025
2025-04;350;Uruguay;3133;Torrevieja;35;3;Alicante/Alacant;2025;m04-2025
2025-04;407;China;3133;Torrevieja;157;3;Alicante/Alacant;2025;m04-2025
2025-04;408;Emiratos arabes unidos;3133;Torrevieja;33;3;Alicante/Alacant;2025;m04-2025
2025-04;409;Filipinas;3133;Torrevieja;48;3;Alicante/Alacant;2025;m04-2025
2025-04;410;India;3133;Torrevieja;53;3;Alicante/Alacant;2025;m04-2025
2025-04;414;Israel;3133;Torrevieja;36;3;Alicante/Alacant;2025;m04-2025
2025-04;443;Kazajstan;3133;Torrevieja;49;3;Alicante/Alacant;2025;m04-2025
2025-05;0;Total;3133;Torrevieja;53891;3;Alicante/Alacant;2025;m05-2025
2025-05;10;Total Europa;3133;Torrevieja;51564;3;Alicante/Alacant;2025;m05-2025
2025-05;11;Total Unión Europea;3133;Torrevieja;32642;3;Alicante/Alacant;2025;m05-2025
2025-05;20;Total África;3133;Torrevieja;542;3;Alicante/Alacant;2025;m05-2025
2025-05;30;Total América;3133;Torrevieja;1231;3;Alicante/Alacant;2025;m05-2025
2025-05;31;Total América del Norte;3133;Torrevieja;648;3;Alicante/Alacant;2025;m05-2025
2025-05;33;Total Sudamérica;3133;Torrevieja;568;3;Alicante/Alacant;2025;m05-2025
2025-05;40;Total Asia;3133;Torrevieja;511;3;Alicante/Alacant;2025;m05-2025
2025-05;102;Austria;3133;Torrevieja;467;3;Alicante/Alacant;2025;m05-2025
2025-05;103;Bélgica;3133;Torrevieja;2451;3;Alicante/Alacant;2025;m05-2025
2025-05;104;Bulgaria;3133;Torrevieja;141;3;Alicante/Alacant;2025;m05-2025
2025-05;107;Dinamarca;3133;Torrevieja;903;3;Alicante/Alacant;2025;m05-2025
2025-05;109;Finlandia;3133;Torrevieja;2432;3;Alicante/Alacant;2025;m05-2025
2025-05;110;Francia;3133;Torrevieja;2256;3;Alicante/Alacant;2025;m05-2025
2025-05;112;Hungria;3133;Torrevieja;659;3;Alicante/Alacant;2025;m05-2025
2025-05;113;Irlanda;3133;Torrevieja;3519;3;Alicante/Alacant;2025;m05-2025
2025-05;114;Islandia;3133;Torrevieja;299;3;Alicante/Alacant;2025;m05-2025
2025-05;115;Italia;3133;Torrevieja;403;3;Alicante/Alacant;2025;m05-2025
2025-05;116;Liechtenstein;3133;Torrevieja;123;3;Alicante/Alacant;2025;m05-2025
2025-05;117;Luxemburgo;3133;Torrevieja;268;3;Alicante/Alacant;2025;m05-2025
2025-05;120;Noruega;3133;Torrevieja;4580;3;Alicante/Alacant;2025;m05-2025
2025-05;121;Países Bajos;3133;Torrevieja;2528;3;Alicante/Alacant;2025;m05-2025
2025-05;122;Polonia;3133;Torrevieja;3634;3;Alicante/Alacant;2025;m05-2025
2025-05;123;Portugal;3133;Torrevieja;131;3;Alicante/Alacant;2025;m05-2025
2025-05;125;Reino Unido;3133;Torrevieja;12233;3;Alicante/Alacant;2025;m05-2025
2025-05;126;Alemania;3133;Torrevieja;3423;3;Alicante/Alacant;2025;m05-2025
2025-05;128;Rumania;3133;Torrevieja;255;3;Alicante/Alacant;2025;m05-2025
2025-05;131;Suecia;3133;Torrevieja;7468;3;Alicante/Alacant;2025;m05-2025
2025-05;132;Suiza;3133;Torrevieja;630;3;Alicante/Alacant;2025;m05-2025
2025-05;136;Letonia;3133;Torrevieja;209;3;Alicante/Alacant;2025;m05-2025
2025-05;137;Moldavia / moldava;3133;Torrevieja;37;3;Alicante/Alacant;2025;m05-2025
2025-05;138;Bielorrusia / belarus;3133;Torrevieja;106;3;Alicante/Alacant;2025;m05-2025
2025-05;139;Georgia;3133;Torrevieja;55;3;Alicante/Alacant;2025;m05-2025
2025-05;141;Estonia;3133;Torrevieja;291;3;Alicante/Alacant;2025;m05-2025
2025-05;142;Lituania;3133;Torrevieja;486;3;Alicante/Alacant;2025;m05-2025
2025-05;143;República Checa;3133;Torrevieja;508;3;Alicante/Alacant;2025;m05-2025
2025-05;144;Eslovaquia;3133;Torrevieja;122;3;Alicante/Alacant;2025;m05-2025
2025-05;147;Eslovenia;3133;Torrevieja;33;3;Alicante/Alacant;2025;m05-2025
2025-05;148;Armenia;3133;Torrevieja;31;3;Alicante/Alacant;2025;m05-2025
2025-05;154;Rusia;3133;Torrevieja;725;3;Alicante/Alacant;2025;m05-2025
2025-05;203;Argelia;3133;Torrevieja;211;3;Alicante/Alacant;2025;m05-2025
2025-05;228;Marruecos;3133;Torrevieja;224;3;Alicante/Alacant;2025;m05-2025
2025-05;239;Senegal;3133;Torrevieja;56;3;Alicante/Alacant;2025;m05-2025
2025-05;302;EE.UU.;3133;Torrevieja;481;3;Alicante/Alacant;2025;m05-2025
2025-05;340;Argentina;3133;Torrevieja;78;3;Alicante/Alacant;2025;m05-2025
2025-05;342;Brasil;3133;Torrevieja;64;3;Alicante/Alacant;2025;m05-2025
2025-05;343;Colombia;3133;Torrevieja;285;3;Alicante/Alacant;2025;m05-2025
2025-05;350;Uruguay;3133;Torrevieja;45;3;Alicante/Alacant;2025;m05-2025
2025-05;407;China;3133;Torrevieja;203;3;Alicante/Alacant;2025;m05-2025
2025-05;409;Filipinas;3133;Torrevieja;31;3;Alicante/Alacant;2025;m05-2025
2025-05;410;India;3133;Torrevieja;93;3;Alicante/Alacant;2025;m05-2025
2025-05;443;Kazajstan;3133;Torrevieja;48;3;Alicante/Alacant;2025;m05-2025
2025-06;0;Total;3133;Torrevieja;56279;3;Alicante/Alacant;2025;m06-2025
2025-06;10;Total Europa;3133;Torrevieja;54034;3;Alicante/Alacant;2025;m06-2025
2025-06;11;Total Unión Europea;3133;Torrevieja;33754;3;Alicante/Alacant;2025;m06-2025
2025-06;20;Total África;3133;Torrevieja;488;3;Alicante/Alacant;2025;m06-2025
2025-06;30;Total América;3133;Torrevieja;1244;3;Alicante/Alacant;2025;m06-2025
2025-06;31;Total América del Norte;3133;Torrevieja;694;3;Alicante/Alacant;2025;m06-2025
2025-06;33;Total Sudamérica;3133;Torrevieja;529;3;Alicante/Alacant;2025;m06-2025
2025-06;40;Total Asia;3133;Torrevieja;472;3;Alicante/Alacant;2025;m06-2025
2025-06;102;Austria;3133;Torrevieja;449;3;Alicante/Alacant;2025;m06-2025
2025-06;103;Bélgica;3133;Torrevieja;2497;3;Alicante/Alacant;2025;m06-2025
2025-06;104;Bulgaria;3133;Torrevieja;148;3;Alicante/Alacant;2025;m06-2025
2025-06;107;Dinamarca;3133;Torrevieja;940;3;Alicante/Alacant;2025;m06-2025
2025-06;109;Finlandia;3133;Torrevieja;2136;3;Alicante/Alacant;2025;m06-2025
2025-06;110;Francia;3133;Torrevieja;1853;3;Alicante/Alacant;2025;m06-2025
2025-06;112;Hungria;3133;Torrevieja;815;3;Alicante/Alacant;2025;m06-2025
2025-06;113;Irlanda;3133;Torrevieja;3909;3;Alicante/Alacant;2025;m06-2025
2025-06;114;Islandia;3133;Torrevieja;322;3;Alicante/Alacant;2025;m06-2025
2025-06;115;Italia;3133;Torrevieja;536;3;Alicante/Alacant;2025;m06-2025
2025-06;116;Liechtenstein;3133;Torrevieja;164;3;Alicante/Alacant;2025;m06-2025
2025-06;117;Luxemburgo;3133;Torrevieja;257;3;Alicante/Alacant;2025;m06-2025
2025-06;120;Noruega;3133;Torrevieja;5190;3;Alicante/Alacant;2025;m06-2025
2025-06;121;Países Bajos;3133;Torrevieja;2158;3;Alicante/Alacant;2025;m06-2025
2025-06;122;Polonia;3133;Torrevieja;3625;3;Alicante/Alacant;2025;m06-2025
2025-06;123;Portugal;3133;Torrevieja;197;3;Alicante/Alacant;2025;m06-2025
2025-06;125;Reino Unido;3133;Torrevieja;12557;3;Alicante/Alacant;2025;m06-2025
2025-06;126;Alemania;3133;Torrevieja;4090;3;Alicante/Alacant;2025;m06-2025
2025-06;128;Rumania;3133;Torrevieja;265;3;Alicante/Alacant;2025;m06-2025
2025-06;131;Suecia;3133;Torrevieja;7815;3;Alicante/Alacant;2025;m06-2025
2025-06;132;Suiza;3133;Torrevieja;672;3;Alicante/Alacant;2025;m06-2025
2025-06;136;Letonia;3133;Torrevieja;260;3;Alicante/Alacant;2025;m06-2025
2025-06;137;Moldavia / moldava;3133;Torrevieja;53;3;Alicante/Alacant;2025;m06-2025
2025-06;138;Bielorrusia / belarus;3133;Torrevieja;121;3;Alicante/Alacant;2025;m06-2025
2025-06;139;Georgia;3133;Torrevieja;59;3;Alicante/Alacant;2025;m06-2025
2025-06;141;Estonia;3133;Torrevieja;254;3;Alicante/Alacant;2025;m06-2025
2025-06;142;Lituania;3133;Torrevieja;563;3;Alicante/Alacant;2025;m06-2025
2025-06;143;República Checa;3133;Torrevieja;813;3;Alicante/Alacant;2025;m06-2025
2025-06;144;Eslovaquia;3133;Torrevieja;113;3;Alicante/Alacant;2025;m06-2025
2025-06;148;Armenia;3133;Torrevieja;30;3;Alicante/Alacant;2025;m06-2025
2025-06;154;Rusia;3133;Torrevieja;952;3;Alicante/Alacant;2025;m06-2025
2025-06;157;Serbia;3133;Torrevieja;64;3;Alicante/Alacant;2025;m06-2025
2025-06;174;Gibraltar;3133;Torrevieja;41;3;Alicante/Alacant;2025;m06-2025
2025-06;203;Argelia;3133;Torrevieja;193;3;Alicante/Alacant;2025;m06-2025
2025-06;228;Marruecos;3133;Torrevieja;208;3;Alicante/Alacant;2025;m06-2025
2025-06;239;Senegal;3133;Torrevieja;43;3;Alicante/Alacant;2025;m06-2025
2025-06;301;Canada;3133;Torrevieja;141;3;Alicante/Alacant;2025;m06-2025
2025-06;302;EE.UU.;3133;Torrevieja;511;3;Alicante/Alacant;2025;m06-2025
2025-06;303;Mexico;3133;Torrevieja;42;3;Alicante/Alacant;2025;m06-2025
2025-06;340;Argentina;3133;Torrevieja;69;3;Alicante/Alacant;2025;m06-2025
2025-06;342;Brasil;3133;Torrevieja;42;3;Alicante/Alacant;2025;m06-2025
2025-06;343;Colombia;3133;Torrevieja;263;3;Alicante/Alacant;2025;m06-2025
2025-06;344;Chile;3133;Torrevieja;42;3;Alicante/Alacant;2025;m06-2025
2025-06;350;Uruguay;3133;Torrevieja;44;3;Alicante/Alacant;2025;m06-2025
2025-06;407;China;3133;Torrevieja;161;3;Alicante/Alacant;2025;m06-2025
2025-06;408;Emiratos arabes unidos;3133;Torrevieja;34;3;Alicante/Alacant;2025;m06-2025
2025-06;410;India;3133;Torrevieja;55;3;Alicante/Alacant;2025;m06-2025
2025-06;443;Kazajstan;3133;Torrevieja;48;3;Alicante/Alacant;2025;m06-2025
2025-07;0;Total;3133;Torrevieja;80914;3;Alicante/Alacant;2025;m07-2025
2025-07;10;Total Europa;3133;Torrevieja;77981;3;Alicante/Alacant;2025;m07-2025
2025-07;11;Total Unión Europea;3133;Torrevieja;51157;3;Alicante/Alacant;2025;m07-2025
2025-07;20;Total África;3133;Torrevieja;755;3;Alicante/Alacant;2025;m07-2025
2025-07;30;Total América;3133;Torrevieja;1505;3;Alicante/Alacant;2025;m07-2025
2025-07;31;Total América del Norte;3133;Torrevieja;875;3;Alicante/Alacant;2025;m07-2025
2025-07;33;Total Sudamérica;3133;Torrevieja;614;3;Alicante/Alacant;2025;m07-2025
2025-07;40;Total Asia;3133;Torrevieja;642;3;Alicante/Alacant;2025;m07-2025
2025-07;102;Austria;3133;Torrevieja;521;3;Alicante/Alacant;2025;m07-2025
2025-07;103;Bélgica;3133;Torrevieja;6229;3;Alicante/Alacant;2025;m07-2025
2025-07;104;Bulgaria;3133;Torrevieja;157;3;Alicante/Alacant;2025;m07-2025
2025-07;107;Dinamarca;3133;Torrevieja;1755;3;Alicante/Alacant;2025;m07-2025
2025-07;109;Finlandia;3133;Torrevieja;2152;3;Alicante/Alacant;2025;m07-2025
2025-07;110;Francia;3133;Torrevieja;3512;3;Alicante/Alacant;2025;m07-2025
2025-07;112;Hungria;3133;Torrevieja;1356;3;Alicante/Alacant;2025;m07-2025
2025-07;113;Irlanda;3133;Torrevieja;4792;3;Alicante/Alacant;2025;m07-2025
2025-07;114;Islandia;3133;Torrevieja;414;3;Alicante/Alacant;2025;m07-2025
2025-07;115;Italia;3133;Torrevieja;524;3;Alicante/Alacant;2025;m07-2025
2025-07;116;Liechtenstein;3133;Torrevieja;96;3;Alicante/Alacant;2025;m07-2025
2025-07;117;Luxemburgo;3133;Torrevieja;276;3;Alicante/Alacant;2025;m07-2025
2025-07;120;Noruega;3133;Torrevieja;9263;3;Alicante/Alacant;2025;m07-2025
2025-07;121;Países Bajos;3133;Torrevieja;2775;3;Alicante/Alacant;2025;m07-2025
2025-07;122;Polonia;3133;Torrevieja;5894;3;Alicante/Alacant;2025;m07-2025
2025-07;123;Portugal;3133;Torrevieja;310;3;Alicante/Alacant;2025;m07-2025
2025-07;125;Reino Unido;3133;Torrevieja;14459;3;Alicante/Alacant;2025;m07-2025
2025-07;126;Alemania;3133;Torrevieja;4514;3;Alicante/Alacant;2025;m07-2025
2025-07;128;Rumania;3133;Torrevieja;460;3;Alicante/Alacant;2025;m07-2025
2025-07;131;Suecia;3133;Torrevieja;12983;3;Alicante/Alacant;2025;m07-2025
2025-07;132;Suiza;3133;Torrevieja;949;3;Alicante/Alacant;2025;m07-2025
2025-07;136;Letonia;3133;Torrevieja;255;3;Alicante/Alacant;2025;m07-2025
2025-07;137;Moldavia / moldava;3133;Torrevieja;64;3;Alicante/Alacant;2025;m07-2025
2025-07;138;Bielorrusia / belarus;3133;Torrevieja;152;3;Alicante/Alacant;2025;m07-2025
2025-07;139;Georgia;3133;Torrevieja;56;3;Alicante/Alacant;2025;m07-2025
2025-07;141;Estonia;3133;Torrevieja;298;3;Alicante/Alacant;2025;m07-2025
2025-07;142;Lituania;3133;Torrevieja;738;3;Alicante/Alacant;2025;m07-2025
2025-07;143;República Checa;3133;Torrevieja;1322;3;Alicante/Alacant;2025;m07-2025
2025-07;144;Eslovaquia;3133;Torrevieja;200;3;Alicante/Alacant;2025;m07-2025
2025-07;147;Eslovenia;3133;Torrevieja;57;3;Alicante/Alacant;2025;m07-2025
2025-07;148;Armenia;3133;Torrevieja;33;3;Alicante/Alacant;2025;m07-2025
2025-07;154;Rusia;3133;Torrevieja;1177;3;Alicante/Alacant;2025;m07-2025
2025-07;157;Serbia;3133;Torrevieja;60;3;Alicante/Alacant;2025;m07-2025
2025-07;203;Argelia;3133;Torrevieja;412;3;Alicante/Alacant;2025;m07-2025
2025-07;228;Marruecos;3133;Torrevieja;214;3;Alicante/Alacant;2025;m07-2025
2025-07;239;Senegal;3133;Torrevieja;69;3;Alicante/Alacant;2025;m07-2025
2025-07;301;Canada;3133;Torrevieja;224;3;Alicante/Alacant;2025;m07-2025
2025-07;302;EE.UU.;3133;Torrevieja;618;3;Alicante/Alacant;2025;m07-2025
2025-07;303;Mexico;3133;Torrevieja;33;3;Alicante/Alacant;2025;m07-2025
2025-07;340;Argentina;3133;Torrevieja;75;3;Alicante/Alacant;2025;m07-2025
2025-07;342;Brasil;3133;Torrevieja;60;3;Alicante/Alacant;2025;m07-2025
2025-07;343;Colombia;3133;Torrevieja;303;3;Alicante/Alacant;2025;m07-2025
2025-07;344;Chile;3133;Torrevieja;33;3;Alicante/Alacant;2025;m07-2025
2025-07;350;Uruguay;3133;Torrevieja;65;3;Alicante/Alacant;2025;m07-2025
2025-07;407;China;3133;Torrevieja;182;3;Alicante/Alacant;2025;m07-2025
2025-07;408;Emiratos arabes unidos;3133;Torrevieja;55;3;Alicante/Alacant;2025;m07-2025
2025-07;409;Filipinas;3133;Torrevieja;31;3;Alicante/Alacant;2025;m07-2025
2025-07;410;India;3133;Torrevieja;65;3;Alicante/Alacant;2025;m07-2025
2025-07;435;Tailandia;3133;Torrevieja;31;3;Alicante/Alacant;2025;m07-2025
2025-07;443;Kazajstan;3133;Torrevieja;139;3;Alicante/Alacant;2025;m07-2025
2025-08;0;Total;3133;Torrevieja;88363;3;Alicante/Alacant;2025;m08-2025
2025-08;10;Total Europa;3133;Torrevieja;84851;3;Alicante/Alacant;2025;m08-2025
2025-08;11;Total Unión Europea;3133;Torrevieja;56428;3;Alicante/Alacant;2025;m08-2025
2025-08;20;Total África;3133;Torrevieja;1269;3;Alicante/Alacant;2025;m08-2025
2025-08;30;Total América;3133;Torrevieja;1531;3;Alicante/Alacant;2025;m08-2025
2025-08;31;Total América del Norte;3133;Torrevieja;898;3;Alicante/Alacant;2025;m08-2025
2025-08;33;Total Sudamérica;3133;Torrevieja;613;3;Alicante/Alacant;2025;m08-2025
2025-08;40;Total Asia;3133;Torrevieja;659;3;Alicante/Alacant;2025;m08-2025
2025-08;102;Austria;3133;Torrevieja;805;3;Alicante/Alacant;2025;m08-2025
2025-08;103;Bélgica;3133;Torrevieja;6180;3;Alicante/Alacant;2025;m08-2025
2025-08;104;Bulgaria;3133;Torrevieja;122;3;Alicante/Alacant;2025;m08-2025
2025-08;107;Dinamarca;3133;Torrevieja;1383;3;Alicante/Alacant;2025;m08-2025
2025-08;109;Finlandia;3133;Torrevieja;1439;3;Alicante/Alacant;2025;m08-2025
2025-08;110;Francia;3133;Torrevieja;8221;3;Alicante/Alacant;2025;m08-2025
2025-08;112;Hungria;3133;Torrevieja;1009;3;Alicante/Alacant;2025;m08-2025
2025-08;113;Irlanda;3133;Torrevieja;4404;3;Alicante/Alacant;2025;m08-2025
2025-08;114;Islandia;3133;Torrevieja;483;3;Alicante/Alacant;2025;m08-2025
2025-08;115;Italia;3133;Torrevieja;995;3;Alicante/Alacant;2025;m08-2025
2025-08;116;Liechtenstein;3133;Torrevieja;103;3;Alicante/Alacant;2025;m08-2025
2025-08;117;Luxemburgo;3133;Torrevieja;437;3;Alicante/Alacant;2025;m08-2025
2025-08;120;Noruega;3133;Torrevieja;6408;3;Alicante/Alacant;2025;m08-2025
2025-08;121;Países Bajos;3133;Torrevieja;4271;3;Alicante/Alacant;2025;m08-2025
2025-08;122;Polonia;3133;Torrevieja;5735;3;Alicante/Alacant;2025;m08-2025
2025-08;123;Portugal;3133;Torrevieja;754;3;Alicante/Alacant;2025;m08-2025
2025-08;124;Andorra;3133;Torrevieja;32;3;Alicante/Alacant;2025;m08-2025
2025-08;125;Reino Unido;3133;Torrevieja;18741;3;Alicante/Alacant;2025;m08-2025
2025-08;126;Alemania;3133;Torrevieja;6765;3;Alicante/Alacant;2025;m08-2025
2025-08;128;Rumania;3133;Torrevieja;463;3;Alicante/Alacant;2025;m08-2025
2025-08;131;Suecia;3133;Torrevieja;10790;3;Alicante/Alacant;2025;m08-2025
2025-08;132;Suiza;3133;Torrevieja;1195;3;Alicante/Alacant;2025;m08-2025
2025-08;136;Letonia;3133;Torrevieja;215;3;Alicante/Alacant;2025;m08-2025
2025-08;137;Moldavia / moldava;3133;Torrevieja;90;3;Alicante/Alacant;2025;m08-2025
2025-08;138;Bielorrusia / belarus;3133;Torrevieja;111;3;Alicante/Alacant;2025;m08-2025
2025-08;139;Georgia;3133;Torrevieja;49;3;Alicante/Alacant;2025;m08-2025
2025-08;141;Estonia;3133;Torrevieja;311;3;Alicante/Alacant;2025;m08-2025
2025-08;142;Lituania;3133;Torrevieja;631;3;Alicante/Alacant;2025;m08-2025
2025-08;143;República Checa;3133;Torrevieja;1180;3;Alicante/Alacant;2025;m08-2025
2025-08;144;Eslovaquia;3133;Torrevieja;216;3;Alicante/Alacant;2025;m08-2025
2025-08;154;Rusia;3133;Torrevieja;1031;3;Alicante/Alacant;2025;m08-2025
2025-08;157;Serbia;3133;Torrevieja;89;3;Alicante/Alacant;2025;m08-2025
2025-08;203;Argelia;3133;Torrevieja;670;3;Alicante/Alacant;2025;m08-2025
2025-08;228;Marruecos;3133;Torrevieja;472;3;Alicante/Alacant;2025;m08-2025
2025-08;239;Senegal;3133;Torrevieja;50;3;Alicante/Alacant;2025;m08-2025
2025-08;302;EE.UU.;3133;Torrevieja;636;3;Alicante/Alacant;2025;m08-2025
2025-08;340;Argentina;3133;Torrevieja;86;3;Alicante/Alacant;2025;m08-2025
2025-08;342;Brasil;3133;Torrevieja;76;3;Alicante/Alacant;2025;m08-2025
2025-08;343;Colombia;3133;Torrevieja;297;3;Alicante/Alacant;2025;m08-2025
2025-08;344;Chile;3133;Torrevieja;51;3;Alicante/Alacant;2025;m08-2025
2025-08;350;Uruguay;3133;Torrevieja;38;3;Alicante/Alacant;2025;m08-2025
2025-08;407;China;3133;Torrevieja;204;3;Alicante/Alacant;2025;m08-2025
2025-08;408;Emiratos arabes unidos;3133;Torrevieja;57;3;Alicante/Alacant;2025;m08-2025
2025-08;409;Filipinas;3133;Torrevieja;30;3;Alicante/Alacant;2025;m08-2025
2025-08;410;India;3133;Torrevieja;84;3;Alicante/Alacant;2025;m08-2025
2025-08;443;Kazajstan;3133;Torrevieja;128;3;Alicante/Alacant;2025;m08-2025
2025-09;0;Total;3133;Torrevieja;59149;3;Alicante/Alacant;2025;m09-2025
2025-09;10;Total Europa;3133;Torrevieja;56361;3;Alicante/Alacant;2025;m09-2025
2025-09;11;Total Unión Europea;3133;Torrevieja;35534;3;Alicante/Alacant;2025;m09-2025
2025-09;20;Total África;3133;Torrevieja;838;3;Alicante/Alacant;2025;m09-2025
2025-09;30;Total América;3133;Torrevieja;1407;3;Alicante/Alacant;2025;m09-2025
2025-09;31;Total América del Norte;3133;Torrevieja;856;3;Alicante/Alacant;2025;m09-2025
2025-09;33;Total Sudamérica;3133;Torrevieja;536;3;Alicante/Alacant;2025;m09-2025
2025-09;40;Total Asia;3133;Torrevieja;512;3;Alicante/Alacant;2025;m09-2025
2025-09;102;Austria;3133;Torrevieja;511;3;Alicante/Alacant;2025;m09-2025
2025-09;103;Bélgica;3133;Torrevieja;3217;3;Alicante/Alacant;2025;m09-2025
2025-09;104;Bulgaria;3133;Torrevieja;102;3;Alicante/Alacant;2025;m09-2025
2025-09;107;Dinamarca;3133;Torrevieja;1232;3;Alicante/Alacant;2025;m09-2025
2025-09;109;Finlandia;3133;Torrevieja;1994;3;Alicante/Alacant;2025;m09-2025
2025-09;110;Francia;3133;Torrevieja;2640;3;Alicante/Alacant;2025;m09-2025
2025-09;112;Hungria;3133;Torrevieja;821;3;Alicante/Alacant;2025;m09-2025
2025-09;113;Irlanda;3133;Torrevieja;3570;3;Alicante/Alacant;2025;m09-2025
2025-09;114;Islandia;3133;Torrevieja;306;3;Alicante/Alacant;2025;m09-2025
2025-09;115;Italia;3133;Torrevieja;575;3;Alicante/Alacant;2025;m09-2025
2025-09;116;Liechtenstein;3133;Torrevieja;80;3;Alicante/Alacant;2025;m09-2025
2025-09;117;Luxemburgo;3133;Torrevieja;284;3;Alicante/Alacant;2025;m09-2025
2025-09;120;Noruega;3133;Torrevieja;4388;3;Alicante/Alacant;2025;m09-2025
2025-09;121;Países Bajos;3133;Torrevieja;2395;3;Alicante/Alacant;2025;m09-2025
2025-09;122;Polonia;3133;Torrevieja;4121;3;Alicante/Alacant;2025;m09-2025
2025-09;123;Portugal;3133;Torrevieja;327;3;Alicante/Alacant;2025;m09-2025
2025-09;125;Reino Unido;3133;Torrevieja;13933;3;Alicante/Alacant;2025;m09-2025
2025-09;126;Alemania;3133;Torrevieja;4524;3;Alicante/Alacant;2025;m09-2025
2025-09;128;Rumania;3133;Torrevieja;247;3;Alicante/Alacant;2025;m09-2025
2025-09;131;Suecia;3133;Torrevieja;6901;3;Alicante/Alacant;2025;m09-2025
2025-09;132;Suiza;3133;Torrevieja;671;3;Alicante/Alacant;2025;m09-2025
2025-09;136;Letonia;3133;Torrevieja;219;3;Alicante/Alacant;2025;m09-2025
2025-09;137;Moldavia / moldava;3133;Torrevieja;62;3;Alicante/Alacant;2025;m09-2025
2025-09;138;Bielorrusia / belarus;3133;Torrevieja;132;3;Alicante/Alacant;2025;m09-2025
2025-09;139;Georgia;3133;Torrevieja;47;3;Alicante/Alacant;2025;m09-2025
2025-09;141;Estonia;3133;Torrevieja;228;3;Alicante/Alacant;2025;m09-2025
2025-09;142;Lituania;3133;Torrevieja;529;3;Alicante/Alacant;2025;m09-2025
2025-09;143;República Checa;3133;Torrevieja;827;3;Alicante/Alacant;2025;m09-2025
2025-09;144;Eslovaquia;3133;Torrevieja;184;3;Alicante/Alacant;2025;m09-2025
2025-09;148;Armenia;3133;Torrevieja;35;3;Alicante/Alacant;2025;m09-2025
2025-09;154;Rusia;3133;Torrevieja;977;3;Alicante/Alacant;2025;m09-2025
2025-09;157;Serbia;3133;Torrevieja;87;3;Alicante/Alacant;2025;m09-2025
2025-09;174;Gibraltar;3133;Torrevieja;38;3;Alicante/Alacant;2025;m09-2025
2025-09;203;Argelia;3133;Torrevieja;533;3;Alicante/Alacant;2025;m09-2025
2025-09;228;Marruecos;3133;Torrevieja;214;3;Alicante/Alacant;2025;m09-2025
2025-09;239;Senegal;3133;Torrevieja;46;3;Alicante/Alacant;2025;m09-2025
2025-09;302;EE.UU.;3133;Torrevieja;639;3;Alicante/Alacant;2025;m09-2025
2025-09;340;Argentina;3133;Torrevieja;78;3;Alicante/Alacant;2025;m09-2025
2025-09;342;Brasil;3133;Torrevieja;72;3;Alicante/Alacant;2025;m09-2025
2025-09;343;Colombia;3133;Torrevieja;268;3;Alicante/Alacant;2025;m09-2025
2025-09;350;Uruguay;3133;Torrevieja;34;3;Alicante/Alacant;2025;m09-2025
2025-09;407;China;3133;Torrevieja;162;3;Alicante/Alacant;2025;m09-2025
2025-09;409;Filipinas;3133;Torrevieja;39;3;Alicante/Alacant;2025;m09-2025
2025-09;410;India;3133;Torrevieja;54;3;Alicante/Alacant;2025;m09-2025
2025-09;443;Kazajstan;3133;Torrevieja;108;3;Alicante/Alacant;2025;m09-2025
2025-10;0;Total;3133;Torrevieja;59734;3;Alicante/Alacant;2025;m10-2025
2025-10;10;Total Europa;3133;Torrevieja;57323;3;Alicante/Alacant;2025;m10-2025
2025-10;11;Total Unión Europea;3133;Torrevieja;37439;3;Alicante/Alacant;2025;m10-2025
2025-10;20;Total África;3133;Torrevieja;464;3;Alicante/Alacant;2025;m10-2025
2025-10;30;Total América;3133;Torrevieja;1353;3;Alicante/Alacant;2025;m10-2025
2025-10;31;Total América del Norte;3133;Torrevieja;840;3;Alicante/Alacant;2025;m10-2025
2025-10;33;Total Sudamérica;3133;Torrevieja;499;3;Alicante/Alacant;2025;m10-2025
2025-10;40;Total Asia;3133;Torrevieja;542;3;Alicante/Alacant;2025;m10-2025
2025-10;102;Austria;3133;Torrevieja;533;3;Alicante/Alacant;2025;m10-2025
2025-10;103;Bélgica;3133;Torrevieja;2369;3;Alicante/Alacant;2025;m10-2025
2025-10;104;Bulgaria;3133;Torrevieja;142;3;Alicante/Alacant;2025;m10-2025
2025-10;107;Dinamarca;3133;Torrevieja;1195;3;Alicante/Alacant;2025;m10-2025
2025-10;109;Finlandia;3133;Torrevieja;2614;3;Alicante/Alacant;2025;m10-2025
2025-10;110;Francia;3133;Torrevieja;2346;3;Alicante/Alacant;2025;m10-2025
2025-10;112;Hungria;3133;Torrevieja;928;3;Alicante/Alacant;2025;m10-2025
2025-10;113;Irlanda;3133;Torrevieja;3000;3;Alicante/Alacant;2025;m10-2025
2025-10;114;Islandia;3133;Torrevieja;288;3;Alicante/Alacant;2025;m10-2025
2025-10;115;Italia;3133;Torrevieja;388;3;Alicante/Alacant;2025;m10-2025
2025-10;116;Liechtenstein;3133;Torrevieja;70;3;Alicante/Alacant;2025;m10-2025
2025-10;117;Luxemburgo;3133;Torrevieja;208;3;Alicante/Alacant;2025;m10-2025
2025-10;118;Malta;3133;Torrevieja;31;3;Alicante/Alacant;2025;m10-2025
2025-10;120;Noruega;3133;Torrevieja;5490;3;Alicante/Alacant;2025;m10-2025
2025-10;121;Países Bajos;3133;Torrevieja;2540;3;Alicante/Alacant;2025;m10-2025
2025-10;122;Polonia;3133;Torrevieja;4740;3;Alicante/Alacant;2025;m10-2025
2025-10;123;Portugal;3133;Torrevieja;145;3;Alicante/Alacant;2025;m10-2025
2025-10;125;Reino Unido;3133;Torrevieja;11708;3;Alicante/Alacant;2025;m10-2025
2025-10;126;Alemania;3133;Torrevieja;5349;3;Alicante/Alacant;2025;m10-2025
2025-10;128;Rumania;3133;Torrevieja;242;3;Alicante/Alacant;2025;m10-2025
2025-10;131;Suecia;3133;Torrevieja;8503;3;Alicante/Alacant;2025;m10-2025
2025-10;132;Suiza;3133;Torrevieja;904;3;Alicante/Alacant;2025;m10-2025
2025-10;136;Letonia;3133;Torrevieja;193;3;Alicante/Alacant;2025;m10-2025
2025-10;137;Moldavia / moldava;3133;Torrevieja;46;3;Alicante/Alacant;2025;m10-2025
2025-10;138;Bielorrusia / belarus;3133;Torrevieja;126;3;Alicante/Alacant;2025;m10-2025
2025-10;139;Georgia;3133;Torrevieja;61;3;Alicante/Alacant;2025;m10-2025
2025-10;141;Estonia;3133;Torrevieja;302;3;Alicante/Alacant;2025;m10-2025
2025-10;142;Lituania;3133;Torrevieja;762;3;Alicante/Alacant;2025;m10-2025
2025-10;143;República Checa;3133;Torrevieja;716;3;Alicante/Alacant;2025;m10-2025
2025-10;144;Eslovaquia;3133;Torrevieja;140;3;Alicante/Alacant;2025;m10-2025
2025-10;154;Rusia;3133;Torrevieja;1022;3;Alicante/Alacant;2025;m10-2025
2025-10;157;Serbia;3133;Torrevieja;53;3;Alicante/Alacant;2025;m10-2025
2025-10;203;Argelia;3133;Torrevieja;239;3;Alicante/Alacant;2025;m10-2025
2025-10;228;Marruecos;3133;Torrevieja;140;3;Alicante/Alacant;2025;m10-2025
2025-10;239;Senegal;3133;Torrevieja;39;3;Alicante/Alacant;2025;m10-2025
2025-10;302;EE.UU.;3133;Torrevieja;566;3;Alicante/Alacant;2025;m10-2025
2025-10;340;Argentina;3133;Torrevieja;53;3;Alicante/Alacant;2025;m10-2025
2025-10;342;Brasil;3133;Torrevieja;62;3;Alicante/Alacant;2025;m10-2025
2025-10;343;Colombia;3133;Torrevieja;236;3;Alicante/Alacant;2025;m10-2025
2025-10;344;Chile;3133;Torrevieja;31;3;Alicante/Alacant;2025;m10-2025
2025-10;350;Uruguay;3133;Torrevieja;55;3;Alicante/Alacant;2025;m10-2025
2025-10;407;China;3133;Torrevieja;213;3;Alicante/Alacant;2025;m10-2025
2025-10;408;Emiratos arabes unidos;3133;Torrevieja;30;3;Alicante/Alacant;2025;m10-2025
2025-10;409;Filipinas;3133;Torrevieja;35;3;Alicante/Alacant;2025;m10-2025
2025-10;410;India;3133;Torrevieja;45;3;Alicante/Alacant;2025;m10-2025
2025-10;415;Japón;3133;Torrevieja;40;3;Alicante/Alacant;2025;m10-2025
2025-10;443;Kazajstan;3133;Torrevieja;89;3;Alicante/Alacant;2025;m10-2025
2025-11;0;Total;3133;Torrevieja;41612;3;Alicante/Alacant;2025;m11-2025
2025-11;10;Total Europa;3133;Torrevieja;39730;3;Alicante/Alacant;2025;m11-2025
2025-11;11;Total Unión Europea;3133;Torrevieja;27212;3;Alicante/Alacant;2025;m11-2025
2025-11;20;Total África;3133;Torrevieja;430;3;Alicante/Alacant;2025;m11-2025
2025-11;30;Total América;3133;Torrevieja;974;3;Alicante/Alacant;2025;m11-2025
2025-11;31;Total América del Norte;3133;Torrevieja;544;3;Alicante/Alacant;2025;m11-2025
2025-11;33;Total Sudamérica;3133;Torrevieja;420;3;Alicante/Alacant;2025;m11-2025
2025-11;40;Total Asia;3133;Torrevieja;428;3;Alicante/Alacant;2025;m11-2025
2025-11;102;Austria;3133;Torrevieja;386;3;Alicante/Alacant;2025;m11-2025
2025-11;103;Bélgica;3133;Torrevieja;1926;3;Alicante/Alacant;2025;m11-2025
2025-11;104;Bulgaria;3133;Torrevieja;111;3;Alicante/Alacant;2025;m11-2025
2025-11;107;Dinamarca;3133;Torrevieja;700;3;Alicante/Alacant;2025;m11-2025
2025-11;109;Finlandia;3133;Torrevieja;2627;3;Alicante/Alacant;2025;m11-2025
2025-11;110;Francia;3133;Torrevieja;1339;3;Alicante/Alacant;2025;m11-2025
2025-11;112;Hungria;3133;Torrevieja;591;3;Alicante/Alacant;2025;m11-2025
2025-11;113;Irlanda;3133;Torrevieja;1746;3;Alicante/Alacant;2025;m11-2025
2025-11;114;Islandia;3133;Torrevieja;294;3;Alicante/Alacant;2025;m11-2025
2025-11;115;Italia;3133;Torrevieja;371;3;Alicante/Alacant;2025;m11-2025
2025-11;116;Liechtenstein;3133;Torrevieja;88;3;Alicante/Alacant;2025;m11-2025
2025-11;117;Luxemburgo;3133;Torrevieja;276;3;Alicante/Alacant;2025;m11-2025
2025-11;120;Noruega;3133;Torrevieja;4085;3;Alicante/Alacant;2025;m11-2025
2025-11;121;Países Bajos;3133;Torrevieja;1947;3;Alicante/Alacant;2025;m11-2025
2025-11;122;Polonia;3133;Torrevieja;3714;3;Alicante/Alacant;2025;m11-2025
2025-11;123;Portugal;3133;Torrevieja;91;3;Alicante/Alacant;2025;m11-2025
2025-11;125;Reino Unido;3133;Torrevieja;6690;3;Alicante/Alacant;2025;m11-2025
2025-11;126;Alemania;3133;Torrevieja;3559;3;Alicante/Alacant;2025;m11-2025
2025-11;128;Rumania;3133;Torrevieja;164;3;Alicante/Alacant;2025;m11-2025
2025-11;131;Suecia;3133;Torrevieja;5709;3;Alicante/Alacant;2025;m11-2025
2025-11;132;Suiza;3133;Torrevieja;437;3;Alicante/Alacant;2025;m11-2025
2025-11;136;Letonia;3133;Torrevieja;233;3;Alicante/Alacant;2025;m11-2025
2025-11;137;Moldavia / moldava;3133;Torrevieja;30;3;Alicante/Alacant;2025;m11-2025
2025-11;138;Bielorrusia / belarus;3133;Torrevieja;74;3;Alicante/Alacant;2025;m11-2025
2025-11;139;Georgia;3133;Torrevieja;46;3;Alicante/Alacant;2025;m11-2025
2025-11;141;Estonia;3133;Torrevieja;270;3;Alicante/Alacant;2025;m11-2025
2025-11;142;Lituania;3133;Torrevieja;870;3;Alicante/Alacant;2025;m11-2025
2025-11;143;República Checa;3133;Torrevieja;377;3;Alicante/Alacant;2025;m11-2025
2025-11;144;Eslovaquia;3133;Torrevieja;117;3;Alicante/Alacant;2025;m11-2025
2025-11;154;Rusia;3133;Torrevieja;663;3;Alicante/Alacant;2025;m11-2025
2025-11;203;Argelia;3133;Torrevieja;211;3;Alicante/Alacant;2025;m11-2025
2025-11;228;Marruecos;3133;Torrevieja;156;3;Alicante/Alacant;2025;m11-2025
2025-11;239;Senegal;3133;Torrevieja;34;3;Alicante/Alacant;2025;m11-2025
2025-11;302;EE.UU.;3133;Torrevieja;365;3;Alicante/Alacant;2025;m11-2025
2025-11;340;Argentina;3133;Torrevieja;55;3;Alicante/Alacant;2025;m11-2025
2025-11;342;Brasil;3133;Torrevieja;51;3;Alicante/Alacant;2025;m11-2025
2025-11;343;Colombia;3133;Torrevieja;218;3;Alicante/Alacant;2025;m11-2025
2025-11;350;Uruguay;3133;Torrevieja;45;3;Alicante/Alacant;2025;m11-2025
2025-11;407;China;3133;Torrevieja;159;3;Alicante/Alacant;2025;m11-2025
2025-11;410;India;3133;Torrevieja;38;3;Alicante/Alacant;2025;m11-2025
2025-11;443;Kazajstan;3133;Torrevieja;75;3;Alicante/Alacant;2025;m11-2025
2025-12;0;Total;3133;Torrevieja;30636;3;Alicante/Alacant;2025;m12-2025
2025-12;10;Total Europa;3133;Torrevieja;28824;3;Alicante/Alacant;2025;m12-2025
2025-12;11;Total Unión Europea;3133;Torrevieja;18781;3;Alicante/Alacant;2025;m12-2025
2025-12;20;Total África;3133;Torrevieja;428;3;Alicante/Alacant;2025;m12-2025
2025-12;30;Total América;3133;Torrevieja;959;3;Alicante/Alacant;2025;m12-2025
2025-12;31;Total América del Norte;3133;Torrevieja;524;3;Alicante/Alacant;2025;m12-2025
2025-12;33;Total Sudamérica;3133;Torrevieja;421;3;Alicante/Alacant;2025;m12-2025
2025-12;40;Total Asia;3133;Torrevieja;408;3;Alicante/Alacant;2025;m12-2025
2025-12;102;Austria;3133;Torrevieja;274;3;Alicante/Alacant;2025;m12-2025
2025-12;103;Bélgica;3133;Torrevieja;1308;3;Alicante/Alacant;2025;m12-2025
2025-12;104;Bulgaria;3133;Torrevieja;100;3;Alicante/Alacant;2025;m12-2025
2025-12;107;Dinamarca;3133;Torrevieja;451;3;Alicante/Alacant;2025;m12-2025
2025-12;109;Finlandia;3133;Torrevieja;2215;3;Alicante/Alacant;2025;m12-2025
2025-12;110;Francia;3133;Torrevieja;990;3;Alicante/Alacant;2025;m12-2025
2025-12;112;Hungria;3133;Torrevieja;385;3;Alicante/Alacant;2025;m12-2025
2025-12;113;Irlanda;3133;Torrevieja;1456;3;Alicante/Alacant;2025;m12-2025
2025-12;114;Islandia;3133;Torrevieja;166;3;Alicante/Alacant;2025;m12-2025
2025-12;115;Italia;3133;Torrevieja;273;3;Alicante/Alacant;2025;m12-2025
2025-12;116;Liechtenstein;3133;Torrevieja;74;3;Alicante/Alacant;2025;m12-2025
2025-12;117;Luxemburgo;3133;Torrevieja;218;3;Alicante/Alacant;2025;m12-2025
2025-12;120;Noruega;3133;Torrevieja;2972;3;Alicante/Alacant;2025;m12-2025
2025-12;121;Países Bajos;3133;Torrevieja;1658;3;Alicante/Alacant;2025;m12-2025
2025-12;122;Polonia;3133;Torrevieja;2549;3;Alicante/Alacant;2025;m12-2025
2025-12;123;Portugal;3133;Torrevieja;83;3;Alicante/Alacant;2025;m12-2025
2025-12;125;Reino Unido;3133;Torrevieja;5659;3;Alicante/Alacant;2025;m12-2025
2025-12;126;Alemania;3133;Torrevieja;2456;3;Alicante/Alacant;2025;m12-2025
2025-12;128;Rumania;3133;Torrevieja;145;3;Alicante/Alacant;2025;m12-2025
2025-12;131;Suecia;3133;Torrevieja;3071;3;Alicante/Alacant;2025;m12-2025
2025-12;132;Suiza;3133;Torrevieja;357;3;Alicante/Alacant;2025;m12-2025
2025-12;136;Letonia;3133;Torrevieja;107;3;Alicante/Alacant;2025;m12-2025
2025-12;138;Bielorrusia / belarus;3133;Torrevieja;60;3;Alicante/Alacant;2025;m12-2025
2025-12;139;Georgia;3133;Torrevieja;42;3;Alicante/Alacant;2025;m12-2025
2025-12;141;Estonia;3133;Torrevieja;203;3;Alicante/Alacant;2025;m12-2025
2025-12;142;Lituania;3133;Torrevieja;457;3;Alicante/Alacant;2025;m12-2025
2025-12;143;República Checa;3133;Torrevieja;238;3;Alicante/Alacant;2025;m12-2025
2025-12;144;Eslovaquia;3133;Torrevieja;66;3;Alicante/Alacant;2025;m12-2025
2025-12;154;Rusia;3133;Torrevieja;582;3;Alicante/Alacant;2025;m12-2025
2025-12;203;Argelia;3133;Torrevieja;219;3;Alicante/Alacant;2025;m12-2025
2025-12;228;Marruecos;3133;Torrevieja;139;3;Alicante/Alacant;2025;m12-2025
2025-12;302;EE.UU.;3133;Torrevieja;394;3;Alicante/Alacant;2025;m12-2025
2025-12;340;Argentina;3133;Torrevieja;76;3;Alicante/Alacant;2025;m12-2025
2025-12;342;Brasil;3133;Torrevieja;51;3;Alicante/Alacant;2025;m12-2025
2025-12;343;Colombia;3133;Torrevieja;201;3;Alicante/Alacant;2025;m12-2025
2025-12;350;Uruguay;3133;Torrevieja;38;3;Alicante/Alacant;2025;m12-2025
2025-12;407;China;3133;Torrevieja;152;3;Alicante/Alacant;2025;m12-2025
2025-12;410;India;3133;Torrevieja;50;3;Alicante/Alacant;2025;m12-2025
2025-12;443;Kazajstan;3133;Torrevieja;64;3;Alicante/Alacant;2025;m12-2025
