Estacion;Fecha Toma;Cod. Parametro;Nom. Parametro;Unidades;Valor;Valor texto;Coord. X;Coord. Y;Cod Masa;Nombre Masa;Municipio;Provincia;UH Geo;UH Geo Nombre;Acuifero;Profundidad;Nombre C.A;Mes
CA0748001;2019-01-16;12DIBR;1,2-DIBROMOETANO;µg/L;0;< 0,5;705332;4207772;70042;TERCIARIO DE TORREVIEJA;Torrevieja;ALICANTE;748;TERCIARIO DE TORREVIEJA;TERCIARIO DE TORREVIEJA;320;Comunidad Valenciana;1
CA0748001;2019-01-16;2CLPRO;1,3-DICLOROPROPANO;µg/L;0;< 0,5;705332;4207772;70042;TERCIARIO DE TORREVIEJA;Torrevieja;ALICANTE;748;TERCIARIO DE TORREVIEJA;TERCIARIO DE TORREVIEJA;320;Comunidad Valenciana;1
CA0748001;2019-01-16;2CLPROPA;1,2-DICLOROPROPANO;µg/L;0;< 0,5;705332;4207772;70042;TERCIARIO DE TORREVIEJA;Torrevieja;ALICANTE;748;TERCIARIO DE TORREVIEJA;TERCIARIO DE TORREVIEJA;320;Comunidad Valenciana;1
CA0748001;2019-01-16;2CLPROPE;1,1-DICLOROPROPENO;µg/L;0;< 0,5;705332;4207772;70042;TERCIARIO DE TORREVIEJA;Torrevieja;ALICANTE;748;TERCIARIO DE TORREVIEJA;TERCIARIO DE TORREVIEJA;320;Comunidad Valenciana;1
CA0748001;2019-01-16;3CLETA;1,1,2-TRICLOROETANO;µg/L;0;< 0,5;705332;4207772;70042;TERCIARIO DE TORREVIEJA;Torrevieja;ALICANTE;748;TERCIARIO DE TORREVIEJA;TERCIARIO DE TORREVIEJA;320;Comunidad Valenciana;1
CA0748001;2019-01-16;3CLPRO;1,2,3-TRICLOROPROPANO;µg/L;0;< 0,5;705332;4207772;70042;TERCIARIO DE TORREVIEJA;Torrevieja;ALICANTE;748;TERCIARIO DE TORREVIEJA;TERCIARIO DE TORREVIEJA;320;Comunidad Valenciana;1
CA0748001;2019-01-16;4CLETA;1,1,1,2-TETRACLOROETANO;µg/L;0;< 0,5;705332;4207772;70042;TERCIARIO DE TORREVIEJA;Torrevieja;ALICANTE;748;TERCIARIO DE TORREVIEJA;TERCIARIO DE TORREVIEJA;320;Comunidad Valenciana;1
CA0748001;2019-01-16;6CLET;HEXACLOROETANO;µg/L;0;< 0,5;705332;4207772;70042;TERCIARIO DE TORREVIEJA;Torrevieja;ALICANTE;748;TERCIARIO DE TORREVIEJA;TERCIARIO DE TORREVIEJA;320;Comunidad Valenciana;1
CA0748001;2019-01-16;ACLONIFE;ACLONIFENO;µg/L;0;< 0,00200;705332;4207772;70042;TERCIARIO DE TORREVIEJA;Torrevieja;ALICANTE;748;TERCIARIO DE TORREVIEJA;TERCIARIO DE TORREVIEJA;320;Comunidad Valenciana;1
CA0748001;2019-01-16;ALACLORO;ALACLORO;µg/L;0;< 0,01000;705332;4207772;70042;TERCIARIO DE TORREVIEJA;Torrevieja;ALICANTE;748;TERCIARIO DE TORREVIEJA;TERCIARIO DE TORREVIEJA;320;Comunidad Valenciana;1
CA0748001;2019-01-16;ALDRIN;ALDRINA;µg/L;0;< 0,00025;705332;4207772;70042;TERCIARIO DE TORREVIEJA;Torrevieja;ALICANTE;748;TERCIARIO DE TORREVIEJA;TERCIARIO DE TORREVIEJA;320;Comunidad Valenciana;1
CA0748001;2019-01-16;AS;ARSENICO;µg/L As;0;< 5;705332;4207772;70042;TERCIARIO DE TORREVIEJA;Torrevieja;ALICANTE;748;TERCIARIO DE TORREVIEJA;TERCIARIO DE TORREVIEJA;320;Comunidad Valenciana;1
CA0748001;2019-01-16;ATRAZINA;ATRAZINA;µg/L;0;< 0,010;705332;4207772;70042;TERCIARIO DE TORREVIEJA;Torrevieja;ALICANTE;748;TERCIARIO DE TORREVIEJA;TERCIARIO DE TORREVIEJA;320;Comunidad Valenciana;1
CA0748001;2019-01-16;B;BORO;µg/L B;3900;390;705332;4207772;70042;TERCIARIO DE TORREVIEJA;Torrevieja;ALICANTE;748;TERCIARIO DE TORREVIEJA;TERCIARIO DE TORREVIEJA;320;Comunidad Valenciana;1
CA0748001;2019-01-16;BENCENO;BENCENO;µg/L;0;< 0,5;705332;4207772;70042;TERCIARIO DE TORREVIEJA;Torrevieja;ALICANTE;748;TERCIARIO DE TORREVIEJA;TERCIARIO DE TORREVIEJA;320;Comunidad Valenciana;1
CA0748001;2019-01-16;BICARB;BICARBONATOS;mg/L HCO3-;1920;192;705332;4207772;70042;TERCIARIO DE TORREVIEJA;Torrevieja;ALICANTE;748;TERCIARIO DE TORREVIEJA;TERCIARIO DE TORREVIEJA;320;Comunidad Valenciana;1
CA0748001;2019-01-16;BIFEN;BIFENOX;µg/L;0;< 0,00200;705332;4207772;70042;TERCIARIO DE TORREVIEJA;Torrevieja;ALICANTE;748;TERCIARIO DE TORREVIEJA;TERCIARIO DE TORREVIEJA;320;Comunidad Valenciana;1
CA0748001;2019-01-16;BRB;BROMOBENCENO;µg/L;0;< 0,5;705332;4207772;70042;TERCIARIO DE TORREVIEJA;Torrevieja;ALICANTE;748;TERCIARIO DE TORREVIEJA;TERCIARIO DE TORREVIEJA;320;Comunidad Valenciana;1
CA0748001;2019-01-16;BRFOSETIL;BROMOFOS ETIL;µg/L;0;< 0,010;705332;4207772;70042;TERCIARIO DE TORREVIEJA;Torrevieja;ALICANTE;748;TERCIARIO DE TORREVIEJA;TERCIARIO DE TORREVIEJA;320;Comunidad Valenciana;1
CA0748001;2019-01-16;CA;CALCIO;mg/L Ca;480;48;705332;4207772;70042;TERCIARIO DE TORREVIEJA;Torrevieja;ALICANTE;748;TERCIARIO DE TORREVIEJA;TERCIARIO DE TORREVIEJA;320;Comunidad Valenciana;1
CA0748001;2019-01-16;CD;CADMIO;µg/L Cd;0;< 0,02;705332;4207772;70042;TERCIARIO DE TORREVIEJA;Torrevieja;ALICANTE;748;TERCIARIO DE TORREVIEJA;TERCIARIO DE TORREVIEJA;320;Comunidad Valenciana;1
CA0748001;2019-01-16;CIB;CIBUTRINA;µg/L;0;< 0,002;705332;4207772;70042;TERCIARIO DE TORREVIEJA;Torrevieja;ALICANTE;748;TERCIARIO DE TORREVIEJA;TERCIARIO DE TORREVIEJA;320;Comunidad Valenciana;1
CA0748001;2019-01-16;CL;Cloruros;mg/L Cl;3080;308;705332;4207772;70042;TERCIARIO DE TORREVIEJA;Torrevieja;ALICANTE;748;TERCIARIO DE TORREVIEJA;TERCIARIO DE TORREVIEJA;320;Comunidad Valenciana;1
CA0748001;2019-01-16;CLF;Cloroformo (Triclorometano);µg/L;82;8,2;705332;4207772;70042;TERCIARIO DE TORREVIEJA;Torrevieja;ALICANTE;748;TERCIARIO DE TORREVIEJA;TERCIARIO DE TORREVIEJA;320;Comunidad Valenciana;1
CA0748001;2019-01-16;CLORDANOCIS;CIS-CLORDANO;µg/L;0;< 0,00025;705332;4207772;70042;TERCIARIO DE TORREVIEJA;Torrevieja;ALICANTE;748;TERCIARIO DE TORREVIEJA;TERCIARIO DE TORREVIEJA;320;Comunidad Valenciana;1
CA0748001;2019-01-16;CLORDANOTR;TRANS-CLORDANO;µg/L;0;< 0,00025;705332;4207772;70042;TERCIARIO DE TORREVIEJA;Torrevieja;ALICANTE;748;TERCIARIO DE TORREVIEJA;TERCIARIO DE TORREVIEJA;320;Comunidad Valenciana;1
CA0748001;2019-01-16;CLOROFENVINFOS;Clorfenvinfos;µg/L;0;< 0,010;705332;4207772;70042;TERCIARIO DE TORREVIEJA;Torrevieja;ALICANTE;748;TERCIARIO DE TORREVIEJA;TERCIARIO DE TORREVIEJA;320;Comunidad Valenciana;1
CA0748001;2019-01-16;CLOROPIRIFOS;Clorpirifos;µg/L;0;< 0,010;705332;4207772;70042;TERCIARIO DE TORREVIEJA;Torrevieja;ALICANTE;748;TERCIARIO DE TORREVIEJA;TERCIARIO DE TORREVIEJA;320;Comunidad Valenciana;1
CA0748001;2019-01-16;CLORPIRIPME;CLOROPIRIFOS-METIL;µg/L;0;< 0,010;705332;4207772;70042;TERCIARIO DE TORREVIEJA;Torrevieja;ALICANTE;748;TERCIARIO DE TORREVIEJA;TERCIARIO DE TORREVIEJA;320;Comunidad Valenciana;1
CA0748001;2019-01-16;CLTOL;2-CLOROTOLUENO;µg/L;0;< 0,5;705332;4207772;70042;TERCIARIO DE TORREVIEJA;Torrevieja;ALICANTE;748;TERCIARIO DE TORREVIEJA;TERCIARIO DE TORREVIEJA;320;Comunidad Valenciana;1
CA0748001;2019-01-16;CN;CIANUROS TOTALES;µg/L CN;0;< 10;705332;4207772;70042;TERCIARIO DE TORREVIEJA;Torrevieja;ALICANTE;748;TERCIARIO DE TORREVIEJA;TERCIARIO DE TORREVIEJA;320;Comunidad Valenciana;1
CA0748001;2019-01-16;COND20SITU;Conductividad de campo (medida in situ);µS/cm;16760;1676;705332;4207772;70042;TERCIARIO DE TORREVIEJA;Torrevieja;ALICANTE;748;TERCIARIO DE TORREVIEJA;TERCIARIO DE TORREVIEJA;320;Comunidad Valenciana;1
CA0748001;2019-01-16;CR;CROMO;µg/L Cr;0;< 5;705332;4207772;70042;TERCIARIO DE TORREVIEJA;Torrevieja;ALICANTE;748;TERCIARIO DE TORREVIEJA;TERCIARIO DE TORREVIEJA;320;Comunidad Valenciana;1
CA0748001;2019-01-16;CU;COBRE;µg/L Cu;0;< 10;705332;4207772;70042;TERCIARIO DE TORREVIEJA;Torrevieja;ALICANTE;748;TERCIARIO DE TORREVIEJA;TERCIARIO DE TORREVIEJA;320;Comunidad Valenciana;1
CA0748001;2019-01-16;DCE;1,2-dicloroetano (EDC, cloruro de etileno);µg/L;0;< 0,5;705332;4207772;70042;TERCIARIO DE TORREVIEJA;Torrevieja;ALICANTE;748;TERCIARIO DE TORREVIEJA;TERCIARIO DE TORREVIEJA;320;Comunidad Valenciana;1
CA0748001;2019-01-16;DCV;DICLORVOS;µg/L;0;< 0,002;705332;4207772;70042;TERCIARIO DE TORREVIEJA;Torrevieja;ALICANTE;748;TERCIARIO DE TORREVIEJA;TERCIARIO DE TORREVIEJA;320;Comunidad Valenciana;1
CA0748001;2019-01-16;DIAZINON;DIAZINON;µg/L;0;< 0,010;705332;4207772;70042;TERCIARIO DE TORREVIEJA;Torrevieja;ALICANTE;748;TERCIARIO DE TORREVIEJA;TERCIARIO DE TORREVIEJA;320;Comunidad Valenciana;1
CA0748001;2019-01-16;DICOFOL;DICOFOL (P,P'-DICOFOL);µg/L;0;< 0,00200;705332;4207772;70042;TERCIARIO DE TORREVIEJA;Torrevieja;ALICANTE;748;TERCIARIO DE TORREVIEJA;TERCIARIO DE TORREVIEJA;320;Comunidad Valenciana;1
CA0748001;2019-01-16;DIELDRIN;Dieldrin;µg/L;0;< 0,00015;705332;4207772;70042;TERCIARIO DE TORREVIEJA;Torrevieja;ALICANTE;748;TERCIARIO DE TORREVIEJA;TERCIARIO DE TORREVIEJA;320;Comunidad Valenciana;1
CA0748001;2019-01-16;DIURON;DIURON;µg/L;0;< 0,050;705332;4207772;70042;TERCIARIO DE TORREVIEJA;Torrevieja;ALICANTE;748;TERCIARIO DE TORREVIEJA;TERCIARIO DE TORREVIEJA;320;Comunidad Valenciana;1
CA0748001;2019-01-16;DQO;DQO o Demanda Química de Oxígeno;mg/L O2;0;< 15;705332;4207772;70042;TERCIARIO DE TORREVIEJA;Torrevieja;ALICANTE;748;TERCIARIO DE TORREVIEJA;TERCIARIO DE TORREVIEJA;320;Comunidad Valenciana;1
CA0748001;2019-01-16;ENDOS;ENDOSULFAN (SUMA ISOMEROS ALFA+BETA);µg/L;0;< 0,00025;705332;4207772;70042;TERCIARIO DE TORREVIEJA;Torrevieja;ALICANTE;748;TERCIARIO DE TORREVIEJA;TERCIARIO DE TORREVIEJA;320;Comunidad Valenciana;1
CA0748001;2019-01-16;ENDOSULFAN;ALFA-ENDOSULFAN;µg/L;0;< 0,00025;705332;4207772;70042;TERCIARIO DE TORREVIEJA;Torrevieja;ALICANTE;748;TERCIARIO DE TORREVIEJA;TERCIARIO DE TORREVIEJA;320;Comunidad Valenciana;1
CA0748001;2019-01-16;ENDOSULFAN-BETA;BETA-ENDOSULFAN;µg/L;0;< 0,00150;705332;4207772;70042;TERCIARIO DE TORREVIEJA;Torrevieja;ALICANTE;748;TERCIARIO DE TORREVIEJA;TERCIARIO DE TORREVIEJA;320;Comunidad Valenciana;1
CA0748001;2019-01-16;ENDRIN;ENDRINA;µg/L;0;< 0,00150;705332;4207772;70042;TERCIARIO DE TORREVIEJA;Torrevieja;ALICANTE;748;TERCIARIO DE TORREVIEJA;TERCIARIO DE TORREVIEJA;320;Comunidad Valenciana;1
CA0748001;2019-01-16;ENDRINCE;Endrin cetona;µg/L;0;< 0,00025;705332;4207772;70042;TERCIARIO DE TORREVIEJA;Torrevieja;ALICANTE;748;TERCIARIO DE TORREVIEJA;TERCIARIO DE TORREVIEJA;320;Comunidad Valenciana;1
CA0748001;2019-01-16;ETBENCENO;Etilbenceno;µg/L;0;< 0,5;705332;4207772;70042;TERCIARIO DE TORREVIEJA;Torrevieja;ALICANTE;748;TERCIARIO DE TORREVIEJA;TERCIARIO DE TORREVIEJA;320;Comunidad Valenciana;1
CA0748001;2019-01-16;ETPARATION;Paration (paration etilo);µg/L;0;< 0,010;705332;4207772;70042;TERCIARIO DE TORREVIEJA;Torrevieja;ALICANTE;748;TERCIARIO DE TORREVIEJA;TERCIARIO DE TORREVIEJA;320;Comunidad Valenciana;1
CA0748001;2019-01-16;F;Fluoruros;µg/L;2500;250;705332;4207772;70042;TERCIARIO DE TORREVIEJA;Torrevieja;ALICANTE;748;TERCIARIO DE TORREVIEJA;TERCIARIO DE TORREVIEJA;320;Comunidad Valenciana;1
CA0748001;2019-01-16;FE;HIERRO;µg/L;0;< 50;705332;4207772;70042;TERCIARIO DE TORREVIEJA;Torrevieja;ALICANTE;748;TERCIARIO DE TORREVIEJA;TERCIARIO DE TORREVIEJA;320;Comunidad Valenciana;1
CA0748001;2019-01-16;FENCLORFOS;FENCLORFOS;µg/L;0;< 0,010;705332;4207772;70042;TERCIARIO DE TORREVIEJA;Torrevieja;ALICANTE;748;TERCIARIO DE TORREVIEJA;TERCIARIO DE TORREVIEJA;320;Comunidad Valenciana;1
CA0748001;2019-01-16;FONO;FONOFOS;µg/L;0;< 0,010;705332;4207772;70042;TERCIARIO DE TORREVIEJA;Torrevieja;ALICANTE;748;TERCIARIO DE TORREVIEJA;TERCIARIO DE TORREVIEJA;320;Comunidad Valenciana;1
CA0748001;2019-01-16;HCB;Hexaclorobenceno (HCB, Perclorobenceno);µg/L;0;< 0,00250;705332;4207772;70042;TERCIARIO DE TORREVIEJA;Torrevieja;ALICANTE;748;TERCIARIO DE TORREVIEJA;TERCIARIO DE TORREVIEJA;320;Comunidad Valenciana;1
CA0748001;2019-01-16;HCBD;Hexaclorobutadieno (HCBD, Hexacloro-1,3-Butadieno);µg/L;0;< 0,1;705332;4207772;70042;TERCIARIO DE TORREVIEJA;Torrevieja;ALICANTE;748;TERCIARIO DE TORREVIEJA;TERCIARIO DE TORREVIEJA;320;Comunidad Valenciana;1
CA0748001;2019-01-16;HEPTACL;Heptacloro;µg/L;0;< 0,00025;705332;4207772;70042;TERCIARIO DE TORREVIEJA;Torrevieja;ALICANTE;748;TERCIARIO DE TORREVIEJA;TERCIARIO DE TORREVIEJA;320;Comunidad Valenciana;1
CA0748001;2019-01-16;HEPTACLEPO;EPOXIDO DE HEPTACLORO;µg/L;0;< 0,00005;705332;4207772;70042;TERCIARIO DE TORREVIEJA;Torrevieja;ALICANTE;748;TERCIARIO DE TORREVIEJA;TERCIARIO DE TORREVIEJA;320;Comunidad Valenciana;1
CA0748001;2019-01-16;HG;MERCURIO;µg/L Hg;0;<0,75;705332;4207772;70042;TERCIARIO DE TORREVIEJA;Torrevieja;ALICANTE;748;TERCIARIO DE TORREVIEJA;TERCIARIO DE TORREVIEJA;320;Comunidad Valenciana;1
CA0748001;2019-01-16;ISODRIN;Isodrin;µg/L;0;< 0,00010;705332;4207772;70042;TERCIARIO DE TORREVIEJA;Torrevieja;ALICANTE;748;TERCIARIO DE TORREVIEJA;TERCIARIO DE TORREVIEJA;320;Comunidad Valenciana;1
CA0748001;2019-01-16;ISOPROPB;Isopropilbenceno (cumeno);µg/L;0;< 0,5;705332;4207772;70042;TERCIARIO DE TORREVIEJA;Torrevieja;ALICANTE;748;TERCIARIO DE TORREVIEJA;TERCIARIO DE TORREVIEJA;320;Comunidad Valenciana;1
CA0748001;2019-01-16;ISOPROTURON;Isoproturón;µg/L;0;< 0,050;705332;4207772;70042;TERCIARIO DE TORREVIEJA;Torrevieja;ALICANTE;748;TERCIARIO DE TORREVIEJA;TERCIARIO DE TORREVIEJA;320;Comunidad Valenciana;1
CA0748001;2019-01-16;K;POTASIO;mg/L K;130;13;705332;4207772;70042;TERCIARIO DE TORREVIEJA;Torrevieja;ALICANTE;748;TERCIARIO DE TORREVIEJA;TERCIARIO DE TORREVIEJA;320;Comunidad Valenciana;1
CA0748001;2019-01-16;LIND;GAMMA-HCH (LINDANO);µg/L;0;< 0,00025;705332;4207772;70042;TERCIARIO DE TORREVIEJA;Torrevieja;ALICANTE;748;TERCIARIO DE TORREVIEJA;TERCIARIO DE TORREVIEJA;320;Comunidad Valenciana;1
CA0748001;2019-01-16;MCB;Clorobenceno (monoclorobenceno);µg/L;0;< 0,5;705332;4207772;70042;TERCIARIO DE TORREVIEJA;Torrevieja;ALICANTE;748;TERCIARIO DE TORREVIEJA;TERCIARIO DE TORREVIEJA;320;Comunidad Valenciana;1
CA0748001;2019-01-16;METOLACLORO;Metolacloro;µg/L;0;< 0,01000;705332;4207772;70042;TERCIARIO DE TORREVIEJA;Torrevieja;ALICANTE;748;TERCIARIO DE TORREVIEJA;TERCIARIO DE TORREVIEJA;320;Comunidad Valenciana;1
CA0748001;2019-01-16;METOXICLORO;Metoxicloro;µg/L;0;< 0,00025;705332;4207772;70042;TERCIARIO DE TORREVIEJA;Torrevieja;ALICANTE;748;TERCIARIO DE TORREVIEJA;TERCIARIO DE TORREVIEJA;320;Comunidad Valenciana;1
CA0748001;2019-01-16;METRIBUZINA;METRIBUZINA;µg/L;0;< 0,050;705332;4207772;70042;TERCIARIO DE TORREVIEJA;Torrevieja;ALICANTE;748;TERCIARIO DE TORREVIEJA;TERCIARIO DE TORREVIEJA;320;Comunidad Valenciana;1
CA0748001;2019-01-16;MG;MAGNESIO;mg/L Mg;300;30;705332;4207772;70042;TERCIARIO DE TORREVIEJA;Torrevieja;ALICANTE;748;TERCIARIO DE TORREVIEJA;TERCIARIO DE TORREVIEJA;320;Comunidad Valenciana;1
CA0748001;2019-01-16;MN;MANGANESO;µg/L Mn;0;< 5;705332;4207772;70042;TERCIARIO DE TORREVIEJA;Torrevieja;ALICANTE;748;TERCIARIO DE TORREVIEJA;TERCIARIO DE TORREVIEJA;320;Comunidad Valenciana;1
CA0748001;2019-01-16;;SODIO;mg/L Na;2220;> 200 (222)*;705332;4207772;70042;TERCIARIO DE TORREVIEJA;Torrevieja;ALICANTE;748;TERCIARIO DE TORREVIEJA;TERCIARIO DE TORREVIEJA;320;Comunidad Valenciana;1
CA0748001;2019-01-16;NAFTALENO;Naftaleno (naftalina);µg/L;0;< 0,5;705332;4207772;70042;TERCIARIO DE TORREVIEJA;Torrevieja;ALICANTE;748;TERCIARIO DE TORREVIEJA;TERCIARIO DE TORREVIEJA;320;Comunidad Valenciana;1
CA0748001;2019-01-16;N-BUB;N-BUTILBENCENO;µg/L;0;< 0,5;705332;4207772;70042;TERCIARIO DE TORREVIEJA;Torrevieja;ALICANTE;748;TERCIARIO DE TORREVIEJA;TERCIARIO DE TORREVIEJA;320;Comunidad Valenciana;1
CA0748001;2019-01-16;NH4;AMONIO;mg/L NH4;0;< 0,10;705332;4207772;70042;TERCIARIO DE TORREVIEJA;Torrevieja;ALICANTE;748;TERCIARIO DE TORREVIEJA;TERCIARIO DE TORREVIEJA;320;Comunidad Valenciana;1
CA0748001;2019-01-16;NI;NIQUEL;µg/L Ni;0;< 5;705332;4207772;70042;TERCIARIO DE TORREVIEJA;Torrevieja;ALICANTE;748;TERCIARIO DE TORREVIEJA;TERCIARIO DE TORREVIEJA;320;Comunidad Valenciana;1
CA0748001;2019-01-16;NO2;Nitritos;mg/L NO2;0;< 0,020;705332;4207772;70042;TERCIARIO DE TORREVIEJA;Torrevieja;ALICANTE;748;TERCIARIO DE TORREVIEJA;TERCIARIO DE TORREVIEJA;320;Comunidad Valenciana;1
CA0748001;2019-01-16;NO3;Nitratos;mg/L NO3;380;38;705332;4207772;70042;TERCIARIO DE TORREVIEJA;Torrevieja;ALICANTE;748;TERCIARIO DE TORREVIEJA;TERCIARIO DE TORREVIEJA;320;Comunidad Valenciana;1
CA0748001;2019-01-16;NTOTAL;Nitrógeno total;mg/L N;81;8,1;705332;4207772;70042;TERCIARIO DE TORREVIEJA;Torrevieja;ALICANTE;748;TERCIARIO DE TORREVIEJA;TERCIARIO DE TORREVIEJA;320;Comunidad Valenciana;1
CA0748001;2019-01-16;O2 DTO;Oxigeno disuelto de campo (medida in situ);mg/L O2;557;5,57;705332;4207772;70042;TERCIARIO DE TORREVIEJA;Torrevieja;ALICANTE;748;TERCIARIO DE TORREVIEJA;TERCIARIO DE TORREVIEJA;320;Comunidad Valenciana;1
CA0748001;2019-01-16;PAHEST;Estireno (etenilbenceno);µg/L;0;< 0,5;705332;4207772;70042;TERCIARIO DE TORREVIEJA;Torrevieja;ALICANTE;748;TERCIARIO DE TORREVIEJA;TERCIARIO DE TORREVIEJA;320;Comunidad Valenciana;1
CA0748001;2019-01-16;PB;PLOMO;µg/L Pb;0;< 2;705332;4207772;70042;TERCIARIO DE TORREVIEJA;Torrevieja;ALICANTE;748;TERCIARIO DE TORREVIEJA;TERCIARIO DE TORREVIEJA;320;Comunidad Valenciana;1
CA0748001;2019-01-16;PER;Tetracloroetileno (PER, Percloroetileno);µg/L;0;< 0,5;705332;4207772;70042;TERCIARIO DE TORREVIEJA;Torrevieja;ALICANTE;748;TERCIARIO DE TORREVIEJA;TERCIARIO DE TORREVIEJA;320;Comunidad Valenciana;1
CA0748001;2019-01-16;PHSITU;pH de campo (medida in situ);udpH;83;8,3 (16ºC);705332;4207772;70042;TERCIARIO DE TORREVIEJA;Torrevieja;ALICANTE;748;TERCIARIO DE TORREVIEJA;TERCIARIO DE TORREVIEJA;320;Comunidad Valenciana;1
CA0748001;2019-01-16;PLAGUT;Plaguicidas Totales (OCPs + OPPs);µg/L;0;0;705332;4207772;70042;TERCIARIO DE TORREVIEJA;Torrevieja;ALICANTE;748;TERCIARIO DE TORREVIEJA;TERCIARIO DE TORREVIEJA;320;Comunidad Valenciana;1
CA0748001;2019-01-16;PO4;Fosfatos;mg/L PO4;0;< 0,20;705332;4207772;70042;TERCIARIO DE TORREVIEJA;Torrevieja;ALICANTE;748;TERCIARIO DE TORREVIEJA;TERCIARIO DE TORREVIEJA;320;Comunidad Valenciana;1
CA0748001;2019-01-16;PTOTAL;FOSFORO TOTAL;mg/L P;0;< 0,050;705332;4207772;70042;TERCIARIO DE TORREVIEJA;Torrevieja;ALICANTE;748;TERCIARIO DE TORREVIEJA;TERCIARIO DE TORREVIEJA;320;Comunidad Valenciana;1
CA0748001;2019-01-16;QUI;Quinoxifeno;µg/L;0;< 0,00200;705332;4207772;70042;TERCIARIO DE TORREVIEJA;Torrevieja;ALICANTE;748;TERCIARIO DE TORREVIEJA;TERCIARIO DE TORREVIEJA;320;Comunidad Valenciana;1
CA0748001;2019-01-16;SATINSI;Porcentaje de saturación de oxígeno disuelto de campo (medido in situ);% O2;701;70,1;705332;4207772;70042;TERCIARIO DE TORREVIEJA;Torrevieja;ALICANTE;748;TERCIARIO DE TORREVIEJA;TERCIARIO DE TORREVIEJA;320;Comunidad Valenciana;1
CA0748001;2019-01-16;SE;SELENIO;µg/L Se;0;< 10;705332;4207772;70042;TERCIARIO DE TORREVIEJA;Torrevieja;ALICANTE;748;TERCIARIO DE TORREVIEJA;TERCIARIO DE TORREVIEJA;320;Comunidad Valenciana;1
CA0748001;2019-01-16;SECBUTB;SEC-BUTILBENCENO;µg/L;0;< 0,5;705332;4207772;70042;TERCIARIO DE TORREVIEJA;Torrevieja;ALICANTE;748;TERCIARIO DE TORREVIEJA;TERCIARIO DE TORREVIEJA;320;Comunidad Valenciana;1
CA0748001;2019-01-16;SIMAZINA;Simazina;µg/L;0;< 0,050;705332;4207772;70042;TERCIARIO DE TORREVIEJA;Torrevieja;ALICANTE;748;TERCIARIO DE TORREVIEJA;TERCIARIO DE TORREVIEJA;320;Comunidad Valenciana;1
CA0748001;2019-01-16;SUMAXILENO;Xileno (dimetilbenceno) (suma o-, m- y p-xileno);µg/L;0;< 1,5;705332;4207772;70042;TERCIARIO DE TORREVIEJA;Torrevieja;ALICANTE;748;TERCIARIO DE TORREVIEJA;TERCIARIO DE TORREVIEJA;320;Comunidad Valenciana;1
CA0748001;2019-01-16;SUMCIPER;CIPERMETRINA (SUMA ISOMEROS ALFA+BETA+TETA+ZETA);µg/L;0;< 0,00008;705332;4207772;70042;TERCIARIO DE TORREVIEJA;Torrevieja;ALICANTE;748;TERCIARIO DE TORREVIEJA;TERCIARIO DE TORREVIEJA;320;Comunidad Valenciana;1
CA0748001;2019-01-16;SUMDCB;Diclorobenceno (suma isómeros);µg/L;0;< 1,5;705332;4207772;70042;TERCIARIO DE TORREVIEJA;Torrevieja;ALICANTE;748;TERCIARIO DE TORREVIEJA;TERCIARIO DE TORREVIEJA;320;Comunidad Valenciana;1
CA0748001;2019-01-16;SUMDDT;DDT TOTAL (SUMA P,P'-DDT+O,P'-DDT+P,P'-DDE+P,P'-DDD);µg/L;0;< 0,00100;705332;4207772;70042;TERCIARIO DE TORREVIEJA;Torrevieja;ALICANTE;748;TERCIARIO DE TORREVIEJA;TERCIARIO DE TORREVIEJA;320;Comunidad Valenciana;1
CA0748001;2019-01-16;SUMHCH;HEXACLOROCICLOHEXANO (HCH) (SUMA ISOMEROS);µg/L;0;0;705332;4207772;70042;TERCIARIO DE TORREVIEJA;Torrevieja;ALICANTE;748;TERCIARIO DE TORREVIEJA;TERCIARIO DE TORREVIEJA;320;Comunidad Valenciana;1
CA0748001;2019-01-16;SUMTCBEN;"Triclorobenceno (suma isómeros 1,2,3-; 1,2,4- y 1,3,5- TCB)";µg/L;0;< 0,3;705332;4207772;70042;TERCIARIO DE TORREVIEJA;Torrevieja;ALICANTE;748;TERCIARIO DE TORREVIEJA;TERCIARIO DE TORREVIEJA;320;Comunidad Valenciana;1
CA0748001;2019-01-16;SUO4;Sulfatos;mg/L SO4;810;81;705332;4207772;70042;TERCIARIO DE TORREVIEJA;Torrevieja;ALICANTE;748;TERCIARIO DE TORREVIEJA;TERCIARIO DE TORREVIEJA;320;Comunidad Valenciana;1
CA0748001;2019-01-16;TAGUA;"TEMPERATURA ""IN SITU""";ºC;160;16;705332;4207772;70042;TERCIARIO DE TORREVIEJA;Torrevieja;ALICANTE;748;TERCIARIO DE TORREVIEJA;TERCIARIO DE TORREVIEJA;320;Comunidad Valenciana;1
CA0748001;2019-01-16;TBUTB;TERC-BUTILBENCENO;µg/L;0;< 0,5;705332;4207772;70042;TERCIARIO DE TORREVIEJA;Torrevieja;ALICANTE;748;TERCIARIO DE TORREVIEJA;TERCIARIO DE TORREVIEJA;320;Comunidad Valenciana;1
CA0748001;2019-01-16;TCE;1,1,1-TRICLOROETANO;µg/L;0;< 0,5;705332;4207772;70042;TERCIARIO DE TORREVIEJA;Torrevieja;ALICANTE;748;TERCIARIO DE TORREVIEJA;TERCIARIO DE TORREVIEJA;320;Comunidad Valenciana;1
CA0748001;2019-01-16;TERAZ;Terbutilazina;µg/L;0;< 0,050;705332;4207772;70042;TERCIARIO DE TORREVIEJA;Torrevieja;ALICANTE;748;TERCIARIO DE TORREVIEJA;TERCIARIO DE TORREVIEJA;320;Comunidad Valenciana;1
CA0748001;2019-01-16;TERBUTRINA;Terbutrina;µg/L;0;< 0,050;705332;4207772;70042;TERCIARIO DE TORREVIEJA;Torrevieja;ALICANTE;748;TERCIARIO DE TORREVIEJA;TERCIARIO DE TORREVIEJA;320;Comunidad Valenciana;1
CA0748001;2019-01-16;TETRA;Tetracloruro de carbono (Tetraclorometano, Perclorometano);µg/L;0;< 0,5;705332;4207772;70042;TERCIARIO DE TORREVIEJA;Torrevieja;ALICANTE;748;TERCIARIO DE TORREVIEJA;TERCIARIO DE TORREVIEJA;320;Comunidad Valenciana;1
CA0748001;2019-01-16;THMBR2CL;Bromodiclorometano;µg/l;0;< 0,5;705332;4207772;70042;TERCIARIO DE TORREVIEJA;Torrevieja;ALICANTE;748;TERCIARIO DE TORREVIEJA;TERCIARIO DE TORREVIEJA;320;Comunidad Valenciana;1
CA0748001;2019-01-16;THMBRCL2;DIBROMOCLOROMETANO (Trihalometanos);µg/L;0;< 0,5;705332;4207772;70042;TERCIARIO DE TORREVIEJA;Torrevieja;ALICANTE;748;TERCIARIO DE TORREVIEJA;TERCIARIO DE TORREVIEJA;320;Comunidad Valenciana;1
CA0748001;2019-01-16;THMBRF;BROMOFORMO;µg/L;0;< 0,5;705332;4207772;70042;TERCIARIO DE TORREVIEJA;Torrevieja;ALICANTE;748;TERCIARIO DE TORREVIEJA;TERCIARIO DE TORREVIEJA;320;Comunidad Valenciana;1
CA0748001;2019-01-16;THMDCM;DICLOROMETANO;µg/L;0;< 0,5;705332;4207772;70042;TERCIARIO DE TORREVIEJA;Torrevieja;ALICANTE;748;TERCIARIO DE TORREVIEJA;TERCIARIO DE TORREVIEJA;320;Comunidad Valenciana;1
CA0748001;2019-01-16;TMB1;1,2,4-trimetilbenceno;µg/l;0;< 0,5;705332;4207772;70042;TERCIARIO DE TORREVIEJA;Torrevieja;ALICANTE;748;TERCIARIO DE TORREVIEJA;TERCIARIO DE TORREVIEJA;320;Comunidad Valenciana;1
CA0748001;2019-01-16;TMB2;1,3,5-TRIMETILBENCENO;µg/L;0;< 0,5;705332;4207772;70042;TERCIARIO DE TORREVIEJA;Torrevieja;ALICANTE;748;TERCIARIO DE TORREVIEJA;TERCIARIO DE TORREVIEJA;320;Comunidad Valenciana;1
CA0748001;2019-01-16;TOL;Tolueno (Metilbenceno);µg/L;0;< 0,5;705332;4207772;70042;TERCIARIO DE TORREVIEJA;Torrevieja;ALICANTE;748;TERCIARIO DE TORREVIEJA;TERCIARIO DE TORREVIEJA;320;Comunidad Valenciana;1
CA0748001;2019-01-16;TRIAZO_2;TRIAZOFOS;µg/L;0;< 0,010;705332;4207772;70042;TERCIARIO DE TORREVIEJA;Torrevieja;ALICANTE;748;TERCIARIO DE TORREVIEJA;TERCIARIO DE TORREVIEJA;320;Comunidad Valenciana;1
CA0748001;2019-01-16;TRICLOET;Tricloroetileno (TRI);µg/L;0;< 0,5;705332;4207772;70042;TERCIARIO DE TORREVIEJA;Torrevieja;ALICANTE;748;TERCIARIO DE TORREVIEJA;TERCIARIO DE TORREVIEJA;320;Comunidad Valenciana;1
CA0748001;2019-01-16;TRIFLURALINA;Trifluralina;µg/L;0;< 0,006;705332;4207772;70042;TERCIARIO DE TORREVIEJA;Torrevieja;ALICANTE;748;TERCIARIO DE TORREVIEJA;TERCIARIO DE TORREVIEJA;320;Comunidad Valenciana;1
CA0748001;2019-01-16;ZN;ZINC;µg/l Zn;0;< 50;705332;4207772;70042;TERCIARIO DE TORREVIEJA;Torrevieja;ALICANTE;748;TERCIARIO DE TORREVIEJA;TERCIARIO DE TORREVIEJA;320;Comunidad Valenciana;1
CA0748001;2019-06-04;ACLONIFE;ACLONIFENO;µg/L;0;< 0,00200;705332;4207772;70042;TERCIARIO DE TORREVIEJA;Torrevieja;ALICANTE;748;TERCIARIO DE TORREVIEJA;TERCIARIO DE TORREVIEJA;320;Comunidad Valenciana;6
CA0748001;2019-06-04;ALACLORO;ALACLORO;µg/L;0;< 0,01000;705332;4207772;70042;TERCIARIO DE TORREVIEJA;Torrevieja;ALICANTE;748;TERCIARIO DE TORREVIEJA;TERCIARIO DE TORREVIEJA;320;Comunidad Valenciana;6
CA0748001;2019-06-04;ALDRIN;ALDRINA;µg/L;0;< 0,00025;705332;4207772;70042;TERCIARIO DE TORREVIEJA;Torrevieja;ALICANTE;748;TERCIARIO DE TORREVIEJA;TERCIARIO DE TORREVIEJA;320;Comunidad Valenciana;6
CA0748001;2019-06-04;AS;ARSENICO;µg/L As;0;< 5,0;705332;4207772;70042;TERCIARIO DE TORREVIEJA;Torrevieja;ALICANTE;748;TERCIARIO DE TORREVIEJA;TERCIARIO DE TORREVIEJA;320;Comunidad Valenciana;6
CA0748001;2019-06-04;ATRAZINA;ATRAZINA;µg/L;0;< 0,010;705332;4207772;70042;TERCIARIO DE TORREVIEJA;Torrevieja;ALICANTE;748;TERCIARIO DE TORREVIEJA;TERCIARIO DE TORREVIEJA;320;Comunidad Valenciana;6
CA0748001;2019-06-04;B;BORO;µg/L B;7800;780;705332;4207772;70042;TERCIARIO DE TORREVIEJA;Torrevieja;ALICANTE;748;TERCIARIO DE TORREVIEJA;TERCIARIO DE TORREVIEJA;320;Comunidad Valenciana;6
CA0748001;2019-06-04;BICARB;BICARBONATOS;mg/L HCO3-;2300;230;705332;4207772;70042;TERCIARIO DE TORREVIEJA;Torrevieja;ALICANTE;748;TERCIARIO DE TORREVIEJA;TERCIARIO DE TORREVIEJA;320;Comunidad Valenciana;6
CA0748001;2019-06-04;BIFEN;BIFENOX;µg/L;0;< 0,00200;705332;4207772;70042;TERCIARIO DE TORREVIEJA;Torrevieja;ALICANTE;748;TERCIARIO DE TORREVIEJA;TERCIARIO DE TORREVIEJA;320;Comunidad Valenciana;6
CA0748001;2019-06-04;BRFOSETIL;BROMOFOS ETIL;µg/L;0;< 0,010;705332;4207772;70042;TERCIARIO DE TORREVIEJA;Torrevieja;ALICANTE;748;TERCIARIO DE TORREVIEJA;TERCIARIO DE TORREVIEJA;320;Comunidad Valenciana;6
CA0748001;2019-06-04;CA;CALCIO;mg/L Ca;390;39;705332;4207772;70042;TERCIARIO DE TORREVIEJA;Torrevieja;ALICANTE;748;TERCIARIO DE TORREVIEJA;TERCIARIO DE TORREVIEJA;320;Comunidad Valenciana;6
CA0748001;2019-06-04;CD;CADMIO;µg/L Cd;0;< 0,02;705332;4207772;70042;TERCIARIO DE TORREVIEJA;Torrevieja;ALICANTE;748;TERCIARIO DE TORREVIEJA;TERCIARIO DE TORREVIEJA;320;Comunidad Valenciana;6
CA0748001;2019-06-04;CIB;CIBUTRINA;µg/L;0;< 0,002;705332;4207772;70042;TERCIARIO DE TORREVIEJA;Torrevieja;ALICANTE;748;TERCIARIO DE TORREVIEJA;TERCIARIO DE TORREVIEJA;320;Comunidad Valenciana;6
CA0748001;2019-06-04;CL;Cloruros;mg/L Cl;6050;605;705332;4207772;70042;TERCIARIO DE TORREVIEJA;Torrevieja;ALICANTE;748;TERCIARIO DE TORREVIEJA;TERCIARIO DE TORREVIEJA;320;Comunidad Valenciana;6
CA0748001;2019-06-04;CLORDANOCIS;CIS-CLORDANO;µg/L;0;< 0,00025;705332;4207772;70042;TERCIARIO DE TORREVIEJA;Torrevieja;ALICANTE;748;TERCIARIO DE TORREVIEJA;TERCIARIO DE TORREVIEJA;320;Comunidad Valenciana;6
CA0748001;2019-06-04;CLORDANOTR;TRANS-CLORDANO;µg/L;0;< 0,00025;705332;4207772;70042;TERCIARIO DE TORREVIEJA;Torrevieja;ALICANTE;748;TERCIARIO DE TORREVIEJA;TERCIARIO DE TORREVIEJA;320;Comunidad Valenciana;6
CA0748001;2019-06-04;CLOROFENVINFOS;Clorfenvinfos;µg/L;0;< 0,010;705332;4207772;70042;TERCIARIO DE TORREVIEJA;Torrevieja;ALICANTE;748;TERCIARIO DE TORREVIEJA;TERCIARIO DE TORREVIEJA;320;Comunidad Valenciana;6
CA0748001;2019-06-04;CLOROPIRIFOS;Clorpirifos;µg/L;0;< 0,010;705332;4207772;70042;TERCIARIO DE TORREVIEJA;Torrevieja;ALICANTE;748;TERCIARIO DE TORREVIEJA;TERCIARIO DE TORREVIEJA;320;Comunidad Valenciana;6
CA0748001;2019-06-04;CLORPIRIPME;CLOROPIRIFOS-METIL;µg/L;0;< 0,010;705332;4207772;70042;TERCIARIO DE TORREVIEJA;Torrevieja;ALICANTE;748;TERCIARIO DE TORREVIEJA;TERCIARIO DE TORREVIEJA;320;Comunidad Valenciana;6
CA0748001;2019-06-04;COND20SITU;Conductividad de campo (medida in situ);µS/cm;25100;2510;705332;4207772;70042;TERCIARIO DE TORREVIEJA;Torrevieja;ALICANTE;748;TERCIARIO DE TORREVIEJA;TERCIARIO DE TORREVIEJA;320;Comunidad Valenciana;6
CA0748001;2019-06-04;CR;CROMO;µg/L Cr;0;< 5,0;705332;4207772;70042;TERCIARIO DE TORREVIEJA;Torrevieja;ALICANTE;748;TERCIARIO DE TORREVIEJA;TERCIARIO DE TORREVIEJA;320;Comunidad Valenciana;6
CA0748001;2019-06-04;CU;COBRE;µg/L Cu;14;1,4;705332;4207772;70042;TERCIARIO DE TORREVIEJA;Torrevieja;ALICANTE;748;TERCIARIO DE TORREVIEJA;TERCIARIO DE TORREVIEJA;320;Comunidad Valenciana;6
CA0748001;2019-06-04;DCV;DICLORVOS;µg/L;0;< 0,002;705332;4207772;70042;TERCIARIO DE TORREVIEJA;Torrevieja;ALICANTE;748;TERCIARIO DE TORREVIEJA;TERCIARIO DE TORREVIEJA;320;Comunidad Valenciana;6
CA0748001;2019-06-04;DDEPP;P,P'-DDE;µg/L;0;< 0,00025;705332;4207772;70042;TERCIARIO DE TORREVIEJA;Torrevieja;ALICANTE;748;TERCIARIO DE TORREVIEJA;TERCIARIO DE TORREVIEJA;320;Comunidad Valenciana;6
CA0748001;2019-06-04;DDTOP;O,P'-DDT;µg/L;0;< 0,00050;705332;4207772;70042;TERCIARIO DE TORREVIEJA;Torrevieja;ALICANTE;748;TERCIARIO DE TORREVIEJA;TERCIARIO DE TORREVIEJA;320;Comunidad Valenciana;6
CA0748001;2019-06-04;DDTPP;P,P'-DDT;µg/L;0;< 0,00025;705332;4207772;70042;TERCIARIO DE TORREVIEJA;Torrevieja;ALICANTE;748;TERCIARIO DE TORREVIEJA;TERCIARIO DE TORREVIEJA;320;Comunidad Valenciana;6
CA0748001;2019-06-04;DIAZINON;DIAZINON;µg/L;0;< 0,010;705332;4207772;70042;TERCIARIO DE TORREVIEJA;Torrevieja;ALICANTE;748;TERCIARIO DE TORREVIEJA;TERCIARIO DE TORREVIEJA;320;Comunidad Valenciana;6
CA0748001;2019-06-04;DICOFOL;DICOFOL (P,P'-DICOFOL);µg/L;0;< 0,00200;705332;4207772;70042;TERCIARIO DE TORREVIEJA;Torrevieja;ALICANTE;748;TERCIARIO DE TORREVIEJA;TERCIARIO DE TORREVIEJA;320;Comunidad Valenciana;6
CA0748001;2019-06-04;DIELDRIN;Dieldrin;µg/L;0;< 0,00015;705332;4207772;70042;TERCIARIO DE TORREVIEJA;Torrevieja;ALICANTE;748;TERCIARIO DE TORREVIEJA;TERCIARIO DE TORREVIEJA;320;Comunidad Valenciana;6
CA0748001;2019-06-04;DIURON;DIURON;µg/L;0;< 0,050;705332;4207772;70042;TERCIARIO DE TORREVIEJA;Torrevieja;ALICANTE;748;TERCIARIO DE TORREVIEJA;TERCIARIO DE TORREVIEJA;320;Comunidad Valenciana;6
CA0748001;2019-06-04;DQO;DQO o Demanda Química de Oxígeno;mg/L O2;0;< 15;705332;4207772;70042;TERCIARIO DE TORREVIEJA;Torrevieja;ALICANTE;748;TERCIARIO DE TORREVIEJA;TERCIARIO DE TORREVIEJA;320;Comunidad Valenciana;6
CA0748001;2019-06-04;ENDOS;ENDOSULFAN (SUMA ISOMEROS ALFA+BETA);µg/L;0;< 0,00025;705332;4207772;70042;TERCIARIO DE TORREVIEJA;Torrevieja;ALICANTE;748;TERCIARIO DE TORREVIEJA;TERCIARIO DE TORREVIEJA;320;Comunidad Valenciana;6
CA0748001;2019-06-04;ENDOSULFAN;ALFA-ENDOSULFAN;µg/L;0;< 0,00025;705332;4207772;70042;TERCIARIO DE TORREVIEJA;Torrevieja;ALICANTE;748;TERCIARIO DE TORREVIEJA;TERCIARIO DE TORREVIEJA;320;Comunidad Valenciana;6
CA0748001;2019-06-04;ENDOSULFAN-BETA;BETA-ENDOSULFAN;µg/L;0;< 0,00150;705332;4207772;70042;TERCIARIO DE TORREVIEJA;Torrevieja;ALICANTE;748;TERCIARIO DE TORREVIEJA;TERCIARIO DE TORREVIEJA;320;Comunidad Valenciana;6
CA0748001;2019-06-04;ENDRIN;ENDRINA;µg/L;0;< 0,00150;705332;4207772;70042;TERCIARIO DE TORREVIEJA;Torrevieja;ALICANTE;748;TERCIARIO DE TORREVIEJA;TERCIARIO DE TORREVIEJA;320;Comunidad Valenciana;6
CA0748001;2019-06-04;ENDRINCE;Endrin cetona;µg/L;0;< 0,00025;705332;4207772;70042;TERCIARIO DE TORREVIEJA;Torrevieja;ALICANTE;748;TERCIARIO DE TORREVIEJA;TERCIARIO DE TORREVIEJA;320;Comunidad Valenciana;6
CA0748001;2019-06-04;ETPARATION;Paration (paration etilo);µg/L;0;< 0,010;705332;4207772;70042;TERCIARIO DE TORREVIEJA;Torrevieja;ALICANTE;748;TERCIARIO DE TORREVIEJA;TERCIARIO DE TORREVIEJA;320;Comunidad Valenciana;6
CA0748001;2019-06-04;FE;HIERRO;µg/L;0;< 50;705332;4207772;70042;TERCIARIO DE TORREVIEJA;Torrevieja;ALICANTE;748;TERCIARIO DE TORREVIEJA;TERCIARIO DE TORREVIEJA;320;Comunidad Valenciana;6
CA0748001;2019-06-04;FENCLORFOS;FENCLORFOS;µg/L;0;< 0,010;705332;4207772;70042;TERCIARIO DE TORREVIEJA;Torrevieja;ALICANTE;748;TERCIARIO DE TORREVIEJA;TERCIARIO DE TORREVIEJA;320;Comunidad Valenciana;6
CA0748001;2019-06-04;FONO;FONOFOS;µg/L;0;< 0,010;705332;4207772;70042;TERCIARIO DE TORREVIEJA;Torrevieja;ALICANTE;748;TERCIARIO DE TORREVIEJA;TERCIARIO DE TORREVIEJA;320;Comunidad Valenciana;6
CA0748001;2019-06-04;HCB;Hexaclorobenceno (HCB, Perclorobenceno);µg/L;0;< 0,00250;705332;4207772;70042;TERCIARIO DE TORREVIEJA;Torrevieja;ALICANTE;748;TERCIARIO DE TORREVIEJA;TERCIARIO DE TORREVIEJA;320;Comunidad Valenciana;6
CA0748001;2019-06-04;HCHALFA;ALFA-HCH;µg/L;0;< 0,00005;705332;4207772;70042;TERCIARIO DE TORREVIEJA;Torrevieja;ALICANTE;748;TERCIARIO DE TORREVIEJA;TERCIARIO DE TORREVIEJA;320;Comunidad Valenciana;6
CA0748001;2019-06-04;HCHBETA;BETA-HCH;µg/L;0;< 0,00015;705332;4207772;70042;TERCIARIO DE TORREVIEJA;Torrevieja;ALICANTE;748;TERCIARIO DE TORREVIEJA;TERCIARIO DE TORREVIEJA;320;Comunidad Valenciana;6
CA0748001;2019-06-04;HCHDELTA;DELTA-HCH;µg/L;0;< 0,00015;705332;4207772;70042;TERCIARIO DE TORREVIEJA;Torrevieja;ALICANTE;748;TERCIARIO DE TORREVIEJA;TERCIARIO DE TORREVIEJA;320;Comunidad Valenciana;6
CA0748001;2019-06-04;HEPTACL;Heptacloro;µg/L;0;< 0,00025;705332;4207772;70042;TERCIARIO DE TORREVIEJA;Torrevieja;ALICANTE;748;TERCIARIO DE TORREVIEJA;TERCIARIO DE TORREVIEJA;320;Comunidad Valenciana;6
CA0748001;2019-06-04;HEPTACLEPO;EPOXIDO DE HEPTACLORO;µg/L;0;< 0,00005;705332;4207772;70042;TERCIARIO DE TORREVIEJA;Torrevieja;ALICANTE;748;TERCIARIO DE TORREVIEJA;TERCIARIO DE TORREVIEJA;320;Comunidad Valenciana;6
CA0748001;2019-06-04;HG;MERCURIO;µg/L Hg;0;< 0,045;705332;4207772;70042;TERCIARIO DE TORREVIEJA;Torrevieja;ALICANTE;748;TERCIARIO DE TORREVIEJA;TERCIARIO DE TORREVIEJA;320;Comunidad Valenciana;6
CA0748001;2019-06-04;ISODRIN;Isodrin;µg/L;0;< 0,00010;705332;4207772;70042;TERCIARIO DE TORREVIEJA;Torrevieja;ALICANTE;748;TERCIARIO DE TORREVIEJA;TERCIARIO DE TORREVIEJA;320;Comunidad Valenciana;6
CA0748001;2019-06-04;ISOPROTURON;Isoproturón;µg/L;0;< 0,050;705332;4207772;70042;TERCIARIO DE TORREVIEJA;Torrevieja;ALICANTE;748;TERCIARIO DE TORREVIEJA;TERCIARIO DE TORREVIEJA;320;Comunidad Valenciana;6
CA0748001;2019-06-04;K;POTASIO;mg/L K;390;39;705332;4207772;70042;TERCIARIO DE TORREVIEJA;Torrevieja;ALICANTE;748;TERCIARIO DE TORREVIEJA;TERCIARIO DE TORREVIEJA;320;Comunidad Valenciana;6
CA0748001;2019-06-04;LIND;GAMMA-HCH (LINDANO);µg/L;0;< 0,00025;705332;4207772;70042;TERCIARIO DE TORREVIEJA;Torrevieja;ALICANTE;748;TERCIARIO DE TORREVIEJA;TERCIARIO DE TORREVIEJA;320;Comunidad Valenciana;6
CA0748001;2019-06-04;METOLACLORO;Metolacloro;µg/L;0;< 0,01000;705332;4207772;70042;TERCIARIO DE TORREVIEJA;Torrevieja;ALICANTE;748;TERCIARIO DE TORREVIEJA;TERCIARIO DE TORREVIEJA;320;Comunidad Valenciana;6
CA0748001;2019-06-04;METOXICLORO;Metoxicloro;µg/L;0;< 0,00025;705332;4207772;70042;TERCIARIO DE TORREVIEJA;Torrevieja;ALICANTE;748;TERCIARIO DE TORREVIEJA;TERCIARIO DE TORREVIEJA;320;Comunidad Valenciana;6
CA0748001;2019-06-04;METRIBUZINA;METRIBUZINA;µg/L;0;< 0,050;705332;4207772;70042;TERCIARIO DE TORREVIEJA;Torrevieja;ALICANTE;748;TERCIARIO DE TORREVIEJA;TERCIARIO DE TORREVIEJA;320;Comunidad Valenciana;6
CA0748001;2019-06-04;MG;MAGNESIO;mg/L Mg;450;45;705332;4207772;70042;TERCIARIO DE TORREVIEJA;Torrevieja;ALICANTE;748;TERCIARIO DE TORREVIEJA;TERCIARIO DE TORREVIEJA;320;Comunidad Valenciana;6
CA0748001;2019-06-04;MN;MANGANESO;µg/L Mn;0;< 5,0;705332;4207772;70042;TERCIARIO DE TORREVIEJA;Torrevieja;ALICANTE;748;TERCIARIO DE TORREVIEJA;TERCIARIO DE TORREVIEJA;320;Comunidad Valenciana;6
CA0748001;2019-06-04;;SODIO;mg/L Na;5770;> 200 (577)*;705332;4207772;70042;TERCIARIO DE TORREVIEJA;Torrevieja;ALICANTE;748;TERCIARIO DE TORREVIEJA;TERCIARIO DE TORREVIEJA;320;Comunidad Valenciana;6
CA0748001;2019-06-04;NH4;AMONIO;mg/L NH4;0;< 0,10;705332;4207772;70042;TERCIARIO DE TORREVIEJA;Torrevieja;ALICANTE;748;TERCIARIO DE TORREVIEJA;TERCIARIO DE TORREVIEJA;320;Comunidad Valenciana;6
CA0748001;2019-06-04;NI;NIQUEL;µg/L Ni;0;< 0,80;705332;4207772;70042;TERCIARIO DE TORREVIEJA;Torrevieja;ALICANTE;748;TERCIARIO DE TORREVIEJA;TERCIARIO DE TORREVIEJA;320;Comunidad Valenciana;6
CA0748001;2019-06-04;NO2;Nitritos;mg/L NO2;0;< 0,020;705332;4207772;70042;TERCIARIO DE TORREVIEJA;Torrevieja;ALICANTE;748;TERCIARIO DE TORREVIEJA;TERCIARIO DE TORREVIEJA;320;Comunidad Valenciana;6
CA0748001;2019-06-04;NO3;Nitratos;mg/L NO3;390;39;705332;4207772;70042;TERCIARIO DE TORREVIEJA;Torrevieja;ALICANTE;748;TERCIARIO DE TORREVIEJA;TERCIARIO DE TORREVIEJA;320;Comunidad Valenciana;6
CA0748001;2019-06-04;NTOTAL;Nitrógeno total;mg/L N;78;7,8;705332;4207772;70042;TERCIARIO DE TORREVIEJA;Torrevieja;ALICANTE;748;TERCIARIO DE TORREVIEJA;TERCIARIO DE TORREVIEJA;320;Comunidad Valenciana;6
CA0748001;2019-06-04;O2 DTO;Oxigeno disuelto de campo (medida in situ);mg/L O2;638;6,38;705332;4207772;70042;TERCIARIO DE TORREVIEJA;Torrevieja;ALICANTE;748;TERCIARIO DE TORREVIEJA;TERCIARIO DE TORREVIEJA;320;Comunidad Valenciana;6
CA0748001;2019-06-04;PB;PLOMO;µg/L Pb;0;< 0,30;705332;4207772;70042;TERCIARIO DE TORREVIEJA;Torrevieja;ALICANTE;748;TERCIARIO DE TORREVIEJA;TERCIARIO DE TORREVIEJA;320;Comunidad Valenciana;6
CA0748001;2019-06-04;PHSITU;pH de campo (medida in situ);udpH;78;7,8 (26,8ºC);705332;4207772;70042;TERCIARIO DE TORREVIEJA;Torrevieja;ALICANTE;748;TERCIARIO DE TORREVIEJA;TERCIARIO DE TORREVIEJA;320;Comunidad Valenciana;6
CA0748001;2019-06-04;PLAGUT;Plaguicidas Totales (OCPs + OPPs);µg/L;0;0;705332;4207772;70042;TERCIARIO DE TORREVIEJA;Torrevieja;ALICANTE;748;TERCIARIO DE TORREVIEJA;TERCIARIO DE TORREVIEJA;320;Comunidad Valenciana;6
CA0748001;2019-06-04;PO4;Fosfatos;mg/L PO4;46;0,046;705332;4207772;70042;TERCIARIO DE TORREVIEJA;Torrevieja;ALICANTE;748;TERCIARIO DE TORREVIEJA;TERCIARIO DE TORREVIEJA;320;Comunidad Valenciana;6
CA0748001;2019-06-04;PTOTAL;FOSFORO TOTAL;mg/L P;0;< 0,05;705332;4207772;70042;TERCIARIO DE TORREVIEJA;Torrevieja;ALICANTE;748;TERCIARIO DE TORREVIEJA;TERCIARIO DE TORREVIEJA;320;Comunidad Valenciana;6
CA0748001;2019-06-04;QUI;Quinoxifeno;µg/L;0;< 0,00200;705332;4207772;70042;TERCIARIO DE TORREVIEJA;Torrevieja;ALICANTE;748;TERCIARIO DE TORREVIEJA;TERCIARIO DE TORREVIEJA;320;Comunidad Valenciana;6
CA0748001;2019-06-04;SATINSI;Porcentaje de saturación de oxígeno disuelto de campo (medido in situ);% O2;982;98,2;705332;4207772;70042;TERCIARIO DE TORREVIEJA;Torrevieja;ALICANTE;748;TERCIARIO DE TORREVIEJA;TERCIARIO DE TORREVIEJA;320;Comunidad Valenciana;6
CA0748001;2019-06-04;S-DDD-DDT;Suma p,p´-DDD + o,p´-DDT;µg/L;0;< 0,00050;705332;4207772;70042;TERCIARIO DE TORREVIEJA;Torrevieja;ALICANTE;748;TERCIARIO DE TORREVIEJA;TERCIARIO DE TORREVIEJA;320;Comunidad Valenciana;6
CA0748001;2019-06-04;SE;SELENIO;µg/L Se;149;1,49;705332;4207772;70042;TERCIARIO DE TORREVIEJA;Torrevieja;ALICANTE;748;TERCIARIO DE TORREVIEJA;TERCIARIO DE TORREVIEJA;320;Comunidad Valenciana;6
CA0748001;2019-06-04;SIMAZINA;Simazina;µg/L;0;< 0,050;705332;4207772;70042;TERCIARIO DE TORREVIEJA;Torrevieja;ALICANTE;748;TERCIARIO DE TORREVIEJA;TERCIARIO DE TORREVIEJA;320;Comunidad Valenciana;6
CA0748001;2019-06-04;SUMDDT;DDT TOTAL (SUMA P,P'-DDT+O,P'-DDT+P,P'-DDE+P,P'-DDD);µg/L;0;< 0,00100;705332;4207772;70042;TERCIARIO DE TORREVIEJA;Torrevieja;ALICANTE;748;TERCIARIO DE TORREVIEJA;TERCIARIO DE TORREVIEJA;320;Comunidad Valenciana;6
CA0748001;2019-06-04;SUMHCH;HEXACLOROCICLOHEXANO (HCH) (SUMA ISOMEROS);µg/L;0;< 0,00060;705332;4207772;70042;TERCIARIO DE TORREVIEJA;Torrevieja;ALICANTE;748;TERCIARIO DE TORREVIEJA;TERCIARIO DE TORREVIEJA;320;Comunidad Valenciana;6
CA0748001;2019-06-04;SUO4;Sulfatos;mg/L SO4;1260;126;705332;4207772;70042;TERCIARIO DE TORREVIEJA;Torrevieja;ALICANTE;748;TERCIARIO DE TORREVIEJA;TERCIARIO DE TORREVIEJA;320;Comunidad Valenciana;6
CA0748001;2019-06-04;TAGUA;"TEMPERATURA ""IN SITU""";ºC;268;26,8;705332;4207772;70042;TERCIARIO DE TORREVIEJA;Torrevieja;ALICANTE;748;TERCIARIO DE TORREVIEJA;TERCIARIO DE TORREVIEJA;320;Comunidad Valenciana;6
CA0748001;2019-06-04;TERAZ;Terbutilazina;µg/L;0;< 0,050;705332;4207772;70042;TERCIARIO DE TORREVIEJA;Torrevieja;ALICANTE;748;TERCIARIO DE TORREVIEJA;TERCIARIO DE TORREVIEJA;320;Comunidad Valenciana;6
CA0748001;2019-06-04;TERBUTRINA;Terbutrina;µg/L;0;< 0,050;705332;4207772;70042;TERCIARIO DE TORREVIEJA;Torrevieja;ALICANTE;748;TERCIARIO DE TORREVIEJA;TERCIARIO DE TORREVIEJA;320;Comunidad Valenciana;6
CA0748001;2019-06-04;TRIAZO_2;TRIAZOFOS;µg/L;0;< 0,010;705332;4207772;70042;TERCIARIO DE TORREVIEJA;Torrevieja;ALICANTE;748;TERCIARIO DE TORREVIEJA;TERCIARIO DE TORREVIEJA;320;Comunidad Valenciana;6
CA0748001;2019-06-04;TRIFLURALINA;Trifluralina;µg/L;0;< 0,006;705332;4207772;70042;TERCIARIO DE TORREVIEJA;Torrevieja;ALICANTE;748;TERCIARIO DE TORREVIEJA;TERCIARIO DE TORREVIEJA;320;Comunidad Valenciana;6
CA0748001;2019-06-04;ZN;ZINC;µg/l Zn;110;11;705332;4207772;70042;TERCIARIO DE TORREVIEJA;Torrevieja;ALICANTE;748;TERCIARIO DE TORREVIEJA;TERCIARIO DE TORREVIEJA;320;Comunidad Valenciana;6
CA0748001;2019-09-03;ACLONIFE;ACLONIFENO;µg/L;0;< 0,00200;705332;4207772;70042;TERCIARIO DE TORREVIEJA;Torrevieja;ALICANTE;748;TERCIARIO DE TORREVIEJA;TERCIARIO DE TORREVIEJA;320;Comunidad Valenciana;9
CA0748001;2019-09-03;ALACLORO;ALACLORO;µg/L;0;< 0,01000;705332;4207772;70042;TERCIARIO DE TORREVIEJA;Torrevieja;ALICANTE;748;TERCIARIO DE TORREVIEJA;TERCIARIO DE TORREVIEJA;320;Comunidad Valenciana;9
CA0748001;2019-09-03;ALDRIN;ALDRINA;µg/L;0;< 0,00025;705332;4207772;70042;TERCIARIO DE TORREVIEJA;Torrevieja;ALICANTE;748;TERCIARIO DE TORREVIEJA;TERCIARIO DE TORREVIEJA;320;Comunidad Valenciana;9
CA0748001;2019-09-03;AMPA;ACIDO AMINOMETILFOSFONICO (AMPA);µg/L;0;<0,10;705332;4207772;70042;TERCIARIO DE TORREVIEJA;Torrevieja;ALICANTE;748;TERCIARIO DE TORREVIEJA;TERCIARIO DE TORREVIEJA;320;Comunidad Valenciana;9
CA0748001;2019-09-03;AS;ARSENICO;µg/L As;0;< 5,0;705332;4207772;70042;TERCIARIO DE TORREVIEJA;Torrevieja;ALICANTE;748;TERCIARIO DE TORREVIEJA;TERCIARIO DE TORREVIEJA;320;Comunidad Valenciana;9
CA0748001;2019-09-03;ATRAZINA;ATRAZINA;µg/L;0;< 0,010;705332;4207772;70042;TERCIARIO DE TORREVIEJA;Torrevieja;ALICANTE;748;TERCIARIO DE TORREVIEJA;TERCIARIO DE TORREVIEJA;320;Comunidad Valenciana;9
CA0748001;2019-09-03;B;BORO;µg/L B;3900;390;705332;4207772;70042;TERCIARIO DE TORREVIEJA;Torrevieja;ALICANTE;748;TERCIARIO DE TORREVIEJA;TERCIARIO DE TORREVIEJA;320;Comunidad Valenciana;9
CA0748001;2019-09-03;BICARB;BICARBONATOS;mg/L HCO3-;2320;232;705332;4207772;70042;TERCIARIO DE TORREVIEJA;Torrevieja;ALICANTE;748;TERCIARIO DE TORREVIEJA;TERCIARIO DE TORREVIEJA;320;Comunidad Valenciana;9
CA0748001;2019-09-03;BIFEN;BIFENOX;µg/L;0;< 0,00200;705332;4207772;70042;TERCIARIO DE TORREVIEJA;Torrevieja;ALICANTE;748;TERCIARIO DE TORREVIEJA;TERCIARIO DE TORREVIEJA;320;Comunidad Valenciana;9
CA0748001;2019-09-03;BRFOSETIL;BROMOFOS ETIL;µg/L;0;< 0,010;705332;4207772;70042;TERCIARIO DE TORREVIEJA;Torrevieja;ALICANTE;748;TERCIARIO DE TORREVIEJA;TERCIARIO DE TORREVIEJA;320;Comunidad Valenciana;9
CA0748001;2019-09-03;CA;CALCIO;mg/L Ca;600;60;705332;4207772;70042;TERCIARIO DE TORREVIEJA;Torrevieja;ALICANTE;748;TERCIARIO DE TORREVIEJA;TERCIARIO DE TORREVIEJA;320;Comunidad Valenciana;9
CA0748001;2019-09-03;CD;CADMIO;µg/L Cd;0;< 0,02;705332;4207772;70042;TERCIARIO DE TORREVIEJA;Torrevieja;ALICANTE;748;TERCIARIO DE TORREVIEJA;TERCIARIO DE TORREVIEJA;320;Comunidad Valenciana;9
CA0748001;2019-09-03;CIB;CIBUTRINA;µg/L;0;< 0,002;705332;4207772;70042;TERCIARIO DE TORREVIEJA;Torrevieja;ALICANTE;748;TERCIARIO DE TORREVIEJA;TERCIARIO DE TORREVIEJA;320;Comunidad Valenciana;9
CA0748001;2019-09-03;CL;Cloruros;mg/L Cl;4520;452;705332;4207772;70042;TERCIARIO DE TORREVIEJA;Torrevieja;ALICANTE;748;TERCIARIO DE TORREVIEJA;TERCIARIO DE TORREVIEJA;320;Comunidad Valenciana;9
CA0748001;2019-09-03;CLORDANOCIS;CIS-CLORDANO;µg/L;0;< 0,00025;705332;4207772;70042;TERCIARIO DE TORREVIEJA;Torrevieja;ALICANTE;748;TERCIARIO DE TORREVIEJA;TERCIARIO DE TORREVIEJA;320;Comunidad Valenciana;9
CA0748001;2019-09-03;CLORDANOTR;TRANS-CLORDANO;µg/L;0;< 0,00025;705332;4207772;70042;TERCIARIO DE TORREVIEJA;Torrevieja;ALICANTE;748;TERCIARIO DE TORREVIEJA;TERCIARIO DE TORREVIEJA;320;Comunidad Valenciana;9
CA0748001;2019-09-03;CLOROFENVINFOS;Clorfenvinfos;µg/L;0;< 0,010;705332;4207772;70042;TERCIARIO DE TORREVIEJA;Torrevieja;ALICANTE;748;TERCIARIO DE TORREVIEJA;TERCIARIO DE TORREVIEJA;320;Comunidad Valenciana;9
CA0748001;2019-09-03;CLOROPIRIFOS;Clorpirifos;µg/L;0;< 0,010;705332;4207772;70042;TERCIARIO DE TORREVIEJA;Torrevieja;ALICANTE;748;TERCIARIO DE TORREVIEJA;TERCIARIO DE TORREVIEJA;320;Comunidad Valenciana;9
CA0748001;2019-09-03;CLORPIRIPME;CLOROPIRIFOS-METIL;µg/L;0;< 0,010;705332;4207772;70042;TERCIARIO DE TORREVIEJA;Torrevieja;ALICANTE;748;TERCIARIO DE TORREVIEJA;TERCIARIO DE TORREVIEJA;320;Comunidad Valenciana;9
CA0748001;2019-09-03;COND20SITU;Conductividad de campo (medida in situ);µS/cm;19220;1922;705332;4207772;70042;TERCIARIO DE TORREVIEJA;Torrevieja;ALICANTE;748;TERCIARIO DE TORREVIEJA;TERCIARIO DE TORREVIEJA;320;Comunidad Valenciana;9
CA0748001;2019-09-03;CR;CROMO;µg/L Cr;0;< 5,0;705332;4207772;70042;TERCIARIO DE TORREVIEJA;Torrevieja;ALICANTE;748;TERCIARIO DE TORREVIEJA;TERCIARIO DE TORREVIEJA;320;Comunidad Valenciana;9
CA0748001;2019-09-03;CU;COBRE;µg/L Cu;0;< 0,80;705332;4207772;70042;TERCIARIO DE TORREVIEJA;Torrevieja;ALICANTE;748;TERCIARIO DE TORREVIEJA;TERCIARIO DE TORREVIEJA;320;Comunidad Valenciana;9
CA0748001;2019-09-03;DCV;DICLORVOS;µg/L;0;< 0,002;705332;4207772;70042;TERCIARIO DE TORREVIEJA;Torrevieja;ALICANTE;748;TERCIARIO DE TORREVIEJA;TERCIARIO DE TORREVIEJA;320;Comunidad Valenciana;9
CA0748001;2019-09-03;DDDPP;P,P'-DDD;µg/L;0;< 0,00050;705332;4207772;70042;TERCIARIO DE TORREVIEJA;Torrevieja;ALICANTE;748;TERCIARIO DE TORREVIEJA;TERCIARIO DE TORREVIEJA;320;Comunidad Valenciana;9
CA0748001;2019-09-03;DDEPP;P,P'-DDE;µg/L;0;< 0,00025;705332;4207772;70042;TERCIARIO DE TORREVIEJA;Torrevieja;ALICANTE;748;TERCIARIO DE TORREVIEJA;TERCIARIO DE TORREVIEJA;320;Comunidad Valenciana;9
CA0748001;2019-09-03;DDTOP;O,P'-DDT;µg/L;0;< 0,00050;705332;4207772;70042;TERCIARIO DE TORREVIEJA;Torrevieja;ALICANTE;748;TERCIARIO DE TORREVIEJA;TERCIARIO DE TORREVIEJA;320;Comunidad Valenciana;9
CA0748001;2019-09-03;DDTPP;P,P'-DDT;µg/L;0;< 0,00025;705332;4207772;70042;TERCIARIO DE TORREVIEJA;Torrevieja;ALICANTE;748;TERCIARIO DE TORREVIEJA;TERCIARIO DE TORREVIEJA;320;Comunidad Valenciana;9
CA0748001;2019-09-03;DIAZINON;DIAZINON;µg/L;0;< 0,010;705332;4207772;70042;TERCIARIO DE TORREVIEJA;Torrevieja;ALICANTE;748;TERCIARIO DE TORREVIEJA;TERCIARIO DE TORREVIEJA;320;Comunidad Valenciana;9
CA0748001;2019-09-03;DICOFOL;DICOFOL (P,P'-DICOFOL);µg/L;0;< 0,00200;705332;4207772;70042;TERCIARIO DE TORREVIEJA;Torrevieja;ALICANTE;748;TERCIARIO DE TORREVIEJA;TERCIARIO DE TORREVIEJA;320;Comunidad Valenciana;9
CA0748001;2019-09-03;DIELDRIN;Dieldrin;µg/L;0;< 0,00015;705332;4207772;70042;TERCIARIO DE TORREVIEJA;Torrevieja;ALICANTE;748;TERCIARIO DE TORREVIEJA;TERCIARIO DE TORREVIEJA;320;Comunidad Valenciana;9
CA0748001;2019-09-03;DIURON;DIURON;µg/L;0;< 0,050;705332;4207772;70042;TERCIARIO DE TORREVIEJA;Torrevieja;ALICANTE;748;TERCIARIO DE TORREVIEJA;TERCIARIO DE TORREVIEJA;320;Comunidad Valenciana;9
CA0748001;2019-09-03;DQO;DQO o Demanda Química de Oxígeno;mg/L O2;0;< 15;705332;4207772;70042;TERCIARIO DE TORREVIEJA;Torrevieja;ALICANTE;748;TERCIARIO DE TORREVIEJA;TERCIARIO DE TORREVIEJA;320;Comunidad Valenciana;9
CA0748001;2019-09-03;ENDOS;ENDOSULFAN (SUMA ISOMEROS ALFA+BETA);µg/L;0;< 0,00025;705332;4207772;70042;TERCIARIO DE TORREVIEJA;Torrevieja;ALICANTE;748;TERCIARIO DE TORREVIEJA;TERCIARIO DE TORREVIEJA;320;Comunidad Valenciana;9
CA0748001;2019-09-03;ENDOSULFAN;ALFA-ENDOSULFAN;µg/L;0;< 0,00025;705332;4207772;70042;TERCIARIO DE TORREVIEJA;Torrevieja;ALICANTE;748;TERCIARIO DE TORREVIEJA;TERCIARIO DE TORREVIEJA;320;Comunidad Valenciana;9
CA0748001;2019-09-03;ENDOSULFAN-BETA;BETA-ENDOSULFAN;µg/L;0;< 0,00150;705332;4207772;70042;TERCIARIO DE TORREVIEJA;Torrevieja;ALICANTE;748;TERCIARIO DE TORREVIEJA;TERCIARIO DE TORREVIEJA;320;Comunidad Valenciana;9
CA0748001;2019-09-03;ENDRIN;ENDRINA;µg/L;0;< 0,00150;705332;4207772;70042;TERCIARIO DE TORREVIEJA;Torrevieja;ALICANTE;748;TERCIARIO DE TORREVIEJA;TERCIARIO DE TORREVIEJA;320;Comunidad Valenciana;9
CA0748001;2019-09-03;ENDRINCE;Endrin cetona;µg/L;0;< 0,00025;705332;4207772;70042;TERCIARIO DE TORREVIEJA;Torrevieja;ALICANTE;748;TERCIARIO DE TORREVIEJA;TERCIARIO DE TORREVIEJA;320;Comunidad Valenciana;9
CA0748001;2019-09-03;ETPARATION;Paration (paration etilo);µg/L;0;< 0,010;705332;4207772;70042;TERCIARIO DE TORREVIEJA;Torrevieja;ALICANTE;748;TERCIARIO DE TORREVIEJA;TERCIARIO DE TORREVIEJA;320;Comunidad Valenciana;9
CA0748001;2019-09-03;FE;HIERRO;µg/L;0;< 50;705332;4207772;70042;TERCIARIO DE TORREVIEJA;Torrevieja;ALICANTE;748;TERCIARIO DE TORREVIEJA;TERCIARIO DE TORREVIEJA;320;Comunidad Valenciana;9
CA0748001;2019-09-03;FENCLORFOS;FENCLORFOS;µg/L;0;< 0,010;705332;4207772;70042;TERCIARIO DE TORREVIEJA;Torrevieja;ALICANTE;748;TERCIARIO DE TORREVIEJA;TERCIARIO DE TORREVIEJA;320;Comunidad Valenciana;9
CA0748001;2019-09-03;FONO;FONOFOS;µg/L;0;< 0,010;705332;4207772;70042;TERCIARIO DE TORREVIEJA;Torrevieja;ALICANTE;748;TERCIARIO DE TORREVIEJA;TERCIARIO DE TORREVIEJA;320;Comunidad Valenciana;9
CA0748001;2019-09-03;GLIFOSATO;GLIFOSATO;µg/L;0;<0,10;705332;4207772;70042;TERCIARIO DE TORREVIEJA;Torrevieja;ALICANTE;748;TERCIARIO DE TORREVIEJA;TERCIARIO DE TORREVIEJA;320;Comunidad Valenciana;9
CA0748001;2019-09-03;HCB;Hexaclorobenceno (HCB, Perclorobenceno);µg/L;0;< 0,00250;705332;4207772;70042;TERCIARIO DE TORREVIEJA;Torrevieja;ALICANTE;748;TERCIARIO DE TORREVIEJA;TERCIARIO DE TORREVIEJA;320;Comunidad Valenciana;9
CA0748001;2019-09-03;HCHALFA;ALFA-HCH;µg/L;0;< 0,00005;705332;4207772;70042;TERCIARIO DE TORREVIEJA;Torrevieja;ALICANTE;748;TERCIARIO DE TORREVIEJA;TERCIARIO DE TORREVIEJA;320;Comunidad Valenciana;9
CA0748001;2019-09-03;HCHBETA;BETA-HCH;µg/L;0;< 0,00015;705332;4207772;70042;TERCIARIO DE TORREVIEJA;Torrevieja;ALICANTE;748;TERCIARIO DE TORREVIEJA;TERCIARIO DE TORREVIEJA;320;Comunidad Valenciana;9
CA0748001;2019-09-03;HCHDELTA;DELTA-HCH;µg/L;0;< 0,00015;705332;4207772;70042;TERCIARIO DE TORREVIEJA;Torrevieja;ALICANTE;748;TERCIARIO DE TORREVIEJA;TERCIARIO DE TORREVIEJA;320;Comunidad Valenciana;9
CA0748001;2019-09-03;HEPTACL;Heptacloro;µg/L;0;< 0,00025;705332;4207772;70042;TERCIARIO DE TORREVIEJA;Torrevieja;ALICANTE;748;TERCIARIO DE TORREVIEJA;TERCIARIO DE TORREVIEJA;320;Comunidad Valenciana;9
CA0748001;2019-09-03;HEPTACLEPO;EPOXIDO DE HEPTACLORO;µg/L;0;< 0,00005;705332;4207772;70042;TERCIARIO DE TORREVIEJA;Torrevieja;ALICANTE;748;TERCIARIO DE TORREVIEJA;TERCIARIO DE TORREVIEJA;320;Comunidad Valenciana;9
CA0748001;2019-09-03;HG;MERCURIO;µg/L Hg;0;< 0,045;705332;4207772;70042;TERCIARIO DE TORREVIEJA;Torrevieja;ALICANTE;748;TERCIARIO DE TORREVIEJA;TERCIARIO DE TORREVIEJA;320;Comunidad Valenciana;9
CA0748001;2019-09-03;ISODRIN;Isodrin;µg/L;0;< 0,00010;705332;4207772;70042;TERCIARIO DE TORREVIEJA;Torrevieja;ALICANTE;748;TERCIARIO DE TORREVIEJA;TERCIARIO DE TORREVIEJA;320;Comunidad Valenciana;9
CA0748001;2019-09-03;ISOPROTURON;Isoproturón;µg/L;0;< 0,050;705332;4207772;70042;TERCIARIO DE TORREVIEJA;Torrevieja;ALICANTE;748;TERCIARIO DE TORREVIEJA;TERCIARIO DE TORREVIEJA;320;Comunidad Valenciana;9
CA0748001;2019-09-03;K;POTASIO;mg/L K;150;15;705332;4207772;70042;TERCIARIO DE TORREVIEJA;Torrevieja;ALICANTE;748;TERCIARIO DE TORREVIEJA;TERCIARIO DE TORREVIEJA;320;Comunidad Valenciana;9
CA0748001;2019-09-03;LIND;GAMMA-HCH (LINDANO);µg/L;0;< 0,00025;705332;4207772;70042;TERCIARIO DE TORREVIEJA;Torrevieja;ALICANTE;748;TERCIARIO DE TORREVIEJA;TERCIARIO DE TORREVIEJA;320;Comunidad Valenciana;9
CA0748001;2019-09-03;METOLACLORO;Metolacloro;µg/L;0;< 0,01000;705332;4207772;70042;TERCIARIO DE TORREVIEJA;Torrevieja;ALICANTE;748;TERCIARIO DE TORREVIEJA;TERCIARIO DE TORREVIEJA;320;Comunidad Valenciana;9
CA0748001;2019-09-03;METOXICLORO;Metoxicloro;µg/L;0;< 0,00025;705332;4207772;70042;TERCIARIO DE TORREVIEJA;Torrevieja;ALICANTE;748;TERCIARIO DE TORREVIEJA;TERCIARIO DE TORREVIEJA;320;Comunidad Valenciana;9
CA0748001;2019-09-03;METRIBUZINA;METRIBUZINA;µg/L;0;< 0,050;705332;4207772;70042;TERCIARIO DE TORREVIEJA;Torrevieja;ALICANTE;748;TERCIARIO DE TORREVIEJA;TERCIARIO DE TORREVIEJA;320;Comunidad Valenciana;9
CA0748001;2019-09-03;MG;MAGNESIO;mg/L Mg;320;32;705332;4207772;70042;TERCIARIO DE TORREVIEJA;Torrevieja;ALICANTE;748;TERCIARIO DE TORREVIEJA;TERCIARIO DE TORREVIEJA;320;Comunidad Valenciana;9
CA0748001;2019-09-03;MN;MANGANESO;µg/L Mn;0;< 5,0;705332;4207772;70042;TERCIARIO DE TORREVIEJA;Torrevieja;ALICANTE;748;TERCIARIO DE TORREVIEJA;TERCIARIO DE TORREVIEJA;320;Comunidad Valenciana;9
CA0748001;2019-09-03;;SODIO;mg/L Na;2990;> 200 (299)*;705332;4207772;70042;TERCIARIO DE TORREVIEJA;Torrevieja;ALICANTE;748;TERCIARIO DE TORREVIEJA;TERCIARIO DE TORREVIEJA;320;Comunidad Valenciana;9
CA0748001;2019-09-03;NH4;AMONIO;mg/L NH4;0;< 0,10;705332;4207772;70042;TERCIARIO DE TORREVIEJA;Torrevieja;ALICANTE;748;TERCIARIO DE TORREVIEJA;TERCIARIO DE TORREVIEJA;320;Comunidad Valenciana;9
CA0748001;2019-09-03;NI;NIQUEL;µg/L Ni;0;< 0,80;705332;4207772;70042;TERCIARIO DE TORREVIEJA;Torrevieja;ALICANTE;748;TERCIARIO DE TORREVIEJA;TERCIARIO DE TORREVIEJA;320;Comunidad Valenciana;9
CA0748001;2019-09-03;NO2;Nitritos;mg/L NO2;66;0,66;705332;4207772;70042;TERCIARIO DE TORREVIEJA;Torrevieja;ALICANTE;748;TERCIARIO DE TORREVIEJA;TERCIARIO DE TORREVIEJA;320;Comunidad Valenciana;9
CA0748001;2019-09-03;NO3;Nitratos;mg/L NO3;440;44;705332;4207772;70042;TERCIARIO DE TORREVIEJA;Torrevieja;ALICANTE;748;TERCIARIO DE TORREVIEJA;TERCIARIO DE TORREVIEJA;320;Comunidad Valenciana;9
CA0748001;2019-09-03;NTOTAL;Nitrógeno total;mg/L N;91;9,1;705332;4207772;70042;TERCIARIO DE TORREVIEJA;Torrevieja;ALICANTE;748;TERCIARIO DE TORREVIEJA;TERCIARIO DE TORREVIEJA;320;Comunidad Valenciana;9
CA0748001;2019-09-03;O2 DTO;Oxigeno disuelto de campo (medida in situ);mg/L O2;69;6,9;705332;4207772;70042;TERCIARIO DE TORREVIEJA;Torrevieja;ALICANTE;748;TERCIARIO DE TORREVIEJA;TERCIARIO DE TORREVIEJA;320;Comunidad Valenciana;9
CA0748001;2019-09-03;PB;PLOMO;µg/L Pb;0;< 0,30;705332;4207772;70042;TERCIARIO DE TORREVIEJA;Torrevieja;ALICANTE;748;TERCIARIO DE TORREVIEJA;TERCIARIO DE TORREVIEJA;320;Comunidad Valenciana;9
CA0748001;2019-09-03;PHSITU;pH de campo (medida in situ);udpH;82;8,2 (24,2ºC);705332;4207772;70042;TERCIARIO DE TORREVIEJA;Torrevieja;ALICANTE;748;TERCIARIO DE TORREVIEJA;TERCIARIO DE TORREVIEJA;320;Comunidad Valenciana;9
CA0748001;2019-09-03;PLAGUT;Plaguicidas Totales (OCPs + OPPs);µg/L;0;0;705332;4207772;70042;TERCIARIO DE TORREVIEJA;Torrevieja;ALICANTE;748;TERCIARIO DE TORREVIEJA;TERCIARIO DE TORREVIEJA;320;Comunidad Valenciana;9
CA0748001;2019-09-03;PO4;Fosfatos;mg/L PO4;48;0,048;705332;4207772;70042;TERCIARIO DE TORREVIEJA;Torrevieja;ALICANTE;748;TERCIARIO DE TORREVIEJA;TERCIARIO DE TORREVIEJA;320;Comunidad Valenciana;9
CA0748001;2019-09-03;PTOTAL;FOSFORO TOTAL;mg/L P;71;0,071;705332;4207772;70042;TERCIARIO DE TORREVIEJA;Torrevieja;ALICANTE;748;TERCIARIO DE TORREVIEJA;TERCIARIO DE TORREVIEJA;320;Comunidad Valenciana;9
CA0748001;2019-09-03;QUI;Quinoxifeno;µg/L;0;< 0,00200;705332;4207772;70042;TERCIARIO DE TORREVIEJA;Torrevieja;ALICANTE;748;TERCIARIO DE TORREVIEJA;TERCIARIO DE TORREVIEJA;320;Comunidad Valenciana;9
CA0748001;2019-09-03;SATINSI;Porcentaje de saturación de oxígeno disuelto de campo (medido in situ);% O2;835;83,5;705332;4207772;70042;TERCIARIO DE TORREVIEJA;Torrevieja;ALICANTE;748;TERCIARIO DE TORREVIEJA;TERCIARIO DE TORREVIEJA;320;Comunidad Valenciana;9
CA0748001;2019-09-03;S-DDD-DDT;Suma p,p´-DDD + o,p´-DDT;µg/L;0;< 0,00050;705332;4207772;70042;TERCIARIO DE TORREVIEJA;Torrevieja;ALICANTE;748;TERCIARIO DE TORREVIEJA;TERCIARIO DE TORREVIEJA;320;Comunidad Valenciana;9
CA0748001;2019-09-03;SE;SELENIO;µg/L Se;175;1,75;705332;4207772;70042;TERCIARIO DE TORREVIEJA;Torrevieja;ALICANTE;748;TERCIARIO DE TORREVIEJA;TERCIARIO DE TORREVIEJA;320;Comunidad Valenciana;9
CA0748001;2019-09-03;SIMAZINA;Simazina;µg/L;0;< 0,050;705332;4207772;70042;TERCIARIO DE TORREVIEJA;Torrevieja;ALICANTE;748;TERCIARIO DE TORREVIEJA;TERCIARIO DE TORREVIEJA;320;Comunidad Valenciana;9
CA0748001;2019-09-03;SUMCIPER;CIPERMETRINA (SUMA ISOMEROS ALFA+BETA+TETA+ZETA);µg/L;0;< 0,00008;705332;4207772;70042;TERCIARIO DE TORREVIEJA;Torrevieja;ALICANTE;748;TERCIARIO DE TORREVIEJA;TERCIARIO DE TORREVIEJA;320;Comunidad Valenciana;9
CA0748001;2019-09-03;SUMDDT;DDT TOTAL (SUMA P,P'-DDT+O,P'-DDT+P,P'-DDE+P,P'-DDD);µg/L;0;< 0,00100;705332;4207772;70042;TERCIARIO DE TORREVIEJA;Torrevieja;ALICANTE;748;TERCIARIO DE TORREVIEJA;TERCIARIO DE TORREVIEJA;320;Comunidad Valenciana;9
CA0748001;2019-09-03;SUMHCH;HEXACLOROCICLOHEXANO (HCH) (SUMA ISOMEROS);µg/L;0;< 0,00060;705332;4207772;70042;TERCIARIO DE TORREVIEJA;Torrevieja;ALICANTE;748;TERCIARIO DE TORREVIEJA;TERCIARIO DE TORREVIEJA;320;Comunidad Valenciana;9
CA0748001;2019-09-03;SUO4;Sulfatos;mg/L SO4;1400;140;705332;4207772;70042;TERCIARIO DE TORREVIEJA;Torrevieja;ALICANTE;748;TERCIARIO DE TORREVIEJA;TERCIARIO DE TORREVIEJA;320;Comunidad Valenciana;9
CA0748001;2019-09-03;TAGUA;"TEMPERATURA ""IN SITU""";ºC;242;24,2;705332;4207772;70042;TERCIARIO DE TORREVIEJA;Torrevieja;ALICANTE;748;TERCIARIO DE TORREVIEJA;TERCIARIO DE TORREVIEJA;320;Comunidad Valenciana;9
CA0748001;2019-09-03;TERAZ;Terbutilazina;µg/L;0;< 0,050;705332;4207772;70042;TERCIARIO DE TORREVIEJA;Torrevieja;ALICANTE;748;TERCIARIO DE TORREVIEJA;TERCIARIO DE TORREVIEJA;320;Comunidad Valenciana;9
CA0748001;2019-09-03;TERBUTRINA;Terbutrina;µg/L;0;< 0,050;705332;4207772;70042;TERCIARIO DE TORREVIEJA;Torrevieja;ALICANTE;748;TERCIARIO DE TORREVIEJA;TERCIARIO DE TORREVIEJA;320;Comunidad Valenciana;9
CA0748001;2019-09-03;TRIAZO_2;TRIAZOFOS;µg/L;0;< 0,010;705332;4207772;70042;TERCIARIO DE TORREVIEJA;Torrevieja;ALICANTE;748;TERCIARIO DE TORREVIEJA;TERCIARIO DE TORREVIEJA;320;Comunidad Valenciana;9
CA0748001;2019-09-03;TRIFLURALINA;Trifluralina;µg/L;0;< 0,006;705332;4207772;70042;TERCIARIO DE TORREVIEJA;Torrevieja;ALICANTE;748;TERCIARIO DE TORREVIEJA;TERCIARIO DE TORREVIEJA;320;Comunidad Valenciana;9
CA0748001;2019-09-03;ZN;ZINC;µg/l Zn;0;< 8,0;705332;4207772;70042;TERCIARIO DE TORREVIEJA;Torrevieja;ALICANTE;748;TERCIARIO DE TORREVIEJA;TERCIARIO DE TORREVIEJA;320;Comunidad Valenciana;9
CA0748001;2019-11-14;ACLONIFE;ACLONIFENO;µg/L;0;< 0,00200;705332;4207772;70042;TERCIARIO DE TORREVIEJA;Torrevieja;ALICANTE;748;TERCIARIO DE TORREVIEJA;TERCIARIO DE TORREVIEJA;320;Comunidad Valenciana;11
CA0748001;2019-11-14;ALACLORO;ALACLORO;µg/L;0;< 0,01000;705332;4207772;70042;TERCIARIO DE TORREVIEJA;Torrevieja;ALICANTE;748;TERCIARIO DE TORREVIEJA;TERCIARIO DE TORREVIEJA;320;Comunidad Valenciana;11
CA0748001;2019-11-14;ALDRIN;ALDRINA;µg/L;0;< 0,00025;705332;4207772;70042;TERCIARIO DE TORREVIEJA;Torrevieja;ALICANTE;748;TERCIARIO DE TORREVIEJA;TERCIARIO DE TORREVIEJA;320;Comunidad Valenciana;11
CA0748001;2019-11-14;AS;ARSENICO;µg/L As;0;< 5,0;705332;4207772;70042;TERCIARIO DE TORREVIEJA;Torrevieja;ALICANTE;748;TERCIARIO DE TORREVIEJA;TERCIARIO DE TORREVIEJA;320;Comunidad Valenciana;11
CA0748001;2019-11-14;ATRAZINA;ATRAZINA;µg/L;0;< 0,010;705332;4207772;70042;TERCIARIO DE TORREVIEJA;Torrevieja;ALICANTE;748;TERCIARIO DE TORREVIEJA;TERCIARIO DE TORREVIEJA;320;Comunidad Valenciana;11
CA0748001;2019-11-14;B;BORO;µg/L B;3600;360;705332;4207772;70042;TERCIARIO DE TORREVIEJA;Torrevieja;ALICANTE;748;TERCIARIO DE TORREVIEJA;TERCIARIO DE TORREVIEJA;320;Comunidad Valenciana;11
CA0748001;2019-11-14;BICARB;BICARBONATOS;mg/L HCO3-;1980;198;705332;4207772;70042;TERCIARIO DE TORREVIEJA;Torrevieja;ALICANTE;748;TERCIARIO DE TORREVIEJA;TERCIARIO DE TORREVIEJA;320;Comunidad Valenciana;11
CA0748001;2019-11-14;BIFEN;BIFENOX;µg/L;0;< 0,00200;705332;4207772;70042;TERCIARIO DE TORREVIEJA;Torrevieja;ALICANTE;748;TERCIARIO DE TORREVIEJA;TERCIARIO DE TORREVIEJA;320;Comunidad Valenciana;11
CA0748001;2019-11-14;BRFOSETIL;BROMOFOS ETIL;µg/L;0;< 0,0100;705332;4207772;70042;TERCIARIO DE TORREVIEJA;Torrevieja;ALICANTE;748;TERCIARIO DE TORREVIEJA;TERCIARIO DE TORREVIEJA;320;Comunidad Valenciana;11
CA0748001;2019-11-14;CA;CALCIO;mg/L Ca;510;51;705332;4207772;70042;TERCIARIO DE TORREVIEJA;Torrevieja;ALICANTE;748;TERCIARIO DE TORREVIEJA;TERCIARIO DE TORREVIEJA;320;Comunidad Valenciana;11
CA0748001;2019-11-14;CD;CADMIO;µg/L Cd;0;< 0,02;705332;4207772;70042;TERCIARIO DE TORREVIEJA;Torrevieja;ALICANTE;748;TERCIARIO DE TORREVIEJA;TERCIARIO DE TORREVIEJA;320;Comunidad Valenciana;11
CA0748001;2019-11-14;CIB;CIBUTRINA;µg/L;0;< 0,002;705332;4207772;70042;TERCIARIO DE TORREVIEJA;Torrevieja;ALICANTE;748;TERCIARIO DE TORREVIEJA;TERCIARIO DE TORREVIEJA;320;Comunidad Valenciana;11
CA0748001;2019-11-14;CL;Cloruros;mg/L Cl;4320;432;705332;4207772;70042;TERCIARIO DE TORREVIEJA;Torrevieja;ALICANTE;748;TERCIARIO DE TORREVIEJA;TERCIARIO DE TORREVIEJA;320;Comunidad Valenciana;11
CA0748001;2019-11-14;CLORDANOCIS;CIS-CLORDANO;µg/L;0;< 0,00025;705332;4207772;70042;TERCIARIO DE TORREVIEJA;Torrevieja;ALICANTE;748;TERCIARIO DE TORREVIEJA;TERCIARIO DE TORREVIEJA;320;Comunidad Valenciana;11
CA0748001;2019-11-14;CLORDANOTR;TRANS-CLORDANO;µg/L;0;< 0,00025;705332;4207772;70042;TERCIARIO DE TORREVIEJA;Torrevieja;ALICANTE;748;TERCIARIO DE TORREVIEJA;TERCIARIO DE TORREVIEJA;320;Comunidad Valenciana;11
CA0748001;2019-11-14;CLOROFENVINFOS;Clorfenvinfos;µg/L;0;< 0,0100;705332;4207772;70042;TERCIARIO DE TORREVIEJA;Torrevieja;ALICANTE;748;TERCIARIO DE TORREVIEJA;TERCIARIO DE TORREVIEJA;320;Comunidad Valenciana;11
CA0748001;2019-11-14;CLOROPIRIFOS;Clorpirifos;µg/L;0;< 0,0100;705332;4207772;70042;TERCIARIO DE TORREVIEJA;Torrevieja;ALICANTE;748;TERCIARIO DE TORREVIEJA;TERCIARIO DE TORREVIEJA;320;Comunidad Valenciana;11
CA0748001;2019-11-14;CLORPIRIPME;CLOROPIRIFOS-METIL;µg/L;0;< 0,0100;705332;4207772;70042;TERCIARIO DE TORREVIEJA;Torrevieja;ALICANTE;748;TERCIARIO DE TORREVIEJA;TERCIARIO DE TORREVIEJA;320;Comunidad Valenciana;11
CA0748001;2019-11-14;COND20SITU;Conductividad de campo (medida in situ);µS/cm;17890;1789;705332;4207772;70042;TERCIARIO DE TORREVIEJA;Torrevieja;ALICANTE;748;TERCIARIO DE TORREVIEJA;TERCIARIO DE TORREVIEJA;320;Comunidad Valenciana;11
CA0748001;2019-11-14;CR;CROMO;µg/L Cr;0;< 5,0;705332;4207772;70042;TERCIARIO DE TORREVIEJA;Torrevieja;ALICANTE;748;TERCIARIO DE TORREVIEJA;TERCIARIO DE TORREVIEJA;320;Comunidad Valenciana;11
CA0748001;2019-11-14;CU;COBRE;µg/L Cu;13;1,3;705332;4207772;70042;TERCIARIO DE TORREVIEJA;Torrevieja;ALICANTE;748;TERCIARIO DE TORREVIEJA;TERCIARIO DE TORREVIEJA;320;Comunidad Valenciana;11
CA0748001;2019-11-14;DCV;DICLORVOS;µg/L;0;< 0,0020;705332;4207772;70042;TERCIARIO DE TORREVIEJA;Torrevieja;ALICANTE;748;TERCIARIO DE TORREVIEJA;TERCIARIO DE TORREVIEJA;320;Comunidad Valenciana;11
CA0748001;2019-11-14;DDDPP;P,P'-DDD;µg/L;0;< 0,00050;705332;4207772;70042;TERCIARIO DE TORREVIEJA;Torrevieja;ALICANTE;748;TERCIARIO DE TORREVIEJA;TERCIARIO DE TORREVIEJA;320;Comunidad Valenciana;11
CA0748001;2019-11-14;DDEPP;P,P'-DDE;µg/L;0;< 0,00025;705332;4207772;70042;TERCIARIO DE TORREVIEJA;Torrevieja;ALICANTE;748;TERCIARIO DE TORREVIEJA;TERCIARIO DE TORREVIEJA;320;Comunidad Valenciana;11
CA0748001;2019-11-14;DDTOP;O,P'-DDT;µg/L;0;< 0,00050;705332;4207772;70042;TERCIARIO DE TORREVIEJA;Torrevieja;ALICANTE;748;TERCIARIO DE TORREVIEJA;TERCIARIO DE TORREVIEJA;320;Comunidad Valenciana;11
CA0748001;2019-11-14;DDTPP;P,P'-DDT;µg/L;0;< 0,00025;705332;4207772;70042;TERCIARIO DE TORREVIEJA;Torrevieja;ALICANTE;748;TERCIARIO DE TORREVIEJA;TERCIARIO DE TORREVIEJA;320;Comunidad Valenciana;11
CA0748001;2019-11-14;DIAZINON;DIAZINON;µg/L;0;< 0,0100;705332;4207772;70042;TERCIARIO DE TORREVIEJA;Torrevieja;ALICANTE;748;TERCIARIO DE TORREVIEJA;TERCIARIO DE TORREVIEJA;320;Comunidad Valenciana;11
CA0748001;2019-11-14;DICOFOL;DICOFOL (P,P'-DICOFOL);µg/L;0;< 0,00200;705332;4207772;70042;TERCIARIO DE TORREVIEJA;Torrevieja;ALICANTE;748;TERCIARIO DE TORREVIEJA;TERCIARIO DE TORREVIEJA;320;Comunidad Valenciana;11
CA0748001;2019-11-14;DIELDRIN;Dieldrin;µg/L;0;< 0,00015;705332;4207772;70042;TERCIARIO DE TORREVIEJA;Torrevieja;ALICANTE;748;TERCIARIO DE TORREVIEJA;TERCIARIO DE TORREVIEJA;320;Comunidad Valenciana;11
CA0748001;2019-11-14;DIURON;DIURON;µg/L;0;< 0,050;705332;4207772;70042;TERCIARIO DE TORREVIEJA;Torrevieja;ALICANTE;748;TERCIARIO DE TORREVIEJA;TERCIARIO DE TORREVIEJA;320;Comunidad Valenciana;11
CA0748001;2019-11-14;DQO;DQO o Demanda Química de Oxígeno;mg/L O2;0;< 15;705332;4207772;70042;TERCIARIO DE TORREVIEJA;Torrevieja;ALICANTE;748;TERCIARIO DE TORREVIEJA;TERCIARIO DE TORREVIEJA;320;Comunidad Valenciana;11
CA0748001;2019-11-14;ENDOS;ENDOSULFAN (SUMA ISOMEROS ALFA+BETA);µg/L;0;< 0,00025;705332;4207772;70042;TERCIARIO DE TORREVIEJA;Torrevieja;ALICANTE;748;TERCIARIO DE TORREVIEJA;TERCIARIO DE TORREVIEJA;320;Comunidad Valenciana;11
CA0748001;2019-11-14;ENDOSULFAN;ALFA-ENDOSULFAN;µg/L;0;< 0,00025;705332;4207772;70042;TERCIARIO DE TORREVIEJA;Torrevieja;ALICANTE;748;TERCIARIO DE TORREVIEJA;TERCIARIO DE TORREVIEJA;320;Comunidad Valenciana;11
CA0748001;2019-11-14;ENDOSULFAN-BETA;BETA-ENDOSULFAN;µg/L;0;< 0,00150;705332;4207772;70042;TERCIARIO DE TORREVIEJA;Torrevieja;ALICANTE;748;TERCIARIO DE TORREVIEJA;TERCIARIO DE TORREVIEJA;320;Comunidad Valenciana;11
CA0748001;2019-11-14;ENDRIN;ENDRINA;µg/L;0;< 0,00150;705332;4207772;70042;TERCIARIO DE TORREVIEJA;Torrevieja;ALICANTE;748;TERCIARIO DE TORREVIEJA;TERCIARIO DE TORREVIEJA;320;Comunidad Valenciana;11
CA0748001;2019-11-14;ENDRINCE;Endrin cetona;µg/L;0;< 0,00025;705332;4207772;70042;TERCIARIO DE TORREVIEJA;Torrevieja;ALICANTE;748;TERCIARIO DE TORREVIEJA;TERCIARIO DE TORREVIEJA;320;Comunidad Valenciana;11
CA0748001;2019-11-14;ETPARATION;Paration (paration etilo);µg/L;0;< 0,0100;705332;4207772;70042;TERCIARIO DE TORREVIEJA;Torrevieja;ALICANTE;748;TERCIARIO DE TORREVIEJA;TERCIARIO DE TORREVIEJA;320;Comunidad Valenciana;11
CA0748001;2019-11-14;FE;HIERRO;µg/L;0;< 50;705332;4207772;70042;TERCIARIO DE TORREVIEJA;Torrevieja;ALICANTE;748;TERCIARIO DE TORREVIEJA;TERCIARIO DE TORREVIEJA;320;Comunidad Valenciana;11
CA0748001;2019-11-14;FENCLORFOS;FENCLORFOS;µg/L;0;< 0,0100;705332;4207772;70042;TERCIARIO DE TORREVIEJA;Torrevieja;ALICANTE;748;TERCIARIO DE TORREVIEJA;TERCIARIO DE TORREVIEJA;320;Comunidad Valenciana;11
CA0748001;2019-11-14;FONO;FONOFOS;µg/L;0;< 0,0100;705332;4207772;70042;TERCIARIO DE TORREVIEJA;Torrevieja;ALICANTE;748;TERCIARIO DE TORREVIEJA;TERCIARIO DE TORREVIEJA;320;Comunidad Valenciana;11
CA0748001;2019-11-14;HCB;Hexaclorobenceno (HCB, Perclorobenceno);µg/L;0;< 0,00250;705332;4207772;70042;TERCIARIO DE TORREVIEJA;Torrevieja;ALICANTE;748;TERCIARIO DE TORREVIEJA;TERCIARIO DE TORREVIEJA;320;Comunidad Valenciana;11
CA0748001;2019-11-14;HCHALFA;ALFA-HCH;µg/L;0;< 0,00005;705332;4207772;70042;TERCIARIO DE TORREVIEJA;Torrevieja;ALICANTE;748;TERCIARIO DE TORREVIEJA;TERCIARIO DE TORREVIEJA;320;Comunidad Valenciana;11
CA0748001;2019-11-14;HCHBETA;BETA-HCH;µg/L;0;< 0,00015;705332;4207772;70042;TERCIARIO DE TORREVIEJA;Torrevieja;ALICANTE;748;TERCIARIO DE TORREVIEJA;TERCIARIO DE TORREVIEJA;320;Comunidad Valenciana;11
CA0748001;2019-11-14;HCHDELTA;DELTA-HCH;µg/L;0;< 0,00015;705332;4207772;70042;TERCIARIO DE TORREVIEJA;Torrevieja;ALICANTE;748;TERCIARIO DE TORREVIEJA;TERCIARIO DE TORREVIEJA;320;Comunidad Valenciana;11
CA0748001;2019-11-14;HEPTACL;Heptacloro;µg/L;0;< 0,00025;705332;4207772;70042;TERCIARIO DE TORREVIEJA;Torrevieja;ALICANTE;748;TERCIARIO DE TORREVIEJA;TERCIARIO DE TORREVIEJA;320;Comunidad Valenciana;11
CA0748001;2019-11-14;HEPTACLEPO;EPOXIDO DE HEPTACLORO;µg/L;0;< 0,00005;705332;4207772;70042;TERCIARIO DE TORREVIEJA;Torrevieja;ALICANTE;748;TERCIARIO DE TORREVIEJA;TERCIARIO DE TORREVIEJA;320;Comunidad Valenciana;11
CA0748001;2019-11-14;HG;MERCURIO;µg/L Hg;0;< 0,045;705332;4207772;70042;TERCIARIO DE TORREVIEJA;Torrevieja;ALICANTE;748;TERCIARIO DE TORREVIEJA;TERCIARIO DE TORREVIEJA;320;Comunidad Valenciana;11
CA0748001;2019-11-14;ISODRIN;Isodrin;µg/L;0;< 0,00010;705332;4207772;70042;TERCIARIO DE TORREVIEJA;Torrevieja;ALICANTE;748;TERCIARIO DE TORREVIEJA;TERCIARIO DE TORREVIEJA;320;Comunidad Valenciana;11
CA0748001;2019-11-14;ISOPROTURON;Isoproturón;µg/L;0;< 0,050;705332;4207772;70042;TERCIARIO DE TORREVIEJA;Torrevieja;ALICANTE;748;TERCIARIO DE TORREVIEJA;TERCIARIO DE TORREVIEJA;320;Comunidad Valenciana;11
CA0748001;2019-11-14;K;POTASIO;mg/L K;130;13;705332;4207772;70042;TERCIARIO DE TORREVIEJA;Torrevieja;ALICANTE;748;TERCIARIO DE TORREVIEJA;TERCIARIO DE TORREVIEJA;320;Comunidad Valenciana;11
CA0748001;2019-11-14;LIND;GAMMA-HCH (LINDANO);µg/L;0;< 0,00025;705332;4207772;70042;TERCIARIO DE TORREVIEJA;Torrevieja;ALICANTE;748;TERCIARIO DE TORREVIEJA;TERCIARIO DE TORREVIEJA;320;Comunidad Valenciana;11
CA0748001;2019-11-14;METOLACLORO;Metolacloro;µg/L;0;< 0,01000;705332;4207772;70042;TERCIARIO DE TORREVIEJA;Torrevieja;ALICANTE;748;TERCIARIO DE TORREVIEJA;TERCIARIO DE TORREVIEJA;320;Comunidad Valenciana;11
CA0748001;2019-11-14;METOXICLORO;Metoxicloro;µg/L;0;< 0,00025;705332;4207772;70042;TERCIARIO DE TORREVIEJA;Torrevieja;ALICANTE;748;TERCIARIO DE TORREVIEJA;TERCIARIO DE TORREVIEJA;320;Comunidad Valenciana;11
CA0748001;2019-11-14;METRIBUZINA;METRIBUZINA;µg/L;0;< 0,050;705332;4207772;70042;TERCIARIO DE TORREVIEJA;Torrevieja;ALICANTE;748;TERCIARIO DE TORREVIEJA;TERCIARIO DE TORREVIEJA;320;Comunidad Valenciana;11
CA0748001;2019-11-14;MG;MAGNESIO;mg/L Mg;250;25;705332;4207772;70042;TERCIARIO DE TORREVIEJA;Torrevieja;ALICANTE;748;TERCIARIO DE TORREVIEJA;TERCIARIO DE TORREVIEJA;320;Comunidad Valenciana;11
CA0748001;2019-11-14;MN;MANGANESO;µg/L Mn;0;< 5,0;705332;4207772;70042;TERCIARIO DE TORREVIEJA;Torrevieja;ALICANTE;748;TERCIARIO DE TORREVIEJA;TERCIARIO DE TORREVIEJA;320;Comunidad Valenciana;11
CA0748001;2019-11-14;;SODIO;mg/L Na;2260;> 200 (226)*;705332;4207772;70042;TERCIARIO DE TORREVIEJA;Torrevieja;ALICANTE;748;TERCIARIO DE TORREVIEJA;TERCIARIO DE TORREVIEJA;320;Comunidad Valenciana;11
CA0748001;2019-11-14;NH4;AMONIO;mg/L NH4;1;0,1;705332;4207772;70042;TERCIARIO DE TORREVIEJA;Torrevieja;ALICANTE;748;TERCIARIO DE TORREVIEJA;TERCIARIO DE TORREVIEJA;320;Comunidad Valenciana;11
CA0748001;2019-11-14;NI;NIQUEL;µg/L Ni;0;< 0,80;705332;4207772;70042;TERCIARIO DE TORREVIEJA;Torrevieja;ALICANTE;748;TERCIARIO DE TORREVIEJA;TERCIARIO DE TORREVIEJA;320;Comunidad Valenciana;11
CA0748001;2019-11-14;NO2;Nitritos;mg/L NO2;46;0,046;705332;4207772;70042;TERCIARIO DE TORREVIEJA;Torrevieja;ALICANTE;748;TERCIARIO DE TORREVIEJA;TERCIARIO DE TORREVIEJA;320;Comunidad Valenciana;11
CA0748001;2019-11-14;NO3;Nitratos;mg/L NO3;470;47;705332;4207772;70042;TERCIARIO DE TORREVIEJA;Torrevieja;ALICANTE;748;TERCIARIO DE TORREVIEJA;TERCIARIO DE TORREVIEJA;320;Comunidad Valenciana;11
CA0748001;2019-11-14;NTOTAL;Nitrógeno total;mg/L N;90;9;705332;4207772;70042;TERCIARIO DE TORREVIEJA;Torrevieja;ALICANTE;748;TERCIARIO DE TORREVIEJA;TERCIARIO DE TORREVIEJA;320;Comunidad Valenciana;11
CA0748001;2019-11-14;O2 DTO;Oxigeno disuelto de campo (medida in situ);mg/L O2;902;9,02;705332;4207772;70042;TERCIARIO DE TORREVIEJA;Torrevieja;ALICANTE;748;TERCIARIO DE TORREVIEJA;TERCIARIO DE TORREVIEJA;320;Comunidad Valenciana;11
CA0748001;2019-11-14;PB;PLOMO;µg/L Pb;0;< 0,30;705332;4207772;70042;TERCIARIO DE TORREVIEJA;Torrevieja;ALICANTE;748;TERCIARIO DE TORREVIEJA;TERCIARIO DE TORREVIEJA;320;Comunidad Valenciana;11
CA0748001;2019-11-14;PHSITU;pH de campo (medida in situ);udpH;80;8,0 (18,9ºC);705332;4207772;70042;TERCIARIO DE TORREVIEJA;Torrevieja;ALICANTE;748;TERCIARIO DE TORREVIEJA;TERCIARIO DE TORREVIEJA;320;Comunidad Valenciana;11
CA0748001;2019-11-14;PLAGUT;Plaguicidas Totales (OCPs + OPPs);µg/L;0;0;705332;4207772;70042;TERCIARIO DE TORREVIEJA;Torrevieja;ALICANTE;748;TERCIARIO DE TORREVIEJA;TERCIARIO DE TORREVIEJA;320;Comunidad Valenciana;11
CA0748001;2019-11-14;PO4;Fosfatos;mg/L PO4;0;< 0,040;705332;4207772;70042;TERCIARIO DE TORREVIEJA;Torrevieja;ALICANTE;748;TERCIARIO DE TORREVIEJA;TERCIARIO DE TORREVIEJA;320;Comunidad Valenciana;11
CA0748001;2019-11-14;PTOTAL;FOSFORO TOTAL;mg/L P;0;< 0,050;705332;4207772;70042;TERCIARIO DE TORREVIEJA;Torrevieja;ALICANTE;748;TERCIARIO DE TORREVIEJA;TERCIARIO DE TORREVIEJA;320;Comunidad Valenciana;11
CA0748001;2019-11-14;QUI;Quinoxifeno;µg/L;0;< 0,00200;705332;4207772;70042;TERCIARIO DE TORREVIEJA;Torrevieja;ALICANTE;748;TERCIARIO DE TORREVIEJA;TERCIARIO DE TORREVIEJA;320;Comunidad Valenciana;11
CA0748001;2019-11-14;SATINSI;Porcentaje de saturación de oxígeno disuelto de campo (medido in situ);% O2;946;94,6;705332;4207772;70042;TERCIARIO DE TORREVIEJA;Torrevieja;ALICANTE;748;TERCIARIO DE TORREVIEJA;TERCIARIO DE TORREVIEJA;320;Comunidad Valenciana;11
CA0748001;2019-11-14;S-DDD-DDT;Suma p,p´-DDD + o,p´-DDT;µg/L;0;< 0,00050;705332;4207772;70042;TERCIARIO DE TORREVIEJA;Torrevieja;ALICANTE;748;TERCIARIO DE TORREVIEJA;TERCIARIO DE TORREVIEJA;320;Comunidad Valenciana;11
CA0748001;2019-11-14;SE;SELENIO;µg/L Se;17;1,7;705332;4207772;70042;TERCIARIO DE TORREVIEJA;Torrevieja;ALICANTE;748;TERCIARIO DE TORREVIEJA;TERCIARIO DE TORREVIEJA;320;Comunidad Valenciana;11
CA0748001;2019-11-14;SIMAZINA;Simazina;µg/L;0;< 0,050;705332;4207772;70042;TERCIARIO DE TORREVIEJA;Torrevieja;ALICANTE;748;TERCIARIO DE TORREVIEJA;TERCIARIO DE TORREVIEJA;320;Comunidad Valenciana;11
CA0748001;2019-11-14;SUMCIPER;CIPERMETRINA (SUMA ISOMEROS ALFA+BETA+TETA+ZETA);µg/L;0;< 0,00008;705332;4207772;70042;TERCIARIO DE TORREVIEJA;Torrevieja;ALICANTE;748;TERCIARIO DE TORREVIEJA;TERCIARIO DE TORREVIEJA;320;Comunidad Valenciana;11
CA0748001;2019-11-14;SUMDDT;DDT TOTAL (SUMA P,P'-DDT+O,P'-DDT+P,P'-DDE+P,P'-DDD);µg/L;0;< 0,00100;705332;4207772;70042;TERCIARIO DE TORREVIEJA;Torrevieja;ALICANTE;748;TERCIARIO DE TORREVIEJA;TERCIARIO DE TORREVIEJA;320;Comunidad Valenciana;11
CA0748001;2019-11-14;SUMHCH;HEXACLOROCICLOHEXANO (HCH) (SUMA ISOMEROS);µg/L;0;< 0,00060;705332;4207772;70042;TERCIARIO DE TORREVIEJA;Torrevieja;ALICANTE;748;TERCIARIO DE TORREVIEJA;TERCIARIO DE TORREVIEJA;320;Comunidad Valenciana;11
CA0748001;2019-11-14;SUO4;Sulfatos;mg/L SO4;1050;105;705332;4207772;70042;TERCIARIO DE TORREVIEJA;Torrevieja;ALICANTE;748;TERCIARIO DE TORREVIEJA;TERCIARIO DE TORREVIEJA;320;Comunidad Valenciana;11
CA0748001;2019-11-14;TAGUA;"TEMPERATURA ""IN SITU""";ºC;189;18,9;705332;4207772;70042;TERCIARIO DE TORREVIEJA;Torrevieja;ALICANTE;748;TERCIARIO DE TORREVIEJA;TERCIARIO DE TORREVIEJA;320;Comunidad Valenciana;11
CA0748001;2019-11-14;TERAZ;Terbutilazina;µg/L;0;< 0,050;705332;4207772;70042;TERCIARIO DE TORREVIEJA;Torrevieja;ALICANTE;748;TERCIARIO DE TORREVIEJA;TERCIARIO DE TORREVIEJA;320;Comunidad Valenciana;11
CA0748001;2019-11-14;TERBUTRINA;Terbutrina;µg/L;0;< 0,050;705332;4207772;70042;TERCIARIO DE TORREVIEJA;Torrevieja;ALICANTE;748;TERCIARIO DE TORREVIEJA;TERCIARIO DE TORREVIEJA;320;Comunidad Valenciana;11
CA0748001;2019-11-14;TRIAZO_2;TRIAZOFOS;µg/L;0;< 0,0100;705332;4207772;70042;TERCIARIO DE TORREVIEJA;Torrevieja;ALICANTE;748;TERCIARIO DE TORREVIEJA;TERCIARIO DE TORREVIEJA;320;Comunidad Valenciana;11
CA0748001;2019-11-14;TRIFLURALINA;Trifluralina;µg/L;0;< 0,0060;705332;4207772;70042;TERCIARIO DE TORREVIEJA;Torrevieja;ALICANTE;748;TERCIARIO DE TORREVIEJA;TERCIARIO DE TORREVIEJA;320;Comunidad Valenciana;11
CA0748001;2019-11-14;ZN;ZINC;µg/l Zn;130;13;705332;4207772;70042;TERCIARIO DE TORREVIEJA;Torrevieja;ALICANTE;748;TERCIARIO DE TORREVIEJA;TERCIARIO DE TORREVIEJA;320;Comunidad Valenciana;11
CA0748001;2020-03-17;12DIBR;1,2-DIBROMOETANO;µg/L;0;< 1,0;705332;4207772;70042;TERCIARIO DE TORREVIEJA;Torrevieja;ALICANTE;748;TERCIARIO DE TORREVIEJA;TERCIARIO DE TORREVIEJA;320;Comunidad Valenciana;3
CA0748001;2020-03-17;2BR2CLPRO;1,2-DIBROMO-3-CLOROPROPANO;µg/L;0;< 1,0;705332;4207772;70042;TERCIARIO DE TORREVIEJA;Torrevieja;ALICANTE;748;TERCIARIO DE TORREVIEJA;TERCIARIO DE TORREVIEJA;320;Comunidad Valenciana;3
CA0748001;2020-03-17;2CLETA;1,1-DICLOROETANO;µg/L;0;< 1,0;705332;4207772;70042;TERCIARIO DE TORREVIEJA;Torrevieja;ALICANTE;748;TERCIARIO DE TORREVIEJA;TERCIARIO DE TORREVIEJA;320;Comunidad Valenciana;3
CA0748001;2020-03-17;2CLETE;1,1-DICLOROETENO;µg/L;0;< 1,0;705332;4207772;70042;TERCIARIO DE TORREVIEJA;Torrevieja;ALICANTE;748;TERCIARIO DE TORREVIEJA;TERCIARIO DE TORREVIEJA;320;Comunidad Valenciana;3
CA0748001;2020-03-17;2CLETE2;1,2-DICLOROETENO;µg/L;0;< 2,0;705332;4207772;70042;TERCIARIO DE TORREVIEJA;Torrevieja;ALICANTE;748;TERCIARIO DE TORREVIEJA;TERCIARIO DE TORREVIEJA;320;Comunidad Valenciana;3
CA0748001;2020-03-17;2CLETEN;TRANS-1,2-DICLOROETENO;µg/L;0;< 1,0;705332;4207772;70042;TERCIARIO DE TORREVIEJA;Torrevieja;ALICANTE;748;TERCIARIO DE TORREVIEJA;TERCIARIO DE TORREVIEJA;320;Comunidad Valenciana;3
CA0748001;2020-03-17;2CLPRO;1,3-DICLOROPROPANO;µg/L;0;< 1,0;705332;4207772;70042;TERCIARIO DE TORREVIEJA;Torrevieja;ALICANTE;748;TERCIARIO DE TORREVIEJA;TERCIARIO DE TORREVIEJA;320;Comunidad Valenciana;3
CA0748001;2020-03-17;2CLPROCIS;CIS-1,3-DICLOROPROPENO;µg/L;0;< 1,0;705332;4207772;70042;TERCIARIO DE TORREVIEJA;Torrevieja;ALICANTE;748;TERCIARIO DE TORREVIEJA;TERCIARIO DE TORREVIEJA;320;Comunidad Valenciana;3
CA0748001;2020-03-17;2CLPROPA;1,2-DICLOROPROPANO;µg/L;0;< 1,0;705332;4207772;70042;TERCIARIO DE TORREVIEJA;Torrevieja;ALICANTE;748;TERCIARIO DE TORREVIEJA;TERCIARIO DE TORREVIEJA;320;Comunidad Valenciana;3
CA0748001;2020-03-17;2CLPROPA2;2,2-DICLOROPROPANO;µg/L;0;< 1,0;705332;4207772;70042;TERCIARIO DE TORREVIEJA;Torrevieja;ALICANTE;748;TERCIARIO DE TORREVIEJA;TERCIARIO DE TORREVIEJA;320;Comunidad Valenciana;3
CA0748001;2020-03-17;2CLPROPE;1,1-DICLOROPROPENO;µg/L;0;< 1,0;705332;4207772;70042;TERCIARIO DE TORREVIEJA;Torrevieja;ALICANTE;748;TERCIARIO DE TORREVIEJA;TERCIARIO DE TORREVIEJA;320;Comunidad Valenciana;3
CA0748001;2020-03-17;2CLPROPE2;TRANS-1,3-DICLOROPROPENO;µg/L;0;< 1,0;705332;4207772;70042;TERCIARIO DE TORREVIEJA;Torrevieja;ALICANTE;748;TERCIARIO DE TORREVIEJA;TERCIARIO DE TORREVIEJA;320;Comunidad Valenciana;3
CA0748001;2020-03-17;3CLETA;1,1,2-TRICLOROETANO;µg/L;0;< 1,0;705332;4207772;70042;TERCIARIO DE TORREVIEJA;Torrevieja;ALICANTE;748;TERCIARIO DE TORREVIEJA;TERCIARIO DE TORREVIEJA;320;Comunidad Valenciana;3
CA0748001;2020-03-17;3CLPRO;1,2,3-TRICLOROPROPANO;µg/L;0;< 1,0;705332;4207772;70042;TERCIARIO DE TORREVIEJA;Torrevieja;ALICANTE;748;TERCIARIO DE TORREVIEJA;TERCIARIO DE TORREVIEJA;320;Comunidad Valenciana;3
CA0748001;2020-03-17;4CLETA;1,1,1,2-TETRACLOROETANO;µg/L;0;< 1,0;705332;4207772;70042;TERCIARIO DE TORREVIEJA;Torrevieja;ALICANTE;748;TERCIARIO DE TORREVIEJA;TERCIARIO DE TORREVIEJA;320;Comunidad Valenciana;3
CA0748001;2020-03-17;4CLETA2;1,1,2,2-TETRACLOROETANO;µg/L;0;< 1,0;705332;4207772;70042;TERCIARIO DE TORREVIEJA;Torrevieja;ALICANTE;748;TERCIARIO DE TORREVIEJA;TERCIARIO DE TORREVIEJA;320;Comunidad Valenciana;3
CA0748001;2020-03-17;6CLET;HEXACLOROETANO;µg/L;0;< 1,0;705332;4207772;70042;TERCIARIO DE TORREVIEJA;Torrevieja;ALICANTE;748;TERCIARIO DE TORREVIEJA;TERCIARIO DE TORREVIEJA;320;Comunidad Valenciana;3
CA0748001;2020-03-17;ACLONIFE;ACLONIFENO;µg/L;0;< 0,00200;705332;4207772;70042;TERCIARIO DE TORREVIEJA;Torrevieja;ALICANTE;748;TERCIARIO DE TORREVIEJA;TERCIARIO DE TORREVIEJA;320;Comunidad Valenciana;3
CA0748001;2020-03-17;ALACLORO;ALACLORO;µg/L;0;< 0,01000;705332;4207772;70042;TERCIARIO DE TORREVIEJA;Torrevieja;ALICANTE;748;TERCIARIO DE TORREVIEJA;TERCIARIO DE TORREVIEJA;320;Comunidad Valenciana;3
CA0748001;2020-03-17;ALDRIN;ALDRINA;µg/L;0;< 0,00025;705332;4207772;70042;TERCIARIO DE TORREVIEJA;Torrevieja;ALICANTE;748;TERCIARIO DE TORREVIEJA;TERCIARIO DE TORREVIEJA;320;Comunidad Valenciana;3
CA0748001;2020-03-17;AS;ARSENICO;µg/L As;0;< 5,0;705332;4207772;70042;TERCIARIO DE TORREVIEJA;Torrevieja;ALICANTE;748;TERCIARIO DE TORREVIEJA;TERCIARIO DE TORREVIEJA;320;Comunidad Valenciana;3
CA0748001;2020-03-17;ATRAZINA;ATRAZINA;µg/L;0;< 0,010;705332;4207772;70042;TERCIARIO DE TORREVIEJA;Torrevieja;ALICANTE;748;TERCIARIO DE TORREVIEJA;TERCIARIO DE TORREVIEJA;320;Comunidad Valenciana;3
CA0748001;2020-03-17;B;BORO;µg/L B;14000;1400;705332;4207772;70042;TERCIARIO DE TORREVIEJA;Torrevieja;ALICANTE;748;TERCIARIO DE TORREVIEJA;TERCIARIO DE TORREVIEJA;320;Comunidad Valenciana;3
CA0748001;2020-03-17;BENCENO;BENCENO;µg/L;0;< 1,0;705332;4207772;70042;TERCIARIO DE TORREVIEJA;Torrevieja;ALICANTE;748;TERCIARIO DE TORREVIEJA;TERCIARIO DE TORREVIEJA;320;Comunidad Valenciana;3
CA0748001;2020-03-17;BICARB;BICARBONATOS;mg/L HCO3-;1990;199;705332;4207772;70042;TERCIARIO DE TORREVIEJA;Torrevieja;ALICANTE;748;TERCIARIO DE TORREVIEJA;TERCIARIO DE TORREVIEJA;320;Comunidad Valenciana;3
CA0748001;2020-03-17;BIFEN;BIFENOX;µg/L;0;< 0,00120;705332;4207772;70042;TERCIARIO DE TORREVIEJA;Torrevieja;ALICANTE;748;TERCIARIO DE TORREVIEJA;TERCIARIO DE TORREVIEJA;320;Comunidad Valenciana;3
CA0748001;2020-03-17;BRB;BROMOBENCENO;µg/L;0;< 1,0;705332;4207772;70042;TERCIARIO DE TORREVIEJA;Torrevieja;ALICANTE;748;TERCIARIO DE TORREVIEJA;TERCIARIO DE TORREVIEJA;320;Comunidad Valenciana;3
CA0748001;2020-03-17;BRFOSETIL;BROMOFOS ETIL;µg/L;0;< 0,0100;705332;4207772;70042;TERCIARIO DE TORREVIEJA;Torrevieja;ALICANTE;748;TERCIARIO DE TORREVIEJA;TERCIARIO DE TORREVIEJA;320;Comunidad Valenciana;3
CA0748001;2020-03-17;CA;CALCIO;mg/L Ca;1880;188;705332;4207772;70042;TERCIARIO DE TORREVIEJA;Torrevieja;ALICANTE;748;TERCIARIO DE TORREVIEJA;TERCIARIO DE TORREVIEJA;320;Comunidad Valenciana;3
CA0748001;2020-03-17;CD;CADMIO;µg/L Cd;0;< 0,02;705332;4207772;70042;TERCIARIO DE TORREVIEJA;Torrevieja;ALICANTE;748;TERCIARIO DE TORREVIEJA;TERCIARIO DE TORREVIEJA;320;Comunidad Valenciana;3
CA0748001;2020-03-17;CIB;CIBUTRINA;µg/L;0;< 0,016;705332;4207772;70042;TERCIARIO DE TORREVIEJA;Torrevieja;ALICANTE;748;TERCIARIO DE TORREVIEJA;TERCIARIO DE TORREVIEJA;320;Comunidad Valenciana;3
CA0748001;2020-03-17;CL;Cloruros;mg/L Cl;2770;277;705332;4207772;70042;TERCIARIO DE TORREVIEJA;Torrevieja;ALICANTE;748;TERCIARIO DE TORREVIEJA;TERCIARIO DE TORREVIEJA;320;Comunidad Valenciana;3
CA0748001;2020-03-17;CLF;Cloroformo (Triclorometano);µg/L;51;5,1;705332;4207772;70042;TERCIARIO DE TORREVIEJA;Torrevieja;ALICANTE;748;TERCIARIO DE TORREVIEJA;TERCIARIO DE TORREVIEJA;320;Comunidad Valenciana;3
CA0748001;2020-03-17;CLORDANOCIS;CIS-CLORDANO;µg/L;0;< 0,00025;705332;4207772;70042;TERCIARIO DE TORREVIEJA;Torrevieja;ALICANTE;748;TERCIARIO DE TORREVIEJA;TERCIARIO DE TORREVIEJA;320;Comunidad Valenciana;3
CA0748001;2020-03-17;CLORDANOTR;TRANS-CLORDANO;µg/L;0;< 0,00025;705332;4207772;70042;TERCIARIO DE TORREVIEJA;Torrevieja;ALICANTE;748;TERCIARIO DE TORREVIEJA;TERCIARIO DE TORREVIEJA;320;Comunidad Valenciana;3
CA0748001;2020-03-17;CLOROFENVINFOS;Clorfenvinfos;µg/L;0;< 0,0100;705332;4207772;70042;TERCIARIO DE TORREVIEJA;Torrevieja;ALICANTE;748;TERCIARIO DE TORREVIEJA;TERCIARIO DE TORREVIEJA;320;Comunidad Valenciana;3
CA0748001;2020-03-17;CLOROPIRIFOS;Clorpirifos;µg/L;0;< 0,0050;705332;4207772;70042;TERCIARIO DE TORREVIEJA;Torrevieja;ALICANTE;748;TERCIARIO DE TORREVIEJA;TERCIARIO DE TORREVIEJA;320;Comunidad Valenciana;3
CA0748001;2020-03-17;CLORPIRIPME;CLOROPIRIFOS-METIL;µg/L;0;< 0,0100;705332;4207772;70042;TERCIARIO DE TORREVIEJA;Torrevieja;ALICANTE;748;TERCIARIO DE TORREVIEJA;TERCIARIO DE TORREVIEJA;320;Comunidad Valenciana;3
CA0748001;2020-03-17;CLTO2;4-CLOROTOLUENO;µg/L;0;< 1,0;705332;4207772;70042;TERCIARIO DE TORREVIEJA;Torrevieja;ALICANTE;748;TERCIARIO DE TORREVIEJA;TERCIARIO DE TORREVIEJA;320;Comunidad Valenciana;3
CA0748001;2020-03-17;CLTOL;2-CLOROTOLUENO;µg/L;0;< 1,0;705332;4207772;70042;TERCIARIO DE TORREVIEJA;Torrevieja;ALICANTE;748;TERCIARIO DE TORREVIEJA;TERCIARIO DE TORREVIEJA;320;Comunidad Valenciana;3
CA0748001;2020-03-17;CN;CIANUROS TOTALES;µg/L CN;0;<10;705332;4207772;70042;TERCIARIO DE TORREVIEJA;Torrevieja;ALICANTE;748;TERCIARIO DE TORREVIEJA;TERCIARIO DE TORREVIEJA;320;Comunidad Valenciana;3
CA0748001;2020-03-17;COND20SITU;Conductividad de campo (medida in situ);µS/cm;10200;1020;705332;4207772;70042;TERCIARIO DE TORREVIEJA;Torrevieja;ALICANTE;748;TERCIARIO DE TORREVIEJA;TERCIARIO DE TORREVIEJA;320;Comunidad Valenciana;3
CA0748001;2020-03-17;CR;CROMO;µg/L Cr;0;< 5,0;705332;4207772;70042;TERCIARIO DE TORREVIEJA;Torrevieja;ALICANTE;748;TERCIARIO DE TORREVIEJA;TERCIARIO DE TORREVIEJA;320;Comunidad Valenciana;3
CA0748001;2020-03-17;CU;COBRE;µg/L Cu;74;7,4;705332;4207772;70042;TERCIARIO DE TORREVIEJA;Torrevieja;ALICANTE;748;TERCIARIO DE TORREVIEJA;TERCIARIO DE TORREVIEJA;320;Comunidad Valenciana;3
CA0748001;2020-03-17;DCB-M;1,3-diclorobenceno (m-diclorobenceno);µg/L;0;< 1,0;705332;4207772;70042;TERCIARIO DE TORREVIEJA;Torrevieja;ALICANTE;748;TERCIARIO DE TORREVIEJA;TERCIARIO DE TORREVIEJA;320;Comunidad Valenciana;3
CA0748001;2020-03-17;DCB-P;1,4-diclorobenceno (p-diclorobenceno);µg/L;0;< 1,0;705332;4207772;70042;TERCIARIO DE TORREVIEJA;Torrevieja;ALICANTE;748;TERCIARIO DE TORREVIEJA;TERCIARIO DE TORREVIEJA;320;Comunidad Valenciana;3
CA0748001;2020-03-17;DCE;1,2-dicloroetano (EDC, cloruro de etileno);µg/L;0;< 1,0;705332;4207772;70042;TERCIARIO DE TORREVIEJA;Torrevieja;ALICANTE;748;TERCIARIO DE TORREVIEJA;TERCIARIO DE TORREVIEJA;320;Comunidad Valenciana;3
CA0748001;2020-03-17;DCV;DICLORVOS;µg/L;0;< 0,0006;705332;4207772;70042;TERCIARIO DE TORREVIEJA;Torrevieja;ALICANTE;748;TERCIARIO DE TORREVIEJA;TERCIARIO DE TORREVIEJA;320;Comunidad Valenciana;3
CA0748001;2020-03-17;DDDPP;P,P'-DDD;µg/L;0;< 0,00050;705332;4207772;70042;TERCIARIO DE TORREVIEJA;Torrevieja;ALICANTE;748;TERCIARIO DE TORREVIEJA;TERCIARIO DE TORREVIEJA;320;Comunidad Valenciana;3
CA0748001;2020-03-17;DDEPP;P,P'-DDE;µg/L;0;< 0,00025;705332;4207772;70042;TERCIARIO DE TORREVIEJA;Torrevieja;ALICANTE;748;TERCIARIO DE TORREVIEJA;TERCIARIO DE TORREVIEJA;320;Comunidad Valenciana;3
CA0748001;2020-03-17;DDTOP;O,P'-DDT;µg/L;0;< 0,00050;705332;4207772;70042;TERCIARIO DE TORREVIEJA;Torrevieja;ALICANTE;748;TERCIARIO DE TORREVIEJA;TERCIARIO DE TORREVIEJA;320;Comunidad Valenciana;3
CA0748001;2020-03-17;DDTPP;P,P'-DDT;µg/L;0;< 0,00025;705332;4207772;70042;TERCIARIO DE TORREVIEJA;Torrevieja;ALICANTE;748;TERCIARIO DE TORREVIEJA;TERCIARIO DE TORREVIEJA;320;Comunidad Valenciana;3
CA0748001;2020-03-17;DIAZINON;DIAZINON;µg/L;0;< 0,0100;705332;4207772;70042;TERCIARIO DE TORREVIEJA;Torrevieja;ALICANTE;748;TERCIARIO DE TORREVIEJA;TERCIARIO DE TORREVIEJA;320;Comunidad Valenciana;3
CA0748001;2020-03-17;DICLETE-CIS;CIS-1,2-DICLOROETENO;µg/L;0;< 1,0;705332;4207772;70042;TERCIARIO DE TORREVIEJA;Torrevieja;ALICANTE;748;TERCIARIO DE TORREVIEJA;TERCIARIO DE TORREVIEJA;320;Comunidad Valenciana;3
CA0748001;2020-03-17;DICOFOL;DICOFOL (P,P'-DICOFOL);µg/L;0;< 0,00039;705332;4207772;70042;TERCIARIO DE TORREVIEJA;Torrevieja;ALICANTE;748;TERCIARIO DE TORREVIEJA;TERCIARIO DE TORREVIEJA;320;Comunidad Valenciana;3
CA0748001;2020-03-17;DIELDRIN;Dieldrin;µg/L;0;< 0,00015;705332;4207772;70042;TERCIARIO DE TORREVIEJA;Torrevieja;ALICANTE;748;TERCIARIO DE TORREVIEJA;TERCIARIO DE TORREVIEJA;320;Comunidad Valenciana;3
CA0748001;2020-03-17;DIURON;DIURON;µg/L;0;< 0,050;705332;4207772;70042;TERCIARIO DE TORREVIEJA;Torrevieja;ALICANTE;748;TERCIARIO DE TORREVIEJA;TERCIARIO DE TORREVIEJA;320;Comunidad Valenciana;3
CA0748001;2020-03-17;DQO;DQO o Demanda Química de Oxígeno;mg/L O2;0;< 15;705332;4207772;70042;TERCIARIO DE TORREVIEJA;Torrevieja;ALICANTE;748;TERCIARIO DE TORREVIEJA;TERCIARIO DE TORREVIEJA;320;Comunidad Valenciana;3
CA0748001;2020-03-17;ENDOS;ENDOSULFAN (SUMA ISOMEROS ALFA+BETA);µg/L;0;< 0,00005;705332;4207772;70042;TERCIARIO DE TORREVIEJA;Torrevieja;ALICANTE;748;TERCIARIO DE TORREVIEJA;TERCIARIO DE TORREVIEJA;320;Comunidad Valenciana;3
CA0748001;2020-03-17;ENDOSULFAN;ALFA-ENDOSULFAN;µg/L;0;< 0,00005;705332;4207772;70042;TERCIARIO DE TORREVIEJA;Torrevieja;ALICANTE;748;TERCIARIO DE TORREVIEJA;TERCIARIO DE TORREVIEJA;320;Comunidad Valenciana;3
CA0748001;2020-03-17;ENDOSULFAN-BETA;BETA-ENDOSULFAN;µg/L;0;< 0,00005;705332;4207772;70042;TERCIARIO DE TORREVIEJA;Torrevieja;ALICANTE;748;TERCIARIO DE TORREVIEJA;TERCIARIO DE TORREVIEJA;320;Comunidad Valenciana;3
CA0748001;2020-03-17;ENDRIN;ENDRINA;µg/L;0;< 0,00150;705332;4207772;70042;TERCIARIO DE TORREVIEJA;Torrevieja;ALICANTE;748;TERCIARIO DE TORREVIEJA;TERCIARIO DE TORREVIEJA;320;Comunidad Valenciana;3
CA0748001;2020-03-17;ENDRINCE;Endrin cetona;µg/L;0;< 0,00025;705332;4207772;70042;TERCIARIO DE TORREVIEJA;Torrevieja;ALICANTE;748;TERCIARIO DE TORREVIEJA;TERCIARIO DE TORREVIEJA;320;Comunidad Valenciana;3
CA0748001;2020-03-17;ETBENCENO;Etilbenceno;µg/L;0;< 1,0;705332;4207772;70042;TERCIARIO DE TORREVIEJA;Torrevieja;ALICANTE;748;TERCIARIO DE TORREVIEJA;TERCIARIO DE TORREVIEJA;320;Comunidad Valenciana;3
CA0748001;2020-03-17;ETPARATION;Paration (paration etilo);µg/L;0;< 0,0100;705332;4207772;70042;TERCIARIO DE TORREVIEJA;Torrevieja;ALICANTE;748;TERCIARIO DE TORREVIEJA;TERCIARIO DE TORREVIEJA;320;Comunidad Valenciana;3
CA0748001;2020-03-17;F;Fluoruros;µg/L;3400;340;705332;4207772;70042;TERCIARIO DE TORREVIEJA;Torrevieja;ALICANTE;748;TERCIARIO DE TORREVIEJA;TERCIARIO DE TORREVIEJA;320;Comunidad Valenciana;3
CA0748001;2020-03-17;FE;HIERRO;µg/L;0;< 50;705332;4207772;70042;TERCIARIO DE TORREVIEJA;Torrevieja;ALICANTE;748;TERCIARIO DE TORREVIEJA;TERCIARIO DE TORREVIEJA;320;Comunidad Valenciana;3
CA0748001;2020-03-17;FENCLORFOS;FENCLORFOS;µg/L;0;< 0,0100;705332;4207772;70042;TERCIARIO DE TORREVIEJA;Torrevieja;ALICANTE;748;TERCIARIO DE TORREVIEJA;TERCIARIO DE TORREVIEJA;320;Comunidad Valenciana;3
CA0748001;2020-03-17;FONO;FONOFOS;µg/L;0;< 0,0100;705332;4207772;70042;TERCIARIO DE TORREVIEJA;Torrevieja;ALICANTE;748;TERCIARIO DE TORREVIEJA;TERCIARIO DE TORREVIEJA;320;Comunidad Valenciana;3
CA0748001;2020-03-17;HCB;Hexaclorobenceno (HCB, Perclorobenceno);µg/L;0;< 0,00250;705332;4207772;70042;TERCIARIO DE TORREVIEJA;Torrevieja;ALICANTE;748;TERCIARIO DE TORREVIEJA;TERCIARIO DE TORREVIEJA;320;Comunidad Valenciana;3
CA0748001;2020-03-17;HCBD;Hexaclorobutadieno (HCBD, Hexacloro-1,3-Butadieno);µg/L;0;< 1,0;705332;4207772;70042;TERCIARIO DE TORREVIEJA;Torrevieja;ALICANTE;748;TERCIARIO DE TORREVIEJA;TERCIARIO DE TORREVIEJA;320;Comunidad Valenciana;3
CA0748001;2020-03-17;HCHALFA;ALFA-HCH;µg/L;0;< 0,00005;705332;4207772;70042;TERCIARIO DE TORREVIEJA;Torrevieja;ALICANTE;748;TERCIARIO DE TORREVIEJA;TERCIARIO DE TORREVIEJA;320;Comunidad Valenciana;3
CA0748001;2020-03-17;HCHBETA;BETA-HCH;µg/L;0;< 0,00015;705332;4207772;70042;TERCIARIO DE TORREVIEJA;Torrevieja;ALICANTE;748;TERCIARIO DE TORREVIEJA;TERCIARIO DE TORREVIEJA;320;Comunidad Valenciana;3
CA0748001;2020-03-17;HCHDELTA;DELTA-HCH;µg/L;0;< 0,00015;705332;4207772;70042;TERCIARIO DE TORREVIEJA;Torrevieja;ALICANTE;748;TERCIARIO DE TORREVIEJA;TERCIARIO DE TORREVIEJA;320;Comunidad Valenciana;3
CA0748001;2020-03-17;HEPTACL;Heptacloro;µg/L;0;< 0,00005;705332;4207772;70042;TERCIARIO DE TORREVIEJA;Torrevieja;ALICANTE;748;TERCIARIO DE TORREVIEJA;TERCIARIO DE TORREVIEJA;320;Comunidad Valenciana;3
CA0748001;2020-03-17;HEPTACLEPO;EPOXIDO DE HEPTACLORO;µg/L;0;< 0,00005;705332;4207772;70042;TERCIARIO DE TORREVIEJA;Torrevieja;ALICANTE;748;TERCIARIO DE TORREVIEJA;TERCIARIO DE TORREVIEJA;320;Comunidad Valenciana;3
CA0748001;2020-03-17;HG;MERCURIO;µg/L Hg;0;< 0,045;705332;4207772;70042;TERCIARIO DE TORREVIEJA;Torrevieja;ALICANTE;748;TERCIARIO DE TORREVIEJA;TERCIARIO DE TORREVIEJA;320;Comunidad Valenciana;3
CA0748001;2020-03-17;ISODRIN;Isodrin;µg/L;0;< 0,00010;705332;4207772;70042;TERCIARIO DE TORREVIEJA;Torrevieja;ALICANTE;748;TERCIARIO DE TORREVIEJA;TERCIARIO DE TORREVIEJA;320;Comunidad Valenciana;3
CA0748001;2020-03-17;ISOPROPB;Isopropilbenceno (cumeno);µg/L;0;< 1,0;705332;4207772;70042;TERCIARIO DE TORREVIEJA;Torrevieja;ALICANTE;748;TERCIARIO DE TORREVIEJA;TERCIARIO DE TORREVIEJA;320;Comunidad Valenciana;3
CA0748001;2020-03-17;ISOPROPILTO;4-ISOPROPILTOLUENO;µg/L;0;< 1,0;705332;4207772;70042;TERCIARIO DE TORREVIEJA;Torrevieja;ALICANTE;748;TERCIARIO DE TORREVIEJA;TERCIARIO DE TORREVIEJA;320;Comunidad Valenciana;3
CA0748001;2020-03-17;ISOPROTURON;Isoproturón;µg/L;0;< 0,050;705332;4207772;70042;TERCIARIO DE TORREVIEJA;Torrevieja;ALICANTE;748;TERCIARIO DE TORREVIEJA;TERCIARIO DE TORREVIEJA;320;Comunidad Valenciana;3
CA0748001;2020-03-17;K;POTASIO;mg/L K;170;17;705332;4207772;70042;TERCIARIO DE TORREVIEJA;Torrevieja;ALICANTE;748;TERCIARIO DE TORREVIEJA;TERCIARIO DE TORREVIEJA;320;Comunidad Valenciana;3
CA0748001;2020-03-17;LIND;GAMMA-HCH (LINDANO);µg/L;0;< 0,00025;705332;4207772;70042;TERCIARIO DE TORREVIEJA;Torrevieja;ALICANTE;748;TERCIARIO DE TORREVIEJA;TERCIARIO DE TORREVIEJA;320;Comunidad Valenciana;3
CA0748001;2020-03-17;MCB;Clorobenceno (monoclorobenceno);µg/L;0;< 1,0;705332;4207772;70042;TERCIARIO DE TORREVIEJA;Torrevieja;ALICANTE;748;TERCIARIO DE TORREVIEJA;TERCIARIO DE TORREVIEJA;320;Comunidad Valenciana;3
CA0748001;2020-03-17;METOLACLORO;Metolacloro;µg/L;0;< 0,01000;705332;4207772;70042;TERCIARIO DE TORREVIEJA;Torrevieja;ALICANTE;748;TERCIARIO DE TORREVIEJA;TERCIARIO DE TORREVIEJA;320;Comunidad Valenciana;3
CA0748001;2020-03-17;METOXICLORO;Metoxicloro;µg/L;0;< 0,00025;705332;4207772;70042;TERCIARIO DE TORREVIEJA;Torrevieja;ALICANTE;748;TERCIARIO DE TORREVIEJA;TERCIARIO DE TORREVIEJA;320;Comunidad Valenciana;3
CA0748001;2020-03-17;METRIBUZINA;METRIBUZINA;µg/L;0;< 0,050;705332;4207772;70042;TERCIARIO DE TORREVIEJA;Torrevieja;ALICANTE;748;TERCIARIO DE TORREVIEJA;TERCIARIO DE TORREVIEJA;320;Comunidad Valenciana;3
CA0748001;2020-03-17;MG;MAGNESIO;mg/L Mg;900;90;705332;4207772;70042;TERCIARIO DE TORREVIEJA;Torrevieja;ALICANTE;748;TERCIARIO DE TORREVIEJA;TERCIARIO DE TORREVIEJA;320;Comunidad Valenciana;3
CA0748001;2020-03-17;MN;MANGANESO;µg/L Mn;0;< 5,0;705332;4207772;70042;TERCIARIO DE TORREVIEJA;Torrevieja;ALICANTE;748;TERCIARIO DE TORREVIEJA;TERCIARIO DE TORREVIEJA;320;Comunidad Valenciana;3
CA0748001;2020-03-17;;SODIO;mg/L Na;6180;> 200 (618)*;705332;4207772;70042;TERCIARIO DE TORREVIEJA;Torrevieja;ALICANTE;748;TERCIARIO DE TORREVIEJA;TERCIARIO DE TORREVIEJA;320;Comunidad Valenciana;3
CA0748001;2020-03-17;NAFTALENO;Naftaleno (naftalina);µg/L;0;< 1,0;705332;4207772;70042;TERCIARIO DE TORREVIEJA;Torrevieja;ALICANTE;748;TERCIARIO DE TORREVIEJA;TERCIARIO DE TORREVIEJA;320;Comunidad Valenciana;3
CA0748001;2020-03-17;N-BUB;N-BUTILBENCENO;µg/L;0;< 1,0;705332;4207772;70042;TERCIARIO DE TORREVIEJA;Torrevieja;ALICANTE;748;TERCIARIO DE TORREVIEJA;TERCIARIO DE TORREVIEJA;320;Comunidad Valenciana;3
CA0748001;2020-03-17;NH4;AMONIO;mg/L NH4;0;< 0,10;705332;4207772;70042;TERCIARIO DE TORREVIEJA;Torrevieja;ALICANTE;748;TERCIARIO DE TORREVIEJA;TERCIARIO DE TORREVIEJA;320;Comunidad Valenciana;3
CA0748001;2020-03-17;NI;NIQUEL;µg/L Ni;0;< 0,80;705332;4207772;70042;TERCIARIO DE TORREVIEJA;Torrevieja;ALICANTE;748;TERCIARIO DE TORREVIEJA;TERCIARIO DE TORREVIEJA;320;Comunidad Valenciana;3
CA0748001;2020-03-17;NO2;Nitritos;mg/L NO2;0;< 0,02;705332;4207772;70042;TERCIARIO DE TORREVIEJA;Torrevieja;ALICANTE;748;TERCIARIO DE TORREVIEJA;TERCIARIO DE TORREVIEJA;320;Comunidad Valenciana;3
CA0748001;2020-03-17;NO3;Nitratos;mg/L NO3;4317;43,17;705332;4207772;70042;TERCIARIO DE TORREVIEJA;Torrevieja;ALICANTE;748;TERCIARIO DE TORREVIEJA;TERCIARIO DE TORREVIEJA;320;Comunidad Valenciana;3
CA0748001;2020-03-17;N-PROPILB;N-PROPILBENCENO;µg/L;0;< 1,0;705332;4207772;70042;TERCIARIO DE TORREVIEJA;Torrevieja;ALICANTE;748;TERCIARIO DE TORREVIEJA;TERCIARIO DE TORREVIEJA;320;Comunidad Valenciana;3
CA0748001;2020-03-17;NTOTAL;Nitrógeno total;mg/L N;100;10;705332;4207772;70042;TERCIARIO DE TORREVIEJA;Torrevieja;ALICANTE;748;TERCIARIO DE TORREVIEJA;TERCIARIO DE TORREVIEJA;320;Comunidad Valenciana;3
CA0748001;2020-03-17;O2 DTO;Oxigeno disuelto de campo (medida in situ);mg/L O2;929;9,29;705332;4207772;70042;TERCIARIO DE TORREVIEJA;Torrevieja;ALICANTE;748;TERCIARIO DE TORREVIEJA;TERCIARIO DE TORREVIEJA;320;Comunidad Valenciana;3
CA0748001;2020-03-17;O-DICLORO;1,2-diclorobenceno (o-diclorobenceno);µg/L;0;< 1,0;705332;4207772;70042;TERCIARIO DE TORREVIEJA;Torrevieja;ALICANTE;748;TERCIARIO DE TORREVIEJA;TERCIARIO DE TORREVIEJA;320;Comunidad Valenciana;3
CA0748001;2020-03-17;PAHEST;Estireno (etenilbenceno);µg/L;0;< 1,0;705332;4207772;70042;TERCIARIO DE TORREVIEJA;Torrevieja;ALICANTE;748;TERCIARIO DE TORREVIEJA;TERCIARIO DE TORREVIEJA;320;Comunidad Valenciana;3
CA0748001;2020-03-17;PB;PLOMO;µg/L Pb;0;< 0,30;705332;4207772;70042;TERCIARIO DE TORREVIEJA;Torrevieja;ALICANTE;748;TERCIARIO DE TORREVIEJA;TERCIARIO DE TORREVIEJA;320;Comunidad Valenciana;3
CA0748001;2020-03-17;PER;Tetracloroetileno (PER, Percloroetileno);µg/L;0;< 1,0;705332;4207772;70042;TERCIARIO DE TORREVIEJA;Torrevieja;ALICANTE;748;TERCIARIO DE TORREVIEJA;TERCIARIO DE TORREVIEJA;320;Comunidad Valenciana;3
CA0748001;2020-03-17;PHSITU;pH de campo (medida in situ);udpH;829;8,29 (15.8ºC);705332;4207772;70042;TERCIARIO DE TORREVIEJA;Torrevieja;ALICANTE;748;TERCIARIO DE TORREVIEJA;TERCIARIO DE TORREVIEJA;320;Comunidad Valenciana;3
CA0748001;2020-03-17;PO4;Fosfatos;mg/L PO4;0;< 0,04;705332;4207772;70042;TERCIARIO DE TORREVIEJA;Torrevieja;ALICANTE;748;TERCIARIO DE TORREVIEJA;TERCIARIO DE TORREVIEJA;320;Comunidad Valenciana;3
CA0748001;2020-03-17;PTOTAL;FOSFORO TOTAL;mg/L P;0;< 0,050;705332;4207772;70042;TERCIARIO DE TORREVIEJA;Torrevieja;ALICANTE;748;TERCIARIO DE TORREVIEJA;TERCIARIO DE TORREVIEJA;320;Comunidad Valenciana;3
CA0748001;2020-03-17;QUI;Quinoxifeno;µg/L;0;< 0,00200;705332;4207772;70042;TERCIARIO DE TORREVIEJA;Torrevieja;ALICANTE;748;TERCIARIO DE TORREVIEJA;TERCIARIO DE TORREVIEJA;320;Comunidad Valenciana;3
CA0748001;2020-03-17;SATINSI;Porcentaje de saturación de oxígeno disuelto de campo (medido in situ);% O2;929;92,9;705332;4207772;70042;TERCIARIO DE TORREVIEJA;Torrevieja;ALICANTE;748;TERCIARIO DE TORREVIEJA;TERCIARIO DE TORREVIEJA;320;Comunidad Valenciana;3
CA0748001;2020-03-17;S-DDD-DDT;Suma p,p´-DDD + o,p´-DDT;µg/L;0;< 0,00050;705332;4207772;70042;TERCIARIO DE TORREVIEJA;Torrevieja;ALICANTE;748;TERCIARIO DE TORREVIEJA;TERCIARIO DE TORREVIEJA;320;Comunidad Valenciana;3
CA0748001;2020-03-17;SE;SELENIO;µg/L Se;177;1,77;705332;4207772;70042;TERCIARIO DE TORREVIEJA;Torrevieja;ALICANTE;748;TERCIARIO DE TORREVIEJA;TERCIARIO DE TORREVIEJA;320;Comunidad Valenciana;3
CA0748001;2020-03-17;SECBUTB;SEC-BUTILBENCENO;µg/L;0;< 1,0;705332;4207772;70042;TERCIARIO DE TORREVIEJA;Torrevieja;ALICANTE;748;TERCIARIO DE TORREVIEJA;TERCIARIO DE TORREVIEJA;320;Comunidad Valenciana;3
CA0748001;2020-03-17;SIMAZINA;Simazina;µg/L;0;< 0,050;705332;4207772;70042;TERCIARIO DE TORREVIEJA;Torrevieja;ALICANTE;748;TERCIARIO DE TORREVIEJA;TERCIARIO DE TORREVIEJA;320;Comunidad Valenciana;3
CA0748001;2020-03-17;SUMAXILENO;Xileno (dimetilbenceno) (suma o-, m- y p-xileno);µg/L;0;< 3,0;705332;4207772;70042;TERCIARIO DE TORREVIEJA;Torrevieja;ALICANTE;748;TERCIARIO DE TORREVIEJA;TERCIARIO DE TORREVIEJA;320;Comunidad Valenciana;3
CA0748001;2020-03-17;SUMCIPER;CIPERMETRINA (SUMA ISOMEROS ALFA+BETA+TETA+ZETA);µg/L;0;< 0,00080;705332;4207772;70042;TERCIARIO DE TORREVIEJA;Torrevieja;ALICANTE;748;TERCIARIO DE TORREVIEJA;TERCIARIO DE TORREVIEJA;320;Comunidad Valenciana;3
CA0748001;2020-03-17;SUMDCB;Diclorobenceno (suma isómeros);µg/L;0;< 3,0;705332;4207772;70042;TERCIARIO DE TORREVIEJA;Torrevieja;ALICANTE;748;TERCIARIO DE TORREVIEJA;TERCIARIO DE TORREVIEJA;320;Comunidad Valenciana;3
CA0748001;2020-03-17;SUMDDT;DDT TOTAL (SUMA P,P'-DDT+O,P'-DDT+P,P'-DDE+P,P'-DDD);µg/L;0;< 0,00100;705332;4207772;70042;TERCIARIO DE TORREVIEJA;Torrevieja;ALICANTE;748;TERCIARIO DE TORREVIEJA;TERCIARIO DE TORREVIEJA;320;Comunidad Valenciana;3
CA0748001;2020-03-17;SUMHCH;HEXACLOROCICLOHEXANO (HCH) (SUMA ISOMEROS);µg/L;0;< 0,00060;705332;4207772;70042;TERCIARIO DE TORREVIEJA;Torrevieja;ALICANTE;748;TERCIARIO DE TORREVIEJA;TERCIARIO DE TORREVIEJA;320;Comunidad Valenciana;3
CA0748001;2020-03-17;SUMTCBEN;"Triclorobenceno (suma isómeros 1,2,3-; 1,2,4- y 1,3,5- TCB)";µg/L;0;< 0,12;705332;4207772;70042;TERCIARIO DE TORREVIEJA;Torrevieja;ALICANTE;748;TERCIARIO DE TORREVIEJA;TERCIARIO DE TORREVIEJA;320;Comunidad Valenciana;3
CA0748001;2020-03-17;SUO4;Sulfatos;mg/L SO4;840;84;705332;4207772;70042;TERCIARIO DE TORREVIEJA;Torrevieja;ALICANTE;748;TERCIARIO DE TORREVIEJA;TERCIARIO DE TORREVIEJA;320;Comunidad Valenciana;3
CA0748001;2020-03-17;TAGUA;"TEMPERATURA ""IN SITU""";ºC;158;15,8;705332;4207772;70042;TERCIARIO DE TORREVIEJA;Torrevieja;ALICANTE;748;TERCIARIO DE TORREVIEJA;TERCIARIO DE TORREVIEJA;320;Comunidad Valenciana;3
CA0748001;2020-03-17;TBUTB;TERC-BUTILBENCENO;µg/L;0;< 1,0;705332;4207772;70042;TERCIARIO DE TORREVIEJA;Torrevieja;ALICANTE;748;TERCIARIO DE TORREVIEJA;TERCIARIO DE TORREVIEJA;320;Comunidad Valenciana;3
CA0748001;2020-03-17;TCB123;1,2,3-Triclorobenceno;µg/L;0;< 0,040;705332;4207772;70042;TERCIARIO DE TORREVIEJA;Torrevieja;ALICANTE;748;TERCIARIO DE TORREVIEJA;TERCIARIO DE TORREVIEJA;320;Comunidad Valenciana;3
CA0748001;2020-03-17;TCB124;1,2,4-Triclorobenceno;µg/L;0;< 0,040;705332;4207772;70042;TERCIARIO DE TORREVIEJA;Torrevieja;ALICANTE;748;TERCIARIO DE TORREVIEJA;TERCIARIO DE TORREVIEJA;320;Comunidad Valenciana;3
CA0748001;2020-03-17;TCB135;1,3,5-Triclorobenceno;µg/L;0;< 0,040;705332;4207772;70042;TERCIARIO DE TORREVIEJA;Torrevieja;ALICANTE;748;TERCIARIO DE TORREVIEJA;TERCIARIO DE TORREVIEJA;320;Comunidad Valenciana;3
CA0748001;2020-03-17;TCE;1,1,1-TRICLOROETANO;µg/L;0;< 1,0;705332;4207772;70042;TERCIARIO DE TORREVIEJA;Torrevieja;ALICANTE;748;TERCIARIO DE TORREVIEJA;TERCIARIO DE TORREVIEJA;320;Comunidad Valenciana;3
CA0748001;2020-03-17;TERAZ;Terbutilazina;µg/L;0;< 0,050;705332;4207772;70042;TERCIARIO DE TORREVIEJA;Torrevieja;ALICANTE;748;TERCIARIO DE TORREVIEJA;TERCIARIO DE TORREVIEJA;320;Comunidad Valenciana;3
CA0748001;2020-03-17;TERBUTRINA;Terbutrina;µg/L;0;< 0,050;705332;4207772;70042;TERCIARIO DE TORREVIEJA;Torrevieja;ALICANTE;748;TERCIARIO DE TORREVIEJA;TERCIARIO DE TORREVIEJA;320;Comunidad Valenciana;3
CA0748001;2020-03-17;TETRA;Tetracloruro de carbono (Tetraclorometano, Perclorometano);µg/L;0;< 1,0;705332;4207772;70042;TERCIARIO DE TORREVIEJA;Torrevieja;ALICANTE;748;TERCIARIO DE TORREVIEJA;TERCIARIO DE TORREVIEJA;320;Comunidad Valenciana;3
CA0748001;2020-03-17;TETRTRI;Tricloroetileno + Tetracloroetileno (Percloroetileno);µg/L;0;< 2,0;705332;4207772;70042;TERCIARIO DE TORREVIEJA;Torrevieja;ALICANTE;748;TERCIARIO DE TORREVIEJA;TERCIARIO DE TORREVIEJA;320;Comunidad Valenciana;3
CA0748001;2020-03-17;THMBR;DIBROMOMETANO;µg/L;0;< 1,0;705332;4207772;70042;TERCIARIO DE TORREVIEJA;Torrevieja;ALICANTE;748;TERCIARIO DE TORREVIEJA;TERCIARIO DE TORREVIEJA;320;Comunidad Valenciana;3
CA0748001;2020-03-17;THMBR2CL;Bromodiclorometano;µg/l;0;< 1,0;705332;4207772;70042;TERCIARIO DE TORREVIEJA;Torrevieja;ALICANTE;748;TERCIARIO DE TORREVIEJA;TERCIARIO DE TORREVIEJA;320;Comunidad Valenciana;3
CA0748001;2020-03-17;THMBRCL;BROMOCLOROMETANO;µg/L;0;< 1,0;705332;4207772;70042;TERCIARIO DE TORREVIEJA;Torrevieja;ALICANTE;748;TERCIARIO DE TORREVIEJA;TERCIARIO DE TORREVIEJA;320;Comunidad Valenciana;3
CA0748001;2020-03-17;THMBRCL2;DIBROMOCLOROMETANO (Trihalometanos);µg/L;0;< 1,0;705332;4207772;70042;TERCIARIO DE TORREVIEJA;Torrevieja;ALICANTE;748;TERCIARIO DE TORREVIEJA;TERCIARIO DE TORREVIEJA;320;Comunidad Valenciana;3
CA0748001;2020-03-17;THMBRF;BROMOFORMO;µg/L;0;< 1,0;705332;4207772;70042;TERCIARIO DE TORREVIEJA;Torrevieja;ALICANTE;748;TERCIARIO DE TORREVIEJA;TERCIARIO DE TORREVIEJA;320;Comunidad Valenciana;3
CA0748001;2020-03-17;THMDCM;DICLOROMETANO;µg/L;0;< 6,0;705332;4207772;70042;TERCIARIO DE TORREVIEJA;Torrevieja;ALICANTE;748;TERCIARIO DE TORREVIEJA;TERCIARIO DE TORREVIEJA;320;Comunidad Valenciana;3
CA0748001;2020-03-17;TMB1;1,2,4-trimetilbenceno;µg/l;0;< 1,0;705332;4207772;70042;TERCIARIO DE TORREVIEJA;Torrevieja;ALICANTE;748;TERCIARIO DE TORREVIEJA;TERCIARIO DE TORREVIEJA;320;Comunidad Valenciana;3
CA0748001;2020-03-17;TMB2;1,3,5-TRIMETILBENCENO;µg/L;0;< 1,0;705332;4207772;70042;TERCIARIO DE TORREVIEJA;Torrevieja;ALICANTE;748;TERCIARIO DE TORREVIEJA;TERCIARIO DE TORREVIEJA;320;Comunidad Valenciana;3
CA0748001;2020-03-17;TOL;Tolueno (Metilbenceno);µg/L;0;< 1,0;705332;4207772;70042;TERCIARIO DE TORREVIEJA;Torrevieja;ALICANTE;748;TERCIARIO DE TORREVIEJA;TERCIARIO DE TORREVIEJA;320;Comunidad Valenciana;3
CA0748001;2020-03-17;TRIAZO_2;TRIAZOFOS;µg/L;0;< 0,0100;705332;4207772;70042;TERCIARIO DE TORREVIEJA;Torrevieja;ALICANTE;748;TERCIARIO DE TORREVIEJA;TERCIARIO DE TORREVIEJA;320;Comunidad Valenciana;3
CA0748001;2020-03-17;TRICLOET;Tricloroetileno (TRI);µg/L;0;< 1,0;705332;4207772;70042;TERCIARIO DE TORREVIEJA;Torrevieja;ALICANTE;748;TERCIARIO DE TORREVIEJA;TERCIARIO DE TORREVIEJA;320;Comunidad Valenciana;3
CA0748001;2020-03-17;TRIFLURALINA;Trifluralina;µg/L;0;< 0,0060;705332;4207772;70042;TERCIARIO DE TORREVIEJA;Torrevieja;ALICANTE;748;TERCIARIO DE TORREVIEJA;TERCIARIO DE TORREVIEJA;320;Comunidad Valenciana;3
CA0748001;2020-03-17;XILM+P;SUMA M+P XILENO;µg/L;0;< 2,0;705332;4207772;70042;TERCIARIO DE TORREVIEJA;Torrevieja;ALICANTE;748;TERCIARIO DE TORREVIEJA;TERCIARIO DE TORREVIEJA;320;Comunidad Valenciana;3
CA0748001;2020-03-17;XIL-O;O-XILENO;µg/L;0;< 1,0;705332;4207772;70042;TERCIARIO DE TORREVIEJA;Torrevieja;ALICANTE;748;TERCIARIO DE TORREVIEJA;TERCIARIO DE TORREVIEJA;320;Comunidad Valenciana;3
CA0748001;2020-03-17;ZN;ZINC;µg/l Zn;90;9;705332;4207772;70042;TERCIARIO DE TORREVIEJA;Torrevieja;ALICANTE;748;TERCIARIO DE TORREVIEJA;TERCIARIO DE TORREVIEJA;320;Comunidad Valenciana;3
CA0748001;2020-06-02;12DIBR;1,2-DIBROMOETANO;µg/L;0;< 1,0;705332;4207772;70042;TERCIARIO DE TORREVIEJA;Torrevieja;ALICANTE;748;TERCIARIO DE TORREVIEJA;TERCIARIO DE TORREVIEJA;320;Comunidad Valenciana;6
CA0748001;2020-06-02;2BR2CLPRO;1,2-DIBROMO-3-CLOROPROPANO;µg/L;0;< 1,0;705332;4207772;70042;TERCIARIO DE TORREVIEJA;Torrevieja;ALICANTE;748;TERCIARIO DE TORREVIEJA;TERCIARIO DE TORREVIEJA;320;Comunidad Valenciana;6
CA0748001;2020-06-02;2CLETA;1,1-DICLOROETANO;µg/L;0;< 1,0;705332;4207772;70042;TERCIARIO DE TORREVIEJA;Torrevieja;ALICANTE;748;TERCIARIO DE TORREVIEJA;TERCIARIO DE TORREVIEJA;320;Comunidad Valenciana;6
CA0748001;2020-06-02;2CLETE;1,1-DICLOROETENO;µg/L;0;< 1,0;705332;4207772;70042;TERCIARIO DE TORREVIEJA;Torrevieja;ALICANTE;748;TERCIARIO DE TORREVIEJA;TERCIARIO DE TORREVIEJA;320;Comunidad Valenciana;6
CA0748001;2020-06-02;2CLETE2;1,2-DICLOROETENO;µg/L;0;< 2,0;705332;4207772;70042;TERCIARIO DE TORREVIEJA;Torrevieja;ALICANTE;748;TERCIARIO DE TORREVIEJA;TERCIARIO DE TORREVIEJA;320;Comunidad Valenciana;6
CA0748001;2020-06-02;2CLETEN;TRANS-1,2-DICLOROETENO;µg/L;0;< 1,0;705332;4207772;70042;TERCIARIO DE TORREVIEJA;Torrevieja;ALICANTE;748;TERCIARIO DE TORREVIEJA;TERCIARIO DE TORREVIEJA;320;Comunidad Valenciana;6
CA0748001;2020-06-02;2CLPRO;1,3-DICLOROPROPANO;µg/L;0;< 1,0;705332;4207772;70042;TERCIARIO DE TORREVIEJA;Torrevieja;ALICANTE;748;TERCIARIO DE TORREVIEJA;TERCIARIO DE TORREVIEJA;320;Comunidad Valenciana;6
CA0748001;2020-06-02;2CLPROCIS;CIS-1,3-DICLOROPROPENO;µg/L;0;< 1,0;705332;4207772;70042;TERCIARIO DE TORREVIEJA;Torrevieja;ALICANTE;748;TERCIARIO DE TORREVIEJA;TERCIARIO DE TORREVIEJA;320;Comunidad Valenciana;6
CA0748001;2020-06-02;2CLPROPA;1,2-DICLOROPROPANO;µg/L;0;< 1,0;705332;4207772;70042;TERCIARIO DE TORREVIEJA;Torrevieja;ALICANTE;748;TERCIARIO DE TORREVIEJA;TERCIARIO DE TORREVIEJA;320;Comunidad Valenciana;6
CA0748001;2020-06-02;2CLPROPA2;2,2-DICLOROPROPANO;µg/L;0;< 1,0;705332;4207772;70042;TERCIARIO DE TORREVIEJA;Torrevieja;ALICANTE;748;TERCIARIO DE TORREVIEJA;TERCIARIO DE TORREVIEJA;320;Comunidad Valenciana;6
CA0748001;2020-06-02;2CLPROPE;1,1-DICLOROPROPENO;µg/L;0;< 1,0;705332;4207772;70042;TERCIARIO DE TORREVIEJA;Torrevieja;ALICANTE;748;TERCIARIO DE TORREVIEJA;TERCIARIO DE TORREVIEJA;320;Comunidad Valenciana;6
CA0748001;2020-06-02;2CLPROPE2;TRANS-1,3-DICLOROPROPENO;µg/L;0;< 1,0;705332;4207772;70042;TERCIARIO DE TORREVIEJA;Torrevieja;ALICANTE;748;TERCIARIO DE TORREVIEJA;TERCIARIO DE TORREVIEJA;320;Comunidad Valenciana;6
CA0748001;2020-06-02;3CLETA;1,1,2-TRICLOROETANO;µg/L;0;< 1,0;705332;4207772;70042;TERCIARIO DE TORREVIEJA;Torrevieja;ALICANTE;748;TERCIARIO DE TORREVIEJA;TERCIARIO DE TORREVIEJA;320;Comunidad Valenciana;6
CA0748001;2020-06-02;3CLPRO;1,2,3-TRICLOROPROPANO;µg/L;0;< 1,0;705332;4207772;70042;TERCIARIO DE TORREVIEJA;Torrevieja;ALICANTE;748;TERCIARIO DE TORREVIEJA;TERCIARIO DE TORREVIEJA;320;Comunidad Valenciana;6
CA0748001;2020-06-02;4CLETA;1,1,1,2-TETRACLOROETANO;µg/L;0;< 1,0;705332;4207772;70042;TERCIARIO DE TORREVIEJA;Torrevieja;ALICANTE;748;TERCIARIO DE TORREVIEJA;TERCIARIO DE TORREVIEJA;320;Comunidad Valenciana;6
CA0748001;2020-06-02;4CLETA2;1,1,2,2-TETRACLOROETANO;µg/L;0;< 1,0;705332;4207772;70042;TERCIARIO DE TORREVIEJA;Torrevieja;ALICANTE;748;TERCIARIO DE TORREVIEJA;TERCIARIO DE TORREVIEJA;320;Comunidad Valenciana;6
CA0748001;2020-06-02;6CLET;HEXACLOROETANO;µg/L;0;< 1,0;705332;4207772;70042;TERCIARIO DE TORREVIEJA;Torrevieja;ALICANTE;748;TERCIARIO DE TORREVIEJA;TERCIARIO DE TORREVIEJA;320;Comunidad Valenciana;6
CA0748001;2020-06-02;ACLONIFE;ACLONIFENO;µg/L;0;< 0,00200;705332;4207772;70042;TERCIARIO DE TORREVIEJA;Torrevieja;ALICANTE;748;TERCIARIO DE TORREVIEJA;TERCIARIO DE TORREVIEJA;320;Comunidad Valenciana;6
CA0748001;2020-06-02;ALACLORO;ALACLORO;µg/L;0;< 0,01000;705332;4207772;70042;TERCIARIO DE TORREVIEJA;Torrevieja;ALICANTE;748;TERCIARIO DE TORREVIEJA;TERCIARIO DE TORREVIEJA;320;Comunidad Valenciana;6
CA0748001;2020-06-02;ALDRIN;ALDRINA;µg/L;0;< 0,00025;705332;4207772;70042;TERCIARIO DE TORREVIEJA;Torrevieja;ALICANTE;748;TERCIARIO DE TORREVIEJA;TERCIARIO DE TORREVIEJA;320;Comunidad Valenciana;6
CA0748001;2020-06-02;AS;ARSENICO;µg/L As;0;< 5,0;705332;4207772;70042;TERCIARIO DE TORREVIEJA;Torrevieja;ALICANTE;748;TERCIARIO DE TORREVIEJA;TERCIARIO DE TORREVIEJA;320;Comunidad Valenciana;6
CA0748001;2020-06-02;ATRAZINA;ATRAZINA;µg/L;0;< 0,010;705332;4207772;70042;TERCIARIO DE TORREVIEJA;Torrevieja;ALICANTE;748;TERCIARIO DE TORREVIEJA;TERCIARIO DE TORREVIEJA;320;Comunidad Valenciana;6
CA0748001;2020-06-02;B;BORO;µg/L B;3500;350;705332;4207772;70042;TERCIARIO DE TORREVIEJA;Torrevieja;ALICANTE;748;TERCIARIO DE TORREVIEJA;TERCIARIO DE TORREVIEJA;320;Comunidad Valenciana;6
CA0748001;2020-06-02;BENCENO;BENCENO;µg/L;0;< 1,0;705332;4207772;70042;TERCIARIO DE TORREVIEJA;Torrevieja;ALICANTE;748;TERCIARIO DE TORREVIEJA;TERCIARIO DE TORREVIEJA;320;Comunidad Valenciana;6
CA0748001;2020-06-02;BICARB;BICARBONATOS;mg/L HCO3-;1870;187;705332;4207772;70042;TERCIARIO DE TORREVIEJA;Torrevieja;ALICANTE;748;TERCIARIO DE TORREVIEJA;TERCIARIO DE TORREVIEJA;320;Comunidad Valenciana;6
CA0748001;2020-06-02;BIFEN;BIFENOX;µg/L;0;< 0,00120;705332;4207772;70042;TERCIARIO DE TORREVIEJA;Torrevieja;ALICANTE;748;TERCIARIO DE TORREVIEJA;TERCIARIO DE TORREVIEJA;320;Comunidad Valenciana;6
CA0748001;2020-06-02;BRB;BROMOBENCENO;µg/L;0;< 1,0;705332;4207772;70042;TERCIARIO DE TORREVIEJA;Torrevieja;ALICANTE;748;TERCIARIO DE TORREVIEJA;TERCIARIO DE TORREVIEJA;320;Comunidad Valenciana;6
CA0748001;2020-06-02;BRFOSETIL;BROMOFOS ETIL;µg/L;0;< 0,0100;705332;4207772;70042;TERCIARIO DE TORREVIEJA;Torrevieja;ALICANTE;748;TERCIARIO DE TORREVIEJA;TERCIARIO DE TORREVIEJA;320;Comunidad Valenciana;6
CA0748001;2020-06-02;CA;CALCIO;mg/L Ca;560;56;705332;4207772;70042;TERCIARIO DE TORREVIEJA;Torrevieja;ALICANTE;748;TERCIARIO DE TORREVIEJA;TERCIARIO DE TORREVIEJA;320;Comunidad Valenciana;6
CA0748001;2020-06-02;CD;CADMIO;µg/L Cd;0;< 0,02;705332;4207772;70042;TERCIARIO DE TORREVIEJA;Torrevieja;ALICANTE;748;TERCIARIO DE TORREVIEJA;TERCIARIO DE TORREVIEJA;320;Comunidad Valenciana;6
CA0748001;2020-06-02;CIB;CIBUTRINA;µg/L;0;< 0,002;705332;4207772;70042;TERCIARIO DE TORREVIEJA;Torrevieja;ALICANTE;748;TERCIARIO DE TORREVIEJA;TERCIARIO DE TORREVIEJA;320;Comunidad Valenciana;6
CA0748001;2020-06-02;CL;Cloruros;mg/L Cl;3690;369;705332;4207772;70042;TERCIARIO DE TORREVIEJA;Torrevieja;ALICANTE;748;TERCIARIO DE TORREVIEJA;TERCIARIO DE TORREVIEJA;320;Comunidad Valenciana;6
CA0748001;2020-06-02;CLF;Cloroformo (Triclorometano);µg/L;79;7,9;705332;4207772;70042;TERCIARIO DE TORREVIEJA;Torrevieja;ALICANTE;748;TERCIARIO DE TORREVIEJA;TERCIARIO DE TORREVIEJA;320;Comunidad Valenciana;6
CA0748001;2020-06-02;CLORDANOCIS;CIS-CLORDANO;µg/L;0;< 0,00025;705332;4207772;70042;TERCIARIO DE TORREVIEJA;Torrevieja;ALICANTE;748;TERCIARIO DE TORREVIEJA;TERCIARIO DE TORREVIEJA;320;Comunidad Valenciana;6
CA0748001;2020-06-02;CLORDANOTR;TRANS-CLORDANO;µg/L;0;< 0,00025;705332;4207772;70042;TERCIARIO DE TORREVIEJA;Torrevieja;ALICANTE;748;TERCIARIO DE TORREVIEJA;TERCIARIO DE TORREVIEJA;320;Comunidad Valenciana;6
CA0748001;2020-06-02;CLOROFENVINFOS;Clorfenvinfos;µg/L;0;< 0,0100;705332;4207772;70042;TERCIARIO DE TORREVIEJA;Torrevieja;ALICANTE;748;TERCIARIO DE TORREVIEJA;TERCIARIO DE TORREVIEJA;320;Comunidad Valenciana;6
CA0748001;2020-06-02;CLOROPIRIFOS;Clorpirifos;µg/L;0;< 0,0050;705332;4207772;70042;TERCIARIO DE TORREVIEJA;Torrevieja;ALICANTE;748;TERCIARIO DE TORREVIEJA;TERCIARIO DE TORREVIEJA;320;Comunidad Valenciana;6
CA0748001;2020-06-02;CLORPIRIPME;CLOROPIRIFOS-METIL;µg/L;0;< 0,0100;705332;4207772;70042;TERCIARIO DE TORREVIEJA;Torrevieja;ALICANTE;748;TERCIARIO DE TORREVIEJA;TERCIARIO DE TORREVIEJA;320;Comunidad Valenciana;6
CA0748001;2020-06-02;CLTO2;4-CLOROTOLUENO;µg/L;0;< 1,0;705332;4207772;70042;TERCIARIO DE TORREVIEJA;Torrevieja;ALICANTE;748;TERCIARIO DE TORREVIEJA;TERCIARIO DE TORREVIEJA;320;Comunidad Valenciana;6
CA0748001;2020-06-02;CLTOL;2-CLOROTOLUENO;µg/L;0;< 1,0;705332;4207772;70042;TERCIARIO DE TORREVIEJA;Torrevieja;ALICANTE;748;TERCIARIO DE TORREVIEJA;TERCIARIO DE TORREVIEJA;320;Comunidad Valenciana;6
CA0748001;2020-06-02;CN;CIANUROS TOTALES;µg/L CN;0;<10;705332;4207772;70042;TERCIARIO DE TORREVIEJA;Torrevieja;ALICANTE;748;TERCIARIO DE TORREVIEJA;TERCIARIO DE TORREVIEJA;320;Comunidad Valenciana;6
CA0748001;2020-06-02;COND20SITU;Conductividad de campo (medida in situ);µS/cm;14090;1409;705332;4207772;70042;TERCIARIO DE TORREVIEJA;Torrevieja;ALICANTE;748;TERCIARIO DE TORREVIEJA;TERCIARIO DE TORREVIEJA;320;Comunidad Valenciana;6
CA0748001;2020-06-02;CR;CROMO;µg/L Cr;0;< 5,0;705332;4207772;70042;TERCIARIO DE TORREVIEJA;Torrevieja;ALICANTE;748;TERCIARIO DE TORREVIEJA;TERCIARIO DE TORREVIEJA;320;Comunidad Valenciana;6
CA0748001;2020-06-02;CU;COBRE;µg/L Cu;97;0,97;705332;4207772;70042;TERCIARIO DE TORREVIEJA;Torrevieja;ALICANTE;748;TERCIARIO DE TORREVIEJA;TERCIARIO DE TORREVIEJA;320;Comunidad Valenciana;6
CA0748001;2020-06-02;DCB-M;1,3-diclorobenceno (m-diclorobenceno);µg/L;0;< 1,0;705332;4207772;70042;TERCIARIO DE TORREVIEJA;Torrevieja;ALICANTE;748;TERCIARIO DE TORREVIEJA;TERCIARIO DE TORREVIEJA;320;Comunidad Valenciana;6
CA0748001;2020-06-02;DCB-P;1,4-diclorobenceno (p-diclorobenceno);µg/L;0;< 1,0;705332;4207772;70042;TERCIARIO DE TORREVIEJA;Torrevieja;ALICANTE;748;TERCIARIO DE TORREVIEJA;TERCIARIO DE TORREVIEJA;320;Comunidad Valenciana;6
CA0748001;2020-06-02;DCE;1,2-dicloroetano (EDC, cloruro de etileno);µg/L;0;< 1,0;705332;4207772;70042;TERCIARIO DE TORREVIEJA;Torrevieja;ALICANTE;748;TERCIARIO DE TORREVIEJA;TERCIARIO DE TORREVIEJA;320;Comunidad Valenciana;6
CA0748001;2020-06-02;DCV;DICLORVOS;µg/L;0;< 0,0006;705332;4207772;70042;TERCIARIO DE TORREVIEJA;Torrevieja;ALICANTE;748;TERCIARIO DE TORREVIEJA;TERCIARIO DE TORREVIEJA;320;Comunidad Valenciana;6
CA0748001;2020-06-02;DDDPP;P,P'-DDD;µg/L;0;< 0,00050;705332;4207772;70042;TERCIARIO DE TORREVIEJA;Torrevieja;ALICANTE;748;TERCIARIO DE TORREVIEJA;TERCIARIO DE TORREVIEJA;320;Comunidad Valenciana;6
CA0748001;2020-06-02;DDEPP;P,P'-DDE;µg/L;0;< 0,00025;705332;4207772;70042;TERCIARIO DE TORREVIEJA;Torrevieja;ALICANTE;748;TERCIARIO DE TORREVIEJA;TERCIARIO DE TORREVIEJA;320;Comunidad Valenciana;6
CA0748001;2020-06-02;DDTOP;O,P'-DDT;µg/L;0;< 0,00050;705332;4207772;70042;TERCIARIO DE TORREVIEJA;Torrevieja;ALICANTE;748;TERCIARIO DE TORREVIEJA;TERCIARIO DE TORREVIEJA;320;Comunidad Valenciana;6
CA0748001;2020-06-02;DDTPP;P,P'-DDT;µg/L;0;< 0,00025;705332;4207772;70042;TERCIARIO DE TORREVIEJA;Torrevieja;ALICANTE;748;TERCIARIO DE TORREVIEJA;TERCIARIO DE TORREVIEJA;320;Comunidad Valenciana;6
CA0748001;2020-06-02;DIAZINON;DIAZINON;µg/L;0;< 0,0100;705332;4207772;70042;TERCIARIO DE TORREVIEJA;Torrevieja;ALICANTE;748;TERCIARIO DE TORREVIEJA;TERCIARIO DE TORREVIEJA;320;Comunidad Valenciana;6
CA0748001;2020-06-02;DICLETE-CIS;CIS-1,2-DICLOROETENO;µg/L;0;< 1,0;705332;4207772;70042;TERCIARIO DE TORREVIEJA;Torrevieja;ALICANTE;748;TERCIARIO DE TORREVIEJA;TERCIARIO DE TORREVIEJA;320;Comunidad Valenciana;6
CA0748001;2020-06-02;DICOFOL;DICOFOL (P,P'-DICOFOL);µg/L;0;< 0,00039;705332;4207772;70042;TERCIARIO DE TORREVIEJA;Torrevieja;ALICANTE;748;TERCIARIO DE TORREVIEJA;TERCIARIO DE TORREVIEJA;320;Comunidad Valenciana;6
CA0748001;2020-06-02;DIELDRIN;Dieldrin;µg/L;0;< 0,00015;705332;4207772;70042;TERCIARIO DE TORREVIEJA;Torrevieja;ALICANTE;748;TERCIARIO DE TORREVIEJA;TERCIARIO DE TORREVIEJA;320;Comunidad Valenciana;6
CA0748001;2020-06-02;DIURON;DIURON;µg/L;0;< 0,050;705332;4207772;70042;TERCIARIO DE TORREVIEJA;Torrevieja;ALICANTE;748;TERCIARIO DE TORREVIEJA;TERCIARIO DE TORREVIEJA;320;Comunidad Valenciana;6
CA0748001;2020-06-02;DQO;DQO o Demanda Química de Oxígeno;mg/L O2;0;< 15;705332;4207772;70042;TERCIARIO DE TORREVIEJA;Torrevieja;ALICANTE;748;TERCIARIO DE TORREVIEJA;TERCIARIO DE TORREVIEJA;320;Comunidad Valenciana;6
CA0748001;2020-06-02;ENDOS;ENDOSULFAN (SUMA ISOMEROS ALFA+BETA);µg/L;0;< 0,00005;705332;4207772;70042;TERCIARIO DE TORREVIEJA;Torrevieja;ALICANTE;748;TERCIARIO DE TORREVIEJA;TERCIARIO DE TORREVIEJA;320;Comunidad Valenciana;6
CA0748001;2020-06-02;ENDOSULFAN;ALFA-ENDOSULFAN;µg/L;0;< 0,00005;705332;4207772;70042;TERCIARIO DE TORREVIEJA;Torrevieja;ALICANTE;748;TERCIARIO DE TORREVIEJA;TERCIARIO DE TORREVIEJA;320;Comunidad Valenciana;6
CA0748001;2020-06-02;ENDOSULFAN-BETA;BETA-ENDOSULFAN;µg/L;0;< 0,00005;705332;4207772;70042;TERCIARIO DE TORREVIEJA;Torrevieja;ALICANTE;748;TERCIARIO DE TORREVIEJA;TERCIARIO DE TORREVIEJA;320;Comunidad Valenciana;6
CA0748001;2020-06-02;ENDRIN;ENDRINA;µg/L;0;< 0,00150;705332;4207772;70042;TERCIARIO DE TORREVIEJA;Torrevieja;ALICANTE;748;TERCIARIO DE TORREVIEJA;TERCIARIO DE TORREVIEJA;320;Comunidad Valenciana;6
CA0748001;2020-06-02;ENDRINCE;Endrin cetona;µg/L;0;< 0,00025;705332;4207772;70042;TERCIARIO DE TORREVIEJA;Torrevieja;ALICANTE;748;TERCIARIO DE TORREVIEJA;TERCIARIO DE TORREVIEJA;320;Comunidad Valenciana;6
CA0748001;2020-06-02;ETBENCENO;Etilbenceno;µg/L;0;< 1,0;705332;4207772;70042;TERCIARIO DE TORREVIEJA;Torrevieja;ALICANTE;748;TERCIARIO DE TORREVIEJA;TERCIARIO DE TORREVIEJA;320;Comunidad Valenciana;6
CA0748001;2020-06-02;ETPARATION;Paration (paration etilo);µg/L;0;< 0,0100;705332;4207772;70042;TERCIARIO DE TORREVIEJA;Torrevieja;ALICANTE;748;TERCIARIO DE TORREVIEJA;TERCIARIO DE TORREVIEJA;320;Comunidad Valenciana;6
CA0748001;2020-06-02;F;Fluoruros;µg/L;3000;300;705332;4207772;70042;TERCIARIO DE TORREVIEJA;Torrevieja;ALICANTE;748;TERCIARIO DE TORREVIEJA;TERCIARIO DE TORREVIEJA;320;Comunidad Valenciana;6
CA0748001;2020-06-02;FE;HIERRO;µg/L;0;< 50;705332;4207772;70042;TERCIARIO DE TORREVIEJA;Torrevieja;ALICANTE;748;TERCIARIO DE TORREVIEJA;TERCIARIO DE TORREVIEJA;320;Comunidad Valenciana;6
CA0748001;2020-06-02;FENCLORFOS;FENCLORFOS;µg/L;0;< 0,0100;705332;4207772;70042;TERCIARIO DE TORREVIEJA;Torrevieja;ALICANTE;748;TERCIARIO DE TORREVIEJA;TERCIARIO DE TORREVIEJA;320;Comunidad Valenciana;6
CA0748001;2020-06-02;FONO;FONOFOS;µg/L;0;< 0,0100;705332;4207772;70042;TERCIARIO DE TORREVIEJA;Torrevieja;ALICANTE;748;TERCIARIO DE TORREVIEJA;TERCIARIO DE TORREVIEJA;320;Comunidad Valenciana;6
CA0748001;2020-06-02;HCB;Hexaclorobenceno (HCB, Perclorobenceno);µg/L;0;< 0,00250;705332;4207772;70042;TERCIARIO DE TORREVIEJA;Torrevieja;ALICANTE;748;TERCIARIO DE TORREVIEJA;TERCIARIO DE TORREVIEJA;320;Comunidad Valenciana;6
CA0748001;2020-06-02;HCBD;Hexaclorobutadieno (HCBD, Hexacloro-1,3-Butadieno);µg/L;0;< 1,0;705332;4207772;70042;TERCIARIO DE TORREVIEJA;Torrevieja;ALICANTE;748;TERCIARIO DE TORREVIEJA;TERCIARIO DE TORREVIEJA;320;Comunidad Valenciana;6
CA0748001;2020-06-02;HCHALFA;ALFA-HCH;µg/L;0;< 0,00005;705332;4207772;70042;TERCIARIO DE TORREVIEJA;Torrevieja;ALICANTE;748;TERCIARIO DE TORREVIEJA;TERCIARIO DE TORREVIEJA;320;Comunidad Valenciana;6
CA0748001;2020-06-02;HCHBETA;BETA-HCH;µg/L;0;< 0,00015;705332;4207772;70042;TERCIARIO DE TORREVIEJA;Torrevieja;ALICANTE;748;TERCIARIO DE TORREVIEJA;TERCIARIO DE TORREVIEJA;320;Comunidad Valenciana;6
CA0748001;2020-06-02;HCHDELTA;DELTA-HCH;µg/L;0;< 0,00015;705332;4207772;70042;TERCIARIO DE TORREVIEJA;Torrevieja;ALICANTE;748;TERCIARIO DE TORREVIEJA;TERCIARIO DE TORREVIEJA;320;Comunidad Valenciana;6
CA0748001;2020-06-02;HEPTACL;Heptacloro;µg/L;0;< 0,00005;705332;4207772;70042;TERCIARIO DE TORREVIEJA;Torrevieja;ALICANTE;748;TERCIARIO DE TORREVIEJA;TERCIARIO DE TORREVIEJA;320;Comunidad Valenciana;6
CA0748001;2020-06-02;HEPTACLEPO;EPOXIDO DE HEPTACLORO;µg/L;0;< 0,00005;705332;4207772;70042;TERCIARIO DE TORREVIEJA;Torrevieja;ALICANTE;748;TERCIARIO DE TORREVIEJA;TERCIARIO DE TORREVIEJA;320;Comunidad Valenciana;6
CA0748001;2020-06-02;HG;MERCURIO;µg/L Hg;0;< 0,045;705332;4207772;70042;TERCIARIO DE TORREVIEJA;Torrevieja;ALICANTE;748;TERCIARIO DE TORREVIEJA;TERCIARIO DE TORREVIEJA;320;Comunidad Valenciana;6
CA0748001;2020-06-02;ISODRIN;Isodrin;µg/L;0;< 0,00010;705332;4207772;70042;TERCIARIO DE TORREVIEJA;Torrevieja;ALICANTE;748;TERCIARIO DE TORREVIEJA;TERCIARIO DE TORREVIEJA;320;Comunidad Valenciana;6
CA0748001;2020-06-02;ISOPROPB;Isopropilbenceno (cumeno);µg/L;0;< 1,0;705332;4207772;70042;TERCIARIO DE TORREVIEJA;Torrevieja;ALICANTE;748;TERCIARIO DE TORREVIEJA;TERCIARIO DE TORREVIEJA;320;Comunidad Valenciana;6
CA0748001;2020-06-02;ISOPROPILTO;4-ISOPROPILTOLUENO;µg/L;0;< 1,0;705332;4207772;70042;TERCIARIO DE TORREVIEJA;Torrevieja;ALICANTE;748;TERCIARIO DE TORREVIEJA;TERCIARIO DE TORREVIEJA;320;Comunidad Valenciana;6
CA0748001;2020-06-02;ISOPROTURON;Isoproturón;µg/L;0;< 0,050;705332;4207772;70042;TERCIARIO DE TORREVIEJA;Torrevieja;ALICANTE;748;TERCIARIO DE TORREVIEJA;TERCIARIO DE TORREVIEJA;320;Comunidad Valenciana;6
CA0748001;2020-06-02;K;POTASIO;mg/L K;110;11;705332;4207772;70042;TERCIARIO DE TORREVIEJA;Torrevieja;ALICANTE;748;TERCIARIO DE TORREVIEJA;TERCIARIO DE TORREVIEJA;320;Comunidad Valenciana;6
CA0748001;2020-06-02;LIND;GAMMA-HCH (LINDANO);µg/L;0;< 0,00025;705332;4207772;70042;TERCIARIO DE TORREVIEJA;Torrevieja;ALICANTE;748;TERCIARIO DE TORREVIEJA;TERCIARIO DE TORREVIEJA;320;Comunidad Valenciana;6
CA0748001;2020-06-02;MCB;Clorobenceno (monoclorobenceno);µg/L;0;< 1,0;705332;4207772;70042;TERCIARIO DE TORREVIEJA;Torrevieja;ALICANTE;748;TERCIARIO DE TORREVIEJA;TERCIARIO DE TORREVIEJA;320;Comunidad Valenciana;6
CA0748001;2020-06-02;METOLACLORO;Metolacloro;µg/L;0;< 0,01000;705332;4207772;70042;TERCIARIO DE TORREVIEJA;Torrevieja;ALICANTE;748;TERCIARIO DE TORREVIEJA;TERCIARIO DE TORREVIEJA;320;Comunidad Valenciana;6
CA0748001;2020-06-02;METOXICLORO;Metoxicloro;µg/L;0;< 0,00025;705332;4207772;70042;TERCIARIO DE TORREVIEJA;Torrevieja;ALICANTE;748;TERCIARIO DE TORREVIEJA;TERCIARIO DE TORREVIEJA;320;Comunidad Valenciana;6
CA0748001;2020-06-02;METRIBUZINA;METRIBUZINA;µg/L;0;< 0,050;705332;4207772;70042;TERCIARIO DE TORREVIEJA;Torrevieja;ALICANTE;748;TERCIARIO DE TORREVIEJA;TERCIARIO DE TORREVIEJA;320;Comunidad Valenciana;6
CA0748001;2020-06-02;MG;MAGNESIO;mg/L Mg;280;28;705332;4207772;70042;TERCIARIO DE TORREVIEJA;Torrevieja;ALICANTE;748;TERCIARIO DE TORREVIEJA;TERCIARIO DE TORREVIEJA;320;Comunidad Valenciana;6
CA0748001;2020-06-02;MN;MANGANESO;µg/L Mn;0;< 5,0;705332;4207772;70042;TERCIARIO DE TORREVIEJA;Torrevieja;ALICANTE;748;TERCIARIO DE TORREVIEJA;TERCIARIO DE TORREVIEJA;320;Comunidad Valenciana;6
CA0748001;2020-06-02;;SODIO;mg/L Na;2050;> 200 (205)*;705332;4207772;70042;TERCIARIO DE TORREVIEJA;Torrevieja;ALICANTE;748;TERCIARIO DE TORREVIEJA;TERCIARIO DE TORREVIEJA;320;Comunidad Valenciana;6
CA0748001;2020-06-02;NAFTALENO;Naftaleno (naftalina);µg/L;0;< 1,0;705332;4207772;70042;TERCIARIO DE TORREVIEJA;Torrevieja;ALICANTE;748;TERCIARIO DE TORREVIEJA;TERCIARIO DE TORREVIEJA;320;Comunidad Valenciana;6
CA0748001;2020-06-02;N-BUB;N-BUTILBENCENO;µg/L;0;< 1,0;705332;4207772;70042;TERCIARIO DE TORREVIEJA;Torrevieja;ALICANTE;748;TERCIARIO DE TORREVIEJA;TERCIARIO DE TORREVIEJA;320;Comunidad Valenciana;6
CA0748001;2020-06-02;NH4;AMONIO;mg/L NH4;23;2,3;705332;4207772;70042;TERCIARIO DE TORREVIEJA;Torrevieja;ALICANTE;748;TERCIARIO DE TORREVIEJA;TERCIARIO DE TORREVIEJA;320;Comunidad Valenciana;6
CA0748001;2020-06-02;NI;NIQUEL;µg/L Ni;0;< 0,80;705332;4207772;70042;TERCIARIO DE TORREVIEJA;Torrevieja;ALICANTE;748;TERCIARIO DE TORREVIEJA;TERCIARIO DE TORREVIEJA;320;Comunidad Valenciana;6
CA0748001;2020-06-02;NO2;Nitritos;mg/L NO2;38;0,038;705332;4207772;70042;TERCIARIO DE TORREVIEJA;Torrevieja;ALICANTE;748;TERCIARIO DE TORREVIEJA;TERCIARIO DE TORREVIEJA;320;Comunidad Valenciana;6
CA0748001;2020-06-02;NO3;Nitratos;mg/L NO3;512;51,2;705332;4207772;70042;TERCIARIO DE TORREVIEJA;Torrevieja;ALICANTE;748;TERCIARIO DE TORREVIEJA;TERCIARIO DE TORREVIEJA;320;Comunidad Valenciana;6
CA0748001;2020-06-02;N-PROPILB;N-PROPILBENCENO;µg/L;0;< 1,0;705332;4207772;70042;TERCIARIO DE TORREVIEJA;Torrevieja;ALICANTE;748;TERCIARIO DE TORREVIEJA;TERCIARIO DE TORREVIEJA;320;Comunidad Valenciana;6
CA0748001;2020-06-02;NTOTAL;Nitrógeno total;mg/L N;95;9,5;705332;4207772;70042;TERCIARIO DE TORREVIEJA;Torrevieja;ALICANTE;748;TERCIARIO DE TORREVIEJA;TERCIARIO DE TORREVIEJA;320;Comunidad Valenciana;6
CA0748001;2020-06-02;O2 DTO;Oxigeno disuelto de campo (medida in situ);mg/L O2;685;6,85;705332;4207772;70042;TERCIARIO DE TORREVIEJA;Torrevieja;ALICANTE;748;TERCIARIO DE TORREVIEJA;TERCIARIO DE TORREVIEJA;320;Comunidad Valenciana;6
CA0748001;2020-06-02;O-DICLORO;1,2-diclorobenceno (o-diclorobenceno);µg/L;0;< 1,0;705332;4207772;70042;TERCIARIO DE TORREVIEJA;Torrevieja;ALICANTE;748;TERCIARIO DE TORREVIEJA;TERCIARIO DE TORREVIEJA;320;Comunidad Valenciana;6
CA0748001;2020-06-02;PAHEST;Estireno (etenilbenceno);µg/L;0;< 1,0;705332;4207772;70042;TERCIARIO DE TORREVIEJA;Torrevieja;ALICANTE;748;TERCIARIO DE TORREVIEJA;TERCIARIO DE TORREVIEJA;320;Comunidad Valenciana;6
CA0748001;2020-06-02;PB;PLOMO;µg/L Pb;0;< 0,30;705332;4207772;70042;TERCIARIO DE TORREVIEJA;Torrevieja;ALICANTE;748;TERCIARIO DE TORREVIEJA;TERCIARIO DE TORREVIEJA;320;Comunidad Valenciana;6
CA0748001;2020-06-02;PER;Tetracloroetileno (PER, Percloroetileno);µg/L;0;< 1,0;705332;4207772;70042;TERCIARIO DE TORREVIEJA;Torrevieja;ALICANTE;748;TERCIARIO DE TORREVIEJA;TERCIARIO DE TORREVIEJA;320;Comunidad Valenciana;6
CA0748001;2020-06-02;PHSITU;pH de campo (medida in situ);udpH;69;6,90 (22.1ºC);705332;4207772;70042;TERCIARIO DE TORREVIEJA;Torrevieja;ALICANTE;748;TERCIARIO DE TORREVIEJA;TERCIARIO DE TORREVIEJA;320;Comunidad Valenciana;6
CA0748001;2020-06-02;PO4;Fosfatos;mg/L PO4;0;< 0,04;705332;4207772;70042;TERCIARIO DE TORREVIEJA;Torrevieja;ALICANTE;748;TERCIARIO DE TORREVIEJA;TERCIARIO DE TORREVIEJA;320;Comunidad Valenciana;6
CA0748001;2020-06-02;PTOTAL;FOSFORO TOTAL;mg/L P;0;< 0,050;705332;4207772;70042;TERCIARIO DE TORREVIEJA;Torrevieja;ALICANTE;748;TERCIARIO DE TORREVIEJA;TERCIARIO DE TORREVIEJA;320;Comunidad Valenciana;6
CA0748001;2020-06-02;QUI;Quinoxifeno;µg/L;0;< 0,00200;705332;4207772;70042;TERCIARIO DE TORREVIEJA;Torrevieja;ALICANTE;748;TERCIARIO DE TORREVIEJA;TERCIARIO DE TORREVIEJA;320;Comunidad Valenciana;6
CA0748001;2020-06-02;SATINSI;Porcentaje de saturación de oxígeno disuelto de campo (medido in situ);% O2;798;79,8;705332;4207772;70042;TERCIARIO DE TORREVIEJA;Torrevieja;ALICANTE;748;TERCIARIO DE TORREVIEJA;TERCIARIO DE TORREVIEJA;320;Comunidad Valenciana;6
CA0748001;2020-06-02;S-DDD-DDT;Suma p,p´-DDD + o,p´-DDT;µg/L;0;< 0,00050;705332;4207772;70042;TERCIARIO DE TORREVIEJA;Torrevieja;ALICANTE;748;TERCIARIO DE TORREVIEJA;TERCIARIO DE TORREVIEJA;320;Comunidad Valenciana;6
CA0748001;2020-06-02;SE;SELENIO;µg/L Se;18;1,8;705332;4207772;70042;TERCIARIO DE TORREVIEJA;Torrevieja;ALICANTE;748;TERCIARIO DE TORREVIEJA;TERCIARIO DE TORREVIEJA;320;Comunidad Valenciana;6
CA0748001;2020-06-02;SECBUTB;SEC-BUTILBENCENO;µg/L;0;< 1,0;705332;4207772;70042;TERCIARIO DE TORREVIEJA;Torrevieja;ALICANTE;748;TERCIARIO DE TORREVIEJA;TERCIARIO DE TORREVIEJA;320;Comunidad Valenciana;6
CA0748001;2020-06-02;SIMAZINA;Simazina;µg/L;0;< 0,050;705332;4207772;70042;TERCIARIO DE TORREVIEJA;Torrevieja;ALICANTE;748;TERCIARIO DE TORREVIEJA;TERCIARIO DE TORREVIEJA;320;Comunidad Valenciana;6
CA0748001;2020-06-02;SUMAXILENO;Xileno (dimetilbenceno) (suma o-, m- y p-xileno);µg/L;0;< 3,0;705332;4207772;70042;TERCIARIO DE TORREVIEJA;Torrevieja;ALICANTE;748;TERCIARIO DE TORREVIEJA;TERCIARIO DE TORREVIEJA;320;Comunidad Valenciana;6
CA0748001;2020-06-02;SUMCIPER;CIPERMETRINA (SUMA ISOMEROS ALFA+BETA+TETA+ZETA);µg/L;0;< 0,00008;705332;4207772;70042;TERCIARIO DE TORREVIEJA;Torrevieja;ALICANTE;748;TERCIARIO DE TORREVIEJA;TERCIARIO DE TORREVIEJA;320;Comunidad Valenciana;6
CA0748001;2020-06-02;SUMDCB;Diclorobenceno (suma isómeros);µg/L;0;< 3,0;705332;4207772;70042;TERCIARIO DE TORREVIEJA;Torrevieja;ALICANTE;748;TERCIARIO DE TORREVIEJA;TERCIARIO DE TORREVIEJA;320;Comunidad Valenciana;6
CA0748001;2020-06-02;SUMDDT;DDT TOTAL (SUMA P,P'-DDT+O,P'-DDT+P,P'-DDE+P,P'-DDD);µg/L;0;< 0,00100;705332;4207772;70042;TERCIARIO DE TORREVIEJA;Torrevieja;ALICANTE;748;TERCIARIO DE TORREVIEJA;TERCIARIO DE TORREVIEJA;320;Comunidad Valenciana;6
CA0748001;2020-06-02;SUMHCH;HEXACLOROCICLOHEXANO (HCH) (SUMA ISOMEROS);µg/L;0;< 0,00060;705332;4207772;70042;TERCIARIO DE TORREVIEJA;Torrevieja;ALICANTE;748;TERCIARIO DE TORREVIEJA;TERCIARIO DE TORREVIEJA;320;Comunidad Valenciana;6
CA0748001;2020-06-02;SUMTCBEN;"Triclorobenceno (suma isómeros 1,2,3-; 1,2,4- y 1,3,5- TCB)";µg/L;0;< 0,12;705332;4207772;70042;TERCIARIO DE TORREVIEJA;Torrevieja;ALICANTE;748;TERCIARIO DE TORREVIEJA;TERCIARIO DE TORREVIEJA;320;Comunidad Valenciana;6
CA0748001;2020-06-02;SUO4;Sulfatos;mg/L SO4;1400;140;705332;4207772;70042;TERCIARIO DE TORREVIEJA;Torrevieja;ALICANTE;748;TERCIARIO DE TORREVIEJA;TERCIARIO DE TORREVIEJA;320;Comunidad Valenciana;6
CA0748001;2020-06-02;TAGUA;"TEMPERATURA ""IN SITU""";ºC;221;22,1;705332;4207772;70042;TERCIARIO DE TORREVIEJA;Torrevieja;ALICANTE;748;TERCIARIO DE TORREVIEJA;TERCIARIO DE TORREVIEJA;320;Comunidad Valenciana;6
CA0748001;2020-06-02;TBUTB;TERC-BUTILBENCENO;µg/L;0;< 1,0;705332;4207772;70042;TERCIARIO DE TORREVIEJA;Torrevieja;ALICANTE;748;TERCIARIO DE TORREVIEJA;TERCIARIO DE TORREVIEJA;320;Comunidad Valenciana;6
CA0748001;2020-06-02;TCB123;1,2,3-Triclorobenceno;µg/L;0;< 0,040;705332;4207772;70042;TERCIARIO DE TORREVIEJA;Torrevieja;ALICANTE;748;TERCIARIO DE TORREVIEJA;TERCIARIO DE TORREVIEJA;320;Comunidad Valenciana;6
CA0748001;2020-06-02;TCB124;1,2,4-Triclorobenceno;µg/L;0;< 0,040;705332;4207772;70042;TERCIARIO DE TORREVIEJA;Torrevieja;ALICANTE;748;TERCIARIO DE TORREVIEJA;TERCIARIO DE TORREVIEJA;320;Comunidad Valenciana;6
CA0748001;2020-06-02;TCB135;1,3,5-Triclorobenceno;µg/L;0;< 0,040;705332;4207772;70042;TERCIARIO DE TORREVIEJA;Torrevieja;ALICANTE;748;TERCIARIO DE TORREVIEJA;TERCIARIO DE TORREVIEJA;320;Comunidad Valenciana;6
CA0748001;2020-06-02;TCE;1,1,1-TRICLOROETANO;µg/L;0;< 1,0;705332;4207772;70042;TERCIARIO DE TORREVIEJA;Torrevieja;ALICANTE;748;TERCIARIO DE TORREVIEJA;TERCIARIO DE TORREVIEJA;320;Comunidad Valenciana;6
CA0748001;2020-06-02;TERAZ;Terbutilazina;µg/L;0;< 0,050;705332;4207772;70042;TERCIARIO DE TORREVIEJA;Torrevieja;ALICANTE;748;TERCIARIO DE TORREVIEJA;TERCIARIO DE TORREVIEJA;320;Comunidad Valenciana;6
CA0748001;2020-06-02;TERBUTRINA;Terbutrina;µg/L;0;< 0,050;705332;4207772;70042;TERCIARIO DE TORREVIEJA;Torrevieja;ALICANTE;748;TERCIARIO DE TORREVIEJA;TERCIARIO DE TORREVIEJA;320;Comunidad Valenciana;6
CA0748001;2020-06-02;TETRA;Tetracloruro de carbono (Tetraclorometano, Perclorometano);µg/L;0;< 1,0;705332;4207772;70042;TERCIARIO DE TORREVIEJA;Torrevieja;ALICANTE;748;TERCIARIO DE TORREVIEJA;TERCIARIO DE TORREVIEJA;320;Comunidad Valenciana;6
CA0748001;2020-06-02;TETRTRI;Tricloroetileno + Tetracloroetileno (Percloroetileno);µg/L;0;< 2,0;705332;4207772;70042;TERCIARIO DE TORREVIEJA;Torrevieja;ALICANTE;748;TERCIARIO DE TORREVIEJA;TERCIARIO DE TORREVIEJA;320;Comunidad Valenciana;6
CA0748001;2020-06-02;THMBR;DIBROMOMETANO;µg/L;0;< 1,0;705332;4207772;70042;TERCIARIO DE TORREVIEJA;Torrevieja;ALICANTE;748;TERCIARIO DE TORREVIEJA;TERCIARIO DE TORREVIEJA;320;Comunidad Valenciana;6
CA0748001;2020-06-02;THMBR2CL;Bromodiclorometano;µg/l;0;< 1,0;705332;4207772;70042;TERCIARIO DE TORREVIEJA;Torrevieja;ALICANTE;748;TERCIARIO DE TORREVIEJA;TERCIARIO DE TORREVIEJA;320;Comunidad Valenciana;6
CA0748001;2020-06-02;THMBRCL;BROMOCLOROMETANO;µg/L;0;< 1,0;705332;4207772;70042;TERCIARIO DE TORREVIEJA;Torrevieja;ALICANTE;748;TERCIARIO DE TORREVIEJA;TERCIARIO DE TORREVIEJA;320;Comunidad Valenciana;6
CA0748001;2020-06-02;THMBRCL2;DIBROMOCLOROMETANO (Trihalometanos);µg/L;0;< 1,0;705332;4207772;70042;TERCIARIO DE TORREVIEJA;Torrevieja;ALICANTE;748;TERCIARIO DE TORREVIEJA;TERCIARIO DE TORREVIEJA;320;Comunidad Valenciana;6
CA0748001;2020-06-02;THMBRF;BROMOFORMO;µg/L;0;< 1,0;705332;4207772;70042;TERCIARIO DE TORREVIEJA;Torrevieja;ALICANTE;748;TERCIARIO DE TORREVIEJA;TERCIARIO DE TORREVIEJA;320;Comunidad Valenciana;6
CA0748001;2020-06-02;THMDCM;DICLOROMETANO;µg/L;0;< 6,0;705332;4207772;70042;TERCIARIO DE TORREVIEJA;Torrevieja;ALICANTE;748;TERCIARIO DE TORREVIEJA;TERCIARIO DE TORREVIEJA;320;Comunidad Valenciana;6
CA0748001;2020-06-02;TMB1;1,2,4-trimetilbenceno;µg/l;0;< 1,0;705332;4207772;70042;TERCIARIO DE TORREVIEJA;Torrevieja;ALICANTE;748;TERCIARIO DE TORREVIEJA;TERCIARIO DE TORREVIEJA;320;Comunidad Valenciana;6
CA0748001;2020-06-02;TMB2;1,3,5-TRIMETILBENCENO;µg/L;0;< 1,0;705332;4207772;70042;TERCIARIO DE TORREVIEJA;Torrevieja;ALICANTE;748;TERCIARIO DE TORREVIEJA;TERCIARIO DE TORREVIEJA;320;Comunidad Valenciana;6
CA0748001;2020-06-02;TOL;Tolueno (Metilbenceno);µg/L;0;< 1,0;705332;4207772;70042;TERCIARIO DE TORREVIEJA;Torrevieja;ALICANTE;748;TERCIARIO DE TORREVIEJA;TERCIARIO DE TORREVIEJA;320;Comunidad Valenciana;6
CA0748001;2020-06-02;TRIAZO_2;TRIAZOFOS;µg/L;0;< 0,0100;705332;4207772;70042;TERCIARIO DE TORREVIEJA;Torrevieja;ALICANTE;748;TERCIARIO DE TORREVIEJA;TERCIARIO DE TORREVIEJA;320;Comunidad Valenciana;6
CA0748001;2020-06-02;TRICLOET;Tricloroetileno (TRI);µg/L;0;< 1,0;705332;4207772;70042;TERCIARIO DE TORREVIEJA;Torrevieja;ALICANTE;748;TERCIARIO DE TORREVIEJA;TERCIARIO DE TORREVIEJA;320;Comunidad Valenciana;6
CA0748001;2020-06-02;TRIFLURALINA;Trifluralina;µg/L;0;< 0,0060;705332;4207772;70042;TERCIARIO DE TORREVIEJA;Torrevieja;ALICANTE;748;TERCIARIO DE TORREVIEJA;TERCIARIO DE TORREVIEJA;320;Comunidad Valenciana;6
CA0748001;2020-06-02;XILM+P;SUMA M+P XILENO;µg/L;0;< 2,0;705332;4207772;70042;TERCIARIO DE TORREVIEJA;Torrevieja;ALICANTE;748;TERCIARIO DE TORREVIEJA;TERCIARIO DE TORREVIEJA;320;Comunidad Valenciana;6
CA0748001;2020-06-02;XIL-O;O-XILENO;µg/L;0;< 1,0;705332;4207772;70042;TERCIARIO DE TORREVIEJA;Torrevieja;ALICANTE;748;TERCIARIO DE TORREVIEJA;TERCIARIO DE TORREVIEJA;320;Comunidad Valenciana;6
CA0748001;2020-06-02;ZN;ZINC;µg/l Zn;140;14;705332;4207772;70042;TERCIARIO DE TORREVIEJA;Torrevieja;ALICANTE;748;TERCIARIO DE TORREVIEJA;TERCIARIO DE TORREVIEJA;320;Comunidad Valenciana;6
CA0748001;2020-08-26;12DIBR;1,2-DIBROMOETANO;µg/L;0;< 1,0;705332;4207772;70042;TERCIARIO DE TORREVIEJA;Torrevieja;ALICANTE;748;TERCIARIO DE TORREVIEJA;TERCIARIO DE TORREVIEJA;320;Comunidad Valenciana;8
CA0748001;2020-08-26;2BR2CLPRO;1,2-DIBROMO-3-CLOROPROPANO;µg/L;0;< 2,0;705332;4207772;70042;TERCIARIO DE TORREVIEJA;Torrevieja;ALICANTE;748;TERCIARIO DE TORREVIEJA;TERCIARIO DE TORREVIEJA;320;Comunidad Valenciana;8
CA0748001;2020-08-26;2CLETA;1,1-DICLOROETANO;µg/L;0;< 1,0;705332;4207772;70042;TERCIARIO DE TORREVIEJA;Torrevieja;ALICANTE;748;TERCIARIO DE TORREVIEJA;TERCIARIO DE TORREVIEJA;320;Comunidad Valenciana;8
CA0748001;2020-08-26;2CLETE;1,1-DICLOROETENO;µg/L;0;< 1,0;705332;4207772;70042;TERCIARIO DE TORREVIEJA;Torrevieja;ALICANTE;748;TERCIARIO DE TORREVIEJA;TERCIARIO DE TORREVIEJA;320;Comunidad Valenciana;8
CA0748001;2020-08-26;2CLETE2;1,2-DICLOROETENO;µg/L;0;< 2,0;705332;4207772;70042;TERCIARIO DE TORREVIEJA;Torrevieja;ALICANTE;748;TERCIARIO DE TORREVIEJA;TERCIARIO DE TORREVIEJA;320;Comunidad Valenciana;8
CA0748001;2020-08-26;2CLETEN;TRANS-1,2-DICLOROETENO;µg/L;0;< 1,0;705332;4207772;70042;TERCIARIO DE TORREVIEJA;Torrevieja;ALICANTE;748;TERCIARIO DE TORREVIEJA;TERCIARIO DE TORREVIEJA;320;Comunidad Valenciana;8
CA0748001;2020-08-26;2CLPRO;1,3-DICLOROPROPANO;µg/L;0;< 1,0;705332;4207772;70042;TERCIARIO DE TORREVIEJA;Torrevieja;ALICANTE;748;TERCIARIO DE TORREVIEJA;TERCIARIO DE TORREVIEJA;320;Comunidad Valenciana;8
CA0748001;2020-08-26;2CLPROCIS;CIS-1,3-DICLOROPROPENO;µg/L;0;< 1,0;705332;4207772;70042;TERCIARIO DE TORREVIEJA;Torrevieja;ALICANTE;748;TERCIARIO DE TORREVIEJA;TERCIARIO DE TORREVIEJA;320;Comunidad Valenciana;8
CA0748001;2020-08-26;2CLPROPA;1,2-DICLOROPROPANO;µg/L;0;< 1,0;705332;4207772;70042;TERCIARIO DE TORREVIEJA;Torrevieja;ALICANTE;748;TERCIARIO DE TORREVIEJA;TERCIARIO DE TORREVIEJA;320;Comunidad Valenciana;8
CA0748001;2020-08-26;2CLPROPA2;2,2-DICLOROPROPANO;µg/L;0;< 1,0;705332;4207772;70042;TERCIARIO DE TORREVIEJA;Torrevieja;ALICANTE;748;TERCIARIO DE TORREVIEJA;TERCIARIO DE TORREVIEJA;320;Comunidad Valenciana;8
CA0748001;2020-08-26;2CLPROPE;1,1-DICLOROPROPENO;µg/L;0;< 1,0;705332;4207772;70042;TERCIARIO DE TORREVIEJA;Torrevieja;ALICANTE;748;TERCIARIO DE TORREVIEJA;TERCIARIO DE TORREVIEJA;320;Comunidad Valenciana;8
CA0748001;2020-08-26;2CLPROPE2;TRANS-1,3-DICLOROPROPENO;µg/L;0;< 1,0;705332;4207772;70042;TERCIARIO DE TORREVIEJA;Torrevieja;ALICANTE;748;TERCIARIO DE TORREVIEJA;TERCIARIO DE TORREVIEJA;320;Comunidad Valenciana;8
CA0748001;2020-08-26;3CLETA;1,1,2-TRICLOROETANO;µg/L;0;< 1,0;705332;4207772;70042;TERCIARIO DE TORREVIEJA;Torrevieja;ALICANTE;748;TERCIARIO DE TORREVIEJA;TERCIARIO DE TORREVIEJA;320;Comunidad Valenciana;8
CA0748001;2020-08-26;3CLPRO;1,2,3-TRICLOROPROPANO;µg/L;0;< 1,0;705332;4207772;70042;TERCIARIO DE TORREVIEJA;Torrevieja;ALICANTE;748;TERCIARIO DE TORREVIEJA;TERCIARIO DE TORREVIEJA;320;Comunidad Valenciana;8
CA0748001;2020-08-26;4CLETA;1,1,1,2-TETRACLOROETANO;µg/L;0;< 1,0;705332;4207772;70042;TERCIARIO DE TORREVIEJA;Torrevieja;ALICANTE;748;TERCIARIO DE TORREVIEJA;TERCIARIO DE TORREVIEJA;320;Comunidad Valenciana;8
CA0748001;2020-08-26;4CLETA2;1,1,2,2-TETRACLOROETANO;µg/L;0;< 1,0;705332;4207772;70042;TERCIARIO DE TORREVIEJA;Torrevieja;ALICANTE;748;TERCIARIO DE TORREVIEJA;TERCIARIO DE TORREVIEJA;320;Comunidad Valenciana;8
CA0748001;2020-08-26;6CLET;HEXACLOROETANO;µg/L;0;< 1,0;705332;4207772;70042;TERCIARIO DE TORREVIEJA;Torrevieja;ALICANTE;748;TERCIARIO DE TORREVIEJA;TERCIARIO DE TORREVIEJA;320;Comunidad Valenciana;8
CA0748001;2020-08-26;ACLONIFE;ACLONIFENO;µg/L;0;< 0,00200;705332;4207772;70042;TERCIARIO DE TORREVIEJA;Torrevieja;ALICANTE;748;TERCIARIO DE TORREVIEJA;TERCIARIO DE TORREVIEJA;320;Comunidad Valenciana;8
CA0748001;2020-08-26;ALACLORO;ALACLORO;µg/L;0;< 0,01000;705332;4207772;70042;TERCIARIO DE TORREVIEJA;Torrevieja;ALICANTE;748;TERCIARIO DE TORREVIEJA;TERCIARIO DE TORREVIEJA;320;Comunidad Valenciana;8
CA0748001;2020-08-26;ALDRIN;ALDRINA;µg/L;0;< 0,00025;705332;4207772;70042;TERCIARIO DE TORREVIEJA;Torrevieja;ALICANTE;748;TERCIARIO DE TORREVIEJA;TERCIARIO DE TORREVIEJA;320;Comunidad Valenciana;8
CA0748001;2020-08-26;AS;ARSENICO;µg/L As;0;< 5,0;705332;4207772;70042;TERCIARIO DE TORREVIEJA;Torrevieja;ALICANTE;748;TERCIARIO DE TORREVIEJA;TERCIARIO DE TORREVIEJA;320;Comunidad Valenciana;8
CA0748001;2020-08-26;ATRAZINA;ATRAZINA;µg/L;0;< 0,010;705332;4207772;70042;TERCIARIO DE TORREVIEJA;Torrevieja;ALICANTE;748;TERCIARIO DE TORREVIEJA;TERCIARIO DE TORREVIEJA;320;Comunidad Valenciana;8
CA0748001;2020-08-26;B;BORO;µg/L B;4100;410;705332;4207772;70042;TERCIARIO DE TORREVIEJA;Torrevieja;ALICANTE;748;TERCIARIO DE TORREVIEJA;TERCIARIO DE TORREVIEJA;320;Comunidad Valenciana;8
CA0748001;2020-08-26;BENCENO;BENCENO;µg/L;0;< 0,30;705332;4207772;70042;TERCIARIO DE TORREVIEJA;Torrevieja;ALICANTE;748;TERCIARIO DE TORREVIEJA;TERCIARIO DE TORREVIEJA;320;Comunidad Valenciana;8
CA0748001;2020-08-26;BICARB;BICARBONATOS;mg/L HCO3-;2090;209;705332;4207772;70042;TERCIARIO DE TORREVIEJA;Torrevieja;ALICANTE;748;TERCIARIO DE TORREVIEJA;TERCIARIO DE TORREVIEJA;320;Comunidad Valenciana;8
CA0748001;2020-08-26;BIFEN;BIFENOX;µg/L;0;< 0,00120;705332;4207772;70042;TERCIARIO DE TORREVIEJA;Torrevieja;ALICANTE;748;TERCIARIO DE TORREVIEJA;TERCIARIO DE TORREVIEJA;320;Comunidad Valenciana;8
CA0748001;2020-08-26;BRB;BROMOBENCENO;µg/L;0;< 1,0;705332;4207772;70042;TERCIARIO DE TORREVIEJA;Torrevieja;ALICANTE;748;TERCIARIO DE TORREVIEJA;TERCIARIO DE TORREVIEJA;320;Comunidad Valenciana;8
CA0748001;2020-08-26;BRFOSETIL;BROMOFOS ETIL;µg/L;0;< 0,0100;705332;4207772;70042;TERCIARIO DE TORREVIEJA;Torrevieja;ALICANTE;748;TERCIARIO DE TORREVIEJA;TERCIARIO DE TORREVIEJA;320;Comunidad Valenciana;8
CA0748001;2020-08-26;CA;CALCIO;mg/L Ca;570;57;705332;4207772;70042;TERCIARIO DE TORREVIEJA;Torrevieja;ALICANTE;748;TERCIARIO DE TORREVIEJA;TERCIARIO DE TORREVIEJA;320;Comunidad Valenciana;8
CA0748001;2020-08-26;CD;CADMIO;µg/L Cd;66;0,066;705332;4207772;70042;TERCIARIO DE TORREVIEJA;Torrevieja;ALICANTE;748;TERCIARIO DE TORREVIEJA;TERCIARIO DE TORREVIEJA;320;Comunidad Valenciana;8
CA0748001;2020-08-26;CIB;CIBUTRINA;µg/L;0;< 0,002;705332;4207772;70042;TERCIARIO DE TORREVIEJA;Torrevieja;ALICANTE;748;TERCIARIO DE TORREVIEJA;TERCIARIO DE TORREVIEJA;320;Comunidad Valenciana;8
CA0748001;2020-08-26;CL;Cloruros;mg/L Cl;4200;420;705332;4207772;70042;TERCIARIO DE TORREVIEJA;Torrevieja;ALICANTE;748;TERCIARIO DE TORREVIEJA;TERCIARIO DE TORREVIEJA;320;Comunidad Valenciana;8
CA0748001;2020-08-26;CLF;Cloroformo (Triclorometano);µg/L;0;< 2,0;705332;4207772;70042;TERCIARIO DE TORREVIEJA;Torrevieja;ALICANTE;748;TERCIARIO DE TORREVIEJA;TERCIARIO DE TORREVIEJA;320;Comunidad Valenciana;8
CA0748001;2020-08-26;CLORDANOCIS;CIS-CLORDANO;µg/L;0;< 0,00025;705332;4207772;70042;TERCIARIO DE TORREVIEJA;Torrevieja;ALICANTE;748;TERCIARIO DE TORREVIEJA;TERCIARIO DE TORREVIEJA;320;Comunidad Valenciana;8
CA0748001;2020-08-26;CLORDANOTR;TRANS-CLORDANO;µg/L;0;< 0,00025;705332;4207772;70042;TERCIARIO DE TORREVIEJA;Torrevieja;ALICANTE;748;TERCIARIO DE TORREVIEJA;TERCIARIO DE TORREVIEJA;320;Comunidad Valenciana;8
CA0748001;2020-08-26;CLOROFENVINFOS;Clorfenvinfos;µg/L;0;< 0,0100;705332;4207772;70042;TERCIARIO DE TORREVIEJA;Torrevieja;ALICANTE;748;TERCIARIO DE TORREVIEJA;TERCIARIO DE TORREVIEJA;320;Comunidad Valenciana;8
CA0748001;2020-08-26;CLOROPIRIFOS;Clorpirifos;µg/L;0;< 0,0050;705332;4207772;70042;TERCIARIO DE TORREVIEJA;Torrevieja;ALICANTE;748;TERCIARIO DE TORREVIEJA;TERCIARIO DE TORREVIEJA;320;Comunidad Valenciana;8
CA0748001;2020-08-26;CLORPIRIPME;CLOROPIRIFOS-METIL;µg/L;0;< 0,0100;705332;4207772;70042;TERCIARIO DE TORREVIEJA;Torrevieja;ALICANTE;748;TERCIARIO DE TORREVIEJA;TERCIARIO DE TORREVIEJA;320;Comunidad Valenciana;8
CA0748001;2020-08-26;CLTO2;4-CLOROTOLUENO;µg/L;0;< 1,0;705332;4207772;70042;TERCIARIO DE TORREVIEJA;Torrevieja;ALICANTE;748;TERCIARIO DE TORREVIEJA;TERCIARIO DE TORREVIEJA;320;Comunidad Valenciana;8
CA0748001;2020-08-26;CLTOL;2-CLOROTOLUENO;µg/L;0;< 1,0;705332;4207772;70042;TERCIARIO DE TORREVIEJA;Torrevieja;ALICANTE;748;TERCIARIO DE TORREVIEJA;TERCIARIO DE TORREVIEJA;320;Comunidad Valenciana;8
CA0748001;2020-08-26;CN;CIANUROS TOTALES;µg/L CN;0;<10;705332;4207772;70042;TERCIARIO DE TORREVIEJA;Torrevieja;ALICANTE;748;TERCIARIO DE TORREVIEJA;TERCIARIO DE TORREVIEJA;320;Comunidad Valenciana;8
CA0748001;2020-08-26;COND20SITU;Conductividad de campo (medida in situ);µS/cm;15710;1571;705332;4207772;70042;TERCIARIO DE TORREVIEJA;Torrevieja;ALICANTE;748;TERCIARIO DE TORREVIEJA;TERCIARIO DE TORREVIEJA;320;Comunidad Valenciana;8
CA0748001;2020-08-26;CR;CROMO;µg/L Cr;0;< 5,0;705332;4207772;70042;TERCIARIO DE TORREVIEJA;Torrevieja;ALICANTE;748;TERCIARIO DE TORREVIEJA;TERCIARIO DE TORREVIEJA;320;Comunidad Valenciana;8
CA0748001;2020-08-26;CU;COBRE;µg/L Cu;0;< 0,80;705332;4207772;70042;TERCIARIO DE TORREVIEJA;Torrevieja;ALICANTE;748;TERCIARIO DE TORREVIEJA;TERCIARIO DE TORREVIEJA;320;Comunidad Valenciana;8
CA0748001;2020-08-26;DCB-M;1,3-diclorobenceno (m-diclorobenceno);µg/L;0;< 1,0;705332;4207772;70042;TERCIARIO DE TORREVIEJA;Torrevieja;ALICANTE;748;TERCIARIO DE TORREVIEJA;TERCIARIO DE TORREVIEJA;320;Comunidad Valenciana;8
CA0748001;2020-08-26;DCB-P;1,4-diclorobenceno (p-diclorobenceno);µg/L;0;< 1,0;705332;4207772;70042;TERCIARIO DE TORREVIEJA;Torrevieja;ALICANTE;748;TERCIARIO DE TORREVIEJA;TERCIARIO DE TORREVIEJA;320;Comunidad Valenciana;8
CA0748001;2020-08-26;DCE;1,2-dicloroetano (EDC, cloruro de etileno);µg/L;0;< 1,0;705332;4207772;70042;TERCIARIO DE TORREVIEJA;Torrevieja;ALICANTE;748;TERCIARIO DE TORREVIEJA;TERCIARIO DE TORREVIEJA;320;Comunidad Valenciana;8
CA0748001;2020-08-26;DCV;DICLORVOS;µg/L;0;< 0,0006;705332;4207772;70042;TERCIARIO DE TORREVIEJA;Torrevieja;ALICANTE;748;TERCIARIO DE TORREVIEJA;TERCIARIO DE TORREVIEJA;320;Comunidad Valenciana;8
CA0748001;2020-08-26;DDDPP;P,P'-DDD;µg/L;0;< 0,00050;705332;4207772;70042;TERCIARIO DE TORREVIEJA;Torrevieja;ALICANTE;748;TERCIARIO DE TORREVIEJA;TERCIARIO DE TORREVIEJA;320;Comunidad Valenciana;8
CA0748001;2020-08-26;DDEPP;P,P'-DDE;µg/L;0;< 0,00025;705332;4207772;70042;TERCIARIO DE TORREVIEJA;Torrevieja;ALICANTE;748;TERCIARIO DE TORREVIEJA;TERCIARIO DE TORREVIEJA;320;Comunidad Valenciana;8
CA0748001;2020-08-26;DDTOP;O,P'-DDT;µg/L;0;< 0,00050;705332;4207772;70042;TERCIARIO DE TORREVIEJA;Torrevieja;ALICANTE;748;TERCIARIO DE TORREVIEJA;TERCIARIO DE TORREVIEJA;320;Comunidad Valenciana;8
CA0748001;2020-08-26;DDTPP;P,P'-DDT;µg/L;0;< 0,00025;705332;4207772;70042;TERCIARIO DE TORREVIEJA;Torrevieja;ALICANTE;748;TERCIARIO DE TORREVIEJA;TERCIARIO DE TORREVIEJA;320;Comunidad Valenciana;8
CA0748001;2020-08-26;DIAZINON;DIAZINON;µg/L;0;< 0,0100;705332;4207772;70042;TERCIARIO DE TORREVIEJA;Torrevieja;ALICANTE;748;TERCIARIO DE TORREVIEJA;TERCIARIO DE TORREVIEJA;320;Comunidad Valenciana;8
CA0748001;2020-08-26;DICLETE-CIS;CIS-1,2-DICLOROETENO;µg/L;0;< 1,0;705332;4207772;70042;TERCIARIO DE TORREVIEJA;Torrevieja;ALICANTE;748;TERCIARIO DE TORREVIEJA;TERCIARIO DE TORREVIEJA;320;Comunidad Valenciana;8
CA0748001;2020-08-26;DICOFOL;DICOFOL (P,P'-DICOFOL);µg/L;0;< 0,00039;705332;4207772;70042;TERCIARIO DE TORREVIEJA;Torrevieja;ALICANTE;748;TERCIARIO DE TORREVIEJA;TERCIARIO DE TORREVIEJA;320;Comunidad Valenciana;8
CA0748001;2020-08-26;DIELDRIN;Dieldrin;µg/L;0;< 0,00015;705332;4207772;70042;TERCIARIO DE TORREVIEJA;Torrevieja;ALICANTE;748;TERCIARIO DE TORREVIEJA;TERCIARIO DE TORREVIEJA;320;Comunidad Valenciana;8
CA0748001;2020-08-26;DIURON;DIURON;µg/L;0;< 0,050;705332;4207772;70042;TERCIARIO DE TORREVIEJA;Torrevieja;ALICANTE;748;TERCIARIO DE TORREVIEJA;TERCIARIO DE TORREVIEJA;320;Comunidad Valenciana;8
CA0748001;2020-08-26;DQO;DQO o Demanda Química de Oxígeno;mg/L O2;0;< 15;705332;4207772;70042;TERCIARIO DE TORREVIEJA;Torrevieja;ALICANTE;748;TERCIARIO DE TORREVIEJA;TERCIARIO DE TORREVIEJA;320;Comunidad Valenciana;8
CA0748001;2020-08-26;ENDOS;ENDOSULFAN (SUMA ISOMEROS ALFA+BETA);µg/L;0;< 0,00005;705332;4207772;70042;TERCIARIO DE TORREVIEJA;Torrevieja;ALICANTE;748;TERCIARIO DE TORREVIEJA;TERCIARIO DE TORREVIEJA;320;Comunidad Valenciana;8
CA0748001;2020-08-26;ENDOSULFAN;ALFA-ENDOSULFAN;µg/L;0;< 0,00005;705332;4207772;70042;TERCIARIO DE TORREVIEJA;Torrevieja;ALICANTE;748;TERCIARIO DE TORREVIEJA;TERCIARIO DE TORREVIEJA;320;Comunidad Valenciana;8
CA0748001;2020-08-26;ENDOSULFAN-BETA;BETA-ENDOSULFAN;µg/L;0;< 0,00005;705332;4207772;70042;TERCIARIO DE TORREVIEJA;Torrevieja;ALICANTE;748;TERCIARIO DE TORREVIEJA;TERCIARIO DE TORREVIEJA;320;Comunidad Valenciana;8
CA0748001;2020-08-26;ENDRIN;ENDRINA;µg/L;0;< 0,00150;705332;4207772;70042;TERCIARIO DE TORREVIEJA;Torrevieja;ALICANTE;748;TERCIARIO DE TORREVIEJA;TERCIARIO DE TORREVIEJA;320;Comunidad Valenciana;8
CA0748001;2020-08-26;ENDRINCE;Endrin cetona;µg/L;0;< 0,00025;705332;4207772;70042;TERCIARIO DE TORREVIEJA;Torrevieja;ALICANTE;748;TERCIARIO DE TORREVIEJA;TERCIARIO DE TORREVIEJA;320;Comunidad Valenciana;8
CA0748001;2020-08-26;ETBENCENO;Etilbenceno;µg/L;0;< 1,0;705332;4207772;70042;TERCIARIO DE TORREVIEJA;Torrevieja;ALICANTE;748;TERCIARIO DE TORREVIEJA;TERCIARIO DE TORREVIEJA;320;Comunidad Valenciana;8
CA0748001;2020-08-26;ETPARATION;Paration (paration etilo);µg/L;0;< 0,0100;705332;4207772;70042;TERCIARIO DE TORREVIEJA;Torrevieja;ALICANTE;748;TERCIARIO DE TORREVIEJA;TERCIARIO DE TORREVIEJA;320;Comunidad Valenciana;8
CA0748001;2020-08-26;F;Fluoruros;µg/L;3000;300;705332;4207772;70042;TERCIARIO DE TORREVIEJA;Torrevieja;ALICANTE;748;TERCIARIO DE TORREVIEJA;TERCIARIO DE TORREVIEJA;320;Comunidad Valenciana;8
CA0748001;2020-08-26;FE;HIERRO;µg/L;0;< 50;705332;4207772;70042;TERCIARIO DE TORREVIEJA;Torrevieja;ALICANTE;748;TERCIARIO DE TORREVIEJA;TERCIARIO DE TORREVIEJA;320;Comunidad Valenciana;8
CA0748001;2020-08-26;FENCLORFOS;FENCLORFOS;µg/L;0;< 0,0100;705332;4207772;70042;TERCIARIO DE TORREVIEJA;Torrevieja;ALICANTE;748;TERCIARIO DE TORREVIEJA;TERCIARIO DE TORREVIEJA;320;Comunidad Valenciana;8
CA0748001;2020-08-26;FONO;FONOFOS;µg/L;0;< 0,0100;705332;4207772;70042;TERCIARIO DE TORREVIEJA;Torrevieja;ALICANTE;748;TERCIARIO DE TORREVIEJA;TERCIARIO DE TORREVIEJA;320;Comunidad Valenciana;8
CA0748001;2020-08-26;HCB;Hexaclorobenceno (HCB, Perclorobenceno);µg/L;0;< 0,00250;705332;4207772;70042;TERCIARIO DE TORREVIEJA;Torrevieja;ALICANTE;748;TERCIARIO DE TORREVIEJA;TERCIARIO DE TORREVIEJA;320;Comunidad Valenciana;8
CA0748001;2020-08-26;HCBD;Hexaclorobutadieno (HCBD, Hexacloro-1,3-Butadieno);µg/L;0;< 0,060;705332;4207772;70042;TERCIARIO DE TORREVIEJA;Torrevieja;ALICANTE;748;TERCIARIO DE TORREVIEJA;TERCIARIO DE TORREVIEJA;320;Comunidad Valenciana;8
CA0748001;2020-08-26;HCHALFA;ALFA-HCH;µg/L;0;< 0,00005;705332;4207772;70042;TERCIARIO DE TORREVIEJA;Torrevieja;ALICANTE;748;TERCIARIO DE TORREVIEJA;TERCIARIO DE TORREVIEJA;320;Comunidad Valenciana;8
CA0748001;2020-08-26;HCHBETA;BETA-HCH;µg/L;0;< 0,00015;705332;4207772;70042;TERCIARIO DE TORREVIEJA;Torrevieja;ALICANTE;748;TERCIARIO DE TORREVIEJA;TERCIARIO DE TORREVIEJA;320;Comunidad Valenciana;8
CA0748001;2020-08-26;HCHDELTA;DELTA-HCH;µg/L;0;< 0,00015;705332;4207772;70042;TERCIARIO DE TORREVIEJA;Torrevieja;ALICANTE;748;TERCIARIO DE TORREVIEJA;TERCIARIO DE TORREVIEJA;320;Comunidad Valenciana;8
CA0748001;2020-08-26;HEPTACL;Heptacloro;µg/L;0;< 0,00005;705332;4207772;70042;TERCIARIO DE TORREVIEJA;Torrevieja;ALICANTE;748;TERCIARIO DE TORREVIEJA;TERCIARIO DE TORREVIEJA;320;Comunidad Valenciana;8
CA0748001;2020-08-26;HEPTACLEPO;EPOXIDO DE HEPTACLORO;µg/L;0;< 0,00005;705332;4207772;70042;TERCIARIO DE TORREVIEJA;Torrevieja;ALICANTE;748;TERCIARIO DE TORREVIEJA;TERCIARIO DE TORREVIEJA;320;Comunidad Valenciana;8
CA0748001;2020-08-26;HG;MERCURIO;µg/L Hg;0;< 0,045;705332;4207772;70042;TERCIARIO DE TORREVIEJA;Torrevieja;ALICANTE;748;TERCIARIO DE TORREVIEJA;TERCIARIO DE TORREVIEJA;320;Comunidad Valenciana;8
CA0748001;2020-08-26;ISODRIN;Isodrin;µg/L;0;< 0,00010;705332;4207772;70042;TERCIARIO DE TORREVIEJA;Torrevieja;ALICANTE;748;TERCIARIO DE TORREVIEJA;TERCIARIO DE TORREVIEJA;320;Comunidad Valenciana;8
CA0748001;2020-08-26;ISOPROPB;Isopropilbenceno (cumeno);µg/L;0;< 1,0;705332;4207772;70042;TERCIARIO DE TORREVIEJA;Torrevieja;ALICANTE;748;TERCIARIO DE TORREVIEJA;TERCIARIO DE TORREVIEJA;320;Comunidad Valenciana;8
CA0748001;2020-08-26;ISOPROPILTO;4-ISOPROPILTOLUENO;µg/L;0;< 1,0;705332;4207772;70042;TERCIARIO DE TORREVIEJA;Torrevieja;ALICANTE;748;TERCIARIO DE TORREVIEJA;TERCIARIO DE TORREVIEJA;320;Comunidad Valenciana;8
CA0748001;2020-08-26;ISOPROTURON;Isoproturón;µg/L;0;< 0,050;705332;4207772;70042;TERCIARIO DE TORREVIEJA;Torrevieja;ALICANTE;748;TERCIARIO DE TORREVIEJA;TERCIARIO DE TORREVIEJA;320;Comunidad Valenciana;8
CA0748001;2020-08-26;K;POTASIO;mg/L K;150;15;705332;4207772;70042;TERCIARIO DE TORREVIEJA;Torrevieja;ALICANTE;748;TERCIARIO DE TORREVIEJA;TERCIARIO DE TORREVIEJA;320;Comunidad Valenciana;8
CA0748001;2020-08-26;LIND;GAMMA-HCH (LINDANO);µg/L;0;< 0,00025;705332;4207772;70042;TERCIARIO DE TORREVIEJA;Torrevieja;ALICANTE;748;TERCIARIO DE TORREVIEJA;TERCIARIO DE TORREVIEJA;320;Comunidad Valenciana;8
CA0748001;2020-08-26;MCB;Clorobenceno (monoclorobenceno);µg/L;0;< 1,0;705332;4207772;70042;TERCIARIO DE TORREVIEJA;Torrevieja;ALICANTE;748;TERCIARIO DE TORREVIEJA;TERCIARIO DE TORREVIEJA;320;Comunidad Valenciana;8
CA0748001;2020-08-26;METOLACLORO;Metolacloro;µg/L;0;< 0,01000;705332;4207772;70042;TERCIARIO DE TORREVIEJA;Torrevieja;ALICANTE;748;TERCIARIO DE TORREVIEJA;TERCIARIO DE TORREVIEJA;320;Comunidad Valenciana;8
CA0748001;2020-08-26;METOXICLORO;Metoxicloro;µg/L;0;< 0,00025;705332;4207772;70042;TERCIARIO DE TORREVIEJA;Torrevieja;ALICANTE;748;TERCIARIO DE TORREVIEJA;TERCIARIO DE TORREVIEJA;320;Comunidad Valenciana;8
CA0748001;2020-08-26;METRIBUZINA;METRIBUZINA;µg/L;0;< 0,050;705332;4207772;70042;TERCIARIO DE TORREVIEJA;Torrevieja;ALICANTE;748;TERCIARIO DE TORREVIEJA;TERCIARIO DE TORREVIEJA;320;Comunidad Valenciana;8
CA0748001;2020-08-26;MG;MAGNESIO;mg/L Mg;330;33;705332;4207772;70042;TERCIARIO DE TORREVIEJA;Torrevieja;ALICANTE;748;TERCIARIO DE TORREVIEJA;TERCIARIO DE TORREVIEJA;320;Comunidad Valenciana;8
CA0748001;2020-08-26;MN;MANGANESO;µg/L Mn;0;< 5,0;705332;4207772;70042;TERCIARIO DE TORREVIEJA;Torrevieja;ALICANTE;748;TERCIARIO DE TORREVIEJA;TERCIARIO DE TORREVIEJA;320;Comunidad Valenciana;8
CA0748001;2020-08-26;;SODIO;mg/L Na;2850;> 200 (285)*;705332;4207772;70042;TERCIARIO DE TORREVIEJA;Torrevieja;ALICANTE;748;TERCIARIO DE TORREVIEJA;TERCIARIO DE TORREVIEJA;320;Comunidad Valenciana;8
CA0748001;2020-08-26;NAFTALENO;Naftaleno (naftalina);µg/L;0;< 0,30;705332;4207772;70042;TERCIARIO DE TORREVIEJA;Torrevieja;ALICANTE;748;TERCIARIO DE TORREVIEJA;TERCIARIO DE TORREVIEJA;320;Comunidad Valenciana;8
CA0748001;2020-08-26;N-BUB;N-BUTILBENCENO;µg/L;0;< 1,0;705332;4207772;70042;TERCIARIO DE TORREVIEJA;Torrevieja;ALICANTE;748;TERCIARIO DE TORREVIEJA;TERCIARIO DE TORREVIEJA;320;Comunidad Valenciana;8
CA0748001;2020-08-26;NH4;AMONIO;mg/L NH4;0;< 0,10;705332;4207772;70042;TERCIARIO DE TORREVIEJA;Torrevieja;ALICANTE;748;TERCIARIO DE TORREVIEJA;TERCIARIO DE TORREVIEJA;320;Comunidad Valenciana;8
CA0748001;2020-08-26;NI;NIQUEL;µg/L Ni;0;< 0,80;705332;4207772;70042;TERCIARIO DE TORREVIEJA;Torrevieja;ALICANTE;748;TERCIARIO DE TORREVIEJA;TERCIARIO DE TORREVIEJA;320;Comunidad Valenciana;8
CA0748001;2020-08-26;NO2;Nitritos;mg/L NO2;31;0,031;705332;4207772;70042;TERCIARIO DE TORREVIEJA;Torrevieja;ALICANTE;748;TERCIARIO DE TORREVIEJA;TERCIARIO DE TORREVIEJA;320;Comunidad Valenciana;8
CA0748001;2020-08-26;NO3;Nitratos;mg/L NO3;460;46;705332;4207772;70042;TERCIARIO DE TORREVIEJA;Torrevieja;ALICANTE;748;TERCIARIO DE TORREVIEJA;TERCIARIO DE TORREVIEJA;320;Comunidad Valenciana;8
CA0748001;2020-08-26;N-PROPILB;N-PROPILBENCENO;µg/L;0;< 1,0;705332;4207772;70042;TERCIARIO DE TORREVIEJA;Torrevieja;ALICANTE;748;TERCIARIO DE TORREVIEJA;TERCIARIO DE TORREVIEJA;320;Comunidad Valenciana;8
CA0748001;2020-08-26;NTOTAL;Nitrógeno total;mg/L N;90;9;705332;4207772;70042;TERCIARIO DE TORREVIEJA;Torrevieja;ALICANTE;748;TERCIARIO DE TORREVIEJA;TERCIARIO DE TORREVIEJA;320;Comunidad Valenciana;8
CA0748001;2020-08-26;O2 DTO;Oxigeno disuelto de campo (medida in situ);mg/L O2;72;7,2;705332;4207772;70042;TERCIARIO DE TORREVIEJA;Torrevieja;ALICANTE;748;TERCIARIO DE TORREVIEJA;TERCIARIO DE TORREVIEJA;320;Comunidad Valenciana;8
CA0748001;2020-08-26;O-DICLORO;1,2-diclorobenceno (o-diclorobenceno);µg/L;0;< 1,0;705332;4207772;70042;TERCIARIO DE TORREVIEJA;Torrevieja;ALICANTE;748;TERCIARIO DE TORREVIEJA;TERCIARIO DE TORREVIEJA;320;Comunidad Valenciana;8
CA0748001;2020-08-26;PAHEST;Estireno (etenilbenceno);µg/L;0;< 1,0;705332;4207772;70042;TERCIARIO DE TORREVIEJA;Torrevieja;ALICANTE;748;TERCIARIO DE TORREVIEJA;TERCIARIO DE TORREVIEJA;320;Comunidad Valenciana;8
CA0748001;2020-08-26;PB;PLOMO;µg/L Pb;0;< 0,30;705332;4207772;70042;TERCIARIO DE TORREVIEJA;Torrevieja;ALICANTE;748;TERCIARIO DE TORREVIEJA;TERCIARIO DE TORREVIEJA;320;Comunidad Valenciana;8
CA0748001;2020-08-26;PER;Tetracloroetileno (PER, Percloroetileno);µg/L;0;< 1,0;705332;4207772;70042;TERCIARIO DE TORREVIEJA;Torrevieja;ALICANTE;748;TERCIARIO DE TORREVIEJA;TERCIARIO DE TORREVIEJA;320;Comunidad Valenciana;8
CA0748001;2020-08-26;PHSITU;pH de campo (medida in situ);udpH;75;7,50 (23.5ºC);705332;4207772;70042;TERCIARIO DE TORREVIEJA;Torrevieja;ALICANTE;748;TERCIARIO DE TORREVIEJA;TERCIARIO DE TORREVIEJA;320;Comunidad Valenciana;8
CA0748001;2020-08-26;PO4;Fosfatos;mg/L PO4;0;< 0,04;705332;4207772;70042;TERCIARIO DE TORREVIEJA;Torrevieja;ALICANTE;748;TERCIARIO DE TORREVIEJA;TERCIARIO DE TORREVIEJA;320;Comunidad Valenciana;8
CA0748001;2020-08-26;PTOTAL;FOSFORO TOTAL;mg/L P;0;< 0,050;705332;4207772;70042;TERCIARIO DE TORREVIEJA;Torrevieja;ALICANTE;748;TERCIARIO DE TORREVIEJA;TERCIARIO DE TORREVIEJA;320;Comunidad Valenciana;8
CA0748001;2020-08-26;QUI;Quinoxifeno;µg/L;0;< 0,00200;705332;4207772;70042;TERCIARIO DE TORREVIEJA;Torrevieja;ALICANTE;748;TERCIARIO DE TORREVIEJA;TERCIARIO DE TORREVIEJA;320;Comunidad Valenciana;8
CA0748001;2020-08-26;SATINSI;Porcentaje de saturación de oxígeno disuelto de campo (medido in situ);% O2;853;85,3;705332;4207772;70042;TERCIARIO DE TORREVIEJA;Torrevieja;ALICANTE;748;TERCIARIO DE TORREVIEJA;TERCIARIO DE TORREVIEJA;320;Comunidad Valenciana;8
CA0748001;2020-08-26;S-DDD-DDT;Suma p,p´-DDD + o,p´-DDT;µg/L;0;< 0,00050;705332;4207772;70042;TERCIARIO DE TORREVIEJA;Torrevieja;ALICANTE;748;TERCIARIO DE TORREVIEJA;TERCIARIO DE TORREVIEJA;320;Comunidad Valenciana;8
CA0748001;2020-08-26;SE;SELENIO;µg/L Se;19;1,9;705332;4207772;70042;TERCIARIO DE TORREVIEJA;Torrevieja;ALICANTE;748;TERCIARIO DE TORREVIEJA;TERCIARIO DE TORREVIEJA;320;Comunidad Valenciana;8
CA0748001;2020-08-26;SECBUTB;SEC-BUTILBENCENO;µg/L;0;< 1,0;705332;4207772;70042;TERCIARIO DE TORREVIEJA;Torrevieja;ALICANTE;748;TERCIARIO DE TORREVIEJA;TERCIARIO DE TORREVIEJA;320;Comunidad Valenciana;8
CA0748001;2020-08-26;SIMAZINA;Simazina;µg/L;0;< 0,050;705332;4207772;70042;TERCIARIO DE TORREVIEJA;Torrevieja;ALICANTE;748;TERCIARIO DE TORREVIEJA;TERCIARIO DE TORREVIEJA;320;Comunidad Valenciana;8
CA0748001;2020-08-26;SUMAXILENO;Xileno (dimetilbenceno) (suma o-, m- y p-xileno);µg/L;0;< 3,0;705332;4207772;70042;TERCIARIO DE TORREVIEJA;Torrevieja;ALICANTE;748;TERCIARIO DE TORREVIEJA;TERCIARIO DE TORREVIEJA;320;Comunidad Valenciana;8
CA0748001;2020-08-26;SUMCIPER;CIPERMETRINA (SUMA ISOMEROS ALFA+BETA+TETA+ZETA);µg/L;0;< 0,00008;705332;4207772;70042;TERCIARIO DE TORREVIEJA;Torrevieja;ALICANTE;748;TERCIARIO DE TORREVIEJA;TERCIARIO DE TORREVIEJA;320;Comunidad Valenciana;8
CA0748001;2020-08-26;SUMDCB;Diclorobenceno (suma isómeros);µg/L;0;< 3,0;705332;4207772;70042;TERCIARIO DE TORREVIEJA;Torrevieja;ALICANTE;748;TERCIARIO DE TORREVIEJA;TERCIARIO DE TORREVIEJA;320;Comunidad Valenciana;8
CA0748001;2020-08-26;SUMDDT;DDT TOTAL (SUMA P,P'-DDT+O,P'-DDT+P,P'-DDE+P,P'-DDD);µg/L;0;< 0,00100;705332;4207772;70042;TERCIARIO DE TORREVIEJA;Torrevieja;ALICANTE;748;TERCIARIO DE TORREVIEJA;TERCIARIO DE TORREVIEJA;320;Comunidad Valenciana;8
CA0748001;2020-08-26;SUMHCH;HEXACLOROCICLOHEXANO (HCH) (SUMA ISOMEROS);µg/L;0;< 0,00060;705332;4207772;70042;TERCIARIO DE TORREVIEJA;Torrevieja;ALICANTE;748;TERCIARIO DE TORREVIEJA;TERCIARIO DE TORREVIEJA;320;Comunidad Valenciana;8
CA0748001;2020-08-26;SUMTCBEN;"Triclorobenceno (suma isómeros 1,2,3-; 1,2,4- y 1,3,5- TCB)";µg/L;0;< 0,18;705332;4207772;70042;TERCIARIO DE TORREVIEJA;Torrevieja;ALICANTE;748;TERCIARIO DE TORREVIEJA;TERCIARIO DE TORREVIEJA;320;Comunidad Valenciana;8
CA0748001;2020-08-26;SUO4;Sulfatos;mg/L SO4;1290;129;705332;4207772;70042;TERCIARIO DE TORREVIEJA;Torrevieja;ALICANTE;748;TERCIARIO DE TORREVIEJA;TERCIARIO DE TORREVIEJA;320;Comunidad Valenciana;8
CA0748001;2020-08-26;TAGUA;"TEMPERATURA ""IN SITU""";ºC;235;23,5;705332;4207772;70042;TERCIARIO DE TORREVIEJA;Torrevieja;ALICANTE;748;TERCIARIO DE TORREVIEJA;TERCIARIO DE TORREVIEJA;320;Comunidad Valenciana;8
CA0748001;2020-08-26;TBUTB;TERC-BUTILBENCENO;µg/L;0;< 1,0;705332;4207772;70042;TERCIARIO DE TORREVIEJA;Torrevieja;ALICANTE;748;TERCIARIO DE TORREVIEJA;TERCIARIO DE TORREVIEJA;320;Comunidad Valenciana;8
CA0748001;2020-08-26;TCB123;1,2,3-Triclorobenceno;µg/L;0;< 0,060;705332;4207772;70042;TERCIARIO DE TORREVIEJA;Torrevieja;ALICANTE;748;TERCIARIO DE TORREVIEJA;TERCIARIO DE TORREVIEJA;320;Comunidad Valenciana;8
CA0748001;2020-08-26;TCB124;1,2,4-Triclorobenceno;µg/L;0;< 0,060;705332;4207772;70042;TERCIARIO DE TORREVIEJA;Torrevieja;ALICANTE;748;TERCIARIO DE TORREVIEJA;TERCIARIO DE TORREVIEJA;320;Comunidad Valenciana;8
CA0748001;2020-08-26;TCB135;1,3,5-Triclorobenceno;µg/L;0;< 0,060;705332;4207772;70042;TERCIARIO DE TORREVIEJA;Torrevieja;ALICANTE;748;TERCIARIO DE TORREVIEJA;TERCIARIO DE TORREVIEJA;320;Comunidad Valenciana;8
CA0748001;2020-08-26;TCE;1,1,1-TRICLOROETANO;µg/L;0;< 1,0;705332;4207772;70042;TERCIARIO DE TORREVIEJA;Torrevieja;ALICANTE;748;TERCIARIO DE TORREVIEJA;TERCIARIO DE TORREVIEJA;320;Comunidad Valenciana;8
CA0748001;2020-08-26;TERAZ;Terbutilazina;µg/L;0;< 0,050;705332;4207772;70042;TERCIARIO DE TORREVIEJA;Torrevieja;ALICANTE;748;TERCIARIO DE TORREVIEJA;TERCIARIO DE TORREVIEJA;320;Comunidad Valenciana;8
CA0748001;2020-08-26;TERBUTRINA;Terbutrina;µg/L;0;< 0,050;705332;4207772;70042;TERCIARIO DE TORREVIEJA;Torrevieja;ALICANTE;748;TERCIARIO DE TORREVIEJA;TERCIARIO DE TORREVIEJA;320;Comunidad Valenciana;8
CA0748001;2020-08-26;TETRA;Tetracloruro de carbono (Tetraclorometano, Perclorometano);µg/L;0;< 1,0;705332;4207772;70042;TERCIARIO DE TORREVIEJA;Torrevieja;ALICANTE;748;TERCIARIO DE TORREVIEJA;TERCIARIO DE TORREVIEJA;320;Comunidad Valenciana;8
CA0748001;2020-08-26;TETRTRI;Tricloroetileno + Tetracloroetileno (Percloroetileno);µg/L;0;< 2,0;705332;4207772;70042;TERCIARIO DE TORREVIEJA;Torrevieja;ALICANTE;748;TERCIARIO DE TORREVIEJA;TERCIARIO DE TORREVIEJA;320;Comunidad Valenciana;8
CA0748001;2020-08-26;THMBR;DIBROMOMETANO;µg/L;0;< 1,0;705332;4207772;70042;TERCIARIO DE TORREVIEJA;Torrevieja;ALICANTE;748;TERCIARIO DE TORREVIEJA;TERCIARIO DE TORREVIEJA;320;Comunidad Valenciana;8
CA0748001;2020-08-26;THMBR2CL;Bromodiclorometano;µg/l;0;< 1,0;705332;4207772;70042;TERCIARIO DE TORREVIEJA;Torrevieja;ALICANTE;748;TERCIARIO DE TORREVIEJA;TERCIARIO DE TORREVIEJA;320;Comunidad Valenciana;8
CA0748001;2020-08-26;THMBRCL;BROMOCLOROMETANO;µg/L;0;< 1,0;705332;4207772;70042;TERCIARIO DE TORREVIEJA;Torrevieja;ALICANTE;748;TERCIARIO DE TORREVIEJA;TERCIARIO DE TORREVIEJA;320;Comunidad Valenciana;8
CA0748001;2020-08-26;THMBRCL2;DIBROMOCLOROMETANO (Trihalometanos);µg/L;0;< 1,0;705332;4207772;70042;TERCIARIO DE TORREVIEJA;Torrevieja;ALICANTE;748;TERCIARIO DE TORREVIEJA;TERCIARIO DE TORREVIEJA;320;Comunidad Valenciana;8
CA0748001;2020-08-26;THMBRF;BROMOFORMO;µg/L;0;< 1,0;705332;4207772;70042;TERCIARIO DE TORREVIEJA;Torrevieja;ALICANTE;748;TERCIARIO DE TORREVIEJA;TERCIARIO DE TORREVIEJA;320;Comunidad Valenciana;8
CA0748001;2020-08-26;THMDCM;DICLOROMETANO;µg/L;0;< 20;705332;4207772;70042;TERCIARIO DE TORREVIEJA;Torrevieja;ALICANTE;748;TERCIARIO DE TORREVIEJA;TERCIARIO DE TORREVIEJA;320;Comunidad Valenciana;8
CA0748001;2020-08-26;TMB1;1,2,4-trimetilbenceno;µg/l;0;< 1,0;705332;4207772;70042;TERCIARIO DE TORREVIEJA;Torrevieja;ALICANTE;748;TERCIARIO DE TORREVIEJA;TERCIARIO DE TORREVIEJA;320;Comunidad Valenciana;8
CA0748001;2020-08-26;TMB2;1,3,5-TRIMETILBENCENO;µg/L;0;< 1,0;705332;4207772;70042;TERCIARIO DE TORREVIEJA;Torrevieja;ALICANTE;748;TERCIARIO DE TORREVIEJA;TERCIARIO DE TORREVIEJA;320;Comunidad Valenciana;8
CA0748001;2020-08-26;TOL;Tolueno (Metilbenceno);µg/L;0;< 1,0;705332;4207772;70042;TERCIARIO DE TORREVIEJA;Torrevieja;ALICANTE;748;TERCIARIO DE TORREVIEJA;TERCIARIO DE TORREVIEJA;320;Comunidad Valenciana;8
CA0748001;2020-08-26;TRIAZO_2;TRIAZOFOS;µg/L;0;< 0,0100;705332;4207772;70042;TERCIARIO DE TORREVIEJA;Torrevieja;ALICANTE;748;TERCIARIO DE TORREVIEJA;TERCIARIO DE TORREVIEJA;320;Comunidad Valenciana;8
CA0748001;2020-08-26;TRICLOET;Tricloroetileno (TRI);µg/L;0;< 1,0;705332;4207772;70042;TERCIARIO DE TORREVIEJA;Torrevieja;ALICANTE;748;TERCIARIO DE TORREVIEJA;TERCIARIO DE TORREVIEJA;320;Comunidad Valenciana;8
CA0748001;2020-08-26;TRIFLURALINA;Trifluralina;µg/L;0;< 0,0060;705332;4207772;70042;TERCIARIO DE TORREVIEJA;Torrevieja;ALICANTE;748;TERCIARIO DE TORREVIEJA;TERCIARIO DE TORREVIEJA;320;Comunidad Valenciana;8
CA0748001;2020-08-26;XILM+P;SUMA M+P XILENO;µg/L;0;< 2,0;705332;4207772;70042;TERCIARIO DE TORREVIEJA;Torrevieja;ALICANTE;748;TERCIARIO DE TORREVIEJA;TERCIARIO DE TORREVIEJA;320;Comunidad Valenciana;8
CA0748001;2020-08-26;XIL-O;O-XILENO;µg/L;0;< 1,0;705332;4207772;70042;TERCIARIO DE TORREVIEJA;Torrevieja;ALICANTE;748;TERCIARIO DE TORREVIEJA;TERCIARIO DE TORREVIEJA;320;Comunidad Valenciana;8
CA0748001;2020-08-26;ZN;ZINC;µg/l Zn;0;< 8,0;705332;4207772;70042;TERCIARIO DE TORREVIEJA;Torrevieja;ALICANTE;748;TERCIARIO DE TORREVIEJA;TERCIARIO DE TORREVIEJA;320;Comunidad Valenciana;8
CA0748001;2020-11-05;12DIBR;1,2-DIBROMOETANO;µg/L;0;< 1,0;705332;4207772;70042;TERCIARIO DE TORREVIEJA;Torrevieja;ALICANTE;748;TERCIARIO DE TORREVIEJA;TERCIARIO DE TORREVIEJA;320;Comunidad Valenciana;11
CA0748001;2020-11-05;2BR2CLPRO;1,2-DIBROMO-3-CLOROPROPANO;µg/L;0;< 2,0;705332;4207772;70042;TERCIARIO DE TORREVIEJA;Torrevieja;ALICANTE;748;TERCIARIO DE TORREVIEJA;TERCIARIO DE TORREVIEJA;320;Comunidad Valenciana;11
CA0748001;2020-11-05;2CLETA;1,1-DICLOROETANO;µg/L;0;< 1,0;705332;4207772;70042;TERCIARIO DE TORREVIEJA;Torrevieja;ALICANTE;748;TERCIARIO DE TORREVIEJA;TERCIARIO DE TORREVIEJA;320;Comunidad Valenciana;11
CA0748001;2020-11-05;2CLETE;1,1-DICLOROETENO;µg/L;0;< 1,0;705332;4207772;70042;TERCIARIO DE TORREVIEJA;Torrevieja;ALICANTE;748;TERCIARIO DE TORREVIEJA;TERCIARIO DE TORREVIEJA;320;Comunidad Valenciana;11
CA0748001;2020-11-05;2CLETE2;1,2-DICLOROETENO;µg/L;0;< 2,0;705332;4207772;70042;TERCIARIO DE TORREVIEJA;Torrevieja;ALICANTE;748;TERCIARIO DE TORREVIEJA;TERCIARIO DE TORREVIEJA;320;Comunidad Valenciana;11
CA0748001;2020-11-05;2CLETEN;TRANS-1,2-DICLOROETENO;µg/L;0;< 1,0;705332;4207772;70042;TERCIARIO DE TORREVIEJA;Torrevieja;ALICANTE;748;TERCIARIO DE TORREVIEJA;TERCIARIO DE TORREVIEJA;320;Comunidad Valenciana;11
CA0748001;2020-11-05;2CLPRO;1,3-DICLOROPROPANO;µg/L;0;< 1,0;705332;4207772;70042;TERCIARIO DE TORREVIEJA;Torrevieja;ALICANTE;748;TERCIARIO DE TORREVIEJA;TERCIARIO DE TORREVIEJA;320;Comunidad Valenciana;11
CA0748001;2020-11-05;2CLPROCIS;CIS-1,3-DICLOROPROPENO;µg/L;0;< 1,0;705332;4207772;70042;TERCIARIO DE TORREVIEJA;Torrevieja;ALICANTE;748;TERCIARIO DE TORREVIEJA;TERCIARIO DE TORREVIEJA;320;Comunidad Valenciana;11
CA0748001;2020-11-05;2CLPROPA;1,2-DICLOROPROPANO;µg/L;0;< 1,0;705332;4207772;70042;TERCIARIO DE TORREVIEJA;Torrevieja;ALICANTE;748;TERCIARIO DE TORREVIEJA;TERCIARIO DE TORREVIEJA;320;Comunidad Valenciana;11
CA0748001;2020-11-05;2CLPROPA2;2,2-DICLOROPROPANO;µg/L;0;< 1,0;705332;4207772;70042;TERCIARIO DE TORREVIEJA;Torrevieja;ALICANTE;748;TERCIARIO DE TORREVIEJA;TERCIARIO DE TORREVIEJA;320;Comunidad Valenciana;11
CA0748001;2020-11-05;2CLPROPE;1,1-DICLOROPROPENO;µg/L;0;< 1,0;705332;4207772;70042;TERCIARIO DE TORREVIEJA;Torrevieja;ALICANTE;748;TERCIARIO DE TORREVIEJA;TERCIARIO DE TORREVIEJA;320;Comunidad Valenciana;11
CA0748001;2020-11-05;2CLPROPE2;TRANS-1,3-DICLOROPROPENO;µg/L;0;< 1,0;705332;4207772;70042;TERCIARIO DE TORREVIEJA;Torrevieja;ALICANTE;748;TERCIARIO DE TORREVIEJA;TERCIARIO DE TORREVIEJA;320;Comunidad Valenciana;11
CA0748001;2020-11-05;3CLETA;1,1,2-TRICLOROETANO;µg/L;0;< 1,0;705332;4207772;70042;TERCIARIO DE TORREVIEJA;Torrevieja;ALICANTE;748;TERCIARIO DE TORREVIEJA;TERCIARIO DE TORREVIEJA;320;Comunidad Valenciana;11
CA0748001;2020-11-05;3CLPRO;1,2,3-TRICLOROPROPANO;µg/L;0;< 1,0;705332;4207772;70042;TERCIARIO DE TORREVIEJA;Torrevieja;ALICANTE;748;TERCIARIO DE TORREVIEJA;TERCIARIO DE TORREVIEJA;320;Comunidad Valenciana;11
CA0748001;2020-11-05;4CLETA;1,1,1,2-TETRACLOROETANO;µg/L;0;< 1,0;705332;4207772;70042;TERCIARIO DE TORREVIEJA;Torrevieja;ALICANTE;748;TERCIARIO DE TORREVIEJA;TERCIARIO DE TORREVIEJA;320;Comunidad Valenciana;11
CA0748001;2020-11-05;4CLETA2;1,1,2,2-TETRACLOROETANO;µg/L;0;< 1,0;705332;4207772;70042;TERCIARIO DE TORREVIEJA;Torrevieja;ALICANTE;748;TERCIARIO DE TORREVIEJA;TERCIARIO DE TORREVIEJA;320;Comunidad Valenciana;11
CA0748001;2020-11-05;6CLET;HEXACLOROETANO;µg/L;0;< 1,0;705332;4207772;70042;TERCIARIO DE TORREVIEJA;Torrevieja;ALICANTE;748;TERCIARIO DE TORREVIEJA;TERCIARIO DE TORREVIEJA;320;Comunidad Valenciana;11
CA0748001;2020-11-05;ACLONIFE;ACLONIFENO;µg/L;0;< 0,00200;705332;4207772;70042;TERCIARIO DE TORREVIEJA;Torrevieja;ALICANTE;748;TERCIARIO DE TORREVIEJA;TERCIARIO DE TORREVIEJA;320;Comunidad Valenciana;11
CA0748001;2020-11-05;ALACLORO;ALACLORO;µg/L;0;< 0,01000;705332;4207772;70042;TERCIARIO DE TORREVIEJA;Torrevieja;ALICANTE;748;TERCIARIO DE TORREVIEJA;TERCIARIO DE TORREVIEJA;320;Comunidad Valenciana;11
CA0748001;2020-11-05;ALDRIN;ALDRINA;µg/L;0;< 0,00025;705332;4207772;70042;TERCIARIO DE TORREVIEJA;Torrevieja;ALICANTE;748;TERCIARIO DE TORREVIEJA;TERCIARIO DE TORREVIEJA;320;Comunidad Valenciana;11
CA0748001;2020-11-05;AS;ARSENICO;µg/L As;0;< 5,0;705332;4207772;70042;TERCIARIO DE TORREVIEJA;Torrevieja;ALICANTE;748;TERCIARIO DE TORREVIEJA;TERCIARIO DE TORREVIEJA;320;Comunidad Valenciana;11
CA0748001;2020-11-05;ATRAZINA;ATRAZINA;µg/L;0;< 0,010;705332;4207772;70042;TERCIARIO DE TORREVIEJA;Torrevieja;ALICANTE;748;TERCIARIO DE TORREVIEJA;TERCIARIO DE TORREVIEJA;320;Comunidad Valenciana;11
CA0748001;2020-11-05;B;BORO;µg/L B;3500;350;705332;4207772;70042;TERCIARIO DE TORREVIEJA;Torrevieja;ALICANTE;748;TERCIARIO DE TORREVIEJA;TERCIARIO DE TORREVIEJA;320;Comunidad Valenciana;11
CA0748001;2020-11-05;BENCENO;BENCENO;µg/L;0;< 0,30;705332;4207772;70042;TERCIARIO DE TORREVIEJA;Torrevieja;ALICANTE;748;TERCIARIO DE TORREVIEJA;TERCIARIO DE TORREVIEJA;320;Comunidad Valenciana;11
CA0748001;2020-11-05;BICARB;BICARBONATOS;mg/L HCO3-;2120;212;705332;4207772;70042;TERCIARIO DE TORREVIEJA;Torrevieja;ALICANTE;748;TERCIARIO DE TORREVIEJA;TERCIARIO DE TORREVIEJA;320;Comunidad Valenciana;11
CA0748001;2020-11-05;BIFEN;BIFENOX;µg/L;0;< 0,00120;705332;4207772;70042;TERCIARIO DE TORREVIEJA;Torrevieja;ALICANTE;748;TERCIARIO DE TORREVIEJA;TERCIARIO DE TORREVIEJA;320;Comunidad Valenciana;11
CA0748001;2020-11-05;BRB;BROMOBENCENO;µg/L;0;< 1,0;705332;4207772;70042;TERCIARIO DE TORREVIEJA;Torrevieja;ALICANTE;748;TERCIARIO DE TORREVIEJA;TERCIARIO DE TORREVIEJA;320;Comunidad Valenciana;11
CA0748001;2020-11-05;BRFOSETIL;BROMOFOS ETIL;µg/L;0;< 0,0100;705332;4207772;70042;TERCIARIO DE TORREVIEJA;Torrevieja;ALICANTE;748;TERCIARIO DE TORREVIEJA;TERCIARIO DE TORREVIEJA;320;Comunidad Valenciana;11
CA0748001;2020-11-05;CA;CALCIO;mg/L Ca;510;51;705332;4207772;70042;TERCIARIO DE TORREVIEJA;Torrevieja;ALICANTE;748;TERCIARIO DE TORREVIEJA;TERCIARIO DE TORREVIEJA;320;Comunidad Valenciana;11
CA0748001;2020-11-05;CD;CADMIO;µg/L Cd;38;0,38;705332;4207772;70042;TERCIARIO DE TORREVIEJA;Torrevieja;ALICANTE;748;TERCIARIO DE TORREVIEJA;TERCIARIO DE TORREVIEJA;320;Comunidad Valenciana;11
CA0748001;2020-11-05;CIB;CIBUTRINA;µg/L;0;< 0,002;705332;4207772;70042;TERCIARIO DE TORREVIEJA;Torrevieja;ALICANTE;748;TERCIARIO DE TORREVIEJA;TERCIARIO DE TORREVIEJA;320;Comunidad Valenciana;11
CA0748001;2020-11-05;CL;Cloruros;mg/L Cl;3780;378;705332;4207772;70042;TERCIARIO DE TORREVIEJA;Torrevieja;ALICANTE;748;TERCIARIO DE TORREVIEJA;TERCIARIO DE TORREVIEJA;320;Comunidad Valenciana;11
CA0748001;2020-11-05;CLF;Cloroformo (Triclorometano);µg/L;52;5,2;705332;4207772;70042;TERCIARIO DE TORREVIEJA;Torrevieja;ALICANTE;748;TERCIARIO DE TORREVIEJA;TERCIARIO DE TORREVIEJA;320;Comunidad Valenciana;11
CA0748001;2020-11-05;CLORDANOCIS;CIS-CLORDANO;µg/L;0;< 0,00025;705332;4207772;70042;TERCIARIO DE TORREVIEJA;Torrevieja;ALICANTE;748;TERCIARIO DE TORREVIEJA;TERCIARIO DE TORREVIEJA;320;Comunidad Valenciana;11
CA0748001;2020-11-05;CLORDANOTR;TRANS-CLORDANO;µg/L;0;< 0,00025;705332;4207772;70042;TERCIARIO DE TORREVIEJA;Torrevieja;ALICANTE;748;TERCIARIO DE TORREVIEJA;TERCIARIO DE TORREVIEJA;320;Comunidad Valenciana;11
CA0748001;2020-11-05;CLOROFENVINFOS;Clorfenvinfos;µg/L;0;< 0,0100;705332;4207772;70042;TERCIARIO DE TORREVIEJA;Torrevieja;ALICANTE;748;TERCIARIO DE TORREVIEJA;TERCIARIO DE TORREVIEJA;320;Comunidad Valenciana;11
CA0748001;2020-11-05;CLOROPIRIFOS;Clorpirifos;µg/L;0;< 0,0050;705332;4207772;70042;TERCIARIO DE TORREVIEJA;Torrevieja;ALICANTE;748;TERCIARIO DE TORREVIEJA;TERCIARIO DE TORREVIEJA;320;Comunidad Valenciana;11
CA0748001;2020-11-05;CLORPIRIPME;CLOROPIRIFOS-METIL;µg/L;0;< 0,0100;705332;4207772;70042;TERCIARIO DE TORREVIEJA;Torrevieja;ALICANTE;748;TERCIARIO DE TORREVIEJA;TERCIARIO DE TORREVIEJA;320;Comunidad Valenciana;11
CA0748001;2020-11-05;CLTO2;4-CLOROTOLUENO;µg/L;0;< 1,0;705332;4207772;70042;TERCIARIO DE TORREVIEJA;Torrevieja;ALICANTE;748;TERCIARIO DE TORREVIEJA;TERCIARIO DE TORREVIEJA;320;Comunidad Valenciana;11
CA0748001;2020-11-05;CLTOL;2-CLOROTOLUENO;µg/L;0;< 1,0;705332;4207772;70042;TERCIARIO DE TORREVIEJA;Torrevieja;ALICANTE;748;TERCIARIO DE TORREVIEJA;TERCIARIO DE TORREVIEJA;320;Comunidad Valenciana;11
CA0748001;2020-11-05;CN;CIANUROS TOTALES;µg/L CN;0;<10;705332;4207772;70042;TERCIARIO DE TORREVIEJA;Torrevieja;ALICANTE;748;TERCIARIO DE TORREVIEJA;TERCIARIO DE TORREVIEJA;320;Comunidad Valenciana;11
CA0748001;2020-11-05;COND20SITU;Conductividad de campo (medida in situ);µS/cm;16230;1623;705332;4207772;70042;TERCIARIO DE TORREVIEJA;Torrevieja;ALICANTE;748;TERCIARIO DE TORREVIEJA;TERCIARIO DE TORREVIEJA;320;Comunidad Valenciana;11
CA0748001;2020-11-05;CR;CROMO;µg/L Cr;0;< 5,0;705332;4207772;70042;TERCIARIO DE TORREVIEJA;Torrevieja;ALICANTE;748;TERCIARIO DE TORREVIEJA;TERCIARIO DE TORREVIEJA;320;Comunidad Valenciana;11
CA0748001;2020-11-05;CU;COBRE;µg/L Cu;190;19;705332;4207772;70042;TERCIARIO DE TORREVIEJA;Torrevieja;ALICANTE;748;TERCIARIO DE TORREVIEJA;TERCIARIO DE TORREVIEJA;320;Comunidad Valenciana;11
CA0748001;2020-11-05;DCB-M;1,3-diclorobenceno (m-diclorobenceno);µg/L;0;< 1,0;705332;4207772;70042;TERCIARIO DE TORREVIEJA;Torrevieja;ALICANTE;748;TERCIARIO DE TORREVIEJA;TERCIARIO DE TORREVIEJA;320;Comunidad Valenciana;11
CA0748001;2020-11-05;DCB-P;1,4-diclorobenceno (p-diclorobenceno);µg/L;0;< 1,0;705332;4207772;70042;TERCIARIO DE TORREVIEJA;Torrevieja;ALICANTE;748;TERCIARIO DE TORREVIEJA;TERCIARIO DE TORREVIEJA;320;Comunidad Valenciana;11
CA0748001;2020-11-05;DCE;1,2-dicloroetano (EDC, cloruro de etileno);µg/L;0;< 1,0;705332;4207772;70042;TERCIARIO DE TORREVIEJA;Torrevieja;ALICANTE;748;TERCIARIO DE TORREVIEJA;TERCIARIO DE TORREVIEJA;320;Comunidad Valenciana;11
CA0748001;2020-11-05;DCV;DICLORVOS;µg/L;0;< 0,0006;705332;4207772;70042;TERCIARIO DE TORREVIEJA;Torrevieja;ALICANTE;748;TERCIARIO DE TORREVIEJA;TERCIARIO DE TORREVIEJA;320;Comunidad Valenciana;11
CA0748001;2020-11-05;DDDPP;P,P'-DDD;µg/L;0;< 0,00050;705332;4207772;70042;TERCIARIO DE TORREVIEJA;Torrevieja;ALICANTE;748;TERCIARIO DE TORREVIEJA;TERCIARIO DE TORREVIEJA;320;Comunidad Valenciana;11
CA0748001;2020-11-05;DDEPP;P,P'-DDE;µg/L;0;< 0,00025;705332;4207772;70042;TERCIARIO DE TORREVIEJA;Torrevieja;ALICANTE;748;TERCIARIO DE TORREVIEJA;TERCIARIO DE TORREVIEJA;320;Comunidad Valenciana;11
CA0748001;2020-11-05;DDTOP;O,P'-DDT;µg/L;0;< 0,00050;705332;4207772;70042;TERCIARIO DE TORREVIEJA;Torrevieja;ALICANTE;748;TERCIARIO DE TORREVIEJA;TERCIARIO DE TORREVIEJA;320;Comunidad Valenciana;11
CA0748001;2020-11-05;DDTPP;P,P'-DDT;µg/L;0;< 0,00025;705332;4207772;70042;TERCIARIO DE TORREVIEJA;Torrevieja;ALICANTE;748;TERCIARIO DE TORREVIEJA;TERCIARIO DE TORREVIEJA;320;Comunidad Valenciana;11
CA0748001;2020-11-05;DIAZINON;DIAZINON;µg/L;0;< 0,0100;705332;4207772;70042;TERCIARIO DE TORREVIEJA;Torrevieja;ALICANTE;748;TERCIARIO DE TORREVIEJA;TERCIARIO DE TORREVIEJA;320;Comunidad Valenciana;11
CA0748001;2020-11-05;DICLETE-CIS;CIS-1,2-DICLOROETENO;µg/L;0;< 1,0;705332;4207772;70042;TERCIARIO DE TORREVIEJA;Torrevieja;ALICANTE;748;TERCIARIO DE TORREVIEJA;TERCIARIO DE TORREVIEJA;320;Comunidad Valenciana;11
CA0748001;2020-11-05;DICOFOL;DICOFOL (P,P'-DICOFOL);µg/L;0;< 0,00039;705332;4207772;70042;TERCIARIO DE TORREVIEJA;Torrevieja;ALICANTE;748;TERCIARIO DE TORREVIEJA;TERCIARIO DE TORREVIEJA;320;Comunidad Valenciana;11
CA0748001;2020-11-05;DIELDRIN;Dieldrin;µg/L;0;< 0,00015;705332;4207772;70042;TERCIARIO DE TORREVIEJA;Torrevieja;ALICANTE;748;TERCIARIO DE TORREVIEJA;TERCIARIO DE TORREVIEJA;320;Comunidad Valenciana;11
CA0748001;2020-11-05;DIURON;DIURON;µg/L;0;< 0,050;705332;4207772;70042;TERCIARIO DE TORREVIEJA;Torrevieja;ALICANTE;748;TERCIARIO DE TORREVIEJA;TERCIARIO DE TORREVIEJA;320;Comunidad Valenciana;11
CA0748001;2020-11-05;DQO;DQO o Demanda Química de Oxígeno;mg/L O2;0;< 15;705332;4207772;70042;TERCIARIO DE TORREVIEJA;Torrevieja;ALICANTE;748;TERCIARIO DE TORREVIEJA;TERCIARIO DE TORREVIEJA;320;Comunidad Valenciana;11
CA0748001;2020-11-05;ENDOS;ENDOSULFAN (SUMA ISOMEROS ALFA+BETA);µg/L;0;< 0,00005;705332;4207772;70042;TERCIARIO DE TORREVIEJA;Torrevieja;ALICANTE;748;TERCIARIO DE TORREVIEJA;TERCIARIO DE TORREVIEJA;320;Comunidad Valenciana;11
CA0748001;2020-11-05;ENDOSULFAN;ALFA-ENDOSULFAN;µg/L;0;< 0,00005;705332;4207772;70042;TERCIARIO DE TORREVIEJA;Torrevieja;ALICANTE;748;TERCIARIO DE TORREVIEJA;TERCIARIO DE TORREVIEJA;320;Comunidad Valenciana;11
CA0748001;2020-11-05;ENDOSULFAN-BETA;BETA-ENDOSULFAN;µg/L;0;< 0,00005;705332;4207772;70042;TERCIARIO DE TORREVIEJA;Torrevieja;ALICANTE;748;TERCIARIO DE TORREVIEJA;TERCIARIO DE TORREVIEJA;320;Comunidad Valenciana;11
CA0748001;2020-11-05;ENDRIN;ENDRINA;µg/L;0;< 0,00150;705332;4207772;70042;TERCIARIO DE TORREVIEJA;Torrevieja;ALICANTE;748;TERCIARIO DE TORREVIEJA;TERCIARIO DE TORREVIEJA;320;Comunidad Valenciana;11
CA0748001;2020-11-05;ENDRINCE;Endrin cetona;µg/L;0;< 0,00025;705332;4207772;70042;TERCIARIO DE TORREVIEJA;Torrevieja;ALICANTE;748;TERCIARIO DE TORREVIEJA;TERCIARIO DE TORREVIEJA;320;Comunidad Valenciana;11
CA0748001;2020-11-05;ETBENCENO;Etilbenceno;µg/L;0;< 1,0;705332;4207772;70042;TERCIARIO DE TORREVIEJA;Torrevieja;ALICANTE;748;TERCIARIO DE TORREVIEJA;TERCIARIO DE TORREVIEJA;320;Comunidad Valenciana;11
CA0748001;2020-11-05;ETPARATION;Paration (paration etilo);µg/L;0;< 0,0100;705332;4207772;70042;TERCIARIO DE TORREVIEJA;Torrevieja;ALICANTE;748;TERCIARIO DE TORREVIEJA;TERCIARIO DE TORREVIEJA;320;Comunidad Valenciana;11
CA0748001;2020-11-05;F;Fluoruros;µg/L;2000;200;705332;4207772;70042;TERCIARIO DE TORREVIEJA;Torrevieja;ALICANTE;748;TERCIARIO DE TORREVIEJA;TERCIARIO DE TORREVIEJA;320;Comunidad Valenciana;11
CA0748001;2020-11-05;FE;HIERRO;µg/L;0;< 50;705332;4207772;70042;TERCIARIO DE TORREVIEJA;Torrevieja;ALICANTE;748;TERCIARIO DE TORREVIEJA;TERCIARIO DE TORREVIEJA;320;Comunidad Valenciana;11
CA0748001;2020-11-05;FENCLORFOS;FENCLORFOS;µg/L;0;< 0,0100;705332;4207772;70042;TERCIARIO DE TORREVIEJA;Torrevieja;ALICANTE;748;TERCIARIO DE TORREVIEJA;TERCIARIO DE TORREVIEJA;320;Comunidad Valenciana;11
CA0748001;2020-11-05;FONO;FONOFOS;µg/L;0;< 0,0100;705332;4207772;70042;TERCIARIO DE TORREVIEJA;Torrevieja;ALICANTE;748;TERCIARIO DE TORREVIEJA;TERCIARIO DE TORREVIEJA;320;Comunidad Valenciana;11
CA0748001;2020-11-05;HCB;Hexaclorobenceno (HCB, Perclorobenceno);µg/L;0;< 0,00250;705332;4207772;70042;TERCIARIO DE TORREVIEJA;Torrevieja;ALICANTE;748;TERCIARIO DE TORREVIEJA;TERCIARIO DE TORREVIEJA;320;Comunidad Valenciana;11
CA0748001;2020-11-05;HCBD;Hexaclorobutadieno (HCBD, Hexacloro-1,3-Butadieno);µg/L;0;< 0,060;705332;4207772;70042;TERCIARIO DE TORREVIEJA;Torrevieja;ALICANTE;748;TERCIARIO DE TORREVIEJA;TERCIARIO DE TORREVIEJA;320;Comunidad Valenciana;11
CA0748001;2020-11-05;HCHALFA;ALFA-HCH;µg/L;0;< 0,00005;705332;4207772;70042;TERCIARIO DE TORREVIEJA;Torrevieja;ALICANTE;748;TERCIARIO DE TORREVIEJA;TERCIARIO DE TORREVIEJA;320;Comunidad Valenciana;11
CA0748001;2020-11-05;HCHBETA;BETA-HCH;µg/L;0;< 0,00015;705332;4207772;70042;TERCIARIO DE TORREVIEJA;Torrevieja;ALICANTE;748;TERCIARIO DE TORREVIEJA;TERCIARIO DE TORREVIEJA;320;Comunidad Valenciana;11
CA0748001;2020-11-05;HCHDELTA;DELTA-HCH;µg/L;0;< 0,00015;705332;4207772;70042;TERCIARIO DE TORREVIEJA;Torrevieja;ALICANTE;748;TERCIARIO DE TORREVIEJA;TERCIARIO DE TORREVIEJA;320;Comunidad Valenciana;11
CA0748001;2020-11-05;HEPTACL;Heptacloro;µg/L;0;< 0,00005;705332;4207772;70042;TERCIARIO DE TORREVIEJA;Torrevieja;ALICANTE;748;TERCIARIO DE TORREVIEJA;TERCIARIO DE TORREVIEJA;320;Comunidad Valenciana;11
CA0748001;2020-11-05;HEPTACLEPO;EPOXIDO DE HEPTACLORO;µg/L;0;< 0,00005;705332;4207772;70042;TERCIARIO DE TORREVIEJA;Torrevieja;ALICANTE;748;TERCIARIO DE TORREVIEJA;TERCIARIO DE TORREVIEJA;320;Comunidad Valenciana;11
CA0748001;2020-11-05;HG;MERCURIO;µg/L Hg;54;0,054;705332;4207772;70042;TERCIARIO DE TORREVIEJA;Torrevieja;ALICANTE;748;TERCIARIO DE TORREVIEJA;TERCIARIO DE TORREVIEJA;320;Comunidad Valenciana;11
CA0748001;2020-11-05;ISODRIN;Isodrin;µg/L;0;< 0,00010;705332;4207772;70042;TERCIARIO DE TORREVIEJA;Torrevieja;ALICANTE;748;TERCIARIO DE TORREVIEJA;TERCIARIO DE TORREVIEJA;320;Comunidad Valenciana;11
CA0748001;2020-11-05;ISOPROPB;Isopropilbenceno (cumeno);µg/L;0;< 1,0;705332;4207772;70042;TERCIARIO DE TORREVIEJA;Torrevieja;ALICANTE;748;TERCIARIO DE TORREVIEJA;TERCIARIO DE TORREVIEJA;320;Comunidad Valenciana;11
CA0748001;2020-11-05;ISOPROPILTO;4-ISOPROPILTOLUENO;µg/L;0;< 1,0;705332;4207772;70042;TERCIARIO DE TORREVIEJA;Torrevieja;ALICANTE;748;TERCIARIO DE TORREVIEJA;TERCIARIO DE TORREVIEJA;320;Comunidad Valenciana;11
CA0748001;2020-11-05;ISOPROTURON;Isoproturón;µg/L;0;< 0,050;705332;4207772;70042;TERCIARIO DE TORREVIEJA;Torrevieja;ALICANTE;748;TERCIARIO DE TORREVIEJA;TERCIARIO DE TORREVIEJA;320;Comunidad Valenciana;11
CA0748001;2020-11-05;K;POTASIO;mg/L K;120;12;705332;4207772;70042;TERCIARIO DE TORREVIEJA;Torrevieja;ALICANTE;748;TERCIARIO DE TORREVIEJA;TERCIARIO DE TORREVIEJA;320;Comunidad Valenciana;11
CA0748001;2020-11-05;LIND;GAMMA-HCH (LINDANO);µg/L;0;< 0,00025;705332;4207772;70042;TERCIARIO DE TORREVIEJA;Torrevieja;ALICANTE;748;TERCIARIO DE TORREVIEJA;TERCIARIO DE TORREVIEJA;320;Comunidad Valenciana;11
CA0748001;2020-11-05;MCB;Clorobenceno (monoclorobenceno);µg/L;0;< 1,0;705332;4207772;70042;TERCIARIO DE TORREVIEJA;Torrevieja;ALICANTE;748;TERCIARIO DE TORREVIEJA;TERCIARIO DE TORREVIEJA;320;Comunidad Valenciana;11
CA0748001;2020-11-05;METOLACLORO;Metolacloro;µg/L;0;< 0,01000;705332;4207772;70042;TERCIARIO DE TORREVIEJA;Torrevieja;ALICANTE;748;TERCIARIO DE TORREVIEJA;TERCIARIO DE TORREVIEJA;320;Comunidad Valenciana;11
CA0748001;2020-11-05;METOXICLORO;Metoxicloro;µg/L;0;< 0,00025;705332;4207772;70042;TERCIARIO DE TORREVIEJA;Torrevieja;ALICANTE;748;TERCIARIO DE TORREVIEJA;TERCIARIO DE TORREVIEJA;320;Comunidad Valenciana;11
CA0748001;2020-11-05;METRIBUZINA;METRIBUZINA;µg/L;0;< 0,050;705332;4207772;70042;TERCIARIO DE TORREVIEJA;Torrevieja;ALICANTE;748;TERCIARIO DE TORREVIEJA;TERCIARIO DE TORREVIEJA;320;Comunidad Valenciana;11
CA0748001;2020-11-05;MG;MAGNESIO;mg/L Mg;300;30;705332;4207772;70042;TERCIARIO DE TORREVIEJA;Torrevieja;ALICANTE;748;TERCIARIO DE TORREVIEJA;TERCIARIO DE TORREVIEJA;320;Comunidad Valenciana;11
CA0748001;2020-11-05;MN;MANGANESO;µg/L Mn;0;< 5,0;705332;4207772;70042;TERCIARIO DE TORREVIEJA;Torrevieja;ALICANTE;748;TERCIARIO DE TORREVIEJA;TERCIARIO DE TORREVIEJA;320;Comunidad Valenciana;11
CA0748001;2020-11-05;;SODIO;mg/L Na;2370;> 200 (237)*;705332;4207772;70042;TERCIARIO DE TORREVIEJA;Torrevieja;ALICANTE;748;TERCIARIO DE TORREVIEJA;TERCIARIO DE TORREVIEJA;320;Comunidad Valenciana;11
CA0748001;2020-11-05;NAFTALENO;Naftaleno (naftalina);µg/L;0;< 0,30;705332;4207772;70042;TERCIARIO DE TORREVIEJA;Torrevieja;ALICANTE;748;TERCIARIO DE TORREVIEJA;TERCIARIO DE TORREVIEJA;320;Comunidad Valenciana;11
CA0748001;2020-11-05;N-BUB;N-BUTILBENCENO;µg/L;0;< 1,0;705332;4207772;70042;TERCIARIO DE TORREVIEJA;Torrevieja;ALICANTE;748;TERCIARIO DE TORREVIEJA;TERCIARIO DE TORREVIEJA;320;Comunidad Valenciana;11
CA0748001;2020-11-05;NH4;AMONIO;mg/L NH4;11;0,11;705332;4207772;70042;TERCIARIO DE TORREVIEJA;Torrevieja;ALICANTE;748;TERCIARIO DE TORREVIEJA;TERCIARIO DE TORREVIEJA;320;Comunidad Valenciana;11
CA0748001;2020-11-05;NI;NIQUEL;µg/L Ni;0;< 0,80;705332;4207772;70042;TERCIARIO DE TORREVIEJA;Torrevieja;ALICANTE;748;TERCIARIO DE TORREVIEJA;TERCIARIO DE TORREVIEJA;320;Comunidad Valenciana;11
CA0748001;2020-11-05;NO2;Nitritos;mg/L NO2;0;< 0,02;705332;4207772;70042;TERCIARIO DE TORREVIEJA;Torrevieja;ALICANTE;748;TERCIARIO DE TORREVIEJA;TERCIARIO DE TORREVIEJA;320;Comunidad Valenciana;11
CA0748001;2020-11-05;NO3;Nitratos;mg/L NO3;450;45;705332;4207772;70042;TERCIARIO DE TORREVIEJA;Torrevieja;ALICANTE;748;TERCIARIO DE TORREVIEJA;TERCIARIO DE TORREVIEJA;320;Comunidad Valenciana;11
CA0748001;2020-11-05;N-PROPILB;N-PROPILBENCENO;µg/L;0;< 1,0;705332;4207772;70042;TERCIARIO DE TORREVIEJA;Torrevieja;ALICANTE;748;TERCIARIO DE TORREVIEJA;TERCIARIO DE TORREVIEJA;320;Comunidad Valenciana;11
CA0748001;2020-11-05;NTOTAL;Nitrógeno total;mg/L N;100;10;705332;4207772;70042;TERCIARIO DE TORREVIEJA;Torrevieja;ALICANTE;748;TERCIARIO DE TORREVIEJA;TERCIARIO DE TORREVIEJA;320;Comunidad Valenciana;11
CA0748001;2020-11-05;O2 DTO;Oxigeno disuelto de campo (medida in situ);mg/L O2;81;8,1;705332;4207772;70042;TERCIARIO DE TORREVIEJA;Torrevieja;ALICANTE;748;TERCIARIO DE TORREVIEJA;TERCIARIO DE TORREVIEJA;320;Comunidad Valenciana;11
CA0748001;2020-11-05;O-DICLORO;1,2-diclorobenceno (o-diclorobenceno);µg/L;0;< 1,0;705332;4207772;70042;TERCIARIO DE TORREVIEJA;Torrevieja;ALICANTE;748;TERCIARIO DE TORREVIEJA;TERCIARIO DE TORREVIEJA;320;Comunidad Valenciana;11
CA0748001;2020-11-05;PAHEST;Estireno (etenilbenceno);µg/L;0;< 1,0;705332;4207772;70042;TERCIARIO DE TORREVIEJA;Torrevieja;ALICANTE;748;TERCIARIO DE TORREVIEJA;TERCIARIO DE TORREVIEJA;320;Comunidad Valenciana;11
CA0748001;2020-11-05;PB;PLOMO;µg/L Pb;0;< 0,30;705332;4207772;70042;TERCIARIO DE TORREVIEJA;Torrevieja;ALICANTE;748;TERCIARIO DE TORREVIEJA;TERCIARIO DE TORREVIEJA;320;Comunidad Valenciana;11
CA0748001;2020-11-05;PER;Tetracloroetileno (PER, Percloroetileno);µg/L;0;< 1,0;705332;4207772;70042;TERCIARIO DE TORREVIEJA;Torrevieja;ALICANTE;748;TERCIARIO DE TORREVIEJA;TERCIARIO DE TORREVIEJA;320;Comunidad Valenciana;11
CA0748001;2020-11-05;PHSITU;pH de campo (medida in situ);udpH;791;7,91 (21.9ºC);705332;4207772;70042;TERCIARIO DE TORREVIEJA;Torrevieja;ALICANTE;748;TERCIARIO DE TORREVIEJA;TERCIARIO DE TORREVIEJA;320;Comunidad Valenciana;11
CA0748001;2020-11-05;PO4;Fosfatos;mg/L PO4;0;< 0,04;705332;4207772;70042;TERCIARIO DE TORREVIEJA;Torrevieja;ALICANTE;748;TERCIARIO DE TORREVIEJA;TERCIARIO DE TORREVIEJA;320;Comunidad Valenciana;11
CA0748001;2020-11-05;PTOTAL;FOSFORO TOTAL;mg/L P;0;< 0,05;705332;4207772;70042;TERCIARIO DE TORREVIEJA;Torrevieja;ALICANTE;748;TERCIARIO DE TORREVIEJA;TERCIARIO DE TORREVIEJA;320;Comunidad Valenciana;11
CA0748001;2020-11-05;QUI;Quinoxifeno;µg/L;0;< 0,00200;705332;4207772;70042;TERCIARIO DE TORREVIEJA;Torrevieja;ALICANTE;748;TERCIARIO DE TORREVIEJA;TERCIARIO DE TORREVIEJA;320;Comunidad Valenciana;11
CA0748001;2020-11-05;SATINSI;Porcentaje de saturación de oxígeno disuelto de campo (medido in situ);% O2;920;92;705332;4207772;70042;TERCIARIO DE TORREVIEJA;Torrevieja;ALICANTE;748;TERCIARIO DE TORREVIEJA;TERCIARIO DE TORREVIEJA;320;Comunidad Valenciana;11
CA0748001;2020-11-05;S-DDD-DDT;Suma p,p´-DDD + o,p´-DDT;µg/L;0;< 0,00050;705332;4207772;70042;TERCIARIO DE TORREVIEJA;Torrevieja;ALICANTE;748;TERCIARIO DE TORREVIEJA;TERCIARIO DE TORREVIEJA;320;Comunidad Valenciana;11
CA0748001;2020-11-05;SE;SELENIO;µg/L Se;18;1,8;705332;4207772;70042;TERCIARIO DE TORREVIEJA;Torrevieja;ALICANTE;748;TERCIARIO DE TORREVIEJA;TERCIARIO DE TORREVIEJA;320;Comunidad Valenciana;11
CA0748001;2020-11-05;SECBUTB;SEC-BUTILBENCENO;µg/L;0;< 1,0;705332;4207772;70042;TERCIARIO DE TORREVIEJA;Torrevieja;ALICANTE;748;TERCIARIO DE TORREVIEJA;TERCIARIO DE TORREVIEJA;320;Comunidad Valenciana;11
CA0748001;2020-11-05;SIMAZINA;Simazina;µg/L;0;< 0,050;705332;4207772;70042;TERCIARIO DE TORREVIEJA;Torrevieja;ALICANTE;748;TERCIARIO DE TORREVIEJA;TERCIARIO DE TORREVIEJA;320;Comunidad Valenciana;11
CA0748001;2020-11-05;SUMAXILENO;Xileno (dimetilbenceno) (suma o-, m- y p-xileno);µg/L;0;< 3,0;705332;4207772;70042;TERCIARIO DE TORREVIEJA;Torrevieja;ALICANTE;748;TERCIARIO DE TORREVIEJA;TERCIARIO DE TORREVIEJA;320;Comunidad Valenciana;11
CA0748001;2020-11-05;SUMCIPER;CIPERMETRINA (SUMA ISOMEROS ALFA+BETA+TETA+ZETA);µg/L;0;0,00046;705332;4207772;70042;TERCIARIO DE TORREVIEJA;Torrevieja;ALICANTE;748;TERCIARIO DE TORREVIEJA;TERCIARIO DE TORREVIEJA;320;Comunidad Valenciana;11
CA0748001;2020-11-05;SUMDCB;Diclorobenceno (suma isómeros);µg/L;0;< 3,0;705332;4207772;70042;TERCIARIO DE TORREVIEJA;Torrevieja;ALICANTE;748;TERCIARIO DE TORREVIEJA;TERCIARIO DE TORREVIEJA;320;Comunidad Valenciana;11
CA0748001;2020-11-05;SUMDDT;DDT TOTAL (SUMA P,P'-DDT+O,P'-DDT+P,P'-DDE+P,P'-DDD);µg/L;0;< 0,00100;705332;4207772;70042;TERCIARIO DE TORREVIEJA;Torrevieja;ALICANTE;748;TERCIARIO DE TORREVIEJA;TERCIARIO DE TORREVIEJA;320;Comunidad Valenciana;11
CA0748001;2020-11-05;SUMHCH;HEXACLOROCICLOHEXANO (HCH) (SUMA ISOMEROS);µg/L;0;< 0,00060;705332;4207772;70042;TERCIARIO DE TORREVIEJA;Torrevieja;ALICANTE;748;TERCIARIO DE TORREVIEJA;TERCIARIO DE TORREVIEJA;320;Comunidad Valenciana;11
CA0748001;2020-11-05;SUMTCBEN;"Triclorobenceno (suma isómeros 1,2,3-; 1,2,4- y 1,3,5- TCB)";µg/L;0;< 0,18;705332;4207772;70042;TERCIARIO DE TORREVIEJA;Torrevieja;ALICANTE;748;TERCIARIO DE TORREVIEJA;TERCIARIO DE TORREVIEJA;320;Comunidad Valenciana;11
CA0748001;2020-11-05;SUO4;Sulfatos;mg/L SO4;1300;130;705332;4207772;70042;TERCIARIO DE TORREVIEJA;Torrevieja;ALICANTE;748;TERCIARIO DE TORREVIEJA;TERCIARIO DE TORREVIEJA;320;Comunidad Valenciana;11
CA0748001;2020-11-05;TAGUA;"TEMPERATURA ""IN SITU""";ºC;219;21,9;705332;4207772;70042;TERCIARIO DE TORREVIEJA;Torrevieja;ALICANTE;748;TERCIARIO DE TORREVIEJA;TERCIARIO DE TORREVIEJA;320;Comunidad Valenciana;11
CA0748001;2020-11-05;TBUTB;TERC-BUTILBENCENO;µg/L;0;< 1,0;705332;4207772;70042;TERCIARIO DE TORREVIEJA;Torrevieja;ALICANTE;748;TERCIARIO DE TORREVIEJA;TERCIARIO DE TORREVIEJA;320;Comunidad Valenciana;11
CA0748001;2020-11-05;TCB123;1,2,3-Triclorobenceno;µg/L;0;< 0,060;705332;4207772;70042;TERCIARIO DE TORREVIEJA;Torrevieja;ALICANTE;748;TERCIARIO DE TORREVIEJA;TERCIARIO DE TORREVIEJA;320;Comunidad Valenciana;11
CA0748001;2020-11-05;TCB124;1,2,4-Triclorobenceno;µg/L;0;< 0,060;705332;4207772;70042;TERCIARIO DE TORREVIEJA;Torrevieja;ALICANTE;748;TERCIARIO DE TORREVIEJA;TERCIARIO DE TORREVIEJA;320;Comunidad Valenciana;11
CA0748001;2020-11-05;TCB135;1,3,5-Triclorobenceno;µg/L;0;< 0,060;705332;4207772;70042;TERCIARIO DE TORREVIEJA;Torrevieja;ALICANTE;748;TERCIARIO DE TORREVIEJA;TERCIARIO DE TORREVIEJA;320;Comunidad Valenciana;11
CA0748001;2020-11-05;TCE;1,1,1-TRICLOROETANO;µg/L;0;< 1,0;705332;4207772;70042;TERCIARIO DE TORREVIEJA;Torrevieja;ALICANTE;748;TERCIARIO DE TORREVIEJA;TERCIARIO DE TORREVIEJA;320;Comunidad Valenciana;11
CA0748001;2020-11-05;TERAZ;Terbutilazina;µg/L;0;< 0,010;705332;4207772;70042;TERCIARIO DE TORREVIEJA;Torrevieja;ALICANTE;748;TERCIARIO DE TORREVIEJA;TERCIARIO DE TORREVIEJA;320;Comunidad Valenciana;11
CA0748001;2020-11-05;TERBUTRINA;Terbutrina;µg/L;0;< 0,050;705332;4207772;70042;TERCIARIO DE TORREVIEJA;Torrevieja;ALICANTE;748;TERCIARIO DE TORREVIEJA;TERCIARIO DE TORREVIEJA;320;Comunidad Valenciana;11
CA0748001;2020-11-05;TETRA;Tetracloruro de carbono (Tetraclorometano, Perclorometano);µg/L;0;< 1,0;705332;4207772;70042;TERCIARIO DE TORREVIEJA;Torrevieja;ALICANTE;748;TERCIARIO DE TORREVIEJA;TERCIARIO DE TORREVIEJA;320;Comunidad Valenciana;11
CA0748001;2020-11-05;TETRTRI;Tricloroetileno + Tetracloroetileno (Percloroetileno);µg/L;0;< 2,0;705332;4207772;70042;TERCIARIO DE TORREVIEJA;Torrevieja;ALICANTE;748;TERCIARIO DE TORREVIEJA;TERCIARIO DE TORREVIEJA;320;Comunidad Valenciana;11
CA0748001;2020-11-05;THMBR;DIBROMOMETANO;µg/L;0;< 1,0;705332;4207772;70042;TERCIARIO DE TORREVIEJA;Torrevieja;ALICANTE;748;TERCIARIO DE TORREVIEJA;TERCIARIO DE TORREVIEJA;320;Comunidad Valenciana;11
CA0748001;2020-11-05;THMBR2CL;Bromodiclorometano;µg/l;0;< 1,0;705332;4207772;70042;TERCIARIO DE TORREVIEJA;Torrevieja;ALICANTE;748;TERCIARIO DE TORREVIEJA;TERCIARIO DE TORREVIEJA;320;Comunidad Valenciana;11
CA0748001;2020-11-05;THMBRCL;BROMOCLOROMETANO;µg/L;0;< 1,0;705332;4207772;70042;TERCIARIO DE TORREVIEJA;Torrevieja;ALICANTE;748;TERCIARIO DE TORREVIEJA;TERCIARIO DE TORREVIEJA;320;Comunidad Valenciana;11
CA0748001;2020-11-05;THMBRCL2;DIBROMOCLOROMETANO (Trihalometanos);µg/L;0;< 1,0;705332;4207772;70042;TERCIARIO DE TORREVIEJA;Torrevieja;ALICANTE;748;TERCIARIO DE TORREVIEJA;TERCIARIO DE TORREVIEJA;320;Comunidad Valenciana;11
CA0748001;2020-11-05;THMBRF;BROMOFORMO;µg/L;0;< 1,0;705332;4207772;70042;TERCIARIO DE TORREVIEJA;Torrevieja;ALICANTE;748;TERCIARIO DE TORREVIEJA;TERCIARIO DE TORREVIEJA;320;Comunidad Valenciana;11
CA0748001;2020-11-05;THMDCM;DICLOROMETANO;µg/L;0;< 20;705332;4207772;70042;TERCIARIO DE TORREVIEJA;Torrevieja;ALICANTE;748;TERCIARIO DE TORREVIEJA;TERCIARIO DE TORREVIEJA;320;Comunidad Valenciana;11
CA0748001;2020-11-05;TMB1;1,2,4-trimetilbenceno;µg/l;0;< 1,0;705332;4207772;70042;TERCIARIO DE TORREVIEJA;Torrevieja;ALICANTE;748;TERCIARIO DE TORREVIEJA;TERCIARIO DE TORREVIEJA;320;Comunidad Valenciana;11
CA0748001;2020-11-05;TMB2;1,3,5-TRIMETILBENCENO;µg/L;0;< 1,0;705332;4207772;70042;TERCIARIO DE TORREVIEJA;Torrevieja;ALICANTE;748;TERCIARIO DE TORREVIEJA;TERCIARIO DE TORREVIEJA;320;Comunidad Valenciana;11
CA0748001;2020-11-05;TOL;Tolueno (Metilbenceno);µg/L;0;< 1,0;705332;4207772;70042;TERCIARIO DE TORREVIEJA;Torrevieja;ALICANTE;748;TERCIARIO DE TORREVIEJA;TERCIARIO DE TORREVIEJA;320;Comunidad Valenciana;11
CA0748001;2020-11-05;TRIAZO_2;TRIAZOFOS;µg/L;0;< 0,0100;705332;4207772;70042;TERCIARIO DE TORREVIEJA;Torrevieja;ALICANTE;748;TERCIARIO DE TORREVIEJA;TERCIARIO DE TORREVIEJA;320;Comunidad Valenciana;11
CA0748001;2020-11-05;TRICLOET;Tricloroetileno (TRI);µg/L;0;< 1,0;705332;4207772;70042;TERCIARIO DE TORREVIEJA;Torrevieja;ALICANTE;748;TERCIARIO DE TORREVIEJA;TERCIARIO DE TORREVIEJA;320;Comunidad Valenciana;11
CA0748001;2020-11-05;TRIFLURALINA;Trifluralina;µg/L;0;< 0,0060;705332;4207772;70042;TERCIARIO DE TORREVIEJA;Torrevieja;ALICANTE;748;TERCIARIO DE TORREVIEJA;TERCIARIO DE TORREVIEJA;320;Comunidad Valenciana;11
CA0748001;2020-11-05;XILM+P;SUMA M+P XILENO;µg/L;0;< 2,0;705332;4207772;70042;TERCIARIO DE TORREVIEJA;Torrevieja;ALICANTE;748;TERCIARIO DE TORREVIEJA;TERCIARIO DE TORREVIEJA;320;Comunidad Valenciana;11
CA0748001;2020-11-05;XIL-O;O-XILENO;µg/L;0;< 1,0;705332;4207772;70042;TERCIARIO DE TORREVIEJA;Torrevieja;ALICANTE;748;TERCIARIO DE TORREVIEJA;TERCIARIO DE TORREVIEJA;320;Comunidad Valenciana;11
CA0748001;2020-11-05;ZN;ZINC;µg/l Zn;230;23;705332;4207772;70042;TERCIARIO DE TORREVIEJA;Torrevieja;ALICANTE;748;TERCIARIO DE TORREVIEJA;TERCIARIO DE TORREVIEJA;320;Comunidad Valenciana;11
CA0748001;2021-01-14;12DIBR;1,2-DIBROMOETANO;µg/L;0;< 1,0;705332;4207772;70042;TERCIARIO DE TORREVIEJA;Torrevieja;ALICANTE;748;TERCIARIO DE TORREVIEJA;TERCIARIO DE TORREVIEJA;320;Comunidad Valenciana;1
CA0748001;2021-01-14;2BR2CLPRO;1,2-DIBROMO-3-CLOROPROPANO;µg/L;0;< 2,0;705332;4207772;70042;TERCIARIO DE TORREVIEJA;Torrevieja;ALICANTE;748;TERCIARIO DE TORREVIEJA;TERCIARIO DE TORREVIEJA;320;Comunidad Valenciana;1
CA0748001;2021-01-14;2CLETA;1,1-DICLOROETANO;µg/L;0;< 1,0;705332;4207772;70042;TERCIARIO DE TORREVIEJA;Torrevieja;ALICANTE;748;TERCIARIO DE TORREVIEJA;TERCIARIO DE TORREVIEJA;320;Comunidad Valenciana;1
CA0748001;2021-01-14;2CLETE;1,1-DICLOROETENO;µg/L;0;< 1,0;705332;4207772;70042;TERCIARIO DE TORREVIEJA;Torrevieja;ALICANTE;748;TERCIARIO DE TORREVIEJA;TERCIARIO DE TORREVIEJA;320;Comunidad Valenciana;1
CA0748001;2021-01-14;2CLETE2;1,2-DICLOROETENO;µg/L;0;< 2,0;705332;4207772;70042;TERCIARIO DE TORREVIEJA;Torrevieja;ALICANTE;748;TERCIARIO DE TORREVIEJA;TERCIARIO DE TORREVIEJA;320;Comunidad Valenciana;1
CA0748001;2021-01-14;2CLETEN;TRANS-1,2-DICLOROETENO;µg/L;0;< 1,0;705332;4207772;70042;TERCIARIO DE TORREVIEJA;Torrevieja;ALICANTE;748;TERCIARIO DE TORREVIEJA;TERCIARIO DE TORREVIEJA;320;Comunidad Valenciana;1
CA0748001;2021-01-14;2CLPRO;1,3-DICLOROPROPANO;µg/L;0;< 1,0;705332;4207772;70042;TERCIARIO DE TORREVIEJA;Torrevieja;ALICANTE;748;TERCIARIO DE TORREVIEJA;TERCIARIO DE TORREVIEJA;320;Comunidad Valenciana;1
CA0748001;2021-01-14;2CLPROCIS;CIS-1,3-DICLOROPROPENO;µg/L;0;< 1,0;705332;4207772;70042;TERCIARIO DE TORREVIEJA;Torrevieja;ALICANTE;748;TERCIARIO DE TORREVIEJA;TERCIARIO DE TORREVIEJA;320;Comunidad Valenciana;1
CA0748001;2021-01-14;2CLPROPA;1,2-DICLOROPROPANO;µg/L;0;< 1,0;705332;4207772;70042;TERCIARIO DE TORREVIEJA;Torrevieja;ALICANTE;748;TERCIARIO DE TORREVIEJA;TERCIARIO DE TORREVIEJA;320;Comunidad Valenciana;1
CA0748001;2021-01-14;2CLPROPA2;2,2-DICLOROPROPANO;µg/L;0;< 1,0;705332;4207772;70042;TERCIARIO DE TORREVIEJA;Torrevieja;ALICANTE;748;TERCIARIO DE TORREVIEJA;TERCIARIO DE TORREVIEJA;320;Comunidad Valenciana;1
CA0748001;2021-01-14;2CLPROPE;1,1-DICLOROPROPENO;µg/L;0;< 1,0;705332;4207772;70042;TERCIARIO DE TORREVIEJA;Torrevieja;ALICANTE;748;TERCIARIO DE TORREVIEJA;TERCIARIO DE TORREVIEJA;320;Comunidad Valenciana;1
CA0748001;2021-01-14;2CLPROPE2;TRANS-1,3-DICLOROPROPENO;µg/L;0;< 1,0;705332;4207772;70042;TERCIARIO DE TORREVIEJA;Torrevieja;ALICANTE;748;TERCIARIO DE TORREVIEJA;TERCIARIO DE TORREVIEJA;320;Comunidad Valenciana;1
CA0748001;2021-01-14;3CLETA;1,1,2-TRICLOROETANO;µg/L;0;< 1,0;705332;4207772;70042;TERCIARIO DE TORREVIEJA;Torrevieja;ALICANTE;748;TERCIARIO DE TORREVIEJA;TERCIARIO DE TORREVIEJA;320;Comunidad Valenciana;1
CA0748001;2021-01-14;3CLPRO;1,2,3-TRICLOROPROPANO;µg/L;0;< 1,0;705332;4207772;70042;TERCIARIO DE TORREVIEJA;Torrevieja;ALICANTE;748;TERCIARIO DE TORREVIEJA;TERCIARIO DE TORREVIEJA;320;Comunidad Valenciana;1
CA0748001;2021-01-14;4CLETA;1,1,1,2-TETRACLOROETANO;µg/L;0;< 1,0;705332;4207772;70042;TERCIARIO DE TORREVIEJA;Torrevieja;ALICANTE;748;TERCIARIO DE TORREVIEJA;TERCIARIO DE TORREVIEJA;320;Comunidad Valenciana;1
CA0748001;2021-01-14;4CLETA2;1,1,2,2-TETRACLOROETANO;µg/L;0;< 1,0;705332;4207772;70042;TERCIARIO DE TORREVIEJA;Torrevieja;ALICANTE;748;TERCIARIO DE TORREVIEJA;TERCIARIO DE TORREVIEJA;320;Comunidad Valenciana;1
CA0748001;2021-01-14;6CLET;HEXACLOROETANO;µg/L;0;< 1,0;705332;4207772;70042;TERCIARIO DE TORREVIEJA;Torrevieja;ALICANTE;748;TERCIARIO DE TORREVIEJA;TERCIARIO DE TORREVIEJA;320;Comunidad Valenciana;1
CA0748001;2021-01-14;AS;ARSENICO;µg/L As;0;< 5,0;705332;4207772;70042;TERCIARIO DE TORREVIEJA;Torrevieja;ALICANTE;748;TERCIARIO DE TORREVIEJA;TERCIARIO DE TORREVIEJA;320;Comunidad Valenciana;1
CA0748001;2021-01-14;B;BORO;µg/L B;4200;420;705332;4207772;70042;TERCIARIO DE TORREVIEJA;Torrevieja;ALICANTE;748;TERCIARIO DE TORREVIEJA;TERCIARIO DE TORREVIEJA;320;Comunidad Valenciana;1
CA0748001;2021-01-14;BENCENO;BENCENO;µg/L;0;< 0,30;705332;4207772;70042;TERCIARIO DE TORREVIEJA;Torrevieja;ALICANTE;748;TERCIARIO DE TORREVIEJA;TERCIARIO DE TORREVIEJA;320;Comunidad Valenciana;1
CA0748001;2021-01-14;BICARB;BICARBONATOS;mg/L HCO3-;2050;205;705332;4207772;70042;TERCIARIO DE TORREVIEJA;Torrevieja;ALICANTE;748;TERCIARIO DE TORREVIEJA;TERCIARIO DE TORREVIEJA;320;Comunidad Valenciana;1
CA0748001;2021-01-14;BRB;BROMOBENCENO;µg/L;0;< 1,0;705332;4207772;70042;TERCIARIO DE TORREVIEJA;Torrevieja;ALICANTE;748;TERCIARIO DE TORREVIEJA;TERCIARIO DE TORREVIEJA;320;Comunidad Valenciana;1
CA0748001;2021-01-14;CA;CALCIO;mg/L Ca;370;37;705332;4207772;70042;TERCIARIO DE TORREVIEJA;Torrevieja;ALICANTE;748;TERCIARIO DE TORREVIEJA;TERCIARIO DE TORREVIEJA;320;Comunidad Valenciana;1
CA0748001;2021-01-14;CD;CADMIO;µg/L Cd;0;< 0,02;705332;4207772;70042;TERCIARIO DE TORREVIEJA;Torrevieja;ALICANTE;748;TERCIARIO DE TORREVIEJA;TERCIARIO DE TORREVIEJA;320;Comunidad Valenciana;1
CA0748001;2021-01-14;CL;Cloruros;mg/L Cl;3970;397;705332;4207772;70042;TERCIARIO DE TORREVIEJA;Torrevieja;ALICANTE;748;TERCIARIO DE TORREVIEJA;TERCIARIO DE TORREVIEJA;320;Comunidad Valenciana;1
CA0748001;2021-01-14;CLF;Cloroformo (Triclorometano);µg/L;57;5,7;705332;4207772;70042;TERCIARIO DE TORREVIEJA;Torrevieja;ALICANTE;748;TERCIARIO DE TORREVIEJA;TERCIARIO DE TORREVIEJA;320;Comunidad Valenciana;1
CA0748001;2021-01-14;CLTO2;4-CLOROTOLUENO;µg/L;0;< 1,0;705332;4207772;70042;TERCIARIO DE TORREVIEJA;Torrevieja;ALICANTE;748;TERCIARIO DE TORREVIEJA;TERCIARIO DE TORREVIEJA;320;Comunidad Valenciana;1
CA0748001;2021-01-14;CLTOL;2-CLOROTOLUENO;µg/L;0;< 1,0;705332;4207772;70042;TERCIARIO DE TORREVIEJA;Torrevieja;ALICANTE;748;TERCIARIO DE TORREVIEJA;TERCIARIO DE TORREVIEJA;320;Comunidad Valenciana;1
CA0748001;2021-01-14;COND20SITU;Conductividad de campo (medida in situ);µS/cm;17400;1740;705332;4207772;70042;TERCIARIO DE TORREVIEJA;Torrevieja;ALICANTE;748;TERCIARIO DE TORREVIEJA;TERCIARIO DE TORREVIEJA;320;Comunidad Valenciana;1
CA0748001;2021-01-14;CR;CROMO;µg/L Cr;0;< 5,0;705332;4207772;70042;TERCIARIO DE TORREVIEJA;Torrevieja;ALICANTE;748;TERCIARIO DE TORREVIEJA;TERCIARIO DE TORREVIEJA;320;Comunidad Valenciana;1
CA0748001;2021-01-14;CU;COBRE;µg/L Cu;0;< 0,80;705332;4207772;70042;TERCIARIO DE TORREVIEJA;Torrevieja;ALICANTE;748;TERCIARIO DE TORREVIEJA;TERCIARIO DE TORREVIEJA;320;Comunidad Valenciana;1
CA0748001;2021-01-14;DCB-M;1,3-diclorobenceno (m-diclorobenceno);µg/L;0;< 1,0;705332;4207772;70042;TERCIARIO DE TORREVIEJA;Torrevieja;ALICANTE;748;TERCIARIO DE TORREVIEJA;TERCIARIO DE TORREVIEJA;320;Comunidad Valenciana;1
CA0748001;2021-01-14;DCB-P;1,4-diclorobenceno (p-diclorobenceno);µg/L;0;< 1,0;705332;4207772;70042;TERCIARIO DE TORREVIEJA;Torrevieja;ALICANTE;748;TERCIARIO DE TORREVIEJA;TERCIARIO DE TORREVIEJA;320;Comunidad Valenciana;1
CA0748001;2021-01-14;DCE;1,2-dicloroetano (EDC, cloruro de etileno);µg/L;0;< 1,0;705332;4207772;70042;TERCIARIO DE TORREVIEJA;Torrevieja;ALICANTE;748;TERCIARIO DE TORREVIEJA;TERCIARIO DE TORREVIEJA;320;Comunidad Valenciana;1
CA0748001;2021-01-14;DICLETE-CIS;CIS-1,2-DICLOROETENO;µg/L;0;< 1,0;705332;4207772;70042;TERCIARIO DE TORREVIEJA;Torrevieja;ALICANTE;748;TERCIARIO DE TORREVIEJA;TERCIARIO DE TORREVIEJA;320;Comunidad Valenciana;1
CA0748001;2021-01-14;DQO;DQO o Demanda Química de Oxígeno;mg/L O2;0;< 15;705332;4207772;70042;TERCIARIO DE TORREVIEJA;Torrevieja;ALICANTE;748;TERCIARIO DE TORREVIEJA;TERCIARIO DE TORREVIEJA;320;Comunidad Valenciana;1
CA0748001;2021-01-14;ETBENCENO;Etilbenceno;µg/L;0;< 1,0;705332;4207772;70042;TERCIARIO DE TORREVIEJA;Torrevieja;ALICANTE;748;TERCIARIO DE TORREVIEJA;TERCIARIO DE TORREVIEJA;320;Comunidad Valenciana;1
CA0748001;2021-01-14;FE;HIERRO;µg/L;0;< 50;705332;4207772;70042;TERCIARIO DE TORREVIEJA;Torrevieja;ALICANTE;748;TERCIARIO DE TORREVIEJA;TERCIARIO DE TORREVIEJA;320;Comunidad Valenciana;1
CA0748001;2021-01-14;HCBD;Hexaclorobutadieno (HCBD, Hexacloro-1,3-Butadieno);µg/L;0;< 0,060;705332;4207772;70042;TERCIARIO DE TORREVIEJA;Torrevieja;ALICANTE;748;TERCIARIO DE TORREVIEJA;TERCIARIO DE TORREVIEJA;320;Comunidad Valenciana;1
CA0748001;2021-01-14;HG;MERCURIO;µg/L Hg;0;< 0,045;705332;4207772;70042;TERCIARIO DE TORREVIEJA;Torrevieja;ALICANTE;748;TERCIARIO DE TORREVIEJA;TERCIARIO DE TORREVIEJA;320;Comunidad Valenciana;1
CA0748001;2021-01-14;ISOPROPB;Isopropilbenceno (cumeno);µg/L;0;< 1,0;705332;4207772;70042;TERCIARIO DE TORREVIEJA;Torrevieja;ALICANTE;748;TERCIARIO DE TORREVIEJA;TERCIARIO DE TORREVIEJA;320;Comunidad Valenciana;1
CA0748001;2021-01-14;ISOPROPILTO;4-ISOPROPILTOLUENO;µg/L;0;< 1,0;705332;4207772;70042;TERCIARIO DE TORREVIEJA;Torrevieja;ALICANTE;748;TERCIARIO DE TORREVIEJA;TERCIARIO DE TORREVIEJA;320;Comunidad Valenciana;1
CA0748001;2021-01-14;K;POTASIO;mg/L K;170;17;705332;4207772;70042;TERCIARIO DE TORREVIEJA;Torrevieja;ALICANTE;748;TERCIARIO DE TORREVIEJA;TERCIARIO DE TORREVIEJA;320;Comunidad Valenciana;1
CA0748001;2021-01-14;MCB;Clorobenceno (monoclorobenceno);µg/L;0;< 1,0;705332;4207772;70042;TERCIARIO DE TORREVIEJA;Torrevieja;ALICANTE;748;TERCIARIO DE TORREVIEJA;TERCIARIO DE TORREVIEJA;320;Comunidad Valenciana;1
CA0748001;2021-01-14;MG;MAGNESIO;mg/L Mg;310;31;705332;4207772;70042;TERCIARIO DE TORREVIEJA;Torrevieja;ALICANTE;748;TERCIARIO DE TORREVIEJA;TERCIARIO DE TORREVIEJA;320;Comunidad Valenciana;1
CA0748001;2021-01-14;MN;MANGANESO;µg/L Mn;0;< 5,0;705332;4207772;70042;TERCIARIO DE TORREVIEJA;Torrevieja;ALICANTE;748;TERCIARIO DE TORREVIEJA;TERCIARIO DE TORREVIEJA;320;Comunidad Valenciana;1
CA0748001;2021-01-14;;SODIO;mg/L Na;2690;> 200 (269)*;705332;4207772;70042;TERCIARIO DE TORREVIEJA;Torrevieja;ALICANTE;748;TERCIARIO DE TORREVIEJA;TERCIARIO DE TORREVIEJA;320;Comunidad Valenciana;1
CA0748001;2021-01-14;NAFTALENO;Naftaleno (naftalina);µg/L;0;< 0,30;705332;4207772;70042;TERCIARIO DE TORREVIEJA;Torrevieja;ALICANTE;748;TERCIARIO DE TORREVIEJA;TERCIARIO DE TORREVIEJA;320;Comunidad Valenciana;1
CA0748001;2021-01-14;N-BUB;N-BUTILBENCENO;µg/L;0;< 1,0;705332;4207772;70042;TERCIARIO DE TORREVIEJA;Torrevieja;ALICANTE;748;TERCIARIO DE TORREVIEJA;TERCIARIO DE TORREVIEJA;320;Comunidad Valenciana;1
CA0748001;2021-01-14;NH4;AMONIO;mg/L NH4;0;< 0,10;705332;4207772;70042;TERCIARIO DE TORREVIEJA;Torrevieja;ALICANTE;748;TERCIARIO DE TORREVIEJA;TERCIARIO DE TORREVIEJA;320;Comunidad Valenciana;1
CA0748001;2021-01-14;NI;NIQUEL;µg/L Ni;0;< 0,80;705332;4207772;70042;TERCIARIO DE TORREVIEJA;Torrevieja;ALICANTE;748;TERCIARIO DE TORREVIEJA;TERCIARIO DE TORREVIEJA;320;Comunidad Valenciana;1
CA0748001;2021-01-14;NO2;Nitritos;mg/L NO2;0;< 0,020;705332;4207772;70042;TERCIARIO DE TORREVIEJA;Torrevieja;ALICANTE;748;TERCIARIO DE TORREVIEJA;TERCIARIO DE TORREVIEJA;320;Comunidad Valenciana;1
CA0748001;2021-01-14;NO3;Nitratos;mg/L NO3;560;56;705332;4207772;70042;TERCIARIO DE TORREVIEJA;Torrevieja;ALICANTE;748;TERCIARIO DE TORREVIEJA;TERCIARIO DE TORREVIEJA;320;Comunidad Valenciana;1
CA0748001;2021-01-14;N-PROPILB;N-PROPILBENCENO;µg/L;0;< 1,0;705332;4207772;70042;TERCIARIO DE TORREVIEJA;Torrevieja;ALICANTE;748;TERCIARIO DE TORREVIEJA;TERCIARIO DE TORREVIEJA;320;Comunidad Valenciana;1
CA0748001;2021-01-14;NTOTAL;Nitrógeno total;mg/L N;190;19;705332;4207772;70042;TERCIARIO DE TORREVIEJA;Torrevieja;ALICANTE;748;TERCIARIO DE TORREVIEJA;TERCIARIO DE TORREVIEJA;320;Comunidad Valenciana;1
CA0748001;2021-01-14;O2 DTO;Oxigeno disuelto de campo (medida in situ);mg/L O2;861;8,61;705332;4207772;70042;TERCIARIO DE TORREVIEJA;Torrevieja;ALICANTE;748;TERCIARIO DE TORREVIEJA;TERCIARIO DE TORREVIEJA;320;Comunidad Valenciana;1
CA0748001;2021-01-14;O-DICLORO;1,2-diclorobenceno (o-diclorobenceno);µg/L;0;< 1,0;705332;4207772;70042;TERCIARIO DE TORREVIEJA;Torrevieja;ALICANTE;748;TERCIARIO DE TORREVIEJA;TERCIARIO DE TORREVIEJA;320;Comunidad Valenciana;1
CA0748001;2021-01-14;PAHEST;Estireno (etenilbenceno);µg/L;0;< 1,0;705332;4207772;70042;TERCIARIO DE TORREVIEJA;Torrevieja;ALICANTE;748;TERCIARIO DE TORREVIEJA;TERCIARIO DE TORREVIEJA;320;Comunidad Valenciana;1
CA0748001;2021-01-14;PB;PLOMO;µg/L Pb;0;< 0,30;705332;4207772;70042;TERCIARIO DE TORREVIEJA;Torrevieja;ALICANTE;748;TERCIARIO DE TORREVIEJA;TERCIARIO DE TORREVIEJA;320;Comunidad Valenciana;1
CA0748001;2021-01-14;PER;Tetracloroetileno (PER, Percloroetileno);µg/L;0;< 1,0;705332;4207772;70042;TERCIARIO DE TORREVIEJA;Torrevieja;ALICANTE;748;TERCIARIO DE TORREVIEJA;TERCIARIO DE TORREVIEJA;320;Comunidad Valenciana;1
CA0748001;2021-01-14;PHSITU;pH de campo (medida in situ);udpH;813;8,13 (16.2ºC);705332;4207772;70042;TERCIARIO DE TORREVIEJA;Torrevieja;ALICANTE;748;TERCIARIO DE TORREVIEJA;TERCIARIO DE TORREVIEJA;320;Comunidad Valenciana;1
CA0748001;2021-01-14;PO4;Fosfatos;mg/L PO4;0;< 0,040;705332;4207772;70042;TERCIARIO DE TORREVIEJA;Torrevieja;ALICANTE;748;TERCIARIO DE TORREVIEJA;TERCIARIO DE TORREVIEJA;320;Comunidad Valenciana;1
CA0748001;2021-01-14;PTOTAL;FOSFORO TOTAL;mg/L P;0;< 0,05;705332;4207772;70042;TERCIARIO DE TORREVIEJA;Torrevieja;ALICANTE;748;TERCIARIO DE TORREVIEJA;TERCIARIO DE TORREVIEJA;320;Comunidad Valenciana;1
CA0748001;2021-01-14;SATINSI;Porcentaje de saturación de oxígeno disuelto de campo (medido in situ);% O2;823;82,3;705332;4207772;70042;TERCIARIO DE TORREVIEJA;Torrevieja;ALICANTE;748;TERCIARIO DE TORREVIEJA;TERCIARIO DE TORREVIEJA;320;Comunidad Valenciana;1
CA0748001;2021-01-14;SE;SELENIO;µg/L Se;16;1,6;705332;4207772;70042;TERCIARIO DE TORREVIEJA;Torrevieja;ALICANTE;748;TERCIARIO DE TORREVIEJA;TERCIARIO DE TORREVIEJA;320;Comunidad Valenciana;1
CA0748001;2021-01-14;SECBUTB;SEC-BUTILBENCENO;µg/L;0;< 1,0;705332;4207772;70042;TERCIARIO DE TORREVIEJA;Torrevieja;ALICANTE;748;TERCIARIO DE TORREVIEJA;TERCIARIO DE TORREVIEJA;320;Comunidad Valenciana;1
CA0748001;2021-01-14;SUMAXILENO;Xileno (dimetilbenceno) (suma o-, m- y p-xileno);µg/L;0;< 3,0;705332;4207772;70042;TERCIARIO DE TORREVIEJA;Torrevieja;ALICANTE;748;TERCIARIO DE TORREVIEJA;TERCIARIO DE TORREVIEJA;320;Comunidad Valenciana;1
CA0748001;2021-01-14;SUMDCB;Diclorobenceno (suma isómeros);µg/L;0;< 3,0;705332;4207772;70042;TERCIARIO DE TORREVIEJA;Torrevieja;ALICANTE;748;TERCIARIO DE TORREVIEJA;TERCIARIO DE TORREVIEJA;320;Comunidad Valenciana;1
CA0748001;2021-01-14;SUMTCBEN;"Triclorobenceno (suma isómeros 1,2,3-; 1,2,4- y 1,3,5- TCB)";µg/L;0;< 0,18;705332;4207772;70042;TERCIARIO DE TORREVIEJA;Torrevieja;ALICANTE;748;TERCIARIO DE TORREVIEJA;TERCIARIO DE TORREVIEJA;320;Comunidad Valenciana;1
CA0748001;2021-01-14;SUO4;Sulfatos;mg/L SO4;1210;121;705332;4207772;70042;TERCIARIO DE TORREVIEJA;Torrevieja;ALICANTE;748;TERCIARIO DE TORREVIEJA;TERCIARIO DE TORREVIEJA;320;Comunidad Valenciana;1
CA0748001;2021-01-14;TAGUA;"TEMPERATURA ""IN SITU""";ºC;861;8,61;705332;4207772;70042;TERCIARIO DE TORREVIEJA;Torrevieja;ALICANTE;748;TERCIARIO DE TORREVIEJA;TERCIARIO DE TORREVIEJA;320;Comunidad Valenciana;1
CA0748001;2021-01-14;TBUTB;TERC-BUTILBENCENO;µg/L;0;< 1,0;705332;4207772;70042;TERCIARIO DE TORREVIEJA;Torrevieja;ALICANTE;748;TERCIARIO DE TORREVIEJA;TERCIARIO DE TORREVIEJA;320;Comunidad Valenciana;1
CA0748001;2021-01-14;TCB123;1,2,3-Triclorobenceno;µg/L;0;< 0,060;705332;4207772;70042;TERCIARIO DE TORREVIEJA;Torrevieja;ALICANTE;748;TERCIARIO DE TORREVIEJA;TERCIARIO DE TORREVIEJA;320;Comunidad Valenciana;1
CA0748001;2021-01-14;TCB124;1,2,4-Triclorobenceno;µg/L;0;< 0,060;705332;4207772;70042;TERCIARIO DE TORREVIEJA;Torrevieja;ALICANTE;748;TERCIARIO DE TORREVIEJA;TERCIARIO DE TORREVIEJA;320;Comunidad Valenciana;1
CA0748001;2021-01-14;TCB135;1,3,5-Triclorobenceno;µg/L;0;< 0,060;705332;4207772;70042;TERCIARIO DE TORREVIEJA;Torrevieja;ALICANTE;748;TERCIARIO DE TORREVIEJA;TERCIARIO DE TORREVIEJA;320;Comunidad Valenciana;1
CA0748001;2021-01-14;TCE;1,1,1-TRICLOROETANO;µg/L;0;< 1,0;705332;4207772;70042;TERCIARIO DE TORREVIEJA;Torrevieja;ALICANTE;748;TERCIARIO DE TORREVIEJA;TERCIARIO DE TORREVIEJA;320;Comunidad Valenciana;1
CA0748001;2021-01-14;TETRA;Tetracloruro de carbono (Tetraclorometano, Perclorometano);µg/L;0;< 1,0;705332;4207772;70042;TERCIARIO DE TORREVIEJA;Torrevieja;ALICANTE;748;TERCIARIO DE TORREVIEJA;TERCIARIO DE TORREVIEJA;320;Comunidad Valenciana;1
CA0748001;2021-01-14;TETRTRI;Tricloroetileno + Tetracloroetileno (Percloroetileno);µg/L;0;< 2,0;705332;4207772;70042;TERCIARIO DE TORREVIEJA;Torrevieja;ALICANTE;748;TERCIARIO DE TORREVIEJA;TERCIARIO DE TORREVIEJA;320;Comunidad Valenciana;1
CA0748001;2021-01-14;THMBR;DIBROMOMETANO;µg/L;0;< 1,0;705332;4207772;70042;TERCIARIO DE TORREVIEJA;Torrevieja;ALICANTE;748;TERCIARIO DE TORREVIEJA;TERCIARIO DE TORREVIEJA;320;Comunidad Valenciana;1
CA0748001;2021-01-14;THMBR2CL;Bromodiclorometano;µg/l;0;< 1,0;705332;4207772;70042;TERCIARIO DE TORREVIEJA;Torrevieja;ALICANTE;748;TERCIARIO DE TORREVIEJA;TERCIARIO DE TORREVIEJA;320;Comunidad Valenciana;1
CA0748001;2021-01-14;THMBRCL;BROMOCLOROMETANO;µg/L;14;1,4;705332;4207772;70042;TERCIARIO DE TORREVIEJA;Torrevieja;ALICANTE;748;TERCIARIO DE TORREVIEJA;TERCIARIO DE TORREVIEJA;320;Comunidad Valenciana;1
CA0748001;2021-01-14;THMBRCL2;DIBROMOCLOROMETANO (Trihalometanos);µg/L;0;< 1,0;705332;4207772;70042;TERCIARIO DE TORREVIEJA;Torrevieja;ALICANTE;748;TERCIARIO DE TORREVIEJA;TERCIARIO DE TORREVIEJA;320;Comunidad Valenciana;1
CA0748001;2021-01-14;THMBRF;BROMOFORMO;µg/L;0;< 1,0;705332;4207772;70042;TERCIARIO DE TORREVIEJA;Torrevieja;ALICANTE;748;TERCIARIO DE TORREVIEJA;TERCIARIO DE TORREVIEJA;320;Comunidad Valenciana;1
CA0748001;2021-01-14;THMDCM;DICLOROMETANO;µg/L;0;< 20;705332;4207772;70042;TERCIARIO DE TORREVIEJA;Torrevieja;ALICANTE;748;TERCIARIO DE TORREVIEJA;TERCIARIO DE TORREVIEJA;320;Comunidad Valenciana;1
CA0748001;2021-01-14;TMB1;1,2,4-trimetilbenceno;µg/l;0;< 1,0;705332;4207772;70042;TERCIARIO DE TORREVIEJA;Torrevieja;ALICANTE;748;TERCIARIO DE TORREVIEJA;TERCIARIO DE TORREVIEJA;320;Comunidad Valenciana;1
CA0748001;2021-01-14;TMB2;1,3,5-TRIMETILBENCENO;µg/L;0;< 1,0;705332;4207772;70042;TERCIARIO DE TORREVIEJA;Torrevieja;ALICANTE;748;TERCIARIO DE TORREVIEJA;TERCIARIO DE TORREVIEJA;320;Comunidad Valenciana;1
CA0748001;2021-01-14;TOL;Tolueno (Metilbenceno);µg/L;0;< 1,0;705332;4207772;70042;TERCIARIO DE TORREVIEJA;Torrevieja;ALICANTE;748;TERCIARIO DE TORREVIEJA;TERCIARIO DE TORREVIEJA;320;Comunidad Valenciana;1
CA0748001;2021-01-14;TRICLOET;Tricloroetileno (TRI);µg/L;0;< 1,0;705332;4207772;70042;TERCIARIO DE TORREVIEJA;Torrevieja;ALICANTE;748;TERCIARIO DE TORREVIEJA;TERCIARIO DE TORREVIEJA;320;Comunidad Valenciana;1
CA0748001;2021-01-14;XILM+P;SUMA M+P XILENO;µg/L;0;< 2,0;705332;4207772;70042;TERCIARIO DE TORREVIEJA;Torrevieja;ALICANTE;748;TERCIARIO DE TORREVIEJA;TERCIARIO DE TORREVIEJA;320;Comunidad Valenciana;1
CA0748001;2021-01-14;XIL-O;O-XILENO;µg/L;0;< 1,0;705332;4207772;70042;TERCIARIO DE TORREVIEJA;Torrevieja;ALICANTE;748;TERCIARIO DE TORREVIEJA;TERCIARIO DE TORREVIEJA;320;Comunidad Valenciana;1
CA0748001;2021-01-14;ZN;ZINC;µg/l Zn;110;11;705332;4207772;70042;TERCIARIO DE TORREVIEJA;Torrevieja;ALICANTE;748;TERCIARIO DE TORREVIEJA;TERCIARIO DE TORREVIEJA;320;Comunidad Valenciana;1
CA0748001;2021-06-15;12DIBR;1,2-DIBROMOETANO;µg/L;0;< 1,0;705332;4207772;70042;TERCIARIO DE TORREVIEJA;Torrevieja;ALICANTE;748;TERCIARIO DE TORREVIEJA;TERCIARIO DE TORREVIEJA;320;Comunidad Valenciana;6
CA0748001;2021-06-15;2BR2CLPRO;1,2-DIBROMO-3-CLOROPROPANO;µg/L;0;< 2,0;705332;4207772;70042;TERCIARIO DE TORREVIEJA;Torrevieja;ALICANTE;748;TERCIARIO DE TORREVIEJA;TERCIARIO DE TORREVIEJA;320;Comunidad Valenciana;6
CA0748001;2021-06-15;2CLETA;1,1-DICLOROETANO;µg/L;0;< 1,0;705332;4207772;70042;TERCIARIO DE TORREVIEJA;Torrevieja;ALICANTE;748;TERCIARIO DE TORREVIEJA;TERCIARIO DE TORREVIEJA;320;Comunidad Valenciana;6
CA0748001;2021-06-15;2CLETE;1,1-DICLOROETENO;µg/L;0;< 1,0;705332;4207772;70042;TERCIARIO DE TORREVIEJA;Torrevieja;ALICANTE;748;TERCIARIO DE TORREVIEJA;TERCIARIO DE TORREVIEJA;320;Comunidad Valenciana;6
CA0748001;2021-06-15;2CLETE2;1,2-DICLOROETENO;µg/L;0;< 2,0;705332;4207772;70042;TERCIARIO DE TORREVIEJA;Torrevieja;ALICANTE;748;TERCIARIO DE TORREVIEJA;TERCIARIO DE TORREVIEJA;320;Comunidad Valenciana;6
CA0748001;2021-06-15;2CLETEN;TRANS-1,2-DICLOROETENO;µg/L;0;< 1,0;705332;4207772;70042;TERCIARIO DE TORREVIEJA;Torrevieja;ALICANTE;748;TERCIARIO DE TORREVIEJA;TERCIARIO DE TORREVIEJA;320;Comunidad Valenciana;6
CA0748001;2021-06-15;2CLPRO;1,3-DICLOROPROPANO;µg/L;0;< 1,0;705332;4207772;70042;TERCIARIO DE TORREVIEJA;Torrevieja;ALICANTE;748;TERCIARIO DE TORREVIEJA;TERCIARIO DE TORREVIEJA;320;Comunidad Valenciana;6
CA0748001;2021-06-15;2CLPROCIS;CIS-1,3-DICLOROPROPENO;µg/L;0;< 1,0;705332;4207772;70042;TERCIARIO DE TORREVIEJA;Torrevieja;ALICANTE;748;TERCIARIO DE TORREVIEJA;TERCIARIO DE TORREVIEJA;320;Comunidad Valenciana;6
CA0748001;2021-06-15;2CLPROPA;1,2-DICLOROPROPANO;µg/L;0;< 1,0;705332;4207772;70042;TERCIARIO DE TORREVIEJA;Torrevieja;ALICANTE;748;TERCIARIO DE TORREVIEJA;TERCIARIO DE TORREVIEJA;320;Comunidad Valenciana;6
CA0748001;2021-06-15;2CLPROPA2;2,2-DICLOROPROPANO;µg/L;0;< 1,0;705332;4207772;70042;TERCIARIO DE TORREVIEJA;Torrevieja;ALICANTE;748;TERCIARIO DE TORREVIEJA;TERCIARIO DE TORREVIEJA;320;Comunidad Valenciana;6
CA0748001;2021-06-15;2CLPROPE;1,1-DICLOROPROPENO;µg/L;0;< 1,0;705332;4207772;70042;TERCIARIO DE TORREVIEJA;Torrevieja;ALICANTE;748;TERCIARIO DE TORREVIEJA;TERCIARIO DE TORREVIEJA;320;Comunidad Valenciana;6
CA0748001;2021-06-15;2CLPROPE2;TRANS-1,3-DICLOROPROPENO;µg/L;0;< 1,0;705332;4207772;70042;TERCIARIO DE TORREVIEJA;Torrevieja;ALICANTE;748;TERCIARIO DE TORREVIEJA;TERCIARIO DE TORREVIEJA;320;Comunidad Valenciana;6
CA0748001;2021-06-15;3CLETA;1,1,2-TRICLOROETANO;µg/L;0;< 1,0;705332;4207772;70042;TERCIARIO DE TORREVIEJA;Torrevieja;ALICANTE;748;TERCIARIO DE TORREVIEJA;TERCIARIO DE TORREVIEJA;320;Comunidad Valenciana;6
CA0748001;2021-06-15;3CLPRO;1,2,3-TRICLOROPROPANO;µg/L;0;< 1,0;705332;4207772;70042;TERCIARIO DE TORREVIEJA;Torrevieja;ALICANTE;748;TERCIARIO DE TORREVIEJA;TERCIARIO DE TORREVIEJA;320;Comunidad Valenciana;6
CA0748001;2021-06-15;4CLETA;1,1,1,2-TETRACLOROETANO;µg/L;0;< 1,0;705332;4207772;70042;TERCIARIO DE TORREVIEJA;Torrevieja;ALICANTE;748;TERCIARIO DE TORREVIEJA;TERCIARIO DE TORREVIEJA;320;Comunidad Valenciana;6
CA0748001;2021-06-15;4CLETA2;1,1,2,2-TETRACLOROETANO;µg/L;0;< 1,0;705332;4207772;70042;TERCIARIO DE TORREVIEJA;Torrevieja;ALICANTE;748;TERCIARIO DE TORREVIEJA;TERCIARIO DE TORREVIEJA;320;Comunidad Valenciana;6
CA0748001;2021-06-15;6CLET;HEXACLOROETANO;µg/L;0;< 1,0;705332;4207772;70042;TERCIARIO DE TORREVIEJA;Torrevieja;ALICANTE;748;TERCIARIO DE TORREVIEJA;TERCIARIO DE TORREVIEJA;320;Comunidad Valenciana;6
CA0748001;2021-06-15;ACLONIFE;ACLONIFENO;µg/L;0;< 0,00200;705332;4207772;70042;TERCIARIO DE TORREVIEJA;Torrevieja;ALICANTE;748;TERCIARIO DE TORREVIEJA;TERCIARIO DE TORREVIEJA;320;Comunidad Valenciana;6
CA0748001;2021-06-15;ALACLORO;ALACLORO;µg/L;0;< 0,01000;705332;4207772;70042;TERCIARIO DE TORREVIEJA;Torrevieja;ALICANTE;748;TERCIARIO DE TORREVIEJA;TERCIARIO DE TORREVIEJA;320;Comunidad Valenciana;6
CA0748001;2021-06-15;ALDRIN;ALDRINA;µg/L;0;< 0,00025;705332;4207772;70042;TERCIARIO DE TORREVIEJA;Torrevieja;ALICANTE;748;TERCIARIO DE TORREVIEJA;TERCIARIO DE TORREVIEJA;320;Comunidad Valenciana;6
CA0748001;2021-06-15;AMETRINA;AMETRINA;µg/L;0;< 0,050;705332;4207772;70042;TERCIARIO DE TORREVIEJA;Torrevieja;ALICANTE;748;TERCIARIO DE TORREVIEJA;TERCIARIO DE TORREVIEJA;320;Comunidad Valenciana;6
CA0748001;2021-06-15;AS;ARSENICO;µg/L As;0;< 5,0;705332;4207772;70042;TERCIARIO DE TORREVIEJA;Torrevieja;ALICANTE;748;TERCIARIO DE TORREVIEJA;TERCIARIO DE TORREVIEJA;320;Comunidad Valenciana;6
CA0748001;2021-06-15;ATRAZINA;ATRAZINA;µg/L;0;< 0,010;705332;4207772;70042;TERCIARIO DE TORREVIEJA;Torrevieja;ALICANTE;748;TERCIARIO DE TORREVIEJA;TERCIARIO DE TORREVIEJA;320;Comunidad Valenciana;6
CA0748001;2021-06-15;B;BORO;µg/L B;3300;330;705332;4207772;70042;TERCIARIO DE TORREVIEJA;Torrevieja;ALICANTE;748;TERCIARIO DE TORREVIEJA;TERCIARIO DE TORREVIEJA;320;Comunidad Valenciana;6
CA0748001;2021-06-15;BENCENO;BENCENO;µg/L;0;< 0,30;705332;4207772;70042;TERCIARIO DE TORREVIEJA;Torrevieja;ALICANTE;748;TERCIARIO DE TORREVIEJA;TERCIARIO DE TORREVIEJA;320;Comunidad Valenciana;6
CA0748001;2021-06-15;BICARB;BICARBONATOS;mg/L HCO3-;1820;182;705332;4207772;70042;TERCIARIO DE TORREVIEJA;Torrevieja;ALICANTE;748;TERCIARIO DE TORREVIEJA;TERCIARIO DE TORREVIEJA;320;Comunidad Valenciana;6
CA0748001;2021-06-15;BIFEN;BIFENOX;µg/L;0;< 0,00120;705332;4207772;70042;TERCIARIO DE TORREVIEJA;Torrevieja;ALICANTE;748;TERCIARIO DE TORREVIEJA;TERCIARIO DE TORREVIEJA;320;Comunidad Valenciana;6
CA0748001;2021-06-15;BRB;BROMOBENCENO;µg/L;0;< 1,0;705332;4207772;70042;TERCIARIO DE TORREVIEJA;Torrevieja;ALICANTE;748;TERCIARIO DE TORREVIEJA;TERCIARIO DE TORREVIEJA;320;Comunidad Valenciana;6
CA0748001;2021-06-15;BRFOSETIL;BROMOFOS ETIL;µg/L;0;< 0,0100;705332;4207772;70042;TERCIARIO DE TORREVIEJA;Torrevieja;ALICANTE;748;TERCIARIO DE TORREVIEJA;TERCIARIO DE TORREVIEJA;320;Comunidad Valenciana;6
CA0748001;2021-06-15;CA;CALCIO;mg/L Ca;690;69;705332;4207772;70042;TERCIARIO DE TORREVIEJA;Torrevieja;ALICANTE;748;TERCIARIO DE TORREVIEJA;TERCIARIO DE TORREVIEJA;320;Comunidad Valenciana;6
CA0748001;2021-06-15;CD;CADMIO;µg/L Cd;27;2,7;705332;4207772;70042;TERCIARIO DE TORREVIEJA;Torrevieja;ALICANTE;748;TERCIARIO DE TORREVIEJA;TERCIARIO DE TORREVIEJA;320;Comunidad Valenciana;6
CA0748001;2021-06-15;CIB;CIBUTRINA;µg/L;0;< 0,002;705332;4207772;70042;TERCIARIO DE TORREVIEJA;Torrevieja;ALICANTE;748;TERCIARIO DE TORREVIEJA;TERCIARIO DE TORREVIEJA;320;Comunidad Valenciana;6
CA0748001;2021-06-15;CL;Cloruros;mg/L Cl;2190;219;705332;4207772;70042;TERCIARIO DE TORREVIEJA;Torrevieja;ALICANTE;748;TERCIARIO DE TORREVIEJA;TERCIARIO DE TORREVIEJA;320;Comunidad Valenciana;6
CA0748001;2021-06-15;CLF;Cloroformo (Triclorometano);µg/L;44;4,4;705332;4207772;70042;TERCIARIO DE TORREVIEJA;Torrevieja;ALICANTE;748;TERCIARIO DE TORREVIEJA;TERCIARIO DE TORREVIEJA;320;Comunidad Valenciana;6
CA0748001;2021-06-15;CLOROFENVINFOS;Clorfenvinfos;µg/L;0;< 0,0100;705332;4207772;70042;TERCIARIO DE TORREVIEJA;Torrevieja;ALICANTE;748;TERCIARIO DE TORREVIEJA;TERCIARIO DE TORREVIEJA;320;Comunidad Valenciana;6
CA0748001;2021-06-15;CLOROPIRIFOS;Clorpirifos;µg/L;0;< 0,0050;705332;4207772;70042;TERCIARIO DE TORREVIEJA;Torrevieja;ALICANTE;748;TERCIARIO DE TORREVIEJA;TERCIARIO DE TORREVIEJA;320;Comunidad Valenciana;6
CA0748001;2021-06-15;CLORPIRIPME;CLOROPIRIFOS-METIL;µg/L;0;< 0,0100;705332;4207772;70042;TERCIARIO DE TORREVIEJA;Torrevieja;ALICANTE;748;TERCIARIO DE TORREVIEJA;TERCIARIO DE TORREVIEJA;320;Comunidad Valenciana;6
CA0748001;2021-06-15;CLTO2;4-CLOROTOLUENO;µg/L;0;< 1,0;705332;4207772;70042;TERCIARIO DE TORREVIEJA;Torrevieja;ALICANTE;748;TERCIARIO DE TORREVIEJA;TERCIARIO DE TORREVIEJA;320;Comunidad Valenciana;6
CA0748001;2021-06-15;CLTOL;2-CLOROTOLUENO;µg/L;0;< 1,0;705332;4207772;70042;TERCIARIO DE TORREVIEJA;Torrevieja;ALICANTE;748;TERCIARIO DE TORREVIEJA;TERCIARIO DE TORREVIEJA;320;Comunidad Valenciana;6
CA0748001;2021-06-15;COND20SITU;Conductividad de campo (medida in situ);µS/cm;11440;1144;705332;4207772;70042;TERCIARIO DE TORREVIEJA;Torrevieja;ALICANTE;748;TERCIARIO DE TORREVIEJA;TERCIARIO DE TORREVIEJA;320;Comunidad Valenciana;6
CA0748001;2021-06-15;CR;CROMO;µg/L Cr;0;< 0,80;705332;4207772;70042;TERCIARIO DE TORREVIEJA;Torrevieja;ALICANTE;748;TERCIARIO DE TORREVIEJA;TERCIARIO DE TORREVIEJA;320;Comunidad Valenciana;6
CA0748001;2021-06-15;CU;COBRE;µg/L Cu;60;6;705332;4207772;70042;TERCIARIO DE TORREVIEJA;Torrevieja;ALICANTE;748;TERCIARIO DE TORREVIEJA;TERCIARIO DE TORREVIEJA;320;Comunidad Valenciana;6
CA0748001;2021-06-15;DCB-M;1,3-diclorobenceno (m-diclorobenceno);µg/L;0;< 1,0;705332;4207772;70042;TERCIARIO DE TORREVIEJA;Torrevieja;ALICANTE;748;TERCIARIO DE TORREVIEJA;TERCIARIO DE TORREVIEJA;320;Comunidad Valenciana;6
CA0748001;2021-06-15;DCB-P;1,4-diclorobenceno (p-diclorobenceno);µg/L;0;< 1,0;705332;4207772;70042;TERCIARIO DE TORREVIEJA;Torrevieja;ALICANTE;748;TERCIARIO DE TORREVIEJA;TERCIARIO DE TORREVIEJA;320;Comunidad Valenciana;6
CA0748001;2021-06-15;DCE;1,2-dicloroetano (EDC, cloruro de etileno);µg/L;0;< 1,0;705332;4207772;70042;TERCIARIO DE TORREVIEJA;Torrevieja;ALICANTE;748;TERCIARIO DE TORREVIEJA;TERCIARIO DE TORREVIEJA;320;Comunidad Valenciana;6
CA0748001;2021-06-15;DCV;DICLORVOS;µg/L;0;< 0,0006;705332;4207772;70042;TERCIARIO DE TORREVIEJA;Torrevieja;ALICANTE;748;TERCIARIO DE TORREVIEJA;TERCIARIO DE TORREVIEJA;320;Comunidad Valenciana;6
CA0748001;2021-06-15;DDDPP;P,P'-DDD;µg/L;0;< 0,00025;705332;4207772;70042;TERCIARIO DE TORREVIEJA;Torrevieja;ALICANTE;748;TERCIARIO DE TORREVIEJA;TERCIARIO DE TORREVIEJA;320;Comunidad Valenciana;6
CA0748001;2021-06-15;DDEPP;P,P'-DDE;µg/L;0;< 0,00025;705332;4207772;70042;TERCIARIO DE TORREVIEJA;Torrevieja;ALICANTE;748;TERCIARIO DE TORREVIEJA;TERCIARIO DE TORREVIEJA;320;Comunidad Valenciana;6
CA0748001;2021-06-15;DDTOP;O,P'-DDT;µg/L;0;< 0,00025;705332;4207772;70042;TERCIARIO DE TORREVIEJA;Torrevieja;ALICANTE;748;TERCIARIO DE TORREVIEJA;TERCIARIO DE TORREVIEJA;320;Comunidad Valenciana;6
CA0748001;2021-06-15;DDTPP;P,P'-DDT;µg/L;0;< 0,00025;705332;4207772;70042;TERCIARIO DE TORREVIEJA;Torrevieja;ALICANTE;748;TERCIARIO DE TORREVIEJA;TERCIARIO DE TORREVIEJA;320;Comunidad Valenciana;6
CA0748001;2021-06-15;DIAZINON;DIAZINON;µg/L;0;< 0,0100;705332;4207772;70042;TERCIARIO DE TORREVIEJA;Torrevieja;ALICANTE;748;TERCIARIO DE TORREVIEJA;TERCIARIO DE TORREVIEJA;320;Comunidad Valenciana;6
CA0748001;2021-06-15;DICLETE-CIS;CIS-1,2-DICLOROETENO;µg/L;0;< 1,0;705332;4207772;70042;TERCIARIO DE TORREVIEJA;Torrevieja;ALICANTE;748;TERCIARIO DE TORREVIEJA;TERCIARIO DE TORREVIEJA;320;Comunidad Valenciana;6
CA0748001;2021-06-15;DICOFOL;DICOFOL (P,P'-DICOFOL);µg/L;0;< 0,00039;705332;4207772;70042;TERCIARIO DE TORREVIEJA;Torrevieja;ALICANTE;748;TERCIARIO DE TORREVIEJA;TERCIARIO DE TORREVIEJA;320;Comunidad Valenciana;6
CA0748001;2021-06-15;DIELDRIN;Dieldrin;µg/L;0;< 0,00015;705332;4207772;70042;TERCIARIO DE TORREVIEJA;Torrevieja;ALICANTE;748;TERCIARIO DE TORREVIEJA;TERCIARIO DE TORREVIEJA;320;Comunidad Valenciana;6
CA0748001;2021-06-15;DIMETOATO;Dimetoato;µg/L;0;< 0,050;705332;4207772;70042;TERCIARIO DE TORREVIEJA;Torrevieja;ALICANTE;748;TERCIARIO DE TORREVIEJA;TERCIARIO DE TORREVIEJA;320;Comunidad Valenciana;6
CA0748001;2021-06-15;DIURON;DIURON;µg/L;0;< 0,050;705332;4207772;70042;TERCIARIO DE TORREVIEJA;Torrevieja;ALICANTE;748;TERCIARIO DE TORREVIEJA;TERCIARIO DE TORREVIEJA;320;Comunidad Valenciana;6
CA0748001;2021-06-15;DQO;DQO o Demanda Química de Oxígeno;mg/L O2;0;< 15;705332;4207772;70042;TERCIARIO DE TORREVIEJA;Torrevieja;ALICANTE;748;TERCIARIO DE TORREVIEJA;TERCIARIO DE TORREVIEJA;320;Comunidad Valenciana;6
CA0748001;2021-06-15;ENDOS;ENDOSULFAN (SUMA ISOMEROS ALFA+BETA);µg/L;0;< 0,00005;705332;4207772;70042;TERCIARIO DE TORREVIEJA;Torrevieja;ALICANTE;748;TERCIARIO DE TORREVIEJA;TERCIARIO DE TORREVIEJA;320;Comunidad Valenciana;6
CA0748001;2021-06-15;ENDOSULFAN;ALFA-ENDOSULFAN;µg/L;0;< 0,00005;705332;4207772;70042;TERCIARIO DE TORREVIEJA;Torrevieja;ALICANTE;748;TERCIARIO DE TORREVIEJA;TERCIARIO DE TORREVIEJA;320;Comunidad Valenciana;6
CA0748001;2021-06-15;ENDOSULFAN-BETA;BETA-ENDOSULFAN;µg/L;0;< 0,00005;705332;4207772;70042;TERCIARIO DE TORREVIEJA;Torrevieja;ALICANTE;748;TERCIARIO DE TORREVIEJA;TERCIARIO DE TORREVIEJA;320;Comunidad Valenciana;6
CA0748001;2021-06-15;ENDRIN;ENDRINA;µg/L;0;< 0,00150;705332;4207772;70042;TERCIARIO DE TORREVIEJA;Torrevieja;ALICANTE;748;TERCIARIO DE TORREVIEJA;TERCIARIO DE TORREVIEJA;320;Comunidad Valenciana;6
CA0748001;2021-06-15;ENDRINCE;Endrin cetona;µg/L;0;< 0,00025;705332;4207772;70042;TERCIARIO DE TORREVIEJA;Torrevieja;ALICANTE;748;TERCIARIO DE TORREVIEJA;TERCIARIO DE TORREVIEJA;320;Comunidad Valenciana;6
CA0748001;2021-06-15;ETBENCENO;Etilbenceno;µg/L;0;< 1,0;705332;4207772;70042;TERCIARIO DE TORREVIEJA;Torrevieja;ALICANTE;748;TERCIARIO DE TORREVIEJA;TERCIARIO DE TORREVIEJA;320;Comunidad Valenciana;6
CA0748001;2021-06-15;ETPARATION;Paration (paration etilo);µg/L;0;< 0,0100;705332;4207772;70042;TERCIARIO DE TORREVIEJA;Torrevieja;ALICANTE;748;TERCIARIO DE TORREVIEJA;TERCIARIO DE TORREVIEJA;320;Comunidad Valenciana;6
CA0748001;2021-06-15;FE;HIERRO;µg/L;0;< 50;705332;4207772;70042;TERCIARIO DE TORREVIEJA;Torrevieja;ALICANTE;748;TERCIARIO DE TORREVIEJA;TERCIARIO DE TORREVIEJA;320;Comunidad Valenciana;6
CA0748001;2021-06-15;FENCLORFOS;FENCLORFOS;µg/L;0;< 0,0100;705332;4207772;70042;TERCIARIO DE TORREVIEJA;Torrevieja;ALICANTE;748;TERCIARIO DE TORREVIEJA;TERCIARIO DE TORREVIEJA;320;Comunidad Valenciana;6
CA0748001;2021-06-15;FONO;FONOFOS;µg/L;0;< 0,0100;705332;4207772;70042;TERCIARIO DE TORREVIEJA;Torrevieja;ALICANTE;748;TERCIARIO DE TORREVIEJA;TERCIARIO DE TORREVIEJA;320;Comunidad Valenciana;6
CA0748001;2021-06-15;HCB;Hexaclorobenceno (HCB, Perclorobenceno);µg/L;0;< 0,00250;705332;4207772;70042;TERCIARIO DE TORREVIEJA;Torrevieja;ALICANTE;748;TERCIARIO DE TORREVIEJA;TERCIARIO DE TORREVIEJA;320;Comunidad Valenciana;6
CA0748001;2021-06-15;HCBD;Hexaclorobutadieno (HCBD, Hexacloro-1,3-Butadieno);µg/L;0;< 0,060;705332;4207772;70042;TERCIARIO DE TORREVIEJA;Torrevieja;ALICANTE;748;TERCIARIO DE TORREVIEJA;TERCIARIO DE TORREVIEJA;320;Comunidad Valenciana;6
CA0748001;2021-06-15;HCHALFA;ALFA-HCH;µg/L;0;< 0,00005;705332;4207772;70042;TERCIARIO DE TORREVIEJA;Torrevieja;ALICANTE;748;TERCIARIO DE TORREVIEJA;TERCIARIO DE TORREVIEJA;320;Comunidad Valenciana;6
CA0748001;2021-06-15;HCHBETA;BETA-HCH;µg/L;0;< 0,00015;705332;4207772;70042;TERCIARIO DE TORREVIEJA;Torrevieja;ALICANTE;748;TERCIARIO DE TORREVIEJA;TERCIARIO DE TORREVIEJA;320;Comunidad Valenciana;6
CA0748001;2021-06-15;HCHDELTA;DELTA-HCH;µg/L;0;< 0,00015;705332;4207772;70042;TERCIARIO DE TORREVIEJA;Torrevieja;ALICANTE;748;TERCIARIO DE TORREVIEJA;TERCIARIO DE TORREVIEJA;320;Comunidad Valenciana;6
CA0748001;2021-06-15;HEPTACL;Heptacloro;µg/L;0;< 0,00005;705332;4207772;70042;TERCIARIO DE TORREVIEJA;Torrevieja;ALICANTE;748;TERCIARIO DE TORREVIEJA;TERCIARIO DE TORREVIEJA;320;Comunidad Valenciana;6
CA0748001;2021-06-15;HEPTACLEPO;EPOXIDO DE HEPTACLORO;µg/L;0;< 0,00005;705332;4207772;70042;TERCIARIO DE TORREVIEJA;Torrevieja;ALICANTE;748;TERCIARIO DE TORREVIEJA;TERCIARIO DE TORREVIEJA;320;Comunidad Valenciana;6
CA0748001;2021-06-15;HG;MERCURIO;µg/L Hg;0;< 0,045;705332;4207772;70042;TERCIARIO DE TORREVIEJA;Torrevieja;ALICANTE;748;TERCIARIO DE TORREVIEJA;TERCIARIO DE TORREVIEJA;320;Comunidad Valenciana;6
CA0748001;2021-06-15;IMAZALIL;IMAZALIL;µg/L;0;< 0,050;705332;4207772;70042;TERCIARIO DE TORREVIEJA;Torrevieja;ALICANTE;748;TERCIARIO DE TORREVIEJA;TERCIARIO DE TORREVIEJA;320;Comunidad Valenciana;6
CA0748001;2021-06-15;ISODRIN;Isodrin;µg/L;0;< 0,00010;705332;4207772;70042;TERCIARIO DE TORREVIEJA;Torrevieja;ALICANTE;748;TERCIARIO DE TORREVIEJA;TERCIARIO DE TORREVIEJA;320;Comunidad Valenciana;6
CA0748001;2021-06-15;ISOPROPB;Isopropilbenceno (cumeno);µg/L;0;< 1,0;705332;4207772;70042;TERCIARIO DE TORREVIEJA;Torrevieja;ALICANTE;748;TERCIARIO DE TORREVIEJA;TERCIARIO DE TORREVIEJA;320;Comunidad Valenciana;6
CA0748001;2021-06-15;ISOPROPILTO;4-ISOPROPILTOLUENO;µg/L;0;< 1,0;705332;4207772;70042;TERCIARIO DE TORREVIEJA;Torrevieja;ALICANTE;748;TERCIARIO DE TORREVIEJA;TERCIARIO DE TORREVIEJA;320;Comunidad Valenciana;6
CA0748001;2021-06-15;ISOPROTURON;Isoproturón;µg/L;0;< 0,050;705332;4207772;70042;TERCIARIO DE TORREVIEJA;Torrevieja;ALICANTE;748;TERCIARIO DE TORREVIEJA;TERCIARIO DE TORREVIEJA;320;Comunidad Valenciana;6
CA0748001;2021-06-15;K;POTASIO;mg/L K;78;7,8;705332;4207772;70042;TERCIARIO DE TORREVIEJA;Torrevieja;ALICANTE;748;TERCIARIO DE TORREVIEJA;TERCIARIO DE TORREVIEJA;320;Comunidad Valenciana;6
CA0748001;2021-06-15;LIND;GAMMA-HCH (LINDANO);µg/L;0;< 0,00025;705332;4207772;70042;TERCIARIO DE TORREVIEJA;Torrevieja;ALICANTE;748;TERCIARIO DE TORREVIEJA;TERCIARIO DE TORREVIEJA;320;Comunidad Valenciana;6
CA0748001;2021-06-15;MCB;Clorobenceno (monoclorobenceno);µg/L;0;< 1,0;705332;4207772;70042;TERCIARIO DE TORREVIEJA;Torrevieja;ALICANTE;748;TERCIARIO DE TORREVIEJA;TERCIARIO DE TORREVIEJA;320;Comunidad Valenciana;6
CA0748001;2021-06-15;METOLACLORO;Metolacloro;µg/L;0;< 0,01000;705332;4207772;70042;TERCIARIO DE TORREVIEJA;Torrevieja;ALICANTE;748;TERCIARIO DE TORREVIEJA;TERCIARIO DE TORREVIEJA;320;Comunidad Valenciana;6
CA0748001;2021-06-15;MG;MAGNESIO;mg/L Mg;280;28;705332;4207772;70042;TERCIARIO DE TORREVIEJA;Torrevieja;ALICANTE;748;TERCIARIO DE TORREVIEJA;TERCIARIO DE TORREVIEJA;320;Comunidad Valenciana;6
CA0748001;2021-06-15;MN;MANGANESO;µg/L Mn;0;< 5,0;705332;4207772;70042;TERCIARIO DE TORREVIEJA;Torrevieja;ALICANTE;748;TERCIARIO DE TORREVIEJA;TERCIARIO DE TORREVIEJA;320;Comunidad Valenciana;6
CA0748001;2021-06-15;;SODIO;mg/L Na;1640;164;705332;4207772;70042;TERCIARIO DE TORREVIEJA;Torrevieja;ALICANTE;748;TERCIARIO DE TORREVIEJA;TERCIARIO DE TORREVIEJA;320;Comunidad Valenciana;6
CA0748001;2021-06-15;NAFTALENO;Naftaleno (naftalina);µg/L;0;< 0,30;705332;4207772;70042;TERCIARIO DE TORREVIEJA;Torrevieja;ALICANTE;748;TERCIARIO DE TORREVIEJA;TERCIARIO DE TORREVIEJA;320;Comunidad Valenciana;6
CA0748001;2021-06-15;N-BUB;N-BUTILBENCENO;µg/L;0;< 1,0;705332;4207772;70042;TERCIARIO DE TORREVIEJA;Torrevieja;ALICANTE;748;TERCIARIO DE TORREVIEJA;TERCIARIO DE TORREVIEJA;320;Comunidad Valenciana;6
CA0748001;2021-06-15;NH4;AMONIO;mg/L NH4;0;< 0,05;705332;4207772;70042;TERCIARIO DE TORREVIEJA;Torrevieja;ALICANTE;748;TERCIARIO DE TORREVIEJA;TERCIARIO DE TORREVIEJA;320;Comunidad Valenciana;6
CA0748001;2021-06-15;NI;NIQUEL;µg/L Ni;18;1,8;705332;4207772;70042;TERCIARIO DE TORREVIEJA;Torrevieja;ALICANTE;748;TERCIARIO DE TORREVIEJA;TERCIARIO DE TORREVIEJA;320;Comunidad Valenciana;6
CA0748001;2021-06-15;NO2;Nitritos;mg/L NO2;0;< 0,02;705332;4207772;70042;TERCIARIO DE TORREVIEJA;Torrevieja;ALICANTE;748;TERCIARIO DE TORREVIEJA;TERCIARIO DE TORREVIEJA;320;Comunidad Valenciana;6
CA0748001;2021-06-15;NO3;Nitratos;mg/L NO3;440;44;705332;4207772;70042;TERCIARIO DE TORREVIEJA;Torrevieja;ALICANTE;748;TERCIARIO DE TORREVIEJA;TERCIARIO DE TORREVIEJA;320;Comunidad Valenciana;6
CA0748001;2021-06-15;N-PROPILB;N-PROPILBENCENO;µg/L;0;< 1,0;705332;4207772;70042;TERCIARIO DE TORREVIEJA;Torrevieja;ALICANTE;748;TERCIARIO DE TORREVIEJA;TERCIARIO DE TORREVIEJA;320;Comunidad Valenciana;6
CA0748001;2021-06-15;NTOTAL;Nitrógeno total;mg/L N;110;11;705332;4207772;70042;TERCIARIO DE TORREVIEJA;Torrevieja;ALICANTE;748;TERCIARIO DE TORREVIEJA;TERCIARIO DE TORREVIEJA;320;Comunidad Valenciana;6
CA0748001;2021-06-15;O2 DTO;Oxigeno disuelto de campo (medida in situ);mg/L O2;718;7,18;705332;4207772;70042;TERCIARIO DE TORREVIEJA;Torrevieja;ALICANTE;748;TERCIARIO DE TORREVIEJA;TERCIARIO DE TORREVIEJA;320;Comunidad Valenciana;6
CA0748001;2021-06-15;O-DICLORO;1,2-diclorobenceno (o-diclorobenceno);µg/L;0;< 1,0;705332;4207772;70042;TERCIARIO DE TORREVIEJA;Torrevieja;ALICANTE;748;TERCIARIO DE TORREVIEJA;TERCIARIO DE TORREVIEJA;320;Comunidad Valenciana;6
CA0748001;2021-06-15;PAHEST;Estireno (etenilbenceno);µg/L;0;< 1,0;705332;4207772;70042;TERCIARIO DE TORREVIEJA;Torrevieja;ALICANTE;748;TERCIARIO DE TORREVIEJA;TERCIARIO DE TORREVIEJA;320;Comunidad Valenciana;6
CA0748001;2021-06-15;PB;PLOMO;µg/L Pb;56;0,56;705332;4207772;70042;TERCIARIO DE TORREVIEJA;Torrevieja;ALICANTE;748;TERCIARIO DE TORREVIEJA;TERCIARIO DE TORREVIEJA;320;Comunidad Valenciana;6
CA0748001;2021-06-15;PER;Tetracloroetileno (PER, Percloroetileno);µg/L;0;< 1,0;705332;4207772;70042;TERCIARIO DE TORREVIEJA;Torrevieja;ALICANTE;748;TERCIARIO DE TORREVIEJA;TERCIARIO DE TORREVIEJA;320;Comunidad Valenciana;6
CA0748001;2021-06-15;PHSITU;pH de campo (medida in situ);udpH;853;8,53 (24.3ºC);705332;4207772;70042;TERCIARIO DE TORREVIEJA;Torrevieja;ALICANTE;748;TERCIARIO DE TORREVIEJA;TERCIARIO DE TORREVIEJA;320;Comunidad Valenciana;6
CA0748001;2021-06-15;PIRIMICARB;PIRIMICARB;µg/L;0;< 0,050;705332;4207772;70042;TERCIARIO DE TORREVIEJA;Torrevieja;ALICANTE;748;TERCIARIO DE TORREVIEJA;TERCIARIO DE TORREVIEJA;320;Comunidad Valenciana;6
CA0748001;2021-06-15;PO4;Fosfatos;mg/L PO4;45;0,045;705332;4207772;70042;TERCIARIO DE TORREVIEJA;Torrevieja;ALICANTE;748;TERCIARIO DE TORREVIEJA;TERCIARIO DE TORREVIEJA;320;Comunidad Valenciana;6
CA0748001;2021-06-15;PROMETRINA;Prometrina;µg/L;0;< 0,050;705332;4207772;70042;TERCIARIO DE TORREVIEJA;Torrevieja;ALICANTE;748;TERCIARIO DE TORREVIEJA;TERCIARIO DE TORREVIEJA;320;Comunidad Valenciana;6
CA0748001;2021-06-15;PROPAZINA;Propazina;µg/L;0;< 0,050;705332;4207772;70042;TERCIARIO DE TORREVIEJA;Torrevieja;ALICANTE;748;TERCIARIO DE TORREVIEJA;TERCIARIO DE TORREVIEJA;320;Comunidad Valenciana;6
CA0748001;2021-06-15;PROPIZAMIDA;PROPIZAMIDA;µg/L;0;< 0,050;705332;4207772;70042;TERCIARIO DE TORREVIEJA;Torrevieja;ALICANTE;748;TERCIARIO DE TORREVIEJA;TERCIARIO DE TORREVIEJA;320;Comunidad Valenciana;6
CA0748001;2021-06-15;PTOTAL;FOSFORO TOTAL;mg/L P;0;< 0,050;705332;4207772;70042;TERCIARIO DE TORREVIEJA;Torrevieja;ALICANTE;748;TERCIARIO DE TORREVIEJA;TERCIARIO DE TORREVIEJA;320;Comunidad Valenciana;6
CA0748001;2021-06-15;QUI;Quinoxifeno;µg/L;0;< 0,00200;705332;4207772;70042;TERCIARIO DE TORREVIEJA;Torrevieja;ALICANTE;748;TERCIARIO DE TORREVIEJA;TERCIARIO DE TORREVIEJA;320;Comunidad Valenciana;6
CA0748001;2021-06-15;SATINSI;Porcentaje de saturación de oxígeno disuelto de campo (medido in situ);% O2;871;87,1;705332;4207772;70042;TERCIARIO DE TORREVIEJA;Torrevieja;ALICANTE;748;TERCIARIO DE TORREVIEJA;TERCIARIO DE TORREVIEJA;320;Comunidad Valenciana;6
CA0748001;2021-06-15;S-DDD-DDT;Suma p,p´-DDD + o,p´-DDT;µg/L;0;< 0,00050;705332;4207772;70042;TERCIARIO DE TORREVIEJA;Torrevieja;ALICANTE;748;TERCIARIO DE TORREVIEJA;TERCIARIO DE TORREVIEJA;320;Comunidad Valenciana;6
CA0748001;2021-06-15;SE;SELENIO;µg/L Se;22;2,2;705332;4207772;70042;TERCIARIO DE TORREVIEJA;Torrevieja;ALICANTE;748;TERCIARIO DE TORREVIEJA;TERCIARIO DE TORREVIEJA;320;Comunidad Valenciana;6
CA0748001;2021-06-15;SECBUTB;SEC-BUTILBENCENO;µg/L;0;< 1,0;705332;4207772;70042;TERCIARIO DE TORREVIEJA;Torrevieja;ALICANTE;748;TERCIARIO DE TORREVIEJA;TERCIARIO DE TORREVIEJA;320;Comunidad Valenciana;6
CA0748001;2021-06-15;SIMAZINA;Simazina;µg/L;0;< 0,050;705332;4207772;70042;TERCIARIO DE TORREVIEJA;Torrevieja;ALICANTE;748;TERCIARIO DE TORREVIEJA;TERCIARIO DE TORREVIEJA;320;Comunidad Valenciana;6
CA0748001;2021-06-15;SUMAXILENO;Xileno (dimetilbenceno) (suma o-, m- y p-xileno);µg/L;0;< 3,0;705332;4207772;70042;TERCIARIO DE TORREVIEJA;Torrevieja;ALICANTE;748;TERCIARIO DE TORREVIEJA;TERCIARIO DE TORREVIEJA;320;Comunidad Valenciana;6
CA0748001;2021-06-15;SUMCIPER;CIPERMETRINA (SUMA ISOMEROS ALFA+BETA+TETA+ZETA);µg/L;0;< 0,00008;705332;4207772;70042;TERCIARIO DE TORREVIEJA;Torrevieja;ALICANTE;748;TERCIARIO DE TORREVIEJA;TERCIARIO DE TORREVIEJA;320;Comunidad Valenciana;6
CA0748001;2021-06-15;SUMDCB;Diclorobenceno (suma isómeros);µg/L;0;< 3,0;705332;4207772;70042;TERCIARIO DE TORREVIEJA;Torrevieja;ALICANTE;748;TERCIARIO DE TORREVIEJA;TERCIARIO DE TORREVIEJA;320;Comunidad Valenciana;6
CA0748001;2021-06-15;SUMDDT;DDT TOTAL (SUMA P,P'-DDT+O,P'-DDT+P,P'-DDE+P,P'-DDD);µg/L;0;< 0,00100;705332;4207772;70042;TERCIARIO DE TORREVIEJA;Torrevieja;ALICANTE;748;TERCIARIO DE TORREVIEJA;TERCIARIO DE TORREVIEJA;320;Comunidad Valenciana;6
CA0748001;2021-06-15;SUMHCH;HEXACLOROCICLOHEXANO (HCH) (SUMA ISOMEROS);µg/L;0;< 0,00060;705332;4207772;70042;TERCIARIO DE TORREVIEJA;Torrevieja;ALICANTE;748;TERCIARIO DE TORREVIEJA;TERCIARIO DE TORREVIEJA;320;Comunidad Valenciana;6
CA0748001;2021-06-15;SUMTCBEN;"Triclorobenceno (suma isómeros 1,2,3-; 1,2,4- y 1,3,5- TCB)";µg/L;0;< 0,18;705332;4207772;70042;TERCIARIO DE TORREVIEJA;Torrevieja;ALICANTE;748;TERCIARIO DE TORREVIEJA;TERCIARIO DE TORREVIEJA;320;Comunidad Valenciana;6
CA0748001;2021-06-15;SUO4;Sulfatos;mg/L SO4;860;86;705332;4207772;70042;TERCIARIO DE TORREVIEJA;Torrevieja;ALICANTE;748;TERCIARIO DE TORREVIEJA;TERCIARIO DE TORREVIEJA;320;Comunidad Valenciana;6
CA0748001;2021-06-15;TAGUA;"TEMPERATURA ""IN SITU""";ºC;243;24,3;705332;4207772;70042;TERCIARIO DE TORREVIEJA;Torrevieja;ALICANTE;748;TERCIARIO DE TORREVIEJA;TERCIARIO DE TORREVIEJA;320;Comunidad Valenciana;6
CA0748001;2021-06-15;TBUTB;TERC-BUTILBENCENO;µg/L;0;< 1,0;705332;4207772;70042;TERCIARIO DE TORREVIEJA;Torrevieja;ALICANTE;748;TERCIARIO DE TORREVIEJA;TERCIARIO DE TORREVIEJA;320;Comunidad Valenciana;6
CA0748001;2021-06-15;TCB123;1,2,3-Triclorobenceno;µg/L;0;< 0,060;705332;4207772;70042;TERCIARIO DE TORREVIEJA;Torrevieja;ALICANTE;748;TERCIARIO DE TORREVIEJA;TERCIARIO DE TORREVIEJA;320;Comunidad Valenciana;6
CA0748001;2021-06-15;TCB124;1,2,4-Triclorobenceno;µg/L;0;< 0,060;705332;4207772;70042;TERCIARIO DE TORREVIEJA;Torrevieja;ALICANTE;748;TERCIARIO DE TORREVIEJA;TERCIARIO DE TORREVIEJA;320;Comunidad Valenciana;6
CA0748001;2021-06-15;TCB135;1,3,5-Triclorobenceno;µg/L;0;< 0,060;705332;4207772;70042;TERCIARIO DE TORREVIEJA;Torrevieja;ALICANTE;748;TERCIARIO DE TORREVIEJA;TERCIARIO DE TORREVIEJA;320;Comunidad Valenciana;6
CA0748001;2021-06-15;TCE;1,1,1-TRICLOROETANO;µg/L;0;< 1,0;705332;4207772;70042;TERCIARIO DE TORREVIEJA;Torrevieja;ALICANTE;748;TERCIARIO DE TORREVIEJA;TERCIARIO DE TORREVIEJA;320;Comunidad Valenciana;6
CA0748001;2021-06-15;TERAZ;Terbutilazina;µg/L;0;< 0,010;705332;4207772;70042;TERCIARIO DE TORREVIEJA;Torrevieja;ALICANTE;748;TERCIARIO DE TORREVIEJA;TERCIARIO DE TORREVIEJA;320;Comunidad Valenciana;6
CA0748001;2021-06-15;TERBUTRINA;Terbutrina;µg/L;0;< 0,050;705332;4207772;70042;TERCIARIO DE TORREVIEJA;Torrevieja;ALICANTE;748;TERCIARIO DE TORREVIEJA;TERCIARIO DE TORREVIEJA;320;Comunidad Valenciana;6
CA0748001;2021-06-15;TETRA;Tetracloruro de carbono (Tetraclorometano, Perclorometano);µg/L;0;< 1,0;705332;4207772;70042;TERCIARIO DE TORREVIEJA;Torrevieja;ALICANTE;748;TERCIARIO DE TORREVIEJA;TERCIARIO DE TORREVIEJA;320;Comunidad Valenciana;6
CA0748001;2021-06-15;TETRTRI;Tricloroetileno + Tetracloroetileno (Percloroetileno);µg/L;0;< 2,0;705332;4207772;70042;TERCIARIO DE TORREVIEJA;Torrevieja;ALICANTE;748;TERCIARIO DE TORREVIEJA;TERCIARIO DE TORREVIEJA;320;Comunidad Valenciana;6
CA0748001;2021-06-15;THMBR;DIBROMOMETANO;µg/L;0;< 1,0;705332;4207772;70042;TERCIARIO DE TORREVIEJA;Torrevieja;ALICANTE;748;TERCIARIO DE TORREVIEJA;TERCIARIO DE TORREVIEJA;320;Comunidad Valenciana;6
CA0748001;2021-06-15;THMBR2CL;Bromodiclorometano;µg/l;0;< 1,0;705332;4207772;70042;TERCIARIO DE TORREVIEJA;Torrevieja;ALICANTE;748;TERCIARIO DE TORREVIEJA;TERCIARIO DE TORREVIEJA;320;Comunidad Valenciana;6
CA0748001;2021-06-15;THMBRCL;BROMOCLOROMETANO;µg/L;0;< 1,0;705332;4207772;70042;TERCIARIO DE TORREVIEJA;Torrevieja;ALICANTE;748;TERCIARIO DE TORREVIEJA;TERCIARIO DE TORREVIEJA;320;Comunidad Valenciana;6
CA0748001;2021-06-15;THMBRCL2;DIBROMOCLOROMETANO (Trihalometanos);µg/L;0;< 1,0;705332;4207772;70042;TERCIARIO DE TORREVIEJA;Torrevieja;ALICANTE;748;TERCIARIO DE TORREVIEJA;TERCIARIO DE TORREVIEJA;320;Comunidad Valenciana;6
CA0748001;2021-06-15;THMBRF;BROMOFORMO;µg/L;0;< 1,0;705332;4207772;70042;TERCIARIO DE TORREVIEJA;Torrevieja;ALICANTE;748;TERCIARIO DE TORREVIEJA;TERCIARIO DE TORREVIEJA;320;Comunidad Valenciana;6
CA0748001;2021-06-15;THMDCM;DICLOROMETANO;µg/L;0;< 20;705332;4207772;70042;TERCIARIO DE TORREVIEJA;Torrevieja;ALICANTE;748;TERCIARIO DE TORREVIEJA;TERCIARIO DE TORREVIEJA;320;Comunidad Valenciana;6
CA0748001;2021-06-15;TMB1;1,2,4-trimetilbenceno;µg/l;0;< 1,0;705332;4207772;70042;TERCIARIO DE TORREVIEJA;Torrevieja;ALICANTE;748;TERCIARIO DE TORREVIEJA;TERCIARIO DE TORREVIEJA;320;Comunidad Valenciana;6
CA0748001;2021-06-15;TMB2;1,3,5-TRIMETILBENCENO;µg/L;0;< 1,0;705332;4207772;70042;TERCIARIO DE TORREVIEJA;Torrevieja;ALICANTE;748;TERCIARIO DE TORREVIEJA;TERCIARIO DE TORREVIEJA;320;Comunidad Valenciana;6
CA0748001;2021-06-15;TOL;Tolueno (Metilbenceno);µg/L;0;< 1,0;705332;4207772;70042;TERCIARIO DE TORREVIEJA;Torrevieja;ALICANTE;748;TERCIARIO DE TORREVIEJA;TERCIARIO DE TORREVIEJA;320;Comunidad Valenciana;6
CA0748001;2021-06-15;TRIAZO_2;TRIAZOFOS;µg/L;0;< 0,0100;705332;4207772;70042;TERCIARIO DE TORREVIEJA;Torrevieja;ALICANTE;748;TERCIARIO DE TORREVIEJA;TERCIARIO DE TORREVIEJA;320;Comunidad Valenciana;6
CA0748001;2021-06-15;TRICLOET;Tricloroetileno (TRI);µg/L;0;< 1,0;705332;4207772;70042;TERCIARIO DE TORREVIEJA;Torrevieja;ALICANTE;748;TERCIARIO DE TORREVIEJA;TERCIARIO DE TORREVIEJA;320;Comunidad Valenciana;6
CA0748001;2021-06-15;TRIFLURALINA;Trifluralina;µg/L;0;< 0,0060;705332;4207772;70042;TERCIARIO DE TORREVIEJA;Torrevieja;ALICANTE;748;TERCIARIO DE TORREVIEJA;TERCIARIO DE TORREVIEJA;320;Comunidad Valenciana;6
CA0748001;2021-06-15;XILM+P;SUMA M+P XILENO;µg/L;0;< 2,0;705332;4207772;70042;TERCIARIO DE TORREVIEJA;Torrevieja;ALICANTE;748;TERCIARIO DE TORREVIEJA;TERCIARIO DE TORREVIEJA;320;Comunidad Valenciana;6
CA0748001;2021-06-15;XIL-O;O-XILENO;µg/L;0;< 1,0;705332;4207772;70042;TERCIARIO DE TORREVIEJA;Torrevieja;ALICANTE;748;TERCIARIO DE TORREVIEJA;TERCIARIO DE TORREVIEJA;320;Comunidad Valenciana;6
CA0748001;2021-06-15;ZN;ZINC;µg/l Zn;890;89;705332;4207772;70042;TERCIARIO DE TORREVIEJA;Torrevieja;ALICANTE;748;TERCIARIO DE TORREVIEJA;TERCIARIO DE TORREVIEJA;320;Comunidad Valenciana;6
CA0748001;2021-09-09;12DIBR;1,2-DIBROMOETANO;µg/L;0;< 1,0;705332;4207772;70042;TERCIARIO DE TORREVIEJA;Torrevieja;ALICANTE;748;TERCIARIO DE TORREVIEJA;TERCIARIO DE TORREVIEJA;320;Comunidad Valenciana;9
CA0748001;2021-09-09;2BR2CLPRO;1,2-DIBROMO-3-CLOROPROPANO;µg/L;0;< 2,0;705332;4207772;70042;TERCIARIO DE TORREVIEJA;Torrevieja;ALICANTE;748;TERCIARIO DE TORREVIEJA;TERCIARIO DE TORREVIEJA;320;Comunidad Valenciana;9
CA0748001;2021-09-09;2CLETA;1,1-DICLOROETANO;µg/L;0;< 1,0;705332;4207772;70042;TERCIARIO DE TORREVIEJA;Torrevieja;ALICANTE;748;TERCIARIO DE TORREVIEJA;TERCIARIO DE TORREVIEJA;320;Comunidad Valenciana;9
CA0748001;2021-09-09;2CLETE;1,1-DICLOROETENO;µg/L;0;< 1,0;705332;4207772;70042;TERCIARIO DE TORREVIEJA;Torrevieja;ALICANTE;748;TERCIARIO DE TORREVIEJA;TERCIARIO DE TORREVIEJA;320;Comunidad Valenciana;9
CA0748001;2021-09-09;2CLETE2;1,2-DICLOROETENO;µg/L;0;< 2,0;705332;4207772;70042;TERCIARIO DE TORREVIEJA;Torrevieja;ALICANTE;748;TERCIARIO DE TORREVIEJA;TERCIARIO DE TORREVIEJA;320;Comunidad Valenciana;9
CA0748001;2021-09-09;2CLETEN;TRANS-1,2-DICLOROETENO;µg/L;0;< 1,0;705332;4207772;70042;TERCIARIO DE TORREVIEJA;Torrevieja;ALICANTE;748;TERCIARIO DE TORREVIEJA;TERCIARIO DE TORREVIEJA;320;Comunidad Valenciana;9
CA0748001;2021-09-09;2CLPRO;1,3-DICLOROPROPANO;µg/L;0;< 1,0;705332;4207772;70042;TERCIARIO DE TORREVIEJA;Torrevieja;ALICANTE;748;TERCIARIO DE TORREVIEJA;TERCIARIO DE TORREVIEJA;320;Comunidad Valenciana;9
CA0748001;2021-09-09;2CLPROCIS;CIS-1,3-DICLOROPROPENO;µg/L;0;< 1,0;705332;4207772;70042;TERCIARIO DE TORREVIEJA;Torrevieja;ALICANTE;748;TERCIARIO DE TORREVIEJA;TERCIARIO DE TORREVIEJA;320;Comunidad Valenciana;9
CA0748001;2021-09-09;2CLPROPA;1,2-DICLOROPROPANO;µg/L;0;< 1,0;705332;4207772;70042;TERCIARIO DE TORREVIEJA;Torrevieja;ALICANTE;748;TERCIARIO DE TORREVIEJA;TERCIARIO DE TORREVIEJA;320;Comunidad Valenciana;9
CA0748001;2021-09-09;2CLPROPA2;2,2-DICLOROPROPANO;µg/L;0;< 1,0;705332;4207772;70042;TERCIARIO DE TORREVIEJA;Torrevieja;ALICANTE;748;TERCIARIO DE TORREVIEJA;TERCIARIO DE TORREVIEJA;320;Comunidad Valenciana;9
CA0748001;2021-09-09;2CLPROPE;1,1-DICLOROPROPENO;µg/L;0;< 1,0;705332;4207772;70042;TERCIARIO DE TORREVIEJA;Torrevieja;ALICANTE;748;TERCIARIO DE TORREVIEJA;TERCIARIO DE TORREVIEJA;320;Comunidad Valenciana;9
CA0748001;2021-09-09;2CLPROPE2;TRANS-1,3-DICLOROPROPENO;µg/L;0;< 1,0;705332;4207772;70042;TERCIARIO DE TORREVIEJA;Torrevieja;ALICANTE;748;TERCIARIO DE TORREVIEJA;TERCIARIO DE TORREVIEJA;320;Comunidad Valenciana;9
CA0748001;2021-09-09;3CLETA;1,1,2-TRICLOROETANO;µg/L;0;< 1,0;705332;4207772;70042;TERCIARIO DE TORREVIEJA;Torrevieja;ALICANTE;748;TERCIARIO DE TORREVIEJA;TERCIARIO DE TORREVIEJA;320;Comunidad Valenciana;9
CA0748001;2021-09-09;3CLPRO;1,2,3-TRICLOROPROPANO;µg/L;0;< 1,0;705332;4207772;70042;TERCIARIO DE TORREVIEJA;Torrevieja;ALICANTE;748;TERCIARIO DE TORREVIEJA;TERCIARIO DE TORREVIEJA;320;Comunidad Valenciana;9
CA0748001;2021-09-09;4CLETA;1,1,1,2-TETRACLOROETANO;µg/L;0;< 1,0;705332;4207772;70042;TERCIARIO DE TORREVIEJA;Torrevieja;ALICANTE;748;TERCIARIO DE TORREVIEJA;TERCIARIO DE TORREVIEJA;320;Comunidad Valenciana;9
CA0748001;2021-09-09;4CLETA2;1,1,2,2-TETRACLOROETANO;µg/L;0;< 1,0;705332;4207772;70042;TERCIARIO DE TORREVIEJA;Torrevieja;ALICANTE;748;TERCIARIO DE TORREVIEJA;TERCIARIO DE TORREVIEJA;320;Comunidad Valenciana;9
CA0748001;2021-09-09;6CLET;HEXACLOROETANO;µg/L;0;< 1,0;705332;4207772;70042;TERCIARIO DE TORREVIEJA;Torrevieja;ALICANTE;748;TERCIARIO DE TORREVIEJA;TERCIARIO DE TORREVIEJA;320;Comunidad Valenciana;9
CA0748001;2021-09-09;AS;ARSENICO;µg/L As;0;< 5,0;705332;4207772;70042;TERCIARIO DE TORREVIEJA;Torrevieja;ALICANTE;748;TERCIARIO DE TORREVIEJA;TERCIARIO DE TORREVIEJA;320;Comunidad Valenciana;9
CA0748001;2021-09-09;B;BORO;µg/L B;5500;550;705332;4207772;70042;TERCIARIO DE TORREVIEJA;Torrevieja;ALICANTE;748;TERCIARIO DE TORREVIEJA;TERCIARIO DE TORREVIEJA;320;Comunidad Valenciana;9
CA0748001;2021-09-09;BENCENO;BENCENO;µg/L;0;< 0,30;705332;4207772;70042;TERCIARIO DE TORREVIEJA;Torrevieja;ALICANTE;748;TERCIARIO DE TORREVIEJA;TERCIARIO DE TORREVIEJA;320;Comunidad Valenciana;9
CA0748001;2021-09-09;BICARB;BICARBONATOS;mg/L HCO3-;2250;225;705332;4207772;70042;TERCIARIO DE TORREVIEJA;Torrevieja;ALICANTE;748;TERCIARIO DE TORREVIEJA;TERCIARIO DE TORREVIEJA;320;Comunidad Valenciana;9
CA0748001;2021-09-09;BRB;BROMOBENCENO;µg/L;0;< 1,0;705332;4207772;70042;TERCIARIO DE TORREVIEJA;Torrevieja;ALICANTE;748;TERCIARIO DE TORREVIEJA;TERCIARIO DE TORREVIEJA;320;Comunidad Valenciana;9
CA0748001;2021-09-09;CA;CALCIO;mg/L Ca;500;50;705332;4207772;70042;TERCIARIO DE TORREVIEJA;Torrevieja;ALICANTE;748;TERCIARIO DE TORREVIEJA;TERCIARIO DE TORREVIEJA;320;Comunidad Valenciana;9
CA0748001;2021-09-09;CD;CADMIO;µg/L Cd;24;2,4;705332;4207772;70042;TERCIARIO DE TORREVIEJA;Torrevieja;ALICANTE;748;TERCIARIO DE TORREVIEJA;TERCIARIO DE TORREVIEJA;320;Comunidad Valenciana;9
CA0748001;2021-09-09;CL;Cloruros;mg/L Cl;4570;457;705332;4207772;70042;TERCIARIO DE TORREVIEJA;Torrevieja;ALICANTE;748;TERCIARIO DE TORREVIEJA;TERCIARIO DE TORREVIEJA;320;Comunidad Valenciana;9
CA0748001;2021-09-09;CLF;Cloroformo (Triclorometano);µg/L;31;3,1;705332;4207772;70042;TERCIARIO DE TORREVIEJA;Torrevieja;ALICANTE;748;TERCIARIO DE TORREVIEJA;TERCIARIO DE TORREVIEJA;320;Comunidad Valenciana;9
CA0748001;2021-09-09;CLTO2;4-CLOROTOLUENO;µg/L;0;< 1,0;705332;4207772;70042;TERCIARIO DE TORREVIEJA;Torrevieja;ALICANTE;748;TERCIARIO DE TORREVIEJA;TERCIARIO DE TORREVIEJA;320;Comunidad Valenciana;9
CA0748001;2021-09-09;CLTOL;2-CLOROTOLUENO;µg/L;0;< 1,0;705332;4207772;70042;TERCIARIO DE TORREVIEJA;Torrevieja;ALICANTE;748;TERCIARIO DE TORREVIEJA;TERCIARIO DE TORREVIEJA;320;Comunidad Valenciana;9
CA0748001;2021-09-09;COND20SITU;Conductividad de campo (medida in situ);µS/cm;20750;2075;705332;4207772;70042;TERCIARIO DE TORREVIEJA;Torrevieja;ALICANTE;748;TERCIARIO DE TORREVIEJA;TERCIARIO DE TORREVIEJA;320;Comunidad Valenciana;9
CA0748001;2021-09-09;CR;CROMO;µg/L Cr;0;< 0,80;705332;4207772;70042;TERCIARIO DE TORREVIEJA;Torrevieja;ALICANTE;748;TERCIARIO DE TORREVIEJA;TERCIARIO DE TORREVIEJA;320;Comunidad Valenciana;9
CA0748001;2021-09-09;CU;COBRE;µg/L Cu;69;6,9;705332;4207772;70042;TERCIARIO DE TORREVIEJA;Torrevieja;ALICANTE;748;TERCIARIO DE TORREVIEJA;TERCIARIO DE TORREVIEJA;320;Comunidad Valenciana;9
CA0748001;2021-09-09;DCB-M;1,3-diclorobenceno (m-diclorobenceno);µg/L;0;< 1,0;705332;4207772;70042;TERCIARIO DE TORREVIEJA;Torrevieja;ALICANTE;748;TERCIARIO DE TORREVIEJA;TERCIARIO DE TORREVIEJA;320;Comunidad Valenciana;9
CA0748001;2021-09-09;DCB-P;1,4-diclorobenceno (p-diclorobenceno);µg/L;0;< 1,0;705332;4207772;70042;TERCIARIO DE TORREVIEJA;Torrevieja;ALICANTE;748;TERCIARIO DE TORREVIEJA;TERCIARIO DE TORREVIEJA;320;Comunidad Valenciana;9
CA0748001;2021-09-09;DCE;1,2-dicloroetano (EDC, cloruro de etileno);µg/L;0;< 1,0;705332;4207772;70042;TERCIARIO DE TORREVIEJA;Torrevieja;ALICANTE;748;TERCIARIO DE TORREVIEJA;TERCIARIO DE TORREVIEJA;320;Comunidad Valenciana;9
CA0748001;2021-09-09;DICLETE-CIS;CIS-1,2-DICLOROETENO;µg/L;0;< 1,0;705332;4207772;70042;TERCIARIO DE TORREVIEJA;Torrevieja;ALICANTE;748;TERCIARIO DE TORREVIEJA;TERCIARIO DE TORREVIEJA;320;Comunidad Valenciana;9
CA0748001;2021-09-09;DQO;DQO o Demanda Química de Oxígeno;mg/L O2;0;< 15;705332;4207772;70042;TERCIARIO DE TORREVIEJA;Torrevieja;ALICANTE;748;TERCIARIO DE TORREVIEJA;TERCIARIO DE TORREVIEJA;320;Comunidad Valenciana;9
CA0748001;2021-09-09;ETBENCENO;Etilbenceno;µg/L;0;< 1,0;705332;4207772;70042;TERCIARIO DE TORREVIEJA;Torrevieja;ALICANTE;748;TERCIARIO DE TORREVIEJA;TERCIARIO DE TORREVIEJA;320;Comunidad Valenciana;9
CA0748001;2021-09-09;FE;HIERRO;µg/L;0;< 50;705332;4207772;70042;TERCIARIO DE TORREVIEJA;Torrevieja;ALICANTE;748;TERCIARIO DE TORREVIEJA;TERCIARIO DE TORREVIEJA;320;Comunidad Valenciana;9
CA0748001;2021-09-09;HCBD;Hexaclorobutadieno (HCBD, Hexacloro-1,3-Butadieno);µg/L;0;< 0,060;705332;4207772;70042;TERCIARIO DE TORREVIEJA;Torrevieja;ALICANTE;748;TERCIARIO DE TORREVIEJA;TERCIARIO DE TORREVIEJA;320;Comunidad Valenciana;9
CA0748001;2021-09-09;HG;MERCURIO;µg/L Hg;0;< 0,045;705332;4207772;70042;TERCIARIO DE TORREVIEJA;Torrevieja;ALICANTE;748;TERCIARIO DE TORREVIEJA;TERCIARIO DE TORREVIEJA;320;Comunidad Valenciana;9
CA0748001;2021-09-09;ISOPROPB;Isopropilbenceno (cumeno);µg/L;0;< 1,0;705332;4207772;70042;TERCIARIO DE TORREVIEJA;Torrevieja;ALICANTE;748;TERCIARIO DE TORREVIEJA;TERCIARIO DE TORREVIEJA;320;Comunidad Valenciana;9
CA0748001;2021-09-09;ISOPROPILTO;4-ISOPROPILTOLUENO;µg/L;0;< 1,0;705332;4207772;70042;TERCIARIO DE TORREVIEJA;Torrevieja;ALICANTE;748;TERCIARIO DE TORREVIEJA;TERCIARIO DE TORREVIEJA;320;Comunidad Valenciana;9
CA0748001;2021-09-09;K;POTASIO;mg/L K;190;19;705332;4207772;70042;TERCIARIO DE TORREVIEJA;Torrevieja;ALICANTE;748;TERCIARIO DE TORREVIEJA;TERCIARIO DE TORREVIEJA;320;Comunidad Valenciana;9
CA0748001;2021-09-09;MCB;Clorobenceno (monoclorobenceno);µg/L;0;< 1,0;705332;4207772;70042;TERCIARIO DE TORREVIEJA;Torrevieja;ALICANTE;748;TERCIARIO DE TORREVIEJA;TERCIARIO DE TORREVIEJA;320;Comunidad Valenciana;9
CA0748001;2021-09-09;MG;MAGNESIO;mg/L Mg;400;40;705332;4207772;70042;TERCIARIO DE TORREVIEJA;Torrevieja;ALICANTE;748;TERCIARIO DE TORREVIEJA;TERCIARIO DE TORREVIEJA;320;Comunidad Valenciana;9
CA0748001;2021-09-09;MN;MANGANESO;µg/L Mn;0;< 5,0;705332;4207772;70042;TERCIARIO DE TORREVIEJA;Torrevieja;ALICANTE;748;TERCIARIO DE TORREVIEJA;TERCIARIO DE TORREVIEJA;320;Comunidad Valenciana;9
CA0748001;2021-09-09;;SODIO;mg/L Na;3980;> 200 (398)*;705332;4207772;70042;TERCIARIO DE TORREVIEJA;Torrevieja;ALICANTE;748;TERCIARIO DE TORREVIEJA;TERCIARIO DE TORREVIEJA;320;Comunidad Valenciana;9
CA0748001;2021-09-09;NAFTALENO;Naftaleno (naftalina);µg/L;0;< 0,30;705332;4207772;70042;TERCIARIO DE TORREVIEJA;Torrevieja;ALICANTE;748;TERCIARIO DE TORREVIEJA;TERCIARIO DE TORREVIEJA;320;Comunidad Valenciana;9
CA0748001;2021-09-09;N-BUB;N-BUTILBENCENO;µg/L;0;< 1,0;705332;4207772;70042;TERCIARIO DE TORREVIEJA;Torrevieja;ALICANTE;748;TERCIARIO DE TORREVIEJA;TERCIARIO DE TORREVIEJA;320;Comunidad Valenciana;9
CA0748001;2021-09-09;NH4;AMONIO;mg/L NH4;0;< 0,05;705332;4207772;70042;TERCIARIO DE TORREVIEJA;Torrevieja;ALICANTE;748;TERCIARIO DE TORREVIEJA;TERCIARIO DE TORREVIEJA;320;Comunidad Valenciana;9
CA0748001;2021-09-09;NI;NIQUEL;µg/L Ni;95;0,95;705332;4207772;70042;TERCIARIO DE TORREVIEJA;Torrevieja;ALICANTE;748;TERCIARIO DE TORREVIEJA;TERCIARIO DE TORREVIEJA;320;Comunidad Valenciana;9
CA0748001;2021-09-09;NO2;Nitritos;mg/L NO2;0;< 0,02;705332;4207772;70042;TERCIARIO DE TORREVIEJA;Torrevieja;ALICANTE;748;TERCIARIO DE TORREVIEJA;TERCIARIO DE TORREVIEJA;320;Comunidad Valenciana;9
CA0748001;2021-09-09;NO3;Nitratos;mg/L NO3;380;38;705332;4207772;70042;TERCIARIO DE TORREVIEJA;Torrevieja;ALICANTE;748;TERCIARIO DE TORREVIEJA;TERCIARIO DE TORREVIEJA;320;Comunidad Valenciana;9
CA0748001;2021-09-09;N-PROPILB;N-PROPILBENCENO;µg/L;0;< 1,0;705332;4207772;70042;TERCIARIO DE TORREVIEJA;Torrevieja;ALICANTE;748;TERCIARIO DE TORREVIEJA;TERCIARIO DE TORREVIEJA;320;Comunidad Valenciana;9
CA0748001;2021-09-09;NTOTAL;Nitrógeno total;mg/L N;83;8,3;705332;4207772;70042;TERCIARIO DE TORREVIEJA;Torrevieja;ALICANTE;748;TERCIARIO DE TORREVIEJA;TERCIARIO DE TORREVIEJA;320;Comunidad Valenciana;9
CA0748001;2021-09-09;O2 DTO;Oxigeno disuelto de campo (medida in situ);mg/L O2;81;8,1;705332;4207772;70042;TERCIARIO DE TORREVIEJA;Torrevieja;ALICANTE;748;TERCIARIO DE TORREVIEJA;TERCIARIO DE TORREVIEJA;320;Comunidad Valenciana;9
CA0748001;2021-09-09;O-DICLORO;1,2-diclorobenceno (o-diclorobenceno);µg/L;0;< 1,0;705332;4207772;70042;TERCIARIO DE TORREVIEJA;Torrevieja;ALICANTE;748;TERCIARIO DE TORREVIEJA;TERCIARIO DE TORREVIEJA;320;Comunidad Valenciana;9
CA0748001;2021-09-09;PAHEST;Estireno (etenilbenceno);µg/L;0;< 1,0;705332;4207772;70042;TERCIARIO DE TORREVIEJA;Torrevieja;ALICANTE;748;TERCIARIO DE TORREVIEJA;TERCIARIO DE TORREVIEJA;320;Comunidad Valenciana;9
CA0748001;2021-09-09;PB;PLOMO;µg/L Pb;38;0,38;705332;4207772;70042;TERCIARIO DE TORREVIEJA;Torrevieja;ALICANTE;748;TERCIARIO DE TORREVIEJA;TERCIARIO DE TORREVIEJA;320;Comunidad Valenciana;9
CA0748001;2021-09-09;PER;Tetracloroetileno (PER, Percloroetileno);µg/L;0;< 1,0;705332;4207772;70042;TERCIARIO DE TORREVIEJA;Torrevieja;ALICANTE;748;TERCIARIO DE TORREVIEJA;TERCIARIO DE TORREVIEJA;320;Comunidad Valenciana;9
CA0748001;2021-09-09;PHSITU;pH de campo (medida in situ);udpH;842;8,42 (23.4ºC);705332;4207772;70042;TERCIARIO DE TORREVIEJA;Torrevieja;ALICANTE;748;TERCIARIO DE TORREVIEJA;TERCIARIO DE TORREVIEJA;320;Comunidad Valenciana;9
CA0748001;2021-09-09;PO4;Fosfatos;mg/L PO4;0;< 0,04;705332;4207772;70042;TERCIARIO DE TORREVIEJA;Torrevieja;ALICANTE;748;TERCIARIO DE TORREVIEJA;TERCIARIO DE TORREVIEJA;320;Comunidad Valenciana;9
CA0748001;2021-09-09;PTOTAL;FOSFORO TOTAL;mg/L P;0;< 0,050;705332;4207772;70042;TERCIARIO DE TORREVIEJA;Torrevieja;ALICANTE;748;TERCIARIO DE TORREVIEJA;TERCIARIO DE TORREVIEJA;320;Comunidad Valenciana;9
CA0748001;2021-09-09;SATINSI;Porcentaje de saturación de oxígeno disuelto de campo (medido in situ);% O2;978;97,8;705332;4207772;70042;TERCIARIO DE TORREVIEJA;Torrevieja;ALICANTE;748;TERCIARIO DE TORREVIEJA;TERCIARIO DE TORREVIEJA;320;Comunidad Valenciana;9
CA0748001;2021-09-09;SE;SELENIO;µg/L Se;19;1,9;705332;4207772;70042;TERCIARIO DE TORREVIEJA;Torrevieja;ALICANTE;748;TERCIARIO DE TORREVIEJA;TERCIARIO DE TORREVIEJA;320;Comunidad Valenciana;9
CA0748001;2021-09-09;SECBUTB;SEC-BUTILBENCENO;µg/L;0;< 1,0;705332;4207772;70042;TERCIARIO DE TORREVIEJA;Torrevieja;ALICANTE;748;TERCIARIO DE TORREVIEJA;TERCIARIO DE TORREVIEJA;320;Comunidad Valenciana;9
CA0748001;2021-09-09;SUMAXILENO;Xileno (dimetilbenceno) (suma o-, m- y p-xileno);µg/L;0;< 3,0;705332;4207772;70042;TERCIARIO DE TORREVIEJA;Torrevieja;ALICANTE;748;TERCIARIO DE TORREVIEJA;TERCIARIO DE TORREVIEJA;320;Comunidad Valenciana;9
CA0748001;2021-09-09;SUMDCB;Diclorobenceno (suma isómeros);µg/L;0;< 3,0;705332;4207772;70042;TERCIARIO DE TORREVIEJA;Torrevieja;ALICANTE;748;TERCIARIO DE TORREVIEJA;TERCIARIO DE TORREVIEJA;320;Comunidad Valenciana;9
CA0748001;2021-09-09;SUMTCBEN;"Triclorobenceno (suma isómeros 1,2,3-; 1,2,4- y 1,3,5- TCB)";µg/L;0;< 0,18;705332;4207772;70042;TERCIARIO DE TORREVIEJA;Torrevieja;ALICANTE;748;TERCIARIO DE TORREVIEJA;TERCIARIO DE TORREVIEJA;320;Comunidad Valenciana;9
CA0748001;2021-09-09;SUO4;Sulfatos;mg/L SO4;1280;128;705332;4207772;70042;TERCIARIO DE TORREVIEJA;Torrevieja;ALICANTE;748;TERCIARIO DE TORREVIEJA;TERCIARIO DE TORREVIEJA;320;Comunidad Valenciana;9
CA0748001;2021-09-09;TAGUA;"TEMPERATURA ""IN SITU""";ºC;234;23,4;705332;4207772;70042;TERCIARIO DE TORREVIEJA;Torrevieja;ALICANTE;748;TERCIARIO DE TORREVIEJA;TERCIARIO DE TORREVIEJA;320;Comunidad Valenciana;9
CA0748001;2021-09-09;TBUTB;TERC-BUTILBENCENO;µg/L;0;< 1,0;705332;4207772;70042;TERCIARIO DE TORREVIEJA;Torrevieja;ALICANTE;748;TERCIARIO DE TORREVIEJA;TERCIARIO DE TORREVIEJA;320;Comunidad Valenciana;9
CA0748001;2021-09-09;TCB123;1,2,3-Triclorobenceno;µg/L;0;< 0,060;705332;4207772;70042;TERCIARIO DE TORREVIEJA;Torrevieja;ALICANTE;748;TERCIARIO DE TORREVIEJA;TERCIARIO DE TORREVIEJA;320;Comunidad Valenciana;9
CA0748001;2021-09-09;TCB124;1,2,4-Triclorobenceno;µg/L;0;< 0,060;705332;4207772;70042;TERCIARIO DE TORREVIEJA;Torrevieja;ALICANTE;748;TERCIARIO DE TORREVIEJA;TERCIARIO DE TORREVIEJA;320;Comunidad Valenciana;9
CA0748001;2021-09-09;TCB135;1,3,5-Triclorobenceno;µg/L;0;< 0,060;705332;4207772;70042;TERCIARIO DE TORREVIEJA;Torrevieja;ALICANTE;748;TERCIARIO DE TORREVIEJA;TERCIARIO DE TORREVIEJA;320;Comunidad Valenciana;9
CA0748001;2021-09-09;TCE;1,1,1-TRICLOROETANO;µg/L;0;< 1,0;705332;4207772;70042;TERCIARIO DE TORREVIEJA;Torrevieja;ALICANTE;748;TERCIARIO DE TORREVIEJA;TERCIARIO DE TORREVIEJA;320;Comunidad Valenciana;9
CA0748001;2021-09-09;TETRA;Tetracloruro de carbono (Tetraclorometano, Perclorometano);µg/L;0;< 1,0;705332;4207772;70042;TERCIARIO DE TORREVIEJA;Torrevieja;ALICANTE;748;TERCIARIO DE TORREVIEJA;TERCIARIO DE TORREVIEJA;320;Comunidad Valenciana;9
CA0748001;2021-09-09;TETRTRI;Tricloroetileno + Tetracloroetileno (Percloroetileno);µg/L;0;< 2,0;705332;4207772;70042;TERCIARIO DE TORREVIEJA;Torrevieja;ALICANTE;748;TERCIARIO DE TORREVIEJA;TERCIARIO DE TORREVIEJA;320;Comunidad Valenciana;9
CA0748001;2021-09-09;THMBR;DIBROMOMETANO;µg/L;0;< 1,0;705332;4207772;70042;TERCIARIO DE TORREVIEJA;Torrevieja;ALICANTE;748;TERCIARIO DE TORREVIEJA;TERCIARIO DE TORREVIEJA;320;Comunidad Valenciana;9
CA0748001;2021-09-09;THMBR2CL;Bromodiclorometano;µg/l;0;< 1,0;705332;4207772;70042;TERCIARIO DE TORREVIEJA;Torrevieja;ALICANTE;748;TERCIARIO DE TORREVIEJA;TERCIARIO DE TORREVIEJA;320;Comunidad Valenciana;9
CA0748001;2021-09-09;THMBRCL;BROMOCLOROMETANO;µg/L;0;< 1,0;705332;4207772;70042;TERCIARIO DE TORREVIEJA;Torrevieja;ALICANTE;748;TERCIARIO DE TORREVIEJA;TERCIARIO DE TORREVIEJA;320;Comunidad Valenciana;9
CA0748001;2021-09-09;THMBRCL2;DIBROMOCLOROMETANO (Trihalometanos);µg/L;0;< 1,0;705332;4207772;70042;TERCIARIO DE TORREVIEJA;Torrevieja;ALICANTE;748;TERCIARIO DE TORREVIEJA;TERCIARIO DE TORREVIEJA;320;Comunidad Valenciana;9
CA0748001;2021-09-09;THMBRF;BROMOFORMO;µg/L;0;< 1,0;705332;4207772;70042;TERCIARIO DE TORREVIEJA;Torrevieja;ALICANTE;748;TERCIARIO DE TORREVIEJA;TERCIARIO DE TORREVIEJA;320;Comunidad Valenciana;9
CA0748001;2021-09-09;THMDCM;DICLOROMETANO;µg/L;0;< 20;705332;4207772;70042;TERCIARIO DE TORREVIEJA;Torrevieja;ALICANTE;748;TERCIARIO DE TORREVIEJA;TERCIARIO DE TORREVIEJA;320;Comunidad Valenciana;9
CA0748001;2021-09-09;TMB1;1,2,4-trimetilbenceno;µg/l;0;< 1,0;705332;4207772;70042;TERCIARIO DE TORREVIEJA;Torrevieja;ALICANTE;748;TERCIARIO DE TORREVIEJA;TERCIARIO DE TORREVIEJA;320;Comunidad Valenciana;9
CA0748001;2021-09-09;TMB2;1,3,5-TRIMETILBENCENO;µg/L;0;< 1,0;705332;4207772;70042;TERCIARIO DE TORREVIEJA;Torrevieja;ALICANTE;748;TERCIARIO DE TORREVIEJA;TERCIARIO DE TORREVIEJA;320;Comunidad Valenciana;9
CA0748001;2021-09-09;TOL;Tolueno (Metilbenceno);µg/L;0;< 1,0;705332;4207772;70042;TERCIARIO DE TORREVIEJA;Torrevieja;ALICANTE;748;TERCIARIO DE TORREVIEJA;TERCIARIO DE TORREVIEJA;320;Comunidad Valenciana;9
CA0748001;2021-09-09;TRICLOET;Tricloroetileno (TRI);µg/L;0;< 1,0;705332;4207772;70042;TERCIARIO DE TORREVIEJA;Torrevieja;ALICANTE;748;TERCIARIO DE TORREVIEJA;TERCIARIO DE TORREVIEJA;320;Comunidad Valenciana;9
CA0748001;2021-09-09;XILM+P;SUMA M+P XILENO;µg/L;0;< 2,0;705332;4207772;70042;TERCIARIO DE TORREVIEJA;Torrevieja;ALICANTE;748;TERCIARIO DE TORREVIEJA;TERCIARIO DE TORREVIEJA;320;Comunidad Valenciana;9
CA0748001;2021-09-09;XIL-O;O-XILENO;µg/L;0;< 1,0;705332;4207772;70042;TERCIARIO DE TORREVIEJA;Torrevieja;ALICANTE;748;TERCIARIO DE TORREVIEJA;TERCIARIO DE TORREVIEJA;320;Comunidad Valenciana;9
CA0748001;2021-09-09;ZN;ZINC;µg/l Zn;510;51;705332;4207772;70042;TERCIARIO DE TORREVIEJA;Torrevieja;ALICANTE;748;TERCIARIO DE TORREVIEJA;TERCIARIO DE TORREVIEJA;320;Comunidad Valenciana;9
CA0748001;2021-12-02;12DIBR;1,2-DIBROMOETANO;µg/L;0;< 1,0;705332;4207772;70042;TERCIARIO DE TORREVIEJA;Torrevieja;ALICANTE;748;TERCIARIO DE TORREVIEJA;TERCIARIO DE TORREVIEJA;320;Comunidad Valenciana;12
CA0748001;2021-12-02;2BR2CLPRO;1,2-DIBROMO-3-CLOROPROPANO;µg/L;0;< 2,0;705332;4207772;70042;TERCIARIO DE TORREVIEJA;Torrevieja;ALICANTE;748;TERCIARIO DE TORREVIEJA;TERCIARIO DE TORREVIEJA;320;Comunidad Valenciana;12
CA0748001;2021-12-02;2CLETA;1,1-DICLOROETANO;µg/L;0;< 1,0;705332;4207772;70042;TERCIARIO DE TORREVIEJA;Torrevieja;ALICANTE;748;TERCIARIO DE TORREVIEJA;TERCIARIO DE TORREVIEJA;320;Comunidad Valenciana;12
CA0748001;2021-12-02;2CLETE;1,1-DICLOROETENO;µg/L;0;< 1,0;705332;4207772;70042;TERCIARIO DE TORREVIEJA;Torrevieja;ALICANTE;748;TERCIARIO DE TORREVIEJA;TERCIARIO DE TORREVIEJA;320;Comunidad Valenciana;12
CA0748001;2021-12-02;2CLETE2;1,2-DICLOROETENO;µg/L;0;< 2,0;705332;4207772;70042;TERCIARIO DE TORREVIEJA;Torrevieja;ALICANTE;748;TERCIARIO DE TORREVIEJA;TERCIARIO DE TORREVIEJA;320;Comunidad Valenciana;12
CA0748001;2021-12-02;2CLETEN;TRANS-1,2-DICLOROETENO;µg/L;0;< 1,0;705332;4207772;70042;TERCIARIO DE TORREVIEJA;Torrevieja;ALICANTE;748;TERCIARIO DE TORREVIEJA;TERCIARIO DE TORREVIEJA;320;Comunidad Valenciana;12
CA0748001;2021-12-02;2CLPRO;1,3-DICLOROPROPANO;µg/L;0;< 1,0;705332;4207772;70042;TERCIARIO DE TORREVIEJA;Torrevieja;ALICANTE;748;TERCIARIO DE TORREVIEJA;TERCIARIO DE TORREVIEJA;320;Comunidad Valenciana;12
CA0748001;2021-12-02;2CLPROCIS;CIS-1,3-DICLOROPROPENO;µg/L;0;< 1,0;705332;4207772;70042;TERCIARIO DE TORREVIEJA;Torrevieja;ALICANTE;748;TERCIARIO DE TORREVIEJA;TERCIARIO DE TORREVIEJA;320;Comunidad Valenciana;12
CA0748001;2021-12-02;2CLPROPA;1,2-DICLOROPROPANO;µg/L;0;< 1,0;705332;4207772;70042;TERCIARIO DE TORREVIEJA;Torrevieja;ALICANTE;748;TERCIARIO DE TORREVIEJA;TERCIARIO DE TORREVIEJA;320;Comunidad Valenciana;12
CA0748001;2021-12-02;2CLPROPA2;2,2-DICLOROPROPANO;µg/L;0;< 1,0;705332;4207772;70042;TERCIARIO DE TORREVIEJA;Torrevieja;ALICANTE;748;TERCIARIO DE TORREVIEJA;TERCIARIO DE TORREVIEJA;320;Comunidad Valenciana;12
CA0748001;2021-12-02;2CLPROPE;1,1-DICLOROPROPENO;µg/L;0;< 1,0;705332;4207772;70042;TERCIARIO DE TORREVIEJA;Torrevieja;ALICANTE;748;TERCIARIO DE TORREVIEJA;TERCIARIO DE TORREVIEJA;320;Comunidad Valenciana;12
CA0748001;2021-12-02;2CLPROPE2;TRANS-1,3-DICLOROPROPENO;µg/L;0;< 1,0;705332;4207772;70042;TERCIARIO DE TORREVIEJA;Torrevieja;ALICANTE;748;TERCIARIO DE TORREVIEJA;TERCIARIO DE TORREVIEJA;320;Comunidad Valenciana;12
CA0748001;2021-12-02;3CLETA;1,1,2-TRICLOROETANO;µg/L;0;< 1,0;705332;4207772;70042;TERCIARIO DE TORREVIEJA;Torrevieja;ALICANTE;748;TERCIARIO DE TORREVIEJA;TERCIARIO DE TORREVIEJA;320;Comunidad Valenciana;12
CA0748001;2021-12-02;3CLPRO;1,2,3-TRICLOROPROPANO;µg/L;0;< 1,0;705332;4207772;70042;TERCIARIO DE TORREVIEJA;Torrevieja;ALICANTE;748;TERCIARIO DE TORREVIEJA;TERCIARIO DE TORREVIEJA;320;Comunidad Valenciana;12
CA0748001;2021-12-02;4CLETA;1,1,1,2-TETRACLOROETANO;µg/L;0;< 1,0;705332;4207772;70042;TERCIARIO DE TORREVIEJA;Torrevieja;ALICANTE;748;TERCIARIO DE TORREVIEJA;TERCIARIO DE TORREVIEJA;320;Comunidad Valenciana;12
CA0748001;2021-12-02;4CLETA2;1,1,2,2-TETRACLOROETANO;µg/L;0;< 1,0;705332;4207772;70042;TERCIARIO DE TORREVIEJA;Torrevieja;ALICANTE;748;TERCIARIO DE TORREVIEJA;TERCIARIO DE TORREVIEJA;320;Comunidad Valenciana;12
CA0748001;2021-12-02;6CLET;HEXACLOROETANO;µg/L;0;< 1,0;705332;4207772;70042;TERCIARIO DE TORREVIEJA;Torrevieja;ALICANTE;748;TERCIARIO DE TORREVIEJA;TERCIARIO DE TORREVIEJA;320;Comunidad Valenciana;12
CA0748001;2021-12-02;AS;ARSENICO;µg/L As;0;< 5,0;705332;4207772;70042;TERCIARIO DE TORREVIEJA;Torrevieja;ALICANTE;748;TERCIARIO DE TORREVIEJA;TERCIARIO DE TORREVIEJA;320;Comunidad Valenciana;12
CA0748001;2021-12-02;B;BORO;µg/L B;0;<250;705332;4207772;70042;TERCIARIO DE TORREVIEJA;Torrevieja;ALICANTE;748;TERCIARIO DE TORREVIEJA;TERCIARIO DE TORREVIEJA;320;Comunidad Valenciana;12
CA0748001;2021-12-02;BENCENO;BENCENO;µg/L;0;< 0,30;705332;4207772;70042;TERCIARIO DE TORREVIEJA;Torrevieja;ALICANTE;748;TERCIARIO DE TORREVIEJA;TERCIARIO DE TORREVIEJA;320;Comunidad Valenciana;12
CA0748001;2021-12-02;BICARB;BICARBONATOS;mg/L HCO3-;1700;170;705332;4207772;70042;TERCIARIO DE TORREVIEJA;Torrevieja;ALICANTE;748;TERCIARIO DE TORREVIEJA;TERCIARIO DE TORREVIEJA;320;Comunidad Valenciana;12
CA0748001;2021-12-02;BRB;BROMOBENCENO;µg/L;0;< 1,0;705332;4207772;70042;TERCIARIO DE TORREVIEJA;Torrevieja;ALICANTE;748;TERCIARIO DE TORREVIEJA;TERCIARIO DE TORREVIEJA;320;Comunidad Valenciana;12
CA0748001;2021-12-02;CA;CALCIO;mg/L Ca;830;83;705332;4207772;70042;TERCIARIO DE TORREVIEJA;Torrevieja;ALICANTE;748;TERCIARIO DE TORREVIEJA;TERCIARIO DE TORREVIEJA;320;Comunidad Valenciana;12
CA0748001;2021-12-02;CL;Cloruros;mg/L Cl;1960;196;705332;4207772;70042;TERCIARIO DE TORREVIEJA;Torrevieja;ALICANTE;748;TERCIARIO DE TORREVIEJA;TERCIARIO DE TORREVIEJA;320;Comunidad Valenciana;12
CA0748001;2021-12-02;CLF;Cloroformo (Triclorometano);µg/L;34;3,4;705332;4207772;70042;TERCIARIO DE TORREVIEJA;Torrevieja;ALICANTE;748;TERCIARIO DE TORREVIEJA;TERCIARIO DE TORREVIEJA;320;Comunidad Valenciana;12
CA0748001;2021-12-02;CLTO2;4-CLOROTOLUENO;µg/L;0;< 1,0;705332;4207772;70042;TERCIARIO DE TORREVIEJA;Torrevieja;ALICANTE;748;TERCIARIO DE TORREVIEJA;TERCIARIO DE TORREVIEJA;320;Comunidad Valenciana;12
CA0748001;2021-12-02;CLTOL;2-CLOROTOLUENO;µg/L;0;< 1,0;705332;4207772;70042;TERCIARIO DE TORREVIEJA;Torrevieja;ALICANTE;748;TERCIARIO DE TORREVIEJA;TERCIARIO DE TORREVIEJA;320;Comunidad Valenciana;12
CA0748001;2021-12-02;COND20SITU;Conductividad de campo (medida in situ);µS/cm;11420;1142;705332;4207772;70042;TERCIARIO DE TORREVIEJA;Torrevieja;ALICANTE;748;TERCIARIO DE TORREVIEJA;TERCIARIO DE TORREVIEJA;320;Comunidad Valenciana;12
CA0748001;2021-12-02;CR;CROMO;µg/L Cr;0;< 0,80;705332;4207772;70042;TERCIARIO DE TORREVIEJA;Torrevieja;ALICANTE;748;TERCIARIO DE TORREVIEJA;TERCIARIO DE TORREVIEJA;320;Comunidad Valenciana;12
CA0748001;2021-12-02;CU;COBRE;µg/L Cu;44;4,4;705332;4207772;70042;TERCIARIO DE TORREVIEJA;Torrevieja;ALICANTE;748;TERCIARIO DE TORREVIEJA;TERCIARIO DE TORREVIEJA;320;Comunidad Valenciana;12
CA0748001;2021-12-02;DCB-M;1,3-diclorobenceno (m-diclorobenceno);µg/L;0;< 1,0;705332;4207772;70042;TERCIARIO DE TORREVIEJA;Torrevieja;ALICANTE;748;TERCIARIO DE TORREVIEJA;TERCIARIO DE TORREVIEJA;320;Comunidad Valenciana;12
CA0748001;2021-12-02;DCB-P;1,4-diclorobenceno (p-diclorobenceno);µg/L;0;< 1,0;705332;4207772;70042;TERCIARIO DE TORREVIEJA;Torrevieja;ALICANTE;748;TERCIARIO DE TORREVIEJA;TERCIARIO DE TORREVIEJA;320;Comunidad Valenciana;12
CA0748001;2021-12-02;DCE;1,2-dicloroetano (EDC, cloruro de etileno);µg/L;0;< 1,0;705332;4207772;70042;TERCIARIO DE TORREVIEJA;Torrevieja;ALICANTE;748;TERCIARIO DE TORREVIEJA;TERCIARIO DE TORREVIEJA;320;Comunidad Valenciana;12
CA0748001;2021-12-02;DICLETE-CIS;CIS-1,2-DICLOROETENO;µg/L;0;< 1,0;705332;4207772;70042;TERCIARIO DE TORREVIEJA;Torrevieja;ALICANTE;748;TERCIARIO DE TORREVIEJA;TERCIARIO DE TORREVIEJA;320;Comunidad Valenciana;12
CA0748001;2021-12-02;DQO;DQO o Demanda Química de Oxígeno;mg/L O2;240;24;705332;4207772;70042;TERCIARIO DE TORREVIEJA;Torrevieja;ALICANTE;748;TERCIARIO DE TORREVIEJA;TERCIARIO DE TORREVIEJA;320;Comunidad Valenciana;12
CA0748001;2021-12-02;ETBENCENO;Etilbenceno;µg/L;0;< 1,0;705332;4207772;70042;TERCIARIO DE TORREVIEJA;Torrevieja;ALICANTE;748;TERCIARIO DE TORREVIEJA;TERCIARIO DE TORREVIEJA;320;Comunidad Valenciana;12
CA0748001;2021-12-02;FE;HIERRO;µg/L;0;< 50;705332;4207772;70042;TERCIARIO DE TORREVIEJA;Torrevieja;ALICANTE;748;TERCIARIO DE TORREVIEJA;TERCIARIO DE TORREVIEJA;320;Comunidad Valenciana;12
CA0748001;2021-12-02;HCBD;Hexaclorobutadieno (HCBD, Hexacloro-1,3-Butadieno);µg/L;0;< 0,060;705332;4207772;70042;TERCIARIO DE TORREVIEJA;Torrevieja;ALICANTE;748;TERCIARIO DE TORREVIEJA;TERCIARIO DE TORREVIEJA;320;Comunidad Valenciana;12
CA0748001;2021-12-02;HG;MERCURIO;µg/L Hg;1;0,1;705332;4207772;70042;TERCIARIO DE TORREVIEJA;Torrevieja;ALICANTE;748;TERCIARIO DE TORREVIEJA;TERCIARIO DE TORREVIEJA;320;Comunidad Valenciana;12
CA0748001;2021-12-02;ISOPROPB;Isopropilbenceno (cumeno);µg/L;0;< 1,0;705332;4207772;70042;TERCIARIO DE TORREVIEJA;Torrevieja;ALICANTE;748;TERCIARIO DE TORREVIEJA;TERCIARIO DE TORREVIEJA;320;Comunidad Valenciana;12
CA0748001;2021-12-02;ISOPROPILTO;4-ISOPROPILTOLUENO;µg/L;0;< 1,0;705332;4207772;70042;TERCIARIO DE TORREVIEJA;Torrevieja;ALICANTE;748;TERCIARIO DE TORREVIEJA;TERCIARIO DE TORREVIEJA;320;Comunidad Valenciana;12
CA0748001;2021-12-02;K;POTASIO;mg/L K;53;5,3;705332;4207772;70042;TERCIARIO DE TORREVIEJA;Torrevieja;ALICANTE;748;TERCIARIO DE TORREVIEJA;TERCIARIO DE TORREVIEJA;320;Comunidad Valenciana;12
CA0748001;2021-12-02;MCB;Clorobenceno (monoclorobenceno);µg/L;0;< 1,0;705332;4207772;70042;TERCIARIO DE TORREVIEJA;Torrevieja;ALICANTE;748;TERCIARIO DE TORREVIEJA;TERCIARIO DE TORREVIEJA;320;Comunidad Valenciana;12
CA0748001;2021-12-02;MG;MAGNESIO;mg/L Mg;240;24;705332;4207772;70042;TERCIARIO DE TORREVIEJA;Torrevieja;ALICANTE;748;TERCIARIO DE TORREVIEJA;TERCIARIO DE TORREVIEJA;320;Comunidad Valenciana;12
CA0748001;2021-12-02;MN;MANGANESO;µg/L Mn;0;< 5,0;705332;4207772;70042;TERCIARIO DE TORREVIEJA;Torrevieja;ALICANTE;748;TERCIARIO DE TORREVIEJA;TERCIARIO DE TORREVIEJA;320;Comunidad Valenciana;12
CA0748001;2021-12-02;;SODIO;mg/L Na;1480;148;705332;4207772;70042;TERCIARIO DE TORREVIEJA;Torrevieja;ALICANTE;748;TERCIARIO DE TORREVIEJA;TERCIARIO DE TORREVIEJA;320;Comunidad Valenciana;12
CA0748001;2021-12-02;NAFTALENO;Naftaleno (naftalina);µg/L;0;< 0,30;705332;4207772;70042;TERCIARIO DE TORREVIEJA;Torrevieja;ALICANTE;748;TERCIARIO DE TORREVIEJA;TERCIARIO DE TORREVIEJA;320;Comunidad Valenciana;12
CA0748001;2021-12-02;N-BUB;N-BUTILBENCENO;µg/L;0;< 1,0;705332;4207772;70042;TERCIARIO DE TORREVIEJA;Torrevieja;ALICANTE;748;TERCIARIO DE TORREVIEJA;TERCIARIO DE TORREVIEJA;320;Comunidad Valenciana;12
CA0748001;2021-12-02;NH4;AMONIO;mg/L NH4;0;< 0,050;705332;4207772;70042;TERCIARIO DE TORREVIEJA;Torrevieja;ALICANTE;748;TERCIARIO DE TORREVIEJA;TERCIARIO DE TORREVIEJA;320;Comunidad Valenciana;12
CA0748001;2021-12-02;NI;NIQUEL;µg/L Ni;31;3,1;705332;4207772;70042;TERCIARIO DE TORREVIEJA;Torrevieja;ALICANTE;748;TERCIARIO DE TORREVIEJA;TERCIARIO DE TORREVIEJA;320;Comunidad Valenciana;12
CA0748001;2021-12-02;NO2;Nitritos;mg/L NO2;0;< 0,02;705332;4207772;70042;TERCIARIO DE TORREVIEJA;Torrevieja;ALICANTE;748;TERCIARIO DE TORREVIEJA;TERCIARIO DE TORREVIEJA;320;Comunidad Valenciana;12
CA0748001;2021-12-02;NO3;Nitratos;mg/L NO3;520;52;705332;4207772;70042;TERCIARIO DE TORREVIEJA;Torrevieja;ALICANTE;748;TERCIARIO DE TORREVIEJA;TERCIARIO DE TORREVIEJA;320;Comunidad Valenciana;12
CA0748001;2021-12-02;N-PROPILB;N-PROPILBENCENO;µg/L;0;< 1,0;705332;4207772;70042;TERCIARIO DE TORREVIEJA;Torrevieja;ALICANTE;748;TERCIARIO DE TORREVIEJA;TERCIARIO DE TORREVIEJA;320;Comunidad Valenciana;12
CA0748001;2021-12-02;NTOTAL;Nitrógeno total;mg/L N;110;11;705332;4207772;70042;TERCIARIO DE TORREVIEJA;Torrevieja;ALICANTE;748;TERCIARIO DE TORREVIEJA;TERCIARIO DE TORREVIEJA;320;Comunidad Valenciana;12
CA0748001;2021-12-02;O2 DTO;Oxigeno disuelto de campo (medida in situ);mg/L O2;913;9,13;705332;4207772;70042;TERCIARIO DE TORREVIEJA;Torrevieja;ALICANTE;748;TERCIARIO DE TORREVIEJA;TERCIARIO DE TORREVIEJA;320;Comunidad Valenciana;12
CA0748001;2021-12-02;O-DICLORO;1,2-diclorobenceno (o-diclorobenceno);µg/L;0;< 1,0;705332;4207772;70042;TERCIARIO DE TORREVIEJA;Torrevieja;ALICANTE;748;TERCIARIO DE TORREVIEJA;TERCIARIO DE TORREVIEJA;320;Comunidad Valenciana;12
CA0748001;2021-12-02;PAHEST;Estireno (etenilbenceno);µg/L;0;< 1,0;705332;4207772;70042;TERCIARIO DE TORREVIEJA;Torrevieja;ALICANTE;748;TERCIARIO DE TORREVIEJA;TERCIARIO DE TORREVIEJA;320;Comunidad Valenciana;12
CA0748001;2021-12-02;PB;PLOMO;µg/L Pb;12;1,2;705332;4207772;70042;TERCIARIO DE TORREVIEJA;Torrevieja;ALICANTE;748;TERCIARIO DE TORREVIEJA;TERCIARIO DE TORREVIEJA;320;Comunidad Valenciana;12
CA0748001;2021-12-02;PER;Tetracloroetileno (PER, Percloroetileno);µg/L;0;< 1,0;705332;4207772;70042;TERCIARIO DE TORREVIEJA;Torrevieja;ALICANTE;748;TERCIARIO DE TORREVIEJA;TERCIARIO DE TORREVIEJA;320;Comunidad Valenciana;12
CA0748001;2021-12-02;PHSITU;pH de campo (medida in situ);udpH;826;8,26 (19.2ºC);705332;4207772;70042;TERCIARIO DE TORREVIEJA;Torrevieja;ALICANTE;748;TERCIARIO DE TORREVIEJA;TERCIARIO DE TORREVIEJA;320;Comunidad Valenciana;12
CA0748001;2021-12-02;PO4;Fosfatos;mg/L PO4;0;< 0,040;705332;4207772;70042;TERCIARIO DE TORREVIEJA;Torrevieja;ALICANTE;748;TERCIARIO DE TORREVIEJA;TERCIARIO DE TORREVIEJA;320;Comunidad Valenciana;12
CA0748001;2021-12-02;PTOTAL;FOSFORO TOTAL;mg/L P;0;< 0,05;705332;4207772;70042;TERCIARIO DE TORREVIEJA;Torrevieja;ALICANTE;748;TERCIARIO DE TORREVIEJA;TERCIARIO DE TORREVIEJA;320;Comunidad Valenciana;12
CA0748001;2021-12-02;SATINSI;Porcentaje de saturación de oxígeno disuelto de campo (medido in situ);% O2;985;98,5;705332;4207772;70042;TERCIARIO DE TORREVIEJA;Torrevieja;ALICANTE;748;TERCIARIO DE TORREVIEJA;TERCIARIO DE TORREVIEJA;320;Comunidad Valenciana;12
CA0748001;2021-12-02;SE;SELENIO;µg/L Se;22;2,2;705332;4207772;70042;TERCIARIO DE TORREVIEJA;Torrevieja;ALICANTE;748;TERCIARIO DE TORREVIEJA;TERCIARIO DE TORREVIEJA;320;Comunidad Valenciana;12
CA0748001;2021-12-02;SECBUTB;SEC-BUTILBENCENO;µg/L;0;< 1,0;705332;4207772;70042;TERCIARIO DE TORREVIEJA;Torrevieja;ALICANTE;748;TERCIARIO DE TORREVIEJA;TERCIARIO DE TORREVIEJA;320;Comunidad Valenciana;12
CA0748001;2021-12-02;SUMAXILENO;Xileno (dimetilbenceno) (suma o-, m- y p-xileno);µg/L;0;< 3,0;705332;4207772;70042;TERCIARIO DE TORREVIEJA;Torrevieja;ALICANTE;748;TERCIARIO DE TORREVIEJA;TERCIARIO DE TORREVIEJA;320;Comunidad Valenciana;12
CA0748001;2021-12-02;SUMDCB;Diclorobenceno (suma isómeros);µg/L;0;< 3,0;705332;4207772;70042;TERCIARIO DE TORREVIEJA;Torrevieja;ALICANTE;748;TERCIARIO DE TORREVIEJA;TERCIARIO DE TORREVIEJA;320;Comunidad Valenciana;12
CA0748001;2021-12-02;SUMTCBEN;"Triclorobenceno (suma isómeros 1,2,3-; 1,2,4- y 1,3,5- TCB)";µg/L;0;< 0,18;705332;4207772;70042;TERCIARIO DE TORREVIEJA;Torrevieja;ALICANTE;748;TERCIARIO DE TORREVIEJA;TERCIARIO DE TORREVIEJA;320;Comunidad Valenciana;12
CA0748001;2021-12-02;SUO4;Sulfatos;mg/L SO4;840;84;705332;4207772;70042;TERCIARIO DE TORREVIEJA;Torrevieja;ALICANTE;748;TERCIARIO DE TORREVIEJA;TERCIARIO DE TORREVIEJA;320;Comunidad Valenciana;12
CA0748001;2021-12-02;TAGUA;"TEMPERATURA ""IN SITU""";ºC;192;19,2;705332;4207772;70042;TERCIARIO DE TORREVIEJA;Torrevieja;ALICANTE;748;TERCIARIO DE TORREVIEJA;TERCIARIO DE TORREVIEJA;320;Comunidad Valenciana;12
CA0748001;2021-12-02;TBUTB;TERC-BUTILBENCENO;µg/L;0;< 1,0;705332;4207772;70042;TERCIARIO DE TORREVIEJA;Torrevieja;ALICANTE;748;TERCIARIO DE TORREVIEJA;TERCIARIO DE TORREVIEJA;320;Comunidad Valenciana;12
CA0748001;2021-12-02;TCB123;1,2,3-Triclorobenceno;µg/L;0;< 0,060;705332;4207772;70042;TERCIARIO DE TORREVIEJA;Torrevieja;ALICANTE;748;TERCIARIO DE TORREVIEJA;TERCIARIO DE TORREVIEJA;320;Comunidad Valenciana;12
CA0748001;2021-12-02;TCB124;1,2,4-Triclorobenceno;µg/L;0;< 0,060;705332;4207772;70042;TERCIARIO DE TORREVIEJA;Torrevieja;ALICANTE;748;TERCIARIO DE TORREVIEJA;TERCIARIO DE TORREVIEJA;320;Comunidad Valenciana;12
CA0748001;2021-12-02;TCB135;1,3,5-Triclorobenceno;µg/L;0;< 0,060;705332;4207772;70042;TERCIARIO DE TORREVIEJA;Torrevieja;ALICANTE;748;TERCIARIO DE TORREVIEJA;TERCIARIO DE TORREVIEJA;320;Comunidad Valenciana;12
CA0748001;2021-12-02;TCE;1,1,1-TRICLOROETANO;µg/L;0;< 1,0;705332;4207772;70042;TERCIARIO DE TORREVIEJA;Torrevieja;ALICANTE;748;TERCIARIO DE TORREVIEJA;TERCIARIO DE TORREVIEJA;320;Comunidad Valenciana;12
CA0748001;2021-12-02;TETRA;Tetracloruro de carbono (Tetraclorometano, Perclorometano);µg/L;0;< 1,0;705332;4207772;70042;TERCIARIO DE TORREVIEJA;Torrevieja;ALICANTE;748;TERCIARIO DE TORREVIEJA;TERCIARIO DE TORREVIEJA;320;Comunidad Valenciana;12
CA0748001;2021-12-02;TETRTRI;Tricloroetileno + Tetracloroetileno (Percloroetileno);µg/L;0;< 2,0;705332;4207772;70042;TERCIARIO DE TORREVIEJA;Torrevieja;ALICANTE;748;TERCIARIO DE TORREVIEJA;TERCIARIO DE TORREVIEJA;320;Comunidad Valenciana;12
CA0748001;2021-12-02;THMBR;DIBROMOMETANO;µg/L;0;< 1,0;705332;4207772;70042;TERCIARIO DE TORREVIEJA;Torrevieja;ALICANTE;748;TERCIARIO DE TORREVIEJA;TERCIARIO DE TORREVIEJA;320;Comunidad Valenciana;12
CA0748001;2021-12-02;THMBR2CL;Bromodiclorometano;µg/l;0;< 1,0;705332;4207772;70042;TERCIARIO DE TORREVIEJA;Torrevieja;ALICANTE;748;TERCIARIO DE TORREVIEJA;TERCIARIO DE TORREVIEJA;320;Comunidad Valenciana;12
CA0748001;2021-12-02;THMBRCL;BROMOCLOROMETANO;µg/L;0;< 1,0;705332;4207772;70042;TERCIARIO DE TORREVIEJA;Torrevieja;ALICANTE;748;TERCIARIO DE TORREVIEJA;TERCIARIO DE TORREVIEJA;320;Comunidad Valenciana;12
CA0748001;2021-12-02;THMBRCL2;DIBROMOCLOROMETANO (Trihalometanos);µg/L;0;< 1,0;705332;4207772;70042;TERCIARIO DE TORREVIEJA;Torrevieja;ALICANTE;748;TERCIARIO DE TORREVIEJA;TERCIARIO DE TORREVIEJA;320;Comunidad Valenciana;12
CA0748001;2021-12-02;THMBRF;BROMOFORMO;µg/L;0;< 1,0;705332;4207772;70042;TERCIARIO DE TORREVIEJA;Torrevieja;ALICANTE;748;TERCIARIO DE TORREVIEJA;TERCIARIO DE TORREVIEJA;320;Comunidad Valenciana;12
CA0748001;2021-12-02;THMDCM;DICLOROMETANO;µg/L;0;< 20;705332;4207772;70042;TERCIARIO DE TORREVIEJA;Torrevieja;ALICANTE;748;TERCIARIO DE TORREVIEJA;TERCIARIO DE TORREVIEJA;320;Comunidad Valenciana;12
CA0748001;2021-12-02;TMB1;1,2,4-trimetilbenceno;µg/l;0;< 1,0;705332;4207772;70042;TERCIARIO DE TORREVIEJA;Torrevieja;ALICANTE;748;TERCIARIO DE TORREVIEJA;TERCIARIO DE TORREVIEJA;320;Comunidad Valenciana;12
CA0748001;2021-12-02;TMB2;1,3,5-TRIMETILBENCENO;µg/L;0;< 1,0;705332;4207772;70042;TERCIARIO DE TORREVIEJA;Torrevieja;ALICANTE;748;TERCIARIO DE TORREVIEJA;TERCIARIO DE TORREVIEJA;320;Comunidad Valenciana;12
CA0748001;2021-12-02;TOL;Tolueno (Metilbenceno);µg/L;0;< 1,0;705332;4207772;70042;TERCIARIO DE TORREVIEJA;Torrevieja;ALICANTE;748;TERCIARIO DE TORREVIEJA;TERCIARIO DE TORREVIEJA;320;Comunidad Valenciana;12
CA0748001;2021-12-02;TRICLOET;Tricloroetileno (TRI);µg/L;0;< 1,0;705332;4207772;70042;TERCIARIO DE TORREVIEJA;Torrevieja;ALICANTE;748;TERCIARIO DE TORREVIEJA;TERCIARIO DE TORREVIEJA;320;Comunidad Valenciana;12
CA0748001;2021-12-02;XILM+P;SUMA M+P XILENO;µg/L;0;< 2,0;705332;4207772;70042;TERCIARIO DE TORREVIEJA;Torrevieja;ALICANTE;748;TERCIARIO DE TORREVIEJA;TERCIARIO DE TORREVIEJA;320;Comunidad Valenciana;12
CA0748001;2021-12-02;XIL-O;O-XILENO;µg/L;0;< 1,0;705332;4207772;70042;TERCIARIO DE TORREVIEJA;Torrevieja;ALICANTE;748;TERCIARIO DE TORREVIEJA;TERCIARIO DE TORREVIEJA;320;Comunidad Valenciana;12
CA0748001;2021-12-02;ZN;ZINC;µg/l Zn;1680;168;705332;4207772;70042;TERCIARIO DE TORREVIEJA;Torrevieja;ALICANTE;748;TERCIARIO DE TORREVIEJA;TERCIARIO DE TORREVIEJA;320;Comunidad Valenciana;12
CA0748001;2022-01-13;12DIBR;1,2-DIBROMOETANO;µg/L;0;< 1,0;705332;4207772;70042;TERCIARIO DE TORREVIEJA;Torrevieja;ALICANTE;748;TERCIARIO DE TORREVIEJA;TERCIARIO DE TORREVIEJA;320;Comunidad Valenciana;1
CA0748001;2022-01-13;2BR2CLPRO;1,2-DIBROMO-3-CLOROPROPANO;µg/L;0;< 2,0;705332;4207772;70042;TERCIARIO DE TORREVIEJA;Torrevieja;ALICANTE;748;TERCIARIO DE TORREVIEJA;TERCIARIO DE TORREVIEJA;320;Comunidad Valenciana;1
CA0748001;2022-01-13;2CLETA;1,1-DICLOROETANO;µg/L;0;< 1,0;705332;4207772;70042;TERCIARIO DE TORREVIEJA;Torrevieja;ALICANTE;748;TERCIARIO DE TORREVIEJA;TERCIARIO DE TORREVIEJA;320;Comunidad Valenciana;1
CA0748001;2022-01-13;2CLETE;1,1-DICLOROETENO;µg/L;0;< 1,0;705332;4207772;70042;TERCIARIO DE TORREVIEJA;Torrevieja;ALICANTE;748;TERCIARIO DE TORREVIEJA;TERCIARIO DE TORREVIEJA;320;Comunidad Valenciana;1
CA0748001;2022-01-13;2CLETE2;1,2-DICLOROETENO;µg/L;0;< 2,0;705332;4207772;70042;TERCIARIO DE TORREVIEJA;Torrevieja;ALICANTE;748;TERCIARIO DE TORREVIEJA;TERCIARIO DE TORREVIEJA;320;Comunidad Valenciana;1
CA0748001;2022-01-13;2CLETEN;TRANS-1,2-DICLOROETENO;µg/L;0;< 1,0;705332;4207772;70042;TERCIARIO DE TORREVIEJA;Torrevieja;ALICANTE;748;TERCIARIO DE TORREVIEJA;TERCIARIO DE TORREVIEJA;320;Comunidad Valenciana;1
CA0748001;2022-01-13;2CLPRO;1,3-DICLOROPROPANO;µg/L;0;< 1,0;705332;4207772;70042;TERCIARIO DE TORREVIEJA;Torrevieja;ALICANTE;748;TERCIARIO DE TORREVIEJA;TERCIARIO DE TORREVIEJA;320;Comunidad Valenciana;1
CA0748001;2022-01-13;2CLPROCIS;CIS-1,3-DICLOROPROPENO;µg/L;0;< 1,0;705332;4207772;70042;TERCIARIO DE TORREVIEJA;Torrevieja;ALICANTE;748;TERCIARIO DE TORREVIEJA;TERCIARIO DE TORREVIEJA;320;Comunidad Valenciana;1
CA0748001;2022-01-13;2CLPROPA;1,2-DICLOROPROPANO;µg/L;0;< 1,0;705332;4207772;70042;TERCIARIO DE TORREVIEJA;Torrevieja;ALICANTE;748;TERCIARIO DE TORREVIEJA;TERCIARIO DE TORREVIEJA;320;Comunidad Valenciana;1
CA0748001;2022-01-13;2CLPROPA2;2,2-DICLOROPROPANO;µg/L;0;< 1,0;705332;4207772;70042;TERCIARIO DE TORREVIEJA;Torrevieja;ALICANTE;748;TERCIARIO DE TORREVIEJA;TERCIARIO DE TORREVIEJA;320;Comunidad Valenciana;1
CA0748001;2022-01-13;2CLPROPE;1,1-DICLOROPROPENO;µg/L;0;< 1,0;705332;4207772;70042;TERCIARIO DE TORREVIEJA;Torrevieja;ALICANTE;748;TERCIARIO DE TORREVIEJA;TERCIARIO DE TORREVIEJA;320;Comunidad Valenciana;1
CA0748001;2022-01-13;2CLPROPE2;TRANS-1,3-DICLOROPROPENO;µg/L;0;< 1,0;705332;4207772;70042;TERCIARIO DE TORREVIEJA;Torrevieja;ALICANTE;748;TERCIARIO DE TORREVIEJA;TERCIARIO DE TORREVIEJA;320;Comunidad Valenciana;1
CA0748001;2022-01-13;3CLETA;1,1,2-TRICLOROETANO;µg/L;0;< 1,0;705332;4207772;70042;TERCIARIO DE TORREVIEJA;Torrevieja;ALICANTE;748;TERCIARIO DE TORREVIEJA;TERCIARIO DE TORREVIEJA;320;Comunidad Valenciana;1
CA0748001;2022-01-13;3CLPRO;1,2,3-TRICLOROPROPANO;µg/L;0;< 1,0;705332;4207772;70042;TERCIARIO DE TORREVIEJA;Torrevieja;ALICANTE;748;TERCIARIO DE TORREVIEJA;TERCIARIO DE TORREVIEJA;320;Comunidad Valenciana;1
CA0748001;2022-01-13;4CLETA;1,1,1,2-TETRACLOROETANO;µg/L;0;< 1,0;705332;4207772;70042;TERCIARIO DE TORREVIEJA;Torrevieja;ALICANTE;748;TERCIARIO DE TORREVIEJA;TERCIARIO DE TORREVIEJA;320;Comunidad Valenciana;1
CA0748001;2022-01-13;4CLETA2;1,1,2,2-TETRACLOROETANO;µg/L;0;< 1,0;705332;4207772;70042;TERCIARIO DE TORREVIEJA;Torrevieja;ALICANTE;748;TERCIARIO DE TORREVIEJA;TERCIARIO DE TORREVIEJA;320;Comunidad Valenciana;1
CA0748001;2022-01-13;6CLET;HEXACLOROETANO;µg/L;0;< 1,0;705332;4207772;70042;TERCIARIO DE TORREVIEJA;Torrevieja;ALICANTE;748;TERCIARIO DE TORREVIEJA;TERCIARIO DE TORREVIEJA;320;Comunidad Valenciana;1
CA0748001;2022-01-13;AS;ARSENICO;µg/L As;0;< 5,0;705332;4207772;70042;TERCIARIO DE TORREVIEJA;Torrevieja;ALICANTE;748;TERCIARIO DE TORREVIEJA;TERCIARIO DE TORREVIEJA;320;Comunidad Valenciana;1
CA0748001;2022-01-13;B;BORO;µg/L B;2700;270;705332;4207772;70042;TERCIARIO DE TORREVIEJA;Torrevieja;ALICANTE;748;TERCIARIO DE TORREVIEJA;TERCIARIO DE TORREVIEJA;320;Comunidad Valenciana;1
CA0748001;2022-01-13;BENCENO;BENCENO;µg/L;0;< 0,30;705332;4207772;70042;TERCIARIO DE TORREVIEJA;Torrevieja;ALICANTE;748;TERCIARIO DE TORREVIEJA;TERCIARIO DE TORREVIEJA;320;Comunidad Valenciana;1
CA0748001;2022-01-13;BICARB;BICARBONATOS;mg/L HCO3-;1640;164;705332;4207772;70042;TERCIARIO DE TORREVIEJA;Torrevieja;ALICANTE;748;TERCIARIO DE TORREVIEJA;TERCIARIO DE TORREVIEJA;320;Comunidad Valenciana;1
CA0748001;2022-01-13;BRB;BROMOBENCENO;µg/L;0;< 1,0;705332;4207772;70042;TERCIARIO DE TORREVIEJA;Torrevieja;ALICANTE;748;TERCIARIO DE TORREVIEJA;TERCIARIO DE TORREVIEJA;320;Comunidad Valenciana;1
CA0748001;2022-01-13;CA;CALCIO;mg/L Ca;670;67;705332;4207772;70042;TERCIARIO DE TORREVIEJA;Torrevieja;ALICANTE;748;TERCIARIO DE TORREVIEJA;TERCIARIO DE TORREVIEJA;320;Comunidad Valenciana;1
CA0748001;2022-01-13;CD;CADMIO;µg/L Cd;54;0,054;705332;4207772;70042;TERCIARIO DE TORREVIEJA;Torrevieja;ALICANTE;748;TERCIARIO DE TORREVIEJA;TERCIARIO DE TORREVIEJA;320;Comunidad Valenciana;1
CA0748001;2022-01-13;CL;Cloruros;mg/L Cl;2040;204;705332;4207772;70042;TERCIARIO DE TORREVIEJA;Torrevieja;ALICANTE;748;TERCIARIO DE TORREVIEJA;TERCIARIO DE TORREVIEJA;320;Comunidad Valenciana;1
CA0748001;2022-01-13;CLF;Cloroformo (Triclorometano);µg/L;34;3,4;705332;4207772;70042;TERCIARIO DE TORREVIEJA;Torrevieja;ALICANTE;748;TERCIARIO DE TORREVIEJA;TERCIARIO DE TORREVIEJA;320;Comunidad Valenciana;1
CA0748001;2022-01-13;CLTO2;4-CLOROTOLUENO;µg/L;0;< 1,0;705332;4207772;70042;TERCIARIO DE TORREVIEJA;Torrevieja;ALICANTE;748;TERCIARIO DE TORREVIEJA;TERCIARIO DE TORREVIEJA;320;Comunidad Valenciana;1
CA0748001;2022-01-13;CLTOL;2-CLOROTOLUENO;µg/L;0;< 1,0;705332;4207772;70042;TERCIARIO DE TORREVIEJA;Torrevieja;ALICANTE;748;TERCIARIO DE TORREVIEJA;TERCIARIO DE TORREVIEJA;320;Comunidad Valenciana;1
CA0748001;2022-01-13;COND20SITU;Conductividad de campo (medida in situ);µS/cm;11870;1187;705332;4207772;70042;TERCIARIO DE TORREVIEJA;Torrevieja;ALICANTE;748;TERCIARIO DE TORREVIEJA;TERCIARIO DE TORREVIEJA;320;Comunidad Valenciana;1
CA0748001;2022-01-13;CR;CROMO;µg/L Cr;0;< 0,80;705332;4207772;70042;TERCIARIO DE TORREVIEJA;Torrevieja;ALICANTE;748;TERCIARIO DE TORREVIEJA;TERCIARIO DE TORREVIEJA;320;Comunidad Valenciana;1
CA0748001;2022-01-13;CU;COBRE;µg/L Cu;19;1,9;705332;4207772;70042;TERCIARIO DE TORREVIEJA;Torrevieja;ALICANTE;748;TERCIARIO DE TORREVIEJA;TERCIARIO DE TORREVIEJA;320;Comunidad Valenciana;1
CA0748001;2022-01-13;DCB-M;1,3-diclorobenceno (m-diclorobenceno);µg/L;0;< 1,0;705332;4207772;70042;TERCIARIO DE TORREVIEJA;Torrevieja;ALICANTE;748;TERCIARIO DE TORREVIEJA;TERCIARIO DE TORREVIEJA;320;Comunidad Valenciana;1
CA0748001;2022-01-13;DCB-P;1,4-diclorobenceno (p-diclorobenceno);µg/L;0;< 1,0;705332;4207772;70042;TERCIARIO DE TORREVIEJA;Torrevieja;ALICANTE;748;TERCIARIO DE TORREVIEJA;TERCIARIO DE TORREVIEJA;320;Comunidad Valenciana;1
CA0748001;2022-01-13;DCE;1,2-dicloroetano (EDC, cloruro de etileno);µg/L;0;< 1,0;705332;4207772;70042;TERCIARIO DE TORREVIEJA;Torrevieja;ALICANTE;748;TERCIARIO DE TORREVIEJA;TERCIARIO DE TORREVIEJA;320;Comunidad Valenciana;1
CA0748001;2022-01-13;DICLETE-CIS;CIS-1,2-DICLOROETENO;µg/L;0;< 1,0;705332;4207772;70042;TERCIARIO DE TORREVIEJA;Torrevieja;ALICANTE;748;TERCIARIO DE TORREVIEJA;TERCIARIO DE TORREVIEJA;320;Comunidad Valenciana;1
CA0748001;2022-01-13;DQO;DQO o Demanda Química de Oxígeno;mg/L O2;0;< 15;705332;4207772;70042;TERCIARIO DE TORREVIEJA;Torrevieja;ALICANTE;748;TERCIARIO DE TORREVIEJA;TERCIARIO DE TORREVIEJA;320;Comunidad Valenciana;1
CA0748001;2022-01-13;ETBENCENO;Etilbenceno;µg/L;0;< 1,0;705332;4207772;70042;TERCIARIO DE TORREVIEJA;Torrevieja;ALICANTE;748;TERCIARIO DE TORREVIEJA;TERCIARIO DE TORREVIEJA;320;Comunidad Valenciana;1
CA0748001;2022-01-13;FE;HIERRO;µg/L;0;< 50;705332;4207772;70042;TERCIARIO DE TORREVIEJA;Torrevieja;ALICANTE;748;TERCIARIO DE TORREVIEJA;TERCIARIO DE TORREVIEJA;320;Comunidad Valenciana;1
CA0748001;2022-01-13;HCBD;Hexaclorobutadieno (HCBD, Hexacloro-1,3-Butadieno);µg/L;0;< 0,060;705332;4207772;70042;TERCIARIO DE TORREVIEJA;Torrevieja;ALICANTE;748;TERCIARIO DE TORREVIEJA;TERCIARIO DE TORREVIEJA;320;Comunidad Valenciana;1
CA0748001;2022-01-13;HG;MERCURIO;µg/L Hg;0;< 0,045;705332;4207772;70042;TERCIARIO DE TORREVIEJA;Torrevieja;ALICANTE;748;TERCIARIO DE TORREVIEJA;TERCIARIO DE TORREVIEJA;320;Comunidad Valenciana;1
CA0748001;2022-01-13;ISOPROPB;Isopropilbenceno (cumeno);µg/L;0;< 1,0;705332;4207772;70042;TERCIARIO DE TORREVIEJA;Torrevieja;ALICANTE;748;TERCIARIO DE TORREVIEJA;TERCIARIO DE TORREVIEJA;320;Comunidad Valenciana;1
CA0748001;2022-01-13;ISOPROPILTO;4-ISOPROPILTOLUENO;µg/L;0;< 1,0;705332;4207772;70042;TERCIARIO DE TORREVIEJA;Torrevieja;ALICANTE;748;TERCIARIO DE TORREVIEJA;TERCIARIO DE TORREVIEJA;320;Comunidad Valenciana;1
CA0748001;2022-01-13;K;POTASIO;mg/L K;47;4,7;705332;4207772;70042;TERCIARIO DE TORREVIEJA;Torrevieja;ALICANTE;748;TERCIARIO DE TORREVIEJA;TERCIARIO DE TORREVIEJA;320;Comunidad Valenciana;1
CA0748001;2022-01-13;MCB;Clorobenceno (monoclorobenceno);µg/L;0;< 1,0;705332;4207772;70042;TERCIARIO DE TORREVIEJA;Torrevieja;ALICANTE;748;TERCIARIO DE TORREVIEJA;TERCIARIO DE TORREVIEJA;320;Comunidad Valenciana;1
CA0748001;2022-01-13;MG;MAGNESIO;mg/L Mg;270;27;705332;4207772;70042;TERCIARIO DE TORREVIEJA;Torrevieja;ALICANTE;748;TERCIARIO DE TORREVIEJA;TERCIARIO DE TORREVIEJA;320;Comunidad Valenciana;1
CA0748001;2022-01-13;MN;MANGANESO;µg/L Mn;0;< 5,0;705332;4207772;70042;TERCIARIO DE TORREVIEJA;Torrevieja;ALICANTE;748;TERCIARIO DE TORREVIEJA;TERCIARIO DE TORREVIEJA;320;Comunidad Valenciana;1
CA0748001;2022-01-13;;SODIO;mg/L Na;1460;146;705332;4207772;70042;TERCIARIO DE TORREVIEJA;Torrevieja;ALICANTE;748;TERCIARIO DE TORREVIEJA;TERCIARIO DE TORREVIEJA;320;Comunidad Valenciana;1
CA0748001;2022-01-13;NAFTALENO;Naftaleno (naftalina);µg/L;0;< 0,30;705332;4207772;70042;TERCIARIO DE TORREVIEJA;Torrevieja;ALICANTE;748;TERCIARIO DE TORREVIEJA;TERCIARIO DE TORREVIEJA;320;Comunidad Valenciana;1
CA0748001;2022-01-13;N-BUB;N-BUTILBENCENO;µg/L;0;< 1,0;705332;4207772;70042;TERCIARIO DE TORREVIEJA;Torrevieja;ALICANTE;748;TERCIARIO DE TORREVIEJA;TERCIARIO DE TORREVIEJA;320;Comunidad Valenciana;1
CA0748001;2022-01-13;NH4;AMONIO;mg/L NH4;0;< 0,05;705332;4207772;70042;TERCIARIO DE TORREVIEJA;Torrevieja;ALICANTE;748;TERCIARIO DE TORREVIEJA;TERCIARIO DE TORREVIEJA;320;Comunidad Valenciana;1
CA0748001;2022-01-13;NI;NIQUEL;µg/L Ni;88;0,88;705332;4207772;70042;TERCIARIO DE TORREVIEJA;Torrevieja;ALICANTE;748;TERCIARIO DE TORREVIEJA;TERCIARIO DE TORREVIEJA;320;Comunidad Valenciana;1
CA0748001;2022-01-13;NO2;Nitritos;mg/L NO2;0;< 0,02;705332;4207772;70042;TERCIARIO DE TORREVIEJA;Torrevieja;ALICANTE;748;TERCIARIO DE TORREVIEJA;TERCIARIO DE TORREVIEJA;320;Comunidad Valenciana;1
CA0748001;2022-01-13;NO3;Nitratos;mg/L NO3;670;67;705332;4207772;70042;TERCIARIO DE TORREVIEJA;Torrevieja;ALICANTE;748;TERCIARIO DE TORREVIEJA;TERCIARIO DE TORREVIEJA;320;Comunidad Valenciana;1
CA0748001;2022-01-13;N-PROPILB;N-PROPILBENCENO;µg/L;0;< 1,0;705332;4207772;70042;TERCIARIO DE TORREVIEJA;Torrevieja;ALICANTE;748;TERCIARIO DE TORREVIEJA;TERCIARIO DE TORREVIEJA;320;Comunidad Valenciana;1
CA0748001;2022-01-13;NTOTAL;Nitrógeno total;mg/L N;140;14;705332;4207772;70042;TERCIARIO DE TORREVIEJA;Torrevieja;ALICANTE;748;TERCIARIO DE TORREVIEJA;TERCIARIO DE TORREVIEJA;320;Comunidad Valenciana;1
CA0748001;2022-01-13;O2 DTO;Oxigeno disuelto de campo (medida in situ);mg/L O2;908;9,08;705332;4207772;70042;TERCIARIO DE TORREVIEJA;Torrevieja;ALICANTE;748;TERCIARIO DE TORREVIEJA;TERCIARIO DE TORREVIEJA;320;Comunidad Valenciana;1
CA0748001;2022-01-13;O-DICLORO;1,2-diclorobenceno (o-diclorobenceno);µg/L;0;< 1,0;705332;4207772;70042;TERCIARIO DE TORREVIEJA;Torrevieja;ALICANTE;748;TERCIARIO DE TORREVIEJA;TERCIARIO DE TORREVIEJA;320;Comunidad Valenciana;1
CA0748001;2022-01-13;PAHEST;Estireno (etenilbenceno);µg/L;0;< 1,0;705332;4207772;70042;TERCIARIO DE TORREVIEJA;Torrevieja;ALICANTE;748;TERCIARIO DE TORREVIEJA;TERCIARIO DE TORREVIEJA;320;Comunidad Valenciana;1
CA0748001;2022-01-13;PB;PLOMO;µg/L Pb;0;< 0,30;705332;4207772;70042;TERCIARIO DE TORREVIEJA;Torrevieja;ALICANTE;748;TERCIARIO DE TORREVIEJA;TERCIARIO DE TORREVIEJA;320;Comunidad Valenciana;1
CA0748001;2022-01-13;PER;Tetracloroetileno (PER, Percloroetileno);µg/L;0;< 1,0;705332;4207772;70042;TERCIARIO DE TORREVIEJA;Torrevieja;ALICANTE;748;TERCIARIO DE TORREVIEJA;TERCIARIO DE TORREVIEJA;320;Comunidad Valenciana;1
CA0748001;2022-01-13;PHSITU;pH de campo (medida in situ);udpH;834;8,34 (19.5ºC);705332;4207772;70042;TERCIARIO DE TORREVIEJA;Torrevieja;ALICANTE;748;TERCIARIO DE TORREVIEJA;TERCIARIO DE TORREVIEJA;320;Comunidad Valenciana;1
CA0748001;2022-01-13;PO4;Fosfatos;mg/L PO4;1;0,1;705332;4207772;70042;TERCIARIO DE TORREVIEJA;Torrevieja;ALICANTE;748;TERCIARIO DE TORREVIEJA;TERCIARIO DE TORREVIEJA;320;Comunidad Valenciana;1
CA0748001;2022-01-13;PTOTAL;FOSFORO TOTAL;mg/L P;0;< 0,05;705332;4207772;70042;TERCIARIO DE TORREVIEJA;Torrevieja;ALICANTE;748;TERCIARIO DE TORREVIEJA;TERCIARIO DE TORREVIEJA;320;Comunidad Valenciana;1
CA0748001;2022-01-13;SATINSI;Porcentaje de saturación de oxígeno disuelto de campo (medido in situ);% O2;972;97,2;705332;4207772;70042;TERCIARIO DE TORREVIEJA;Torrevieja;ALICANTE;748;TERCIARIO DE TORREVIEJA;TERCIARIO DE TORREVIEJA;320;Comunidad Valenciana;1
CA0748001;2022-01-13;SE;SELENIO;µg/L Se;26;2,6;705332;4207772;70042;TERCIARIO DE TORREVIEJA;Torrevieja;ALICANTE;748;TERCIARIO DE TORREVIEJA;TERCIARIO DE TORREVIEJA;320;Comunidad Valenciana;1
CA0748001;2022-01-13;SECBUTB;SEC-BUTILBENCENO;µg/L;0;< 1,0;705332;4207772;70042;TERCIARIO DE TORREVIEJA;Torrevieja;ALICANTE;748;TERCIARIO DE TORREVIEJA;TERCIARIO DE TORREVIEJA;320;Comunidad Valenciana;1
CA0748001;2022-01-13;SUMAXILENO;Xileno (dimetilbenceno) (suma o-, m- y p-xileno);µg/L;0;< 3,0;705332;4207772;70042;TERCIARIO DE TORREVIEJA;Torrevieja;ALICANTE;748;TERCIARIO DE TORREVIEJA;TERCIARIO DE TORREVIEJA;320;Comunidad Valenciana;1
CA0748001;2022-01-13;SUMDCB;Diclorobenceno (suma isómeros);µg/L;0;< 3,0;705332;4207772;70042;TERCIARIO DE TORREVIEJA;Torrevieja;ALICANTE;748;TERCIARIO DE TORREVIEJA;TERCIARIO DE TORREVIEJA;320;Comunidad Valenciana;1
CA0748001;2022-01-13;SUMTCBEN;"Triclorobenceno (suma isómeros 1,2,3-; 1,2,4- y 1,3,5- TCB)";µg/L;0;< 0,18;705332;4207772;70042;TERCIARIO DE TORREVIEJA;Torrevieja;ALICANTE;748;TERCIARIO DE TORREVIEJA;TERCIARIO DE TORREVIEJA;320;Comunidad Valenciana;1
CA0748001;2022-01-13;SUO4;Sulfatos;mg/L SO4;910;91;705332;4207772;70042;TERCIARIO DE TORREVIEJA;Torrevieja;ALICANTE;748;TERCIARIO DE TORREVIEJA;TERCIARIO DE TORREVIEJA;320;Comunidad Valenciana;1
CA0748001;2022-01-13;TAGUA;"TEMPERATURA ""IN SITU""";ºC;195;19,5;705332;4207772;70042;TERCIARIO DE TORREVIEJA;Torrevieja;ALICANTE;748;TERCIARIO DE TORREVIEJA;TERCIARIO DE TORREVIEJA;320;Comunidad Valenciana;1
CA0748001;2022-01-13;TBUTB;TERC-BUTILBENCENO;µg/L;0;< 1,0;705332;4207772;70042;TERCIARIO DE TORREVIEJA;Torrevieja;ALICANTE;748;TERCIARIO DE TORREVIEJA;TERCIARIO DE TORREVIEJA;320;Comunidad Valenciana;1
CA0748001;2022-01-13;TCB123;1,2,3-Triclorobenceno;µg/L;0;< 0,060;705332;4207772;70042;TERCIARIO DE TORREVIEJA;Torrevieja;ALICANTE;748;TERCIARIO DE TORREVIEJA;TERCIARIO DE TORREVIEJA;320;Comunidad Valenciana;1
CA0748001;2022-01-13;TCB124;1,2,4-Triclorobenceno;µg/L;0;< 0,060;705332;4207772;70042;TERCIARIO DE TORREVIEJA;Torrevieja;ALICANTE;748;TERCIARIO DE TORREVIEJA;TERCIARIO DE TORREVIEJA;320;Comunidad Valenciana;1
CA0748001;2022-01-13;TCB135;1,3,5-Triclorobenceno;µg/L;0;< 0,060;705332;4207772;70042;TERCIARIO DE TORREVIEJA;Torrevieja;ALICANTE;748;TERCIARIO DE TORREVIEJA;TERCIARIO DE TORREVIEJA;320;Comunidad Valenciana;1
CA0748001;2022-01-13;TCE;1,1,1-TRICLOROETANO;µg/L;0;< 1,0;705332;4207772;70042;TERCIARIO DE TORREVIEJA;Torrevieja;ALICANTE;748;TERCIARIO DE TORREVIEJA;TERCIARIO DE TORREVIEJA;320;Comunidad Valenciana;1
CA0748001;2022-01-13;TETRA;Tetracloruro de carbono (Tetraclorometano, Perclorometano);µg/L;0;< 1,0;705332;4207772;70042;TERCIARIO DE TORREVIEJA;Torrevieja;ALICANTE;748;TERCIARIO DE TORREVIEJA;TERCIARIO DE TORREVIEJA;320;Comunidad Valenciana;1
CA0748001;2022-01-13;TETRTRI;Tricloroetileno + Tetracloroetileno (Percloroetileno);µg/L;0;< 2,0;705332;4207772;70042;TERCIARIO DE TORREVIEJA;Torrevieja;ALICANTE;748;TERCIARIO DE TORREVIEJA;TERCIARIO DE TORREVIEJA;320;Comunidad Valenciana;1
CA0748001;2022-01-13;THMBR;DIBROMOMETANO;µg/L;0;< 1,0;705332;4207772;70042;TERCIARIO DE TORREVIEJA;Torrevieja;ALICANTE;748;TERCIARIO DE TORREVIEJA;TERCIARIO DE TORREVIEJA;320;Comunidad Valenciana;1
CA0748001;2022-01-13;THMBR2CL;Bromodiclorometano;µg/l;0;< 1,0;705332;4207772;70042;TERCIARIO DE TORREVIEJA;Torrevieja;ALICANTE;748;TERCIARIO DE TORREVIEJA;TERCIARIO DE TORREVIEJA;320;Comunidad Valenciana;1
CA0748001;2022-01-13;THMBRCL;BROMOCLOROMETANO;µg/L;0;< 1,0;705332;4207772;70042;TERCIARIO DE TORREVIEJA;Torrevieja;ALICANTE;748;TERCIARIO DE TORREVIEJA;TERCIARIO DE TORREVIEJA;320;Comunidad Valenciana;1
CA0748001;2022-01-13;THMBRCL2;DIBROMOCLOROMETANO (Trihalometanos);µg/L;0;< 1,0;705332;4207772;70042;TERCIARIO DE TORREVIEJA;Torrevieja;ALICANTE;748;TERCIARIO DE TORREVIEJA;TERCIARIO DE TORREVIEJA;320;Comunidad Valenciana;1
CA0748001;2022-01-13;THMBRF;BROMOFORMO;µg/L;0;< 1,0;705332;4207772;70042;TERCIARIO DE TORREVIEJA;Torrevieja;ALICANTE;748;TERCIARIO DE TORREVIEJA;TERCIARIO DE TORREVIEJA;320;Comunidad Valenciana;1
CA0748001;2022-01-13;THMDCM;DICLOROMETANO;µg/L;0;< 20;705332;4207772;70042;TERCIARIO DE TORREVIEJA;Torrevieja;ALICANTE;748;TERCIARIO DE TORREVIEJA;TERCIARIO DE TORREVIEJA;320;Comunidad Valenciana;1
CA0748001;2022-01-13;TMB1;1,2,4-trimetilbenceno;µg/l;0;< 1,0;705332;4207772;70042;TERCIARIO DE TORREVIEJA;Torrevieja;ALICANTE;748;TERCIARIO DE TORREVIEJA;TERCIARIO DE TORREVIEJA;320;Comunidad Valenciana;1
CA0748001;2022-01-13;TMB2;1,3,5-TRIMETILBENCENO;µg/L;0;< 1,0;705332;4207772;70042;TERCIARIO DE TORREVIEJA;Torrevieja;ALICANTE;748;TERCIARIO DE TORREVIEJA;TERCIARIO DE TORREVIEJA;320;Comunidad Valenciana;1
CA0748001;2022-01-13;TOL;Tolueno (Metilbenceno);µg/L;0;< 1,0;705332;4207772;70042;TERCIARIO DE TORREVIEJA;Torrevieja;ALICANTE;748;TERCIARIO DE TORREVIEJA;TERCIARIO DE TORREVIEJA;320;Comunidad Valenciana;1
CA0748001;2022-01-13;TRICLOET;Tricloroetileno (TRI);µg/L;0;< 1,0;705332;4207772;70042;TERCIARIO DE TORREVIEJA;Torrevieja;ALICANTE;748;TERCIARIO DE TORREVIEJA;TERCIARIO DE TORREVIEJA;320;Comunidad Valenciana;1
CA0748001;2022-01-13;XILM+P;SUMA M+P XILENO;µg/L;0;< 2,0;705332;4207772;70042;TERCIARIO DE TORREVIEJA;Torrevieja;ALICANTE;748;TERCIARIO DE TORREVIEJA;TERCIARIO DE TORREVIEJA;320;Comunidad Valenciana;1
CA0748001;2022-01-13;XIL-O;O-XILENO;µg/L;0;< 1,0;705332;4207772;70042;TERCIARIO DE TORREVIEJA;Torrevieja;ALICANTE;748;TERCIARIO DE TORREVIEJA;TERCIARIO DE TORREVIEJA;320;Comunidad Valenciana;1
CA0748001;2022-01-13;ZN;ZINC;µg/l Zn;760;76;705332;4207772;70042;TERCIARIO DE TORREVIEJA;Torrevieja;ALICANTE;748;TERCIARIO DE TORREVIEJA;TERCIARIO DE TORREVIEJA;320;Comunidad Valenciana;1
CA0748001;2022-05-18;12DIBR;1,2-DIBROMOETANO;µg/L;0;< 1,0;705332;4207772;70042;TERCIARIO DE TORREVIEJA;Torrevieja;ALICANTE;748;TERCIARIO DE TORREVIEJA;TERCIARIO DE TORREVIEJA;320;Comunidad Valenciana;5
CA0748001;2022-05-18;2BR2CLPRO;1,2-DIBROMO-3-CLOROPROPANO;µg/L;0;< 2,0;705332;4207772;70042;TERCIARIO DE TORREVIEJA;Torrevieja;ALICANTE;748;TERCIARIO DE TORREVIEJA;TERCIARIO DE TORREVIEJA;320;Comunidad Valenciana;5
CA0748001;2022-05-18;2CLETA;1,1-DICLOROETANO;µg/L;0;< 1,0;705332;4207772;70042;TERCIARIO DE TORREVIEJA;Torrevieja;ALICANTE;748;TERCIARIO DE TORREVIEJA;TERCIARIO DE TORREVIEJA;320;Comunidad Valenciana;5
CA0748001;2022-05-18;2CLETE;1,1-DICLOROETENO;µg/L;0;< 1,0;705332;4207772;70042;TERCIARIO DE TORREVIEJA;Torrevieja;ALICANTE;748;TERCIARIO DE TORREVIEJA;TERCIARIO DE TORREVIEJA;320;Comunidad Valenciana;5
CA0748001;2022-05-18;2CLETE2;1,2-DICLOROETENO;µg/L;0;< 2,0;705332;4207772;70042;TERCIARIO DE TORREVIEJA;Torrevieja;ALICANTE;748;TERCIARIO DE TORREVIEJA;TERCIARIO DE TORREVIEJA;320;Comunidad Valenciana;5
CA0748001;2022-05-18;2CLETEN;TRANS-1,2-DICLOROETENO;µg/L;0;< 1,0;705332;4207772;70042;TERCIARIO DE TORREVIEJA;Torrevieja;ALICANTE;748;TERCIARIO DE TORREVIEJA;TERCIARIO DE TORREVIEJA;320;Comunidad Valenciana;5
CA0748001;2022-05-18;2CLPRO;1,3-DICLOROPROPANO;µg/L;0;< 1,0;705332;4207772;70042;TERCIARIO DE TORREVIEJA;Torrevieja;ALICANTE;748;TERCIARIO DE TORREVIEJA;TERCIARIO DE TORREVIEJA;320;Comunidad Valenciana;5
CA0748001;2022-05-18;2CLPROCIS;CIS-1,3-DICLOROPROPENO;µg/L;0;< 1,0;705332;4207772;70042;TERCIARIO DE TORREVIEJA;Torrevieja;ALICANTE;748;TERCIARIO DE TORREVIEJA;TERCIARIO DE TORREVIEJA;320;Comunidad Valenciana;5
CA0748001;2022-05-18;2CLPROPA;1,2-DICLOROPROPANO;µg/L;0;< 1,0;705332;4207772;70042;TERCIARIO DE TORREVIEJA;Torrevieja;ALICANTE;748;TERCIARIO DE TORREVIEJA;TERCIARIO DE TORREVIEJA;320;Comunidad Valenciana;5
CA0748001;2022-05-18;2CLPROPA2;2,2-DICLOROPROPANO;µg/L;0;< 1,0;705332;4207772;70042;TERCIARIO DE TORREVIEJA;Torrevieja;ALICANTE;748;TERCIARIO DE TORREVIEJA;TERCIARIO DE TORREVIEJA;320;Comunidad Valenciana;5
CA0748001;2022-05-18;2CLPROPE;1,1-DICLOROPROPENO;µg/L;0;< 1,0;705332;4207772;70042;TERCIARIO DE TORREVIEJA;Torrevieja;ALICANTE;748;TERCIARIO DE TORREVIEJA;TERCIARIO DE TORREVIEJA;320;Comunidad Valenciana;5
CA0748001;2022-05-18;2CLPROPE2;TRANS-1,3-DICLOROPROPENO;µg/L;0;< 1,0;705332;4207772;70042;TERCIARIO DE TORREVIEJA;Torrevieja;ALICANTE;748;TERCIARIO DE TORREVIEJA;TERCIARIO DE TORREVIEJA;320;Comunidad Valenciana;5
CA0748001;2022-05-18;3CLETA;1,1,2-TRICLOROETANO;µg/L;0;< 1,0;705332;4207772;70042;TERCIARIO DE TORREVIEJA;Torrevieja;ALICANTE;748;TERCIARIO DE TORREVIEJA;TERCIARIO DE TORREVIEJA;320;Comunidad Valenciana;5
CA0748001;2022-05-18;3CLPRO;1,2,3-TRICLOROPROPANO;µg/L;0;< 1,0;705332;4207772;70042;TERCIARIO DE TORREVIEJA;Torrevieja;ALICANTE;748;TERCIARIO DE TORREVIEJA;TERCIARIO DE TORREVIEJA;320;Comunidad Valenciana;5
CA0748001;2022-05-18;4CLETA;1,1,1,2-TETRACLOROETANO;µg/L;0;< 1,0;705332;4207772;70042;TERCIARIO DE TORREVIEJA;Torrevieja;ALICANTE;748;TERCIARIO DE TORREVIEJA;TERCIARIO DE TORREVIEJA;320;Comunidad Valenciana;5
CA0748001;2022-05-18;4CLETA2;1,1,2,2-TETRACLOROETANO;µg/L;0;< 1,0;705332;4207772;70042;TERCIARIO DE TORREVIEJA;Torrevieja;ALICANTE;748;TERCIARIO DE TORREVIEJA;TERCIARIO DE TORREVIEJA;320;Comunidad Valenciana;5
CA0748001;2022-05-18;6CLET;HEXACLOROETANO;µg/L;0;< 1,0;705332;4207772;70042;TERCIARIO DE TORREVIEJA;Torrevieja;ALICANTE;748;TERCIARIO DE TORREVIEJA;TERCIARIO DE TORREVIEJA;320;Comunidad Valenciana;5
CA0748001;2022-05-18;ACLONIFE;ACLONIFENO;µg/L;0;< 0,00200;705332;4207772;70042;TERCIARIO DE TORREVIEJA;Torrevieja;ALICANTE;748;TERCIARIO DE TORREVIEJA;TERCIARIO DE TORREVIEJA;320;Comunidad Valenciana;5
CA0748001;2022-05-18;ALACLORO;ALACLORO;µg/L;0;< 0,01000;705332;4207772;70042;TERCIARIO DE TORREVIEJA;Torrevieja;ALICANTE;748;TERCIARIO DE TORREVIEJA;TERCIARIO DE TORREVIEJA;320;Comunidad Valenciana;5
CA0748001;2022-05-18;ALDRIN;ALDRINA;µg/L;0;< 0,00025;705332;4207772;70042;TERCIARIO DE TORREVIEJA;Torrevieja;ALICANTE;748;TERCIARIO DE TORREVIEJA;TERCIARIO DE TORREVIEJA;320;Comunidad Valenciana;5
CA0748001;2022-05-18;AS;ARSENICO;µg/L As;0;< 5,0;705332;4207772;70042;TERCIARIO DE TORREVIEJA;Torrevieja;ALICANTE;748;TERCIARIO DE TORREVIEJA;TERCIARIO DE TORREVIEJA;320;Comunidad Valenciana;5
CA0748001;2022-05-18;ATRAZINA;ATRAZINA;µg/L;0;< 0,010;705332;4207772;70042;TERCIARIO DE TORREVIEJA;Torrevieja;ALICANTE;748;TERCIARIO DE TORREVIEJA;TERCIARIO DE TORREVIEJA;320;Comunidad Valenciana;5
CA0748001;2022-05-18;B;BORO;µg/L B;3100;310;705332;4207772;70042;TERCIARIO DE TORREVIEJA;Torrevieja;ALICANTE;748;TERCIARIO DE TORREVIEJA;TERCIARIO DE TORREVIEJA;320;Comunidad Valenciana;5
CA0748001;2022-05-18;BENCENO;BENCENO;µg/L;0;< 0,30;705332;4207772;70042;TERCIARIO DE TORREVIEJA;Torrevieja;ALICANTE;748;TERCIARIO DE TORREVIEJA;TERCIARIO DE TORREVIEJA;320;Comunidad Valenciana;5
CA0748001;2022-05-18;BICARB;BICARBONATOS;mg/L HCO3-;1820;182;705332;4207772;70042;TERCIARIO DE TORREVIEJA;Torrevieja;ALICANTE;748;TERCIARIO DE TORREVIEJA;TERCIARIO DE TORREVIEJA;320;Comunidad Valenciana;5
CA0748001;2022-05-18;BIFEN;BIFENOX;µg/L;0;< 0,00120;705332;4207772;70042;TERCIARIO DE TORREVIEJA;Torrevieja;ALICANTE;748;TERCIARIO DE TORREVIEJA;TERCIARIO DE TORREVIEJA;320;Comunidad Valenciana;5
CA0748001;2022-05-18;BRB;BROMOBENCENO;µg/L;0;< 1,0;705332;4207772;70042;TERCIARIO DE TORREVIEJA;Torrevieja;ALICANTE;748;TERCIARIO DE TORREVIEJA;TERCIARIO DE TORREVIEJA;320;Comunidad Valenciana;5
CA0748001;2022-05-18;BRFOSETIL;BROMOFOS ETIL;µg/L;0;< 0,0100;705332;4207772;70042;TERCIARIO DE TORREVIEJA;Torrevieja;ALICANTE;748;TERCIARIO DE TORREVIEJA;TERCIARIO DE TORREVIEJA;320;Comunidad Valenciana;5
CA0748001;2022-05-18;CA;CALCIO;mg/L Ca;600;60;705332;4207772;70042;TERCIARIO DE TORREVIEJA;Torrevieja;ALICANTE;748;TERCIARIO DE TORREVIEJA;TERCIARIO DE TORREVIEJA;320;Comunidad Valenciana;5
CA0748001;2022-05-18;CD;CADMIO;µg/L Cd;0;< 0,02;705332;4207772;70042;TERCIARIO DE TORREVIEJA;Torrevieja;ALICANTE;748;TERCIARIO DE TORREVIEJA;TERCIARIO DE TORREVIEJA;320;Comunidad Valenciana;5
CA0748001;2022-05-18;CIB;CIBUTRINA;µg/L;0;< 0,002;705332;4207772;70042;TERCIARIO DE TORREVIEJA;Torrevieja;ALICANTE;748;TERCIARIO DE TORREVIEJA;TERCIARIO DE TORREVIEJA;320;Comunidad Valenciana;5
CA0748001;2022-05-18;CL;Cloruros;mg/L Cl;2820;282;705332;4207772;70042;TERCIARIO DE TORREVIEJA;Torrevieja;ALICANTE;748;TERCIARIO DE TORREVIEJA;TERCIARIO DE TORREVIEJA;320;Comunidad Valenciana;5
CA0748001;2022-05-18;CLF;Cloroformo (Triclorometano);µg/L;47;4,7;705332;4207772;70042;TERCIARIO DE TORREVIEJA;Torrevieja;ALICANTE;748;TERCIARIO DE TORREVIEJA;TERCIARIO DE TORREVIEJA;320;Comunidad Valenciana;5
CA0748001;2022-05-18;CLOROFENVINFOS;Clorfenvinfos;µg/L;0;< 0,0100;705332;4207772;70042;TERCIARIO DE TORREVIEJA;Torrevieja;ALICANTE;748;TERCIARIO DE TORREVIEJA;TERCIARIO DE TORREVIEJA;320;Comunidad Valenciana;5
CA0748001;2022-05-18;CLOROPIRIFOS;Clorpirifos;µg/L;0;< 0,0050;705332;4207772;70042;TERCIARIO DE TORREVIEJA;Torrevieja;ALICANTE;748;TERCIARIO DE TORREVIEJA;TERCIARIO DE TORREVIEJA;320;Comunidad Valenciana;5
CA0748001;2022-05-18;CLORPIRIPME;CLOROPIRIFOS-METIL;µg/L;0;< 0,0100;705332;4207772;70042;TERCIARIO DE TORREVIEJA;Torrevieja;ALICANTE;748;TERCIARIO DE TORREVIEJA;TERCIARIO DE TORREVIEJA;320;Comunidad Valenciana;5
CA0748001;2022-05-18;CLTO2;4-CLOROTOLUENO;µg/L;0;< 1,0;705332;4207772;70042;TERCIARIO DE TORREVIEJA;Torrevieja;ALICANTE;748;TERCIARIO DE TORREVIEJA;TERCIARIO DE TORREVIEJA;320;Comunidad Valenciana;5
CA0748001;2022-05-18;CLTOL;2-CLOROTOLUENO;µg/L;0;< 1,0;705332;4207772;70042;TERCIARIO DE TORREVIEJA;Torrevieja;ALICANTE;748;TERCIARIO DE TORREVIEJA;TERCIARIO DE TORREVIEJA;320;Comunidad Valenciana;5
CA0748001;2022-05-18;CN;CIANUROS TOTALES;µg/L CN;0;<10;705332;4207772;70042;TERCIARIO DE TORREVIEJA;Torrevieja;ALICANTE;748;TERCIARIO DE TORREVIEJA;TERCIARIO DE TORREVIEJA;320;Comunidad Valenciana;5
CA0748001;2022-05-18;COND20SITU;Conductividad de campo (medida in situ);µS/cm;12530;1253;705332;4207772;70042;TERCIARIO DE TORREVIEJA;Torrevieja;ALICANTE;748;TERCIARIO DE TORREVIEJA;TERCIARIO DE TORREVIEJA;320;Comunidad Valenciana;5
CA0748001;2022-05-18;CR;CROMO;µg/L Cr;0;< 0,80;705332;4207772;70042;TERCIARIO DE TORREVIEJA;Torrevieja;ALICANTE;748;TERCIARIO DE TORREVIEJA;TERCIARIO DE TORREVIEJA;320;Comunidad Valenciana;5
CA0748001;2022-05-18;CU;COBRE;µg/L Cu;98;0,98;705332;4207772;70042;TERCIARIO DE TORREVIEJA;Torrevieja;ALICANTE;748;TERCIARIO DE TORREVIEJA;TERCIARIO DE TORREVIEJA;320;Comunidad Valenciana;5
CA0748001;2022-05-18;DCB-M;1,3-diclorobenceno (m-diclorobenceno);µg/L;0;< 1,0;705332;4207772;70042;TERCIARIO DE TORREVIEJA;Torrevieja;ALICANTE;748;TERCIARIO DE TORREVIEJA;TERCIARIO DE TORREVIEJA;320;Comunidad Valenciana;5
CA0748001;2022-05-18;DCB-P;1,4-diclorobenceno (p-diclorobenceno);µg/L;0;< 1,0;705332;4207772;70042;TERCIARIO DE TORREVIEJA;Torrevieja;ALICANTE;748;TERCIARIO DE TORREVIEJA;TERCIARIO DE TORREVIEJA;320;Comunidad Valenciana;5
CA0748001;2022-05-18;DCE;1,2-dicloroetano (EDC, cloruro de etileno);µg/L;0;< 1,0;705332;4207772;70042;TERCIARIO DE TORREVIEJA;Torrevieja;ALICANTE;748;TERCIARIO DE TORREVIEJA;TERCIARIO DE TORREVIEJA;320;Comunidad Valenciana;5
CA0748001;2022-05-18;DCV;DICLORVOS;µg/L;0;< 0,0006;705332;4207772;70042;TERCIARIO DE TORREVIEJA;Torrevieja;ALICANTE;748;TERCIARIO DE TORREVIEJA;TERCIARIO DE TORREVIEJA;320;Comunidad Valenciana;5
CA0748001;2022-05-18;DDDPP;P,P'-DDD;µg/L;0;< 0,00025;705332;4207772;70042;TERCIARIO DE TORREVIEJA;Torrevieja;ALICANTE;748;TERCIARIO DE TORREVIEJA;TERCIARIO DE TORREVIEJA;320;Comunidad Valenciana;5
CA0748001;2022-05-18;DDEPP;P,P'-DDE;µg/L;0;< 0,00025;705332;4207772;70042;TERCIARIO DE TORREVIEJA;Torrevieja;ALICANTE;748;TERCIARIO DE TORREVIEJA;TERCIARIO DE TORREVIEJA;320;Comunidad Valenciana;5
CA0748001;2022-05-18;DDTOP;O,P'-DDT;µg/L;0;< 0,00025;705332;4207772;70042;TERCIARIO DE TORREVIEJA;Torrevieja;ALICANTE;748;TERCIARIO DE TORREVIEJA;TERCIARIO DE TORREVIEJA;320;Comunidad Valenciana;5
CA0748001;2022-05-18;DDTPP;P,P'-DDT;µg/L;0;< 0,00025;705332;4207772;70042;TERCIARIO DE TORREVIEJA;Torrevieja;ALICANTE;748;TERCIARIO DE TORREVIEJA;TERCIARIO DE TORREVIEJA;320;Comunidad Valenciana;5
CA0748001;2022-05-18;DIAZINON;DIAZINON;µg/L;0;< 0,0100;705332;4207772;70042;TERCIARIO DE TORREVIEJA;Torrevieja;ALICANTE;748;TERCIARIO DE TORREVIEJA;TERCIARIO DE TORREVIEJA;320;Comunidad Valenciana;5
CA0748001;2022-05-18;DICLETE-CIS;CIS-1,2-DICLOROETENO;µg/L;0;< 1,0;705332;4207772;70042;TERCIARIO DE TORREVIEJA;Torrevieja;ALICANTE;748;TERCIARIO DE TORREVIEJA;TERCIARIO DE TORREVIEJA;320;Comunidad Valenciana;5
CA0748001;2022-05-18;DICOFOL;DICOFOL (P,P'-DICOFOL);µg/L;0;< 0,00039;705332;4207772;70042;TERCIARIO DE TORREVIEJA;Torrevieja;ALICANTE;748;TERCIARIO DE TORREVIEJA;TERCIARIO DE TORREVIEJA;320;Comunidad Valenciana;5
CA0748001;2022-05-18;DIELDRIN;Dieldrin;µg/L;0;< 0,00015;705332;4207772;70042;TERCIARIO DE TORREVIEJA;Torrevieja;ALICANTE;748;TERCIARIO DE TORREVIEJA;TERCIARIO DE TORREVIEJA;320;Comunidad Valenciana;5
CA0748001;2022-05-18;DIURON;DIURON;µg/L;0;< 0,050;705332;4207772;70042;TERCIARIO DE TORREVIEJA;Torrevieja;ALICANTE;748;TERCIARIO DE TORREVIEJA;TERCIARIO DE TORREVIEJA;320;Comunidad Valenciana;5
CA0748001;2022-05-18;DQO;DQO o Demanda Química de Oxígeno;mg/L O2;0;< 15;705332;4207772;70042;TERCIARIO DE TORREVIEJA;Torrevieja;ALICANTE;748;TERCIARIO DE TORREVIEJA;TERCIARIO DE TORREVIEJA;320;Comunidad Valenciana;5
CA0748001;2022-05-18;ENDOS;ENDOSULFAN (SUMA ISOMEROS ALFA+BETA);µg/L;0;< 0,00005;705332;4207772;70042;TERCIARIO DE TORREVIEJA;Torrevieja;ALICANTE;748;TERCIARIO DE TORREVIEJA;TERCIARIO DE TORREVIEJA;320;Comunidad Valenciana;5
CA0748001;2022-05-18;ENDOSULFAN;ALFA-ENDOSULFAN;µg/L;0;< 0,00005;705332;4207772;70042;TERCIARIO DE TORREVIEJA;Torrevieja;ALICANTE;748;TERCIARIO DE TORREVIEJA;TERCIARIO DE TORREVIEJA;320;Comunidad Valenciana;5
CA0748001;2022-05-18;ENDOSULFAN-BETA;BETA-ENDOSULFAN;µg/L;0;< 0,00005;705332;4207772;70042;TERCIARIO DE TORREVIEJA;Torrevieja;ALICANTE;748;TERCIARIO DE TORREVIEJA;TERCIARIO DE TORREVIEJA;320;Comunidad Valenciana;5
CA0748001;2022-05-18;ENDRIN;ENDRINA;µg/L;0;< 0,00150;705332;4207772;70042;TERCIARIO DE TORREVIEJA;Torrevieja;ALICANTE;748;TERCIARIO DE TORREVIEJA;TERCIARIO DE TORREVIEJA;320;Comunidad Valenciana;5
CA0748001;2022-05-18;ENDRINCE;Endrin cetona;µg/L;0;< 0,00025;705332;4207772;70042;TERCIARIO DE TORREVIEJA;Torrevieja;ALICANTE;748;TERCIARIO DE TORREVIEJA;TERCIARIO DE TORREVIEJA;320;Comunidad Valenciana;5
CA0748001;2022-05-18;ETBENCENO;Etilbenceno;µg/L;0;< 1,0;705332;4207772;70042;TERCIARIO DE TORREVIEJA;Torrevieja;ALICANTE;748;TERCIARIO DE TORREVIEJA;TERCIARIO DE TORREVIEJA;320;Comunidad Valenciana;5
CA0748001;2022-05-18;ETPARATION;Paration (paration etilo);µg/L;0;< 0,0100;705332;4207772;70042;TERCIARIO DE TORREVIEJA;Torrevieja;ALICANTE;748;TERCIARIO DE TORREVIEJA;TERCIARIO DE TORREVIEJA;320;Comunidad Valenciana;5
CA0748001;2022-05-18;F;Fluoruros;µg/L;4100;410;705332;4207772;70042;TERCIARIO DE TORREVIEJA;Torrevieja;ALICANTE;748;TERCIARIO DE TORREVIEJA;TERCIARIO DE TORREVIEJA;320;Comunidad Valenciana;5
CA0748001;2022-05-18;FE;HIERRO;µg/L;0;< 50;705332;4207772;70042;TERCIARIO DE TORREVIEJA;Torrevieja;ALICANTE;748;TERCIARIO DE TORREVIEJA;TERCIARIO DE TORREVIEJA;320;Comunidad Valenciana;5
CA0748001;2022-05-18;FENCLORFOS;FENCLORFOS;µg/L;0;< 0,0100;705332;4207772;70042;TERCIARIO DE TORREVIEJA;Torrevieja;ALICANTE;748;TERCIARIO DE TORREVIEJA;TERCIARIO DE TORREVIEJA;320;Comunidad Valenciana;5
CA0748001;2022-05-18;FONO;FONOFOS;µg/L;0;< 0,0100;705332;4207772;70042;TERCIARIO DE TORREVIEJA;Torrevieja;ALICANTE;748;TERCIARIO DE TORREVIEJA;TERCIARIO DE TORREVIEJA;320;Comunidad Valenciana;5
CA0748001;2022-05-18;HCB;Hexaclorobenceno (HCB, Perclorobenceno);µg/L;0;< 0,00250;705332;4207772;70042;TERCIARIO DE TORREVIEJA;Torrevieja;ALICANTE;748;TERCIARIO DE TORREVIEJA;TERCIARIO DE TORREVIEJA;320;Comunidad Valenciana;5
CA0748001;2022-05-18;HCBD;Hexaclorobutadieno (HCBD, Hexacloro-1,3-Butadieno);µg/L;0;< 0,060;705332;4207772;70042;TERCIARIO DE TORREVIEJA;Torrevieja;ALICANTE;748;TERCIARIO DE TORREVIEJA;TERCIARIO DE TORREVIEJA;320;Comunidad Valenciana;5
CA0748001;2022-05-18;HCHALFA;ALFA-HCH;µg/L;0;< 0,00005;705332;4207772;70042;TERCIARIO DE TORREVIEJA;Torrevieja;ALICANTE;748;TERCIARIO DE TORREVIEJA;TERCIARIO DE TORREVIEJA;320;Comunidad Valenciana;5
CA0748001;2022-05-18;HCHBETA;BETA-HCH;µg/L;0;< 0,00015;705332;4207772;70042;TERCIARIO DE TORREVIEJA;Torrevieja;ALICANTE;748;TERCIARIO DE TORREVIEJA;TERCIARIO DE TORREVIEJA;320;Comunidad Valenciana;5
CA0748001;2022-05-18;HCHDELTA;DELTA-HCH;µg/L;0;< 0,00015;705332;4207772;70042;TERCIARIO DE TORREVIEJA;Torrevieja;ALICANTE;748;TERCIARIO DE TORREVIEJA;TERCIARIO DE TORREVIEJA;320;Comunidad Valenciana;5
CA0748001;2022-05-18;HEPTACL;Heptacloro;µg/L;0;< 0,00005;705332;4207772;70042;TERCIARIO DE TORREVIEJA;Torrevieja;ALICANTE;748;TERCIARIO DE TORREVIEJA;TERCIARIO DE TORREVIEJA;320;Comunidad Valenciana;5
CA0748001;2022-05-18;HEPTACLEPO;EPOXIDO DE HEPTACLORO;µg/L;0;< 0,00005;705332;4207772;70042;TERCIARIO DE TORREVIEJA;Torrevieja;ALICANTE;748;TERCIARIO DE TORREVIEJA;TERCIARIO DE TORREVIEJA;320;Comunidad Valenciana;5
CA0748001;2022-05-18;HG;MERCURIO;µg/L Hg;0;< 0,045;705332;4207772;70042;TERCIARIO DE TORREVIEJA;Torrevieja;ALICANTE;748;TERCIARIO DE TORREVIEJA;TERCIARIO DE TORREVIEJA;320;Comunidad Valenciana;5
CA0748001;2022-05-18;IMAZALIL;IMAZALIL;µg/L;0;< 0,030;705332;4207772;70042;TERCIARIO DE TORREVIEJA;Torrevieja;ALICANTE;748;TERCIARIO DE TORREVIEJA;TERCIARIO DE TORREVIEJA;320;Comunidad Valenciana;5
CA0748001;2022-05-18;ISODRIN;Isodrin;µg/L;0;< 0,00010;705332;4207772;70042;TERCIARIO DE TORREVIEJA;Torrevieja;ALICANTE;748;TERCIARIO DE TORREVIEJA;TERCIARIO DE TORREVIEJA;320;Comunidad Valenciana;5
CA0748001;2022-05-18;ISOPROPB;Isopropilbenceno (cumeno);µg/L;0;< 1,0;705332;4207772;70042;TERCIARIO DE TORREVIEJA;Torrevieja;ALICANTE;748;TERCIARIO DE TORREVIEJA;TERCIARIO DE TORREVIEJA;320;Comunidad Valenciana;5
CA0748001;2022-05-18;ISOPROPILTO;4-ISOPROPILTOLUENO;µg/L;0;< 1,0;705332;4207772;70042;TERCIARIO DE TORREVIEJA;Torrevieja;ALICANTE;748;TERCIARIO DE TORREVIEJA;TERCIARIO DE TORREVIEJA;320;Comunidad Valenciana;5
CA0748001;2022-05-18;ISOPROTURON;Isoproturón;µg/L;0;< 0,050;705332;4207772;70042;TERCIARIO DE TORREVIEJA;Torrevieja;ALICANTE;748;TERCIARIO DE TORREVIEJA;TERCIARIO DE TORREVIEJA;320;Comunidad Valenciana;5
CA0748001;2022-05-18;K;POTASIO;mg/L K;98;9,8;705332;4207772;70042;TERCIARIO DE TORREVIEJA;Torrevieja;ALICANTE;748;TERCIARIO DE TORREVIEJA;TERCIARIO DE TORREVIEJA;320;Comunidad Valenciana;5
CA0748001;2022-05-18;LIND;GAMMA-HCH (LINDANO);µg/L;0;< 0,00025;705332;4207772;70042;TERCIARIO DE TORREVIEJA;Torrevieja;ALICANTE;748;TERCIARIO DE TORREVIEJA;TERCIARIO DE TORREVIEJA;320;Comunidad Valenciana;5
CA0748001;2022-05-18;MCB;Clorobenceno (monoclorobenceno);µg/L;0;< 1,0;705332;4207772;70042;TERCIARIO DE TORREVIEJA;Torrevieja;ALICANTE;748;TERCIARIO DE TORREVIEJA;TERCIARIO DE TORREVIEJA;320;Comunidad Valenciana;5
CA0748001;2022-05-18;METOLACLORO;Metolacloro;µg/L;0;< 0,01000;705332;4207772;70042;TERCIARIO DE TORREVIEJA;Torrevieja;ALICANTE;748;TERCIARIO DE TORREVIEJA;TERCIARIO DE TORREVIEJA;320;Comunidad Valenciana;5
CA0748001;2022-05-18;METRIBUZINA;METRIBUZINA;µg/L;0;< 0,050;705332;4207772;70042;TERCIARIO DE TORREVIEJA;Torrevieja;ALICANTE;748;TERCIARIO DE TORREVIEJA;TERCIARIO DE TORREVIEJA;320;Comunidad Valenciana;5
CA0748001;2022-05-18;MG;MAGNESIO;mg/L Mg;290;29;705332;4207772;70042;TERCIARIO DE TORREVIEJA;Torrevieja;ALICANTE;748;TERCIARIO DE TORREVIEJA;TERCIARIO DE TORREVIEJA;320;Comunidad Valenciana;5
CA0748001;2022-05-18;MN;MANGANESO;µg/L Mn;0;< 5,0;705332;4207772;70042;TERCIARIO DE TORREVIEJA;Torrevieja;ALICANTE;748;TERCIARIO DE TORREVIEJA;TERCIARIO DE TORREVIEJA;320;Comunidad Valenciana;5
CA0748001;2022-05-18;;SODIO;mg/L Na;2040;> 200 (204)*;705332;4207772;70042;TERCIARIO DE TORREVIEJA;Torrevieja;ALICANTE;748;TERCIARIO DE TORREVIEJA;TERCIARIO DE TORREVIEJA;320;Comunidad Valenciana;5
CA0748001;2022-05-18;NAFTALENO;Naftaleno (naftalina);µg/L;0;< 0,30;705332;4207772;70042;TERCIARIO DE TORREVIEJA;Torrevieja;ALICANTE;748;TERCIARIO DE TORREVIEJA;TERCIARIO DE TORREVIEJA;320;Comunidad Valenciana;5
CA0748001;2022-05-18;N-BUB;N-BUTILBENCENO;µg/L;0;< 1,0;705332;4207772;70042;TERCIARIO DE TORREVIEJA;Torrevieja;ALICANTE;748;TERCIARIO DE TORREVIEJA;TERCIARIO DE TORREVIEJA;320;Comunidad Valenciana;5
CA0748001;2022-05-18;NH4;AMONIO;mg/L NH4;0;< 0,05;705332;4207772;70042;TERCIARIO DE TORREVIEJA;Torrevieja;ALICANTE;748;TERCIARIO DE TORREVIEJA;TERCIARIO DE TORREVIEJA;320;Comunidad Valenciana;5
CA0748001;2022-05-18;NI;NIQUEL;µg/L Ni;0;< 0,80;705332;4207772;70042;TERCIARIO DE TORREVIEJA;Torrevieja;ALICANTE;748;TERCIARIO DE TORREVIEJA;TERCIARIO DE TORREVIEJA;320;Comunidad Valenciana;5
CA0748001;2022-05-18;NO2;Nitritos;mg/L NO2;0;< 0,020;705332;4207772;70042;TERCIARIO DE TORREVIEJA;Torrevieja;ALICANTE;748;TERCIARIO DE TORREVIEJA;TERCIARIO DE TORREVIEJA;320;Comunidad Valenciana;5
CA0748001;2022-05-18;NO3;Nitratos;mg/L NO3;460;46;705332;4207772;70042;TERCIARIO DE TORREVIEJA;Torrevieja;ALICANTE;748;TERCIARIO DE TORREVIEJA;TERCIARIO DE TORREVIEJA;320;Comunidad Valenciana;5
CA0748001;2022-05-18;N-PROPILB;N-PROPILBENCENO;µg/L;0;< 1,0;705332;4207772;70042;TERCIARIO DE TORREVIEJA;Torrevieja;ALICANTE;748;TERCIARIO DE TORREVIEJA;TERCIARIO DE TORREVIEJA;320;Comunidad Valenciana;5
CA0748001;2022-05-18;NTOTAL;Nitrógeno total;mg/L N;100;10;705332;4207772;70042;TERCIARIO DE TORREVIEJA;Torrevieja;ALICANTE;748;TERCIARIO DE TORREVIEJA;TERCIARIO DE TORREVIEJA;320;Comunidad Valenciana;5
CA0748001;2022-05-18;O2 DTO;Oxigeno disuelto de campo (medida in situ);mg/L O2;682;6,82;705332;4207772;70042;TERCIARIO DE TORREVIEJA;Torrevieja;ALICANTE;748;TERCIARIO DE TORREVIEJA;TERCIARIO DE TORREVIEJA;320;Comunidad Valenciana;5
CA0748001;2022-05-18;O-DICLORO;1,2-diclorobenceno (o-diclorobenceno);µg/L;0;< 1,0;705332;4207772;70042;TERCIARIO DE TORREVIEJA;Torrevieja;ALICANTE;748;TERCIARIO DE TORREVIEJA;TERCIARIO DE TORREVIEJA;320;Comunidad Valenciana;5
CA0748001;2022-05-18;PAHEST;Estireno (etenilbenceno);µg/L;0;< 1,0;705332;4207772;70042;TERCIARIO DE TORREVIEJA;Torrevieja;ALICANTE;748;TERCIARIO DE TORREVIEJA;TERCIARIO DE TORREVIEJA;320;Comunidad Valenciana;5
CA0748001;2022-05-18;PB;PLOMO;µg/L Pb;0;< 0,30;705332;4207772;70042;TERCIARIO DE TORREVIEJA;Torrevieja;ALICANTE;748;TERCIARIO DE TORREVIEJA;TERCIARIO DE TORREVIEJA;320;Comunidad Valenciana;5
CA0748001;2022-05-18;PER;Tetracloroetileno (PER, Percloroetileno);µg/L;0;< 1,0;705332;4207772;70042;TERCIARIO DE TORREVIEJA;Torrevieja;ALICANTE;748;TERCIARIO DE TORREVIEJA;TERCIARIO DE TORREVIEJA;320;Comunidad Valenciana;5
CA0748001;2022-05-18;PHSITU;pH de campo (medida in situ);udpH;775;7,75 (24ºC);705332;4207772;70042;TERCIARIO DE TORREVIEJA;Torrevieja;ALICANTE;748;TERCIARIO DE TORREVIEJA;TERCIARIO DE TORREVIEJA;320;Comunidad Valenciana;5
CA0748001;2022-05-18;PO4;Fosfatos;mg/L PO4;0;< 0,040;705332;4207772;70042;TERCIARIO DE TORREVIEJA;Torrevieja;ALICANTE;748;TERCIARIO DE TORREVIEJA;TERCIARIO DE TORREVIEJA;320;Comunidad Valenciana;5
CA0748001;2022-05-18;PTOTAL;FOSFORO TOTAL;mg/L P;22;0,22;705332;4207772;70042;TERCIARIO DE TORREVIEJA;Torrevieja;ALICANTE;748;TERCIARIO DE TORREVIEJA;TERCIARIO DE TORREVIEJA;320;Comunidad Valenciana;5
CA0748001;2022-05-18;QUI;Quinoxifeno;µg/L;0;< 0,00200;705332;4207772;70042;TERCIARIO DE TORREVIEJA;Torrevieja;ALICANTE;748;TERCIARIO DE TORREVIEJA;TERCIARIO DE TORREVIEJA;320;Comunidad Valenciana;5
CA0748001;2022-05-18;SATINSI;Porcentaje de saturación de oxígeno disuelto de campo (medido in situ);% O2;979;97,9;705332;4207772;70042;TERCIARIO DE TORREVIEJA;Torrevieja;ALICANTE;748;TERCIARIO DE TORREVIEJA;TERCIARIO DE TORREVIEJA;320;Comunidad Valenciana;5
CA0748001;2022-05-18;S-DDD-DDT;Suma p,p´-DDD + o,p´-DDT;µg/L;0;< 0,00050;705332;4207772;70042;TERCIARIO DE TORREVIEJA;Torrevieja;ALICANTE;748;TERCIARIO DE TORREVIEJA;TERCIARIO DE TORREVIEJA;320;Comunidad Valenciana;5
CA0748001;2022-05-18;SE;SELENIO;µg/L Se;23;2,3;705332;4207772;70042;TERCIARIO DE TORREVIEJA;Torrevieja;ALICANTE;748;TERCIARIO DE TORREVIEJA;TERCIARIO DE TORREVIEJA;320;Comunidad Valenciana;5
CA0748001;2022-05-18;SECBUTB;SEC-BUTILBENCENO;µg/L;0;< 1,0;705332;4207772;70042;TERCIARIO DE TORREVIEJA;Torrevieja;ALICANTE;748;TERCIARIO DE TORREVIEJA;TERCIARIO DE TORREVIEJA;320;Comunidad Valenciana;5
CA0748001;2022-05-18;SIMAZINA;Simazina;µg/L;0;< 0,050;705332;4207772;70042;TERCIARIO DE TORREVIEJA;Torrevieja;ALICANTE;748;TERCIARIO DE TORREVIEJA;TERCIARIO DE TORREVIEJA;320;Comunidad Valenciana;5
CA0748001;2022-05-18;SUMAXILENO;Xileno (dimetilbenceno) (suma o-, m- y p-xileno);µg/L;0;< 3,0;705332;4207772;70042;TERCIARIO DE TORREVIEJA;Torrevieja;ALICANTE;748;TERCIARIO DE TORREVIEJA;TERCIARIO DE TORREVIEJA;320;Comunidad Valenciana;5
CA0748001;2022-05-18;SUMCIPER;CIPERMETRINA (SUMA ISOMEROS ALFA+BETA+TETA+ZETA);µg/L;0;< 0,00008;705332;4207772;70042;TERCIARIO DE TORREVIEJA;Torrevieja;ALICANTE;748;TERCIARIO DE TORREVIEJA;TERCIARIO DE TORREVIEJA;320;Comunidad Valenciana;5
CA0748001;2022-05-18;SUMDCB;Diclorobenceno (suma isómeros);µg/L;0;< 3,0;705332;4207772;70042;TERCIARIO DE TORREVIEJA;Torrevieja;ALICANTE;748;TERCIARIO DE TORREVIEJA;TERCIARIO DE TORREVIEJA;320;Comunidad Valenciana;5
CA0748001;2022-05-18;SUMDDT;DDT TOTAL (SUMA P,P'-DDT+O,P'-DDT+P,P'-DDE+P,P'-DDD);µg/L;0;< 0,00100;705332;4207772;70042;TERCIARIO DE TORREVIEJA;Torrevieja;ALICANTE;748;TERCIARIO DE TORREVIEJA;TERCIARIO DE TORREVIEJA;320;Comunidad Valenciana;5
CA0748001;2022-05-18;SUMHCH;HEXACLOROCICLOHEXANO (HCH) (SUMA ISOMEROS);µg/L;0;< 0,00060;705332;4207772;70042;TERCIARIO DE TORREVIEJA;Torrevieja;ALICANTE;748;TERCIARIO DE TORREVIEJA;TERCIARIO DE TORREVIEJA;320;Comunidad Valenciana;5
CA0748001;2022-05-18;SUMTCBEN;"Triclorobenceno (suma isómeros 1,2,3-; 1,2,4- y 1,3,5- TCB)";µg/L;0;< 0,18;705332;4207772;70042;TERCIARIO DE TORREVIEJA;Torrevieja;ALICANTE;748;TERCIARIO DE TORREVIEJA;TERCIARIO DE TORREVIEJA;320;Comunidad Valenciana;5
CA0748001;2022-05-18;SUO4;Sulfatos;mg/L SO4;1100;110;705332;4207772;70042;TERCIARIO DE TORREVIEJA;Torrevieja;ALICANTE;748;TERCIARIO DE TORREVIEJA;TERCIARIO DE TORREVIEJA;320;Comunidad Valenciana;5
CA0748001;2022-05-18;TAGUA;"TEMPERATURA ""IN SITU""";ºC;240;24;705332;4207772;70042;TERCIARIO DE TORREVIEJA;Torrevieja;ALICANTE;748;TERCIARIO DE TORREVIEJA;TERCIARIO DE TORREVIEJA;320;Comunidad Valenciana;5
CA0748001;2022-05-18;TBUTB;TERC-BUTILBENCENO;µg/L;0;< 1,0;705332;4207772;70042;TERCIARIO DE TORREVIEJA;Torrevieja;ALICANTE;748;TERCIARIO DE TORREVIEJA;TERCIARIO DE TORREVIEJA;320;Comunidad Valenciana;5
CA0748001;2022-05-18;TCB123;1,2,3-Triclorobenceno;µg/L;0;< 0,060;705332;4207772;70042;TERCIARIO DE TORREVIEJA;Torrevieja;ALICANTE;748;TERCIARIO DE TORREVIEJA;TERCIARIO DE TORREVIEJA;320;Comunidad Valenciana;5
CA0748001;2022-05-18;TCB124;1,2,4-Triclorobenceno;µg/L;0;< 0,060;705332;4207772;70042;TERCIARIO DE TORREVIEJA;Torrevieja;ALICANTE;748;TERCIARIO DE TORREVIEJA;TERCIARIO DE TORREVIEJA;320;Comunidad Valenciana;5
CA0748001;2022-05-18;TCB135;1,3,5-Triclorobenceno;µg/L;0;< 0,060;705332;4207772;70042;TERCIARIO DE TORREVIEJA;Torrevieja;ALICANTE;748;TERCIARIO DE TORREVIEJA;TERCIARIO DE TORREVIEJA;320;Comunidad Valenciana;5
CA0748001;2022-05-18;TCE;1,1,1-TRICLOROETANO;µg/L;0;< 1,0;705332;4207772;70042;TERCIARIO DE TORREVIEJA;Torrevieja;ALICANTE;748;TERCIARIO DE TORREVIEJA;TERCIARIO DE TORREVIEJA;320;Comunidad Valenciana;5
CA0748001;2022-05-18;TERAZ;Terbutilazina;µg/L;0;< 0,010;705332;4207772;70042;TERCIARIO DE TORREVIEJA;Torrevieja;ALICANTE;748;TERCIARIO DE TORREVIEJA;TERCIARIO DE TORREVIEJA;320;Comunidad Valenciana;5
CA0748001;2022-05-18;TERBUTRINA;Terbutrina;µg/L;0;< 0,050;705332;4207772;70042;TERCIARIO DE TORREVIEJA;Torrevieja;ALICANTE;748;TERCIARIO DE TORREVIEJA;TERCIARIO DE TORREVIEJA;320;Comunidad Valenciana;5
CA0748001;2022-05-18;TETRA;Tetracloruro de carbono (Tetraclorometano, Perclorometano);µg/L;0;< 1,0;705332;4207772;70042;TERCIARIO DE TORREVIEJA;Torrevieja;ALICANTE;748;TERCIARIO DE TORREVIEJA;TERCIARIO DE TORREVIEJA;320;Comunidad Valenciana;5
CA0748001;2022-05-18;TETRTRI;Tricloroetileno + Tetracloroetileno (Percloroetileno);µg/L;0;< 2,0;705332;4207772;70042;TERCIARIO DE TORREVIEJA;Torrevieja;ALICANTE;748;TERCIARIO DE TORREVIEJA;TERCIARIO DE TORREVIEJA;320;Comunidad Valenciana;5
CA0748001;2022-05-18;THMBR;DIBROMOMETANO;µg/L;0;< 1,0;705332;4207772;70042;TERCIARIO DE TORREVIEJA;Torrevieja;ALICANTE;748;TERCIARIO DE TORREVIEJA;TERCIARIO DE TORREVIEJA;320;Comunidad Valenciana;5
CA0748001;2022-05-18;THMBR2CL;Bromodiclorometano;µg/l;0;< 1,0;705332;4207772;70042;TERCIARIO DE TORREVIEJA;Torrevieja;ALICANTE;748;TERCIARIO DE TORREVIEJA;TERCIARIO DE TORREVIEJA;320;Comunidad Valenciana;5
CA0748001;2022-05-18;THMBRCL;BROMOCLOROMETANO;µg/L;0;< 1,0;705332;4207772;70042;TERCIARIO DE TORREVIEJA;Torrevieja;ALICANTE;748;TERCIARIO DE TORREVIEJA;TERCIARIO DE TORREVIEJA;320;Comunidad Valenciana;5
CA0748001;2022-05-18;THMBRCL2;DIBROMOCLOROMETANO (Trihalometanos);µg/L;0;< 1,0;705332;4207772;70042;TERCIARIO DE TORREVIEJA;Torrevieja;ALICANTE;748;TERCIARIO DE TORREVIEJA;TERCIARIO DE TORREVIEJA;320;Comunidad Valenciana;5
CA0748001;2022-05-18;THMBRF;BROMOFORMO;µg/L;0;< 1,0;705332;4207772;70042;TERCIARIO DE TORREVIEJA;Torrevieja;ALICANTE;748;TERCIARIO DE TORREVIEJA;TERCIARIO DE TORREVIEJA;320;Comunidad Valenciana;5
CA0748001;2022-05-18;THMDCM;DICLOROMETANO;µg/L;0;< 20;705332;4207772;70042;TERCIARIO DE TORREVIEJA;Torrevieja;ALICANTE;748;TERCIARIO DE TORREVIEJA;TERCIARIO DE TORREVIEJA;320;Comunidad Valenciana;5
CA0748001;2022-05-18;TMB1;1,2,4-trimetilbenceno;µg/l;0;< 1,0;705332;4207772;70042;TERCIARIO DE TORREVIEJA;Torrevieja;ALICANTE;748;TERCIARIO DE TORREVIEJA;TERCIARIO DE TORREVIEJA;320;Comunidad Valenciana;5
CA0748001;2022-05-18;TMB2;1,3,5-TRIMETILBENCENO;µg/L;0;< 1,0;705332;4207772;70042;TERCIARIO DE TORREVIEJA;Torrevieja;ALICANTE;748;TERCIARIO DE TORREVIEJA;TERCIARIO DE TORREVIEJA;320;Comunidad Valenciana;5
CA0748001;2022-05-18;TOL;Tolueno (Metilbenceno);µg/L;0;< 1,0;705332;4207772;70042;TERCIARIO DE TORREVIEJA;Torrevieja;ALICANTE;748;TERCIARIO DE TORREVIEJA;TERCIARIO DE TORREVIEJA;320;Comunidad Valenciana;5
CA0748001;2022-05-18;TRIAZO_2;TRIAZOFOS;µg/L;0;< 0,0100;705332;4207772;70042;TERCIARIO DE TORREVIEJA;Torrevieja;ALICANTE;748;TERCIARIO DE TORREVIEJA;TERCIARIO DE TORREVIEJA;320;Comunidad Valenciana;5
CA0748001;2022-05-18;TRICLOET;Tricloroetileno (TRI);µg/L;0;< 1,0;705332;4207772;70042;TERCIARIO DE TORREVIEJA;Torrevieja;ALICANTE;748;TERCIARIO DE TORREVIEJA;TERCIARIO DE TORREVIEJA;320;Comunidad Valenciana;5
CA0748001;2022-05-18;TRIFLURALINA;Trifluralina;µg/L;0;< 0,0060;705332;4207772;70042;TERCIARIO DE TORREVIEJA;Torrevieja;ALICANTE;748;TERCIARIO DE TORREVIEJA;TERCIARIO DE TORREVIEJA;320;Comunidad Valenciana;5
CA0748001;2022-05-18;XILM+P;SUMA M+P XILENO;µg/L;0;< 2,0;705332;4207772;70042;TERCIARIO DE TORREVIEJA;Torrevieja;ALICANTE;748;TERCIARIO DE TORREVIEJA;TERCIARIO DE TORREVIEJA;320;Comunidad Valenciana;5
CA0748001;2022-05-18;XIL-O;O-XILENO;µg/L;0;< 1,0;705332;4207772;70042;TERCIARIO DE TORREVIEJA;Torrevieja;ALICANTE;748;TERCIARIO DE TORREVIEJA;TERCIARIO DE TORREVIEJA;320;Comunidad Valenciana;5
CA0748001;2022-05-18;ZN;ZINC;µg/l Zn;300;30;705332;4207772;70042;TERCIARIO DE TORREVIEJA;Torrevieja;ALICANTE;748;TERCIARIO DE TORREVIEJA;TERCIARIO DE TORREVIEJA;320;Comunidad Valenciana;5
CA0748001;2022-08-09;12DIBR;1,2-DIBROMOETANO;µg/L;0;< 1,0;705332;4207772;70042;TERCIARIO DE TORREVIEJA;Torrevieja;ALICANTE;748;TERCIARIO DE TORREVIEJA;TERCIARIO DE TORREVIEJA;320;Comunidad Valenciana;8
CA0748001;2022-08-09;2BR2CLPRO;1,2-DIBROMO-3-CLOROPROPANO;µg/L;0;< 2,0;705332;4207772;70042;TERCIARIO DE TORREVIEJA;Torrevieja;ALICANTE;748;TERCIARIO DE TORREVIEJA;TERCIARIO DE TORREVIEJA;320;Comunidad Valenciana;8
CA0748001;2022-08-09;2CLETA;1,1-DICLOROETANO;µg/L;0;< 1,0;705332;4207772;70042;TERCIARIO DE TORREVIEJA;Torrevieja;ALICANTE;748;TERCIARIO DE TORREVIEJA;TERCIARIO DE TORREVIEJA;320;Comunidad Valenciana;8
CA0748001;2022-08-09;2CLETE;1,1-DICLOROETENO;µg/L;0;< 1,0;705332;4207772;70042;TERCIARIO DE TORREVIEJA;Torrevieja;ALICANTE;748;TERCIARIO DE TORREVIEJA;TERCIARIO DE TORREVIEJA;320;Comunidad Valenciana;8
CA0748001;2022-08-09;2CLETE2;1,2-DICLOROETENO;µg/L;0;< 2,0;705332;4207772;70042;TERCIARIO DE TORREVIEJA;Torrevieja;ALICANTE;748;TERCIARIO DE TORREVIEJA;TERCIARIO DE TORREVIEJA;320;Comunidad Valenciana;8
CA0748001;2022-08-09;2CLETEN;TRANS-1,2-DICLOROETENO;µg/L;0;< 1,0;705332;4207772;70042;TERCIARIO DE TORREVIEJA;Torrevieja;ALICANTE;748;TERCIARIO DE TORREVIEJA;TERCIARIO DE TORREVIEJA;320;Comunidad Valenciana;8
CA0748001;2022-08-09;2CLPRO;1,3-DICLOROPROPANO;µg/L;0;< 1,0;705332;4207772;70042;TERCIARIO DE TORREVIEJA;Torrevieja;ALICANTE;748;TERCIARIO DE TORREVIEJA;TERCIARIO DE TORREVIEJA;320;Comunidad Valenciana;8
CA0748001;2022-08-09;2CLPROCIS;CIS-1,3-DICLOROPROPENO;µg/L;0;< 1,0;705332;4207772;70042;TERCIARIO DE TORREVIEJA;Torrevieja;ALICANTE;748;TERCIARIO DE TORREVIEJA;TERCIARIO DE TORREVIEJA;320;Comunidad Valenciana;8
CA0748001;2022-08-09;2CLPROPA;1,2-DICLOROPROPANO;µg/L;0;< 1,0;705332;4207772;70042;TERCIARIO DE TORREVIEJA;Torrevieja;ALICANTE;748;TERCIARIO DE TORREVIEJA;TERCIARIO DE TORREVIEJA;320;Comunidad Valenciana;8
CA0748001;2022-08-09;2CLPROPA2;2,2-DICLOROPROPANO;µg/L;0;< 1,0;705332;4207772;70042;TERCIARIO DE TORREVIEJA;Torrevieja;ALICANTE;748;TERCIARIO DE TORREVIEJA;TERCIARIO DE TORREVIEJA;320;Comunidad Valenciana;8
CA0748001;2022-08-09;2CLPROPE;1,1-DICLOROPROPENO;µg/L;0;< 1,0;705332;4207772;70042;TERCIARIO DE TORREVIEJA;Torrevieja;ALICANTE;748;TERCIARIO DE TORREVIEJA;TERCIARIO DE TORREVIEJA;320;Comunidad Valenciana;8
CA0748001;2022-08-09;2CLPROPE2;TRANS-1,3-DICLOROPROPENO;µg/L;0;< 1,0;705332;4207772;70042;TERCIARIO DE TORREVIEJA;Torrevieja;ALICANTE;748;TERCIARIO DE TORREVIEJA;TERCIARIO DE TORREVIEJA;320;Comunidad Valenciana;8
CA0748001;2022-08-09;3CLETA;1,1,2-TRICLOROETANO;µg/L;0;< 1,0;705332;4207772;70042;TERCIARIO DE TORREVIEJA;Torrevieja;ALICANTE;748;TERCIARIO DE TORREVIEJA;TERCIARIO DE TORREVIEJA;320;Comunidad Valenciana;8
CA0748001;2022-08-09;3CLPRO;1,2,3-TRICLOROPROPANO;µg/L;0;< 1,0;705332;4207772;70042;TERCIARIO DE TORREVIEJA;Torrevieja;ALICANTE;748;TERCIARIO DE TORREVIEJA;TERCIARIO DE TORREVIEJA;320;Comunidad Valenciana;8
CA0748001;2022-08-09;4CLETA;1,1,1,2-TETRACLOROETANO;µg/L;0;< 1,0;705332;4207772;70042;TERCIARIO DE TORREVIEJA;Torrevieja;ALICANTE;748;TERCIARIO DE TORREVIEJA;TERCIARIO DE TORREVIEJA;320;Comunidad Valenciana;8
CA0748001;2022-08-09;4CLETA2;1,1,2,2-TETRACLOROETANO;µg/L;0;< 1,0;705332;4207772;70042;TERCIARIO DE TORREVIEJA;Torrevieja;ALICANTE;748;TERCIARIO DE TORREVIEJA;TERCIARIO DE TORREVIEJA;320;Comunidad Valenciana;8
CA0748001;2022-08-09;6CLET;HEXACLOROETANO;µg/L;0;< 1,0;705332;4207772;70042;TERCIARIO DE TORREVIEJA;Torrevieja;ALICANTE;748;TERCIARIO DE TORREVIEJA;TERCIARIO DE TORREVIEJA;320;Comunidad Valenciana;8
CA0748001;2022-08-09;ACLONIFE;ACLONIFENO;µg/L;0;< 0,00200;705332;4207772;70042;TERCIARIO DE TORREVIEJA;Torrevieja;ALICANTE;748;TERCIARIO DE TORREVIEJA;TERCIARIO DE TORREVIEJA;320;Comunidad Valenciana;8
CA0748001;2022-08-09;ALACLORO;ALACLORO;µg/L;0;< 0,01000;705332;4207772;70042;TERCIARIO DE TORREVIEJA;Torrevieja;ALICANTE;748;TERCIARIO DE TORREVIEJA;TERCIARIO DE TORREVIEJA;320;Comunidad Valenciana;8
CA0748001;2022-08-09;ALDRIN;ALDRINA;µg/L;0;< 0,00025;705332;4207772;70042;TERCIARIO DE TORREVIEJA;Torrevieja;ALICANTE;748;TERCIARIO DE TORREVIEJA;TERCIARIO DE TORREVIEJA;320;Comunidad Valenciana;8
CA0748001;2022-08-09;AS;ARSENICO;µg/L As;0;< 5,0;705332;4207772;70042;TERCIARIO DE TORREVIEJA;Torrevieja;ALICANTE;748;TERCIARIO DE TORREVIEJA;TERCIARIO DE TORREVIEJA;320;Comunidad Valenciana;8
CA0748001;2022-08-09;ATRAZINA;ATRAZINA;µg/L;0;< 0,010;705332;4207772;70042;TERCIARIO DE TORREVIEJA;Torrevieja;ALICANTE;748;TERCIARIO DE TORREVIEJA;TERCIARIO DE TORREVIEJA;320;Comunidad Valenciana;8
CA0748001;2022-08-09;B;BORO;µg/L B;4600;460;705332;4207772;70042;TERCIARIO DE TORREVIEJA;Torrevieja;ALICANTE;748;TERCIARIO DE TORREVIEJA;TERCIARIO DE TORREVIEJA;320;Comunidad Valenciana;8
CA0748001;2022-08-09;BENCENO;BENCENO;µg/L;0;< 0,30;705332;4207772;70042;TERCIARIO DE TORREVIEJA;Torrevieja;ALICANTE;748;TERCIARIO DE TORREVIEJA;TERCIARIO DE TORREVIEJA;320;Comunidad Valenciana;8
CA0748001;2022-08-09;BICARB;BICARBONATOS;mg/L HCO3-;2030;203;705332;4207772;70042;TERCIARIO DE TORREVIEJA;Torrevieja;ALICANTE;748;TERCIARIO DE TORREVIEJA;TERCIARIO DE TORREVIEJA;320;Comunidad Valenciana;8
CA0748001;2022-08-09;BIFEN;BIFENOX;µg/L;0;< 0,00120;705332;4207772;70042;TERCIARIO DE TORREVIEJA;Torrevieja;ALICANTE;748;TERCIARIO DE TORREVIEJA;TERCIARIO DE TORREVIEJA;320;Comunidad Valenciana;8
CA0748001;2022-08-09;BRB;BROMOBENCENO;µg/L;0;< 1,0;705332;4207772;70042;TERCIARIO DE TORREVIEJA;Torrevieja;ALICANTE;748;TERCIARIO DE TORREVIEJA;TERCIARIO DE TORREVIEJA;320;Comunidad Valenciana;8
CA0748001;2022-08-09;BRFOSETIL;BROMOFOS ETIL;µg/L;0;< 0,0100;705332;4207772;70042;TERCIARIO DE TORREVIEJA;Torrevieja;ALICANTE;748;TERCIARIO DE TORREVIEJA;TERCIARIO DE TORREVIEJA;320;Comunidad Valenciana;8
CA0748001;2022-08-09;CA;CALCIO;mg/L Ca;550;55;705332;4207772;70042;TERCIARIO DE TORREVIEJA;Torrevieja;ALICANTE;748;TERCIARIO DE TORREVIEJA;TERCIARIO DE TORREVIEJA;320;Comunidad Valenciana;8
CA0748001;2022-08-09;CD;CADMIO;µg/L Cd;0;< 0,02;705332;4207772;70042;TERCIARIO DE TORREVIEJA;Torrevieja;ALICANTE;748;TERCIARIO DE TORREVIEJA;TERCIARIO DE TORREVIEJA;320;Comunidad Valenciana;8
CA0748001;2022-08-09;CIB;CIBUTRINA;µg/L;0;< 0,002;705332;4207772;70042;TERCIARIO DE TORREVIEJA;Torrevieja;ALICANTE;748;TERCIARIO DE TORREVIEJA;TERCIARIO DE TORREVIEJA;320;Comunidad Valenciana;8
CA0748001;2022-08-09;CL;Cloruros;mg/L Cl;4250;425;705332;4207772;70042;TERCIARIO DE TORREVIEJA;Torrevieja;ALICANTE;748;TERCIARIO DE TORREVIEJA;TERCIARIO DE TORREVIEJA;320;Comunidad Valenciana;8
CA0748001;2022-08-09;CLF;Cloroformo (Triclorometano);µg/L;38;3,8;705332;4207772;70042;TERCIARIO DE TORREVIEJA;Torrevieja;ALICANTE;748;TERCIARIO DE TORREVIEJA;TERCIARIO DE TORREVIEJA;320;Comunidad Valenciana;8
CA0748001;2022-08-09;CLOROFENVINFOS;Clorfenvinfos;µg/L;0;< 0,0100;705332;4207772;70042;TERCIARIO DE TORREVIEJA;Torrevieja;ALICANTE;748;TERCIARIO DE TORREVIEJA;TERCIARIO DE TORREVIEJA;320;Comunidad Valenciana;8
CA0748001;2022-08-09;CLOROPIRIFOS;Clorpirifos;µg/L;0;< 0,0050;705332;4207772;70042;TERCIARIO DE TORREVIEJA;Torrevieja;ALICANTE;748;TERCIARIO DE TORREVIEJA;TERCIARIO DE TORREVIEJA;320;Comunidad Valenciana;8
CA0748001;2022-08-09;CLORPIRIPME;CLOROPIRIFOS-METIL;µg/L;0;< 0,0100;705332;4207772;70042;TERCIARIO DE TORREVIEJA;Torrevieja;ALICANTE;748;TERCIARIO DE TORREVIEJA;TERCIARIO DE TORREVIEJA;320;Comunidad Valenciana;8
CA0748001;2022-08-09;CLTO2;4-CLOROTOLUENO;µg/L;0;< 1,0;705332;4207772;70042;TERCIARIO DE TORREVIEJA;Torrevieja;ALICANTE;748;TERCIARIO DE TORREVIEJA;TERCIARIO DE TORREVIEJA;320;Comunidad Valenciana;8
CA0748001;2022-08-09;CLTOL;2-CLOROTOLUENO;µg/L;0;< 1,0;705332;4207772;70042;TERCIARIO DE TORREVIEJA;Torrevieja;ALICANTE;748;TERCIARIO DE TORREVIEJA;TERCIARIO DE TORREVIEJA;320;Comunidad Valenciana;8
CA0748001;2022-08-09;CN;CIANUROS TOTALES;µg/L CN;0;<10;705332;4207772;70042;TERCIARIO DE TORREVIEJA;Torrevieja;ALICANTE;748;TERCIARIO DE TORREVIEJA;TERCIARIO DE TORREVIEJA;320;Comunidad Valenciana;8
CA0748001;2022-08-09;COND20SITU;Conductividad de campo (medida in situ);µS/cm;17550;1755;705332;4207772;70042;TERCIARIO DE TORREVIEJA;Torrevieja;ALICANTE;748;TERCIARIO DE TORREVIEJA;TERCIARIO DE TORREVIEJA;320;Comunidad Valenciana;8
CA0748001;2022-08-09;CR;CROMO;µg/L Cr;0;< 0,80;705332;4207772;70042;TERCIARIO DE TORREVIEJA;Torrevieja;ALICANTE;748;TERCIARIO DE TORREVIEJA;TERCIARIO DE TORREVIEJA;320;Comunidad Valenciana;8
CA0748001;2022-08-09;CU;COBRE;µg/L Cu;0;< 0,80;705332;4207772;70042;TERCIARIO DE TORREVIEJA;Torrevieja;ALICANTE;748;TERCIARIO DE TORREVIEJA;TERCIARIO DE TORREVIEJA;320;Comunidad Valenciana;8
CA0748001;2022-08-09;DCB-M;1,3-diclorobenceno (m-diclorobenceno);µg/L;0;< 1,0;705332;4207772;70042;TERCIARIO DE TORREVIEJA;Torrevieja;ALICANTE;748;TERCIARIO DE TORREVIEJA;TERCIARIO DE TORREVIEJA;320;Comunidad Valenciana;8
CA0748001;2022-08-09;DCB-P;1,4-diclorobenceno (p-diclorobenceno);µg/L;0;< 1,0;705332;4207772;70042;TERCIARIO DE TORREVIEJA;Torrevieja;ALICANTE;748;TERCIARIO DE TORREVIEJA;TERCIARIO DE TORREVIEJA;320;Comunidad Valenciana;8
CA0748001;2022-08-09;DCE;1,2-dicloroetano (EDC, cloruro de etileno);µg/L;0;< 1,0;705332;4207772;70042;TERCIARIO DE TORREVIEJA;Torrevieja;ALICANTE;748;TERCIARIO DE TORREVIEJA;TERCIARIO DE TORREVIEJA;320;Comunidad Valenciana;8
CA0748001;2022-08-09;DCV;DICLORVOS;µg/L;0;< 0,0006;705332;4207772;70042;TERCIARIO DE TORREVIEJA;Torrevieja;ALICANTE;748;TERCIARIO DE TORREVIEJA;TERCIARIO DE TORREVIEJA;320;Comunidad Valenciana;8
CA0748001;2022-08-09;DDDPP;P,P'-DDD;µg/L;0;< 0,00025;705332;4207772;70042;TERCIARIO DE TORREVIEJA;Torrevieja;ALICANTE;748;TERCIARIO DE TORREVIEJA;TERCIARIO DE TORREVIEJA;320;Comunidad Valenciana;8
CA0748001;2022-08-09;DDEPP;P,P'-DDE;µg/L;0;< 0,00025;705332;4207772;70042;TERCIARIO DE TORREVIEJA;Torrevieja;ALICANTE;748;TERCIARIO DE TORREVIEJA;TERCIARIO DE TORREVIEJA;320;Comunidad Valenciana;8
CA0748001;2022-08-09;DDTOP;O,P'-DDT;µg/L;0;< 0,00025;705332;4207772;70042;TERCIARIO DE TORREVIEJA;Torrevieja;ALICANTE;748;TERCIARIO DE TORREVIEJA;TERCIARIO DE TORREVIEJA;320;Comunidad Valenciana;8
CA0748001;2022-08-09;DDTPP;P,P'-DDT;µg/L;0;< 0,00025;705332;4207772;70042;TERCIARIO DE TORREVIEJA;Torrevieja;ALICANTE;748;TERCIARIO DE TORREVIEJA;TERCIARIO DE TORREVIEJA;320;Comunidad Valenciana;8
CA0748001;2022-08-09;DIAZINON;DIAZINON;µg/L;0;< 0,0100;705332;4207772;70042;TERCIARIO DE TORREVIEJA;Torrevieja;ALICANTE;748;TERCIARIO DE TORREVIEJA;TERCIARIO DE TORREVIEJA;320;Comunidad Valenciana;8
CA0748001;2022-08-09;DICLETE-CIS;CIS-1,2-DICLOROETENO;µg/L;0;< 1,0;705332;4207772;70042;TERCIARIO DE TORREVIEJA;Torrevieja;ALICANTE;748;TERCIARIO DE TORREVIEJA;TERCIARIO DE TORREVIEJA;320;Comunidad Valenciana;8
CA0748001;2022-08-09;DICOFOL;DICOFOL (P,P'-DICOFOL);µg/L;0;< 0,00039;705332;4207772;70042;TERCIARIO DE TORREVIEJA;Torrevieja;ALICANTE;748;TERCIARIO DE TORREVIEJA;TERCIARIO DE TORREVIEJA;320;Comunidad Valenciana;8
CA0748001;2022-08-09;DIELDRIN;Dieldrin;µg/L;0;< 0,00015;705332;4207772;70042;TERCIARIO DE TORREVIEJA;Torrevieja;ALICANTE;748;TERCIARIO DE TORREVIEJA;TERCIARIO DE TORREVIEJA;320;Comunidad Valenciana;8
CA0748001;2022-08-09;DIURON;DIURON;µg/L;0;< 0,050;705332;4207772;70042;TERCIARIO DE TORREVIEJA;Torrevieja;ALICANTE;748;TERCIARIO DE TORREVIEJA;TERCIARIO DE TORREVIEJA;320;Comunidad Valenciana;8
CA0748001;2022-08-09;DQO;DQO o Demanda Química de Oxígeno;mg/L O2;0;< 15;705332;4207772;70042;TERCIARIO DE TORREVIEJA;Torrevieja;ALICANTE;748;TERCIARIO DE TORREVIEJA;TERCIARIO DE TORREVIEJA;320;Comunidad Valenciana;8
CA0748001;2022-08-09;ENDOS;ENDOSULFAN (SUMA ISOMEROS ALFA+BETA);µg/L;0;< 0,00005;705332;4207772;70042;TERCIARIO DE TORREVIEJA;Torrevieja;ALICANTE;748;TERCIARIO DE TORREVIEJA;TERCIARIO DE TORREVIEJA;320;Comunidad Valenciana;8
CA0748001;2022-08-09;ENDOSULFAN;ALFA-ENDOSULFAN;µg/L;0;< 0,00005;705332;4207772;70042;TERCIARIO DE TORREVIEJA;Torrevieja;ALICANTE;748;TERCIARIO DE TORREVIEJA;TERCIARIO DE TORREVIEJA;320;Comunidad Valenciana;8
CA0748001;2022-08-09;ENDOSULFAN-BETA;BETA-ENDOSULFAN;µg/L;0;< 0,00005;705332;4207772;70042;TERCIARIO DE TORREVIEJA;Torrevieja;ALICANTE;748;TERCIARIO DE TORREVIEJA;TERCIARIO DE TORREVIEJA;320;Comunidad Valenciana;8
CA0748001;2022-08-09;ENDRIN;ENDRINA;µg/L;0;< 0,00150;705332;4207772;70042;TERCIARIO DE TORREVIEJA;Torrevieja;ALICANTE;748;TERCIARIO DE TORREVIEJA;TERCIARIO DE TORREVIEJA;320;Comunidad Valenciana;8
CA0748001;2022-08-09;ENDRINCE;Endrin cetona;µg/L;0;< 0,00025;705332;4207772;70042;TERCIARIO DE TORREVIEJA;Torrevieja;ALICANTE;748;TERCIARIO DE TORREVIEJA;TERCIARIO DE TORREVIEJA;320;Comunidad Valenciana;8
CA0748001;2022-08-09;ETBENCENO;Etilbenceno;µg/L;0;< 1,0;705332;4207772;70042;TERCIARIO DE TORREVIEJA;Torrevieja;ALICANTE;748;TERCIARIO DE TORREVIEJA;TERCIARIO DE TORREVIEJA;320;Comunidad Valenciana;8
CA0748001;2022-08-09;ETPARATION;Paration (paration etilo);µg/L;0;< 0,0100;705332;4207772;70042;TERCIARIO DE TORREVIEJA;Torrevieja;ALICANTE;748;TERCIARIO DE TORREVIEJA;TERCIARIO DE TORREVIEJA;320;Comunidad Valenciana;8
CA0748001;2022-08-09;F;Fluoruros;µg/L;11000;1100;705332;4207772;70042;TERCIARIO DE TORREVIEJA;Torrevieja;ALICANTE;748;TERCIARIO DE TORREVIEJA;TERCIARIO DE TORREVIEJA;320;Comunidad Valenciana;8
CA0748001;2022-08-09;FE;HIERRO;µg/L;0;< 50;705332;4207772;70042;TERCIARIO DE TORREVIEJA;Torrevieja;ALICANTE;748;TERCIARIO DE TORREVIEJA;TERCIARIO DE TORREVIEJA;320;Comunidad Valenciana;8
CA0748001;2022-08-09;FENCLORFOS;FENCLORFOS;µg/L;0;< 0,0100;705332;4207772;70042;TERCIARIO DE TORREVIEJA;Torrevieja;ALICANTE;748;TERCIARIO DE TORREVIEJA;TERCIARIO DE TORREVIEJA;320;Comunidad Valenciana;8
CA0748001;2022-08-09;FONO;FONOFOS;µg/L;0;< 0,0100;705332;4207772;70042;TERCIARIO DE TORREVIEJA;Torrevieja;ALICANTE;748;TERCIARIO DE TORREVIEJA;TERCIARIO DE TORREVIEJA;320;Comunidad Valenciana;8
CA0748001;2022-08-09;HCB;Hexaclorobenceno (HCB, Perclorobenceno);µg/L;0;< 0,00250;705332;4207772;70042;TERCIARIO DE TORREVIEJA;Torrevieja;ALICANTE;748;TERCIARIO DE TORREVIEJA;TERCIARIO DE TORREVIEJA;320;Comunidad Valenciana;8
CA0748001;2022-08-09;HCBD;Hexaclorobutadieno (HCBD, Hexacloro-1,3-Butadieno);µg/L;0;< 0,060;705332;4207772;70042;TERCIARIO DE TORREVIEJA;Torrevieja;ALICANTE;748;TERCIARIO DE TORREVIEJA;TERCIARIO DE TORREVIEJA;320;Comunidad Valenciana;8
CA0748001;2022-08-09;HCHALFA;ALFA-HCH;µg/L;0;< 0,00005;705332;4207772;70042;TERCIARIO DE TORREVIEJA;Torrevieja;ALICANTE;748;TERCIARIO DE TORREVIEJA;TERCIARIO DE TORREVIEJA;320;Comunidad Valenciana;8
CA0748001;2022-08-09;HCHBETA;BETA-HCH;µg/L;0;< 0,00015;705332;4207772;70042;TERCIARIO DE TORREVIEJA;Torrevieja;ALICANTE;748;TERCIARIO DE TORREVIEJA;TERCIARIO DE TORREVIEJA;320;Comunidad Valenciana;8
CA0748001;2022-08-09;HCHDELTA;DELTA-HCH;µg/L;0;< 0,00015;705332;4207772;70042;TERCIARIO DE TORREVIEJA;Torrevieja;ALICANTE;748;TERCIARIO DE TORREVIEJA;TERCIARIO DE TORREVIEJA;320;Comunidad Valenciana;8
CA0748001;2022-08-09;HEPTACL;Heptacloro;µg/L;0;< 0,00005;705332;4207772;70042;TERCIARIO DE TORREVIEJA;Torrevieja;ALICANTE;748;TERCIARIO DE TORREVIEJA;TERCIARIO DE TORREVIEJA;320;Comunidad Valenciana;8
CA0748001;2022-08-09;HEPTACLEPO;EPOXIDO DE HEPTACLORO;µg/L;0;< 0,00005;705332;4207772;70042;TERCIARIO DE TORREVIEJA;Torrevieja;ALICANTE;748;TERCIARIO DE TORREVIEJA;TERCIARIO DE TORREVIEJA;320;Comunidad Valenciana;8
CA0748001;2022-08-09;HG;MERCURIO;µg/L Hg;0;< 0,045;705332;4207772;70042;TERCIARIO DE TORREVIEJA;Torrevieja;ALICANTE;748;TERCIARIO DE TORREVIEJA;TERCIARIO DE TORREVIEJA;320;Comunidad Valenciana;8
CA0748001;2022-08-09;IMAZALIL;IMAZALIL;µg/L;0;< 0,030;705332;4207772;70042;TERCIARIO DE TORREVIEJA;Torrevieja;ALICANTE;748;TERCIARIO DE TORREVIEJA;TERCIARIO DE TORREVIEJA;320;Comunidad Valenciana;8
CA0748001;2022-08-09;ISODRIN;Isodrin;µg/L;0;< 0,00010;705332;4207772;70042;TERCIARIO DE TORREVIEJA;Torrevieja;ALICANTE;748;TERCIARIO DE TORREVIEJA;TERCIARIO DE TORREVIEJA;320;Comunidad Valenciana;8
CA0748001;2022-08-09;ISOPROPB;Isopropilbenceno (cumeno);µg/L;0;< 1,0;705332;4207772;70042;TERCIARIO DE TORREVIEJA;Torrevieja;ALICANTE;748;TERCIARIO DE TORREVIEJA;TERCIARIO DE TORREVIEJA;320;Comunidad Valenciana;8
CA0748001;2022-08-09;ISOPROPILTO;4-ISOPROPILTOLUENO;µg/L;0;< 1,0;705332;4207772;70042;TERCIARIO DE TORREVIEJA;Torrevieja;ALICANTE;748;TERCIARIO DE TORREVIEJA;TERCIARIO DE TORREVIEJA;320;Comunidad Valenciana;8
CA0748001;2022-08-09;ISOPROTURON;Isoproturón;µg/L;0;< 0,050;705332;4207772;70042;TERCIARIO DE TORREVIEJA;Torrevieja;ALICANTE;748;TERCIARIO DE TORREVIEJA;TERCIARIO DE TORREVIEJA;320;Comunidad Valenciana;8
CA0748001;2022-08-09;K;POTASIO;mg/L K;150;15;705332;4207772;70042;TERCIARIO DE TORREVIEJA;Torrevieja;ALICANTE;748;TERCIARIO DE TORREVIEJA;TERCIARIO DE TORREVIEJA;320;Comunidad Valenciana;8
CA0748001;2022-08-09;LIND;GAMMA-HCH (LINDANO);µg/L;0;< 0,00025;705332;4207772;70042;TERCIARIO DE TORREVIEJA;Torrevieja;ALICANTE;748;TERCIARIO DE TORREVIEJA;TERCIARIO DE TORREVIEJA;320;Comunidad Valenciana;8
CA0748001;2022-08-09;MCB;Clorobenceno (monoclorobenceno);µg/L;0;< 1,0;705332;4207772;70042;TERCIARIO DE TORREVIEJA;Torrevieja;ALICANTE;748;TERCIARIO DE TORREVIEJA;TERCIARIO DE TORREVIEJA;320;Comunidad Valenciana;8
CA0748001;2022-08-09;METOLACLORO;Metolacloro;µg/L;0;< 0,01000;705332;4207772;70042;TERCIARIO DE TORREVIEJA;Torrevieja;ALICANTE;748;TERCIARIO DE TORREVIEJA;TERCIARIO DE TORREVIEJA;320;Comunidad Valenciana;8
CA0748001;2022-08-09;METRIBUZINA;METRIBUZINA;µg/L;0;< 0,050;705332;4207772;70042;TERCIARIO DE TORREVIEJA;Torrevieja;ALICANTE;748;TERCIARIO DE TORREVIEJA;TERCIARIO DE TORREVIEJA;320;Comunidad Valenciana;8
CA0748001;2022-08-09;MG;MAGNESIO;mg/L Mg;400;40;705332;4207772;70042;TERCIARIO DE TORREVIEJA;Torrevieja;ALICANTE;748;TERCIARIO DE TORREVIEJA;TERCIARIO DE TORREVIEJA;320;Comunidad Valenciana;8
CA0748001;2022-08-09;MN;MANGANESO;µg/L Mn;0;< 5,0;705332;4207772;70042;TERCIARIO DE TORREVIEJA;Torrevieja;ALICANTE;748;TERCIARIO DE TORREVIEJA;TERCIARIO DE TORREVIEJA;320;Comunidad Valenciana;8
CA0748001;2022-08-09;;SODIO;mg/L Na;2990;> 200 (299)*;705332;4207772;70042;TERCIARIO DE TORREVIEJA;Torrevieja;ALICANTE;748;TERCIARIO DE TORREVIEJA;TERCIARIO DE TORREVIEJA;320;Comunidad Valenciana;8
CA0748001;2022-08-09;NAFTALENO;Naftaleno (naftalina);µg/L;0;< 0,30;705332;4207772;70042;TERCIARIO DE TORREVIEJA;Torrevieja;ALICANTE;748;TERCIARIO DE TORREVIEJA;TERCIARIO DE TORREVIEJA;320;Comunidad Valenciana;8
CA0748001;2022-08-09;N-BUB;N-BUTILBENCENO;µg/L;0;< 1,0;705332;4207772;70042;TERCIARIO DE TORREVIEJA;Torrevieja;ALICANTE;748;TERCIARIO DE TORREVIEJA;TERCIARIO DE TORREVIEJA;320;Comunidad Valenciana;8
CA0748001;2022-08-09;NH4;AMONIO;mg/L NH4;0;< 0,05;705332;4207772;70042;TERCIARIO DE TORREVIEJA;Torrevieja;ALICANTE;748;TERCIARIO DE TORREVIEJA;TERCIARIO DE TORREVIEJA;320;Comunidad Valenciana;8
CA0748001;2022-08-09;NI;NIQUEL;µg/L Ni;0;< 0,80;705332;4207772;70042;TERCIARIO DE TORREVIEJA;Torrevieja;ALICANTE;748;TERCIARIO DE TORREVIEJA;TERCIARIO DE TORREVIEJA;320;Comunidad Valenciana;8
CA0748001;2022-08-09;NO2;Nitritos;mg/L NO2;0;< 0,020;705332;4207772;70042;TERCIARIO DE TORREVIEJA;Torrevieja;ALICANTE;748;TERCIARIO DE TORREVIEJA;TERCIARIO DE TORREVIEJA;320;Comunidad Valenciana;8
CA0748001;2022-08-09;NO3;Nitratos;mg/L NO3;360;36;705332;4207772;70042;TERCIARIO DE TORREVIEJA;Torrevieja;ALICANTE;748;TERCIARIO DE TORREVIEJA;TERCIARIO DE TORREVIEJA;320;Comunidad Valenciana;8
CA0748001;2022-08-09;N-PROPILB;N-PROPILBENCENO;µg/L;0;< 1,0;705332;4207772;70042;TERCIARIO DE TORREVIEJA;Torrevieja;ALICANTE;748;TERCIARIO DE TORREVIEJA;TERCIARIO DE TORREVIEJA;320;Comunidad Valenciana;8
CA0748001;2022-08-09;NTOTAL;Nitrógeno total;mg/L N;93;9,3;705332;4207772;70042;TERCIARIO DE TORREVIEJA;Torrevieja;ALICANTE;748;TERCIARIO DE TORREVIEJA;TERCIARIO DE TORREVIEJA;320;Comunidad Valenciana;8
CA0748001;2022-08-09;O2 DTO;Oxigeno disuelto de campo (medida in situ);mg/L O2;68;6,8;705332;4207772;70042;TERCIARIO DE TORREVIEJA;Torrevieja;ALICANTE;748;TERCIARIO DE TORREVIEJA;TERCIARIO DE TORREVIEJA;320;Comunidad Valenciana;8
CA0748001;2022-08-09;O-DICLORO;1,2-diclorobenceno (o-diclorobenceno);µg/L;0;< 1,0;705332;4207772;70042;TERCIARIO DE TORREVIEJA;Torrevieja;ALICANTE;748;TERCIARIO DE TORREVIEJA;TERCIARIO DE TORREVIEJA;320;Comunidad Valenciana;8
CA0748001;2022-08-09;PAHEST;Estireno (etenilbenceno);µg/L;0;< 1,0;705332;4207772;70042;TERCIARIO DE TORREVIEJA;Torrevieja;ALICANTE;748;TERCIARIO DE TORREVIEJA;TERCIARIO DE TORREVIEJA;320;Comunidad Valenciana;8
CA0748001;2022-08-09;PB;PLOMO;µg/L Pb;0;< 0,30;705332;4207772;70042;TERCIARIO DE TORREVIEJA;Torrevieja;ALICANTE;748;TERCIARIO DE TORREVIEJA;TERCIARIO DE TORREVIEJA;320;Comunidad Valenciana;8
CA0748001;2022-08-09;PER;Tetracloroetileno (PER, Percloroetileno);µg/L;0;< 1,0;705332;4207772;70042;TERCIARIO DE TORREVIEJA;Torrevieja;ALICANTE;748;TERCIARIO DE TORREVIEJA;TERCIARIO DE TORREVIEJA;320;Comunidad Valenciana;8
CA0748001;2022-08-09;PHSITU;pH de campo (medida in situ);udpH;811;8,11 (24.1ºC);705332;4207772;70042;TERCIARIO DE TORREVIEJA;Torrevieja;ALICANTE;748;TERCIARIO DE TORREVIEJA;TERCIARIO DE TORREVIEJA;320;Comunidad Valenciana;8
CA0748001;2022-08-09;PO4;Fosfatos;mg/L PO4;0;< 0,04;705332;4207772;70042;TERCIARIO DE TORREVIEJA;Torrevieja;ALICANTE;748;TERCIARIO DE TORREVIEJA;TERCIARIO DE TORREVIEJA;320;Comunidad Valenciana;8
CA0748001;2022-08-09;PTOTAL;FOSFORO TOTAL;mg/L P;0;< 0,050;705332;4207772;70042;TERCIARIO DE TORREVIEJA;Torrevieja;ALICANTE;748;TERCIARIO DE TORREVIEJA;TERCIARIO DE TORREVIEJA;320;Comunidad Valenciana;8
CA0748001;2022-08-09;QUI;Quinoxifeno;µg/L;0;< 0,00200;705332;4207772;70042;TERCIARIO DE TORREVIEJA;Torrevieja;ALICANTE;748;TERCIARIO DE TORREVIEJA;TERCIARIO DE TORREVIEJA;320;Comunidad Valenciana;8
CA0748001;2022-08-09;SATINSI;Porcentaje de saturación de oxígeno disuelto de campo (medido in situ);% O2;821;82,1;705332;4207772;70042;TERCIARIO DE TORREVIEJA;Torrevieja;ALICANTE;748;TERCIARIO DE TORREVIEJA;TERCIARIO DE TORREVIEJA;320;Comunidad Valenciana;8
CA0748001;2022-08-09;S-DDD-DDT;Suma p,p´-DDD + o,p´-DDT;µg/L;0;< 0,00050;705332;4207772;70042;TERCIARIO DE TORREVIEJA;Torrevieja;ALICANTE;748;TERCIARIO DE TORREVIEJA;TERCIARIO DE TORREVIEJA;320;Comunidad Valenciana;8
CA0748001;2022-08-09;SE;SELENIO;µg/L Se;22;2,2;705332;4207772;70042;TERCIARIO DE TORREVIEJA;Torrevieja;ALICANTE;748;TERCIARIO DE TORREVIEJA;TERCIARIO DE TORREVIEJA;320;Comunidad Valenciana;8
CA0748001;2022-08-09;SECBUTB;SEC-BUTILBENCENO;µg/L;0;< 1,0;705332;4207772;70042;TERCIARIO DE TORREVIEJA;Torrevieja;ALICANTE;748;TERCIARIO DE TORREVIEJA;TERCIARIO DE TORREVIEJA;320;Comunidad Valenciana;8
CA0748001;2022-08-09;SIMAZINA;Simazina;µg/L;0;< 0,050;705332;4207772;70042;TERCIARIO DE TORREVIEJA;Torrevieja;ALICANTE;748;TERCIARIO DE TORREVIEJA;TERCIARIO DE TORREVIEJA;320;Comunidad Valenciana;8
CA0748001;2022-08-09;SUMAXILENO;Xileno (dimetilbenceno) (suma o-, m- y p-xileno);µg/L;0;< 3,0;705332;4207772;70042;TERCIARIO DE TORREVIEJA;Torrevieja;ALICANTE;748;TERCIARIO DE TORREVIEJA;TERCIARIO DE TORREVIEJA;320;Comunidad Valenciana;8
CA0748001;2022-08-09;SUMCIPER;CIPERMETRINA (SUMA ISOMEROS ALFA+BETA+TETA+ZETA);µg/L;0;< 0,00008;705332;4207772;70042;TERCIARIO DE TORREVIEJA;Torrevieja;ALICANTE;748;TERCIARIO DE TORREVIEJA;TERCIARIO DE TORREVIEJA;320;Comunidad Valenciana;8
CA0748001;2022-08-09;SUMDCB;Diclorobenceno (suma isómeros);µg/L;0;< 3,0;705332;4207772;70042;TERCIARIO DE TORREVIEJA;Torrevieja;ALICANTE;748;TERCIARIO DE TORREVIEJA;TERCIARIO DE TORREVIEJA;320;Comunidad Valenciana;8
CA0748001;2022-08-09;SUMDDT;DDT TOTAL (SUMA P,P'-DDT+O,P'-DDT+P,P'-DDE+P,P'-DDD);µg/L;0;< 0,00100;705332;4207772;70042;TERCIARIO DE TORREVIEJA;Torrevieja;ALICANTE;748;TERCIARIO DE TORREVIEJA;TERCIARIO DE TORREVIEJA;320;Comunidad Valenciana;8
CA0748001;2022-08-09;SUMHCH;HEXACLOROCICLOHEXANO (HCH) (SUMA ISOMEROS);µg/L;0;< 0,00060;705332;4207772;70042;TERCIARIO DE TORREVIEJA;Torrevieja;ALICANTE;748;TERCIARIO DE TORREVIEJA;TERCIARIO DE TORREVIEJA;320;Comunidad Valenciana;8
CA0748001;2022-08-09;SUMTCBEN;"Triclorobenceno (suma isómeros 1,2,3-; 1,2,4- y 1,3,5- TCB)";µg/L;0;< 0,18;705332;4207772;70042;TERCIARIO DE TORREVIEJA;Torrevieja;ALICANTE;748;TERCIARIO DE TORREVIEJA;TERCIARIO DE TORREVIEJA;320;Comunidad Valenciana;8
CA0748001;2022-08-09;SUO4;Sulfatos;mg/L SO4;1360;136;705332;4207772;70042;TERCIARIO DE TORREVIEJA;Torrevieja;ALICANTE;748;TERCIARIO DE TORREVIEJA;TERCIARIO DE TORREVIEJA;320;Comunidad Valenciana;8
CA0748001;2022-08-09;TAGUA;"TEMPERATURA ""IN SITU""";ºC;241;24,1;705332;4207772;70042;TERCIARIO DE TORREVIEJA;Torrevieja;ALICANTE;748;TERCIARIO DE TORREVIEJA;TERCIARIO DE TORREVIEJA;320;Comunidad Valenciana;8
CA0748001;2022-08-09;TBUTB;TERC-BUTILBENCENO;µg/L;0;< 1,0;705332;4207772;70042;TERCIARIO DE TORREVIEJA;Torrevieja;ALICANTE;748;TERCIARIO DE TORREVIEJA;TERCIARIO DE TORREVIEJA;320;Comunidad Valenciana;8
CA0748001;2022-08-09;TCB123;1,2,3-Triclorobenceno;µg/L;0;< 0,060;705332;4207772;70042;TERCIARIO DE TORREVIEJA;Torrevieja;ALICANTE;748;TERCIARIO DE TORREVIEJA;TERCIARIO DE TORREVIEJA;320;Comunidad Valenciana;8
CA0748001;2022-08-09;TCB124;1,2,4-Triclorobenceno;µg/L;0;< 0,060;705332;4207772;70042;TERCIARIO DE TORREVIEJA;Torrevieja;ALICANTE;748;TERCIARIO DE TORREVIEJA;TERCIARIO DE TORREVIEJA;320;Comunidad Valenciana;8
CA0748001;2022-08-09;TCB135;1,3,5-Triclorobenceno;µg/L;0;< 0,060;705332;4207772;70042;TERCIARIO DE TORREVIEJA;Torrevieja;ALICANTE;748;TERCIARIO DE TORREVIEJA;TERCIARIO DE TORREVIEJA;320;Comunidad Valenciana;8
CA0748001;2022-08-09;TCE;1,1,1-TRICLOROETANO;µg/L;0;< 1,0;705332;4207772;70042;TERCIARIO DE TORREVIEJA;Torrevieja;ALICANTE;748;TERCIARIO DE TORREVIEJA;TERCIARIO DE TORREVIEJA;320;Comunidad Valenciana;8
CA0748001;2022-08-09;TERAZ;Terbutilazina;µg/L;0;< 0,010;705332;4207772;70042;TERCIARIO DE TORREVIEJA;Torrevieja;ALICANTE;748;TERCIARIO DE TORREVIEJA;TERCIARIO DE TORREVIEJA;320;Comunidad Valenciana;8
CA0748001;2022-08-09;TERBUTRINA;Terbutrina;µg/L;0;< 0,050;705332;4207772;70042;TERCIARIO DE TORREVIEJA;Torrevieja;ALICANTE;748;TERCIARIO DE TORREVIEJA;TERCIARIO DE TORREVIEJA;320;Comunidad Valenciana;8
CA0748001;2022-08-09;TETRA;Tetracloruro de carbono (Tetraclorometano, Perclorometano);µg/L;0;< 1,0;705332;4207772;70042;TERCIARIO DE TORREVIEJA;Torrevieja;ALICANTE;748;TERCIARIO DE TORREVIEJA;TERCIARIO DE TORREVIEJA;320;Comunidad Valenciana;8
CA0748001;2022-08-09;TETRTRI;Tricloroetileno + Tetracloroetileno (Percloroetileno);µg/L;0;< 2,0;705332;4207772;70042;TERCIARIO DE TORREVIEJA;Torrevieja;ALICANTE;748;TERCIARIO DE TORREVIEJA;TERCIARIO DE TORREVIEJA;320;Comunidad Valenciana;8
CA0748001;2022-08-09;THMBR;DIBROMOMETANO;µg/L;0;< 1,0;705332;4207772;70042;TERCIARIO DE TORREVIEJA;Torrevieja;ALICANTE;748;TERCIARIO DE TORREVIEJA;TERCIARIO DE TORREVIEJA;320;Comunidad Valenciana;8
CA0748001;2022-08-09;THMBR2CL;Bromodiclorometano;µg/l;0;< 1,0;705332;4207772;70042;TERCIARIO DE TORREVIEJA;Torrevieja;ALICANTE;748;TERCIARIO DE TORREVIEJA;TERCIARIO DE TORREVIEJA;320;Comunidad Valenciana;8
CA0748001;2022-08-09;THMBRCL;BROMOCLOROMETANO;µg/L;0;< 1,0;705332;4207772;70042;TERCIARIO DE TORREVIEJA;Torrevieja;ALICANTE;748;TERCIARIO DE TORREVIEJA;TERCIARIO DE TORREVIEJA;320;Comunidad Valenciana;8
CA0748001;2022-08-09;THMBRCL2;DIBROMOCLOROMETANO (Trihalometanos);µg/L;0;< 1,0;705332;4207772;70042;TERCIARIO DE TORREVIEJA;Torrevieja;ALICANTE;748;TERCIARIO DE TORREVIEJA;TERCIARIO DE TORREVIEJA;320;Comunidad Valenciana;8
CA0748001;2022-08-09;THMBRF;BROMOFORMO;µg/L;0;< 1,0;705332;4207772;70042;TERCIARIO DE TORREVIEJA;Torrevieja;ALICANTE;748;TERCIARIO DE TORREVIEJA;TERCIARIO DE TORREVIEJA;320;Comunidad Valenciana;8
CA0748001;2022-08-09;THMDCM;DICLOROMETANO;µg/L;0;< 20;705332;4207772;70042;TERCIARIO DE TORREVIEJA;Torrevieja;ALICANTE;748;TERCIARIO DE TORREVIEJA;TERCIARIO DE TORREVIEJA;320;Comunidad Valenciana;8
CA0748001;2022-08-09;TMB1;1,2,4-trimetilbenceno;µg/l;0;< 1,0;705332;4207772;70042;TERCIARIO DE TORREVIEJA;Torrevieja;ALICANTE;748;TERCIARIO DE TORREVIEJA;TERCIARIO DE TORREVIEJA;320;Comunidad Valenciana;8
CA0748001;2022-08-09;TMB2;1,3,5-TRIMETILBENCENO;µg/L;0;< 1,0;705332;4207772;70042;TERCIARIO DE TORREVIEJA;Torrevieja;ALICANTE;748;TERCIARIO DE TORREVIEJA;TERCIARIO DE TORREVIEJA;320;Comunidad Valenciana;8
CA0748001;2022-08-09;TOL;Tolueno (Metilbenceno);µg/L;0;< 1,0;705332;4207772;70042;TERCIARIO DE TORREVIEJA;Torrevieja;ALICANTE;748;TERCIARIO DE TORREVIEJA;TERCIARIO DE TORREVIEJA;320;Comunidad Valenciana;8
CA0748001;2022-08-09;TRIAZO_2;TRIAZOFOS;µg/L;0;< 0,0100;705332;4207772;70042;TERCIARIO DE TORREVIEJA;Torrevieja;ALICANTE;748;TERCIARIO DE TORREVIEJA;TERCIARIO DE TORREVIEJA;320;Comunidad Valenciana;8
CA0748001;2022-08-09;TRICLOET;Tricloroetileno (TRI);µg/L;0;< 1,0;705332;4207772;70042;TERCIARIO DE TORREVIEJA;Torrevieja;ALICANTE;748;TERCIARIO DE TORREVIEJA;TERCIARIO DE TORREVIEJA;320;Comunidad Valenciana;8
CA0748001;2022-08-09;TRIFLURALINA;Trifluralina;µg/L;0;< 0,0060;705332;4207772;70042;TERCIARIO DE TORREVIEJA;Torrevieja;ALICANTE;748;TERCIARIO DE TORREVIEJA;TERCIARIO DE TORREVIEJA;320;Comunidad Valenciana;8
CA0748001;2022-08-09;XILM+P;SUMA M+P XILENO;µg/L;0;< 2,0;705332;4207772;70042;TERCIARIO DE TORREVIEJA;Torrevieja;ALICANTE;748;TERCIARIO DE TORREVIEJA;TERCIARIO DE TORREVIEJA;320;Comunidad Valenciana;8
CA0748001;2022-08-09;XIL-O;O-XILENO;µg/L;0;< 1,0;705332;4207772;70042;TERCIARIO DE TORREVIEJA;Torrevieja;ALICANTE;748;TERCIARIO DE TORREVIEJA;TERCIARIO DE TORREVIEJA;320;Comunidad Valenciana;8
CA0748001;2022-08-09;ZN;ZINC;µg/l Zn;180;18;705332;4207772;70042;TERCIARIO DE TORREVIEJA;Torrevieja;ALICANTE;748;TERCIARIO DE TORREVIEJA;TERCIARIO DE TORREVIEJA;320;Comunidad Valenciana;8
CA0748001;2022-10-25;12DIBR;1,2-DIBROMOETANO;µg/L;0;< 1,0;705332;4207772;70042;TERCIARIO DE TORREVIEJA;Torrevieja;ALICANTE;748;TERCIARIO DE TORREVIEJA;TERCIARIO DE TORREVIEJA;320;Comunidad Valenciana;10
CA0748001;2022-10-25;2BR2CLPRO;1,2-DIBROMO-3-CLOROPROPANO;µg/L;0;< 2,0;705332;4207772;70042;TERCIARIO DE TORREVIEJA;Torrevieja;ALICANTE;748;TERCIARIO DE TORREVIEJA;TERCIARIO DE TORREVIEJA;320;Comunidad Valenciana;10
CA0748001;2022-10-25;2CLETA;1,1-DICLOROETANO;µg/L;0;< 1,0;705332;4207772;70042;TERCIARIO DE TORREVIEJA;Torrevieja;ALICANTE;748;TERCIARIO DE TORREVIEJA;TERCIARIO DE TORREVIEJA;320;Comunidad Valenciana;10
CA0748001;2022-10-25;2CLETE;1,1-DICLOROETENO;µg/L;0;< 1,0;705332;4207772;70042;TERCIARIO DE TORREVIEJA;Torrevieja;ALICANTE;748;TERCIARIO DE TORREVIEJA;TERCIARIO DE TORREVIEJA;320;Comunidad Valenciana;10
CA0748001;2022-10-25;2CLETE2;1,2-DICLOROETENO;µg/L;0;< 2,0;705332;4207772;70042;TERCIARIO DE TORREVIEJA;Torrevieja;ALICANTE;748;TERCIARIO DE TORREVIEJA;TERCIARIO DE TORREVIEJA;320;Comunidad Valenciana;10
CA0748001;2022-10-25;2CLETEN;TRANS-1,2-DICLOROETENO;µg/L;0;< 1,0;705332;4207772;70042;TERCIARIO DE TORREVIEJA;Torrevieja;ALICANTE;748;TERCIARIO DE TORREVIEJA;TERCIARIO DE TORREVIEJA;320;Comunidad Valenciana;10
CA0748001;2022-10-25;2CLPRO;1,3-DICLOROPROPANO;µg/L;0;< 1,0;705332;4207772;70042;TERCIARIO DE TORREVIEJA;Torrevieja;ALICANTE;748;TERCIARIO DE TORREVIEJA;TERCIARIO DE TORREVIEJA;320;Comunidad Valenciana;10
CA0748001;2022-10-25;2CLPROCIS;CIS-1,3-DICLOROPROPENO;µg/L;0;< 1,0;705332;4207772;70042;TERCIARIO DE TORREVIEJA;Torrevieja;ALICANTE;748;TERCIARIO DE TORREVIEJA;TERCIARIO DE TORREVIEJA;320;Comunidad Valenciana;10
CA0748001;2022-10-25;2CLPROPA;1,2-DICLOROPROPANO;µg/L;0;< 1,0;705332;4207772;70042;TERCIARIO DE TORREVIEJA;Torrevieja;ALICANTE;748;TERCIARIO DE TORREVIEJA;TERCIARIO DE TORREVIEJA;320;Comunidad Valenciana;10
CA0748001;2022-10-25;2CLPROPA2;2,2-DICLOROPROPANO;µg/L;0;< 1,0;705332;4207772;70042;TERCIARIO DE TORREVIEJA;Torrevieja;ALICANTE;748;TERCIARIO DE TORREVIEJA;TERCIARIO DE TORREVIEJA;320;Comunidad Valenciana;10
CA0748001;2022-10-25;2CLPROPE;1,1-DICLOROPROPENO;µg/L;0;< 1,0;705332;4207772;70042;TERCIARIO DE TORREVIEJA;Torrevieja;ALICANTE;748;TERCIARIO DE TORREVIEJA;TERCIARIO DE TORREVIEJA;320;Comunidad Valenciana;10
CA0748001;2022-10-25;2CLPROPE2;TRANS-1,3-DICLOROPROPENO;µg/L;0;< 1,0;705332;4207772;70042;TERCIARIO DE TORREVIEJA;Torrevieja;ALICANTE;748;TERCIARIO DE TORREVIEJA;TERCIARIO DE TORREVIEJA;320;Comunidad Valenciana;10
CA0748001;2022-10-25;3CLETA;1,1,2-TRICLOROETANO;µg/L;0;< 1,0;705332;4207772;70042;TERCIARIO DE TORREVIEJA;Torrevieja;ALICANTE;748;TERCIARIO DE TORREVIEJA;TERCIARIO DE TORREVIEJA;320;Comunidad Valenciana;10
CA0748001;2022-10-25;3CLPRO;1,2,3-TRICLOROPROPANO;µg/L;0;< 1,0;705332;4207772;70042;TERCIARIO DE TORREVIEJA;Torrevieja;ALICANTE;748;TERCIARIO DE TORREVIEJA;TERCIARIO DE TORREVIEJA;320;Comunidad Valenciana;10
CA0748001;2022-10-25;4CLETA;1,1,1,2-TETRACLOROETANO;µg/L;0;< 1,0;705332;4207772;70042;TERCIARIO DE TORREVIEJA;Torrevieja;ALICANTE;748;TERCIARIO DE TORREVIEJA;TERCIARIO DE TORREVIEJA;320;Comunidad Valenciana;10
CA0748001;2022-10-25;4CLETA2;1,1,2,2-TETRACLOROETANO;µg/L;0;< 1,0;705332;4207772;70042;TERCIARIO DE TORREVIEJA;Torrevieja;ALICANTE;748;TERCIARIO DE TORREVIEJA;TERCIARIO DE TORREVIEJA;320;Comunidad Valenciana;10
CA0748001;2022-10-25;6CLET;HEXACLOROETANO;µg/L;0;< 1,0;705332;4207772;70042;TERCIARIO DE TORREVIEJA;Torrevieja;ALICANTE;748;TERCIARIO DE TORREVIEJA;TERCIARIO DE TORREVIEJA;320;Comunidad Valenciana;10
CA0748001;2022-10-25;ACLONIFE;ACLONIFENO;µg/L;0;< 0,00200;705332;4207772;70042;TERCIARIO DE TORREVIEJA;Torrevieja;ALICANTE;748;TERCIARIO DE TORREVIEJA;TERCIARIO DE TORREVIEJA;320;Comunidad Valenciana;10
CA0748001;2022-10-25;ALACLORO;ALACLORO;µg/L;0;< 0,01000;705332;4207772;70042;TERCIARIO DE TORREVIEJA;Torrevieja;ALICANTE;748;TERCIARIO DE TORREVIEJA;TERCIARIO DE TORREVIEJA;320;Comunidad Valenciana;10
CA0748001;2022-10-25;ALDRIN;ALDRINA;µg/L;0;< 0,00025;705332;4207772;70042;TERCIARIO DE TORREVIEJA;Torrevieja;ALICANTE;748;TERCIARIO DE TORREVIEJA;TERCIARIO DE TORREVIEJA;320;Comunidad Valenciana;10
CA0748001;2022-10-25;AMETRINA;AMETRINA;µg/L;0;< 0,050;705332;4207772;70042;TERCIARIO DE TORREVIEJA;Torrevieja;ALICANTE;748;TERCIARIO DE TORREVIEJA;TERCIARIO DE TORREVIEJA;320;Comunidad Valenciana;10
CA0748001;2022-10-25;AS;ARSENICO;µg/L As;0;< 5,0;705332;4207772;70042;TERCIARIO DE TORREVIEJA;Torrevieja;ALICANTE;748;TERCIARIO DE TORREVIEJA;TERCIARIO DE TORREVIEJA;320;Comunidad Valenciana;10
CA0748001;2022-10-25;ATRAZINA;ATRAZINA;µg/L;0;< 0,010;705332;4207772;70042;TERCIARIO DE TORREVIEJA;Torrevieja;ALICANTE;748;TERCIARIO DE TORREVIEJA;TERCIARIO DE TORREVIEJA;320;Comunidad Valenciana;10
CA0748001;2022-10-25;B;BORO;µg/L B;5600;560;705332;4207772;70042;TERCIARIO DE TORREVIEJA;Torrevieja;ALICANTE;748;TERCIARIO DE TORREVIEJA;TERCIARIO DE TORREVIEJA;320;Comunidad Valenciana;10
CA0748001;2022-10-25;BENCENO;BENCENO;µg/L;0;< 0,30;705332;4207772;70042;TERCIARIO DE TORREVIEJA;Torrevieja;ALICANTE;748;TERCIARIO DE TORREVIEJA;TERCIARIO DE TORREVIEJA;320;Comunidad Valenciana;10
CA0748001;2022-10-25;BICARB;BICARBONATOS;mg/L HCO3-;2300;230;705332;4207772;70042;TERCIARIO DE TORREVIEJA;Torrevieja;ALICANTE;748;TERCIARIO DE TORREVIEJA;TERCIARIO DE TORREVIEJA;320;Comunidad Valenciana;10
CA0748001;2022-10-25;BIFEN;BIFENOX;µg/L;0;< 0,00120;705332;4207772;70042;TERCIARIO DE TORREVIEJA;Torrevieja;ALICANTE;748;TERCIARIO DE TORREVIEJA;TERCIARIO DE TORREVIEJA;320;Comunidad Valenciana;10
CA0748001;2022-10-25;BRB;BROMOBENCENO;µg/L;0;< 1,0;705332;4207772;70042;TERCIARIO DE TORREVIEJA;Torrevieja;ALICANTE;748;TERCIARIO DE TORREVIEJA;TERCIARIO DE TORREVIEJA;320;Comunidad Valenciana;10
CA0748001;2022-10-25;BRFOSETIL;BROMOFOS ETIL;µg/L;0;< 0,010;705332;4207772;70042;TERCIARIO DE TORREVIEJA;Torrevieja;ALICANTE;748;TERCIARIO DE TORREVIEJA;TERCIARIO DE TORREVIEJA;320;Comunidad Valenciana;10
CA0748001;2022-10-25;CA;CALCIO;mg/L Ca;440;44;705332;4207772;70042;TERCIARIO DE TORREVIEJA;Torrevieja;ALICANTE;748;TERCIARIO DE TORREVIEJA;TERCIARIO DE TORREVIEJA;320;Comunidad Valenciana;10
CA0748001;2022-10-25;CD;CADMIO;µg/L Cd;0;< 0,02;705332;4207772;70042;TERCIARIO DE TORREVIEJA;Torrevieja;ALICANTE;748;TERCIARIO DE TORREVIEJA;TERCIARIO DE TORREVIEJA;320;Comunidad Valenciana;10
CA0748001;2022-10-25;CIB;CIBUTRINA;µg/L;0;< 0,002;705332;4207772;70042;TERCIARIO DE TORREVIEJA;Torrevieja;ALICANTE;748;TERCIARIO DE TORREVIEJA;TERCIARIO DE TORREVIEJA;320;Comunidad Valenciana;10
CA0748001;2022-10-25;CL;Cloruros;mg/L Cl;5260;526;705332;4207772;70042;TERCIARIO DE TORREVIEJA;Torrevieja;ALICANTE;748;TERCIARIO DE TORREVIEJA;TERCIARIO DE TORREVIEJA;320;Comunidad Valenciana;10
CA0748001;2022-10-25;CLF;Cloroformo (Triclorometano);µg/L;34;3,4;705332;4207772;70042;TERCIARIO DE TORREVIEJA;Torrevieja;ALICANTE;748;TERCIARIO DE TORREVIEJA;TERCIARIO DE TORREVIEJA;320;Comunidad Valenciana;10
CA0748001;2022-10-25;CLOROFENVINFOS;Clorfenvinfos;µg/L;0;< 0,010;705332;4207772;70042;TERCIARIO DE TORREVIEJA;Torrevieja;ALICANTE;748;TERCIARIO DE TORREVIEJA;TERCIARIO DE TORREVIEJA;320;Comunidad Valenciana;10
CA0748001;2022-10-25;CLOROPIRIFOS;Clorpirifos;µg/L;0;< 0,005;705332;4207772;70042;TERCIARIO DE TORREVIEJA;Torrevieja;ALICANTE;748;TERCIARIO DE TORREVIEJA;TERCIARIO DE TORREVIEJA;320;Comunidad Valenciana;10
CA0748001;2022-10-25;CLORPIRIPME;CLOROPIRIFOS-METIL;µg/L;0;< 0,0100;705332;4207772;70042;TERCIARIO DE TORREVIEJA;Torrevieja;ALICANTE;748;TERCIARIO DE TORREVIEJA;TERCIARIO DE TORREVIEJA;320;Comunidad Valenciana;10
CA0748001;2022-10-25;CLTO2;4-CLOROTOLUENO;µg/L;0;< 1,0;705332;4207772;70042;TERCIARIO DE TORREVIEJA;Torrevieja;ALICANTE;748;TERCIARIO DE TORREVIEJA;TERCIARIO DE TORREVIEJA;320;Comunidad Valenciana;10
CA0748001;2022-10-25;CLTOL;2-CLOROTOLUENO;µg/L;0;< 1,0;705332;4207772;70042;TERCIARIO DE TORREVIEJA;Torrevieja;ALICANTE;748;TERCIARIO DE TORREVIEJA;TERCIARIO DE TORREVIEJA;320;Comunidad Valenciana;10
CA0748001;2022-10-25;COND20SITU;Conductividad de campo (medida in situ);µS/cm;21680;2168;705332;4207772;70042;TERCIARIO DE TORREVIEJA;Torrevieja;ALICANTE;748;TERCIARIO DE TORREVIEJA;TERCIARIO DE TORREVIEJA;320;Comunidad Valenciana;10
CA0748001;2022-10-25;CR;CROMO;µg/L Cr;0;< 0,80;705332;4207772;70042;TERCIARIO DE TORREVIEJA;Torrevieja;ALICANTE;748;TERCIARIO DE TORREVIEJA;TERCIARIO DE TORREVIEJA;320;Comunidad Valenciana;10
CA0748001;2022-10-25;CU;COBRE;µg/L Cu;0;< 0,80;705332;4207772;70042;TERCIARIO DE TORREVIEJA;Torrevieja;ALICANTE;748;TERCIARIO DE TORREVIEJA;TERCIARIO DE TORREVIEJA;320;Comunidad Valenciana;10
CA0748001;2022-10-25;DCB-M;1,3-diclorobenceno (m-diclorobenceno);µg/L;0;< 1,0;705332;4207772;70042;TERCIARIO DE TORREVIEJA;Torrevieja;ALICANTE;748;TERCIARIO DE TORREVIEJA;TERCIARIO DE TORREVIEJA;320;Comunidad Valenciana;10
CA0748001;2022-10-25;DCB-P;1,4-diclorobenceno (p-diclorobenceno);µg/L;0;< 1,0;705332;4207772;70042;TERCIARIO DE TORREVIEJA;Torrevieja;ALICANTE;748;TERCIARIO DE TORREVIEJA;TERCIARIO DE TORREVIEJA;320;Comunidad Valenciana;10
CA0748001;2022-10-25;DCE;1,2-dicloroetano (EDC, cloruro de etileno);µg/L;0;< 1,0;705332;4207772;70042;TERCIARIO DE TORREVIEJA;Torrevieja;ALICANTE;748;TERCIARIO DE TORREVIEJA;TERCIARIO DE TORREVIEJA;320;Comunidad Valenciana;10
CA0748001;2022-10-25;DCV;DICLORVOS;µg/L;0;< 0,001;705332;4207772;70042;TERCIARIO DE TORREVIEJA;Torrevieja;ALICANTE;748;TERCIARIO DE TORREVIEJA;TERCIARIO DE TORREVIEJA;320;Comunidad Valenciana;10
CA0748001;2022-10-25;DDDPP;P,P'-DDD;µg/L;0;< 0,00025;705332;4207772;70042;TERCIARIO DE TORREVIEJA;Torrevieja;ALICANTE;748;TERCIARIO DE TORREVIEJA;TERCIARIO DE TORREVIEJA;320;Comunidad Valenciana;10
CA0748001;2022-10-25;DDEPP;P,P'-DDE;µg/L;0;< 0,00025;705332;4207772;70042;TERCIARIO DE TORREVIEJA;Torrevieja;ALICANTE;748;TERCIARIO DE TORREVIEJA;TERCIARIO DE TORREVIEJA;320;Comunidad Valenciana;10
CA0748001;2022-10-25;DDTOP;O,P'-DDT;µg/L;0;< 0,00025;705332;4207772;70042;TERCIARIO DE TORREVIEJA;Torrevieja;ALICANTE;748;TERCIARIO DE TORREVIEJA;TERCIARIO DE TORREVIEJA;320;Comunidad Valenciana;10
CA0748001;2022-10-25;DDTPP;P,P'-DDT;µg/L;0;< 0,00025;705332;4207772;70042;TERCIARIO DE TORREVIEJA;Torrevieja;ALICANTE;748;TERCIARIO DE TORREVIEJA;TERCIARIO DE TORREVIEJA;320;Comunidad Valenciana;10
CA0748001;2022-10-25;DIAZINON;DIAZINON;µg/L;0;< 0,010;705332;4207772;70042;TERCIARIO DE TORREVIEJA;Torrevieja;ALICANTE;748;TERCIARIO DE TORREVIEJA;TERCIARIO DE TORREVIEJA;320;Comunidad Valenciana;10
CA0748001;2022-10-25;DICLETE-CIS;CIS-1,2-DICLOROETENO;µg/L;0;< 1,0;705332;4207772;70042;TERCIARIO DE TORREVIEJA;Torrevieja;ALICANTE;748;TERCIARIO DE TORREVIEJA;TERCIARIO DE TORREVIEJA;320;Comunidad Valenciana;10
CA0748001;2022-10-25;DICOFOL;DICOFOL (P,P'-DICOFOL);µg/L;0;< 0,00039;705332;4207772;70042;TERCIARIO DE TORREVIEJA;Torrevieja;ALICANTE;748;TERCIARIO DE TORREVIEJA;TERCIARIO DE TORREVIEJA;320;Comunidad Valenciana;10
CA0748001;2022-10-25;DIELDRIN;Dieldrin;µg/L;0;< 0,00015;705332;4207772;70042;TERCIARIO DE TORREVIEJA;Torrevieja;ALICANTE;748;TERCIARIO DE TORREVIEJA;TERCIARIO DE TORREVIEJA;320;Comunidad Valenciana;10
CA0748001;2022-10-25;DIMETOATO;Dimetoato;µg/L;0;< 0,030;705332;4207772;70042;TERCIARIO DE TORREVIEJA;Torrevieja;ALICANTE;748;TERCIARIO DE TORREVIEJA;TERCIARIO DE TORREVIEJA;320;Comunidad Valenciana;10
CA0748001;2022-10-25;DIURON;DIURON;µg/L;0;< 0,050;705332;4207772;70042;TERCIARIO DE TORREVIEJA;Torrevieja;ALICANTE;748;TERCIARIO DE TORREVIEJA;TERCIARIO DE TORREVIEJA;320;Comunidad Valenciana;10
CA0748001;2022-10-25;DQO;DQO o Demanda Química de Oxígeno;mg/L O2;0;< 15;705332;4207772;70042;TERCIARIO DE TORREVIEJA;Torrevieja;ALICANTE;748;TERCIARIO DE TORREVIEJA;TERCIARIO DE TORREVIEJA;320;Comunidad Valenciana;10
CA0748001;2022-10-25;ENDOS;ENDOSULFAN (SUMA ISOMEROS ALFA+BETA);µg/L;0;< 0,00005;705332;4207772;70042;TERCIARIO DE TORREVIEJA;Torrevieja;ALICANTE;748;TERCIARIO DE TORREVIEJA;TERCIARIO DE TORREVIEJA;320;Comunidad Valenciana;10
CA0748001;2022-10-25;ENDOSULFAN;ALFA-ENDOSULFAN;µg/L;0;< 0,00005;705332;4207772;70042;TERCIARIO DE TORREVIEJA;Torrevieja;ALICANTE;748;TERCIARIO DE TORREVIEJA;TERCIARIO DE TORREVIEJA;320;Comunidad Valenciana;10
CA0748001;2022-10-25;ENDOSULFAN-BETA;BETA-ENDOSULFAN;µg/L;0;< 0,00005;705332;4207772;70042;TERCIARIO DE TORREVIEJA;Torrevieja;ALICANTE;748;TERCIARIO DE TORREVIEJA;TERCIARIO DE TORREVIEJA;320;Comunidad Valenciana;10
CA0748001;2022-10-25;ENDRIN;ENDRINA;µg/L;0;< 0,00150;705332;4207772;70042;TERCIARIO DE TORREVIEJA;Torrevieja;ALICANTE;748;TERCIARIO DE TORREVIEJA;TERCIARIO DE TORREVIEJA;320;Comunidad Valenciana;10
CA0748001;2022-10-25;ENDRINCE;Endrin cetona;µg/L;0;< 0,00025;705332;4207772;70042;TERCIARIO DE TORREVIEJA;Torrevieja;ALICANTE;748;TERCIARIO DE TORREVIEJA;TERCIARIO DE TORREVIEJA;320;Comunidad Valenciana;10
CA0748001;2022-10-25;ETBENCENO;Etilbenceno;µg/L;0;< 1,0;705332;4207772;70042;TERCIARIO DE TORREVIEJA;Torrevieja;ALICANTE;748;TERCIARIO DE TORREVIEJA;TERCIARIO DE TORREVIEJA;320;Comunidad Valenciana;10
CA0748001;2022-10-25;ETPARATION;Paration (paration etilo);µg/L;0;< 0,010;705332;4207772;70042;TERCIARIO DE TORREVIEJA;Torrevieja;ALICANTE;748;TERCIARIO DE TORREVIEJA;TERCIARIO DE TORREVIEJA;320;Comunidad Valenciana;10
CA0748001;2022-10-25;FE;HIERRO;µg/L;0;< 50;705332;4207772;70042;TERCIARIO DE TORREVIEJA;Torrevieja;ALICANTE;748;TERCIARIO DE TORREVIEJA;TERCIARIO DE TORREVIEJA;320;Comunidad Valenciana;10
CA0748001;2022-10-25;FENCLORFOS;FENCLORFOS;µg/L;0;< 0,010;705332;4207772;70042;TERCIARIO DE TORREVIEJA;Torrevieja;ALICANTE;748;TERCIARIO DE TORREVIEJA;TERCIARIO DE TORREVIEJA;320;Comunidad Valenciana;10
CA0748001;2022-10-25;FONO;FONOFOS;µg/L;0;< 0,010;705332;4207772;70042;TERCIARIO DE TORREVIEJA;Torrevieja;ALICANTE;748;TERCIARIO DE TORREVIEJA;TERCIARIO DE TORREVIEJA;320;Comunidad Valenciana;10
CA0748001;2022-10-25;HCB;Hexaclorobenceno (HCB, Perclorobenceno);µg/L;0;< 0,00250;705332;4207772;70042;TERCIARIO DE TORREVIEJA;Torrevieja;ALICANTE;748;TERCIARIO DE TORREVIEJA;TERCIARIO DE TORREVIEJA;320;Comunidad Valenciana;10
CA0748001;2022-10-25;HCBD;Hexaclorobutadieno (HCBD, Hexacloro-1,3-Butadieno);µg/L;0;< 0,060;705332;4207772;70042;TERCIARIO DE TORREVIEJA;Torrevieja;ALICANTE;748;TERCIARIO DE TORREVIEJA;TERCIARIO DE TORREVIEJA;320;Comunidad Valenciana;10
CA0748001;2022-10-25;HCHALFA;ALFA-HCH;µg/L;0;< 0,00005;705332;4207772;70042;TERCIARIO DE TORREVIEJA;Torrevieja;ALICANTE;748;TERCIARIO DE TORREVIEJA;TERCIARIO DE TORREVIEJA;320;Comunidad Valenciana;10
CA0748001;2022-10-25;HCHBETA;BETA-HCH;µg/L;0;< 0,00015;705332;4207772;70042;TERCIARIO DE TORREVIEJA;Torrevieja;ALICANTE;748;TERCIARIO DE TORREVIEJA;TERCIARIO DE TORREVIEJA;320;Comunidad Valenciana;10
CA0748001;2022-10-25;HCHDELTA;DELTA-HCH;µg/L;0;< 0,00015;705332;4207772;70042;TERCIARIO DE TORREVIEJA;Torrevieja;ALICANTE;748;TERCIARIO DE TORREVIEJA;TERCIARIO DE TORREVIEJA;320;Comunidad Valenciana;10
CA0748001;2022-10-25;HEPTACL;Heptacloro;µg/L;0;< 0,00005;705332;4207772;70042;TERCIARIO DE TORREVIEJA;Torrevieja;ALICANTE;748;TERCIARIO DE TORREVIEJA;TERCIARIO DE TORREVIEJA;320;Comunidad Valenciana;10
CA0748001;2022-10-25;HEPTACLEPO;EPOXIDO DE HEPTACLORO;µg/L;0;< 0,00005;705332;4207772;70042;TERCIARIO DE TORREVIEJA;Torrevieja;ALICANTE;748;TERCIARIO DE TORREVIEJA;TERCIARIO DE TORREVIEJA;320;Comunidad Valenciana;10
CA0748001;2022-10-25;HG;MERCURIO;µg/L Hg;0;< 0,045;705332;4207772;70042;TERCIARIO DE TORREVIEJA;Torrevieja;ALICANTE;748;TERCIARIO DE TORREVIEJA;TERCIARIO DE TORREVIEJA;320;Comunidad Valenciana;10
CA0748001;2022-10-25;IMAZALIL;IMAZALIL;µg/L;0;< 0,030;705332;4207772;70042;TERCIARIO DE TORREVIEJA;Torrevieja;ALICANTE;748;TERCIARIO DE TORREVIEJA;TERCIARIO DE TORREVIEJA;320;Comunidad Valenciana;10
CA0748001;2022-10-25;ISODRIN;Isodrin;µg/L;0;< 0,00010;705332;4207772;70042;TERCIARIO DE TORREVIEJA;Torrevieja;ALICANTE;748;TERCIARIO DE TORREVIEJA;TERCIARIO DE TORREVIEJA;320;Comunidad Valenciana;10
CA0748001;2022-10-25;ISOPROPB;Isopropilbenceno (cumeno);µg/L;0;< 1,0;705332;4207772;70042;TERCIARIO DE TORREVIEJA;Torrevieja;ALICANTE;748;TERCIARIO DE TORREVIEJA;TERCIARIO DE TORREVIEJA;320;Comunidad Valenciana;10
CA0748001;2022-10-25;ISOPROPILTO;4-ISOPROPILTOLUENO;µg/L;0;< 1,0;705332;4207772;70042;TERCIARIO DE TORREVIEJA;Torrevieja;ALICANTE;748;TERCIARIO DE TORREVIEJA;TERCIARIO DE TORREVIEJA;320;Comunidad Valenciana;10
CA0748001;2022-10-25;ISOPROTURON;Isoproturón;µg/L;0;< 0,050;705332;4207772;70042;TERCIARIO DE TORREVIEJA;Torrevieja;ALICANTE;748;TERCIARIO DE TORREVIEJA;TERCIARIO DE TORREVIEJA;320;Comunidad Valenciana;10
CA0748001;2022-10-25;K;POTASIO;mg/L K;200;20;705332;4207772;70042;TERCIARIO DE TORREVIEJA;Torrevieja;ALICANTE;748;TERCIARIO DE TORREVIEJA;TERCIARIO DE TORREVIEJA;320;Comunidad Valenciana;10
CA0748001;2022-10-25;LIND;GAMMA-HCH (LINDANO);µg/L;0;< 0,00025;705332;4207772;70042;TERCIARIO DE TORREVIEJA;Torrevieja;ALICANTE;748;TERCIARIO DE TORREVIEJA;TERCIARIO DE TORREVIEJA;320;Comunidad Valenciana;10
CA0748001;2022-10-25;MCB;Clorobenceno (monoclorobenceno);µg/L;0;< 1,0;705332;4207772;70042;TERCIARIO DE TORREVIEJA;Torrevieja;ALICANTE;748;TERCIARIO DE TORREVIEJA;TERCIARIO DE TORREVIEJA;320;Comunidad Valenciana;10
CA0748001;2022-10-25;METOLACLORO;Metolacloro;µg/L;0;< 0,01000;705332;4207772;70042;TERCIARIO DE TORREVIEJA;Torrevieja;ALICANTE;748;TERCIARIO DE TORREVIEJA;TERCIARIO DE TORREVIEJA;320;Comunidad Valenciana;10
CA0748001;2022-10-25;MG;MAGNESIO;mg/L Mg;350;35;705332;4207772;70042;TERCIARIO DE TORREVIEJA;Torrevieja;ALICANTE;748;TERCIARIO DE TORREVIEJA;TERCIARIO DE TORREVIEJA;320;Comunidad Valenciana;10
CA0748001;2022-10-25;MN;MANGANESO;µg/L Mn;0;< 5,0;705332;4207772;70042;TERCIARIO DE TORREVIEJA;Torrevieja;ALICANTE;748;TERCIARIO DE TORREVIEJA;TERCIARIO DE TORREVIEJA;320;Comunidad Valenciana;10
CA0748001;2022-10-25;;SODIO;mg/L Na;3860;> 200 (386)*;705332;4207772;70042;TERCIARIO DE TORREVIEJA;Torrevieja;ALICANTE;748;TERCIARIO DE TORREVIEJA;TERCIARIO DE TORREVIEJA;320;Comunidad Valenciana;10
CA0748001;2022-10-25;NAFTALENO;Naftaleno (naftalina);µg/L;0;< 0,30;705332;4207772;70042;TERCIARIO DE TORREVIEJA;Torrevieja;ALICANTE;748;TERCIARIO DE TORREVIEJA;TERCIARIO DE TORREVIEJA;320;Comunidad Valenciana;10
CA0748001;2022-10-25;N-BUB;N-BUTILBENCENO;µg/L;0;< 1,0;705332;4207772;70042;TERCIARIO DE TORREVIEJA;Torrevieja;ALICANTE;748;TERCIARIO DE TORREVIEJA;TERCIARIO DE TORREVIEJA;320;Comunidad Valenciana;10
CA0748001;2022-10-25;NH4;AMONIO;mg/L NH4;0;< 0,05;705332;4207772;70042;TERCIARIO DE TORREVIEJA;Torrevieja;ALICANTE;748;TERCIARIO DE TORREVIEJA;TERCIARIO DE TORREVIEJA;320;Comunidad Valenciana;10
CA0748001;2022-10-25;NI;NIQUEL;µg/L Ni;0;< 0,80;705332;4207772;70042;TERCIARIO DE TORREVIEJA;Torrevieja;ALICANTE;748;TERCIARIO DE TORREVIEJA;TERCIARIO DE TORREVIEJA;320;Comunidad Valenciana;10
CA0748001;2022-10-25;NO2;Nitritos;mg/L NO2;0;< 0,02;705332;4207772;70042;TERCIARIO DE TORREVIEJA;Torrevieja;ALICANTE;748;TERCIARIO DE TORREVIEJA;TERCIARIO DE TORREVIEJA;320;Comunidad Valenciana;10
CA0748001;2022-10-25;NO3;Nitratos;mg/L NO3;320;32;705332;4207772;70042;TERCIARIO DE TORREVIEJA;Torrevieja;ALICANTE;748;TERCIARIO DE TORREVIEJA;TERCIARIO DE TORREVIEJA;320;Comunidad Valenciana;10
CA0748001;2022-10-25;N-PROPILB;N-PROPILBENCENO;µg/L;0;< 1,0;705332;4207772;70042;TERCIARIO DE TORREVIEJA;Torrevieja;ALICANTE;748;TERCIARIO DE TORREVIEJA;TERCIARIO DE TORREVIEJA;320;Comunidad Valenciana;10
CA0748001;2022-10-25;NTOTAL;Nitrógeno total;mg/L N;80;8;705332;4207772;70042;TERCIARIO DE TORREVIEJA;Torrevieja;ALICANTE;748;TERCIARIO DE TORREVIEJA;TERCIARIO DE TORREVIEJA;320;Comunidad Valenciana;10
CA0748001;2022-10-25;O2 DTO;Oxigeno disuelto de campo (medida in situ);mg/L O2;804;8,04;705332;4207772;70042;TERCIARIO DE TORREVIEJA;Torrevieja;ALICANTE;748;TERCIARIO DE TORREVIEJA;TERCIARIO DE TORREVIEJA;320;Comunidad Valenciana;10
CA0748001;2022-10-25;O-DICLORO;1,2-diclorobenceno (o-diclorobenceno);µg/L;0;< 1,0;705332;4207772;70042;TERCIARIO DE TORREVIEJA;Torrevieja;ALICANTE;748;TERCIARIO DE TORREVIEJA;TERCIARIO DE TORREVIEJA;320;Comunidad Valenciana;10
CA0748001;2022-10-25;PAHEST;Estireno (etenilbenceno);µg/L;0;< 1,0;705332;4207772;70042;TERCIARIO DE TORREVIEJA;Torrevieja;ALICANTE;748;TERCIARIO DE TORREVIEJA;TERCIARIO DE TORREVIEJA;320;Comunidad Valenciana;10
CA0748001;2022-10-25;PB;PLOMO;µg/L Pb;0;< 0,30;705332;4207772;70042;TERCIARIO DE TORREVIEJA;Torrevieja;ALICANTE;748;TERCIARIO DE TORREVIEJA;TERCIARIO DE TORREVIEJA;320;Comunidad Valenciana;10
CA0748001;2022-10-25;PER;Tetracloroetileno (PER, Percloroetileno);µg/L;0;< 1,0;705332;4207772;70042;TERCIARIO DE TORREVIEJA;Torrevieja;ALICANTE;748;TERCIARIO DE TORREVIEJA;TERCIARIO DE TORREVIEJA;320;Comunidad Valenciana;10
CA0748001;2022-10-25;PHSITU;pH de campo (medida in situ);udpH;733;7,33 (21.8ºC);705332;4207772;70042;TERCIARIO DE TORREVIEJA;Torrevieja;ALICANTE;748;TERCIARIO DE TORREVIEJA;TERCIARIO DE TORREVIEJA;320;Comunidad Valenciana;10
CA0748001;2022-10-25;PIRIMICARB;PIRIMICARB;µg/L;0;< 0,050;705332;4207772;70042;TERCIARIO DE TORREVIEJA;Torrevieja;ALICANTE;748;TERCIARIO DE TORREVIEJA;TERCIARIO DE TORREVIEJA;320;Comunidad Valenciana;10
CA0748001;2022-10-25;PO4;Fosfatos;mg/L PO4;0;< 0,04;705332;4207772;70042;TERCIARIO DE TORREVIEJA;Torrevieja;ALICANTE;748;TERCIARIO DE TORREVIEJA;TERCIARIO DE TORREVIEJA;320;Comunidad Valenciana;10
CA0748001;2022-10-25;PROMETRINA;Prometrina;µg/L;0;< 0,050;705332;4207772;70042;TERCIARIO DE TORREVIEJA;Torrevieja;ALICANTE;748;TERCIARIO DE TORREVIEJA;TERCIARIO DE TORREVIEJA;320;Comunidad Valenciana;10
CA0748001;2022-10-25;PROPAZINA;Propazina;µg/L;0;< 0,050;705332;4207772;70042;TERCIARIO DE TORREVIEJA;Torrevieja;ALICANTE;748;TERCIARIO DE TORREVIEJA;TERCIARIO DE TORREVIEJA;320;Comunidad Valenciana;10
CA0748001;2022-10-25;PROPIZAMIDA;PROPIZAMIDA;µg/L;0;< 0,050;705332;4207772;70042;TERCIARIO DE TORREVIEJA;Torrevieja;ALICANTE;748;TERCIARIO DE TORREVIEJA;TERCIARIO DE TORREVIEJA;320;Comunidad Valenciana;10
CA0748001;2022-10-25;PTOTAL;FOSFORO TOTAL;mg/L P;0;< 0,050;705332;4207772;70042;TERCIARIO DE TORREVIEJA;Torrevieja;ALICANTE;748;TERCIARIO DE TORREVIEJA;TERCIARIO DE TORREVIEJA;320;Comunidad Valenciana;10
CA0748001;2022-10-25;QUI;Quinoxifeno;µg/L;0;< 0,00200;705332;4207772;70042;TERCIARIO DE TORREVIEJA;Torrevieja;ALICANTE;748;TERCIARIO DE TORREVIEJA;TERCIARIO DE TORREVIEJA;320;Comunidad Valenciana;10
CA0748001;2022-10-25;SATINSI;Porcentaje de saturación de oxígeno disuelto de campo (medido in situ);% O2;915;91,5;705332;4207772;70042;TERCIARIO DE TORREVIEJA;Torrevieja;ALICANTE;748;TERCIARIO DE TORREVIEJA;TERCIARIO DE TORREVIEJA;320;Comunidad Valenciana;10
CA0748001;2022-10-25;S-DDD-DDT;Suma p,p´-DDD + o,p´-DDT;µg/L;0;< 0,00050;705332;4207772;70042;TERCIARIO DE TORREVIEJA;Torrevieja;ALICANTE;748;TERCIARIO DE TORREVIEJA;TERCIARIO DE TORREVIEJA;320;Comunidad Valenciana;10
CA0748001;2022-10-25;SE;SELENIO;µg/L Se;17;1,7;705332;4207772;70042;TERCIARIO DE TORREVIEJA;Torrevieja;ALICANTE;748;TERCIARIO DE TORREVIEJA;TERCIARIO DE TORREVIEJA;320;Comunidad Valenciana;10
CA0748001;2022-10-25;SECBUTB;SEC-BUTILBENCENO;µg/L;0;< 1,0;705332;4207772;70042;TERCIARIO DE TORREVIEJA;Torrevieja;ALICANTE;748;TERCIARIO DE TORREVIEJA;TERCIARIO DE TORREVIEJA;320;Comunidad Valenciana;10
CA0748001;2022-10-25;SIMAZINA;Simazina;µg/L;0;< 0,050;705332;4207772;70042;TERCIARIO DE TORREVIEJA;Torrevieja;ALICANTE;748;TERCIARIO DE TORREVIEJA;TERCIARIO DE TORREVIEJA;320;Comunidad Valenciana;10
CA0748001;2022-10-25;SUMAXILENO;Xileno (dimetilbenceno) (suma o-, m- y p-xileno);µg/L;0;< 3,0;705332;4207772;70042;TERCIARIO DE TORREVIEJA;Torrevieja;ALICANTE;748;TERCIARIO DE TORREVIEJA;TERCIARIO DE TORREVIEJA;320;Comunidad Valenciana;10
CA0748001;2022-10-25;SUMCIPER;CIPERMETRINA (SUMA ISOMEROS ALFA+BETA+TETA+ZETA);µg/L;0;< 0,00008;705332;4207772;70042;TERCIARIO DE TORREVIEJA;Torrevieja;ALICANTE;748;TERCIARIO DE TORREVIEJA;TERCIARIO DE TORREVIEJA;320;Comunidad Valenciana;10
CA0748001;2022-10-25;SUMDCB;Diclorobenceno (suma isómeros);µg/L;0;< 3,0;705332;4207772;70042;TERCIARIO DE TORREVIEJA;Torrevieja;ALICANTE;748;TERCIARIO DE TORREVIEJA;TERCIARIO DE TORREVIEJA;320;Comunidad Valenciana;10
CA0748001;2022-10-25;SUMDDT;DDT TOTAL (SUMA P,P'-DDT+O,P'-DDT+P,P'-DDE+P,P'-DDD);µg/L;0;< 0,00100;705332;4207772;70042;TERCIARIO DE TORREVIEJA;Torrevieja;ALICANTE;748;TERCIARIO DE TORREVIEJA;TERCIARIO DE TORREVIEJA;320;Comunidad Valenciana;10
CA0748001;2022-10-25;SUMHCH;HEXACLOROCICLOHEXANO (HCH) (SUMA ISOMEROS);µg/L;0;< 0,00060;705332;4207772;70042;TERCIARIO DE TORREVIEJA;Torrevieja;ALICANTE;748;TERCIARIO DE TORREVIEJA;TERCIARIO DE TORREVIEJA;320;Comunidad Valenciana;10
CA0748001;2022-10-25;SUMTCBEN;"Triclorobenceno (suma isómeros 1,2,3-; 1,2,4- y 1,3,5- TCB)";µg/L;0;< 0,18;705332;4207772;70042;TERCIARIO DE TORREVIEJA;Torrevieja;ALICANTE;748;TERCIARIO DE TORREVIEJA;TERCIARIO DE TORREVIEJA;320;Comunidad Valenciana;10
CA0748001;2022-10-25;SUO4;Sulfatos;mg/L SO4;1490;149;705332;4207772;70042;TERCIARIO DE TORREVIEJA;Torrevieja;ALICANTE;748;TERCIARIO DE TORREVIEJA;TERCIARIO DE TORREVIEJA;320;Comunidad Valenciana;10
CA0748001;2022-10-25;TAGUA;"TEMPERATURA ""IN SITU""";ºC;218;21,8;705332;4207772;70042;TERCIARIO DE TORREVIEJA;Torrevieja;ALICANTE;748;TERCIARIO DE TORREVIEJA;TERCIARIO DE TORREVIEJA;320;Comunidad Valenciana;10
CA0748001;2022-10-25;TBUTB;TERC-BUTILBENCENO;µg/L;0;< 1,0;705332;4207772;70042;TERCIARIO DE TORREVIEJA;Torrevieja;ALICANTE;748;TERCIARIO DE TORREVIEJA;TERCIARIO DE TORREVIEJA;320;Comunidad Valenciana;10
CA0748001;2022-10-25;TCB123;1,2,3-Triclorobenceno;µg/L;0;< 0,060;705332;4207772;70042;TERCIARIO DE TORREVIEJA;Torrevieja;ALICANTE;748;TERCIARIO DE TORREVIEJA;TERCIARIO DE TORREVIEJA;320;Comunidad Valenciana;10
CA0748001;2022-10-25;TCB124;1,2,4-Triclorobenceno;µg/L;0;< 0,060;705332;4207772;70042;TERCIARIO DE TORREVIEJA;Torrevieja;ALICANTE;748;TERCIARIO DE TORREVIEJA;TERCIARIO DE TORREVIEJA;320;Comunidad Valenciana;10
CA0748001;2022-10-25;TCB135;1,3,5-Triclorobenceno;µg/L;0;< 0,060;705332;4207772;70042;TERCIARIO DE TORREVIEJA;Torrevieja;ALICANTE;748;TERCIARIO DE TORREVIEJA;TERCIARIO DE TORREVIEJA;320;Comunidad Valenciana;10
CA0748001;2022-10-25;TCE;1,1,1-TRICLOROETANO;µg/L;0;< 1,0;705332;4207772;70042;TERCIARIO DE TORREVIEJA;Torrevieja;ALICANTE;748;TERCIARIO DE TORREVIEJA;TERCIARIO DE TORREVIEJA;320;Comunidad Valenciana;10
CA0748001;2022-10-25;TERAZ;Terbutilazina;µg/L;0;< 0,010;705332;4207772;70042;TERCIARIO DE TORREVIEJA;Torrevieja;ALICANTE;748;TERCIARIO DE TORREVIEJA;TERCIARIO DE TORREVIEJA;320;Comunidad Valenciana;10
CA0748001;2022-10-25;TERBUTRINA;Terbutrina;µg/L;0;< 0,050;705332;4207772;70042;TERCIARIO DE TORREVIEJA;Torrevieja;ALICANTE;748;TERCIARIO DE TORREVIEJA;TERCIARIO DE TORREVIEJA;320;Comunidad Valenciana;10
CA0748001;2022-10-25;TETRA;Tetracloruro de carbono (Tetraclorometano, Perclorometano);µg/L;0;< 1,0;705332;4207772;70042;TERCIARIO DE TORREVIEJA;Torrevieja;ALICANTE;748;TERCIARIO DE TORREVIEJA;TERCIARIO DE TORREVIEJA;320;Comunidad Valenciana;10
CA0748001;2022-10-25;TETRTRI;Tricloroetileno + Tetracloroetileno (Percloroetileno);µg/L;0;< 2,0;705332;4207772;70042;TERCIARIO DE TORREVIEJA;Torrevieja;ALICANTE;748;TERCIARIO DE TORREVIEJA;TERCIARIO DE TORREVIEJA;320;Comunidad Valenciana;10
CA0748001;2022-10-25;THMBR;DIBROMOMETANO;µg/L;0;< 1,0;705332;4207772;70042;TERCIARIO DE TORREVIEJA;Torrevieja;ALICANTE;748;TERCIARIO DE TORREVIEJA;TERCIARIO DE TORREVIEJA;320;Comunidad Valenciana;10
CA0748001;2022-10-25;THMBR2CL;Bromodiclorometano;µg/l;0;< 1,0;705332;4207772;70042;TERCIARIO DE TORREVIEJA;Torrevieja;ALICANTE;748;TERCIARIO DE TORREVIEJA;TERCIARIO DE TORREVIEJA;320;Comunidad Valenciana;10
CA0748001;2022-10-25;THMBRCL;BROMOCLOROMETANO;µg/L;0;< 1,0;705332;4207772;70042;TERCIARIO DE TORREVIEJA;Torrevieja;ALICANTE;748;TERCIARIO DE TORREVIEJA;TERCIARIO DE TORREVIEJA;320;Comunidad Valenciana;10
CA0748001;2022-10-25;THMBRCL2;DIBROMOCLOROMETANO (Trihalometanos);µg/L;0;< 1,0;705332;4207772;70042;TERCIARIO DE TORREVIEJA;Torrevieja;ALICANTE;748;TERCIARIO DE TORREVIEJA;TERCIARIO DE TORREVIEJA;320;Comunidad Valenciana;10
CA0748001;2022-10-25;THMBRF;BROMOFORMO;µg/L;0;< 1,0;705332;4207772;70042;TERCIARIO DE TORREVIEJA;Torrevieja;ALICANTE;748;TERCIARIO DE TORREVIEJA;TERCIARIO DE TORREVIEJA;320;Comunidad Valenciana;10
CA0748001;2022-10-25;THMDCM;DICLOROMETANO;µg/L;0;< 20;705332;4207772;70042;TERCIARIO DE TORREVIEJA;Torrevieja;ALICANTE;748;TERCIARIO DE TORREVIEJA;TERCIARIO DE TORREVIEJA;320;Comunidad Valenciana;10
CA0748001;2022-10-25;TMB1;1,2,4-trimetilbenceno;µg/l;0;< 1,0;705332;4207772;70042;TERCIARIO DE TORREVIEJA;Torrevieja;ALICANTE;748;TERCIARIO DE TORREVIEJA;TERCIARIO DE TORREVIEJA;320;Comunidad Valenciana;10
CA0748001;2022-10-25;TMB2;1,3,5-TRIMETILBENCENO;µg/L;0;< 1,0;705332;4207772;70042;TERCIARIO DE TORREVIEJA;Torrevieja;ALICANTE;748;TERCIARIO DE TORREVIEJA;TERCIARIO DE TORREVIEJA;320;Comunidad Valenciana;10
CA0748001;2022-10-25;TOL;Tolueno (Metilbenceno);µg/L;0;< 1,0;705332;4207772;70042;TERCIARIO DE TORREVIEJA;Torrevieja;ALICANTE;748;TERCIARIO DE TORREVIEJA;TERCIARIO DE TORREVIEJA;320;Comunidad Valenciana;10
CA0748001;2022-10-25;TRIAZO_2;TRIAZOFOS;µg/L;0;< 0,010;705332;4207772;70042;TERCIARIO DE TORREVIEJA;Torrevieja;ALICANTE;748;TERCIARIO DE TORREVIEJA;TERCIARIO DE TORREVIEJA;320;Comunidad Valenciana;10
CA0748001;2022-10-25;TRICLOET;Tricloroetileno (TRI);µg/L;0;< 1,0;705332;4207772;70042;TERCIARIO DE TORREVIEJA;Torrevieja;ALICANTE;748;TERCIARIO DE TORREVIEJA;TERCIARIO DE TORREVIEJA;320;Comunidad Valenciana;10
CA0748001;2022-10-25;TRIFLURALINA;Trifluralina;µg/L;0;< 0,006;705332;4207772;70042;TERCIARIO DE TORREVIEJA;Torrevieja;ALICANTE;748;TERCIARIO DE TORREVIEJA;TERCIARIO DE TORREVIEJA;320;Comunidad Valenciana;10
CA0748001;2022-10-25;XILM+P;SUMA M+P XILENO;µg/L;0;< 2,0;705332;4207772;70042;TERCIARIO DE TORREVIEJA;Torrevieja;ALICANTE;748;TERCIARIO DE TORREVIEJA;TERCIARIO DE TORREVIEJA;320;Comunidad Valenciana;10
CA0748001;2022-10-25;XIL-O;O-XILENO;µg/L;0;< 1,0;705332;4207772;70042;TERCIARIO DE TORREVIEJA;Torrevieja;ALICANTE;748;TERCIARIO DE TORREVIEJA;TERCIARIO DE TORREVIEJA;320;Comunidad Valenciana;10
CA0748001;2022-10-25;ZN;ZINC;µg/l Zn;130;13;705332;4207772;70042;TERCIARIO DE TORREVIEJA;Torrevieja;ALICANTE;748;TERCIARIO DE TORREVIEJA;TERCIARIO DE TORREVIEJA;320;Comunidad Valenciana;10
CA0748001;2023-02-20;ACLONIFE;ACLONIFENO;µg/L;0;< 0,00200;705332;4207772;70042;TERCIARIO DE TORREVIEJA;Torrevieja;ALICANTE;748;TERCIARIO DE TORREVIEJA;TERCIARIO DE TORREVIEJA;320;Comunidad Valenciana;2
CA0748001;2023-02-20;ALACLORO;ALACLORO;µg/L;0;< 0,01000;705332;4207772;70042;TERCIARIO DE TORREVIEJA;Torrevieja;ALICANTE;748;TERCIARIO DE TORREVIEJA;TERCIARIO DE TORREVIEJA;320;Comunidad Valenciana;2
CA0748001;2023-02-20;ALDRIN;ALDRINA;µg/L;0;< 0,00025;705332;4207772;70042;TERCIARIO DE TORREVIEJA;Torrevieja;ALICANTE;748;TERCIARIO DE TORREVIEJA;TERCIARIO DE TORREVIEJA;320;Comunidad Valenciana;2
CA0748001;2023-02-20;ATRAZINA;ATRAZINA;µg/L;0;< 0,010;705332;4207772;70042;TERCIARIO DE TORREVIEJA;Torrevieja;ALICANTE;748;TERCIARIO DE TORREVIEJA;TERCIARIO DE TORREVIEJA;320;Comunidad Valenciana;2
CA0748001;2023-02-20;BICARB;BICARBONATOS;mg/L HCO3-;1690;169;705332;4207772;70042;TERCIARIO DE TORREVIEJA;Torrevieja;ALICANTE;748;TERCIARIO DE TORREVIEJA;TERCIARIO DE TORREVIEJA;320;Comunidad Valenciana;2
CA0748001;2023-02-20;BIFEN;BIFENOX;µg/L;0;< 0,00120;705332;4207772;70042;TERCIARIO DE TORREVIEJA;Torrevieja;ALICANTE;748;TERCIARIO DE TORREVIEJA;TERCIARIO DE TORREVIEJA;320;Comunidad Valenciana;2
CA0748001;2023-02-20;BRFOSETIL;BROMOFOS ETIL;µg/L;0;< 0,010;705332;4207772;70042;TERCIARIO DE TORREVIEJA;Torrevieja;ALICANTE;748;TERCIARIO DE TORREVIEJA;TERCIARIO DE TORREVIEJA;320;Comunidad Valenciana;2
CA0748001;2023-02-20;CA;CALCIO;mg/L Ca;600;60;705332;4207772;70042;TERCIARIO DE TORREVIEJA;Torrevieja;ALICANTE;748;TERCIARIO DE TORREVIEJA;TERCIARIO DE TORREVIEJA;320;Comunidad Valenciana;2
CA0748001;2023-02-20;CIB;CIBUTRINA;µg/L;0;< 0,002;705332;4207772;70042;TERCIARIO DE TORREVIEJA;Torrevieja;ALICANTE;748;TERCIARIO DE TORREVIEJA;TERCIARIO DE TORREVIEJA;320;Comunidad Valenciana;2
CA0748001;2023-02-20;CL;Cloruros;mg/L Cl;2100;210;705332;4207772;70042;TERCIARIO DE TORREVIEJA;Torrevieja;ALICANTE;748;TERCIARIO DE TORREVIEJA;TERCIARIO DE TORREVIEJA;320;Comunidad Valenciana;2
CA0748001;2023-02-20;CLORDANOCIS;CIS-CLORDANO;µg/L;0;< 0,00025;705332;4207772;70042;TERCIARIO DE TORREVIEJA;Torrevieja;ALICANTE;748;TERCIARIO DE TORREVIEJA;TERCIARIO DE TORREVIEJA;320;Comunidad Valenciana;2
CA0748001;2023-02-20;CLORDANOTR;TRANS-CLORDANO;µg/L;0;< 0,00025;705332;4207772;70042;TERCIARIO DE TORREVIEJA;Torrevieja;ALICANTE;748;TERCIARIO DE TORREVIEJA;TERCIARIO DE TORREVIEJA;320;Comunidad Valenciana;2
CA0748001;2023-02-20;CLOROFENVINFOS;Clorfenvinfos;µg/L;0;< 0,010;705332;4207772;70042;TERCIARIO DE TORREVIEJA;Torrevieja;ALICANTE;748;TERCIARIO DE TORREVIEJA;TERCIARIO DE TORREVIEJA;320;Comunidad Valenciana;2
CA0748001;2023-02-20;CLOROPIRIFOS;Clorpirifos;µg/L;0;< 0,005;705332;4207772;70042;TERCIARIO DE TORREVIEJA;Torrevieja;ALICANTE;748;TERCIARIO DE TORREVIEJA;TERCIARIO DE TORREVIEJA;320;Comunidad Valenciana;2
CA0748001;2023-02-20;CLORPIRIPME;CLOROPIRIFOS-METIL;µg/L;0;< 0,010;705332;4207772;70042;TERCIARIO DE TORREVIEJA;Torrevieja;ALICANTE;748;TERCIARIO DE TORREVIEJA;TERCIARIO DE TORREVIEJA;320;Comunidad Valenciana;2
CA0748001;2023-02-20;COND20SITU;Conductividad de campo (medida in situ);µS/cm;11190;1119;705332;4207772;70042;TERCIARIO DE TORREVIEJA;Torrevieja;ALICANTE;748;TERCIARIO DE TORREVIEJA;TERCIARIO DE TORREVIEJA;320;Comunidad Valenciana;2
CA0748001;2023-02-20;DCV;DICLORVOS;µg/L;0;< 0,00060;705332;4207772;70042;TERCIARIO DE TORREVIEJA;Torrevieja;ALICANTE;748;TERCIARIO DE TORREVIEJA;TERCIARIO DE TORREVIEJA;320;Comunidad Valenciana;2
CA0748001;2023-02-20;DDDPP;P,P'-DDD;µg/L;0;< 0,00025;705332;4207772;70042;TERCIARIO DE TORREVIEJA;Torrevieja;ALICANTE;748;TERCIARIO DE TORREVIEJA;TERCIARIO DE TORREVIEJA;320;Comunidad Valenciana;2
CA0748001;2023-02-20;DDEPP;P,P'-DDE;µg/L;0;< 0,00025;705332;4207772;70042;TERCIARIO DE TORREVIEJA;Torrevieja;ALICANTE;748;TERCIARIO DE TORREVIEJA;TERCIARIO DE TORREVIEJA;320;Comunidad Valenciana;2
CA0748001;2023-02-20;DDTOP;O,P'-DDT;µg/L;0;< 0,00025;705332;4207772;70042;TERCIARIO DE TORREVIEJA;Torrevieja;ALICANTE;748;TERCIARIO DE TORREVIEJA;TERCIARIO DE TORREVIEJA;320;Comunidad Valenciana;2
CA0748001;2023-02-20;DDTPP;P,P'-DDT;µg/L;0;< 0,00025;705332;4207772;70042;TERCIARIO DE TORREVIEJA;Torrevieja;ALICANTE;748;TERCIARIO DE TORREVIEJA;TERCIARIO DE TORREVIEJA;320;Comunidad Valenciana;2
CA0748001;2023-02-20;DIAZINON;DIAZINON;µg/L;0;< 0,010;705332;4207772;70042;TERCIARIO DE TORREVIEJA;Torrevieja;ALICANTE;748;TERCIARIO DE TORREVIEJA;TERCIARIO DE TORREVIEJA;320;Comunidad Valenciana;2
CA0748001;2023-02-20;DICOFOL;DICOFOL (P,P'-DICOFOL);µg/L;0;< 0,00039;705332;4207772;70042;TERCIARIO DE TORREVIEJA;Torrevieja;ALICANTE;748;TERCIARIO DE TORREVIEJA;TERCIARIO DE TORREVIEJA;320;Comunidad Valenciana;2
CA0748001;2023-02-20;DIELDRIN;Dieldrin;µg/L;0;< 0,00015;705332;4207772;70042;TERCIARIO DE TORREVIEJA;Torrevieja;ALICANTE;748;TERCIARIO DE TORREVIEJA;TERCIARIO DE TORREVIEJA;320;Comunidad Valenciana;2
CA0748001;2023-02-20;DIURON;DIURON;µg/L;0;< 0,030;705332;4207772;70042;TERCIARIO DE TORREVIEJA;Torrevieja;ALICANTE;748;TERCIARIO DE TORREVIEJA;TERCIARIO DE TORREVIEJA;320;Comunidad Valenciana;2
CA0748001;2023-02-20;DQO;DQO o Demanda Química de Oxígeno;mg/L O2;0;< 15;705332;4207772;70042;TERCIARIO DE TORREVIEJA;Torrevieja;ALICANTE;748;TERCIARIO DE TORREVIEJA;TERCIARIO DE TORREVIEJA;320;Comunidad Valenciana;2
CA0748001;2023-02-20;ENDOS;ENDOSULFAN (SUMA ISOMEROS ALFA+BETA);µg/L;0;< 0,00010;705332;4207772;70042;TERCIARIO DE TORREVIEJA;Torrevieja;ALICANTE;748;TERCIARIO DE TORREVIEJA;TERCIARIO DE TORREVIEJA;320;Comunidad Valenciana;2
CA0748001;2023-02-20;ENDOSULFAN;ALFA-ENDOSULFAN;µg/L;0;< 0,00005;705332;4207772;70042;TERCIARIO DE TORREVIEJA;Torrevieja;ALICANTE;748;TERCIARIO DE TORREVIEJA;TERCIARIO DE TORREVIEJA;320;Comunidad Valenciana;2
CA0748001;2023-02-20;ENDOSULFAN-BETA;BETA-ENDOSULFAN;µg/L;0;< 0,00005;705332;4207772;70042;TERCIARIO DE TORREVIEJA;Torrevieja;ALICANTE;748;TERCIARIO DE TORREVIEJA;TERCIARIO DE TORREVIEJA;320;Comunidad Valenciana;2
CA0748001;2023-02-20;ENDOSULSO4;ENDOSULFAN SULFATO;µg/L;0;< 0,00005;705332;4207772;70042;TERCIARIO DE TORREVIEJA;Torrevieja;ALICANTE;748;TERCIARIO DE TORREVIEJA;TERCIARIO DE TORREVIEJA;320;Comunidad Valenciana;2
CA0748001;2023-02-20;ENDRIN;ENDRINA;µg/L;0;< 0,00150;705332;4207772;70042;TERCIARIO DE TORREVIEJA;Torrevieja;ALICANTE;748;TERCIARIO DE TORREVIEJA;TERCIARIO DE TORREVIEJA;320;Comunidad Valenciana;2
CA0748001;2023-02-20;ENDRINCE;Endrin cetona;µg/L;0;< 0,00025;705332;4207772;70042;TERCIARIO DE TORREVIEJA;Torrevieja;ALICANTE;748;TERCIARIO DE TORREVIEJA;TERCIARIO DE TORREVIEJA;320;Comunidad Valenciana;2
CA0748001;2023-02-20;ETPARATION;Paration (paration etilo);µg/L;0;< 0,010;705332;4207772;70042;TERCIARIO DE TORREVIEJA;Torrevieja;ALICANTE;748;TERCIARIO DE TORREVIEJA;TERCIARIO DE TORREVIEJA;320;Comunidad Valenciana;2
CA0748001;2023-02-20;FENCLORFOS;FENCLORFOS;µg/L;0;< 0,010;705332;4207772;70042;TERCIARIO DE TORREVIEJA;Torrevieja;ALICANTE;748;TERCIARIO DE TORREVIEJA;TERCIARIO DE TORREVIEJA;320;Comunidad Valenciana;2
CA0748001;2023-02-20;FONO;FONOFOS;µg/L;0;< 0,010;705332;4207772;70042;TERCIARIO DE TORREVIEJA;Torrevieja;ALICANTE;748;TERCIARIO DE TORREVIEJA;TERCIARIO DE TORREVIEJA;320;Comunidad Valenciana;2
CA0748001;2023-02-20;HCB;Hexaclorobenceno (HCB, Perclorobenceno);µg/L;0;< 0,00250;705332;4207772;70042;TERCIARIO DE TORREVIEJA;Torrevieja;ALICANTE;748;TERCIARIO DE TORREVIEJA;TERCIARIO DE TORREVIEJA;320;Comunidad Valenciana;2
CA0748001;2023-02-20;HCHALFA;ALFA-HCH;µg/L;0;< 0,00005;705332;4207772;70042;TERCIARIO DE TORREVIEJA;Torrevieja;ALICANTE;748;TERCIARIO DE TORREVIEJA;TERCIARIO DE TORREVIEJA;320;Comunidad Valenciana;2
CA0748001;2023-02-20;HCHBETA;BETA-HCH;µg/L;0;< 0,00015;705332;4207772;70042;TERCIARIO DE TORREVIEJA;Torrevieja;ALICANTE;748;TERCIARIO DE TORREVIEJA;TERCIARIO DE TORREVIEJA;320;Comunidad Valenciana;2
CA0748001;2023-02-20;HCHDELTA;DELTA-HCH;µg/L;0;< 0,00015;705332;4207772;70042;TERCIARIO DE TORREVIEJA;Torrevieja;ALICANTE;748;TERCIARIO DE TORREVIEJA;TERCIARIO DE TORREVIEJA;320;Comunidad Valenciana;2
CA0748001;2023-02-20;HEPTACL;Heptacloro;µg/L;0;< 0,00005;705332;4207772;70042;TERCIARIO DE TORREVIEJA;Torrevieja;ALICANTE;748;TERCIARIO DE TORREVIEJA;TERCIARIO DE TORREVIEJA;320;Comunidad Valenciana;2
CA0748001;2023-02-20;HEPTACLEPO;EPOXIDO DE HEPTACLORO;µg/L;0;< 0,00005;705332;4207772;70042;TERCIARIO DE TORREVIEJA;Torrevieja;ALICANTE;748;TERCIARIO DE TORREVIEJA;TERCIARIO DE TORREVIEJA;320;Comunidad Valenciana;2
CA0748001;2023-02-20;IMAZALIL;IMAZALIL;µg/L;0;< 0,030;705332;4207772;70042;TERCIARIO DE TORREVIEJA;Torrevieja;ALICANTE;748;TERCIARIO DE TORREVIEJA;TERCIARIO DE TORREVIEJA;320;Comunidad Valenciana;2
CA0748001;2023-02-20;ISODRIN;Isodrin;µg/L;0;< 0,00010;705332;4207772;70042;TERCIARIO DE TORREVIEJA;Torrevieja;ALICANTE;748;TERCIARIO DE TORREVIEJA;TERCIARIO DE TORREVIEJA;320;Comunidad Valenciana;2
CA0748001;2023-02-20;ISOPROTURON;Isoproturón;µg/L;0;< 0,030;705332;4207772;70042;TERCIARIO DE TORREVIEJA;Torrevieja;ALICANTE;748;TERCIARIO DE TORREVIEJA;TERCIARIO DE TORREVIEJA;320;Comunidad Valenciana;2
CA0748001;2023-02-20;K;POTASIO;mg/L K;44;4,4;705332;4207772;70042;TERCIARIO DE TORREVIEJA;Torrevieja;ALICANTE;748;TERCIARIO DE TORREVIEJA;TERCIARIO DE TORREVIEJA;320;Comunidad Valenciana;2
CA0748001;2023-02-20;LIND;GAMMA-HCH (LINDANO);µg/L;0;< 0,00025;705332;4207772;70042;TERCIARIO DE TORREVIEJA;Torrevieja;ALICANTE;748;TERCIARIO DE TORREVIEJA;TERCIARIO DE TORREVIEJA;320;Comunidad Valenciana;2
CA0748001;2023-02-20;METOLACLORO;Metolacloro;µg/L;0;< 0,01000;705332;4207772;70042;TERCIARIO DE TORREVIEJA;Torrevieja;ALICANTE;748;TERCIARIO DE TORREVIEJA;TERCIARIO DE TORREVIEJA;320;Comunidad Valenciana;2
CA0748001;2023-02-20;METOXICLORO;Metoxicloro;µg/L;0;< 0,00025;705332;4207772;70042;TERCIARIO DE TORREVIEJA;Torrevieja;ALICANTE;748;TERCIARIO DE TORREVIEJA;TERCIARIO DE TORREVIEJA;320;Comunidad Valenciana;2
CA0748001;2023-02-20;METRIBUZINA;METRIBUZINA;µg/L;0;< 0,030;705332;4207772;70042;TERCIARIO DE TORREVIEJA;Torrevieja;ALICANTE;748;TERCIARIO DE TORREVIEJA;TERCIARIO DE TORREVIEJA;320;Comunidad Valenciana;2
CA0748001;2023-02-20;MG;MAGNESIO;mg/L Mg;230;23;705332;4207772;70042;TERCIARIO DE TORREVIEJA;Torrevieja;ALICANTE;748;TERCIARIO DE TORREVIEJA;TERCIARIO DE TORREVIEJA;320;Comunidad Valenciana;2
CA0748001;2023-02-20;;SODIO;mg/L Na;1190;119;705332;4207772;70042;TERCIARIO DE TORREVIEJA;Torrevieja;ALICANTE;748;TERCIARIO DE TORREVIEJA;TERCIARIO DE TORREVIEJA;320;Comunidad Valenciana;2
CA0748001;2023-02-20;NH4;AMONIO;mg/L NH4;0;< 0,05;705332;4207772;70042;TERCIARIO DE TORREVIEJA;Torrevieja;ALICANTE;748;TERCIARIO DE TORREVIEJA;TERCIARIO DE TORREVIEJA;320;Comunidad Valenciana;2
CA0748001;2023-02-20;NO2;Nitritos;mg/L NO2;0;< 0,02;705332;4207772;70042;TERCIARIO DE TORREVIEJA;Torrevieja;ALICANTE;748;TERCIARIO DE TORREVIEJA;TERCIARIO DE TORREVIEJA;320;Comunidad Valenciana;2
CA0748001;2023-02-20;NO3;Nitratos;mg/L NO3;440;44;705332;4207772;70042;TERCIARIO DE TORREVIEJA;Torrevieja;ALICANTE;748;TERCIARIO DE TORREVIEJA;TERCIARIO DE TORREVIEJA;320;Comunidad Valenciana;2
CA0748001;2023-02-20;NTOTAL;Nitrógeno total;mg/L N;120;12;705332;4207772;70042;TERCIARIO DE TORREVIEJA;Torrevieja;ALICANTE;748;TERCIARIO DE TORREVIEJA;TERCIARIO DE TORREVIEJA;320;Comunidad Valenciana;2
CA0748001;2023-02-20;O2 DTO;Oxigeno disuelto de campo (medida in situ);mg/L O2;928;9,28;705332;4207772;70042;TERCIARIO DE TORREVIEJA;Torrevieja;ALICANTE;748;TERCIARIO DE TORREVIEJA;TERCIARIO DE TORREVIEJA;320;Comunidad Valenciana;2
CA0748001;2023-02-20;PENTACLBENCENO;Pentaclorobenceno;µg/L;0;< 0,00015;705332;4207772;70042;TERCIARIO DE TORREVIEJA;Torrevieja;ALICANTE;748;TERCIARIO DE TORREVIEJA;TERCIARIO DE TORREVIEJA;320;Comunidad Valenciana;2
CA0748001;2023-02-20;PHSITU;pH de campo (medida in situ);udpH;807;8,07 (19.6ºC);705332;4207772;70042;TERCIARIO DE TORREVIEJA;Torrevieja;ALICANTE;748;TERCIARIO DE TORREVIEJA;TERCIARIO DE TORREVIEJA;320;Comunidad Valenciana;2
CA0748001;2023-02-20;PO4;Fosfatos;mg/L PO4;0;< 0,04;705332;4207772;70042;TERCIARIO DE TORREVIEJA;Torrevieja;ALICANTE;748;TERCIARIO DE TORREVIEJA;TERCIARIO DE TORREVIEJA;320;Comunidad Valenciana;2
CA0748001;2023-02-20;PROCI;PROCIMIDONA;µg/L;0;< 0,00200;705332;4207772;70042;TERCIARIO DE TORREVIEJA;Torrevieja;ALICANTE;748;TERCIARIO DE TORREVIEJA;TERCIARIO DE TORREVIEJA;320;Comunidad Valenciana;2
CA0748001;2023-02-20;PTOTAL;FOSFORO TOTAL;mg/L P;0;< 0,050;705332;4207772;70042;TERCIARIO DE TORREVIEJA;Torrevieja;ALICANTE;748;TERCIARIO DE TORREVIEJA;TERCIARIO DE TORREVIEJA;320;Comunidad Valenciana;2
CA0748001;2023-02-20;QUI;Quinoxifeno;µg/L;0;< 0,00200;705332;4207772;70042;TERCIARIO DE TORREVIEJA;Torrevieja;ALICANTE;748;TERCIARIO DE TORREVIEJA;TERCIARIO DE TORREVIEJA;320;Comunidad Valenciana;2
CA0748001;2023-02-20;SATINSI;Porcentaje de saturación de oxígeno disuelto de campo (medido in situ);% O2;992;99,2;705332;4207772;70042;TERCIARIO DE TORREVIEJA;Torrevieja;ALICANTE;748;TERCIARIO DE TORREVIEJA;TERCIARIO DE TORREVIEJA;320;Comunidad Valenciana;2
CA0748001;2023-02-20;S-DDD-DDT;Suma p,p´-DDD + o,p´-DDT;µg/L;0;< 0,00050;705332;4207772;70042;TERCIARIO DE TORREVIEJA;Torrevieja;ALICANTE;748;TERCIARIO DE TORREVIEJA;TERCIARIO DE TORREVIEJA;320;Comunidad Valenciana;2
CA0748001;2023-02-20;SIMAZINA;Simazina;µg/L;0;< 0,030;705332;4207772;70042;TERCIARIO DE TORREVIEJA;Torrevieja;ALICANTE;748;TERCIARIO DE TORREVIEJA;TERCIARIO DE TORREVIEJA;320;Comunidad Valenciana;2
CA0748001;2023-02-20;SUMCIPER;CIPERMETRINA (SUMA ISOMEROS ALFA+BETA+TETA+ZETA);µg/L;0;< 0,00008;705332;4207772;70042;TERCIARIO DE TORREVIEJA;Torrevieja;ALICANTE;748;TERCIARIO DE TORREVIEJA;TERCIARIO DE TORREVIEJA;320;Comunidad Valenciana;2
CA0748001;2023-02-20;SUMDDT;DDT TOTAL (SUMA P,P'-DDT+O,P'-DDT+P,P'-DDE+P,P'-DDD);µg/L;0;< 0,00100;705332;4207772;70042;TERCIARIO DE TORREVIEJA;Torrevieja;ALICANTE;748;TERCIARIO DE TORREVIEJA;TERCIARIO DE TORREVIEJA;320;Comunidad Valenciana;2
CA0748001;2023-02-20;SUMHCH;HEXACLOROCICLOHEXANO (HCH) (SUMA ISOMEROS);µg/L;0;< 0,00060;705332;4207772;70042;TERCIARIO DE TORREVIEJA;Torrevieja;ALICANTE;748;TERCIARIO DE TORREVIEJA;TERCIARIO DE TORREVIEJA;320;Comunidad Valenciana;2
CA0748001;2023-02-20;SUO4;Sulfatos;mg/L SO4;1070;107;705332;4207772;70042;TERCIARIO DE TORREVIEJA;Torrevieja;ALICANTE;748;TERCIARIO DE TORREVIEJA;TERCIARIO DE TORREVIEJA;320;Comunidad Valenciana;2
CA0748001;2023-02-20;TAGUA;"TEMPERATURA ""IN SITU""";ºC;196;19,6;705332;4207772;70042;TERCIARIO DE TORREVIEJA;Torrevieja;ALICANTE;748;TERCIARIO DE TORREVIEJA;TERCIARIO DE TORREVIEJA;320;Comunidad Valenciana;2
CA0748001;2023-02-20;TERAZ;Terbutilazina;µg/L;0;< 0,010;705332;4207772;70042;TERCIARIO DE TORREVIEJA;Torrevieja;ALICANTE;748;TERCIARIO DE TORREVIEJA;TERCIARIO DE TORREVIEJA;320;Comunidad Valenciana;2
CA0748001;2023-02-20;TERBUTRINA;Terbutrina;µg/L;0;< 0,002;705332;4207772;70042;TERCIARIO DE TORREVIEJA;Torrevieja;ALICANTE;748;TERCIARIO DE TORREVIEJA;TERCIARIO DE TORREVIEJA;320;Comunidad Valenciana;2
CA0748001;2023-02-20;TRIAZO_2;TRIAZOFOS;µg/L;0;< 0,010;705332;4207772;70042;TERCIARIO DE TORREVIEJA;Torrevieja;ALICANTE;748;TERCIARIO DE TORREVIEJA;TERCIARIO DE TORREVIEJA;320;Comunidad Valenciana;2
CA0748001;2023-02-20;TRIFLURALINA;Trifluralina;µg/L;0;< 0,006;705332;4207772;70042;TERCIARIO DE TORREVIEJA;Torrevieja;ALICANTE;748;TERCIARIO DE TORREVIEJA;TERCIARIO DE TORREVIEJA;320;Comunidad Valenciana;2
CA0748001;2023-06-20;BICARB;BICARBONATOS;mg/L HCO3-;1980;198;705332;4207772;70042;TERCIARIO DE TORREVIEJA;Torrevieja;ALICANTE;748;TERCIARIO DE TORREVIEJA;TERCIARIO DE TORREVIEJA;320;Comunidad Valenciana;6
CA0748001;2023-06-20;CA;CALCIO;mg/L Ca;540;54;705332;4207772;70042;TERCIARIO DE TORREVIEJA;Torrevieja;ALICANTE;748;TERCIARIO DE TORREVIEJA;TERCIARIO DE TORREVIEJA;320;Comunidad Valenciana;6
CA0748001;2023-06-20;CL;Cloruros;mg/L Cl;3810;381;705332;4207772;70042;TERCIARIO DE TORREVIEJA;Torrevieja;ALICANTE;748;TERCIARIO DE TORREVIEJA;TERCIARIO DE TORREVIEJA;320;Comunidad Valenciana;6
CA0748001;2023-06-20;COND20SITU;Conductividad de campo (medida in situ);µS/cm;17350;1735;705332;4207772;70042;TERCIARIO DE TORREVIEJA;Torrevieja;ALICANTE;748;TERCIARIO DE TORREVIEJA;TERCIARIO DE TORREVIEJA;320;Comunidad Valenciana;6
CA0748001;2023-06-20;DQO;DQO o Demanda Química de Oxígeno;mg/L O2;0;< 15;705332;4207772;70042;TERCIARIO DE TORREVIEJA;Torrevieja;ALICANTE;748;TERCIARIO DE TORREVIEJA;TERCIARIO DE TORREVIEJA;320;Comunidad Valenciana;6
CA0748001;2023-06-20;K;POTASIO;mg/L K;140;14;705332;4207772;70042;TERCIARIO DE TORREVIEJA;Torrevieja;ALICANTE;748;TERCIARIO DE TORREVIEJA;TERCIARIO DE TORREVIEJA;320;Comunidad Valenciana;6
CA0748001;2023-06-20;MG;MAGNESIO;mg/L Mg;360;36;705332;4207772;70042;TERCIARIO DE TORREVIEJA;Torrevieja;ALICANTE;748;TERCIARIO DE TORREVIEJA;TERCIARIO DE TORREVIEJA;320;Comunidad Valenciana;6
CA0748001;2023-06-20;;SODIO;mg/L Na;3310;> 200 (331)*;705332;4207772;70042;TERCIARIO DE TORREVIEJA;Torrevieja;ALICANTE;748;TERCIARIO DE TORREVIEJA;TERCIARIO DE TORREVIEJA;320;Comunidad Valenciana;6
CA0748001;2023-06-20;NH4;AMONIO;mg/L NH4;0;< 0,05;705332;4207772;70042;TERCIARIO DE TORREVIEJA;Torrevieja;ALICANTE;748;TERCIARIO DE TORREVIEJA;TERCIARIO DE TORREVIEJA;320;Comunidad Valenciana;6
CA0748001;2023-06-20;NO2;Nitritos;mg/L NO2;0;< 0,02;705332;4207772;70042;TERCIARIO DE TORREVIEJA;Torrevieja;ALICANTE;748;TERCIARIO DE TORREVIEJA;TERCIARIO DE TORREVIEJA;320;Comunidad Valenciana;6
CA0748001;2023-06-20;NO3;Nitratos;mg/L NO3;380;38;705332;4207772;70042;TERCIARIO DE TORREVIEJA;Torrevieja;ALICANTE;748;TERCIARIO DE TORREVIEJA;TERCIARIO DE TORREVIEJA;320;Comunidad Valenciana;6
CA0748001;2023-06-20;NTOTAL;Nitrógeno total;mg/L N;93;9,3;705332;4207772;70042;TERCIARIO DE TORREVIEJA;Torrevieja;ALICANTE;748;TERCIARIO DE TORREVIEJA;TERCIARIO DE TORREVIEJA;320;Comunidad Valenciana;6
CA0748001;2023-06-20;O2 DTO;Oxigeno disuelto de campo (medida in situ);mg/L O2;797;7,97;705332;4207772;70042;TERCIARIO DE TORREVIEJA;Torrevieja;ALICANTE;748;TERCIARIO DE TORREVIEJA;TERCIARIO DE TORREVIEJA;320;Comunidad Valenciana;6
CA0748001;2023-06-20;PHSITU;pH de campo (medida in situ);udpH;837;8,37 (23.3ºC);705332;4207772;70042;TERCIARIO DE TORREVIEJA;Torrevieja;ALICANTE;748;TERCIARIO DE TORREVIEJA;TERCIARIO DE TORREVIEJA;320;Comunidad Valenciana;6
CA0748001;2023-06-20;PO4;Fosfatos;mg/L PO4;0;< 0,04;705332;4207772;70042;TERCIARIO DE TORREVIEJA;Torrevieja;ALICANTE;748;TERCIARIO DE TORREVIEJA;TERCIARIO DE TORREVIEJA;320;Comunidad Valenciana;6
CA0748001;2023-06-20;PTOTAL;FOSFORO TOTAL;mg/L P;0;< 0,050;705332;4207772;70042;TERCIARIO DE TORREVIEJA;Torrevieja;ALICANTE;748;TERCIARIO DE TORREVIEJA;TERCIARIO DE TORREVIEJA;320;Comunidad Valenciana;6
CA0748001;2023-06-20;SATINSI;Porcentaje de saturación de oxígeno disuelto de campo (medido in situ);% O2;958;95,8;705332;4207772;70042;TERCIARIO DE TORREVIEJA;Torrevieja;ALICANTE;748;TERCIARIO DE TORREVIEJA;TERCIARIO DE TORREVIEJA;320;Comunidad Valenciana;6
CA0748001;2023-06-20;SUO4;Sulfatos;mg/L SO4;1250;125;705332;4207772;70042;TERCIARIO DE TORREVIEJA;Torrevieja;ALICANTE;748;TERCIARIO DE TORREVIEJA;TERCIARIO DE TORREVIEJA;320;Comunidad Valenciana;6
CA0748001;2023-06-20;TAGUA;"TEMPERATURA ""IN SITU""";ºC;233;23,3;705332;4207772;70042;TERCIARIO DE TORREVIEJA;Torrevieja;ALICANTE;748;TERCIARIO DE TORREVIEJA;TERCIARIO DE TORREVIEJA;320;Comunidad Valenciana;6
CA0748001;2023-09-20;BICARB;BICARBONATOS;mg/L HCO3-;1900;190;705332;4207772;70042;TERCIARIO DE TORREVIEJA;Torrevieja;ALICANTE;748;TERCIARIO DE TORREVIEJA;TERCIARIO DE TORREVIEJA;320;Comunidad Valenciana;9
CA0748001;2023-09-20;CA;CALCIO;mg/L Ca;550;55;705332;4207772;70042;TERCIARIO DE TORREVIEJA;Torrevieja;ALICANTE;748;TERCIARIO DE TORREVIEJA;TERCIARIO DE TORREVIEJA;320;Comunidad Valenciana;9
CA0748001;2023-09-20;CL;Cloruros;mg/L Cl;3210;321;705332;4207772;70042;TERCIARIO DE TORREVIEJA;Torrevieja;ALICANTE;748;TERCIARIO DE TORREVIEJA;TERCIARIO DE TORREVIEJA;320;Comunidad Valenciana;9
CA0748001;2023-09-20;COND20SITU;Conductividad de campo (medida in situ);µS/cm;15200;1520;705332;4207772;70042;TERCIARIO DE TORREVIEJA;Torrevieja;ALICANTE;748;TERCIARIO DE TORREVIEJA;TERCIARIO DE TORREVIEJA;320;Comunidad Valenciana;9
CA0748001;2023-09-20;DQO;DQO o Demanda Química de Oxígeno;mg/L O2;0;< 15;705332;4207772;70042;TERCIARIO DE TORREVIEJA;Torrevieja;ALICANTE;748;TERCIARIO DE TORREVIEJA;TERCIARIO DE TORREVIEJA;320;Comunidad Valenciana;9
CA0748001;2023-09-20;K;POTASIO;mg/L K;85;8,5;705332;4207772;70042;TERCIARIO DE TORREVIEJA;Torrevieja;ALICANTE;748;TERCIARIO DE TORREVIEJA;TERCIARIO DE TORREVIEJA;320;Comunidad Valenciana;9
CA0748001;2023-09-20;MG;MAGNESIO;mg/L Mg;260;26;705332;4207772;70042;TERCIARIO DE TORREVIEJA;Torrevieja;ALICANTE;748;TERCIARIO DE TORREVIEJA;TERCIARIO DE TORREVIEJA;320;Comunidad Valenciana;9
CA0748001;2023-09-20;;SODIO;mg/L Na;1890;189;705332;4207772;70042;TERCIARIO DE TORREVIEJA;Torrevieja;ALICANTE;748;TERCIARIO DE TORREVIEJA;TERCIARIO DE TORREVIEJA;320;Comunidad Valenciana;9
CA0748001;2023-09-20;NH4;AMONIO;mg/L NH4;0;< 0,05;705332;4207772;70042;TERCIARIO DE TORREVIEJA;Torrevieja;ALICANTE;748;TERCIARIO DE TORREVIEJA;TERCIARIO DE TORREVIEJA;320;Comunidad Valenciana;9
CA0748001;2023-09-20;NO2;Nitritos;mg/L NO2;0;< 0,02;705332;4207772;70042;TERCIARIO DE TORREVIEJA;Torrevieja;ALICANTE;748;TERCIARIO DE TORREVIEJA;TERCIARIO DE TORREVIEJA;320;Comunidad Valenciana;9
CA0748001;2023-09-20;NO3;Nitratos;mg/L NO3;440;44;705332;4207772;70042;TERCIARIO DE TORREVIEJA;Torrevieja;ALICANTE;748;TERCIARIO DE TORREVIEJA;TERCIARIO DE TORREVIEJA;320;Comunidad Valenciana;9
CA0748001;2023-09-20;NTOTAL;Nitrógeno total;mg/L N;100;10;705332;4207772;70042;TERCIARIO DE TORREVIEJA;Torrevieja;ALICANTE;748;TERCIARIO DE TORREVIEJA;TERCIARIO DE TORREVIEJA;320;Comunidad Valenciana;9
CA0748001;2023-09-20;O2 DTO;Oxigeno disuelto de campo (medida in situ);mg/L O2;817;8,17;705332;4207772;70042;TERCIARIO DE TORREVIEJA;Torrevieja;ALICANTE;748;TERCIARIO DE TORREVIEJA;TERCIARIO DE TORREVIEJA;320;Comunidad Valenciana;9
CA0748001;2023-09-20;PHSITU;pH de campo (medida in situ);udpH;765;7,65 (22.6ºC);705332;4207772;70042;TERCIARIO DE TORREVIEJA;Torrevieja;ALICANTE;748;TERCIARIO DE TORREVIEJA;TERCIARIO DE TORREVIEJA;320;Comunidad Valenciana;9
CA0748001;2023-09-20;PO4;Fosfatos;mg/L PO4;0;< 0,04;705332;4207772;70042;TERCIARIO DE TORREVIEJA;Torrevieja;ALICANTE;748;TERCIARIO DE TORREVIEJA;TERCIARIO DE TORREVIEJA;320;Comunidad Valenciana;9
CA0748001;2023-09-20;PTOTAL;FOSFORO TOTAL;mg/L P;0;< 0,050;705332;4207772;70042;TERCIARIO DE TORREVIEJA;Torrevieja;ALICANTE;748;TERCIARIO DE TORREVIEJA;TERCIARIO DE TORREVIEJA;320;Comunidad Valenciana;9
CA0748001;2023-09-20;SATINSI;Porcentaje de saturación de oxígeno disuelto de campo (medido in situ);% O2;957;95,7;705332;4207772;70042;TERCIARIO DE TORREVIEJA;Torrevieja;ALICANTE;748;TERCIARIO DE TORREVIEJA;TERCIARIO DE TORREVIEJA;320;Comunidad Valenciana;9
CA0748001;2023-09-20;SUO4;Sulfatos;mg/L SO4;1160;116;705332;4207772;70042;TERCIARIO DE TORREVIEJA;Torrevieja;ALICANTE;748;TERCIARIO DE TORREVIEJA;TERCIARIO DE TORREVIEJA;320;Comunidad Valenciana;9
CA0748001;2023-09-20;TAGUA;"TEMPERATURA ""IN SITU""";ºC;226;22,6;705332;4207772;70042;TERCIARIO DE TORREVIEJA;Torrevieja;ALICANTE;748;TERCIARIO DE TORREVIEJA;TERCIARIO DE TORREVIEJA;320;Comunidad Valenciana;9
CA0748001;2024-06-13;12DIBR;1,2-DIBROMOETANO;µg/L;0;< 1,00;705332;4207772;70042;TERCIARIO DE TORREVIEJA;Torrevieja;ALICANTE;748;TERCIARIO DE TORREVIEJA;TERCIARIO DE TORREVIEJA;320;Comunidad Valenciana;6
CA0748001;2024-06-13;ACETMI;ACETAMIPRID;µg/l;0;< 0,0250;705332;4207772;70042;TERCIARIO DE TORREVIEJA;Torrevieja;ALICANTE;748;TERCIARIO DE TORREVIEJA;TERCIARIO DE TORREVIEJA;320;Comunidad Valenciana;6
CA0748001;2024-06-13;ACLONIFE;ACLONIFENO;µg/L;0;< 0,00100;705332;4207772;70042;TERCIARIO DE TORREVIEJA;Torrevieja;ALICANTE;748;TERCIARIO DE TORREVIEJA;TERCIARIO DE TORREVIEJA;320;Comunidad Valenciana;6
CA0748001;2024-06-13;AL;ALUMINIO;µg/L Al;0;< 5,0;705332;4207772;70042;TERCIARIO DE TORREVIEJA;Torrevieja;ALICANTE;748;TERCIARIO DE TORREVIEJA;TERCIARIO DE TORREVIEJA;320;Comunidad Valenciana;6
CA0748001;2024-06-13;ALACLORO;ALACLORO;µg/L;0;< 0,00100;705332;4207772;70042;TERCIARIO DE TORREVIEJA;Torrevieja;ALICANTE;748;TERCIARIO DE TORREVIEJA;TERCIARIO DE TORREVIEJA;320;Comunidad Valenciana;6
CA0748001;2024-06-13;ALCALIN;ALCALINIDAD;mg/L CO3Ca;1650;165;705332;4207772;70042;TERCIARIO DE TORREVIEJA;Torrevieja;ALICANTE;748;TERCIARIO DE TORREVIEJA;TERCIARIO DE TORREVIEJA;320;Comunidad Valenciana;6
CA0748001;2024-06-13;ALDRIN;ALDRINA;µg/L;0;< 0,00100;705332;4207772;70042;TERCIARIO DE TORREVIEJA;Torrevieja;ALICANTE;748;TERCIARIO DE TORREVIEJA;TERCIARIO DE TORREVIEJA;320;Comunidad Valenciana;6
CA0748001;2024-06-13;AMPA;ACIDO AMINOMETILFOSFONICO (AMPA);µg/L;0;< 0,050;705332;4207772;70042;TERCIARIO DE TORREVIEJA;Torrevieja;ALICANTE;748;TERCIARIO DE TORREVIEJA;TERCIARIO DE TORREVIEJA;320;Comunidad Valenciana;6
CA0748001;2024-06-13;AS;ARSENICO;µg/L As;0;< 0,50;705332;4207772;70042;TERCIARIO DE TORREVIEJA;Torrevieja;ALICANTE;748;TERCIARIO DE TORREVIEJA;TERCIARIO DE TORREVIEJA;320;Comunidad Valenciana;6
CA0748001;2024-06-13;ATRAZINA;ATRAZINA;µg/L;0;< 0,00100;705332;4207772;70042;TERCIARIO DE TORREVIEJA;Torrevieja;ALICANTE;748;TERCIARIO DE TORREVIEJA;TERCIARIO DE TORREVIEJA;320;Comunidad Valenciana;6
CA0748001;2024-06-13;B;BORO;µg/L B;4150;415;705332;4207772;70042;TERCIARIO DE TORREVIEJA;Torrevieja;ALICANTE;748;TERCIARIO DE TORREVIEJA;TERCIARIO DE TORREVIEJA;320;Comunidad Valenciana;6
CA0748001;2024-06-13;BENCENO;BENCENO;µg/L;0;< 0,100;705332;4207772;70042;TERCIARIO DE TORREVIEJA;Torrevieja;ALICANTE;748;TERCIARIO DE TORREVIEJA;TERCIARIO DE TORREVIEJA;320;Comunidad Valenciana;6
CA0748001;2024-06-13;BFET;BIFENTRIN;µg/l;0;< 0,0250;705332;4207772;70042;TERCIARIO DE TORREVIEJA;Torrevieja;ALICANTE;748;TERCIARIO DE TORREVIEJA;TERCIARIO DE TORREVIEJA;320;Comunidad Valenciana;6
CA0748001;2024-06-13;BICARB;BICARBONATOS;mg/L HCO3-;2010;201;705332;4207772;70042;TERCIARIO DE TORREVIEJA;Torrevieja;ALICANTE;748;TERCIARIO DE TORREVIEJA;TERCIARIO DE TORREVIEJA;320;Comunidad Valenciana;6
CA0748001;2024-06-13;BIFEN;BIFENOX;µg/L;0;< 0,00200;705332;4207772;70042;TERCIARIO DE TORREVIEJA;Torrevieja;ALICANTE;748;TERCIARIO DE TORREVIEJA;TERCIARIO DE TORREVIEJA;320;Comunidad Valenciana;6
CA0748001;2024-06-13;BISF;BISFENOL-A;µg/l;0;< 0,50;705332;4207772;70042;TERCIARIO DE TORREVIEJA;Torrevieja;ALICANTE;748;TERCIARIO DE TORREVIEJA;TERCIARIO DE TORREVIEJA;320;Comunidad Valenciana;6
CA0748001;2024-06-13;BRB;BROMOBENCENO;µg/L;0;< 0,50;705332;4207772;70042;TERCIARIO DE TORREVIEJA;Torrevieja;ALICANTE;748;TERCIARIO DE TORREVIEJA;TERCIARIO DE TORREVIEJA;320;Comunidad Valenciana;6
CA0748001;2024-06-13;BRO4;BROMATOS;µg/l;0;< 0,0030;705332;4207772;70042;TERCIARIO DE TORREVIEJA;Torrevieja;ALICANTE;748;TERCIARIO DE TORREVIEJA;TERCIARIO DE TORREVIEJA;320;Comunidad Valenciana;6
CA0748001;2024-06-13;BROMAC;BROMACILO;µg/L;0;< 0,00200;705332;4207772;70042;TERCIARIO DE TORREVIEJA;Torrevieja;ALICANTE;748;TERCIARIO DE TORREVIEJA;TERCIARIO DE TORREVIEJA;320;Comunidad Valenciana;6
CA0748001;2024-06-13;CA;CALCIO;mg/L Ca;626;62,6;705332;4207772;70042;TERCIARIO DE TORREVIEJA;Torrevieja;ALICANTE;748;TERCIARIO DE TORREVIEJA;TERCIARIO DE TORREVIEJA;320;Comunidad Valenciana;6
CA0748001;2024-06-13;CARB;Carbonatos;mg/L CO3;0;< 8,0;705332;4207772;70042;TERCIARIO DE TORREVIEJA;Torrevieja;ALICANTE;748;TERCIARIO DE TORREVIEJA;TERCIARIO DE TORREVIEJA;320;Comunidad Valenciana;6
CA0748001;2024-06-13;CD;CADMIO;µg/L Cd;0;< 0,0200;705332;4207772;70042;TERCIARIO DE TORREVIEJA;Torrevieja;ALICANTE;748;TERCIARIO DE TORREVIEJA;TERCIARIO DE TORREVIEJA;320;Comunidad Valenciana;6
CA0748001;2024-06-13;CIB;CIBUTRINA;µg/L;0;< 0,00100;705332;4207772;70042;TERCIARIO DE TORREVIEJA;Torrevieja;ALICANTE;748;TERCIARIO DE TORREVIEJA;TERCIARIO DE TORREVIEJA;320;Comunidad Valenciana;6
CA0748001;2024-06-13;CL;Cloruros;mg/L Cl;4020;402;705332;4207772;70042;TERCIARIO DE TORREVIEJA;Torrevieja;ALICANTE;748;TERCIARIO DE TORREVIEJA;TERCIARIO DE TORREVIEJA;320;Comunidad Valenciana;6
CA0748001;2024-06-13;CLF;Cloroformo (Triclorometano);µg/L;67;6,7;705332;4207772;70042;TERCIARIO DE TORREVIEJA;Torrevieja;ALICANTE;748;TERCIARIO DE TORREVIEJA;TERCIARIO DE TORREVIEJA;320;Comunidad Valenciana;6
CA0748001;2024-06-13;CLO2;CLORITOS;mg/L;0;< 0,075;705332;4207772;70042;TERCIARIO DE TORREVIEJA;Torrevieja;ALICANTE;748;TERCIARIO DE TORREVIEJA;TERCIARIO DE TORREVIEJA;320;Comunidad Valenciana;6
CA0748001;2024-06-13;CLORAT;CLORATOS;mg/L;0;< 0,075;705332;4207772;70042;TERCIARIO DE TORREVIEJA;Torrevieja;ALICANTE;748;TERCIARIO DE TORREVIEJA;TERCIARIO DE TORREVIEJA;320;Comunidad Valenciana;6
CA0748001;2024-06-13;CLORDANOCIS;CIS-CLORDANO;µg/L;0;< 0,0050;705332;4207772;70042;TERCIARIO DE TORREVIEJA;Torrevieja;ALICANTE;748;TERCIARIO DE TORREVIEJA;TERCIARIO DE TORREVIEJA;320;Comunidad Valenciana;6
CA0748001;2024-06-13;CLORDANOTR;TRANS-CLORDANO;µg/L;0;< 0,0050;705332;4207772;70042;TERCIARIO DE TORREVIEJA;Torrevieja;ALICANTE;748;TERCIARIO DE TORREVIEJA;TERCIARIO DE TORREVIEJA;320;Comunidad Valenciana;6
CA0748001;2024-06-13;CLOROFENVINFOS;Clorfenvinfos;µg/L;0;< 0,00100;705332;4207772;70042;TERCIARIO DE TORREVIEJA;Torrevieja;ALICANTE;748;TERCIARIO DE TORREVIEJA;TERCIARIO DE TORREVIEJA;320;Comunidad Valenciana;6
CA0748001;2024-06-13;CLOROPIRIFOS;Clorpirifos;µg/L;0;< 0,00100;705332;4207772;70042;TERCIARIO DE TORREVIEJA;Torrevieja;ALICANTE;748;TERCIARIO DE TORREVIEJA;TERCIARIO DE TORREVIEJA;320;Comunidad Valenciana;6
CA0748001;2024-06-13;CLOT;CLOTIANIDINA;µg/l;0;< 0,0250;705332;4207772;70042;TERCIARIO DE TORREVIEJA;Torrevieja;ALICANTE;748;TERCIARIO DE TORREVIEJA;TERCIARIO DE TORREVIEJA;320;Comunidad Valenciana;6
CA0748001;2024-06-13;CLTLRN;CLOROTOLURON;µg/l;0;< 0,0250;705332;4207772;70042;TERCIARIO DE TORREVIEJA;Torrevieja;ALICANTE;748;TERCIARIO DE TORREVIEJA;TERCIARIO DE TORREVIEJA;320;Comunidad Valenciana;6
CA0748001;2024-06-13;CLTO2;4-CLOROTOLUENO;µg/L;0;< 0,50;705332;4207772;70042;TERCIARIO DE TORREVIEJA;Torrevieja;ALICANTE;748;TERCIARIO DE TORREVIEJA;TERCIARIO DE TORREVIEJA;320;Comunidad Valenciana;6
CA0748001;2024-06-13;CLTOL;2-CLOROTOLUENO;µg/L;0;< 0,50;705332;4207772;70042;TERCIARIO DE TORREVIEJA;Torrevieja;ALICANTE;748;TERCIARIO DE TORREVIEJA;TERCIARIO DE TORREVIEJA;320;Comunidad Valenciana;6
CA0748001;2024-06-13;CN;CIANUROS TOTALES;µg/L CN;0;< 12,0;705332;4207772;70042;TERCIARIO DE TORREVIEJA;Torrevieja;ALICANTE;748;TERCIARIO DE TORREVIEJA;TERCIARIO DE TORREVIEJA;320;Comunidad Valenciana;6
CA0748001;2024-06-13;CO;COBALTO;µg/L Co;0;< 0,50;705332;4207772;70042;TERCIARIO DE TORREVIEJA;Torrevieja;ALICANTE;748;TERCIARIO DE TORREVIEJA;TERCIARIO DE TORREVIEJA;320;Comunidad Valenciana;6
CA0748001;2024-06-13;COND20SITU;Conductividad de campo (medida in situ);µS/cm;16800;1680;705332;4207772;70042;TERCIARIO DE TORREVIEJA;Torrevieja;ALICANTE;748;TERCIARIO DE TORREVIEJA;TERCIARIO DE TORREVIEJA;320;Comunidad Valenciana;6
CA0748001;2024-06-13;CR;CROMO;µg/L Cr;0;< 0,50;705332;4207772;70042;TERCIARIO DE TORREVIEJA;Torrevieja;ALICANTE;748;TERCIARIO DE TORREVIEJA;TERCIARIO DE TORREVIEJA;320;Comunidad Valenciana;6
CA0748001;2024-06-13;CRAB;DELTAMETRINA;µg/l;0;< 0,0250;705332;4207772;70042;TERCIARIO DE TORREVIEJA;Torrevieja;ALICANTE;748;TERCIARIO DE TORREVIEJA;TERCIARIO DE TORREVIEJA;320;Comunidad Valenciana;6
CA0748001;2024-06-13;CU;COBRE;µg/L Cu;0;< 0,50;705332;4207772;70042;TERCIARIO DE TORREVIEJA;Torrevieja;ALICANTE;748;TERCIARIO DE TORREVIEJA;TERCIARIO DE TORREVIEJA;320;Comunidad Valenciana;6
CA0748001;2024-06-13;DCB-M;1,3-diclorobenceno (m-diclorobenceno);µg/L;0;< 0,50;705332;4207772;70042;TERCIARIO DE TORREVIEJA;Torrevieja;ALICANTE;748;TERCIARIO DE TORREVIEJA;TERCIARIO DE TORREVIEJA;320;Comunidad Valenciana;6
CA0748001;2024-06-13;DCB-P;1,4-diclorobenceno (p-diclorobenceno);µg/L;0;< 0,50;705332;4207772;70042;TERCIARIO DE TORREVIEJA;Torrevieja;ALICANTE;748;TERCIARIO DE TORREVIEJA;TERCIARIO DE TORREVIEJA;320;Comunidad Valenciana;6
CA0748001;2024-06-13;DCE;1,2-dicloroetano (EDC, cloruro de etileno);µg/L;0;< 0,50;705332;4207772;70042;TERCIARIO DE TORREVIEJA;Torrevieja;ALICANTE;748;TERCIARIO DE TORREVIEJA;TERCIARIO DE TORREVIEJA;320;Comunidad Valenciana;6
CA0748001;2024-06-13;DCV;DICLORVOS;µg/L;0;< 0,00100;705332;4207772;70042;TERCIARIO DE TORREVIEJA;Torrevieja;ALICANTE;748;TERCIARIO DE TORREVIEJA;TERCIARIO DE TORREVIEJA;320;Comunidad Valenciana;6
CA0748001;2024-06-13;DDDPP;P,P'-DDD;µg/L;0;< 0,00100;705332;4207772;70042;TERCIARIO DE TORREVIEJA;Torrevieja;ALICANTE;748;TERCIARIO DE TORREVIEJA;TERCIARIO DE TORREVIEJA;320;Comunidad Valenciana;6
CA0748001;2024-06-13;DDEPP;P,P'-DDE;µg/L;0;< 0,00100;705332;4207772;70042;TERCIARIO DE TORREVIEJA;Torrevieja;ALICANTE;748;TERCIARIO DE TORREVIEJA;TERCIARIO DE TORREVIEJA;320;Comunidad Valenciana;6
CA0748001;2024-06-13;DDTOP;O,P'-DDT;µg/L;0;< 0,00100;705332;4207772;70042;TERCIARIO DE TORREVIEJA;Torrevieja;ALICANTE;748;TERCIARIO DE TORREVIEJA;TERCIARIO DE TORREVIEJA;320;Comunidad Valenciana;6
CA0748001;2024-06-13;DDTPP;P,P'-DDT;µg/L;0;< 0,00100;705332;4207772;70042;TERCIARIO DE TORREVIEJA;Torrevieja;ALICANTE;748;TERCIARIO DE TORREVIEJA;TERCIARIO DE TORREVIEJA;320;Comunidad Valenciana;6
CA0748001;2024-06-13;DEA;ATRAZINA DESETIL;µg/L;0;< 0,0050;705332;4207772;70042;TERCIARIO DE TORREVIEJA;Torrevieja;ALICANTE;748;TERCIARIO DE TORREVIEJA;TERCIARIO DE TORREVIEJA;320;Comunidad Valenciana;6
CA0748001;2024-06-13;DIAZINON;DIAZINON;µg/L;0;< 0,00100;705332;4207772;70042;TERCIARIO DE TORREVIEJA;Torrevieja;ALICANTE;748;TERCIARIO DE TORREVIEJA;TERCIARIO DE TORREVIEJA;320;Comunidad Valenciana;6
CA0748001;2024-06-13;DICLANILINAN;3,4-dicloroanilina;µg/L;0;< 0,0050;705332;4207772;70042;TERCIARIO DE TORREVIEJA;Torrevieja;ALICANTE;748;TERCIARIO DE TORREVIEJA;TERCIARIO DE TORREVIEJA;320;Comunidad Valenciana;6
CA0748001;2024-06-13;DICOFOL;DICOFOL (P,P'-DICOFOL);µg/L;0;< 0,00200;705332;4207772;70042;TERCIARIO DE TORREVIEJA;Torrevieja;ALICANTE;748;TERCIARIO DE TORREVIEJA;TERCIARIO DE TORREVIEJA;320;Comunidad Valenciana;6
CA0748001;2024-06-13;DIELDRIN;Dieldrin;µg/L;0;< 0,00100;705332;4207772;70042;TERCIARIO DE TORREVIEJA;Torrevieja;ALICANTE;748;TERCIARIO DE TORREVIEJA;TERCIARIO DE TORREVIEJA;320;Comunidad Valenciana;6
CA0748001;2024-06-13;DIMETOATO;Dimetoato;µg/L;0;< 0,0050;705332;4207772;70042;TERCIARIO DE TORREVIEJA;Torrevieja;ALICANTE;748;TERCIARIO DE TORREVIEJA;TERCIARIO DE TORREVIEJA;320;Comunidad Valenciana;6
CA0748001;2024-06-13;DIURON;DIURON;µg/L;0;< 0,00100;705332;4207772;70042;TERCIARIO DE TORREVIEJA;Torrevieja;ALICANTE;748;TERCIARIO DE TORREVIEJA;TERCIARIO DE TORREVIEJA;320;Comunidad Valenciana;6
CA0748001;2024-06-13;DQO;DQO o Demanda Química de Oxígeno;mg/L O2;210;21;705332;4207772;70042;TERCIARIO DE TORREVIEJA;Torrevieja;ALICANTE;748;TERCIARIO DE TORREVIEJA;TERCIARIO DE TORREVIEJA;320;Comunidad Valenciana;6
CA0748001;2024-06-13;D-TBZ;TERBUTILAZINA DESETIL;µg/l;0;< 0,0050;705332;4207772;70042;TERCIARIO DE TORREVIEJA;Torrevieja;ALICANTE;748;TERCIARIO DE TORREVIEJA;TERCIARIO DE TORREVIEJA;320;Comunidad Valenciana;6
CA0748001;2024-06-13;EFV;ESFENVALERATO;µg/l;0;< 0,0250;705332;4207772;70042;TERCIARIO DE TORREVIEJA;Torrevieja;ALICANTE;748;TERCIARIO DE TORREVIEJA;TERCIARIO DE TORREVIEJA;320;Comunidad Valenciana;6
CA0748001;2024-06-13;ENDOSULFAN;ALFA-ENDOSULFAN;µg/L;0;< 0,00050;705332;4207772;70042;TERCIARIO DE TORREVIEJA;Torrevieja;ALICANTE;748;TERCIARIO DE TORREVIEJA;TERCIARIO DE TORREVIEJA;320;Comunidad Valenciana;6
CA0748001;2024-06-13;ENDOSULFAN-BETA;BETA-ENDOSULFAN;µg/L;0;< 0,00050;705332;4207772;70042;TERCIARIO DE TORREVIEJA;Torrevieja;ALICANTE;748;TERCIARIO DE TORREVIEJA;TERCIARIO DE TORREVIEJA;320;Comunidad Valenciana;6
CA0748001;2024-06-13;ENDOSULSO4;ENDOSULFAN SULFATO;µg/L;0;< 0,00050;705332;4207772;70042;TERCIARIO DE TORREVIEJA;Torrevieja;ALICANTE;748;TERCIARIO DE TORREVIEJA;TERCIARIO DE TORREVIEJA;320;Comunidad Valenciana;6
CA0748001;2024-06-13;ENDRIN;ENDRINA;µg/L;0;< 0,00100;705332;4207772;70042;TERCIARIO DE TORREVIEJA;Torrevieja;ALICANTE;748;TERCIARIO DE TORREVIEJA;TERCIARIO DE TORREVIEJA;320;Comunidad Valenciana;6
CA0748001;2024-06-13;ENDRINCE;Endrin cetona;µg/L;0;< 0,0050;705332;4207772;70042;TERCIARIO DE TORREVIEJA;Torrevieja;ALICANTE;748;TERCIARIO DE TORREVIEJA;TERCIARIO DE TORREVIEJA;320;Comunidad Valenciana;6
CA0748001;2024-06-13;ETBENCENO;Etilbenceno;µg/L;0;< 0,50;705332;4207772;70042;TERCIARIO DE TORREVIEJA;Torrevieja;ALICANTE;748;TERCIARIO DE TORREVIEJA;TERCIARIO DE TORREVIEJA;320;Comunidad Valenciana;6
CA0748001;2024-06-13;F;Fluoruros;µg/L;5500;550;705332;4207772;70042;TERCIARIO DE TORREVIEJA;Torrevieja;ALICANTE;748;TERCIARIO DE TORREVIEJA;TERCIARIO DE TORREVIEJA;320;Comunidad Valenciana;6
CA0748001;2024-06-13;FE;HIERRO;µg/L;0;< 5,0;705332;4207772;70042;TERCIARIO DE TORREVIEJA;Torrevieja;ALICANTE;748;TERCIARIO DE TORREVIEJA;TERCIARIO DE TORREVIEJA;320;Comunidad Valenciana;6
CA0748001;2024-06-13;FENITROTION;FENITROTION;µg/L;0;< 0,0050;705332;4207772;70042;TERCIARIO DE TORREVIEJA;Torrevieja;ALICANTE;748;TERCIARIO DE TORREVIEJA;TERCIARIO DE TORREVIEJA;320;Comunidad Valenciana;6
CA0748001;2024-06-13;FNMF;FENAMIFOS;µg/l;0;< 0,0050;705332;4207772;70042;TERCIARIO DE TORREVIEJA;Torrevieja;ALICANTE;748;TERCIARIO DE TORREVIEJA;TERCIARIO DE TORREVIEJA;320;Comunidad Valenciana;6
CA0748001;2024-06-13;FXADP24;DICLORPROP;µg/l;0;< 0,0250;705332;4207772;70042;TERCIARIO DE TORREVIEJA;Torrevieja;ALICANTE;748;TERCIARIO DE TORREVIEJA;TERCIARIO DE TORREVIEJA;320;Comunidad Valenciana;6
CA0748001;2024-06-13;FXAMCPA;ACIDO 4-CLORO-2-METILFENOXIACETICO (MCPA);µg/L;0;< 0,0250;705332;4207772;70042;TERCIARIO DE TORREVIEJA;Torrevieja;ALICANTE;748;TERCIARIO DE TORREVIEJA;TERCIARIO DE TORREVIEJA;320;Comunidad Valenciana;6
CA0748001;2024-06-13;FXAMCPP;MECOPROP (MCPP);µg/l;0;< 0,0250;705332;4207772;70042;TERCIARIO DE TORREVIEJA;Torrevieja;ALICANTE;748;TERCIARIO DE TORREVIEJA;TERCIARIO DE TORREVIEJA;320;Comunidad Valenciana;6
CA0748001;2024-06-13;GLIFOSATO;GLIFOSATO;µg/L;0;< 0,050;705332;4207772;70042;TERCIARIO DE TORREVIEJA;Torrevieja;ALICANTE;748;TERCIARIO DE TORREVIEJA;TERCIARIO DE TORREVIEJA;320;Comunidad Valenciana;6
CA0748001;2024-06-13;HCB;Hexaclorobenceno (HCB, Perclorobenceno);µg/L;0;< 0,00100;705332;4207772;70042;TERCIARIO DE TORREVIEJA;Torrevieja;ALICANTE;748;TERCIARIO DE TORREVIEJA;TERCIARIO DE TORREVIEJA;320;Comunidad Valenciana;6
CA0748001;2024-06-13;HCBD;Hexaclorobutadieno (HCBD, Hexacloro-1,3-Butadieno);µg/L;0;< 0,50;705332;4207772;70042;TERCIARIO DE TORREVIEJA;Torrevieja;ALICANTE;748;TERCIARIO DE TORREVIEJA;TERCIARIO DE TORREVIEJA;320;Comunidad Valenciana;6
CA0748001;2024-06-13;HCHALFA;ALFA-HCH;µg/L;0;< 0,00100;705332;4207772;70042;TERCIARIO DE TORREVIEJA;Torrevieja;ALICANTE;748;TERCIARIO DE TORREVIEJA;TERCIARIO DE TORREVIEJA;320;Comunidad Valenciana;6
CA0748001;2024-06-13;HCHBETA;BETA-HCH;µg/L;0;< 0,00100;705332;4207772;70042;TERCIARIO DE TORREVIEJA;Torrevieja;ALICANTE;748;TERCIARIO DE TORREVIEJA;TERCIARIO DE TORREVIEJA;320;Comunidad Valenciana;6
CA0748001;2024-06-13;HCHDELTA;DELTA-HCH;µg/L;0;< 0,00100;705332;4207772;70042;TERCIARIO DE TORREVIEJA;Torrevieja;ALICANTE;748;TERCIARIO DE TORREVIEJA;TERCIARIO DE TORREVIEJA;320;Comunidad Valenciana;6
CA0748001;2024-06-13;HCHEP;EPSILON-HCH;µg/L;0;< 0,0050;705332;4207772;70042;TERCIARIO DE TORREVIEJA;Torrevieja;ALICANTE;748;TERCIARIO DE TORREVIEJA;TERCIARIO DE TORREVIEJA;320;Comunidad Valenciana;6
CA0748001;2024-06-13;HEPTACL;Heptacloro;µg/L;0;< 0,00100;705332;4207772;70042;TERCIARIO DE TORREVIEJA;Torrevieja;ALICANTE;748;TERCIARIO DE TORREVIEJA;TERCIARIO DE TORREVIEJA;320;Comunidad Valenciana;6
CA0748001;2024-06-13;HEPTACLEPO;EPOXIDO DE HEPTACLORO;µg/L;0;< 0,00100;705332;4207772;70042;TERCIARIO DE TORREVIEJA;Torrevieja;ALICANTE;748;TERCIARIO DE TORREVIEJA;TERCIARIO DE TORREVIEJA;320;Comunidad Valenciana;6
CA0748001;2024-06-13;HG;MERCURIO;µg/L Hg;0;< 0,020;705332;4207772;70042;TERCIARIO DE TORREVIEJA;Torrevieja;ALICANTE;748;TERCIARIO DE TORREVIEJA;TERCIARIO DE TORREVIEJA;320;Comunidad Valenciana;6
CA0748001;2024-06-13;IMAZALIL;IMAZALIL;µg/L;0;< 0,0250;705332;4207772;70042;TERCIARIO DE TORREVIEJA;Torrevieja;ALICANTE;748;TERCIARIO DE TORREVIEJA;TERCIARIO DE TORREVIEJA;320;Comunidad Valenciana;6
CA0748001;2024-06-13;IMID;IMIDACLOPRID (Ácido 6-cloronicotínico);µg/L;0;< 0,0250;705332;4207772;70042;TERCIARIO DE TORREVIEJA;Torrevieja;ALICANTE;748;TERCIARIO DE TORREVIEJA;TERCIARIO DE TORREVIEJA;320;Comunidad Valenciana;6
CA0748001;2024-06-13;ISODRIN;Isodrin;µg/L;0;< 0,00100;705332;4207772;70042;TERCIARIO DE TORREVIEJA;Torrevieja;ALICANTE;748;TERCIARIO DE TORREVIEJA;TERCIARIO DE TORREVIEJA;320;Comunidad Valenciana;6
CA0748001;2024-06-13;ISOPROPB;Isopropilbenceno (cumeno);µg/L;0;< 0,50;705332;4207772;70042;TERCIARIO DE TORREVIEJA;Torrevieja;ALICANTE;748;TERCIARIO DE TORREVIEJA;TERCIARIO DE TORREVIEJA;320;Comunidad Valenciana;6
CA0748001;2024-06-13;ISOPROPILAN;4-ISOPROPILANILINA;µg/l;0;< 0,0050;705332;4207772;70042;TERCIARIO DE TORREVIEJA;Torrevieja;ALICANTE;748;TERCIARIO DE TORREVIEJA;TERCIARIO DE TORREVIEJA;320;Comunidad Valenciana;6
CA0748001;2024-06-13;ISOPROPILTO;4-ISOPROPILTOLUENO;µg/L;0;< 0,50;705332;4207772;70042;TERCIARIO DE TORREVIEJA;Torrevieja;ALICANTE;748;TERCIARIO DE TORREVIEJA;TERCIARIO DE TORREVIEJA;320;Comunidad Valenciana;6
CA0748001;2024-06-13;ISOPROTURON;Isoproturón;µg/L;0;< 0,00100;705332;4207772;70042;TERCIARIO DE TORREVIEJA;Torrevieja;ALICANTE;748;TERCIARIO DE TORREVIEJA;TERCIARIO DE TORREVIEJA;320;Comunidad Valenciana;6
CA0748001;2024-06-13;K;POTASIO;mg/L K;135;13,5;705332;4207772;70042;TERCIARIO DE TORREVIEJA;Torrevieja;ALICANTE;748;TERCIARIO DE TORREVIEJA;TERCIARIO DE TORREVIEJA;320;Comunidad Valenciana;6
CA0748001;2024-06-13;LIND;GAMMA-HCH (LINDANO);µg/L;0;< 0,00100;705332;4207772;70042;TERCIARIO DE TORREVIEJA;Torrevieja;ALICANTE;748;TERCIARIO DE TORREVIEJA;TERCIARIO DE TORREVIEJA;320;Comunidad Valenciana;6
CA0748001;2024-06-13;MALATION;MALATION;µg/L;0;< 0,00100;705332;4207772;70042;TERCIARIO DE TORREVIEJA;Torrevieja;ALICANTE;748;TERCIARIO DE TORREVIEJA;TERCIARIO DE TORREVIEJA;320;Comunidad Valenciana;6
CA0748001;2024-06-13;MCB;Clorobenceno (monoclorobenceno);µg/L;0;< 0,50;705332;4207772;70042;TERCIARIO DE TORREVIEJA;Torrevieja;ALICANTE;748;TERCIARIO DE TORREVIEJA;TERCIARIO DE TORREVIEJA;320;Comunidad Valenciana;6
CA0748001;2024-06-13;MCV;CLORURO DE VINILO;µg/l;0;< 0,100;705332;4207772;70042;TERCIARIO DE TORREVIEJA;Torrevieja;ALICANTE;748;TERCIARIO DE TORREVIEJA;TERCIARIO DE TORREVIEJA;320;Comunidad Valenciana;6
CA0748001;2024-06-13;METAMTR;METAMITRONA;µg/l;0;< 0,0050;705332;4207772;70042;TERCIARIO DE TORREVIEJA;Torrevieja;ALICANTE;748;TERCIARIO DE TORREVIEJA;TERCIARIO DE TORREVIEJA;320;Comunidad Valenciana;6
CA0748001;2024-06-13;METOLACLORO;Metolacloro;µg/L;0;< 0,00100;705332;4207772;70042;TERCIARIO DE TORREVIEJA;Torrevieja;ALICANTE;748;TERCIARIO DE TORREVIEJA;TERCIARIO DE TORREVIEJA;320;Comunidad Valenciana;6
CA0748001;2024-06-13;METOXICLORO;Metoxicloro;µg/L;0;< 0,0250;705332;4207772;70042;TERCIARIO DE TORREVIEJA;Torrevieja;ALICANTE;748;TERCIARIO DE TORREVIEJA;TERCIARIO DE TORREVIEJA;320;Comunidad Valenciana;6
CA0748001;2024-06-13;METRIBUZINA;METRIBUZINA;µg/L;0;< 0,0250;705332;4207772;70042;TERCIARIO DE TORREVIEJA;Torrevieja;ALICANTE;748;TERCIARIO DE TORREVIEJA;TERCIARIO DE TORREVIEJA;320;Comunidad Valenciana;6
CA0748001;2024-06-13;MG;MAGNESIO;mg/L Mg;339;33,9;705332;4207772;70042;TERCIARIO DE TORREVIEJA;Torrevieja;ALICANTE;748;TERCIARIO DE TORREVIEJA;TERCIARIO DE TORREVIEJA;320;Comunidad Valenciana;6
CA0748001;2024-06-13;MN;MANGANESO;µg/L Mn;0;< 0,50;705332;4207772;70042;TERCIARIO DE TORREVIEJA;Torrevieja;ALICANTE;748;TERCIARIO DE TORREVIEJA;TERCIARIO DE TORREVIEJA;320;Comunidad Valenciana;6
CA0748001;2024-06-13;MO;MOLIBDENO;µg/L Mo;107;1,07;705332;4207772;70042;TERCIARIO DE TORREVIEJA;Torrevieja;ALICANTE;748;TERCIARIO DE TORREVIEJA;TERCIARIO DE TORREVIEJA;320;Comunidad Valenciana;6
CA0748001;2024-06-13;MOLINATO;Molinato;µg/L;0;< 0,00100;705332;4207772;70042;TERCIARIO DE TORREVIEJA;Torrevieja;ALICANTE;748;TERCIARIO DE TORREVIEJA;TERCIARIO DE TORREVIEJA;320;Comunidad Valenciana;6
CA0748001;2024-06-13;MTLX;METALAXIL;µg/l;0;< 0,050;705332;4207772;70042;TERCIARIO DE TORREVIEJA;Torrevieja;ALICANTE;748;TERCIARIO DE TORREVIEJA;TERCIARIO DE TORREVIEJA;320;Comunidad Valenciana;6
CA0748001;2024-06-13;MVNF;MEVINFOS;µg/L;0;< 0,0250;705332;4207772;70042;TERCIARIO DE TORREVIEJA;Torrevieja;ALICANTE;748;TERCIARIO DE TORREVIEJA;TERCIARIO DE TORREVIEJA;320;Comunidad Valenciana;6
CA0748001;2024-06-13;;SODIO;mg/L Na;3500;350;705332;4207772;70042;TERCIARIO DE TORREVIEJA;Torrevieja;ALICANTE;748;TERCIARIO DE TORREVIEJA;TERCIARIO DE TORREVIEJA;320;Comunidad Valenciana;6
CA0748001;2024-06-13;NAFTALENO;Naftaleno (naftalina);µg/L;0;< 0,50;705332;4207772;70042;TERCIARIO DE TORREVIEJA;Torrevieja;ALICANTE;748;TERCIARIO DE TORREVIEJA;TERCIARIO DE TORREVIEJA;320;Comunidad Valenciana;6
CA0748001;2024-06-13;N-BUB;N-BUTILBENCENO;µg/L;0;< 0,50;705332;4207772;70042;TERCIARIO DE TORREVIEJA;Torrevieja;ALICANTE;748;TERCIARIO DE TORREVIEJA;TERCIARIO DE TORREVIEJA;320;Comunidad Valenciana;6
CA0748001;2024-06-13;NCS;NICOSULFURON;µg/l;0;< 0,0250;705332;4207772;70042;TERCIARIO DE TORREVIEJA;Torrevieja;ALICANTE;748;TERCIARIO DE TORREVIEJA;TERCIARIO DE TORREVIEJA;320;Comunidad Valenciana;6
CA0748001;2024-06-13;NH4;AMONIO;mg/L NH4;0;< 0,046;705332;4207772;70042;TERCIARIO DE TORREVIEJA;Torrevieja;ALICANTE;748;TERCIARIO DE TORREVIEJA;TERCIARIO DE TORREVIEJA;320;Comunidad Valenciana;6
CA0748001;2024-06-13;NI;NIQUEL;µg/L Ni;0;< 0,50;705332;4207772;70042;TERCIARIO DE TORREVIEJA;Torrevieja;ALICANTE;748;TERCIARIO DE TORREVIEJA;TERCIARIO DE TORREVIEJA;320;Comunidad Valenciana;6
CA0748001;2024-06-13;NO2;Nitritos;mg/L NO2;0;< 0,0100;705332;4207772;70042;TERCIARIO DE TORREVIEJA;Torrevieja;ALICANTE;748;TERCIARIO DE TORREVIEJA;TERCIARIO DE TORREVIEJA;320;Comunidad Valenciana;6
CA0748001;2024-06-13;NO3;Nitratos;mg/L NO3;440;44;705332;4207772;70042;TERCIARIO DE TORREVIEJA;Torrevieja;ALICANTE;748;TERCIARIO DE TORREVIEJA;TERCIARIO DE TORREVIEJA;320;Comunidad Valenciana;6
CA0748001;2024-06-13;N-PROPILB;N-PROPILBENCENO;µg/L;0;< 0,50;705332;4207772;70042;TERCIARIO DE TORREVIEJA;Torrevieja;ALICANTE;748;TERCIARIO DE TORREVIEJA;TERCIARIO DE TORREVIEJA;320;Comunidad Valenciana;6
CA0748001;2024-06-13;NTOTAL;Nitrógeno total;mg/L N;107;10,7;705332;4207772;70042;TERCIARIO DE TORREVIEJA;Torrevieja;ALICANTE;748;TERCIARIO DE TORREVIEJA;TERCIARIO DE TORREVIEJA;320;Comunidad Valenciana;6
CA0748001;2024-06-13;O2 DTO;Oxigeno disuelto de campo (medida in situ);mg/L O2;63;6.3;705332;4207772;70042;TERCIARIO DE TORREVIEJA;Torrevieja;ALICANTE;748;TERCIARIO DE TORREVIEJA;TERCIARIO DE TORREVIEJA;320;Comunidad Valenciana;6
CA0748001;2024-06-13;O-DICLORO;1,2-diclorobenceno (o-diclorobenceno);µg/L;0;< 0,50;705332;4207772;70042;TERCIARIO DE TORREVIEJA;Torrevieja;ALICANTE;748;TERCIARIO DE TORREVIEJA;TERCIARIO DE TORREVIEJA;320;Comunidad Valenciana;6
CA0748001;2024-06-13;OP_DDD;O,P'-DDD;µg/L;0;< 0,00100;705332;4207772;70042;TERCIARIO DE TORREVIEJA;Torrevieja;ALICANTE;748;TERCIARIO DE TORREVIEJA;TERCIARIO DE TORREVIEJA;320;Comunidad Valenciana;6
CA0748001;2024-06-13;OP_DDE;O,P'-DDE;µg/L;0;< 0,00100;705332;4207772;70042;TERCIARIO DE TORREVIEJA;Torrevieja;ALICANTE;748;TERCIARIO DE TORREVIEJA;TERCIARIO DE TORREVIEJA;320;Comunidad Valenciana;6
CA0748001;2024-06-13;OXIF;OXIFLUORFEN;µg/L;0;< 0,0050;705332;4207772;70042;TERCIARIO DE TORREVIEJA;Torrevieja;ALICANTE;748;TERCIARIO DE TORREVIEJA;TERCIARIO DE TORREVIEJA;320;Comunidad Valenciana;6
CA0748001;2024-06-13;PAHB(A)PIR;Benzo[a]pireno;µg/L;0;< 0,000167;705332;4207772;70042;TERCIARIO DE TORREVIEJA;Torrevieja;ALICANTE;748;TERCIARIO DE TORREVIEJA;TERCIARIO DE TORREVIEJA;320;Comunidad Valenciana;6
CA0748001;2024-06-13;PAHEST;Estireno (etenilbenceno);µg/L;0;< 0,50;705332;4207772;70042;TERCIARIO DE TORREVIEJA;Torrevieja;ALICANTE;748;TERCIARIO DE TORREVIEJA;TERCIARIO DE TORREVIEJA;320;Comunidad Valenciana;6
CA0748001;2024-06-13;PB;PLOMO;µg/L Pb;0;< 0,50;705332;4207772;70042;TERCIARIO DE TORREVIEJA;Torrevieja;ALICANTE;748;TERCIARIO DE TORREVIEJA;TERCIARIO DE TORREVIEJA;320;Comunidad Valenciana;6
CA0748001;2024-06-13;PENDIMETALIN;Pendimetalina;µg/L;0;< 0,00100;705332;4207772;70042;TERCIARIO DE TORREVIEJA;Torrevieja;ALICANTE;748;TERCIARIO DE TORREVIEJA;TERCIARIO DE TORREVIEJA;320;Comunidad Valenciana;6
CA0748001;2024-06-13;PER;Tetracloroetileno (PER, Percloroetileno);µg/L;0;< 1,00;705332;4207772;70042;TERCIARIO DE TORREVIEJA;Torrevieja;ALICANTE;748;TERCIARIO DE TORREVIEJA;TERCIARIO DE TORREVIEJA;320;Comunidad Valenciana;6
CA0748001;2024-06-13;PERMETRIN;PERMETRIN;µg/l;0;< 0,0050;705332;4207772;70042;TERCIARIO DE TORREVIEJA;Torrevieja;ALICANTE;748;TERCIARIO DE TORREVIEJA;TERCIARIO DE TORREVIEJA;320;Comunidad Valenciana;6
CA0748001;2024-06-13;PHSITU;pH de campo (medida in situ);udpH;769;7.69;705332;4207772;70042;TERCIARIO DE TORREVIEJA;Torrevieja;ALICANTE;748;TERCIARIO DE TORREVIEJA;TERCIARIO DE TORREVIEJA;320;Comunidad Valenciana;6
CA0748001;2024-06-13;PIRIMET;PIRIMETANIL;µg/L;0;< 0,0250;705332;4207772;70042;TERCIARIO DE TORREVIEJA;Torrevieja;ALICANTE;748;TERCIARIO DE TORREVIEJA;TERCIARIO DE TORREVIEJA;320;Comunidad Valenciana;6
CA0748001;2024-06-13;PIRIMICARB;PIRIMICARB;µg/L;0;< 0,00100;705332;4207772;70042;TERCIARIO DE TORREVIEJA;Torrevieja;ALICANTE;748;TERCIARIO DE TORREVIEJA;TERCIARIO DE TORREVIEJA;320;Comunidad Valenciana;6
CA0748001;2024-06-13;PO4;Fosfatos;mg/L PO4;0;<0.061;705332;4207772;70042;TERCIARIO DE TORREVIEJA;Torrevieja;ALICANTE;748;TERCIARIO DE TORREVIEJA;TERCIARIO DE TORREVIEJA;320;Comunidad Valenciana;6
CA0748001;2024-06-13;PROCI;PROCIMIDONA;µg/L;0;< 0,0250;705332;4207772;70042;TERCIARIO DE TORREVIEJA;Torrevieja;ALICANTE;748;TERCIARIO DE TORREVIEJA;TERCIARIO DE TORREVIEJA;320;Comunidad Valenciana;6
CA0748001;2024-06-13;PROPAZINA;Propazina;µg/L;0;< 0,00100;705332;4207772;70042;TERCIARIO DE TORREVIEJA;Torrevieja;ALICANTE;748;TERCIARIO DE TORREVIEJA;TERCIARIO DE TORREVIEJA;320;Comunidad Valenciana;6
CA0748001;2024-06-13;PTOTAL;FOSFORO TOTAL;mg/L P;44;0.044;705332;4207772;70042;TERCIARIO DE TORREVIEJA;Torrevieja;ALICANTE;748;TERCIARIO DE TORREVIEJA;TERCIARIO DE TORREVIEJA;320;Comunidad Valenciana;6
CA0748001;2024-06-13;QUI;Quinoxifeno;µg/L;0;< 0,00100;705332;4207772;70042;TERCIARIO DE TORREVIEJA;Torrevieja;ALICANTE;748;TERCIARIO DE TORREVIEJA;TERCIARIO DE TORREVIEJA;320;Comunidad Valenciana;6
CA0748001;2024-06-13;SATINSI;Porcentaje de saturación de oxígeno disuelto de campo (medido in situ);% O2;741;74.1;705332;4207772;70042;TERCIARIO DE TORREVIEJA;Torrevieja;ALICANTE;748;TERCIARIO DE TORREVIEJA;TERCIARIO DE TORREVIEJA;320;Comunidad Valenciana;6
CA0748001;2024-06-13;SB;ANTIMONIO;µg/l Sb;0;< 0,50;705332;4207772;70042;TERCIARIO DE TORREVIEJA;Torrevieja;ALICANTE;748;TERCIARIO DE TORREVIEJA;TERCIARIO DE TORREVIEJA;320;Comunidad Valenciana;6
CA0748001;2024-06-13;SE;SELENIO;µg/L Se;223;2,23;705332;4207772;70042;TERCIARIO DE TORREVIEJA;Torrevieja;ALICANTE;748;TERCIARIO DE TORREVIEJA;TERCIARIO DE TORREVIEJA;320;Comunidad Valenciana;6
CA0748001;2024-06-13;SECBUTB;SEC-BUTILBENCENO;µg/L;0;< 0,50;705332;4207772;70042;TERCIARIO DE TORREVIEJA;Torrevieja;ALICANTE;748;TERCIARIO DE TORREVIEJA;TERCIARIO DE TORREVIEJA;320;Comunidad Valenciana;6
CA0748001;2024-06-13;SIMAZINA;Simazina;µg/L;0;< 0,00100;705332;4207772;70042;TERCIARIO DE TORREVIEJA;Torrevieja;ALICANTE;748;TERCIARIO DE TORREVIEJA;TERCIARIO DE TORREVIEJA;320;Comunidad Valenciana;6
CA0748001;2024-06-13;SIO2;Sílice;mg/L SiO2;115;11,5;705332;4207772;70042;TERCIARIO DE TORREVIEJA;Torrevieja;ALICANTE;748;TERCIARIO DE TORREVIEJA;TERCIARIO DE TORREVIEJA;320;Comunidad Valenciana;6
CA0748001;2024-06-13;SN;ESTAÑO;µg/L Sn;0;< 5,0;705332;4207772;70042;TERCIARIO DE TORREVIEJA;Torrevieja;ALICANTE;748;TERCIARIO DE TORREVIEJA;TERCIARIO DE TORREVIEJA;320;Comunidad Valenciana;6
CA0748001;2024-06-13;SUMAXILENO;Xileno (dimetilbenceno) (suma o-, m- y p-xileno);µg/L;0;< 1,00;705332;4207772;70042;TERCIARIO DE TORREVIEJA;Torrevieja;ALICANTE;748;TERCIARIO DE TORREVIEJA;TERCIARIO DE TORREVIEJA;320;Comunidad Valenciana;6
CA0748001;2024-06-13;SUMCIPER;CIPERMETRINA (SUMA ISOMEROS ALFA+BETA+TETA+ZETA);µg/L;0;< 0,00100;705332;4207772;70042;TERCIARIO DE TORREVIEJA;Torrevieja;ALICANTE;748;TERCIARIO DE TORREVIEJA;TERCIARIO DE TORREVIEJA;320;Comunidad Valenciana;6
CA0748001;2024-06-13;SUMDCB;Diclorobenceno (suma isómeros);µg/L;0;< 0,50;705332;4207772;70042;TERCIARIO DE TORREVIEJA;Torrevieja;ALICANTE;748;TERCIARIO DE TORREVIEJA;TERCIARIO DE TORREVIEJA;320;Comunidad Valenciana;6
CA0748001;2024-06-13;SUMDDT;DDT TOTAL (SUMA P,P'-DDT+O,P'-DDT+P,P'-DDE+P,P'-DDD);µg/L;0;< 0,00100;705332;4207772;70042;TERCIARIO DE TORREVIEJA;Torrevieja;ALICANTE;748;TERCIARIO DE TORREVIEJA;TERCIARIO DE TORREVIEJA;320;Comunidad Valenciana;6
CA0748001;2024-06-13;SUMTCBEN;"Triclorobenceno (suma isómeros 1,2,3-; 1,2,4- y 1,3,5- TCB)";µg/L;0;< 0,10;705332;4207772;70042;TERCIARIO DE TORREVIEJA;Torrevieja;ALICANTE;748;TERCIARIO DE TORREVIEJA;TERCIARIO DE TORREVIEJA;320;Comunidad Valenciana;6
CA0748001;2024-06-13;SUO4;Sulfatos;mg/L SO4;2870;287;705332;4207772;70042;TERCIARIO DE TORREVIEJA;Torrevieja;ALICANTE;748;TERCIARIO DE TORREVIEJA;TERCIARIO DE TORREVIEJA;320;Comunidad Valenciana;6
CA0748001;2024-06-13;TAGUA;"TEMPERATURA ""IN SITU""";ºC;224;22.4;705332;4207772;70042;TERCIARIO DE TORREVIEJA;Torrevieja;ALICANTE;748;TERCIARIO DE TORREVIEJA;TERCIARIO DE TORREVIEJA;320;Comunidad Valenciana;6
CA0748001;2024-06-13;TBUTB;TERC-BUTILBENCENO;µg/L;0;< 0,50;705332;4207772;70042;TERCIARIO DE TORREVIEJA;Torrevieja;ALICANTE;748;TERCIARIO DE TORREVIEJA;TERCIARIO DE TORREVIEJA;320;Comunidad Valenciana;6
CA0748001;2024-06-13;TBZD;TIABENDAZOL;µg/l;0;< 0,0250;705332;4207772;70042;TERCIARIO DE TORREVIEJA;Torrevieja;ALICANTE;748;TERCIARIO DE TORREVIEJA;TERCIARIO DE TORREVIEJA;320;Comunidad Valenciana;6
CA0748001;2024-06-13;TCB123;1,2,3-Triclorobenceno;µg/L;0;< 0,10;705332;4207772;70042;TERCIARIO DE TORREVIEJA;Torrevieja;ALICANTE;748;TERCIARIO DE TORREVIEJA;TERCIARIO DE TORREVIEJA;320;Comunidad Valenciana;6
CA0748001;2024-06-13;TCB124;1,2,4-Triclorobenceno;µg/L;0;< 0,10;705332;4207772;70042;TERCIARIO DE TORREVIEJA;Torrevieja;ALICANTE;748;TERCIARIO DE TORREVIEJA;TERCIARIO DE TORREVIEJA;320;Comunidad Valenciana;6
CA0748001;2024-06-13;TCB135;1,3,5-Triclorobenceno;µg/L;0;< 0,10;705332;4207772;70042;TERCIARIO DE TORREVIEJA;Torrevieja;ALICANTE;748;TERCIARIO DE TORREVIEJA;TERCIARIO DE TORREVIEJA;320;Comunidad Valenciana;6
CA0748001;2024-06-13;TCE;1,1,1-TRICLOROETANO;µg/L;0;< 1,00;705332;4207772;70042;TERCIARIO DE TORREVIEJA;Torrevieja;ALICANTE;748;TERCIARIO DE TORREVIEJA;TERCIARIO DE TORREVIEJA;320;Comunidad Valenciana;6
CA0748001;2024-06-13;TERAZ;Terbutilazina;µg/L;0;< 0,00100;705332;4207772;70042;TERCIARIO DE TORREVIEJA;Torrevieja;ALICANTE;748;TERCIARIO DE TORREVIEJA;TERCIARIO DE TORREVIEJA;320;Comunidad Valenciana;6
CA0748001;2024-06-13;TERBUTRINA;Terbutrina;µg/L;0;< 0,00100;705332;4207772;70042;TERCIARIO DE TORREVIEJA;Torrevieja;ALICANTE;748;TERCIARIO DE TORREVIEJA;TERCIARIO DE TORREVIEJA;320;Comunidad Valenciana;6
CA0748001;2024-06-13;TETRA;Tetracloruro de carbono (Tetraclorometano, Perclorometano);µg/L;0;< 1,00;705332;4207772;70042;TERCIARIO DE TORREVIEJA;Torrevieja;ALICANTE;748;TERCIARIO DE TORREVIEJA;TERCIARIO DE TORREVIEJA;320;Comunidad Valenciana;6
CA0748001;2024-06-13;TETRTRI;Tricloroetileno + Tetracloroetileno (Percloroetileno);µg/L;0;< 1,00;705332;4207772;70042;TERCIARIO DE TORREVIEJA;Torrevieja;ALICANTE;748;TERCIARIO DE TORREVIEJA;TERCIARIO DE TORREVIEJA;320;Comunidad Valenciana;6
CA0748001;2024-06-13;THMBR2CL;Bromodiclorometano;µg/l;0;< 1,00;705332;4207772;70042;TERCIARIO DE TORREVIEJA;Torrevieja;ALICANTE;748;TERCIARIO DE TORREVIEJA;TERCIARIO DE TORREVIEJA;320;Comunidad Valenciana;6
CA0748001;2024-06-13;THMBRCL2;DIBROMOCLOROMETANO (Trihalometanos);µg/L;0;< 1,00;705332;4207772;70042;TERCIARIO DE TORREVIEJA;Torrevieja;ALICANTE;748;TERCIARIO DE TORREVIEJA;TERCIARIO DE TORREVIEJA;320;Comunidad Valenciana;6
CA0748001;2024-06-13;THMBRF;BROMOFORMO;µg/L;0;< 1,00;705332;4207772;70042;TERCIARIO DE TORREVIEJA;Torrevieja;ALICANTE;748;TERCIARIO DE TORREVIEJA;TERCIARIO DE TORREVIEJA;320;Comunidad Valenciana;6
CA0748001;2024-06-13;THMDCM;DICLOROMETANO;µg/L;0;< 5,0;705332;4207772;70042;TERCIARIO DE TORREVIEJA;Torrevieja;ALICANTE;748;TERCIARIO DE TORREVIEJA;TERCIARIO DE TORREVIEJA;320;Comunidad Valenciana;6
CA0748001;2024-06-13;TIACLO;TIACLOPRID;µg/l;0;< 0,0250;705332;4207772;70042;TERCIARIO DE TORREVIEJA;Torrevieja;ALICANTE;748;TERCIARIO DE TORREVIEJA;TERCIARIO DE TORREVIEJA;320;Comunidad Valenciana;6
CA0748001;2024-06-13;TIAMETO;TIAMETOXAM;µg/l;0;< 0,0250;705332;4207772;70042;TERCIARIO DE TORREVIEJA;Torrevieja;ALICANTE;748;TERCIARIO DE TORREVIEJA;TERCIARIO DE TORREVIEJA;320;Comunidad Valenciana;6
CA0748001;2024-06-13;TMB1;1,2,4-trimetilbenceno;µg/l;0;< 0,50;705332;4207772;70042;TERCIARIO DE TORREVIEJA;Torrevieja;ALICANTE;748;TERCIARIO DE TORREVIEJA;TERCIARIO DE TORREVIEJA;320;Comunidad Valenciana;6
CA0748001;2024-06-13;TMB2;1,3,5-TRIMETILBENCENO;µg/L;0;< 0,50;705332;4207772;70042;TERCIARIO DE TORREVIEJA;Torrevieja;ALICANTE;748;TERCIARIO DE TORREVIEJA;TERCIARIO DE TORREVIEJA;320;Comunidad Valenciana;6
CA0748001;2024-06-13;TOL;Tolueno (Metilbenceno);µg/L;0;< 0,50;705332;4207772;70042;TERCIARIO DE TORREVIEJA;Torrevieja;ALICANTE;748;TERCIARIO DE TORREVIEJA;TERCIARIO DE TORREVIEJA;320;Comunidad Valenciana;6
CA0748001;2024-06-13;TRICLOET;Tricloroetileno (TRI);µg/L;0;< 1,00;705332;4207772;70042;TERCIARIO DE TORREVIEJA;Torrevieja;ALICANTE;748;TERCIARIO DE TORREVIEJA;TERCIARIO DE TORREVIEJA;320;Comunidad Valenciana;6
CA0748001;2024-06-13;TRIETAZINA;Trietazina;µg/L;0;< 0,0250;705332;4207772;70042;TERCIARIO DE TORREVIEJA;Torrevieja;ALICANTE;748;TERCIARIO DE TORREVIEJA;TERCIARIO DE TORREVIEJA;320;Comunidad Valenciana;6
CA0748001;2024-06-13;TRIFLURALINA;Trifluralina;µg/L;0;< 0,00100;705332;4207772;70042;TERCIARIO DE TORREVIEJA;Torrevieja;ALICANTE;748;TERCIARIO DE TORREVIEJA;TERCIARIO DE TORREVIEJA;320;Comunidad Valenciana;6
CA0748001;2024-06-13;U;URANIO;µg/l;114;1,14;705332;4207772;70042;TERCIARIO DE TORREVIEJA;Torrevieja;ALICANTE;748;TERCIARIO DE TORREVIEJA;TERCIARIO DE TORREVIEJA;320;Comunidad Valenciana;6
CA0748001;2024-06-13;V;VANADIO;µg/L V;174;1,74;705332;4207772;70042;TERCIARIO DE TORREVIEJA;Torrevieja;ALICANTE;748;TERCIARIO DE TORREVIEJA;TERCIARIO DE TORREVIEJA;320;Comunidad Valenciana;6
CA0748001;2024-06-13;XILM+P;SUMA M+P XILENO;µg/L;0;< 1,00;705332;4207772;70042;TERCIARIO DE TORREVIEJA;Torrevieja;ALICANTE;748;TERCIARIO DE TORREVIEJA;TERCIARIO DE TORREVIEJA;320;Comunidad Valenciana;6
CA0748001;2024-06-13;XIL-O;O-XILENO;µg/L;0;< 0,50;705332;4207772;70042;TERCIARIO DE TORREVIEJA;Torrevieja;ALICANTE;748;TERCIARIO DE TORREVIEJA;TERCIARIO DE TORREVIEJA;320;Comunidad Valenciana;6
CA0748001;2024-06-13;ZN;ZINC;µg/l Zn;63;6,3;705332;4207772;70042;TERCIARIO DE TORREVIEJA;Torrevieja;ALICANTE;748;TERCIARIO DE TORREVIEJA;TERCIARIO DE TORREVIEJA;320;Comunidad Valenciana;6
CA0748001;2025-06-26;12DIBR;1,2-DIBROMOETANO;µg/L;0;< 1,00;705332;4207772;70042;TERCIARIO DE TORREVIEJA;Torrevieja;ALICANTE;748;TERCIARIO DE TORREVIEJA;TERCIARIO DE TORREVIEJA;320;Comunidad Valenciana;6
CA0748001;2025-06-26;AL;ALUMINIO;µg/L Al;59;5,9;705332;4207772;70042;TERCIARIO DE TORREVIEJA;Torrevieja;ALICANTE;748;TERCIARIO DE TORREVIEJA;TERCIARIO DE TORREVIEJA;320;Comunidad Valenciana;6
CA0748001;2025-06-26;ALCALIN;ALCALINIDAD;mg/L CO3Ca;1590;159;705332;4207772;70042;TERCIARIO DE TORREVIEJA;Torrevieja;ALICANTE;748;TERCIARIO DE TORREVIEJA;TERCIARIO DE TORREVIEJA;320;Comunidad Valenciana;6
CA0748001;2025-06-26;AS;ARSENICO;µg/L As;0;< 0,50;705332;4207772;70042;TERCIARIO DE TORREVIEJA;Torrevieja;ALICANTE;748;TERCIARIO DE TORREVIEJA;TERCIARIO DE TORREVIEJA;320;Comunidad Valenciana;6
CA0748001;2025-06-26;B;BORO;µg/L B;3970;397;705332;4207772;70042;TERCIARIO DE TORREVIEJA;Torrevieja;ALICANTE;748;TERCIARIO DE TORREVIEJA;TERCIARIO DE TORREVIEJA;320;Comunidad Valenciana;6
CA0748001;2025-06-26;BENCENO;BENCENO;µg/L;0;< 0,100;705332;4207772;70042;TERCIARIO DE TORREVIEJA;Torrevieja;ALICANTE;748;TERCIARIO DE TORREVIEJA;TERCIARIO DE TORREVIEJA;320;Comunidad Valenciana;6
CA0748001;2025-06-26;BICARB;BICARBONATOS;mg/L HCO3-;1940;194;705332;4207772;70042;TERCIARIO DE TORREVIEJA;Torrevieja;ALICANTE;748;TERCIARIO DE TORREVIEJA;TERCIARIO DE TORREVIEJA;320;Comunidad Valenciana;6
CA0748001;2025-06-26;BISF;BISFENOL-A;µg/l;0;< 0,50;705332;4207772;70042;TERCIARIO DE TORREVIEJA;Torrevieja;ALICANTE;748;TERCIARIO DE TORREVIEJA;TERCIARIO DE TORREVIEJA;320;Comunidad Valenciana;6
CA0748001;2025-06-26;BRB;BROMOBENCENO;µg/L;0;< 0,50;705332;4207772;70042;TERCIARIO DE TORREVIEJA;Torrevieja;ALICANTE;748;TERCIARIO DE TORREVIEJA;TERCIARIO DE TORREVIEJA;320;Comunidad Valenciana;6
CA0748001;2025-06-26;BRO4;BROMATOS;µg/l;0;< 0,003;705332;4207772;70042;TERCIARIO DE TORREVIEJA;Torrevieja;ALICANTE;748;TERCIARIO DE TORREVIEJA;TERCIARIO DE TORREVIEJA;320;Comunidad Valenciana;6
CA0748001;2025-06-26;CA;CALCIO;mg/L Ca;580;58;705332;4207772;70042;TERCIARIO DE TORREVIEJA;Torrevieja;ALICANTE;748;TERCIARIO DE TORREVIEJA;TERCIARIO DE TORREVIEJA;320;Comunidad Valenciana;6
CA0748001;2025-06-26;CARB;Carbonatos;mg/L CO3;0;< 8,0;705332;4207772;70042;TERCIARIO DE TORREVIEJA;Torrevieja;ALICANTE;748;TERCIARIO DE TORREVIEJA;TERCIARIO DE TORREVIEJA;320;Comunidad Valenciana;6
CA0748001;2025-06-26;CD;CADMIO;µg/L Cd;0;< 0,0200;705332;4207772;70042;TERCIARIO DE TORREVIEJA;Torrevieja;ALICANTE;748;TERCIARIO DE TORREVIEJA;TERCIARIO DE TORREVIEJA;320;Comunidad Valenciana;6
CA0748001;2025-06-26;CL;Cloruros;mg/L Cl;4140;414;705332;4207772;70042;TERCIARIO DE TORREVIEJA;Torrevieja;ALICANTE;748;TERCIARIO DE TORREVIEJA;TERCIARIO DE TORREVIEJA;320;Comunidad Valenciana;6
CA0748001;2025-06-26;CLF;Cloroformo (Triclorometano);µg/L;0;< 1,00;705332;4207772;70042;TERCIARIO DE TORREVIEJA;Torrevieja;ALICANTE;748;TERCIARIO DE TORREVIEJA;TERCIARIO DE TORREVIEJA;320;Comunidad Valenciana;6
CA0748001;2025-06-26;CLO2;CLORITOS;mg/L;0;< 0,075;705332;4207772;70042;TERCIARIO DE TORREVIEJA;Torrevieja;ALICANTE;748;TERCIARIO DE TORREVIEJA;TERCIARIO DE TORREVIEJA;320;Comunidad Valenciana;6
CA0748001;2025-06-26;CLORAT;CLORATOS;mg/L;45;4,5;705332;4207772;70042;TERCIARIO DE TORREVIEJA;Torrevieja;ALICANTE;748;TERCIARIO DE TORREVIEJA;TERCIARIO DE TORREVIEJA;320;Comunidad Valenciana;6
CA0748001;2025-06-26;CLTO2;4-CLOROTOLUENO;µg/L;0;< 0,50;705332;4207772;70042;TERCIARIO DE TORREVIEJA;Torrevieja;ALICANTE;748;TERCIARIO DE TORREVIEJA;TERCIARIO DE TORREVIEJA;320;Comunidad Valenciana;6
CA0748001;2025-06-26;CLTOL;2-CLOROTOLUENO;µg/L;0;< 0,50;705332;4207772;70042;TERCIARIO DE TORREVIEJA;Torrevieja;ALICANTE;748;TERCIARIO DE TORREVIEJA;TERCIARIO DE TORREVIEJA;320;Comunidad Valenciana;6
CA0748001;2025-06-26;CN;CIANUROS TOTALES;µg/L CN;0;< 12,0;705332;4207772;70042;TERCIARIO DE TORREVIEJA;Torrevieja;ALICANTE;748;TERCIARIO DE TORREVIEJA;TERCIARIO DE TORREVIEJA;320;Comunidad Valenciana;6
CA0748001;2025-06-26;CO;COBALTO;µg/L Co;0;< 0,50;705332;4207772;70042;TERCIARIO DE TORREVIEJA;Torrevieja;ALICANTE;748;TERCIARIO DE TORREVIEJA;TERCIARIO DE TORREVIEJA;320;Comunidad Valenciana;6
CA0748001;2025-06-26;COND20SITU;Conductividad de campo (medida in situ);µS/cm;14800;1480;705332;4207772;70042;TERCIARIO DE TORREVIEJA;Torrevieja;ALICANTE;748;TERCIARIO DE TORREVIEJA;TERCIARIO DE TORREVIEJA;320;Comunidad Valenciana;6
CA0748001;2025-06-26;CR;CROMO;µg/L Cr;0;< 0,50;705332;4207772;70042;TERCIARIO DE TORREVIEJA;Torrevieja;ALICANTE;748;TERCIARIO DE TORREVIEJA;TERCIARIO DE TORREVIEJA;320;Comunidad Valenciana;6
CA0748001;2025-06-26;CU;COBRE;µg/L Cu;0;< 0,50;705332;4207772;70042;TERCIARIO DE TORREVIEJA;Torrevieja;ALICANTE;748;TERCIARIO DE TORREVIEJA;TERCIARIO DE TORREVIEJA;320;Comunidad Valenciana;6
CA0748001;2025-06-26;DCB-M;1,3-diclorobenceno (m-diclorobenceno);µg/L;0;< 0,50;705332;4207772;70042;TERCIARIO DE TORREVIEJA;Torrevieja;ALICANTE;748;TERCIARIO DE TORREVIEJA;TERCIARIO DE TORREVIEJA;320;Comunidad Valenciana;6
CA0748001;2025-06-26;DCB-P;1,4-diclorobenceno (p-diclorobenceno);µg/L;0;< 0,50;705332;4207772;70042;TERCIARIO DE TORREVIEJA;Torrevieja;ALICANTE;748;TERCIARIO DE TORREVIEJA;TERCIARIO DE TORREVIEJA;320;Comunidad Valenciana;6
CA0748001;2025-06-26;DCE;1,2-dicloroetano (EDC, cloruro de etileno);µg/L;0;< 0,50;705332;4207772;70042;TERCIARIO DE TORREVIEJA;Torrevieja;ALICANTE;748;TERCIARIO DE TORREVIEJA;TERCIARIO DE TORREVIEJA;320;Comunidad Valenciana;6
CA0748001;2025-06-26;DQO;DQO o Demanda Química de Oxígeno;mg/L O2;0;< 7,0;705332;4207772;70042;TERCIARIO DE TORREVIEJA;Torrevieja;ALICANTE;748;TERCIARIO DE TORREVIEJA;TERCIARIO DE TORREVIEJA;320;Comunidad Valenciana;6
CA0748001;2025-06-26;ETBENCENO;Etilbenceno;µg/L;0;< 0,50;705332;4207772;70042;TERCIARIO DE TORREVIEJA;Torrevieja;ALICANTE;748;TERCIARIO DE TORREVIEJA;TERCIARIO DE TORREVIEJA;320;Comunidad Valenciana;6
CA0748001;2025-06-26;F;Fluoruros;µg/L;4000;400;705332;4207772;70042;TERCIARIO DE TORREVIEJA;Torrevieja;ALICANTE;748;TERCIARIO DE TORREVIEJA;TERCIARIO DE TORREVIEJA;320;Comunidad Valenciana;6
CA0748001;2025-06-26;FE;HIERRO;µg/L;0;< 5,0;705332;4207772;70042;TERCIARIO DE TORREVIEJA;Torrevieja;ALICANTE;748;TERCIARIO DE TORREVIEJA;TERCIARIO DE TORREVIEJA;320;Comunidad Valenciana;6
CA0748001;2025-06-26;HCB;Hexaclorobenceno (HCB, Perclorobenceno);µg/L;0;< 0,00100;705332;4207772;70042;TERCIARIO DE TORREVIEJA;Torrevieja;ALICANTE;748;TERCIARIO DE TORREVIEJA;TERCIARIO DE TORREVIEJA;320;Comunidad Valenciana;6
CA0748001;2025-06-26;HCBD;Hexaclorobutadieno (HCBD, Hexacloro-1,3-Butadieno);µg/L;0;< 0,50;705332;4207772;70042;TERCIARIO DE TORREVIEJA;Torrevieja;ALICANTE;748;TERCIARIO DE TORREVIEJA;TERCIARIO DE TORREVIEJA;320;Comunidad Valenciana;6
CA0748001;2025-06-26;HG;MERCURIO;µg/L Hg;0;< 0,020;705332;4207772;70042;TERCIARIO DE TORREVIEJA;Torrevieja;ALICANTE;748;TERCIARIO DE TORREVIEJA;TERCIARIO DE TORREVIEJA;320;Comunidad Valenciana;6
CA0748001;2025-06-26;ISOPROPB;Isopropilbenceno (cumeno);µg/L;0;< 0,50;705332;4207772;70042;TERCIARIO DE TORREVIEJA;Torrevieja;ALICANTE;748;TERCIARIO DE TORREVIEJA;TERCIARIO DE TORREVIEJA;320;Comunidad Valenciana;6
CA0748001;2025-06-26;ISOPROPILTO;4-ISOPROPILTOLUENO;µg/L;0;< 0,50;705332;4207772;70042;TERCIARIO DE TORREVIEJA;Torrevieja;ALICANTE;748;TERCIARIO DE TORREVIEJA;TERCIARIO DE TORREVIEJA;320;Comunidad Valenciana;6
CA0748001;2025-06-26;K;POTASIO;mg/L K;116;11,6;705332;4207772;70042;TERCIARIO DE TORREVIEJA;Torrevieja;ALICANTE;748;TERCIARIO DE TORREVIEJA;TERCIARIO DE TORREVIEJA;320;Comunidad Valenciana;6
CA0748001;2025-06-26;MCB;Clorobenceno (monoclorobenceno);µg/L;0;< 0,50;705332;4207772;70042;TERCIARIO DE TORREVIEJA;Torrevieja;ALICANTE;748;TERCIARIO DE TORREVIEJA;TERCIARIO DE TORREVIEJA;320;Comunidad Valenciana;6
CA0748001;2025-06-26;MCV;CLORURO DE VINILO;µg/l;0;< 0,100;705332;4207772;70042;TERCIARIO DE TORREVIEJA;Torrevieja;ALICANTE;748;TERCIARIO DE TORREVIEJA;TERCIARIO DE TORREVIEJA;320;Comunidad Valenciana;6
CA0748001;2025-06-26;MG;MAGNESIO;mg/L Mg;308;30,8;705332;4207772;70042;TERCIARIO DE TORREVIEJA;Torrevieja;ALICANTE;748;TERCIARIO DE TORREVIEJA;TERCIARIO DE TORREVIEJA;320;Comunidad Valenciana;6
CA0748001;2025-06-26;MN;MANGANESO;µg/L Mn;0;< 0,50;705332;4207772;70042;TERCIARIO DE TORREVIEJA;Torrevieja;ALICANTE;748;TERCIARIO DE TORREVIEJA;TERCIARIO DE TORREVIEJA;320;Comunidad Valenciana;6
CA0748001;2025-06-26;MO;MOLIBDENO;µg/L Mo;11;1,1;705332;4207772;70042;TERCIARIO DE TORREVIEJA;Torrevieja;ALICANTE;748;TERCIARIO DE TORREVIEJA;TERCIARIO DE TORREVIEJA;320;Comunidad Valenciana;6
CA0748001;2025-06-26;;SODIO;mg/L Na;2630;263;705332;4207772;70042;TERCIARIO DE TORREVIEJA;Torrevieja;ALICANTE;748;TERCIARIO DE TORREVIEJA;TERCIARIO DE TORREVIEJA;320;Comunidad Valenciana;6
CA0748001;2025-06-26;NAFTALENO;Naftaleno (naftalina);µg/L;0;< 0,50;705332;4207772;70042;TERCIARIO DE TORREVIEJA;Torrevieja;ALICANTE;748;TERCIARIO DE TORREVIEJA;TERCIARIO DE TORREVIEJA;320;Comunidad Valenciana;6
CA0748001;2025-06-26;N-BUB;N-BUTILBENCENO;µg/L;0;< 0,50;705332;4207772;70042;TERCIARIO DE TORREVIEJA;Torrevieja;ALICANTE;748;TERCIARIO DE TORREVIEJA;TERCIARIO DE TORREVIEJA;320;Comunidad Valenciana;6
CA0748001;2025-06-26;NH4;AMONIO;mg/L NH4;0;< 0,046;705332;4207772;70042;TERCIARIO DE TORREVIEJA;Torrevieja;ALICANTE;748;TERCIARIO DE TORREVIEJA;TERCIARIO DE TORREVIEJA;320;Comunidad Valenciana;6
CA0748001;2025-06-26;NI;NIQUEL;µg/L Ni;0;< 0,50;705332;4207772;70042;TERCIARIO DE TORREVIEJA;Torrevieja;ALICANTE;748;TERCIARIO DE TORREVIEJA;TERCIARIO DE TORREVIEJA;320;Comunidad Valenciana;6
CA0748001;2025-06-26;NO2;Nitritos;mg/L NO2;0;< 0,0100;705332;4207772;70042;TERCIARIO DE TORREVIEJA;Torrevieja;ALICANTE;748;TERCIARIO DE TORREVIEJA;TERCIARIO DE TORREVIEJA;320;Comunidad Valenciana;6
CA0748001;2025-06-26;NO3;Nitratos;mg/L NO3;490;49;705332;4207772;70042;TERCIARIO DE TORREVIEJA;Torrevieja;ALICANTE;748;TERCIARIO DE TORREVIEJA;TERCIARIO DE TORREVIEJA;320;Comunidad Valenciana;6
CA0748001;2025-06-26;N-PROPILB;N-PROPILBENCENO;µg/L;0;< 0,50;705332;4207772;70042;TERCIARIO DE TORREVIEJA;Torrevieja;ALICANTE;748;TERCIARIO DE TORREVIEJA;TERCIARIO DE TORREVIEJA;320;Comunidad Valenciana;6
CA0748001;2025-06-26;NTOTAL;Nitrógeno total;mg/L N;116;11,6;705332;4207772;70042;TERCIARIO DE TORREVIEJA;Torrevieja;ALICANTE;748;TERCIARIO DE TORREVIEJA;TERCIARIO DE TORREVIEJA;320;Comunidad Valenciana;6
CA0748001;2025-06-26;O2 DTO;Oxigeno disuelto de campo (medida in situ);mg/L O2;70;7;705332;4207772;70042;TERCIARIO DE TORREVIEJA;Torrevieja;ALICANTE;748;TERCIARIO DE TORREVIEJA;TERCIARIO DE TORREVIEJA;320;Comunidad Valenciana;6
CA0748001;2025-06-26;O-DICLORO;1,2-diclorobenceno (o-diclorobenceno);µg/L;0;< 0,50;705332;4207772;70042;TERCIARIO DE TORREVIEJA;Torrevieja;ALICANTE;748;TERCIARIO DE TORREVIEJA;TERCIARIO DE TORREVIEJA;320;Comunidad Valenciana;6
CA0748001;2025-06-26;PAHB(A)PIR;Benzo[a]pireno;µg/L;0;< 0,000167;705332;4207772;70042;TERCIARIO DE TORREVIEJA;Torrevieja;ALICANTE;748;TERCIARIO DE TORREVIEJA;TERCIARIO DE TORREVIEJA;320;Comunidad Valenciana;6
CA0748001;2025-06-26;PAHEST;Estireno (etenilbenceno);µg/L;0;< 0,50;705332;4207772;70042;TERCIARIO DE TORREVIEJA;Torrevieja;ALICANTE;748;TERCIARIO DE TORREVIEJA;TERCIARIO DE TORREVIEJA;320;Comunidad Valenciana;6
CA0748001;2025-06-26;PB;PLOMO;µg/L Pb;0;< 0,50;705332;4207772;70042;TERCIARIO DE TORREVIEJA;Torrevieja;ALICANTE;748;TERCIARIO DE TORREVIEJA;TERCIARIO DE TORREVIEJA;320;Comunidad Valenciana;6
CA0748001;2025-06-26;PER;Tetracloroetileno (PER, Percloroetileno);µg/L;0;< 1,00;705332;4207772;70042;TERCIARIO DE TORREVIEJA;Torrevieja;ALICANTE;748;TERCIARIO DE TORREVIEJA;TERCIARIO DE TORREVIEJA;320;Comunidad Valenciana;6
CA0748001;2025-06-26;PHSITU;pH de campo (medida in situ);udpH;709;7,09;705332;4207772;70042;TERCIARIO DE TORREVIEJA;Torrevieja;ALICANTE;748;TERCIARIO DE TORREVIEJA;TERCIARIO DE TORREVIEJA;320;Comunidad Valenciana;6
CA0748001;2025-06-26;PO4;Fosfatos;mg/L PO4;0;< 0,061;705332;4207772;70042;TERCIARIO DE TORREVIEJA;Torrevieja;ALICANTE;748;TERCIARIO DE TORREVIEJA;TERCIARIO DE TORREVIEJA;320;Comunidad Valenciana;6
CA0748001;2025-06-26;PTOTAL;FOSFORO TOTAL;mg/L P;31;0,031;705332;4207772;70042;TERCIARIO DE TORREVIEJA;Torrevieja;ALICANTE;748;TERCIARIO DE TORREVIEJA;TERCIARIO DE TORREVIEJA;320;Comunidad Valenciana;6
CA0748001;2025-06-26;SATINSI;Porcentaje de saturación de oxígeno disuelto de campo (medido in situ);% O2;741;74,1;705332;4207772;70042;TERCIARIO DE TORREVIEJA;Torrevieja;ALICANTE;748;TERCIARIO DE TORREVIEJA;TERCIARIO DE TORREVIEJA;320;Comunidad Valenciana;6
CA0748001;2025-06-26;SB;ANTIMONIO;µg/l Sb;0;< 0,50;705332;4207772;70042;TERCIARIO DE TORREVIEJA;Torrevieja;ALICANTE;748;TERCIARIO DE TORREVIEJA;TERCIARIO DE TORREVIEJA;320;Comunidad Valenciana;6
CA0748001;2025-06-26;SE;SELENIO;µg/L Se;204;2,04;705332;4207772;70042;TERCIARIO DE TORREVIEJA;Torrevieja;ALICANTE;748;TERCIARIO DE TORREVIEJA;TERCIARIO DE TORREVIEJA;320;Comunidad Valenciana;6
CA0748001;2025-06-26;SECBUTB;SEC-BUTILBENCENO;µg/L;0;< 0,50;705332;4207772;70042;TERCIARIO DE TORREVIEJA;Torrevieja;ALICANTE;748;TERCIARIO DE TORREVIEJA;TERCIARIO DE TORREVIEJA;320;Comunidad Valenciana;6
CA0748001;2025-06-26;SIO2;Sílice;mg/L SiO2;96;9,6;705332;4207772;70042;TERCIARIO DE TORREVIEJA;Torrevieja;ALICANTE;748;TERCIARIO DE TORREVIEJA;TERCIARIO DE TORREVIEJA;320;Comunidad Valenciana;6
CA0748001;2025-06-26;SN;ESTAÑO;µg/L Sn;0;< 5,0;705332;4207772;70042;TERCIARIO DE TORREVIEJA;Torrevieja;ALICANTE;748;TERCIARIO DE TORREVIEJA;TERCIARIO DE TORREVIEJA;320;Comunidad Valenciana;6
CA0748001;2025-06-26;SUMAXILENO;Xileno (dimetilbenceno) (suma o-, m- y p-xileno);µg/L;0;< 1,00;705332;4207772;70042;TERCIARIO DE TORREVIEJA;Torrevieja;ALICANTE;748;TERCIARIO DE TORREVIEJA;TERCIARIO DE TORREVIEJA;320;Comunidad Valenciana;6
CA0748001;2025-06-26;SUMDCB;Diclorobenceno (suma isómeros);µg/L;0;< 0,50;705332;4207772;70042;TERCIARIO DE TORREVIEJA;Torrevieja;ALICANTE;748;TERCIARIO DE TORREVIEJA;TERCIARIO DE TORREVIEJA;320;Comunidad Valenciana;6
CA0748001;2025-06-26;SUMTCBEN;"Triclorobenceno (suma isómeros 1,2,3-; 1,2,4- y 1,3,5- TCB)";µg/L;0;< 0,10;705332;4207772;70042;TERCIARIO DE TORREVIEJA;Torrevieja;ALICANTE;748;TERCIARIO DE TORREVIEJA;TERCIARIO DE TORREVIEJA;320;Comunidad Valenciana;6
CA0748001;2025-06-26;SUO4;Sulfatos;mg/L SO4;1560;156;705332;4207772;70042;TERCIARIO DE TORREVIEJA;Torrevieja;ALICANTE;748;TERCIARIO DE TORREVIEJA;TERCIARIO DE TORREVIEJA;320;Comunidad Valenciana;6
CA0748001;2025-06-26;TAGUA;"TEMPERATURA ""IN SITU""";ºC;239;23,9;705332;4207772;70042;TERCIARIO DE TORREVIEJA;Torrevieja;ALICANTE;748;TERCIARIO DE TORREVIEJA;TERCIARIO DE TORREVIEJA;320;Comunidad Valenciana;6
CA0748001;2025-06-26;TBUTB;TERC-BUTILBENCENO;µg/L;0;< 0,50;705332;4207772;70042;TERCIARIO DE TORREVIEJA;Torrevieja;ALICANTE;748;TERCIARIO DE TORREVIEJA;TERCIARIO DE TORREVIEJA;320;Comunidad Valenciana;6
CA0748001;2025-06-26;TCB123;1,2,3-Triclorobenceno;µg/L;0;< 0,10;705332;4207772;70042;TERCIARIO DE TORREVIEJA;Torrevieja;ALICANTE;748;TERCIARIO DE TORREVIEJA;TERCIARIO DE TORREVIEJA;320;Comunidad Valenciana;6
CA0748001;2025-06-26;TCB124;1,2,4-Triclorobenceno;µg/L;0;< 0,10;705332;4207772;70042;TERCIARIO DE TORREVIEJA;Torrevieja;ALICANTE;748;TERCIARIO DE TORREVIEJA;TERCIARIO DE TORREVIEJA;320;Comunidad Valenciana;6
CA0748001;2025-06-26;TCB135;1,3,5-Triclorobenceno;µg/L;0;< 0,10;705332;4207772;70042;TERCIARIO DE TORREVIEJA;Torrevieja;ALICANTE;748;TERCIARIO DE TORREVIEJA;TERCIARIO DE TORREVIEJA;320;Comunidad Valenciana;6
CA0748001;2025-06-26;TCE;1,1,1-TRICLOROETANO;µg/L;0;< 1,00;705332;4207772;70042;TERCIARIO DE TORREVIEJA;Torrevieja;ALICANTE;748;TERCIARIO DE TORREVIEJA;TERCIARIO DE TORREVIEJA;320;Comunidad Valenciana;6
CA0748001;2025-06-26;TETRA;Tetracloruro de carbono (Tetraclorometano, Perclorometano);µg/L;0;< 1,00;705332;4207772;70042;TERCIARIO DE TORREVIEJA;Torrevieja;ALICANTE;748;TERCIARIO DE TORREVIEJA;TERCIARIO DE TORREVIEJA;320;Comunidad Valenciana;6
CA0748001;2025-06-26;TETRTRI;Tricloroetileno + Tetracloroetileno (Percloroetileno);µg/L;0;< 1,00;705332;4207772;70042;TERCIARIO DE TORREVIEJA;Torrevieja;ALICANTE;748;TERCIARIO DE TORREVIEJA;TERCIARIO DE TORREVIEJA;320;Comunidad Valenciana;6
CA0748001;2025-06-26;THMBR2CL;Bromodiclorometano;µg/l;0;< 1,00;705332;4207772;70042;TERCIARIO DE TORREVIEJA;Torrevieja;ALICANTE;748;TERCIARIO DE TORREVIEJA;TERCIARIO DE TORREVIEJA;320;Comunidad Valenciana;6
CA0748001;2025-06-26;THMBRCL2;DIBROMOCLOROMETANO (Trihalometanos);µg/L;0;< 1,00;705332;4207772;70042;TERCIARIO DE TORREVIEJA;Torrevieja;ALICANTE;748;TERCIARIO DE TORREVIEJA;TERCIARIO DE TORREVIEJA;320;Comunidad Valenciana;6
CA0748001;2025-06-26;THMBRF;BROMOFORMO;µg/L;0;< 1,00;705332;4207772;70042;TERCIARIO DE TORREVIEJA;Torrevieja;ALICANTE;748;TERCIARIO DE TORREVIEJA;TERCIARIO DE TORREVIEJA;320;Comunidad Valenciana;6
CA0748001;2025-06-26;THMDCM;DICLOROMETANO;µg/L;0;< 5,0;705332;4207772;70042;TERCIARIO DE TORREVIEJA;Torrevieja;ALICANTE;748;TERCIARIO DE TORREVIEJA;TERCIARIO DE TORREVIEJA;320;Comunidad Valenciana;6
CA0748001;2025-06-26;TMB1;1,2,4-trimetilbenceno;µg/l;0;< 0,50;705332;4207772;70042;TERCIARIO DE TORREVIEJA;Torrevieja;ALICANTE;748;TERCIARIO DE TORREVIEJA;TERCIARIO DE TORREVIEJA;320;Comunidad Valenciana;6
CA0748001;2025-06-26;TMB2;1,3,5-TRIMETILBENCENO;µg/L;0;< 0,50;705332;4207772;70042;TERCIARIO DE TORREVIEJA;Torrevieja;ALICANTE;748;TERCIARIO DE TORREVIEJA;TERCIARIO DE TORREVIEJA;320;Comunidad Valenciana;6
CA0748001;2025-06-26;TOL;Tolueno (Metilbenceno);µg/L;0;< 0,50;705332;4207772;70042;TERCIARIO DE TORREVIEJA;Torrevieja;ALICANTE;748;TERCIARIO DE TORREVIEJA;TERCIARIO DE TORREVIEJA;320;Comunidad Valenciana;6
CA0748001;2025-06-26;TRICLOET;Tricloroetileno (TRI);µg/L;0;< 1,00;705332;4207772;70042;TERCIARIO DE TORREVIEJA;Torrevieja;ALICANTE;748;TERCIARIO DE TORREVIEJA;TERCIARIO DE TORREVIEJA;320;Comunidad Valenciana;6
CA0748001;2025-06-26;U;URANIO;µg/l;121;1,21;705332;4207772;70042;TERCIARIO DE TORREVIEJA;Torrevieja;ALICANTE;748;TERCIARIO DE TORREVIEJA;TERCIARIO DE TORREVIEJA;320;Comunidad Valenciana;6
CA0748001;2025-06-26;V;VANADIO;µg/L V;149;1,49;705332;4207772;70042;TERCIARIO DE TORREVIEJA;Torrevieja;ALICANTE;748;TERCIARIO DE TORREVIEJA;TERCIARIO DE TORREVIEJA;320;Comunidad Valenciana;6
CA0748001;2025-06-26;XILM+P;SUMA M+P XILENO;µg/L;0;< 1,00;705332;4207772;70042;TERCIARIO DE TORREVIEJA;Torrevieja;ALICANTE;748;TERCIARIO DE TORREVIEJA;TERCIARIO DE TORREVIEJA;320;Comunidad Valenciana;6
CA0748001;2025-06-26;XIL-O;O-XILENO;µg/L;0;< 0,50;705332;4207772;70042;TERCIARIO DE TORREVIEJA;Torrevieja;ALICANTE;748;TERCIARIO DE TORREVIEJA;TERCIARIO DE TORREVIEJA;320;Comunidad Valenciana;6
CA0748001;2025-06-26;ZN;ZINC;µg/l Zn;0;< 5,0;705332;4207772;70042;TERCIARIO DE TORREVIEJA;Torrevieja;ALICANTE;748;TERCIARIO DE TORREVIEJA;TERCIARIO DE TORREVIEJA;320;Comunidad Valenciana;6
CA0748001;2025-09-05;12DIBR;1,2-DIBROMOETANO;µg/L;0;< 1,00;705332;4207772;70042;TERCIARIO DE TORREVIEJA;Torrevieja;ALICANTE;748;TERCIARIO DE TORREVIEJA;TERCIARIO DE TORREVIEJA;320;Comunidad Valenciana;9
CA0748001;2025-09-05;AL;ALUMINIO;µg/L Al;0;< 5,0;705332;4207772;70042;TERCIARIO DE TORREVIEJA;Torrevieja;ALICANTE;748;TERCIARIO DE TORREVIEJA;TERCIARIO DE TORREVIEJA;320;Comunidad Valenciana;9
CA0748001;2025-09-05;ALCALIN;ALCALINIDAD;mg/L CO3Ca;1590;159;705332;4207772;70042;TERCIARIO DE TORREVIEJA;Torrevieja;ALICANTE;748;TERCIARIO DE TORREVIEJA;TERCIARIO DE TORREVIEJA;320;Comunidad Valenciana;9
CA0748001;2025-09-05;AS;ARSENICO;µg/L As;0;< 0,50;705332;4207772;70042;TERCIARIO DE TORREVIEJA;Torrevieja;ALICANTE;748;TERCIARIO DE TORREVIEJA;TERCIARIO DE TORREVIEJA;320;Comunidad Valenciana;9
CA0748001;2025-09-05;B;BORO;µg/L B;3890;389;705332;4207772;70042;TERCIARIO DE TORREVIEJA;Torrevieja;ALICANTE;748;TERCIARIO DE TORREVIEJA;TERCIARIO DE TORREVIEJA;320;Comunidad Valenciana;9
CA0748001;2025-09-05;BENCENO;BENCENO;µg/L;0;< 0,100;705332;4207772;70042;TERCIARIO DE TORREVIEJA;Torrevieja;ALICANTE;748;TERCIARIO DE TORREVIEJA;TERCIARIO DE TORREVIEJA;320;Comunidad Valenciana;9
CA0748001;2025-09-05;BICARB;BICARBONATOS;mg/L HCO3-;1930;193;705332;4207772;70042;TERCIARIO DE TORREVIEJA;Torrevieja;ALICANTE;748;TERCIARIO DE TORREVIEJA;TERCIARIO DE TORREVIEJA;320;Comunidad Valenciana;9
CA0748001;2025-09-05;BISF;BISFENOL-A;µg/l;0;< 0,50;705332;4207772;70042;TERCIARIO DE TORREVIEJA;Torrevieja;ALICANTE;748;TERCIARIO DE TORREVIEJA;TERCIARIO DE TORREVIEJA;320;Comunidad Valenciana;9
CA0748001;2025-09-05;BRB;BROMOBENCENO;µg/L;0;< 0,50;705332;4207772;70042;TERCIARIO DE TORREVIEJA;Torrevieja;ALICANTE;748;TERCIARIO DE TORREVIEJA;TERCIARIO DE TORREVIEJA;320;Comunidad Valenciana;9
CA0748001;2025-09-05;BRO4;BROMATOS;µg/l;0;< 0,003;705332;4207772;70042;TERCIARIO DE TORREVIEJA;Torrevieja;ALICANTE;748;TERCIARIO DE TORREVIEJA;TERCIARIO DE TORREVIEJA;320;Comunidad Valenciana;9
CA0748001;2025-09-05;CA;CALCIO;mg/L Ca;680;68;705332;4207772;70042;TERCIARIO DE TORREVIEJA;Torrevieja;ALICANTE;748;TERCIARIO DE TORREVIEJA;TERCIARIO DE TORREVIEJA;320;Comunidad Valenciana;9
CA0748001;2025-09-05;CARB;Carbonatos;mg/L CO3;0;< 8,0;705332;4207772;70042;TERCIARIO DE TORREVIEJA;Torrevieja;ALICANTE;748;TERCIARIO DE TORREVIEJA;TERCIARIO DE TORREVIEJA;320;Comunidad Valenciana;9
CA0748001;2025-09-05;CD;CADMIO;µg/L Cd;0;< 0,0200;705332;4207772;70042;TERCIARIO DE TORREVIEJA;Torrevieja;ALICANTE;748;TERCIARIO DE TORREVIEJA;TERCIARIO DE TORREVIEJA;320;Comunidad Valenciana;9
CA0748001;2025-09-05;CL;Cloruros;mg/L Cl;3670;367;705332;4207772;70042;TERCIARIO DE TORREVIEJA;Torrevieja;ALICANTE;748;TERCIARIO DE TORREVIEJA;TERCIARIO DE TORREVIEJA;320;Comunidad Valenciana;9
CA0748001;2025-09-05;CLF;Cloroformo (Triclorometano);µg/L;60;6;705332;4207772;70042;TERCIARIO DE TORREVIEJA;Torrevieja;ALICANTE;748;TERCIARIO DE TORREVIEJA;TERCIARIO DE TORREVIEJA;320;Comunidad Valenciana;9
CA0748001;2025-09-05;CLO2;CLORITOS;mg/L;0;< 0,075;705332;4207772;70042;TERCIARIO DE TORREVIEJA;Torrevieja;ALICANTE;748;TERCIARIO DE TORREVIEJA;TERCIARIO DE TORREVIEJA;320;Comunidad Valenciana;9
CA0748001;2025-09-05;CLORAT;CLORATOS;mg/L;479;4,79;705332;4207772;70042;TERCIARIO DE TORREVIEJA;Torrevieja;ALICANTE;748;TERCIARIO DE TORREVIEJA;TERCIARIO DE TORREVIEJA;320;Comunidad Valenciana;9
CA0748001;2025-09-05;CLTO2;4-CLOROTOLUENO;µg/L;0;< 0,50;705332;4207772;70042;TERCIARIO DE TORREVIEJA;Torrevieja;ALICANTE;748;TERCIARIO DE TORREVIEJA;TERCIARIO DE TORREVIEJA;320;Comunidad Valenciana;9
CA0748001;2025-09-05;CLTOL;2-CLOROTOLUENO;µg/L;0;< 0,50;705332;4207772;70042;TERCIARIO DE TORREVIEJA;Torrevieja;ALICANTE;748;TERCIARIO DE TORREVIEJA;TERCIARIO DE TORREVIEJA;320;Comunidad Valenciana;9
CA0748001;2025-09-05;CN;CIANUROS TOTALES;µg/L CN;0;< 12,0;705332;4207772;70042;TERCIARIO DE TORREVIEJA;Torrevieja;ALICANTE;748;TERCIARIO DE TORREVIEJA;TERCIARIO DE TORREVIEJA;320;Comunidad Valenciana;9
CA0748001;2025-09-05;CO;COBALTO;µg/L Co;0;< 0,50;705332;4207772;70042;TERCIARIO DE TORREVIEJA;Torrevieja;ALICANTE;748;TERCIARIO DE TORREVIEJA;TERCIARIO DE TORREVIEJA;320;Comunidad Valenciana;9
CA0748001;2025-09-05;COND20SITU;Conductividad de campo (medida in situ);µS/cm;15800;1580;705332;4207772;70042;TERCIARIO DE TORREVIEJA;Torrevieja;ALICANTE;748;TERCIARIO DE TORREVIEJA;TERCIARIO DE TORREVIEJA;320;Comunidad Valenciana;9
CA0748001;2025-09-05;CR;CROMO;µg/L Cr;51;0,51;705332;4207772;70042;TERCIARIO DE TORREVIEJA;Torrevieja;ALICANTE;748;TERCIARIO DE TORREVIEJA;TERCIARIO DE TORREVIEJA;320;Comunidad Valenciana;9
CA0748001;2025-09-05;CU;COBRE;µg/L Cu;0;< 0,50;705332;4207772;70042;TERCIARIO DE TORREVIEJA;Torrevieja;ALICANTE;748;TERCIARIO DE TORREVIEJA;TERCIARIO DE TORREVIEJA;320;Comunidad Valenciana;9
CA0748001;2025-09-05;DCB-M;1,3-diclorobenceno (m-diclorobenceno);µg/L;0;< 0,50;705332;4207772;70042;TERCIARIO DE TORREVIEJA;Torrevieja;ALICANTE;748;TERCIARIO DE TORREVIEJA;TERCIARIO DE TORREVIEJA;320;Comunidad Valenciana;9
CA0748001;2025-09-05;DCB-P;1,4-diclorobenceno (p-diclorobenceno);µg/L;0;< 0,50;705332;4207772;70042;TERCIARIO DE TORREVIEJA;Torrevieja;ALICANTE;748;TERCIARIO DE TORREVIEJA;TERCIARIO DE TORREVIEJA;320;Comunidad Valenciana;9
CA0748001;2025-09-05;DCE;1,2-dicloroetano (EDC, cloruro de etileno);µg/L;0;< 0,50;705332;4207772;70042;TERCIARIO DE TORREVIEJA;Torrevieja;ALICANTE;748;TERCIARIO DE TORREVIEJA;TERCIARIO DE TORREVIEJA;320;Comunidad Valenciana;9
CA0748001;2025-09-05;DQO;DQO o Demanda Química de Oxígeno;mg/L O2;180;18;705332;4207772;70042;TERCIARIO DE TORREVIEJA;Torrevieja;ALICANTE;748;TERCIARIO DE TORREVIEJA;TERCIARIO DE TORREVIEJA;320;Comunidad Valenciana;9
CA0748001;2025-09-05;ETBENCENO;Etilbenceno;µg/L;0;< 0,50;705332;4207772;70042;TERCIARIO DE TORREVIEJA;Torrevieja;ALICANTE;748;TERCIARIO DE TORREVIEJA;TERCIARIO DE TORREVIEJA;320;Comunidad Valenciana;9
CA0748001;2025-09-05;F;Fluoruros;µg/L;4000;400;705332;4207772;70042;TERCIARIO DE TORREVIEJA;Torrevieja;ALICANTE;748;TERCIARIO DE TORREVIEJA;TERCIARIO DE TORREVIEJA;320;Comunidad Valenciana;9
CA0748001;2025-09-05;FE;HIERRO;µg/L;0;< 5,0;705332;4207772;70042;TERCIARIO DE TORREVIEJA;Torrevieja;ALICANTE;748;TERCIARIO DE TORREVIEJA;TERCIARIO DE TORREVIEJA;320;Comunidad Valenciana;9
CA0748001;2025-09-05;HCB;Hexaclorobenceno (HCB, Perclorobenceno);µg/L;0;< 0,00100;705332;4207772;70042;TERCIARIO DE TORREVIEJA;Torrevieja;ALICANTE;748;TERCIARIO DE TORREVIEJA;TERCIARIO DE TORREVIEJA;320;Comunidad Valenciana;9
CA0748001;2025-09-05;HCBD;Hexaclorobutadieno (HCBD, Hexacloro-1,3-Butadieno);µg/L;0;< 0,50;705332;4207772;70042;TERCIARIO DE TORREVIEJA;Torrevieja;ALICANTE;748;TERCIARIO DE TORREVIEJA;TERCIARIO DE TORREVIEJA;320;Comunidad Valenciana;9
CA0748001;2025-09-05;HG;MERCURIO;µg/L Hg;0;< 0,020;705332;4207772;70042;TERCIARIO DE TORREVIEJA;Torrevieja;ALICANTE;748;TERCIARIO DE TORREVIEJA;TERCIARIO DE TORREVIEJA;320;Comunidad Valenciana;9
CA0748001;2025-09-05;ISOPROPB;Isopropilbenceno (cumeno);µg/L;0;< 0,50;705332;4207772;70042;TERCIARIO DE TORREVIEJA;Torrevieja;ALICANTE;748;TERCIARIO DE TORREVIEJA;TERCIARIO DE TORREVIEJA;320;Comunidad Valenciana;9
CA0748001;2025-09-05;ISOPROPILTO;4-ISOPROPILTOLUENO;µg/L;0;< 0,50;705332;4207772;70042;TERCIARIO DE TORREVIEJA;Torrevieja;ALICANTE;748;TERCIARIO DE TORREVIEJA;TERCIARIO DE TORREVIEJA;320;Comunidad Valenciana;9
CA0748001;2025-09-05;K;POTASIO;mg/L K;108;10,8;705332;4207772;70042;TERCIARIO DE TORREVIEJA;Torrevieja;ALICANTE;748;TERCIARIO DE TORREVIEJA;TERCIARIO DE TORREVIEJA;320;Comunidad Valenciana;9
CA0748001;2025-09-05;MCB;Clorobenceno (monoclorobenceno);µg/L;0;< 0,50;705332;4207772;70042;TERCIARIO DE TORREVIEJA;Torrevieja;ALICANTE;748;TERCIARIO DE TORREVIEJA;TERCIARIO DE TORREVIEJA;320;Comunidad Valenciana;9
CA0748001;2025-09-05;MCV;CLORURO DE VINILO;µg/l;0;< 0,100;705332;4207772;70042;TERCIARIO DE TORREVIEJA;Torrevieja;ALICANTE;748;TERCIARIO DE TORREVIEJA;TERCIARIO DE TORREVIEJA;320;Comunidad Valenciana;9
CA0748001;2025-09-05;MG;MAGNESIO;mg/L Mg;349;34,9;705332;4207772;70042;TERCIARIO DE TORREVIEJA;Torrevieja;ALICANTE;748;TERCIARIO DE TORREVIEJA;TERCIARIO DE TORREVIEJA;320;Comunidad Valenciana;9
CA0748001;2025-09-05;MN;MANGANESO;µg/L Mn;0;< 0,50;705332;4207772;70042;TERCIARIO DE TORREVIEJA;Torrevieja;ALICANTE;748;TERCIARIO DE TORREVIEJA;TERCIARIO DE TORREVIEJA;320;Comunidad Valenciana;9
CA0748001;2025-09-05;MO;MOLIBDENO;µg/L Mo;103;1,03;705332;4207772;70042;TERCIARIO DE TORREVIEJA;Torrevieja;ALICANTE;748;TERCIARIO DE TORREVIEJA;TERCIARIO DE TORREVIEJA;320;Comunidad Valenciana;9
CA0748001;2025-09-05;;SODIO;mg/L Na;2450;245;705332;4207772;70042;TERCIARIO DE TORREVIEJA;Torrevieja;ALICANTE;748;TERCIARIO DE TORREVIEJA;TERCIARIO DE TORREVIEJA;320;Comunidad Valenciana;9
CA0748001;2025-09-05;NAFTALENO;Naftaleno (naftalina);µg/L;0;< 0,50;705332;4207772;70042;TERCIARIO DE TORREVIEJA;Torrevieja;ALICANTE;748;TERCIARIO DE TORREVIEJA;TERCIARIO DE TORREVIEJA;320;Comunidad Valenciana;9
CA0748001;2025-09-05;N-BUB;N-BUTILBENCENO;µg/L;0;< 0,50;705332;4207772;70042;TERCIARIO DE TORREVIEJA;Torrevieja;ALICANTE;748;TERCIARIO DE TORREVIEJA;TERCIARIO DE TORREVIEJA;320;Comunidad Valenciana;9
CA0748001;2025-09-05;NH4;AMONIO;mg/L NH4;0;< 0,046;705332;4207772;70042;TERCIARIO DE TORREVIEJA;Torrevieja;ALICANTE;748;TERCIARIO DE TORREVIEJA;TERCIARIO DE TORREVIEJA;320;Comunidad Valenciana;9
CA0748001;2025-09-05;NI;NIQUEL;µg/L Ni;0;< 0,50;705332;4207772;70042;TERCIARIO DE TORREVIEJA;Torrevieja;ALICANTE;748;TERCIARIO DE TORREVIEJA;TERCIARIO DE TORREVIEJA;320;Comunidad Valenciana;9
CA0748001;2025-09-05;NO2;Nitritos;mg/L NO2;0;< 0,0100;705332;4207772;70042;TERCIARIO DE TORREVIEJA;Torrevieja;ALICANTE;748;TERCIARIO DE TORREVIEJA;TERCIARIO DE TORREVIEJA;320;Comunidad Valenciana;9
CA0748001;2025-09-05;NO3;Nitratos;mg/L NO3;530;53;705332;4207772;70042;TERCIARIO DE TORREVIEJA;Torrevieja;ALICANTE;748;TERCIARIO DE TORREVIEJA;TERCIARIO DE TORREVIEJA;320;Comunidad Valenciana;9
CA0748001;2025-09-05;N-PROPILB;N-PROPILBENCENO;µg/L;0;< 0,50;705332;4207772;70042;TERCIARIO DE TORREVIEJA;Torrevieja;ALICANTE;748;TERCIARIO DE TORREVIEJA;TERCIARIO DE TORREVIEJA;320;Comunidad Valenciana;9
CA0748001;2025-09-05;NTOTAL;Nitrógeno total;mg/L N;120;12;705332;4207772;70042;TERCIARIO DE TORREVIEJA;Torrevieja;ALICANTE;748;TERCIARIO DE TORREVIEJA;TERCIARIO DE TORREVIEJA;320;Comunidad Valenciana;9
CA0748001;2025-09-05;O2 DTO;Oxigeno disuelto de campo (medida in situ);mg/L O2;78;7,8;705332;4207772;70042;TERCIARIO DE TORREVIEJA;Torrevieja;ALICANTE;748;TERCIARIO DE TORREVIEJA;TERCIARIO DE TORREVIEJA;320;Comunidad Valenciana;9
CA0748001;2025-09-05;O-DICLORO;1,2-diclorobenceno (o-diclorobenceno);µg/L;0;< 0,50;705332;4207772;70042;TERCIARIO DE TORREVIEJA;Torrevieja;ALICANTE;748;TERCIARIO DE TORREVIEJA;TERCIARIO DE TORREVIEJA;320;Comunidad Valenciana;9
CA0748001;2025-09-05;PAHB(A)PIR;Benzo[a]pireno;µg/L;0;< 0,000167;705332;4207772;70042;TERCIARIO DE TORREVIEJA;Torrevieja;ALICANTE;748;TERCIARIO DE TORREVIEJA;TERCIARIO DE TORREVIEJA;320;Comunidad Valenciana;9
CA0748001;2025-09-05;PAHEST;Estireno (etenilbenceno);µg/L;0;< 0,50;705332;4207772;70042;TERCIARIO DE TORREVIEJA;Torrevieja;ALICANTE;748;TERCIARIO DE TORREVIEJA;TERCIARIO DE TORREVIEJA;320;Comunidad Valenciana;9
CA0748001;2025-09-05;PB;PLOMO;µg/L Pb;0;< 0,50;705332;4207772;70042;TERCIARIO DE TORREVIEJA;Torrevieja;ALICANTE;748;TERCIARIO DE TORREVIEJA;TERCIARIO DE TORREVIEJA;320;Comunidad Valenciana;9
CA0748001;2025-09-05;PER;Tetracloroetileno (PER, Percloroetileno);µg/L;0;< 1,00;705332;4207772;70042;TERCIARIO DE TORREVIEJA;Torrevieja;ALICANTE;748;TERCIARIO DE TORREVIEJA;TERCIARIO DE TORREVIEJA;320;Comunidad Valenciana;9
CA0748001;2025-09-05;PHSITU;pH de campo (medida in situ);udpH;748;7,48;705332;4207772;70042;TERCIARIO DE TORREVIEJA;Torrevieja;ALICANTE;748;TERCIARIO DE TORREVIEJA;TERCIARIO DE TORREVIEJA;320;Comunidad Valenciana;9
CA0748001;2025-09-05;PO4;Fosfatos;mg/L PO4;0;< 0,061;705332;4207772;70042;TERCIARIO DE TORREVIEJA;Torrevieja;ALICANTE;748;TERCIARIO DE TORREVIEJA;TERCIARIO DE TORREVIEJA;320;Comunidad Valenciana;9
CA0748001;2025-09-05;PTOTAL;FOSFORO TOTAL;mg/L P;39;0,039;705332;4207772;70042;TERCIARIO DE TORREVIEJA;Torrevieja;ALICANTE;748;TERCIARIO DE TORREVIEJA;TERCIARIO DE TORREVIEJA;320;Comunidad Valenciana;9
CA0748001;2025-09-05;SATINSI;Porcentaje de saturación de oxígeno disuelto de campo (medido in situ);% O2;827;82,7;705332;4207772;70042;TERCIARIO DE TORREVIEJA;Torrevieja;ALICANTE;748;TERCIARIO DE TORREVIEJA;TERCIARIO DE TORREVIEJA;320;Comunidad Valenciana;9
CA0748001;2025-09-05;SB;ANTIMONIO;µg/l Sb;0;< 0,50;705332;4207772;70042;TERCIARIO DE TORREVIEJA;Torrevieja;ALICANTE;748;TERCIARIO DE TORREVIEJA;TERCIARIO DE TORREVIEJA;320;Comunidad Valenciana;9
CA0748001;2025-09-05;SE;SELENIO;µg/L Se;232;2,32;705332;4207772;70042;TERCIARIO DE TORREVIEJA;Torrevieja;ALICANTE;748;TERCIARIO DE TORREVIEJA;TERCIARIO DE TORREVIEJA;320;Comunidad Valenciana;9
CA0748001;2025-09-05;SECBUTB;SEC-BUTILBENCENO;µg/L;0;< 0,50;705332;4207772;70042;TERCIARIO DE TORREVIEJA;Torrevieja;ALICANTE;748;TERCIARIO DE TORREVIEJA;TERCIARIO DE TORREVIEJA;320;Comunidad Valenciana;9
CA0748001;2025-09-05;SIO2;Sílice;mg/L SiO2;125;12,5;705332;4207772;70042;TERCIARIO DE TORREVIEJA;Torrevieja;ALICANTE;748;TERCIARIO DE TORREVIEJA;TERCIARIO DE TORREVIEJA;320;Comunidad Valenciana;9
CA0748001;2025-09-05;SN;ESTAÑO;µg/L Sn;0;< 5,0;705332;4207772;70042;TERCIARIO DE TORREVIEJA;Torrevieja;ALICANTE;748;TERCIARIO DE TORREVIEJA;TERCIARIO DE TORREVIEJA;320;Comunidad Valenciana;9
CA0748001;2025-09-05;SUMAXILENO;Xileno (dimetilbenceno) (suma o-, m- y p-xileno);µg/L;0;< 1,00;705332;4207772;70042;TERCIARIO DE TORREVIEJA;Torrevieja;ALICANTE;748;TERCIARIO DE TORREVIEJA;TERCIARIO DE TORREVIEJA;320;Comunidad Valenciana;9
CA0748001;2025-09-05;SUMDCB;Diclorobenceno (suma isómeros);µg/L;0;< 0,50;705332;4207772;70042;TERCIARIO DE TORREVIEJA;Torrevieja;ALICANTE;748;TERCIARIO DE TORREVIEJA;TERCIARIO DE TORREVIEJA;320;Comunidad Valenciana;9
CA0748001;2025-09-05;SUMTCBEN;"Triclorobenceno (suma isómeros 1,2,3-; 1,2,4- y 1,3,5- TCB)";µg/L;0;< 0,10;705332;4207772;70042;TERCIARIO DE TORREVIEJA;Torrevieja;ALICANTE;748;TERCIARIO DE TORREVIEJA;TERCIARIO DE TORREVIEJA;320;Comunidad Valenciana;9
CA0748001;2025-09-05;SUO4;Sulfatos;mg/L SO4;1370;137;705332;4207772;70042;TERCIARIO DE TORREVIEJA;Torrevieja;ALICANTE;748;TERCIARIO DE TORREVIEJA;TERCIARIO DE TORREVIEJA;320;Comunidad Valenciana;9
CA0748001;2025-09-05;TAGUA;"TEMPERATURA ""IN SITU""";ºC;246;24,6;705332;4207772;70042;TERCIARIO DE TORREVIEJA;Torrevieja;ALICANTE;748;TERCIARIO DE TORREVIEJA;TERCIARIO DE TORREVIEJA;320;Comunidad Valenciana;9
CA0748001;2025-09-05;TBUTB;TERC-BUTILBENCENO;µg/L;0;< 0,50;705332;4207772;70042;TERCIARIO DE TORREVIEJA;Torrevieja;ALICANTE;748;TERCIARIO DE TORREVIEJA;TERCIARIO DE TORREVIEJA;320;Comunidad Valenciana;9
CA0748001;2025-09-05;TCB123;1,2,3-Triclorobenceno;µg/L;0;< 0,10;705332;4207772;70042;TERCIARIO DE TORREVIEJA;Torrevieja;ALICANTE;748;TERCIARIO DE TORREVIEJA;TERCIARIO DE TORREVIEJA;320;Comunidad Valenciana;9
CA0748001;2025-09-05;TCB124;1,2,4-Triclorobenceno;µg/L;0;< 0,10;705332;4207772;70042;TERCIARIO DE TORREVIEJA;Torrevieja;ALICANTE;748;TERCIARIO DE TORREVIEJA;TERCIARIO DE TORREVIEJA;320;Comunidad Valenciana;9
CA0748001;2025-09-05;TCB135;1,3,5-Triclorobenceno;µg/L;0;< 0,10;705332;4207772;70042;TERCIARIO DE TORREVIEJA;Torrevieja;ALICANTE;748;TERCIARIO DE TORREVIEJA;TERCIARIO DE TORREVIEJA;320;Comunidad Valenciana;9
CA0748001;2025-09-05;TCE;1,1,1-TRICLOROETANO;µg/L;0;< 1,00;705332;4207772;70042;TERCIARIO DE TORREVIEJA;Torrevieja;ALICANTE;748;TERCIARIO DE TORREVIEJA;TERCIARIO DE TORREVIEJA;320;Comunidad Valenciana;9
CA0748001;2025-09-05;TETRA;Tetracloruro de carbono (Tetraclorometano, Perclorometano);µg/L;0;< 1,00;705332;4207772;70042;TERCIARIO DE TORREVIEJA;Torrevieja;ALICANTE;748;TERCIARIO DE TORREVIEJA;TERCIARIO DE TORREVIEJA;320;Comunidad Valenciana;9
CA0748001;2025-09-05;TETRTRI;Tricloroetileno + Tetracloroetileno (Percloroetileno);µg/L;0;< 1,00;705332;4207772;70042;TERCIARIO DE TORREVIEJA;Torrevieja;ALICANTE;748;TERCIARIO DE TORREVIEJA;TERCIARIO DE TORREVIEJA;320;Comunidad Valenciana;9
CA0748001;2025-09-05;THMBR2CL;Bromodiclorometano;µg/l;0;< 1,00;705332;4207772;70042;TERCIARIO DE TORREVIEJA;Torrevieja;ALICANTE;748;TERCIARIO DE TORREVIEJA;TERCIARIO DE TORREVIEJA;320;Comunidad Valenciana;9
CA0748001;2025-09-05;THMBRCL2;DIBROMOCLOROMETANO (Trihalometanos);µg/L;0;< 1,00;705332;4207772;70042;TERCIARIO DE TORREVIEJA;Torrevieja;ALICANTE;748;TERCIARIO DE TORREVIEJA;TERCIARIO DE TORREVIEJA;320;Comunidad Valenciana;9
CA0748001;2025-09-05;THMBRF;BROMOFORMO;µg/L;0;< 1,00;705332;4207772;70042;TERCIARIO DE TORREVIEJA;Torrevieja;ALICANTE;748;TERCIARIO DE TORREVIEJA;TERCIARIO DE TORREVIEJA;320;Comunidad Valenciana;9
CA0748001;2025-09-05;THMDCM;DICLOROMETANO;µg/L;0;< 5,0;705332;4207772;70042;TERCIARIO DE TORREVIEJA;Torrevieja;ALICANTE;748;TERCIARIO DE TORREVIEJA;TERCIARIO DE TORREVIEJA;320;Comunidad Valenciana;9
CA0748001;2025-09-05;TMB1;1,2,4-trimetilbenceno;µg/l;0;< 0,50;705332;4207772;70042;TERCIARIO DE TORREVIEJA;Torrevieja;ALICANTE;748;TERCIARIO DE TORREVIEJA;TERCIARIO DE TORREVIEJA;320;Comunidad Valenciana;9
CA0748001;2025-09-05;TMB2;1,3,5-TRIMETILBENCENO;µg/L;0;< 0,50;705332;4207772;70042;TERCIARIO DE TORREVIEJA;Torrevieja;ALICANTE;748;TERCIARIO DE TORREVIEJA;TERCIARIO DE TORREVIEJA;320;Comunidad Valenciana;9
CA0748001;2025-09-05;TOL;Tolueno (Metilbenceno);µg/L;0;< 0,50;705332;4207772;70042;TERCIARIO DE TORREVIEJA;Torrevieja;ALICANTE;748;TERCIARIO DE TORREVIEJA;TERCIARIO DE TORREVIEJA;320;Comunidad Valenciana;9
CA0748001;2025-09-05;TRICLOET;Tricloroetileno (TRI);µg/L;0;< 1,00;705332;4207772;70042;TERCIARIO DE TORREVIEJA;Torrevieja;ALICANTE;748;TERCIARIO DE TORREVIEJA;TERCIARIO DE TORREVIEJA;320;Comunidad Valenciana;9
CA0748001;2025-09-05;U;URANIO;µg/l;141;1,41;705332;4207772;70042;TERCIARIO DE TORREVIEJA;Torrevieja;ALICANTE;748;TERCIARIO DE TORREVIEJA;TERCIARIO DE TORREVIEJA;320;Comunidad Valenciana;9
CA0748001;2025-09-05;V;VANADIO;µg/L V;154;1,54;705332;4207772;70042;TERCIARIO DE TORREVIEJA;Torrevieja;ALICANTE;748;TERCIARIO DE TORREVIEJA;TERCIARIO DE TORREVIEJA;320;Comunidad Valenciana;9
CA0748001;2025-09-05;XILM+P;SUMA M+P XILENO;µg/L;0;< 1,00;705332;4207772;70042;TERCIARIO DE TORREVIEJA;Torrevieja;ALICANTE;748;TERCIARIO DE TORREVIEJA;TERCIARIO DE TORREVIEJA;320;Comunidad Valenciana;9
CA0748001;2025-09-05;XIL-O;O-XILENO;µg/L;0;< 0,50;705332;4207772;70042;TERCIARIO DE TORREVIEJA;Torrevieja;ALICANTE;748;TERCIARIO DE TORREVIEJA;TERCIARIO DE TORREVIEJA;320;Comunidad Valenciana;9
CA0748001;2025-09-05;ZN;ZINC;µg/l Zn;103;10,3;705332;4207772;70042;TERCIARIO DE TORREVIEJA;Torrevieja;ALICANTE;748;TERCIARIO DE TORREVIEJA;TERCIARIO DE TORREVIEJA;320;Comunidad Valenciana;9
CA0748001;2025-11-10;12DIBR;1,2-DIBROMOETANO;µg/L;0;< 1,00;705332;4207772;70042;TERCIARIO DE TORREVIEJA;Torrevieja;ALICANTE;748;TERCIARIO DE TORREVIEJA;TERCIARIO DE TORREVIEJA;320;Comunidad Valenciana;11
CA0748001;2025-11-10;AL;ALUMINIO;µg/L Al;910;91;705332;4207772;70042;TERCIARIO DE TORREVIEJA;Torrevieja;ALICANTE;748;TERCIARIO DE TORREVIEJA;TERCIARIO DE TORREVIEJA;320;Comunidad Valenciana;11
CA0748001;2025-11-10;ALCALIN;ALCALINIDAD;mg/L CO3Ca;1130;113;705332;4207772;70042;TERCIARIO DE TORREVIEJA;Torrevieja;ALICANTE;748;TERCIARIO DE TORREVIEJA;TERCIARIO DE TORREVIEJA;320;Comunidad Valenciana;11
CA0748001;2025-11-10;AS;ARSENICO;µg/L As;0;< 0,50;705332;4207772;70042;TERCIARIO DE TORREVIEJA;Torrevieja;ALICANTE;748;TERCIARIO DE TORREVIEJA;TERCIARIO DE TORREVIEJA;320;Comunidad Valenciana;11
CA0748001;2025-11-10;B;BORO;µg/L B;2520;252;705332;4207772;70042;TERCIARIO DE TORREVIEJA;Torrevieja;ALICANTE;748;TERCIARIO DE TORREVIEJA;TERCIARIO DE TORREVIEJA;320;Comunidad Valenciana;11
CA0748001;2025-11-10;BENCENO;BENCENO;µg/L;0;< 0,100;705332;4207772;70042;TERCIARIO DE TORREVIEJA;Torrevieja;ALICANTE;748;TERCIARIO DE TORREVIEJA;TERCIARIO DE TORREVIEJA;320;Comunidad Valenciana;11
CA0748001;2025-11-10;BICARB;BICARBONATOS;mg/L HCO3-;1380;138;705332;4207772;70042;TERCIARIO DE TORREVIEJA;Torrevieja;ALICANTE;748;TERCIARIO DE TORREVIEJA;TERCIARIO DE TORREVIEJA;320;Comunidad Valenciana;11
CA0748001;2025-11-10;BISF;BISFENOL-A;µg/l;0;< 0,50;705332;4207772;70042;TERCIARIO DE TORREVIEJA;Torrevieja;ALICANTE;748;TERCIARIO DE TORREVIEJA;TERCIARIO DE TORREVIEJA;320;Comunidad Valenciana;11
CA0748001;2025-11-10;BRB;BROMOBENCENO;µg/L;0;< 0,50;705332;4207772;70042;TERCIARIO DE TORREVIEJA;Torrevieja;ALICANTE;748;TERCIARIO DE TORREVIEJA;TERCIARIO DE TORREVIEJA;320;Comunidad Valenciana;11
CA0748001;2025-11-10;BRO4;BROMATOS;µg/l;0;< 0,003;705332;4207772;70042;TERCIARIO DE TORREVIEJA;Torrevieja;ALICANTE;748;TERCIARIO DE TORREVIEJA;TERCIARIO DE TORREVIEJA;320;Comunidad Valenciana;11
CA0748001;2025-11-10;CA;CALCIO;mg/L Ca;690;69;705332;4207772;70042;TERCIARIO DE TORREVIEJA;Torrevieja;ALICANTE;748;TERCIARIO DE TORREVIEJA;TERCIARIO DE TORREVIEJA;320;Comunidad Valenciana;11
CA0748001;2025-11-10;CARB;Carbonatos;mg/L CO3;0;< 8,0;705332;4207772;70042;TERCIARIO DE TORREVIEJA;Torrevieja;ALICANTE;748;TERCIARIO DE TORREVIEJA;TERCIARIO DE TORREVIEJA;320;Comunidad Valenciana;11
CA0748001;2025-11-10;CD;CADMIO;µg/L Cd;43;0,043;705332;4207772;70042;TERCIARIO DE TORREVIEJA;Torrevieja;ALICANTE;748;TERCIARIO DE TORREVIEJA;TERCIARIO DE TORREVIEJA;320;Comunidad Valenciana;11
CA0748001;2025-11-10;CL;Cloruros;mg/L Cl;860;86;705332;4207772;70042;TERCIARIO DE TORREVIEJA;Torrevieja;ALICANTE;748;TERCIARIO DE TORREVIEJA;TERCIARIO DE TORREVIEJA;320;Comunidad Valenciana;11
CA0748001;2025-11-10;CLF;Cloroformo (Triclorometano);µg/L;116;1,16;705332;4207772;70042;TERCIARIO DE TORREVIEJA;Torrevieja;ALICANTE;748;TERCIARIO DE TORREVIEJA;TERCIARIO DE TORREVIEJA;320;Comunidad Valenciana;11
CA0748001;2025-11-10;CLO2;CLORITOS;mg/L;0;< 0,075;705332;4207772;70042;TERCIARIO DE TORREVIEJA;Torrevieja;ALICANTE;748;TERCIARIO DE TORREVIEJA;TERCIARIO DE TORREVIEJA;320;Comunidad Valenciana;11
CA0748001;2025-11-10;CLORAT;CLORATOS;mg/L;0;< 0,075;705332;4207772;70042;TERCIARIO DE TORREVIEJA;Torrevieja;ALICANTE;748;TERCIARIO DE TORREVIEJA;TERCIARIO DE TORREVIEJA;320;Comunidad Valenciana;11
CA0748001;2025-11-10;CLTO2;4-CLOROTOLUENO;µg/L;0;< 0,50;705332;4207772;70042;TERCIARIO DE TORREVIEJA;Torrevieja;ALICANTE;748;TERCIARIO DE TORREVIEJA;TERCIARIO DE TORREVIEJA;320;Comunidad Valenciana;11
CA0748001;2025-11-10;CLTOL;2-CLOROTOLUENO;µg/L;0;< 0,50;705332;4207772;70042;TERCIARIO DE TORREVIEJA;Torrevieja;ALICANTE;748;TERCIARIO DE TORREVIEJA;TERCIARIO DE TORREVIEJA;320;Comunidad Valenciana;11
CA0748001;2025-11-10;CN;CIANUROS TOTALES;µg/L CN;0;< 12,0;705332;4207772;70042;TERCIARIO DE TORREVIEJA;Torrevieja;ALICANTE;748;TERCIARIO DE TORREVIEJA;TERCIARIO DE TORREVIEJA;320;Comunidad Valenciana;11
CA0748001;2025-11-10;CO;COBALTO;µg/L Co;0;< 0,50;705332;4207772;70042;TERCIARIO DE TORREVIEJA;Torrevieja;ALICANTE;748;TERCIARIO DE TORREVIEJA;TERCIARIO DE TORREVIEJA;320;Comunidad Valenciana;11
CA0748001;2025-11-10;COND20SITU;Conductividad de campo (medida in situ);µS/cm;7750;775;705332;4207772;70042;TERCIARIO DE TORREVIEJA;Torrevieja;ALICANTE;748;TERCIARIO DE TORREVIEJA;TERCIARIO DE TORREVIEJA;320;Comunidad Valenciana;11
CA0748001;2025-11-10;CR;CROMO;µg/L Cr;0;< 0,50;705332;4207772;70042;TERCIARIO DE TORREVIEJA;Torrevieja;ALICANTE;748;TERCIARIO DE TORREVIEJA;TERCIARIO DE TORREVIEJA;320;Comunidad Valenciana;11
CA0748001;2025-11-10;CU;COBRE;µg/L Cu;121;1,21;705332;4207772;70042;TERCIARIO DE TORREVIEJA;Torrevieja;ALICANTE;748;TERCIARIO DE TORREVIEJA;TERCIARIO DE TORREVIEJA;320;Comunidad Valenciana;11
CA0748001;2025-11-10;DCB-M;1,3-diclorobenceno (m-diclorobenceno);µg/L;0;< 0,50;705332;4207772;70042;TERCIARIO DE TORREVIEJA;Torrevieja;ALICANTE;748;TERCIARIO DE TORREVIEJA;TERCIARIO DE TORREVIEJA;320;Comunidad Valenciana;11
CA0748001;2025-11-10;DCB-P;1,4-diclorobenceno (p-diclorobenceno);µg/L;0;< 0,50;705332;4207772;70042;TERCIARIO DE TORREVIEJA;Torrevieja;ALICANTE;748;TERCIARIO DE TORREVIEJA;TERCIARIO DE TORREVIEJA;320;Comunidad Valenciana;11
CA0748001;2025-11-10;DCE;1,2-dicloroetano (EDC, cloruro de etileno);µg/L;0;< 0,50;705332;4207772;70042;TERCIARIO DE TORREVIEJA;Torrevieja;ALICANTE;748;TERCIARIO DE TORREVIEJA;TERCIARIO DE TORREVIEJA;320;Comunidad Valenciana;11
CA0748001;2025-11-10;DQO;DQO o Demanda Química de Oxígeno;mg/L O2;110;11;705332;4207772;70042;TERCIARIO DE TORREVIEJA;Torrevieja;ALICANTE;748;TERCIARIO DE TORREVIEJA;TERCIARIO DE TORREVIEJA;320;Comunidad Valenciana;11
CA0748001;2025-11-10;ETBENCENO;Etilbenceno;µg/L;0;< 0,50;705332;4207772;70042;TERCIARIO DE TORREVIEJA;Torrevieja;ALICANTE;748;TERCIARIO DE TORREVIEJA;TERCIARIO DE TORREVIEJA;320;Comunidad Valenciana;11
CA0748001;2025-11-10;F;Fluoruros;µg/L;1510;151;705332;4207772;70042;TERCIARIO DE TORREVIEJA;Torrevieja;ALICANTE;748;TERCIARIO DE TORREVIEJA;TERCIARIO DE TORREVIEJA;320;Comunidad Valenciana;11
CA0748001;2025-11-10;FE;HIERRO;µg/L;64;6,4;705332;4207772;70042;TERCIARIO DE TORREVIEJA;Torrevieja;ALICANTE;748;TERCIARIO DE TORREVIEJA;TERCIARIO DE TORREVIEJA;320;Comunidad Valenciana;11
CA0748001;2025-11-10;HCB;Hexaclorobenceno (HCB, Perclorobenceno);µg/L;0;< 0,00100;705332;4207772;70042;TERCIARIO DE TORREVIEJA;Torrevieja;ALICANTE;748;TERCIARIO DE TORREVIEJA;TERCIARIO DE TORREVIEJA;320;Comunidad Valenciana;11
CA0748001;2025-11-10;HCBD;Hexaclorobutadieno (HCBD, Hexacloro-1,3-Butadieno);µg/L;0;< 0,50;705332;4207772;70042;TERCIARIO DE TORREVIEJA;Torrevieja;ALICANTE;748;TERCIARIO DE TORREVIEJA;TERCIARIO DE TORREVIEJA;320;Comunidad Valenciana;11
CA0748001;2025-11-10;HG;MERCURIO;µg/L Hg;59;0,059;705332;4207772;70042;TERCIARIO DE TORREVIEJA;Torrevieja;ALICANTE;748;TERCIARIO DE TORREVIEJA;TERCIARIO DE TORREVIEJA;320;Comunidad Valenciana;11
CA0748001;2025-11-10;ISOPROPB;Isopropilbenceno (cumeno);µg/L;0;< 0,50;705332;4207772;70042;TERCIARIO DE TORREVIEJA;Torrevieja;ALICANTE;748;TERCIARIO DE TORREVIEJA;TERCIARIO DE TORREVIEJA;320;Comunidad Valenciana;11
CA0748001;2025-11-10;ISOPROPILTO;4-ISOPROPILTOLUENO;µg/L;0;< 0,50;705332;4207772;70042;TERCIARIO DE TORREVIEJA;Torrevieja;ALICANTE;748;TERCIARIO DE TORREVIEJA;TERCIARIO DE TORREVIEJA;320;Comunidad Valenciana;11
CA0748001;2025-11-10;K;POTASIO;mg/L K;39;3,9;705332;4207772;70042;TERCIARIO DE TORREVIEJA;Torrevieja;ALICANTE;748;TERCIARIO DE TORREVIEJA;TERCIARIO DE TORREVIEJA;320;Comunidad Valenciana;11
CA0748001;2025-11-10;MCB;Clorobenceno (monoclorobenceno);µg/L;0;< 0,50;705332;4207772;70042;TERCIARIO DE TORREVIEJA;Torrevieja;ALICANTE;748;TERCIARIO DE TORREVIEJA;TERCIARIO DE TORREVIEJA;320;Comunidad Valenciana;11
CA0748001;2025-11-10;MCV;CLORURO DE VINILO;µg/l;0;< 0,100;705332;4207772;70042;TERCIARIO DE TORREVIEJA;Torrevieja;ALICANTE;748;TERCIARIO DE TORREVIEJA;TERCIARIO DE TORREVIEJA;320;Comunidad Valenciana;11
CA0748001;2025-11-10;MG;MAGNESIO;mg/L Mg;313;31,3;705332;4207772;70042;TERCIARIO DE TORREVIEJA;Torrevieja;ALICANTE;748;TERCIARIO DE TORREVIEJA;TERCIARIO DE TORREVIEJA;320;Comunidad Valenciana;11
CA0748001;2025-11-10;MN;MANGANESO;µg/L Mn;95;0,95;705332;4207772;70042;TERCIARIO DE TORREVIEJA;Torrevieja;ALICANTE;748;TERCIARIO DE TORREVIEJA;TERCIARIO DE TORREVIEJA;320;Comunidad Valenciana;11
CA0748001;2025-11-10;MO;MOLIBDENO;µg/L Mo;40;4;705332;4207772;70042;TERCIARIO DE TORREVIEJA;Torrevieja;ALICANTE;748;TERCIARIO DE TORREVIEJA;TERCIARIO DE TORREVIEJA;320;Comunidad Valenciana;11
CA0748001;2025-11-10;;SODIO;mg/L Na;635;63,5;705332;4207772;70042;TERCIARIO DE TORREVIEJA;Torrevieja;ALICANTE;748;TERCIARIO DE TORREVIEJA;TERCIARIO DE TORREVIEJA;320;Comunidad Valenciana;11
CA0748001;2025-11-10;NAFTALENO;Naftaleno (naftalina);µg/L;0;< 0,50;705332;4207772;70042;TERCIARIO DE TORREVIEJA;Torrevieja;ALICANTE;748;TERCIARIO DE TORREVIEJA;TERCIARIO DE TORREVIEJA;320;Comunidad Valenciana;11
CA0748001;2025-11-10;N-BUB;N-BUTILBENCENO;µg/L;0;< 0,50;705332;4207772;70042;TERCIARIO DE TORREVIEJA;Torrevieja;ALICANTE;748;TERCIARIO DE TORREVIEJA;TERCIARIO DE TORREVIEJA;320;Comunidad Valenciana;11
CA0748001;2025-11-10;NH4;AMONIO;mg/L NH4;0;< 0,046;705332;4207772;70042;TERCIARIO DE TORREVIEJA;Torrevieja;ALICANTE;748;TERCIARIO DE TORREVIEJA;TERCIARIO DE TORREVIEJA;320;Comunidad Valenciana;11
CA0748001;2025-11-10;NI;NIQUEL;µg/L Ni;234;2,34;705332;4207772;70042;TERCIARIO DE TORREVIEJA;Torrevieja;ALICANTE;748;TERCIARIO DE TORREVIEJA;TERCIARIO DE TORREVIEJA;320;Comunidad Valenciana;11
CA0748001;2025-11-10;NO2;Nitritos;mg/L NO2;0;< 0,0100;705332;4207772;70042;TERCIARIO DE TORREVIEJA;Torrevieja;ALICANTE;748;TERCIARIO DE TORREVIEJA;TERCIARIO DE TORREVIEJA;320;Comunidad Valenciana;11
CA0748001;2025-11-10;NO3;Nitratos;mg/L NO3;261;2,61;705332;4207772;70042;TERCIARIO DE TORREVIEJA;Torrevieja;ALICANTE;748;TERCIARIO DE TORREVIEJA;TERCIARIO DE TORREVIEJA;320;Comunidad Valenciana;11
CA0748001;2025-11-10;N-PROPILB;N-PROPILBENCENO;µg/L;0;< 0,50;705332;4207772;70042;TERCIARIO DE TORREVIEJA;Torrevieja;ALICANTE;748;TERCIARIO DE TORREVIEJA;TERCIARIO DE TORREVIEJA;320;Comunidad Valenciana;11
CA0748001;2025-11-10;NTOTAL;Nitrógeno total;mg/L N;0;< 1,00;705332;4207772;70042;TERCIARIO DE TORREVIEJA;Torrevieja;ALICANTE;748;TERCIARIO DE TORREVIEJA;TERCIARIO DE TORREVIEJA;320;Comunidad Valenciana;11
CA0748001;2025-11-10;O2 DTO;Oxigeno disuelto de campo (medida in situ);mg/L O2;82;8,2;705332;4207772;70042;TERCIARIO DE TORREVIEJA;Torrevieja;ALICANTE;748;TERCIARIO DE TORREVIEJA;TERCIARIO DE TORREVIEJA;320;Comunidad Valenciana;11
CA0748001;2025-11-10;O-DICLORO;1,2-diclorobenceno (o-diclorobenceno);µg/L;0;< 0,50;705332;4207772;70042;TERCIARIO DE TORREVIEJA;Torrevieja;ALICANTE;748;TERCIARIO DE TORREVIEJA;TERCIARIO DE TORREVIEJA;320;Comunidad Valenciana;11
CA0748001;2025-11-10;PAHB(A)PIR;Benzo[a]pireno;µg/L;0;< 0,000167;705332;4207772;70042;TERCIARIO DE TORREVIEJA;Torrevieja;ALICANTE;748;TERCIARIO DE TORREVIEJA;TERCIARIO DE TORREVIEJA;320;Comunidad Valenciana;11
CA0748001;2025-11-10;PAHEST;Estireno (etenilbenceno);µg/L;0;< 0,50;705332;4207772;70042;TERCIARIO DE TORREVIEJA;Torrevieja;ALICANTE;748;TERCIARIO DE TORREVIEJA;TERCIARIO DE TORREVIEJA;320;Comunidad Valenciana;11
CA0748001;2025-11-10;PB;PLOMO;µg/L Pb;0;< 0,50;705332;4207772;70042;TERCIARIO DE TORREVIEJA;Torrevieja;ALICANTE;748;TERCIARIO DE TORREVIEJA;TERCIARIO DE TORREVIEJA;320;Comunidad Valenciana;11
CA0748001;2025-11-10;PER;Tetracloroetileno (PER, Percloroetileno);µg/L;0;< 1,00;705332;4207772;70042;TERCIARIO DE TORREVIEJA;Torrevieja;ALICANTE;748;TERCIARIO DE TORREVIEJA;TERCIARIO DE TORREVIEJA;320;Comunidad Valenciana;11
CA0748001;2025-11-10;PHSITU;pH de campo (medida in situ);udpH;813;8,13;705332;4207772;70042;TERCIARIO DE TORREVIEJA;Torrevieja;ALICANTE;748;TERCIARIO DE TORREVIEJA;TERCIARIO DE TORREVIEJA;320;Comunidad Valenciana;11
CA0748001;2025-11-10;PO4;Fosfatos;mg/L PO4;0;< 0,061;705332;4207772;70042;TERCIARIO DE TORREVIEJA;Torrevieja;ALICANTE;748;TERCIARIO DE TORREVIEJA;TERCIARIO DE TORREVIEJA;320;Comunidad Valenciana;11
CA0748001;2025-11-10;PTOTAL;FOSFORO TOTAL;mg/L P;0;< 0,0200;705332;4207772;70042;TERCIARIO DE TORREVIEJA;Torrevieja;ALICANTE;748;TERCIARIO DE TORREVIEJA;TERCIARIO DE TORREVIEJA;320;Comunidad Valenciana;11
CA0748001;2025-11-10;SATINSI;Porcentaje de saturación de oxígeno disuelto de campo (medido in situ);% O2;868;86,8;705332;4207772;70042;TERCIARIO DE TORREVIEJA;Torrevieja;ALICANTE;748;TERCIARIO DE TORREVIEJA;TERCIARIO DE TORREVIEJA;320;Comunidad Valenciana;11
CA0748001;2025-11-10;SB;ANTIMONIO;µg/l Sb;0;< 0,50;705332;4207772;70042;TERCIARIO DE TORREVIEJA;Torrevieja;ALICANTE;748;TERCIARIO DE TORREVIEJA;TERCIARIO DE TORREVIEJA;320;Comunidad Valenciana;11
CA0748001;2025-11-10;SE;SELENIO;µg/L Se;116;1,16;705332;4207772;70042;TERCIARIO DE TORREVIEJA;Torrevieja;ALICANTE;748;TERCIARIO DE TORREVIEJA;TERCIARIO DE TORREVIEJA;320;Comunidad Valenciana;11
CA0748001;2025-11-10;SECBUTB;SEC-BUTILBENCENO;µg/L;0;< 0,50;705332;4207772;70042;TERCIARIO DE TORREVIEJA;Torrevieja;ALICANTE;748;TERCIARIO DE TORREVIEJA;TERCIARIO DE TORREVIEJA;320;Comunidad Valenciana;11
CA0748001;2025-11-10;SIO2;Sílice;mg/L SiO2;37;3,7;705332;4207772;70042;TERCIARIO DE TORREVIEJA;Torrevieja;ALICANTE;748;TERCIARIO DE TORREVIEJA;TERCIARIO DE TORREVIEJA;320;Comunidad Valenciana;11
CA0748001;2025-11-10;SN;ESTAÑO;µg/L Sn;0;< 5,0;705332;4207772;70042;TERCIARIO DE TORREVIEJA;Torrevieja;ALICANTE;748;TERCIARIO DE TORREVIEJA;TERCIARIO DE TORREVIEJA;320;Comunidad Valenciana;11
CA0748001;2025-11-10;SUMAXILENO;Xileno (dimetilbenceno) (suma o-, m- y p-xileno);µg/L;0;< 1,00;705332;4207772;70042;TERCIARIO DE TORREVIEJA;Torrevieja;ALICANTE;748;TERCIARIO DE TORREVIEJA;TERCIARIO DE TORREVIEJA;320;Comunidad Valenciana;11
CA0748001;2025-11-10;SUMDCB;Diclorobenceno (suma isómeros);µg/L;0;< 0,50;705332;4207772;70042;TERCIARIO DE TORREVIEJA;Torrevieja;ALICANTE;748;TERCIARIO DE TORREVIEJA;TERCIARIO DE TORREVIEJA;320;Comunidad Valenciana;11
CA0748001;2025-11-10;SUMTCBEN;"Triclorobenceno (suma isómeros 1,2,3-; 1,2,4- y 1,3,5- TCB)";µg/L;0;< 0,10;705332;4207772;70042;TERCIARIO DE TORREVIEJA;Torrevieja;ALICANTE;748;TERCIARIO DE TORREVIEJA;TERCIARIO DE TORREVIEJA;320;Comunidad Valenciana;11
CA0748001;2025-11-10;SUO4;Sulfatos;mg/L SO4;1700;170;705332;4207772;70042;TERCIARIO DE TORREVIEJA;Torrevieja;ALICANTE;748;TERCIARIO DE TORREVIEJA;TERCIARIO DE TORREVIEJA;320;Comunidad Valenciana;11
CA0748001;2025-11-10;TAGUA;"TEMPERATURA ""IN SITU""";ºC;179;17,9;705332;4207772;70042;TERCIARIO DE TORREVIEJA;Torrevieja;ALICANTE;748;TERCIARIO DE TORREVIEJA;TERCIARIO DE TORREVIEJA;320;Comunidad Valenciana;11
CA0748001;2025-11-10;TBUTB;TERC-BUTILBENCENO;µg/L;0;< 0,50;705332;4207772;70042;TERCIARIO DE TORREVIEJA;Torrevieja;ALICANTE;748;TERCIARIO DE TORREVIEJA;TERCIARIO DE TORREVIEJA;320;Comunidad Valenciana;11
CA0748001;2025-11-10;TCB123;1,2,3-Triclorobenceno;µg/L;0;< 0,10;705332;4207772;70042;TERCIARIO DE TORREVIEJA;Torrevieja;ALICANTE;748;TERCIARIO DE TORREVIEJA;TERCIARIO DE TORREVIEJA;320;Comunidad Valenciana;11
CA0748001;2025-11-10;TCB124;1,2,4-Triclorobenceno;µg/L;0;< 0,10;705332;4207772;70042;TERCIARIO DE TORREVIEJA;Torrevieja;ALICANTE;748;TERCIARIO DE TORREVIEJA;TERCIARIO DE TORREVIEJA;320;Comunidad Valenciana;11
CA0748001;2025-11-10;TCB135;1,3,5-Triclorobenceno;µg/L;0;< 0,10;705332;4207772;70042;TERCIARIO DE TORREVIEJA;Torrevieja;ALICANTE;748;TERCIARIO DE TORREVIEJA;TERCIARIO DE TORREVIEJA;320;Comunidad Valenciana;11
CA0748001;2025-11-10;TCE;1,1,1-TRICLOROETANO;µg/L;0;< 1,00;705332;4207772;70042;TERCIARIO DE TORREVIEJA;Torrevieja;ALICANTE;748;TERCIARIO DE TORREVIEJA;TERCIARIO DE TORREVIEJA;320;Comunidad Valenciana;11
CA0748001;2025-11-10;TETRA;Tetracloruro de carbono (Tetraclorometano, Perclorometano);µg/L;0;< 1,00;705332;4207772;70042;TERCIARIO DE TORREVIEJA;Torrevieja;ALICANTE;748;TERCIARIO DE TORREVIEJA;TERCIARIO DE TORREVIEJA;320;Comunidad Valenciana;11
CA0748001;2025-11-10;TETRTRI;Tricloroetileno + Tetracloroetileno (Percloroetileno);µg/L;0;< 1,00;705332;4207772;70042;TERCIARIO DE TORREVIEJA;Torrevieja;ALICANTE;748;TERCIARIO DE TORREVIEJA;TERCIARIO DE TORREVIEJA;320;Comunidad Valenciana;11
CA0748001;2025-11-10;THMBR2CL;Bromodiclorometano;µg/l;153;15,3;705332;4207772;70042;TERCIARIO DE TORREVIEJA;Torrevieja;ALICANTE;748;TERCIARIO DE TORREVIEJA;TERCIARIO DE TORREVIEJA;320;Comunidad Valenciana;11
CA0748001;2025-11-10;THMBRCL2;DIBROMOCLOROMETANO (Trihalometanos);µg/L;390;39;705332;4207772;70042;TERCIARIO DE TORREVIEJA;Torrevieja;ALICANTE;748;TERCIARIO DE TORREVIEJA;TERCIARIO DE TORREVIEJA;320;Comunidad Valenciana;11
CA0748001;2025-11-10;THMBRF;BROMOFORMO;µg/L;350;35;705332;4207772;70042;TERCIARIO DE TORREVIEJA;Torrevieja;ALICANTE;748;TERCIARIO DE TORREVIEJA;TERCIARIO DE TORREVIEJA;320;Comunidad Valenciana;11
CA0748001;2025-11-10;THMDCM;DICLOROMETANO;µg/L;0;< 5,0;705332;4207772;70042;TERCIARIO DE TORREVIEJA;Torrevieja;ALICANTE;748;TERCIARIO DE TORREVIEJA;TERCIARIO DE TORREVIEJA;320;Comunidad Valenciana;11
CA0748001;2025-11-10;TMB1;1,2,4-trimetilbenceno;µg/l;0;< 0,50;705332;4207772;70042;TERCIARIO DE TORREVIEJA;Torrevieja;ALICANTE;748;TERCIARIO DE TORREVIEJA;TERCIARIO DE TORREVIEJA;320;Comunidad Valenciana;11
CA0748001;2025-11-10;TMB2;1,3,5-TRIMETILBENCENO;µg/L;0;< 0,50;705332;4207772;70042;TERCIARIO DE TORREVIEJA;Torrevieja;ALICANTE;748;TERCIARIO DE TORREVIEJA;TERCIARIO DE TORREVIEJA;320;Comunidad Valenciana;11
CA0748001;2025-11-10;TOL;Tolueno (Metilbenceno);µg/L;0;< 0,50;705332;4207772;70042;TERCIARIO DE TORREVIEJA;Torrevieja;ALICANTE;748;TERCIARIO DE TORREVIEJA;TERCIARIO DE TORREVIEJA;320;Comunidad Valenciana;11
CA0748001;2025-11-10;TRICLOET;Tricloroetileno (TRI);µg/L;0;< 1,00;705332;4207772;70042;TERCIARIO DE TORREVIEJA;Torrevieja;ALICANTE;748;TERCIARIO DE TORREVIEJA;TERCIARIO DE TORREVIEJA;320;Comunidad Valenciana;11
CA0748001;2025-11-10;U;URANIO;µg/l;98;0,98;705332;4207772;70042;TERCIARIO DE TORREVIEJA;Torrevieja;ALICANTE;748;TERCIARIO DE TORREVIEJA;TERCIARIO DE TORREVIEJA;320;Comunidad Valenciana;11
CA0748001;2025-11-10;V;VANADIO;µg/L V;106;1,06;705332;4207772;70042;TERCIARIO DE TORREVIEJA;Torrevieja;ALICANTE;748;TERCIARIO DE TORREVIEJA;TERCIARIO DE TORREVIEJA;320;Comunidad Valenciana;11
CA0748001;2025-11-10;XILM+P;SUMA M+P XILENO;µg/L;0;< 1,00;705332;4207772;70042;TERCIARIO DE TORREVIEJA;Torrevieja;ALICANTE;748;TERCIARIO DE TORREVIEJA;TERCIARIO DE TORREVIEJA;320;Comunidad Valenciana;11
CA0748001;2025-11-10;XIL-O;O-XILENO;µg/L;0;< 0,50;705332;4207772;70042;TERCIARIO DE TORREVIEJA;Torrevieja;ALICANTE;748;TERCIARIO DE TORREVIEJA;TERCIARIO DE TORREVIEJA;320;Comunidad Valenciana;11
CA0748001;2025-11-10;ZN;ZINC;µg/l Zn;1020;102;705332;4207772;70042;TERCIARIO DE TORREVIEJA;Torrevieja;ALICANTE;748;TERCIARIO DE TORREVIEJA;TERCIARIO DE TORREVIEJA;320;Comunidad Valenciana;11
