CCAA y provincia de origen,CCAA y provincia de origen.1,CCAA y provincia de origen.2,Municipio de destino,Concepto turístico,Periodo,Total
Total Nacional,,,03133 Torrevieja,Turistas,2025M12,20.376
Total Nacional,,,03133 Torrevieja,Turistas,2025M11,20.457
Total Nacional,,,03133 Torrevieja,Turistas,2025M10,20.421
Total Nacional,,,03133 Torrevieja,Turistas,2025M09,43.686
Total Nacional,,,03133 Torrevieja,Turistas,2025M08,109.708
Total Nacional,,,03133 Torrevieja,Turistas,2025M07,83.537
Total Nacional,,,03133 Torrevieja,Turistas,2025M06,51.897
Total Nacional,,,03133 Torrevieja,Turistas,2025M05,36.609
Total Nacional,,,03133 Torrevieja,Turistas,2025M04,48.623
Total Nacional,,,03133 Torrevieja,Turistas,2025M03,22.125
Total Nacional,,,03133 Torrevieja,Turistas,2025M02,19.755
Total Nacional,,,03133 Torrevieja,Turistas,2025M01,22.070
Total Nacional,,,03133 Torrevieja,Turistas,2024M12,27.016
Total Nacional,,,03133 Torrevieja,Turistas,2024M11,21.353
Total Nacional,,,03133 Torrevieja,Turistas,2024M10,25.671
Total Nacional,,,03133 Torrevieja,Turistas,2024M09,54.494
Total Nacional,,,03133 Torrevieja,Turistas,2024M08,127.808
Total Nacional,,,03133 Torrevieja,Turistas,2024M07,99.930
Total Nacional,,,03133 Torrevieja,Turistas,2024M06,49.444
Total Nacional,,,03133 Torrevieja,Turistas,2024M05,40.810
Total Nacional,,,03133 Torrevieja,Turistas,2024M04,39.383
Total Nacional,,,03133 Torrevieja,Turistas,2024M03,40.996
Total Nacional,,,03133 Torrevieja,Turistas,2024M02,19.946
Total Nacional,,,03133 Torrevieja,Turistas,2024M01,21.411
Total Nacional,,,03133 Torrevieja,Turistas,2023M12,29.532
Total Nacional,,,03133 Torrevieja,Turistas,2023M11,20.061
Total Nacional,,,03133 Torrevieja,Turistas,2023M10,35.506
Total Nacional,,,03133 Torrevieja,Turistas,2023M09,49.018
Total Nacional,,,03133 Torrevieja,Turistas,2023M08,137.044
Total Nacional,,,03133 Torrevieja,Turistas,2023M07,110.606
Total Nacional,,,03133 Torrevieja,Turistas,2023M06,37.988
Total Nacional,,,03133 Torrevieja,Turistas,2023M05,36.263
Total Nacional,,,03133 Torrevieja,Turistas,2023M04,57.862
Total Nacional,,,03133 Torrevieja,Turistas,2023M03,21.805
Total Nacional,,,03133 Torrevieja,Turistas,2023M02,16.217
Total Nacional,,,03133 Torrevieja,Turistas,2023M01,18.535
Total Nacional,,,03133 Torrevieja,Turistas,2022M12,22.546
Total Nacional,,,03133 Torrevieja,Turistas,2022M11,18.537
Total Nacional,,,03133 Torrevieja,Turistas,2022M10,24.424
Total Nacional,,,03133 Torrevieja,Turistas,2022M09,45.587
Total Nacional,,,03133 Torrevieja,Turistas,2022M08,122.207
Total Nacional,,,03133 Torrevieja,Turistas,2022M07,101.440
Total Nacional,,,03133 Torrevieja,Turistas,2022M06,44.927
Total Nacional,,,03133 Torrevieja,Turistas,2022M05,36.394
Total Nacional,,,03133 Torrevieja,Turistas,2022M04,52.213
Total Nacional,,,03133 Torrevieja,Turistas,2022M03,17.249
Total Nacional,,,03133 Torrevieja,Turistas,2022M02,18.445
Total Nacional,,,03133 Torrevieja,Turistas,2022M01,20.313
Total Nacional,,,03133 Torrevieja,Turistas,2021M12,24.363
Total Nacional,,,03133 Torrevieja,Turistas,2021M11,19.764
Total Nacional,,,03133 Torrevieja,Turistas,2021M10,28.317
Total Nacional,,,03133 Torrevieja,Turistas,2021M09,54.449
Total Nacional,,,03133 Torrevieja,Turistas,2021M08,146.032
Total Nacional,,,03133 Torrevieja,Turistas,2021M07,101.111
Total Nacional,,,03133 Torrevieja,Turistas,2021M06,54.953
Total Nacional,,,03133 Torrevieja,Turistas,2021M05,31.434
Total Nacional,,,03133 Torrevieja,Turistas,2021M04,10.559
Total Nacional,,,03133 Torrevieja,Turistas,2021M03,8.033
Total Nacional,,,03133 Torrevieja,Turistas,2021M02,4.782
Total Nacional,,,03133 Torrevieja,Turistas,2021M01,6.173
Total Nacional,,,03133 Torrevieja,Turistas,2020M12,7.091
Total Nacional,,,03133 Torrevieja,Turistas,2020M11,8.308
Total Nacional,,,03133 Torrevieja,Turistas,2020M10,21.037
Total Nacional,,,03133 Torrevieja,Turistas,2020M09,48.288
Total Nacional,,,03133 Torrevieja,Turistas,2020M08,121.262
Total Nacional,,,03133 Torrevieja,Turistas,2020M07,77.284
Total Nacional,,,03133 Torrevieja,Turistas,2020M06,16.819
Total Nacional,,,03133 Torrevieja,Turistas,2020M05,3.424
Total Nacional,,,03133 Torrevieja,Turistas,2020M04,3.377
Total Nacional,,,03133 Torrevieja,Turistas,2020M03,16.595
Total Nacional,,,03133 Torrevieja,Turistas,2020M02,22.457
Total Nacional,,,03133 Torrevieja,Turistas,2020M01,20.224
Total Nacional,,,03133 Torrevieja,Turistas,2019M12,25.623
Total Nacional,,,03133 Torrevieja,Turistas,2019M11,21.439
Total Nacional,,,03133 Torrevieja,Turistas,2019M10,25.567
Total Nacional,,,03133 Torrevieja,Turistas,2019M09,54.152
Total Nacional,,,03133 Torrevieja,Turistas,2019M08,140.659
Total Nacional,,,03133 Torrevieja,Turistas,2019M07,101.088
Total Nacional,Andalucía,,03133 Torrevieja,Turistas,2025M12,966
Total Nacional,Andalucía,,03133 Torrevieja,Turistas,2025M11,1.026
Total Nacional,Andalucía,,03133 Torrevieja,Turistas,2025M10,1.066
Total Nacional,Andalucía,,03133 Torrevieja,Turistas,2025M09,1.450
Total Nacional,Andalucía,,03133 Torrevieja,Turistas,2025M08,2.750
Total Nacional,Andalucía,,03133 Torrevieja,Turistas,2025M07,2.179
Total Nacional,Andalucía,,03133 Torrevieja,Turistas,2025M06,1.526
Total Nacional,Andalucía,,03133 Torrevieja,Turistas,2025M05,1.228
Total Nacional,Andalucía,,03133 Torrevieja,Turistas,2025M04,1.349
Total Nacional,Andalucía,,03133 Torrevieja,Turistas,2025M03,1.360
Total Nacional,Andalucía,,03133 Torrevieja,Turistas,2025M02,1.049
Total Nacional,Andalucía,,03133 Torrevieja,Turistas,2025M01,933
Total Nacional,Andalucía,,03133 Torrevieja,Turistas,2024M12,1.205
Total Nacional,Andalucía,,03133 Torrevieja,Turistas,2024M11,1.298
Total Nacional,Andalucía,,03133 Torrevieja,Turistas,2024M10,1.511
Total Nacional,Andalucía,,03133 Torrevieja,Turistas,2024M09,1.826
Total Nacional,Andalucía,,03133 Torrevieja,Turistas,2024M08,3.008
Total Nacional,Andalucía,,03133 Torrevieja,Turistas,2024M07,2.160
Total Nacional,Andalucía,,03133 Torrevieja,Turistas,2024M06,1.430
Total Nacional,Andalucía,,03133 Torrevieja,Turistas,2024M05,1.152
Total Nacional,Andalucía,,03133 Torrevieja,Turistas,2024M04,1.099
Total Nacional,Andalucía,,03133 Torrevieja,Turistas,2024M03,1.308
Total Nacional,Andalucía,,03133 Torrevieja,Turistas,2024M02,1.339
Total Nacional,Andalucía,,03133 Torrevieja,Turistas,2024M01,1.110
Total Nacional,Andalucía,,03133 Torrevieja,Turistas,2023M12,1.312
Total Nacional,Andalucía,,03133 Torrevieja,Turistas,2023M11,1.136
Total Nacional,Andalucía,,03133 Torrevieja,Turistas,2023M10,1.705
Total Nacional,Andalucía,,03133 Torrevieja,Turistas,2023M09,1.540
Total Nacional,Andalucía,,03133 Torrevieja,Turistas,2023M08,3.685
Total Nacional,Andalucía,,03133 Torrevieja,Turistas,2023M07,2.641
Total Nacional,Andalucía,,03133 Torrevieja,Turistas,2023M06,1.488
Total Nacional,Andalucía,,03133 Torrevieja,Turistas,2023M05,1.328
Total Nacional,Andalucía,,03133 Torrevieja,Turistas,2023M04,1.231
Total Nacional,Andalucía,,03133 Torrevieja,Turistas,2023M03,1.086
Total Nacional,Andalucía,,03133 Torrevieja,Turistas,2023M02,907
Total Nacional,Andalucía,,03133 Torrevieja,Turistas,2023M01,1.047
Total Nacional,Andalucía,,03133 Torrevieja,Turistas,2022M12,1.294
Total Nacional,Andalucía,,03133 Torrevieja,Turistas,2022M11,1.203
Total Nacional,Andalucía,,03133 Torrevieja,Turistas,2022M10,1.168
Total Nacional,Andalucía,,03133 Torrevieja,Turistas,2022M09,1.537
Total Nacional,Andalucía,,03133 Torrevieja,Turistas,2022M08,2.951
Total Nacional,Andalucía,,03133 Torrevieja,Turistas,2022M07,2.743
Total Nacional,Andalucía,,03133 Torrevieja,Turistas,2022M06,1.519
Total Nacional,Andalucía,,03133 Torrevieja,Turistas,2022M05,1.802
Total Nacional,Andalucía,,03133 Torrevieja,Turistas,2022M04,1.300
Total Nacional,Andalucía,,03133 Torrevieja,Turistas,2022M03,1.021
Total Nacional,Andalucía,,03133 Torrevieja,Turistas,2022M02,860
Total Nacional,Andalucía,,03133 Torrevieja,Turistas,2022M01,1.008
Total Nacional,Andalucía,,03133 Torrevieja,Turistas,2021M12,1.137
Total Nacional,Andalucía,,03133 Torrevieja,Turistas,2021M11,993
Total Nacional,Andalucía,,03133 Torrevieja,Turistas,2021M10,1.200
Total Nacional,Andalucía,,03133 Torrevieja,Turistas,2021M09,1.595
Total Nacional,Andalucía,,03133 Torrevieja,Turistas,2021M08,3.073
Total Nacional,Andalucía,,03133 Torrevieja,Turistas,2021M07,1.996
Total Nacional,Andalucía,,03133 Torrevieja,Turistas,2021M06,1.564
Total Nacional,Andalucía,,03133 Torrevieja,Turistas,2021M05,862
Total Nacional,Andalucía,,03133 Torrevieja,Turistas,2021M04,707
Total Nacional,Andalucía,,03133 Torrevieja,Turistas,2021M03,537
Total Nacional,Andalucía,,03133 Torrevieja,Turistas,2021M02,456
Total Nacional,Andalucía,,03133 Torrevieja,Turistas,2021M01,444
Total Nacional,Andalucía,,03133 Torrevieja,Turistas,2020M12,502
Total Nacional,Andalucía,,03133 Torrevieja,Turistas,2020M11,466
Total Nacional,Andalucía,,03133 Torrevieja,Turistas,2020M10,887
Total Nacional,Andalucía,,03133 Torrevieja,Turistas,2020M09,1.055
Total Nacional,Andalucía,,03133 Torrevieja,Turistas,2020M08,2.084
Total Nacional,Andalucía,,03133 Torrevieja,Turistas,2020M07,1.477
Total Nacional,Andalucía,,03133 Torrevieja,Turistas,2020M06,631
Total Nacional,Andalucía,,03133 Torrevieja,Turistas,2020M05,279
Total Nacional,Andalucía,,03133 Torrevieja,Turistas,2020M04,287
Total Nacional,Andalucía,,03133 Torrevieja,Turistas,2020M03,821
Total Nacional,Andalucía,,03133 Torrevieja,Turistas,2020M02,1.452
Total Nacional,Andalucía,,03133 Torrevieja,Turistas,2020M01,1.034
Total Nacional,Andalucía,,03133 Torrevieja,Turistas,2019M12,1.140
Total Nacional,Andalucía,,03133 Torrevieja,Turistas,2019M11,1.080
Total Nacional,Andalucía,,03133 Torrevieja,Turistas,2019M10,1.193
Total Nacional,Andalucía,,03133 Torrevieja,Turistas,2019M09,1.898
Total Nacional,Andalucía,,03133 Torrevieja,Turistas,2019M08,3.058
Total Nacional,Andalucía,,03133 Torrevieja,Turistas,2019M07,2.437
Total Nacional,Andalucía,Almería,03133 Torrevieja,Turistas,2025M12,218
Total Nacional,Andalucía,Almería,03133 Torrevieja,Turistas,2025M11,272
Total Nacional,Andalucía,Almería,03133 Torrevieja,Turistas,2025M10,326
Total Nacional,Andalucía,Almería,03133 Torrevieja,Turistas,2025M09,392
Total Nacional,Andalucía,Almería,03133 Torrevieja,Turistas,2025M08,534
Total Nacional,Andalucía,Almería,03133 Torrevieja,Turistas,2025M07,500
Total Nacional,Andalucía,Almería,03133 Torrevieja,Turistas,2025M06,381
Total Nacional,Andalucía,Almería,03133 Torrevieja,Turistas,2025M05,333
Total Nacional,Andalucía,Almería,03133 Torrevieja,Turistas,2025M04,357
Total Nacional,Andalucía,Almería,03133 Torrevieja,Turistas,2025M03,355
Total Nacional,Andalucía,Almería,03133 Torrevieja,Turistas,2025M02,313
Total Nacional,Andalucía,Almería,03133 Torrevieja,Turistas,2025M01,274
Total Nacional,Andalucía,Almería,03133 Torrevieja,Turistas,2024M12,205
Total Nacional,Andalucía,Almería,03133 Torrevieja,Turistas,2024M11,336
Total Nacional,Andalucía,Almería,03133 Torrevieja,Turistas,2024M10,443
Total Nacional,Andalucía,Almería,03133 Torrevieja,Turistas,2024M09,347
Total Nacional,Andalucía,Almería,03133 Torrevieja,Turistas,2024M08,429
Total Nacional,Andalucía,Almería,03133 Torrevieja,Turistas,2024M07,482
Total Nacional,Andalucía,Almería,03133 Torrevieja,Turistas,2024M06,295
Total Nacional,Andalucía,Almería,03133 Torrevieja,Turistas,2024M05,296
Total Nacional,Andalucía,Almería,03133 Torrevieja,Turistas,2024M04,356
Total Nacional,Andalucía,Almería,03133 Torrevieja,Turistas,2024M03,356
Total Nacional,Andalucía,Almería,03133 Torrevieja,Turistas,2024M02,431
Total Nacional,Andalucía,Almería,03133 Torrevieja,Turistas,2024M01,320
Total Nacional,Andalucía,Almería,03133 Torrevieja,Turistas,2023M12,326
Total Nacional,Andalucía,Almería,03133 Torrevieja,Turistas,2023M11,309
Total Nacional,Andalucía,Almería,03133 Torrevieja,Turistas,2023M10,327
Total Nacional,Andalucía,Almería,03133 Torrevieja,Turistas,2023M09,184
Total Nacional,Andalucía,Almería,03133 Torrevieja,Turistas,2023M08,641
Total Nacional,Andalucía,Almería,03133 Torrevieja,Turistas,2023M07,495
Total Nacional,Andalucía,Almería,03133 Torrevieja,Turistas,2023M06,344
Total Nacional,Andalucía,Almería,03133 Torrevieja,Turistas,2023M05,200
Total Nacional,Andalucía,Almería,03133 Torrevieja,Turistas,2023M04,182
Total Nacional,Andalucía,Almería,03133 Torrevieja,Turistas,2023M03,198
Total Nacional,Andalucía,Almería,03133 Torrevieja,Turistas,2023M02,187
Total Nacional,Andalucía,Almería,03133 Torrevieja,Turistas,2023M01,232
Total Nacional,Andalucía,Almería,03133 Torrevieja,Turistas,2022M12,310
Total Nacional,Andalucía,Almería,03133 Torrevieja,Turistas,2022M11,257
Total Nacional,Andalucía,Almería,03133 Torrevieja,Turistas,2022M10,283
Total Nacional,Andalucía,Almería,03133 Torrevieja,Turistas,2022M09,454
Total Nacional,Andalucía,Almería,03133 Torrevieja,Turistas,2022M08,544
Total Nacional,Andalucía,Almería,03133 Torrevieja,Turistas,2022M07,637
Total Nacional,Andalucía,Almería,03133 Torrevieja,Turistas,2022M06,325
Total Nacional,Andalucía,Almería,03133 Torrevieja,Turistas,2022M05,407
Total Nacional,Andalucía,Almería,03133 Torrevieja,Turistas,2022M04,277
Total Nacional,Andalucía,Almería,03133 Torrevieja,Turistas,2022M03,239
Total Nacional,Andalucía,Almería,03133 Torrevieja,Turistas,2022M02,220
Total Nacional,Andalucía,Almería,03133 Torrevieja,Turistas,2022M01,287
Total Nacional,Andalucía,Almería,03133 Torrevieja,Turistas,2021M12,239
Total Nacional,Andalucía,Almería,03133 Torrevieja,Turistas,2021M11,240
Total Nacional,Andalucía,Almería,03133 Torrevieja,Turistas,2021M10,322
Total Nacional,Andalucía,Almería,03133 Torrevieja,Turistas,2021M09,332
Total Nacional,Andalucía,Almería,03133 Torrevieja,Turistas,2021M08,493
Total Nacional,Andalucía,Almería,03133 Torrevieja,Turistas,2021M07,403
Total Nacional,Andalucía,Almería,03133 Torrevieja,Turistas,2021M06,432
Total Nacional,Andalucía,Almería,03133 Torrevieja,Turistas,2021M05,284
Total Nacional,Andalucía,Almería,03133 Torrevieja,Turistas,2021M04,175
Total Nacional,Andalucía,Almería,03133 Torrevieja,Turistas,2021M03,169
Total Nacional,Andalucía,Almería,03133 Torrevieja,Turistas,2021M02,171
Total Nacional,Andalucía,Almería,03133 Torrevieja,Turistas,2021M01,167
Total Nacional,Andalucía,Almería,03133 Torrevieja,Turistas,2020M12,166
Total Nacional,Andalucía,Almería,03133 Torrevieja,Turistas,2020M11,182
Total Nacional,Andalucía,Almería,03133 Torrevieja,Turistas,2020M10,212
Total Nacional,Andalucía,Almería,03133 Torrevieja,Turistas,2020M09,232
Total Nacional,Andalucía,Almería,03133 Torrevieja,Turistas,2020M08,406
Total Nacional,Andalucía,Almería,03133 Torrevieja,Turistas,2020M07,305
Total Nacional,Andalucía,Almería,03133 Torrevieja,Turistas,2020M06,224
Total Nacional,Andalucía,Almería,03133 Torrevieja,Turistas,2020M05,103
Total Nacional,Andalucía,Almería,03133 Torrevieja,Turistas,2020M04,83
Total Nacional,Andalucía,Almería,03133 Torrevieja,Turistas,2020M03,173
Total Nacional,Andalucía,Almería,03133 Torrevieja,Turistas,2020M02,221
Total Nacional,Andalucía,Almería,03133 Torrevieja,Turistas,2020M01,198
Total Nacional,Andalucía,Almería,03133 Torrevieja,Turistas,2019M12,291
Total Nacional,Andalucía,Almería,03133 Torrevieja,Turistas,2019M11,271
Total Nacional,Andalucía,Almería,03133 Torrevieja,Turistas,2019M10,267
Total Nacional,Andalucía,Almería,03133 Torrevieja,Turistas,2019M09,343
Total Nacional,Andalucía,Almería,03133 Torrevieja,Turistas,2019M08,419
Total Nacional,Andalucía,Almería,03133 Torrevieja,Turistas,2019M07,458
Total Nacional,Andalucía,Cádiz,03133 Torrevieja,Turistas,2025M12,
Total Nacional,Andalucía,Cádiz,03133 Torrevieja,Turistas,2025M11,116
Total Nacional,Andalucía,Cádiz,03133 Torrevieja,Turistas,2025M10,
Total Nacional,Andalucía,Cádiz,03133 Torrevieja,Turistas,2025M09,54
Total Nacional,Andalucía,Cádiz,03133 Torrevieja,Turistas,2025M08,120
Total Nacional,Andalucía,Cádiz,03133 Torrevieja,Turistas,2025M07,86
Total Nacional,Andalucía,Cádiz,03133 Torrevieja,Turistas,2025M06,122
Total Nacional,Andalucía,Cádiz,03133 Torrevieja,Turistas,2025M05,31
Total Nacional,Andalucía,Cádiz,03133 Torrevieja,Turistas,2025M04,66
Total Nacional,Andalucía,Cádiz,03133 Torrevieja,Turistas,2025M03,88
Total Nacional,Andalucía,Cádiz,03133 Torrevieja,Turistas,2025M02,79
Total Nacional,Andalucía,Cádiz,03133 Torrevieja,Turistas,2025M01,
Total Nacional,Andalucía,Cádiz,03133 Torrevieja,Turistas,2024M12,53
Total Nacional,Andalucía,Cádiz,03133 Torrevieja,Turistas,2024M11,130
Total Nacional,Andalucía,Cádiz,03133 Torrevieja,Turistas,2024M10,84
Total Nacional,Andalucía,Cádiz,03133 Torrevieja,Turistas,2024M09,78
Total Nacional,Andalucía,Cádiz,03133 Torrevieja,Turistas,2024M08,181
Total Nacional,Andalucía,Cádiz,03133 Torrevieja,Turistas,2024M07,75
Total Nacional,Andalucía,Cádiz,03133 Torrevieja,Turistas,2024M06,147
Total Nacional,Andalucía,Cádiz,03133 Torrevieja,Turistas,2024M05,109
Total Nacional,Andalucía,Cádiz,03133 Torrevieja,Turistas,2024M04,121
Total Nacional,Andalucía,Cádiz,03133 Torrevieja,Turistas,2024M03,40
Total Nacional,Andalucía,Cádiz,03133 Torrevieja,Turistas,2024M02,93
Total Nacional,Andalucía,Cádiz,03133 Torrevieja,Turistas,2024M01,113
Total Nacional,Andalucía,Cádiz,03133 Torrevieja,Turistas,2023M12,92
Total Nacional,Andalucía,Cádiz,03133 Torrevieja,Turistas,2023M11,84
Total Nacional,Andalucía,Cádiz,03133 Torrevieja,Turistas,2023M10,88
Total Nacional,Andalucía,Cádiz,03133 Torrevieja,Turistas,2023M09,91
Total Nacional,Andalucía,Cádiz,03133 Torrevieja,Turistas,2023M08,160
Total Nacional,Andalucía,Cádiz,03133 Torrevieja,Turistas,2023M07,202
Total Nacional,Andalucía,Cádiz,03133 Torrevieja,Turistas,2023M06,240
Total Nacional,Andalucía,Cádiz,03133 Torrevieja,Turistas,2023M05,104
Total Nacional,Andalucía,Cádiz,03133 Torrevieja,Turistas,2023M04,60
Total Nacional,Andalucía,Cádiz,03133 Torrevieja,Turistas,2023M03,59
Total Nacional,Andalucía,Cádiz,03133 Torrevieja,Turistas,2023M02,71
Total Nacional,Andalucía,Cádiz,03133 Torrevieja,Turistas,2023M01,62
Total Nacional,Andalucía,Cádiz,03133 Torrevieja,Turistas,2022M12,80
Total Nacional,Andalucía,Cádiz,03133 Torrevieja,Turistas,2022M11,75
Total Nacional,Andalucía,Cádiz,03133 Torrevieja,Turistas,2022M10,86
Total Nacional,Andalucía,Cádiz,03133 Torrevieja,Turistas,2022M09,100
Total Nacional,Andalucía,Cádiz,03133 Torrevieja,Turistas,2022M08,206
Total Nacional,Andalucía,Cádiz,03133 Torrevieja,Turistas,2022M07,174
Total Nacional,Andalucía,Cádiz,03133 Torrevieja,Turistas,2022M06,173
Total Nacional,Andalucía,Cádiz,03133 Torrevieja,Turistas,2022M05,128
Total Nacional,Andalucía,Cádiz,03133 Torrevieja,Turistas,2022M04,79
Total Nacional,Andalucía,Cádiz,03133 Torrevieja,Turistas,2022M03,65
Total Nacional,Andalucía,Cádiz,03133 Torrevieja,Turistas,2022M02,60
Total Nacional,Andalucía,Cádiz,03133 Torrevieja,Turistas,2022M01,59
Total Nacional,Andalucía,Cádiz,03133 Torrevieja,Turistas,2021M12,79
Total Nacional,Andalucía,Cádiz,03133 Torrevieja,Turistas,2021M11,87
Total Nacional,Andalucía,Cádiz,03133 Torrevieja,Turistas,2021M10,55
Total Nacional,Andalucía,Cádiz,03133 Torrevieja,Turistas,2021M09,207
Total Nacional,Andalucía,Cádiz,03133 Torrevieja,Turistas,2021M08,166
Total Nacional,Andalucía,Cádiz,03133 Torrevieja,Turistas,2021M07,145
Total Nacional,Andalucía,Cádiz,03133 Torrevieja,Turistas,2021M06,133
Total Nacional,Andalucía,Cádiz,03133 Torrevieja,Turistas,2021M05,79
Total Nacional,Andalucía,Cádiz,03133 Torrevieja,Turistas,2021M04,54
Total Nacional,Andalucía,Cádiz,03133 Torrevieja,Turistas,2021M03,36
Total Nacional,Andalucía,Cádiz,03133 Torrevieja,Turistas,2021M02,34
Total Nacional,Andalucía,Cádiz,03133 Torrevieja,Turistas,2021M01,.
Total Nacional,Andalucía,Cádiz,03133 Torrevieja,Turistas,2020M12,58
Total Nacional,Andalucía,Cádiz,03133 Torrevieja,Turistas,2020M11,48
Total Nacional,Andalucía,Cádiz,03133 Torrevieja,Turistas,2020M10,54
Total Nacional,Andalucía,Cádiz,03133 Torrevieja,Turistas,2020M09,66
Total Nacional,Andalucía,Cádiz,03133 Torrevieja,Turistas,2020M08,118
Total Nacional,Andalucía,Cádiz,03133 Torrevieja,Turistas,2020M07,104
Total Nacional,Andalucía,Cádiz,03133 Torrevieja,Turistas,2020M06,32
Total Nacional,Andalucía,Cádiz,03133 Torrevieja,Turistas,2020M05,.
Total Nacional,Andalucía,Cádiz,03133 Torrevieja,Turistas,2020M04,
Total Nacional,Andalucía,Cádiz,03133 Torrevieja,Turistas,2020M03,
Total Nacional,Andalucía,Cádiz,03133 Torrevieja,Turistas,2020M02,105
Total Nacional,Andalucía,Cádiz,03133 Torrevieja,Turistas,2020M01,130
Total Nacional,Andalucía,Cádiz,03133 Torrevieja,Turistas,2019M12,52
Total Nacional,Andalucía,Cádiz,03133 Torrevieja,Turistas,2019M11,79
Total Nacional,Andalucía,Cádiz,03133 Torrevieja,Turistas,2019M10,89
Total Nacional,Andalucía,Cádiz,03133 Torrevieja,Turistas,2019M09,212
Total Nacional,Andalucía,Cádiz,03133 Torrevieja,Turistas,2019M08,173
Total Nacional,Andalucía,Cádiz,03133 Torrevieja,Turistas,2019M07,114
Total Nacional,Andalucía,Córdoba,03133 Torrevieja,Turistas,2025M12,76
Total Nacional,Andalucía,Córdoba,03133 Torrevieja,Turistas,2025M11,113
Total Nacional,Andalucía,Córdoba,03133 Torrevieja,Turistas,2025M10,48
Total Nacional,Andalucía,Córdoba,03133 Torrevieja,Turistas,2025M09,156
Total Nacional,Andalucía,Córdoba,03133 Torrevieja,Turistas,2025M08,295
Total Nacional,Andalucía,Córdoba,03133 Torrevieja,Turistas,2025M07,136
Total Nacional,Andalucía,Córdoba,03133 Torrevieja,Turistas,2025M06,98
Total Nacional,Andalucía,Córdoba,03133 Torrevieja,Turistas,2025M05,103
Total Nacional,Andalucía,Córdoba,03133 Torrevieja,Turistas,2025M04,65
Total Nacional,Andalucía,Córdoba,03133 Torrevieja,Turistas,2025M03,71
Total Nacional,Andalucía,Córdoba,03133 Torrevieja,Turistas,2025M02,40
Total Nacional,Andalucía,Córdoba,03133 Torrevieja,Turistas,2025M01,82
Total Nacional,Andalucía,Córdoba,03133 Torrevieja,Turistas,2024M12,49
Total Nacional,Andalucía,Córdoba,03133 Torrevieja,Turistas,2024M11,62
Total Nacional,Andalucía,Córdoba,03133 Torrevieja,Turistas,2024M10,105
Total Nacional,Andalucía,Córdoba,03133 Torrevieja,Turistas,2024M09,133
Total Nacional,Andalucía,Córdoba,03133 Torrevieja,Turistas,2024M08,312
Total Nacional,Andalucía,Córdoba,03133 Torrevieja,Turistas,2024M07,148
Total Nacional,Andalucía,Córdoba,03133 Torrevieja,Turistas,2024M06,121
Total Nacional,Andalucía,Córdoba,03133 Torrevieja,Turistas,2024M05,44
Total Nacional,Andalucía,Córdoba,03133 Torrevieja,Turistas,2024M04,40
Total Nacional,Andalucía,Córdoba,03133 Torrevieja,Turistas,2024M03,67
Total Nacional,Andalucía,Córdoba,03133 Torrevieja,Turistas,2024M02,49
Total Nacional,Andalucía,Córdoba,03133 Torrevieja,Turistas,2024M01,
Total Nacional,Andalucía,Córdoba,03133 Torrevieja,Turistas,2023M12,46
Total Nacional,Andalucía,Córdoba,03133 Torrevieja,Turistas,2023M11,
Total Nacional,Andalucía,Córdoba,03133 Torrevieja,Turistas,2023M10,91
Total Nacional,Andalucía,Córdoba,03133 Torrevieja,Turistas,2023M09,44
Total Nacional,Andalucía,Córdoba,03133 Torrevieja,Turistas,2023M08,392
Total Nacional,Andalucía,Córdoba,03133 Torrevieja,Turistas,2023M07,224
Total Nacional,Andalucía,Córdoba,03133 Torrevieja,Turistas,2023M06,68
Total Nacional,Andalucía,Córdoba,03133 Torrevieja,Turistas,2023M05,95
Total Nacional,Andalucía,Córdoba,03133 Torrevieja,Turistas,2023M04,112
Total Nacional,Andalucía,Córdoba,03133 Torrevieja,Turistas,2023M03,121
Total Nacional,Andalucía,Córdoba,03133 Torrevieja,Turistas,2023M02,65
Total Nacional,Andalucía,Córdoba,03133 Torrevieja,Turistas,2023M01,83
Total Nacional,Andalucía,Córdoba,03133 Torrevieja,Turistas,2022M12,174
Total Nacional,Andalucía,Córdoba,03133 Torrevieja,Turistas,2022M11,157
Total Nacional,Andalucía,Córdoba,03133 Torrevieja,Turistas,2022M10,101
Total Nacional,Andalucía,Córdoba,03133 Torrevieja,Turistas,2022M09,98
Total Nacional,Andalucía,Córdoba,03133 Torrevieja,Turistas,2022M08,289
Total Nacional,Andalucía,Córdoba,03133 Torrevieja,Turistas,2022M07,188
Total Nacional,Andalucía,Córdoba,03133 Torrevieja,Turistas,2022M06,67
Total Nacional,Andalucía,Córdoba,03133 Torrevieja,Turistas,2022M05,99
Total Nacional,Andalucía,Córdoba,03133 Torrevieja,Turistas,2022M04,52
Total Nacional,Andalucía,Córdoba,03133 Torrevieja,Turistas,2022M03,39
Total Nacional,Andalucía,Córdoba,03133 Torrevieja,Turistas,2022M02,38
Total Nacional,Andalucía,Córdoba,03133 Torrevieja,Turistas,2022M01,55
Total Nacional,Andalucía,Córdoba,03133 Torrevieja,Turistas,2021M12,81
Total Nacional,Andalucía,Córdoba,03133 Torrevieja,Turistas,2021M11,36
Total Nacional,Andalucía,Córdoba,03133 Torrevieja,Turistas,2021M10,52
Total Nacional,Andalucía,Córdoba,03133 Torrevieja,Turistas,2021M09,102
Total Nacional,Andalucía,Córdoba,03133 Torrevieja,Turistas,2021M08,306
Total Nacional,Andalucía,Córdoba,03133 Torrevieja,Turistas,2021M07,163
Total Nacional,Andalucía,Córdoba,03133 Torrevieja,Turistas,2021M06,98
Total Nacional,Andalucía,Córdoba,03133 Torrevieja,Turistas,2021M05,78
Total Nacional,Andalucía,Córdoba,03133 Torrevieja,Turistas,2021M04,48
Total Nacional,Andalucía,Córdoba,03133 Torrevieja,Turistas,2021M03,41
Total Nacional,Andalucía,Córdoba,03133 Torrevieja,Turistas,2021M02,42
Total Nacional,Andalucía,Córdoba,03133 Torrevieja,Turistas,2021M01,.
Total Nacional,Andalucía,Córdoba,03133 Torrevieja,Turistas,2020M12,41
Total Nacional,Andalucía,Córdoba,03133 Torrevieja,Turistas,2020M11,33
Total Nacional,Andalucía,Córdoba,03133 Torrevieja,Turistas,2020M10,66
Total Nacional,Andalucía,Córdoba,03133 Torrevieja,Turistas,2020M09,105
Total Nacional,Andalucía,Córdoba,03133 Torrevieja,Turistas,2020M08,207
Total Nacional,Andalucía,Córdoba,03133 Torrevieja,Turistas,2020M07,109
Total Nacional,Andalucía,Córdoba,03133 Torrevieja,Turistas,2020M06,52
Total Nacional,Andalucía,Córdoba,03133 Torrevieja,Turistas,2020M05,.
Total Nacional,Andalucía,Córdoba,03133 Torrevieja,Turistas,2020M04,.
Total Nacional,Andalucía,Córdoba,03133 Torrevieja,Turistas,2020M03,69
Total Nacional,Andalucía,Córdoba,03133 Torrevieja,Turistas,2020M02,71
Total Nacional,Andalucía,Córdoba,03133 Torrevieja,Turistas,2020M01,55
Total Nacional,Andalucía,Córdoba,03133 Torrevieja,Turistas,2019M12,61
Total Nacional,Andalucía,Córdoba,03133 Torrevieja,Turistas,2019M11,74
Total Nacional,Andalucía,Córdoba,03133 Torrevieja,Turistas,2019M10,82
Total Nacional,Andalucía,Córdoba,03133 Torrevieja,Turistas,2019M09,136
Total Nacional,Andalucía,Córdoba,03133 Torrevieja,Turistas,2019M08,331
Total Nacional,Andalucía,Córdoba,03133 Torrevieja,Turistas,2019M07,248
Total Nacional,Andalucía,Granada,03133 Torrevieja,Turistas,2025M12,203
Total Nacional,Andalucía,Granada,03133 Torrevieja,Turistas,2025M11,106
Total Nacional,Andalucía,Granada,03133 Torrevieja,Turistas,2025M10,129
Total Nacional,Andalucía,Granada,03133 Torrevieja,Turistas,2025M09,242
Total Nacional,Andalucía,Granada,03133 Torrevieja,Turistas,2025M08,523
Total Nacional,Andalucía,Granada,03133 Torrevieja,Turistas,2025M07,430
Total Nacional,Andalucía,Granada,03133 Torrevieja,Turistas,2025M06,229
Total Nacional,Andalucía,Granada,03133 Torrevieja,Turistas,2025M05,184
Total Nacional,Andalucía,Granada,03133 Torrevieja,Turistas,2025M04,214
Total Nacional,Andalucía,Granada,03133 Torrevieja,Turistas,2025M03,201
Total Nacional,Andalucía,Granada,03133 Torrevieja,Turistas,2025M02,151
Total Nacional,Andalucía,Granada,03133 Torrevieja,Turistas,2025M01,106
Total Nacional,Andalucía,Granada,03133 Torrevieja,Turistas,2024M12,194
Total Nacional,Andalucía,Granada,03133 Torrevieja,Turistas,2024M11,140
Total Nacional,Andalucía,Granada,03133 Torrevieja,Turistas,2024M10,180
Total Nacional,Andalucía,Granada,03133 Torrevieja,Turistas,2024M09,272
Total Nacional,Andalucía,Granada,03133 Torrevieja,Turistas,2024M08,444
Total Nacional,Andalucía,Granada,03133 Torrevieja,Turistas,2024M07,291
Total Nacional,Andalucía,Granada,03133 Torrevieja,Turistas,2024M06,173
Total Nacional,Andalucía,Granada,03133 Torrevieja,Turistas,2024M05,218
Total Nacional,Andalucía,Granada,03133 Torrevieja,Turistas,2024M04,106
Total Nacional,Andalucía,Granada,03133 Torrevieja,Turistas,2024M03,111
Total Nacional,Andalucía,Granada,03133 Torrevieja,Turistas,2024M02,127
Total Nacional,Andalucía,Granada,03133 Torrevieja,Turistas,2024M01,106
Total Nacional,Andalucía,Granada,03133 Torrevieja,Turistas,2023M12,135
Total Nacional,Andalucía,Granada,03133 Torrevieja,Turistas,2023M11,86
Total Nacional,Andalucía,Granada,03133 Torrevieja,Turistas,2023M10,192
Total Nacional,Andalucía,Granada,03133 Torrevieja,Turistas,2023M09,226
Total Nacional,Andalucía,Granada,03133 Torrevieja,Turistas,2023M08,603
Total Nacional,Andalucía,Granada,03133 Torrevieja,Turistas,2023M07,398
Total Nacional,Andalucía,Granada,03133 Torrevieja,Turistas,2023M06,131
Total Nacional,Andalucía,Granada,03133 Torrevieja,Turistas,2023M05,174
Total Nacional,Andalucía,Granada,03133 Torrevieja,Turistas,2023M04,175
Total Nacional,Andalucía,Granada,03133 Torrevieja,Turistas,2023M03,155
Total Nacional,Andalucía,Granada,03133 Torrevieja,Turistas,2023M02,116
Total Nacional,Andalucía,Granada,03133 Torrevieja,Turistas,2023M01,177
Total Nacional,Andalucía,Granada,03133 Torrevieja,Turistas,2022M12,145
Total Nacional,Andalucía,Granada,03133 Torrevieja,Turistas,2022M11,141
Total Nacional,Andalucía,Granada,03133 Torrevieja,Turistas,2022M10,171
Total Nacional,Andalucía,Granada,03133 Torrevieja,Turistas,2022M09,223
Total Nacional,Andalucía,Granada,03133 Torrevieja,Turistas,2022M08,452
Total Nacional,Andalucía,Granada,03133 Torrevieja,Turistas,2022M07,372
Total Nacional,Andalucía,Granada,03133 Torrevieja,Turistas,2022M06,217
Total Nacional,Andalucía,Granada,03133 Torrevieja,Turistas,2022M05,208
Total Nacional,Andalucía,Granada,03133 Torrevieja,Turistas,2022M04,214
Total Nacional,Andalucía,Granada,03133 Torrevieja,Turistas,2022M03,148
Total Nacional,Andalucía,Granada,03133 Torrevieja,Turistas,2022M02,109
Total Nacional,Andalucía,Granada,03133 Torrevieja,Turistas,2022M01,179
Total Nacional,Andalucía,Granada,03133 Torrevieja,Turistas,2021M12,176
Total Nacional,Andalucía,Granada,03133 Torrevieja,Turistas,2021M11,136
Total Nacional,Andalucía,Granada,03133 Torrevieja,Turistas,2021M10,213
Total Nacional,Andalucía,Granada,03133 Torrevieja,Turistas,2021M09,199
Total Nacional,Andalucía,Granada,03133 Torrevieja,Turistas,2021M08,497
Total Nacional,Andalucía,Granada,03133 Torrevieja,Turistas,2021M07,334
Total Nacional,Andalucía,Granada,03133 Torrevieja,Turistas,2021M06,231
Total Nacional,Andalucía,Granada,03133 Torrevieja,Turistas,2021M05,119
Total Nacional,Andalucía,Granada,03133 Torrevieja,Turistas,2021M04,98
Total Nacional,Andalucía,Granada,03133 Torrevieja,Turistas,2021M03,63
Total Nacional,Andalucía,Granada,03133 Torrevieja,Turistas,2021M02,39
Total Nacional,Andalucía,Granada,03133 Torrevieja,Turistas,2021M01,56
Total Nacional,Andalucía,Granada,03133 Torrevieja,Turistas,2020M12,74
Total Nacional,Andalucía,Granada,03133 Torrevieja,Turistas,2020M11,33
Total Nacional,Andalucía,Granada,03133 Torrevieja,Turistas,2020M10,143
Total Nacional,Andalucía,Granada,03133 Torrevieja,Turistas,2020M09,173
Total Nacional,Andalucía,Granada,03133 Torrevieja,Turistas,2020M08,393
Total Nacional,Andalucía,Granada,03133 Torrevieja,Turistas,2020M07,264
Total Nacional,Andalucía,Granada,03133 Torrevieja,Turistas,2020M06,98
Total Nacional,Andalucía,Granada,03133 Torrevieja,Turistas,2020M05,43
Total Nacional,Andalucía,Granada,03133 Torrevieja,Turistas,2020M04,54
Total Nacional,Andalucía,Granada,03133 Torrevieja,Turistas,2020M03,139
Total Nacional,Andalucía,Granada,03133 Torrevieja,Turistas,2020M02,198
Total Nacional,Andalucía,Granada,03133 Torrevieja,Turistas,2020M01,152
Total Nacional,Andalucía,Granada,03133 Torrevieja,Turistas,2019M12,139
Total Nacional,Andalucía,Granada,03133 Torrevieja,Turistas,2019M11,117
Total Nacional,Andalucía,Granada,03133 Torrevieja,Turistas,2019M10,153
Total Nacional,Andalucía,Granada,03133 Torrevieja,Turistas,2019M09,270
Total Nacional,Andalucía,Granada,03133 Torrevieja,Turistas,2019M08,612
Total Nacional,Andalucía,Granada,03133 Torrevieja,Turistas,2019M07,450
Total Nacional,Andalucía,Huelva,03133 Torrevieja,Turistas,2025M12,
Total Nacional,Andalucía,Huelva,03133 Torrevieja,Turistas,2025M11,
Total Nacional,Andalucía,Huelva,03133 Torrevieja,Turistas,2025M10,
Total Nacional,Andalucía,Huelva,03133 Torrevieja,Turistas,2025M09,
Total Nacional,Andalucía,Huelva,03133 Torrevieja,Turistas,2025M08,
Total Nacional,Andalucía,Huelva,03133 Torrevieja,Turistas,2025M07,64
Total Nacional,Andalucía,Huelva,03133 Torrevieja,Turistas,2025M06,
Total Nacional,Andalucía,Huelva,03133 Torrevieja,Turistas,2025M05,
Total Nacional,Andalucía,Huelva,03133 Torrevieja,Turistas,2025M04,
Total Nacional,Andalucía,Huelva,03133 Torrevieja,Turistas,2025M03,
Total Nacional,Andalucía,Huelva,03133 Torrevieja,Turistas,2025M02,
Total Nacional,Andalucía,Huelva,03133 Torrevieja,Turistas,2025M01,
Total Nacional,Andalucía,Huelva,03133 Torrevieja,Turistas,2024M12,
Total Nacional,Andalucía,Huelva,03133 Torrevieja,Turistas,2024M11,
Total Nacional,Andalucía,Huelva,03133 Torrevieja,Turistas,2024M10,
Total Nacional,Andalucía,Huelva,03133 Torrevieja,Turistas,2024M09,49
Total Nacional,Andalucía,Huelva,03133 Torrevieja,Turistas,2024M08,78
Total Nacional,Andalucía,Huelva,03133 Torrevieja,Turistas,2024M07,
Total Nacional,Andalucía,Huelva,03133 Torrevieja,Turistas,2024M06,45
Total Nacional,Andalucía,Huelva,03133 Torrevieja,Turistas,2024M05,38
Total Nacional,Andalucía,Huelva,03133 Torrevieja,Turistas,2024M04,
Total Nacional,Andalucía,Huelva,03133 Torrevieja,Turistas,2024M03,55
Total Nacional,Andalucía,Huelva,03133 Torrevieja,Turistas,2024M02,
Total Nacional,Andalucía,Huelva,03133 Torrevieja,Turistas,2024M01,48
Total Nacional,Andalucía,Huelva,03133 Torrevieja,Turistas,2023M12,
Total Nacional,Andalucía,Huelva,03133 Torrevieja,Turistas,2023M11,35
Total Nacional,Andalucía,Huelva,03133 Torrevieja,Turistas,2023M10,68
Total Nacional,Andalucía,Huelva,03133 Torrevieja,Turistas,2023M09,39
Total Nacional,Andalucía,Huelva,03133 Torrevieja,Turistas,2023M08,36
Total Nacional,Andalucía,Huelva,03133 Torrevieja,Turistas,2023M07,47
Total Nacional,Andalucía,Huelva,03133 Torrevieja,Turistas,2023M06,
Total Nacional,Andalucía,Huelva,03133 Torrevieja,Turistas,2023M05,43
Total Nacional,Andalucía,Huelva,03133 Torrevieja,Turistas,2023M04,
Total Nacional,Andalucía,Huelva,03133 Torrevieja,Turistas,2023M03,69
Total Nacional,Andalucía,Huelva,03133 Torrevieja,Turistas,2023M02,
Total Nacional,Andalucía,Huelva,03133 Torrevieja,Turistas,2023M01,30
Total Nacional,Andalucía,Huelva,03133 Torrevieja,Turistas,2022M12,
Total Nacional,Andalucía,Huelva,03133 Torrevieja,Turistas,2022M11,
Total Nacional,Andalucía,Huelva,03133 Torrevieja,Turistas,2022M10,
Total Nacional,Andalucía,Huelva,03133 Torrevieja,Turistas,2022M09,52
Total Nacional,Andalucía,Huelva,03133 Torrevieja,Turistas,2022M08,57
Total Nacional,Andalucía,Huelva,03133 Torrevieja,Turistas,2022M07,54
Total Nacional,Andalucía,Huelva,03133 Torrevieja,Turistas,2022M06,45
Total Nacional,Andalucía,Huelva,03133 Torrevieja,Turistas,2022M05,
Total Nacional,Andalucía,Huelva,03133 Torrevieja,Turistas,2022M04,56
Total Nacional,Andalucía,Huelva,03133 Torrevieja,Turistas,2022M03,
Total Nacional,Andalucía,Huelva,03133 Torrevieja,Turistas,2022M02,.
Total Nacional,Andalucía,Huelva,03133 Torrevieja,Turistas,2022M01,42
Total Nacional,Andalucía,Huelva,03133 Torrevieja,Turistas,2021M12,
Total Nacional,Andalucía,Huelva,03133 Torrevieja,Turistas,2021M11,34
Total Nacional,Andalucía,Huelva,03133 Torrevieja,Turistas,2021M10,
Total Nacional,Andalucía,Huelva,03133 Torrevieja,Turistas,2021M09,
Total Nacional,Andalucía,Huelva,03133 Torrevieja,Turistas,2021M08,68
Total Nacional,Andalucía,Huelva,03133 Torrevieja,Turistas,2021M07,37
Total Nacional,Andalucía,Huelva,03133 Torrevieja,Turistas,2021M06,33
Total Nacional,Andalucía,Huelva,03133 Torrevieja,Turistas,2021M05,
Total Nacional,Andalucía,Huelva,03133 Torrevieja,Turistas,2021M04,36
Total Nacional,Andalucía,Huelva,03133 Torrevieja,Turistas,2021M03,
Total Nacional,Andalucía,Huelva,03133 Torrevieja,Turistas,2021M02,.
Total Nacional,Andalucía,Huelva,03133 Torrevieja,Turistas,2021M01,
Total Nacional,Andalucía,Huelva,03133 Torrevieja,Turistas,2020M12,
Total Nacional,Andalucía,Huelva,03133 Torrevieja,Turistas,2020M11,
Total Nacional,Andalucía,Huelva,03133 Torrevieja,Turistas,2020M10,
Total Nacional,Andalucía,Huelva,03133 Torrevieja,Turistas,2020M09,
Total Nacional,Andalucía,Huelva,03133 Torrevieja,Turistas,2020M08,52
Total Nacional,Andalucía,Huelva,03133 Torrevieja,Turistas,2020M07,30
Total Nacional,Andalucía,Huelva,03133 Torrevieja,Turistas,2020M06,
Total Nacional,Andalucía,Huelva,03133 Torrevieja,Turistas,2020M05,.
Total Nacional,Andalucía,Huelva,03133 Torrevieja,Turistas,2020M04,
Total Nacional,Andalucía,Huelva,03133 Torrevieja,Turistas,2020M03,
Total Nacional,Andalucía,Huelva,03133 Torrevieja,Turistas,2020M02,34
Total Nacional,Andalucía,Huelva,03133 Torrevieja,Turistas,2020M01,.
Total Nacional,Andalucía,Huelva,03133 Torrevieja,Turistas,2019M12,
Total Nacional,Andalucía,Huelva,03133 Torrevieja,Turistas,2019M11,32
Total Nacional,Andalucía,Huelva,03133 Torrevieja,Turistas,2019M10,
Total Nacional,Andalucía,Huelva,03133 Torrevieja,Turistas,2019M09,57
Total Nacional,Andalucía,Huelva,03133 Torrevieja,Turistas,2019M08,97
Total Nacional,Andalucía,Huelva,03133 Torrevieja,Turistas,2019M07,83
Total Nacional,Andalucía,Jaén,03133 Torrevieja,Turistas,2025M12,132
Total Nacional,Andalucía,Jaén,03133 Torrevieja,Turistas,2025M11,101
Total Nacional,Andalucía,Jaén,03133 Torrevieja,Turistas,2025M10,119
Total Nacional,Andalucía,Jaén,03133 Torrevieja,Turistas,2025M09,159
Total Nacional,Andalucía,Jaén,03133 Torrevieja,Turistas,2025M08,480
Total Nacional,Andalucía,Jaén,03133 Torrevieja,Turistas,2025M07,378
Total Nacional,Andalucía,Jaén,03133 Torrevieja,Turistas,2025M06,215
Total Nacional,Andalucía,Jaén,03133 Torrevieja,Turistas,2025M05,158
Total Nacional,Andalucía,Jaén,03133 Torrevieja,Turistas,2025M04,132
Total Nacional,Andalucía,Jaén,03133 Torrevieja,Turistas,2025M03,156
Total Nacional,Andalucía,Jaén,03133 Torrevieja,Turistas,2025M02,93
Total Nacional,Andalucía,Jaén,03133 Torrevieja,Turistas,2025M01,70
Total Nacional,Andalucía,Jaén,03133 Torrevieja,Turistas,2024M12,125
Total Nacional,Andalucía,Jaén,03133 Torrevieja,Turistas,2024M11,103
Total Nacional,Andalucía,Jaén,03133 Torrevieja,Turistas,2024M10,168
Total Nacional,Andalucía,Jaén,03133 Torrevieja,Turistas,2024M09,228
Total Nacional,Andalucía,Jaén,03133 Torrevieja,Turistas,2024M08,545
Total Nacional,Andalucía,Jaén,03133 Torrevieja,Turistas,2024M07,397
Total Nacional,Andalucía,Jaén,03133 Torrevieja,Turistas,2024M06,151
Total Nacional,Andalucía,Jaén,03133 Torrevieja,Turistas,2024M05,92
Total Nacional,Andalucía,Jaén,03133 Torrevieja,Turistas,2024M04,65
Total Nacional,Andalucía,Jaén,03133 Torrevieja,Turistas,2024M03,205
Total Nacional,Andalucía,Jaén,03133 Torrevieja,Turistas,2024M02,72
Total Nacional,Andalucía,Jaén,03133 Torrevieja,Turistas,2024M01,70
Total Nacional,Andalucía,Jaén,03133 Torrevieja,Turistas,2023M12,177
Total Nacional,Andalucía,Jaén,03133 Torrevieja,Turistas,2023M11,119
Total Nacional,Andalucía,Jaén,03133 Torrevieja,Turistas,2023M10,238
Total Nacional,Andalucía,Jaén,03133 Torrevieja,Turistas,2023M09,287
Total Nacional,Andalucía,Jaén,03133 Torrevieja,Turistas,2023M08,574
Total Nacional,Andalucía,Jaén,03133 Torrevieja,Turistas,2023M07,384
Total Nacional,Andalucía,Jaén,03133 Torrevieja,Turistas,2023M06,180
Total Nacional,Andalucía,Jaén,03133 Torrevieja,Turistas,2023M05,203
Total Nacional,Andalucía,Jaén,03133 Torrevieja,Turistas,2023M04,160
Total Nacional,Andalucía,Jaén,03133 Torrevieja,Turistas,2023M03,96
Total Nacional,Andalucía,Jaén,03133 Torrevieja,Turistas,2023M02,100
Total Nacional,Andalucía,Jaén,03133 Torrevieja,Turistas,2023M01,89
Total Nacional,Andalucía,Jaén,03133 Torrevieja,Turistas,2022M12,83
Total Nacional,Andalucía,Jaén,03133 Torrevieja,Turistas,2022M11,76
Total Nacional,Andalucía,Jaén,03133 Torrevieja,Turistas,2022M10,75
Total Nacional,Andalucía,Jaén,03133 Torrevieja,Turistas,2022M09,113
Total Nacional,Andalucía,Jaén,03133 Torrevieja,Turistas,2022M08,507
Total Nacional,Andalucía,Jaén,03133 Torrevieja,Turistas,2022M07,467
Total Nacional,Andalucía,Jaén,03133 Torrevieja,Turistas,2022M06,168
Total Nacional,Andalucía,Jaén,03133 Torrevieja,Turistas,2022M05,154
Total Nacional,Andalucía,Jaén,03133 Torrevieja,Turistas,2022M04,113
Total Nacional,Andalucía,Jaén,03133 Torrevieja,Turistas,2022M03,96
Total Nacional,Andalucía,Jaén,03133 Torrevieja,Turistas,2022M02,83
Total Nacional,Andalucía,Jaén,03133 Torrevieja,Turistas,2022M01,51
Total Nacional,Andalucía,Jaén,03133 Torrevieja,Turistas,2021M12,75
Total Nacional,Andalucía,Jaén,03133 Torrevieja,Turistas,2021M11,107
Total Nacional,Andalucía,Jaén,03133 Torrevieja,Turistas,2021M10,142
Total Nacional,Andalucía,Jaén,03133 Torrevieja,Turistas,2021M09,260
Total Nacional,Andalucía,Jaén,03133 Torrevieja,Turistas,2021M08,636
Total Nacional,Andalucía,Jaén,03133 Torrevieja,Turistas,2021M07,362
Total Nacional,Andalucía,Jaén,03133 Torrevieja,Turistas,2021M06,171
Total Nacional,Andalucía,Jaén,03133 Torrevieja,Turistas,2021M05,68
Total Nacional,Andalucía,Jaén,03133 Torrevieja,Turistas,2021M04,59
Total Nacional,Andalucía,Jaén,03133 Torrevieja,Turistas,2021M03,39
Total Nacional,Andalucía,Jaén,03133 Torrevieja,Turistas,2021M02,47
Total Nacional,Andalucía,Jaén,03133 Torrevieja,Turistas,2021M01,.
Total Nacional,Andalucía,Jaén,03133 Torrevieja,Turistas,2020M12,34
Total Nacional,Andalucía,Jaén,03133 Torrevieja,Turistas,2020M11,
Total Nacional,Andalucía,Jaén,03133 Torrevieja,Turistas,2020M10,91
Total Nacional,Andalucía,Jaén,03133 Torrevieja,Turistas,2020M09,114
Total Nacional,Andalucía,Jaén,03133 Torrevieja,Turistas,2020M08,273
Total Nacional,Andalucía,Jaén,03133 Torrevieja,Turistas,2020M07,223
Total Nacional,Andalucía,Jaén,03133 Torrevieja,Turistas,2020M06,56
Total Nacional,Andalucía,Jaén,03133 Torrevieja,Turistas,2020M05,.
Total Nacional,Andalucía,Jaén,03133 Torrevieja,Turistas,2020M04,43
Total Nacional,Andalucía,Jaén,03133 Torrevieja,Turistas,2020M03,62
Total Nacional,Andalucía,Jaén,03133 Torrevieja,Turistas,2020M02,146
Total Nacional,Andalucía,Jaén,03133 Torrevieja,Turistas,2020M01,76
Total Nacional,Andalucía,Jaén,03133 Torrevieja,Turistas,2019M12,91
Total Nacional,Andalucía,Jaén,03133 Torrevieja,Turistas,2019M11,127
Total Nacional,Andalucía,Jaén,03133 Torrevieja,Turistas,2019M10,105
Total Nacional,Andalucía,Jaén,03133 Torrevieja,Turistas,2019M09,197
Total Nacional,Andalucía,Jaén,03133 Torrevieja,Turistas,2019M08,530
Total Nacional,Andalucía,Jaén,03133 Torrevieja,Turistas,2019M07,390
Total Nacional,Andalucía,Málaga,03133 Torrevieja,Turistas,2025M12,191
Total Nacional,Andalucía,Málaga,03133 Torrevieja,Turistas,2025M11,207
Total Nacional,Andalucía,Málaga,03133 Torrevieja,Turistas,2025M10,264
Total Nacional,Andalucía,Málaga,03133 Torrevieja,Turistas,2025M09,278
Total Nacional,Andalucía,Málaga,03133 Torrevieja,Turistas,2025M08,336
Total Nacional,Andalucía,Málaga,03133 Torrevieja,Turistas,2025M07,267
Total Nacional,Andalucía,Málaga,03133 Torrevieja,Turistas,2025M06,272
Total Nacional,Andalucía,Málaga,03133 Torrevieja,Turistas,2025M05,201
Total Nacional,Andalucía,Málaga,03133 Torrevieja,Turistas,2025M04,307
Total Nacional,Andalucía,Málaga,03133 Torrevieja,Turistas,2025M03,314
Total Nacional,Andalucía,Málaga,03133 Torrevieja,Turistas,2025M02,276
Total Nacional,Andalucía,Málaga,03133 Torrevieja,Turistas,2025M01,252
Total Nacional,Andalucía,Málaga,03133 Torrevieja,Turistas,2024M12,374
Total Nacional,Andalucía,Málaga,03133 Torrevieja,Turistas,2024M11,357
Total Nacional,Andalucía,Málaga,03133 Torrevieja,Turistas,2024M10,333
Total Nacional,Andalucía,Málaga,03133 Torrevieja,Turistas,2024M09,432
Total Nacional,Andalucía,Málaga,03133 Torrevieja,Turistas,2024M08,516
Total Nacional,Andalucía,Málaga,03133 Torrevieja,Turistas,2024M07,431
Total Nacional,Andalucía,Málaga,03133 Torrevieja,Turistas,2024M06,364
Total Nacional,Andalucía,Málaga,03133 Torrevieja,Turistas,2024M05,244
Total Nacional,Andalucía,Málaga,03133 Torrevieja,Turistas,2024M04,233
Total Nacional,Andalucía,Málaga,03133 Torrevieja,Turistas,2024M03,344
Total Nacional,Andalucía,Málaga,03133 Torrevieja,Turistas,2024M02,420
Total Nacional,Andalucía,Málaga,03133 Torrevieja,Turistas,2024M01,333
Total Nacional,Andalucía,Málaga,03133 Torrevieja,Turistas,2023M12,342
Total Nacional,Andalucía,Málaga,03133 Torrevieja,Turistas,2023M11,387
Total Nacional,Andalucía,Málaga,03133 Torrevieja,Turistas,2023M10,598
Total Nacional,Andalucía,Málaga,03133 Torrevieja,Turistas,2023M09,532
Total Nacional,Andalucía,Málaga,03133 Torrevieja,Turistas,2023M08,752
Total Nacional,Andalucía,Málaga,03133 Torrevieja,Turistas,2023M07,577
Total Nacional,Andalucía,Málaga,03133 Torrevieja,Turistas,2023M06,380
Total Nacional,Andalucía,Málaga,03133 Torrevieja,Turistas,2023M05,407
Total Nacional,Andalucía,Málaga,03133 Torrevieja,Turistas,2023M04,392
Total Nacional,Andalucía,Málaga,03133 Torrevieja,Turistas,2023M03,290
Total Nacional,Andalucía,Málaga,03133 Torrevieja,Turistas,2023M02,268
Total Nacional,Andalucía,Málaga,03133 Torrevieja,Turistas,2023M01,263
Total Nacional,Andalucía,Málaga,03133 Torrevieja,Turistas,2022M12,361
Total Nacional,Andalucía,Málaga,03133 Torrevieja,Turistas,2022M11,376
Total Nacional,Andalucía,Málaga,03133 Torrevieja,Turistas,2022M10,358
Total Nacional,Andalucía,Málaga,03133 Torrevieja,Turistas,2022M09,355
Total Nacional,Andalucía,Málaga,03133 Torrevieja,Turistas,2022M08,568
Total Nacional,Andalucía,Málaga,03133 Torrevieja,Turistas,2022M07,597
Total Nacional,Andalucía,Málaga,03133 Torrevieja,Turistas,2022M06,406
Total Nacional,Andalucía,Málaga,03133 Torrevieja,Turistas,2022M05,558
Total Nacional,Andalucía,Málaga,03133 Torrevieja,Turistas,2022M04,317
Total Nacional,Andalucía,Málaga,03133 Torrevieja,Turistas,2022M03,265
Total Nacional,Andalucía,Málaga,03133 Torrevieja,Turistas,2022M02,249
Total Nacional,Andalucía,Málaga,03133 Torrevieja,Turistas,2022M01,266
Total Nacional,Andalucía,Málaga,03133 Torrevieja,Turistas,2021M12,332
Total Nacional,Andalucía,Málaga,03133 Torrevieja,Turistas,2021M11,272
Total Nacional,Andalucía,Málaga,03133 Torrevieja,Turistas,2021M10,306
Total Nacional,Andalucía,Málaga,03133 Torrevieja,Turistas,2021M09,332
Total Nacional,Andalucía,Málaga,03133 Torrevieja,Turistas,2021M08,497
Total Nacional,Andalucía,Málaga,03133 Torrevieja,Turistas,2021M07,308
Total Nacional,Andalucía,Málaga,03133 Torrevieja,Turistas,2021M06,297
Total Nacional,Andalucía,Málaga,03133 Torrevieja,Turistas,2021M05,163
Total Nacional,Andalucía,Málaga,03133 Torrevieja,Turistas,2021M04,135
Total Nacional,Andalucía,Málaga,03133 Torrevieja,Turistas,2021M03,130
Total Nacional,Andalucía,Málaga,03133 Torrevieja,Turistas,2021M02,96
Total Nacional,Andalucía,Málaga,03133 Torrevieja,Turistas,2021M01,122
Total Nacional,Andalucía,Málaga,03133 Torrevieja,Turistas,2020M12,88
Total Nacional,Andalucía,Málaga,03133 Torrevieja,Turistas,2020M11,105
Total Nacional,Andalucía,Málaga,03133 Torrevieja,Turistas,2020M10,244
Total Nacional,Andalucía,Málaga,03133 Torrevieja,Turistas,2020M09,216
Total Nacional,Andalucía,Málaga,03133 Torrevieja,Turistas,2020M08,318
Total Nacional,Andalucía,Málaga,03133 Torrevieja,Turistas,2020M07,273
Total Nacional,Andalucía,Málaga,03133 Torrevieja,Turistas,2020M06,114
Total Nacional,Andalucía,Málaga,03133 Torrevieja,Turistas,2020M05,36
Total Nacional,Andalucía,Málaga,03133 Torrevieja,Turistas,2020M04,81
Total Nacional,Andalucía,Málaga,03133 Torrevieja,Turistas,2020M03,289
Total Nacional,Andalucía,Málaga,03133 Torrevieja,Turistas,2020M02,433
Total Nacional,Andalucía,Málaga,03133 Torrevieja,Turistas,2020M01,321
Total Nacional,Andalucía,Málaga,03133 Torrevieja,Turistas,2019M12,339
Total Nacional,Andalucía,Málaga,03133 Torrevieja,Turistas,2019M11,269
Total Nacional,Andalucía,Málaga,03133 Torrevieja,Turistas,2019M10,319
Total Nacional,Andalucía,Málaga,03133 Torrevieja,Turistas,2019M09,480
Total Nacional,Andalucía,Málaga,03133 Torrevieja,Turistas,2019M08,506
Total Nacional,Andalucía,Málaga,03133 Torrevieja,Turistas,2019M07,438
Total Nacional,Andalucía,Sevilla,03133 Torrevieja,Turistas,2025M12,130
Total Nacional,Andalucía,Sevilla,03133 Torrevieja,Turistas,2025M11,107
Total Nacional,Andalucía,Sevilla,03133 Torrevieja,Turistas,2025M10,147
Total Nacional,Andalucía,Sevilla,03133 Torrevieja,Turistas,2025M09,141
Total Nacional,Andalucía,Sevilla,03133 Torrevieja,Turistas,2025M08,462
Total Nacional,Andalucía,Sevilla,03133 Torrevieja,Turistas,2025M07,318
Total Nacional,Andalucía,Sevilla,03133 Torrevieja,Turistas,2025M06,197
Total Nacional,Andalucía,Sevilla,03133 Torrevieja,Turistas,2025M05,206
Total Nacional,Andalucía,Sevilla,03133 Torrevieja,Turistas,2025M04,186
Total Nacional,Andalucía,Sevilla,03133 Torrevieja,Turistas,2025M03,151
Total Nacional,Andalucía,Sevilla,03133 Torrevieja,Turistas,2025M02,93
Total Nacional,Andalucía,Sevilla,03133 Torrevieja,Turistas,2025M01,102
Total Nacional,Andalucía,Sevilla,03133 Torrevieja,Turistas,2024M12,181
Total Nacional,Andalucía,Sevilla,03133 Torrevieja,Turistas,2024M11,142
Total Nacional,Andalucía,Sevilla,03133 Torrevieja,Turistas,2024M10,180
Total Nacional,Andalucía,Sevilla,03133 Torrevieja,Turistas,2024M09,287
Total Nacional,Andalucía,Sevilla,03133 Torrevieja,Turistas,2024M08,503
Total Nacional,Andalucía,Sevilla,03133 Torrevieja,Turistas,2024M07,324
Total Nacional,Andalucía,Sevilla,03133 Torrevieja,Turistas,2024M06,134
Total Nacional,Andalucía,Sevilla,03133 Torrevieja,Turistas,2024M05,111
Total Nacional,Andalucía,Sevilla,03133 Torrevieja,Turistas,2024M04,166
Total Nacional,Andalucía,Sevilla,03133 Torrevieja,Turistas,2024M03,130
Total Nacional,Andalucía,Sevilla,03133 Torrevieja,Turistas,2024M02,124
Total Nacional,Andalucía,Sevilla,03133 Torrevieja,Turistas,2024M01,120
Total Nacional,Andalucía,Sevilla,03133 Torrevieja,Turistas,2023M12,169
Total Nacional,Andalucía,Sevilla,03133 Torrevieja,Turistas,2023M11,98
Total Nacional,Andalucía,Sevilla,03133 Torrevieja,Turistas,2023M10,103
Total Nacional,Andalucía,Sevilla,03133 Torrevieja,Turistas,2023M09,137
Total Nacional,Andalucía,Sevilla,03133 Torrevieja,Turistas,2023M08,527
Total Nacional,Andalucía,Sevilla,03133 Torrevieja,Turistas,2023M07,314
Total Nacional,Andalucía,Sevilla,03133 Torrevieja,Turistas,2023M06,118
Total Nacional,Andalucía,Sevilla,03133 Torrevieja,Turistas,2023M05,102
Total Nacional,Andalucía,Sevilla,03133 Torrevieja,Turistas,2023M04,131
Total Nacional,Andalucía,Sevilla,03133 Torrevieja,Turistas,2023M03,98
Total Nacional,Andalucía,Sevilla,03133 Torrevieja,Turistas,2023M02,77
Total Nacional,Andalucía,Sevilla,03133 Torrevieja,Turistas,2023M01,111
Total Nacional,Andalucía,Sevilla,03133 Torrevieja,Turistas,2022M12,131
Total Nacional,Andalucía,Sevilla,03133 Torrevieja,Turistas,2022M11,101
Total Nacional,Andalucía,Sevilla,03133 Torrevieja,Turistas,2022M10,72
Total Nacional,Andalucía,Sevilla,03133 Torrevieja,Turistas,2022M09,142
Total Nacional,Andalucía,Sevilla,03133 Torrevieja,Turistas,2022M08,328
Total Nacional,Andalucía,Sevilla,03133 Torrevieja,Turistas,2022M07,254
Total Nacional,Andalucía,Sevilla,03133 Torrevieja,Turistas,2022M06,118
Total Nacional,Andalucía,Sevilla,03133 Torrevieja,Turistas,2022M05,232
Total Nacional,Andalucía,Sevilla,03133 Torrevieja,Turistas,2022M04,192
Total Nacional,Andalucía,Sevilla,03133 Torrevieja,Turistas,2022M03,160
Total Nacional,Andalucía,Sevilla,03133 Torrevieja,Turistas,2022M02,74
Total Nacional,Andalucía,Sevilla,03133 Torrevieja,Turistas,2022M01,69
Total Nacional,Andalucía,Sevilla,03133 Torrevieja,Turistas,2021M12,131
Total Nacional,Andalucía,Sevilla,03133 Torrevieja,Turistas,2021M11,81
Total Nacional,Andalucía,Sevilla,03133 Torrevieja,Turistas,2021M10,95
Total Nacional,Andalucía,Sevilla,03133 Torrevieja,Turistas,2021M09,145
Total Nacional,Andalucía,Sevilla,03133 Torrevieja,Turistas,2021M08,410
Total Nacional,Andalucía,Sevilla,03133 Torrevieja,Turistas,2021M07,244
Total Nacional,Andalucía,Sevilla,03133 Torrevieja,Turistas,2021M06,169
Total Nacional,Andalucía,Sevilla,03133 Torrevieja,Turistas,2021M05,67
Total Nacional,Andalucía,Sevilla,03133 Torrevieja,Turistas,2021M04,102
Total Nacional,Andalucía,Sevilla,03133 Torrevieja,Turistas,2021M03,51
Total Nacional,Andalucía,Sevilla,03133 Torrevieja,Turistas,2021M02,.
Total Nacional,Andalucía,Sevilla,03133 Torrevieja,Turistas,2021M01,34
Total Nacional,Andalucía,Sevilla,03133 Torrevieja,Turistas,2020M12,
Total Nacional,Andalucía,Sevilla,03133 Torrevieja,Turistas,2020M11,44
Total Nacional,Andalucía,Sevilla,03133 Torrevieja,Turistas,2020M10,61
Total Nacional,Andalucía,Sevilla,03133 Torrevieja,Turistas,2020M09,141
Total Nacional,Andalucía,Sevilla,03133 Torrevieja,Turistas,2020M08,317
Total Nacional,Andalucía,Sevilla,03133 Torrevieja,Turistas,2020M07,169
Total Nacional,Andalucía,Sevilla,03133 Torrevieja,Turistas,2020M06,52
Total Nacional,Andalucía,Sevilla,03133 Torrevieja,Turistas,2020M05,31
Total Nacional,Andalucía,Sevilla,03133 Torrevieja,Turistas,2020M04,.
Total Nacional,Andalucía,Sevilla,03133 Torrevieja,Turistas,2020M03,59
Total Nacional,Andalucía,Sevilla,03133 Torrevieja,Turistas,2020M02,244
Total Nacional,Andalucía,Sevilla,03133 Torrevieja,Turistas,2020M01,75
Total Nacional,Andalucía,Sevilla,03133 Torrevieja,Turistas,2019M12,142
Total Nacional,Andalucía,Sevilla,03133 Torrevieja,Turistas,2019M11,111
Total Nacional,Andalucía,Sevilla,03133 Torrevieja,Turistas,2019M10,159
Total Nacional,Andalucía,Sevilla,03133 Torrevieja,Turistas,2019M09,203
Total Nacional,Andalucía,Sevilla,03133 Torrevieja,Turistas,2019M08,390
Total Nacional,Andalucía,Sevilla,03133 Torrevieja,Turistas,2019M07,256
Total Nacional,Aragón,,03133 Torrevieja,Turistas,2025M12,195
Total Nacional,Aragón,,03133 Torrevieja,Turistas,2025M11,189
Total Nacional,Aragón,,03133 Torrevieja,Turistas,2025M10,121
Total Nacional,Aragón,,03133 Torrevieja,Turistas,2025M09,262
Total Nacional,Aragón,,03133 Torrevieja,Turistas,2025M08,858
Total Nacional,Aragón,,03133 Torrevieja,Turistas,2025M07,725
Total Nacional,Aragón,,03133 Torrevieja,Turistas,2025M06,336
Total Nacional,Aragón,,03133 Torrevieja,Turistas,2025M05,221
Total Nacional,Aragón,,03133 Torrevieja,Turistas,2025M04,322
Total Nacional,Aragón,,03133 Torrevieja,Turistas,2025M03,190
Total Nacional,Aragón,,03133 Torrevieja,Turistas,2025M02,127
Total Nacional,Aragón,,03133 Torrevieja,Turistas,2025M01,143
Total Nacional,Aragón,,03133 Torrevieja,Turistas,2024M12,267
Total Nacional,Aragón,,03133 Torrevieja,Turistas,2024M11,238
Total Nacional,Aragón,,03133 Torrevieja,Turistas,2024M10,192
Total Nacional,Aragón,,03133 Torrevieja,Turistas,2024M09,382
Total Nacional,Aragón,,03133 Torrevieja,Turistas,2024M08,1.025
Total Nacional,Aragón,,03133 Torrevieja,Turistas,2024M07,631
Total Nacional,Aragón,,03133 Torrevieja,Turistas,2024M06,322
Total Nacional,Aragón,,03133 Torrevieja,Turistas,2024M05,362
Total Nacional,Aragón,,03133 Torrevieja,Turistas,2024M04,313
Total Nacional,Aragón,,03133 Torrevieja,Turistas,2024M03,263
Total Nacional,Aragón,,03133 Torrevieja,Turistas,2024M02,85
Total Nacional,Aragón,,03133 Torrevieja,Turistas,2024M01,201
Total Nacional,Aragón,,03133 Torrevieja,Turistas,2023M12,280
Total Nacional,Aragón,,03133 Torrevieja,Turistas,2023M11,168
Total Nacional,Aragón,,03133 Torrevieja,Turistas,2023M10,270
Total Nacional,Aragón,,03133 Torrevieja,Turistas,2023M09,275
Total Nacional,Aragón,,03133 Torrevieja,Turistas,2023M08,1.086
Total Nacional,Aragón,,03133 Torrevieja,Turistas,2023M07,809
Total Nacional,Aragón,,03133 Torrevieja,Turistas,2023M06,253
Total Nacional,Aragón,,03133 Torrevieja,Turistas,2023M05,220
Total Nacional,Aragón,,03133 Torrevieja,Turistas,2023M04,473
Total Nacional,Aragón,,03133 Torrevieja,Turistas,2023M03,156
Total Nacional,Aragón,,03133 Torrevieja,Turistas,2023M02,110
Total Nacional,Aragón,,03133 Torrevieja,Turistas,2023M01,179
Total Nacional,Aragón,,03133 Torrevieja,Turistas,2022M12,199
Total Nacional,Aragón,,03133 Torrevieja,Turistas,2022M11,167
Total Nacional,Aragón,,03133 Torrevieja,Turistas,2022M10,202
Total Nacional,Aragón,,03133 Torrevieja,Turistas,2022M09,309
Total Nacional,Aragón,,03133 Torrevieja,Turistas,2022M08,883
Total Nacional,Aragón,,03133 Torrevieja,Turistas,2022M07,680
Total Nacional,Aragón,,03133 Torrevieja,Turistas,2022M06,250
Total Nacional,Aragón,,03133 Torrevieja,Turistas,2022M05,292
Total Nacional,Aragón,,03133 Torrevieja,Turistas,2022M04,408
Total Nacional,Aragón,,03133 Torrevieja,Turistas,2022M03,140
Total Nacional,Aragón,,03133 Torrevieja,Turistas,2022M02,121
Total Nacional,Aragón,,03133 Torrevieja,Turistas,2022M01,161
Total Nacional,Aragón,,03133 Torrevieja,Turistas,2021M12,186
Total Nacional,Aragón,,03133 Torrevieja,Turistas,2021M11,179
Total Nacional,Aragón,,03133 Torrevieja,Turistas,2021M10,259
Total Nacional,Aragón,,03133 Torrevieja,Turistas,2021M09,347
Total Nacional,Aragón,,03133 Torrevieja,Turistas,2021M08,1.132
Total Nacional,Aragón,,03133 Torrevieja,Turistas,2021M07,641
Total Nacional,Aragón,,03133 Torrevieja,Turistas,2021M06,287
Total Nacional,Aragón,,03133 Torrevieja,Turistas,2021M05,167
Total Nacional,Aragón,,03133 Torrevieja,Turistas,2021M04,81
Total Nacional,Aragón,,03133 Torrevieja,Turistas,2021M03,49
Total Nacional,Aragón,,03133 Torrevieja,Turistas,2021M02,30
Total Nacional,Aragón,,03133 Torrevieja,Turistas,2021M01,57
Total Nacional,Aragón,,03133 Torrevieja,Turistas,2020M12,69
Total Nacional,Aragón,,03133 Torrevieja,Turistas,2020M11,90
Total Nacional,Aragón,,03133 Torrevieja,Turistas,2020M10,214
Total Nacional,Aragón,,03133 Torrevieja,Turistas,2020M09,262
Total Nacional,Aragón,,03133 Torrevieja,Turistas,2020M08,807
Total Nacional,Aragón,,03133 Torrevieja,Turistas,2020M07,496
Total Nacional,Aragón,,03133 Torrevieja,Turistas,2020M06,79
Total Nacional,Aragón,,03133 Torrevieja,Turistas,2020M05,.
Total Nacional,Aragón,,03133 Torrevieja,Turistas,2020M04,.
Total Nacional,Aragón,,03133 Torrevieja,Turistas,2020M03,162
Total Nacional,Aragón,,03133 Torrevieja,Turistas,2020M02,180
Total Nacional,Aragón,,03133 Torrevieja,Turistas,2020M01,169
Total Nacional,Aragón,,03133 Torrevieja,Turistas,2019M12,214
Total Nacional,Aragón,,03133 Torrevieja,Turistas,2019M11,181
Total Nacional,Aragón,,03133 Torrevieja,Turistas,2019M10,164
Total Nacional,Aragón,,03133 Torrevieja,Turistas,2019M09,371
Total Nacional,Aragón,,03133 Torrevieja,Turistas,2019M08,1.012
Total Nacional,Aragón,,03133 Torrevieja,Turistas,2019M07,659
Total Nacional,Aragón,Huesca,03133 Torrevieja,Turistas,2025M12,
Total Nacional,Aragón,Huesca,03133 Torrevieja,Turistas,2025M11,
Total Nacional,Aragón,Huesca,03133 Torrevieja,Turistas,2025M10,
Total Nacional,Aragón,Huesca,03133 Torrevieja,Turistas,2025M09,
Total Nacional,Aragón,Huesca,03133 Torrevieja,Turistas,2025M08,68
Total Nacional,Aragón,Huesca,03133 Torrevieja,Turistas,2025M07,84
Total Nacional,Aragón,Huesca,03133 Torrevieja,Turistas,2025M06,31
Total Nacional,Aragón,Huesca,03133 Torrevieja,Turistas,2025M05,61
Total Nacional,Aragón,Huesca,03133 Torrevieja,Turistas,2025M04,59
Total Nacional,Aragón,Huesca,03133 Torrevieja,Turistas,2025M03,42
Total Nacional,Aragón,Huesca,03133 Torrevieja,Turistas,2025M02,
Total Nacional,Aragón,Huesca,03133 Torrevieja,Turistas,2025M01,
Total Nacional,Aragón,Huesca,03133 Torrevieja,Turistas,2024M12,
Total Nacional,Aragón,Huesca,03133 Torrevieja,Turistas,2024M11,34
Total Nacional,Aragón,Huesca,03133 Torrevieja,Turistas,2024M10,47
Total Nacional,Aragón,Huesca,03133 Torrevieja,Turistas,2024M09,37
Total Nacional,Aragón,Huesca,03133 Torrevieja,Turistas,2024M08,70
Total Nacional,Aragón,Huesca,03133 Torrevieja,Turistas,2024M07,44
Total Nacional,Aragón,Huesca,03133 Torrevieja,Turistas,2024M06,
Total Nacional,Aragón,Huesca,03133 Torrevieja,Turistas,2024M05,
Total Nacional,Aragón,Huesca,03133 Torrevieja,Turistas,2024M04,38
Total Nacional,Aragón,Huesca,03133 Torrevieja,Turistas,2024M03,
Total Nacional,Aragón,Huesca,03133 Torrevieja,Turistas,2024M02,
Total Nacional,Aragón,Huesca,03133 Torrevieja,Turistas,2024M01,
Total Nacional,Aragón,Huesca,03133 Torrevieja,Turistas,2023M12,36
Total Nacional,Aragón,Huesca,03133 Torrevieja,Turistas,2023M11,
Total Nacional,Aragón,Huesca,03133 Torrevieja,Turistas,2023M10,41
Total Nacional,Aragón,Huesca,03133 Torrevieja,Turistas,2023M09,
Total Nacional,Aragón,Huesca,03133 Torrevieja,Turistas,2023M08,72
Total Nacional,Aragón,Huesca,03133 Torrevieja,Turistas,2023M07,68
Total Nacional,Aragón,Huesca,03133 Torrevieja,Turistas,2023M06,
Total Nacional,Aragón,Huesca,03133 Torrevieja,Turistas,2023M05,57
Total Nacional,Aragón,Huesca,03133 Torrevieja,Turistas,2023M04,48
Total Nacional,Aragón,Huesca,03133 Torrevieja,Turistas,2023M03,
Total Nacional,Aragón,Huesca,03133 Torrevieja,Turistas,2023M02,
Total Nacional,Aragón,Huesca,03133 Torrevieja,Turistas,2023M01,
Total Nacional,Aragón,Huesca,03133 Torrevieja,Turistas,2022M12,
Total Nacional,Aragón,Huesca,03133 Torrevieja,Turistas,2022M11,
Total Nacional,Aragón,Huesca,03133 Torrevieja,Turistas,2022M10,
Total Nacional,Aragón,Huesca,03133 Torrevieja,Turistas,2022M09,32
Total Nacional,Aragón,Huesca,03133 Torrevieja,Turistas,2022M08,125
Total Nacional,Aragón,Huesca,03133 Torrevieja,Turistas,2022M07,76
Total Nacional,Aragón,Huesca,03133 Torrevieja,Turistas,2022M06,34
Total Nacional,Aragón,Huesca,03133 Torrevieja,Turistas,2022M05,47
Total Nacional,Aragón,Huesca,03133 Torrevieja,Turistas,2022M04,
Total Nacional,Aragón,Huesca,03133 Torrevieja,Turistas,2022M03,
Total Nacional,Aragón,Huesca,03133 Torrevieja,Turistas,2022M02,.
Total Nacional,Aragón,Huesca,03133 Torrevieja,Turistas,2022M01,.
Total Nacional,Aragón,Huesca,03133 Torrevieja,Turistas,2021M12,
Total Nacional,Aragón,Huesca,03133 Torrevieja,Turistas,2021M11,41
Total Nacional,Aragón,Huesca,03133 Torrevieja,Turistas,2021M10,41
Total Nacional,Aragón,Huesca,03133 Torrevieja,Turistas,2021M09,
Total Nacional,Aragón,Huesca,03133 Torrevieja,Turistas,2021M08,139
Total Nacional,Aragón,Huesca,03133 Torrevieja,Turistas,2021M07,73
Total Nacional,Aragón,Huesca,03133 Torrevieja,Turistas,2021M06,36
Total Nacional,Aragón,Huesca,03133 Torrevieja,Turistas,2021M05,
Total Nacional,Aragón,Huesca,03133 Torrevieja,Turistas,2021M04,
Total Nacional,Aragón,Huesca,03133 Torrevieja,Turistas,2021M03,
Total Nacional,Aragón,Huesca,03133 Torrevieja,Turistas,2021M02,
Total Nacional,Aragón,Huesca,03133 Torrevieja,Turistas,2021M01,.
Total Nacional,Aragón,Huesca,03133 Torrevieja,Turistas,2020M12,
Total Nacional,Aragón,Huesca,03133 Torrevieja,Turistas,2020M11,
Total Nacional,Aragón,Huesca,03133 Torrevieja,Turistas,2020M10,42
Total Nacional,Aragón,Huesca,03133 Torrevieja,Turistas,2020M09,
Total Nacional,Aragón,Huesca,03133 Torrevieja,Turistas,2020M08,49
Total Nacional,Aragón,Huesca,03133 Torrevieja,Turistas,2020M07,31
Total Nacional,Aragón,Huesca,03133 Torrevieja,Turistas,2020M06,
Total Nacional,Aragón,Huesca,03133 Torrevieja,Turistas,2020M05,
Total Nacional,Aragón,Huesca,03133 Torrevieja,Turistas,2020M04,
Total Nacional,Aragón,Huesca,03133 Torrevieja,Turistas,2020M03,
Total Nacional,Aragón,Huesca,03133 Torrevieja,Turistas,2020M02,.
Total Nacional,Aragón,Huesca,03133 Torrevieja,Turistas,2020M01,31
Total Nacional,Aragón,Huesca,03133 Torrevieja,Turistas,2019M12,
Total Nacional,Aragón,Huesca,03133 Torrevieja,Turistas,2019M11,
Total Nacional,Aragón,Huesca,03133 Torrevieja,Turistas,2019M10,
Total Nacional,Aragón,Huesca,03133 Torrevieja,Turistas,2019M09,32
Total Nacional,Aragón,Huesca,03133 Torrevieja,Turistas,2019M08,66
Total Nacional,Aragón,Huesca,03133 Torrevieja,Turistas,2019M07,89
Total Nacional,Aragón,Teruel,03133 Torrevieja,Turistas,2025M12,36
Total Nacional,Aragón,Teruel,03133 Torrevieja,Turistas,2025M11,
Total Nacional,Aragón,Teruel,03133 Torrevieja,Turistas,2025M10,
Total Nacional,Aragón,Teruel,03133 Torrevieja,Turistas,2025M09,56
Total Nacional,Aragón,Teruel,03133 Torrevieja,Turistas,2025M08,108
Total Nacional,Aragón,Teruel,03133 Torrevieja,Turistas,2025M07,84
Total Nacional,Aragón,Teruel,03133 Torrevieja,Turistas,2025M06,34
Total Nacional,Aragón,Teruel,03133 Torrevieja,Turistas,2025M05,
Total Nacional,Aragón,Teruel,03133 Torrevieja,Turistas,2025M04,
Total Nacional,Aragón,Teruel,03133 Torrevieja,Turistas,2025M03,43
Total Nacional,Aragón,Teruel,03133 Torrevieja,Turistas,2025M02,
Total Nacional,Aragón,Teruel,03133 Torrevieja,Turistas,2025M01,32
Total Nacional,Aragón,Teruel,03133 Torrevieja,Turistas,2024M12,52
Total Nacional,Aragón,Teruel,03133 Torrevieja,Turistas,2024M11,40
Total Nacional,Aragón,Teruel,03133 Torrevieja,Turistas,2024M10,
Total Nacional,Aragón,Teruel,03133 Torrevieja,Turistas,2024M09,55
Total Nacional,Aragón,Teruel,03133 Torrevieja,Turistas,2024M08,154
Total Nacional,Aragón,Teruel,03133 Torrevieja,Turistas,2024M07,70
Total Nacional,Aragón,Teruel,03133 Torrevieja,Turistas,2024M06,106
Total Nacional,Aragón,Teruel,03133 Torrevieja,Turistas,2024M05,59
Total Nacional,Aragón,Teruel,03133 Torrevieja,Turistas,2024M04,58
Total Nacional,Aragón,Teruel,03133 Torrevieja,Turistas,2024M03,36
Total Nacional,Aragón,Teruel,03133 Torrevieja,Turistas,2024M02,
Total Nacional,Aragón,Teruel,03133 Torrevieja,Turistas,2024M01,44
Total Nacional,Aragón,Teruel,03133 Torrevieja,Turistas,2023M12,76
Total Nacional,Aragón,Teruel,03133 Torrevieja,Turistas,2023M11,30
Total Nacional,Aragón,Teruel,03133 Torrevieja,Turistas,2023M10,49
Total Nacional,Aragón,Teruel,03133 Torrevieja,Turistas,2023M09,
Total Nacional,Aragón,Teruel,03133 Torrevieja,Turistas,2023M08,108
Total Nacional,Aragón,Teruel,03133 Torrevieja,Turistas,2023M07,119
Total Nacional,Aragón,Teruel,03133 Torrevieja,Turistas,2023M06,
Total Nacional,Aragón,Teruel,03133 Torrevieja,Turistas,2023M05,
Total Nacional,Aragón,Teruel,03133 Torrevieja,Turistas,2023M04,74
Total Nacional,Aragón,Teruel,03133 Torrevieja,Turistas,2023M03,
Total Nacional,Aragón,Teruel,03133 Torrevieja,Turistas,2023M02,
Total Nacional,Aragón,Teruel,03133 Torrevieja,Turistas,2023M01,34
Total Nacional,Aragón,Teruel,03133 Torrevieja,Turistas,2022M12,34
Total Nacional,Aragón,Teruel,03133 Torrevieja,Turistas,2022M11,44
Total Nacional,Aragón,Teruel,03133 Torrevieja,Turistas,2022M10,38
Total Nacional,Aragón,Teruel,03133 Torrevieja,Turistas,2022M09,48
Total Nacional,Aragón,Teruel,03133 Torrevieja,Turistas,2022M08,91
Total Nacional,Aragón,Teruel,03133 Torrevieja,Turistas,2022M07,78
Total Nacional,Aragón,Teruel,03133 Torrevieja,Turistas,2022M06,40
Total Nacional,Aragón,Teruel,03133 Torrevieja,Turistas,2022M05,48
Total Nacional,Aragón,Teruel,03133 Torrevieja,Turistas,2022M04,39
Total Nacional,Aragón,Teruel,03133 Torrevieja,Turistas,2022M03,
Total Nacional,Aragón,Teruel,03133 Torrevieja,Turistas,2022M02,.
Total Nacional,Aragón,Teruel,03133 Torrevieja,Turistas,2022M01,.
Total Nacional,Aragón,Teruel,03133 Torrevieja,Turistas,2021M12,
Total Nacional,Aragón,Teruel,03133 Torrevieja,Turistas,2021M11,
Total Nacional,Aragón,Teruel,03133 Torrevieja,Turistas,2021M10,
Total Nacional,Aragón,Teruel,03133 Torrevieja,Turistas,2021M09,34
Total Nacional,Aragón,Teruel,03133 Torrevieja,Turistas,2021M08,118
Total Nacional,Aragón,Teruel,03133 Torrevieja,Turistas,2021M07,46
Total Nacional,Aragón,Teruel,03133 Torrevieja,Turistas,2021M06,
Total Nacional,Aragón,Teruel,03133 Torrevieja,Turistas,2021M05,38
Total Nacional,Aragón,Teruel,03133 Torrevieja,Turistas,2021M04,
Total Nacional,Aragón,Teruel,03133 Torrevieja,Turistas,2021M03,
Total Nacional,Aragón,Teruel,03133 Torrevieja,Turistas,2021M02,.
Total Nacional,Aragón,Teruel,03133 Torrevieja,Turistas,2021M01,.
Total Nacional,Aragón,Teruel,03133 Torrevieja,Turistas,2020M12,
Total Nacional,Aragón,Teruel,03133 Torrevieja,Turistas,2020M11,
Total Nacional,Aragón,Teruel,03133 Torrevieja,Turistas,2020M10,
Total Nacional,Aragón,Teruel,03133 Torrevieja,Turistas,2020M09,42
Total Nacional,Aragón,Teruel,03133 Torrevieja,Turistas,2020M08,56
Total Nacional,Aragón,Teruel,03133 Torrevieja,Turistas,2020M07,76
Total Nacional,Aragón,Teruel,03133 Torrevieja,Turistas,2020M06,
Total Nacional,Aragón,Teruel,03133 Torrevieja,Turistas,2020M05,
Total Nacional,Aragón,Teruel,03133 Torrevieja,Turistas,2020M04,.
Total Nacional,Aragón,Teruel,03133 Torrevieja,Turistas,2020M03,
Total Nacional,Aragón,Teruel,03133 Torrevieja,Turistas,2020M02,36
Total Nacional,Aragón,Teruel,03133 Torrevieja,Turistas,2020M01,.
Total Nacional,Aragón,Teruel,03133 Torrevieja,Turistas,2019M12,
Total Nacional,Aragón,Teruel,03133 Torrevieja,Turistas,2019M11,36
Total Nacional,Aragón,Teruel,03133 Torrevieja,Turistas,2019M10,
Total Nacional,Aragón,Teruel,03133 Torrevieja,Turistas,2019M09,66
Total Nacional,Aragón,Teruel,03133 Torrevieja,Turistas,2019M08,106
Total Nacional,Aragón,Teruel,03133 Torrevieja,Turistas,2019M07,40
Total Nacional,Aragón,Zaragoza,03133 Torrevieja,Turistas,2025M12,144
Total Nacional,Aragón,Zaragoza,03133 Torrevieja,Turistas,2025M11,151
Total Nacional,Aragón,Zaragoza,03133 Torrevieja,Turistas,2025M10,84
Total Nacional,Aragón,Zaragoza,03133 Torrevieja,Turistas,2025M09,197
Total Nacional,Aragón,Zaragoza,03133 Torrevieja,Turistas,2025M08,682
Total Nacional,Aragón,Zaragoza,03133 Torrevieja,Turistas,2025M07,557
Total Nacional,Aragón,Zaragoza,03133 Torrevieja,Turistas,2025M06,271
Total Nacional,Aragón,Zaragoza,03133 Torrevieja,Turistas,2025M05,139
Total Nacional,Aragón,Zaragoza,03133 Torrevieja,Turistas,2025M04,251
Total Nacional,Aragón,Zaragoza,03133 Torrevieja,Turistas,2025M03,105
Total Nacional,Aragón,Zaragoza,03133 Torrevieja,Turistas,2025M02,81
Total Nacional,Aragón,Zaragoza,03133 Torrevieja,Turistas,2025M01,91
Total Nacional,Aragón,Zaragoza,03133 Torrevieja,Turistas,2024M12,194
Total Nacional,Aragón,Zaragoza,03133 Torrevieja,Turistas,2024M11,164
Total Nacional,Aragón,Zaragoza,03133 Torrevieja,Turistas,2024M10,123
Total Nacional,Aragón,Zaragoza,03133 Torrevieja,Turistas,2024M09,290
Total Nacional,Aragón,Zaragoza,03133 Torrevieja,Turistas,2024M08,801
Total Nacional,Aragón,Zaragoza,03133 Torrevieja,Turistas,2024M07,517
Total Nacional,Aragón,Zaragoza,03133 Torrevieja,Turistas,2024M06,206
Total Nacional,Aragón,Zaragoza,03133 Torrevieja,Turistas,2024M05,274
Total Nacional,Aragón,Zaragoza,03133 Torrevieja,Turistas,2024M04,217
Total Nacional,Aragón,Zaragoza,03133 Torrevieja,Turistas,2024M03,215
Total Nacional,Aragón,Zaragoza,03133 Torrevieja,Turistas,2024M02,65
Total Nacional,Aragón,Zaragoza,03133 Torrevieja,Turistas,2024M01,128
Total Nacional,Aragón,Zaragoza,03133 Torrevieja,Turistas,2023M12,168
Total Nacional,Aragón,Zaragoza,03133 Torrevieja,Turistas,2023M11,138
Total Nacional,Aragón,Zaragoza,03133 Torrevieja,Turistas,2023M10,180
Total Nacional,Aragón,Zaragoza,03133 Torrevieja,Turistas,2023M09,249
Total Nacional,Aragón,Zaragoza,03133 Torrevieja,Turistas,2023M08,906
Total Nacional,Aragón,Zaragoza,03133 Torrevieja,Turistas,2023M07,622
Total Nacional,Aragón,Zaragoza,03133 Torrevieja,Turistas,2023M06,200
Total Nacional,Aragón,Zaragoza,03133 Torrevieja,Turistas,2023M05,144
Total Nacional,Aragón,Zaragoza,03133 Torrevieja,Turistas,2023M04,351
Total Nacional,Aragón,Zaragoza,03133 Torrevieja,Turistas,2023M03,111
Total Nacional,Aragón,Zaragoza,03133 Torrevieja,Turistas,2023M02,104
Total Nacional,Aragón,Zaragoza,03133 Torrevieja,Turistas,2023M01,128
Total Nacional,Aragón,Zaragoza,03133 Torrevieja,Turistas,2022M12,151
Total Nacional,Aragón,Zaragoza,03133 Torrevieja,Turistas,2022M11,101
Total Nacional,Aragón,Zaragoza,03133 Torrevieja,Turistas,2022M10,151
Total Nacional,Aragón,Zaragoza,03133 Torrevieja,Turistas,2022M09,229
Total Nacional,Aragón,Zaragoza,03133 Torrevieja,Turistas,2022M08,667
Total Nacional,Aragón,Zaragoza,03133 Torrevieja,Turistas,2022M07,526
Total Nacional,Aragón,Zaragoza,03133 Torrevieja,Turistas,2022M06,176
Total Nacional,Aragón,Zaragoza,03133 Torrevieja,Turistas,2022M05,197
Total Nacional,Aragón,Zaragoza,03133 Torrevieja,Turistas,2022M04,350
Total Nacional,Aragón,Zaragoza,03133 Torrevieja,Turistas,2022M03,112
Total Nacional,Aragón,Zaragoza,03133 Torrevieja,Turistas,2022M02,81
Total Nacional,Aragón,Zaragoza,03133 Torrevieja,Turistas,2022M01,127
Total Nacional,Aragón,Zaragoza,03133 Torrevieja,Turistas,2021M12,151
Total Nacional,Aragón,Zaragoza,03133 Torrevieja,Turistas,2021M11,123
Total Nacional,Aragón,Zaragoza,03133 Torrevieja,Turistas,2021M10,192
Total Nacional,Aragón,Zaragoza,03133 Torrevieja,Turistas,2021M09,284
Total Nacional,Aragón,Zaragoza,03133 Torrevieja,Turistas,2021M08,875
Total Nacional,Aragón,Zaragoza,03133 Torrevieja,Turistas,2021M07,522
Total Nacional,Aragón,Zaragoza,03133 Torrevieja,Turistas,2021M06,247
Total Nacional,Aragón,Zaragoza,03133 Torrevieja,Turistas,2021M05,117
Total Nacional,Aragón,Zaragoza,03133 Torrevieja,Turistas,2021M04,69
Total Nacional,Aragón,Zaragoza,03133 Torrevieja,Turistas,2021M03,49
Total Nacional,Aragón,Zaragoza,03133 Torrevieja,Turistas,2021M02,.
Total Nacional,Aragón,Zaragoza,03133 Torrevieja,Turistas,2021M01,47
Total Nacional,Aragón,Zaragoza,03133 Torrevieja,Turistas,2020M12,55
Total Nacional,Aragón,Zaragoza,03133 Torrevieja,Turistas,2020M11,60
Total Nacional,Aragón,Zaragoza,03133 Torrevieja,Turistas,2020M10,149
Total Nacional,Aragón,Zaragoza,03133 Torrevieja,Turistas,2020M09,213
Total Nacional,Aragón,Zaragoza,03133 Torrevieja,Turistas,2020M08,702
Total Nacional,Aragón,Zaragoza,03133 Torrevieja,Turistas,2020M07,389
Total Nacional,Aragón,Zaragoza,03133 Torrevieja,Turistas,2020M06,76
Total Nacional,Aragón,Zaragoza,03133 Torrevieja,Turistas,2020M05,.
Total Nacional,Aragón,Zaragoza,03133 Torrevieja,Turistas,2020M04,.
Total Nacional,Aragón,Zaragoza,03133 Torrevieja,Turistas,2020M03,123
Total Nacional,Aragón,Zaragoza,03133 Torrevieja,Turistas,2020M02,123
Total Nacional,Aragón,Zaragoza,03133 Torrevieja,Turistas,2020M01,126
Total Nacional,Aragón,Zaragoza,03133 Torrevieja,Turistas,2019M12,165
Total Nacional,Aragón,Zaragoza,03133 Torrevieja,Turistas,2019M11,137
Total Nacional,Aragón,Zaragoza,03133 Torrevieja,Turistas,2019M10,119
Total Nacional,Aragón,Zaragoza,03133 Torrevieja,Turistas,2019M09,273
Total Nacional,Aragón,Zaragoza,03133 Torrevieja,Turistas,2019M08,840
Total Nacional,Aragón,Zaragoza,03133 Torrevieja,Turistas,2019M07,530
Total Nacional,"Asturias, Principado de",,03133 Torrevieja,Turistas,2025M12,178
Total Nacional,"Asturias, Principado de",,03133 Torrevieja,Turistas,2025M11,245
Total Nacional,"Asturias, Principado de",,03133 Torrevieja,Turistas,2025M10,223
Total Nacional,"Asturias, Principado de",,03133 Torrevieja,Turistas,2025M09,452
Total Nacional,"Asturias, Principado de",,03133 Torrevieja,Turistas,2025M08,615
Total Nacional,"Asturias, Principado de",,03133 Torrevieja,Turistas,2025M07,576
Total Nacional,"Asturias, Principado de",,03133 Torrevieja,Turistas,2025M06,306
Total Nacional,"Asturias, Principado de",,03133 Torrevieja,Turistas,2025M05,200
Total Nacional,"Asturias, Principado de",,03133 Torrevieja,Turistas,2025M04,420
Total Nacional,"Asturias, Principado de",,03133 Torrevieja,Turistas,2025M03,265
Total Nacional,"Asturias, Principado de",,03133 Torrevieja,Turistas,2025M02,95
Total Nacional,"Asturias, Principado de",,03133 Torrevieja,Turistas,2025M01,151
Total Nacional,"Asturias, Principado de",,03133 Torrevieja,Turistas,2024M12,230
Total Nacional,"Asturias, Principado de",,03133 Torrevieja,Turistas,2024M11,224
Total Nacional,"Asturias, Principado de",,03133 Torrevieja,Turistas,2024M10,267
Total Nacional,"Asturias, Principado de",,03133 Torrevieja,Turistas,2024M09,449
Total Nacional,"Asturias, Principado de",,03133 Torrevieja,Turistas,2024M08,878
Total Nacional,"Asturias, Principado de",,03133 Torrevieja,Turistas,2024M07,693
Total Nacional,"Asturias, Principado de",,03133 Torrevieja,Turistas,2024M06,297
Total Nacional,"Asturias, Principado de",,03133 Torrevieja,Turistas,2024M05,167
Total Nacional,"Asturias, Principado de",,03133 Torrevieja,Turistas,2024M04,257
Total Nacional,"Asturias, Principado de",,03133 Torrevieja,Turistas,2024M03,256
Total Nacional,"Asturias, Principado de",,03133 Torrevieja,Turistas,2024M02,124
Total Nacional,"Asturias, Principado de",,03133 Torrevieja,Turistas,2024M01,201
Total Nacional,"Asturias, Principado de",,03133 Torrevieja,Turistas,2023M12,235
Total Nacional,"Asturias, Principado de",,03133 Torrevieja,Turistas,2023M11,209
Total Nacional,"Asturias, Principado de",,03133 Torrevieja,Turistas,2023M10,294
Total Nacional,"Asturias, Principado de",,03133 Torrevieja,Turistas,2023M09,485
Total Nacional,"Asturias, Principado de",,03133 Torrevieja,Turistas,2023M08,1.011
Total Nacional,"Asturias, Principado de",,03133 Torrevieja,Turistas,2023M07,964
Total Nacional,"Asturias, Principado de",,03133 Torrevieja,Turistas,2023M06,316
Total Nacional,"Asturias, Principado de",,03133 Torrevieja,Turistas,2023M05,330
Total Nacional,"Asturias, Principado de",,03133 Torrevieja,Turistas,2023M04,410
Total Nacional,"Asturias, Principado de",,03133 Torrevieja,Turistas,2023M03,178
Total Nacional,"Asturias, Principado de",,03133 Torrevieja,Turistas,2023M02,137
Total Nacional,"Asturias, Principado de",,03133 Torrevieja,Turistas,2023M01,123
Total Nacional,"Asturias, Principado de",,03133 Torrevieja,Turistas,2022M12,234
Total Nacional,"Asturias, Principado de",,03133 Torrevieja,Turistas,2022M11,216
Total Nacional,"Asturias, Principado de",,03133 Torrevieja,Turistas,2022M10,383
Total Nacional,"Asturias, Principado de",,03133 Torrevieja,Turistas,2022M09,541
Total Nacional,"Asturias, Principado de",,03133 Torrevieja,Turistas,2022M08,1.099
Total Nacional,"Asturias, Principado de",,03133 Torrevieja,Turistas,2022M07,975
Total Nacional,"Asturias, Principado de",,03133 Torrevieja,Turistas,2022M06,408
Total Nacional,"Asturias, Principado de",,03133 Torrevieja,Turistas,2022M05,286
Total Nacional,"Asturias, Principado de",,03133 Torrevieja,Turistas,2022M04,386
Total Nacional,"Asturias, Principado de",,03133 Torrevieja,Turistas,2022M03,193
Total Nacional,"Asturias, Principado de",,03133 Torrevieja,Turistas,2022M02,155
Total Nacional,"Asturias, Principado de",,03133 Torrevieja,Turistas,2022M01,201
Total Nacional,"Asturias, Principado de",,03133 Torrevieja,Turistas,2021M12,272
Total Nacional,"Asturias, Principado de",,03133 Torrevieja,Turistas,2021M11,304
Total Nacional,"Asturias, Principado de",,03133 Torrevieja,Turistas,2021M10,466
Total Nacional,"Asturias, Principado de",,03133 Torrevieja,Turistas,2021M09,709
Total Nacional,"Asturias, Principado de",,03133 Torrevieja,Turistas,2021M08,1.228
Total Nacional,"Asturias, Principado de",,03133 Torrevieja,Turistas,2021M07,837
Total Nacional,"Asturias, Principado de",,03133 Torrevieja,Turistas,2021M06,386
Total Nacional,"Asturias, Principado de",,03133 Torrevieja,Turistas,2021M05,241
Total Nacional,"Asturias, Principado de",,03133 Torrevieja,Turistas,2021M04,138
Total Nacional,"Asturias, Principado de",,03133 Torrevieja,Turistas,2021M03,67
Total Nacional,"Asturias, Principado de",,03133 Torrevieja,Turistas,2021M02,39
Total Nacional,"Asturias, Principado de",,03133 Torrevieja,Turistas,2021M01,45
Total Nacional,"Asturias, Principado de",,03133 Torrevieja,Turistas,2020M12,112
Total Nacional,"Asturias, Principado de",,03133 Torrevieja,Turistas,2020M11,128
Total Nacional,"Asturias, Principado de",,03133 Torrevieja,Turistas,2020M10,261
Total Nacional,"Asturias, Principado de",,03133 Torrevieja,Turistas,2020M09,532
Total Nacional,"Asturias, Principado de",,03133 Torrevieja,Turistas,2020M08,743
Total Nacional,"Asturias, Principado de",,03133 Torrevieja,Turistas,2020M07,440
Total Nacional,"Asturias, Principado de",,03133 Torrevieja,Turistas,2020M06,82
Total Nacional,"Asturias, Principado de",,03133 Torrevieja,Turistas,2020M05,.
Total Nacional,"Asturias, Principado de",,03133 Torrevieja,Turistas,2020M04,78
Total Nacional,"Asturias, Principado de",,03133 Torrevieja,Turistas,2020M03,160
Total Nacional,"Asturias, Principado de",,03133 Torrevieja,Turistas,2020M02,119
Total Nacional,"Asturias, Principado de",,03133 Torrevieja,Turistas,2020M01,200
Total Nacional,"Asturias, Principado de",,03133 Torrevieja,Turistas,2019M12,304
Total Nacional,"Asturias, Principado de",,03133 Torrevieja,Turistas,2019M11,436
Total Nacional,"Asturias, Principado de",,03133 Torrevieja,Turistas,2019M10,583
Total Nacional,"Asturias, Principado de",,03133 Torrevieja,Turistas,2019M09,863
Total Nacional,"Asturias, Principado de",,03133 Torrevieja,Turistas,2019M08,1.303
Total Nacional,"Asturias, Principado de",,03133 Torrevieja,Turistas,2019M07,1.101
Total Nacional,"Asturias, Principado de",Asturias,03133 Torrevieja,Turistas,2025M12,178
Total Nacional,"Asturias, Principado de",Asturias,03133 Torrevieja,Turistas,2025M11,245
Total Nacional,"Asturias, Principado de",Asturias,03133 Torrevieja,Turistas,2025M10,223
Total Nacional,"Asturias, Principado de",Asturias,03133 Torrevieja,Turistas,2025M09,452
Total Nacional,"Asturias, Principado de",Asturias,03133 Torrevieja,Turistas,2025M08,615
Total Nacional,"Asturias, Principado de",Asturias,03133 Torrevieja,Turistas,2025M07,576
Total Nacional,"Asturias, Principado de",Asturias,03133 Torrevieja,Turistas,2025M06,306
Total Nacional,"Asturias, Principado de",Asturias,03133 Torrevieja,Turistas,2025M05,200
Total Nacional,"Asturias, Principado de",Asturias,03133 Torrevieja,Turistas,2025M04,420
Total Nacional,"Asturias, Principado de",Asturias,03133 Torrevieja,Turistas,2025M03,265
Total Nacional,"Asturias, Principado de",Asturias,03133 Torrevieja,Turistas,2025M02,95
Total Nacional,"Asturias, Principado de",Asturias,03133 Torrevieja,Turistas,2025M01,151
Total Nacional,"Asturias, Principado de",Asturias,03133 Torrevieja,Turistas,2024M12,230
Total Nacional,"Asturias, Principado de",Asturias,03133 Torrevieja,Turistas,2024M11,224
Total Nacional,"Asturias, Principado de",Asturias,03133 Torrevieja,Turistas,2024M10,267
Total Nacional,"Asturias, Principado de",Asturias,03133 Torrevieja,Turistas,2024M09,449
Total Nacional,"Asturias, Principado de",Asturias,03133 Torrevieja,Turistas,2024M08,878
Total Nacional,"Asturias, Principado de",Asturias,03133 Torrevieja,Turistas,2024M07,693
Total Nacional,"Asturias, Principado de",Asturias,03133 Torrevieja,Turistas,2024M06,297
Total Nacional,"Asturias, Principado de",Asturias,03133 Torrevieja,Turistas,2024M05,167
Total Nacional,"Asturias, Principado de",Asturias,03133 Torrevieja,Turistas,2024M04,257
Total Nacional,"Asturias, Principado de",Asturias,03133 Torrevieja,Turistas,2024M03,256
Total Nacional,"Asturias, Principado de",Asturias,03133 Torrevieja,Turistas,2024M02,124
Total Nacional,"Asturias, Principado de",Asturias,03133 Torrevieja,Turistas,2024M01,201
Total Nacional,"Asturias, Principado de",Asturias,03133 Torrevieja,Turistas,2023M12,235
Total Nacional,"Asturias, Principado de",Asturias,03133 Torrevieja,Turistas,2023M11,209
Total Nacional,"Asturias, Principado de",Asturias,03133 Torrevieja,Turistas,2023M10,294
Total Nacional,"Asturias, Principado de",Asturias,03133 Torrevieja,Turistas,2023M09,485
Total Nacional,"Asturias, Principado de",Asturias,03133 Torrevieja,Turistas,2023M08,1.011
Total Nacional,"Asturias, Principado de",Asturias,03133 Torrevieja,Turistas,2023M07,964
Total Nacional,"Asturias, Principado de",Asturias,03133 Torrevieja,Turistas,2023M06,316
Total Nacional,"Asturias, Principado de",Asturias,03133 Torrevieja,Turistas,2023M05,330
Total Nacional,"Asturias, Principado de",Asturias,03133 Torrevieja,Turistas,2023M04,410
Total Nacional,"Asturias, Principado de",Asturias,03133 Torrevieja,Turistas,2023M03,178
Total Nacional,"Asturias, Principado de",Asturias,03133 Torrevieja,Turistas,2023M02,137
Total Nacional,"Asturias, Principado de",Asturias,03133 Torrevieja,Turistas,2023M01,123
Total Nacional,"Asturias, Principado de",Asturias,03133 Torrevieja,Turistas,2022M12,234
Total Nacional,"Asturias, Principado de",Asturias,03133 Torrevieja,Turistas,2022M11,216
Total Nacional,"Asturias, Principado de",Asturias,03133 Torrevieja,Turistas,2022M10,383
Total Nacional,"Asturias, Principado de",Asturias,03133 Torrevieja,Turistas,2022M09,541
Total Nacional,"Asturias, Principado de",Asturias,03133 Torrevieja,Turistas,2022M08,1.099
Total Nacional,"Asturias, Principado de",Asturias,03133 Torrevieja,Turistas,2022M07,975
Total Nacional,"Asturias, Principado de",Asturias,03133 Torrevieja,Turistas,2022M06,408
Total Nacional,"Asturias, Principado de",Asturias,03133 Torrevieja,Turistas,2022M05,286
Total Nacional,"Asturias, Principado de",Asturias,03133 Torrevieja,Turistas,2022M04,386
Total Nacional,"Asturias, Principado de",Asturias,03133 Torrevieja,Turistas,2022M03,193
Total Nacional,"Asturias, Principado de",Asturias,03133 Torrevieja,Turistas,2022M02,155
Total Nacional,"Asturias, Principado de",Asturias,03133 Torrevieja,Turistas,2022M01,201
Total Nacional,"Asturias, Principado de",Asturias,03133 Torrevieja,Turistas,2021M12,272
Total Nacional,"Asturias, Principado de",Asturias,03133 Torrevieja,Turistas,2021M11,304
Total Nacional,"Asturias, Principado de",Asturias,03133 Torrevieja,Turistas,2021M10,466
Total Nacional,"Asturias, Principado de",Asturias,03133 Torrevieja,Turistas,2021M09,709
Total Nacional,"Asturias, Principado de",Asturias,03133 Torrevieja,Turistas,2021M08,1.228
Total Nacional,"Asturias, Principado de",Asturias,03133 Torrevieja,Turistas,2021M07,837
Total Nacional,"Asturias, Principado de",Asturias,03133 Torrevieja,Turistas,2021M06,386
Total Nacional,"Asturias, Principado de",Asturias,03133 Torrevieja,Turistas,2021M05,241
Total Nacional,"Asturias, Principado de",Asturias,03133 Torrevieja,Turistas,2021M04,138
Total Nacional,"Asturias, Principado de",Asturias,03133 Torrevieja,Turistas,2021M03,67
Total Nacional,"Asturias, Principado de",Asturias,03133 Torrevieja,Turistas,2021M02,39
Total Nacional,"Asturias, Principado de",Asturias,03133 Torrevieja,Turistas,2021M01,45
Total Nacional,"Asturias, Principado de",Asturias,03133 Torrevieja,Turistas,2020M12,112
Total Nacional,"Asturias, Principado de",Asturias,03133 Torrevieja,Turistas,2020M11,128
Total Nacional,"Asturias, Principado de",Asturias,03133 Torrevieja,Turistas,2020M10,261
Total Nacional,"Asturias, Principado de",Asturias,03133 Torrevieja,Turistas,2020M09,532
Total Nacional,"Asturias, Principado de",Asturias,03133 Torrevieja,Turistas,2020M08,743
Total Nacional,"Asturias, Principado de",Asturias,03133 Torrevieja,Turistas,2020M07,440
Total Nacional,"Asturias, Principado de",Asturias,03133 Torrevieja,Turistas,2020M06,82
Total Nacional,"Asturias, Principado de",Asturias,03133 Torrevieja,Turistas,2020M05,.
Total Nacional,"Asturias, Principado de",Asturias,03133 Torrevieja,Turistas,2020M04,78
Total Nacional,"Asturias, Principado de",Asturias,03133 Torrevieja,Turistas,2020M03,160
Total Nacional,"Asturias, Principado de",Asturias,03133 Torrevieja,Turistas,2020M02,119
Total Nacional,"Asturias, Principado de",Asturias,03133 Torrevieja,Turistas,2020M01,200
Total Nacional,"Asturias, Principado de",Asturias,03133 Torrevieja,Turistas,2019M12,304
Total Nacional,"Asturias, Principado de",Asturias,03133 Torrevieja,Turistas,2019M11,436
Total Nacional,"Asturias, Principado de",Asturias,03133 Torrevieja,Turistas,2019M10,583
Total Nacional,"Asturias, Principado de",Asturias,03133 Torrevieja,Turistas,2019M09,863
Total Nacional,"Asturias, Principado de",Asturias,03133 Torrevieja,Turistas,2019M08,1.303
Total Nacional,"Asturias, Principado de",Asturias,03133 Torrevieja,Turistas,2019M07,1.101
Total Nacional,"Balears, Illes",,03133 Torrevieja,Turistas,2025M12,270
Total Nacional,"Balears, Illes",,03133 Torrevieja,Turistas,2025M11,220
Total Nacional,"Balears, Illes",,03133 Torrevieja,Turistas,2025M10,240
Total Nacional,"Balears, Illes",,03133 Torrevieja,Turistas,2025M09,218
Total Nacional,"Balears, Illes",,03133 Torrevieja,Turistas,2025M08,275
Total Nacional,"Balears, Illes",,03133 Torrevieja,Turistas,2025M07,204
Total Nacional,"Balears, Illes",,03133 Torrevieja,Turistas,2025M06,196
Total Nacional,"Balears, Illes",,03133 Torrevieja,Turistas,2025M05,191
Total Nacional,"Balears, Illes",,03133 Torrevieja,Turistas,2025M04,292
Total Nacional,"Balears, Illes",,03133 Torrevieja,Turistas,2025M03,340
Total Nacional,"Balears, Illes",,03133 Torrevieja,Turistas,2025M02,208
Total Nacional,"Balears, Illes",,03133 Torrevieja,Turistas,2025M01,235
Total Nacional,"Balears, Illes",,03133 Torrevieja,Turistas,2024M12,236
Total Nacional,"Balears, Illes",,03133 Torrevieja,Turistas,2024M11,243
Total Nacional,"Balears, Illes",,03133 Torrevieja,Turistas,2024M10,233
Total Nacional,"Balears, Illes",,03133 Torrevieja,Turistas,2024M09,315
Total Nacional,"Balears, Illes",,03133 Torrevieja,Turistas,2024M08,307
Total Nacional,"Balears, Illes",,03133 Torrevieja,Turistas,2024M07,345
Total Nacional,"Balears, Illes",,03133 Torrevieja,Turistas,2024M06,170
Total Nacional,"Balears, Illes",,03133 Torrevieja,Turistas,2024M05,206
Total Nacional,"Balears, Illes",,03133 Torrevieja,Turistas,2024M04,168
Total Nacional,"Balears, Illes",,03133 Torrevieja,Turistas,2024M03,200
Total Nacional,"Balears, Illes",,03133 Torrevieja,Turistas,2024M02,166
Total Nacional,"Balears, Illes",,03133 Torrevieja,Turistas,2024M01,223
Total Nacional,"Balears, Illes",,03133 Torrevieja,Turistas,2023M12,271
Total Nacional,"Balears, Illes",,03133 Torrevieja,Turistas,2023M11,207
Total Nacional,"Balears, Illes",,03133 Torrevieja,Turistas,2023M10,277
Total Nacional,"Balears, Illes",,03133 Torrevieja,Turistas,2023M09,323
Total Nacional,"Balears, Illes",,03133 Torrevieja,Turistas,2023M08,442
Total Nacional,"Balears, Illes",,03133 Torrevieja,Turistas,2023M07,304
Total Nacional,"Balears, Illes",,03133 Torrevieja,Turistas,2023M06,201
Total Nacional,"Balears, Illes",,03133 Torrevieja,Turistas,2023M05,198
Total Nacional,"Balears, Illes",,03133 Torrevieja,Turistas,2023M04,139
Total Nacional,"Balears, Illes",,03133 Torrevieja,Turistas,2023M03,105
Total Nacional,"Balears, Illes",,03133 Torrevieja,Turistas,2023M02,93
Total Nacional,"Balears, Illes",,03133 Torrevieja,Turistas,2023M01,153
Total Nacional,"Balears, Illes",,03133 Torrevieja,Turistas,2022M12,160
Total Nacional,"Balears, Illes",,03133 Torrevieja,Turistas,2022M11,139
Total Nacional,"Balears, Illes",,03133 Torrevieja,Turistas,2022M10,197
Total Nacional,"Balears, Illes",,03133 Torrevieja,Turistas,2022M09,178
Total Nacional,"Balears, Illes",,03133 Torrevieja,Turistas,2022M08,280
Total Nacional,"Balears, Illes",,03133 Torrevieja,Turistas,2022M07,221
Total Nacional,"Balears, Illes",,03133 Torrevieja,Turistas,2022M06,142
Total Nacional,"Balears, Illes",,03133 Torrevieja,Turistas,2022M05,248
Total Nacional,"Balears, Illes",,03133 Torrevieja,Turistas,2022M04,183
Total Nacional,"Balears, Illes",,03133 Torrevieja,Turistas,2022M03,107
Total Nacional,"Balears, Illes",,03133 Torrevieja,Turistas,2022M02,97
Total Nacional,"Balears, Illes",,03133 Torrevieja,Turistas,2022M01,138
Total Nacional,"Balears, Illes",,03133 Torrevieja,Turistas,2021M12,116
Total Nacional,"Balears, Illes",,03133 Torrevieja,Turistas,2021M11,178
Total Nacional,"Balears, Illes",,03133 Torrevieja,Turistas,2021M10,141
Total Nacional,"Balears, Illes",,03133 Torrevieja,Turistas,2021M09,175
Total Nacional,"Balears, Illes",,03133 Torrevieja,Turistas,2021M08,238
Total Nacional,"Balears, Illes",,03133 Torrevieja,Turistas,2021M07,125
Total Nacional,"Balears, Illes",,03133 Torrevieja,Turistas,2021M06,137
Total Nacional,"Balears, Illes",,03133 Torrevieja,Turistas,2021M05,148
Total Nacional,"Balears, Illes",,03133 Torrevieja,Turistas,2021M04,114
Total Nacional,"Balears, Illes",,03133 Torrevieja,Turistas,2021M03,67
Total Nacional,"Balears, Illes",,03133 Torrevieja,Turistas,2021M02,36
Total Nacional,"Balears, Illes",,03133 Torrevieja,Turistas,2021M01,66
Total Nacional,"Balears, Illes",,03133 Torrevieja,Turistas,2020M12,62
Total Nacional,"Balears, Illes",,03133 Torrevieja,Turistas,2020M11,74
Total Nacional,"Balears, Illes",,03133 Torrevieja,Turistas,2020M10,127
Total Nacional,"Balears, Illes",,03133 Torrevieja,Turistas,2020M09,154
Total Nacional,"Balears, Illes",,03133 Torrevieja,Turistas,2020M08,155
Total Nacional,"Balears, Illes",,03133 Torrevieja,Turistas,2020M07,124
Total Nacional,"Balears, Illes",,03133 Torrevieja,Turistas,2020M06,39
Total Nacional,"Balears, Illes",,03133 Torrevieja,Turistas,2020M05,.
Total Nacional,"Balears, Illes",,03133 Torrevieja,Turistas,2020M04,.
Total Nacional,"Balears, Illes",,03133 Torrevieja,Turistas,2020M03,183
Total Nacional,"Balears, Illes",,03133 Torrevieja,Turistas,2020M02,163
Total Nacional,"Balears, Illes",,03133 Torrevieja,Turistas,2020M01,212
Total Nacional,"Balears, Illes",,03133 Torrevieja,Turistas,2019M12,199
Total Nacional,"Balears, Illes",,03133 Torrevieja,Turistas,2019M11,241
Total Nacional,"Balears, Illes",,03133 Torrevieja,Turistas,2019M10,199
Total Nacional,"Balears, Illes",,03133 Torrevieja,Turistas,2019M09,190
Total Nacional,"Balears, Illes",,03133 Torrevieja,Turistas,2019M08,261
Total Nacional,"Balears, Illes",,03133 Torrevieja,Turistas,2019M07,198
Total Nacional,"Balears, Illes","Balears, Illes",03133 Torrevieja,Turistas,2025M12,270
Total Nacional,"Balears, Illes","Balears, Illes",03133 Torrevieja,Turistas,2025M11,220
Total Nacional,"Balears, Illes","Balears, Illes",03133 Torrevieja,Turistas,2025M10,240
Total Nacional,"Balears, Illes","Balears, Illes",03133 Torrevieja,Turistas,2025M09,218
Total Nacional,"Balears, Illes","Balears, Illes",03133 Torrevieja,Turistas,2025M08,275
Total Nacional,"Balears, Illes","Balears, Illes",03133 Torrevieja,Turistas,2025M07,204
Total Nacional,"Balears, Illes","Balears, Illes",03133 Torrevieja,Turistas,2025M06,196
Total Nacional,"Balears, Illes","Balears, Illes",03133 Torrevieja,Turistas,2025M05,191
Total Nacional,"Balears, Illes","Balears, Illes",03133 Torrevieja,Turistas,2025M04,292
Total Nacional,"Balears, Illes","Balears, Illes",03133 Torrevieja,Turistas,2025M03,340
Total Nacional,"Balears, Illes","Balears, Illes",03133 Torrevieja,Turistas,2025M02,208
Total Nacional,"Balears, Illes","Balears, Illes",03133 Torrevieja,Turistas,2025M01,235
Total Nacional,"Balears, Illes","Balears, Illes",03133 Torrevieja,Turistas,2024M12,236
Total Nacional,"Balears, Illes","Balears, Illes",03133 Torrevieja,Turistas,2024M11,243
Total Nacional,"Balears, Illes","Balears, Illes",03133 Torrevieja,Turistas,2024M10,233
Total Nacional,"Balears, Illes","Balears, Illes",03133 Torrevieja,Turistas,2024M09,315
Total Nacional,"Balears, Illes","Balears, Illes",03133 Torrevieja,Turistas,2024M08,307
Total Nacional,"Balears, Illes","Balears, Illes",03133 Torrevieja,Turistas,2024M07,345
Total Nacional,"Balears, Illes","Balears, Illes",03133 Torrevieja,Turistas,2024M06,170
Total Nacional,"Balears, Illes","Balears, Illes",03133 Torrevieja,Turistas,2024M05,206
Total Nacional,"Balears, Illes","Balears, Illes",03133 Torrevieja,Turistas,2024M04,168
Total Nacional,"Balears, Illes","Balears, Illes",03133 Torrevieja,Turistas,2024M03,200
Total Nacional,"Balears, Illes","Balears, Illes",03133 Torrevieja,Turistas,2024M02,166
Total Nacional,"Balears, Illes","Balears, Illes",03133 Torrevieja,Turistas,2024M01,223
Total Nacional,"Balears, Illes","Balears, Illes",03133 Torrevieja,Turistas,2023M12,271
Total Nacional,"Balears, Illes","Balears, Illes",03133 Torrevieja,Turistas,2023M11,207
Total Nacional,"Balears, Illes","Balears, Illes",03133 Torrevieja,Turistas,2023M10,277
Total Nacional,"Balears, Illes","Balears, Illes",03133 Torrevieja,Turistas,2023M09,323
Total Nacional,"Balears, Illes","Balears, Illes",03133 Torrevieja,Turistas,2023M08,442
Total Nacional,"Balears, Illes","Balears, Illes",03133 Torrevieja,Turistas,2023M07,304
Total Nacional,"Balears, Illes","Balears, Illes",03133 Torrevieja,Turistas,2023M06,201
Total Nacional,"Balears, Illes","Balears, Illes",03133 Torrevieja,Turistas,2023M05,198
Total Nacional,"Balears, Illes","Balears, Illes",03133 Torrevieja,Turistas,2023M04,139
Total Nacional,"Balears, Illes","Balears, Illes",03133 Torrevieja,Turistas,2023M03,105
Total Nacional,"Balears, Illes","Balears, Illes",03133 Torrevieja,Turistas,2023M02,93
Total Nacional,"Balears, Illes","Balears, Illes",03133 Torrevieja,Turistas,2023M01,153
Total Nacional,"Balears, Illes","Balears, Illes",03133 Torrevieja,Turistas,2022M12,160
Total Nacional,"Balears, Illes","Balears, Illes",03133 Torrevieja,Turistas,2022M11,139
Total Nacional,"Balears, Illes","Balears, Illes",03133 Torrevieja,Turistas,2022M10,197
Total Nacional,"Balears, Illes","Balears, Illes",03133 Torrevieja,Turistas,2022M09,178
Total Nacional,"Balears, Illes","Balears, Illes",03133 Torrevieja,Turistas,2022M08,280
Total Nacional,"Balears, Illes","Balears, Illes",03133 Torrevieja,Turistas,2022M07,221
Total Nacional,"Balears, Illes","Balears, Illes",03133 Torrevieja,Turistas,2022M06,142
Total Nacional,"Balears, Illes","Balears, Illes",03133 Torrevieja,Turistas,2022M05,248
Total Nacional,"Balears, Illes","Balears, Illes",03133 Torrevieja,Turistas,2022M04,183
Total Nacional,"Balears, Illes","Balears, Illes",03133 Torrevieja,Turistas,2022M03,107
Total Nacional,"Balears, Illes","Balears, Illes",03133 Torrevieja,Turistas,2022M02,97
Total Nacional,"Balears, Illes","Balears, Illes",03133 Torrevieja,Turistas,2022M01,138
Total Nacional,"Balears, Illes","Balears, Illes",03133 Torrevieja,Turistas,2021M12,116
Total Nacional,"Balears, Illes","Balears, Illes",03133 Torrevieja,Turistas,2021M11,178
Total Nacional,"Balears, Illes","Balears, Illes",03133 Torrevieja,Turistas,2021M10,141
Total Nacional,"Balears, Illes","Balears, Illes",03133 Torrevieja,Turistas,2021M09,175
Total Nacional,"Balears, Illes","Balears, Illes",03133 Torrevieja,Turistas,2021M08,238
Total Nacional,"Balears, Illes","Balears, Illes",03133 Torrevieja,Turistas,2021M07,125
Total Nacional,"Balears, Illes","Balears, Illes",03133 Torrevieja,Turistas,2021M06,137
Total Nacional,"Balears, Illes","Balears, Illes",03133 Torrevieja,Turistas,2021M05,148
Total Nacional,"Balears, Illes","Balears, Illes",03133 Torrevieja,Turistas,2021M04,114
Total Nacional,"Balears, Illes","Balears, Illes",03133 Torrevieja,Turistas,2021M03,67
Total Nacional,"Balears, Illes","Balears, Illes",03133 Torrevieja,Turistas,2021M02,36
Total Nacional,"Balears, Illes","Balears, Illes",03133 Torrevieja,Turistas,2021M01,66
Total Nacional,"Balears, Illes","Balears, Illes",03133 Torrevieja,Turistas,2020M12,62
Total Nacional,"Balears, Illes","Balears, Illes",03133 Torrevieja,Turistas,2020M11,74
Total Nacional,"Balears, Illes","Balears, Illes",03133 Torrevieja,Turistas,2020M10,127
Total Nacional,"Balears, Illes","Balears, Illes",03133 Torrevieja,Turistas,2020M09,154
Total Nacional,"Balears, Illes","Balears, Illes",03133 Torrevieja,Turistas,2020M08,155
Total Nacional,"Balears, Illes","Balears, Illes",03133 Torrevieja,Turistas,2020M07,124
Total Nacional,"Balears, Illes","Balears, Illes",03133 Torrevieja,Turistas,2020M06,39
Total Nacional,"Balears, Illes","Balears, Illes",03133 Torrevieja,Turistas,2020M05,.
Total Nacional,"Balears, Illes","Balears, Illes",03133 Torrevieja,Turistas,2020M04,.
Total Nacional,"Balears, Illes","Balears, Illes",03133 Torrevieja,Turistas,2020M03,183
Total Nacional,"Balears, Illes","Balears, Illes",03133 Torrevieja,Turistas,2020M02,163
Total Nacional,"Balears, Illes","Balears, Illes",03133 Torrevieja,Turistas,2020M01,212
Total Nacional,"Balears, Illes","Balears, Illes",03133 Torrevieja,Turistas,2019M12,199
Total Nacional,"Balears, Illes","Balears, Illes",03133 Torrevieja,Turistas,2019M11,241
Total Nacional,"Balears, Illes","Balears, Illes",03133 Torrevieja,Turistas,2019M10,199
Total Nacional,"Balears, Illes","Balears, Illes",03133 Torrevieja,Turistas,2019M09,190
Total Nacional,"Balears, Illes","Balears, Illes",03133 Torrevieja,Turistas,2019M08,261
Total Nacional,"Balears, Illes","Balears, Illes",03133 Torrevieja,Turistas,2019M07,198
Total Nacional,Canarias,,03133 Torrevieja,Turistas,2025M12,82
Total Nacional,Canarias,,03133 Torrevieja,Turistas,2025M11,119
Total Nacional,Canarias,,03133 Torrevieja,Turistas,2025M10,120
Total Nacional,Canarias,,03133 Torrevieja,Turistas,2025M09,137
Total Nacional,Canarias,,03133 Torrevieja,Turistas,2025M08,183
Total Nacional,Canarias,,03133 Torrevieja,Turistas,2025M07,173
Total Nacional,Canarias,,03133 Torrevieja,Turistas,2025M06,192
Total Nacional,Canarias,,03133 Torrevieja,Turistas,2025M05,93
Total Nacional,Canarias,,03133 Torrevieja,Turistas,2025M04,159
Total Nacional,Canarias,,03133 Torrevieja,Turistas,2025M03,190
Total Nacional,Canarias,,03133 Torrevieja,Turistas,2025M02,162
Total Nacional,Canarias,,03133 Torrevieja,Turistas,2025M01,130
Total Nacional,Canarias,,03133 Torrevieja,Turistas,2024M12,125
Total Nacional,Canarias,,03133 Torrevieja,Turistas,2024M11,108
Total Nacional,Canarias,,03133 Torrevieja,Turistas,2024M10,143
Total Nacional,Canarias,,03133 Torrevieja,Turistas,2024M09,185
Total Nacional,Canarias,,03133 Torrevieja,Turistas,2024M08,198
Total Nacional,Canarias,,03133 Torrevieja,Turistas,2024M07,339
Total Nacional,Canarias,,03133 Torrevieja,Turistas,2024M06,116
Total Nacional,Canarias,,03133 Torrevieja,Turistas,2024M05,149
Total Nacional,Canarias,,03133 Torrevieja,Turistas,2024M04,123
Total Nacional,Canarias,,03133 Torrevieja,Turistas,2024M03,122
Total Nacional,Canarias,,03133 Torrevieja,Turistas,2024M02,229
Total Nacional,Canarias,,03133 Torrevieja,Turistas,2024M01,188
Total Nacional,Canarias,,03133 Torrevieja,Turistas,2023M12,165
Total Nacional,Canarias,,03133 Torrevieja,Turistas,2023M11,207
Total Nacional,Canarias,,03133 Torrevieja,Turistas,2023M10,217
Total Nacional,Canarias,,03133 Torrevieja,Turistas,2023M09,153
Total Nacional,Canarias,,03133 Torrevieja,Turistas,2023M08,306
Total Nacional,Canarias,,03133 Torrevieja,Turistas,2023M07,178
Total Nacional,Canarias,,03133 Torrevieja,Turistas,2023M06,139
Total Nacional,Canarias,,03133 Torrevieja,Turistas,2023M05,187
Total Nacional,Canarias,,03133 Torrevieja,Turistas,2023M04,256
Total Nacional,Canarias,,03133 Torrevieja,Turistas,2023M03,215
Total Nacional,Canarias,,03133 Torrevieja,Turistas,2023M02,156
Total Nacional,Canarias,,03133 Torrevieja,Turistas,2023M01,124
Total Nacional,Canarias,,03133 Torrevieja,Turistas,2022M12,52
Total Nacional,Canarias,,03133 Torrevieja,Turistas,2022M11,129
Total Nacional,Canarias,,03133 Torrevieja,Turistas,2022M10,156
Total Nacional,Canarias,,03133 Torrevieja,Turistas,2022M09,158
Total Nacional,Canarias,,03133 Torrevieja,Turistas,2022M08,274
Total Nacional,Canarias,,03133 Torrevieja,Turistas,2022M07,184
Total Nacional,Canarias,,03133 Torrevieja,Turistas,2022M06,184
Total Nacional,Canarias,,03133 Torrevieja,Turistas,2022M05,197
Total Nacional,Canarias,,03133 Torrevieja,Turistas,2022M04,297
Total Nacional,Canarias,,03133 Torrevieja,Turistas,2022M03,230
Total Nacional,Canarias,,03133 Torrevieja,Turistas,2022M02,203
Total Nacional,Canarias,,03133 Torrevieja,Turistas,2022M01,174
Total Nacional,Canarias,,03133 Torrevieja,Turistas,2021M12,117
Total Nacional,Canarias,,03133 Torrevieja,Turistas,2021M11,123
Total Nacional,Canarias,,03133 Torrevieja,Turistas,2021M10,170
Total Nacional,Canarias,,03133 Torrevieja,Turistas,2021M09,192
Total Nacional,Canarias,,03133 Torrevieja,Turistas,2021M08,222
Total Nacional,Canarias,,03133 Torrevieja,Turistas,2021M07,168
Total Nacional,Canarias,,03133 Torrevieja,Turistas,2021M06,155
Total Nacional,Canarias,,03133 Torrevieja,Turistas,2021M05,66
Total Nacional,Canarias,,03133 Torrevieja,Turistas,2021M04,100
Total Nacional,Canarias,,03133 Torrevieja,Turistas,2021M03,
Total Nacional,Canarias,,03133 Torrevieja,Turistas,2021M02,.
Total Nacional,Canarias,,03133 Torrevieja,Turistas,2021M01,.
Total Nacional,Canarias,,03133 Torrevieja,Turistas,2020M12,36
Total Nacional,Canarias,,03133 Torrevieja,Turistas,2020M11,55
Total Nacional,Canarias,,03133 Torrevieja,Turistas,2020M10,109
Total Nacional,Canarias,,03133 Torrevieja,Turistas,2020M09,92
Total Nacional,Canarias,,03133 Torrevieja,Turistas,2020M08,142
Total Nacional,Canarias,,03133 Torrevieja,Turistas,2020M07,116
Total Nacional,Canarias,,03133 Torrevieja,Turistas,2020M06,
Total Nacional,Canarias,,03133 Torrevieja,Turistas,2020M05,.
Total Nacional,Canarias,,03133 Torrevieja,Turistas,2020M04,.
Total Nacional,Canarias,,03133 Torrevieja,Turistas,2020M03,201
Total Nacional,Canarias,,03133 Torrevieja,Turistas,2020M02,261
Total Nacional,Canarias,,03133 Torrevieja,Turistas,2020M01,165
Total Nacional,Canarias,,03133 Torrevieja,Turistas,2019M12,172
Total Nacional,Canarias,,03133 Torrevieja,Turistas,2019M11,227
Total Nacional,Canarias,,03133 Torrevieja,Turistas,2019M10,261
Total Nacional,Canarias,,03133 Torrevieja,Turistas,2019M09,359
Total Nacional,Canarias,,03133 Torrevieja,Turistas,2019M08,362
Total Nacional,Canarias,,03133 Torrevieja,Turistas,2019M07,402
Total Nacional,Canarias,"Palmas, Las",03133 Torrevieja,Turistas,2025M12,43
Total Nacional,Canarias,"Palmas, Las",03133 Torrevieja,Turistas,2025M11,39
Total Nacional,Canarias,"Palmas, Las",03133 Torrevieja,Turistas,2025M10,35
Total Nacional,Canarias,"Palmas, Las",03133 Torrevieja,Turistas,2025M09,71
Total Nacional,Canarias,"Palmas, Las",03133 Torrevieja,Turistas,2025M08,65
Total Nacional,Canarias,"Palmas, Las",03133 Torrevieja,Turistas,2025M07,121
Total Nacional,Canarias,"Palmas, Las",03133 Torrevieja,Turistas,2025M06,129
Total Nacional,Canarias,"Palmas, Las",03133 Torrevieja,Turistas,2025M05,47
Total Nacional,Canarias,"Palmas, Las",03133 Torrevieja,Turistas,2025M04,88
Total Nacional,Canarias,"Palmas, Las",03133 Torrevieja,Turistas,2025M03,105
Total Nacional,Canarias,"Palmas, Las",03133 Torrevieja,Turistas,2025M02,73
Total Nacional,Canarias,"Palmas, Las",03133 Torrevieja,Turistas,2025M01,56
Total Nacional,Canarias,"Palmas, Las",03133 Torrevieja,Turistas,2024M12,75
Total Nacional,Canarias,"Palmas, Las",03133 Torrevieja,Turistas,2024M11,38
Total Nacional,Canarias,"Palmas, Las",03133 Torrevieja,Turistas,2024M10,86
Total Nacional,Canarias,"Palmas, Las",03133 Torrevieja,Turistas,2024M09,86
Total Nacional,Canarias,"Palmas, Las",03133 Torrevieja,Turistas,2024M08,154
Total Nacional,Canarias,"Palmas, Las",03133 Torrevieja,Turistas,2024M07,185
Total Nacional,Canarias,"Palmas, Las",03133 Torrevieja,Turistas,2024M06,62
Total Nacional,Canarias,"Palmas, Las",03133 Torrevieja,Turistas,2024M05,69
Total Nacional,Canarias,"Palmas, Las",03133 Torrevieja,Turistas,2024M04,87
Total Nacional,Canarias,"Palmas, Las",03133 Torrevieja,Turistas,2024M03,50
Total Nacional,Canarias,"Palmas, Las",03133 Torrevieja,Turistas,2024M02,134
Total Nacional,Canarias,"Palmas, Las",03133 Torrevieja,Turistas,2024M01,97
Total Nacional,Canarias,"Palmas, Las",03133 Torrevieja,Turistas,2023M12,117
Total Nacional,Canarias,"Palmas, Las",03133 Torrevieja,Turistas,2023M11,93
Total Nacional,Canarias,"Palmas, Las",03133 Torrevieja,Turistas,2023M10,138
Total Nacional,Canarias,"Palmas, Las",03133 Torrevieja,Turistas,2023M09,113
Total Nacional,Canarias,"Palmas, Las",03133 Torrevieja,Turistas,2023M08,150
Total Nacional,Canarias,"Palmas, Las",03133 Torrevieja,Turistas,2023M07,87
Total Nacional,Canarias,"Palmas, Las",03133 Torrevieja,Turistas,2023M06,47
Total Nacional,Canarias,"Palmas, Las",03133 Torrevieja,Turistas,2023M05,104
Total Nacional,Canarias,"Palmas, Las",03133 Torrevieja,Turistas,2023M04,117
Total Nacional,Canarias,"Palmas, Las",03133 Torrevieja,Turistas,2023M03,144
Total Nacional,Canarias,"Palmas, Las",03133 Torrevieja,Turistas,2023M02,83
Total Nacional,Canarias,"Palmas, Las",03133 Torrevieja,Turistas,2023M01,71
Total Nacional,Canarias,"Palmas, Las",03133 Torrevieja,Turistas,2022M12,
Total Nacional,Canarias,"Palmas, Las",03133 Torrevieja,Turistas,2022M11,93
Total Nacional,Canarias,"Palmas, Las",03133 Torrevieja,Turistas,2022M10,86
Total Nacional,Canarias,"Palmas, Las",03133 Torrevieja,Turistas,2022M09,75
Total Nacional,Canarias,"Palmas, Las",03133 Torrevieja,Turistas,2022M08,123
Total Nacional,Canarias,"Palmas, Las",03133 Torrevieja,Turistas,2022M07,93
Total Nacional,Canarias,"Palmas, Las",03133 Torrevieja,Turistas,2022M06,96
Total Nacional,Canarias,"Palmas, Las",03133 Torrevieja,Turistas,2022M05,117
Total Nacional,Canarias,"Palmas, Las",03133 Torrevieja,Turistas,2022M04,146
Total Nacional,Canarias,"Palmas, Las",03133 Torrevieja,Turistas,2022M03,151
Total Nacional,Canarias,"Palmas, Las",03133 Torrevieja,Turistas,2022M02,103
Total Nacional,Canarias,"Palmas, Las",03133 Torrevieja,Turistas,2022M01,93
Total Nacional,Canarias,"Palmas, Las",03133 Torrevieja,Turistas,2021M12,76
Total Nacional,Canarias,"Palmas, Las",03133 Torrevieja,Turistas,2021M11,53
Total Nacional,Canarias,"Palmas, Las",03133 Torrevieja,Turistas,2021M10,81
Total Nacional,Canarias,"Palmas, Las",03133 Torrevieja,Turistas,2021M09,94
Total Nacional,Canarias,"Palmas, Las",03133 Torrevieja,Turistas,2021M08,142
Total Nacional,Canarias,"Palmas, Las",03133 Torrevieja,Turistas,2021M07,105
Total Nacional,Canarias,"Palmas, Las",03133 Torrevieja,Turistas,2021M06,105
Total Nacional,Canarias,"Palmas, Las",03133 Torrevieja,Turistas,2021M05,35
Total Nacional,Canarias,"Palmas, Las",03133 Torrevieja,Turistas,2021M04,52
Total Nacional,Canarias,"Palmas, Las",03133 Torrevieja,Turistas,2021M03,
Total Nacional,Canarias,"Palmas, Las",03133 Torrevieja,Turistas,2021M02,.
Total Nacional,Canarias,"Palmas, Las",03133 Torrevieja,Turistas,2021M01,.
Total Nacional,Canarias,"Palmas, Las",03133 Torrevieja,Turistas,2020M12,
Total Nacional,Canarias,"Palmas, Las",03133 Torrevieja,Turistas,2020M11,32
Total Nacional,Canarias,"Palmas, Las",03133 Torrevieja,Turistas,2020M10,35
Total Nacional,Canarias,"Palmas, Las",03133 Torrevieja,Turistas,2020M09,47
Total Nacional,Canarias,"Palmas, Las",03133 Torrevieja,Turistas,2020M08,100
Total Nacional,Canarias,"Palmas, Las",03133 Torrevieja,Turistas,2020M07,67
Total Nacional,Canarias,"Palmas, Las",03133 Torrevieja,Turistas,2020M06,
Total Nacional,Canarias,"Palmas, Las",03133 Torrevieja,Turistas,2020M05,.
Total Nacional,Canarias,"Palmas, Las",03133 Torrevieja,Turistas,2020M04,.
Total Nacional,Canarias,"Palmas, Las",03133 Torrevieja,Turistas,2020M03,124
Total Nacional,Canarias,"Palmas, Las",03133 Torrevieja,Turistas,2020M02,140
Total Nacional,Canarias,"Palmas, Las",03133 Torrevieja,Turistas,2020M01,109
Total Nacional,Canarias,"Palmas, Las",03133 Torrevieja,Turistas,2019M12,132
Total Nacional,Canarias,"Palmas, Las",03133 Torrevieja,Turistas,2019M11,123
Total Nacional,Canarias,"Palmas, Las",03133 Torrevieja,Turistas,2019M10,158
Total Nacional,Canarias,"Palmas, Las",03133 Torrevieja,Turistas,2019M09,183
Total Nacional,Canarias,"Palmas, Las",03133 Torrevieja,Turistas,2019M08,193
Total Nacional,Canarias,"Palmas, Las",03133 Torrevieja,Turistas,2019M07,259
Total Nacional,Canarias,Santa Cruz de Tenerife,03133 Torrevieja,Turistas,2025M12,39
Total Nacional,Canarias,Santa Cruz de Tenerife,03133 Torrevieja,Turistas,2025M11,80
Total Nacional,Canarias,Santa Cruz de Tenerife,03133 Torrevieja,Turistas,2025M10,85
Total Nacional,Canarias,Santa Cruz de Tenerife,03133 Torrevieja,Turistas,2025M09,66
Total Nacional,Canarias,Santa Cruz de Tenerife,03133 Torrevieja,Turistas,2025M08,118
Total Nacional,Canarias,Santa Cruz de Tenerife,03133 Torrevieja,Turistas,2025M07,52
Total Nacional,Canarias,Santa Cruz de Tenerife,03133 Torrevieja,Turistas,2025M06,63
Total Nacional,Canarias,Santa Cruz de Tenerife,03133 Torrevieja,Turistas,2025M05,46
Total Nacional,Canarias,Santa Cruz de Tenerife,03133 Torrevieja,Turistas,2025M04,71
Total Nacional,Canarias,Santa Cruz de Tenerife,03133 Torrevieja,Turistas,2025M03,85
Total Nacional,Canarias,Santa Cruz de Tenerife,03133 Torrevieja,Turistas,2025M02,89
Total Nacional,Canarias,Santa Cruz de Tenerife,03133 Torrevieja,Turistas,2025M01,74
Total Nacional,Canarias,Santa Cruz de Tenerife,03133 Torrevieja,Turistas,2024M12,50
Total Nacional,Canarias,Santa Cruz de Tenerife,03133 Torrevieja,Turistas,2024M11,70
Total Nacional,Canarias,Santa Cruz de Tenerife,03133 Torrevieja,Turistas,2024M10,57
Total Nacional,Canarias,Santa Cruz de Tenerife,03133 Torrevieja,Turistas,2024M09,99
Total Nacional,Canarias,Santa Cruz de Tenerife,03133 Torrevieja,Turistas,2024M08,44
Total Nacional,Canarias,Santa Cruz de Tenerife,03133 Torrevieja,Turistas,2024M07,154
Total Nacional,Canarias,Santa Cruz de Tenerife,03133 Torrevieja,Turistas,2024M06,54
Total Nacional,Canarias,Santa Cruz de Tenerife,03133 Torrevieja,Turistas,2024M05,80
Total Nacional,Canarias,Santa Cruz de Tenerife,03133 Torrevieja,Turistas,2024M04,36
Total Nacional,Canarias,Santa Cruz de Tenerife,03133 Torrevieja,Turistas,2024M03,72
Total Nacional,Canarias,Santa Cruz de Tenerife,03133 Torrevieja,Turistas,2024M02,95
Total Nacional,Canarias,Santa Cruz de Tenerife,03133 Torrevieja,Turistas,2024M01,91
Total Nacional,Canarias,Santa Cruz de Tenerife,03133 Torrevieja,Turistas,2023M12,48
Total Nacional,Canarias,Santa Cruz de Tenerife,03133 Torrevieja,Turistas,2023M11,114
Total Nacional,Canarias,Santa Cruz de Tenerife,03133 Torrevieja,Turistas,2023M10,79
Total Nacional,Canarias,Santa Cruz de Tenerife,03133 Torrevieja,Turistas,2023M09,40
Total Nacional,Canarias,Santa Cruz de Tenerife,03133 Torrevieja,Turistas,2023M08,156
Total Nacional,Canarias,Santa Cruz de Tenerife,03133 Torrevieja,Turistas,2023M07,91
Total Nacional,Canarias,Santa Cruz de Tenerife,03133 Torrevieja,Turistas,2023M06,92
Total Nacional,Canarias,Santa Cruz de Tenerife,03133 Torrevieja,Turistas,2023M05,83
Total Nacional,Canarias,Santa Cruz de Tenerife,03133 Torrevieja,Turistas,2023M04,139
Total Nacional,Canarias,Santa Cruz de Tenerife,03133 Torrevieja,Turistas,2023M03,71
Total Nacional,Canarias,Santa Cruz de Tenerife,03133 Torrevieja,Turistas,2023M02,73
Total Nacional,Canarias,Santa Cruz de Tenerife,03133 Torrevieja,Turistas,2023M01,53
Total Nacional,Canarias,Santa Cruz de Tenerife,03133 Torrevieja,Turistas,2022M12,
Total Nacional,Canarias,Santa Cruz de Tenerife,03133 Torrevieja,Turistas,2022M11,36
Total Nacional,Canarias,Santa Cruz de Tenerife,03133 Torrevieja,Turistas,2022M10,70
Total Nacional,Canarias,Santa Cruz de Tenerife,03133 Torrevieja,Turistas,2022M09,83
Total Nacional,Canarias,Santa Cruz de Tenerife,03133 Torrevieja,Turistas,2022M08,151
Total Nacional,Canarias,Santa Cruz de Tenerife,03133 Torrevieja,Turistas,2022M07,91
Total Nacional,Canarias,Santa Cruz de Tenerife,03133 Torrevieja,Turistas,2022M06,88
Total Nacional,Canarias,Santa Cruz de Tenerife,03133 Torrevieja,Turistas,2022M05,80
Total Nacional,Canarias,Santa Cruz de Tenerife,03133 Torrevieja,Turistas,2022M04,151
Total Nacional,Canarias,Santa Cruz de Tenerife,03133 Torrevieja,Turistas,2022M03,79
Total Nacional,Canarias,Santa Cruz de Tenerife,03133 Torrevieja,Turistas,2022M02,100
Total Nacional,Canarias,Santa Cruz de Tenerife,03133 Torrevieja,Turistas,2022M01,81
Total Nacional,Canarias,Santa Cruz de Tenerife,03133 Torrevieja,Turistas,2021M12,41
Total Nacional,Canarias,Santa Cruz de Tenerife,03133 Torrevieja,Turistas,2021M11,70
Total Nacional,Canarias,Santa Cruz de Tenerife,03133 Torrevieja,Turistas,2021M10,89
Total Nacional,Canarias,Santa Cruz de Tenerife,03133 Torrevieja,Turistas,2021M09,98
Total Nacional,Canarias,Santa Cruz de Tenerife,03133 Torrevieja,Turistas,2021M08,80
Total Nacional,Canarias,Santa Cruz de Tenerife,03133 Torrevieja,Turistas,2021M07,63
Total Nacional,Canarias,Santa Cruz de Tenerife,03133 Torrevieja,Turistas,2021M06,50
Total Nacional,Canarias,Santa Cruz de Tenerife,03133 Torrevieja,Turistas,2021M05,31
Total Nacional,Canarias,Santa Cruz de Tenerife,03133 Torrevieja,Turistas,2021M04,48
Total Nacional,Canarias,Santa Cruz de Tenerife,03133 Torrevieja,Turistas,2021M03,
Total Nacional,Canarias,Santa Cruz de Tenerife,03133 Torrevieja,Turistas,2021M02,.
Total Nacional,Canarias,Santa Cruz de Tenerife,03133 Torrevieja,Turistas,2021M01,.
Total Nacional,Canarias,Santa Cruz de Tenerife,03133 Torrevieja,Turistas,2020M12,
Total Nacional,Canarias,Santa Cruz de Tenerife,03133 Torrevieja,Turistas,2020M11,
Total Nacional,Canarias,Santa Cruz de Tenerife,03133 Torrevieja,Turistas,2020M10,74
Total Nacional,Canarias,Santa Cruz de Tenerife,03133 Torrevieja,Turistas,2020M09,45
Total Nacional,Canarias,Santa Cruz de Tenerife,03133 Torrevieja,Turistas,2020M08,42
Total Nacional,Canarias,Santa Cruz de Tenerife,03133 Torrevieja,Turistas,2020M07,49
Total Nacional,Canarias,Santa Cruz de Tenerife,03133 Torrevieja,Turistas,2020M06,
Total Nacional,Canarias,Santa Cruz de Tenerife,03133 Torrevieja,Turistas,2020M05,.
Total Nacional,Canarias,Santa Cruz de Tenerife,03133 Torrevieja,Turistas,2020M04,.
Total Nacional,Canarias,Santa Cruz de Tenerife,03133 Torrevieja,Turistas,2020M03,77
Total Nacional,Canarias,Santa Cruz de Tenerife,03133 Torrevieja,Turistas,2020M02,121
Total Nacional,Canarias,Santa Cruz de Tenerife,03133 Torrevieja,Turistas,2020M01,56
Total Nacional,Canarias,Santa Cruz de Tenerife,03133 Torrevieja,Turistas,2019M12,40
Total Nacional,Canarias,Santa Cruz de Tenerife,03133 Torrevieja,Turistas,2019M11,104
Total Nacional,Canarias,Santa Cruz de Tenerife,03133 Torrevieja,Turistas,2019M10,103
Total Nacional,Canarias,Santa Cruz de Tenerife,03133 Torrevieja,Turistas,2019M09,176
Total Nacional,Canarias,Santa Cruz de Tenerife,03133 Torrevieja,Turistas,2019M08,169
Total Nacional,Canarias,Santa Cruz de Tenerife,03133 Torrevieja,Turistas,2019M07,143
Total Nacional,Cantabria,,03133 Torrevieja,Turistas,2025M12,52
Total Nacional,Cantabria,,03133 Torrevieja,Turistas,2025M11,124
Total Nacional,Cantabria,,03133 Torrevieja,Turistas,2025M10,117
Total Nacional,Cantabria,,03133 Torrevieja,Turistas,2025M09,171
Total Nacional,Cantabria,,03133 Torrevieja,Turistas,2025M08,243
Total Nacional,Cantabria,,03133 Torrevieja,Turistas,2025M07,231
Total Nacional,Cantabria,,03133 Torrevieja,Turistas,2025M06,187
Total Nacional,Cantabria,,03133 Torrevieja,Turistas,2025M05,143
Total Nacional,Cantabria,,03133 Torrevieja,Turistas,2025M04,145
Total Nacional,Cantabria,,03133 Torrevieja,Turistas,2025M03,103
Total Nacional,Cantabria,,03133 Torrevieja,Turistas,2025M02,85
Total Nacional,Cantabria,,03133 Torrevieja,Turistas,2025M01,69
Total Nacional,Cantabria,,03133 Torrevieja,Turistas,2024M12,90
Total Nacional,Cantabria,,03133 Torrevieja,Turistas,2024M11,167
Total Nacional,Cantabria,,03133 Torrevieja,Turistas,2024M10,147
Total Nacional,Cantabria,,03133 Torrevieja,Turistas,2024M09,199
Total Nacional,Cantabria,,03133 Torrevieja,Turistas,2024M08,270
Total Nacional,Cantabria,,03133 Torrevieja,Turistas,2024M07,267
Total Nacional,Cantabria,,03133 Torrevieja,Turistas,2024M06,137
Total Nacional,Cantabria,,03133 Torrevieja,Turistas,2024M05,86
Total Nacional,Cantabria,,03133 Torrevieja,Turistas,2024M04,166
Total Nacional,Cantabria,,03133 Torrevieja,Turistas,2024M03,64
Total Nacional,Cantabria,,03133 Torrevieja,Turistas,2024M02,51
Total Nacional,Cantabria,,03133 Torrevieja,Turistas,2024M01,69
Total Nacional,Cantabria,,03133 Torrevieja,Turistas,2023M12,99
Total Nacional,Cantabria,,03133 Torrevieja,Turistas,2023M11,154
Total Nacional,Cantabria,,03133 Torrevieja,Turistas,2023M10,175
Total Nacional,Cantabria,,03133 Torrevieja,Turistas,2023M09,200
Total Nacional,Cantabria,,03133 Torrevieja,Turistas,2023M08,270
Total Nacional,Cantabria,,03133 Torrevieja,Turistas,2023M07,295
Total Nacional,Cantabria,,03133 Torrevieja,Turistas,2023M06,134
Total Nacional,Cantabria,,03133 Torrevieja,Turistas,2023M05,104
Total Nacional,Cantabria,,03133 Torrevieja,Turistas,2023M04,130
Total Nacional,Cantabria,,03133 Torrevieja,Turistas,2023M03,94
Total Nacional,Cantabria,,03133 Torrevieja,Turistas,2023M02,87
Total Nacional,Cantabria,,03133 Torrevieja,Turistas,2023M01,84
Total Nacional,Cantabria,,03133 Torrevieja,Turistas,2022M12,69
Total Nacional,Cantabria,,03133 Torrevieja,Turistas,2022M11,61
Total Nacional,Cantabria,,03133 Torrevieja,Turistas,2022M10,164
Total Nacional,Cantabria,,03133 Torrevieja,Turistas,2022M09,252
Total Nacional,Cantabria,,03133 Torrevieja,Turistas,2022M08,370
Total Nacional,Cantabria,,03133 Torrevieja,Turistas,2022M07,369
Total Nacional,Cantabria,,03133 Torrevieja,Turistas,2022M06,172
Total Nacional,Cantabria,,03133 Torrevieja,Turistas,2022M05,99
Total Nacional,Cantabria,,03133 Torrevieja,Turistas,2022M04,200
Total Nacional,Cantabria,,03133 Torrevieja,Turistas,2022M03,81
Total Nacional,Cantabria,,03133 Torrevieja,Turistas,2022M02,68
Total Nacional,Cantabria,,03133 Torrevieja,Turistas,2022M01,74
Total Nacional,Cantabria,,03133 Torrevieja,Turistas,2021M12,119
Total Nacional,Cantabria,,03133 Torrevieja,Turistas,2021M11,93
Total Nacional,Cantabria,,03133 Torrevieja,Turistas,2021M10,158
Total Nacional,Cantabria,,03133 Torrevieja,Turistas,2021M09,322
Total Nacional,Cantabria,,03133 Torrevieja,Turistas,2021M08,443
Total Nacional,Cantabria,,03133 Torrevieja,Turistas,2021M07,268
Total Nacional,Cantabria,,03133 Torrevieja,Turistas,2021M06,130
Total Nacional,Cantabria,,03133 Torrevieja,Turistas,2021M05,63
Total Nacional,Cantabria,,03133 Torrevieja,Turistas,2021M04,
Total Nacional,Cantabria,,03133 Torrevieja,Turistas,2021M03,
Total Nacional,Cantabria,,03133 Torrevieja,Turistas,2021M02,.
Total Nacional,Cantabria,,03133 Torrevieja,Turistas,2021M01,.
Total Nacional,Cantabria,,03133 Torrevieja,Turistas,2020M12,33
Total Nacional,Cantabria,,03133 Torrevieja,Turistas,2020M11,42
Total Nacional,Cantabria,,03133 Torrevieja,Turistas,2020M10,115
Total Nacional,Cantabria,,03133 Torrevieja,Turistas,2020M09,177
Total Nacional,Cantabria,,03133 Torrevieja,Turistas,2020M08,246
Total Nacional,Cantabria,,03133 Torrevieja,Turistas,2020M07,130
Total Nacional,Cantabria,,03133 Torrevieja,Turistas,2020M06,31
Total Nacional,Cantabria,,03133 Torrevieja,Turistas,2020M05,.
Total Nacional,Cantabria,,03133 Torrevieja,Turistas,2020M04,32
Total Nacional,Cantabria,,03133 Torrevieja,Turistas,2020M03,287
Total Nacional,Cantabria,,03133 Torrevieja,Turistas,2020M02,275
Total Nacional,Cantabria,,03133 Torrevieja,Turistas,2020M01,193
Total Nacional,Cantabria,,03133 Torrevieja,Turistas,2019M12,156
Total Nacional,Cantabria,,03133 Torrevieja,Turistas,2019M11,194
Total Nacional,Cantabria,,03133 Torrevieja,Turistas,2019M10,250
Total Nacional,Cantabria,,03133 Torrevieja,Turistas,2019M09,359
Total Nacional,Cantabria,,03133 Torrevieja,Turistas,2019M08,444
Total Nacional,Cantabria,,03133 Torrevieja,Turistas,2019M07,333
Total Nacional,Cantabria,Cantabria,03133 Torrevieja,Turistas,2025M12,52
Total Nacional,Cantabria,Cantabria,03133 Torrevieja,Turistas,2025M11,124
Total Nacional,Cantabria,Cantabria,03133 Torrevieja,Turistas,2025M10,117
Total Nacional,Cantabria,Cantabria,03133 Torrevieja,Turistas,2025M09,171
Total Nacional,Cantabria,Cantabria,03133 Torrevieja,Turistas,2025M08,243
Total Nacional,Cantabria,Cantabria,03133 Torrevieja,Turistas,2025M07,231
Total Nacional,Cantabria,Cantabria,03133 Torrevieja,Turistas,2025M06,187
Total Nacional,Cantabria,Cantabria,03133 Torrevieja,Turistas,2025M05,143
Total Nacional,Cantabria,Cantabria,03133 Torrevieja,Turistas,2025M04,145
Total Nacional,Cantabria,Cantabria,03133 Torrevieja,Turistas,2025M03,103
Total Nacional,Cantabria,Cantabria,03133 Torrevieja,Turistas,2025M02,85
Total Nacional,Cantabria,Cantabria,03133 Torrevieja,Turistas,2025M01,69
Total Nacional,Cantabria,Cantabria,03133 Torrevieja,Turistas,2024M12,90
Total Nacional,Cantabria,Cantabria,03133 Torrevieja,Turistas,2024M11,167
Total Nacional,Cantabria,Cantabria,03133 Torrevieja,Turistas,2024M10,147
Total Nacional,Cantabria,Cantabria,03133 Torrevieja,Turistas,2024M09,199
Total Nacional,Cantabria,Cantabria,03133 Torrevieja,Turistas,2024M08,270
Total Nacional,Cantabria,Cantabria,03133 Torrevieja,Turistas,2024M07,267
Total Nacional,Cantabria,Cantabria,03133 Torrevieja,Turistas,2024M06,137
Total Nacional,Cantabria,Cantabria,03133 Torrevieja,Turistas,2024M05,86
Total Nacional,Cantabria,Cantabria,03133 Torrevieja,Turistas,2024M04,166
Total Nacional,Cantabria,Cantabria,03133 Torrevieja,Turistas,2024M03,64
Total Nacional,Cantabria,Cantabria,03133 Torrevieja,Turistas,2024M02,51
Total Nacional,Cantabria,Cantabria,03133 Torrevieja,Turistas,2024M01,69
Total Nacional,Cantabria,Cantabria,03133 Torrevieja,Turistas,2023M12,99
Total Nacional,Cantabria,Cantabria,03133 Torrevieja,Turistas,2023M11,154
Total Nacional,Cantabria,Cantabria,03133 Torrevieja,Turistas,2023M10,175
Total Nacional,Cantabria,Cantabria,03133 Torrevieja,Turistas,2023M09,200
Total Nacional,Cantabria,Cantabria,03133 Torrevieja,Turistas,2023M08,270
Total Nacional,Cantabria,Cantabria,03133 Torrevieja,Turistas,2023M07,295
Total Nacional,Cantabria,Cantabria,03133 Torrevieja,Turistas,2023M06,134
Total Nacional,Cantabria,Cantabria,03133 Torrevieja,Turistas,2023M05,104
Total Nacional,Cantabria,Cantabria,03133 Torrevieja,Turistas,2023M04,130
Total Nacional,Cantabria,Cantabria,03133 Torrevieja,Turistas,2023M03,94
Total Nacional,Cantabria,Cantabria,03133 Torrevieja,Turistas,2023M02,87
Total Nacional,Cantabria,Cantabria,03133 Torrevieja,Turistas,2023M01,84
Total Nacional,Cantabria,Cantabria,03133 Torrevieja,Turistas,2022M12,69
Total Nacional,Cantabria,Cantabria,03133 Torrevieja,Turistas,2022M11,61
Total Nacional,Cantabria,Cantabria,03133 Torrevieja,Turistas,2022M10,164
Total Nacional,Cantabria,Cantabria,03133 Torrevieja,Turistas,2022M09,252
Total Nacional,Cantabria,Cantabria,03133 Torrevieja,Turistas,2022M08,370
Total Nacional,Cantabria,Cantabria,03133 Torrevieja,Turistas,2022M07,369
Total Nacional,Cantabria,Cantabria,03133 Torrevieja,Turistas,2022M06,172
Total Nacional,Cantabria,Cantabria,03133 Torrevieja,Turistas,2022M05,99
Total Nacional,Cantabria,Cantabria,03133 Torrevieja,Turistas,2022M04,200
Total Nacional,Cantabria,Cantabria,03133 Torrevieja,Turistas,2022M03,81
Total Nacional,Cantabria,Cantabria,03133 Torrevieja,Turistas,2022M02,68
Total Nacional,Cantabria,Cantabria,03133 Torrevieja,Turistas,2022M01,74
Total Nacional,Cantabria,Cantabria,03133 Torrevieja,Turistas,2021M12,119
Total Nacional,Cantabria,Cantabria,03133 Torrevieja,Turistas,2021M11,93
Total Nacional,Cantabria,Cantabria,03133 Torrevieja,Turistas,2021M10,158
Total Nacional,Cantabria,Cantabria,03133 Torrevieja,Turistas,2021M09,322
Total Nacional,Cantabria,Cantabria,03133 Torrevieja,Turistas,2021M08,443
Total Nacional,Cantabria,Cantabria,03133 Torrevieja,Turistas,2021M07,268
Total Nacional,Cantabria,Cantabria,03133 Torrevieja,Turistas,2021M06,130
Total Nacional,Cantabria,Cantabria,03133 Torrevieja,Turistas,2021M05,63
Total Nacional,Cantabria,Cantabria,03133 Torrevieja,Turistas,2021M04,
Total Nacional,Cantabria,Cantabria,03133 Torrevieja,Turistas,2021M03,
Total Nacional,Cantabria,Cantabria,03133 Torrevieja,Turistas,2021M02,.
Total Nacional,Cantabria,Cantabria,03133 Torrevieja,Turistas,2021M01,.
Total Nacional,Cantabria,Cantabria,03133 Torrevieja,Turistas,2020M12,33
Total Nacional,Cantabria,Cantabria,03133 Torrevieja,Turistas,2020M11,42
Total Nacional,Cantabria,Cantabria,03133 Torrevieja,Turistas,2020M10,115
Total Nacional,Cantabria,Cantabria,03133 Torrevieja,Turistas,2020M09,177
Total Nacional,Cantabria,Cantabria,03133 Torrevieja,Turistas,2020M08,246
Total Nacional,Cantabria,Cantabria,03133 Torrevieja,Turistas,2020M07,130
Total Nacional,Cantabria,Cantabria,03133 Torrevieja,Turistas,2020M06,31
Total Nacional,Cantabria,Cantabria,03133 Torrevieja,Turistas,2020M05,.
Total Nacional,Cantabria,Cantabria,03133 Torrevieja,Turistas,2020M04,32
Total Nacional,Cantabria,Cantabria,03133 Torrevieja,Turistas,2020M03,287
Total Nacional,Cantabria,Cantabria,03133 Torrevieja,Turistas,2020M02,275
Total Nacional,Cantabria,Cantabria,03133 Torrevieja,Turistas,2020M01,193
Total Nacional,Cantabria,Cantabria,03133 Torrevieja,Turistas,2019M12,156
Total Nacional,Cantabria,Cantabria,03133 Torrevieja,Turistas,2019M11,194
Total Nacional,Cantabria,Cantabria,03133 Torrevieja,Turistas,2019M10,250
Total Nacional,Cantabria,Cantabria,03133 Torrevieja,Turistas,2019M09,359
Total Nacional,Cantabria,Cantabria,03133 Torrevieja,Turistas,2019M08,444
Total Nacional,Cantabria,Cantabria,03133 Torrevieja,Turistas,2019M07,333
Total Nacional,Castilla - La Mancha,,03133 Torrevieja,Turistas,2025M12,2.672
Total Nacional,Castilla - La Mancha,,03133 Torrevieja,Turistas,2025M11,2.225
Total Nacional,Castilla - La Mancha,,03133 Torrevieja,Turistas,2025M10,2.088
Total Nacional,Castilla - La Mancha,,03133 Torrevieja,Turistas,2025M09,5.571
Total Nacional,Castilla - La Mancha,,03133 Torrevieja,Turistas,2025M08,14.935
Total Nacional,Castilla - La Mancha,,03133 Torrevieja,Turistas,2025M07,12.595
Total Nacional,Castilla - La Mancha,,03133 Torrevieja,Turistas,2025M06,7.950
Total Nacional,Castilla - La Mancha,,03133 Torrevieja,Turistas,2025M05,4.282
Total Nacional,Castilla - La Mancha,,03133 Torrevieja,Turistas,2025M04,5.931
Total Nacional,Castilla - La Mancha,,03133 Torrevieja,Turistas,2025M03,2.567
Total Nacional,Castilla - La Mancha,,03133 Torrevieja,Turistas,2025M02,2.150
Total Nacional,Castilla - La Mancha,,03133 Torrevieja,Turistas,2025M01,2.426
Total Nacional,Castilla - La Mancha,,03133 Torrevieja,Turistas,2024M12,3.251
Total Nacional,Castilla - La Mancha,,03133 Torrevieja,Turistas,2024M11,2.182
Total Nacional,Castilla - La Mancha,,03133 Torrevieja,Turistas,2024M10,2.768
Total Nacional,Castilla - La Mancha,,03133 Torrevieja,Turistas,2024M09,6.768
Total Nacional,Castilla - La Mancha,,03133 Torrevieja,Turistas,2024M08,15.971
Total Nacional,Castilla - La Mancha,,03133 Torrevieja,Turistas,2024M07,13.125
Total Nacional,Castilla - La Mancha,,03133 Torrevieja,Turistas,2024M06,8.636
Total Nacional,Castilla - La Mancha,,03133 Torrevieja,Turistas,2024M05,3.792
Total Nacional,Castilla - La Mancha,,03133 Torrevieja,Turistas,2024M04,4.004
Total Nacional,Castilla - La Mancha,,03133 Torrevieja,Turistas,2024M03,4.779
Total Nacional,Castilla - La Mancha,,03133 Torrevieja,Turistas,2024M02,2.279
Total Nacional,Castilla - La Mancha,,03133 Torrevieja,Turistas,2024M01,2.257
Total Nacional,Castilla - La Mancha,,03133 Torrevieja,Turistas,2023M12,3.463
Total Nacional,Castilla - La Mancha,,03133 Torrevieja,Turistas,2023M11,2.035
Total Nacional,Castilla - La Mancha,,03133 Torrevieja,Turistas,2023M10,4.329
Total Nacional,Castilla - La Mancha,,03133 Torrevieja,Turistas,2023M09,5.841
Total Nacional,Castilla - La Mancha,,03133 Torrevieja,Turistas,2023M08,16.893
Total Nacional,Castilla - La Mancha,,03133 Torrevieja,Turistas,2023M07,14.667
Total Nacional,Castilla - La Mancha,,03133 Torrevieja,Turistas,2023M06,5.066
Total Nacional,Castilla - La Mancha,,03133 Torrevieja,Turistas,2023M05,3.794
Total Nacional,Castilla - La Mancha,,03133 Torrevieja,Turistas,2023M04,6.542
Total Nacional,Castilla - La Mancha,,03133 Torrevieja,Turistas,2023M03,2.314
Total Nacional,Castilla - La Mancha,,03133 Torrevieja,Turistas,2023M02,1.730
Total Nacional,Castilla - La Mancha,,03133 Torrevieja,Turistas,2023M01,1.978
Total Nacional,Castilla - La Mancha,,03133 Torrevieja,Turistas,2022M12,2.351
Total Nacional,Castilla - La Mancha,,03133 Torrevieja,Turistas,2022M11,2.079
Total Nacional,Castilla - La Mancha,,03133 Torrevieja,Turistas,2022M10,2.550
Total Nacional,Castilla - La Mancha,,03133 Torrevieja,Turistas,2022M09,5.509
Total Nacional,Castilla - La Mancha,,03133 Torrevieja,Turistas,2022M08,16.036
Total Nacional,Castilla - La Mancha,,03133 Torrevieja,Turistas,2022M07,13.513
Total Nacional,Castilla - La Mancha,,03133 Torrevieja,Turistas,2022M06,6.435
Total Nacional,Castilla - La Mancha,,03133 Torrevieja,Turistas,2022M05,4.444
Total Nacional,Castilla - La Mancha,,03133 Torrevieja,Turistas,2022M04,5.933
Total Nacional,Castilla - La Mancha,,03133 Torrevieja,Turistas,2022M03,2.001
Total Nacional,Castilla - La Mancha,,03133 Torrevieja,Turistas,2022M02,2.176
Total Nacional,Castilla - La Mancha,,03133 Torrevieja,Turistas,2022M01,2.131
Total Nacional,Castilla - La Mancha,,03133 Torrevieja,Turistas,2021M12,2.755
Total Nacional,Castilla - La Mancha,,03133 Torrevieja,Turistas,2021M11,2.076
Total Nacional,Castilla - La Mancha,,03133 Torrevieja,Turistas,2021M10,3.037
Total Nacional,Castilla - La Mancha,,03133 Torrevieja,Turistas,2021M09,6.543
Total Nacional,Castilla - La Mancha,,03133 Torrevieja,Turistas,2021M08,18.853
Total Nacional,Castilla - La Mancha,,03133 Torrevieja,Turistas,2021M07,14.005
Total Nacional,Castilla - La Mancha,,03133 Torrevieja,Turistas,2021M06,8.284
Total Nacional,Castilla - La Mancha,,03133 Torrevieja,Turistas,2021M05,5.112
Total Nacional,Castilla - La Mancha,,03133 Torrevieja,Turistas,2021M04,698
Total Nacional,Castilla - La Mancha,,03133 Torrevieja,Turistas,2021M03,566
Total Nacional,Castilla - La Mancha,,03133 Torrevieja,Turistas,2021M02,365
Total Nacional,Castilla - La Mancha,,03133 Torrevieja,Turistas,2021M01,442
Total Nacional,Castilla - La Mancha,,03133 Torrevieja,Turistas,2020M12,466
Total Nacional,Castilla - La Mancha,,03133 Torrevieja,Turistas,2020M11,513
Total Nacional,Castilla - La Mancha,,03133 Torrevieja,Turistas,2020M10,3.066
Total Nacional,Castilla - La Mancha,,03133 Torrevieja,Turistas,2020M09,6.055
Total Nacional,Castilla - La Mancha,,03133 Torrevieja,Turistas,2020M08,15.113
Total Nacional,Castilla - La Mancha,,03133 Torrevieja,Turistas,2020M07,10.309
Total Nacional,Castilla - La Mancha,,03133 Torrevieja,Turistas,2020M06,2.092
Total Nacional,Castilla - La Mancha,,03133 Torrevieja,Turistas,2020M05,228
Total Nacional,Castilla - La Mancha,,03133 Torrevieja,Turistas,2020M04,179
Total Nacional,Castilla - La Mancha,,03133 Torrevieja,Turistas,2020M03,1.477
Total Nacional,Castilla - La Mancha,,03133 Torrevieja,Turistas,2020M02,2.769
Total Nacional,Castilla - La Mancha,,03133 Torrevieja,Turistas,2020M01,2.066
Total Nacional,Castilla - La Mancha,,03133 Torrevieja,Turistas,2019M12,2.722
Total Nacional,Castilla - La Mancha,,03133 Torrevieja,Turistas,2019M11,2.346
Total Nacional,Castilla - La Mancha,,03133 Torrevieja,Turistas,2019M10,2.813
Total Nacional,Castilla - La Mancha,,03133 Torrevieja,Turistas,2019M09,6.591
Total Nacional,Castilla - La Mancha,,03133 Torrevieja,Turistas,2019M08,18.379
Total Nacional,Castilla - La Mancha,,03133 Torrevieja,Turistas,2019M07,14.059
Total Nacional,Castilla - La Mancha,Albacete,03133 Torrevieja,Turistas,2025M12,877
Total Nacional,Castilla - La Mancha,Albacete,03133 Torrevieja,Turistas,2025M11,988
Total Nacional,Castilla - La Mancha,Albacete,03133 Torrevieja,Turistas,2025M10,757
Total Nacional,Castilla - La Mancha,Albacete,03133 Torrevieja,Turistas,2025M09,1.634
Total Nacional,Castilla - La Mancha,Albacete,03133 Torrevieja,Turistas,2025M08,4.883
Total Nacional,Castilla - La Mancha,Albacete,03133 Torrevieja,Turistas,2025M07,4.608
Total Nacional,Castilla - La Mancha,Albacete,03133 Torrevieja,Turistas,2025M06,3.549
Total Nacional,Castilla - La Mancha,Albacete,03133 Torrevieja,Turistas,2025M05,1.549
Total Nacional,Castilla - La Mancha,Albacete,03133 Torrevieja,Turistas,2025M04,2.017
Total Nacional,Castilla - La Mancha,Albacete,03133 Torrevieja,Turistas,2025M03,1.171
Total Nacional,Castilla - La Mancha,Albacete,03133 Torrevieja,Turistas,2025M02,932
Total Nacional,Castilla - La Mancha,Albacete,03133 Torrevieja,Turistas,2025M01,888
Total Nacional,Castilla - La Mancha,Albacete,03133 Torrevieja,Turistas,2024M12,1.216
Total Nacional,Castilla - La Mancha,Albacete,03133 Torrevieja,Turistas,2024M11,793
Total Nacional,Castilla - La Mancha,Albacete,03133 Torrevieja,Turistas,2024M10,948
Total Nacional,Castilla - La Mancha,Albacete,03133 Torrevieja,Turistas,2024M09,1.720
Total Nacional,Castilla - La Mancha,Albacete,03133 Torrevieja,Turistas,2024M08,4.227
Total Nacional,Castilla - La Mancha,Albacete,03133 Torrevieja,Turistas,2024M07,4.014
Total Nacional,Castilla - La Mancha,Albacete,03133 Torrevieja,Turistas,2024M06,3.416
Total Nacional,Castilla - La Mancha,Albacete,03133 Torrevieja,Turistas,2024M05,1.429
Total Nacional,Castilla - La Mancha,Albacete,03133 Torrevieja,Turistas,2024M04,1.266
Total Nacional,Castilla - La Mancha,Albacete,03133 Torrevieja,Turistas,2024M03,1.485
Total Nacional,Castilla - La Mancha,Albacete,03133 Torrevieja,Turistas,2024M02,841
Total Nacional,Castilla - La Mancha,Albacete,03133 Torrevieja,Turistas,2024M01,821
Total Nacional,Castilla - La Mancha,Albacete,03133 Torrevieja,Turistas,2023M12,947
Total Nacional,Castilla - La Mancha,Albacete,03133 Torrevieja,Turistas,2023M11,756
Total Nacional,Castilla - La Mancha,Albacete,03133 Torrevieja,Turistas,2023M10,1.471
Total Nacional,Castilla - La Mancha,Albacete,03133 Torrevieja,Turistas,2023M09,1.459
Total Nacional,Castilla - La Mancha,Albacete,03133 Torrevieja,Turistas,2023M08,4.724
Total Nacional,Castilla - La Mancha,Albacete,03133 Torrevieja,Turistas,2023M07,4.763
Total Nacional,Castilla - La Mancha,Albacete,03133 Torrevieja,Turistas,2023M06,1.977
Total Nacional,Castilla - La Mancha,Albacete,03133 Torrevieja,Turistas,2023M05,1.278
Total Nacional,Castilla - La Mancha,Albacete,03133 Torrevieja,Turistas,2023M04,2.005
Total Nacional,Castilla - La Mancha,Albacete,03133 Torrevieja,Turistas,2023M03,874
Total Nacional,Castilla - La Mancha,Albacete,03133 Torrevieja,Turistas,2023M02,659
Total Nacional,Castilla - La Mancha,Albacete,03133 Torrevieja,Turistas,2023M01,723
Total Nacional,Castilla - La Mancha,Albacete,03133 Torrevieja,Turistas,2022M12,714
Total Nacional,Castilla - La Mancha,Albacete,03133 Torrevieja,Turistas,2022M11,729
Total Nacional,Castilla - La Mancha,Albacete,03133 Torrevieja,Turistas,2022M10,977
Total Nacional,Castilla - La Mancha,Albacete,03133 Torrevieja,Turistas,2022M09,1.349
Total Nacional,Castilla - La Mancha,Albacete,03133 Torrevieja,Turistas,2022M08,4.396
Total Nacional,Castilla - La Mancha,Albacete,03133 Torrevieja,Turistas,2022M07,4.356
Total Nacional,Castilla - La Mancha,Albacete,03133 Torrevieja,Turistas,2022M06,2.695
Total Nacional,Castilla - La Mancha,Albacete,03133 Torrevieja,Turistas,2022M05,1.842
Total Nacional,Castilla - La Mancha,Albacete,03133 Torrevieja,Turistas,2022M04,1.566
Total Nacional,Castilla - La Mancha,Albacete,03133 Torrevieja,Turistas,2022M03,705
Total Nacional,Castilla - La Mancha,Albacete,03133 Torrevieja,Turistas,2022M02,793
Total Nacional,Castilla - La Mancha,Albacete,03133 Torrevieja,Turistas,2022M01,743
Total Nacional,Castilla - La Mancha,Albacete,03133 Torrevieja,Turistas,2021M12,871
Total Nacional,Castilla - La Mancha,Albacete,03133 Torrevieja,Turistas,2021M11,778
Total Nacional,Castilla - La Mancha,Albacete,03133 Torrevieja,Turistas,2021M10,945
Total Nacional,Castilla - La Mancha,Albacete,03133 Torrevieja,Turistas,2021M09,1.835
Total Nacional,Castilla - La Mancha,Albacete,03133 Torrevieja,Turistas,2021M08,5.607
Total Nacional,Castilla - La Mancha,Albacete,03133 Torrevieja,Turistas,2021M07,4.606
Total Nacional,Castilla - La Mancha,Albacete,03133 Torrevieja,Turistas,2021M06,3.171
Total Nacional,Castilla - La Mancha,Albacete,03133 Torrevieja,Turistas,2021M05,1.962
Total Nacional,Castilla - La Mancha,Albacete,03133 Torrevieja,Turistas,2021M04,252
Total Nacional,Castilla - La Mancha,Albacete,03133 Torrevieja,Turistas,2021M03,209
Total Nacional,Castilla - La Mancha,Albacete,03133 Torrevieja,Turistas,2021M02,149
Total Nacional,Castilla - La Mancha,Albacete,03133 Torrevieja,Turistas,2021M01,138
Total Nacional,Castilla - La Mancha,Albacete,03133 Torrevieja,Turistas,2020M12,174
Total Nacional,Castilla - La Mancha,Albacete,03133 Torrevieja,Turistas,2020M11,154
Total Nacional,Castilla - La Mancha,Albacete,03133 Torrevieja,Turistas,2020M10,1.081
Total Nacional,Castilla - La Mancha,Albacete,03133 Torrevieja,Turistas,2020M09,2.073
Total Nacional,Castilla - La Mancha,Albacete,03133 Torrevieja,Turistas,2020M08,4.785
Total Nacional,Castilla - La Mancha,Albacete,03133 Torrevieja,Turistas,2020M07,3.640
Total Nacional,Castilla - La Mancha,Albacete,03133 Torrevieja,Turistas,2020M06,859
Total Nacional,Castilla - La Mancha,Albacete,03133 Torrevieja,Turistas,2020M05,86
Total Nacional,Castilla - La Mancha,Albacete,03133 Torrevieja,Turistas,2020M04,54
Total Nacional,Castilla - La Mancha,Albacete,03133 Torrevieja,Turistas,2020M03,553
Total Nacional,Castilla - La Mancha,Albacete,03133 Torrevieja,Turistas,2020M02,1.121
Total Nacional,Castilla - La Mancha,Albacete,03133 Torrevieja,Turistas,2020M01,834
Total Nacional,Castilla - La Mancha,Albacete,03133 Torrevieja,Turistas,2019M12,913
Total Nacional,Castilla - La Mancha,Albacete,03133 Torrevieja,Turistas,2019M11,881
Total Nacional,Castilla - La Mancha,Albacete,03133 Torrevieja,Turistas,2019M10,1.123
Total Nacional,Castilla - La Mancha,Albacete,03133 Torrevieja,Turistas,2019M09,1.897
Total Nacional,Castilla - La Mancha,Albacete,03133 Torrevieja,Turistas,2019M08,5.347
Total Nacional,Castilla - La Mancha,Albacete,03133 Torrevieja,Turistas,2019M07,4.901
Total Nacional,Castilla - La Mancha,Ciudad Real,03133 Torrevieja,Turistas,2025M12,589
Total Nacional,Castilla - La Mancha,Ciudad Real,03133 Torrevieja,Turistas,2025M11,464
Total Nacional,Castilla - La Mancha,Ciudad Real,03133 Torrevieja,Turistas,2025M10,387
Total Nacional,Castilla - La Mancha,Ciudad Real,03133 Torrevieja,Turistas,2025M09,1.183
Total Nacional,Castilla - La Mancha,Ciudad Real,03133 Torrevieja,Turistas,2025M08,2.939
Total Nacional,Castilla - La Mancha,Ciudad Real,03133 Torrevieja,Turistas,2025M07,2.574
Total Nacional,Castilla - La Mancha,Ciudad Real,03133 Torrevieja,Turistas,2025M06,1.394
Total Nacional,Castilla - La Mancha,Ciudad Real,03133 Torrevieja,Turistas,2025M05,747
Total Nacional,Castilla - La Mancha,Ciudad Real,03133 Torrevieja,Turistas,2025M04,953
Total Nacional,Castilla - La Mancha,Ciudad Real,03133 Torrevieja,Turistas,2025M03,392
Total Nacional,Castilla - La Mancha,Ciudad Real,03133 Torrevieja,Turistas,2025M02,246
Total Nacional,Castilla - La Mancha,Ciudad Real,03133 Torrevieja,Turistas,2025M01,323
Total Nacional,Castilla - La Mancha,Ciudad Real,03133 Torrevieja,Turistas,2024M12,572
Total Nacional,Castilla - La Mancha,Ciudad Real,03133 Torrevieja,Turistas,2024M11,425
Total Nacional,Castilla - La Mancha,Ciudad Real,03133 Torrevieja,Turistas,2024M10,493
Total Nacional,Castilla - La Mancha,Ciudad Real,03133 Torrevieja,Turistas,2024M09,1.244
Total Nacional,Castilla - La Mancha,Ciudad Real,03133 Torrevieja,Turistas,2024M08,3.088
Total Nacional,Castilla - La Mancha,Ciudad Real,03133 Torrevieja,Turistas,2024M07,2.441
Total Nacional,Castilla - La Mancha,Ciudad Real,03133 Torrevieja,Turistas,2024M06,1.468
Total Nacional,Castilla - La Mancha,Ciudad Real,03133 Torrevieja,Turistas,2024M05,604
Total Nacional,Castilla - La Mancha,Ciudad Real,03133 Torrevieja,Turistas,2024M04,711
Total Nacional,Castilla - La Mancha,Ciudad Real,03133 Torrevieja,Turistas,2024M03,793
Total Nacional,Castilla - La Mancha,Ciudad Real,03133 Torrevieja,Turistas,2024M02,292
Total Nacional,Castilla - La Mancha,Ciudad Real,03133 Torrevieja,Turistas,2024M01,392
Total Nacional,Castilla - La Mancha,Ciudad Real,03133 Torrevieja,Turistas,2023M12,613
Total Nacional,Castilla - La Mancha,Ciudad Real,03133 Torrevieja,Turistas,2023M11,283
Total Nacional,Castilla - La Mancha,Ciudad Real,03133 Torrevieja,Turistas,2023M10,731
Total Nacional,Castilla - La Mancha,Ciudad Real,03133 Torrevieja,Turistas,2023M09,1.136
Total Nacional,Castilla - La Mancha,Ciudad Real,03133 Torrevieja,Turistas,2023M08,2.989
Total Nacional,Castilla - La Mancha,Ciudad Real,03133 Torrevieja,Turistas,2023M07,2.803
Total Nacional,Castilla - La Mancha,Ciudad Real,03133 Torrevieja,Turistas,2023M06,947
Total Nacional,Castilla - La Mancha,Ciudad Real,03133 Torrevieja,Turistas,2023M05,794
Total Nacional,Castilla - La Mancha,Ciudad Real,03133 Torrevieja,Turistas,2023M04,1.253
Total Nacional,Castilla - La Mancha,Ciudad Real,03133 Torrevieja,Turistas,2023M03,419
Total Nacional,Castilla - La Mancha,Ciudad Real,03133 Torrevieja,Turistas,2023M02,384
Total Nacional,Castilla - La Mancha,Ciudad Real,03133 Torrevieja,Turistas,2023M01,325
Total Nacional,Castilla - La Mancha,Ciudad Real,03133 Torrevieja,Turistas,2022M12,456
Total Nacional,Castilla - La Mancha,Ciudad Real,03133 Torrevieja,Turistas,2022M11,409
Total Nacional,Castilla - La Mancha,Ciudad Real,03133 Torrevieja,Turistas,2022M10,447
Total Nacional,Castilla - La Mancha,Ciudad Real,03133 Torrevieja,Turistas,2022M09,1.195
Total Nacional,Castilla - La Mancha,Ciudad Real,03133 Torrevieja,Turistas,2022M08,3.146
Total Nacional,Castilla - La Mancha,Ciudad Real,03133 Torrevieja,Turistas,2022M07,2.695
Total Nacional,Castilla - La Mancha,Ciudad Real,03133 Torrevieja,Turistas,2022M06,1.175
Total Nacional,Castilla - La Mancha,Ciudad Real,03133 Torrevieja,Turistas,2022M05,827
Total Nacional,Castilla - La Mancha,Ciudad Real,03133 Torrevieja,Turistas,2022M04,1.185
Total Nacional,Castilla - La Mancha,Ciudad Real,03133 Torrevieja,Turistas,2022M03,393
Total Nacional,Castilla - La Mancha,Ciudad Real,03133 Torrevieja,Turistas,2022M02,426
Total Nacional,Castilla - La Mancha,Ciudad Real,03133 Torrevieja,Turistas,2022M01,541
Total Nacional,Castilla - La Mancha,Ciudad Real,03133 Torrevieja,Turistas,2021M12,594
Total Nacional,Castilla - La Mancha,Ciudad Real,03133 Torrevieja,Turistas,2021M11,417
Total Nacional,Castilla - La Mancha,Ciudad Real,03133 Torrevieja,Turistas,2021M10,688
Total Nacional,Castilla - La Mancha,Ciudad Real,03133 Torrevieja,Turistas,2021M09,1.407
Total Nacional,Castilla - La Mancha,Ciudad Real,03133 Torrevieja,Turistas,2021M08,3.528
Total Nacional,Castilla - La Mancha,Ciudad Real,03133 Torrevieja,Turistas,2021M07,2.792
Total Nacional,Castilla - La Mancha,Ciudad Real,03133 Torrevieja,Turistas,2021M06,1.468
Total Nacional,Castilla - La Mancha,Ciudad Real,03133 Torrevieja,Turistas,2021M05,1.143
Total Nacional,Castilla - La Mancha,Ciudad Real,03133 Torrevieja,Turistas,2021M04,107
Total Nacional,Castilla - La Mancha,Ciudad Real,03133 Torrevieja,Turistas,2021M03,110
Total Nacional,Castilla - La Mancha,Ciudad Real,03133 Torrevieja,Turistas,2021M02,78
Total Nacional,Castilla - La Mancha,Ciudad Real,03133 Torrevieja,Turistas,2021M01,107
Total Nacional,Castilla - La Mancha,Ciudad Real,03133 Torrevieja,Turistas,2020M12,97
Total Nacional,Castilla - La Mancha,Ciudad Real,03133 Torrevieja,Turistas,2020M11,127
Total Nacional,Castilla - La Mancha,Ciudad Real,03133 Torrevieja,Turistas,2020M10,663
Total Nacional,Castilla - La Mancha,Ciudad Real,03133 Torrevieja,Turistas,2020M09,1.094
Total Nacional,Castilla - La Mancha,Ciudad Real,03133 Torrevieja,Turistas,2020M08,2.798
Total Nacional,Castilla - La Mancha,Ciudad Real,03133 Torrevieja,Turistas,2020M07,1.956
Total Nacional,Castilla - La Mancha,Ciudad Real,03133 Torrevieja,Turistas,2020M06,393
Total Nacional,Castilla - La Mancha,Ciudad Real,03133 Torrevieja,Turistas,2020M05,68
Total Nacional,Castilla - La Mancha,Ciudad Real,03133 Torrevieja,Turistas,2020M04,.
Total Nacional,Castilla - La Mancha,Ciudad Real,03133 Torrevieja,Turistas,2020M03,190
Total Nacional,Castilla - La Mancha,Ciudad Real,03133 Torrevieja,Turistas,2020M02,574
Total Nacional,Castilla - La Mancha,Ciudad Real,03133 Torrevieja,Turistas,2020M01,424
Total Nacional,Castilla - La Mancha,Ciudad Real,03133 Torrevieja,Turistas,2019M12,585
Total Nacional,Castilla - La Mancha,Ciudad Real,03133 Torrevieja,Turistas,2019M11,486
Total Nacional,Castilla - La Mancha,Ciudad Real,03133 Torrevieja,Turistas,2019M10,478
Total Nacional,Castilla - La Mancha,Ciudad Real,03133 Torrevieja,Turistas,2019M09,1.407
Total Nacional,Castilla - La Mancha,Ciudad Real,03133 Torrevieja,Turistas,2019M08,3.836
Total Nacional,Castilla - La Mancha,Ciudad Real,03133 Torrevieja,Turistas,2019M07,2.842
Total Nacional,Castilla - La Mancha,Cuenca,03133 Torrevieja,Turistas,2025M12,147
Total Nacional,Castilla - La Mancha,Cuenca,03133 Torrevieja,Turistas,2025M11,84
Total Nacional,Castilla - La Mancha,Cuenca,03133 Torrevieja,Turistas,2025M10,124
Total Nacional,Castilla - La Mancha,Cuenca,03133 Torrevieja,Turistas,2025M09,439
Total Nacional,Castilla - La Mancha,Cuenca,03133 Torrevieja,Turistas,2025M08,669
Total Nacional,Castilla - La Mancha,Cuenca,03133 Torrevieja,Turistas,2025M07,674
Total Nacional,Castilla - La Mancha,Cuenca,03133 Torrevieja,Turistas,2025M06,439
Total Nacional,Castilla - La Mancha,Cuenca,03133 Torrevieja,Turistas,2025M05,256
Total Nacional,Castilla - La Mancha,Cuenca,03133 Torrevieja,Turistas,2025M04,279
Total Nacional,Castilla - La Mancha,Cuenca,03133 Torrevieja,Turistas,2025M03,72
Total Nacional,Castilla - La Mancha,Cuenca,03133 Torrevieja,Turistas,2025M02,141
Total Nacional,Castilla - La Mancha,Cuenca,03133 Torrevieja,Turistas,2025M01,105
Total Nacional,Castilla - La Mancha,Cuenca,03133 Torrevieja,Turistas,2024M12,106
Total Nacional,Castilla - La Mancha,Cuenca,03133 Torrevieja,Turistas,2024M11,106
Total Nacional,Castilla - La Mancha,Cuenca,03133 Torrevieja,Turistas,2024M10,162
Total Nacional,Castilla - La Mancha,Cuenca,03133 Torrevieja,Turistas,2024M09,370
Total Nacional,Castilla - La Mancha,Cuenca,03133 Torrevieja,Turistas,2024M08,598
Total Nacional,Castilla - La Mancha,Cuenca,03133 Torrevieja,Turistas,2024M07,579
Total Nacional,Castilla - La Mancha,Cuenca,03133 Torrevieja,Turistas,2024M06,588
Total Nacional,Castilla - La Mancha,Cuenca,03133 Torrevieja,Turistas,2024M05,139
Total Nacional,Castilla - La Mancha,Cuenca,03133 Torrevieja,Turistas,2024M04,200
Total Nacional,Castilla - La Mancha,Cuenca,03133 Torrevieja,Turistas,2024M03,248
Total Nacional,Castilla - La Mancha,Cuenca,03133 Torrevieja,Turistas,2024M02,123
Total Nacional,Castilla - La Mancha,Cuenca,03133 Torrevieja,Turistas,2024M01,177
Total Nacional,Castilla - La Mancha,Cuenca,03133 Torrevieja,Turistas,2023M12,181
Total Nacional,Castilla - La Mancha,Cuenca,03133 Torrevieja,Turistas,2023M11,138
Total Nacional,Castilla - La Mancha,Cuenca,03133 Torrevieja,Turistas,2023M10,276
Total Nacional,Castilla - La Mancha,Cuenca,03133 Torrevieja,Turistas,2023M09,368
Total Nacional,Castilla - La Mancha,Cuenca,03133 Torrevieja,Turistas,2023M08,880
Total Nacional,Castilla - La Mancha,Cuenca,03133 Torrevieja,Turistas,2023M07,798
Total Nacional,Castilla - La Mancha,Cuenca,03133 Torrevieja,Turistas,2023M06,276
Total Nacional,Castilla - La Mancha,Cuenca,03133 Torrevieja,Turistas,2023M05,183
Total Nacional,Castilla - La Mancha,Cuenca,03133 Torrevieja,Turistas,2023M04,255
Total Nacional,Castilla - La Mancha,Cuenca,03133 Torrevieja,Turistas,2023M03,106
Total Nacional,Castilla - La Mancha,Cuenca,03133 Torrevieja,Turistas,2023M02,50
Total Nacional,Castilla - La Mancha,Cuenca,03133 Torrevieja,Turistas,2023M01,95
Total Nacional,Castilla - La Mancha,Cuenca,03133 Torrevieja,Turistas,2022M12,131
Total Nacional,Castilla - La Mancha,Cuenca,03133 Torrevieja,Turistas,2022M11,161
Total Nacional,Castilla - La Mancha,Cuenca,03133 Torrevieja,Turistas,2022M10,79
Total Nacional,Castilla - La Mancha,Cuenca,03133 Torrevieja,Turistas,2022M09,268
Total Nacional,Castilla - La Mancha,Cuenca,03133 Torrevieja,Turistas,2022M08,750
Total Nacional,Castilla - La Mancha,Cuenca,03133 Torrevieja,Turistas,2022M07,591
Total Nacional,Castilla - La Mancha,Cuenca,03133 Torrevieja,Turistas,2022M06,408
Total Nacional,Castilla - La Mancha,Cuenca,03133 Torrevieja,Turistas,2022M05,234
Total Nacional,Castilla - La Mancha,Cuenca,03133 Torrevieja,Turistas,2022M04,239
Total Nacional,Castilla - La Mancha,Cuenca,03133 Torrevieja,Turistas,2022M03,85
Total Nacional,Castilla - La Mancha,Cuenca,03133 Torrevieja,Turistas,2022M02,110
Total Nacional,Castilla - La Mancha,Cuenca,03133 Torrevieja,Turistas,2022M01,131
Total Nacional,Castilla - La Mancha,Cuenca,03133 Torrevieja,Turistas,2021M12,124
Total Nacional,Castilla - La Mancha,Cuenca,03133 Torrevieja,Turistas,2021M11,75
Total Nacional,Castilla - La Mancha,Cuenca,03133 Torrevieja,Turistas,2021M10,163
Total Nacional,Castilla - La Mancha,Cuenca,03133 Torrevieja,Turistas,2021M09,382
Total Nacional,Castilla - La Mancha,Cuenca,03133 Torrevieja,Turistas,2021M08,855
Total Nacional,Castilla - La Mancha,Cuenca,03133 Torrevieja,Turistas,2021M07,723
Total Nacional,Castilla - La Mancha,Cuenca,03133 Torrevieja,Turistas,2021M06,515
Total Nacional,Castilla - La Mancha,Cuenca,03133 Torrevieja,Turistas,2021M05,243
Total Nacional,Castilla - La Mancha,Cuenca,03133 Torrevieja,Turistas,2021M04,30
Total Nacional,Castilla - La Mancha,Cuenca,03133 Torrevieja,Turistas,2021M03,
Total Nacional,Castilla - La Mancha,Cuenca,03133 Torrevieja,Turistas,2021M02,.
Total Nacional,Castilla - La Mancha,Cuenca,03133 Torrevieja,Turistas,2021M01,38
Total Nacional,Castilla - La Mancha,Cuenca,03133 Torrevieja,Turistas,2020M12,
Total Nacional,Castilla - La Mancha,Cuenca,03133 Torrevieja,Turistas,2020M11,35
Total Nacional,Castilla - La Mancha,Cuenca,03133 Torrevieja,Turistas,2020M10,194
Total Nacional,Castilla - La Mancha,Cuenca,03133 Torrevieja,Turistas,2020M09,380
Total Nacional,Castilla - La Mancha,Cuenca,03133 Torrevieja,Turistas,2020M08,757
Total Nacional,Castilla - La Mancha,Cuenca,03133 Torrevieja,Turistas,2020M07,559
Total Nacional,Castilla - La Mancha,Cuenca,03133 Torrevieja,Turistas,2020M06,96
Total Nacional,Castilla - La Mancha,Cuenca,03133 Torrevieja,Turistas,2020M05,.
Total Nacional,Castilla - La Mancha,Cuenca,03133 Torrevieja,Turistas,2020M04,.
Total Nacional,Castilla - La Mancha,Cuenca,03133 Torrevieja,Turistas,2020M03,91
Total Nacional,Castilla - La Mancha,Cuenca,03133 Torrevieja,Turistas,2020M02,140
Total Nacional,Castilla - La Mancha,Cuenca,03133 Torrevieja,Turistas,2020M01,118
Total Nacional,Castilla - La Mancha,Cuenca,03133 Torrevieja,Turistas,2019M12,116
Total Nacional,Castilla - La Mancha,Cuenca,03133 Torrevieja,Turistas,2019M11,132
Total Nacional,Castilla - La Mancha,Cuenca,03133 Torrevieja,Turistas,2019M10,192
Total Nacional,Castilla - La Mancha,Cuenca,03133 Torrevieja,Turistas,2019M09,423
Total Nacional,Castilla - La Mancha,Cuenca,03133 Torrevieja,Turistas,2019M08,784
Total Nacional,Castilla - La Mancha,Cuenca,03133 Torrevieja,Turistas,2019M07,693
Total Nacional,Castilla - La Mancha,Guadalajara,03133 Torrevieja,Turistas,2025M12,259
Total Nacional,Castilla - La Mancha,Guadalajara,03133 Torrevieja,Turistas,2025M11,196
Total Nacional,Castilla - La Mancha,Guadalajara,03133 Torrevieja,Turistas,2025M10,246
Total Nacional,Castilla - La Mancha,Guadalajara,03133 Torrevieja,Turistas,2025M09,598
Total Nacional,Castilla - La Mancha,Guadalajara,03133 Torrevieja,Turistas,2025M08,1.499
Total Nacional,Castilla - La Mancha,Guadalajara,03133 Torrevieja,Turistas,2025M07,1.137
Total Nacional,Castilla - La Mancha,Guadalajara,03133 Torrevieja,Turistas,2025M06,609
Total Nacional,Castilla - La Mancha,Guadalajara,03133 Torrevieja,Turistas,2025M05,542
Total Nacional,Castilla - La Mancha,Guadalajara,03133 Torrevieja,Turistas,2025M04,746
Total Nacional,Castilla - La Mancha,Guadalajara,03133 Torrevieja,Turistas,2025M03,197
Total Nacional,Castilla - La Mancha,Guadalajara,03133 Torrevieja,Turistas,2025M02,228
Total Nacional,Castilla - La Mancha,Guadalajara,03133 Torrevieja,Turistas,2025M01,314
Total Nacional,Castilla - La Mancha,Guadalajara,03133 Torrevieja,Turistas,2024M12,333
Total Nacional,Castilla - La Mancha,Guadalajara,03133 Torrevieja,Turistas,2024M11,289
Total Nacional,Castilla - La Mancha,Guadalajara,03133 Torrevieja,Turistas,2024M10,367
Total Nacional,Castilla - La Mancha,Guadalajara,03133 Torrevieja,Turistas,2024M09,898
Total Nacional,Castilla - La Mancha,Guadalajara,03133 Torrevieja,Turistas,2024M08,1.873
Total Nacional,Castilla - La Mancha,Guadalajara,03133 Torrevieja,Turistas,2024M07,1.603
Total Nacional,Castilla - La Mancha,Guadalajara,03133 Torrevieja,Turistas,2024M06,711
Total Nacional,Castilla - La Mancha,Guadalajara,03133 Torrevieja,Turistas,2024M05,463
Total Nacional,Castilla - La Mancha,Guadalajara,03133 Torrevieja,Turistas,2024M04,510
Total Nacional,Castilla - La Mancha,Guadalajara,03133 Torrevieja,Turistas,2024M03,599
Total Nacional,Castilla - La Mancha,Guadalajara,03133 Torrevieja,Turistas,2024M02,352
Total Nacional,Castilla - La Mancha,Guadalajara,03133 Torrevieja,Turistas,2024M01,191
Total Nacional,Castilla - La Mancha,Guadalajara,03133 Torrevieja,Turistas,2023M12,394
Total Nacional,Castilla - La Mancha,Guadalajara,03133 Torrevieja,Turistas,2023M11,210
Total Nacional,Castilla - La Mancha,Guadalajara,03133 Torrevieja,Turistas,2023M10,438
Total Nacional,Castilla - La Mancha,Guadalajara,03133 Torrevieja,Turistas,2023M09,803
Total Nacional,Castilla - La Mancha,Guadalajara,03133 Torrevieja,Turistas,2023M08,2.048
Total Nacional,Castilla - La Mancha,Guadalajara,03133 Torrevieja,Turistas,2023M07,1.705
Total Nacional,Castilla - La Mancha,Guadalajara,03133 Torrevieja,Turistas,2023M06,399
Total Nacional,Castilla - La Mancha,Guadalajara,03133 Torrevieja,Turistas,2023M05,299
Total Nacional,Castilla - La Mancha,Guadalajara,03133 Torrevieja,Turistas,2023M04,705
Total Nacional,Castilla - La Mancha,Guadalajara,03133 Torrevieja,Turistas,2023M03,274
Total Nacional,Castilla - La Mancha,Guadalajara,03133 Torrevieja,Turistas,2023M02,128
Total Nacional,Castilla - La Mancha,Guadalajara,03133 Torrevieja,Turistas,2023M01,194
Total Nacional,Castilla - La Mancha,Guadalajara,03133 Torrevieja,Turistas,2022M12,306
Total Nacional,Castilla - La Mancha,Guadalajara,03133 Torrevieja,Turistas,2022M11,185
Total Nacional,Castilla - La Mancha,Guadalajara,03133 Torrevieja,Turistas,2022M10,261
Total Nacional,Castilla - La Mancha,Guadalajara,03133 Torrevieja,Turistas,2022M09,704
Total Nacional,Castilla - La Mancha,Guadalajara,03133 Torrevieja,Turistas,2022M08,1.854
Total Nacional,Castilla - La Mancha,Guadalajara,03133 Torrevieja,Turistas,2022M07,1.594
Total Nacional,Castilla - La Mancha,Guadalajara,03133 Torrevieja,Turistas,2022M06,509
Total Nacional,Castilla - La Mancha,Guadalajara,03133 Torrevieja,Turistas,2022M05,370
Total Nacional,Castilla - La Mancha,Guadalajara,03133 Torrevieja,Turistas,2022M04,730
Total Nacional,Castilla - La Mancha,Guadalajara,03133 Torrevieja,Turistas,2022M03,228
Total Nacional,Castilla - La Mancha,Guadalajara,03133 Torrevieja,Turistas,2022M02,207
Total Nacional,Castilla - La Mancha,Guadalajara,03133 Torrevieja,Turistas,2022M01,151
Total Nacional,Castilla - La Mancha,Guadalajara,03133 Torrevieja,Turistas,2021M12,304
Total Nacional,Castilla - La Mancha,Guadalajara,03133 Torrevieja,Turistas,2021M11,215
Total Nacional,Castilla - La Mancha,Guadalajara,03133 Torrevieja,Turistas,2021M10,300
Total Nacional,Castilla - La Mancha,Guadalajara,03133 Torrevieja,Turistas,2021M09,804
Total Nacional,Castilla - La Mancha,Guadalajara,03133 Torrevieja,Turistas,2021M08,2.028
Total Nacional,Castilla - La Mancha,Guadalajara,03133 Torrevieja,Turistas,2021M07,1.514
Total Nacional,Castilla - La Mancha,Guadalajara,03133 Torrevieja,Turistas,2021M06,798
Total Nacional,Castilla - La Mancha,Guadalajara,03133 Torrevieja,Turistas,2021M05,403
Total Nacional,Castilla - La Mancha,Guadalajara,03133 Torrevieja,Turistas,2021M04,78
Total Nacional,Castilla - La Mancha,Guadalajara,03133 Torrevieja,Turistas,2021M03,61
Total Nacional,Castilla - La Mancha,Guadalajara,03133 Torrevieja,Turistas,2021M02,.
Total Nacional,Castilla - La Mancha,Guadalajara,03133 Torrevieja,Turistas,2021M01,.
Total Nacional,Castilla - La Mancha,Guadalajara,03133 Torrevieja,Turistas,2020M12,53
Total Nacional,Castilla - La Mancha,Guadalajara,03133 Torrevieja,Turistas,2020M11,52
Total Nacional,Castilla - La Mancha,Guadalajara,03133 Torrevieja,Turistas,2020M10,312
Total Nacional,Castilla - La Mancha,Guadalajara,03133 Torrevieja,Turistas,2020M09,758
Total Nacional,Castilla - La Mancha,Guadalajara,03133 Torrevieja,Turistas,2020M08,1.759
Total Nacional,Castilla - La Mancha,Guadalajara,03133 Torrevieja,Turistas,2020M07,1.026
Total Nacional,Castilla - La Mancha,Guadalajara,03133 Torrevieja,Turistas,2020M06,156
Total Nacional,Castilla - La Mancha,Guadalajara,03133 Torrevieja,Turistas,2020M05,.
Total Nacional,Castilla - La Mancha,Guadalajara,03133 Torrevieja,Turistas,2020M04,.
Total Nacional,Castilla - La Mancha,Guadalajara,03133 Torrevieja,Turistas,2020M03,245
Total Nacional,Castilla - La Mancha,Guadalajara,03133 Torrevieja,Turistas,2020M02,236
Total Nacional,Castilla - La Mancha,Guadalajara,03133 Torrevieja,Turistas,2020M01,189
Total Nacional,Castilla - La Mancha,Guadalajara,03133 Torrevieja,Turistas,2019M12,280
Total Nacional,Castilla - La Mancha,Guadalajara,03133 Torrevieja,Turistas,2019M11,211
Total Nacional,Castilla - La Mancha,Guadalajara,03133 Torrevieja,Turistas,2019M10,273
Total Nacional,Castilla - La Mancha,Guadalajara,03133 Torrevieja,Turistas,2019M09,736
Total Nacional,Castilla - La Mancha,Guadalajara,03133 Torrevieja,Turistas,2019M08,2.093
Total Nacional,Castilla - La Mancha,Guadalajara,03133 Torrevieja,Turistas,2019M07,1.431
Total Nacional,Castilla - La Mancha,Toledo,03133 Torrevieja,Turistas,2025M12,800
Total Nacional,Castilla - La Mancha,Toledo,03133 Torrevieja,Turistas,2025M11,493
Total Nacional,Castilla - La Mancha,Toledo,03133 Torrevieja,Turistas,2025M10,574
Total Nacional,Castilla - La Mancha,Toledo,03133 Torrevieja,Turistas,2025M09,1.717
Total Nacional,Castilla - La Mancha,Toledo,03133 Torrevieja,Turistas,2025M08,4.945
Total Nacional,Castilla - La Mancha,Toledo,03133 Torrevieja,Turistas,2025M07,3.602
Total Nacional,Castilla - La Mancha,Toledo,03133 Torrevieja,Turistas,2025M06,1.959
Total Nacional,Castilla - La Mancha,Toledo,03133 Torrevieja,Turistas,2025M05,1.188
Total Nacional,Castilla - La Mancha,Toledo,03133 Torrevieja,Turistas,2025M04,1.936
Total Nacional,Castilla - La Mancha,Toledo,03133 Torrevieja,Turistas,2025M03,735
Total Nacional,Castilla - La Mancha,Toledo,03133 Torrevieja,Turistas,2025M02,603
Total Nacional,Castilla - La Mancha,Toledo,03133 Torrevieja,Turistas,2025M01,796
Total Nacional,Castilla - La Mancha,Toledo,03133 Torrevieja,Turistas,2024M12,1.024
Total Nacional,Castilla - La Mancha,Toledo,03133 Torrevieja,Turistas,2024M11,569
Total Nacional,Castilla - La Mancha,Toledo,03133 Torrevieja,Turistas,2024M10,798
Total Nacional,Castilla - La Mancha,Toledo,03133 Torrevieja,Turistas,2024M09,2.536
Total Nacional,Castilla - La Mancha,Toledo,03133 Torrevieja,Turistas,2024M08,6.185
Total Nacional,Castilla - La Mancha,Toledo,03133 Torrevieja,Turistas,2024M07,4.488
Total Nacional,Castilla - La Mancha,Toledo,03133 Torrevieja,Turistas,2024M06,2.453
Total Nacional,Castilla - La Mancha,Toledo,03133 Torrevieja,Turistas,2024M05,1.157
Total Nacional,Castilla - La Mancha,Toledo,03133 Torrevieja,Turistas,2024M04,1.317
Total Nacional,Castilla - La Mancha,Toledo,03133 Torrevieja,Turistas,2024M03,1.654
Total Nacional,Castilla - La Mancha,Toledo,03133 Torrevieja,Turistas,2024M02,671
Total Nacional,Castilla - La Mancha,Toledo,03133 Torrevieja,Turistas,2024M01,676
Total Nacional,Castilla - La Mancha,Toledo,03133 Torrevieja,Turistas,2023M12,1.328
Total Nacional,Castilla - La Mancha,Toledo,03133 Torrevieja,Turistas,2023M11,648
Total Nacional,Castilla - La Mancha,Toledo,03133 Torrevieja,Turistas,2023M10,1.413
Total Nacional,Castilla - La Mancha,Toledo,03133 Torrevieja,Turistas,2023M09,2.075
Total Nacional,Castilla - La Mancha,Toledo,03133 Torrevieja,Turistas,2023M08,6.252
Total Nacional,Castilla - La Mancha,Toledo,03133 Torrevieja,Turistas,2023M07,4.598
Total Nacional,Castilla - La Mancha,Toledo,03133 Torrevieja,Turistas,2023M06,1.467
Total Nacional,Castilla - La Mancha,Toledo,03133 Torrevieja,Turistas,2023M05,1.240
Total Nacional,Castilla - La Mancha,Toledo,03133 Torrevieja,Turistas,2023M04,2.324
Total Nacional,Castilla - La Mancha,Toledo,03133 Torrevieja,Turistas,2023M03,641
Total Nacional,Castilla - La Mancha,Toledo,03133 Torrevieja,Turistas,2023M02,509
Total Nacional,Castilla - La Mancha,Toledo,03133 Torrevieja,Turistas,2023M01,641
Total Nacional,Castilla - La Mancha,Toledo,03133 Torrevieja,Turistas,2022M12,744
Total Nacional,Castilla - La Mancha,Toledo,03133 Torrevieja,Turistas,2022M11,595
Total Nacional,Castilla - La Mancha,Toledo,03133 Torrevieja,Turistas,2022M10,786
Total Nacional,Castilla - La Mancha,Toledo,03133 Torrevieja,Turistas,2022M09,1.993
Total Nacional,Castilla - La Mancha,Toledo,03133 Torrevieja,Turistas,2022M08,5.890
Total Nacional,Castilla - La Mancha,Toledo,03133 Torrevieja,Turistas,2022M07,4.277
Total Nacional,Castilla - La Mancha,Toledo,03133 Torrevieja,Turistas,2022M06,1.648
Total Nacional,Castilla - La Mancha,Toledo,03133 Torrevieja,Turistas,2022M05,1.171
Total Nacional,Castilla - La Mancha,Toledo,03133 Torrevieja,Turistas,2022M04,2.213
Total Nacional,Castilla - La Mancha,Toledo,03133 Torrevieja,Turistas,2022M03,590
Total Nacional,Castilla - La Mancha,Toledo,03133 Torrevieja,Turistas,2022M02,640
Total Nacional,Castilla - La Mancha,Toledo,03133 Torrevieja,Turistas,2022M01,565
Total Nacional,Castilla - La Mancha,Toledo,03133 Torrevieja,Turistas,2021M12,862
Total Nacional,Castilla - La Mancha,Toledo,03133 Torrevieja,Turistas,2021M11,591
Total Nacional,Castilla - La Mancha,Toledo,03133 Torrevieja,Turistas,2021M10,941
Total Nacional,Castilla - La Mancha,Toledo,03133 Torrevieja,Turistas,2021M09,2.115
Total Nacional,Castilla - La Mancha,Toledo,03133 Torrevieja,Turistas,2021M08,6.835
Total Nacional,Castilla - La Mancha,Toledo,03133 Torrevieja,Turistas,2021M07,4.370
Total Nacional,Castilla - La Mancha,Toledo,03133 Torrevieja,Turistas,2021M06,2.332
Total Nacional,Castilla - La Mancha,Toledo,03133 Torrevieja,Turistas,2021M05,1.361
Total Nacional,Castilla - La Mancha,Toledo,03133 Torrevieja,Turistas,2021M04,231
Total Nacional,Castilla - La Mancha,Toledo,03133 Torrevieja,Turistas,2021M03,160
Total Nacional,Castilla - La Mancha,Toledo,03133 Torrevieja,Turistas,2021M02,102
Total Nacional,Castilla - La Mancha,Toledo,03133 Torrevieja,Turistas,2021M01,131
Total Nacional,Castilla - La Mancha,Toledo,03133 Torrevieja,Turistas,2020M12,122
Total Nacional,Castilla - La Mancha,Toledo,03133 Torrevieja,Turistas,2020M11,145
Total Nacional,Castilla - La Mancha,Toledo,03133 Torrevieja,Turistas,2020M10,816
Total Nacional,Castilla - La Mancha,Toledo,03133 Torrevieja,Turistas,2020M09,1.750
Total Nacional,Castilla - La Mancha,Toledo,03133 Torrevieja,Turistas,2020M08,5.014
Total Nacional,Castilla - La Mancha,Toledo,03133 Torrevieja,Turistas,2020M07,3.128
Total Nacional,Castilla - La Mancha,Toledo,03133 Torrevieja,Turistas,2020M06,588
Total Nacional,Castilla - La Mancha,Toledo,03133 Torrevieja,Turistas,2020M05,56
Total Nacional,Castilla - La Mancha,Toledo,03133 Torrevieja,Turistas,2020M04,83
Total Nacional,Castilla - La Mancha,Toledo,03133 Torrevieja,Turistas,2020M03,398
Total Nacional,Castilla - La Mancha,Toledo,03133 Torrevieja,Turistas,2020M02,698
Total Nacional,Castilla - La Mancha,Toledo,03133 Torrevieja,Turistas,2020M01,501
Total Nacional,Castilla - La Mancha,Toledo,03133 Torrevieja,Turistas,2019M12,828
Total Nacional,Castilla - La Mancha,Toledo,03133 Torrevieja,Turistas,2019M11,636
Total Nacional,Castilla - La Mancha,Toledo,03133 Torrevieja,Turistas,2019M10,747
Total Nacional,Castilla - La Mancha,Toledo,03133 Torrevieja,Turistas,2019M09,2.128
Total Nacional,Castilla - La Mancha,Toledo,03133 Torrevieja,Turistas,2019M08,6.319
Total Nacional,Castilla - La Mancha,Toledo,03133 Torrevieja,Turistas,2019M07,4.192
Total Nacional,Castilla y León,,03133 Torrevieja,Turistas,2025M12,823
Total Nacional,Castilla y León,,03133 Torrevieja,Turistas,2025M11,739
Total Nacional,Castilla y León,,03133 Torrevieja,Turistas,2025M10,1.233
Total Nacional,Castilla y León,,03133 Torrevieja,Turistas,2025M09,2.578
Total Nacional,Castilla y León,,03133 Torrevieja,Turistas,2025M08,5.127
Total Nacional,Castilla y León,,03133 Torrevieja,Turistas,2025M07,3.996
Total Nacional,Castilla y León,,03133 Torrevieja,Turistas,2025M06,2.000
Total Nacional,Castilla y León,,03133 Torrevieja,Turistas,2025M05,1.509
Total Nacional,Castilla y León,,03133 Torrevieja,Turistas,2025M04,2.326
Total Nacional,Castilla y León,,03133 Torrevieja,Turistas,2025M03,703
Total Nacional,Castilla y León,,03133 Torrevieja,Turistas,2025M02,685
Total Nacional,Castilla y León,,03133 Torrevieja,Turistas,2025M01,737
Total Nacional,Castilla y León,,03133 Torrevieja,Turistas,2024M12,1.231
Total Nacional,Castilla y León,,03133 Torrevieja,Turistas,2024M11,853
Total Nacional,Castilla y León,,03133 Torrevieja,Turistas,2024M10,1.545
Total Nacional,Castilla y León,,03133 Torrevieja,Turistas,2024M09,3.521
Total Nacional,Castilla y León,,03133 Torrevieja,Turistas,2024M08,6.457
Total Nacional,Castilla y León,,03133 Torrevieja,Turistas,2024M07,4.986
Total Nacional,Castilla y León,,03133 Torrevieja,Turistas,2024M06,2.163
Total Nacional,Castilla y León,,03133 Torrevieja,Turistas,2024M05,1.181
Total Nacional,Castilla y León,,03133 Torrevieja,Turistas,2024M04,1.912
Total Nacional,Castilla y León,,03133 Torrevieja,Turistas,2024M03,1.556
Total Nacional,Castilla y León,,03133 Torrevieja,Turistas,2024M02,637
Total Nacional,Castilla y León,,03133 Torrevieja,Turistas,2024M01,650
Total Nacional,Castilla y León,,03133 Torrevieja,Turistas,2023M12,1.234
Total Nacional,Castilla y León,,03133 Torrevieja,Turistas,2023M11,859
Total Nacional,Castilla y León,,03133 Torrevieja,Turistas,2023M10,1.900
Total Nacional,Castilla y León,,03133 Torrevieja,Turistas,2023M09,3.412
Total Nacional,Castilla y León,,03133 Torrevieja,Turistas,2023M08,6.513
Total Nacional,Castilla y León,,03133 Torrevieja,Turistas,2023M07,5.538
Total Nacional,Castilla y León,,03133 Torrevieja,Turistas,2023M06,1.723
Total Nacional,Castilla y León,,03133 Torrevieja,Turistas,2023M05,1.178
Total Nacional,Castilla y León,,03133 Torrevieja,Turistas,2023M04,2.551
Total Nacional,Castilla y León,,03133 Torrevieja,Turistas,2023M03,668
Total Nacional,Castilla y León,,03133 Torrevieja,Turistas,2023M02,466
Total Nacional,Castilla y León,,03133 Torrevieja,Turistas,2023M01,574
Total Nacional,Castilla y León,,03133 Torrevieja,Turistas,2022M12,1.022
Total Nacional,Castilla y León,,03133 Torrevieja,Turistas,2022M11,871
Total Nacional,Castilla y León,,03133 Torrevieja,Turistas,2022M10,1.475
Total Nacional,Castilla y León,,03133 Torrevieja,Turistas,2022M09,3.205
Total Nacional,Castilla y León,,03133 Torrevieja,Turistas,2022M08,5.978
Total Nacional,Castilla y León,,03133 Torrevieja,Turistas,2022M07,5.087
Total Nacional,Castilla y León,,03133 Torrevieja,Turistas,2022M06,1.891
Total Nacional,Castilla y León,,03133 Torrevieja,Turistas,2022M05,1.241
Total Nacional,Castilla y León,,03133 Torrevieja,Turistas,2022M04,2.574
Total Nacional,Castilla y León,,03133 Torrevieja,Turistas,2022M03,739
Total Nacional,Castilla y León,,03133 Torrevieja,Turistas,2022M02,638
Total Nacional,Castilla y León,,03133 Torrevieja,Turistas,2022M01,634
Total Nacional,Castilla y León,,03133 Torrevieja,Turistas,2021M12,1.201
Total Nacional,Castilla y León,,03133 Torrevieja,Turistas,2021M11,924
Total Nacional,Castilla y León,,03133 Torrevieja,Turistas,2021M10,1.879
Total Nacional,Castilla y León,,03133 Torrevieja,Turistas,2021M09,3.681
Total Nacional,Castilla y León,,03133 Torrevieja,Turistas,2021M08,7.246
Total Nacional,Castilla y León,,03133 Torrevieja,Turistas,2021M07,5.389
Total Nacional,Castilla y León,,03133 Torrevieja,Turistas,2021M06,2.408
Total Nacional,Castilla y León,,03133 Torrevieja,Turistas,2021M05,1.094
Total Nacional,Castilla y León,,03133 Torrevieja,Turistas,2021M04,242
Total Nacional,Castilla y León,,03133 Torrevieja,Turistas,2021M03,217
Total Nacional,Castilla y León,,03133 Torrevieja,Turistas,2021M02,118
Total Nacional,Castilla y León,,03133 Torrevieja,Turistas,2021M01,191
Total Nacional,Castilla y León,,03133 Torrevieja,Turistas,2020M12,192
Total Nacional,Castilla y León,,03133 Torrevieja,Turistas,2020M11,458
Total Nacional,Castilla y León,,03133 Torrevieja,Turistas,2020M10,1.357
Total Nacional,Castilla y León,,03133 Torrevieja,Turistas,2020M09,2.983
Total Nacional,Castilla y León,,03133 Torrevieja,Turistas,2020M08,5.430
Total Nacional,Castilla y León,,03133 Torrevieja,Turistas,2020M07,2.978
Total Nacional,Castilla y León,,03133 Torrevieja,Turistas,2020M06,414
Total Nacional,Castilla y León,,03133 Torrevieja,Turistas,2020M05,64
Total Nacional,Castilla y León,,03133 Torrevieja,Turistas,2020M04,219
Total Nacional,Castilla y León,,03133 Torrevieja,Turistas,2020M03,651
Total Nacional,Castilla y León,,03133 Torrevieja,Turistas,2020M02,696
Total Nacional,Castilla y León,,03133 Torrevieja,Turistas,2020M01,737
Total Nacional,Castilla y León,,03133 Torrevieja,Turistas,2019M12,1.256
Total Nacional,Castilla y León,,03133 Torrevieja,Turistas,2019M11,1.237
Total Nacional,Castilla y León,,03133 Torrevieja,Turistas,2019M10,1.809
Total Nacional,Castilla y León,,03133 Torrevieja,Turistas,2019M09,4.024
Total Nacional,Castilla y León,,03133 Torrevieja,Turistas,2019M08,7.132
Total Nacional,Castilla y León,,03133 Torrevieja,Turistas,2019M07,5.540
Total Nacional,Castilla y León,Ávila,03133 Torrevieja,Turistas,2025M12,64
Total Nacional,Castilla y León,Ávila,03133 Torrevieja,Turistas,2025M11,67
Total Nacional,Castilla y León,Ávila,03133 Torrevieja,Turistas,2025M10,152
Total Nacional,Castilla y León,Ávila,03133 Torrevieja,Turistas,2025M09,182
Total Nacional,Castilla y León,Ávila,03133 Torrevieja,Turistas,2025M08,431
Total Nacional,Castilla y León,Ávila,03133 Torrevieja,Turistas,2025M07,278
Total Nacional,Castilla y León,Ávila,03133 Torrevieja,Turistas,2025M06,182
Total Nacional,Castilla y León,Ávila,03133 Torrevieja,Turistas,2025M05,82
Total Nacional,Castilla y León,Ávila,03133 Torrevieja,Turistas,2025M04,108
Total Nacional,Castilla y León,Ávila,03133 Torrevieja,Turistas,2025M03,96
Total Nacional,Castilla y León,Ávila,03133 Torrevieja,Turistas,2025M02,
Total Nacional,Castilla y León,Ávila,03133 Torrevieja,Turistas,2025M01,76
Total Nacional,Castilla y León,Ávila,03133 Torrevieja,Turistas,2024M12,59
Total Nacional,Castilla y León,Ávila,03133 Torrevieja,Turistas,2024M11,59
Total Nacional,Castilla y León,Ávila,03133 Torrevieja,Turistas,2024M10,149
Total Nacional,Castilla y León,Ávila,03133 Torrevieja,Turistas,2024M09,333
Total Nacional,Castilla y León,Ávila,03133 Torrevieja,Turistas,2024M08,424
Total Nacional,Castilla y León,Ávila,03133 Torrevieja,Turistas,2024M07,350
Total Nacional,Castilla y León,Ávila,03133 Torrevieja,Turistas,2024M06,140
Total Nacional,Castilla y León,Ávila,03133 Torrevieja,Turistas,2024M05,113
Total Nacional,Castilla y León,Ávila,03133 Torrevieja,Turistas,2024M04,73
Total Nacional,Castilla y León,Ávila,03133 Torrevieja,Turistas,2024M03,143
Total Nacional,Castilla y León,Ávila,03133 Torrevieja,Turistas,2024M02,54
Total Nacional,Castilla y León,Ávila,03133 Torrevieja,Turistas,2024M01,68
Total Nacional,Castilla y León,Ávila,03133 Torrevieja,Turistas,2023M12,117
Total Nacional,Castilla y León,Ávila,03133 Torrevieja,Turistas,2023M11,62
Total Nacional,Castilla y León,Ávila,03133 Torrevieja,Turistas,2023M10,192
Total Nacional,Castilla y León,Ávila,03133 Torrevieja,Turistas,2023M09,255
Total Nacional,Castilla y León,Ávila,03133 Torrevieja,Turistas,2023M08,416
Total Nacional,Castilla y León,Ávila,03133 Torrevieja,Turistas,2023M07,489
Total Nacional,Castilla y León,Ávila,03133 Torrevieja,Turistas,2023M06,144
Total Nacional,Castilla y León,Ávila,03133 Torrevieja,Turistas,2023M05,107
Total Nacional,Castilla y León,Ávila,03133 Torrevieja,Turistas,2023M04,254
Total Nacional,Castilla y León,Ávila,03133 Torrevieja,Turistas,2023M03,63
Total Nacional,Castilla y León,Ávila,03133 Torrevieja,Turistas,2023M02,43
Total Nacional,Castilla y León,Ávila,03133 Torrevieja,Turistas,2023M01,50
Total Nacional,Castilla y León,Ávila,03133 Torrevieja,Turistas,2022M12,85
Total Nacional,Castilla y León,Ávila,03133 Torrevieja,Turistas,2022M11,79
Total Nacional,Castilla y León,Ávila,03133 Torrevieja,Turistas,2022M10,134
Total Nacional,Castilla y León,Ávila,03133 Torrevieja,Turistas,2022M09,313
Total Nacional,Castilla y León,Ávila,03133 Torrevieja,Turistas,2022M08,441
Total Nacional,Castilla y León,Ávila,03133 Torrevieja,Turistas,2022M07,383
Total Nacional,Castilla y León,Ávila,03133 Torrevieja,Turistas,2022M06,175
Total Nacional,Castilla y León,Ávila,03133 Torrevieja,Turistas,2022M05,89
Total Nacional,Castilla y León,Ávila,03133 Torrevieja,Turistas,2022M04,185
Total Nacional,Castilla y León,Ávila,03133 Torrevieja,Turistas,2022M03,75
Total Nacional,Castilla y León,Ávila,03133 Torrevieja,Turistas,2022M02,56
Total Nacional,Castilla y León,Ávila,03133 Torrevieja,Turistas,2022M01,61
Total Nacional,Castilla y León,Ávila,03133 Torrevieja,Turistas,2021M12,86
Total Nacional,Castilla y León,Ávila,03133 Torrevieja,Turistas,2021M11,62
Total Nacional,Castilla y León,Ávila,03133 Torrevieja,Turistas,2021M10,158
Total Nacional,Castilla y León,Ávila,03133 Torrevieja,Turistas,2021M09,340
Total Nacional,Castilla y León,Ávila,03133 Torrevieja,Turistas,2021M08,542
Total Nacional,Castilla y León,Ávila,03133 Torrevieja,Turistas,2021M07,400
Total Nacional,Castilla y León,Ávila,03133 Torrevieja,Turistas,2021M06,167
Total Nacional,Castilla y León,Ávila,03133 Torrevieja,Turistas,2021M05,91
Total Nacional,Castilla y León,Ávila,03133 Torrevieja,Turistas,2021M04,
Total Nacional,Castilla y León,Ávila,03133 Torrevieja,Turistas,2021M03,
Total Nacional,Castilla y León,Ávila,03133 Torrevieja,Turistas,2021M02,
Total Nacional,Castilla y León,Ávila,03133 Torrevieja,Turistas,2021M01,.
Total Nacional,Castilla y León,Ávila,03133 Torrevieja,Turistas,2020M12,
Total Nacional,Castilla y León,Ávila,03133 Torrevieja,Turistas,2020M11,43
Total Nacional,Castilla y León,Ávila,03133 Torrevieja,Turistas,2020M10,81
Total Nacional,Castilla y León,Ávila,03133 Torrevieja,Turistas,2020M09,215
Total Nacional,Castilla y León,Ávila,03133 Torrevieja,Turistas,2020M08,410
Total Nacional,Castilla y León,Ávila,03133 Torrevieja,Turistas,2020M07,242
Total Nacional,Castilla y León,Ávila,03133 Torrevieja,Turistas,2020M06,
Total Nacional,Castilla y León,Ávila,03133 Torrevieja,Turistas,2020M05,.
Total Nacional,Castilla y León,Ávila,03133 Torrevieja,Turistas,2020M04,.
Total Nacional,Castilla y León,Ávila,03133 Torrevieja,Turistas,2020M03,57
Total Nacional,Castilla y León,Ávila,03133 Torrevieja,Turistas,2020M02,58
Total Nacional,Castilla y León,Ávila,03133 Torrevieja,Turistas,2020M01,46
Total Nacional,Castilla y León,Ávila,03133 Torrevieja,Turistas,2019M12,63
Total Nacional,Castilla y León,Ávila,03133 Torrevieja,Turistas,2019M11,101
Total Nacional,Castilla y León,Ávila,03133 Torrevieja,Turistas,2019M10,118
Total Nacional,Castilla y León,Ávila,03133 Torrevieja,Turistas,2019M09,382
Total Nacional,Castilla y León,Ávila,03133 Torrevieja,Turistas,2019M08,458
Total Nacional,Castilla y León,Ávila,03133 Torrevieja,Turistas,2019M07,659
Total Nacional,Castilla y León,Burgos,03133 Torrevieja,Turistas,2025M12,128
Total Nacional,Castilla y León,Burgos,03133 Torrevieja,Turistas,2025M11,168
Total Nacional,Castilla y León,Burgos,03133 Torrevieja,Turistas,2025M10,263
Total Nacional,Castilla y León,Burgos,03133 Torrevieja,Turistas,2025M09,469
Total Nacional,Castilla y León,Burgos,03133 Torrevieja,Turistas,2025M08,1.064
Total Nacional,Castilla y León,Burgos,03133 Torrevieja,Turistas,2025M07,775
Total Nacional,Castilla y León,Burgos,03133 Torrevieja,Turistas,2025M06,429
Total Nacional,Castilla y León,Burgos,03133 Torrevieja,Turistas,2025M05,316
Total Nacional,Castilla y León,Burgos,03133 Torrevieja,Turistas,2025M04,528
Total Nacional,Castilla y León,Burgos,03133 Torrevieja,Turistas,2025M03,117
Total Nacional,Castilla y León,Burgos,03133 Torrevieja,Turistas,2025M02,211
Total Nacional,Castilla y León,Burgos,03133 Torrevieja,Turistas,2025M01,125
Total Nacional,Castilla y León,Burgos,03133 Torrevieja,Turistas,2024M12,201
Total Nacional,Castilla y León,Burgos,03133 Torrevieja,Turistas,2024M11,185
Total Nacional,Castilla y León,Burgos,03133 Torrevieja,Turistas,2024M10,347
Total Nacional,Castilla y León,Burgos,03133 Torrevieja,Turistas,2024M09,768
Total Nacional,Castilla y León,Burgos,03133 Torrevieja,Turistas,2024M08,1.327
Total Nacional,Castilla y León,Burgos,03133 Torrevieja,Turistas,2024M07,970
Total Nacional,Castilla y León,Burgos,03133 Torrevieja,Turistas,2024M06,476
Total Nacional,Castilla y León,Burgos,03133 Torrevieja,Turistas,2024M05,264
Total Nacional,Castilla y León,Burgos,03133 Torrevieja,Turistas,2024M04,530
Total Nacional,Castilla y León,Burgos,03133 Torrevieja,Turistas,2024M03,311
Total Nacional,Castilla y León,Burgos,03133 Torrevieja,Turistas,2024M02,91
Total Nacional,Castilla y León,Burgos,03133 Torrevieja,Turistas,2024M01,79
Total Nacional,Castilla y León,Burgos,03133 Torrevieja,Turistas,2023M12,224
Total Nacional,Castilla y León,Burgos,03133 Torrevieja,Turistas,2023M11,191
Total Nacional,Castilla y León,Burgos,03133 Torrevieja,Turistas,2023M10,425
Total Nacional,Castilla y León,Burgos,03133 Torrevieja,Turistas,2023M09,798
Total Nacional,Castilla y León,Burgos,03133 Torrevieja,Turistas,2023M08,1.331
Total Nacional,Castilla y León,Burgos,03133 Torrevieja,Turistas,2023M07,1.047
Total Nacional,Castilla y León,Burgos,03133 Torrevieja,Turistas,2023M06,383
Total Nacional,Castilla y León,Burgos,03133 Torrevieja,Turistas,2023M05,280
Total Nacional,Castilla y León,Burgos,03133 Torrevieja,Turistas,2023M04,570
Total Nacional,Castilla y León,Burgos,03133 Torrevieja,Turistas,2023M03,116
Total Nacional,Castilla y León,Burgos,03133 Torrevieja,Turistas,2023M02,90
Total Nacional,Castilla y León,Burgos,03133 Torrevieja,Turistas,2023M01,98
Total Nacional,Castilla y León,Burgos,03133 Torrevieja,Turistas,2022M12,167
Total Nacional,Castilla y León,Burgos,03133 Torrevieja,Turistas,2022M11,124
Total Nacional,Castilla y León,Burgos,03133 Torrevieja,Turistas,2022M10,308
Total Nacional,Castilla y León,Burgos,03133 Torrevieja,Turistas,2022M09,589
Total Nacional,Castilla y León,Burgos,03133 Torrevieja,Turistas,2022M08,1.261
Total Nacional,Castilla y León,Burgos,03133 Torrevieja,Turistas,2022M07,1.040
Total Nacional,Castilla y León,Burgos,03133 Torrevieja,Turistas,2022M06,347
Total Nacional,Castilla y León,Burgos,03133 Torrevieja,Turistas,2022M05,256
Total Nacional,Castilla y León,Burgos,03133 Torrevieja,Turistas,2022M04,667
Total Nacional,Castilla y León,Burgos,03133 Torrevieja,Turistas,2022M03,131
Total Nacional,Castilla y León,Burgos,03133 Torrevieja,Turistas,2022M02,77
Total Nacional,Castilla y León,Burgos,03133 Torrevieja,Turistas,2022M01,73
Total Nacional,Castilla y León,Burgos,03133 Torrevieja,Turistas,2021M12,230
Total Nacional,Castilla y León,Burgos,03133 Torrevieja,Turistas,2021M11,193
Total Nacional,Castilla y León,Burgos,03133 Torrevieja,Turistas,2021M10,398
Total Nacional,Castilla y León,Burgos,03133 Torrevieja,Turistas,2021M09,773
Total Nacional,Castilla y León,Burgos,03133 Torrevieja,Turistas,2021M08,1.584
Total Nacional,Castilla y León,Burgos,03133 Torrevieja,Turistas,2021M07,1.185
Total Nacional,Castilla y León,Burgos,03133 Torrevieja,Turistas,2021M06,540
Total Nacional,Castilla y León,Burgos,03133 Torrevieja,Turistas,2021M05,205
Total Nacional,Castilla y León,Burgos,03133 Torrevieja,Turistas,2021M04,54
Total Nacional,Castilla y León,Burgos,03133 Torrevieja,Turistas,2021M03,56
Total Nacional,Castilla y León,Burgos,03133 Torrevieja,Turistas,2021M02,35
Total Nacional,Castilla y León,Burgos,03133 Torrevieja,Turistas,2021M01,.
Total Nacional,Castilla y León,Burgos,03133 Torrevieja,Turistas,2020M12,
Total Nacional,Castilla y León,Burgos,03133 Torrevieja,Turistas,2020M11,80
Total Nacional,Castilla y León,Burgos,03133 Torrevieja,Turistas,2020M10,321
Total Nacional,Castilla y León,Burgos,03133 Torrevieja,Turistas,2020M09,628
Total Nacional,Castilla y León,Burgos,03133 Torrevieja,Turistas,2020M08,1.249
Total Nacional,Castilla y León,Burgos,03133 Torrevieja,Turistas,2020M07,663
Total Nacional,Castilla y León,Burgos,03133 Torrevieja,Turistas,2020M06,76
Total Nacional,Castilla y León,Burgos,03133 Torrevieja,Turistas,2020M05,.
Total Nacional,Castilla y León,Burgos,03133 Torrevieja,Turistas,2020M04,33
Total Nacional,Castilla y León,Burgos,03133 Torrevieja,Turistas,2020M03,83
Total Nacional,Castilla y León,Burgos,03133 Torrevieja,Turistas,2020M02,150
Total Nacional,Castilla y León,Burgos,03133 Torrevieja,Turistas,2020M01,111
Total Nacional,Castilla y León,Burgos,03133 Torrevieja,Turistas,2019M12,201
Total Nacional,Castilla y León,Burgos,03133 Torrevieja,Turistas,2019M11,227
Total Nacional,Castilla y León,Burgos,03133 Torrevieja,Turistas,2019M10,474
Total Nacional,Castilla y León,Burgos,03133 Torrevieja,Turistas,2019M09,816
Total Nacional,Castilla y León,Burgos,03133 Torrevieja,Turistas,2019M08,1.502
Total Nacional,Castilla y León,Burgos,03133 Torrevieja,Turistas,2019M07,1.162
Total Nacional,Castilla y León,León,03133 Torrevieja,Turistas,2025M12,134
Total Nacional,Castilla y León,León,03133 Torrevieja,Turistas,2025M11,94
Total Nacional,Castilla y León,León,03133 Torrevieja,Turistas,2025M10,198
Total Nacional,Castilla y León,León,03133 Torrevieja,Turistas,2025M09,364
Total Nacional,Castilla y León,León,03133 Torrevieja,Turistas,2025M08,503
Total Nacional,Castilla y León,León,03133 Torrevieja,Turistas,2025M07,514
Total Nacional,Castilla y León,León,03133 Torrevieja,Turistas,2025M06,280
Total Nacional,Castilla y León,León,03133 Torrevieja,Turistas,2025M05,273
Total Nacional,Castilla y León,León,03133 Torrevieja,Turistas,2025M04,236
Total Nacional,Castilla y León,León,03133 Torrevieja,Turistas,2025M03,63
Total Nacional,Castilla y León,León,03133 Torrevieja,Turistas,2025M02,67
Total Nacional,Castilla y León,León,03133 Torrevieja,Turistas,2025M01,94
Total Nacional,Castilla y León,León,03133 Torrevieja,Turistas,2024M12,211
Total Nacional,Castilla y León,León,03133 Torrevieja,Turistas,2024M11,101
Total Nacional,Castilla y León,León,03133 Torrevieja,Turistas,2024M10,255
Total Nacional,Castilla y León,León,03133 Torrevieja,Turistas,2024M09,488
Total Nacional,Castilla y León,León,03133 Torrevieja,Turistas,2024M08,641
Total Nacional,Castilla y León,León,03133 Torrevieja,Turistas,2024M07,471
Total Nacional,Castilla y León,León,03133 Torrevieja,Turistas,2024M06,405
Total Nacional,Castilla y León,León,03133 Torrevieja,Turistas,2024M05,196
Total Nacional,Castilla y León,León,03133 Torrevieja,Turistas,2024M04,148
Total Nacional,Castilla y León,León,03133 Torrevieja,Turistas,2024M03,147
Total Nacional,Castilla y León,León,03133 Torrevieja,Turistas,2024M02,71
Total Nacional,Castilla y León,León,03133 Torrevieja,Turistas,2024M01,133
Total Nacional,Castilla y León,León,03133 Torrevieja,Turistas,2023M12,132
Total Nacional,Castilla y León,León,03133 Torrevieja,Turistas,2023M11,125
Total Nacional,Castilla y León,León,03133 Torrevieja,Turistas,2023M10,277
Total Nacional,Castilla y León,León,03133 Torrevieja,Turistas,2023M09,476
Total Nacional,Castilla y León,León,03133 Torrevieja,Turistas,2023M08,742
Total Nacional,Castilla y León,León,03133 Torrevieja,Turistas,2023M07,674
Total Nacional,Castilla y León,León,03133 Torrevieja,Turistas,2023M06,207
Total Nacional,Castilla y León,León,03133 Torrevieja,Turistas,2023M05,120
Total Nacional,Castilla y León,León,03133 Torrevieja,Turistas,2023M04,207
Total Nacional,Castilla y León,León,03133 Torrevieja,Turistas,2023M03,89
Total Nacional,Castilla y León,León,03133 Torrevieja,Turistas,2023M02,69
Total Nacional,Castilla y León,León,03133 Torrevieja,Turistas,2023M01,86
Total Nacional,Castilla y León,León,03133 Torrevieja,Turistas,2022M12,128
Total Nacional,Castilla y León,León,03133 Torrevieja,Turistas,2022M11,170
Total Nacional,Castilla y León,León,03133 Torrevieja,Turistas,2022M10,230
Total Nacional,Castilla y León,León,03133 Torrevieja,Turistas,2022M09,453
Total Nacional,Castilla y León,León,03133 Torrevieja,Turistas,2022M08,566
Total Nacional,Castilla y León,León,03133 Torrevieja,Turistas,2022M07,563
Total Nacional,Castilla y León,León,03133 Torrevieja,Turistas,2022M06,236
Total Nacional,Castilla y León,León,03133 Torrevieja,Turistas,2022M05,100
Total Nacional,Castilla y León,León,03133 Torrevieja,Turistas,2022M04,208
Total Nacional,Castilla y León,León,03133 Torrevieja,Turistas,2022M03,133
Total Nacional,Castilla y León,León,03133 Torrevieja,Turistas,2022M02,109
Total Nacional,Castilla y León,León,03133 Torrevieja,Turistas,2022M01,91
Total Nacional,Castilla y León,León,03133 Torrevieja,Turistas,2021M12,147
Total Nacional,Castilla y León,León,03133 Torrevieja,Turistas,2021M11,167
Total Nacional,Castilla y León,León,03133 Torrevieja,Turistas,2021M10,276
Total Nacional,Castilla y León,León,03133 Torrevieja,Turistas,2021M09,485
Total Nacional,Castilla y León,León,03133 Torrevieja,Turistas,2021M08,751
Total Nacional,Castilla y León,León,03133 Torrevieja,Turistas,2021M07,630
Total Nacional,Castilla y León,León,03133 Torrevieja,Turistas,2021M06,334
Total Nacional,Castilla y León,León,03133 Torrevieja,Turistas,2021M05,97
Total Nacional,Castilla y León,León,03133 Torrevieja,Turistas,2021M04,30
Total Nacional,Castilla y León,León,03133 Torrevieja,Turistas,2021M03,33
Total Nacional,Castilla y León,León,03133 Torrevieja,Turistas,2021M02,.
Total Nacional,Castilla y León,León,03133 Torrevieja,Turistas,2021M01,32
Total Nacional,Castilla y León,León,03133 Torrevieja,Turistas,2020M12,
Total Nacional,Castilla y León,León,03133 Torrevieja,Turistas,2020M11,64
Total Nacional,Castilla y León,León,03133 Torrevieja,Turistas,2020M10,221
Total Nacional,Castilla y León,León,03133 Torrevieja,Turistas,2020M09,377
Total Nacional,Castilla y León,León,03133 Torrevieja,Turistas,2020M08,439
Total Nacional,Castilla y León,León,03133 Torrevieja,Turistas,2020M07,329
Total Nacional,Castilla y León,León,03133 Torrevieja,Turistas,2020M06,48
Total Nacional,Castilla y León,León,03133 Torrevieja,Turistas,2020M05,.
Total Nacional,Castilla y León,León,03133 Torrevieja,Turistas,2020M04,.
Total Nacional,Castilla y León,León,03133 Torrevieja,Turistas,2020M03,133
Total Nacional,Castilla y León,León,03133 Torrevieja,Turistas,2020M02,91
Total Nacional,Castilla y León,León,03133 Torrevieja,Turistas,2020M01,134
Total Nacional,Castilla y León,León,03133 Torrevieja,Turistas,2019M12,232
Total Nacional,Castilla y León,León,03133 Torrevieja,Turistas,2019M11,213
Total Nacional,Castilla y León,León,03133 Torrevieja,Turistas,2019M10,302
Total Nacional,Castilla y León,León,03133 Torrevieja,Turistas,2019M09,555
Total Nacional,Castilla y León,León,03133 Torrevieja,Turistas,2019M08,774
Total Nacional,Castilla y León,León,03133 Torrevieja,Turistas,2019M07,691
Total Nacional,Castilla y León,Palencia,03133 Torrevieja,Turistas,2025M12,59
Total Nacional,Castilla y León,Palencia,03133 Torrevieja,Turistas,2025M11,
Total Nacional,Castilla y León,Palencia,03133 Torrevieja,Turistas,2025M10,35
Total Nacional,Castilla y León,Palencia,03133 Torrevieja,Turistas,2025M09,107
Total Nacional,Castilla y León,Palencia,03133 Torrevieja,Turistas,2025M08,236
Total Nacional,Castilla y León,Palencia,03133 Torrevieja,Turistas,2025M07,111
Total Nacional,Castilla y León,Palencia,03133 Torrevieja,Turistas,2025M06,94
Total Nacional,Castilla y León,Palencia,03133 Torrevieja,Turistas,2025M05,88
Total Nacional,Castilla y León,Palencia,03133 Torrevieja,Turistas,2025M04,106
Total Nacional,Castilla y León,Palencia,03133 Torrevieja,Turistas,2025M03,
Total Nacional,Castilla y León,Palencia,03133 Torrevieja,Turistas,2025M02,
Total Nacional,Castilla y León,Palencia,03133 Torrevieja,Turistas,2025M01,30
Total Nacional,Castilla y León,Palencia,03133 Torrevieja,Turistas,2024M12,91
Total Nacional,Castilla y León,Palencia,03133 Torrevieja,Turistas,2024M11,41
Total Nacional,Castilla y León,Palencia,03133 Torrevieja,Turistas,2024M10,72
Total Nacional,Castilla y León,Palencia,03133 Torrevieja,Turistas,2024M09,151
Total Nacional,Castilla y León,Palencia,03133 Torrevieja,Turistas,2024M08,260
Total Nacional,Castilla y León,Palencia,03133 Torrevieja,Turistas,2024M07,188
Total Nacional,Castilla y León,Palencia,03133 Torrevieja,Turistas,2024M06,100
Total Nacional,Castilla y León,Palencia,03133 Torrevieja,Turistas,2024M05,62
Total Nacional,Castilla y León,Palencia,03133 Torrevieja,Turistas,2024M04,47
Total Nacional,Castilla y León,Palencia,03133 Torrevieja,Turistas,2024M03,67
Total Nacional,Castilla y León,Palencia,03133 Torrevieja,Turistas,2024M02,36
Total Nacional,Castilla y León,Palencia,03133 Torrevieja,Turistas,2024M01,34
Total Nacional,Castilla y León,Palencia,03133 Torrevieja,Turistas,2023M12,77
Total Nacional,Castilla y León,Palencia,03133 Torrevieja,Turistas,2023M11,34
Total Nacional,Castilla y León,Palencia,03133 Torrevieja,Turistas,2023M10,62
Total Nacional,Castilla y León,Palencia,03133 Torrevieja,Turistas,2023M09,152
Total Nacional,Castilla y León,Palencia,03133 Torrevieja,Turistas,2023M08,322
Total Nacional,Castilla y León,Palencia,03133 Torrevieja,Turistas,2023M07,204
Total Nacional,Castilla y León,Palencia,03133 Torrevieja,Turistas,2023M06,78
Total Nacional,Castilla y León,Palencia,03133 Torrevieja,Turistas,2023M05,36
Total Nacional,Castilla y León,Palencia,03133 Torrevieja,Turistas,2023M04,108
Total Nacional,Castilla y León,Palencia,03133 Torrevieja,Turistas,2023M03,37
Total Nacional,Castilla y León,Palencia,03133 Torrevieja,Turistas,2023M02,
Total Nacional,Castilla y León,Palencia,03133 Torrevieja,Turistas,2023M01,
Total Nacional,Castilla y León,Palencia,03133 Torrevieja,Turistas,2022M12,65
Total Nacional,Castilla y León,Palencia,03133 Torrevieja,Turistas,2022M11,60
Total Nacional,Castilla y León,Palencia,03133 Torrevieja,Turistas,2022M10,96
Total Nacional,Castilla y León,Palencia,03133 Torrevieja,Turistas,2022M09,113
Total Nacional,Castilla y León,Palencia,03133 Torrevieja,Turistas,2022M08,246
Total Nacional,Castilla y León,Palencia,03133 Torrevieja,Turistas,2022M07,187
Total Nacional,Castilla y León,Palencia,03133 Torrevieja,Turistas,2022M06,70
Total Nacional,Castilla y León,Palencia,03133 Torrevieja,Turistas,2022M05,60
Total Nacional,Castilla y León,Palencia,03133 Torrevieja,Turistas,2022M04,97
Total Nacional,Castilla y León,Palencia,03133 Torrevieja,Turistas,2022M03,
Total Nacional,Castilla y León,Palencia,03133 Torrevieja,Turistas,2022M02,.
Total Nacional,Castilla y León,Palencia,03133 Torrevieja,Turistas,2022M01,.
Total Nacional,Castilla y León,Palencia,03133 Torrevieja,Turistas,2021M12,67
Total Nacional,Castilla y León,Palencia,03133 Torrevieja,Turistas,2021M11,65
Total Nacional,Castilla y León,Palencia,03133 Torrevieja,Turistas,2021M10,82
Total Nacional,Castilla y León,Palencia,03133 Torrevieja,Turistas,2021M09,161
Total Nacional,Castilla y León,Palencia,03133 Torrevieja,Turistas,2021M08,290
Total Nacional,Castilla y León,Palencia,03133 Torrevieja,Turistas,2021M07,200
Total Nacional,Castilla y León,Palencia,03133 Torrevieja,Turistas,2021M06,73
Total Nacional,Castilla y León,Palencia,03133 Torrevieja,Turistas,2021M05,34
Total Nacional,Castilla y León,Palencia,03133 Torrevieja,Turistas,2021M04,
Total Nacional,Castilla y León,Palencia,03133 Torrevieja,Turistas,2021M03,
Total Nacional,Castilla y León,Palencia,03133 Torrevieja,Turistas,2021M02,
Total Nacional,Castilla y León,Palencia,03133 Torrevieja,Turistas,2021M01,
Total Nacional,Castilla y León,Palencia,03133 Torrevieja,Turistas,2020M12,
Total Nacional,Castilla y León,Palencia,03133 Torrevieja,Turistas,2020M11,51
Total Nacional,Castilla y León,Palencia,03133 Torrevieja,Turistas,2020M10,46
Total Nacional,Castilla y León,Palencia,03133 Torrevieja,Turistas,2020M09,159
Total Nacional,Castilla y León,Palencia,03133 Torrevieja,Turistas,2020M08,169
Total Nacional,Castilla y León,Palencia,03133 Torrevieja,Turistas,2020M07,114
Total Nacional,Castilla y León,Palencia,03133 Torrevieja,Turistas,2020M06,
Total Nacional,Castilla y León,Palencia,03133 Torrevieja,Turistas,2020M05,.
Total Nacional,Castilla y León,Palencia,03133 Torrevieja,Turistas,2020M04,.
Total Nacional,Castilla y León,Palencia,03133 Torrevieja,Turistas,2020M03,43
Total Nacional,Castilla y León,Palencia,03133 Torrevieja,Turistas,2020M02,.
Total Nacional,Castilla y León,Palencia,03133 Torrevieja,Turistas,2020M01,55
Total Nacional,Castilla y León,Palencia,03133 Torrevieja,Turistas,2019M12,89
Total Nacional,Castilla y León,Palencia,03133 Torrevieja,Turistas,2019M11,62
Total Nacional,Castilla y León,Palencia,03133 Torrevieja,Turistas,2019M10,88
Total Nacional,Castilla y León,Palencia,03133 Torrevieja,Turistas,2019M09,156
Total Nacional,Castilla y León,Palencia,03133 Torrevieja,Turistas,2019M08,267
Total Nacional,Castilla y León,Palencia,03133 Torrevieja,Turistas,2019M07,154
Total Nacional,Castilla y León,Salamanca,03133 Torrevieja,Turistas,2025M12,96
Total Nacional,Castilla y León,Salamanca,03133 Torrevieja,Turistas,2025M11,84
Total Nacional,Castilla y León,Salamanca,03133 Torrevieja,Turistas,2025M10,136
Total Nacional,Castilla y León,Salamanca,03133 Torrevieja,Turistas,2025M09,294
Total Nacional,Castilla y León,Salamanca,03133 Torrevieja,Turistas,2025M08,547
Total Nacional,Castilla y León,Salamanca,03133 Torrevieja,Turistas,2025M07,490
Total Nacional,Castilla y León,Salamanca,03133 Torrevieja,Turistas,2025M06,281
Total Nacional,Castilla y León,Salamanca,03133 Torrevieja,Turistas,2025M05,120
Total Nacional,Castilla y León,Salamanca,03133 Torrevieja,Turistas,2025M04,309
Total Nacional,Castilla y León,Salamanca,03133 Torrevieja,Turistas,2025M03,80
Total Nacional,Castilla y León,Salamanca,03133 Torrevieja,Turistas,2025M02,105
Total Nacional,Castilla y León,Salamanca,03133 Torrevieja,Turistas,2025M01,47
Total Nacional,Castilla y León,Salamanca,03133 Torrevieja,Turistas,2024M12,105
Total Nacional,Castilla y León,Salamanca,03133 Torrevieja,Turistas,2024M11,126
Total Nacional,Castilla y León,Salamanca,03133 Torrevieja,Turistas,2024M10,170
Total Nacional,Castilla y León,Salamanca,03133 Torrevieja,Turistas,2024M09,281
Total Nacional,Castilla y León,Salamanca,03133 Torrevieja,Turistas,2024M08,661
Total Nacional,Castilla y León,Salamanca,03133 Torrevieja,Turistas,2024M07,544
Total Nacional,Castilla y León,Salamanca,03133 Torrevieja,Turistas,2024M06,173
Total Nacional,Castilla y León,Salamanca,03133 Torrevieja,Turistas,2024M05,112
Total Nacional,Castilla y León,Salamanca,03133 Torrevieja,Turistas,2024M04,182
Total Nacional,Castilla y León,Salamanca,03133 Torrevieja,Turistas,2024M03,158
Total Nacional,Castilla y León,Salamanca,03133 Torrevieja,Turistas,2024M02,58
Total Nacional,Castilla y León,Salamanca,03133 Torrevieja,Turistas,2024M01,34
Total Nacional,Castilla y León,Salamanca,03133 Torrevieja,Turistas,2023M12,125
Total Nacional,Castilla y León,Salamanca,03133 Torrevieja,Turistas,2023M11,125
Total Nacional,Castilla y León,Salamanca,03133 Torrevieja,Turistas,2023M10,192
Total Nacional,Castilla y León,Salamanca,03133 Torrevieja,Turistas,2023M09,260
Total Nacional,Castilla y León,Salamanca,03133 Torrevieja,Turistas,2023M08,732
Total Nacional,Castilla y León,Salamanca,03133 Torrevieja,Turistas,2023M07,534
Total Nacional,Castilla y León,Salamanca,03133 Torrevieja,Turistas,2023M06,195
Total Nacional,Castilla y León,Salamanca,03133 Torrevieja,Turistas,2023M05,171
Total Nacional,Castilla y León,Salamanca,03133 Torrevieja,Turistas,2023M04,293
Total Nacional,Castilla y León,Salamanca,03133 Torrevieja,Turistas,2023M03,45
Total Nacional,Castilla y León,Salamanca,03133 Torrevieja,Turistas,2023M02,59
Total Nacional,Castilla y León,Salamanca,03133 Torrevieja,Turistas,2023M01,51
Total Nacional,Castilla y León,Salamanca,03133 Torrevieja,Turistas,2022M12,121
Total Nacional,Castilla y León,Salamanca,03133 Torrevieja,Turistas,2022M11,94
Total Nacional,Castilla y León,Salamanca,03133 Torrevieja,Turistas,2022M10,140
Total Nacional,Castilla y León,Salamanca,03133 Torrevieja,Turistas,2022M09,317
Total Nacional,Castilla y León,Salamanca,03133 Torrevieja,Turistas,2022M08,537
Total Nacional,Castilla y León,Salamanca,03133 Torrevieja,Turistas,2022M07,620
Total Nacional,Castilla y León,Salamanca,03133 Torrevieja,Turistas,2022M06,244
Total Nacional,Castilla y León,Salamanca,03133 Torrevieja,Turistas,2022M05,121
Total Nacional,Castilla y León,Salamanca,03133 Torrevieja,Turistas,2022M04,245
Total Nacional,Castilla y León,Salamanca,03133 Torrevieja,Turistas,2022M03,88
Total Nacional,Castilla y León,Salamanca,03133 Torrevieja,Turistas,2022M02,70
Total Nacional,Castilla y León,Salamanca,03133 Torrevieja,Turistas,2022M01,77
Total Nacional,Castilla y León,Salamanca,03133 Torrevieja,Turistas,2021M12,121
Total Nacional,Castilla y León,Salamanca,03133 Torrevieja,Turistas,2021M11,94
Total Nacional,Castilla y León,Salamanca,03133 Torrevieja,Turistas,2021M10,196
Total Nacional,Castilla y León,Salamanca,03133 Torrevieja,Turistas,2021M09,315
Total Nacional,Castilla y León,Salamanca,03133 Torrevieja,Turistas,2021M08,720
Total Nacional,Castilla y León,Salamanca,03133 Torrevieja,Turistas,2021M07,515
Total Nacional,Castilla y León,Salamanca,03133 Torrevieja,Turistas,2021M06,206
Total Nacional,Castilla y León,Salamanca,03133 Torrevieja,Turistas,2021M05,66
Total Nacional,Castilla y León,Salamanca,03133 Torrevieja,Turistas,2021M04,36
Total Nacional,Castilla y León,Salamanca,03133 Torrevieja,Turistas,2021M03,
Total Nacional,Castilla y León,Salamanca,03133 Torrevieja,Turistas,2021M02,.
Total Nacional,Castilla y León,Salamanca,03133 Torrevieja,Turistas,2021M01,.
Total Nacional,Castilla y León,Salamanca,03133 Torrevieja,Turistas,2020M12,
Total Nacional,Castilla y León,Salamanca,03133 Torrevieja,Turistas,2020M11,42
Total Nacional,Castilla y León,Salamanca,03133 Torrevieja,Turistas,2020M10,134
Total Nacional,Castilla y León,Salamanca,03133 Torrevieja,Turistas,2020M09,214
Total Nacional,Castilla y León,Salamanca,03133 Torrevieja,Turistas,2020M08,596
Total Nacional,Castilla y León,Salamanca,03133 Torrevieja,Turistas,2020M07,257
Total Nacional,Castilla y León,Salamanca,03133 Torrevieja,Turistas,2020M06,51
Total Nacional,Castilla y León,Salamanca,03133 Torrevieja,Turistas,2020M05,.
Total Nacional,Castilla y León,Salamanca,03133 Torrevieja,Turistas,2020M04,35
Total Nacional,Castilla y León,Salamanca,03133 Torrevieja,Turistas,2020M03,70
Total Nacional,Castilla y León,Salamanca,03133 Torrevieja,Turistas,2020M02,61
Total Nacional,Castilla y León,Salamanca,03133 Torrevieja,Turistas,2020M01,69
Total Nacional,Castilla y León,Salamanca,03133 Torrevieja,Turistas,2019M12,193
Total Nacional,Castilla y León,Salamanca,03133 Torrevieja,Turistas,2019M11,131
Total Nacional,Castilla y León,Salamanca,03133 Torrevieja,Turistas,2019M10,122
Total Nacional,Castilla y León,Salamanca,03133 Torrevieja,Turistas,2019M09,455
Total Nacional,Castilla y León,Salamanca,03133 Torrevieja,Turistas,2019M08,813
Total Nacional,Castilla y León,Salamanca,03133 Torrevieja,Turistas,2019M07,597
Total Nacional,Castilla y León,Segovia,03133 Torrevieja,Turistas,2025M12,60
Total Nacional,Castilla y León,Segovia,03133 Torrevieja,Turistas,2025M11,50
Total Nacional,Castilla y León,Segovia,03133 Torrevieja,Turistas,2025M10,142
Total Nacional,Castilla y León,Segovia,03133 Torrevieja,Turistas,2025M09,418
Total Nacional,Castilla y León,Segovia,03133 Torrevieja,Turistas,2025M08,577
Total Nacional,Castilla y León,Segovia,03133 Torrevieja,Turistas,2025M07,527
Total Nacional,Castilla y León,Segovia,03133 Torrevieja,Turistas,2025M06,198
Total Nacional,Castilla y León,Segovia,03133 Torrevieja,Turistas,2025M05,101
Total Nacional,Castilla y León,Segovia,03133 Torrevieja,Turistas,2025M04,280
Total Nacional,Castilla y León,Segovia,03133 Torrevieja,Turistas,2025M03,80
Total Nacional,Castilla y León,Segovia,03133 Torrevieja,Turistas,2025M02,60
Total Nacional,Castilla y León,Segovia,03133 Torrevieja,Turistas,2025M01,85
Total Nacional,Castilla y León,Segovia,03133 Torrevieja,Turistas,2024M12,120
Total Nacional,Castilla y León,Segovia,03133 Torrevieja,Turistas,2024M11,98
Total Nacional,Castilla y León,Segovia,03133 Torrevieja,Turistas,2024M10,154
Total Nacional,Castilla y León,Segovia,03133 Torrevieja,Turistas,2024M09,526
Total Nacional,Castilla y León,Segovia,03133 Torrevieja,Turistas,2024M08,885
Total Nacional,Castilla y León,Segovia,03133 Torrevieja,Turistas,2024M07,622
Total Nacional,Castilla y León,Segovia,03133 Torrevieja,Turistas,2024M06,285
Total Nacional,Castilla y León,Segovia,03133 Torrevieja,Turistas,2024M05,121
Total Nacional,Castilla y León,Segovia,03133 Torrevieja,Turistas,2024M04,242
Total Nacional,Castilla y León,Segovia,03133 Torrevieja,Turistas,2024M03,184
Total Nacional,Castilla y León,Segovia,03133 Torrevieja,Turistas,2024M02,165
Total Nacional,Castilla y León,Segovia,03133 Torrevieja,Turistas,2024M01,94
Total Nacional,Castilla y León,Segovia,03133 Torrevieja,Turistas,2023M12,191
Total Nacional,Castilla y León,Segovia,03133 Torrevieja,Turistas,2023M11,75
Total Nacional,Castilla y León,Segovia,03133 Torrevieja,Turistas,2023M10,222
Total Nacional,Castilla y León,Segovia,03133 Torrevieja,Turistas,2023M09,459
Total Nacional,Castilla y León,Segovia,03133 Torrevieja,Turistas,2023M08,668
Total Nacional,Castilla y León,Segovia,03133 Torrevieja,Turistas,2023M07,723
Total Nacional,Castilla y León,Segovia,03133 Torrevieja,Turistas,2023M06,268
Total Nacional,Castilla y León,Segovia,03133 Torrevieja,Turistas,2023M05,148
Total Nacional,Castilla y León,Segovia,03133 Torrevieja,Turistas,2023M04,277
Total Nacional,Castilla y León,Segovia,03133 Torrevieja,Turistas,2023M03,74
Total Nacional,Castilla y León,Segovia,03133 Torrevieja,Turistas,2023M02,67
Total Nacional,Castilla y León,Segovia,03133 Torrevieja,Turistas,2023M01,78
Total Nacional,Castilla y León,Segovia,03133 Torrevieja,Turistas,2022M12,82
Total Nacional,Castilla y León,Segovia,03133 Torrevieja,Turistas,2022M11,92
Total Nacional,Castilla y León,Segovia,03133 Torrevieja,Turistas,2022M10,170
Total Nacional,Castilla y León,Segovia,03133 Torrevieja,Turistas,2022M09,372
Total Nacional,Castilla y León,Segovia,03133 Torrevieja,Turistas,2022M08,663
Total Nacional,Castilla y León,Segovia,03133 Torrevieja,Turistas,2022M07,573
Total Nacional,Castilla y León,Segovia,03133 Torrevieja,Turistas,2022M06,275
Total Nacional,Castilla y León,Segovia,03133 Torrevieja,Turistas,2022M05,229
Total Nacional,Castilla y León,Segovia,03133 Torrevieja,Turistas,2022M04,290
Total Nacional,Castilla y León,Segovia,03133 Torrevieja,Turistas,2022M03,69
Total Nacional,Castilla y León,Segovia,03133 Torrevieja,Turistas,2022M02,72
Total Nacional,Castilla y León,Segovia,03133 Torrevieja,Turistas,2022M01,110
Total Nacional,Castilla y León,Segovia,03133 Torrevieja,Turistas,2021M12,118
Total Nacional,Castilla y León,Segovia,03133 Torrevieja,Turistas,2021M11,80
Total Nacional,Castilla y León,Segovia,03133 Torrevieja,Turistas,2021M10,177
Total Nacional,Castilla y León,Segovia,03133 Torrevieja,Turistas,2021M09,459
Total Nacional,Castilla y León,Segovia,03133 Torrevieja,Turistas,2021M08,761
Total Nacional,Castilla y León,Segovia,03133 Torrevieja,Turistas,2021M07,593
Total Nacional,Castilla y León,Segovia,03133 Torrevieja,Turistas,2021M06,296
Total Nacional,Castilla y León,Segovia,03133 Torrevieja,Turistas,2021M05,149
Total Nacional,Castilla y León,Segovia,03133 Torrevieja,Turistas,2021M04,
Total Nacional,Castilla y León,Segovia,03133 Torrevieja,Turistas,2021M03,
Total Nacional,Castilla y León,Segovia,03133 Torrevieja,Turistas,2021M02,.
Total Nacional,Castilla y León,Segovia,03133 Torrevieja,Turistas,2021M01,48
Total Nacional,Castilla y León,Segovia,03133 Torrevieja,Turistas,2020M12,
Total Nacional,Castilla y León,Segovia,03133 Torrevieja,Turistas,2020M11,40
Total Nacional,Castilla y León,Segovia,03133 Torrevieja,Turistas,2020M10,150
Total Nacional,Castilla y León,Segovia,03133 Torrevieja,Turistas,2020M09,408
Total Nacional,Castilla y León,Segovia,03133 Torrevieja,Turistas,2020M08,622
Total Nacional,Castilla y León,Segovia,03133 Torrevieja,Turistas,2020M07,394
Total Nacional,Castilla y León,Segovia,03133 Torrevieja,Turistas,2020M06,49
Total Nacional,Castilla y León,Segovia,03133 Torrevieja,Turistas,2020M05,
Total Nacional,Castilla y León,Segovia,03133 Torrevieja,Turistas,2020M04,.
Total Nacional,Castilla y León,Segovia,03133 Torrevieja,Turistas,2020M03,51
Total Nacional,Castilla y León,Segovia,03133 Torrevieja,Turistas,2020M02,77
Total Nacional,Castilla y León,Segovia,03133 Torrevieja,Turistas,2020M01,76
Total Nacional,Castilla y León,Segovia,03133 Torrevieja,Turistas,2019M12,106
Total Nacional,Castilla y León,Segovia,03133 Torrevieja,Turistas,2019M11,145
Total Nacional,Castilla y León,Segovia,03133 Torrevieja,Turistas,2019M10,160
Total Nacional,Castilla y León,Segovia,03133 Torrevieja,Turistas,2019M09,520
Total Nacional,Castilla y León,Segovia,03133 Torrevieja,Turistas,2019M08,682
Total Nacional,Castilla y León,Segovia,03133 Torrevieja,Turistas,2019M07,513
Total Nacional,Castilla y León,Soria,03133 Torrevieja,Turistas,2025M12,
Total Nacional,Castilla y León,Soria,03133 Torrevieja,Turistas,2025M11,
Total Nacional,Castilla y León,Soria,03133 Torrevieja,Turistas,2025M10,
Total Nacional,Castilla y León,Soria,03133 Torrevieja,Turistas,2025M09,51
Total Nacional,Castilla y León,Soria,03133 Torrevieja,Turistas,2025M08,58
Total Nacional,Castilla y León,Soria,03133 Torrevieja,Turistas,2025M07,92
Total Nacional,Castilla y León,Soria,03133 Torrevieja,Turistas,2025M06,42
Total Nacional,Castilla y León,Soria,03133 Torrevieja,Turistas,2025M05,
Total Nacional,Castilla y León,Soria,03133 Torrevieja,Turistas,2025M04,35
Total Nacional,Castilla y León,Soria,03133 Torrevieja,Turistas,2025M03,
Total Nacional,Castilla y León,Soria,03133 Torrevieja,Turistas,2025M02,
Total Nacional,Castilla y León,Soria,03133 Torrevieja,Turistas,2025M01,
Total Nacional,Castilla y León,Soria,03133 Torrevieja,Turistas,2024M12,
Total Nacional,Castilla y León,Soria,03133 Torrevieja,Turistas,2024M11,
Total Nacional,Castilla y León,Soria,03133 Torrevieja,Turistas,2024M10,
Total Nacional,Castilla y León,Soria,03133 Torrevieja,Turistas,2024M09,77
Total Nacional,Castilla y León,Soria,03133 Torrevieja,Turistas,2024M08,96
Total Nacional,Castilla y León,Soria,03133 Torrevieja,Turistas,2024M07,89
Total Nacional,Castilla y León,Soria,03133 Torrevieja,Turistas,2024M06,33
Total Nacional,Castilla y León,Soria,03133 Torrevieja,Turistas,2024M05,
Total Nacional,Castilla y León,Soria,03133 Torrevieja,Turistas,2024M04,
Total Nacional,Castilla y León,Soria,03133 Torrevieja,Turistas,2024M03,
Total Nacional,Castilla y León,Soria,03133 Torrevieja,Turistas,2024M02,
Total Nacional,Castilla y León,Soria,03133 Torrevieja,Turistas,2024M01,
Total Nacional,Castilla y León,Soria,03133 Torrevieja,Turistas,2023M12,
Total Nacional,Castilla y León,Soria,03133 Torrevieja,Turistas,2023M11,
Total Nacional,Castilla y León,Soria,03133 Torrevieja,Turistas,2023M10,
Total Nacional,Castilla y León,Soria,03133 Torrevieja,Turistas,2023M09,96
Total Nacional,Castilla y León,Soria,03133 Torrevieja,Turistas,2023M08,138
Total Nacional,Castilla y León,Soria,03133 Torrevieja,Turistas,2023M07,87
Total Nacional,Castilla y León,Soria,03133 Torrevieja,Turistas,2023M06,
Total Nacional,Castilla y León,Soria,03133 Torrevieja,Turistas,2023M05,
Total Nacional,Castilla y León,Soria,03133 Torrevieja,Turistas,2023M04,65
Total Nacional,Castilla y León,Soria,03133 Torrevieja,Turistas,2023M03,
Total Nacional,Castilla y León,Soria,03133 Torrevieja,Turistas,2023M02,
Total Nacional,Castilla y León,Soria,03133 Torrevieja,Turistas,2023M01,
Total Nacional,Castilla y León,Soria,03133 Torrevieja,Turistas,2022M12,
Total Nacional,Castilla y León,Soria,03133 Torrevieja,Turistas,2022M11,
Total Nacional,Castilla y León,Soria,03133 Torrevieja,Turistas,2022M10,
Total Nacional,Castilla y León,Soria,03133 Torrevieja,Turistas,2022M09,100
Total Nacional,Castilla y León,Soria,03133 Torrevieja,Turistas,2022M08,106
Total Nacional,Castilla y León,Soria,03133 Torrevieja,Turistas,2022M07,71
Total Nacional,Castilla y León,Soria,03133 Torrevieja,Turistas,2022M06,
Total Nacional,Castilla y León,Soria,03133 Torrevieja,Turistas,2022M05,
Total Nacional,Castilla y León,Soria,03133 Torrevieja,Turistas,2022M04,73
Total Nacional,Castilla y León,Soria,03133 Torrevieja,Turistas,2022M03,
Total Nacional,Castilla y León,Soria,03133 Torrevieja,Turistas,2022M02,.
Total Nacional,Castilla y León,Soria,03133 Torrevieja,Turistas,2022M01,.
Total Nacional,Castilla y León,Soria,03133 Torrevieja,Turistas,2021M12,48
Total Nacional,Castilla y León,Soria,03133 Torrevieja,Turistas,2021M11,
Total Nacional,Castilla y León,Soria,03133 Torrevieja,Turistas,2021M10,
Total Nacional,Castilla y León,Soria,03133 Torrevieja,Turistas,2021M09,58
Total Nacional,Castilla y León,Soria,03133 Torrevieja,Turistas,2021M08,120
Total Nacional,Castilla y León,Soria,03133 Torrevieja,Turistas,2021M07,89
Total Nacional,Castilla y León,Soria,03133 Torrevieja,Turistas,2021M06,42
Total Nacional,Castilla y León,Soria,03133 Torrevieja,Turistas,2021M05,
Total Nacional,Castilla y León,Soria,03133 Torrevieja,Turistas,2021M04,
Total Nacional,Castilla y León,Soria,03133 Torrevieja,Turistas,2021M03,
Total Nacional,Castilla y León,Soria,03133 Torrevieja,Turistas,2021M02,.
Total Nacional,Castilla y León,Soria,03133 Torrevieja,Turistas,2021M01,.
Total Nacional,Castilla y León,Soria,03133 Torrevieja,Turistas,2020M12,
Total Nacional,Castilla y León,Soria,03133 Torrevieja,Turistas,2020M11,
Total Nacional,Castilla y León,Soria,03133 Torrevieja,Turistas,2020M10,33
Total Nacional,Castilla y León,Soria,03133 Torrevieja,Turistas,2020M09,61
Total Nacional,Castilla y León,Soria,03133 Torrevieja,Turistas,2020M08,72
Total Nacional,Castilla y León,Soria,03133 Torrevieja,Turistas,2020M07,56
Total Nacional,Castilla y León,Soria,03133 Torrevieja,Turistas,2020M06,
Total Nacional,Castilla y León,Soria,03133 Torrevieja,Turistas,2020M05,
Total Nacional,Castilla y León,Soria,03133 Torrevieja,Turistas,2020M04,
Total Nacional,Castilla y León,Soria,03133 Torrevieja,Turistas,2020M03,
Total Nacional,Castilla y León,Soria,03133 Torrevieja,Turistas,2020M02,.
Total Nacional,Castilla y León,Soria,03133 Torrevieja,Turistas,2020M01,.
Total Nacional,Castilla y León,Soria,03133 Torrevieja,Turistas,2019M12,
Total Nacional,Castilla y León,Soria,03133 Torrevieja,Turistas,2019M11,
Total Nacional,Castilla y León,Soria,03133 Torrevieja,Turistas,2019M10,
Total Nacional,Castilla y León,Soria,03133 Torrevieja,Turistas,2019M09,49
Total Nacional,Castilla y León,Soria,03133 Torrevieja,Turistas,2019M08,81
Total Nacional,Castilla y León,Soria,03133 Torrevieja,Turistas,2019M07,92
Total Nacional,Castilla y León,Valladolid,03133 Torrevieja,Turistas,2025M12,238
Total Nacional,Castilla y León,Valladolid,03133 Torrevieja,Turistas,2025M11,196
Total Nacional,Castilla y León,Valladolid,03133 Torrevieja,Turistas,2025M10,241
Total Nacional,Castilla y León,Valladolid,03133 Torrevieja,Turistas,2025M09,625
Total Nacional,Castilla y León,Valladolid,03133 Torrevieja,Turistas,2025M08,1.568
Total Nacional,Castilla y León,Valladolid,03133 Torrevieja,Turistas,2025M07,1.075
Total Nacional,Castilla y León,Valladolid,03133 Torrevieja,Turistas,2025M06,438
Total Nacional,Castilla y León,Valladolid,03133 Torrevieja,Turistas,2025M05,433
Total Nacional,Castilla y León,Valladolid,03133 Torrevieja,Turistas,2025M04,652
Total Nacional,Castilla y León,Valladolid,03133 Torrevieja,Turistas,2025M03,211
Total Nacional,Castilla y León,Valladolid,03133 Torrevieja,Turistas,2025M02,174
Total Nacional,Castilla y León,Valladolid,03133 Torrevieja,Turistas,2025M01,226
Total Nacional,Castilla y León,Valladolid,03133 Torrevieja,Turistas,2024M12,393
Total Nacional,Castilla y León,Valladolid,03133 Torrevieja,Turistas,2024M11,204
Total Nacional,Castilla y León,Valladolid,03133 Torrevieja,Turistas,2024M10,287
Total Nacional,Castilla y León,Valladolid,03133 Torrevieja,Turistas,2024M09,775
Total Nacional,Castilla y León,Valladolid,03133 Torrevieja,Turistas,2024M08,2.063
Total Nacional,Castilla y León,Valladolid,03133 Torrevieja,Turistas,2024M07,1.494
Total Nacional,Castilla y León,Valladolid,03133 Torrevieja,Turistas,2024M06,514
Total Nacional,Castilla y León,Valladolid,03133 Torrevieja,Turistas,2024M05,296
Total Nacional,Castilla y León,Valladolid,03133 Torrevieja,Turistas,2024M04,584
Total Nacional,Castilla y León,Valladolid,03133 Torrevieja,Turistas,2024M03,502
Total Nacional,Castilla y León,Valladolid,03133 Torrevieja,Turistas,2024M02,125
Total Nacional,Castilla y León,Valladolid,03133 Torrevieja,Turistas,2024M01,170
Total Nacional,Castilla y León,Valladolid,03133 Torrevieja,Turistas,2023M12,290
Total Nacional,Castilla y León,Valladolid,03133 Torrevieja,Turistas,2023M11,178
Total Nacional,Castilla y León,Valladolid,03133 Torrevieja,Turistas,2023M10,428
Total Nacional,Castilla y León,Valladolid,03133 Torrevieja,Turistas,2023M09,702
Total Nacional,Castilla y León,Valladolid,03133 Torrevieja,Turistas,2023M08,2.029
Total Nacional,Castilla y León,Valladolid,03133 Torrevieja,Turistas,2023M07,1.579
Total Nacional,Castilla y León,Valladolid,03133 Torrevieja,Turistas,2023M06,382
Total Nacional,Castilla y León,Valladolid,03133 Torrevieja,Turistas,2023M05,249
Total Nacional,Castilla y León,Valladolid,03133 Torrevieja,Turistas,2023M04,708
Total Nacional,Castilla y León,Valladolid,03133 Torrevieja,Turistas,2023M03,215
Total Nacional,Castilla y León,Valladolid,03133 Torrevieja,Turistas,2023M02,122
Total Nacional,Castilla y León,Valladolid,03133 Torrevieja,Turistas,2023M01,167
Total Nacional,Castilla y León,Valladolid,03133 Torrevieja,Turistas,2022M12,300
Total Nacional,Castilla y León,Valladolid,03133 Torrevieja,Turistas,2022M11,205
Total Nacional,Castilla y León,Valladolid,03133 Torrevieja,Turistas,2022M10,303
Total Nacional,Castilla y León,Valladolid,03133 Torrevieja,Turistas,2022M09,812
Total Nacional,Castilla y León,Valladolid,03133 Torrevieja,Turistas,2022M08,1.978
Total Nacional,Castilla y León,Valladolid,03133 Torrevieja,Turistas,2022M07,1.428
Total Nacional,Castilla y León,Valladolid,03133 Torrevieja,Turistas,2022M06,458
Total Nacional,Castilla y León,Valladolid,03133 Torrevieja,Turistas,2022M05,302
Total Nacional,Castilla y León,Valladolid,03133 Torrevieja,Turistas,2022M04,741
Total Nacional,Castilla y León,Valladolid,03133 Torrevieja,Turistas,2022M03,185
Total Nacional,Castilla y León,Valladolid,03133 Torrevieja,Turistas,2022M02,183
Total Nacional,Castilla y León,Valladolid,03133 Torrevieja,Turistas,2022M01,163
Total Nacional,Castilla y León,Valladolid,03133 Torrevieja,Turistas,2021M12,311
Total Nacional,Castilla y León,Valladolid,03133 Torrevieja,Turistas,2021M11,206
Total Nacional,Castilla y León,Valladolid,03133 Torrevieja,Turistas,2021M10,483
Total Nacional,Castilla y León,Valladolid,03133 Torrevieja,Turistas,2021M09,919
Total Nacional,Castilla y León,Valladolid,03133 Torrevieja,Turistas,2021M08,2.294
Total Nacional,Castilla y León,Valladolid,03133 Torrevieja,Turistas,2021M07,1.532
Total Nacional,Castilla y León,Valladolid,03133 Torrevieja,Turistas,2021M06,655
Total Nacional,Castilla y León,Valladolid,03133 Torrevieja,Turistas,2021M05,379
Total Nacional,Castilla y León,Valladolid,03133 Torrevieja,Turistas,2021M04,46
Total Nacional,Castilla y León,Valladolid,03133 Torrevieja,Turistas,2021M03,41
Total Nacional,Castilla y León,Valladolid,03133 Torrevieja,Turistas,2021M02,.
Total Nacional,Castilla y León,Valladolid,03133 Torrevieja,Turistas,2021M01,38
Total Nacional,Castilla y León,Valladolid,03133 Torrevieja,Turistas,2020M12,49
Total Nacional,Castilla y León,Valladolid,03133 Torrevieja,Turistas,2020M11,120
Total Nacional,Castilla y León,Valladolid,03133 Torrevieja,Turistas,2020M10,316
Total Nacional,Castilla y León,Valladolid,03133 Torrevieja,Turistas,2020M09,826
Total Nacional,Castilla y León,Valladolid,03133 Torrevieja,Turistas,2020M08,1.779
Total Nacional,Castilla y León,Valladolid,03133 Torrevieja,Turistas,2020M07,826
Total Nacional,Castilla y León,Valladolid,03133 Torrevieja,Turistas,2020M06,89
Total Nacional,Castilla y León,Valladolid,03133 Torrevieja,Turistas,2020M05,.
Total Nacional,Castilla y León,Valladolid,03133 Torrevieja,Turistas,2020M04,87
Total Nacional,Castilla y León,Valladolid,03133 Torrevieja,Turistas,2020M03,172
Total Nacional,Castilla y León,Valladolid,03133 Torrevieja,Turistas,2020M02,215
Total Nacional,Castilla y León,Valladolid,03133 Torrevieja,Turistas,2020M01,194
Total Nacional,Castilla y León,Valladolid,03133 Torrevieja,Turistas,2019M12,314
Total Nacional,Castilla y León,Valladolid,03133 Torrevieja,Turistas,2019M11,284
Total Nacional,Castilla y León,Valladolid,03133 Torrevieja,Turistas,2019M10,447
Total Nacional,Castilla y León,Valladolid,03133 Torrevieja,Turistas,2019M09,915
Total Nacional,Castilla y León,Valladolid,03133 Torrevieja,Turistas,2019M08,2.350
Total Nacional,Castilla y León,Valladolid,03133 Torrevieja,Turistas,2019M07,1.474
Total Nacional,Castilla y León,Zamora,03133 Torrevieja,Turistas,2025M12,37
Total Nacional,Castilla y León,Zamora,03133 Torrevieja,Turistas,2025M11,51
Total Nacional,Castilla y León,Zamora,03133 Torrevieja,Turistas,2025M10,56
Total Nacional,Castilla y León,Zamora,03133 Torrevieja,Turistas,2025M09,68
Total Nacional,Castilla y León,Zamora,03133 Torrevieja,Turistas,2025M08,143
Total Nacional,Castilla y León,Zamora,03133 Torrevieja,Turistas,2025M07,134
Total Nacional,Castilla y León,Zamora,03133 Torrevieja,Turistas,2025M06,56
Total Nacional,Castilla y León,Zamora,03133 Torrevieja,Turistas,2025M05,92
Total Nacional,Castilla y León,Zamora,03133 Torrevieja,Turistas,2025M04,72
Total Nacional,Castilla y León,Zamora,03133 Torrevieja,Turistas,2025M03,
Total Nacional,Castilla y León,Zamora,03133 Torrevieja,Turistas,2025M02,44
Total Nacional,Castilla y León,Zamora,03133 Torrevieja,Turistas,2025M01,34
Total Nacional,Castilla y León,Zamora,03133 Torrevieja,Turistas,2024M12,38
Total Nacional,Castilla y León,Zamora,03133 Torrevieja,Turistas,2024M11,
Total Nacional,Castilla y León,Zamora,03133 Torrevieja,Turistas,2024M10,92
Total Nacional,Castilla y León,Zamora,03133 Torrevieja,Turistas,2024M09,122
Total Nacional,Castilla y León,Zamora,03133 Torrevieja,Turistas,2024M08,100
Total Nacional,Castilla y León,Zamora,03133 Torrevieja,Turistas,2024M07,258
Total Nacional,Castilla y León,Zamora,03133 Torrevieja,Turistas,2024M06,37
Total Nacional,Castilla y León,Zamora,03133 Torrevieja,Turistas,2024M05,
Total Nacional,Castilla y León,Zamora,03133 Torrevieja,Turistas,2024M04,88
Total Nacional,Castilla y León,Zamora,03133 Torrevieja,Turistas,2024M03,38
Total Nacional,Castilla y León,Zamora,03133 Torrevieja,Turistas,2024M02,
Total Nacional,Castilla y León,Zamora,03133 Torrevieja,Turistas,2024M01,31
Total Nacional,Castilla y León,Zamora,03133 Torrevieja,Turistas,2023M12,54
Total Nacional,Castilla y León,Zamora,03133 Torrevieja,Turistas,2023M11,49
Total Nacional,Castilla y León,Zamora,03133 Torrevieja,Turistas,2023M10,80
Total Nacional,Castilla y León,Zamora,03133 Torrevieja,Turistas,2023M09,214
Total Nacional,Castilla y León,Zamora,03133 Torrevieja,Turistas,2023M08,135
Total Nacional,Castilla y León,Zamora,03133 Torrevieja,Turistas,2023M07,201
Total Nacional,Castilla y León,Zamora,03133 Torrevieja,Turistas,2023M06,43
Total Nacional,Castilla y León,Zamora,03133 Torrevieja,Turistas,2023M05,59
Total Nacional,Castilla y León,Zamora,03133 Torrevieja,Turistas,2023M04,69
Total Nacional,Castilla y León,Zamora,03133 Torrevieja,Turistas,2023M03,
Total Nacional,Castilla y León,Zamora,03133 Torrevieja,Turistas,2023M02,
Total Nacional,Castilla y León,Zamora,03133 Torrevieja,Turistas,2023M01,
Total Nacional,Castilla y León,Zamora,03133 Torrevieja,Turistas,2022M12,50
Total Nacional,Castilla y León,Zamora,03133 Torrevieja,Turistas,2022M11,43
Total Nacional,Castilla y León,Zamora,03133 Torrevieja,Turistas,2022M10,67
Total Nacional,Castilla y León,Zamora,03133 Torrevieja,Turistas,2022M09,136
Total Nacional,Castilla y León,Zamora,03133 Torrevieja,Turistas,2022M08,180
Total Nacional,Castilla y León,Zamora,03133 Torrevieja,Turistas,2022M07,222
Total Nacional,Castilla y León,Zamora,03133 Torrevieja,Turistas,2022M06,78
Total Nacional,Castilla y León,Zamora,03133 Torrevieja,Turistas,2022M05,58
Total Nacional,Castilla y León,Zamora,03133 Torrevieja,Turistas,2022M04,68
Total Nacional,Castilla y León,Zamora,03133 Torrevieja,Turistas,2022M03,38
Total Nacional,Castilla y León,Zamora,03133 Torrevieja,Turistas,2022M02,39
Total Nacional,Castilla y León,Zamora,03133 Torrevieja,Turistas,2022M01,35
Total Nacional,Castilla y León,Zamora,03133 Torrevieja,Turistas,2021M12,73
Total Nacional,Castilla y León,Zamora,03133 Torrevieja,Turistas,2021M11,43
Total Nacional,Castilla y León,Zamora,03133 Torrevieja,Turistas,2021M10,85
Total Nacional,Castilla y León,Zamora,03133 Torrevieja,Turistas,2021M09,171
Total Nacional,Castilla y León,Zamora,03133 Torrevieja,Turistas,2021M08,184
Total Nacional,Castilla y León,Zamora,03133 Torrevieja,Turistas,2021M07,245
Total Nacional,Castilla y León,Zamora,03133 Torrevieja,Turistas,2021M06,95
Total Nacional,Castilla y León,Zamora,03133 Torrevieja,Turistas,2021M05,49
Total Nacional,Castilla y León,Zamora,03133 Torrevieja,Turistas,2021M04,
Total Nacional,Castilla y León,Zamora,03133 Torrevieja,Turistas,2021M03,
Total Nacional,Castilla y León,Zamora,03133 Torrevieja,Turistas,2021M02,.
Total Nacional,Castilla y León,Zamora,03133 Torrevieja,Turistas,2021M01,.
Total Nacional,Castilla y León,Zamora,03133 Torrevieja,Turistas,2020M12,
Total Nacional,Castilla y León,Zamora,03133 Torrevieja,Turistas,2020M11,
Total Nacional,Castilla y León,Zamora,03133 Torrevieja,Turistas,2020M10,55
Total Nacional,Castilla y León,Zamora,03133 Torrevieja,Turistas,2020M09,95
Total Nacional,Castilla y León,Zamora,03133 Torrevieja,Turistas,2020M08,94
Total Nacional,Castilla y León,Zamora,03133 Torrevieja,Turistas,2020M07,97
Total Nacional,Castilla y León,Zamora,03133 Torrevieja,Turistas,2020M06,35
Total Nacional,Castilla y León,Zamora,03133 Torrevieja,Turistas,2020M05,.
Total Nacional,Castilla y León,Zamora,03133 Torrevieja,Turistas,2020M04,.
Total Nacional,Castilla y León,Zamora,03133 Torrevieja,Turistas,2020M03,38
Total Nacional,Castilla y León,Zamora,03133 Torrevieja,Turistas,2020M02,.
Total Nacional,Castilla y León,Zamora,03133 Torrevieja,Turistas,2020M01,30
Total Nacional,Castilla y León,Zamora,03133 Torrevieja,Turistas,2019M12,44
Total Nacional,Castilla y León,Zamora,03133 Torrevieja,Turistas,2019M11,52
Total Nacional,Castilla y León,Zamora,03133 Torrevieja,Turistas,2019M10,79
Total Nacional,Castilla y León,Zamora,03133 Torrevieja,Turistas,2019M09,176
Total Nacional,Castilla y León,Zamora,03133 Torrevieja,Turistas,2019M08,205
Total Nacional,Castilla y León,Zamora,03133 Torrevieja,Turistas,2019M07,198
Total Nacional,Cataluña,,03133 Torrevieja,Turistas,2025M12,665
Total Nacional,Cataluña,,03133 Torrevieja,Turistas,2025M11,627
Total Nacional,Cataluña,,03133 Torrevieja,Turistas,2025M10,682
Total Nacional,Cataluña,,03133 Torrevieja,Turistas,2025M09,978
Total Nacional,Cataluña,,03133 Torrevieja,Turistas,2025M08,2.133
Total Nacional,Cataluña,,03133 Torrevieja,Turistas,2025M07,1.125
Total Nacional,Cataluña,,03133 Torrevieja,Turistas,2025M06,1.015
Total Nacional,Cataluña,,03133 Torrevieja,Turistas,2025M05,846
Total Nacional,Cataluña,,03133 Torrevieja,Turistas,2025M04,1.141
Total Nacional,Cataluña,,03133 Torrevieja,Turistas,2025M03,743
Total Nacional,Cataluña,,03133 Torrevieja,Turistas,2025M02,725
Total Nacional,Cataluña,,03133 Torrevieja,Turistas,2025M01,838
Total Nacional,Cataluña,,03133 Torrevieja,Turistas,2024M12,1.053
Total Nacional,Cataluña,,03133 Torrevieja,Turistas,2024M11,801
Total Nacional,Cataluña,,03133 Torrevieja,Turistas,2024M10,947
Total Nacional,Cataluña,,03133 Torrevieja,Turistas,2024M09,1.276
Total Nacional,Cataluña,,03133 Torrevieja,Turistas,2024M08,2.715
Total Nacional,Cataluña,,03133 Torrevieja,Turistas,2024M07,1.335
Total Nacional,Cataluña,,03133 Torrevieja,Turistas,2024M06,1.157
Total Nacional,Cataluña,,03133 Torrevieja,Turistas,2024M05,1.067
Total Nacional,Cataluña,,03133 Torrevieja,Turistas,2024M04,969
Total Nacional,Cataluña,,03133 Torrevieja,Turistas,2024M03,898
Total Nacional,Cataluña,,03133 Torrevieja,Turistas,2024M02,657
Total Nacional,Cataluña,,03133 Torrevieja,Turistas,2024M01,652
Total Nacional,Cataluña,,03133 Torrevieja,Turistas,2023M12,1.024
Total Nacional,Cataluña,,03133 Torrevieja,Turistas,2023M11,570
Total Nacional,Cataluña,,03133 Torrevieja,Turistas,2023M10,1.109
Total Nacional,Cataluña,,03133 Torrevieja,Turistas,2023M09,1.181
Total Nacional,Cataluña,,03133 Torrevieja,Turistas,2023M08,2.906
Total Nacional,Cataluña,,03133 Torrevieja,Turistas,2023M07,1.812
Total Nacional,Cataluña,,03133 Torrevieja,Turistas,2023M06,696
Total Nacional,Cataluña,,03133 Torrevieja,Turistas,2023M05,612
Total Nacional,Cataluña,,03133 Torrevieja,Turistas,2023M04,1.151
Total Nacional,Cataluña,,03133 Torrevieja,Turistas,2023M03,595
Total Nacional,Cataluña,,03133 Torrevieja,Turistas,2023M02,515
Total Nacional,Cataluña,,03133 Torrevieja,Turistas,2023M01,693
Total Nacional,Cataluña,,03133 Torrevieja,Turistas,2022M12,729
Total Nacional,Cataluña,,03133 Torrevieja,Turistas,2022M11,610
Total Nacional,Cataluña,,03133 Torrevieja,Turistas,2022M10,705
Total Nacional,Cataluña,,03133 Torrevieja,Turistas,2022M09,956
Total Nacional,Cataluña,,03133 Torrevieja,Turistas,2022M08,2.446
Total Nacional,Cataluña,,03133 Torrevieja,Turistas,2022M07,1.513
Total Nacional,Cataluña,,03133 Torrevieja,Turistas,2022M06,895
Total Nacional,Cataluña,,03133 Torrevieja,Turistas,2022M05,814
Total Nacional,Cataluña,,03133 Torrevieja,Turistas,2022M04,1.259
Total Nacional,Cataluña,,03133 Torrevieja,Turistas,2022M03,601
Total Nacional,Cataluña,,03133 Torrevieja,Turistas,2022M02,557
Total Nacional,Cataluña,,03133 Torrevieja,Turistas,2022M01,657
Total Nacional,Cataluña,,03133 Torrevieja,Turistas,2021M12,906
Total Nacional,Cataluña,,03133 Torrevieja,Turistas,2021M11,544
Total Nacional,Cataluña,,03133 Torrevieja,Turistas,2021M10,866
Total Nacional,Cataluña,,03133 Torrevieja,Turistas,2021M09,1.019
Total Nacional,Cataluña,,03133 Torrevieja,Turistas,2021M08,2.389
Total Nacional,Cataluña,,03133 Torrevieja,Turistas,2021M07,1.108
Total Nacional,Cataluña,,03133 Torrevieja,Turistas,2021M06,865
Total Nacional,Cataluña,,03133 Torrevieja,Turistas,2021M05,751
Total Nacional,Cataluña,,03133 Torrevieja,Turistas,2021M04,415
Total Nacional,Cataluña,,03133 Torrevieja,Turistas,2021M03,219
Total Nacional,Cataluña,,03133 Torrevieja,Turistas,2021M02,176
Total Nacional,Cataluña,,03133 Torrevieja,Turistas,2021M01,267
Total Nacional,Cataluña,,03133 Torrevieja,Turistas,2020M12,180
Total Nacional,Cataluña,,03133 Torrevieja,Turistas,2020M11,304
Total Nacional,Cataluña,,03133 Torrevieja,Turistas,2020M10,647
Total Nacional,Cataluña,,03133 Torrevieja,Turistas,2020M09,806
Total Nacional,Cataluña,,03133 Torrevieja,Turistas,2020M08,1.714
Total Nacional,Cataluña,,03133 Torrevieja,Turistas,2020M07,961
Total Nacional,Cataluña,,03133 Torrevieja,Turistas,2020M06,306
Total Nacional,Cataluña,,03133 Torrevieja,Turistas,2020M05,140
Total Nacional,Cataluña,,03133 Torrevieja,Turistas,2020M04,170
Total Nacional,Cataluña,,03133 Torrevieja,Turistas,2020M03,357
Total Nacional,Cataluña,,03133 Torrevieja,Turistas,2020M02,785
Total Nacional,Cataluña,,03133 Torrevieja,Turistas,2020M01,757
Total Nacional,Cataluña,,03133 Torrevieja,Turistas,2019M12,774
Total Nacional,Cataluña,,03133 Torrevieja,Turistas,2019M11,574
Total Nacional,Cataluña,,03133 Torrevieja,Turistas,2019M10,638
Total Nacional,Cataluña,,03133 Torrevieja,Turistas,2019M09,1.245
Total Nacional,Cataluña,,03133 Torrevieja,Turistas,2019M08,2.351
Total Nacional,Cataluña,,03133 Torrevieja,Turistas,2019M07,1.356
Total Nacional,Cataluña,Barcelona,03133 Torrevieja,Turistas,2025M12,513
Total Nacional,Cataluña,Barcelona,03133 Torrevieja,Turistas,2025M11,484
Total Nacional,Cataluña,Barcelona,03133 Torrevieja,Turistas,2025M10,476
Total Nacional,Cataluña,Barcelona,03133 Torrevieja,Turistas,2025M09,740
Total Nacional,Cataluña,Barcelona,03133 Torrevieja,Turistas,2025M08,1.747
Total Nacional,Cataluña,Barcelona,03133 Torrevieja,Turistas,2025M07,819
Total Nacional,Cataluña,Barcelona,03133 Torrevieja,Turistas,2025M06,810
Total Nacional,Cataluña,Barcelona,03133 Torrevieja,Turistas,2025M05,593
Total Nacional,Cataluña,Barcelona,03133 Torrevieja,Turistas,2025M04,911
Total Nacional,Cataluña,Barcelona,03133 Torrevieja,Turistas,2025M03,568
Total Nacional,Cataluña,Barcelona,03133 Torrevieja,Turistas,2025M02,587
Total Nacional,Cataluña,Barcelona,03133 Torrevieja,Turistas,2025M01,636
Total Nacional,Cataluña,Barcelona,03133 Torrevieja,Turistas,2024M12,782
Total Nacional,Cataluña,Barcelona,03133 Torrevieja,Turistas,2024M11,531
Total Nacional,Cataluña,Barcelona,03133 Torrevieja,Turistas,2024M10,693
Total Nacional,Cataluña,Barcelona,03133 Torrevieja,Turistas,2024M09,945
Total Nacional,Cataluña,Barcelona,03133 Torrevieja,Turistas,2024M08,2.087
Total Nacional,Cataluña,Barcelona,03133 Torrevieja,Turistas,2024M07,1.086
Total Nacional,Cataluña,Barcelona,03133 Torrevieja,Turistas,2024M06,849
Total Nacional,Cataluña,Barcelona,03133 Torrevieja,Turistas,2024M05,696
Total Nacional,Cataluña,Barcelona,03133 Torrevieja,Turistas,2024M04,766
Total Nacional,Cataluña,Barcelona,03133 Torrevieja,Turistas,2024M03,636
Total Nacional,Cataluña,Barcelona,03133 Torrevieja,Turistas,2024M02,494
Total Nacional,Cataluña,Barcelona,03133 Torrevieja,Turistas,2024M01,515
Total Nacional,Cataluña,Barcelona,03133 Torrevieja,Turistas,2023M12,805
Total Nacional,Cataluña,Barcelona,03133 Torrevieja,Turistas,2023M11,377
Total Nacional,Cataluña,Barcelona,03133 Torrevieja,Turistas,2023M10,755
Total Nacional,Cataluña,Barcelona,03133 Torrevieja,Turistas,2023M09,882
Total Nacional,Cataluña,Barcelona,03133 Torrevieja,Turistas,2023M08,2.214
Total Nacional,Cataluña,Barcelona,03133 Torrevieja,Turistas,2023M07,1.344
Total Nacional,Cataluña,Barcelona,03133 Torrevieja,Turistas,2023M06,591
Total Nacional,Cataluña,Barcelona,03133 Torrevieja,Turistas,2023M05,508
Total Nacional,Cataluña,Barcelona,03133 Torrevieja,Turistas,2023M04,893
Total Nacional,Cataluña,Barcelona,03133 Torrevieja,Turistas,2023M03,474
Total Nacional,Cataluña,Barcelona,03133 Torrevieja,Turistas,2023M02,403
Total Nacional,Cataluña,Barcelona,03133 Torrevieja,Turistas,2023M01,505
Total Nacional,Cataluña,Barcelona,03133 Torrevieja,Turistas,2022M12,473
Total Nacional,Cataluña,Barcelona,03133 Torrevieja,Turistas,2022M11,398
Total Nacional,Cataluña,Barcelona,03133 Torrevieja,Turistas,2022M10,495
Total Nacional,Cataluña,Barcelona,03133 Torrevieja,Turistas,2022M09,702
Total Nacional,Cataluña,Barcelona,03133 Torrevieja,Turistas,2022M08,1.885
Total Nacional,Cataluña,Barcelona,03133 Torrevieja,Turistas,2022M07,1.155
Total Nacional,Cataluña,Barcelona,03133 Torrevieja,Turistas,2022M06,690
Total Nacional,Cataluña,Barcelona,03133 Torrevieja,Turistas,2022M05,545
Total Nacional,Cataluña,Barcelona,03133 Torrevieja,Turistas,2022M04,1.009
Total Nacional,Cataluña,Barcelona,03133 Torrevieja,Turistas,2022M03,427
Total Nacional,Cataluña,Barcelona,03133 Torrevieja,Turistas,2022M02,362
Total Nacional,Cataluña,Barcelona,03133 Torrevieja,Turistas,2022M01,368
Total Nacional,Cataluña,Barcelona,03133 Torrevieja,Turistas,2021M12,611
Total Nacional,Cataluña,Barcelona,03133 Torrevieja,Turistas,2021M11,390
Total Nacional,Cataluña,Barcelona,03133 Torrevieja,Turistas,2021M10,564
Total Nacional,Cataluña,Barcelona,03133 Torrevieja,Turistas,2021M09,780
Total Nacional,Cataluña,Barcelona,03133 Torrevieja,Turistas,2021M08,1.890
Total Nacional,Cataluña,Barcelona,03133 Torrevieja,Turistas,2021M07,820
Total Nacional,Cataluña,Barcelona,03133 Torrevieja,Turistas,2021M06,600
Total Nacional,Cataluña,Barcelona,03133 Torrevieja,Turistas,2021M05,522
Total Nacional,Cataluña,Barcelona,03133 Torrevieja,Turistas,2021M04,262
Total Nacional,Cataluña,Barcelona,03133 Torrevieja,Turistas,2021M03,162
Total Nacional,Cataluña,Barcelona,03133 Torrevieja,Turistas,2021M02,106
Total Nacional,Cataluña,Barcelona,03133 Torrevieja,Turistas,2021M01,181
Total Nacional,Cataluña,Barcelona,03133 Torrevieja,Turistas,2020M12,134
Total Nacional,Cataluña,Barcelona,03133 Torrevieja,Turistas,2020M11,150
Total Nacional,Cataluña,Barcelona,03133 Torrevieja,Turistas,2020M10,402
Total Nacional,Cataluña,Barcelona,03133 Torrevieja,Turistas,2020M09,519
Total Nacional,Cataluña,Barcelona,03133 Torrevieja,Turistas,2020M08,1.384
Total Nacional,Cataluña,Barcelona,03133 Torrevieja,Turistas,2020M07,657
Total Nacional,Cataluña,Barcelona,03133 Torrevieja,Turistas,2020M06,198
Total Nacional,Cataluña,Barcelona,03133 Torrevieja,Turistas,2020M05,81
Total Nacional,Cataluña,Barcelona,03133 Torrevieja,Turistas,2020M04,92
Total Nacional,Cataluña,Barcelona,03133 Torrevieja,Turistas,2020M03,230
Total Nacional,Cataluña,Barcelona,03133 Torrevieja,Turistas,2020M02,483
Total Nacional,Cataluña,Barcelona,03133 Torrevieja,Turistas,2020M01,453
Total Nacional,Cataluña,Barcelona,03133 Torrevieja,Turistas,2019M12,519
Total Nacional,Cataluña,Barcelona,03133 Torrevieja,Turistas,2019M11,390
Total Nacional,Cataluña,Barcelona,03133 Torrevieja,Turistas,2019M10,410
Total Nacional,Cataluña,Barcelona,03133 Torrevieja,Turistas,2019M09,785
Total Nacional,Cataluña,Barcelona,03133 Torrevieja,Turistas,2019M08,1.856
Total Nacional,Cataluña,Barcelona,03133 Torrevieja,Turistas,2019M07,956
Total Nacional,Cataluña,Girona,03133 Torrevieja,Turistas,2025M12,75
Total Nacional,Cataluña,Girona,03133 Torrevieja,Turistas,2025M11,50
Total Nacional,Cataluña,Girona,03133 Torrevieja,Turistas,2025M10,86
Total Nacional,Cataluña,Girona,03133 Torrevieja,Turistas,2025M09,63
Total Nacional,Cataluña,Girona,03133 Torrevieja,Turistas,2025M08,133
Total Nacional,Cataluña,Girona,03133 Torrevieja,Turistas,2025M07,71
Total Nacional,Cataluña,Girona,03133 Torrevieja,Turistas,2025M06,70
Total Nacional,Cataluña,Girona,03133 Torrevieja,Turistas,2025M05,104
Total Nacional,Cataluña,Girona,03133 Torrevieja,Turistas,2025M04,110
Total Nacional,Cataluña,Girona,03133 Torrevieja,Turistas,2025M03,75
Total Nacional,Cataluña,Girona,03133 Torrevieja,Turistas,2025M02,91
Total Nacional,Cataluña,Girona,03133 Torrevieja,Turistas,2025M01,91
Total Nacional,Cataluña,Girona,03133 Torrevieja,Turistas,2024M12,126
Total Nacional,Cataluña,Girona,03133 Torrevieja,Turistas,2024M11,102
Total Nacional,Cataluña,Girona,03133 Torrevieja,Turistas,2024M10,149
Total Nacional,Cataluña,Girona,03133 Torrevieja,Turistas,2024M09,134
Total Nacional,Cataluña,Girona,03133 Torrevieja,Turistas,2024M08,303
Total Nacional,Cataluña,Girona,03133 Torrevieja,Turistas,2024M07,87
Total Nacional,Cataluña,Girona,03133 Torrevieja,Turistas,2024M06,80
Total Nacional,Cataluña,Girona,03133 Torrevieja,Turistas,2024M05,151
Total Nacional,Cataluña,Girona,03133 Torrevieja,Turistas,2024M04,62
Total Nacional,Cataluña,Girona,03133 Torrevieja,Turistas,2024M03,125
Total Nacional,Cataluña,Girona,03133 Torrevieja,Turistas,2024M02,116
Total Nacional,Cataluña,Girona,03133 Torrevieja,Turistas,2024M01,68
Total Nacional,Cataluña,Girona,03133 Torrevieja,Turistas,2023M12,130
Total Nacional,Cataluña,Girona,03133 Torrevieja,Turistas,2023M11,113
Total Nacional,Cataluña,Girona,03133 Torrevieja,Turistas,2023M10,131
Total Nacional,Cataluña,Girona,03133 Torrevieja,Turistas,2023M09,93
Total Nacional,Cataluña,Girona,03133 Torrevieja,Turistas,2023M08,297
Total Nacional,Cataluña,Girona,03133 Torrevieja,Turistas,2023M07,242
Total Nacional,Cataluña,Girona,03133 Torrevieja,Turistas,2023M06,55
Total Nacional,Cataluña,Girona,03133 Torrevieja,Turistas,2023M05,34
Total Nacional,Cataluña,Girona,03133 Torrevieja,Turistas,2023M04,133
Total Nacional,Cataluña,Girona,03133 Torrevieja,Turistas,2023M03,79
Total Nacional,Cataluña,Girona,03133 Torrevieja,Turistas,2023M02,67
Total Nacional,Cataluña,Girona,03133 Torrevieja,Turistas,2023M01,71
Total Nacional,Cataluña,Girona,03133 Torrevieja,Turistas,2022M12,144
Total Nacional,Cataluña,Girona,03133 Torrevieja,Turistas,2022M11,89
Total Nacional,Cataluña,Girona,03133 Torrevieja,Turistas,2022M10,58
Total Nacional,Cataluña,Girona,03133 Torrevieja,Turistas,2022M09,127
Total Nacional,Cataluña,Girona,03133 Torrevieja,Turistas,2022M08,289
Total Nacional,Cataluña,Girona,03133 Torrevieja,Turistas,2022M07,139
Total Nacional,Cataluña,Girona,03133 Torrevieja,Turistas,2022M06,91
Total Nacional,Cataluña,Girona,03133 Torrevieja,Turistas,2022M05,112
Total Nacional,Cataluña,Girona,03133 Torrevieja,Turistas,2022M04,102
Total Nacional,Cataluña,Girona,03133 Torrevieja,Turistas,2022M03,94
Total Nacional,Cataluña,Girona,03133 Torrevieja,Turistas,2022M02,126
Total Nacional,Cataluña,Girona,03133 Torrevieja,Turistas,2022M01,122
Total Nacional,Cataluña,Girona,03133 Torrevieja,Turistas,2021M12,227
Total Nacional,Cataluña,Girona,03133 Torrevieja,Turistas,2021M11,86
Total Nacional,Cataluña,Girona,03133 Torrevieja,Turistas,2021M10,165
Total Nacional,Cataluña,Girona,03133 Torrevieja,Turistas,2021M09,97
Total Nacional,Cataluña,Girona,03133 Torrevieja,Turistas,2021M08,183
Total Nacional,Cataluña,Girona,03133 Torrevieja,Turistas,2021M07,135
Total Nacional,Cataluña,Girona,03133 Torrevieja,Turistas,2021M06,133
Total Nacional,Cataluña,Girona,03133 Torrevieja,Turistas,2021M05,33
Total Nacional,Cataluña,Girona,03133 Torrevieja,Turistas,2021M04,123
Total Nacional,Cataluña,Girona,03133 Torrevieja,Turistas,2021M03,31
Total Nacional,Cataluña,Girona,03133 Torrevieja,Turistas,2021M02,59
Total Nacional,Cataluña,Girona,03133 Torrevieja,Turistas,2021M01,55
Total Nacional,Cataluña,Girona,03133 Torrevieja,Turistas,2020M12,
Total Nacional,Cataluña,Girona,03133 Torrevieja,Turistas,2020M11,110
Total Nacional,Cataluña,Girona,03133 Torrevieja,Turistas,2020M10,113
Total Nacional,Cataluña,Girona,03133 Torrevieja,Turistas,2020M09,154
Total Nacional,Cataluña,Girona,03133 Torrevieja,Turistas,2020M08,111
Total Nacional,Cataluña,Girona,03133 Torrevieja,Turistas,2020M07,165
Total Nacional,Cataluña,Girona,03133 Torrevieja,Turistas,2020M06,60
Total Nacional,Cataluña,Girona,03133 Torrevieja,Turistas,2020M05,40
Total Nacional,Cataluña,Girona,03133 Torrevieja,Turistas,2020M04,.
Total Nacional,Cataluña,Girona,03133 Torrevieja,Turistas,2020M03,79
Total Nacional,Cataluña,Girona,03133 Torrevieja,Turistas,2020M02,209
Total Nacional,Cataluña,Girona,03133 Torrevieja,Turistas,2020M01,144
Total Nacional,Cataluña,Girona,03133 Torrevieja,Turistas,2019M12,144
Total Nacional,Cataluña,Girona,03133 Torrevieja,Turistas,2019M11,91
Total Nacional,Cataluña,Girona,03133 Torrevieja,Turistas,2019M10,130
Total Nacional,Cataluña,Girona,03133 Torrevieja,Turistas,2019M09,237
Total Nacional,Cataluña,Girona,03133 Torrevieja,Turistas,2019M08,202
Total Nacional,Cataluña,Girona,03133 Torrevieja,Turistas,2019M07,179
Total Nacional,Cataluña,Lleida,03133 Torrevieja,Turistas,2025M12,
Total Nacional,Cataluña,Lleida,03133 Torrevieja,Turistas,2025M11,39
Total Nacional,Cataluña,Lleida,03133 Torrevieja,Turistas,2025M10,60
Total Nacional,Cataluña,Lleida,03133 Torrevieja,Turistas,2025M09,48
Total Nacional,Cataluña,Lleida,03133 Torrevieja,Turistas,2025M08,114
Total Nacional,Cataluña,Lleida,03133 Torrevieja,Turistas,2025M07,84
Total Nacional,Cataluña,Lleida,03133 Torrevieja,Turistas,2025M06,33
Total Nacional,Cataluña,Lleida,03133 Torrevieja,Turistas,2025M05,39
Total Nacional,Cataluña,Lleida,03133 Torrevieja,Turistas,2025M04,
Total Nacional,Cataluña,Lleida,03133 Torrevieja,Turistas,2025M03,44
Total Nacional,Cataluña,Lleida,03133 Torrevieja,Turistas,2025M02,
Total Nacional,Cataluña,Lleida,03133 Torrevieja,Turistas,2025M01,30
Total Nacional,Cataluña,Lleida,03133 Torrevieja,Turistas,2024M12,39
Total Nacional,Cataluña,Lleida,03133 Torrevieja,Turistas,2024M11,106
Total Nacional,Cataluña,Lleida,03133 Torrevieja,Turistas,2024M10,
Total Nacional,Cataluña,Lleida,03133 Torrevieja,Turistas,2024M09,34
Total Nacional,Cataluña,Lleida,03133 Torrevieja,Turistas,2024M08,110
Total Nacional,Cataluña,Lleida,03133 Torrevieja,Turistas,2024M07,35
Total Nacional,Cataluña,Lleida,03133 Torrevieja,Turistas,2024M06,46
Total Nacional,Cataluña,Lleida,03133 Torrevieja,Turistas,2024M05,55
Total Nacional,Cataluña,Lleida,03133 Torrevieja,Turistas,2024M04,33
Total Nacional,Cataluña,Lleida,03133 Torrevieja,Turistas,2024M03,
Total Nacional,Cataluña,Lleida,03133 Torrevieja,Turistas,2024M02,
Total Nacional,Cataluña,Lleida,03133 Torrevieja,Turistas,2024M01,
Total Nacional,Cataluña,Lleida,03133 Torrevieja,Turistas,2023M12,
Total Nacional,Cataluña,Lleida,03133 Torrevieja,Turistas,2023M11,
Total Nacional,Cataluña,Lleida,03133 Torrevieja,Turistas,2023M10,118
Total Nacional,Cataluña,Lleida,03133 Torrevieja,Turistas,2023M09,50
Total Nacional,Cataluña,Lleida,03133 Torrevieja,Turistas,2023M08,129
Total Nacional,Cataluña,Lleida,03133 Torrevieja,Turistas,2023M07,71
Total Nacional,Cataluña,Lleida,03133 Torrevieja,Turistas,2023M06,
Total Nacional,Cataluña,Lleida,03133 Torrevieja,Turistas,2023M05,
Total Nacional,Cataluña,Lleida,03133 Torrevieja,Turistas,2023M04,54
Total Nacional,Cataluña,Lleida,03133 Torrevieja,Turistas,2023M03,
Total Nacional,Cataluña,Lleida,03133 Torrevieja,Turistas,2023M02,
Total Nacional,Cataluña,Lleida,03133 Torrevieja,Turistas,2023M01,
Total Nacional,Cataluña,Lleida,03133 Torrevieja,Turistas,2022M12,
Total Nacional,Cataluña,Lleida,03133 Torrevieja,Turistas,2022M11,
Total Nacional,Cataluña,Lleida,03133 Torrevieja,Turistas,2022M10,
Total Nacional,Cataluña,Lleida,03133 Torrevieja,Turistas,2022M09,
Total Nacional,Cataluña,Lleida,03133 Torrevieja,Turistas,2022M08,73
Total Nacional,Cataluña,Lleida,03133 Torrevieja,Turistas,2022M07,39
Total Nacional,Cataluña,Lleida,03133 Torrevieja,Turistas,2022M06,30
Total Nacional,Cataluña,Lleida,03133 Torrevieja,Turistas,2022M05,37
Total Nacional,Cataluña,Lleida,03133 Torrevieja,Turistas,2022M04,47
Total Nacional,Cataluña,Lleida,03133 Torrevieja,Turistas,2022M03,
Total Nacional,Cataluña,Lleida,03133 Torrevieja,Turistas,2022M02,.
Total Nacional,Cataluña,Lleida,03133 Torrevieja,Turistas,2022M01,35
Total Nacional,Cataluña,Lleida,03133 Torrevieja,Turistas,2021M12,
Total Nacional,Cataluña,Lleida,03133 Torrevieja,Turistas,2021M11,37
Total Nacional,Cataluña,Lleida,03133 Torrevieja,Turistas,2021M10,42
Total Nacional,Cataluña,Lleida,03133 Torrevieja,Turistas,2021M09,
Total Nacional,Cataluña,Lleida,03133 Torrevieja,Turistas,2021M08,138
Total Nacional,Cataluña,Lleida,03133 Torrevieja,Turistas,2021M07,33
Total Nacional,Cataluña,Lleida,03133 Torrevieja,Turistas,2021M06,40
Total Nacional,Cataluña,Lleida,03133 Torrevieja,Turistas,2021M05,34
Total Nacional,Cataluña,Lleida,03133 Torrevieja,Turistas,2021M04,
Total Nacional,Cataluña,Lleida,03133 Torrevieja,Turistas,2021M03,
Total Nacional,Cataluña,Lleida,03133 Torrevieja,Turistas,2021M02,
Total Nacional,Cataluña,Lleida,03133 Torrevieja,Turistas,2021M01,.
Total Nacional,Cataluña,Lleida,03133 Torrevieja,Turistas,2020M12,
Total Nacional,Cataluña,Lleida,03133 Torrevieja,Turistas,2020M11,
Total Nacional,Cataluña,Lleida,03133 Torrevieja,Turistas,2020M10,
Total Nacional,Cataluña,Lleida,03133 Torrevieja,Turistas,2020M09,
Total Nacional,Cataluña,Lleida,03133 Torrevieja,Turistas,2020M08,68
Total Nacional,Cataluña,Lleida,03133 Torrevieja,Turistas,2020M07,61
Total Nacional,Cataluña,Lleida,03133 Torrevieja,Turistas,2020M06,
Total Nacional,Cataluña,Lleida,03133 Torrevieja,Turistas,2020M05,.
Total Nacional,Cataluña,Lleida,03133 Torrevieja,Turistas,2020M04,.
Total Nacional,Cataluña,Lleida,03133 Torrevieja,Turistas,2020M03,
Total Nacional,Cataluña,Lleida,03133 Torrevieja,Turistas,2020M02,.
Total Nacional,Cataluña,Lleida,03133 Torrevieja,Turistas,2020M01,.
Total Nacional,Cataluña,Lleida,03133 Torrevieja,Turistas,2019M12,
Total Nacional,Cataluña,Lleida,03133 Torrevieja,Turistas,2019M11,32
Total Nacional,Cataluña,Lleida,03133 Torrevieja,Turistas,2019M10,
Total Nacional,Cataluña,Lleida,03133 Torrevieja,Turistas,2019M09,66
Total Nacional,Cataluña,Lleida,03133 Torrevieja,Turistas,2019M08,95
Total Nacional,Cataluña,Lleida,03133 Torrevieja,Turistas,2019M07,96
Total Nacional,Cataluña,Tarragona,03133 Torrevieja,Turistas,2025M12,72
Total Nacional,Cataluña,Tarragona,03133 Torrevieja,Turistas,2025M11,54
Total Nacional,Cataluña,Tarragona,03133 Torrevieja,Turistas,2025M10,60
Total Nacional,Cataluña,Tarragona,03133 Torrevieja,Turistas,2025M09,127
Total Nacional,Cataluña,Tarragona,03133 Torrevieja,Turistas,2025M08,139
Total Nacional,Cataluña,Tarragona,03133 Torrevieja,Turistas,2025M07,151
Total Nacional,Cataluña,Tarragona,03133 Torrevieja,Turistas,2025M06,102
Total Nacional,Cataluña,Tarragona,03133 Torrevieja,Turistas,2025M05,110
Total Nacional,Cataluña,Tarragona,03133 Torrevieja,Turistas,2025M04,102
Total Nacional,Cataluña,Tarragona,03133 Torrevieja,Turistas,2025M03,56
Total Nacional,Cataluña,Tarragona,03133 Torrevieja,Turistas,2025M02,32
Total Nacional,Cataluña,Tarragona,03133 Torrevieja,Turistas,2025M01,81
Total Nacional,Cataluña,Tarragona,03133 Torrevieja,Turistas,2024M12,106
Total Nacional,Cataluña,Tarragona,03133 Torrevieja,Turistas,2024M11,62
Total Nacional,Cataluña,Tarragona,03133 Torrevieja,Turistas,2024M10,91
Total Nacional,Cataluña,Tarragona,03133 Torrevieja,Turistas,2024M09,163
Total Nacional,Cataluña,Tarragona,03133 Torrevieja,Turistas,2024M08,215
Total Nacional,Cataluña,Tarragona,03133 Torrevieja,Turistas,2024M07,127
Total Nacional,Cataluña,Tarragona,03133 Torrevieja,Turistas,2024M06,182
Total Nacional,Cataluña,Tarragona,03133 Torrevieja,Turistas,2024M05,165
Total Nacional,Cataluña,Tarragona,03133 Torrevieja,Turistas,2024M04,108
Total Nacional,Cataluña,Tarragona,03133 Torrevieja,Turistas,2024M03,108
Total Nacional,Cataluña,Tarragona,03133 Torrevieja,Turistas,2024M02,47
Total Nacional,Cataluña,Tarragona,03133 Torrevieja,Turistas,2024M01,58
Total Nacional,Cataluña,Tarragona,03133 Torrevieja,Turistas,2023M12,70
Total Nacional,Cataluña,Tarragona,03133 Torrevieja,Turistas,2023M11,71
Total Nacional,Cataluña,Tarragona,03133 Torrevieja,Turistas,2023M10,105
Total Nacional,Cataluña,Tarragona,03133 Torrevieja,Turistas,2023M09,156
Total Nacional,Cataluña,Tarragona,03133 Torrevieja,Turistas,2023M08,266
Total Nacional,Cataluña,Tarragona,03133 Torrevieja,Turistas,2023M07,155
Total Nacional,Cataluña,Tarragona,03133 Torrevieja,Turistas,2023M06,43
Total Nacional,Cataluña,Tarragona,03133 Torrevieja,Turistas,2023M05,51
Total Nacional,Cataluña,Tarragona,03133 Torrevieja,Turistas,2023M04,71
Total Nacional,Cataluña,Tarragona,03133 Torrevieja,Turistas,2023M03,42
Total Nacional,Cataluña,Tarragona,03133 Torrevieja,Turistas,2023M02,
Total Nacional,Cataluña,Tarragona,03133 Torrevieja,Turistas,2023M01,90
Total Nacional,Cataluña,Tarragona,03133 Torrevieja,Turistas,2022M12,90
Total Nacional,Cataluña,Tarragona,03133 Torrevieja,Turistas,2022M11,101
Total Nacional,Cataluña,Tarragona,03133 Torrevieja,Turistas,2022M10,132
Total Nacional,Cataluña,Tarragona,03133 Torrevieja,Turistas,2022M09,107
Total Nacional,Cataluña,Tarragona,03133 Torrevieja,Turistas,2022M08,199
Total Nacional,Cataluña,Tarragona,03133 Torrevieja,Turistas,2022M07,180
Total Nacional,Cataluña,Tarragona,03133 Torrevieja,Turistas,2022M06,84
Total Nacional,Cataluña,Tarragona,03133 Torrevieja,Turistas,2022M05,120
Total Nacional,Cataluña,Tarragona,03133 Torrevieja,Turistas,2022M04,101
Total Nacional,Cataluña,Tarragona,03133 Torrevieja,Turistas,2022M03,51
Total Nacional,Cataluña,Tarragona,03133 Torrevieja,Turistas,2022M02,46
Total Nacional,Cataluña,Tarragona,03133 Torrevieja,Turistas,2022M01,132
Total Nacional,Cataluña,Tarragona,03133 Torrevieja,Turistas,2021M12,51
Total Nacional,Cataluña,Tarragona,03133 Torrevieja,Turistas,2021M11,31
Total Nacional,Cataluña,Tarragona,03133 Torrevieja,Turistas,2021M10,95
Total Nacional,Cataluña,Tarragona,03133 Torrevieja,Turistas,2021M09,132
Total Nacional,Cataluña,Tarragona,03133 Torrevieja,Turistas,2021M08,178
Total Nacional,Cataluña,Tarragona,03133 Torrevieja,Turistas,2021M07,120
Total Nacional,Cataluña,Tarragona,03133 Torrevieja,Turistas,2021M06,92
Total Nacional,Cataluña,Tarragona,03133 Torrevieja,Turistas,2021M05,162
Total Nacional,Cataluña,Tarragona,03133 Torrevieja,Turistas,2021M04,
Total Nacional,Cataluña,Tarragona,03133 Torrevieja,Turistas,2021M03,
Total Nacional,Cataluña,Tarragona,03133 Torrevieja,Turistas,2021M02,.
Total Nacional,Cataluña,Tarragona,03133 Torrevieja,Turistas,2021M01,.
Total Nacional,Cataluña,Tarragona,03133 Torrevieja,Turistas,2020M12,
Total Nacional,Cataluña,Tarragona,03133 Torrevieja,Turistas,2020M11,44
Total Nacional,Cataluña,Tarragona,03133 Torrevieja,Turistas,2020M10,107
Total Nacional,Cataluña,Tarragona,03133 Torrevieja,Turistas,2020M09,109
Total Nacional,Cataluña,Tarragona,03133 Torrevieja,Turistas,2020M08,151
Total Nacional,Cataluña,Tarragona,03133 Torrevieja,Turistas,2020M07,78
Total Nacional,Cataluña,Tarragona,03133 Torrevieja,Turistas,2020M06,48
Total Nacional,Cataluña,Tarragona,03133 Torrevieja,Turistas,2020M05,.
Total Nacional,Cataluña,Tarragona,03133 Torrevieja,Turistas,2020M04,49
Total Nacional,Cataluña,Tarragona,03133 Torrevieja,Turistas,2020M03,
Total Nacional,Cataluña,Tarragona,03133 Torrevieja,Turistas,2020M02,76
Total Nacional,Cataluña,Tarragona,03133 Torrevieja,Turistas,2020M01,133
Total Nacional,Cataluña,Tarragona,03133 Torrevieja,Turistas,2019M12,90
Total Nacional,Cataluña,Tarragona,03133 Torrevieja,Turistas,2019M11,61
Total Nacional,Cataluña,Tarragona,03133 Torrevieja,Turistas,2019M10,72
Total Nacional,Cataluña,Tarragona,03133 Torrevieja,Turistas,2019M09,157
Total Nacional,Cataluña,Tarragona,03133 Torrevieja,Turistas,2019M08,198
Total Nacional,Cataluña,Tarragona,03133 Torrevieja,Turistas,2019M07,125
Total Nacional,Ceuta,,03133 Torrevieja,Turistas,2025M12,
Total Nacional,Ceuta,,03133 Torrevieja,Turistas,2025M11,
Total Nacional,Ceuta,,03133 Torrevieja,Turistas,2025M10,
Total Nacional,Ceuta,,03133 Torrevieja,Turistas,2025M09,
Total Nacional,Ceuta,,03133 Torrevieja,Turistas,2025M08,
Total Nacional,Ceuta,,03133 Torrevieja,Turistas,2025M07,
Total Nacional,Ceuta,,03133 Torrevieja,Turistas,2025M06,
Total Nacional,Ceuta,,03133 Torrevieja,Turistas,2025M05,
Total Nacional,Ceuta,,03133 Torrevieja,Turistas,2025M04,
Total Nacional,Ceuta,,03133 Torrevieja,Turistas,2025M03,
Total Nacional,Ceuta,,03133 Torrevieja,Turistas,2025M02,
Total Nacional,Ceuta,,03133 Torrevieja,Turistas,2025M01,
Total Nacional,Ceuta,,03133 Torrevieja,Turistas,2024M12,
Total Nacional,Ceuta,,03133 Torrevieja,Turistas,2024M11,
Total Nacional,Ceuta,,03133 Torrevieja,Turistas,2024M10,
Total Nacional,Ceuta,,03133 Torrevieja,Turistas,2024M09,
Total Nacional,Ceuta,,03133 Torrevieja,Turistas,2024M08,
Total Nacional,Ceuta,,03133 Torrevieja,Turistas,2024M07,
Total Nacional,Ceuta,,03133 Torrevieja,Turistas,2024M06,
Total Nacional,Ceuta,,03133 Torrevieja,Turistas,2024M05,
Total Nacional,Ceuta,,03133 Torrevieja,Turistas,2024M04,
Total Nacional,Ceuta,,03133 Torrevieja,Turistas,2024M03,
Total Nacional,Ceuta,,03133 Torrevieja,Turistas,2024M02,
Total Nacional,Ceuta,,03133 Torrevieja,Turistas,2024M01,
Total Nacional,Ceuta,,03133 Torrevieja,Turistas,2023M12,
Total Nacional,Ceuta,,03133 Torrevieja,Turistas,2023M11,
Total Nacional,Ceuta,,03133 Torrevieja,Turistas,2023M10,
Total Nacional,Ceuta,,03133 Torrevieja,Turistas,2023M09,
Total Nacional,Ceuta,,03133 Torrevieja,Turistas,2023M08,
Total Nacional,Ceuta,,03133 Torrevieja,Turistas,2023M07,
Total Nacional,Ceuta,,03133 Torrevieja,Turistas,2023M06,
Total Nacional,Ceuta,,03133 Torrevieja,Turistas,2023M05,
Total Nacional,Ceuta,,03133 Torrevieja,Turistas,2023M04,
Total Nacional,Ceuta,,03133 Torrevieja,Turistas,2023M03,
Total Nacional,Ceuta,,03133 Torrevieja,Turistas,2023M02,
Total Nacional,Ceuta,,03133 Torrevieja,Turistas,2023M01,
Total Nacional,Ceuta,,03133 Torrevieja,Turistas,2022M12,
Total Nacional,Ceuta,,03133 Torrevieja,Turistas,2022M11,
Total Nacional,Ceuta,,03133 Torrevieja,Turistas,2022M10,
Total Nacional,Ceuta,,03133 Torrevieja,Turistas,2022M09,
Total Nacional,Ceuta,,03133 Torrevieja,Turistas,2022M08,
Total Nacional,Ceuta,,03133 Torrevieja,Turistas,2022M07,
Total Nacional,Ceuta,,03133 Torrevieja,Turistas,2022M06,
Total Nacional,Ceuta,,03133 Torrevieja,Turistas,2022M05,
Total Nacional,Ceuta,,03133 Torrevieja,Turistas,2022M04,
Total Nacional,Ceuta,,03133 Torrevieja,Turistas,2022M03,
Total Nacional,Ceuta,,03133 Torrevieja,Turistas,2022M02,
Total Nacional,Ceuta,,03133 Torrevieja,Turistas,2022M01,.
Total Nacional,Ceuta,,03133 Torrevieja,Turistas,2021M12,
Total Nacional,Ceuta,,03133 Torrevieja,Turistas,2021M11,
Total Nacional,Ceuta,,03133 Torrevieja,Turistas,2021M10,
Total Nacional,Ceuta,,03133 Torrevieja,Turistas,2021M09,
Total Nacional,Ceuta,,03133 Torrevieja,Turistas,2021M08,
Total Nacional,Ceuta,,03133 Torrevieja,Turistas,2021M07,
Total Nacional,Ceuta,,03133 Torrevieja,Turistas,2021M06,
Total Nacional,Ceuta,,03133 Torrevieja,Turistas,2021M05,
Total Nacional,Ceuta,,03133 Torrevieja,Turistas,2021M04,
Total Nacional,Ceuta,,03133 Torrevieja,Turistas,2021M03,
Total Nacional,Ceuta,,03133 Torrevieja,Turistas,2021M02,
Total Nacional,Ceuta,,03133 Torrevieja,Turistas,2021M01,
Total Nacional,Ceuta,,03133 Torrevieja,Turistas,2020M12,
Total Nacional,Ceuta,,03133 Torrevieja,Turistas,2020M11,
Total Nacional,Ceuta,,03133 Torrevieja,Turistas,2020M10,
Total Nacional,Ceuta,,03133 Torrevieja,Turistas,2020M09,
Total Nacional,Ceuta,,03133 Torrevieja,Turistas,2020M08,54
Total Nacional,Ceuta,,03133 Torrevieja,Turistas,2020M07,38
Total Nacional,Ceuta,,03133 Torrevieja,Turistas,2020M06,
Total Nacional,Ceuta,,03133 Torrevieja,Turistas,2020M05,
Total Nacional,Ceuta,,03133 Torrevieja,Turistas,2020M04,
Total Nacional,Ceuta,,03133 Torrevieja,Turistas,2020M03,
Total Nacional,Ceuta,,03133 Torrevieja,Turistas,2020M02,
Total Nacional,Ceuta,,03133 Torrevieja,Turistas,2020M01,
Total Nacional,Ceuta,,03133 Torrevieja,Turistas,2019M12,
Total Nacional,Ceuta,,03133 Torrevieja,Turistas,2019M11,
Total Nacional,Ceuta,,03133 Torrevieja,Turistas,2019M10,
Total Nacional,Ceuta,,03133 Torrevieja,Turistas,2019M09,
Total Nacional,Ceuta,,03133 Torrevieja,Turistas,2019M08,
Total Nacional,Ceuta,,03133 Torrevieja,Turistas,2019M07,
Total Nacional,Ceuta,Ceuta,03133 Torrevieja,Turistas,2025M12,
Total Nacional,Ceuta,Ceuta,03133 Torrevieja,Turistas,2025M11,
Total Nacional,Ceuta,Ceuta,03133 Torrevieja,Turistas,2025M10,
Total Nacional,Ceuta,Ceuta,03133 Torrevieja,Turistas,2025M09,
Total Nacional,Ceuta,Ceuta,03133 Torrevieja,Turistas,2025M08,
Total Nacional,Ceuta,Ceuta,03133 Torrevieja,Turistas,2025M07,
Total Nacional,Ceuta,Ceuta,03133 Torrevieja,Turistas,2025M06,
Total Nacional,Ceuta,Ceuta,03133 Torrevieja,Turistas,2025M05,
Total Nacional,Ceuta,Ceuta,03133 Torrevieja,Turistas,2025M04,
Total Nacional,Ceuta,Ceuta,03133 Torrevieja,Turistas,2025M03,
Total Nacional,Ceuta,Ceuta,03133 Torrevieja,Turistas,2025M02,
Total Nacional,Ceuta,Ceuta,03133 Torrevieja,Turistas,2025M01,
Total Nacional,Ceuta,Ceuta,03133 Torrevieja,Turistas,2024M12,
Total Nacional,Ceuta,Ceuta,03133 Torrevieja,Turistas,2024M11,
Total Nacional,Ceuta,Ceuta,03133 Torrevieja,Turistas,2024M10,
Total Nacional,Ceuta,Ceuta,03133 Torrevieja,Turistas,2024M09,
Total Nacional,Ceuta,Ceuta,03133 Torrevieja,Turistas,2024M08,
Total Nacional,Ceuta,Ceuta,03133 Torrevieja,Turistas,2024M07,
Total Nacional,Ceuta,Ceuta,03133 Torrevieja,Turistas,2024M06,
Total Nacional,Ceuta,Ceuta,03133 Torrevieja,Turistas,2024M05,
Total Nacional,Ceuta,Ceuta,03133 Torrevieja,Turistas,2024M04,
Total Nacional,Ceuta,Ceuta,03133 Torrevieja,Turistas,2024M03,
Total Nacional,Ceuta,Ceuta,03133 Torrevieja,Turistas,2024M02,
Total Nacional,Ceuta,Ceuta,03133 Torrevieja,Turistas,2024M01,
Total Nacional,Ceuta,Ceuta,03133 Torrevieja,Turistas,2023M12,
Total Nacional,Ceuta,Ceuta,03133 Torrevieja,Turistas,2023M11,
Total Nacional,Ceuta,Ceuta,03133 Torrevieja,Turistas,2023M10,
Total Nacional,Ceuta,Ceuta,03133 Torrevieja,Turistas,2023M09,
Total Nacional,Ceuta,Ceuta,03133 Torrevieja,Turistas,2023M08,
Total Nacional,Ceuta,Ceuta,03133 Torrevieja,Turistas,2023M07,
Total Nacional,Ceuta,Ceuta,03133 Torrevieja,Turistas,2023M06,
Total Nacional,Ceuta,Ceuta,03133 Torrevieja,Turistas,2023M05,
Total Nacional,Ceuta,Ceuta,03133 Torrevieja,Turistas,2023M04,
Total Nacional,Ceuta,Ceuta,03133 Torrevieja,Turistas,2023M03,
Total Nacional,Ceuta,Ceuta,03133 Torrevieja,Turistas,2023M02,
Total Nacional,Ceuta,Ceuta,03133 Torrevieja,Turistas,2023M01,
Total Nacional,Ceuta,Ceuta,03133 Torrevieja,Turistas,2022M12,
Total Nacional,Ceuta,Ceuta,03133 Torrevieja,Turistas,2022M11,
Total Nacional,Ceuta,Ceuta,03133 Torrevieja,Turistas,2022M10,
Total Nacional,Ceuta,Ceuta,03133 Torrevieja,Turistas,2022M09,
Total Nacional,Ceuta,Ceuta,03133 Torrevieja,Turistas,2022M08,
Total Nacional,Ceuta,Ceuta,03133 Torrevieja,Turistas,2022M07,
Total Nacional,Ceuta,Ceuta,03133 Torrevieja,Turistas,2022M06,
Total Nacional,Ceuta,Ceuta,03133 Torrevieja,Turistas,2022M05,
Total Nacional,Ceuta,Ceuta,03133 Torrevieja,Turistas,2022M04,
Total Nacional,Ceuta,Ceuta,03133 Torrevieja,Turistas,2022M03,
Total Nacional,Ceuta,Ceuta,03133 Torrevieja,Turistas,2022M02,
Total Nacional,Ceuta,Ceuta,03133 Torrevieja,Turistas,2022M01,.
Total Nacional,Ceuta,Ceuta,03133 Torrevieja,Turistas,2021M12,
Total Nacional,Ceuta,Ceuta,03133 Torrevieja,Turistas,2021M11,
Total Nacional,Ceuta,Ceuta,03133 Torrevieja,Turistas,2021M10,
Total Nacional,Ceuta,Ceuta,03133 Torrevieja,Turistas,2021M09,
Total Nacional,Ceuta,Ceuta,03133 Torrevieja,Turistas,2021M08,
Total Nacional,Ceuta,Ceuta,03133 Torrevieja,Turistas,2021M07,
Total Nacional,Ceuta,Ceuta,03133 Torrevieja,Turistas,2021M06,
Total Nacional,Ceuta,Ceuta,03133 Torrevieja,Turistas,2021M05,
Total Nacional,Ceuta,Ceuta,03133 Torrevieja,Turistas,2021M04,
Total Nacional,Ceuta,Ceuta,03133 Torrevieja,Turistas,2021M03,
Total Nacional,Ceuta,Ceuta,03133 Torrevieja,Turistas,2021M02,
Total Nacional,Ceuta,Ceuta,03133 Torrevieja,Turistas,2021M01,
Total Nacional,Ceuta,Ceuta,03133 Torrevieja,Turistas,2020M12,
Total Nacional,Ceuta,Ceuta,03133 Torrevieja,Turistas,2020M11,
Total Nacional,Ceuta,Ceuta,03133 Torrevieja,Turistas,2020M10,
Total Nacional,Ceuta,Ceuta,03133 Torrevieja,Turistas,2020M09,
Total Nacional,Ceuta,Ceuta,03133 Torrevieja,Turistas,2020M08,54
Total Nacional,Ceuta,Ceuta,03133 Torrevieja,Turistas,2020M07,38
Total Nacional,Ceuta,Ceuta,03133 Torrevieja,Turistas,2020M06,
Total Nacional,Ceuta,Ceuta,03133 Torrevieja,Turistas,2020M05,
Total Nacional,Ceuta,Ceuta,03133 Torrevieja,Turistas,2020M04,
Total Nacional,Ceuta,Ceuta,03133 Torrevieja,Turistas,2020M03,
Total Nacional,Ceuta,Ceuta,03133 Torrevieja,Turistas,2020M02,
Total Nacional,Ceuta,Ceuta,03133 Torrevieja,Turistas,2020M01,
Total Nacional,Ceuta,Ceuta,03133 Torrevieja,Turistas,2019M12,
Total Nacional,Ceuta,Ceuta,03133 Torrevieja,Turistas,2019M11,
Total Nacional,Ceuta,Ceuta,03133 Torrevieja,Turistas,2019M10,
Total Nacional,Ceuta,Ceuta,03133 Torrevieja,Turistas,2019M09,
Total Nacional,Ceuta,Ceuta,03133 Torrevieja,Turistas,2019M08,
Total Nacional,Ceuta,Ceuta,03133 Torrevieja,Turistas,2019M07,
Total Nacional,Comunitat Valenciana,,03133 Torrevieja,Turistas,2025M12,1.968
Total Nacional,Comunitat Valenciana,,03133 Torrevieja,Turistas,2025M11,2.264
Total Nacional,Comunitat Valenciana,,03133 Torrevieja,Turistas,2025M10,2.067
Total Nacional,Comunitat Valenciana,,03133 Torrevieja,Turistas,2025M09,2.482
Total Nacional,Comunitat Valenciana,,03133 Torrevieja,Turistas,2025M08,3.958
Total Nacional,Comunitat Valenciana,,03133 Torrevieja,Turistas,2025M07,3.239
Total Nacional,Comunitat Valenciana,,03133 Torrevieja,Turistas,2025M06,2.972
Total Nacional,Comunitat Valenciana,,03133 Torrevieja,Turistas,2025M05,2.080
Total Nacional,Comunitat Valenciana,,03133 Torrevieja,Turistas,2025M04,2.662
Total Nacional,Comunitat Valenciana,,03133 Torrevieja,Turistas,2025M03,2.301
Total Nacional,Comunitat Valenciana,,03133 Torrevieja,Turistas,2025M02,2.170
Total Nacional,Comunitat Valenciana,,03133 Torrevieja,Turistas,2025M01,2.469
Total Nacional,Comunitat Valenciana,,03133 Torrevieja,Turistas,2024M12,2.169
Total Nacional,Comunitat Valenciana,,03133 Torrevieja,Turistas,2024M11,1.920
Total Nacional,Comunitat Valenciana,,03133 Torrevieja,Turistas,2024M10,2.518
Total Nacional,Comunitat Valenciana,,03133 Torrevieja,Turistas,2024M09,2.991
Total Nacional,Comunitat Valenciana,,03133 Torrevieja,Turistas,2024M08,4.231
Total Nacional,Comunitat Valenciana,,03133 Torrevieja,Turistas,2024M07,3.395
Total Nacional,Comunitat Valenciana,,03133 Torrevieja,Turistas,2024M06,3.136
Total Nacional,Comunitat Valenciana,,03133 Torrevieja,Turistas,2024M05,2.719
Total Nacional,Comunitat Valenciana,,03133 Torrevieja,Turistas,2024M04,2.570
Total Nacional,Comunitat Valenciana,,03133 Torrevieja,Turistas,2024M03,2.237
Total Nacional,Comunitat Valenciana,,03133 Torrevieja,Turistas,2024M02,1.804
Total Nacional,Comunitat Valenciana,,03133 Torrevieja,Turistas,2024M01,2.362
Total Nacional,Comunitat Valenciana,,03133 Torrevieja,Turistas,2023M12,2.298
Total Nacional,Comunitat Valenciana,,03133 Torrevieja,Turistas,2023M11,2.001
Total Nacional,Comunitat Valenciana,,03133 Torrevieja,Turistas,2023M10,2.877
Total Nacional,Comunitat Valenciana,,03133 Torrevieja,Turistas,2023M09,2.678
Total Nacional,Comunitat Valenciana,,03133 Torrevieja,Turistas,2023M08,4.669
Total Nacional,Comunitat Valenciana,,03133 Torrevieja,Turistas,2023M07,3.704
Total Nacional,Comunitat Valenciana,,03133 Torrevieja,Turistas,2023M06,2.108
Total Nacional,Comunitat Valenciana,,03133 Torrevieja,Turistas,2023M05,1.842
Total Nacional,Comunitat Valenciana,,03133 Torrevieja,Turistas,2023M04,2.616
Total Nacional,Comunitat Valenciana,,03133 Torrevieja,Turistas,2023M03,1.572
Total Nacional,Comunitat Valenciana,,03133 Torrevieja,Turistas,2023M02,1.560
Total Nacional,Comunitat Valenciana,,03133 Torrevieja,Turistas,2023M01,1.862
Total Nacional,Comunitat Valenciana,,03133 Torrevieja,Turistas,2022M12,1.547
Total Nacional,Comunitat Valenciana,,03133 Torrevieja,Turistas,2022M11,1.635
Total Nacional,Comunitat Valenciana,,03133 Torrevieja,Turistas,2022M10,1.892
Total Nacional,Comunitat Valenciana,,03133 Torrevieja,Turistas,2022M09,2.145
Total Nacional,Comunitat Valenciana,,03133 Torrevieja,Turistas,2022M08,3.675
Total Nacional,Comunitat Valenciana,,03133 Torrevieja,Turistas,2022M07,3.127
Total Nacional,Comunitat Valenciana,,03133 Torrevieja,Turistas,2022M06,2.198
Total Nacional,Comunitat Valenciana,,03133 Torrevieja,Turistas,2022M05,2.042
Total Nacional,Comunitat Valenciana,,03133 Torrevieja,Turistas,2022M04,2.316
Total Nacional,Comunitat Valenciana,,03133 Torrevieja,Turistas,2022M03,1.393
Total Nacional,Comunitat Valenciana,,03133 Torrevieja,Turistas,2022M02,1.355
Total Nacional,Comunitat Valenciana,,03133 Torrevieja,Turistas,2022M01,1.787
Total Nacional,Comunitat Valenciana,,03133 Torrevieja,Turistas,2021M12,1.658
Total Nacional,Comunitat Valenciana,,03133 Torrevieja,Turistas,2021M11,1.673
Total Nacional,Comunitat Valenciana,,03133 Torrevieja,Turistas,2021M10,2.026
Total Nacional,Comunitat Valenciana,,03133 Torrevieja,Turistas,2021M09,2.393
Total Nacional,Comunitat Valenciana,,03133 Torrevieja,Turistas,2021M08,4.755
Total Nacional,Comunitat Valenciana,,03133 Torrevieja,Turistas,2021M07,3.121
Total Nacional,Comunitat Valenciana,,03133 Torrevieja,Turistas,2021M06,2.522
Total Nacional,Comunitat Valenciana,,03133 Torrevieja,Turistas,2021M05,1.953
Total Nacional,Comunitat Valenciana,,03133 Torrevieja,Turistas,2021M04,2.541
Total Nacional,Comunitat Valenciana,,03133 Torrevieja,Turistas,2021M03,1.650
Total Nacional,Comunitat Valenciana,,03133 Torrevieja,Turistas,2021M02,691
Total Nacional,Comunitat Valenciana,,03133 Torrevieja,Turistas,2021M01,1.145
Total Nacional,Comunitat Valenciana,,03133 Torrevieja,Turistas,2020M12,1.321
Total Nacional,Comunitat Valenciana,,03133 Torrevieja,Turistas,2020M11,1.315
Total Nacional,Comunitat Valenciana,,03133 Torrevieja,Turistas,2020M10,2.120
Total Nacional,Comunitat Valenciana,,03133 Torrevieja,Turistas,2020M09,2.416
Total Nacional,Comunitat Valenciana,,03133 Torrevieja,Turistas,2020M08,4.083
Total Nacional,Comunitat Valenciana,,03133 Torrevieja,Turistas,2020M07,2.723
Total Nacional,Comunitat Valenciana,,03133 Torrevieja,Turistas,2020M06,1.399
Total Nacional,Comunitat Valenciana,,03133 Torrevieja,Turistas,2020M05,290
Total Nacional,Comunitat Valenciana,,03133 Torrevieja,Turistas,2020M04,230
Total Nacional,Comunitat Valenciana,,03133 Torrevieja,Turistas,2020M03,1.273
Total Nacional,Comunitat Valenciana,,03133 Torrevieja,Turistas,2020M02,2.212
Total Nacional,Comunitat Valenciana,,03133 Torrevieja,Turistas,2020M01,1.982
Total Nacional,Comunitat Valenciana,,03133 Torrevieja,Turistas,2019M12,1.852
Total Nacional,Comunitat Valenciana,,03133 Torrevieja,Turistas,2019M11,1.704
Total Nacional,Comunitat Valenciana,,03133 Torrevieja,Turistas,2019M10,2.459
Total Nacional,Comunitat Valenciana,,03133 Torrevieja,Turistas,2019M09,2.482
Total Nacional,Comunitat Valenciana,,03133 Torrevieja,Turistas,2019M08,3.813
Total Nacional,Comunitat Valenciana,,03133 Torrevieja,Turistas,2019M07,2.702
Total Nacional,Comunitat Valenciana,Alicante/Alacant,03133 Torrevieja,Turistas,2025M12,
Total Nacional,Comunitat Valenciana,Alicante/Alacant,03133 Torrevieja,Turistas,2025M11,
Total Nacional,Comunitat Valenciana,Alicante/Alacant,03133 Torrevieja,Turistas,2025M10,
Total Nacional,Comunitat Valenciana,Alicante/Alacant,03133 Torrevieja,Turistas,2025M09,
Total Nacional,Comunitat Valenciana,Alicante/Alacant,03133 Torrevieja,Turistas,2025M08,
Total Nacional,Comunitat Valenciana,Alicante/Alacant,03133 Torrevieja,Turistas,2025M07,
Total Nacional,Comunitat Valenciana,Alicante/Alacant,03133 Torrevieja,Turistas,2025M06,
Total Nacional,Comunitat Valenciana,Alicante/Alacant,03133 Torrevieja,Turistas,2025M05,
Total Nacional,Comunitat Valenciana,Alicante/Alacant,03133 Torrevieja,Turistas,2025M04,
Total Nacional,Comunitat Valenciana,Alicante/Alacant,03133 Torrevieja,Turistas,2025M03,
Total Nacional,Comunitat Valenciana,Alicante/Alacant,03133 Torrevieja,Turistas,2025M02,
Total Nacional,Comunitat Valenciana,Alicante/Alacant,03133 Torrevieja,Turistas,2025M01,
Total Nacional,Comunitat Valenciana,Alicante/Alacant,03133 Torrevieja,Turistas,2024M12,
Total Nacional,Comunitat Valenciana,Alicante/Alacant,03133 Torrevieja,Turistas,2024M11,
Total Nacional,Comunitat Valenciana,Alicante/Alacant,03133 Torrevieja,Turistas,2024M10,
Total Nacional,Comunitat Valenciana,Alicante/Alacant,03133 Torrevieja,Turistas,2024M09,
Total Nacional,Comunitat Valenciana,Alicante/Alacant,03133 Torrevieja,Turistas,2024M08,
Total Nacional,Comunitat Valenciana,Alicante/Alacant,03133 Torrevieja,Turistas,2024M07,
Total Nacional,Comunitat Valenciana,Alicante/Alacant,03133 Torrevieja,Turistas,2024M06,
Total Nacional,Comunitat Valenciana,Alicante/Alacant,03133 Torrevieja,Turistas,2024M05,
Total Nacional,Comunitat Valenciana,Alicante/Alacant,03133 Torrevieja,Turistas,2024M04,
Total Nacional,Comunitat Valenciana,Alicante/Alacant,03133 Torrevieja,Turistas,2024M03,
Total Nacional,Comunitat Valenciana,Alicante/Alacant,03133 Torrevieja,Turistas,2024M02,
Total Nacional,Comunitat Valenciana,Alicante/Alacant,03133 Torrevieja,Turistas,2024M01,
Total Nacional,Comunitat Valenciana,Alicante/Alacant,03133 Torrevieja,Turistas,2023M12,
Total Nacional,Comunitat Valenciana,Alicante/Alacant,03133 Torrevieja,Turistas,2023M11,
Total Nacional,Comunitat Valenciana,Alicante/Alacant,03133 Torrevieja,Turistas,2023M10,
Total Nacional,Comunitat Valenciana,Alicante/Alacant,03133 Torrevieja,Turistas,2023M09,
Total Nacional,Comunitat Valenciana,Alicante/Alacant,03133 Torrevieja,Turistas,2023M08,
Total Nacional,Comunitat Valenciana,Alicante/Alacant,03133 Torrevieja,Turistas,2023M07,
Total Nacional,Comunitat Valenciana,Alicante/Alacant,03133 Torrevieja,Turistas,2023M06,
Total Nacional,Comunitat Valenciana,Alicante/Alacant,03133 Torrevieja,Turistas,2023M05,
Total Nacional,Comunitat Valenciana,Alicante/Alacant,03133 Torrevieja,Turistas,2023M04,
Total Nacional,Comunitat Valenciana,Alicante/Alacant,03133 Torrevieja,Turistas,2023M03,
Total Nacional,Comunitat Valenciana,Alicante/Alacant,03133 Torrevieja,Turistas,2023M02,
Total Nacional,Comunitat Valenciana,Alicante/Alacant,03133 Torrevieja,Turistas,2023M01,
Total Nacional,Comunitat Valenciana,Alicante/Alacant,03133 Torrevieja,Turistas,2022M12,
Total Nacional,Comunitat Valenciana,Alicante/Alacant,03133 Torrevieja,Turistas,2022M11,
Total Nacional,Comunitat Valenciana,Alicante/Alacant,03133 Torrevieja,Turistas,2022M10,
Total Nacional,Comunitat Valenciana,Alicante/Alacant,03133 Torrevieja,Turistas,2022M09,
Total Nacional,Comunitat Valenciana,Alicante/Alacant,03133 Torrevieja,Turistas,2022M08,
Total Nacional,Comunitat Valenciana,Alicante/Alacant,03133 Torrevieja,Turistas,2022M07,
Total Nacional,Comunitat Valenciana,Alicante/Alacant,03133 Torrevieja,Turistas,2022M06,
Total Nacional,Comunitat Valenciana,Alicante/Alacant,03133 Torrevieja,Turistas,2022M05,
Total Nacional,Comunitat Valenciana,Alicante/Alacant,03133 Torrevieja,Turistas,2022M04,
Total Nacional,Comunitat Valenciana,Alicante/Alacant,03133 Torrevieja,Turistas,2022M03,
Total Nacional,Comunitat Valenciana,Alicante/Alacant,03133 Torrevieja,Turistas,2022M02,
Total Nacional,Comunitat Valenciana,Alicante/Alacant,03133 Torrevieja,Turistas,2022M01,
Total Nacional,Comunitat Valenciana,Alicante/Alacant,03133 Torrevieja,Turistas,2021M12,
Total Nacional,Comunitat Valenciana,Alicante/Alacant,03133 Torrevieja,Turistas,2021M11,
Total Nacional,Comunitat Valenciana,Alicante/Alacant,03133 Torrevieja,Turistas,2021M10,
Total Nacional,Comunitat Valenciana,Alicante/Alacant,03133 Torrevieja,Turistas,2021M09,
Total Nacional,Comunitat Valenciana,Alicante/Alacant,03133 Torrevieja,Turistas,2021M08,
Total Nacional,Comunitat Valenciana,Alicante/Alacant,03133 Torrevieja,Turistas,2021M07,
Total Nacional,Comunitat Valenciana,Alicante/Alacant,03133 Torrevieja,Turistas,2021M06,
Total Nacional,Comunitat Valenciana,Alicante/Alacant,03133 Torrevieja,Turistas,2021M05,
Total Nacional,Comunitat Valenciana,Alicante/Alacant,03133 Torrevieja,Turistas,2021M04,
Total Nacional,Comunitat Valenciana,Alicante/Alacant,03133 Torrevieja,Turistas,2021M03,
Total Nacional,Comunitat Valenciana,Alicante/Alacant,03133 Torrevieja,Turistas,2021M02,
Total Nacional,Comunitat Valenciana,Alicante/Alacant,03133 Torrevieja,Turistas,2021M01,
Total Nacional,Comunitat Valenciana,Alicante/Alacant,03133 Torrevieja,Turistas,2020M12,
Total Nacional,Comunitat Valenciana,Alicante/Alacant,03133 Torrevieja,Turistas,2020M11,
Total Nacional,Comunitat Valenciana,Alicante/Alacant,03133 Torrevieja,Turistas,2020M10,
Total Nacional,Comunitat Valenciana,Alicante/Alacant,03133 Torrevieja,Turistas,2020M09,
Total Nacional,Comunitat Valenciana,Alicante/Alacant,03133 Torrevieja,Turistas,2020M08,
Total Nacional,Comunitat Valenciana,Alicante/Alacant,03133 Torrevieja,Turistas,2020M07,
Total Nacional,Comunitat Valenciana,Alicante/Alacant,03133 Torrevieja,Turistas,2020M06,
Total Nacional,Comunitat Valenciana,Alicante/Alacant,03133 Torrevieja,Turistas,2020M05,
Total Nacional,Comunitat Valenciana,Alicante/Alacant,03133 Torrevieja,Turistas,2020M04,
Total Nacional,Comunitat Valenciana,Alicante/Alacant,03133 Torrevieja,Turistas,2020M03,
Total Nacional,Comunitat Valenciana,Alicante/Alacant,03133 Torrevieja,Turistas,2020M02,
Total Nacional,Comunitat Valenciana,Alicante/Alacant,03133 Torrevieja,Turistas,2020M01,
Total Nacional,Comunitat Valenciana,Alicante/Alacant,03133 Torrevieja,Turistas,2019M12,
Total Nacional,Comunitat Valenciana,Alicante/Alacant,03133 Torrevieja,Turistas,2019M11,
Total Nacional,Comunitat Valenciana,Alicante/Alacant,03133 Torrevieja,Turistas,2019M10,
Total Nacional,Comunitat Valenciana,Alicante/Alacant,03133 Torrevieja,Turistas,2019M09,
Total Nacional,Comunitat Valenciana,Alicante/Alacant,03133 Torrevieja,Turistas,2019M08,
Total Nacional,Comunitat Valenciana,Alicante/Alacant,03133 Torrevieja,Turistas,2019M07,
Total Nacional,Comunitat Valenciana,Castellón/Castelló,03133 Torrevieja,Turistas,2025M12,165
Total Nacional,Comunitat Valenciana,Castellón/Castelló,03133 Torrevieja,Turistas,2025M11,222
Total Nacional,Comunitat Valenciana,Castellón/Castelló,03133 Torrevieja,Turistas,2025M10,184
Total Nacional,Comunitat Valenciana,Castellón/Castelló,03133 Torrevieja,Turistas,2025M09,243
Total Nacional,Comunitat Valenciana,Castellón/Castelló,03133 Torrevieja,Turistas,2025M08,283
Total Nacional,Comunitat Valenciana,Castellón/Castelló,03133 Torrevieja,Turistas,2025M07,251
Total Nacional,Comunitat Valenciana,Castellón/Castelló,03133 Torrevieja,Turistas,2025M06,284
Total Nacional,Comunitat Valenciana,Castellón/Castelló,03133 Torrevieja,Turistas,2025M05,180
Total Nacional,Comunitat Valenciana,Castellón/Castelló,03133 Torrevieja,Turistas,2025M04,261
Total Nacional,Comunitat Valenciana,Castellón/Castelló,03133 Torrevieja,Turistas,2025M03,216
Total Nacional,Comunitat Valenciana,Castellón/Castelló,03133 Torrevieja,Turistas,2025M02,250
Total Nacional,Comunitat Valenciana,Castellón/Castelló,03133 Torrevieja,Turistas,2025M01,137
Total Nacional,Comunitat Valenciana,Castellón/Castelló,03133 Torrevieja,Turistas,2024M12,266
Total Nacional,Comunitat Valenciana,Castellón/Castelló,03133 Torrevieja,Turistas,2024M11,140
Total Nacional,Comunitat Valenciana,Castellón/Castelló,03133 Torrevieja,Turistas,2024M10,153
Total Nacional,Comunitat Valenciana,Castellón/Castelló,03133 Torrevieja,Turistas,2024M09,221
Total Nacional,Comunitat Valenciana,Castellón/Castelló,03133 Torrevieja,Turistas,2024M08,295
Total Nacional,Comunitat Valenciana,Castellón/Castelló,03133 Torrevieja,Turistas,2024M07,236
Total Nacional,Comunitat Valenciana,Castellón/Castelló,03133 Torrevieja,Turistas,2024M06,280
Total Nacional,Comunitat Valenciana,Castellón/Castelló,03133 Torrevieja,Turistas,2024M05,306
Total Nacional,Comunitat Valenciana,Castellón/Castelló,03133 Torrevieja,Turistas,2024M04,167
Total Nacional,Comunitat Valenciana,Castellón/Castelló,03133 Torrevieja,Turistas,2024M03,161
Total Nacional,Comunitat Valenciana,Castellón/Castelló,03133 Torrevieja,Turistas,2024M02,159
Total Nacional,Comunitat Valenciana,Castellón/Castelló,03133 Torrevieja,Turistas,2024M01,171
Total Nacional,Comunitat Valenciana,Castellón/Castelló,03133 Torrevieja,Turistas,2023M12,200
Total Nacional,Comunitat Valenciana,Castellón/Castelló,03133 Torrevieja,Turistas,2023M11,213
Total Nacional,Comunitat Valenciana,Castellón/Castelló,03133 Torrevieja,Turistas,2023M10,316
Total Nacional,Comunitat Valenciana,Castellón/Castelló,03133 Torrevieja,Turistas,2023M09,288
Total Nacional,Comunitat Valenciana,Castellón/Castelló,03133 Torrevieja,Turistas,2023M08,382
Total Nacional,Comunitat Valenciana,Castellón/Castelló,03133 Torrevieja,Turistas,2023M07,272
Total Nacional,Comunitat Valenciana,Castellón/Castelló,03133 Torrevieja,Turistas,2023M06,213
Total Nacional,Comunitat Valenciana,Castellón/Castelló,03133 Torrevieja,Turistas,2023M05,165
Total Nacional,Comunitat Valenciana,Castellón/Castelló,03133 Torrevieja,Turistas,2023M04,237
Total Nacional,Comunitat Valenciana,Castellón/Castelló,03133 Torrevieja,Turistas,2023M03,149
Total Nacional,Comunitat Valenciana,Castellón/Castelló,03133 Torrevieja,Turistas,2023M02,84
Total Nacional,Comunitat Valenciana,Castellón/Castelló,03133 Torrevieja,Turistas,2023M01,147
Total Nacional,Comunitat Valenciana,Castellón/Castelló,03133 Torrevieja,Turistas,2022M12,168
Total Nacional,Comunitat Valenciana,Castellón/Castelló,03133 Torrevieja,Turistas,2022M11,159
Total Nacional,Comunitat Valenciana,Castellón/Castelló,03133 Torrevieja,Turistas,2022M10,208
Total Nacional,Comunitat Valenciana,Castellón/Castelló,03133 Torrevieja,Turistas,2022M09,231
Total Nacional,Comunitat Valenciana,Castellón/Castelló,03133 Torrevieja,Turistas,2022M08,370
Total Nacional,Comunitat Valenciana,Castellón/Castelló,03133 Torrevieja,Turistas,2022M07,263
Total Nacional,Comunitat Valenciana,Castellón/Castelló,03133 Torrevieja,Turistas,2022M06,212
Total Nacional,Comunitat Valenciana,Castellón/Castelló,03133 Torrevieja,Turistas,2022M05,243
Total Nacional,Comunitat Valenciana,Castellón/Castelló,03133 Torrevieja,Turistas,2022M04,235
Total Nacional,Comunitat Valenciana,Castellón/Castelló,03133 Torrevieja,Turistas,2022M03,152
Total Nacional,Comunitat Valenciana,Castellón/Castelló,03133 Torrevieja,Turistas,2022M02,174
Total Nacional,Comunitat Valenciana,Castellón/Castelló,03133 Torrevieja,Turistas,2022M01,208
Total Nacional,Comunitat Valenciana,Castellón/Castelló,03133 Torrevieja,Turistas,2021M12,148
Total Nacional,Comunitat Valenciana,Castellón/Castelló,03133 Torrevieja,Turistas,2021M11,212
Total Nacional,Comunitat Valenciana,Castellón/Castelló,03133 Torrevieja,Turistas,2021M10,232
Total Nacional,Comunitat Valenciana,Castellón/Castelló,03133 Torrevieja,Turistas,2021M09,249
Total Nacional,Comunitat Valenciana,Castellón/Castelló,03133 Torrevieja,Turistas,2021M08,342
Total Nacional,Comunitat Valenciana,Castellón/Castelló,03133 Torrevieja,Turistas,2021M07,202
Total Nacional,Comunitat Valenciana,Castellón/Castelló,03133 Torrevieja,Turistas,2021M06,181
Total Nacional,Comunitat Valenciana,Castellón/Castelló,03133 Torrevieja,Turistas,2021M05,151
Total Nacional,Comunitat Valenciana,Castellón/Castelló,03133 Torrevieja,Turistas,2021M04,234
Total Nacional,Comunitat Valenciana,Castellón/Castelló,03133 Torrevieja,Turistas,2021M03,105
Total Nacional,Comunitat Valenciana,Castellón/Castelló,03133 Torrevieja,Turistas,2021M02,.
Total Nacional,Comunitat Valenciana,Castellón/Castelló,03133 Torrevieja,Turistas,2021M01,85
Total Nacional,Comunitat Valenciana,Castellón/Castelló,03133 Torrevieja,Turistas,2020M12,98
Total Nacional,Comunitat Valenciana,Castellón/Castelló,03133 Torrevieja,Turistas,2020M11,77
Total Nacional,Comunitat Valenciana,Castellón/Castelló,03133 Torrevieja,Turistas,2020M10,166
Total Nacional,Comunitat Valenciana,Castellón/Castelló,03133 Torrevieja,Turistas,2020M09,197
Total Nacional,Comunitat Valenciana,Castellón/Castelló,03133 Torrevieja,Turistas,2020M08,253
Total Nacional,Comunitat Valenciana,Castellón/Castelló,03133 Torrevieja,Turistas,2020M07,184
Total Nacional,Comunitat Valenciana,Castellón/Castelló,03133 Torrevieja,Turistas,2020M06,84
Total Nacional,Comunitat Valenciana,Castellón/Castelló,03133 Torrevieja,Turistas,2020M05,.
Total Nacional,Comunitat Valenciana,Castellón/Castelló,03133 Torrevieja,Turistas,2020M04,.
Total Nacional,Comunitat Valenciana,Castellón/Castelló,03133 Torrevieja,Turistas,2020M03,165
Total Nacional,Comunitat Valenciana,Castellón/Castelló,03133 Torrevieja,Turistas,2020M02,220
Total Nacional,Comunitat Valenciana,Castellón/Castelló,03133 Torrevieja,Turistas,2020M01,144
Total Nacional,Comunitat Valenciana,Castellón/Castelló,03133 Torrevieja,Turistas,2019M12,184
Total Nacional,Comunitat Valenciana,Castellón/Castelló,03133 Torrevieja,Turistas,2019M11,207
Total Nacional,Comunitat Valenciana,Castellón/Castelló,03133 Torrevieja,Turistas,2019M10,251
Total Nacional,Comunitat Valenciana,Castellón/Castelló,03133 Torrevieja,Turistas,2019M09,249
Total Nacional,Comunitat Valenciana,Castellón/Castelló,03133 Torrevieja,Turistas,2019M08,287
Total Nacional,Comunitat Valenciana,Castellón/Castelló,03133 Torrevieja,Turistas,2019M07,239
Total Nacional,Comunitat Valenciana,Valencia/València,03133 Torrevieja,Turistas,2025M12,1.803
Total Nacional,Comunitat Valenciana,Valencia/València,03133 Torrevieja,Turistas,2025M11,2.042
Total Nacional,Comunitat Valenciana,Valencia/València,03133 Torrevieja,Turistas,2025M10,1.883
Total Nacional,Comunitat Valenciana,Valencia/València,03133 Torrevieja,Turistas,2025M09,2.239
Total Nacional,Comunitat Valenciana,Valencia/València,03133 Torrevieja,Turistas,2025M08,3.675
Total Nacional,Comunitat Valenciana,Valencia/València,03133 Torrevieja,Turistas,2025M07,2.988
Total Nacional,Comunitat Valenciana,Valencia/València,03133 Torrevieja,Turistas,2025M06,2.688
Total Nacional,Comunitat Valenciana,Valencia/València,03133 Torrevieja,Turistas,2025M05,1.900
Total Nacional,Comunitat Valenciana,Valencia/València,03133 Torrevieja,Turistas,2025M04,2.401
Total Nacional,Comunitat Valenciana,Valencia/València,03133 Torrevieja,Turistas,2025M03,2.085
Total Nacional,Comunitat Valenciana,Valencia/València,03133 Torrevieja,Turistas,2025M02,1.920
Total Nacional,Comunitat Valenciana,Valencia/València,03133 Torrevieja,Turistas,2025M01,2.332
Total Nacional,Comunitat Valenciana,Valencia/València,03133 Torrevieja,Turistas,2024M12,1.903
Total Nacional,Comunitat Valenciana,Valencia/València,03133 Torrevieja,Turistas,2024M11,1.780
Total Nacional,Comunitat Valenciana,Valencia/València,03133 Torrevieja,Turistas,2024M10,2.365
Total Nacional,Comunitat Valenciana,Valencia/València,03133 Torrevieja,Turistas,2024M09,2.770
Total Nacional,Comunitat Valenciana,Valencia/València,03133 Torrevieja,Turistas,2024M08,3.936
Total Nacional,Comunitat Valenciana,Valencia/València,03133 Torrevieja,Turistas,2024M07,3.159
Total Nacional,Comunitat Valenciana,Valencia/València,03133 Torrevieja,Turistas,2024M06,2.856
Total Nacional,Comunitat Valenciana,Valencia/València,03133 Torrevieja,Turistas,2024M05,2.413
Total Nacional,Comunitat Valenciana,Valencia/València,03133 Torrevieja,Turistas,2024M04,2.403
Total Nacional,Comunitat Valenciana,Valencia/València,03133 Torrevieja,Turistas,2024M03,2.076
Total Nacional,Comunitat Valenciana,Valencia/València,03133 Torrevieja,Turistas,2024M02,1.645
Total Nacional,Comunitat Valenciana,Valencia/València,03133 Torrevieja,Turistas,2024M01,2.191
Total Nacional,Comunitat Valenciana,Valencia/València,03133 Torrevieja,Turistas,2023M12,2.098
Total Nacional,Comunitat Valenciana,Valencia/València,03133 Torrevieja,Turistas,2023M11,1.788
Total Nacional,Comunitat Valenciana,Valencia/València,03133 Torrevieja,Turistas,2023M10,2.561
Total Nacional,Comunitat Valenciana,Valencia/València,03133 Torrevieja,Turistas,2023M09,2.390
Total Nacional,Comunitat Valenciana,Valencia/València,03133 Torrevieja,Turistas,2023M08,4.287
Total Nacional,Comunitat Valenciana,Valencia/València,03133 Torrevieja,Turistas,2023M07,3.432
Total Nacional,Comunitat Valenciana,Valencia/València,03133 Torrevieja,Turistas,2023M06,1.895
Total Nacional,Comunitat Valenciana,Valencia/València,03133 Torrevieja,Turistas,2023M05,1.677
Total Nacional,Comunitat Valenciana,Valencia/València,03133 Torrevieja,Turistas,2023M04,2.379
Total Nacional,Comunitat Valenciana,Valencia/València,03133 Torrevieja,Turistas,2023M03,1.423
Total Nacional,Comunitat Valenciana,Valencia/València,03133 Torrevieja,Turistas,2023M02,1.476
Total Nacional,Comunitat Valenciana,Valencia/València,03133 Torrevieja,Turistas,2023M01,1.715
Total Nacional,Comunitat Valenciana,Valencia/València,03133 Torrevieja,Turistas,2022M12,1.379
Total Nacional,Comunitat Valenciana,Valencia/València,03133 Torrevieja,Turistas,2022M11,1.476
Total Nacional,Comunitat Valenciana,Valencia/València,03133 Torrevieja,Turistas,2022M10,1.684
Total Nacional,Comunitat Valenciana,Valencia/València,03133 Torrevieja,Turistas,2022M09,1.914
Total Nacional,Comunitat Valenciana,Valencia/València,03133 Torrevieja,Turistas,2022M08,3.305
Total Nacional,Comunitat Valenciana,Valencia/València,03133 Torrevieja,Turistas,2022M07,2.864
Total Nacional,Comunitat Valenciana,Valencia/València,03133 Torrevieja,Turistas,2022M06,1.986
Total Nacional,Comunitat Valenciana,Valencia/València,03133 Torrevieja,Turistas,2022M05,1.799
Total Nacional,Comunitat Valenciana,Valencia/València,03133 Torrevieja,Turistas,2022M04,2.081
Total Nacional,Comunitat Valenciana,Valencia/València,03133 Torrevieja,Turistas,2022M03,1.241
Total Nacional,Comunitat Valenciana,Valencia/València,03133 Torrevieja,Turistas,2022M02,1.181
Total Nacional,Comunitat Valenciana,Valencia/València,03133 Torrevieja,Turistas,2022M01,1.579
Total Nacional,Comunitat Valenciana,Valencia/València,03133 Torrevieja,Turistas,2021M12,1.510
Total Nacional,Comunitat Valenciana,Valencia/València,03133 Torrevieja,Turistas,2021M11,1.461
Total Nacional,Comunitat Valenciana,Valencia/València,03133 Torrevieja,Turistas,2021M10,1.794
Total Nacional,Comunitat Valenciana,Valencia/València,03133 Torrevieja,Turistas,2021M09,2.144
Total Nacional,Comunitat Valenciana,Valencia/València,03133 Torrevieja,Turistas,2021M08,4.413
Total Nacional,Comunitat Valenciana,Valencia/València,03133 Torrevieja,Turistas,2021M07,2.919
Total Nacional,Comunitat Valenciana,Valencia/València,03133 Torrevieja,Turistas,2021M06,2.341
Total Nacional,Comunitat Valenciana,Valencia/València,03133 Torrevieja,Turistas,2021M05,1.802
Total Nacional,Comunitat Valenciana,Valencia/València,03133 Torrevieja,Turistas,2021M04,2.307
Total Nacional,Comunitat Valenciana,Valencia/València,03133 Torrevieja,Turistas,2021M03,1.545
Total Nacional,Comunitat Valenciana,Valencia/València,03133 Torrevieja,Turistas,2021M02,668
Total Nacional,Comunitat Valenciana,Valencia/València,03133 Torrevieja,Turistas,2021M01,1.060
Total Nacional,Comunitat Valenciana,Valencia/València,03133 Torrevieja,Turistas,2020M12,1.223
Total Nacional,Comunitat Valenciana,Valencia/València,03133 Torrevieja,Turistas,2020M11,1.238
Total Nacional,Comunitat Valenciana,Valencia/València,03133 Torrevieja,Turistas,2020M10,1.954
Total Nacional,Comunitat Valenciana,Valencia/València,03133 Torrevieja,Turistas,2020M09,2.219
Total Nacional,Comunitat Valenciana,Valencia/València,03133 Torrevieja,Turistas,2020M08,3.830
Total Nacional,Comunitat Valenciana,Valencia/València,03133 Torrevieja,Turistas,2020M07,2.539
Total Nacional,Comunitat Valenciana,Valencia/València,03133 Torrevieja,Turistas,2020M06,1.315
Total Nacional,Comunitat Valenciana,Valencia/València,03133 Torrevieja,Turistas,2020M05,263
Total Nacional,Comunitat Valenciana,Valencia/València,03133 Torrevieja,Turistas,2020M04,209
Total Nacional,Comunitat Valenciana,Valencia/València,03133 Torrevieja,Turistas,2020M03,1.108
Total Nacional,Comunitat Valenciana,Valencia/València,03133 Torrevieja,Turistas,2020M02,1.992
Total Nacional,Comunitat Valenciana,Valencia/València,03133 Torrevieja,Turistas,2020M01,1.838
Total Nacional,Comunitat Valenciana,Valencia/València,03133 Torrevieja,Turistas,2019M12,1.668
Total Nacional,Comunitat Valenciana,Valencia/València,03133 Torrevieja,Turistas,2019M11,1.497
Total Nacional,Comunitat Valenciana,Valencia/València,03133 Torrevieja,Turistas,2019M10,2.208
Total Nacional,Comunitat Valenciana,Valencia/València,03133 Torrevieja,Turistas,2019M09,2.233
Total Nacional,Comunitat Valenciana,Valencia/València,03133 Torrevieja,Turistas,2019M08,3.526
Total Nacional,Comunitat Valenciana,Valencia/València,03133 Torrevieja,Turistas,2019M07,2.463
Total Nacional,Extremadura,,03133 Torrevieja,Turistas,2025M12,77
Total Nacional,Extremadura,,03133 Torrevieja,Turistas,2025M11,104
Total Nacional,Extremadura,,03133 Torrevieja,Turistas,2025M10,76
Total Nacional,Extremadura,,03133 Torrevieja,Turistas,2025M09,301
Total Nacional,Extremadura,,03133 Torrevieja,Turistas,2025M08,652
Total Nacional,Extremadura,,03133 Torrevieja,Turistas,2025M07,417
Total Nacional,Extremadura,,03133 Torrevieja,Turistas,2025M06,238
Total Nacional,Extremadura,,03133 Torrevieja,Turistas,2025M05,103
Total Nacional,Extremadura,,03133 Torrevieja,Turistas,2025M04,171
Total Nacional,Extremadura,,03133 Torrevieja,Turistas,2025M03,131
Total Nacional,Extremadura,,03133 Torrevieja,Turistas,2025M02,54
Total Nacional,Extremadura,,03133 Torrevieja,Turistas,2025M01,96
Total Nacional,Extremadura,,03133 Torrevieja,Turistas,2024M12,39
Total Nacional,Extremadura,,03133 Torrevieja,Turistas,2024M11,101
Total Nacional,Extremadura,,03133 Torrevieja,Turistas,2024M10,97
Total Nacional,Extremadura,,03133 Torrevieja,Turistas,2024M09,412
Total Nacional,Extremadura,,03133 Torrevieja,Turistas,2024M08,536
Total Nacional,Extremadura,,03133 Torrevieja,Turistas,2024M07,572
Total Nacional,Extremadura,,03133 Torrevieja,Turistas,2024M06,200
Total Nacional,Extremadura,,03133 Torrevieja,Turistas,2024M05,145
Total Nacional,Extremadura,,03133 Torrevieja,Turistas,2024M04,172
Total Nacional,Extremadura,,03133 Torrevieja,Turistas,2024M03,137
Total Nacional,Extremadura,,03133 Torrevieja,Turistas,2024M02,139
Total Nacional,Extremadura,,03133 Torrevieja,Turistas,2024M01,50
Total Nacional,Extremadura,,03133 Torrevieja,Turistas,2023M12,83
Total Nacional,Extremadura,,03133 Torrevieja,Turistas,2023M11,117
Total Nacional,Extremadura,,03133 Torrevieja,Turistas,2023M10,226
Total Nacional,Extremadura,,03133 Torrevieja,Turistas,2023M09,433
Total Nacional,Extremadura,,03133 Torrevieja,Turistas,2023M08,577
Total Nacional,Extremadura,,03133 Torrevieja,Turistas,2023M07,720
Total Nacional,Extremadura,,03133 Torrevieja,Turistas,2023M06,168
Total Nacional,Extremadura,,03133 Torrevieja,Turistas,2023M05,92
Total Nacional,Extremadura,,03133 Torrevieja,Turistas,2023M04,312
Total Nacional,Extremadura,,03133 Torrevieja,Turistas,2023M03,98
Total Nacional,Extremadura,,03133 Torrevieja,Turistas,2023M02,116
Total Nacional,Extremadura,,03133 Torrevieja,Turistas,2023M01,100
Total Nacional,Extremadura,,03133 Torrevieja,Turistas,2022M12,82
Total Nacional,Extremadura,,03133 Torrevieja,Turistas,2022M11,97
Total Nacional,Extremadura,,03133 Torrevieja,Turistas,2022M10,199
Total Nacional,Extremadura,,03133 Torrevieja,Turistas,2022M09,270
Total Nacional,Extremadura,,03133 Torrevieja,Turistas,2022M08,657
Total Nacional,Extremadura,,03133 Torrevieja,Turistas,2022M07,674
Total Nacional,Extremadura,,03133 Torrevieja,Turistas,2022M06,144
Total Nacional,Extremadura,,03133 Torrevieja,Turistas,2022M05,127
Total Nacional,Extremadura,,03133 Torrevieja,Turistas,2022M04,188
Total Nacional,Extremadura,,03133 Torrevieja,Turistas,2022M03,88
Total Nacional,Extremadura,,03133 Torrevieja,Turistas,2022M02,105
Total Nacional,Extremadura,,03133 Torrevieja,Turistas,2022M01,116
Total Nacional,Extremadura,,03133 Torrevieja,Turistas,2021M12,148
Total Nacional,Extremadura,,03133 Torrevieja,Turistas,2021M11,170
Total Nacional,Extremadura,,03133 Torrevieja,Turistas,2021M10,209
Total Nacional,Extremadura,,03133 Torrevieja,Turistas,2021M09,401
Total Nacional,Extremadura,,03133 Torrevieja,Turistas,2021M08,664
Total Nacional,Extremadura,,03133 Torrevieja,Turistas,2021M07,494
Total Nacional,Extremadura,,03133 Torrevieja,Turistas,2021M06,154
Total Nacional,Extremadura,,03133 Torrevieja,Turistas,2021M05,91
Total Nacional,Extremadura,,03133 Torrevieja,Turistas,2021M04,
Total Nacional,Extremadura,,03133 Torrevieja,Turistas,2021M03,30
Total Nacional,Extremadura,,03133 Torrevieja,Turistas,2021M02,.
Total Nacional,Extremadura,,03133 Torrevieja,Turistas,2021M01,46
Total Nacional,Extremadura,,03133 Torrevieja,Turistas,2020M12,36
Total Nacional,Extremadura,,03133 Torrevieja,Turistas,2020M11,74
Total Nacional,Extremadura,,03133 Torrevieja,Turistas,2020M10,125
Total Nacional,Extremadura,,03133 Torrevieja,Turistas,2020M09,226
Total Nacional,Extremadura,,03133 Torrevieja,Turistas,2020M08,305
Total Nacional,Extremadura,,03133 Torrevieja,Turistas,2020M07,199
Total Nacional,Extremadura,,03133 Torrevieja,Turistas,2020M06,30
Total Nacional,Extremadura,,03133 Torrevieja,Turistas,2020M05,.
Total Nacional,Extremadura,,03133 Torrevieja,Turistas,2020M04,.
Total Nacional,Extremadura,,03133 Torrevieja,Turistas,2020M03,85
Total Nacional,Extremadura,,03133 Torrevieja,Turistas,2020M02,105
Total Nacional,Extremadura,,03133 Torrevieja,Turistas,2020M01,100
Total Nacional,Extremadura,,03133 Torrevieja,Turistas,2019M12,198
Total Nacional,Extremadura,,03133 Torrevieja,Turistas,2019M11,137
Total Nacional,Extremadura,,03133 Torrevieja,Turistas,2019M10,231
Total Nacional,Extremadura,,03133 Torrevieja,Turistas,2019M09,435
Total Nacional,Extremadura,,03133 Torrevieja,Turistas,2019M08,622
Total Nacional,Extremadura,,03133 Torrevieja,Turistas,2019M07,487
Total Nacional,Extremadura,Badajoz,03133 Torrevieja,Turistas,2025M12,48
Total Nacional,Extremadura,Badajoz,03133 Torrevieja,Turistas,2025M11,40
Total Nacional,Extremadura,Badajoz,03133 Torrevieja,Turistas,2025M10,31
Total Nacional,Extremadura,Badajoz,03133 Torrevieja,Turistas,2025M09,111
Total Nacional,Extremadura,Badajoz,03133 Torrevieja,Turistas,2025M08,287
Total Nacional,Extremadura,Badajoz,03133 Torrevieja,Turistas,2025M07,158
Total Nacional,Extremadura,Badajoz,03133 Torrevieja,Turistas,2025M06,144
Total Nacional,Extremadura,Badajoz,03133 Torrevieja,Turistas,2025M05,59
Total Nacional,Extremadura,Badajoz,03133 Torrevieja,Turistas,2025M04,60
Total Nacional,Extremadura,Badajoz,03133 Torrevieja,Turistas,2025M03,66
Total Nacional,Extremadura,Badajoz,03133 Torrevieja,Turistas,2025M02,
Total Nacional,Extremadura,Badajoz,03133 Torrevieja,Turistas,2025M01,
Total Nacional,Extremadura,Badajoz,03133 Torrevieja,Turistas,2024M12,
Total Nacional,Extremadura,Badajoz,03133 Torrevieja,Turistas,2024M11,44
Total Nacional,Extremadura,Badajoz,03133 Torrevieja,Turistas,2024M10,36
Total Nacional,Extremadura,Badajoz,03133 Torrevieja,Turistas,2024M09,160
Total Nacional,Extremadura,Badajoz,03133 Torrevieja,Turistas,2024M08,194
Total Nacional,Extremadura,Badajoz,03133 Torrevieja,Turistas,2024M07,194
Total Nacional,Extremadura,Badajoz,03133 Torrevieja,Turistas,2024M06,53
Total Nacional,Extremadura,Badajoz,03133 Torrevieja,Turistas,2024M05,
Total Nacional,Extremadura,Badajoz,03133 Torrevieja,Turistas,2024M04,49
Total Nacional,Extremadura,Badajoz,03133 Torrevieja,Turistas,2024M03,79
Total Nacional,Extremadura,Badajoz,03133 Torrevieja,Turistas,2024M02,
Total Nacional,Extremadura,Badajoz,03133 Torrevieja,Turistas,2024M01,
Total Nacional,Extremadura,Badajoz,03133 Torrevieja,Turistas,2023M12,
Total Nacional,Extremadura,Badajoz,03133 Torrevieja,Turistas,2023M11,45
Total Nacional,Extremadura,Badajoz,03133 Torrevieja,Turistas,2023M10,67
Total Nacional,Extremadura,Badajoz,03133 Torrevieja,Turistas,2023M09,168
Total Nacional,Extremadura,Badajoz,03133 Torrevieja,Turistas,2023M08,254
Total Nacional,Extremadura,Badajoz,03133 Torrevieja,Turistas,2023M07,327
Total Nacional,Extremadura,Badajoz,03133 Torrevieja,Turistas,2023M06,69
Total Nacional,Extremadura,Badajoz,03133 Torrevieja,Turistas,2023M05,46
Total Nacional,Extremadura,Badajoz,03133 Torrevieja,Turistas,2023M04,116
Total Nacional,Extremadura,Badajoz,03133 Torrevieja,Turistas,2023M03,71
Total Nacional,Extremadura,Badajoz,03133 Torrevieja,Turistas,2023M02,75
Total Nacional,Extremadura,Badajoz,03133 Torrevieja,Turistas,2023M01,42
Total Nacional,Extremadura,Badajoz,03133 Torrevieja,Turistas,2022M12,46
Total Nacional,Extremadura,Badajoz,03133 Torrevieja,Turistas,2022M11,
Total Nacional,Extremadura,Badajoz,03133 Torrevieja,Turistas,2022M10,76
Total Nacional,Extremadura,Badajoz,03133 Torrevieja,Turistas,2022M09,98
Total Nacional,Extremadura,Badajoz,03133 Torrevieja,Turistas,2022M08,337
Total Nacional,Extremadura,Badajoz,03133 Torrevieja,Turistas,2022M07,299
Total Nacional,Extremadura,Badajoz,03133 Torrevieja,Turistas,2022M06,59
Total Nacional,Extremadura,Badajoz,03133 Torrevieja,Turistas,2022M05,46
Total Nacional,Extremadura,Badajoz,03133 Torrevieja,Turistas,2022M04,68
Total Nacional,Extremadura,Badajoz,03133 Torrevieja,Turistas,2022M03,55
Total Nacional,Extremadura,Badajoz,03133 Torrevieja,Turistas,2022M02,47
Total Nacional,Extremadura,Badajoz,03133 Torrevieja,Turistas,2022M01,43
Total Nacional,Extremadura,Badajoz,03133 Torrevieja,Turistas,2021M12,42
Total Nacional,Extremadura,Badajoz,03133 Torrevieja,Turistas,2021M11,73
Total Nacional,Extremadura,Badajoz,03133 Torrevieja,Turistas,2021M10,52
Total Nacional,Extremadura,Badajoz,03133 Torrevieja,Turistas,2021M09,154
Total Nacional,Extremadura,Badajoz,03133 Torrevieja,Turistas,2021M08,308
Total Nacional,Extremadura,Badajoz,03133 Torrevieja,Turistas,2021M07,182
Total Nacional,Extremadura,Badajoz,03133 Torrevieja,Turistas,2021M06,52
Total Nacional,Extremadura,Badajoz,03133 Torrevieja,Turistas,2021M05,31
Total Nacional,Extremadura,Badajoz,03133 Torrevieja,Turistas,2021M04,
Total Nacional,Extremadura,Badajoz,03133 Torrevieja,Turistas,2021M03,
Total Nacional,Extremadura,Badajoz,03133 Torrevieja,Turistas,2021M02,.
Total Nacional,Extremadura,Badajoz,03133 Torrevieja,Turistas,2021M01,43
Total Nacional,Extremadura,Badajoz,03133 Torrevieja,Turistas,2020M12,
Total Nacional,Extremadura,Badajoz,03133 Torrevieja,Turistas,2020M11,
Total Nacional,Extremadura,Badajoz,03133 Torrevieja,Turistas,2020M10,
Total Nacional,Extremadura,Badajoz,03133 Torrevieja,Turistas,2020M09,93
Total Nacional,Extremadura,Badajoz,03133 Torrevieja,Turistas,2020M08,117
Total Nacional,Extremadura,Badajoz,03133 Torrevieja,Turistas,2020M07,84
Total Nacional,Extremadura,Badajoz,03133 Torrevieja,Turistas,2020M06,
Total Nacional,Extremadura,Badajoz,03133 Torrevieja,Turistas,2020M05,
Total Nacional,Extremadura,Badajoz,03133 Torrevieja,Turistas,2020M04,.
Total Nacional,Extremadura,Badajoz,03133 Torrevieja,Turistas,2020M03,42
Total Nacional,Extremadura,Badajoz,03133 Torrevieja,Turistas,2020M02,55
Total Nacional,Extremadura,Badajoz,03133 Torrevieja,Turistas,2020M01,50
Total Nacional,Extremadura,Badajoz,03133 Torrevieja,Turistas,2019M12,72
Total Nacional,Extremadura,Badajoz,03133 Torrevieja,Turistas,2019M11,34
Total Nacional,Extremadura,Badajoz,03133 Torrevieja,Turistas,2019M10,51
Total Nacional,Extremadura,Badajoz,03133 Torrevieja,Turistas,2019M09,193
Total Nacional,Extremadura,Badajoz,03133 Torrevieja,Turistas,2019M08,260
Total Nacional,Extremadura,Badajoz,03133 Torrevieja,Turistas,2019M07,174
Total Nacional,Extremadura,Cáceres,03133 Torrevieja,Turistas,2025M12,
Total Nacional,Extremadura,Cáceres,03133 Torrevieja,Turistas,2025M11,64
Total Nacional,Extremadura,Cáceres,03133 Torrevieja,Turistas,2025M10,45
Total Nacional,Extremadura,Cáceres,03133 Torrevieja,Turistas,2025M09,190
Total Nacional,Extremadura,Cáceres,03133 Torrevieja,Turistas,2025M08,365
Total Nacional,Extremadura,Cáceres,03133 Torrevieja,Turistas,2025M07,259
Total Nacional,Extremadura,Cáceres,03133 Torrevieja,Turistas,2025M06,94
Total Nacional,Extremadura,Cáceres,03133 Torrevieja,Turistas,2025M05,44
Total Nacional,Extremadura,Cáceres,03133 Torrevieja,Turistas,2025M04,111
Total Nacional,Extremadura,Cáceres,03133 Torrevieja,Turistas,2025M03,65
Total Nacional,Extremadura,Cáceres,03133 Torrevieja,Turistas,2025M02,33
Total Nacional,Extremadura,Cáceres,03133 Torrevieja,Turistas,2025M01,68
Total Nacional,Extremadura,Cáceres,03133 Torrevieja,Turistas,2024M12,
Total Nacional,Extremadura,Cáceres,03133 Torrevieja,Turistas,2024M11,57
Total Nacional,Extremadura,Cáceres,03133 Torrevieja,Turistas,2024M10,61
Total Nacional,Extremadura,Cáceres,03133 Torrevieja,Turistas,2024M09,252
Total Nacional,Extremadura,Cáceres,03133 Torrevieja,Turistas,2024M08,342
Total Nacional,Extremadura,Cáceres,03133 Torrevieja,Turistas,2024M07,378
Total Nacional,Extremadura,Cáceres,03133 Torrevieja,Turistas,2024M06,147
Total Nacional,Extremadura,Cáceres,03133 Torrevieja,Turistas,2024M05,118
Total Nacional,Extremadura,Cáceres,03133 Torrevieja,Turistas,2024M04,123
Total Nacional,Extremadura,Cáceres,03133 Torrevieja,Turistas,2024M03,58
Total Nacional,Extremadura,Cáceres,03133 Torrevieja,Turistas,2024M02,113
Total Nacional,Extremadura,Cáceres,03133 Torrevieja,Turistas,2024M01,
Total Nacional,Extremadura,Cáceres,03133 Torrevieja,Turistas,2023M12,58
Total Nacional,Extremadura,Cáceres,03133 Torrevieja,Turistas,2023M11,72
Total Nacional,Extremadura,Cáceres,03133 Torrevieja,Turistas,2023M10,159
Total Nacional,Extremadura,Cáceres,03133 Torrevieja,Turistas,2023M09,265
Total Nacional,Extremadura,Cáceres,03133 Torrevieja,Turistas,2023M08,323
Total Nacional,Extremadura,Cáceres,03133 Torrevieja,Turistas,2023M07,393
Total Nacional,Extremadura,Cáceres,03133 Torrevieja,Turistas,2023M06,99
Total Nacional,Extremadura,Cáceres,03133 Torrevieja,Turistas,2023M05,46
Total Nacional,Extremadura,Cáceres,03133 Torrevieja,Turistas,2023M04,196
Total Nacional,Extremadura,Cáceres,03133 Torrevieja,Turistas,2023M03,
Total Nacional,Extremadura,Cáceres,03133 Torrevieja,Turistas,2023M02,41
Total Nacional,Extremadura,Cáceres,03133 Torrevieja,Turistas,2023M01,58
Total Nacional,Extremadura,Cáceres,03133 Torrevieja,Turistas,2022M12,36
Total Nacional,Extremadura,Cáceres,03133 Torrevieja,Turistas,2022M11,73
Total Nacional,Extremadura,Cáceres,03133 Torrevieja,Turistas,2022M10,123
Total Nacional,Extremadura,Cáceres,03133 Torrevieja,Turistas,2022M09,172
Total Nacional,Extremadura,Cáceres,03133 Torrevieja,Turistas,2022M08,320
Total Nacional,Extremadura,Cáceres,03133 Torrevieja,Turistas,2022M07,375
Total Nacional,Extremadura,Cáceres,03133 Torrevieja,Turistas,2022M06,85
Total Nacional,Extremadura,Cáceres,03133 Torrevieja,Turistas,2022M05,81
Total Nacional,Extremadura,Cáceres,03133 Torrevieja,Turistas,2022M04,120
Total Nacional,Extremadura,Cáceres,03133 Torrevieja,Turistas,2022M03,33
Total Nacional,Extremadura,Cáceres,03133 Torrevieja,Turistas,2022M02,58
Total Nacional,Extremadura,Cáceres,03133 Torrevieja,Turistas,2022M01,73
Total Nacional,Extremadura,Cáceres,03133 Torrevieja,Turistas,2021M12,106
Total Nacional,Extremadura,Cáceres,03133 Torrevieja,Turistas,2021M11,97
Total Nacional,Extremadura,Cáceres,03133 Torrevieja,Turistas,2021M10,157
Total Nacional,Extremadura,Cáceres,03133 Torrevieja,Turistas,2021M09,247
Total Nacional,Extremadura,Cáceres,03133 Torrevieja,Turistas,2021M08,356
Total Nacional,Extremadura,Cáceres,03133 Torrevieja,Turistas,2021M07,312
Total Nacional,Extremadura,Cáceres,03133 Torrevieja,Turistas,2021M06,102
Total Nacional,Extremadura,Cáceres,03133 Torrevieja,Turistas,2021M05,60
Total Nacional,Extremadura,Cáceres,03133 Torrevieja,Turistas,2021M04,
Total Nacional,Extremadura,Cáceres,03133 Torrevieja,Turistas,2021M03,
Total Nacional,Extremadura,Cáceres,03133 Torrevieja,Turistas,2021M02,.
Total Nacional,Extremadura,Cáceres,03133 Torrevieja,Turistas,2021M01,.
Total Nacional,Extremadura,Cáceres,03133 Torrevieja,Turistas,2020M12,
Total Nacional,Extremadura,Cáceres,03133 Torrevieja,Turistas,2020M11,55
Total Nacional,Extremadura,Cáceres,03133 Torrevieja,Turistas,2020M10,99
Total Nacional,Extremadura,Cáceres,03133 Torrevieja,Turistas,2020M09,133
Total Nacional,Extremadura,Cáceres,03133 Torrevieja,Turistas,2020M08,188
Total Nacional,Extremadura,Cáceres,03133 Torrevieja,Turistas,2020M07,115
Total Nacional,Extremadura,Cáceres,03133 Torrevieja,Turistas,2020M06,
Total Nacional,Extremadura,Cáceres,03133 Torrevieja,Turistas,2020M05,.
Total Nacional,Extremadura,Cáceres,03133 Torrevieja,Turistas,2020M04,.
Total Nacional,Extremadura,Cáceres,03133 Torrevieja,Turistas,2020M03,43
Total Nacional,Extremadura,Cáceres,03133 Torrevieja,Turistas,2020M02,50
Total Nacional,Extremadura,Cáceres,03133 Torrevieja,Turistas,2020M01,50
Total Nacional,Extremadura,Cáceres,03133 Torrevieja,Turistas,2019M12,126
Total Nacional,Extremadura,Cáceres,03133 Torrevieja,Turistas,2019M11,103
Total Nacional,Extremadura,Cáceres,03133 Torrevieja,Turistas,2019M10,180
Total Nacional,Extremadura,Cáceres,03133 Torrevieja,Turistas,2019M09,242
Total Nacional,Extremadura,Cáceres,03133 Torrevieja,Turistas,2019M08,362
Total Nacional,Extremadura,Cáceres,03133 Torrevieja,Turistas,2019M07,313
Total Nacional,Galicia,,03133 Torrevieja,Turistas,2025M12,134
Total Nacional,Galicia,,03133 Torrevieja,Turistas,2025M11,247
Total Nacional,Galicia,,03133 Torrevieja,Turistas,2025M10,218
Total Nacional,Galicia,,03133 Torrevieja,Turistas,2025M09,301
Total Nacional,Galicia,,03133 Torrevieja,Turistas,2025M08,642
Total Nacional,Galicia,,03133 Torrevieja,Turistas,2025M07,488
Total Nacional,Galicia,,03133 Torrevieja,Turistas,2025M06,343
Total Nacional,Galicia,,03133 Torrevieja,Turistas,2025M05,263
Total Nacional,Galicia,,03133 Torrevieja,Turistas,2025M04,385
Total Nacional,Galicia,,03133 Torrevieja,Turistas,2025M03,203
Total Nacional,Galicia,,03133 Torrevieja,Turistas,2025M02,141
Total Nacional,Galicia,,03133 Torrevieja,Turistas,2025M01,234
Total Nacional,Galicia,,03133 Torrevieja,Turistas,2024M12,322
Total Nacional,Galicia,,03133 Torrevieja,Turistas,2024M11,364
Total Nacional,Galicia,,03133 Torrevieja,Turistas,2024M10,464
Total Nacional,Galicia,,03133 Torrevieja,Turistas,2024M09,554
Total Nacional,Galicia,,03133 Torrevieja,Turistas,2024M08,732
Total Nacional,Galicia,,03133 Torrevieja,Turistas,2024M07,721
Total Nacional,Galicia,,03133 Torrevieja,Turistas,2024M06,247
Total Nacional,Galicia,,03133 Torrevieja,Turistas,2024M05,335
Total Nacional,Galicia,,03133 Torrevieja,Turistas,2024M04,273
Total Nacional,Galicia,,03133 Torrevieja,Turistas,2024M03,211
Total Nacional,Galicia,,03133 Torrevieja,Turistas,2024M02,203
Total Nacional,Galicia,,03133 Torrevieja,Turistas,2024M01,166
Total Nacional,Galicia,,03133 Torrevieja,Turistas,2023M12,387
Total Nacional,Galicia,,03133 Torrevieja,Turistas,2023M11,256
Total Nacional,Galicia,,03133 Torrevieja,Turistas,2023M10,474
Total Nacional,Galicia,,03133 Torrevieja,Turistas,2023M09,464
Total Nacional,Galicia,,03133 Torrevieja,Turistas,2023M08,931
Total Nacional,Galicia,,03133 Torrevieja,Turistas,2023M07,498
Total Nacional,Galicia,,03133 Torrevieja,Turistas,2023M06,315
Total Nacional,Galicia,,03133 Torrevieja,Turistas,2023M05,365
Total Nacional,Galicia,,03133 Torrevieja,Turistas,2023M04,285
Total Nacional,Galicia,,03133 Torrevieja,Turistas,2023M03,233
Total Nacional,Galicia,,03133 Torrevieja,Turistas,2023M02,205
Total Nacional,Galicia,,03133 Torrevieja,Turistas,2023M01,114
Total Nacional,Galicia,,03133 Torrevieja,Turistas,2022M12,157
Total Nacional,Galicia,,03133 Torrevieja,Turistas,2022M11,161
Total Nacional,Galicia,,03133 Torrevieja,Turistas,2022M10,289
Total Nacional,Galicia,,03133 Torrevieja,Turistas,2022M09,459
Total Nacional,Galicia,,03133 Torrevieja,Turistas,2022M08,813
Total Nacional,Galicia,,03133 Torrevieja,Turistas,2022M07,670
Total Nacional,Galicia,,03133 Torrevieja,Turistas,2022M06,374
Total Nacional,Galicia,,03133 Torrevieja,Turistas,2022M05,388
Total Nacional,Galicia,,03133 Torrevieja,Turistas,2022M04,376
Total Nacional,Galicia,,03133 Torrevieja,Turistas,2022M03,193
Total Nacional,Galicia,,03133 Torrevieja,Turistas,2022M02,129
Total Nacional,Galicia,,03133 Torrevieja,Turistas,2022M01,184
Total Nacional,Galicia,,03133 Torrevieja,Turistas,2021M12,231
Total Nacional,Galicia,,03133 Torrevieja,Turistas,2021M11,216
Total Nacional,Galicia,,03133 Torrevieja,Turistas,2021M10,320
Total Nacional,Galicia,,03133 Torrevieja,Turistas,2021M09,399
Total Nacional,Galicia,,03133 Torrevieja,Turistas,2021M08,702
Total Nacional,Galicia,,03133 Torrevieja,Turistas,2021M07,477
Total Nacional,Galicia,,03133 Torrevieja,Turistas,2021M06,305
Total Nacional,Galicia,,03133 Torrevieja,Turistas,2021M05,270
Total Nacional,Galicia,,03133 Torrevieja,Turistas,2021M04,128
Total Nacional,Galicia,,03133 Torrevieja,Turistas,2021M03,74
Total Nacional,Galicia,,03133 Torrevieja,Turistas,2021M02,52
Total Nacional,Galicia,,03133 Torrevieja,Turistas,2021M01,58
Total Nacional,Galicia,,03133 Torrevieja,Turistas,2020M12,108
Total Nacional,Galicia,,03133 Torrevieja,Turistas,2020M11,140
Total Nacional,Galicia,,03133 Torrevieja,Turistas,2020M10,142
Total Nacional,Galicia,,03133 Torrevieja,Turistas,2020M09,186
Total Nacional,Galicia,,03133 Torrevieja,Turistas,2020M08,361
Total Nacional,Galicia,,03133 Torrevieja,Turistas,2020M07,225
Total Nacional,Galicia,,03133 Torrevieja,Turistas,2020M06,66
Total Nacional,Galicia,,03133 Torrevieja,Turistas,2020M05,39
Total Nacional,Galicia,,03133 Torrevieja,Turistas,2020M04,40
Total Nacional,Galicia,,03133 Torrevieja,Turistas,2020M03,173
Total Nacional,Galicia,,03133 Torrevieja,Turistas,2020M02,219
Total Nacional,Galicia,,03133 Torrevieja,Turistas,2020M01,158
Total Nacional,Galicia,,03133 Torrevieja,Turistas,2019M12,125
Total Nacional,Galicia,,03133 Torrevieja,Turistas,2019M11,259
Total Nacional,Galicia,,03133 Torrevieja,Turistas,2019M10,394
Total Nacional,Galicia,,03133 Torrevieja,Turistas,2019M09,510
Total Nacional,Galicia,,03133 Torrevieja,Turistas,2019M08,694
Total Nacional,Galicia,,03133 Torrevieja,Turistas,2019M07,509
Total Nacional,Galicia,"Coruña, A",03133 Torrevieja,Turistas,2025M12,77
Total Nacional,Galicia,"Coruña, A",03133 Torrevieja,Turistas,2025M11,96
Total Nacional,Galicia,"Coruña, A",03133 Torrevieja,Turistas,2025M10,136
Total Nacional,Galicia,"Coruña, A",03133 Torrevieja,Turistas,2025M09,100
Total Nacional,Galicia,"Coruña, A",03133 Torrevieja,Turistas,2025M08,273
Total Nacional,Galicia,"Coruña, A",03133 Torrevieja,Turistas,2025M07,226
Total Nacional,Galicia,"Coruña, A",03133 Torrevieja,Turistas,2025M06,135
Total Nacional,Galicia,"Coruña, A",03133 Torrevieja,Turistas,2025M05,105
Total Nacional,Galicia,"Coruña, A",03133 Torrevieja,Turistas,2025M04,179
Total Nacional,Galicia,"Coruña, A",03133 Torrevieja,Turistas,2025M03,67
Total Nacional,Galicia,"Coruña, A",03133 Torrevieja,Turistas,2025M02,
Total Nacional,Galicia,"Coruña, A",03133 Torrevieja,Turistas,2025M01,76
Total Nacional,Galicia,"Coruña, A",03133 Torrevieja,Turistas,2024M12,99
Total Nacional,Galicia,"Coruña, A",03133 Torrevieja,Turistas,2024M11,152
Total Nacional,Galicia,"Coruña, A",03133 Torrevieja,Turistas,2024M10,158
Total Nacional,Galicia,"Coruña, A",03133 Torrevieja,Turistas,2024M09,186
Total Nacional,Galicia,"Coruña, A",03133 Torrevieja,Turistas,2024M08,202
Total Nacional,Galicia,"Coruña, A",03133 Torrevieja,Turistas,2024M07,323
Total Nacional,Galicia,"Coruña, A",03133 Torrevieja,Turistas,2024M06,89
Total Nacional,Galicia,"Coruña, A",03133 Torrevieja,Turistas,2024M05,190
Total Nacional,Galicia,"Coruña, A",03133 Torrevieja,Turistas,2024M04,128
Total Nacional,Galicia,"Coruña, A",03133 Torrevieja,Turistas,2024M03,65
Total Nacional,Galicia,"Coruña, A",03133 Torrevieja,Turistas,2024M02,96
Total Nacional,Galicia,"Coruña, A",03133 Torrevieja,Turistas,2024M01,46
Total Nacional,Galicia,"Coruña, A",03133 Torrevieja,Turistas,2023M12,187
Total Nacional,Galicia,"Coruña, A",03133 Torrevieja,Turistas,2023M11,138
Total Nacional,Galicia,"Coruña, A",03133 Torrevieja,Turistas,2023M10,207
Total Nacional,Galicia,"Coruña, A",03133 Torrevieja,Turistas,2023M09,189
Total Nacional,Galicia,"Coruña, A",03133 Torrevieja,Turistas,2023M08,474
Total Nacional,Galicia,"Coruña, A",03133 Torrevieja,Turistas,2023M07,157
Total Nacional,Galicia,"Coruña, A",03133 Torrevieja,Turistas,2023M06,139
Total Nacional,Galicia,"Coruña, A",03133 Torrevieja,Turistas,2023M05,150
Total Nacional,Galicia,"Coruña, A",03133 Torrevieja,Turistas,2023M04,111
Total Nacional,Galicia,"Coruña, A",03133 Torrevieja,Turistas,2023M03,92
Total Nacional,Galicia,"Coruña, A",03133 Torrevieja,Turistas,2023M02,104
Total Nacional,Galicia,"Coruña, A",03133 Torrevieja,Turistas,2023M01,37
Total Nacional,Galicia,"Coruña, A",03133 Torrevieja,Turistas,2022M12,56
Total Nacional,Galicia,"Coruña, A",03133 Torrevieja,Turistas,2022M11,97
Total Nacional,Galicia,"Coruña, A",03133 Torrevieja,Turistas,2022M10,171
Total Nacional,Galicia,"Coruña, A",03133 Torrevieja,Turistas,2022M09,269
Total Nacional,Galicia,"Coruña, A",03133 Torrevieja,Turistas,2022M08,306
Total Nacional,Galicia,"Coruña, A",03133 Torrevieja,Turistas,2022M07,308
Total Nacional,Galicia,"Coruña, A",03133 Torrevieja,Turistas,2022M06,145
Total Nacional,Galicia,"Coruña, A",03133 Torrevieja,Turistas,2022M05,189
Total Nacional,Galicia,"Coruña, A",03133 Torrevieja,Turistas,2022M04,179
Total Nacional,Galicia,"Coruña, A",03133 Torrevieja,Turistas,2022M03,134
Total Nacional,Galicia,"Coruña, A",03133 Torrevieja,Turistas,2022M02,72
Total Nacional,Galicia,"Coruña, A",03133 Torrevieja,Turistas,2022M01,93
Total Nacional,Galicia,"Coruña, A",03133 Torrevieja,Turistas,2021M12,81
Total Nacional,Galicia,"Coruña, A",03133 Torrevieja,Turistas,2021M11,101
Total Nacional,Galicia,"Coruña, A",03133 Torrevieja,Turistas,2021M10,146
Total Nacional,Galicia,"Coruña, A",03133 Torrevieja,Turistas,2021M09,161
Total Nacional,Galicia,"Coruña, A",03133 Torrevieja,Turistas,2021M08,291
Total Nacional,Galicia,"Coruña, A",03133 Torrevieja,Turistas,2021M07,230
Total Nacional,Galicia,"Coruña, A",03133 Torrevieja,Turistas,2021M06,165
Total Nacional,Galicia,"Coruña, A",03133 Torrevieja,Turistas,2021M05,98
Total Nacional,Galicia,"Coruña, A",03133 Torrevieja,Turistas,2021M04,
Total Nacional,Galicia,"Coruña, A",03133 Torrevieja,Turistas,2021M03,
Total Nacional,Galicia,"Coruña, A",03133 Torrevieja,Turistas,2021M02,.
Total Nacional,Galicia,"Coruña, A",03133 Torrevieja,Turistas,2021M01,32
Total Nacional,Galicia,"Coruña, A",03133 Torrevieja,Turistas,2020M12,68
Total Nacional,Galicia,"Coruña, A",03133 Torrevieja,Turistas,2020M11,60
Total Nacional,Galicia,"Coruña, A",03133 Torrevieja,Turistas,2020M10,42
Total Nacional,Galicia,"Coruña, A",03133 Torrevieja,Turistas,2020M09,74
Total Nacional,Galicia,"Coruña, A",03133 Torrevieja,Turistas,2020M08,177
Total Nacional,Galicia,"Coruña, A",03133 Torrevieja,Turistas,2020M07,87
Total Nacional,Galicia,"Coruña, A",03133 Torrevieja,Turistas,2020M06,30
Total Nacional,Galicia,"Coruña, A",03133 Torrevieja,Turistas,2020M05,.
Total Nacional,Galicia,"Coruña, A",03133 Torrevieja,Turistas,2020M04,.
Total Nacional,Galicia,"Coruña, A",03133 Torrevieja,Turistas,2020M03,62
Total Nacional,Galicia,"Coruña, A",03133 Torrevieja,Turistas,2020M02,70
Total Nacional,Galicia,"Coruña, A",03133 Torrevieja,Turistas,2020M01,54
Total Nacional,Galicia,"Coruña, A",03133 Torrevieja,Turistas,2019M12,46
Total Nacional,Galicia,"Coruña, A",03133 Torrevieja,Turistas,2019M11,105
Total Nacional,Galicia,"Coruña, A",03133 Torrevieja,Turistas,2019M10,154
Total Nacional,Galicia,"Coruña, A",03133 Torrevieja,Turistas,2019M09,182
Total Nacional,Galicia,"Coruña, A",03133 Torrevieja,Turistas,2019M08,241
Total Nacional,Galicia,"Coruña, A",03133 Torrevieja,Turistas,2019M07,196
Total Nacional,Galicia,Lugo,03133 Torrevieja,Turistas,2025M12,
Total Nacional,Galicia,Lugo,03133 Torrevieja,Turistas,2025M11,
Total Nacional,Galicia,Lugo,03133 Torrevieja,Turistas,2025M10,
Total Nacional,Galicia,Lugo,03133 Torrevieja,Turistas,2025M09,
Total Nacional,Galicia,Lugo,03133 Torrevieja,Turistas,2025M08,61
Total Nacional,Galicia,Lugo,03133 Torrevieja,Turistas,2025M07,77
Total Nacional,Galicia,Lugo,03133 Torrevieja,Turistas,2025M06,
Total Nacional,Galicia,Lugo,03133 Torrevieja,Turistas,2025M05,
Total Nacional,Galicia,Lugo,03133 Torrevieja,Turistas,2025M04,32
Total Nacional,Galicia,Lugo,03133 Torrevieja,Turistas,2025M03,
Total Nacional,Galicia,Lugo,03133 Torrevieja,Turistas,2025M02,
Total Nacional,Galicia,Lugo,03133 Torrevieja,Turistas,2025M01,
Total Nacional,Galicia,Lugo,03133 Torrevieja,Turistas,2024M12,
Total Nacional,Galicia,Lugo,03133 Torrevieja,Turistas,2024M11,52
Total Nacional,Galicia,Lugo,03133 Torrevieja,Turistas,2024M10,63
Total Nacional,Galicia,Lugo,03133 Torrevieja,Turistas,2024M09,55
Total Nacional,Galicia,Lugo,03133 Torrevieja,Turistas,2024M08,176
Total Nacional,Galicia,Lugo,03133 Torrevieja,Turistas,2024M07,101
Total Nacional,Galicia,Lugo,03133 Torrevieja,Turistas,2024M06,36
Total Nacional,Galicia,Lugo,03133 Torrevieja,Turistas,2024M05,34
Total Nacional,Galicia,Lugo,03133 Torrevieja,Turistas,2024M04,
Total Nacional,Galicia,Lugo,03133 Torrevieja,Turistas,2024M03,
Total Nacional,Galicia,Lugo,03133 Torrevieja,Turistas,2024M02,
Total Nacional,Galicia,Lugo,03133 Torrevieja,Turistas,2024M01,
Total Nacional,Galicia,Lugo,03133 Torrevieja,Turistas,2023M12,
Total Nacional,Galicia,Lugo,03133 Torrevieja,Turistas,2023M11,
Total Nacional,Galicia,Lugo,03133 Torrevieja,Turistas,2023M10,
Total Nacional,Galicia,Lugo,03133 Torrevieja,Turistas,2023M09,75
Total Nacional,Galicia,Lugo,03133 Torrevieja,Turistas,2023M08,106
Total Nacional,Galicia,Lugo,03133 Torrevieja,Turistas,2023M07,98
Total Nacional,Galicia,Lugo,03133 Torrevieja,Turistas,2023M06,
Total Nacional,Galicia,Lugo,03133 Torrevieja,Turistas,2023M05,
Total Nacional,Galicia,Lugo,03133 Torrevieja,Turistas,2023M04,54
Total Nacional,Galicia,Lugo,03133 Torrevieja,Turistas,2023M03,
Total Nacional,Galicia,Lugo,03133 Torrevieja,Turistas,2023M02,
Total Nacional,Galicia,Lugo,03133 Torrevieja,Turistas,2023M01,
Total Nacional,Galicia,Lugo,03133 Torrevieja,Turistas,2022M12,
Total Nacional,Galicia,Lugo,03133 Torrevieja,Turistas,2022M11,
Total Nacional,Galicia,Lugo,03133 Torrevieja,Turistas,2022M10,
Total Nacional,Galicia,Lugo,03133 Torrevieja,Turistas,2022M09,43
Total Nacional,Galicia,Lugo,03133 Torrevieja,Turistas,2022M08,112
Total Nacional,Galicia,Lugo,03133 Torrevieja,Turistas,2022M07,119
Total Nacional,Galicia,Lugo,03133 Torrevieja,Turistas,2022M06,58
Total Nacional,Galicia,Lugo,03133 Torrevieja,Turistas,2022M05,61
Total Nacional,Galicia,Lugo,03133 Torrevieja,Turistas,2022M04,75
Total Nacional,Galicia,Lugo,03133 Torrevieja,Turistas,2022M03,
Total Nacional,Galicia,Lugo,03133 Torrevieja,Turistas,2022M02,.
Total Nacional,Galicia,Lugo,03133 Torrevieja,Turistas,2022M01,.
Total Nacional,Galicia,Lugo,03133 Torrevieja,Turistas,2021M12,38
Total Nacional,Galicia,Lugo,03133 Torrevieja,Turistas,2021M11,
Total Nacional,Galicia,Lugo,03133 Torrevieja,Turistas,2021M10,38
Total Nacional,Galicia,Lugo,03133 Torrevieja,Turistas,2021M09,50
Total Nacional,Galicia,Lugo,03133 Torrevieja,Turistas,2021M08,87
Total Nacional,Galicia,Lugo,03133 Torrevieja,Turistas,2021M07,65
Total Nacional,Galicia,Lugo,03133 Torrevieja,Turistas,2021M06,
Total Nacional,Galicia,Lugo,03133 Torrevieja,Turistas,2021M05,
Total Nacional,Galicia,Lugo,03133 Torrevieja,Turistas,2021M04,
Total Nacional,Galicia,Lugo,03133 Torrevieja,Turistas,2021M03,
Total Nacional,Galicia,Lugo,03133 Torrevieja,Turistas,2021M02,
Total Nacional,Galicia,Lugo,03133 Torrevieja,Turistas,2021M01,
Total Nacional,Galicia,Lugo,03133 Torrevieja,Turistas,2020M12,
Total Nacional,Galicia,Lugo,03133 Torrevieja,Turistas,2020M11,
Total Nacional,Galicia,Lugo,03133 Torrevieja,Turistas,2020M10,
Total Nacional,Galicia,Lugo,03133 Torrevieja,Turistas,2020M09,
Total Nacional,Galicia,Lugo,03133 Torrevieja,Turistas,2020M08,52
Total Nacional,Galicia,Lugo,03133 Torrevieja,Turistas,2020M07,
Total Nacional,Galicia,Lugo,03133 Torrevieja,Turistas,2020M06,
Total Nacional,Galicia,Lugo,03133 Torrevieja,Turistas,2020M05,.
Total Nacional,Galicia,Lugo,03133 Torrevieja,Turistas,2020M04,.
Total Nacional,Galicia,Lugo,03133 Torrevieja,Turistas,2020M03,
Total Nacional,Galicia,Lugo,03133 Torrevieja,Turistas,2020M02,31
Total Nacional,Galicia,Lugo,03133 Torrevieja,Turistas,2020M01,30
Total Nacional,Galicia,Lugo,03133 Torrevieja,Turistas,2019M12,
Total Nacional,Galicia,Lugo,03133 Torrevieja,Turistas,2019M11,
Total Nacional,Galicia,Lugo,03133 Torrevieja,Turistas,2019M10,
Total Nacional,Galicia,Lugo,03133 Torrevieja,Turistas,2019M09,64
Total Nacional,Galicia,Lugo,03133 Torrevieja,Turistas,2019M08,106
Total Nacional,Galicia,Lugo,03133 Torrevieja,Turistas,2019M07,66
Total Nacional,Galicia,Ourense,03133 Torrevieja,Turistas,2025M12,
Total Nacional,Galicia,Ourense,03133 Torrevieja,Turistas,2025M11,43
Total Nacional,Galicia,Ourense,03133 Torrevieja,Turistas,2025M10,30
Total Nacional,Galicia,Ourense,03133 Torrevieja,Turistas,2025M09,64
Total Nacional,Galicia,Ourense,03133 Torrevieja,Turistas,2025M08,152
Total Nacional,Galicia,Ourense,03133 Torrevieja,Turistas,2025M07,85
Total Nacional,Galicia,Ourense,03133 Torrevieja,Turistas,2025M06,79
Total Nacional,Galicia,Ourense,03133 Torrevieja,Turistas,2025M05,47
Total Nacional,Galicia,Ourense,03133 Torrevieja,Turistas,2025M04,64
Total Nacional,Galicia,Ourense,03133 Torrevieja,Turistas,2025M03,55
Total Nacional,Galicia,Ourense,03133 Torrevieja,Turistas,2025M02,
Total Nacional,Galicia,Ourense,03133 Torrevieja,Turistas,2025M01,45
Total Nacional,Galicia,Ourense,03133 Torrevieja,Turistas,2024M12,35
Total Nacional,Galicia,Ourense,03133 Torrevieja,Turistas,2024M11,52
Total Nacional,Galicia,Ourense,03133 Torrevieja,Turistas,2024M10,122
Total Nacional,Galicia,Ourense,03133 Torrevieja,Turistas,2024M09,114
Total Nacional,Galicia,Ourense,03133 Torrevieja,Turistas,2024M08,146
Total Nacional,Galicia,Ourense,03133 Torrevieja,Turistas,2024M07,109
Total Nacional,Galicia,Ourense,03133 Torrevieja,Turistas,2024M06,67
Total Nacional,Galicia,Ourense,03133 Torrevieja,Turistas,2024M05,44
Total Nacional,Galicia,Ourense,03133 Torrevieja,Turistas,2024M04,60
Total Nacional,Galicia,Ourense,03133 Torrevieja,Turistas,2024M03,42
Total Nacional,Galicia,Ourense,03133 Torrevieja,Turistas,2024M02,
Total Nacional,Galicia,Ourense,03133 Torrevieja,Turistas,2024M01,32
Total Nacional,Galicia,Ourense,03133 Torrevieja,Turistas,2023M12,101
Total Nacional,Galicia,Ourense,03133 Torrevieja,Turistas,2023M11,48
Total Nacional,Galicia,Ourense,03133 Torrevieja,Turistas,2023M10,93
Total Nacional,Galicia,Ourense,03133 Torrevieja,Turistas,2023M09,66
Total Nacional,Galicia,Ourense,03133 Torrevieja,Turistas,2023M08,87
Total Nacional,Galicia,Ourense,03133 Torrevieja,Turistas,2023M07,111
Total Nacional,Galicia,Ourense,03133 Torrevieja,Turistas,2023M06,56
Total Nacional,Galicia,Ourense,03133 Torrevieja,Turistas,2023M05,56
Total Nacional,Galicia,Ourense,03133 Torrevieja,Turistas,2023M04,51
Total Nacional,Galicia,Ourense,03133 Torrevieja,Turistas,2023M03,
Total Nacional,Galicia,Ourense,03133 Torrevieja,Turistas,2023M02,42
Total Nacional,Galicia,Ourense,03133 Torrevieja,Turistas,2023M01,30
Total Nacional,Galicia,Ourense,03133 Torrevieja,Turistas,2022M12,
Total Nacional,Galicia,Ourense,03133 Torrevieja,Turistas,2022M11,
Total Nacional,Galicia,Ourense,03133 Torrevieja,Turistas,2022M10,52
Total Nacional,Galicia,Ourense,03133 Torrevieja,Turistas,2022M09,66
Total Nacional,Galicia,Ourense,03133 Torrevieja,Turistas,2022M08,108
Total Nacional,Galicia,Ourense,03133 Torrevieja,Turistas,2022M07,135
Total Nacional,Galicia,Ourense,03133 Torrevieja,Turistas,2022M06,72
Total Nacional,Galicia,Ourense,03133 Torrevieja,Turistas,2022M05,34
Total Nacional,Galicia,Ourense,03133 Torrevieja,Turistas,2022M04,36
Total Nacional,Galicia,Ourense,03133 Torrevieja,Turistas,2022M03,
Total Nacional,Galicia,Ourense,03133 Torrevieja,Turistas,2022M02,.
Total Nacional,Galicia,Ourense,03133 Torrevieja,Turistas,2022M01,37
Total Nacional,Galicia,Ourense,03133 Torrevieja,Turistas,2021M12,33
Total Nacional,Galicia,Ourense,03133 Torrevieja,Turistas,2021M11,38
Total Nacional,Galicia,Ourense,03133 Torrevieja,Turistas,2021M10,55
Total Nacional,Galicia,Ourense,03133 Torrevieja,Turistas,2021M09,89
Total Nacional,Galicia,Ourense,03133 Torrevieja,Turistas,2021M08,145
Total Nacional,Galicia,Ourense,03133 Torrevieja,Turistas,2021M07,95
Total Nacional,Galicia,Ourense,03133 Torrevieja,Turistas,2021M06,49
Total Nacional,Galicia,Ourense,03133 Torrevieja,Turistas,2021M05,30
Total Nacional,Galicia,Ourense,03133 Torrevieja,Turistas,2021M04,
Total Nacional,Galicia,Ourense,03133 Torrevieja,Turistas,2021M03,31
Total Nacional,Galicia,Ourense,03133 Torrevieja,Turistas,2021M02,.
Total Nacional,Galicia,Ourense,03133 Torrevieja,Turistas,2021M01,.
Total Nacional,Galicia,Ourense,03133 Torrevieja,Turistas,2020M12,
Total Nacional,Galicia,Ourense,03133 Torrevieja,Turistas,2020M11,38
Total Nacional,Galicia,Ourense,03133 Torrevieja,Turistas,2020M10,33
Total Nacional,Galicia,Ourense,03133 Torrevieja,Turistas,2020M09,40
Total Nacional,Galicia,Ourense,03133 Torrevieja,Turistas,2020M08,84
Total Nacional,Galicia,Ourense,03133 Torrevieja,Turistas,2020M07,61
Total Nacional,Galicia,Ourense,03133 Torrevieja,Turistas,2020M06,
Total Nacional,Galicia,Ourense,03133 Torrevieja,Turistas,2020M05,.
Total Nacional,Galicia,Ourense,03133 Torrevieja,Turistas,2020M04,.
Total Nacional,Galicia,Ourense,03133 Torrevieja,Turistas,2020M03,67
Total Nacional,Galicia,Ourense,03133 Torrevieja,Turistas,2020M02,51
Total Nacional,Galicia,Ourense,03133 Torrevieja,Turistas,2020M01,35
Total Nacional,Galicia,Ourense,03133 Torrevieja,Turistas,2019M12,
Total Nacional,Galicia,Ourense,03133 Torrevieja,Turistas,2019M11,40
Total Nacional,Galicia,Ourense,03133 Torrevieja,Turistas,2019M10,82
Total Nacional,Galicia,Ourense,03133 Torrevieja,Turistas,2019M09,97
Total Nacional,Galicia,Ourense,03133 Torrevieja,Turistas,2019M08,194
Total Nacional,Galicia,Ourense,03133 Torrevieja,Turistas,2019M07,82
Total Nacional,Galicia,Pontevedra,03133 Torrevieja,Turistas,2025M12,44
Total Nacional,Galicia,Pontevedra,03133 Torrevieja,Turistas,2025M11,93
Total Nacional,Galicia,Pontevedra,03133 Torrevieja,Turistas,2025M10,42
Total Nacional,Galicia,Pontevedra,03133 Torrevieja,Turistas,2025M09,109
Total Nacional,Galicia,Pontevedra,03133 Torrevieja,Turistas,2025M08,156
Total Nacional,Galicia,Pontevedra,03133 Torrevieja,Turistas,2025M07,100
Total Nacional,Galicia,Pontevedra,03133 Torrevieja,Turistas,2025M06,119
Total Nacional,Galicia,Pontevedra,03133 Torrevieja,Turistas,2025M05,85
Total Nacional,Galicia,Pontevedra,03133 Torrevieja,Turistas,2025M04,110
Total Nacional,Galicia,Pontevedra,03133 Torrevieja,Turistas,2025M03,74
Total Nacional,Galicia,Pontevedra,03133 Torrevieja,Turistas,2025M02,74
Total Nacional,Galicia,Pontevedra,03133 Torrevieja,Turistas,2025M01,85
Total Nacional,Galicia,Pontevedra,03133 Torrevieja,Turistas,2024M12,161
Total Nacional,Galicia,Pontevedra,03133 Torrevieja,Turistas,2024M11,108
Total Nacional,Galicia,Pontevedra,03133 Torrevieja,Turistas,2024M10,121
Total Nacional,Galicia,Pontevedra,03133 Torrevieja,Turistas,2024M09,199
Total Nacional,Galicia,Pontevedra,03133 Torrevieja,Turistas,2024M08,208
Total Nacional,Galicia,Pontevedra,03133 Torrevieja,Turistas,2024M07,188
Total Nacional,Galicia,Pontevedra,03133 Torrevieja,Turistas,2024M06,55
Total Nacional,Galicia,Pontevedra,03133 Torrevieja,Turistas,2024M05,67
Total Nacional,Galicia,Pontevedra,03133 Torrevieja,Turistas,2024M04,68
Total Nacional,Galicia,Pontevedra,03133 Torrevieja,Turistas,2024M03,90
Total Nacional,Galicia,Pontevedra,03133 Torrevieja,Turistas,2024M02,87
Total Nacional,Galicia,Pontevedra,03133 Torrevieja,Turistas,2024M01,68
Total Nacional,Galicia,Pontevedra,03133 Torrevieja,Turistas,2023M12,73
Total Nacional,Galicia,Pontevedra,03133 Torrevieja,Turistas,2023M11,46
Total Nacional,Galicia,Pontevedra,03133 Torrevieja,Turistas,2023M10,150
Total Nacional,Galicia,Pontevedra,03133 Torrevieja,Turistas,2023M09,134
Total Nacional,Galicia,Pontevedra,03133 Torrevieja,Turistas,2023M08,264
Total Nacional,Galicia,Pontevedra,03133 Torrevieja,Turistas,2023M07,132
Total Nacional,Galicia,Pontevedra,03133 Torrevieja,Turistas,2023M06,93
Total Nacional,Galicia,Pontevedra,03133 Torrevieja,Turistas,2023M05,132
Total Nacional,Galicia,Pontevedra,03133 Torrevieja,Turistas,2023M04,69
Total Nacional,Galicia,Pontevedra,03133 Torrevieja,Turistas,2023M03,96
Total Nacional,Galicia,Pontevedra,03133 Torrevieja,Turistas,2023M02,52
Total Nacional,Galicia,Pontevedra,03133 Torrevieja,Turistas,2023M01,
Total Nacional,Galicia,Pontevedra,03133 Torrevieja,Turistas,2022M12,68
Total Nacional,Galicia,Pontevedra,03133 Torrevieja,Turistas,2022M11,34
Total Nacional,Galicia,Pontevedra,03133 Torrevieja,Turistas,2022M10,42
Total Nacional,Galicia,Pontevedra,03133 Torrevieja,Turistas,2022M09,81
Total Nacional,Galicia,Pontevedra,03133 Torrevieja,Turistas,2022M08,287
Total Nacional,Galicia,Pontevedra,03133 Torrevieja,Turistas,2022M07,108
Total Nacional,Galicia,Pontevedra,03133 Torrevieja,Turistas,2022M06,99
Total Nacional,Galicia,Pontevedra,03133 Torrevieja,Turistas,2022M05,104
Total Nacional,Galicia,Pontevedra,03133 Torrevieja,Turistas,2022M04,86
Total Nacional,Galicia,Pontevedra,03133 Torrevieja,Turistas,2022M03,32
Total Nacional,Galicia,Pontevedra,03133 Torrevieja,Turistas,2022M02,.
Total Nacional,Galicia,Pontevedra,03133 Torrevieja,Turistas,2022M01,44
Total Nacional,Galicia,Pontevedra,03133 Torrevieja,Turistas,2021M12,79
Total Nacional,Galicia,Pontevedra,03133 Torrevieja,Turistas,2021M11,65
Total Nacional,Galicia,Pontevedra,03133 Torrevieja,Turistas,2021M10,81
Total Nacional,Galicia,Pontevedra,03133 Torrevieja,Turistas,2021M09,99
Total Nacional,Galicia,Pontevedra,03133 Torrevieja,Turistas,2021M08,179
Total Nacional,Galicia,Pontevedra,03133 Torrevieja,Turistas,2021M07,87
Total Nacional,Galicia,Pontevedra,03133 Torrevieja,Turistas,2021M06,81
Total Nacional,Galicia,Pontevedra,03133 Torrevieja,Turistas,2021M05,128
Total Nacional,Galicia,Pontevedra,03133 Torrevieja,Turistas,2021M04,72
Total Nacional,Galicia,Pontevedra,03133 Torrevieja,Turistas,2021M03,
Total Nacional,Galicia,Pontevedra,03133 Torrevieja,Turistas,2021M02,.
Total Nacional,Galicia,Pontevedra,03133 Torrevieja,Turistas,2021M01,.
Total Nacional,Galicia,Pontevedra,03133 Torrevieja,Turistas,2020M12,
Total Nacional,Galicia,Pontevedra,03133 Torrevieja,Turistas,2020M11,34
Total Nacional,Galicia,Pontevedra,03133 Torrevieja,Turistas,2020M10,48
Total Nacional,Galicia,Pontevedra,03133 Torrevieja,Turistas,2020M09,48
Total Nacional,Galicia,Pontevedra,03133 Torrevieja,Turistas,2020M08,48
Total Nacional,Galicia,Pontevedra,03133 Torrevieja,Turistas,2020M07,51
Total Nacional,Galicia,Pontevedra,03133 Torrevieja,Turistas,2020M06,
Total Nacional,Galicia,Pontevedra,03133 Torrevieja,Turistas,2020M05,.
Total Nacional,Galicia,Pontevedra,03133 Torrevieja,Turistas,2020M04,.
Total Nacional,Galicia,Pontevedra,03133 Torrevieja,Turistas,2020M03,35
Total Nacional,Galicia,Pontevedra,03133 Torrevieja,Turistas,2020M02,74
Total Nacional,Galicia,Pontevedra,03133 Torrevieja,Turistas,2020M01,39
Total Nacional,Galicia,Pontevedra,03133 Torrevieja,Turistas,2019M12,39
Total Nacional,Galicia,Pontevedra,03133 Torrevieja,Turistas,2019M11,93
Total Nacional,Galicia,Pontevedra,03133 Torrevieja,Turistas,2019M10,138
Total Nacional,Galicia,Pontevedra,03133 Torrevieja,Turistas,2019M09,167
Total Nacional,Galicia,Pontevedra,03133 Torrevieja,Turistas,2019M08,153
Total Nacional,Galicia,Pontevedra,03133 Torrevieja,Turistas,2019M07,165
Total Nacional,"Madrid, Comunidad de",,03133 Torrevieja,Turistas,2025M12,7.203
Total Nacional,"Madrid, Comunidad de",,03133 Torrevieja,Turistas,2025M11,6.243
Total Nacional,"Madrid, Comunidad de",,03133 Torrevieja,Turistas,2025M10,6.024
Total Nacional,"Madrid, Comunidad de",,03133 Torrevieja,Turistas,2025M09,17.081
Total Nacional,"Madrid, Comunidad de",,03133 Torrevieja,Turistas,2025M08,48.602
Total Nacional,"Madrid, Comunidad de",,03133 Torrevieja,Turistas,2025M07,35.183
Total Nacional,"Madrid, Comunidad de",,03133 Torrevieja,Turistas,2025M06,17.668
Total Nacional,"Madrid, Comunidad de",,03133 Torrevieja,Turistas,2025M05,16.237
Total Nacional,"Madrid, Comunidad de",,03133 Torrevieja,Turistas,2025M04,22.890
Total Nacional,"Madrid, Comunidad de",,03133 Torrevieja,Turistas,2025M03,6.649
Total Nacional,"Madrid, Comunidad de",,03133 Torrevieja,Turistas,2025M02,6.847
Total Nacional,"Madrid, Comunidad de",,03133 Torrevieja,Turistas,2025M01,7.719
Total Nacional,"Madrid, Comunidad de",,03133 Torrevieja,Turistas,2024M12,9.956
Total Nacional,"Madrid, Comunidad de",,03133 Torrevieja,Turistas,2024M11,6.587
Total Nacional,"Madrid, Comunidad de",,03133 Torrevieja,Turistas,2024M10,7.549
Total Nacional,"Madrid, Comunidad de",,03133 Torrevieja,Turistas,2024M09,22.715
Total Nacional,"Madrid, Comunidad de",,03133 Torrevieja,Turistas,2024M08,62.378
Total Nacional,"Madrid, Comunidad de",,03133 Torrevieja,Turistas,2024M07,46.662
Total Nacional,"Madrid, Comunidad de",,03133 Torrevieja,Turistas,2024M06,18.358
Total Nacional,"Madrid, Comunidad de",,03133 Torrevieja,Turistas,2024M05,20.429
Total Nacional,"Madrid, Comunidad de",,03133 Torrevieja,Turistas,2024M04,16.983
Total Nacional,"Madrid, Comunidad de",,03133 Torrevieja,Turistas,2024M03,20.746
Total Nacional,"Madrid, Comunidad de",,03133 Torrevieja,Turistas,2024M02,6.972
Total Nacional,"Madrid, Comunidad de",,03133 Torrevieja,Turistas,2024M01,6.835
Total Nacional,"Madrid, Comunidad de",,03133 Torrevieja,Turistas,2023M12,11.697
Total Nacional,"Madrid, Comunidad de",,03133 Torrevieja,Turistas,2023M11,6.245
Total Nacional,"Madrid, Comunidad de",,03133 Torrevieja,Turistas,2023M10,12.934
Total Nacional,"Madrid, Comunidad de",,03133 Torrevieja,Turistas,2023M09,20.723
Total Nacional,"Madrid, Comunidad de",,03133 Torrevieja,Turistas,2023M08,64.809
Total Nacional,"Madrid, Comunidad de",,03133 Torrevieja,Turistas,2023M07,49.271
Total Nacional,"Madrid, Comunidad de",,03133 Torrevieja,Turistas,2023M06,14.124
Total Nacional,"Madrid, Comunidad de",,03133 Torrevieja,Turistas,2023M05,18.319
Total Nacional,"Madrid, Comunidad de",,03133 Torrevieja,Turistas,2023M04,30.735
Total Nacional,"Madrid, Comunidad de",,03133 Torrevieja,Turistas,2023M03,8.745
Total Nacional,"Madrid, Comunidad de",,03133 Torrevieja,Turistas,2023M02,5.660
Total Nacional,"Madrid, Comunidad de",,03133 Torrevieja,Turistas,2023M01,6.382
Total Nacional,"Madrid, Comunidad de",,03133 Torrevieja,Turistas,2022M12,9.439
Total Nacional,"Madrid, Comunidad de",,03133 Torrevieja,Turistas,2022M11,6.143
Total Nacional,"Madrid, Comunidad de",,03133 Torrevieja,Turistas,2022M10,8.774
Total Nacional,"Madrid, Comunidad de",,03133 Torrevieja,Turistas,2022M09,19.601
Total Nacional,"Madrid, Comunidad de",,03133 Torrevieja,Turistas,2022M08,60.031
Total Nacional,"Madrid, Comunidad de",,03133 Torrevieja,Turistas,2022M07,47.135
Total Nacional,"Madrid, Comunidad de",,03133 Torrevieja,Turistas,2022M06,16.588
Total Nacional,"Madrid, Comunidad de",,03133 Torrevieja,Turistas,2022M05,14.314
Total Nacional,"Madrid, Comunidad de",,03133 Torrevieja,Turistas,2022M04,26.816
Total Nacional,"Madrid, Comunidad de",,03133 Torrevieja,Turistas,2022M03,5.378
Total Nacional,"Madrid, Comunidad de",,03133 Torrevieja,Turistas,2022M02,6.339
Total Nacional,"Madrid, Comunidad de",,03133 Torrevieja,Turistas,2022M01,6.168
Total Nacional,"Madrid, Comunidad de",,03133 Torrevieja,Turistas,2021M12,9.393
Total Nacional,"Madrid, Comunidad de",,03133 Torrevieja,Turistas,2021M11,6.585
Total Nacional,"Madrid, Comunidad de",,03133 Torrevieja,Turistas,2021M10,9.661
Total Nacional,"Madrid, Comunidad de",,03133 Torrevieja,Turistas,2021M09,22.989
Total Nacional,"Madrid, Comunidad de",,03133 Torrevieja,Turistas,2021M08,71.857
Total Nacional,"Madrid, Comunidad de",,03133 Torrevieja,Turistas,2021M07,47.309
Total Nacional,"Madrid, Comunidad de",,03133 Torrevieja,Turistas,2021M06,23.394
Total Nacional,"Madrid, Comunidad de",,03133 Torrevieja,Turistas,2021M05,12.329
Total Nacional,"Madrid, Comunidad de",,03133 Torrevieja,Turistas,2021M04,2.281
Total Nacional,"Madrid, Comunidad de",,03133 Torrevieja,Turistas,2021M03,1.871
Total Nacional,"Madrid, Comunidad de",,03133 Torrevieja,Turistas,2021M02,1.058
Total Nacional,"Madrid, Comunidad de",,03133 Torrevieja,Turistas,2021M01,1.251
Total Nacional,"Madrid, Comunidad de",,03133 Torrevieja,Turistas,2020M12,1.510
Total Nacional,"Madrid, Comunidad de",,03133 Torrevieja,Turistas,2020M11,2.222
Total Nacional,"Madrid, Comunidad de",,03133 Torrevieja,Turistas,2020M10,5.261
Total Nacional,"Madrid, Comunidad de",,03133 Torrevieja,Turistas,2020M09,20.440
Total Nacional,"Madrid, Comunidad de",,03133 Torrevieja,Turistas,2020M08,60.573
Total Nacional,"Madrid, Comunidad de",,03133 Torrevieja,Turistas,2020M07,35.279
Total Nacional,"Madrid, Comunidad de",,03133 Torrevieja,Turistas,2020M06,5.048
Total Nacional,"Madrid, Comunidad de",,03133 Torrevieja,Turistas,2020M05,691
Total Nacional,"Madrid, Comunidad de",,03133 Torrevieja,Turistas,2020M04,952
Total Nacional,"Madrid, Comunidad de",,03133 Torrevieja,Turistas,2020M03,6.259
Total Nacional,"Madrid, Comunidad de",,03133 Torrevieja,Turistas,2020M02,6.198
Total Nacional,"Madrid, Comunidad de",,03133 Torrevieja,Turistas,2020M01,6.186
Total Nacional,"Madrid, Comunidad de",,03133 Torrevieja,Turistas,2019M12,10.051
Total Nacional,"Madrid, Comunidad de",,03133 Torrevieja,Turistas,2019M11,7.163
Total Nacional,"Madrid, Comunidad de",,03133 Torrevieja,Turistas,2019M10,7.568
Total Nacional,"Madrid, Comunidad de",,03133 Torrevieja,Turistas,2019M09,22.351
Total Nacional,"Madrid, Comunidad de",,03133 Torrevieja,Turistas,2019M08,70.357
Total Nacional,"Madrid, Comunidad de",,03133 Torrevieja,Turistas,2019M07,46.184
Total Nacional,"Madrid, Comunidad de",Madrid,03133 Torrevieja,Turistas,2025M12,7.203
Total Nacional,"Madrid, Comunidad de",Madrid,03133 Torrevieja,Turistas,2025M11,6.243
Total Nacional,"Madrid, Comunidad de",Madrid,03133 Torrevieja,Turistas,2025M10,6.024
Total Nacional,"Madrid, Comunidad de",Madrid,03133 Torrevieja,Turistas,2025M09,17.081
Total Nacional,"Madrid, Comunidad de",Madrid,03133 Torrevieja,Turistas,2025M08,48.602
Total Nacional,"Madrid, Comunidad de",Madrid,03133 Torrevieja,Turistas,2025M07,35.183
Total Nacional,"Madrid, Comunidad de",Madrid,03133 Torrevieja,Turistas,2025M06,17.668
Total Nacional,"Madrid, Comunidad de",Madrid,03133 Torrevieja,Turistas,2025M05,16.237
Total Nacional,"Madrid, Comunidad de",Madrid,03133 Torrevieja,Turistas,2025M04,22.890
Total Nacional,"Madrid, Comunidad de",Madrid,03133 Torrevieja,Turistas,2025M03,6.649
Total Nacional,"Madrid, Comunidad de",Madrid,03133 Torrevieja,Turistas,2025M02,6.847
Total Nacional,"Madrid, Comunidad de",Madrid,03133 Torrevieja,Turistas,2025M01,7.719
Total Nacional,"Madrid, Comunidad de",Madrid,03133 Torrevieja,Turistas,2024M12,9.956
Total Nacional,"Madrid, Comunidad de",Madrid,03133 Torrevieja,Turistas,2024M11,6.587
Total Nacional,"Madrid, Comunidad de",Madrid,03133 Torrevieja,Turistas,2024M10,7.549
Total Nacional,"Madrid, Comunidad de",Madrid,03133 Torrevieja,Turistas,2024M09,22.715
Total Nacional,"Madrid, Comunidad de",Madrid,03133 Torrevieja,Turistas,2024M08,62.378
Total Nacional,"Madrid, Comunidad de",Madrid,03133 Torrevieja,Turistas,2024M07,46.662
Total Nacional,"Madrid, Comunidad de",Madrid,03133 Torrevieja,Turistas,2024M06,18.358
Total Nacional,"Madrid, Comunidad de",Madrid,03133 Torrevieja,Turistas,2024M05,20.429
Total Nacional,"Madrid, Comunidad de",Madrid,03133 Torrevieja,Turistas,2024M04,16.983
Total Nacional,"Madrid, Comunidad de",Madrid,03133 Torrevieja,Turistas,2024M03,20.746
Total Nacional,"Madrid, Comunidad de",Madrid,03133 Torrevieja,Turistas,2024M02,6.972
Total Nacional,"Madrid, Comunidad de",Madrid,03133 Torrevieja,Turistas,2024M01,6.835
Total Nacional,"Madrid, Comunidad de",Madrid,03133 Torrevieja,Turistas,2023M12,11.697
Total Nacional,"Madrid, Comunidad de",Madrid,03133 Torrevieja,Turistas,2023M11,6.245
Total Nacional,"Madrid, Comunidad de",Madrid,03133 Torrevieja,Turistas,2023M10,12.934
Total Nacional,"Madrid, Comunidad de",Madrid,03133 Torrevieja,Turistas,2023M09,20.723
Total Nacional,"Madrid, Comunidad de",Madrid,03133 Torrevieja,Turistas,2023M08,64.809
Total Nacional,"Madrid, Comunidad de",Madrid,03133 Torrevieja,Turistas,2023M07,49.271
Total Nacional,"Madrid, Comunidad de",Madrid,03133 Torrevieja,Turistas,2023M06,14.124
Total Nacional,"Madrid, Comunidad de",Madrid,03133 Torrevieja,Turistas,2023M05,18.319
Total Nacional,"Madrid, Comunidad de",Madrid,03133 Torrevieja,Turistas,2023M04,30.735
Total Nacional,"Madrid, Comunidad de",Madrid,03133 Torrevieja,Turistas,2023M03,8.745
Total Nacional,"Madrid, Comunidad de",Madrid,03133 Torrevieja,Turistas,2023M02,5.660
Total Nacional,"Madrid, Comunidad de",Madrid,03133 Torrevieja,Turistas,2023M01,6.382
Total Nacional,"Madrid, Comunidad de",Madrid,03133 Torrevieja,Turistas,2022M12,9.439
Total Nacional,"Madrid, Comunidad de",Madrid,03133 Torrevieja,Turistas,2022M11,6.143
Total Nacional,"Madrid, Comunidad de",Madrid,03133 Torrevieja,Turistas,2022M10,8.774
Total Nacional,"Madrid, Comunidad de",Madrid,03133 Torrevieja,Turistas,2022M09,19.601
Total Nacional,"Madrid, Comunidad de",Madrid,03133 Torrevieja,Turistas,2022M08,60.031
Total Nacional,"Madrid, Comunidad de",Madrid,03133 Torrevieja,Turistas,2022M07,47.135
Total Nacional,"Madrid, Comunidad de",Madrid,03133 Torrevieja,Turistas,2022M06,16.588
Total Nacional,"Madrid, Comunidad de",Madrid,03133 Torrevieja,Turistas,2022M05,14.314
Total Nacional,"Madrid, Comunidad de",Madrid,03133 Torrevieja,Turistas,2022M04,26.816
Total Nacional,"Madrid, Comunidad de",Madrid,03133 Torrevieja,Turistas,2022M03,5.378
Total Nacional,"Madrid, Comunidad de",Madrid,03133 Torrevieja,Turistas,2022M02,6.339
Total Nacional,"Madrid, Comunidad de",Madrid,03133 Torrevieja,Turistas,2022M01,6.168
Total Nacional,"Madrid, Comunidad de",Madrid,03133 Torrevieja,Turistas,2021M12,9.393
Total Nacional,"Madrid, Comunidad de",Madrid,03133 Torrevieja,Turistas,2021M11,6.585
Total Nacional,"Madrid, Comunidad de",Madrid,03133 Torrevieja,Turistas,2021M10,9.661
Total Nacional,"Madrid, Comunidad de",Madrid,03133 Torrevieja,Turistas,2021M09,22.989
Total Nacional,"Madrid, Comunidad de",Madrid,03133 Torrevieja,Turistas,2021M08,71.857
Total Nacional,"Madrid, Comunidad de",Madrid,03133 Torrevieja,Turistas,2021M07,47.309
Total Nacional,"Madrid, Comunidad de",Madrid,03133 Torrevieja,Turistas,2021M06,23.394
Total Nacional,"Madrid, Comunidad de",Madrid,03133 Torrevieja,Turistas,2021M05,12.329
Total Nacional,"Madrid, Comunidad de",Madrid,03133 Torrevieja,Turistas,2021M04,2.281
Total Nacional,"Madrid, Comunidad de",Madrid,03133 Torrevieja,Turistas,2021M03,1.871
Total Nacional,"Madrid, Comunidad de",Madrid,03133 Torrevieja,Turistas,2021M02,1.058
Total Nacional,"Madrid, Comunidad de",Madrid,03133 Torrevieja,Turistas,2021M01,1.251
Total Nacional,"Madrid, Comunidad de",Madrid,03133 Torrevieja,Turistas,2020M12,1.510
Total Nacional,"Madrid, Comunidad de",Madrid,03133 Torrevieja,Turistas,2020M11,2.222
Total Nacional,"Madrid, Comunidad de",Madrid,03133 Torrevieja,Turistas,2020M10,5.261
Total Nacional,"Madrid, Comunidad de",Madrid,03133 Torrevieja,Turistas,2020M09,20.440
Total Nacional,"Madrid, Comunidad de",Madrid,03133 Torrevieja,Turistas,2020M08,60.573
Total Nacional,"Madrid, Comunidad de",Madrid,03133 Torrevieja,Turistas,2020M07,35.279
Total Nacional,"Madrid, Comunidad de",Madrid,03133 Torrevieja,Turistas,2020M06,5.048
Total Nacional,"Madrid, Comunidad de",Madrid,03133 Torrevieja,Turistas,2020M05,691
Total Nacional,"Madrid, Comunidad de",Madrid,03133 Torrevieja,Turistas,2020M04,952
Total Nacional,"Madrid, Comunidad de",Madrid,03133 Torrevieja,Turistas,2020M03,6.259
Total Nacional,"Madrid, Comunidad de",Madrid,03133 Torrevieja,Turistas,2020M02,6.198
Total Nacional,"Madrid, Comunidad de",Madrid,03133 Torrevieja,Turistas,2020M01,6.186
Total Nacional,"Madrid, Comunidad de",Madrid,03133 Torrevieja,Turistas,2019M12,10.051
Total Nacional,"Madrid, Comunidad de",Madrid,03133 Torrevieja,Turistas,2019M11,7.163
Total Nacional,"Madrid, Comunidad de",Madrid,03133 Torrevieja,Turistas,2019M10,7.568
Total Nacional,"Madrid, Comunidad de",Madrid,03133 Torrevieja,Turistas,2019M09,22.351
Total Nacional,"Madrid, Comunidad de",Madrid,03133 Torrevieja,Turistas,2019M08,70.357
Total Nacional,"Madrid, Comunidad de",Madrid,03133 Torrevieja,Turistas,2019M07,46.184
Total Nacional,Melilla,,03133 Torrevieja,Turistas,2025M12,
Total Nacional,Melilla,,03133 Torrevieja,Turistas,2025M11,
Total Nacional,Melilla,,03133 Torrevieja,Turistas,2025M10,
Total Nacional,Melilla,,03133 Torrevieja,Turistas,2025M09,
Total Nacional,Melilla,,03133 Torrevieja,Turistas,2025M08,36
Total Nacional,Melilla,,03133 Torrevieja,Turistas,2025M07,
Total Nacional,Melilla,,03133 Torrevieja,Turistas,2025M06,
Total Nacional,Melilla,,03133 Torrevieja,Turistas,2025M05,
Total Nacional,Melilla,,03133 Torrevieja,Turistas,2025M04,
Total Nacional,Melilla,,03133 Torrevieja,Turistas,2025M03,
Total Nacional,Melilla,,03133 Torrevieja,Turistas,2025M02,
Total Nacional,Melilla,,03133 Torrevieja,Turistas,2025M01,
Total Nacional,Melilla,,03133 Torrevieja,Turistas,2024M12,
Total Nacional,Melilla,,03133 Torrevieja,Turistas,2024M11,
Total Nacional,Melilla,,03133 Torrevieja,Turistas,2024M10,
Total Nacional,Melilla,,03133 Torrevieja,Turistas,2024M09,
Total Nacional,Melilla,,03133 Torrevieja,Turistas,2024M08,43
Total Nacional,Melilla,,03133 Torrevieja,Turistas,2024M07,
Total Nacional,Melilla,,03133 Torrevieja,Turistas,2024M06,
Total Nacional,Melilla,,03133 Torrevieja,Turistas,2024M05,
Total Nacional,Melilla,,03133 Torrevieja,Turistas,2024M04,
Total Nacional,Melilla,,03133 Torrevieja,Turistas,2024M03,
Total Nacional,Melilla,,03133 Torrevieja,Turistas,2024M02,
Total Nacional,Melilla,,03133 Torrevieja,Turistas,2024M01,33
Total Nacional,Melilla,,03133 Torrevieja,Turistas,2023M12,
Total Nacional,Melilla,,03133 Torrevieja,Turistas,2023M11,
Total Nacional,Melilla,,03133 Torrevieja,Turistas,2023M10,
Total Nacional,Melilla,,03133 Torrevieja,Turistas,2023M09,30
Total Nacional,Melilla,,03133 Torrevieja,Turistas,2023M08,32
Total Nacional,Melilla,,03133 Torrevieja,Turistas,2023M07,35
Total Nacional,Melilla,,03133 Torrevieja,Turistas,2023M06,
Total Nacional,Melilla,,03133 Torrevieja,Turistas,2023M05,
Total Nacional,Melilla,,03133 Torrevieja,Turistas,2023M04,
Total Nacional,Melilla,,03133 Torrevieja,Turistas,2023M03,
Total Nacional,Melilla,,03133 Torrevieja,Turistas,2023M02,
Total Nacional,Melilla,,03133 Torrevieja,Turistas,2023M01,
Total Nacional,Melilla,,03133 Torrevieja,Turistas,2022M12,34
Total Nacional,Melilla,,03133 Torrevieja,Turistas,2022M11,
Total Nacional,Melilla,,03133 Torrevieja,Turistas,2022M10,
Total Nacional,Melilla,,03133 Torrevieja,Turistas,2022M09,
Total Nacional,Melilla,,03133 Torrevieja,Turistas,2022M08,
Total Nacional,Melilla,,03133 Torrevieja,Turistas,2022M07,41
Total Nacional,Melilla,,03133 Torrevieja,Turistas,2022M06,
Total Nacional,Melilla,,03133 Torrevieja,Turistas,2022M05,
Total Nacional,Melilla,,03133 Torrevieja,Turistas,2022M04,
Total Nacional,Melilla,,03133 Torrevieja,Turistas,2022M03,
Total Nacional,Melilla,,03133 Torrevieja,Turistas,2022M02,
Total Nacional,Melilla,,03133 Torrevieja,Turistas,2022M01,.
Total Nacional,Melilla,,03133 Torrevieja,Turistas,2021M12,
Total Nacional,Melilla,,03133 Torrevieja,Turistas,2021M11,
Total Nacional,Melilla,,03133 Torrevieja,Turistas,2021M10,
Total Nacional,Melilla,,03133 Torrevieja,Turistas,2021M09,
Total Nacional,Melilla,,03133 Torrevieja,Turistas,2021M08,40
Total Nacional,Melilla,,03133 Torrevieja,Turistas,2021M07,36
Total Nacional,Melilla,,03133 Torrevieja,Turistas,2021M06,
Total Nacional,Melilla,,03133 Torrevieja,Turistas,2021M05,
Total Nacional,Melilla,,03133 Torrevieja,Turistas,2021M04,
Total Nacional,Melilla,,03133 Torrevieja,Turistas,2021M03,
Total Nacional,Melilla,,03133 Torrevieja,Turistas,2021M02,.
Total Nacional,Melilla,,03133 Torrevieja,Turistas,2021M01,.
Total Nacional,Melilla,,03133 Torrevieja,Turistas,2020M12,
Total Nacional,Melilla,,03133 Torrevieja,Turistas,2020M11,
Total Nacional,Melilla,,03133 Torrevieja,Turistas,2020M10,
Total Nacional,Melilla,,03133 Torrevieja,Turistas,2020M09,
Total Nacional,Melilla,,03133 Torrevieja,Turistas,2020M08,41
Total Nacional,Melilla,,03133 Torrevieja,Turistas,2020M07,
Total Nacional,Melilla,,03133 Torrevieja,Turistas,2020M06,
Total Nacional,Melilla,,03133 Torrevieja,Turistas,2020M05,
Total Nacional,Melilla,,03133 Torrevieja,Turistas,2020M04,
Total Nacional,Melilla,,03133 Torrevieja,Turistas,2020M03,
Total Nacional,Melilla,,03133 Torrevieja,Turistas,2020M02,
Total Nacional,Melilla,,03133 Torrevieja,Turistas,2020M01,.
Total Nacional,Melilla,,03133 Torrevieja,Turistas,2019M12,
Total Nacional,Melilla,,03133 Torrevieja,Turistas,2019M11,
Total Nacional,Melilla,,03133 Torrevieja,Turistas,2019M10,
Total Nacional,Melilla,,03133 Torrevieja,Turistas,2019M09,41
Total Nacional,Melilla,,03133 Torrevieja,Turistas,2019M08,41
Total Nacional,Melilla,,03133 Torrevieja,Turistas,2019M07,
Total Nacional,Melilla,Melilla,03133 Torrevieja,Turistas,2025M12,
Total Nacional,Melilla,Melilla,03133 Torrevieja,Turistas,2025M11,
Total Nacional,Melilla,Melilla,03133 Torrevieja,Turistas,2025M10,
Total Nacional,Melilla,Melilla,03133 Torrevieja,Turistas,2025M09,
Total Nacional,Melilla,Melilla,03133 Torrevieja,Turistas,2025M08,36
Total Nacional,Melilla,Melilla,03133 Torrevieja,Turistas,2025M07,
Total Nacional,Melilla,Melilla,03133 Torrevieja,Turistas,2025M06,
Total Nacional,Melilla,Melilla,03133 Torrevieja,Turistas,2025M05,
Total Nacional,Melilla,Melilla,03133 Torrevieja,Turistas,2025M04,
Total Nacional,Melilla,Melilla,03133 Torrevieja,Turistas,2025M03,
Total Nacional,Melilla,Melilla,03133 Torrevieja,Turistas,2025M02,
Total Nacional,Melilla,Melilla,03133 Torrevieja,Turistas,2025M01,
Total Nacional,Melilla,Melilla,03133 Torrevieja,Turistas,2024M12,
Total Nacional,Melilla,Melilla,03133 Torrevieja,Turistas,2024M11,
Total Nacional,Melilla,Melilla,03133 Torrevieja,Turistas,2024M10,
Total Nacional,Melilla,Melilla,03133 Torrevieja,Turistas,2024M09,
Total Nacional,Melilla,Melilla,03133 Torrevieja,Turistas,2024M08,43
Total Nacional,Melilla,Melilla,03133 Torrevieja,Turistas,2024M07,
Total Nacional,Melilla,Melilla,03133 Torrevieja,Turistas,2024M06,
Total Nacional,Melilla,Melilla,03133 Torrevieja,Turistas,2024M05,
Total Nacional,Melilla,Melilla,03133 Torrevieja,Turistas,2024M04,
Total Nacional,Melilla,Melilla,03133 Torrevieja,Turistas,2024M03,
Total Nacional,Melilla,Melilla,03133 Torrevieja,Turistas,2024M02,
Total Nacional,Melilla,Melilla,03133 Torrevieja,Turistas,2024M01,33
Total Nacional,Melilla,Melilla,03133 Torrevieja,Turistas,2023M12,
Total Nacional,Melilla,Melilla,03133 Torrevieja,Turistas,2023M11,
Total Nacional,Melilla,Melilla,03133 Torrevieja,Turistas,2023M10,
Total Nacional,Melilla,Melilla,03133 Torrevieja,Turistas,2023M09,30
Total Nacional,Melilla,Melilla,03133 Torrevieja,Turistas,2023M08,32
Total Nacional,Melilla,Melilla,03133 Torrevieja,Turistas,2023M07,35
Total Nacional,Melilla,Melilla,03133 Torrevieja,Turistas,2023M06,
Total Nacional,Melilla,Melilla,03133 Torrevieja,Turistas,2023M05,
Total Nacional,Melilla,Melilla,03133 Torrevieja,Turistas,2023M04,
Total Nacional,Melilla,Melilla,03133 Torrevieja,Turistas,2023M03,
Total Nacional,Melilla,Melilla,03133 Torrevieja,Turistas,2023M02,
Total Nacional,Melilla,Melilla,03133 Torrevieja,Turistas,2023M01,
Total Nacional,Melilla,Melilla,03133 Torrevieja,Turistas,2022M12,34
Total Nacional,Melilla,Melilla,03133 Torrevieja,Turistas,2022M11,
Total Nacional,Melilla,Melilla,03133 Torrevieja,Turistas,2022M10,
Total Nacional,Melilla,Melilla,03133 Torrevieja,Turistas,2022M09,
Total Nacional,Melilla,Melilla,03133 Torrevieja,Turistas,2022M08,
Total Nacional,Melilla,Melilla,03133 Torrevieja,Turistas,2022M07,41
Total Nacional,Melilla,Melilla,03133 Torrevieja,Turistas,2022M06,
Total Nacional,Melilla,Melilla,03133 Torrevieja,Turistas,2022M05,
Total Nacional,Melilla,Melilla,03133 Torrevieja,Turistas,2022M04,
Total Nacional,Melilla,Melilla,03133 Torrevieja,Turistas,2022M03,
Total Nacional,Melilla,Melilla,03133 Torrevieja,Turistas,2022M02,
Total Nacional,Melilla,Melilla,03133 Torrevieja,Turistas,2022M01,.
Total Nacional,Melilla,Melilla,03133 Torrevieja,Turistas,2021M12,
Total Nacional,Melilla,Melilla,03133 Torrevieja,Turistas,2021M11,
Total Nacional,Melilla,Melilla,03133 Torrevieja,Turistas,2021M10,
Total Nacional,Melilla,Melilla,03133 Torrevieja,Turistas,2021M09,
Total Nacional,Melilla,Melilla,03133 Torrevieja,Turistas,2021M08,40
Total Nacional,Melilla,Melilla,03133 Torrevieja,Turistas,2021M07,36
Total Nacional,Melilla,Melilla,03133 Torrevieja,Turistas,2021M06,
Total Nacional,Melilla,Melilla,03133 Torrevieja,Turistas,2021M05,
Total Nacional,Melilla,Melilla,03133 Torrevieja,Turistas,2021M04,
Total Nacional,Melilla,Melilla,03133 Torrevieja,Turistas,2021M03,
Total Nacional,Melilla,Melilla,03133 Torrevieja,Turistas,2021M02,.
Total Nacional,Melilla,Melilla,03133 Torrevieja,Turistas,2021M01,.
Total Nacional,Melilla,Melilla,03133 Torrevieja,Turistas,2020M12,
Total Nacional,Melilla,Melilla,03133 Torrevieja,Turistas,2020M11,
Total Nacional,Melilla,Melilla,03133 Torrevieja,Turistas,2020M10,
Total Nacional,Melilla,Melilla,03133 Torrevieja,Turistas,2020M09,
Total Nacional,Melilla,Melilla,03133 Torrevieja,Turistas,2020M08,41
Total Nacional,Melilla,Melilla,03133 Torrevieja,Turistas,2020M07,
Total Nacional,Melilla,Melilla,03133 Torrevieja,Turistas,2020M06,
Total Nacional,Melilla,Melilla,03133 Torrevieja,Turistas,2020M05,
Total Nacional,Melilla,Melilla,03133 Torrevieja,Turistas,2020M04,
Total Nacional,Melilla,Melilla,03133 Torrevieja,Turistas,2020M03,
Total Nacional,Melilla,Melilla,03133 Torrevieja,Turistas,2020M02,
Total Nacional,Melilla,Melilla,03133 Torrevieja,Turistas,2020M01,.
Total Nacional,Melilla,Melilla,03133 Torrevieja,Turistas,2019M12,
Total Nacional,Melilla,Melilla,03133 Torrevieja,Turistas,2019M11,
Total Nacional,Melilla,Melilla,03133 Torrevieja,Turistas,2019M10,
Total Nacional,Melilla,Melilla,03133 Torrevieja,Turistas,2019M09,41
Total Nacional,Melilla,Melilla,03133 Torrevieja,Turistas,2019M08,41
Total Nacional,Melilla,Melilla,03133 Torrevieja,Turistas,2019M07,
Total Nacional,"Murcia, Región de",,03133 Torrevieja,Turistas,2025M12,4.312
Total Nacional,"Murcia, Región de",,03133 Torrevieja,Turistas,2025M11,5.211
Total Nacional,"Murcia, Región de",,03133 Torrevieja,Turistas,2025M10,4.921
Total Nacional,"Murcia, Región de",,03133 Torrevieja,Turistas,2025M09,9.370
Total Nacional,"Murcia, Región de",,03133 Torrevieja,Turistas,2025M08,22.399
Total Nacional,"Murcia, Región de",,03133 Torrevieja,Turistas,2025M07,19.265
Total Nacional,"Murcia, Región de",,03133 Torrevieja,Turistas,2025M06,14.570
Total Nacional,"Murcia, Región de",,03133 Torrevieja,Turistas,2025M05,7.367
Total Nacional,"Murcia, Región de",,03133 Torrevieja,Turistas,2025M04,6.722
Total Nacional,"Murcia, Región de",,03133 Torrevieja,Turistas,2025M03,5.631
Total Nacional,"Murcia, Región de",,03133 Torrevieja,Turistas,2025M02,4.592
Total Nacional,"Murcia, Región de",,03133 Torrevieja,Turistas,2025M01,4.980
Total Nacional,"Murcia, Región de",,03133 Torrevieja,Turistas,2024M12,5.572
Total Nacional,"Murcia, Región de",,03133 Torrevieja,Turistas,2024M11,5.336
Total Nacional,"Murcia, Región de",,03133 Torrevieja,Turistas,2024M10,5.644
Total Nacional,"Murcia, Región de",,03133 Torrevieja,Turistas,2024M09,9.862
Total Nacional,"Murcia, Región de",,03133 Torrevieja,Turistas,2024M08,21.649
Total Nacional,"Murcia, Región de",,03133 Torrevieja,Turistas,2024M07,20.044
Total Nacional,"Murcia, Región de",,03133 Torrevieja,Turistas,2024M06,11.158
Total Nacional,"Murcia, Región de",,03133 Torrevieja,Turistas,2024M05,7.342
Total Nacional,"Murcia, Región de",,03133 Torrevieja,Turistas,2024M04,7.448
Total Nacional,"Murcia, Región de",,03133 Torrevieja,Turistas,2024M03,6.545
Total Nacional,"Murcia, Región de",,03133 Torrevieja,Turistas,2024M02,4.744
Total Nacional,"Murcia, Región de",,03133 Torrevieja,Turistas,2024M01,5.572
Total Nacional,"Murcia, Región de",,03133 Torrevieja,Turistas,2023M12,5.889
Total Nacional,"Murcia, Región de",,03133 Torrevieja,Turistas,2023M11,5.027
Total Nacional,"Murcia, Región de",,03133 Torrevieja,Turistas,2023M10,6.702
Total Nacional,"Murcia, Región de",,03133 Torrevieja,Turistas,2023M09,8.741
Total Nacional,"Murcia, Región de",,03133 Torrevieja,Turistas,2023M08,25.864
Total Nacional,"Murcia, Región de",,03133 Torrevieja,Turistas,2023M07,24.565
Total Nacional,"Murcia, Región de",,03133 Torrevieja,Turistas,2023M06,9.242
Total Nacional,"Murcia, Región de",,03133 Torrevieja,Turistas,2023M05,6.132
Total Nacional,"Murcia, Región de",,03133 Torrevieja,Turistas,2023M04,7.056
Total Nacional,"Murcia, Región de",,03133 Torrevieja,Turistas,2023M03,4.794
Total Nacional,"Murcia, Región de",,03133 Torrevieja,Turistas,2023M02,3.899
Total Nacional,"Murcia, Región de",,03133 Torrevieja,Turistas,2023M01,4.566
Total Nacional,"Murcia, Región de",,03133 Torrevieja,Turistas,2022M12,4.172
Total Nacional,"Murcia, Región de",,03133 Torrevieja,Turistas,2022M11,4.098
Total Nacional,"Murcia, Región de",,03133 Torrevieja,Turistas,2022M10,4.485
Total Nacional,"Murcia, Región de",,03133 Torrevieja,Turistas,2022M09,7.538
Total Nacional,"Murcia, Región de",,03133 Torrevieja,Turistas,2022M08,19.014
Total Nacional,"Murcia, Región de",,03133 Torrevieja,Turistas,2022M07,19.722
Total Nacional,"Murcia, Región de",,03133 Torrevieja,Turistas,2022M06,11.506
Total Nacional,"Murcia, Región de",,03133 Torrevieja,Turistas,2022M05,8.510
Total Nacional,"Murcia, Región de",,03133 Torrevieja,Turistas,2022M04,5.869
Total Nacional,"Murcia, Región de",,03133 Torrevieja,Turistas,2022M03,4.257
Total Nacional,"Murcia, Región de",,03133 Torrevieja,Turistas,2022M02,5.125
Total Nacional,"Murcia, Región de",,03133 Torrevieja,Turistas,2022M01,6.170
Total Nacional,"Murcia, Región de",,03133 Torrevieja,Turistas,2021M12,4.788
Total Nacional,"Murcia, Región de",,03133 Torrevieja,Turistas,2021M11,4.681
Total Nacional,"Murcia, Región de",,03133 Torrevieja,Turistas,2021M10,5.940
Total Nacional,"Murcia, Región de",,03133 Torrevieja,Turistas,2021M09,10.454
Total Nacional,"Murcia, Región de",,03133 Torrevieja,Turistas,2021M08,24.208
Total Nacional,"Murcia, Región de",,03133 Torrevieja,Turistas,2021M07,20.188
Total Nacional,"Murcia, Región de",,03133 Torrevieja,Turistas,2021M06,12.042
Total Nacional,"Murcia, Región de",,03133 Torrevieja,Turistas,2021M05,7.560
Total Nacional,"Murcia, Región de",,03133 Torrevieja,Turistas,2021M04,2.709
Total Nacional,"Murcia, Región de",,03133 Torrevieja,Turistas,2021M03,2.470
Total Nacional,"Murcia, Región de",,03133 Torrevieja,Turistas,2021M02,1.594
Total Nacional,"Murcia, Región de",,03133 Torrevieja,Turistas,2021M01,1.963
Total Nacional,"Murcia, Región de",,03133 Torrevieja,Turistas,2020M12,2.164
Total Nacional,"Murcia, Región de",,03133 Torrevieja,Turistas,2020M11,2.048
Total Nacional,"Murcia, Región de",,03133 Torrevieja,Turistas,2020M10,5.323
Total Nacional,"Murcia, Región de",,03133 Torrevieja,Turistas,2020M09,10.351
Total Nacional,"Murcia, Región de",,03133 Torrevieja,Turistas,2020M08,22.411
Total Nacional,"Murcia, Región de",,03133 Torrevieja,Turistas,2020M07,18.927
Total Nacional,"Murcia, Región de",,03133 Torrevieja,Turistas,2020M06,6.288
Total Nacional,"Murcia, Región de",,03133 Torrevieja,Turistas,2020M05,1.507
Total Nacional,"Murcia, Región de",,03133 Torrevieja,Turistas,2020M04,928
Total Nacional,"Murcia, Región de",,03133 Torrevieja,Turistas,2020M03,3.454
Total Nacional,"Murcia, Región de",,03133 Torrevieja,Turistas,2020M02,5.872
Total Nacional,"Murcia, Región de",,03133 Torrevieja,Turistas,2020M01,5.000
Total Nacional,"Murcia, Región de",,03133 Torrevieja,Turistas,2019M12,4.959
Total Nacional,"Murcia, Región de",,03133 Torrevieja,Turistas,2019M11,4.425
Total Nacional,"Murcia, Región de",,03133 Torrevieja,Turistas,2019M10,5.378
Total Nacional,"Murcia, Región de",,03133 Torrevieja,Turistas,2019M09,9.004
Total Nacional,"Murcia, Región de",,03133 Torrevieja,Turistas,2019M08,22.639
Total Nacional,"Murcia, Región de",,03133 Torrevieja,Turistas,2019M07,20.610
Total Nacional,"Murcia, Región de",Murcia,03133 Torrevieja,Turistas,2025M12,4.312
Total Nacional,"Murcia, Región de",Murcia,03133 Torrevieja,Turistas,2025M11,5.211
Total Nacional,"Murcia, Región de",Murcia,03133 Torrevieja,Turistas,2025M10,4.921
Total Nacional,"Murcia, Región de",Murcia,03133 Torrevieja,Turistas,2025M09,9.370
Total Nacional,"Murcia, Región de",Murcia,03133 Torrevieja,Turistas,2025M08,22.399
Total Nacional,"Murcia, Región de",Murcia,03133 Torrevieja,Turistas,2025M07,19.265
Total Nacional,"Murcia, Región de",Murcia,03133 Torrevieja,Turistas,2025M06,14.570
Total Nacional,"Murcia, Región de",Murcia,03133 Torrevieja,Turistas,2025M05,7.367
Total Nacional,"Murcia, Región de",Murcia,03133 Torrevieja,Turistas,2025M04,6.722
Total Nacional,"Murcia, Región de",Murcia,03133 Torrevieja,Turistas,2025M03,5.631
Total Nacional,"Murcia, Región de",Murcia,03133 Torrevieja,Turistas,2025M02,4.592
Total Nacional,"Murcia, Región de",Murcia,03133 Torrevieja,Turistas,2025M01,4.980
Total Nacional,"Murcia, Región de",Murcia,03133 Torrevieja,Turistas,2024M12,5.572
Total Nacional,"Murcia, Región de",Murcia,03133 Torrevieja,Turistas,2024M11,5.336
Total Nacional,"Murcia, Región de",Murcia,03133 Torrevieja,Turistas,2024M10,5.644
Total Nacional,"Murcia, Región de",Murcia,03133 Torrevieja,Turistas,2024M09,9.862
Total Nacional,"Murcia, Región de",Murcia,03133 Torrevieja,Turistas,2024M08,21.649
Total Nacional,"Murcia, Región de",Murcia,03133 Torrevieja,Turistas,2024M07,20.044
Total Nacional,"Murcia, Región de",Murcia,03133 Torrevieja,Turistas,2024M06,11.158
Total Nacional,"Murcia, Región de",Murcia,03133 Torrevieja,Turistas,2024M05,7.342
Total Nacional,"Murcia, Región de",Murcia,03133 Torrevieja,Turistas,2024M04,7.448
Total Nacional,"Murcia, Región de",Murcia,03133 Torrevieja,Turistas,2024M03,6.545
Total Nacional,"Murcia, Región de",Murcia,03133 Torrevieja,Turistas,2024M02,4.744
Total Nacional,"Murcia, Región de",Murcia,03133 Torrevieja,Turistas,2024M01,5.572
Total Nacional,"Murcia, Región de",Murcia,03133 Torrevieja,Turistas,2023M12,5.889
Total Nacional,"Murcia, Región de",Murcia,03133 Torrevieja,Turistas,2023M11,5.027
Total Nacional,"Murcia, Región de",Murcia,03133 Torrevieja,Turistas,2023M10,6.702
Total Nacional,"Murcia, Región de",Murcia,03133 Torrevieja,Turistas,2023M09,8.741
Total Nacional,"Murcia, Región de",Murcia,03133 Torrevieja,Turistas,2023M08,25.864
Total Nacional,"Murcia, Región de",Murcia,03133 Torrevieja,Turistas,2023M07,24.565
Total Nacional,"Murcia, Región de",Murcia,03133 Torrevieja,Turistas,2023M06,9.242
Total Nacional,"Murcia, Región de",Murcia,03133 Torrevieja,Turistas,2023M05,6.132
Total Nacional,"Murcia, Región de",Murcia,03133 Torrevieja,Turistas,2023M04,7.056
Total Nacional,"Murcia, Región de",Murcia,03133 Torrevieja,Turistas,2023M03,4.794
Total Nacional,"Murcia, Región de",Murcia,03133 Torrevieja,Turistas,2023M02,3.899
Total Nacional,"Murcia, Región de",Murcia,03133 Torrevieja,Turistas,2023M01,4.566
Total Nacional,"Murcia, Región de",Murcia,03133 Torrevieja,Turistas,2022M12,4.172
Total Nacional,"Murcia, Región de",Murcia,03133 Torrevieja,Turistas,2022M11,4.098
Total Nacional,"Murcia, Región de",Murcia,03133 Torrevieja,Turistas,2022M10,4.485
Total Nacional,"Murcia, Región de",Murcia,03133 Torrevieja,Turistas,2022M09,7.538
Total Nacional,"Murcia, Región de",Murcia,03133 Torrevieja,Turistas,2022M08,19.014
Total Nacional,"Murcia, Región de",Murcia,03133 Torrevieja,Turistas,2022M07,19.722
Total Nacional,"Murcia, Región de",Murcia,03133 Torrevieja,Turistas,2022M06,11.506
Total Nacional,"Murcia, Región de",Murcia,03133 Torrevieja,Turistas,2022M05,8.510
Total Nacional,"Murcia, Región de",Murcia,03133 Torrevieja,Turistas,2022M04,5.869
Total Nacional,"Murcia, Región de",Murcia,03133 Torrevieja,Turistas,2022M03,4.257
Total Nacional,"Murcia, Región de",Murcia,03133 Torrevieja,Turistas,2022M02,5.125
Total Nacional,"Murcia, Región de",Murcia,03133 Torrevieja,Turistas,2022M01,6.170
Total Nacional,"Murcia, Región de",Murcia,03133 Torrevieja,Turistas,2021M12,4.788
Total Nacional,"Murcia, Región de",Murcia,03133 Torrevieja,Turistas,2021M11,4.681
Total Nacional,"Murcia, Región de",Murcia,03133 Torrevieja,Turistas,2021M10,5.940
Total Nacional,"Murcia, Región de",Murcia,03133 Torrevieja,Turistas,2021M09,10.454
Total Nacional,"Murcia, Región de",Murcia,03133 Torrevieja,Turistas,2021M08,24.208
Total Nacional,"Murcia, Región de",Murcia,03133 Torrevieja,Turistas,2021M07,20.188
Total Nacional,"Murcia, Región de",Murcia,03133 Torrevieja,Turistas,2021M06,12.042
Total Nacional,"Murcia, Región de",Murcia,03133 Torrevieja,Turistas,2021M05,7.560
Total Nacional,"Murcia, Región de",Murcia,03133 Torrevieja,Turistas,2021M04,2.709
Total Nacional,"Murcia, Región de",Murcia,03133 Torrevieja,Turistas,2021M03,2.470
Total Nacional,"Murcia, Región de",Murcia,03133 Torrevieja,Turistas,2021M02,1.594
Total Nacional,"Murcia, Región de",Murcia,03133 Torrevieja,Turistas,2021M01,1.963
Total Nacional,"Murcia, Región de",Murcia,03133 Torrevieja,Turistas,2020M12,2.164
Total Nacional,"Murcia, Región de",Murcia,03133 Torrevieja,Turistas,2020M11,2.048
Total Nacional,"Murcia, Región de",Murcia,03133 Torrevieja,Turistas,2020M10,5.323
Total Nacional,"Murcia, Región de",Murcia,03133 Torrevieja,Turistas,2020M09,10.351
Total Nacional,"Murcia, Región de",Murcia,03133 Torrevieja,Turistas,2020M08,22.411
Total Nacional,"Murcia, Región de",Murcia,03133 Torrevieja,Turistas,2020M07,18.927
Total Nacional,"Murcia, Región de",Murcia,03133 Torrevieja,Turistas,2020M06,6.288
Total Nacional,"Murcia, Región de",Murcia,03133 Torrevieja,Turistas,2020M05,1.507
Total Nacional,"Murcia, Región de",Murcia,03133 Torrevieja,Turistas,2020M04,928
Total Nacional,"Murcia, Región de",Murcia,03133 Torrevieja,Turistas,2020M03,3.454
Total Nacional,"Murcia, Región de",Murcia,03133 Torrevieja,Turistas,2020M02,5.872
Total Nacional,"Murcia, Región de",Murcia,03133 Torrevieja,Turistas,2020M01,5.000
Total Nacional,"Murcia, Región de",Murcia,03133 Torrevieja,Turistas,2019M12,4.959
Total Nacional,"Murcia, Región de",Murcia,03133 Torrevieja,Turistas,2019M11,4.425
Total Nacional,"Murcia, Región de",Murcia,03133 Torrevieja,Turistas,2019M10,5.378
Total Nacional,"Murcia, Región de",Murcia,03133 Torrevieja,Turistas,2019M09,9.004
Total Nacional,"Murcia, Región de",Murcia,03133 Torrevieja,Turistas,2019M08,22.639
Total Nacional,"Murcia, Región de",Murcia,03133 Torrevieja,Turistas,2019M07,20.610
Total Nacional,"Navarra, Comunidad Foral de",,03133 Torrevieja,Turistas,2025M12,193
Total Nacional,"Navarra, Comunidad Foral de",,03133 Torrevieja,Turistas,2025M11,108
Total Nacional,"Navarra, Comunidad Foral de",,03133 Torrevieja,Turistas,2025M10,171
Total Nacional,"Navarra, Comunidad Foral de",,03133 Torrevieja,Turistas,2025M09,353
Total Nacional,"Navarra, Comunidad Foral de",,03133 Torrevieja,Turistas,2025M08,854
Total Nacional,"Navarra, Comunidad Foral de",,03133 Torrevieja,Turistas,2025M07,708
Total Nacional,"Navarra, Comunidad Foral de",,03133 Torrevieja,Turistas,2025M06,469
Total Nacional,"Navarra, Comunidad Foral de",,03133 Torrevieja,Turistas,2025M05,245
Total Nacional,"Navarra, Comunidad Foral de",,03133 Torrevieja,Turistas,2025M04,517
Total Nacional,"Navarra, Comunidad Foral de",,03133 Torrevieja,Turistas,2025M03,140
Total Nacional,"Navarra, Comunidad Foral de",,03133 Torrevieja,Turistas,2025M02,146
Total Nacional,"Navarra, Comunidad Foral de",,03133 Torrevieja,Turistas,2025M01,170
Total Nacional,"Navarra, Comunidad Foral de",,03133 Torrevieja,Turistas,2024M12,247
Total Nacional,"Navarra, Comunidad Foral de",,03133 Torrevieja,Turistas,2024M11,129
Total Nacional,"Navarra, Comunidad Foral de",,03133 Torrevieja,Turistas,2024M10,243
Total Nacional,"Navarra, Comunidad Foral de",,03133 Torrevieja,Turistas,2024M09,426
Total Nacional,"Navarra, Comunidad Foral de",,03133 Torrevieja,Turistas,2024M08,1.117
Total Nacional,"Navarra, Comunidad Foral de",,03133 Torrevieja,Turistas,2024M07,830
Total Nacional,"Navarra, Comunidad Foral de",,03133 Torrevieja,Turistas,2024M06,284
Total Nacional,"Navarra, Comunidad Foral de",,03133 Torrevieja,Turistas,2024M05,164
Total Nacional,"Navarra, Comunidad Foral de",,03133 Torrevieja,Turistas,2024M04,369
Total Nacional,"Navarra, Comunidad Foral de",,03133 Torrevieja,Turistas,2024M03,193
Total Nacional,"Navarra, Comunidad Foral de",,03133 Torrevieja,Turistas,2024M02,90
Total Nacional,"Navarra, Comunidad Foral de",,03133 Torrevieja,Turistas,2024M01,125
Total Nacional,"Navarra, Comunidad Foral de",,03133 Torrevieja,Turistas,2023M12,186
Total Nacional,"Navarra, Comunidad Foral de",,03133 Torrevieja,Turistas,2023M11,153
Total Nacional,"Navarra, Comunidad Foral de",,03133 Torrevieja,Turistas,2023M10,215
Total Nacional,"Navarra, Comunidad Foral de",,03133 Torrevieja,Turistas,2023M09,429
Total Nacional,"Navarra, Comunidad Foral de",,03133 Torrevieja,Turistas,2023M08,1.083
Total Nacional,"Navarra, Comunidad Foral de",,03133 Torrevieja,Turistas,2023M07,944
Total Nacional,"Navarra, Comunidad Foral de",,03133 Torrevieja,Turistas,2023M06,265
Total Nacional,"Navarra, Comunidad Foral de",,03133 Torrevieja,Turistas,2023M05,220
Total Nacional,"Navarra, Comunidad Foral de",,03133 Torrevieja,Turistas,2023M04,657
Total Nacional,"Navarra, Comunidad Foral de",,03133 Torrevieja,Turistas,2023M03,231
Total Nacional,"Navarra, Comunidad Foral de",,03133 Torrevieja,Turistas,2023M02,94
Total Nacional,"Navarra, Comunidad Foral de",,03133 Torrevieja,Turistas,2023M01,118
Total Nacional,"Navarra, Comunidad Foral de",,03133 Torrevieja,Turistas,2022M12,199
Total Nacional,"Navarra, Comunidad Foral de",,03133 Torrevieja,Turistas,2022M11,180
Total Nacional,"Navarra, Comunidad Foral de",,03133 Torrevieja,Turistas,2022M10,273
Total Nacional,"Navarra, Comunidad Foral de",,03133 Torrevieja,Turistas,2022M09,402
Total Nacional,"Navarra, Comunidad Foral de",,03133 Torrevieja,Turistas,2022M08,1.173
Total Nacional,"Navarra, Comunidad Foral de",,03133 Torrevieja,Turistas,2022M07,1.027
Total Nacional,"Navarra, Comunidad Foral de",,03133 Torrevieja,Turistas,2022M06,369
Total Nacional,"Navarra, Comunidad Foral de",,03133 Torrevieja,Turistas,2022M05,261
Total Nacional,"Navarra, Comunidad Foral de",,03133 Torrevieja,Turistas,2022M04,560
Total Nacional,"Navarra, Comunidad Foral de",,03133 Torrevieja,Turistas,2022M03,132
Total Nacional,"Navarra, Comunidad Foral de",,03133 Torrevieja,Turistas,2022M02,90
Total Nacional,"Navarra, Comunidad Foral de",,03133 Torrevieja,Turistas,2022M01,108
Total Nacional,"Navarra, Comunidad Foral de",,03133 Torrevieja,Turistas,2021M12,331
Total Nacional,"Navarra, Comunidad Foral de",,03133 Torrevieja,Turistas,2021M11,207
Total Nacional,"Navarra, Comunidad Foral de",,03133 Torrevieja,Turistas,2021M10,320
Total Nacional,"Navarra, Comunidad Foral de",,03133 Torrevieja,Turistas,2021M09,470
Total Nacional,"Navarra, Comunidad Foral de",,03133 Torrevieja,Turistas,2021M08,1.596
Total Nacional,"Navarra, Comunidad Foral de",,03133 Torrevieja,Turistas,2021M07,1.229
Total Nacional,"Navarra, Comunidad Foral de",,03133 Torrevieja,Turistas,2021M06,411
Total Nacional,"Navarra, Comunidad Foral de",,03133 Torrevieja,Turistas,2021M05,139
Total Nacional,"Navarra, Comunidad Foral de",,03133 Torrevieja,Turistas,2021M04,138
Total Nacional,"Navarra, Comunidad Foral de",,03133 Torrevieja,Turistas,2021M03,38
Total Nacional,"Navarra, Comunidad Foral de",,03133 Torrevieja,Turistas,2021M02,35
Total Nacional,"Navarra, Comunidad Foral de",,03133 Torrevieja,Turistas,2021M01,31
Total Nacional,"Navarra, Comunidad Foral de",,03133 Torrevieja,Turistas,2020M12,38
Total Nacional,"Navarra, Comunidad Foral de",,03133 Torrevieja,Turistas,2020M11,87
Total Nacional,"Navarra, Comunidad Foral de",,03133 Torrevieja,Turistas,2020M10,237
Total Nacional,"Navarra, Comunidad Foral de",,03133 Torrevieja,Turistas,2020M09,405
Total Nacional,"Navarra, Comunidad Foral de",,03133 Torrevieja,Turistas,2020M08,1.166
Total Nacional,"Navarra, Comunidad Foral de",,03133 Torrevieja,Turistas,2020M07,804
Total Nacional,"Navarra, Comunidad Foral de",,03133 Torrevieja,Turistas,2020M06,68
Total Nacional,"Navarra, Comunidad Foral de",,03133 Torrevieja,Turistas,2020M05,31
Total Nacional,"Navarra, Comunidad Foral de",,03133 Torrevieja,Turistas,2020M04,34
Total Nacional,"Navarra, Comunidad Foral de",,03133 Torrevieja,Turistas,2020M03,152
Total Nacional,"Navarra, Comunidad Foral de",,03133 Torrevieja,Turistas,2020M02,165
Total Nacional,"Navarra, Comunidad Foral de",,03133 Torrevieja,Turistas,2020M01,201
Total Nacional,"Navarra, Comunidad Foral de",,03133 Torrevieja,Turistas,2019M12,269
Total Nacional,"Navarra, Comunidad Foral de",,03133 Torrevieja,Turistas,2019M11,187
Total Nacional,"Navarra, Comunidad Foral de",,03133 Torrevieja,Turistas,2019M10,296
Total Nacional,"Navarra, Comunidad Foral de",,03133 Torrevieja,Turistas,2019M09,629
Total Nacional,"Navarra, Comunidad Foral de",,03133 Torrevieja,Turistas,2019M08,1.301
Total Nacional,"Navarra, Comunidad Foral de",,03133 Torrevieja,Turistas,2019M07,995
Total Nacional,"Navarra, Comunidad Foral de",Navarra,03133 Torrevieja,Turistas,2025M12,193
Total Nacional,"Navarra, Comunidad Foral de",Navarra,03133 Torrevieja,Turistas,2025M11,108
Total Nacional,"Navarra, Comunidad Foral de",Navarra,03133 Torrevieja,Turistas,2025M10,171
Total Nacional,"Navarra, Comunidad Foral de",Navarra,03133 Torrevieja,Turistas,2025M09,353
Total Nacional,"Navarra, Comunidad Foral de",Navarra,03133 Torrevieja,Turistas,2025M08,854
Total Nacional,"Navarra, Comunidad Foral de",Navarra,03133 Torrevieja,Turistas,2025M07,708
Total Nacional,"Navarra, Comunidad Foral de",Navarra,03133 Torrevieja,Turistas,2025M06,469
Total Nacional,"Navarra, Comunidad Foral de",Navarra,03133 Torrevieja,Turistas,2025M05,245
Total Nacional,"Navarra, Comunidad Foral de",Navarra,03133 Torrevieja,Turistas,2025M04,517
Total Nacional,"Navarra, Comunidad Foral de",Navarra,03133 Torrevieja,Turistas,2025M03,140
Total Nacional,"Navarra, Comunidad Foral de",Navarra,03133 Torrevieja,Turistas,2025M02,146
Total Nacional,"Navarra, Comunidad Foral de",Navarra,03133 Torrevieja,Turistas,2025M01,170
Total Nacional,"Navarra, Comunidad Foral de",Navarra,03133 Torrevieja,Turistas,2024M12,247
Total Nacional,"Navarra, Comunidad Foral de",Navarra,03133 Torrevieja,Turistas,2024M11,129
Total Nacional,"Navarra, Comunidad Foral de",Navarra,03133 Torrevieja,Turistas,2024M10,243
Total Nacional,"Navarra, Comunidad Foral de",Navarra,03133 Torrevieja,Turistas,2024M09,426
Total Nacional,"Navarra, Comunidad Foral de",Navarra,03133 Torrevieja,Turistas,2024M08,1.117
Total Nacional,"Navarra, Comunidad Foral de",Navarra,03133 Torrevieja,Turistas,2024M07,830
Total Nacional,"Navarra, Comunidad Foral de",Navarra,03133 Torrevieja,Turistas,2024M06,284
Total Nacional,"Navarra, Comunidad Foral de",Navarra,03133 Torrevieja,Turistas,2024M05,164
Total Nacional,"Navarra, Comunidad Foral de",Navarra,03133 Torrevieja,Turistas,2024M04,369
Total Nacional,"Navarra, Comunidad Foral de",Navarra,03133 Torrevieja,Turistas,2024M03,193
Total Nacional,"Navarra, Comunidad Foral de",Navarra,03133 Torrevieja,Turistas,2024M02,90
Total Nacional,"Navarra, Comunidad Foral de",Navarra,03133 Torrevieja,Turistas,2024M01,125
Total Nacional,"Navarra, Comunidad Foral de",Navarra,03133 Torrevieja,Turistas,2023M12,186
Total Nacional,"Navarra, Comunidad Foral de",Navarra,03133 Torrevieja,Turistas,2023M11,153
Total Nacional,"Navarra, Comunidad Foral de",Navarra,03133 Torrevieja,Turistas,2023M10,215
Total Nacional,"Navarra, Comunidad Foral de",Navarra,03133 Torrevieja,Turistas,2023M09,429
Total Nacional,"Navarra, Comunidad Foral de",Navarra,03133 Torrevieja,Turistas,2023M08,1.083
Total Nacional,"Navarra, Comunidad Foral de",Navarra,03133 Torrevieja,Turistas,2023M07,944
Total Nacional,"Navarra, Comunidad Foral de",Navarra,03133 Torrevieja,Turistas,2023M06,265
Total Nacional,"Navarra, Comunidad Foral de",Navarra,03133 Torrevieja,Turistas,2023M05,220
Total Nacional,"Navarra, Comunidad Foral de",Navarra,03133 Torrevieja,Turistas,2023M04,657
Total Nacional,"Navarra, Comunidad Foral de",Navarra,03133 Torrevieja,Turistas,2023M03,231
Total Nacional,"Navarra, Comunidad Foral de",Navarra,03133 Torrevieja,Turistas,2023M02,94
Total Nacional,"Navarra, Comunidad Foral de",Navarra,03133 Torrevieja,Turistas,2023M01,118
Total Nacional,"Navarra, Comunidad Foral de",Navarra,03133 Torrevieja,Turistas,2022M12,199
Total Nacional,"Navarra, Comunidad Foral de",Navarra,03133 Torrevieja,Turistas,2022M11,180
Total Nacional,"Navarra, Comunidad Foral de",Navarra,03133 Torrevieja,Turistas,2022M10,273
Total Nacional,"Navarra, Comunidad Foral de",Navarra,03133 Torrevieja,Turistas,2022M09,402
Total Nacional,"Navarra, Comunidad Foral de",Navarra,03133 Torrevieja,Turistas,2022M08,1.173
Total Nacional,"Navarra, Comunidad Foral de",Navarra,03133 Torrevieja,Turistas,2022M07,1.027
Total Nacional,"Navarra, Comunidad Foral de",Navarra,03133 Torrevieja,Turistas,2022M06,369
Total Nacional,"Navarra, Comunidad Foral de",Navarra,03133 Torrevieja,Turistas,2022M05,261
Total Nacional,"Navarra, Comunidad Foral de",Navarra,03133 Torrevieja,Turistas,2022M04,560
Total Nacional,"Navarra, Comunidad Foral de",Navarra,03133 Torrevieja,Turistas,2022M03,132
Total Nacional,"Navarra, Comunidad Foral de",Navarra,03133 Torrevieja,Turistas,2022M02,90
Total Nacional,"Navarra, Comunidad Foral de",Navarra,03133 Torrevieja,Turistas,2022M01,108
Total Nacional,"Navarra, Comunidad Foral de",Navarra,03133 Torrevieja,Turistas,2021M12,331
Total Nacional,"Navarra, Comunidad Foral de",Navarra,03133 Torrevieja,Turistas,2021M11,207
Total Nacional,"Navarra, Comunidad Foral de",Navarra,03133 Torrevieja,Turistas,2021M10,320
Total Nacional,"Navarra, Comunidad Foral de",Navarra,03133 Torrevieja,Turistas,2021M09,470
Total Nacional,"Navarra, Comunidad Foral de",Navarra,03133 Torrevieja,Turistas,2021M08,1.596
Total Nacional,"Navarra, Comunidad Foral de",Navarra,03133 Torrevieja,Turistas,2021M07,1.229
Total Nacional,"Navarra, Comunidad Foral de",Navarra,03133 Torrevieja,Turistas,2021M06,411
Total Nacional,"Navarra, Comunidad Foral de",Navarra,03133 Torrevieja,Turistas,2021M05,139
Total Nacional,"Navarra, Comunidad Foral de",Navarra,03133 Torrevieja,Turistas,2021M04,138
Total Nacional,"Navarra, Comunidad Foral de",Navarra,03133 Torrevieja,Turistas,2021M03,38
Total Nacional,"Navarra, Comunidad Foral de",Navarra,03133 Torrevieja,Turistas,2021M02,35
Total Nacional,"Navarra, Comunidad Foral de",Navarra,03133 Torrevieja,Turistas,2021M01,31
Total Nacional,"Navarra, Comunidad Foral de",Navarra,03133 Torrevieja,Turistas,2020M12,38
Total Nacional,"Navarra, Comunidad Foral de",Navarra,03133 Torrevieja,Turistas,2020M11,87
Total Nacional,"Navarra, Comunidad Foral de",Navarra,03133 Torrevieja,Turistas,2020M10,237
Total Nacional,"Navarra, Comunidad Foral de",Navarra,03133 Torrevieja,Turistas,2020M09,405
Total Nacional,"Navarra, Comunidad Foral de",Navarra,03133 Torrevieja,Turistas,2020M08,1.166
Total Nacional,"Navarra, Comunidad Foral de",Navarra,03133 Torrevieja,Turistas,2020M07,804
Total Nacional,"Navarra, Comunidad Foral de",Navarra,03133 Torrevieja,Turistas,2020M06,68
Total Nacional,"Navarra, Comunidad Foral de",Navarra,03133 Torrevieja,Turistas,2020M05,31
Total Nacional,"Navarra, Comunidad Foral de",Navarra,03133 Torrevieja,Turistas,2020M04,34
Total Nacional,"Navarra, Comunidad Foral de",Navarra,03133 Torrevieja,Turistas,2020M03,152
Total Nacional,"Navarra, Comunidad Foral de",Navarra,03133 Torrevieja,Turistas,2020M02,165
Total Nacional,"Navarra, Comunidad Foral de",Navarra,03133 Torrevieja,Turistas,2020M01,201
Total Nacional,"Navarra, Comunidad Foral de",Navarra,03133 Torrevieja,Turistas,2019M12,269
Total Nacional,"Navarra, Comunidad Foral de",Navarra,03133 Torrevieja,Turistas,2019M11,187
Total Nacional,"Navarra, Comunidad Foral de",Navarra,03133 Torrevieja,Turistas,2019M10,296
Total Nacional,"Navarra, Comunidad Foral de",Navarra,03133 Torrevieja,Turistas,2019M09,629
Total Nacional,"Navarra, Comunidad Foral de",Navarra,03133 Torrevieja,Turistas,2019M08,1.301
Total Nacional,"Navarra, Comunidad Foral de",Navarra,03133 Torrevieja,Turistas,2019M07,995
Total Nacional,País Vasco,,03133 Torrevieja,Turistas,2025M12,507
Total Nacional,País Vasco,,03133 Torrevieja,Turistas,2025M11,699
Total Nacional,País Vasco,,03133 Torrevieja,Turistas,2025M10,950
Total Nacional,País Vasco,,03133 Torrevieja,Turistas,2025M09,1.760
Total Nacional,País Vasco,,03133 Torrevieja,Turistas,2025M08,5.032
Total Nacional,País Vasco,,03133 Torrevieja,Turistas,2025M07,2.169
Total Nacional,País Vasco,,03133 Torrevieja,Turistas,2025M06,1.725
Total Nacional,País Vasco,,03133 Torrevieja,Turistas,2025M05,1.472
Total Nacional,País Vasco,,03133 Torrevieja,Turistas,2025M04,2.932
Total Nacional,País Vasco,,03133 Torrevieja,Turistas,2025M03,553
Total Nacional,País Vasco,,03133 Torrevieja,Turistas,2025M02,430
Total Nacional,País Vasco,,03133 Torrevieja,Turistas,2025M01,649
Total Nacional,País Vasco,,03133 Torrevieja,Turistas,2024M12,935
Total Nacional,País Vasco,,03133 Torrevieja,Turistas,2024M11,685
Total Nacional,País Vasco,,03133 Torrevieja,Turistas,2024M10,1.210
Total Nacional,País Vasco,,03133 Torrevieja,Turistas,2024M09,2.337
Total Nacional,País Vasco,,03133 Torrevieja,Turistas,2024M08,5.737
Total Nacional,País Vasco,,03133 Torrevieja,Turistas,2024M07,3.444
Total Nacional,País Vasco,,03133 Torrevieja,Turistas,2024M06,1.418
Total Nacional,País Vasco,,03133 Torrevieja,Turistas,2024M05,1.382
Total Nacional,País Vasco,,03133 Torrevieja,Turistas,2024M04,2.353
Total Nacional,País Vasco,,03133 Torrevieja,Turistas,2024M03,1.294
Total Nacional,País Vasco,,03133 Torrevieja,Turistas,2024M02,372
Total Nacional,País Vasco,,03133 Torrevieja,Turistas,2024M01,646
Total Nacional,País Vasco,,03133 Torrevieja,Turistas,2023M12,780
Total Nacional,País Vasco,,03133 Torrevieja,Turistas,2023M11,621
Total Nacional,País Vasco,,03133 Torrevieja,Turistas,2023M10,1.576
Total Nacional,País Vasco,,03133 Torrevieja,Turistas,2023M09,1.867
Total Nacional,País Vasco,,03133 Torrevieja,Turistas,2023M08,5.453
Total Nacional,País Vasco,,03133 Torrevieja,Turistas,2023M07,3.276
Total Nacional,País Vasco,,03133 Torrevieja,Turistas,2023M06,1.523
Total Nacional,País Vasco,,03133 Torrevieja,Turistas,2023M05,1.223
Total Nacional,País Vasco,,03133 Torrevieja,Turistas,2023M04,2.987
Total Nacional,País Vasco,,03133 Torrevieja,Turistas,2023M03,651
Total Nacional,País Vasco,,03133 Torrevieja,Turistas,2023M02,412
Total Nacional,País Vasco,,03133 Torrevieja,Turistas,2023M01,343
Total Nacional,País Vasco,,03133 Torrevieja,Turistas,2022M12,686
Total Nacional,País Vasco,,03133 Torrevieja,Turistas,2022M11,635
Total Nacional,País Vasco,,03133 Torrevieja,Turistas,2022M10,1.314
Total Nacional,País Vasco,,03133 Torrevieja,Turistas,2022M09,2.206
Total Nacional,País Vasco,,03133 Torrevieja,Turistas,2022M08,5.925
Total Nacional,País Vasco,,03133 Torrevieja,Turistas,2022M07,3.309
Total Nacional,País Vasco,,03133 Torrevieja,Turistas,2022M06,1.553
Total Nacional,País Vasco,,03133 Torrevieja,Turistas,2022M05,1.153
Total Nacional,País Vasco,,03133 Torrevieja,Turistas,2022M04,3.180
Total Nacional,País Vasco,,03133 Torrevieja,Turistas,2022M03,599
Total Nacional,País Vasco,,03133 Torrevieja,Turistas,2022M02,372
Total Nacional,País Vasco,,03133 Torrevieja,Turistas,2022M01,480
Total Nacional,País Vasco,,03133 Torrevieja,Turistas,2021M12,832
Total Nacional,País Vasco,,03133 Torrevieja,Turistas,2021M11,731
Total Nacional,País Vasco,,03133 Torrevieja,Turistas,2021M10,1.460
Total Nacional,País Vasco,,03133 Torrevieja,Turistas,2021M09,2.366
Total Nacional,País Vasco,,03133 Torrevieja,Turistas,2021M08,6.539
Total Nacional,País Vasco,,03133 Torrevieja,Turistas,2021M07,3.249
Total Nacional,País Vasco,,03133 Torrevieja,Turistas,2021M06,1.508
Total Nacional,País Vasco,,03133 Torrevieja,Turistas,2021M05,510
Total Nacional,País Vasco,,03133 Torrevieja,Turistas,2021M04,191
Total Nacional,País Vasco,,03133 Torrevieja,Turistas,2021M03,109
Total Nacional,País Vasco,,03133 Torrevieja,Turistas,2021M02,54
Total Nacional,País Vasco,,03133 Torrevieja,Turistas,2021M01,112
Total Nacional,País Vasco,,03133 Torrevieja,Turistas,2020M12,171
Total Nacional,País Vasco,,03133 Torrevieja,Turistas,2020M11,239
Total Nacional,País Vasco,,03133 Torrevieja,Turistas,2020M10,884
Total Nacional,País Vasco,,03133 Torrevieja,Turistas,2020M09,1.882
Total Nacional,País Vasco,,03133 Torrevieja,Turistas,2020M08,5.291
Total Nacional,País Vasco,,03133 Torrevieja,Turistas,2020M07,1.729
Total Nacional,País Vasco,,03133 Torrevieja,Turistas,2020M06,189
Total Nacional,País Vasco,,03133 Torrevieja,Turistas,2020M05,81
Total Nacional,País Vasco,,03133 Torrevieja,Turistas,2020M04,129
Total Nacional,País Vasco,,03133 Torrevieja,Turistas,2020M03,838
Total Nacional,País Vasco,,03133 Torrevieja,Turistas,2020M02,921
Total Nacional,País Vasco,,03133 Torrevieja,Turistas,2020M01,945
Total Nacional,País Vasco,,03133 Torrevieja,Turistas,2019M12,1.086
Total Nacional,País Vasco,,03133 Torrevieja,Turistas,2019M11,920
Total Nacional,País Vasco,,03133 Torrevieja,Turistas,2019M10,1.125
Total Nacional,País Vasco,,03133 Torrevieja,Turistas,2019M09,2.478
Total Nacional,País Vasco,,03133 Torrevieja,Turistas,2019M08,6.069
Total Nacional,País Vasco,,03133 Torrevieja,Turistas,2019M07,3.095
Total Nacional,País Vasco,Araba/Álava,03133 Torrevieja,Turistas,2025M12,103
Total Nacional,País Vasco,Araba/Álava,03133 Torrevieja,Turistas,2025M11,145
Total Nacional,País Vasco,Araba/Álava,03133 Torrevieja,Turistas,2025M10,288
Total Nacional,País Vasco,Araba/Álava,03133 Torrevieja,Turistas,2025M09,437
Total Nacional,País Vasco,Araba/Álava,03133 Torrevieja,Turistas,2025M08,1.158
Total Nacional,País Vasco,Araba/Álava,03133 Torrevieja,Turistas,2025M07,528
Total Nacional,País Vasco,Araba/Álava,03133 Torrevieja,Turistas,2025M06,426
Total Nacional,País Vasco,Araba/Álava,03133 Torrevieja,Turistas,2025M05,532
Total Nacional,País Vasco,Araba/Álava,03133 Torrevieja,Turistas,2025M04,692
Total Nacional,País Vasco,Araba/Álava,03133 Torrevieja,Turistas,2025M03,144
Total Nacional,País Vasco,Araba/Álava,03133 Torrevieja,Turistas,2025M02,142
Total Nacional,País Vasco,Araba/Álava,03133 Torrevieja,Turistas,2025M01,191
Total Nacional,País Vasco,Araba/Álava,03133 Torrevieja,Turistas,2024M12,245
Total Nacional,País Vasco,Araba/Álava,03133 Torrevieja,Turistas,2024M11,155
Total Nacional,País Vasco,Araba/Álava,03133 Torrevieja,Turistas,2024M10,263
Total Nacional,País Vasco,Araba/Álava,03133 Torrevieja,Turistas,2024M09,515
Total Nacional,País Vasco,Araba/Álava,03133 Torrevieja,Turistas,2024M08,1.485
Total Nacional,País Vasco,Araba/Álava,03133 Torrevieja,Turistas,2024M07,836
Total Nacional,País Vasco,Araba/Álava,03133 Torrevieja,Turistas,2024M06,424
Total Nacional,País Vasco,Araba/Álava,03133 Torrevieja,Turistas,2024M05,507
Total Nacional,País Vasco,Araba/Álava,03133 Torrevieja,Turistas,2024M04,700
Total Nacional,País Vasco,Araba/Álava,03133 Torrevieja,Turistas,2024M03,257
Total Nacional,País Vasco,Araba/Álava,03133 Torrevieja,Turistas,2024M02,87
Total Nacional,País Vasco,Araba/Álava,03133 Torrevieja,Turistas,2024M01,148
Total Nacional,País Vasco,Araba/Álava,03133 Torrevieja,Turistas,2023M12,209
Total Nacional,País Vasco,Araba/Álava,03133 Torrevieja,Turistas,2023M11,171
Total Nacional,País Vasco,Araba/Álava,03133 Torrevieja,Turistas,2023M10,436
Total Nacional,País Vasco,Araba/Álava,03133 Torrevieja,Turistas,2023M09,489
Total Nacional,País Vasco,Araba/Álava,03133 Torrevieja,Turistas,2023M08,1.432
Total Nacional,País Vasco,Araba/Álava,03133 Torrevieja,Turistas,2023M07,939
Total Nacional,País Vasco,Araba/Álava,03133 Torrevieja,Turistas,2023M06,403
Total Nacional,País Vasco,Araba/Álava,03133 Torrevieja,Turistas,2023M05,383
Total Nacional,País Vasco,Araba/Álava,03133 Torrevieja,Turistas,2023M04,721
Total Nacional,País Vasco,Araba/Álava,03133 Torrevieja,Turistas,2023M03,185
Total Nacional,País Vasco,Araba/Álava,03133 Torrevieja,Turistas,2023M02,118
Total Nacional,País Vasco,Araba/Álava,03133 Torrevieja,Turistas,2023M01,97
Total Nacional,País Vasco,Araba/Álava,03133 Torrevieja,Turistas,2022M12,255
Total Nacional,País Vasco,Araba/Álava,03133 Torrevieja,Turistas,2022M11,200
Total Nacional,País Vasco,Araba/Álava,03133 Torrevieja,Turistas,2022M10,300
Total Nacional,País Vasco,Araba/Álava,03133 Torrevieja,Turistas,2022M09,536
Total Nacional,País Vasco,Araba/Álava,03133 Torrevieja,Turistas,2022M08,1.535
Total Nacional,País Vasco,Araba/Álava,03133 Torrevieja,Turistas,2022M07,704
Total Nacional,País Vasco,Araba/Álava,03133 Torrevieja,Turistas,2022M06,397
Total Nacional,País Vasco,Araba/Álava,03133 Torrevieja,Turistas,2022M05,350
Total Nacional,País Vasco,Araba/Álava,03133 Torrevieja,Turistas,2022M04,783
Total Nacional,País Vasco,Araba/Álava,03133 Torrevieja,Turistas,2022M03,148
Total Nacional,País Vasco,Araba/Álava,03133 Torrevieja,Turistas,2022M02,83
Total Nacional,País Vasco,Araba/Álava,03133 Torrevieja,Turistas,2022M01,119
Total Nacional,País Vasco,Araba/Álava,03133 Torrevieja,Turistas,2021M12,202
Total Nacional,País Vasco,Araba/Álava,03133 Torrevieja,Turistas,2021M11,173
Total Nacional,País Vasco,Araba/Álava,03133 Torrevieja,Turistas,2021M10,374
Total Nacional,País Vasco,Araba/Álava,03133 Torrevieja,Turistas,2021M09,549
Total Nacional,País Vasco,Araba/Álava,03133 Torrevieja,Turistas,2021M08,1.600
Total Nacional,País Vasco,Araba/Álava,03133 Torrevieja,Turistas,2021M07,779
Total Nacional,País Vasco,Araba/Álava,03133 Torrevieja,Turistas,2021M06,388
Total Nacional,País Vasco,Araba/Álava,03133 Torrevieja,Turistas,2021M05,96
Total Nacional,País Vasco,Araba/Álava,03133 Torrevieja,Turistas,2021M04,49
Total Nacional,País Vasco,Araba/Álava,03133 Torrevieja,Turistas,2021M03,
Total Nacional,País Vasco,Araba/Álava,03133 Torrevieja,Turistas,2021M02,.
Total Nacional,País Vasco,Araba/Álava,03133 Torrevieja,Turistas,2021M01,44
Total Nacional,País Vasco,Araba/Álava,03133 Torrevieja,Turistas,2020M12,35
Total Nacional,País Vasco,Araba/Álava,03133 Torrevieja,Turistas,2020M11,79
Total Nacional,País Vasco,Araba/Álava,03133 Torrevieja,Turistas,2020M10,200
Total Nacional,País Vasco,Araba/Álava,03133 Torrevieja,Turistas,2020M09,427
Total Nacional,País Vasco,Araba/Álava,03133 Torrevieja,Turistas,2020M08,1.196
Total Nacional,País Vasco,Araba/Álava,03133 Torrevieja,Turistas,2020M07,368
Total Nacional,País Vasco,Araba/Álava,03133 Torrevieja,Turistas,2020M06,32
Total Nacional,País Vasco,Araba/Álava,03133 Torrevieja,Turistas,2020M05,.
Total Nacional,País Vasco,Araba/Álava,03133 Torrevieja,Turistas,2020M04,.
Total Nacional,País Vasco,Araba/Álava,03133 Torrevieja,Turistas,2020M03,95
Total Nacional,País Vasco,Araba/Álava,03133 Torrevieja,Turistas,2020M02,126
Total Nacional,País Vasco,Araba/Álava,03133 Torrevieja,Turistas,2020M01,160
Total Nacional,País Vasco,Araba/Álava,03133 Torrevieja,Turistas,2019M12,215
Total Nacional,País Vasco,Araba/Álava,03133 Torrevieja,Turistas,2019M11,176
Total Nacional,País Vasco,Araba/Álava,03133 Torrevieja,Turistas,2019M10,240
Total Nacional,País Vasco,Araba/Álava,03133 Torrevieja,Turistas,2019M09,595
Total Nacional,País Vasco,Araba/Álava,03133 Torrevieja,Turistas,2019M08,1.503
Total Nacional,País Vasco,Araba/Álava,03133 Torrevieja,Turistas,2019M07,867
Total Nacional,País Vasco,Bizkaia,03133 Torrevieja,Turistas,2025M12,161
Total Nacional,País Vasco,Bizkaia,03133 Torrevieja,Turistas,2025M11,294
Total Nacional,País Vasco,Bizkaia,03133 Torrevieja,Turistas,2025M10,409
Total Nacional,País Vasco,Bizkaia,03133 Torrevieja,Turistas,2025M09,903
Total Nacional,País Vasco,Bizkaia,03133 Torrevieja,Turistas,2025M08,2.370
Total Nacional,País Vasco,Bizkaia,03133 Torrevieja,Turistas,2025M07,1.132
Total Nacional,País Vasco,Bizkaia,03133 Torrevieja,Turistas,2025M06,775
Total Nacional,País Vasco,Bizkaia,03133 Torrevieja,Turistas,2025M05,577
Total Nacional,País Vasco,Bizkaia,03133 Torrevieja,Turistas,2025M04,1.278
Total Nacional,País Vasco,Bizkaia,03133 Torrevieja,Turistas,2025M03,251
Total Nacional,País Vasco,Bizkaia,03133 Torrevieja,Turistas,2025M02,209
Total Nacional,País Vasco,Bizkaia,03133 Torrevieja,Turistas,2025M01,283
Total Nacional,País Vasco,Bizkaia,03133 Torrevieja,Turistas,2024M12,448
Total Nacional,País Vasco,Bizkaia,03133 Torrevieja,Turistas,2024M11,253
Total Nacional,País Vasco,Bizkaia,03133 Torrevieja,Turistas,2024M10,534
Total Nacional,País Vasco,Bizkaia,03133 Torrevieja,Turistas,2024M09,1.213
Total Nacional,País Vasco,Bizkaia,03133 Torrevieja,Turistas,2024M08,2.871
Total Nacional,País Vasco,Bizkaia,03133 Torrevieja,Turistas,2024M07,1.876
Total Nacional,País Vasco,Bizkaia,03133 Torrevieja,Turistas,2024M06,670
Total Nacional,País Vasco,Bizkaia,03133 Torrevieja,Turistas,2024M05,531
Total Nacional,País Vasco,Bizkaia,03133 Torrevieja,Turistas,2024M04,1.008
Total Nacional,País Vasco,Bizkaia,03133 Torrevieja,Turistas,2024M03,565
Total Nacional,País Vasco,Bizkaia,03133 Torrevieja,Turistas,2024M02,189
Total Nacional,País Vasco,Bizkaia,03133 Torrevieja,Turistas,2024M01,373
Total Nacional,País Vasco,Bizkaia,03133 Torrevieja,Turistas,2023M12,377
Total Nacional,País Vasco,Bizkaia,03133 Torrevieja,Turistas,2023M11,307
Total Nacional,País Vasco,Bizkaia,03133 Torrevieja,Turistas,2023M10,739
Total Nacional,País Vasco,Bizkaia,03133 Torrevieja,Turistas,2023M09,972
Total Nacional,País Vasco,Bizkaia,03133 Torrevieja,Turistas,2023M08,2.891
Total Nacional,País Vasco,Bizkaia,03133 Torrevieja,Turistas,2023M07,1.738
Total Nacional,País Vasco,Bizkaia,03133 Torrevieja,Turistas,2023M06,852
Total Nacional,País Vasco,Bizkaia,03133 Torrevieja,Turistas,2023M05,591
Total Nacional,País Vasco,Bizkaia,03133 Torrevieja,Turistas,2023M04,1.476
Total Nacional,País Vasco,Bizkaia,03133 Torrevieja,Turistas,2023M03,306
Total Nacional,País Vasco,Bizkaia,03133 Torrevieja,Turistas,2023M02,207
Total Nacional,País Vasco,Bizkaia,03133 Torrevieja,Turistas,2023M01,189
Total Nacional,País Vasco,Bizkaia,03133 Torrevieja,Turistas,2022M12,282
Total Nacional,País Vasco,Bizkaia,03133 Torrevieja,Turistas,2022M11,307
Total Nacional,País Vasco,Bizkaia,03133 Torrevieja,Turistas,2022M10,739
Total Nacional,País Vasco,Bizkaia,03133 Torrevieja,Turistas,2022M09,1.176
Total Nacional,País Vasco,Bizkaia,03133 Torrevieja,Turistas,2022M08,3.097
Total Nacional,País Vasco,Bizkaia,03133 Torrevieja,Turistas,2022M07,1.891
Total Nacional,País Vasco,Bizkaia,03133 Torrevieja,Turistas,2022M06,785
Total Nacional,País Vasco,Bizkaia,03133 Torrevieja,Turistas,2022M05,531
Total Nacional,País Vasco,Bizkaia,03133 Torrevieja,Turistas,2022M04,1.573
Total Nacional,País Vasco,Bizkaia,03133 Torrevieja,Turistas,2022M03,282
Total Nacional,País Vasco,Bizkaia,03133 Torrevieja,Turistas,2022M02,214
Total Nacional,País Vasco,Bizkaia,03133 Torrevieja,Turistas,2022M01,229
Total Nacional,País Vasco,Bizkaia,03133 Torrevieja,Turistas,2021M12,462
Total Nacional,País Vasco,Bizkaia,03133 Torrevieja,Turistas,2021M11,381
Total Nacional,País Vasco,Bizkaia,03133 Torrevieja,Turistas,2021M10,768
Total Nacional,País Vasco,Bizkaia,03133 Torrevieja,Turistas,2021M09,1.296
Total Nacional,País Vasco,Bizkaia,03133 Torrevieja,Turistas,2021M08,3.441
Total Nacional,País Vasco,Bizkaia,03133 Torrevieja,Turistas,2021M07,1.770
Total Nacional,País Vasco,Bizkaia,03133 Torrevieja,Turistas,2021M06,759
Total Nacional,País Vasco,Bizkaia,03133 Torrevieja,Turistas,2021M05,241
Total Nacional,País Vasco,Bizkaia,03133 Torrevieja,Turistas,2021M04,89
Total Nacional,País Vasco,Bizkaia,03133 Torrevieja,Turistas,2021M03,45
Total Nacional,País Vasco,Bizkaia,03133 Torrevieja,Turistas,2021M02,33
Total Nacional,País Vasco,Bizkaia,03133 Torrevieja,Turistas,2021M01,34
Total Nacional,País Vasco,Bizkaia,03133 Torrevieja,Turistas,2020M12,74
Total Nacional,País Vasco,Bizkaia,03133 Torrevieja,Turistas,2020M11,102
Total Nacional,País Vasco,Bizkaia,03133 Torrevieja,Turistas,2020M10,448
Total Nacional,País Vasco,Bizkaia,03133 Torrevieja,Turistas,2020M09,1.072
Total Nacional,País Vasco,Bizkaia,03133 Torrevieja,Turistas,2020M08,2.848
Total Nacional,País Vasco,Bizkaia,03133 Torrevieja,Turistas,2020M07,934
Total Nacional,País Vasco,Bizkaia,03133 Torrevieja,Turistas,2020M06,113
Total Nacional,País Vasco,Bizkaia,03133 Torrevieja,Turistas,2020M05,38
Total Nacional,País Vasco,Bizkaia,03133 Torrevieja,Turistas,2020M04,61
Total Nacional,País Vasco,Bizkaia,03133 Torrevieja,Turistas,2020M03,514
Total Nacional,País Vasco,Bizkaia,03133 Torrevieja,Turistas,2020M02,471
Total Nacional,País Vasco,Bizkaia,03133 Torrevieja,Turistas,2020M01,518
Total Nacional,País Vasco,Bizkaia,03133 Torrevieja,Turistas,2019M12,514
Total Nacional,País Vasco,Bizkaia,03133 Torrevieja,Turistas,2019M11,445
Total Nacional,País Vasco,Bizkaia,03133 Torrevieja,Turistas,2019M10,580
Total Nacional,País Vasco,Bizkaia,03133 Torrevieja,Turistas,2019M09,1.249
Total Nacional,País Vasco,Bizkaia,03133 Torrevieja,Turistas,2019M08,3.036
Total Nacional,País Vasco,Bizkaia,03133 Torrevieja,Turistas,2019M07,1.593
Total Nacional,País Vasco,Gipuzkoa,03133 Torrevieja,Turistas,2025M12,243
Total Nacional,País Vasco,Gipuzkoa,03133 Torrevieja,Turistas,2025M11,260
Total Nacional,País Vasco,Gipuzkoa,03133 Torrevieja,Turistas,2025M10,253
Total Nacional,País Vasco,Gipuzkoa,03133 Torrevieja,Turistas,2025M09,420
Total Nacional,País Vasco,Gipuzkoa,03133 Torrevieja,Turistas,2025M08,1.504
Total Nacional,País Vasco,Gipuzkoa,03133 Torrevieja,Turistas,2025M07,509
Total Nacional,País Vasco,Gipuzkoa,03133 Torrevieja,Turistas,2025M06,524
Total Nacional,País Vasco,Gipuzkoa,03133 Torrevieja,Turistas,2025M05,363
Total Nacional,País Vasco,Gipuzkoa,03133 Torrevieja,Turistas,2025M04,962
Total Nacional,País Vasco,Gipuzkoa,03133 Torrevieja,Turistas,2025M03,158
Total Nacional,País Vasco,Gipuzkoa,03133 Torrevieja,Turistas,2025M02,79
Total Nacional,País Vasco,Gipuzkoa,03133 Torrevieja,Turistas,2025M01,175
Total Nacional,País Vasco,Gipuzkoa,03133 Torrevieja,Turistas,2024M12,242
Total Nacional,País Vasco,Gipuzkoa,03133 Torrevieja,Turistas,2024M11,277
Total Nacional,País Vasco,Gipuzkoa,03133 Torrevieja,Turistas,2024M10,413
Total Nacional,País Vasco,Gipuzkoa,03133 Torrevieja,Turistas,2024M09,609
Total Nacional,País Vasco,Gipuzkoa,03133 Torrevieja,Turistas,2024M08,1.381
Total Nacional,País Vasco,Gipuzkoa,03133 Torrevieja,Turistas,2024M07,732
Total Nacional,País Vasco,Gipuzkoa,03133 Torrevieja,Turistas,2024M06,324
Total Nacional,País Vasco,Gipuzkoa,03133 Torrevieja,Turistas,2024M05,344
Total Nacional,País Vasco,Gipuzkoa,03133 Torrevieja,Turistas,2024M04,645
Total Nacional,País Vasco,Gipuzkoa,03133 Torrevieja,Turistas,2024M03,472
Total Nacional,País Vasco,Gipuzkoa,03133 Torrevieja,Turistas,2024M02,96
Total Nacional,País Vasco,Gipuzkoa,03133 Torrevieja,Turistas,2024M01,125
Total Nacional,País Vasco,Gipuzkoa,03133 Torrevieja,Turistas,2023M12,194
Total Nacional,País Vasco,Gipuzkoa,03133 Torrevieja,Turistas,2023M11,143
Total Nacional,País Vasco,Gipuzkoa,03133 Torrevieja,Turistas,2023M10,401
Total Nacional,País Vasco,Gipuzkoa,03133 Torrevieja,Turistas,2023M09,406
Total Nacional,País Vasco,Gipuzkoa,03133 Torrevieja,Turistas,2023M08,1.130
Total Nacional,País Vasco,Gipuzkoa,03133 Torrevieja,Turistas,2023M07,599
Total Nacional,País Vasco,Gipuzkoa,03133 Torrevieja,Turistas,2023M06,268
Total Nacional,País Vasco,Gipuzkoa,03133 Torrevieja,Turistas,2023M05,249
Total Nacional,País Vasco,Gipuzkoa,03133 Torrevieja,Turistas,2023M04,790
Total Nacional,País Vasco,Gipuzkoa,03133 Torrevieja,Turistas,2023M03,160
Total Nacional,País Vasco,Gipuzkoa,03133 Torrevieja,Turistas,2023M02,87
Total Nacional,País Vasco,Gipuzkoa,03133 Torrevieja,Turistas,2023M01,57
Total Nacional,País Vasco,Gipuzkoa,03133 Torrevieja,Turistas,2022M12,149
Total Nacional,País Vasco,Gipuzkoa,03133 Torrevieja,Turistas,2022M11,128
Total Nacional,País Vasco,Gipuzkoa,03133 Torrevieja,Turistas,2022M10,275
Total Nacional,País Vasco,Gipuzkoa,03133 Torrevieja,Turistas,2022M09,494
Total Nacional,País Vasco,Gipuzkoa,03133 Torrevieja,Turistas,2022M08,1.293
Total Nacional,País Vasco,Gipuzkoa,03133 Torrevieja,Turistas,2022M07,714
Total Nacional,País Vasco,Gipuzkoa,03133 Torrevieja,Turistas,2022M06,371
Total Nacional,País Vasco,Gipuzkoa,03133 Torrevieja,Turistas,2022M05,272
Total Nacional,País Vasco,Gipuzkoa,03133 Torrevieja,Turistas,2022M04,824
Total Nacional,País Vasco,Gipuzkoa,03133 Torrevieja,Turistas,2022M03,169
Total Nacional,País Vasco,Gipuzkoa,03133 Torrevieja,Turistas,2022M02,75
Total Nacional,País Vasco,Gipuzkoa,03133 Torrevieja,Turistas,2022M01,132
Total Nacional,País Vasco,Gipuzkoa,03133 Torrevieja,Turistas,2021M12,168
Total Nacional,País Vasco,Gipuzkoa,03133 Torrevieja,Turistas,2021M11,177
Total Nacional,País Vasco,Gipuzkoa,03133 Torrevieja,Turistas,2021M10,318
Total Nacional,País Vasco,Gipuzkoa,03133 Torrevieja,Turistas,2021M09,521
Total Nacional,País Vasco,Gipuzkoa,03133 Torrevieja,Turistas,2021M08,1.498
Total Nacional,País Vasco,Gipuzkoa,03133 Torrevieja,Turistas,2021M07,700
Total Nacional,País Vasco,Gipuzkoa,03133 Torrevieja,Turistas,2021M06,361
Total Nacional,País Vasco,Gipuzkoa,03133 Torrevieja,Turistas,2021M05,173
Total Nacional,País Vasco,Gipuzkoa,03133 Torrevieja,Turistas,2021M04,53
Total Nacional,País Vasco,Gipuzkoa,03133 Torrevieja,Turistas,2021M03,41
Total Nacional,País Vasco,Gipuzkoa,03133 Torrevieja,Turistas,2021M02,.
Total Nacional,País Vasco,Gipuzkoa,03133 Torrevieja,Turistas,2021M01,34
Total Nacional,País Vasco,Gipuzkoa,03133 Torrevieja,Turistas,2020M12,62
Total Nacional,País Vasco,Gipuzkoa,03133 Torrevieja,Turistas,2020M11,58
Total Nacional,País Vasco,Gipuzkoa,03133 Torrevieja,Turistas,2020M10,236
Total Nacional,País Vasco,Gipuzkoa,03133 Torrevieja,Turistas,2020M09,383
Total Nacional,País Vasco,Gipuzkoa,03133 Torrevieja,Turistas,2020M08,1.247
Total Nacional,País Vasco,Gipuzkoa,03133 Torrevieja,Turistas,2020M07,427
Total Nacional,País Vasco,Gipuzkoa,03133 Torrevieja,Turistas,2020M06,44
Total Nacional,País Vasco,Gipuzkoa,03133 Torrevieja,Turistas,2020M05,42
Total Nacional,País Vasco,Gipuzkoa,03133 Torrevieja,Turistas,2020M04,51
Total Nacional,País Vasco,Gipuzkoa,03133 Torrevieja,Turistas,2020M03,229
Total Nacional,País Vasco,Gipuzkoa,03133 Torrevieja,Turistas,2020M02,324
Total Nacional,País Vasco,Gipuzkoa,03133 Torrevieja,Turistas,2020M01,267
Total Nacional,País Vasco,Gipuzkoa,03133 Torrevieja,Turistas,2019M12,357
Total Nacional,País Vasco,Gipuzkoa,03133 Torrevieja,Turistas,2019M11,299
Total Nacional,País Vasco,Gipuzkoa,03133 Torrevieja,Turistas,2019M10,305
Total Nacional,País Vasco,Gipuzkoa,03133 Torrevieja,Turistas,2019M09,634
Total Nacional,País Vasco,Gipuzkoa,03133 Torrevieja,Turistas,2019M08,1.530
Total Nacional,País Vasco,Gipuzkoa,03133 Torrevieja,Turistas,2019M07,635
Total Nacional,"Rioja, La",,03133 Torrevieja,Turistas,2025M12,69
Total Nacional,"Rioja, La",,03133 Torrevieja,Turistas,2025M11,45
Total Nacional,"Rioja, La",,03133 Torrevieja,Turistas,2025M10,96
Total Nacional,"Rioja, La",,03133 Torrevieja,Turistas,2025M09,209
Total Nacional,"Rioja, La",,03133 Torrevieja,Turistas,2025M08,406
Total Nacional,"Rioja, La",,03133 Torrevieja,Turistas,2025M07,226
Total Nacional,"Rioja, La",,03133 Torrevieja,Turistas,2025M06,198
Total Nacional,"Rioja, La",,03133 Torrevieja,Turistas,2025M05,125
Total Nacional,"Rioja, La",,03133 Torrevieja,Turistas,2025M04,230
Total Nacional,"Rioja, La",,03133 Torrevieja,Turistas,2025M03,47
Total Nacional,"Rioja, La",,03133 Torrevieja,Turistas,2025M02,64
Total Nacional,"Rioja, La",,03133 Torrevieja,Turistas,2025M01,79
Total Nacional,"Rioja, La",,03133 Torrevieja,Turistas,2024M12,83
Total Nacional,"Rioja, La",,03133 Torrevieja,Turistas,2024M11,111
Total Nacional,"Rioja, La",,03133 Torrevieja,Turistas,2024M10,187
Total Nacional,"Rioja, La",,03133 Torrevieja,Turistas,2024M09,249
Total Nacional,"Rioja, La",,03133 Torrevieja,Turistas,2024M08,544
Total Nacional,"Rioja, La",,03133 Torrevieja,Turistas,2024M07,336
Total Nacional,"Rioja, La",,03133 Torrevieja,Turistas,2024M06,204
Total Nacional,"Rioja, La",,03133 Torrevieja,Turistas,2024M05,106
Total Nacional,"Rioja, La",,03133 Torrevieja,Turistas,2024M04,197
Total Nacional,"Rioja, La",,03133 Torrevieja,Turistas,2024M03,170
Total Nacional,"Rioja, La",,03133 Torrevieja,Turistas,2024M02,45
Total Nacional,"Rioja, La",,03133 Torrevieja,Turistas,2024M01,71
Total Nacional,"Rioja, La",,03133 Torrevieja,Turistas,2023M12,105
Total Nacional,"Rioja, La",,03133 Torrevieja,Turistas,2023M11,85
Total Nacional,"Rioja, La",,03133 Torrevieja,Turistas,2023M10,197
Total Nacional,"Rioja, La",,03133 Torrevieja,Turistas,2023M09,243
Total Nacional,"Rioja, La",,03133 Torrevieja,Turistas,2023M08,506
Total Nacional,"Rioja, La",,03133 Torrevieja,Turistas,2023M07,375
Total Nacional,"Rioja, La",,03133 Torrevieja,Turistas,2023M06,227
Total Nacional,"Rioja, La",,03133 Torrevieja,Turistas,2023M05,112
Total Nacional,"Rioja, La",,03133 Torrevieja,Turistas,2023M04,305
Total Nacional,"Rioja, La",,03133 Torrevieja,Turistas,2023M03,70
Total Nacional,"Rioja, La",,03133 Torrevieja,Turistas,2023M02,70
Total Nacional,"Rioja, La",,03133 Torrevieja,Turistas,2023M01,75
Total Nacional,"Rioja, La",,03133 Torrevieja,Turistas,2022M12,120
Total Nacional,"Rioja, La",,03133 Torrevieja,Turistas,2022M11,107
Total Nacional,"Rioja, La",,03133 Torrevieja,Turistas,2022M10,193
Total Nacional,"Rioja, La",,03133 Torrevieja,Turistas,2022M09,283
Total Nacional,"Rioja, La",,03133 Torrevieja,Turistas,2022M08,562
Total Nacional,"Rioja, La",,03133 Torrevieja,Turistas,2022M07,428
Total Nacional,"Rioja, La",,03133 Torrevieja,Turistas,2022M06,266
Total Nacional,"Rioja, La",,03133 Torrevieja,Turistas,2022M05,154
Total Nacional,"Rioja, La",,03133 Torrevieja,Turistas,2022M04,353
Total Nacional,"Rioja, La",,03133 Torrevieja,Turistas,2022M03,87
Total Nacional,"Rioja, La",,03133 Torrevieja,Turistas,2022M02,55
Total Nacional,"Rioja, La",,03133 Torrevieja,Turistas,2022M01,90
Total Nacional,"Rioja, La",,03133 Torrevieja,Turistas,2021M12,141
Total Nacional,"Rioja, La",,03133 Torrevieja,Turistas,2021M11,82
Total Nacional,"Rioja, La",,03133 Torrevieja,Turistas,2021M10,190
Total Nacional,"Rioja, La",,03133 Torrevieja,Turistas,2021M09,369
Total Nacional,"Rioja, La",,03133 Torrevieja,Turistas,2021M08,840
Total Nacional,"Rioja, La",,03133 Torrevieja,Turistas,2021M07,466
Total Nacional,"Rioja, La",,03133 Torrevieja,Turistas,2021M06,396
Total Nacional,"Rioja, La",,03133 Torrevieja,Turistas,2021M05,73
Total Nacional,"Rioja, La",,03133 Torrevieja,Turistas,2021M04,35
Total Nacional,"Rioja, La",,03133 Torrevieja,Turistas,2021M03,
Total Nacional,"Rioja, La",,03133 Torrevieja,Turistas,2021M02,.
Total Nacional,"Rioja, La",,03133 Torrevieja,Turistas,2021M01,.
Total Nacional,"Rioja, La",,03133 Torrevieja,Turistas,2020M12,58
Total Nacional,"Rioja, La",,03133 Torrevieja,Turistas,2020M11,53
Total Nacional,"Rioja, La",,03133 Torrevieja,Turistas,2020M10,152
Total Nacional,"Rioja, La",,03133 Torrevieja,Turistas,2020M09,247
Total Nacional,"Rioja, La",,03133 Torrevieja,Turistas,2020M08,543
Total Nacional,"Rioja, La",,03133 Torrevieja,Turistas,2020M07,303
Total Nacional,"Rioja, La",,03133 Torrevieja,Turistas,2020M06,30
Total Nacional,"Rioja, La",,03133 Torrevieja,Turistas,2020M05,.
Total Nacional,"Rioja, La",,03133 Torrevieja,Turistas,2020M04,.
Total Nacional,"Rioja, La",,03133 Torrevieja,Turistas,2020M03,55
Total Nacional,"Rioja, La",,03133 Torrevieja,Turistas,2020M02,65
Total Nacional,"Rioja, La",,03133 Torrevieja,Turistas,2020M01,93
Total Nacional,"Rioja, La",,03133 Torrevieja,Turistas,2019M12,111
Total Nacional,"Rioja, La",,03133 Torrevieja,Turistas,2019M11,124
Total Nacional,"Rioja, La",,03133 Torrevieja,Turistas,2019M10,202
Total Nacional,"Rioja, La",,03133 Torrevieja,Turistas,2019M09,317
Total Nacional,"Rioja, La",,03133 Torrevieja,Turistas,2019M08,812
Total Nacional,"Rioja, La",,03133 Torrevieja,Turistas,2019M07,380
Total Nacional,"Rioja, La","Rioja, La",03133 Torrevieja,Turistas,2025M12,69
Total Nacional,"Rioja, La","Rioja, La",03133 Torrevieja,Turistas,2025M11,45
Total Nacional,"Rioja, La","Rioja, La",03133 Torrevieja,Turistas,2025M10,96
Total Nacional,"Rioja, La","Rioja, La",03133 Torrevieja,Turistas,2025M09,209
Total Nacional,"Rioja, La","Rioja, La",03133 Torrevieja,Turistas,2025M08,406
Total Nacional,"Rioja, La","Rioja, La",03133 Torrevieja,Turistas,2025M07,226
Total Nacional,"Rioja, La","Rioja, La",03133 Torrevieja,Turistas,2025M06,198
Total Nacional,"Rioja, La","Rioja, La",03133 Torrevieja,Turistas,2025M05,125
Total Nacional,"Rioja, La","Rioja, La",03133 Torrevieja,Turistas,2025M04,230
Total Nacional,"Rioja, La","Rioja, La",03133 Torrevieja,Turistas,2025M03,47
Total Nacional,"Rioja, La","Rioja, La",03133 Torrevieja,Turistas,2025M02,64
Total Nacional,"Rioja, La","Rioja, La",03133 Torrevieja,Turistas,2025M01,79
Total Nacional,"Rioja, La","Rioja, La",03133 Torrevieja,Turistas,2024M12,83
Total Nacional,"Rioja, La","Rioja, La",03133 Torrevieja,Turistas,2024M11,111
Total Nacional,"Rioja, La","Rioja, La",03133 Torrevieja,Turistas,2024M10,187
Total Nacional,"Rioja, La","Rioja, La",03133 Torrevieja,Turistas,2024M09,249
Total Nacional,"Rioja, La","Rioja, La",03133 Torrevieja,Turistas,2024M08,544
Total Nacional,"Rioja, La","Rioja, La",03133 Torrevieja,Turistas,2024M07,336
Total Nacional,"Rioja, La","Rioja, La",03133 Torrevieja,Turistas,2024M06,204
Total Nacional,"Rioja, La","Rioja, La",03133 Torrevieja,Turistas,2024M05,106
Total Nacional,"Rioja, La","Rioja, La",03133 Torrevieja,Turistas,2024M04,197
Total Nacional,"Rioja, La","Rioja, La",03133 Torrevieja,Turistas,2024M03,170
Total Nacional,"Rioja, La","Rioja, La",03133 Torrevieja,Turistas,2024M02,45
Total Nacional,"Rioja, La","Rioja, La",03133 Torrevieja,Turistas,2024M01,71
Total Nacional,"Rioja, La","Rioja, La",03133 Torrevieja,Turistas,2023M12,105
Total Nacional,"Rioja, La","Rioja, La",03133 Torrevieja,Turistas,2023M11,85
Total Nacional,"Rioja, La","Rioja, La",03133 Torrevieja,Turistas,2023M10,197
Total Nacional,"Rioja, La","Rioja, La",03133 Torrevieja,Turistas,2023M09,243
Total Nacional,"Rioja, La","Rioja, La",03133 Torrevieja,Turistas,2023M08,506
Total Nacional,"Rioja, La","Rioja, La",03133 Torrevieja,Turistas,2023M07,375
Total Nacional,"Rioja, La","Rioja, La",03133 Torrevieja,Turistas,2023M06,227
Total Nacional,"Rioja, La","Rioja, La",03133 Torrevieja,Turistas,2023M05,112
Total Nacional,"Rioja, La","Rioja, La",03133 Torrevieja,Turistas,2023M04,305
Total Nacional,"Rioja, La","Rioja, La",03133 Torrevieja,Turistas,2023M03,70
Total Nacional,"Rioja, La","Rioja, La",03133 Torrevieja,Turistas,2023M02,70
Total Nacional,"Rioja, La","Rioja, La",03133 Torrevieja,Turistas,2023M01,75
Total Nacional,"Rioja, La","Rioja, La",03133 Torrevieja,Turistas,2022M12,120
Total Nacional,"Rioja, La","Rioja, La",03133 Torrevieja,Turistas,2022M11,107
Total Nacional,"Rioja, La","Rioja, La",03133 Torrevieja,Turistas,2022M10,193
Total Nacional,"Rioja, La","Rioja, La",03133 Torrevieja,Turistas,2022M09,283
Total Nacional,"Rioja, La","Rioja, La",03133 Torrevieja,Turistas,2022M08,562
Total Nacional,"Rioja, La","Rioja, La",03133 Torrevieja,Turistas,2022M07,428
Total Nacional,"Rioja, La","Rioja, La",03133 Torrevieja,Turistas,2022M06,266
Total Nacional,"Rioja, La","Rioja, La",03133 Torrevieja,Turistas,2022M05,154
Total Nacional,"Rioja, La","Rioja, La",03133 Torrevieja,Turistas,2022M04,353
Total Nacional,"Rioja, La","Rioja, La",03133 Torrevieja,Turistas,2022M03,87
Total Nacional,"Rioja, La","Rioja, La",03133 Torrevieja,Turistas,2022M02,55
Total Nacional,"Rioja, La","Rioja, La",03133 Torrevieja,Turistas,2022M01,90
Total Nacional,"Rioja, La","Rioja, La",03133 Torrevieja,Turistas,2021M12,141
Total Nacional,"Rioja, La","Rioja, La",03133 Torrevieja,Turistas,2021M11,82
Total Nacional,"Rioja, La","Rioja, La",03133 Torrevieja,Turistas,2021M10,190
Total Nacional,"Rioja, La","Rioja, La",03133 Torrevieja,Turistas,2021M09,369
Total Nacional,"Rioja, La","Rioja, La",03133 Torrevieja,Turistas,2021M08,840
Total Nacional,"Rioja, La","Rioja, La",03133 Torrevieja,Turistas,2021M07,466
Total Nacional,"Rioja, La","Rioja, La",03133 Torrevieja,Turistas,2021M06,396
Total Nacional,"Rioja, La","Rioja, La",03133 Torrevieja,Turistas,2021M05,73
Total Nacional,"Rioja, La","Rioja, La",03133 Torrevieja,Turistas,2021M04,35
Total Nacional,"Rioja, La","Rioja, La",03133 Torrevieja,Turistas,2021M03,
Total Nacional,"Rioja, La","Rioja, La",03133 Torrevieja,Turistas,2021M02,.
Total Nacional,"Rioja, La","Rioja, La",03133 Torrevieja,Turistas,2021M01,.
Total Nacional,"Rioja, La","Rioja, La",03133 Torrevieja,Turistas,2020M12,58
Total Nacional,"Rioja, La","Rioja, La",03133 Torrevieja,Turistas,2020M11,53
Total Nacional,"Rioja, La","Rioja, La",03133 Torrevieja,Turistas,2020M10,152
Total Nacional,"Rioja, La","Rioja, La",03133 Torrevieja,Turistas,2020M09,247
Total Nacional,"Rioja, La","Rioja, La",03133 Torrevieja,Turistas,2020M08,543
Total Nacional,"Rioja, La","Rioja, La",03133 Torrevieja,Turistas,2020M07,303
Total Nacional,"Rioja, La","Rioja, La",03133 Torrevieja,Turistas,2020M06,30
Total Nacional,"Rioja, La","Rioja, La",03133 Torrevieja,Turistas,2020M05,.
Total Nacional,"Rioja, La","Rioja, La",03133 Torrevieja,Turistas,2020M04,.
Total Nacional,"Rioja, La","Rioja, La",03133 Torrevieja,Turistas,2020M03,55
Total Nacional,"Rioja, La","Rioja, La",03133 Torrevieja,Turistas,2020M02,65
Total Nacional,"Rioja, La","Rioja, La",03133 Torrevieja,Turistas,2020M01,93
Total Nacional,"Rioja, La","Rioja, La",03133 Torrevieja,Turistas,2019M12,111
Total Nacional,"Rioja, La","Rioja, La",03133 Torrevieja,Turistas,2019M11,124
Total Nacional,"Rioja, La","Rioja, La",03133 Torrevieja,Turistas,2019M10,202
Total Nacional,"Rioja, La","Rioja, La",03133 Torrevieja,Turistas,2019M09,317
Total Nacional,"Rioja, La","Rioja, La",03133 Torrevieja,Turistas,2019M08,812
Total Nacional,"Rioja, La","Rioja, La",03133 Torrevieja,Turistas,2019M07,380
