Estación;Fecha Toma;Cod. Parámetro;Nom. Parámetro;Unidades;Valor numérico;Valor texto;Coord. X;Coord. Y;Cod Masa;Nombre Masa;Municipio;Provincia;UH Geo;UH Geo Nombre;Acuifero;Profundidad;Nombre C.A
CA0748001;16/01/2019;12DIBR;1,2-DIBROMOETANO;µg/L;0;< 0,5;705332;4207772;70042;TERCIARIO DE TORREVIEJA;Torrevieja;ALICANTE;748;TERCIARIO DE TORREVIEJA;TERCIARIO DE TORREVIEJA;320;Comunidad Valenciana
CA0748001;16/01/2019;2CLPRO;1,3-DICLOROPROPANO;µg/L;0;< 0,5;705332;4207772;70042;TERCIARIO DE TORREVIEJA;Torrevieja;ALICANTE;748;TERCIARIO DE TORREVIEJA;TERCIARIO DE TORREVIEJA;320;Comunidad Valenciana
CA0748001;16/01/2019;2CLPROPA;1,2-DICLOROPROPANO;µg/L;0;< 0,5;705332;4207772;70042;TERCIARIO DE TORREVIEJA;Torrevieja;ALICANTE;748;TERCIARIO DE TORREVIEJA;TERCIARIO DE TORREVIEJA;320;Comunidad Valenciana
CA0748001;16/01/2019;2CLPROPE;1,1-DICLOROPROPENO;µg/L;0;< 0,5;705332;4207772;70042;TERCIARIO DE TORREVIEJA;Torrevieja;ALICANTE;748;TERCIARIO DE TORREVIEJA;TERCIARIO DE TORREVIEJA;320;Comunidad Valenciana
CA0748001;16/01/2019;3CLETA;1,1,2-TRICLOROETANO;µg/L;0;< 0,5;705332;4207772;70042;TERCIARIO DE TORREVIEJA;Torrevieja;ALICANTE;748;TERCIARIO DE TORREVIEJA;TERCIARIO DE TORREVIEJA;320;Comunidad Valenciana
CA0748001;16/01/2019;3CLPRO;1,2,3-TRICLOROPROPANO;µg/L;0;< 0,5;705332;4207772;70042;TERCIARIO DE TORREVIEJA;Torrevieja;ALICANTE;748;TERCIARIO DE TORREVIEJA;TERCIARIO DE TORREVIEJA;320;Comunidad Valenciana
CA0748001;16/01/2019;4CLETA;1,1,1,2-TETRACLOROETANO;µg/L;0;< 0,5;705332;4207772;70042;TERCIARIO DE TORREVIEJA;Torrevieja;ALICANTE;748;TERCIARIO DE TORREVIEJA;TERCIARIO DE TORREVIEJA;320;Comunidad Valenciana
CA0748001;16/01/2019;6CLET;HEXACLOROETANO;µg/L;0;< 0,5;705332;4207772;70042;TERCIARIO DE TORREVIEJA;Torrevieja;ALICANTE;748;TERCIARIO DE TORREVIEJA;TERCIARIO DE TORREVIEJA;320;Comunidad Valenciana
CA0748001;16/01/2019;ACLONIFE;ACLONIFENO;µg/L;0;< 0,00200;705332;4207772;70042;TERCIARIO DE TORREVIEJA;Torrevieja;ALICANTE;748;TERCIARIO DE TORREVIEJA;TERCIARIO DE TORREVIEJA;320;Comunidad Valenciana
CA0748001;16/01/2019;ALACLORO;ALACLORO;µg/L;0;< 0,01000;705332;4207772;70042;TERCIARIO DE TORREVIEJA;Torrevieja;ALICANTE;748;TERCIARIO DE TORREVIEJA;TERCIARIO DE TORREVIEJA;320;Comunidad Valenciana
CA0748001;16/01/2019;ALDRIN;ALDRINA;µg/L;0;< 0,00025;705332;4207772;70042;TERCIARIO DE TORREVIEJA;Torrevieja;ALICANTE;748;TERCIARIO DE TORREVIEJA;TERCIARIO DE TORREVIEJA;320;Comunidad Valenciana
CA0748001;16/01/2019;AS;ARSENICO;µg/L As;0;< 5;705332;4207772;70042;TERCIARIO DE TORREVIEJA;Torrevieja;ALICANTE;748;TERCIARIO DE TORREVIEJA;TERCIARIO DE TORREVIEJA;320;Comunidad Valenciana
CA0748001;16/01/2019;ATRAZINA;ATRAZINA;µg/L;0;< 0,010;705332;4207772;70042;TERCIARIO DE TORREVIEJA;Torrevieja;ALICANTE;748;TERCIARIO DE TORREVIEJA;TERCIARIO DE TORREVIEJA;320;Comunidad Valenciana
CA0748001;16/01/2019;B;BORO;µg/L B;3900;390;705332;4207772;70042;TERCIARIO DE TORREVIEJA;Torrevieja;ALICANTE;748;TERCIARIO DE TORREVIEJA;TERCIARIO DE TORREVIEJA;320;Comunidad Valenciana
CA0748001;16/01/2019;BENCENO;BENCENO;µg/L;0;< 0,5;705332;4207772;70042;TERCIARIO DE TORREVIEJA;Torrevieja;ALICANTE;748;TERCIARIO DE TORREVIEJA;TERCIARIO DE TORREVIEJA;320;Comunidad Valenciana
CA0748001;16/01/2019;BICARB;BICARBONATOS;mg/L HCO3-;1920;192;705332;4207772;70042;TERCIARIO DE TORREVIEJA;Torrevieja;ALICANTE;748;TERCIARIO DE TORREVIEJA;TERCIARIO DE TORREVIEJA;320;Comunidad Valenciana
CA0748001;16/01/2019;BIFEN;BIFENOX;µg/L;0;< 0,00200;705332;4207772;70042;TERCIARIO DE TORREVIEJA;Torrevieja;ALICANTE;748;TERCIARIO DE TORREVIEJA;TERCIARIO DE TORREVIEJA;320;Comunidad Valenciana
CA0748001;16/01/2019;BRB;BROMOBENCENO;µg/L;0;< 0,5;705332;4207772;70042;TERCIARIO DE TORREVIEJA;Torrevieja;ALICANTE;748;TERCIARIO DE TORREVIEJA;TERCIARIO DE TORREVIEJA;320;Comunidad Valenciana
CA0748001;16/01/2019;BRFOSETIL;BROMOFOS ETIL;µg/L;0;< 0,010;705332;4207772;70042;TERCIARIO DE TORREVIEJA;Torrevieja;ALICANTE;748;TERCIARIO DE TORREVIEJA;TERCIARIO DE TORREVIEJA;320;Comunidad Valenciana
CA0748001;16/01/2019;CA;CALCIO;mg/L Ca;480;48;705332;4207772;70042;TERCIARIO DE TORREVIEJA;Torrevieja;ALICANTE;748;TERCIARIO DE TORREVIEJA;TERCIARIO DE TORREVIEJA;320;Comunidad Valenciana
CA0748001;16/01/2019;CD;CADMIO;µg/L Cd;0;< 0,02;705332;4207772;70042;TERCIARIO DE TORREVIEJA;Torrevieja;ALICANTE;748;TERCIARIO DE TORREVIEJA;TERCIARIO DE TORREVIEJA;320;Comunidad Valenciana
CA0748001;16/01/2019;CIB;CIBUTRINA;µg/L;0;< 0,002;705332;4207772;70042;TERCIARIO DE TORREVIEJA;Torrevieja;ALICANTE;748;TERCIARIO DE TORREVIEJA;TERCIARIO DE TORREVIEJA;320;Comunidad Valenciana
CA0748001;16/01/2019;CL;Cloruros;mg/L Cl;3080;308;705332;4207772;70042;TERCIARIO DE TORREVIEJA;Torrevieja;ALICANTE;748;TERCIARIO DE TORREVIEJA;TERCIARIO DE TORREVIEJA;320;Comunidad Valenciana
CA0748001;16/01/2019;CLF;Cloroformo (Triclorometano);µg/L;82;8,2;705332;4207772;70042;TERCIARIO DE TORREVIEJA;Torrevieja;ALICANTE;748;TERCIARIO DE TORREVIEJA;TERCIARIO DE TORREVIEJA;320;Comunidad Valenciana
CA0748001;16/01/2019;CLORDANOCIS;CIS-CLORDANO;µg/L;0;< 0,00025;705332;4207772;70042;TERCIARIO DE TORREVIEJA;Torrevieja;ALICANTE;748;TERCIARIO DE TORREVIEJA;TERCIARIO DE TORREVIEJA;320;Comunidad Valenciana
CA0748001;16/01/2019;CLORDANOTR;TRANS-CLORDANO;µg/L;0;< 0,00025;705332;4207772;70042;TERCIARIO DE TORREVIEJA;Torrevieja;ALICANTE;748;TERCIARIO DE TORREVIEJA;TERCIARIO DE TORREVIEJA;320;Comunidad Valenciana
CA0748001;16/01/2019;CLOROFENVINFOS;Clorfenvinfos;µg/L;0;< 0,010;705332;4207772;70042;TERCIARIO DE TORREVIEJA;Torrevieja;ALICANTE;748;TERCIARIO DE TORREVIEJA;TERCIARIO DE TORREVIEJA;320;Comunidad Valenciana
CA0748001;16/01/2019;CLOROPIRIFOS;Clorpirifos;µg/L;0;< 0,010;705332;4207772;70042;TERCIARIO DE TORREVIEJA;Torrevieja;ALICANTE;748;TERCIARIO DE TORREVIEJA;TERCIARIO DE TORREVIEJA;320;Comunidad Valenciana
CA0748001;16/01/2019;CLORPIRIPME;CLOROPIRIFOS-METIL;µg/L;0;< 0,010;705332;4207772;70042;TERCIARIO DE TORREVIEJA;Torrevieja;ALICANTE;748;TERCIARIO DE TORREVIEJA;TERCIARIO DE TORREVIEJA;320;Comunidad Valenciana
CA0748001;16/01/2019;CLTOL;2-CLOROTOLUENO;µg/L;0;< 0,5;705332;4207772;70042;TERCIARIO DE TORREVIEJA;Torrevieja;ALICANTE;748;TERCIARIO DE TORREVIEJA;TERCIARIO DE TORREVIEJA;320;Comunidad Valenciana
CA0748001;16/01/2019;CN;CIANUROS TOTALES;µg/L CN;0;< 10;705332;4207772;70042;TERCIARIO DE TORREVIEJA;Torrevieja;ALICANTE;748;TERCIARIO DE TORREVIEJA;TERCIARIO DE TORREVIEJA;320;Comunidad Valenciana
CA0748001;16/01/2019;COND20SITU;Conductividad de campo (medida in situ);µS/cm;16760;1676;705332;4207772;70042;TERCIARIO DE TORREVIEJA;Torrevieja;ALICANTE;748;TERCIARIO DE TORREVIEJA;TERCIARIO DE TORREVIEJA;320;Comunidad Valenciana
CA0748001;16/01/2019;CR;CROMO;µg/L Cr;0;< 5;705332;4207772;70042;TERCIARIO DE TORREVIEJA;Torrevieja;ALICANTE;748;TERCIARIO DE TORREVIEJA;TERCIARIO DE TORREVIEJA;320;Comunidad Valenciana
CA0748001;16/01/2019;CU;COBRE;µg/L Cu;0;< 10;705332;4207772;70042;TERCIARIO DE TORREVIEJA;Torrevieja;ALICANTE;748;TERCIARIO DE TORREVIEJA;TERCIARIO DE TORREVIEJA;320;Comunidad Valenciana
CA0748001;16/01/2019;DCE;1,2-dicloroetano (EDC, cloruro de etileno);µg/L;0;< 0,5;705332;4207772;70042;TERCIARIO DE TORREVIEJA;Torrevieja;ALICANTE;748;TERCIARIO DE TORREVIEJA;TERCIARIO DE TORREVIEJA;320;Comunidad Valenciana
CA0748001;16/01/2019;DCV;DICLORVOS;µg/L;0;< 0,002;705332;4207772;70042;TERCIARIO DE TORREVIEJA;Torrevieja;ALICANTE;748;TERCIARIO DE TORREVIEJA;TERCIARIO DE TORREVIEJA;320;Comunidad Valenciana
CA0748001;16/01/2019;DIAZINON;DIAZINON;µg/L;0;< 0,010;705332;4207772;70042;TERCIARIO DE TORREVIEJA;Torrevieja;ALICANTE;748;TERCIARIO DE TORREVIEJA;TERCIARIO DE TORREVIEJA;320;Comunidad Valenciana
CA0748001;16/01/2019;DICOFOL;DICOFOL (P,P'-DICOFOL);µg/L;0;< 0,00200;705332;4207772;70042;TERCIARIO DE TORREVIEJA;Torrevieja;ALICANTE;748;TERCIARIO DE TORREVIEJA;TERCIARIO DE TORREVIEJA;320;Comunidad Valenciana
CA0748001;16/01/2019;DIELDRIN;Dieldrin;µg/L;0;< 0,00015;705332;4207772;70042;TERCIARIO DE TORREVIEJA;Torrevieja;ALICANTE;748;TERCIARIO DE TORREVIEJA;TERCIARIO DE TORREVIEJA;320;Comunidad Valenciana
CA0748001;16/01/2019;DIURON;DIURON;µg/L;0;< 0,050;705332;4207772;70042;TERCIARIO DE TORREVIEJA;Torrevieja;ALICANTE;748;TERCIARIO DE TORREVIEJA;TERCIARIO DE TORREVIEJA;320;Comunidad Valenciana
CA0748001;16/01/2019;DQO;DQO o Demanda Química de Oxígeno;mg/L O2;0;< 15;705332;4207772;70042;TERCIARIO DE TORREVIEJA;Torrevieja;ALICANTE;748;TERCIARIO DE TORREVIEJA;TERCIARIO DE TORREVIEJA;320;Comunidad Valenciana
CA0748001;16/01/2019;ENDOS;ENDOSULFAN (SUMA ISOMEROS ALFA+BETA);µg/L;0;< 0,00025;705332;4207772;70042;TERCIARIO DE TORREVIEJA;Torrevieja;ALICANTE;748;TERCIARIO DE TORREVIEJA;TERCIARIO DE TORREVIEJA;320;Comunidad Valenciana
CA0748001;16/01/2019;ENDOSULFAN;ALFA-ENDOSULFAN;µg/L;0;< 0,00025;705332;4207772;70042;TERCIARIO DE TORREVIEJA;Torrevieja;ALICANTE;748;TERCIARIO DE TORREVIEJA;TERCIARIO DE TORREVIEJA;320;Comunidad Valenciana
CA0748001;16/01/2019;ENDOSULFAN-BETA;BETA-ENDOSULFAN;µg/L;0;< 0,00150;705332;4207772;70042;TERCIARIO DE TORREVIEJA;Torrevieja;ALICANTE;748;TERCIARIO DE TORREVIEJA;TERCIARIO DE TORREVIEJA;320;Comunidad Valenciana
CA0748001;16/01/2019;ENDRIN;ENDRINA;µg/L;0;< 0,00150;705332;4207772;70042;TERCIARIO DE TORREVIEJA;Torrevieja;ALICANTE;748;TERCIARIO DE TORREVIEJA;TERCIARIO DE TORREVIEJA;320;Comunidad Valenciana
CA0748001;16/01/2019;ENDRINCE;Endrin cetona;µg/L;0;< 0,00025;705332;4207772;70042;TERCIARIO DE TORREVIEJA;Torrevieja;ALICANTE;748;TERCIARIO DE TORREVIEJA;TERCIARIO DE TORREVIEJA;320;Comunidad Valenciana
CA0748001;16/01/2019;ETBENCENO;Etilbenceno;µg/L;0;< 0,5;705332;4207772;70042;TERCIARIO DE TORREVIEJA;Torrevieja;ALICANTE;748;TERCIARIO DE TORREVIEJA;TERCIARIO DE TORREVIEJA;320;Comunidad Valenciana
CA0748001;16/01/2019;ETPARATION;Paration (paration etilo);µg/L;0;< 0,010;705332;4207772;70042;TERCIARIO DE TORREVIEJA;Torrevieja;ALICANTE;748;TERCIARIO DE TORREVIEJA;TERCIARIO DE TORREVIEJA;320;Comunidad Valenciana
CA0748001;16/01/2019;F;Fluoruros;µg/L;2500;250;705332;4207772;70042;TERCIARIO DE TORREVIEJA;Torrevieja;ALICANTE;748;TERCIARIO DE TORREVIEJA;TERCIARIO DE TORREVIEJA;320;Comunidad Valenciana
CA0748001;16/01/2019;FE;HIERRO;µg/L;0;< 50;705332;4207772;70042;TERCIARIO DE TORREVIEJA;Torrevieja;ALICANTE;748;TERCIARIO DE TORREVIEJA;TERCIARIO DE TORREVIEJA;320;Comunidad Valenciana
CA0748001;16/01/2019;FENCLORFOS;FENCLORFOS;µg/L;0;< 0,010;705332;4207772;70042;TERCIARIO DE TORREVIEJA;Torrevieja;ALICANTE;748;TERCIARIO DE TORREVIEJA;TERCIARIO DE TORREVIEJA;320;Comunidad Valenciana
CA0748001;16/01/2019;FONO;FONOFOS;µg/L;0;< 0,010;705332;4207772;70042;TERCIARIO DE TORREVIEJA;Torrevieja;ALICANTE;748;TERCIARIO DE TORREVIEJA;TERCIARIO DE TORREVIEJA;320;Comunidad Valenciana
CA0748001;16/01/2019;HCB;Hexaclorobenceno (HCB, Perclorobenceno);µg/L;0;< 0,00250;705332;4207772;70042;TERCIARIO DE TORREVIEJA;Torrevieja;ALICANTE;748;TERCIARIO DE TORREVIEJA;TERCIARIO DE TORREVIEJA;320;Comunidad Valenciana
CA0748001;16/01/2019;HCBD;Hexaclorobutadieno (HCBD, Hexacloro-1,3-Butadieno);µg/L;0;< 0,1;705332;4207772;70042;TERCIARIO DE TORREVIEJA;Torrevieja;ALICANTE;748;TERCIARIO DE TORREVIEJA;TERCIARIO DE TORREVIEJA;320;Comunidad Valenciana
CA0748001;16/01/2019;HEPTACL;Heptacloro;µg/L;0;< 0,00025;705332;4207772;70042;TERCIARIO DE TORREVIEJA;Torrevieja;ALICANTE;748;TERCIARIO DE TORREVIEJA;TERCIARIO DE TORREVIEJA;320;Comunidad Valenciana
CA0748001;16/01/2019;HEPTACLEPO;EPOXIDO DE HEPTACLORO;µg/L;0;< 0,00005;705332;4207772;70042;TERCIARIO DE TORREVIEJA;Torrevieja;ALICANTE;748;TERCIARIO DE TORREVIEJA;TERCIARIO DE TORREVIEJA;320;Comunidad Valenciana
CA0748001;16/01/2019;HG;MERCURIO;µg/L Hg;0;<0,75;705332;4207772;70042;TERCIARIO DE TORREVIEJA;Torrevieja;ALICANTE;748;TERCIARIO DE TORREVIEJA;TERCIARIO DE TORREVIEJA;320;Comunidad Valenciana
CA0748001;16/01/2019;ISODRIN;Isodrin;µg/L;0;< 0,00010;705332;4207772;70042;TERCIARIO DE TORREVIEJA;Torrevieja;ALICANTE;748;TERCIARIO DE TORREVIEJA;TERCIARIO DE TORREVIEJA;320;Comunidad Valenciana
CA0748001;16/01/2019;ISOPROPB;Isopropilbenceno (cumeno);µg/L;0;< 0,5;705332;4207772;70042;TERCIARIO DE TORREVIEJA;Torrevieja;ALICANTE;748;TERCIARIO DE TORREVIEJA;TERCIARIO DE TORREVIEJA;320;Comunidad Valenciana
CA0748001;16/01/2019;ISOPROTURON;Isoproturón;µg/L;0;< 0,050;705332;4207772;70042;TERCIARIO DE TORREVIEJA;Torrevieja;ALICANTE;748;TERCIARIO DE TORREVIEJA;TERCIARIO DE TORREVIEJA;320;Comunidad Valenciana
CA0748001;16/01/2019;K;POTASIO;mg/L K;130;13;705332;4207772;70042;TERCIARIO DE TORREVIEJA;Torrevieja;ALICANTE;748;TERCIARIO DE TORREVIEJA;TERCIARIO DE TORREVIEJA;320;Comunidad Valenciana
CA0748001;16/01/2019;LIND;GAMMA-HCH (LINDANO);µg/L;0;< 0,00025;705332;4207772;70042;TERCIARIO DE TORREVIEJA;Torrevieja;ALICANTE;748;TERCIARIO DE TORREVIEJA;TERCIARIO DE TORREVIEJA;320;Comunidad Valenciana
CA0748001;16/01/2019;MCB;Clorobenceno (monoclorobenceno);µg/L;0;< 0,5;705332;4207772;70042;TERCIARIO DE TORREVIEJA;Torrevieja;ALICANTE;748;TERCIARIO DE TORREVIEJA;TERCIARIO DE TORREVIEJA;320;Comunidad Valenciana
CA0748001;16/01/2019;METOLACLORO;Metolacloro;µg/L;0;< 0,01000;705332;4207772;70042;TERCIARIO DE TORREVIEJA;Torrevieja;ALICANTE;748;TERCIARIO DE TORREVIEJA;TERCIARIO DE TORREVIEJA;320;Comunidad Valenciana
CA0748001;16/01/2019;METOXICLORO;Metoxicloro;µg/L;0;< 0,00025;705332;4207772;70042;TERCIARIO DE TORREVIEJA;Torrevieja;ALICANTE;748;TERCIARIO DE TORREVIEJA;TERCIARIO DE TORREVIEJA;320;Comunidad Valenciana
CA0748001;16/01/2019;METRIBUZINA;METRIBUZINA;µg/L;0;< 0,050;705332;4207772;70042;TERCIARIO DE TORREVIEJA;Torrevieja;ALICANTE;748;TERCIARIO DE TORREVIEJA;TERCIARIO DE TORREVIEJA;320;Comunidad Valenciana
CA0748001;16/01/2019;MG;MAGNESIO;mg/L Mg;300;30;705332;4207772;70042;TERCIARIO DE TORREVIEJA;Torrevieja;ALICANTE;748;TERCIARIO DE TORREVIEJA;TERCIARIO DE TORREVIEJA;320;Comunidad Valenciana
CA0748001;16/01/2019;MN;MANGANESO;µg/L Mn;0;< 5;705332;4207772;70042;TERCIARIO DE TORREVIEJA;Torrevieja;ALICANTE;748;TERCIARIO DE TORREVIEJA;TERCIARIO DE TORREVIEJA;320;Comunidad Valenciana
CA0748001;16/01/2019;;SODIO;mg/L Na;2220;> 200 (222)*;705332;4207772;70042;TERCIARIO DE TORREVIEJA;Torrevieja;ALICANTE;748;TERCIARIO DE TORREVIEJA;TERCIARIO DE TORREVIEJA;320;Comunidad Valenciana
CA0748001;16/01/2019;NAFTALENO;Naftaleno (naftalina);µg/L;0;< 0,5;705332;4207772;70042;TERCIARIO DE TORREVIEJA;Torrevieja;ALICANTE;748;TERCIARIO DE TORREVIEJA;TERCIARIO DE TORREVIEJA;320;Comunidad Valenciana
CA0748001;16/01/2019;N-BUB;N-BUTILBENCENO;µg/L;0;< 0,5;705332;4207772;70042;TERCIARIO DE TORREVIEJA;Torrevieja;ALICANTE;748;TERCIARIO DE TORREVIEJA;TERCIARIO DE TORREVIEJA;320;Comunidad Valenciana
CA0748001;16/01/2019;NH4;AMONIO;mg/L NH4;0;< 0,10;705332;4207772;70042;TERCIARIO DE TORREVIEJA;Torrevieja;ALICANTE;748;TERCIARIO DE TORREVIEJA;TERCIARIO DE TORREVIEJA;320;Comunidad Valenciana
CA0748001;16/01/2019;NI;NIQUEL;µg/L Ni;0;< 5;705332;4207772;70042;TERCIARIO DE TORREVIEJA;Torrevieja;ALICANTE;748;TERCIARIO DE TORREVIEJA;TERCIARIO DE TORREVIEJA;320;Comunidad Valenciana
CA0748001;16/01/2019;NO2;Nitritos;mg/L NO2;0;< 0,020;705332;4207772;70042;TERCIARIO DE TORREVIEJA;Torrevieja;ALICANTE;748;TERCIARIO DE TORREVIEJA;TERCIARIO DE TORREVIEJA;320;Comunidad Valenciana
CA0748001;16/01/2019;NO3;Nitratos;mg/L NO3;380;38;705332;4207772;70042;TERCIARIO DE TORREVIEJA;Torrevieja;ALICANTE;748;TERCIARIO DE TORREVIEJA;TERCIARIO DE TORREVIEJA;320;Comunidad Valenciana
CA0748001;16/01/2019;NTOTAL;Nitrógeno total;mg/L N;81;8,1;705332;4207772;70042;TERCIARIO DE TORREVIEJA;Torrevieja;ALICANTE;748;TERCIARIO DE TORREVIEJA;TERCIARIO DE TORREVIEJA;320;Comunidad Valenciana
CA0748001;16/01/2019;O2 DTO;Oxigeno disuelto de campo (medida in situ);mg/L O2;557;5,57;705332;4207772;70042;TERCIARIO DE TORREVIEJA;Torrevieja;ALICANTE;748;TERCIARIO DE TORREVIEJA;TERCIARIO DE TORREVIEJA;320;Comunidad Valenciana
CA0748001;16/01/2019;PAHEST;Estireno (etenilbenceno);µg/L;0;< 0,5;705332;4207772;70042;TERCIARIO DE TORREVIEJA;Torrevieja;ALICANTE;748;TERCIARIO DE TORREVIEJA;TERCIARIO DE TORREVIEJA;320;Comunidad Valenciana
CA0748001;16/01/2019;PB;PLOMO;µg/L Pb;0;< 2;705332;4207772;70042;TERCIARIO DE TORREVIEJA;Torrevieja;ALICANTE;748;TERCIARIO DE TORREVIEJA;TERCIARIO DE TORREVIEJA;320;Comunidad Valenciana
CA0748001;16/01/2019;PER;Tetracloroetileno (PER, Percloroetileno);µg/L;0;< 0,5;705332;4207772;70042;TERCIARIO DE TORREVIEJA;Torrevieja;ALICANTE;748;TERCIARIO DE TORREVIEJA;TERCIARIO DE TORREVIEJA;320;Comunidad Valenciana
CA0748001;16/01/2019;PHSITU;pH de campo (medida in situ);udpH;83;8,3 (16ºC);705332;4207772;70042;TERCIARIO DE TORREVIEJA;Torrevieja;ALICANTE;748;TERCIARIO DE TORREVIEJA;TERCIARIO DE TORREVIEJA;320;Comunidad Valenciana
CA0748001;16/01/2019;PLAGUT;Plaguicidas Totales (OCPs + OPPs);µg/L;0;0;705332;4207772;70042;TERCIARIO DE TORREVIEJA;Torrevieja;ALICANTE;748;TERCIARIO DE TORREVIEJA;TERCIARIO DE TORREVIEJA;320;Comunidad Valenciana
CA0748001;16/01/2019;PO4;Fosfatos;mg/L PO4;0;< 0,20;705332;4207772;70042;TERCIARIO DE TORREVIEJA;Torrevieja;ALICANTE;748;TERCIARIO DE TORREVIEJA;TERCIARIO DE TORREVIEJA;320;Comunidad Valenciana
CA0748001;16/01/2019;PTOTAL;FOSFORO TOTAL;mg/L P;0;< 0,050;705332;4207772;70042;TERCIARIO DE TORREVIEJA;Torrevieja;ALICANTE;748;TERCIARIO DE TORREVIEJA;TERCIARIO DE TORREVIEJA;320;Comunidad Valenciana
CA0748001;16/01/2019;QUI;Quinoxifeno;µg/L;0;< 0,00200;705332;4207772;70042;TERCIARIO DE TORREVIEJA;Torrevieja;ALICANTE;748;TERCIARIO DE TORREVIEJA;TERCIARIO DE TORREVIEJA;320;Comunidad Valenciana
CA0748001;16/01/2019;SATINSI;Porcentaje de saturación de oxígeno disuelto de campo (medido in situ);% O2;701;70,1;705332;4207772;70042;TERCIARIO DE TORREVIEJA;Torrevieja;ALICANTE;748;TERCIARIO DE TORREVIEJA;TERCIARIO DE TORREVIEJA;320;Comunidad Valenciana
CA0748001;16/01/2019;SE;SELENIO;µg/L Se;0;< 10;705332;4207772;70042;TERCIARIO DE TORREVIEJA;Torrevieja;ALICANTE;748;TERCIARIO DE TORREVIEJA;TERCIARIO DE TORREVIEJA;320;Comunidad Valenciana
CA0748001;16/01/2019;SECBUTB;SEC-BUTILBENCENO;µg/L;0;< 0,5;705332;4207772;70042;TERCIARIO DE TORREVIEJA;Torrevieja;ALICANTE;748;TERCIARIO DE TORREVIEJA;TERCIARIO DE TORREVIEJA;320;Comunidad Valenciana
CA0748001;16/01/2019;SIMAZINA;Simazina;µg/L;0;< 0,050;705332;4207772;70042;TERCIARIO DE TORREVIEJA;Torrevieja;ALICANTE;748;TERCIARIO DE TORREVIEJA;TERCIARIO DE TORREVIEJA;320;Comunidad Valenciana
CA0748001;16/01/2019;SUMAXILENO;Xileno (dimetilbenceno) (suma o-, m- y p-xileno);µg/L;0;< 1,5;705332;4207772;70042;TERCIARIO DE TORREVIEJA;Torrevieja;ALICANTE;748;TERCIARIO DE TORREVIEJA;TERCIARIO DE TORREVIEJA;320;Comunidad Valenciana
CA0748001;16/01/2019;SUMCIPER;CIPERMETRINA (SUMA ISOMEROS ALFA+BETA+TETA+ZETA);µg/L;0;< 0,00008;705332;4207772;70042;TERCIARIO DE TORREVIEJA;Torrevieja;ALICANTE;748;TERCIARIO DE TORREVIEJA;TERCIARIO DE TORREVIEJA;320;Comunidad Valenciana
CA0748001;16/01/2019;SUMDCB;Diclorobenceno (suma isómeros);µg/L;0;< 1,5;705332;4207772;70042;TERCIARIO DE TORREVIEJA;Torrevieja;ALICANTE;748;TERCIARIO DE TORREVIEJA;TERCIARIO DE TORREVIEJA;320;Comunidad Valenciana
CA0748001;16/01/2019;SUMDDT;DDT TOTAL (SUMA P,P'-DDT+O,P'-DDT+P,P'-DDE+P,P'-DDD);µg/L;0;< 0,00100;705332;4207772;70042;TERCIARIO DE TORREVIEJA;Torrevieja;ALICANTE;748;TERCIARIO DE TORREVIEJA;TERCIARIO DE TORREVIEJA;320;Comunidad Valenciana
CA0748001;16/01/2019;SUMHCH;HEXACLOROCICLOHEXANO (HCH) (SUMA ISOMEROS);µg/L;0;0;705332;4207772;70042;TERCIARIO DE TORREVIEJA;Torrevieja;ALICANTE;748;TERCIARIO DE TORREVIEJA;TERCIARIO DE TORREVIEJA;320;Comunidad Valenciana
CA0748001;16/01/2019;SUMTCBEN;"Triclorobenceno (suma isómeros 1,2,3-; 1,2,4- y 1,3,5- TCB)";µg/L;0;< 0,3;705332;4207772;70042;TERCIARIO DE TORREVIEJA;Torrevieja;ALICANTE;748;TERCIARIO DE TORREVIEJA;TERCIARIO DE TORREVIEJA;320;Comunidad Valenciana
CA0748001;16/01/2019;SUO4;Sulfatos;mg/L SO4;810;81;705332;4207772;70042;TERCIARIO DE TORREVIEJA;Torrevieja;ALICANTE;748;TERCIARIO DE TORREVIEJA;TERCIARIO DE TORREVIEJA;320;Comunidad Valenciana
CA0748001;16/01/2019;TAGUA;"TEMPERATURA ""IN SITU""";ºC;160;16;705332;4207772;70042;TERCIARIO DE TORREVIEJA;Torrevieja;ALICANTE;748;TERCIARIO DE TORREVIEJA;TERCIARIO DE TORREVIEJA;320;Comunidad Valenciana
CA0748001;16/01/2019;TBUTB;TERC-BUTILBENCENO;µg/L;0;< 0,5;705332;4207772;70042;TERCIARIO DE TORREVIEJA;Torrevieja;ALICANTE;748;TERCIARIO DE TORREVIEJA;TERCIARIO DE TORREVIEJA;320;Comunidad Valenciana
CA0748001;16/01/2019;TCE;1,1,1-TRICLOROETANO;µg/L;0;< 0,5;705332;4207772;70042;TERCIARIO DE TORREVIEJA;Torrevieja;ALICANTE;748;TERCIARIO DE TORREVIEJA;TERCIARIO DE TORREVIEJA;320;Comunidad Valenciana
CA0748001;16/01/2019;TERAZ;Terbutilazina;µg/L;0;< 0,050;705332;4207772;70042;TERCIARIO DE TORREVIEJA;Torrevieja;ALICANTE;748;TERCIARIO DE TORREVIEJA;TERCIARIO DE TORREVIEJA;320;Comunidad Valenciana
CA0748001;16/01/2019;TERBUTRINA;Terbutrina;µg/L;0;< 0,050;705332;4207772;70042;TERCIARIO DE TORREVIEJA;Torrevieja;ALICANTE;748;TERCIARIO DE TORREVIEJA;TERCIARIO DE TORREVIEJA;320;Comunidad Valenciana
CA0748001;16/01/2019;TETRA;Tetracloruro de carbono (Tetraclorometano, Perclorometano);µg/L;0;< 0,5;705332;4207772;70042;TERCIARIO DE TORREVIEJA;Torrevieja;ALICANTE;748;TERCIARIO DE TORREVIEJA;TERCIARIO DE TORREVIEJA;320;Comunidad Valenciana
CA0748001;16/01/2019;THMBR2CL;Bromodiclorometano;µg/l;0;< 0,5;705332;4207772;70042;TERCIARIO DE TORREVIEJA;Torrevieja;ALICANTE;748;TERCIARIO DE TORREVIEJA;TERCIARIO DE TORREVIEJA;320;Comunidad Valenciana
CA0748001;16/01/2019;THMBRCL2;DIBROMOCLOROMETANO (Trihalometanos);µg/L;0;< 0,5;705332;4207772;70042;TERCIARIO DE TORREVIEJA;Torrevieja;ALICANTE;748;TERCIARIO DE TORREVIEJA;TERCIARIO DE TORREVIEJA;320;Comunidad Valenciana
CA0748001;16/01/2019;THMBRF;BROMOFORMO;µg/L;0;< 0,5;705332;4207772;70042;TERCIARIO DE TORREVIEJA;Torrevieja;ALICANTE;748;TERCIARIO DE TORREVIEJA;TERCIARIO DE TORREVIEJA;320;Comunidad Valenciana
CA0748001;16/01/2019;THMDCM;DICLOROMETANO;µg/L;0;< 0,5;705332;4207772;70042;TERCIARIO DE TORREVIEJA;Torrevieja;ALICANTE;748;TERCIARIO DE TORREVIEJA;TERCIARIO DE TORREVIEJA;320;Comunidad Valenciana
CA0748001;16/01/2019;TMB1;1,2,4-trimetilbenceno;µg/l;0;< 0,5;705332;4207772;70042;TERCIARIO DE TORREVIEJA;Torrevieja;ALICANTE;748;TERCIARIO DE TORREVIEJA;TERCIARIO DE TORREVIEJA;320;Comunidad Valenciana
CA0748001;16/01/2019;TMB2;1,3,5-TRIMETILBENCENO;µg/L;0;< 0,5;705332;4207772;70042;TERCIARIO DE TORREVIEJA;Torrevieja;ALICANTE;748;TERCIARIO DE TORREVIEJA;TERCIARIO DE TORREVIEJA;320;Comunidad Valenciana
CA0748001;16/01/2019;TOL;Tolueno (Metilbenceno);µg/L;0;< 0,5;705332;4207772;70042;TERCIARIO DE TORREVIEJA;Torrevieja;ALICANTE;748;TERCIARIO DE TORREVIEJA;TERCIARIO DE TORREVIEJA;320;Comunidad Valenciana
CA0748001;16/01/2019;TRIAZO_2;TRIAZOFOS;µg/L;0;< 0,010;705332;4207772;70042;TERCIARIO DE TORREVIEJA;Torrevieja;ALICANTE;748;TERCIARIO DE TORREVIEJA;TERCIARIO DE TORREVIEJA;320;Comunidad Valenciana
CA0748001;16/01/2019;TRICLOET;Tricloroetileno (TRI);µg/L;0;< 0,5;705332;4207772;70042;TERCIARIO DE TORREVIEJA;Torrevieja;ALICANTE;748;TERCIARIO DE TORREVIEJA;TERCIARIO DE TORREVIEJA;320;Comunidad Valenciana
CA0748001;16/01/2019;TRIFLURALINA;Trifluralina;µg/L;0;< 0,006;705332;4207772;70042;TERCIARIO DE TORREVIEJA;Torrevieja;ALICANTE;748;TERCIARIO DE TORREVIEJA;TERCIARIO DE TORREVIEJA;320;Comunidad Valenciana
CA0748001;16/01/2019;ZN;ZINC;µg/l Zn;0;< 50;705332;4207772;70042;TERCIARIO DE TORREVIEJA;Torrevieja;ALICANTE;748;TERCIARIO DE TORREVIEJA;TERCIARIO DE TORREVIEJA;320;Comunidad Valenciana
CA0748001;04/06/2019;ACLONIFE;ACLONIFENO;µg/L;0;< 0,00200;705332;4207772;70042;TERCIARIO DE TORREVIEJA;Torrevieja;ALICANTE;748;TERCIARIO DE TORREVIEJA;TERCIARIO DE TORREVIEJA;320;Comunidad Valenciana
CA0748001;04/06/2019;ALACLORO;ALACLORO;µg/L;0;< 0,01000;705332;4207772;70042;TERCIARIO DE TORREVIEJA;Torrevieja;ALICANTE;748;TERCIARIO DE TORREVIEJA;TERCIARIO DE TORREVIEJA;320;Comunidad Valenciana
CA0748001;04/06/2019;ALDRIN;ALDRINA;µg/L;0;< 0,00025;705332;4207772;70042;TERCIARIO DE TORREVIEJA;Torrevieja;ALICANTE;748;TERCIARIO DE TORREVIEJA;TERCIARIO DE TORREVIEJA;320;Comunidad Valenciana
CA0748001;04/06/2019;AS;ARSENICO;µg/L As;0;< 5,0;705332;4207772;70042;TERCIARIO DE TORREVIEJA;Torrevieja;ALICANTE;748;TERCIARIO DE TORREVIEJA;TERCIARIO DE TORREVIEJA;320;Comunidad Valenciana
CA0748001;04/06/2019;ATRAZINA;ATRAZINA;µg/L;0;< 0,010;705332;4207772;70042;TERCIARIO DE TORREVIEJA;Torrevieja;ALICANTE;748;TERCIARIO DE TORREVIEJA;TERCIARIO DE TORREVIEJA;320;Comunidad Valenciana
CA0748001;04/06/2019;B;BORO;µg/L B;7800;780;705332;4207772;70042;TERCIARIO DE TORREVIEJA;Torrevieja;ALICANTE;748;TERCIARIO DE TORREVIEJA;TERCIARIO DE TORREVIEJA;320;Comunidad Valenciana
CA0748001;04/06/2019;BICARB;BICARBONATOS;mg/L HCO3-;2300;230;705332;4207772;70042;TERCIARIO DE TORREVIEJA;Torrevieja;ALICANTE;748;TERCIARIO DE TORREVIEJA;TERCIARIO DE TORREVIEJA;320;Comunidad Valenciana
CA0748001;04/06/2019;BIFEN;BIFENOX;µg/L;0;< 0,00200;705332;4207772;70042;TERCIARIO DE TORREVIEJA;Torrevieja;ALICANTE;748;TERCIARIO DE TORREVIEJA;TERCIARIO DE TORREVIEJA;320;Comunidad Valenciana
CA0748001;04/06/2019;BRFOSETIL;BROMOFOS ETIL;µg/L;0;< 0,010;705332;4207772;70042;TERCIARIO DE TORREVIEJA;Torrevieja;ALICANTE;748;TERCIARIO DE TORREVIEJA;TERCIARIO DE TORREVIEJA;320;Comunidad Valenciana
CA0748001;04/06/2019;CA;CALCIO;mg/L Ca;390;39;705332;4207772;70042;TERCIARIO DE TORREVIEJA;Torrevieja;ALICANTE;748;TERCIARIO DE TORREVIEJA;TERCIARIO DE TORREVIEJA;320;Comunidad Valenciana
CA0748001;04/06/2019;CD;CADMIO;µg/L Cd;0;< 0,02;705332;4207772;70042;TERCIARIO DE TORREVIEJA;Torrevieja;ALICANTE;748;TERCIARIO DE TORREVIEJA;TERCIARIO DE TORREVIEJA;320;Comunidad Valenciana
CA0748001;04/06/2019;CIB;CIBUTRINA;µg/L;0;< 0,002;705332;4207772;70042;TERCIARIO DE TORREVIEJA;Torrevieja;ALICANTE;748;TERCIARIO DE TORREVIEJA;TERCIARIO DE TORREVIEJA;320;Comunidad Valenciana
CA0748001;04/06/2019;CL;Cloruros;mg/L Cl;6050;605;705332;4207772;70042;TERCIARIO DE TORREVIEJA;Torrevieja;ALICANTE;748;TERCIARIO DE TORREVIEJA;TERCIARIO DE TORREVIEJA;320;Comunidad Valenciana
CA0748001;04/06/2019;CLORDANOCIS;CIS-CLORDANO;µg/L;0;< 0,00025;705332;4207772;70042;TERCIARIO DE TORREVIEJA;Torrevieja;ALICANTE;748;TERCIARIO DE TORREVIEJA;TERCIARIO DE TORREVIEJA;320;Comunidad Valenciana
CA0748001;04/06/2019;CLORDANOTR;TRANS-CLORDANO;µg/L;0;< 0,00025;705332;4207772;70042;TERCIARIO DE TORREVIEJA;Torrevieja;ALICANTE;748;TERCIARIO DE TORREVIEJA;TERCIARIO DE TORREVIEJA;320;Comunidad Valenciana
CA0748001;04/06/2019;CLOROFENVINFOS;Clorfenvinfos;µg/L;0;< 0,010;705332;4207772;70042;TERCIARIO DE TORREVIEJA;Torrevieja;ALICANTE;748;TERCIARIO DE TORREVIEJA;TERCIARIO DE TORREVIEJA;320;Comunidad Valenciana
CA0748001;04/06/2019;CLOROPIRIFOS;Clorpirifos;µg/L;0;< 0,010;705332;4207772;70042;TERCIARIO DE TORREVIEJA;Torrevieja;ALICANTE;748;TERCIARIO DE TORREVIEJA;TERCIARIO DE TORREVIEJA;320;Comunidad Valenciana
CA0748001;04/06/2019;CLORPIRIPME;CLOROPIRIFOS-METIL;µg/L;0;< 0,010;705332;4207772;70042;TERCIARIO DE TORREVIEJA;Torrevieja;ALICANTE;748;TERCIARIO DE TORREVIEJA;TERCIARIO DE TORREVIEJA;320;Comunidad Valenciana
CA0748001;04/06/2019;COND20SITU;Conductividad de campo (medida in situ);µS/cm;25100;2510;705332;4207772;70042;TERCIARIO DE TORREVIEJA;Torrevieja;ALICANTE;748;TERCIARIO DE TORREVIEJA;TERCIARIO DE TORREVIEJA;320;Comunidad Valenciana
CA0748001;04/06/2019;CR;CROMO;µg/L Cr;0;< 5,0;705332;4207772;70042;TERCIARIO DE TORREVIEJA;Torrevieja;ALICANTE;748;TERCIARIO DE TORREVIEJA;TERCIARIO DE TORREVIEJA;320;Comunidad Valenciana
CA0748001;04/06/2019;CU;COBRE;µg/L Cu;14;1,4;705332;4207772;70042;TERCIARIO DE TORREVIEJA;Torrevieja;ALICANTE;748;TERCIARIO DE TORREVIEJA;TERCIARIO DE TORREVIEJA;320;Comunidad Valenciana
CA0748001;04/06/2019;DCV;DICLORVOS;µg/L;0;< 0,002;705332;4207772;70042;TERCIARIO DE TORREVIEJA;Torrevieja;ALICANTE;748;TERCIARIO DE TORREVIEJA;TERCIARIO DE TORREVIEJA;320;Comunidad Valenciana
CA0748001;04/06/2019;DDEPP;P,P'-DDE;µg/L;0;< 0,00025;705332;4207772;70042;TERCIARIO DE TORREVIEJA;Torrevieja;ALICANTE;748;TERCIARIO DE TORREVIEJA;TERCIARIO DE TORREVIEJA;320;Comunidad Valenciana
CA0748001;04/06/2019;DDTOP;O,P'-DDT;µg/L;0;< 0,00050;705332;4207772;70042;TERCIARIO DE TORREVIEJA;Torrevieja;ALICANTE;748;TERCIARIO DE TORREVIEJA;TERCIARIO DE TORREVIEJA;320;Comunidad Valenciana
CA0748001;04/06/2019;DDTPP;P,P'-DDT;µg/L;0;< 0,00025;705332;4207772;70042;TERCIARIO DE TORREVIEJA;Torrevieja;ALICANTE;748;TERCIARIO DE TORREVIEJA;TERCIARIO DE TORREVIEJA;320;Comunidad Valenciana
CA0748001;04/06/2019;DIAZINON;DIAZINON;µg/L;0;< 0,010;705332;4207772;70042;TERCIARIO DE TORREVIEJA;Torrevieja;ALICANTE;748;TERCIARIO DE TORREVIEJA;TERCIARIO DE TORREVIEJA;320;Comunidad Valenciana
CA0748001;04/06/2019;DICOFOL;DICOFOL (P,P'-DICOFOL);µg/L;0;< 0,00200;705332;4207772;70042;TERCIARIO DE TORREVIEJA;Torrevieja;ALICANTE;748;TERCIARIO DE TORREVIEJA;TERCIARIO DE TORREVIEJA;320;Comunidad Valenciana
CA0748001;04/06/2019;DIELDRIN;Dieldrin;µg/L;0;< 0,00015;705332;4207772;70042;TERCIARIO DE TORREVIEJA;Torrevieja;ALICANTE;748;TERCIARIO DE TORREVIEJA;TERCIARIO DE TORREVIEJA;320;Comunidad Valenciana
CA0748001;04/06/2019;DIURON;DIURON;µg/L;0;< 0,050;705332;4207772;70042;TERCIARIO DE TORREVIEJA;Torrevieja;ALICANTE;748;TERCIARIO DE TORREVIEJA;TERCIARIO DE TORREVIEJA;320;Comunidad Valenciana
CA0748001;04/06/2019;DQO;DQO o Demanda Química de Oxígeno;mg/L O2;0;< 15;705332;4207772;70042;TERCIARIO DE TORREVIEJA;Torrevieja;ALICANTE;748;TERCIARIO DE TORREVIEJA;TERCIARIO DE TORREVIEJA;320;Comunidad Valenciana
CA0748001;04/06/2019;ENDOS;ENDOSULFAN (SUMA ISOMEROS ALFA+BETA);µg/L;0;< 0,00025;705332;4207772;70042;TERCIARIO DE TORREVIEJA;Torrevieja;ALICANTE;748;TERCIARIO DE TORREVIEJA;TERCIARIO DE TORREVIEJA;320;Comunidad Valenciana
CA0748001;04/06/2019;ENDOSULFAN;ALFA-ENDOSULFAN;µg/L;0;< 0,00025;705332;4207772;70042;TERCIARIO DE TORREVIEJA;Torrevieja;ALICANTE;748;TERCIARIO DE TORREVIEJA;TERCIARIO DE TORREVIEJA;320;Comunidad Valenciana
CA0748001;04/06/2019;ENDOSULFAN-BETA;BETA-ENDOSULFAN;µg/L;0;< 0,00150;705332;4207772;70042;TERCIARIO DE TORREVIEJA;Torrevieja;ALICANTE;748;TERCIARIO DE TORREVIEJA;TERCIARIO DE TORREVIEJA;320;Comunidad Valenciana
CA0748001;04/06/2019;ENDRIN;ENDRINA;µg/L;0;< 0,00150;705332;4207772;70042;TERCIARIO DE TORREVIEJA;Torrevieja;ALICANTE;748;TERCIARIO DE TORREVIEJA;TERCIARIO DE TORREVIEJA;320;Comunidad Valenciana
CA0748001;04/06/2019;ENDRINCE;Endrin cetona;µg/L;0;< 0,00025;705332;4207772;70042;TERCIARIO DE TORREVIEJA;Torrevieja;ALICANTE;748;TERCIARIO DE TORREVIEJA;TERCIARIO DE TORREVIEJA;320;Comunidad Valenciana
CA0748001;04/06/2019;ETPARATION;Paration (paration etilo);µg/L;0;< 0,010;705332;4207772;70042;TERCIARIO DE TORREVIEJA;Torrevieja;ALICANTE;748;TERCIARIO DE TORREVIEJA;TERCIARIO DE TORREVIEJA;320;Comunidad Valenciana
CA0748001;04/06/2019;FE;HIERRO;µg/L;0;< 50;705332;4207772;70042;TERCIARIO DE TORREVIEJA;Torrevieja;ALICANTE;748;TERCIARIO DE TORREVIEJA;TERCIARIO DE TORREVIEJA;320;Comunidad Valenciana
CA0748001;04/06/2019;FENCLORFOS;FENCLORFOS;µg/L;0;< 0,010;705332;4207772;70042;TERCIARIO DE TORREVIEJA;Torrevieja;ALICANTE;748;TERCIARIO DE TORREVIEJA;TERCIARIO DE TORREVIEJA;320;Comunidad Valenciana
CA0748001;04/06/2019;FONO;FONOFOS;µg/L;0;< 0,010;705332;4207772;70042;TERCIARIO DE TORREVIEJA;Torrevieja;ALICANTE;748;TERCIARIO DE TORREVIEJA;TERCIARIO DE TORREVIEJA;320;Comunidad Valenciana
CA0748001;04/06/2019;HCB;Hexaclorobenceno (HCB, Perclorobenceno);µg/L;0;< 0,00250;705332;4207772;70042;TERCIARIO DE TORREVIEJA;Torrevieja;ALICANTE;748;TERCIARIO DE TORREVIEJA;TERCIARIO DE TORREVIEJA;320;Comunidad Valenciana
CA0748001;04/06/2019;HCHALFA;ALFA-HCH;µg/L;0;< 0,00005;705332;4207772;70042;TERCIARIO DE TORREVIEJA;Torrevieja;ALICANTE;748;TERCIARIO DE TORREVIEJA;TERCIARIO DE TORREVIEJA;320;Comunidad Valenciana
CA0748001;04/06/2019;HCHBETA;BETA-HCH;µg/L;0;< 0,00015;705332;4207772;70042;TERCIARIO DE TORREVIEJA;Torrevieja;ALICANTE;748;TERCIARIO DE TORREVIEJA;TERCIARIO DE TORREVIEJA;320;Comunidad Valenciana
CA0748001;04/06/2019;HCHDELTA;DELTA-HCH;µg/L;0;< 0,00015;705332;4207772;70042;TERCIARIO DE TORREVIEJA;Torrevieja;ALICANTE;748;TERCIARIO DE TORREVIEJA;TERCIARIO DE TORREVIEJA;320;Comunidad Valenciana
CA0748001;04/06/2019;HEPTACL;Heptacloro;µg/L;0;< 0,00025;705332;4207772;70042;TERCIARIO DE TORREVIEJA;Torrevieja;ALICANTE;748;TERCIARIO DE TORREVIEJA;TERCIARIO DE TORREVIEJA;320;Comunidad Valenciana
CA0748001;04/06/2019;HEPTACLEPO;EPOXIDO DE HEPTACLORO;µg/L;0;< 0,00005;705332;4207772;70042;TERCIARIO DE TORREVIEJA;Torrevieja;ALICANTE;748;TERCIARIO DE TORREVIEJA;TERCIARIO DE TORREVIEJA;320;Comunidad Valenciana
CA0748001;04/06/2019;HG;MERCURIO;µg/L Hg;0;< 0,045;705332;4207772;70042;TERCIARIO DE TORREVIEJA;Torrevieja;ALICANTE;748;TERCIARIO DE TORREVIEJA;TERCIARIO DE TORREVIEJA;320;Comunidad Valenciana
CA0748001;04/06/2019;ISODRIN;Isodrin;µg/L;0;< 0,00010;705332;4207772;70042;TERCIARIO DE TORREVIEJA;Torrevieja;ALICANTE;748;TERCIARIO DE TORREVIEJA;TERCIARIO DE TORREVIEJA;320;Comunidad Valenciana
CA0748001;04/06/2019;ISOPROTURON;Isoproturón;µg/L;0;< 0,050;705332;4207772;70042;TERCIARIO DE TORREVIEJA;Torrevieja;ALICANTE;748;TERCIARIO DE TORREVIEJA;TERCIARIO DE TORREVIEJA;320;Comunidad Valenciana
CA0748001;04/06/2019;K;POTASIO;mg/L K;390;39;705332;4207772;70042;TERCIARIO DE TORREVIEJA;Torrevieja;ALICANTE;748;TERCIARIO DE TORREVIEJA;TERCIARIO DE TORREVIEJA;320;Comunidad Valenciana
CA0748001;04/06/2019;LIND;GAMMA-HCH (LINDANO);µg/L;0;< 0,00025;705332;4207772;70042;TERCIARIO DE TORREVIEJA;Torrevieja;ALICANTE;748;TERCIARIO DE TORREVIEJA;TERCIARIO DE TORREVIEJA;320;Comunidad Valenciana
CA0748001;04/06/2019;METOLACLORO;Metolacloro;µg/L;0;< 0,01000;705332;4207772;70042;TERCIARIO DE TORREVIEJA;Torrevieja;ALICANTE;748;TERCIARIO DE TORREVIEJA;TERCIARIO DE TORREVIEJA;320;Comunidad Valenciana
CA0748001;04/06/2019;METOXICLORO;Metoxicloro;µg/L;0;< 0,00025;705332;4207772;70042;TERCIARIO DE TORREVIEJA;Torrevieja;ALICANTE;748;TERCIARIO DE TORREVIEJA;TERCIARIO DE TORREVIEJA;320;Comunidad Valenciana
CA0748001;04/06/2019;METRIBUZINA;METRIBUZINA;µg/L;0;< 0,050;705332;4207772;70042;TERCIARIO DE TORREVIEJA;Torrevieja;ALICANTE;748;TERCIARIO DE TORREVIEJA;TERCIARIO DE TORREVIEJA;320;Comunidad Valenciana
CA0748001;04/06/2019;MG;MAGNESIO;mg/L Mg;450;45;705332;4207772;70042;TERCIARIO DE TORREVIEJA;Torrevieja;ALICANTE;748;TERCIARIO DE TORREVIEJA;TERCIARIO DE TORREVIEJA;320;Comunidad Valenciana
CA0748001;04/06/2019;MN;MANGANESO;µg/L Mn;0;< 5,0;705332;4207772;70042;TERCIARIO DE TORREVIEJA;Torrevieja;ALICANTE;748;TERCIARIO DE TORREVIEJA;TERCIARIO DE TORREVIEJA;320;Comunidad Valenciana
CA0748001;04/06/2019;;SODIO;mg/L Na;5770;> 200 (577)*;705332;4207772;70042;TERCIARIO DE TORREVIEJA;Torrevieja;ALICANTE;748;TERCIARIO DE TORREVIEJA;TERCIARIO DE TORREVIEJA;320;Comunidad Valenciana
CA0748001;04/06/2019;NH4;AMONIO;mg/L NH4;0;< 0,10;705332;4207772;70042;TERCIARIO DE TORREVIEJA;Torrevieja;ALICANTE;748;TERCIARIO DE TORREVIEJA;TERCIARIO DE TORREVIEJA;320;Comunidad Valenciana
CA0748001;04/06/2019;NI;NIQUEL;µg/L Ni;0;< 0,80;705332;4207772;70042;TERCIARIO DE TORREVIEJA;Torrevieja;ALICANTE;748;TERCIARIO DE TORREVIEJA;TERCIARIO DE TORREVIEJA;320;Comunidad Valenciana
CA0748001;04/06/2019;NO2;Nitritos;mg/L NO2;0;< 0,020;705332;4207772;70042;TERCIARIO DE TORREVIEJA;Torrevieja;ALICANTE;748;TERCIARIO DE TORREVIEJA;TERCIARIO DE TORREVIEJA;320;Comunidad Valenciana
CA0748001;04/06/2019;NO3;Nitratos;mg/L NO3;390;39;705332;4207772;70042;TERCIARIO DE TORREVIEJA;Torrevieja;ALICANTE;748;TERCIARIO DE TORREVIEJA;TERCIARIO DE TORREVIEJA;320;Comunidad Valenciana
CA0748001;04/06/2019;NTOTAL;Nitrógeno total;mg/L N;78;7,8;705332;4207772;70042;TERCIARIO DE TORREVIEJA;Torrevieja;ALICANTE;748;TERCIARIO DE TORREVIEJA;TERCIARIO DE TORREVIEJA;320;Comunidad Valenciana
CA0748001;04/06/2019;O2 DTO;Oxigeno disuelto de campo (medida in situ);mg/L O2;638;6,38;705332;4207772;70042;TERCIARIO DE TORREVIEJA;Torrevieja;ALICANTE;748;TERCIARIO DE TORREVIEJA;TERCIARIO DE TORREVIEJA;320;Comunidad Valenciana
CA0748001;04/06/2019;PB;PLOMO;µg/L Pb;0;< 0,30;705332;4207772;70042;TERCIARIO DE TORREVIEJA;Torrevieja;ALICANTE;748;TERCIARIO DE TORREVIEJA;TERCIARIO DE TORREVIEJA;320;Comunidad Valenciana
CA0748001;04/06/2019;PHSITU;pH de campo (medida in situ);udpH;78;7,8 (26,8ºC);705332;4207772;70042;TERCIARIO DE TORREVIEJA;Torrevieja;ALICANTE;748;TERCIARIO DE TORREVIEJA;TERCIARIO DE TORREVIEJA;320;Comunidad Valenciana
CA0748001;04/06/2019;PLAGUT;Plaguicidas Totales (OCPs + OPPs);µg/L;0;0;705332;4207772;70042;TERCIARIO DE TORREVIEJA;Torrevieja;ALICANTE;748;TERCIARIO DE TORREVIEJA;TERCIARIO DE TORREVIEJA;320;Comunidad Valenciana
CA0748001;04/06/2019;PO4;Fosfatos;mg/L PO4;46;0,046;705332;4207772;70042;TERCIARIO DE TORREVIEJA;Torrevieja;ALICANTE;748;TERCIARIO DE TORREVIEJA;TERCIARIO DE TORREVIEJA;320;Comunidad Valenciana
CA0748001;04/06/2019;PTOTAL;FOSFORO TOTAL;mg/L P;0;< 0,05;705332;4207772;70042;TERCIARIO DE TORREVIEJA;Torrevieja;ALICANTE;748;TERCIARIO DE TORREVIEJA;TERCIARIO DE TORREVIEJA;320;Comunidad Valenciana
CA0748001;04/06/2019;QUI;Quinoxifeno;µg/L;0;< 0,00200;705332;4207772;70042;TERCIARIO DE TORREVIEJA;Torrevieja;ALICANTE;748;TERCIARIO DE TORREVIEJA;TERCIARIO DE TORREVIEJA;320;Comunidad Valenciana
CA0748001;04/06/2019;SATINSI;Porcentaje de saturación de oxígeno disuelto de campo (medido in situ);% O2;982;98,2;705332;4207772;70042;TERCIARIO DE TORREVIEJA;Torrevieja;ALICANTE;748;TERCIARIO DE TORREVIEJA;TERCIARIO DE TORREVIEJA;320;Comunidad Valenciana
CA0748001;04/06/2019;S-DDD-DDT;Suma p,p´-DDD + o,p´-DDT;µg/L;0;< 0,00050;705332;4207772;70042;TERCIARIO DE TORREVIEJA;Torrevieja;ALICANTE;748;TERCIARIO DE TORREVIEJA;TERCIARIO DE TORREVIEJA;320;Comunidad Valenciana
CA0748001;04/06/2019;SE;SELENIO;µg/L Se;149;1,49;705332;4207772;70042;TERCIARIO DE TORREVIEJA;Torrevieja;ALICANTE;748;TERCIARIO DE TORREVIEJA;TERCIARIO DE TORREVIEJA;320;Comunidad Valenciana
CA0748001;04/06/2019;SIMAZINA;Simazina;µg/L;0;< 0,050;705332;4207772;70042;TERCIARIO DE TORREVIEJA;Torrevieja;ALICANTE;748;TERCIARIO DE TORREVIEJA;TERCIARIO DE TORREVIEJA;320;Comunidad Valenciana
CA0748001;04/06/2019;SUMDDT;DDT TOTAL (SUMA P,P'-DDT+O,P'-DDT+P,P'-DDE+P,P'-DDD);µg/L;0;< 0,00100;705332;4207772;70042;TERCIARIO DE TORREVIEJA;Torrevieja;ALICANTE;748;TERCIARIO DE TORREVIEJA;TERCIARIO DE TORREVIEJA;320;Comunidad Valenciana
CA0748001;04/06/2019;SUMHCH;HEXACLOROCICLOHEXANO (HCH) (SUMA ISOMEROS);µg/L;0;< 0,00060;705332;4207772;70042;TERCIARIO DE TORREVIEJA;Torrevieja;ALICANTE;748;TERCIARIO DE TORREVIEJA;TERCIARIO DE TORREVIEJA;320;Comunidad Valenciana
CA0748001;04/06/2019;SUO4;Sulfatos;mg/L SO4;1260;126;705332;4207772;70042;TERCIARIO DE TORREVIEJA;Torrevieja;ALICANTE;748;TERCIARIO DE TORREVIEJA;TERCIARIO DE TORREVIEJA;320;Comunidad Valenciana
CA0748001;04/06/2019;TAGUA;"TEMPERATURA ""IN SITU""";ºC;268;26,8;705332;4207772;70042;TERCIARIO DE TORREVIEJA;Torrevieja;ALICANTE;748;TERCIARIO DE TORREVIEJA;TERCIARIO DE TORREVIEJA;320;Comunidad Valenciana
CA0748001;04/06/2019;TERAZ;Terbutilazina;µg/L;0;< 0,050;705332;4207772;70042;TERCIARIO DE TORREVIEJA;Torrevieja;ALICANTE;748;TERCIARIO DE TORREVIEJA;TERCIARIO DE TORREVIEJA;320;Comunidad Valenciana
CA0748001;04/06/2019;TERBUTRINA;Terbutrina;µg/L;0;< 0,050;705332;4207772;70042;TERCIARIO DE TORREVIEJA;Torrevieja;ALICANTE;748;TERCIARIO DE TORREVIEJA;TERCIARIO DE TORREVIEJA;320;Comunidad Valenciana
CA0748001;04/06/2019;TRIAZO_2;TRIAZOFOS;µg/L;0;< 0,010;705332;4207772;70042;TERCIARIO DE TORREVIEJA;Torrevieja;ALICANTE;748;TERCIARIO DE TORREVIEJA;TERCIARIO DE TORREVIEJA;320;Comunidad Valenciana
CA0748001;04/06/2019;TRIFLURALINA;Trifluralina;µg/L;0;< 0,006;705332;4207772;70042;TERCIARIO DE TORREVIEJA;Torrevieja;ALICANTE;748;TERCIARIO DE TORREVIEJA;TERCIARIO DE TORREVIEJA;320;Comunidad Valenciana
CA0748001;04/06/2019;ZN;ZINC;µg/l Zn;110;11;705332;4207772;70042;TERCIARIO DE TORREVIEJA;Torrevieja;ALICANTE;748;TERCIARIO DE TORREVIEJA;TERCIARIO DE TORREVIEJA;320;Comunidad Valenciana
CA0748001;03/09/2019;ACLONIFE;ACLONIFENO;µg/L;0;< 0,00200;705332;4207772;70042;TERCIARIO DE TORREVIEJA;Torrevieja;ALICANTE;748;TERCIARIO DE TORREVIEJA;TERCIARIO DE TORREVIEJA;320;Comunidad Valenciana
CA0748001;03/09/2019;ALACLORO;ALACLORO;µg/L;0;< 0,01000;705332;4207772;70042;TERCIARIO DE TORREVIEJA;Torrevieja;ALICANTE;748;TERCIARIO DE TORREVIEJA;TERCIARIO DE TORREVIEJA;320;Comunidad Valenciana
CA0748001;03/09/2019;ALDRIN;ALDRINA;µg/L;0;< 0,00025;705332;4207772;70042;TERCIARIO DE TORREVIEJA;Torrevieja;ALICANTE;748;TERCIARIO DE TORREVIEJA;TERCIARIO DE TORREVIEJA;320;Comunidad Valenciana
CA0748001;03/09/2019;AMPA;ACIDO AMINOMETILFOSFONICO (AMPA);µg/L;0;<0,10;705332;4207772;70042;TERCIARIO DE TORREVIEJA;Torrevieja;ALICANTE;748;TERCIARIO DE TORREVIEJA;TERCIARIO DE TORREVIEJA;320;Comunidad Valenciana
CA0748001;03/09/2019;AS;ARSENICO;µg/L As;0;< 5,0;705332;4207772;70042;TERCIARIO DE TORREVIEJA;Torrevieja;ALICANTE;748;TERCIARIO DE TORREVIEJA;TERCIARIO DE TORREVIEJA;320;Comunidad Valenciana
CA0748001;03/09/2019;ATRAZINA;ATRAZINA;µg/L;0;< 0,010;705332;4207772;70042;TERCIARIO DE TORREVIEJA;Torrevieja;ALICANTE;748;TERCIARIO DE TORREVIEJA;TERCIARIO DE TORREVIEJA;320;Comunidad Valenciana
CA0748001;03/09/2019;B;BORO;µg/L B;3900;390;705332;4207772;70042;TERCIARIO DE TORREVIEJA;Torrevieja;ALICANTE;748;TERCIARIO DE TORREVIEJA;TERCIARIO DE TORREVIEJA;320;Comunidad Valenciana
CA0748001;03/09/2019;BICARB;BICARBONATOS;mg/L HCO3-;2320;232;705332;4207772;70042;TERCIARIO DE TORREVIEJA;Torrevieja;ALICANTE;748;TERCIARIO DE TORREVIEJA;TERCIARIO DE TORREVIEJA;320;Comunidad Valenciana
CA0748001;03/09/2019;BIFEN;BIFENOX;µg/L;0;< 0,00200;705332;4207772;70042;TERCIARIO DE TORREVIEJA;Torrevieja;ALICANTE;748;TERCIARIO DE TORREVIEJA;TERCIARIO DE TORREVIEJA;320;Comunidad Valenciana
CA0748001;03/09/2019;BRFOSETIL;BROMOFOS ETIL;µg/L;0;< 0,010;705332;4207772;70042;TERCIARIO DE TORREVIEJA;Torrevieja;ALICANTE;748;TERCIARIO DE TORREVIEJA;TERCIARIO DE TORREVIEJA;320;Comunidad Valenciana
CA0748001;03/09/2019;CA;CALCIO;mg/L Ca;600;60;705332;4207772;70042;TERCIARIO DE TORREVIEJA;Torrevieja;ALICANTE;748;TERCIARIO DE TORREVIEJA;TERCIARIO DE TORREVIEJA;320;Comunidad Valenciana
CA0748001;03/09/2019;CD;CADMIO;µg/L Cd;0;< 0,02;705332;4207772;70042;TERCIARIO DE TORREVIEJA;Torrevieja;ALICANTE;748;TERCIARIO DE TORREVIEJA;TERCIARIO DE TORREVIEJA;320;Comunidad Valenciana
CA0748001;03/09/2019;CIB;CIBUTRINA;µg/L;0;< 0,002;705332;4207772;70042;TERCIARIO DE TORREVIEJA;Torrevieja;ALICANTE;748;TERCIARIO DE TORREVIEJA;TERCIARIO DE TORREVIEJA;320;Comunidad Valenciana
CA0748001;03/09/2019;CL;Cloruros;mg/L Cl;4520;452;705332;4207772;70042;TERCIARIO DE TORREVIEJA;Torrevieja;ALICANTE;748;TERCIARIO DE TORREVIEJA;TERCIARIO DE TORREVIEJA;320;Comunidad Valenciana
CA0748001;03/09/2019;CLORDANOCIS;CIS-CLORDANO;µg/L;0;< 0,00025;705332;4207772;70042;TERCIARIO DE TORREVIEJA;Torrevieja;ALICANTE;748;TERCIARIO DE TORREVIEJA;TERCIARIO DE TORREVIEJA;320;Comunidad Valenciana
CA0748001;03/09/2019;CLORDANOTR;TRANS-CLORDANO;µg/L;0;< 0,00025;705332;4207772;70042;TERCIARIO DE TORREVIEJA;Torrevieja;ALICANTE;748;TERCIARIO DE TORREVIEJA;TERCIARIO DE TORREVIEJA;320;Comunidad Valenciana
CA0748001;03/09/2019;CLOROFENVINFOS;Clorfenvinfos;µg/L;0;< 0,010;705332;4207772;70042;TERCIARIO DE TORREVIEJA;Torrevieja;ALICANTE;748;TERCIARIO DE TORREVIEJA;TERCIARIO DE TORREVIEJA;320;Comunidad Valenciana
CA0748001;03/09/2019;CLOROPIRIFOS;Clorpirifos;µg/L;0;< 0,010;705332;4207772;70042;TERCIARIO DE TORREVIEJA;Torrevieja;ALICANTE;748;TERCIARIO DE TORREVIEJA;TERCIARIO DE TORREVIEJA;320;Comunidad Valenciana
CA0748001;03/09/2019;CLORPIRIPME;CLOROPIRIFOS-METIL;µg/L;0;< 0,010;705332;4207772;70042;TERCIARIO DE TORREVIEJA;Torrevieja;ALICANTE;748;TERCIARIO DE TORREVIEJA;TERCIARIO DE TORREVIEJA;320;Comunidad Valenciana
CA0748001;03/09/2019;COND20SITU;Conductividad de campo (medida in situ);µS/cm;19220;1922;705332;4207772;70042;TERCIARIO DE TORREVIEJA;Torrevieja;ALICANTE;748;TERCIARIO DE TORREVIEJA;TERCIARIO DE TORREVIEJA;320;Comunidad Valenciana
CA0748001;03/09/2019;CR;CROMO;µg/L Cr;0;< 5,0;705332;4207772;70042;TERCIARIO DE TORREVIEJA;Torrevieja;ALICANTE;748;TERCIARIO DE TORREVIEJA;TERCIARIO DE TORREVIEJA;320;Comunidad Valenciana
CA0748001;03/09/2019;CU;COBRE;µg/L Cu;0;< 0,80;705332;4207772;70042;TERCIARIO DE TORREVIEJA;Torrevieja;ALICANTE;748;TERCIARIO DE TORREVIEJA;TERCIARIO DE TORREVIEJA;320;Comunidad Valenciana
CA0748001;03/09/2019;DCV;DICLORVOS;µg/L;0;< 0,002;705332;4207772;70042;TERCIARIO DE TORREVIEJA;Torrevieja;ALICANTE;748;TERCIARIO DE TORREVIEJA;TERCIARIO DE TORREVIEJA;320;Comunidad Valenciana
CA0748001;03/09/2019;DDDPP;P,P'-DDD;µg/L;0;< 0,00050;705332;4207772;70042;TERCIARIO DE TORREVIEJA;Torrevieja;ALICANTE;748;TERCIARIO DE TORREVIEJA;TERCIARIO DE TORREVIEJA;320;Comunidad Valenciana
CA0748001;03/09/2019;DDEPP;P,P'-DDE;µg/L;0;< 0,00025;705332;4207772;70042;TERCIARIO DE TORREVIEJA;Torrevieja;ALICANTE;748;TERCIARIO DE TORREVIEJA;TERCIARIO DE TORREVIEJA;320;Comunidad Valenciana
CA0748001;03/09/2019;DDTOP;O,P'-DDT;µg/L;0;< 0,00050;705332;4207772;70042;TERCIARIO DE TORREVIEJA;Torrevieja;ALICANTE;748;TERCIARIO DE TORREVIEJA;TERCIARIO DE TORREVIEJA;320;Comunidad Valenciana
CA0748001;03/09/2019;DDTPP;P,P'-DDT;µg/L;0;< 0,00025;705332;4207772;70042;TERCIARIO DE TORREVIEJA;Torrevieja;ALICANTE;748;TERCIARIO DE TORREVIEJA;TERCIARIO DE TORREVIEJA;320;Comunidad Valenciana
CA0748001;03/09/2019;DIAZINON;DIAZINON;µg/L;0;< 0,010;705332;4207772;70042;TERCIARIO DE TORREVIEJA;Torrevieja;ALICANTE;748;TERCIARIO DE TORREVIEJA;TERCIARIO DE TORREVIEJA;320;Comunidad Valenciana
CA0748001;03/09/2019;DICOFOL;DICOFOL (P,P'-DICOFOL);µg/L;0;< 0,00200;705332;4207772;70042;TERCIARIO DE TORREVIEJA;Torrevieja;ALICANTE;748;TERCIARIO DE TORREVIEJA;TERCIARIO DE TORREVIEJA;320;Comunidad Valenciana
CA0748001;03/09/2019;DIELDRIN;Dieldrin;µg/L;0;< 0,00015;705332;4207772;70042;TERCIARIO DE TORREVIEJA;Torrevieja;ALICANTE;748;TERCIARIO DE TORREVIEJA;TERCIARIO DE TORREVIEJA;320;Comunidad Valenciana
CA0748001;03/09/2019;DIURON;DIURON;µg/L;0;< 0,050;705332;4207772;70042;TERCIARIO DE TORREVIEJA;Torrevieja;ALICANTE;748;TERCIARIO DE TORREVIEJA;TERCIARIO DE TORREVIEJA;320;Comunidad Valenciana
CA0748001;03/09/2019;DQO;DQO o Demanda Química de Oxígeno;mg/L O2;0;< 15;705332;4207772;70042;TERCIARIO DE TORREVIEJA;Torrevieja;ALICANTE;748;TERCIARIO DE TORREVIEJA;TERCIARIO DE TORREVIEJA;320;Comunidad Valenciana
CA0748001;03/09/2019;ENDOS;ENDOSULFAN (SUMA ISOMEROS ALFA+BETA);µg/L;0;< 0,00025;705332;4207772;70042;TERCIARIO DE TORREVIEJA;Torrevieja;ALICANTE;748;TERCIARIO DE TORREVIEJA;TERCIARIO DE TORREVIEJA;320;Comunidad Valenciana
CA0748001;03/09/2019;ENDOSULFAN;ALFA-ENDOSULFAN;µg/L;0;< 0,00025;705332;4207772;70042;TERCIARIO DE TORREVIEJA;Torrevieja;ALICANTE;748;TERCIARIO DE TORREVIEJA;TERCIARIO DE TORREVIEJA;320;Comunidad Valenciana
CA0748001;03/09/2019;ENDOSULFAN-BETA;BETA-ENDOSULFAN;µg/L;0;< 0,00150;705332;4207772;70042;TERCIARIO DE TORREVIEJA;Torrevieja;ALICANTE;748;TERCIARIO DE TORREVIEJA;TERCIARIO DE TORREVIEJA;320;Comunidad Valenciana
CA0748001;03/09/2019;ENDRIN;ENDRINA;µg/L;0;< 0,00150;705332;4207772;70042;TERCIARIO DE TORREVIEJA;Torrevieja;ALICANTE;748;TERCIARIO DE TORREVIEJA;TERCIARIO DE TORREVIEJA;320;Comunidad Valenciana
CA0748001;03/09/2019;ENDRINCE;Endrin cetona;µg/L;0;< 0,00025;705332;4207772;70042;TERCIARIO DE TORREVIEJA;Torrevieja;ALICANTE;748;TERCIARIO DE TORREVIEJA;TERCIARIO DE TORREVIEJA;320;Comunidad Valenciana
CA0748001;03/09/2019;ETPARATION;Paration (paration etilo);µg/L;0;< 0,010;705332;4207772;70042;TERCIARIO DE TORREVIEJA;Torrevieja;ALICANTE;748;TERCIARIO DE TORREVIEJA;TERCIARIO DE TORREVIEJA;320;Comunidad Valenciana
CA0748001;03/09/2019;FE;HIERRO;µg/L;0;< 50;705332;4207772;70042;TERCIARIO DE TORREVIEJA;Torrevieja;ALICANTE;748;TERCIARIO DE TORREVIEJA;TERCIARIO DE TORREVIEJA;320;Comunidad Valenciana
CA0748001;03/09/2019;FENCLORFOS;FENCLORFOS;µg/L;0;< 0,010;705332;4207772;70042;TERCIARIO DE TORREVIEJA;Torrevieja;ALICANTE;748;TERCIARIO DE TORREVIEJA;TERCIARIO DE TORREVIEJA;320;Comunidad Valenciana
CA0748001;03/09/2019;FONO;FONOFOS;µg/L;0;< 0,010;705332;4207772;70042;TERCIARIO DE TORREVIEJA;Torrevieja;ALICANTE;748;TERCIARIO DE TORREVIEJA;TERCIARIO DE TORREVIEJA;320;Comunidad Valenciana
CA0748001;03/09/2019;GLIFOSATO;GLIFOSATO;µg/L;0;<0,10;705332;4207772;70042;TERCIARIO DE TORREVIEJA;Torrevieja;ALICANTE;748;TERCIARIO DE TORREVIEJA;TERCIARIO DE TORREVIEJA;320;Comunidad Valenciana
CA0748001;03/09/2019;HCB;Hexaclorobenceno (HCB, Perclorobenceno);µg/L;0;< 0,00250;705332;4207772;70042;TERCIARIO DE TORREVIEJA;Torrevieja;ALICANTE;748;TERCIARIO DE TORREVIEJA;TERCIARIO DE TORREVIEJA;320;Comunidad Valenciana
CA0748001;03/09/2019;HCHALFA;ALFA-HCH;µg/L;0;< 0,00005;705332;4207772;70042;TERCIARIO DE TORREVIEJA;Torrevieja;ALICANTE;748;TERCIARIO DE TORREVIEJA;TERCIARIO DE TORREVIEJA;320;Comunidad Valenciana
CA0748001;03/09/2019;HCHBETA;BETA-HCH;µg/L;0;< 0,00015;705332;4207772;70042;TERCIARIO DE TORREVIEJA;Torrevieja;ALICANTE;748;TERCIARIO DE TORREVIEJA;TERCIARIO DE TORREVIEJA;320;Comunidad Valenciana
CA0748001;03/09/2019;HCHDELTA;DELTA-HCH;µg/L;0;< 0,00015;705332;4207772;70042;TERCIARIO DE TORREVIEJA;Torrevieja;ALICANTE;748;TERCIARIO DE TORREVIEJA;TERCIARIO DE TORREVIEJA;320;Comunidad Valenciana
CA0748001;03/09/2019;HEPTACL;Heptacloro;µg/L;0;< 0,00025;705332;4207772;70042;TERCIARIO DE TORREVIEJA;Torrevieja;ALICANTE;748;TERCIARIO DE TORREVIEJA;TERCIARIO DE TORREVIEJA;320;Comunidad Valenciana
CA0748001;03/09/2019;HEPTACLEPO;EPOXIDO DE HEPTACLORO;µg/L;0;< 0,00005;705332;4207772;70042;TERCIARIO DE TORREVIEJA;Torrevieja;ALICANTE;748;TERCIARIO DE TORREVIEJA;TERCIARIO DE TORREVIEJA;320;Comunidad Valenciana
CA0748001;03/09/2019;HG;MERCURIO;µg/L Hg;0;< 0,045;705332;4207772;70042;TERCIARIO DE TORREVIEJA;Torrevieja;ALICANTE;748;TERCIARIO DE TORREVIEJA;TERCIARIO DE TORREVIEJA;320;Comunidad Valenciana
CA0748001;03/09/2019;ISODRIN;Isodrin;µg/L;0;< 0,00010;705332;4207772;70042;TERCIARIO DE TORREVIEJA;Torrevieja;ALICANTE;748;TERCIARIO DE TORREVIEJA;TERCIARIO DE TORREVIEJA;320;Comunidad Valenciana
CA0748001;03/09/2019;ISOPROTURON;Isoproturón;µg/L;0;< 0,050;705332;4207772;70042;TERCIARIO DE TORREVIEJA;Torrevieja;ALICANTE;748;TERCIARIO DE TORREVIEJA;TERCIARIO DE TORREVIEJA;320;Comunidad Valenciana
CA0748001;03/09/2019;K;POTASIO;mg/L K;150;15;705332;4207772;70042;TERCIARIO DE TORREVIEJA;Torrevieja;ALICANTE;748;TERCIARIO DE TORREVIEJA;TERCIARIO DE TORREVIEJA;320;Comunidad Valenciana
CA0748001;03/09/2019;LIND;GAMMA-HCH (LINDANO);µg/L;0;< 0,00025;705332;4207772;70042;TERCIARIO DE TORREVIEJA;Torrevieja;ALICANTE;748;TERCIARIO DE TORREVIEJA;TERCIARIO DE TORREVIEJA;320;Comunidad Valenciana
CA0748001;03/09/2019;METOLACLORO;Metolacloro;µg/L;0;< 0,01000;705332;4207772;70042;TERCIARIO DE TORREVIEJA;Torrevieja;ALICANTE;748;TERCIARIO DE TORREVIEJA;TERCIARIO DE TORREVIEJA;320;Comunidad Valenciana
CA0748001;03/09/2019;METOXICLORO;Metoxicloro;µg/L;0;< 0,00025;705332;4207772;70042;TERCIARIO DE TORREVIEJA;Torrevieja;ALICANTE;748;TERCIARIO DE TORREVIEJA;TERCIARIO DE TORREVIEJA;320;Comunidad Valenciana
CA0748001;03/09/2019;METRIBUZINA;METRIBUZINA;µg/L;0;< 0,050;705332;4207772;70042;TERCIARIO DE TORREVIEJA;Torrevieja;ALICANTE;748;TERCIARIO DE TORREVIEJA;TERCIARIO DE TORREVIEJA;320;Comunidad Valenciana
CA0748001;03/09/2019;MG;MAGNESIO;mg/L Mg;320;32;705332;4207772;70042;TERCIARIO DE TORREVIEJA;Torrevieja;ALICANTE;748;TERCIARIO DE TORREVIEJA;TERCIARIO DE TORREVIEJA;320;Comunidad Valenciana
CA0748001;03/09/2019;MN;MANGANESO;µg/L Mn;0;< 5,0;705332;4207772;70042;TERCIARIO DE TORREVIEJA;Torrevieja;ALICANTE;748;TERCIARIO DE TORREVIEJA;TERCIARIO DE TORREVIEJA;320;Comunidad Valenciana
CA0748001;03/09/2019;;SODIO;mg/L Na;2990;> 200 (299)*;705332;4207772;70042;TERCIARIO DE TORREVIEJA;Torrevieja;ALICANTE;748;TERCIARIO DE TORREVIEJA;TERCIARIO DE TORREVIEJA;320;Comunidad Valenciana
CA0748001;03/09/2019;NH4;AMONIO;mg/L NH4;0;< 0,10;705332;4207772;70042;TERCIARIO DE TORREVIEJA;Torrevieja;ALICANTE;748;TERCIARIO DE TORREVIEJA;TERCIARIO DE TORREVIEJA;320;Comunidad Valenciana
CA0748001;03/09/2019;NI;NIQUEL;µg/L Ni;0;< 0,80;705332;4207772;70042;TERCIARIO DE TORREVIEJA;Torrevieja;ALICANTE;748;TERCIARIO DE TORREVIEJA;TERCIARIO DE TORREVIEJA;320;Comunidad Valenciana
CA0748001;03/09/2019;NO2;Nitritos;mg/L NO2;66;0,66;705332;4207772;70042;TERCIARIO DE TORREVIEJA;Torrevieja;ALICANTE;748;TERCIARIO DE TORREVIEJA;TERCIARIO DE TORREVIEJA;320;Comunidad Valenciana
CA0748001;03/09/2019;NO3;Nitratos;mg/L NO3;440;44;705332;4207772;70042;TERCIARIO DE TORREVIEJA;Torrevieja;ALICANTE;748;TERCIARIO DE TORREVIEJA;TERCIARIO DE TORREVIEJA;320;Comunidad Valenciana
CA0748001;03/09/2019;NTOTAL;Nitrógeno total;mg/L N;91;9,1;705332;4207772;70042;TERCIARIO DE TORREVIEJA;Torrevieja;ALICANTE;748;TERCIARIO DE TORREVIEJA;TERCIARIO DE TORREVIEJA;320;Comunidad Valenciana
CA0748001;03/09/2019;O2 DTO;Oxigeno disuelto de campo (medida in situ);mg/L O2;69;6,9;705332;4207772;70042;TERCIARIO DE TORREVIEJA;Torrevieja;ALICANTE;748;TERCIARIO DE TORREVIEJA;TERCIARIO DE TORREVIEJA;320;Comunidad Valenciana
CA0748001;03/09/2019;PB;PLOMO;µg/L Pb;0;< 0,30;705332;4207772;70042;TERCIARIO DE TORREVIEJA;Torrevieja;ALICANTE;748;TERCIARIO DE TORREVIEJA;TERCIARIO DE TORREVIEJA;320;Comunidad Valenciana
CA0748001;03/09/2019;PHSITU;pH de campo (medida in situ);udpH;82;8,2 (24,2ºC);705332;4207772;70042;TERCIARIO DE TORREVIEJA;Torrevieja;ALICANTE;748;TERCIARIO DE TORREVIEJA;TERCIARIO DE TORREVIEJA;320;Comunidad Valenciana
CA0748001;03/09/2019;PLAGUT;Plaguicidas Totales (OCPs + OPPs);µg/L;0;0;705332;4207772;70042;TERCIARIO DE TORREVIEJA;Torrevieja;ALICANTE;748;TERCIARIO DE TORREVIEJA;TERCIARIO DE TORREVIEJA;320;Comunidad Valenciana
CA0748001;03/09/2019;PO4;Fosfatos;mg/L PO4;48;0,048;705332;4207772;70042;TERCIARIO DE TORREVIEJA;Torrevieja;ALICANTE;748;TERCIARIO DE TORREVIEJA;TERCIARIO DE TORREVIEJA;320;Comunidad Valenciana
CA0748001;03/09/2019;PTOTAL;FOSFORO TOTAL;mg/L P;71;0,071;705332;4207772;70042;TERCIARIO DE TORREVIEJA;Torrevieja;ALICANTE;748;TERCIARIO DE TORREVIEJA;TERCIARIO DE TORREVIEJA;320;Comunidad Valenciana
CA0748001;03/09/2019;QUI;Quinoxifeno;µg/L;0;< 0,00200;705332;4207772;70042;TERCIARIO DE TORREVIEJA;Torrevieja;ALICANTE;748;TERCIARIO DE TORREVIEJA;TERCIARIO DE TORREVIEJA;320;Comunidad Valenciana
CA0748001;03/09/2019;SATINSI;Porcentaje de saturación de oxígeno disuelto de campo (medido in situ);% O2;835;83,5;705332;4207772;70042;TERCIARIO DE TORREVIEJA;Torrevieja;ALICANTE;748;TERCIARIO DE TORREVIEJA;TERCIARIO DE TORREVIEJA;320;Comunidad Valenciana
CA0748001;03/09/2019;S-DDD-DDT;Suma p,p´-DDD + o,p´-DDT;µg/L;0;< 0,00050;705332;4207772;70042;TERCIARIO DE TORREVIEJA;Torrevieja;ALICANTE;748;TERCIARIO DE TORREVIEJA;TERCIARIO DE TORREVIEJA;320;Comunidad Valenciana
CA0748001;03/09/2019;SE;SELENIO;µg/L Se;175;1,75;705332;4207772;70042;TERCIARIO DE TORREVIEJA;Torrevieja;ALICANTE;748;TERCIARIO DE TORREVIEJA;TERCIARIO DE TORREVIEJA;320;Comunidad Valenciana
CA0748001;03/09/2019;SIMAZINA;Simazina;µg/L;0;< 0,050;705332;4207772;70042;TERCIARIO DE TORREVIEJA;Torrevieja;ALICANTE;748;TERCIARIO DE TORREVIEJA;TERCIARIO DE TORREVIEJA;320;Comunidad Valenciana
CA0748001;03/09/2019;SUMCIPER;CIPERMETRINA (SUMA ISOMEROS ALFA+BETA+TETA+ZETA);µg/L;0;< 0,00008;705332;4207772;70042;TERCIARIO DE TORREVIEJA;Torrevieja;ALICANTE;748;TERCIARIO DE TORREVIEJA;TERCIARIO DE TORREVIEJA;320;Comunidad Valenciana
CA0748001;03/09/2019;SUMDDT;DDT TOTAL (SUMA P,P'-DDT+O,P'-DDT+P,P'-DDE+P,P'-DDD);µg/L;0;< 0,00100;705332;4207772;70042;TERCIARIO DE TORREVIEJA;Torrevieja;ALICANTE;748;TERCIARIO DE TORREVIEJA;TERCIARIO DE TORREVIEJA;320;Comunidad Valenciana
CA0748001;03/09/2019;SUMHCH;HEXACLOROCICLOHEXANO (HCH) (SUMA ISOMEROS);µg/L;0;< 0,00060;705332;4207772;70042;TERCIARIO DE TORREVIEJA;Torrevieja;ALICANTE;748;TERCIARIO DE TORREVIEJA;TERCIARIO DE TORREVIEJA;320;Comunidad Valenciana
CA0748001;03/09/2019;SUO4;Sulfatos;mg/L SO4;1400;140;705332;4207772;70042;TERCIARIO DE TORREVIEJA;Torrevieja;ALICANTE;748;TERCIARIO DE TORREVIEJA;TERCIARIO DE TORREVIEJA;320;Comunidad Valenciana
CA0748001;03/09/2019;TAGUA;"TEMPERATURA ""IN SITU""";ºC;242;24,2;705332;4207772;70042;TERCIARIO DE TORREVIEJA;Torrevieja;ALICANTE;748;TERCIARIO DE TORREVIEJA;TERCIARIO DE TORREVIEJA;320;Comunidad Valenciana
CA0748001;03/09/2019;TERAZ;Terbutilazina;µg/L;0;< 0,050;705332;4207772;70042;TERCIARIO DE TORREVIEJA;Torrevieja;ALICANTE;748;TERCIARIO DE TORREVIEJA;TERCIARIO DE TORREVIEJA;320;Comunidad Valenciana
CA0748001;03/09/2019;TERBUTRINA;Terbutrina;µg/L;0;< 0,050;705332;4207772;70042;TERCIARIO DE TORREVIEJA;Torrevieja;ALICANTE;748;TERCIARIO DE TORREVIEJA;TERCIARIO DE TORREVIEJA;320;Comunidad Valenciana
CA0748001;03/09/2019;TRIAZO_2;TRIAZOFOS;µg/L;0;< 0,010;705332;4207772;70042;TERCIARIO DE TORREVIEJA;Torrevieja;ALICANTE;748;TERCIARIO DE TORREVIEJA;TERCIARIO DE TORREVIEJA;320;Comunidad Valenciana
CA0748001;03/09/2019;TRIFLURALINA;Trifluralina;µg/L;0;< 0,006;705332;4207772;70042;TERCIARIO DE TORREVIEJA;Torrevieja;ALICANTE;748;TERCIARIO DE TORREVIEJA;TERCIARIO DE TORREVIEJA;320;Comunidad Valenciana
CA0748001;03/09/2019;ZN;ZINC;µg/l Zn;0;< 8,0;705332;4207772;70042;TERCIARIO DE TORREVIEJA;Torrevieja;ALICANTE;748;TERCIARIO DE TORREVIEJA;TERCIARIO DE TORREVIEJA;320;Comunidad Valenciana
CA0748001;14/11/2019;ACLONIFE;ACLONIFENO;µg/L;0;< 0,00200;705332;4207772;70042;TERCIARIO DE TORREVIEJA;Torrevieja;ALICANTE;748;TERCIARIO DE TORREVIEJA;TERCIARIO DE TORREVIEJA;320;Comunidad Valenciana
CA0748001;14/11/2019;ALACLORO;ALACLORO;µg/L;0;< 0,01000;705332;4207772;70042;TERCIARIO DE TORREVIEJA;Torrevieja;ALICANTE;748;TERCIARIO DE TORREVIEJA;TERCIARIO DE TORREVIEJA;320;Comunidad Valenciana
CA0748001;14/11/2019;ALDRIN;ALDRINA;µg/L;0;< 0,00025;705332;4207772;70042;TERCIARIO DE TORREVIEJA;Torrevieja;ALICANTE;748;TERCIARIO DE TORREVIEJA;TERCIARIO DE TORREVIEJA;320;Comunidad Valenciana
CA0748001;14/11/2019;AS;ARSENICO;µg/L As;0;< 5,0;705332;4207772;70042;TERCIARIO DE TORREVIEJA;Torrevieja;ALICANTE;748;TERCIARIO DE TORREVIEJA;TERCIARIO DE TORREVIEJA;320;Comunidad Valenciana
CA0748001;14/11/2019;ATRAZINA;ATRAZINA;µg/L;0;< 0,010;705332;4207772;70042;TERCIARIO DE TORREVIEJA;Torrevieja;ALICANTE;748;TERCIARIO DE TORREVIEJA;TERCIARIO DE TORREVIEJA;320;Comunidad Valenciana
CA0748001;14/11/2019;B;BORO;µg/L B;3600;360;705332;4207772;70042;TERCIARIO DE TORREVIEJA;Torrevieja;ALICANTE;748;TERCIARIO DE TORREVIEJA;TERCIARIO DE TORREVIEJA;320;Comunidad Valenciana
CA0748001;14/11/2019;BICARB;BICARBONATOS;mg/L HCO3-;1980;198;705332;4207772;70042;TERCIARIO DE TORREVIEJA;Torrevieja;ALICANTE;748;TERCIARIO DE TORREVIEJA;TERCIARIO DE TORREVIEJA;320;Comunidad Valenciana
CA0748001;14/11/2019;BIFEN;BIFENOX;µg/L;0;< 0,00200;705332;4207772;70042;TERCIARIO DE TORREVIEJA;Torrevieja;ALICANTE;748;TERCIARIO DE TORREVIEJA;TERCIARIO DE TORREVIEJA;320;Comunidad Valenciana
CA0748001;14/11/2019;BRFOSETIL;BROMOFOS ETIL;µg/L;0;< 0,0100;705332;4207772;70042;TERCIARIO DE TORREVIEJA;Torrevieja;ALICANTE;748;TERCIARIO DE TORREVIEJA;TERCIARIO DE TORREVIEJA;320;Comunidad Valenciana
CA0748001;14/11/2019;CA;CALCIO;mg/L Ca;510;51;705332;4207772;70042;TERCIARIO DE TORREVIEJA;Torrevieja;ALICANTE;748;TERCIARIO DE TORREVIEJA;TERCIARIO DE TORREVIEJA;320;Comunidad Valenciana
CA0748001;14/11/2019;CD;CADMIO;µg/L Cd;0;< 0,02;705332;4207772;70042;TERCIARIO DE TORREVIEJA;Torrevieja;ALICANTE;748;TERCIARIO DE TORREVIEJA;TERCIARIO DE TORREVIEJA;320;Comunidad Valenciana
CA0748001;14/11/2019;CIB;CIBUTRINA;µg/L;0;< 0,002;705332;4207772;70042;TERCIARIO DE TORREVIEJA;Torrevieja;ALICANTE;748;TERCIARIO DE TORREVIEJA;TERCIARIO DE TORREVIEJA;320;Comunidad Valenciana
CA0748001;14/11/2019;CL;Cloruros;mg/L Cl;4320;432;705332;4207772;70042;TERCIARIO DE TORREVIEJA;Torrevieja;ALICANTE;748;TERCIARIO DE TORREVIEJA;TERCIARIO DE TORREVIEJA;320;Comunidad Valenciana
CA0748001;14/11/2019;CLORDANOCIS;CIS-CLORDANO;µg/L;0;< 0,00025;705332;4207772;70042;TERCIARIO DE TORREVIEJA;Torrevieja;ALICANTE;748;TERCIARIO DE TORREVIEJA;TERCIARIO DE TORREVIEJA;320;Comunidad Valenciana
CA0748001;14/11/2019;CLORDANOTR;TRANS-CLORDANO;µg/L;0;< 0,00025;705332;4207772;70042;TERCIARIO DE TORREVIEJA;Torrevieja;ALICANTE;748;TERCIARIO DE TORREVIEJA;TERCIARIO DE TORREVIEJA;320;Comunidad Valenciana
CA0748001;14/11/2019;CLOROFENVINFOS;Clorfenvinfos;µg/L;0;< 0,0100;705332;4207772;70042;TERCIARIO DE TORREVIEJA;Torrevieja;ALICANTE;748;TERCIARIO DE TORREVIEJA;TERCIARIO DE TORREVIEJA;320;Comunidad Valenciana
CA0748001;14/11/2019;CLOROPIRIFOS;Clorpirifos;µg/L;0;< 0,0100;705332;4207772;70042;TERCIARIO DE TORREVIEJA;Torrevieja;ALICANTE;748;TERCIARIO DE TORREVIEJA;TERCIARIO DE TORREVIEJA;320;Comunidad Valenciana
CA0748001;14/11/2019;CLORPIRIPME;CLOROPIRIFOS-METIL;µg/L;0;< 0,0100;705332;4207772;70042;TERCIARIO DE TORREVIEJA;Torrevieja;ALICANTE;748;TERCIARIO DE TORREVIEJA;TERCIARIO DE TORREVIEJA;320;Comunidad Valenciana
CA0748001;14/11/2019;COND20SITU;Conductividad de campo (medida in situ);µS/cm;17890;1789;705332;4207772;70042;TERCIARIO DE TORREVIEJA;Torrevieja;ALICANTE;748;TERCIARIO DE TORREVIEJA;TERCIARIO DE TORREVIEJA;320;Comunidad Valenciana
CA0748001;14/11/2019;CR;CROMO;µg/L Cr;0;< 5,0;705332;4207772;70042;TERCIARIO DE TORREVIEJA;Torrevieja;ALICANTE;748;TERCIARIO DE TORREVIEJA;TERCIARIO DE TORREVIEJA;320;Comunidad Valenciana
CA0748001;14/11/2019;CU;COBRE;µg/L Cu;13;1,3;705332;4207772;70042;TERCIARIO DE TORREVIEJA;Torrevieja;ALICANTE;748;TERCIARIO DE TORREVIEJA;TERCIARIO DE TORREVIEJA;320;Comunidad Valenciana
CA0748001;14/11/2019;DCV;DICLORVOS;µg/L;0;< 0,0020;705332;4207772;70042;TERCIARIO DE TORREVIEJA;Torrevieja;ALICANTE;748;TERCIARIO DE TORREVIEJA;TERCIARIO DE TORREVIEJA;320;Comunidad Valenciana
CA0748001;14/11/2019;DDDPP;P,P'-DDD;µg/L;0;< 0,00050;705332;4207772;70042;TERCIARIO DE TORREVIEJA;Torrevieja;ALICANTE;748;TERCIARIO DE TORREVIEJA;TERCIARIO DE TORREVIEJA;320;Comunidad Valenciana
CA0748001;14/11/2019;DDEPP;P,P'-DDE;µg/L;0;< 0,00025;705332;4207772;70042;TERCIARIO DE TORREVIEJA;Torrevieja;ALICANTE;748;TERCIARIO DE TORREVIEJA;TERCIARIO DE TORREVIEJA;320;Comunidad Valenciana
CA0748001;14/11/2019;DDTOP;O,P'-DDT;µg/L;0;< 0,00050;705332;4207772;70042;TERCIARIO DE TORREVIEJA;Torrevieja;ALICANTE;748;TERCIARIO DE TORREVIEJA;TERCIARIO DE TORREVIEJA;320;Comunidad Valenciana
CA0748001;14/11/2019;DDTPP;P,P'-DDT;µg/L;0;< 0,00025;705332;4207772;70042;TERCIARIO DE TORREVIEJA;Torrevieja;ALICANTE;748;TERCIARIO DE TORREVIEJA;TERCIARIO DE TORREVIEJA;320;Comunidad Valenciana
CA0748001;14/11/2019;DIAZINON;DIAZINON;µg/L;0;< 0,0100;705332;4207772;70042;TERCIARIO DE TORREVIEJA;Torrevieja;ALICANTE;748;TERCIARIO DE TORREVIEJA;TERCIARIO DE TORREVIEJA;320;Comunidad Valenciana
CA0748001;14/11/2019;DICOFOL;DICOFOL (P,P'-DICOFOL);µg/L;0;< 0,00200;705332;4207772;70042;TERCIARIO DE TORREVIEJA;Torrevieja;ALICANTE;748;TERCIARIO DE TORREVIEJA;TERCIARIO DE TORREVIEJA;320;Comunidad Valenciana
CA0748001;14/11/2019;DIELDRIN;Dieldrin;µg/L;0;< 0,00015;705332;4207772;70042;TERCIARIO DE TORREVIEJA;Torrevieja;ALICANTE;748;TERCIARIO DE TORREVIEJA;TERCIARIO DE TORREVIEJA;320;Comunidad Valenciana
CA0748001;14/11/2019;DIURON;DIURON;µg/L;0;< 0,050;705332;4207772;70042;TERCIARIO DE TORREVIEJA;Torrevieja;ALICANTE;748;TERCIARIO DE TORREVIEJA;TERCIARIO DE TORREVIEJA;320;Comunidad Valenciana
CA0748001;14/11/2019;DQO;DQO o Demanda Química de Oxígeno;mg/L O2;0;< 15;705332;4207772;70042;TERCIARIO DE TORREVIEJA;Torrevieja;ALICANTE;748;TERCIARIO DE TORREVIEJA;TERCIARIO DE TORREVIEJA;320;Comunidad Valenciana
CA0748001;14/11/2019;ENDOS;ENDOSULFAN (SUMA ISOMEROS ALFA+BETA);µg/L;0;< 0,00025;705332;4207772;70042;TERCIARIO DE TORREVIEJA;Torrevieja;ALICANTE;748;TERCIARIO DE TORREVIEJA;TERCIARIO DE TORREVIEJA;320;Comunidad Valenciana
CA0748001;14/11/2019;ENDOSULFAN;ALFA-ENDOSULFAN;µg/L;0;< 0,00025;705332;4207772;70042;TERCIARIO DE TORREVIEJA;Torrevieja;ALICANTE;748;TERCIARIO DE TORREVIEJA;TERCIARIO DE TORREVIEJA;320;Comunidad Valenciana
CA0748001;14/11/2019;ENDOSULFAN-BETA;BETA-ENDOSULFAN;µg/L;0;< 0,00150;705332;4207772;70042;TERCIARIO DE TORREVIEJA;Torrevieja;ALICANTE;748;TERCIARIO DE TORREVIEJA;TERCIARIO DE TORREVIEJA;320;Comunidad Valenciana
CA0748001;14/11/2019;ENDRIN;ENDRINA;µg/L;0;< 0,00150;705332;4207772;70042;TERCIARIO DE TORREVIEJA;Torrevieja;ALICANTE;748;TERCIARIO DE TORREVIEJA;TERCIARIO DE TORREVIEJA;320;Comunidad Valenciana
CA0748001;14/11/2019;ENDRINCE;Endrin cetona;µg/L;0;< 0,00025;705332;4207772;70042;TERCIARIO DE TORREVIEJA;Torrevieja;ALICANTE;748;TERCIARIO DE TORREVIEJA;TERCIARIO DE TORREVIEJA;320;Comunidad Valenciana
CA0748001;14/11/2019;ETPARATION;Paration (paration etilo);µg/L;0;< 0,0100;705332;4207772;70042;TERCIARIO DE TORREVIEJA;Torrevieja;ALICANTE;748;TERCIARIO DE TORREVIEJA;TERCIARIO DE TORREVIEJA;320;Comunidad Valenciana
CA0748001;14/11/2019;FE;HIERRO;µg/L;0;< 50;705332;4207772;70042;TERCIARIO DE TORREVIEJA;Torrevieja;ALICANTE;748;TERCIARIO DE TORREVIEJA;TERCIARIO DE TORREVIEJA;320;Comunidad Valenciana
CA0748001;14/11/2019;FENCLORFOS;FENCLORFOS;µg/L;0;< 0,0100;705332;4207772;70042;TERCIARIO DE TORREVIEJA;Torrevieja;ALICANTE;748;TERCIARIO DE TORREVIEJA;TERCIARIO DE TORREVIEJA;320;Comunidad Valenciana
CA0748001;14/11/2019;FONO;FONOFOS;µg/L;0;< 0,0100;705332;4207772;70042;TERCIARIO DE TORREVIEJA;Torrevieja;ALICANTE;748;TERCIARIO DE TORREVIEJA;TERCIARIO DE TORREVIEJA;320;Comunidad Valenciana
CA0748001;14/11/2019;HCB;Hexaclorobenceno (HCB, Perclorobenceno);µg/L;0;< 0,00250;705332;4207772;70042;TERCIARIO DE TORREVIEJA;Torrevieja;ALICANTE;748;TERCIARIO DE TORREVIEJA;TERCIARIO DE TORREVIEJA;320;Comunidad Valenciana
CA0748001;14/11/2019;HCHALFA;ALFA-HCH;µg/L;0;< 0,00005;705332;4207772;70042;TERCIARIO DE TORREVIEJA;Torrevieja;ALICANTE;748;TERCIARIO DE TORREVIEJA;TERCIARIO DE TORREVIEJA;320;Comunidad Valenciana
CA0748001;14/11/2019;HCHBETA;BETA-HCH;µg/L;0;< 0,00015;705332;4207772;70042;TERCIARIO DE TORREVIEJA;Torrevieja;ALICANTE;748;TERCIARIO DE TORREVIEJA;TERCIARIO DE TORREVIEJA;320;Comunidad Valenciana
CA0748001;14/11/2019;HCHDELTA;DELTA-HCH;µg/L;0;< 0,00015;705332;4207772;70042;TERCIARIO DE TORREVIEJA;Torrevieja;ALICANTE;748;TERCIARIO DE TORREVIEJA;TERCIARIO DE TORREVIEJA;320;Comunidad Valenciana
CA0748001;14/11/2019;HEPTACL;Heptacloro;µg/L;0;< 0,00025;705332;4207772;70042;TERCIARIO DE TORREVIEJA;Torrevieja;ALICANTE;748;TERCIARIO DE TORREVIEJA;TERCIARIO DE TORREVIEJA;320;Comunidad Valenciana
CA0748001;14/11/2019;HEPTACLEPO;EPOXIDO DE HEPTACLORO;µg/L;0;< 0,00005;705332;4207772;70042;TERCIARIO DE TORREVIEJA;Torrevieja;ALICANTE;748;TERCIARIO DE TORREVIEJA;TERCIARIO DE TORREVIEJA;320;Comunidad Valenciana
CA0748001;14/11/2019;HG;MERCURIO;µg/L Hg;0;< 0,045;705332;4207772;70042;TERCIARIO DE TORREVIEJA;Torrevieja;ALICANTE;748;TERCIARIO DE TORREVIEJA;TERCIARIO DE TORREVIEJA;320;Comunidad Valenciana
CA0748001;14/11/2019;ISODRIN;Isodrin;µg/L;0;< 0,00010;705332;4207772;70042;TERCIARIO DE TORREVIEJA;Torrevieja;ALICANTE;748;TERCIARIO DE TORREVIEJA;TERCIARIO DE TORREVIEJA;320;Comunidad Valenciana
CA0748001;14/11/2019;ISOPROTURON;Isoproturón;µg/L;0;< 0,050;705332;4207772;70042;TERCIARIO DE TORREVIEJA;Torrevieja;ALICANTE;748;TERCIARIO DE TORREVIEJA;TERCIARIO DE TORREVIEJA;320;Comunidad Valenciana
CA0748001;14/11/2019;K;POTASIO;mg/L K;130;13;705332;4207772;70042;TERCIARIO DE TORREVIEJA;Torrevieja;ALICANTE;748;TERCIARIO DE TORREVIEJA;TERCIARIO DE TORREVIEJA;320;Comunidad Valenciana
CA0748001;14/11/2019;LIND;GAMMA-HCH (LINDANO);µg/L;0;< 0,00025;705332;4207772;70042;TERCIARIO DE TORREVIEJA;Torrevieja;ALICANTE;748;TERCIARIO DE TORREVIEJA;TERCIARIO DE TORREVIEJA;320;Comunidad Valenciana
CA0748001;14/11/2019;METOLACLORO;Metolacloro;µg/L;0;< 0,01000;705332;4207772;70042;TERCIARIO DE TORREVIEJA;Torrevieja;ALICANTE;748;TERCIARIO DE TORREVIEJA;TERCIARIO DE TORREVIEJA;320;Comunidad Valenciana
CA0748001;14/11/2019;METOXICLORO;Metoxicloro;µg/L;0;< 0,00025;705332;4207772;70042;TERCIARIO DE TORREVIEJA;Torrevieja;ALICANTE;748;TERCIARIO DE TORREVIEJA;TERCIARIO DE TORREVIEJA;320;Comunidad Valenciana
CA0748001;14/11/2019;METRIBUZINA;METRIBUZINA;µg/L;0;< 0,050;705332;4207772;70042;TERCIARIO DE TORREVIEJA;Torrevieja;ALICANTE;748;TERCIARIO DE TORREVIEJA;TERCIARIO DE TORREVIEJA;320;Comunidad Valenciana
CA0748001;14/11/2019;MG;MAGNESIO;mg/L Mg;250;25;705332;4207772;70042;TERCIARIO DE TORREVIEJA;Torrevieja;ALICANTE;748;TERCIARIO DE TORREVIEJA;TERCIARIO DE TORREVIEJA;320;Comunidad Valenciana
CA0748001;14/11/2019;MN;MANGANESO;µg/L Mn;0;< 5,0;705332;4207772;70042;TERCIARIO DE TORREVIEJA;Torrevieja;ALICANTE;748;TERCIARIO DE TORREVIEJA;TERCIARIO DE TORREVIEJA;320;Comunidad Valenciana
CA0748001;14/11/2019;;SODIO;mg/L Na;2260;> 200 (226)*;705332;4207772;70042;TERCIARIO DE TORREVIEJA;Torrevieja;ALICANTE;748;TERCIARIO DE TORREVIEJA;TERCIARIO DE TORREVIEJA;320;Comunidad Valenciana
CA0748001;14/11/2019;NH4;AMONIO;mg/L NH4;1;0,1;705332;4207772;70042;TERCIARIO DE TORREVIEJA;Torrevieja;ALICANTE;748;TERCIARIO DE TORREVIEJA;TERCIARIO DE TORREVIEJA;320;Comunidad Valenciana
CA0748001;14/11/2019;NI;NIQUEL;µg/L Ni;0;< 0,80;705332;4207772;70042;TERCIARIO DE TORREVIEJA;Torrevieja;ALICANTE;748;TERCIARIO DE TORREVIEJA;TERCIARIO DE TORREVIEJA;320;Comunidad Valenciana
CA0748001;14/11/2019;NO2;Nitritos;mg/L NO2;46;0,046;705332;4207772;70042;TERCIARIO DE TORREVIEJA;Torrevieja;ALICANTE;748;TERCIARIO DE TORREVIEJA;TERCIARIO DE TORREVIEJA;320;Comunidad Valenciana
CA0748001;14/11/2019;NO3;Nitratos;mg/L NO3;470;47;705332;4207772;70042;TERCIARIO DE TORREVIEJA;Torrevieja;ALICANTE;748;TERCIARIO DE TORREVIEJA;TERCIARIO DE TORREVIEJA;320;Comunidad Valenciana
CA0748001;14/11/2019;NTOTAL;Nitrógeno total;mg/L N;90;9;705332;4207772;70042;TERCIARIO DE TORREVIEJA;Torrevieja;ALICANTE;748;TERCIARIO DE TORREVIEJA;TERCIARIO DE TORREVIEJA;320;Comunidad Valenciana
CA0748001;14/11/2019;O2 DTO;Oxigeno disuelto de campo (medida in situ);mg/L O2;902;9,02;705332;4207772;70042;TERCIARIO DE TORREVIEJA;Torrevieja;ALICANTE;748;TERCIARIO DE TORREVIEJA;TERCIARIO DE TORREVIEJA;320;Comunidad Valenciana
CA0748001;14/11/2019;PB;PLOMO;µg/L Pb;0;< 0,30;705332;4207772;70042;TERCIARIO DE TORREVIEJA;Torrevieja;ALICANTE;748;TERCIARIO DE TORREVIEJA;TERCIARIO DE TORREVIEJA;320;Comunidad Valenciana
CA0748001;14/11/2019;PHSITU;pH de campo (medida in situ);udpH;80;8,0 (18,9ºC);705332;4207772;70042;TERCIARIO DE TORREVIEJA;Torrevieja;ALICANTE;748;TERCIARIO DE TORREVIEJA;TERCIARIO DE TORREVIEJA;320;Comunidad Valenciana
CA0748001;14/11/2019;PLAGUT;Plaguicidas Totales (OCPs + OPPs);µg/L;0;0;705332;4207772;70042;TERCIARIO DE TORREVIEJA;Torrevieja;ALICANTE;748;TERCIARIO DE TORREVIEJA;TERCIARIO DE TORREVIEJA;320;Comunidad Valenciana
CA0748001;14/11/2019;PO4;Fosfatos;mg/L PO4;0;< 0,040;705332;4207772;70042;TERCIARIO DE TORREVIEJA;Torrevieja;ALICANTE;748;TERCIARIO DE TORREVIEJA;TERCIARIO DE TORREVIEJA;320;Comunidad Valenciana
CA0748001;14/11/2019;PTOTAL;FOSFORO TOTAL;mg/L P;0;< 0,050;705332;4207772;70042;TERCIARIO DE TORREVIEJA;Torrevieja;ALICANTE;748;TERCIARIO DE TORREVIEJA;TERCIARIO DE TORREVIEJA;320;Comunidad Valenciana
CA0748001;14/11/2019;QUI;Quinoxifeno;µg/L;0;< 0,00200;705332;4207772;70042;TERCIARIO DE TORREVIEJA;Torrevieja;ALICANTE;748;TERCIARIO DE TORREVIEJA;TERCIARIO DE TORREVIEJA;320;Comunidad Valenciana
CA0748001;14/11/2019;SATINSI;Porcentaje de saturación de oxígeno disuelto de campo (medido in situ);% O2;946;94,6;705332;4207772;70042;TERCIARIO DE TORREVIEJA;Torrevieja;ALICANTE;748;TERCIARIO DE TORREVIEJA;TERCIARIO DE TORREVIEJA;320;Comunidad Valenciana
CA0748001;14/11/2019;S-DDD-DDT;Suma p,p´-DDD + o,p´-DDT;µg/L;0;< 0,00050;705332;4207772;70042;TERCIARIO DE TORREVIEJA;Torrevieja;ALICANTE;748;TERCIARIO DE TORREVIEJA;TERCIARIO DE TORREVIEJA;320;Comunidad Valenciana
CA0748001;14/11/2019;SE;SELENIO;µg/L Se;17;1,7;705332;4207772;70042;TERCIARIO DE TORREVIEJA;Torrevieja;ALICANTE;748;TERCIARIO DE TORREVIEJA;TERCIARIO DE TORREVIEJA;320;Comunidad Valenciana
CA0748001;14/11/2019;SIMAZINA;Simazina;µg/L;0;< 0,050;705332;4207772;70042;TERCIARIO DE TORREVIEJA;Torrevieja;ALICANTE;748;TERCIARIO DE TORREVIEJA;TERCIARIO DE TORREVIEJA;320;Comunidad Valenciana
CA0748001;14/11/2019;SUMCIPER;CIPERMETRINA (SUMA ISOMEROS ALFA+BETA+TETA+ZETA);µg/L;0;< 0,00008;705332;4207772;70042;TERCIARIO DE TORREVIEJA;Torrevieja;ALICANTE;748;TERCIARIO DE TORREVIEJA;TERCIARIO DE TORREVIEJA;320;Comunidad Valenciana
CA0748001;14/11/2019;SUMDDT;DDT TOTAL (SUMA P,P'-DDT+O,P'-DDT+P,P'-DDE+P,P'-DDD);µg/L;0;< 0,00100;705332;4207772;70042;TERCIARIO DE TORREVIEJA;Torrevieja;ALICANTE;748;TERCIARIO DE TORREVIEJA;TERCIARIO DE TORREVIEJA;320;Comunidad Valenciana
CA0748001;14/11/2019;SUMHCH;HEXACLOROCICLOHEXANO (HCH) (SUMA ISOMEROS);µg/L;0;< 0,00060;705332;4207772;70042;TERCIARIO DE TORREVIEJA;Torrevieja;ALICANTE;748;TERCIARIO DE TORREVIEJA;TERCIARIO DE TORREVIEJA;320;Comunidad Valenciana
CA0748001;14/11/2019;SUO4;Sulfatos;mg/L SO4;1050;105;705332;4207772;70042;TERCIARIO DE TORREVIEJA;Torrevieja;ALICANTE;748;TERCIARIO DE TORREVIEJA;TERCIARIO DE TORREVIEJA;320;Comunidad Valenciana
CA0748001;14/11/2019;TAGUA;"TEMPERATURA ""IN SITU""";ºC;189;18,9;705332;4207772;70042;TERCIARIO DE TORREVIEJA;Torrevieja;ALICANTE;748;TERCIARIO DE TORREVIEJA;TERCIARIO DE TORREVIEJA;320;Comunidad Valenciana
CA0748001;14/11/2019;TERAZ;Terbutilazina;µg/L;0;< 0,050;705332;4207772;70042;TERCIARIO DE TORREVIEJA;Torrevieja;ALICANTE;748;TERCIARIO DE TORREVIEJA;TERCIARIO DE TORREVIEJA;320;Comunidad Valenciana
CA0748001;14/11/2019;TERBUTRINA;Terbutrina;µg/L;0;< 0,050;705332;4207772;70042;TERCIARIO DE TORREVIEJA;Torrevieja;ALICANTE;748;TERCIARIO DE TORREVIEJA;TERCIARIO DE TORREVIEJA;320;Comunidad Valenciana
CA0748001;14/11/2019;TRIAZO_2;TRIAZOFOS;µg/L;0;< 0,0100;705332;4207772;70042;TERCIARIO DE TORREVIEJA;Torrevieja;ALICANTE;748;TERCIARIO DE TORREVIEJA;TERCIARIO DE TORREVIEJA;320;Comunidad Valenciana
CA0748001;14/11/2019;TRIFLURALINA;Trifluralina;µg/L;0;< 0,0060;705332;4207772;70042;TERCIARIO DE TORREVIEJA;Torrevieja;ALICANTE;748;TERCIARIO DE TORREVIEJA;TERCIARIO DE TORREVIEJA;320;Comunidad Valenciana
CA0748001;14/11/2019;ZN;ZINC;µg/l Zn;130;13;705332;4207772;70042;TERCIARIO DE TORREVIEJA;Torrevieja;ALICANTE;748;TERCIARIO DE TORREVIEJA;TERCIARIO DE TORREVIEJA;320;Comunidad Valenciana
CA0748001;17/03/2020;12DIBR;1,2-DIBROMOETANO;µg/L;0;< 1,0;705332;4207772;70042;TERCIARIO DE TORREVIEJA;Torrevieja;ALICANTE;748;TERCIARIO DE TORREVIEJA;TERCIARIO DE TORREVIEJA;320;Comunidad Valenciana
CA0748001;17/03/2020;2BR2CLPRO;1,2-DIBROMO-3-CLOROPROPANO;µg/L;0;< 1,0;705332;4207772;70042;TERCIARIO DE TORREVIEJA;Torrevieja;ALICANTE;748;TERCIARIO DE TORREVIEJA;TERCIARIO DE TORREVIEJA;320;Comunidad Valenciana
CA0748001;17/03/2020;2CLETA;1,1-DICLOROETANO;µg/L;0;< 1,0;705332;4207772;70042;TERCIARIO DE TORREVIEJA;Torrevieja;ALICANTE;748;TERCIARIO DE TORREVIEJA;TERCIARIO DE TORREVIEJA;320;Comunidad Valenciana
CA0748001;17/03/2020;2CLETE;1,1-DICLOROETENO;µg/L;0;< 1,0;705332;4207772;70042;TERCIARIO DE TORREVIEJA;Torrevieja;ALICANTE;748;TERCIARIO DE TORREVIEJA;TERCIARIO DE TORREVIEJA;320;Comunidad Valenciana
CA0748001;17/03/2020;2CLETE2;1,2-DICLOROETENO;µg/L;0;< 2,0;705332;4207772;70042;TERCIARIO DE TORREVIEJA;Torrevieja;ALICANTE;748;TERCIARIO DE TORREVIEJA;TERCIARIO DE TORREVIEJA;320;Comunidad Valenciana
CA0748001;17/03/2020;2CLETEN;TRANS-1,2-DICLOROETENO;µg/L;0;< 1,0;705332;4207772;70042;TERCIARIO DE TORREVIEJA;Torrevieja;ALICANTE;748;TERCIARIO DE TORREVIEJA;TERCIARIO DE TORREVIEJA;320;Comunidad Valenciana
CA0748001;17/03/2020;2CLPRO;1,3-DICLOROPROPANO;µg/L;0;< 1,0;705332;4207772;70042;TERCIARIO DE TORREVIEJA;Torrevieja;ALICANTE;748;TERCIARIO DE TORREVIEJA;TERCIARIO DE TORREVIEJA;320;Comunidad Valenciana
CA0748001;17/03/2020;2CLPROCIS;CIS-1,3-DICLOROPROPENO;µg/L;0;< 1,0;705332;4207772;70042;TERCIARIO DE TORREVIEJA;Torrevieja;ALICANTE;748;TERCIARIO DE TORREVIEJA;TERCIARIO DE TORREVIEJA;320;Comunidad Valenciana
CA0748001;17/03/2020;2CLPROPA;1,2-DICLOROPROPANO;µg/L;0;< 1,0;705332;4207772;70042;TERCIARIO DE TORREVIEJA;Torrevieja;ALICANTE;748;TERCIARIO DE TORREVIEJA;TERCIARIO DE TORREVIEJA;320;Comunidad Valenciana
CA0748001;17/03/2020;2CLPROPA2;2,2-DICLOROPROPANO;µg/L;0;< 1,0;705332;4207772;70042;TERCIARIO DE TORREVIEJA;Torrevieja;ALICANTE;748;TERCIARIO DE TORREVIEJA;TERCIARIO DE TORREVIEJA;320;Comunidad Valenciana
CA0748001;17/03/2020;2CLPROPE;1,1-DICLOROPROPENO;µg/L;0;< 1,0;705332;4207772;70042;TERCIARIO DE TORREVIEJA;Torrevieja;ALICANTE;748;TERCIARIO DE TORREVIEJA;TERCIARIO DE TORREVIEJA;320;Comunidad Valenciana
CA0748001;17/03/2020;2CLPROPE2;TRANS-1,3-DICLOROPROPENO;µg/L;0;< 1,0;705332;4207772;70042;TERCIARIO DE TORREVIEJA;Torrevieja;ALICANTE;748;TERCIARIO DE TORREVIEJA;TERCIARIO DE TORREVIEJA;320;Comunidad Valenciana
CA0748001;17/03/2020;3CLETA;1,1,2-TRICLOROETANO;µg/L;0;< 1,0;705332;4207772;70042;TERCIARIO DE TORREVIEJA;Torrevieja;ALICANTE;748;TERCIARIO DE TORREVIEJA;TERCIARIO DE TORREVIEJA;320;Comunidad Valenciana
CA0748001;17/03/2020;3CLPRO;1,2,3-TRICLOROPROPANO;µg/L;0;< 1,0;705332;4207772;70042;TERCIARIO DE TORREVIEJA;Torrevieja;ALICANTE;748;TERCIARIO DE TORREVIEJA;TERCIARIO DE TORREVIEJA;320;Comunidad Valenciana
CA0748001;17/03/2020;4CLETA;1,1,1,2-TETRACLOROETANO;µg/L;0;< 1,0;705332;4207772;70042;TERCIARIO DE TORREVIEJA;Torrevieja;ALICANTE;748;TERCIARIO DE TORREVIEJA;TERCIARIO DE TORREVIEJA;320;Comunidad Valenciana
CA0748001;17/03/2020;4CLETA2;1,1,2,2-TETRACLOROETANO;µg/L;0;< 1,0;705332;4207772;70042;TERCIARIO DE TORREVIEJA;Torrevieja;ALICANTE;748;TERCIARIO DE TORREVIEJA;TERCIARIO DE TORREVIEJA;320;Comunidad Valenciana
CA0748001;17/03/2020;6CLET;HEXACLOROETANO;µg/L;0;< 1,0;705332;4207772;70042;TERCIARIO DE TORREVIEJA;Torrevieja;ALICANTE;748;TERCIARIO DE TORREVIEJA;TERCIARIO DE TORREVIEJA;320;Comunidad Valenciana
CA0748001;17/03/2020;ACLONIFE;ACLONIFENO;µg/L;0;< 0,00200;705332;4207772;70042;TERCIARIO DE TORREVIEJA;Torrevieja;ALICANTE;748;TERCIARIO DE TORREVIEJA;TERCIARIO DE TORREVIEJA;320;Comunidad Valenciana
CA0748001;17/03/2020;ALACLORO;ALACLORO;µg/L;0;< 0,01000;705332;4207772;70042;TERCIARIO DE TORREVIEJA;Torrevieja;ALICANTE;748;TERCIARIO DE TORREVIEJA;TERCIARIO DE TORREVIEJA;320;Comunidad Valenciana
CA0748001;17/03/2020;ALDRIN;ALDRINA;µg/L;0;< 0,00025;705332;4207772;70042;TERCIARIO DE TORREVIEJA;Torrevieja;ALICANTE;748;TERCIARIO DE TORREVIEJA;TERCIARIO DE TORREVIEJA;320;Comunidad Valenciana
CA0748001;17/03/2020;AS;ARSENICO;µg/L As;0;< 5,0;705332;4207772;70042;TERCIARIO DE TORREVIEJA;Torrevieja;ALICANTE;748;TERCIARIO DE TORREVIEJA;TERCIARIO DE TORREVIEJA;320;Comunidad Valenciana
CA0748001;17/03/2020;ATRAZINA;ATRAZINA;µg/L;0;< 0,010;705332;4207772;70042;TERCIARIO DE TORREVIEJA;Torrevieja;ALICANTE;748;TERCIARIO DE TORREVIEJA;TERCIARIO DE TORREVIEJA;320;Comunidad Valenciana
CA0748001;17/03/2020;B;BORO;µg/L B;14000;1400;705332;4207772;70042;TERCIARIO DE TORREVIEJA;Torrevieja;ALICANTE;748;TERCIARIO DE TORREVIEJA;TERCIARIO DE TORREVIEJA;320;Comunidad Valenciana
CA0748001;17/03/2020;BENCENO;BENCENO;µg/L;0;< 1,0;705332;4207772;70042;TERCIARIO DE TORREVIEJA;Torrevieja;ALICANTE;748;TERCIARIO DE TORREVIEJA;TERCIARIO DE TORREVIEJA;320;Comunidad Valenciana
CA0748001;17/03/2020;BICARB;BICARBONATOS;mg/L HCO3-;1990;199;705332;4207772;70042;TERCIARIO DE TORREVIEJA;Torrevieja;ALICANTE;748;TERCIARIO DE TORREVIEJA;TERCIARIO DE TORREVIEJA;320;Comunidad Valenciana
CA0748001;17/03/2020;BIFEN;BIFENOX;µg/L;0;< 0,00120;705332;4207772;70042;TERCIARIO DE TORREVIEJA;Torrevieja;ALICANTE;748;TERCIARIO DE TORREVIEJA;TERCIARIO DE TORREVIEJA;320;Comunidad Valenciana
CA0748001;17/03/2020;BRB;BROMOBENCENO;µg/L;0;< 1,0;705332;4207772;70042;TERCIARIO DE TORREVIEJA;Torrevieja;ALICANTE;748;TERCIARIO DE TORREVIEJA;TERCIARIO DE TORREVIEJA;320;Comunidad Valenciana
CA0748001;17/03/2020;BRFOSETIL;BROMOFOS ETIL;µg/L;0;< 0,0100;705332;4207772;70042;TERCIARIO DE TORREVIEJA;Torrevieja;ALICANTE;748;TERCIARIO DE TORREVIEJA;TERCIARIO DE TORREVIEJA;320;Comunidad Valenciana
CA0748001;17/03/2020;CA;CALCIO;mg/L Ca;1880;188;705332;4207772;70042;TERCIARIO DE TORREVIEJA;Torrevieja;ALICANTE;748;TERCIARIO DE TORREVIEJA;TERCIARIO DE TORREVIEJA;320;Comunidad Valenciana
CA0748001;17/03/2020;CD;CADMIO;µg/L Cd;0;< 0,02;705332;4207772;70042;TERCIARIO DE TORREVIEJA;Torrevieja;ALICANTE;748;TERCIARIO DE TORREVIEJA;TERCIARIO DE TORREVIEJA;320;Comunidad Valenciana
CA0748001;17/03/2020;CIB;CIBUTRINA;µg/L;0;< 0,016;705332;4207772;70042;TERCIARIO DE TORREVIEJA;Torrevieja;ALICANTE;748;TERCIARIO DE TORREVIEJA;TERCIARIO DE TORREVIEJA;320;Comunidad Valenciana
CA0748001;17/03/2020;CL;Cloruros;mg/L Cl;2770;277;705332;4207772;70042;TERCIARIO DE TORREVIEJA;Torrevieja;ALICANTE;748;TERCIARIO DE TORREVIEJA;TERCIARIO DE TORREVIEJA;320;Comunidad Valenciana
CA0748001;17/03/2020;CLF;Cloroformo (Triclorometano);µg/L;51;5,1;705332;4207772;70042;TERCIARIO DE TORREVIEJA;Torrevieja;ALICANTE;748;TERCIARIO DE TORREVIEJA;TERCIARIO DE TORREVIEJA;320;Comunidad Valenciana
CA0748001;17/03/2020;CLORDANOCIS;CIS-CLORDANO;µg/L;0;< 0,00025;705332;4207772;70042;TERCIARIO DE TORREVIEJA;Torrevieja;ALICANTE;748;TERCIARIO DE TORREVIEJA;TERCIARIO DE TORREVIEJA;320;Comunidad Valenciana
CA0748001;17/03/2020;CLORDANOTR;TRANS-CLORDANO;µg/L;0;< 0,00025;705332;4207772;70042;TERCIARIO DE TORREVIEJA;Torrevieja;ALICANTE;748;TERCIARIO DE TORREVIEJA;TERCIARIO DE TORREVIEJA;320;Comunidad Valenciana
CA0748001;17/03/2020;CLOROFENVINFOS;Clorfenvinfos;µg/L;0;< 0,0100;705332;4207772;70042;TERCIARIO DE TORREVIEJA;Torrevieja;ALICANTE;748;TERCIARIO DE TORREVIEJA;TERCIARIO DE TORREVIEJA;320;Comunidad Valenciana
CA0748001;17/03/2020;CLOROPIRIFOS;Clorpirifos;µg/L;0;< 0,0050;705332;4207772;70042;TERCIARIO DE TORREVIEJA;Torrevieja;ALICANTE;748;TERCIARIO DE TORREVIEJA;TERCIARIO DE TORREVIEJA;320;Comunidad Valenciana
CA0748001;17/03/2020;CLORPIRIPME;CLOROPIRIFOS-METIL;µg/L;0;< 0,0100;705332;4207772;70042;TERCIARIO DE TORREVIEJA;Torrevieja;ALICANTE;748;TERCIARIO DE TORREVIEJA;TERCIARIO DE TORREVIEJA;320;Comunidad Valenciana
CA0748001;17/03/2020;CLTO2;4-CLOROTOLUENO;µg/L;0;< 1,0;705332;4207772;70042;TERCIARIO DE TORREVIEJA;Torrevieja;ALICANTE;748;TERCIARIO DE TORREVIEJA;TERCIARIO DE TORREVIEJA;320;Comunidad Valenciana
CA0748001;17/03/2020;CLTOL;2-CLOROTOLUENO;µg/L;0;< 1,0;705332;4207772;70042;TERCIARIO DE TORREVIEJA;Torrevieja;ALICANTE;748;TERCIARIO DE TORREVIEJA;TERCIARIO DE TORREVIEJA;320;Comunidad Valenciana
CA0748001;17/03/2020;CN;CIANUROS TOTALES;µg/L CN;0;<10;705332;4207772;70042;TERCIARIO DE TORREVIEJA;Torrevieja;ALICANTE;748;TERCIARIO DE TORREVIEJA;TERCIARIO DE TORREVIEJA;320;Comunidad Valenciana
CA0748001;17/03/2020;COND20SITU;Conductividad de campo (medida in situ);µS/cm;10200;1020;705332;4207772;70042;TERCIARIO DE TORREVIEJA;Torrevieja;ALICANTE;748;TERCIARIO DE TORREVIEJA;TERCIARIO DE TORREVIEJA;320;Comunidad Valenciana
CA0748001;17/03/2020;CR;CROMO;µg/L Cr;0;< 5,0;705332;4207772;70042;TERCIARIO DE TORREVIEJA;Torrevieja;ALICANTE;748;TERCIARIO DE TORREVIEJA;TERCIARIO DE TORREVIEJA;320;Comunidad Valenciana
CA0748001;17/03/2020;CU;COBRE;µg/L Cu;74;7,4;705332;4207772;70042;TERCIARIO DE TORREVIEJA;Torrevieja;ALICANTE;748;TERCIARIO DE TORREVIEJA;TERCIARIO DE TORREVIEJA;320;Comunidad Valenciana
CA0748001;17/03/2020;DCB-M;1,3-diclorobenceno (m-diclorobenceno);µg/L;0;< 1,0;705332;4207772;70042;TERCIARIO DE TORREVIEJA;Torrevieja;ALICANTE;748;TERCIARIO DE TORREVIEJA;TERCIARIO DE TORREVIEJA;320;Comunidad Valenciana
CA0748001;17/03/2020;DCB-P;1,4-diclorobenceno (p-diclorobenceno);µg/L;0;< 1,0;705332;4207772;70042;TERCIARIO DE TORREVIEJA;Torrevieja;ALICANTE;748;TERCIARIO DE TORREVIEJA;TERCIARIO DE TORREVIEJA;320;Comunidad Valenciana
CA0748001;17/03/2020;DCE;1,2-dicloroetano (EDC, cloruro de etileno);µg/L;0;< 1,0;705332;4207772;70042;TERCIARIO DE TORREVIEJA;Torrevieja;ALICANTE;748;TERCIARIO DE TORREVIEJA;TERCIARIO DE TORREVIEJA;320;Comunidad Valenciana
CA0748001;17/03/2020;DCV;DICLORVOS;µg/L;0;< 0,0006;705332;4207772;70042;TERCIARIO DE TORREVIEJA;Torrevieja;ALICANTE;748;TERCIARIO DE TORREVIEJA;TERCIARIO DE TORREVIEJA;320;Comunidad Valenciana
CA0748001;17/03/2020;DDDPP;P,P'-DDD;µg/L;0;< 0,00050;705332;4207772;70042;TERCIARIO DE TORREVIEJA;Torrevieja;ALICANTE;748;TERCIARIO DE TORREVIEJA;TERCIARIO DE TORREVIEJA;320;Comunidad Valenciana
CA0748001;17/03/2020;DDEPP;P,P'-DDE;µg/L;0;< 0,00025;705332;4207772;70042;TERCIARIO DE TORREVIEJA;Torrevieja;ALICANTE;748;TERCIARIO DE TORREVIEJA;TERCIARIO DE TORREVIEJA;320;Comunidad Valenciana
CA0748001;17/03/2020;DDTOP;O,P'-DDT;µg/L;0;< 0,00050;705332;4207772;70042;TERCIARIO DE TORREVIEJA;Torrevieja;ALICANTE;748;TERCIARIO DE TORREVIEJA;TERCIARIO DE TORREVIEJA;320;Comunidad Valenciana
CA0748001;17/03/2020;DDTPP;P,P'-DDT;µg/L;0;< 0,00025;705332;4207772;70042;TERCIARIO DE TORREVIEJA;Torrevieja;ALICANTE;748;TERCIARIO DE TORREVIEJA;TERCIARIO DE TORREVIEJA;320;Comunidad Valenciana
CA0748001;17/03/2020;DIAZINON;DIAZINON;µg/L;0;< 0,0100;705332;4207772;70042;TERCIARIO DE TORREVIEJA;Torrevieja;ALICANTE;748;TERCIARIO DE TORREVIEJA;TERCIARIO DE TORREVIEJA;320;Comunidad Valenciana
CA0748001;17/03/2020;DICLETE-CIS;CIS-1,2-DICLOROETENO;µg/L;0;< 1,0;705332;4207772;70042;TERCIARIO DE TORREVIEJA;Torrevieja;ALICANTE;748;TERCIARIO DE TORREVIEJA;TERCIARIO DE TORREVIEJA;320;Comunidad Valenciana
CA0748001;17/03/2020;DICOFOL;DICOFOL (P,P'-DICOFOL);µg/L;0;< 0,00039;705332;4207772;70042;TERCIARIO DE TORREVIEJA;Torrevieja;ALICANTE;748;TERCIARIO DE TORREVIEJA;TERCIARIO DE TORREVIEJA;320;Comunidad Valenciana
CA0748001;17/03/2020;DIELDRIN;Dieldrin;µg/L;0;< 0,00015;705332;4207772;70042;TERCIARIO DE TORREVIEJA;Torrevieja;ALICANTE;748;TERCIARIO DE TORREVIEJA;TERCIARIO DE TORREVIEJA;320;Comunidad Valenciana
CA0748001;17/03/2020;DIURON;DIURON;µg/L;0;< 0,050;705332;4207772;70042;TERCIARIO DE TORREVIEJA;Torrevieja;ALICANTE;748;TERCIARIO DE TORREVIEJA;TERCIARIO DE TORREVIEJA;320;Comunidad Valenciana
CA0748001;17/03/2020;DQO;DQO o Demanda Química de Oxígeno;mg/L O2;0;< 15;705332;4207772;70042;TERCIARIO DE TORREVIEJA;Torrevieja;ALICANTE;748;TERCIARIO DE TORREVIEJA;TERCIARIO DE TORREVIEJA;320;Comunidad Valenciana
CA0748001;17/03/2020;ENDOS;ENDOSULFAN (SUMA ISOMEROS ALFA+BETA);µg/L;0;< 0,00005;705332;4207772;70042;TERCIARIO DE TORREVIEJA;Torrevieja;ALICANTE;748;TERCIARIO DE TORREVIEJA;TERCIARIO DE TORREVIEJA;320;Comunidad Valenciana
CA0748001;17/03/2020;ENDOSULFAN;ALFA-ENDOSULFAN;µg/L;0;< 0,00005;705332;4207772;70042;TERCIARIO DE TORREVIEJA;Torrevieja;ALICANTE;748;TERCIARIO DE TORREVIEJA;TERCIARIO DE TORREVIEJA;320;Comunidad Valenciana
CA0748001;17/03/2020;ENDOSULFAN-BETA;BETA-ENDOSULFAN;µg/L;0;< 0,00005;705332;4207772;70042;TERCIARIO DE TORREVIEJA;Torrevieja;ALICANTE;748;TERCIARIO DE TORREVIEJA;TERCIARIO DE TORREVIEJA;320;Comunidad Valenciana
CA0748001;17/03/2020;ENDRIN;ENDRINA;µg/L;0;< 0,00150;705332;4207772;70042;TERCIARIO DE TORREVIEJA;Torrevieja;ALICANTE;748;TERCIARIO DE TORREVIEJA;TERCIARIO DE TORREVIEJA;320;Comunidad Valenciana
CA0748001;17/03/2020;ENDRINCE;Endrin cetona;µg/L;0;< 0,00025;705332;4207772;70042;TERCIARIO DE TORREVIEJA;Torrevieja;ALICANTE;748;TERCIARIO DE TORREVIEJA;TERCIARIO DE TORREVIEJA;320;Comunidad Valenciana
CA0748001;17/03/2020;ETBENCENO;Etilbenceno;µg/L;0;< 1,0;705332;4207772;70042;TERCIARIO DE TORREVIEJA;Torrevieja;ALICANTE;748;TERCIARIO DE TORREVIEJA;TERCIARIO DE TORREVIEJA;320;Comunidad Valenciana
CA0748001;17/03/2020;ETPARATION;Paration (paration etilo);µg/L;0;< 0,0100;705332;4207772;70042;TERCIARIO DE TORREVIEJA;Torrevieja;ALICANTE;748;TERCIARIO DE TORREVIEJA;TERCIARIO DE TORREVIEJA;320;Comunidad Valenciana
CA0748001;17/03/2020;F;Fluoruros;µg/L;3400;340;705332;4207772;70042;TERCIARIO DE TORREVIEJA;Torrevieja;ALICANTE;748;TERCIARIO DE TORREVIEJA;TERCIARIO DE TORREVIEJA;320;Comunidad Valenciana
CA0748001;17/03/2020;FE;HIERRO;µg/L;0;< 50;705332;4207772;70042;TERCIARIO DE TORREVIEJA;Torrevieja;ALICANTE;748;TERCIARIO DE TORREVIEJA;TERCIARIO DE TORREVIEJA;320;Comunidad Valenciana
CA0748001;17/03/2020;FENCLORFOS;FENCLORFOS;µg/L;0;< 0,0100;705332;4207772;70042;TERCIARIO DE TORREVIEJA;Torrevieja;ALICANTE;748;TERCIARIO DE TORREVIEJA;TERCIARIO DE TORREVIEJA;320;Comunidad Valenciana
CA0748001;17/03/2020;FONO;FONOFOS;µg/L;0;< 0,0100;705332;4207772;70042;TERCIARIO DE TORREVIEJA;Torrevieja;ALICANTE;748;TERCIARIO DE TORREVIEJA;TERCIARIO DE TORREVIEJA;320;Comunidad Valenciana
CA0748001;17/03/2020;HCB;Hexaclorobenceno (HCB, Perclorobenceno);µg/L;0;< 0,00250;705332;4207772;70042;TERCIARIO DE TORREVIEJA;Torrevieja;ALICANTE;748;TERCIARIO DE TORREVIEJA;TERCIARIO DE TORREVIEJA;320;Comunidad Valenciana
CA0748001;17/03/2020;HCBD;Hexaclorobutadieno (HCBD, Hexacloro-1,3-Butadieno);µg/L;0;< 1,0;705332;4207772;70042;TERCIARIO DE TORREVIEJA;Torrevieja;ALICANTE;748;TERCIARIO DE TORREVIEJA;TERCIARIO DE TORREVIEJA;320;Comunidad Valenciana
CA0748001;17/03/2020;HCHALFA;ALFA-HCH;µg/L;0;< 0,00005;705332;4207772;70042;TERCIARIO DE TORREVIEJA;Torrevieja;ALICANTE;748;TERCIARIO DE TORREVIEJA;TERCIARIO DE TORREVIEJA;320;Comunidad Valenciana
CA0748001;17/03/2020;HCHBETA;BETA-HCH;µg/L;0;< 0,00015;705332;4207772;70042;TERCIARIO DE TORREVIEJA;Torrevieja;ALICANTE;748;TERCIARIO DE TORREVIEJA;TERCIARIO DE TORREVIEJA;320;Comunidad Valenciana
CA0748001;17/03/2020;HCHDELTA;DELTA-HCH;µg/L;0;< 0,00015;705332;4207772;70042;TERCIARIO DE TORREVIEJA;Torrevieja;ALICANTE;748;TERCIARIO DE TORREVIEJA;TERCIARIO DE TORREVIEJA;320;Comunidad Valenciana
CA0748001;17/03/2020;HEPTACL;Heptacloro;µg/L;0;< 0,00005;705332;4207772;70042;TERCIARIO DE TORREVIEJA;Torrevieja;ALICANTE;748;TERCIARIO DE TORREVIEJA;TERCIARIO DE TORREVIEJA;320;Comunidad Valenciana
CA0748001;17/03/2020;HEPTACLEPO;EPOXIDO DE HEPTACLORO;µg/L;0;< 0,00005;705332;4207772;70042;TERCIARIO DE TORREVIEJA;Torrevieja;ALICANTE;748;TERCIARIO DE TORREVIEJA;TERCIARIO DE TORREVIEJA;320;Comunidad Valenciana
CA0748001;17/03/2020;HG;MERCURIO;µg/L Hg;0;< 0,045;705332;4207772;70042;TERCIARIO DE TORREVIEJA;Torrevieja;ALICANTE;748;TERCIARIO DE TORREVIEJA;TERCIARIO DE TORREVIEJA;320;Comunidad Valenciana
CA0748001;17/03/2020;ISODRIN;Isodrin;µg/L;0;< 0,00010;705332;4207772;70042;TERCIARIO DE TORREVIEJA;Torrevieja;ALICANTE;748;TERCIARIO DE TORREVIEJA;TERCIARIO DE TORREVIEJA;320;Comunidad Valenciana
CA0748001;17/03/2020;ISOPROPB;Isopropilbenceno (cumeno);µg/L;0;< 1,0;705332;4207772;70042;TERCIARIO DE TORREVIEJA;Torrevieja;ALICANTE;748;TERCIARIO DE TORREVIEJA;TERCIARIO DE TORREVIEJA;320;Comunidad Valenciana
CA0748001;17/03/2020;ISOPROPILTO;4-ISOPROPILTOLUENO;µg/L;0;< 1,0;705332;4207772;70042;TERCIARIO DE TORREVIEJA;Torrevieja;ALICANTE;748;TERCIARIO DE TORREVIEJA;TERCIARIO DE TORREVIEJA;320;Comunidad Valenciana
CA0748001;17/03/2020;ISOPROTURON;Isoproturón;µg/L;0;< 0,050;705332;4207772;70042;TERCIARIO DE TORREVIEJA;Torrevieja;ALICANTE;748;TERCIARIO DE TORREVIEJA;TERCIARIO DE TORREVIEJA;320;Comunidad Valenciana
CA0748001;17/03/2020;K;POTASIO;mg/L K;170;17;705332;4207772;70042;TERCIARIO DE TORREVIEJA;Torrevieja;ALICANTE;748;TERCIARIO DE TORREVIEJA;TERCIARIO DE TORREVIEJA;320;Comunidad Valenciana
CA0748001;17/03/2020;LIND;GAMMA-HCH (LINDANO);µg/L;0;< 0,00025;705332;4207772;70042;TERCIARIO DE TORREVIEJA;Torrevieja;ALICANTE;748;TERCIARIO DE TORREVIEJA;TERCIARIO DE TORREVIEJA;320;Comunidad Valenciana
CA0748001;17/03/2020;MCB;Clorobenceno (monoclorobenceno);µg/L;0;< 1,0;705332;4207772;70042;TERCIARIO DE TORREVIEJA;Torrevieja;ALICANTE;748;TERCIARIO DE TORREVIEJA;TERCIARIO DE TORREVIEJA;320;Comunidad Valenciana
CA0748001;17/03/2020;METOLACLORO;Metolacloro;µg/L;0;< 0,01000;705332;4207772;70042;TERCIARIO DE TORREVIEJA;Torrevieja;ALICANTE;748;TERCIARIO DE TORREVIEJA;TERCIARIO DE TORREVIEJA;320;Comunidad Valenciana
CA0748001;17/03/2020;METOXICLORO;Metoxicloro;µg/L;0;< 0,00025;705332;4207772;70042;TERCIARIO DE TORREVIEJA;Torrevieja;ALICANTE;748;TERCIARIO DE TORREVIEJA;TERCIARIO DE TORREVIEJA;320;Comunidad Valenciana
CA0748001;17/03/2020;METRIBUZINA;METRIBUZINA;µg/L;0;< 0,050;705332;4207772;70042;TERCIARIO DE TORREVIEJA;Torrevieja;ALICANTE;748;TERCIARIO DE TORREVIEJA;TERCIARIO DE TORREVIEJA;320;Comunidad Valenciana
CA0748001;17/03/2020;MG;MAGNESIO;mg/L Mg;900;90;705332;4207772;70042;TERCIARIO DE TORREVIEJA;Torrevieja;ALICANTE;748;TERCIARIO DE TORREVIEJA;TERCIARIO DE TORREVIEJA;320;Comunidad Valenciana
CA0748001;17/03/2020;MN;MANGANESO;µg/L Mn;0;< 5,0;705332;4207772;70042;TERCIARIO DE TORREVIEJA;Torrevieja;ALICANTE;748;TERCIARIO DE TORREVIEJA;TERCIARIO DE TORREVIEJA;320;Comunidad Valenciana
CA0748001;17/03/2020;;SODIO;mg/L Na;6180;> 200 (618)*;705332;4207772;70042;TERCIARIO DE TORREVIEJA;Torrevieja;ALICANTE;748;TERCIARIO DE TORREVIEJA;TERCIARIO DE TORREVIEJA;320;Comunidad Valenciana
CA0748001;17/03/2020;NAFTALENO;Naftaleno (naftalina);µg/L;0;< 1,0;705332;4207772;70042;TERCIARIO DE TORREVIEJA;Torrevieja;ALICANTE;748;TERCIARIO DE TORREVIEJA;TERCIARIO DE TORREVIEJA;320;Comunidad Valenciana
CA0748001;17/03/2020;N-BUB;N-BUTILBENCENO;µg/L;0;< 1,0;705332;4207772;70042;TERCIARIO DE TORREVIEJA;Torrevieja;ALICANTE;748;TERCIARIO DE TORREVIEJA;TERCIARIO DE TORREVIEJA;320;Comunidad Valenciana
CA0748001;17/03/2020;NH4;AMONIO;mg/L NH4;0;< 0,10;705332;4207772;70042;TERCIARIO DE TORREVIEJA;Torrevieja;ALICANTE;748;TERCIARIO DE TORREVIEJA;TERCIARIO DE TORREVIEJA;320;Comunidad Valenciana
CA0748001;17/03/2020;NI;NIQUEL;µg/L Ni;0;< 0,80;705332;4207772;70042;TERCIARIO DE TORREVIEJA;Torrevieja;ALICANTE;748;TERCIARIO DE TORREVIEJA;TERCIARIO DE TORREVIEJA;320;Comunidad Valenciana
CA0748001;17/03/2020;NO2;Nitritos;mg/L NO2;0;< 0,02;705332;4207772;70042;TERCIARIO DE TORREVIEJA;Torrevieja;ALICANTE;748;TERCIARIO DE TORREVIEJA;TERCIARIO DE TORREVIEJA;320;Comunidad Valenciana
CA0748001;17/03/2020;NO3;Nitratos;mg/L NO3;4317;43,17;705332;4207772;70042;TERCIARIO DE TORREVIEJA;Torrevieja;ALICANTE;748;TERCIARIO DE TORREVIEJA;TERCIARIO DE TORREVIEJA;320;Comunidad Valenciana
CA0748001;17/03/2020;N-PROPILB;N-PROPILBENCENO;µg/L;0;< 1,0;705332;4207772;70042;TERCIARIO DE TORREVIEJA;Torrevieja;ALICANTE;748;TERCIARIO DE TORREVIEJA;TERCIARIO DE TORREVIEJA;320;Comunidad Valenciana
CA0748001;17/03/2020;NTOTAL;Nitrógeno total;mg/L N;100;10;705332;4207772;70042;TERCIARIO DE TORREVIEJA;Torrevieja;ALICANTE;748;TERCIARIO DE TORREVIEJA;TERCIARIO DE TORREVIEJA;320;Comunidad Valenciana
CA0748001;17/03/2020;O2 DTO;Oxigeno disuelto de campo (medida in situ);mg/L O2;929;9,29;705332;4207772;70042;TERCIARIO DE TORREVIEJA;Torrevieja;ALICANTE;748;TERCIARIO DE TORREVIEJA;TERCIARIO DE TORREVIEJA;320;Comunidad Valenciana
CA0748001;17/03/2020;O-DICLORO;1,2-diclorobenceno (o-diclorobenceno);µg/L;0;< 1,0;705332;4207772;70042;TERCIARIO DE TORREVIEJA;Torrevieja;ALICANTE;748;TERCIARIO DE TORREVIEJA;TERCIARIO DE TORREVIEJA;320;Comunidad Valenciana
CA0748001;17/03/2020;PAHEST;Estireno (etenilbenceno);µg/L;0;< 1,0;705332;4207772;70042;TERCIARIO DE TORREVIEJA;Torrevieja;ALICANTE;748;TERCIARIO DE TORREVIEJA;TERCIARIO DE TORREVIEJA;320;Comunidad Valenciana
CA0748001;17/03/2020;PB;PLOMO;µg/L Pb;0;< 0,30;705332;4207772;70042;TERCIARIO DE TORREVIEJA;Torrevieja;ALICANTE;748;TERCIARIO DE TORREVIEJA;TERCIARIO DE TORREVIEJA;320;Comunidad Valenciana
CA0748001;17/03/2020;PER;Tetracloroetileno (PER, Percloroetileno);µg/L;0;< 1,0;705332;4207772;70042;TERCIARIO DE TORREVIEJA;Torrevieja;ALICANTE;748;TERCIARIO DE TORREVIEJA;TERCIARIO DE TORREVIEJA;320;Comunidad Valenciana
CA0748001;17/03/2020;PHSITU;pH de campo (medida in situ);udpH;829;8,29 (15.8ºC);705332;4207772;70042;TERCIARIO DE TORREVIEJA;Torrevieja;ALICANTE;748;TERCIARIO DE TORREVIEJA;TERCIARIO DE TORREVIEJA;320;Comunidad Valenciana
CA0748001;17/03/2020;PO4;Fosfatos;mg/L PO4;0;< 0,04;705332;4207772;70042;TERCIARIO DE TORREVIEJA;Torrevieja;ALICANTE;748;TERCIARIO DE TORREVIEJA;TERCIARIO DE TORREVIEJA;320;Comunidad Valenciana
CA0748001;17/03/2020;PTOTAL;FOSFORO TOTAL;mg/L P;0;< 0,050;705332;4207772;70042;TERCIARIO DE TORREVIEJA;Torrevieja;ALICANTE;748;TERCIARIO DE TORREVIEJA;TERCIARIO DE TORREVIEJA;320;Comunidad Valenciana
CA0748001;17/03/2020;QUI;Quinoxifeno;µg/L;0;< 0,00200;705332;4207772;70042;TERCIARIO DE TORREVIEJA;Torrevieja;ALICANTE;748;TERCIARIO DE TORREVIEJA;TERCIARIO DE TORREVIEJA;320;Comunidad Valenciana
CA0748001;17/03/2020;SATINSI;Porcentaje de saturación de oxígeno disuelto de campo (medido in situ);% O2;929;92,9;705332;4207772;70042;TERCIARIO DE TORREVIEJA;Torrevieja;ALICANTE;748;TERCIARIO DE TORREVIEJA;TERCIARIO DE TORREVIEJA;320;Comunidad Valenciana
CA0748001;17/03/2020;S-DDD-DDT;Suma p,p´-DDD + o,p´-DDT;µg/L;0;< 0,00050;705332;4207772;70042;TERCIARIO DE TORREVIEJA;Torrevieja;ALICANTE;748;TERCIARIO DE TORREVIEJA;TERCIARIO DE TORREVIEJA;320;Comunidad Valenciana
CA0748001;17/03/2020;SE;SELENIO;µg/L Se;177;1,77;705332;4207772;70042;TERCIARIO DE TORREVIEJA;Torrevieja;ALICANTE;748;TERCIARIO DE TORREVIEJA;TERCIARIO DE TORREVIEJA;320;Comunidad Valenciana
CA0748001;17/03/2020;SECBUTB;SEC-BUTILBENCENO;µg/L;0;< 1,0;705332;4207772;70042;TERCIARIO DE TORREVIEJA;Torrevieja;ALICANTE;748;TERCIARIO DE TORREVIEJA;TERCIARIO DE TORREVIEJA;320;Comunidad Valenciana
CA0748001;17/03/2020;SIMAZINA;Simazina;µg/L;0;< 0,050;705332;4207772;70042;TERCIARIO DE TORREVIEJA;Torrevieja;ALICANTE;748;TERCIARIO DE TORREVIEJA;TERCIARIO DE TORREVIEJA;320;Comunidad Valenciana
CA0748001;17/03/2020;SUMAXILENO;Xileno (dimetilbenceno) (suma o-, m- y p-xileno);µg/L;0;< 3,0;705332;4207772;70042;TERCIARIO DE TORREVIEJA;Torrevieja;ALICANTE;748;TERCIARIO DE TORREVIEJA;TERCIARIO DE TORREVIEJA;320;Comunidad Valenciana
CA0748001;17/03/2020;SUMCIPER;CIPERMETRINA (SUMA ISOMEROS ALFA+BETA+TETA+ZETA);µg/L;0;< 0,00080;705332;4207772;70042;TERCIARIO DE TORREVIEJA;Torrevieja;ALICANTE;748;TERCIARIO DE TORREVIEJA;TERCIARIO DE TORREVIEJA;320;Comunidad Valenciana
CA0748001;17/03/2020;SUMDCB;Diclorobenceno (suma isómeros);µg/L;0;< 3,0;705332;4207772;70042;TERCIARIO DE TORREVIEJA;Torrevieja;ALICANTE;748;TERCIARIO DE TORREVIEJA;TERCIARIO DE TORREVIEJA;320;Comunidad Valenciana
CA0748001;17/03/2020;SUMDDT;DDT TOTAL (SUMA P,P'-DDT+O,P'-DDT+P,P'-DDE+P,P'-DDD);µg/L;0;< 0,00100;705332;4207772;70042;TERCIARIO DE TORREVIEJA;Torrevieja;ALICANTE;748;TERCIARIO DE TORREVIEJA;TERCIARIO DE TORREVIEJA;320;Comunidad Valenciana
CA0748001;17/03/2020;SUMHCH;HEXACLOROCICLOHEXANO (HCH) (SUMA ISOMEROS);µg/L;0;< 0,00060;705332;4207772;70042;TERCIARIO DE TORREVIEJA;Torrevieja;ALICANTE;748;TERCIARIO DE TORREVIEJA;TERCIARIO DE TORREVIEJA;320;Comunidad Valenciana
CA0748001;17/03/2020;SUMTCBEN;"Triclorobenceno (suma isómeros 1,2,3-; 1,2,4- y 1,3,5- TCB)";µg/L;0;< 0,12;705332;4207772;70042;TERCIARIO DE TORREVIEJA;Torrevieja;ALICANTE;748;TERCIARIO DE TORREVIEJA;TERCIARIO DE TORREVIEJA;320;Comunidad Valenciana
CA0748001;17/03/2020;SUO4;Sulfatos;mg/L SO4;840;84;705332;4207772;70042;TERCIARIO DE TORREVIEJA;Torrevieja;ALICANTE;748;TERCIARIO DE TORREVIEJA;TERCIARIO DE TORREVIEJA;320;Comunidad Valenciana
CA0748001;17/03/2020;TAGUA;"TEMPERATURA ""IN SITU""";ºC;158;15,8;705332;4207772;70042;TERCIARIO DE TORREVIEJA;Torrevieja;ALICANTE;748;TERCIARIO DE TORREVIEJA;TERCIARIO DE TORREVIEJA;320;Comunidad Valenciana
CA0748001;17/03/2020;TBUTB;TERC-BUTILBENCENO;µg/L;0;< 1,0;705332;4207772;70042;TERCIARIO DE TORREVIEJA;Torrevieja;ALICANTE;748;TERCIARIO DE TORREVIEJA;TERCIARIO DE TORREVIEJA;320;Comunidad Valenciana
CA0748001;17/03/2020;TCB123;1,2,3-Triclorobenceno;µg/L;0;< 0,040;705332;4207772;70042;TERCIARIO DE TORREVIEJA;Torrevieja;ALICANTE;748;TERCIARIO DE TORREVIEJA;TERCIARIO DE TORREVIEJA;320;Comunidad Valenciana
CA0748001;17/03/2020;TCB124;1,2,4-Triclorobenceno;µg/L;0;< 0,040;705332;4207772;70042;TERCIARIO DE TORREVIEJA;Torrevieja;ALICANTE;748;TERCIARIO DE TORREVIEJA;TERCIARIO DE TORREVIEJA;320;Comunidad Valenciana
CA0748001;17/03/2020;TCB135;1,3,5-Triclorobenceno;µg/L;0;< 0,040;705332;4207772;70042;TERCIARIO DE TORREVIEJA;Torrevieja;ALICANTE;748;TERCIARIO DE TORREVIEJA;TERCIARIO DE TORREVIEJA;320;Comunidad Valenciana
CA0748001;17/03/2020;TCE;1,1,1-TRICLOROETANO;µg/L;0;< 1,0;705332;4207772;70042;TERCIARIO DE TORREVIEJA;Torrevieja;ALICANTE;748;TERCIARIO DE TORREVIEJA;TERCIARIO DE TORREVIEJA;320;Comunidad Valenciana
CA0748001;17/03/2020;TERAZ;Terbutilazina;µg/L;0;< 0,050;705332;4207772;70042;TERCIARIO DE TORREVIEJA;Torrevieja;ALICANTE;748;TERCIARIO DE TORREVIEJA;TERCIARIO DE TORREVIEJA;320;Comunidad Valenciana
CA0748001;17/03/2020;TERBUTRINA;Terbutrina;µg/L;0;< 0,050;705332;4207772;70042;TERCIARIO DE TORREVIEJA;Torrevieja;ALICANTE;748;TERCIARIO DE TORREVIEJA;TERCIARIO DE TORREVIEJA;320;Comunidad Valenciana
CA0748001;17/03/2020;TETRA;Tetracloruro de carbono (Tetraclorometano, Perclorometano);µg/L;0;< 1,0;705332;4207772;70042;TERCIARIO DE TORREVIEJA;Torrevieja;ALICANTE;748;TERCIARIO DE TORREVIEJA;TERCIARIO DE TORREVIEJA;320;Comunidad Valenciana
CA0748001;17/03/2020;TETRTRI;Tricloroetileno + Tetracloroetileno (Percloroetileno);µg/L;0;< 2,0;705332;4207772;70042;TERCIARIO DE TORREVIEJA;Torrevieja;ALICANTE;748;TERCIARIO DE TORREVIEJA;TERCIARIO DE TORREVIEJA;320;Comunidad Valenciana
CA0748001;17/03/2020;THMBR;DIBROMOMETANO;µg/L;0;< 1,0;705332;4207772;70042;TERCIARIO DE TORREVIEJA;Torrevieja;ALICANTE;748;TERCIARIO DE TORREVIEJA;TERCIARIO DE TORREVIEJA;320;Comunidad Valenciana
CA0748001;17/03/2020;THMBR2CL;Bromodiclorometano;µg/l;0;< 1,0;705332;4207772;70042;TERCIARIO DE TORREVIEJA;Torrevieja;ALICANTE;748;TERCIARIO DE TORREVIEJA;TERCIARIO DE TORREVIEJA;320;Comunidad Valenciana
CA0748001;17/03/2020;THMBRCL;BROMOCLOROMETANO;µg/L;0;< 1,0;705332;4207772;70042;TERCIARIO DE TORREVIEJA;Torrevieja;ALICANTE;748;TERCIARIO DE TORREVIEJA;TERCIARIO DE TORREVIEJA;320;Comunidad Valenciana
CA0748001;17/03/2020;THMBRCL2;DIBROMOCLOROMETANO (Trihalometanos);µg/L;0;< 1,0;705332;4207772;70042;TERCIARIO DE TORREVIEJA;Torrevieja;ALICANTE;748;TERCIARIO DE TORREVIEJA;TERCIARIO DE TORREVIEJA;320;Comunidad Valenciana
CA0748001;17/03/2020;THMBRF;BROMOFORMO;µg/L;0;< 1,0;705332;4207772;70042;TERCIARIO DE TORREVIEJA;Torrevieja;ALICANTE;748;TERCIARIO DE TORREVIEJA;TERCIARIO DE TORREVIEJA;320;Comunidad Valenciana
CA0748001;17/03/2020;THMDCM;DICLOROMETANO;µg/L;0;< 6,0;705332;4207772;70042;TERCIARIO DE TORREVIEJA;Torrevieja;ALICANTE;748;TERCIARIO DE TORREVIEJA;TERCIARIO DE TORREVIEJA;320;Comunidad Valenciana
CA0748001;17/03/2020;TMB1;1,2,4-trimetilbenceno;µg/l;0;< 1,0;705332;4207772;70042;TERCIARIO DE TORREVIEJA;Torrevieja;ALICANTE;748;TERCIARIO DE TORREVIEJA;TERCIARIO DE TORREVIEJA;320;Comunidad Valenciana
CA0748001;17/03/2020;TMB2;1,3,5-TRIMETILBENCENO;µg/L;0;< 1,0;705332;4207772;70042;TERCIARIO DE TORREVIEJA;Torrevieja;ALICANTE;748;TERCIARIO DE TORREVIEJA;TERCIARIO DE TORREVIEJA;320;Comunidad Valenciana
CA0748001;17/03/2020;TOL;Tolueno (Metilbenceno);µg/L;0;< 1,0;705332;4207772;70042;TERCIARIO DE TORREVIEJA;Torrevieja;ALICANTE;748;TERCIARIO DE TORREVIEJA;TERCIARIO DE TORREVIEJA;320;Comunidad Valenciana
CA0748001;17/03/2020;TRIAZO_2;TRIAZOFOS;µg/L;0;< 0,0100;705332;4207772;70042;TERCIARIO DE TORREVIEJA;Torrevieja;ALICANTE;748;TERCIARIO DE TORREVIEJA;TERCIARIO DE TORREVIEJA;320;Comunidad Valenciana
CA0748001;17/03/2020;TRICLOET;Tricloroetileno (TRI);µg/L;0;< 1,0;705332;4207772;70042;TERCIARIO DE TORREVIEJA;Torrevieja;ALICANTE;748;TERCIARIO DE TORREVIEJA;TERCIARIO DE TORREVIEJA;320;Comunidad Valenciana
CA0748001;17/03/2020;TRIFLURALINA;Trifluralina;µg/L;0;< 0,0060;705332;4207772;70042;TERCIARIO DE TORREVIEJA;Torrevieja;ALICANTE;748;TERCIARIO DE TORREVIEJA;TERCIARIO DE TORREVIEJA;320;Comunidad Valenciana
CA0748001;17/03/2020;XILM+P;SUMA M+P XILENO;µg/L;0;< 2,0;705332;4207772;70042;TERCIARIO DE TORREVIEJA;Torrevieja;ALICANTE;748;TERCIARIO DE TORREVIEJA;TERCIARIO DE TORREVIEJA;320;Comunidad Valenciana
CA0748001;17/03/2020;XIL-O;O-XILENO;µg/L;0;< 1,0;705332;4207772;70042;TERCIARIO DE TORREVIEJA;Torrevieja;ALICANTE;748;TERCIARIO DE TORREVIEJA;TERCIARIO DE TORREVIEJA;320;Comunidad Valenciana
CA0748001;17/03/2020;ZN;ZINC;µg/l Zn;90;9;705332;4207772;70042;TERCIARIO DE TORREVIEJA;Torrevieja;ALICANTE;748;TERCIARIO DE TORREVIEJA;TERCIARIO DE TORREVIEJA;320;Comunidad Valenciana
CA0748001;02/06/2020;12DIBR;1,2-DIBROMOETANO;µg/L;0;< 1,0;705332;4207772;70042;TERCIARIO DE TORREVIEJA;Torrevieja;ALICANTE;748;TERCIARIO DE TORREVIEJA;TERCIARIO DE TORREVIEJA;320;Comunidad Valenciana
CA0748001;02/06/2020;2BR2CLPRO;1,2-DIBROMO-3-CLOROPROPANO;µg/L;0;< 1,0;705332;4207772;70042;TERCIARIO DE TORREVIEJA;Torrevieja;ALICANTE;748;TERCIARIO DE TORREVIEJA;TERCIARIO DE TORREVIEJA;320;Comunidad Valenciana
CA0748001;02/06/2020;2CLETA;1,1-DICLOROETANO;µg/L;0;< 1,0;705332;4207772;70042;TERCIARIO DE TORREVIEJA;Torrevieja;ALICANTE;748;TERCIARIO DE TORREVIEJA;TERCIARIO DE TORREVIEJA;320;Comunidad Valenciana
CA0748001;02/06/2020;2CLETE;1,1-DICLOROETENO;µg/L;0;< 1,0;705332;4207772;70042;TERCIARIO DE TORREVIEJA;Torrevieja;ALICANTE;748;TERCIARIO DE TORREVIEJA;TERCIARIO DE TORREVIEJA;320;Comunidad Valenciana
CA0748001;02/06/2020;2CLETE2;1,2-DICLOROETENO;µg/L;0;< 2,0;705332;4207772;70042;TERCIARIO DE TORREVIEJA;Torrevieja;ALICANTE;748;TERCIARIO DE TORREVIEJA;TERCIARIO DE TORREVIEJA;320;Comunidad Valenciana
CA0748001;02/06/2020;2CLETEN;TRANS-1,2-DICLOROETENO;µg/L;0;< 1,0;705332;4207772;70042;TERCIARIO DE TORREVIEJA;Torrevieja;ALICANTE;748;TERCIARIO DE TORREVIEJA;TERCIARIO DE TORREVIEJA;320;Comunidad Valenciana
CA0748001;02/06/2020;2CLPRO;1,3-DICLOROPROPANO;µg/L;0;< 1,0;705332;4207772;70042;TERCIARIO DE TORREVIEJA;Torrevieja;ALICANTE;748;TERCIARIO DE TORREVIEJA;TERCIARIO DE TORREVIEJA;320;Comunidad Valenciana
CA0748001;02/06/2020;2CLPROCIS;CIS-1,3-DICLOROPROPENO;µg/L;0;< 1,0;705332;4207772;70042;TERCIARIO DE TORREVIEJA;Torrevieja;ALICANTE;748;TERCIARIO DE TORREVIEJA;TERCIARIO DE TORREVIEJA;320;Comunidad Valenciana
CA0748001;02/06/2020;2CLPROPA;1,2-DICLOROPROPANO;µg/L;0;< 1,0;705332;4207772;70042;TERCIARIO DE TORREVIEJA;Torrevieja;ALICANTE;748;TERCIARIO DE TORREVIEJA;TERCIARIO DE TORREVIEJA;320;Comunidad Valenciana
CA0748001;02/06/2020;2CLPROPA2;2,2-DICLOROPROPANO;µg/L;0;< 1,0;705332;4207772;70042;TERCIARIO DE TORREVIEJA;Torrevieja;ALICANTE;748;TERCIARIO DE TORREVIEJA;TERCIARIO DE TORREVIEJA;320;Comunidad Valenciana
CA0748001;02/06/2020;2CLPROPE;1,1-DICLOROPROPENO;µg/L;0;< 1,0;705332;4207772;70042;TERCIARIO DE TORREVIEJA;Torrevieja;ALICANTE;748;TERCIARIO DE TORREVIEJA;TERCIARIO DE TORREVIEJA;320;Comunidad Valenciana
CA0748001;02/06/2020;2CLPROPE2;TRANS-1,3-DICLOROPROPENO;µg/L;0;< 1,0;705332;4207772;70042;TERCIARIO DE TORREVIEJA;Torrevieja;ALICANTE;748;TERCIARIO DE TORREVIEJA;TERCIARIO DE TORREVIEJA;320;Comunidad Valenciana
CA0748001;02/06/2020;3CLETA;1,1,2-TRICLOROETANO;µg/L;0;< 1,0;705332;4207772;70042;TERCIARIO DE TORREVIEJA;Torrevieja;ALICANTE;748;TERCIARIO DE TORREVIEJA;TERCIARIO DE TORREVIEJA;320;Comunidad Valenciana
CA0748001;02/06/2020;3CLPRO;1,2,3-TRICLOROPROPANO;µg/L;0;< 1,0;705332;4207772;70042;TERCIARIO DE TORREVIEJA;Torrevieja;ALICANTE;748;TERCIARIO DE TORREVIEJA;TERCIARIO DE TORREVIEJA;320;Comunidad Valenciana
CA0748001;02/06/2020;4CLETA;1,1,1,2-TETRACLOROETANO;µg/L;0;< 1,0;705332;4207772;70042;TERCIARIO DE TORREVIEJA;Torrevieja;ALICANTE;748;TERCIARIO DE TORREVIEJA;TERCIARIO DE TORREVIEJA;320;Comunidad Valenciana
CA0748001;02/06/2020;4CLETA2;1,1,2,2-TETRACLOROETANO;µg/L;0;< 1,0;705332;4207772;70042;TERCIARIO DE TORREVIEJA;Torrevieja;ALICANTE;748;TERCIARIO DE TORREVIEJA;TERCIARIO DE TORREVIEJA;320;Comunidad Valenciana
CA0748001;02/06/2020;6CLET;HEXACLOROETANO;µg/L;0;< 1,0;705332;4207772;70042;TERCIARIO DE TORREVIEJA;Torrevieja;ALICANTE;748;TERCIARIO DE TORREVIEJA;TERCIARIO DE TORREVIEJA;320;Comunidad Valenciana
CA0748001;02/06/2020;ACLONIFE;ACLONIFENO;µg/L;0;< 0,00200;705332;4207772;70042;TERCIARIO DE TORREVIEJA;Torrevieja;ALICANTE;748;TERCIARIO DE TORREVIEJA;TERCIARIO DE TORREVIEJA;320;Comunidad Valenciana
CA0748001;02/06/2020;ALACLORO;ALACLORO;µg/L;0;< 0,01000;705332;4207772;70042;TERCIARIO DE TORREVIEJA;Torrevieja;ALICANTE;748;TERCIARIO DE TORREVIEJA;TERCIARIO DE TORREVIEJA;320;Comunidad Valenciana
CA0748001;02/06/2020;ALDRIN;ALDRINA;µg/L;0;< 0,00025;705332;4207772;70042;TERCIARIO DE TORREVIEJA;Torrevieja;ALICANTE;748;TERCIARIO DE TORREVIEJA;TERCIARIO DE TORREVIEJA;320;Comunidad Valenciana
CA0748001;02/06/2020;AS;ARSENICO;µg/L As;0;< 5,0;705332;4207772;70042;TERCIARIO DE TORREVIEJA;Torrevieja;ALICANTE;748;TERCIARIO DE TORREVIEJA;TERCIARIO DE TORREVIEJA;320;Comunidad Valenciana
CA0748001;02/06/2020;ATRAZINA;ATRAZINA;µg/L;0;< 0,010;705332;4207772;70042;TERCIARIO DE TORREVIEJA;Torrevieja;ALICANTE;748;TERCIARIO DE TORREVIEJA;TERCIARIO DE TORREVIEJA;320;Comunidad Valenciana
CA0748001;02/06/2020;B;BORO;µg/L B;3500;350;705332;4207772;70042;TERCIARIO DE TORREVIEJA;Torrevieja;ALICANTE;748;TERCIARIO DE TORREVIEJA;TERCIARIO DE TORREVIEJA;320;Comunidad Valenciana
CA0748001;02/06/2020;BENCENO;BENCENO;µg/L;0;< 1,0;705332;4207772;70042;TERCIARIO DE TORREVIEJA;Torrevieja;ALICANTE;748;TERCIARIO DE TORREVIEJA;TERCIARIO DE TORREVIEJA;320;Comunidad Valenciana
CA0748001;02/06/2020;BICARB;BICARBONATOS;mg/L HCO3-;1870;187;705332;4207772;70042;TERCIARIO DE TORREVIEJA;Torrevieja;ALICANTE;748;TERCIARIO DE TORREVIEJA;TERCIARIO DE TORREVIEJA;320;Comunidad Valenciana
CA0748001;02/06/2020;BIFEN;BIFENOX;µg/L;0;< 0,00120;705332;4207772;70042;TERCIARIO DE TORREVIEJA;Torrevieja;ALICANTE;748;TERCIARIO DE TORREVIEJA;TERCIARIO DE TORREVIEJA;320;Comunidad Valenciana
CA0748001;02/06/2020;BRB;BROMOBENCENO;µg/L;0;< 1,0;705332;4207772;70042;TERCIARIO DE TORREVIEJA;Torrevieja;ALICANTE;748;TERCIARIO DE TORREVIEJA;TERCIARIO DE TORREVIEJA;320;Comunidad Valenciana
CA0748001;02/06/2020;BRFOSETIL;BROMOFOS ETIL;µg/L;0;< 0,0100;705332;4207772;70042;TERCIARIO DE TORREVIEJA;Torrevieja;ALICANTE;748;TERCIARIO DE TORREVIEJA;TERCIARIO DE TORREVIEJA;320;Comunidad Valenciana
CA0748001;02/06/2020;CA;CALCIO;mg/L Ca;560;56;705332;4207772;70042;TERCIARIO DE TORREVIEJA;Torrevieja;ALICANTE;748;TERCIARIO DE TORREVIEJA;TERCIARIO DE TORREVIEJA;320;Comunidad Valenciana
CA0748001;02/06/2020;CD;CADMIO;µg/L Cd;0;< 0,02;705332;4207772;70042;TERCIARIO DE TORREVIEJA;Torrevieja;ALICANTE;748;TERCIARIO DE TORREVIEJA;TERCIARIO DE TORREVIEJA;320;Comunidad Valenciana
CA0748001;02/06/2020;CIB;CIBUTRINA;µg/L;0;< 0,002;705332;4207772;70042;TERCIARIO DE TORREVIEJA;Torrevieja;ALICANTE;748;TERCIARIO DE TORREVIEJA;TERCIARIO DE TORREVIEJA;320;Comunidad Valenciana
CA0748001;02/06/2020;CL;Cloruros;mg/L Cl;3690;369;705332;4207772;70042;TERCIARIO DE TORREVIEJA;Torrevieja;ALICANTE;748;TERCIARIO DE TORREVIEJA;TERCIARIO DE TORREVIEJA;320;Comunidad Valenciana
CA0748001;02/06/2020;CLF;Cloroformo (Triclorometano);µg/L;79;7,9;705332;4207772;70042;TERCIARIO DE TORREVIEJA;Torrevieja;ALICANTE;748;TERCIARIO DE TORREVIEJA;TERCIARIO DE TORREVIEJA;320;Comunidad Valenciana
CA0748001;02/06/2020;CLORDANOCIS;CIS-CLORDANO;µg/L;0;< 0,00025;705332;4207772;70042;TERCIARIO DE TORREVIEJA;Torrevieja;ALICANTE;748;TERCIARIO DE TORREVIEJA;TERCIARIO DE TORREVIEJA;320;Comunidad Valenciana
CA0748001;02/06/2020;CLORDANOTR;TRANS-CLORDANO;µg/L;0;< 0,00025;705332;4207772;70042;TERCIARIO DE TORREVIEJA;Torrevieja;ALICANTE;748;TERCIARIO DE TORREVIEJA;TERCIARIO DE TORREVIEJA;320;Comunidad Valenciana
CA0748001;02/06/2020;CLOROFENVINFOS;Clorfenvinfos;µg/L;0;< 0,0100;705332;4207772;70042;TERCIARIO DE TORREVIEJA;Torrevieja;ALICANTE;748;TERCIARIO DE TORREVIEJA;TERCIARIO DE TORREVIEJA;320;Comunidad Valenciana
CA0748001;02/06/2020;CLOROPIRIFOS;Clorpirifos;µg/L;0;< 0,0050;705332;4207772;70042;TERCIARIO DE TORREVIEJA;Torrevieja;ALICANTE;748;TERCIARIO DE TORREVIEJA;TERCIARIO DE TORREVIEJA;320;Comunidad Valenciana
CA0748001;02/06/2020;CLORPIRIPME;CLOROPIRIFOS-METIL;µg/L;0;< 0,0100;705332;4207772;70042;TERCIARIO DE TORREVIEJA;Torrevieja;ALICANTE;748;TERCIARIO DE TORREVIEJA;TERCIARIO DE TORREVIEJA;320;Comunidad Valenciana
CA0748001;02/06/2020;CLTO2;4-CLOROTOLUENO;µg/L;0;< 1,0;705332;4207772;70042;TERCIARIO DE TORREVIEJA;Torrevieja;ALICANTE;748;TERCIARIO DE TORREVIEJA;TERCIARIO DE TORREVIEJA;320;Comunidad Valenciana
CA0748001;02/06/2020;CLTOL;2-CLOROTOLUENO;µg/L;0;< 1,0;705332;4207772;70042;TERCIARIO DE TORREVIEJA;Torrevieja;ALICANTE;748;TERCIARIO DE TORREVIEJA;TERCIARIO DE TORREVIEJA;320;Comunidad Valenciana
CA0748001;02/06/2020;CN;CIANUROS TOTALES;µg/L CN;0;<10;705332;4207772;70042;TERCIARIO DE TORREVIEJA;Torrevieja;ALICANTE;748;TERCIARIO DE TORREVIEJA;TERCIARIO DE TORREVIEJA;320;Comunidad Valenciana
CA0748001;02/06/2020;COND20SITU;Conductividad de campo (medida in situ);µS/cm;14090;1409;705332;4207772;70042;TERCIARIO DE TORREVIEJA;Torrevieja;ALICANTE;748;TERCIARIO DE TORREVIEJA;TERCIARIO DE TORREVIEJA;320;Comunidad Valenciana
CA0748001;02/06/2020;CR;CROMO;µg/L Cr;0;< 5,0;705332;4207772;70042;TERCIARIO DE TORREVIEJA;Torrevieja;ALICANTE;748;TERCIARIO DE TORREVIEJA;TERCIARIO DE TORREVIEJA;320;Comunidad Valenciana
CA0748001;02/06/2020;CU;COBRE;µg/L Cu;97;0,97;705332;4207772;70042;TERCIARIO DE TORREVIEJA;Torrevieja;ALICANTE;748;TERCIARIO DE TORREVIEJA;TERCIARIO DE TORREVIEJA;320;Comunidad Valenciana
CA0748001;02/06/2020;DCB-M;1,3-diclorobenceno (m-diclorobenceno);µg/L;0;< 1,0;705332;4207772;70042;TERCIARIO DE TORREVIEJA;Torrevieja;ALICANTE;748;TERCIARIO DE TORREVIEJA;TERCIARIO DE TORREVIEJA;320;Comunidad Valenciana
CA0748001;02/06/2020;DCB-P;1,4-diclorobenceno (p-diclorobenceno);µg/L;0;< 1,0;705332;4207772;70042;TERCIARIO DE TORREVIEJA;Torrevieja;ALICANTE;748;TERCIARIO DE TORREVIEJA;TERCIARIO DE TORREVIEJA;320;Comunidad Valenciana
CA0748001;02/06/2020;DCE;1,2-dicloroetano (EDC, cloruro de etileno);µg/L;0;< 1,0;705332;4207772;70042;TERCIARIO DE TORREVIEJA;Torrevieja;ALICANTE;748;TERCIARIO DE TORREVIEJA;TERCIARIO DE TORREVIEJA;320;Comunidad Valenciana
CA0748001;02/06/2020;DCV;DICLORVOS;µg/L;0;< 0,0006;705332;4207772;70042;TERCIARIO DE TORREVIEJA;Torrevieja;ALICANTE;748;TERCIARIO DE TORREVIEJA;TERCIARIO DE TORREVIEJA;320;Comunidad Valenciana
CA0748001;02/06/2020;DDDPP;P,P'-DDD;µg/L;0;< 0,00050;705332;4207772;70042;TERCIARIO DE TORREVIEJA;Torrevieja;ALICANTE;748;TERCIARIO DE TORREVIEJA;TERCIARIO DE TORREVIEJA;320;Comunidad Valenciana
CA0748001;02/06/2020;DDEPP;P,P'-DDE;µg/L;0;< 0,00025;705332;4207772;70042;TERCIARIO DE TORREVIEJA;Torrevieja;ALICANTE;748;TERCIARIO DE TORREVIEJA;TERCIARIO DE TORREVIEJA;320;Comunidad Valenciana
CA0748001;02/06/2020;DDTOP;O,P'-DDT;µg/L;0;< 0,00050;705332;4207772;70042;TERCIARIO DE TORREVIEJA;Torrevieja;ALICANTE;748;TERCIARIO DE TORREVIEJA;TERCIARIO DE TORREVIEJA;320;Comunidad Valenciana
CA0748001;02/06/2020;DDTPP;P,P'-DDT;µg/L;0;< 0,00025;705332;4207772;70042;TERCIARIO DE TORREVIEJA;Torrevieja;ALICANTE;748;TERCIARIO DE TORREVIEJA;TERCIARIO DE TORREVIEJA;320;Comunidad Valenciana
CA0748001;02/06/2020;DIAZINON;DIAZINON;µg/L;0;< 0,0100;705332;4207772;70042;TERCIARIO DE TORREVIEJA;Torrevieja;ALICANTE;748;TERCIARIO DE TORREVIEJA;TERCIARIO DE TORREVIEJA;320;Comunidad Valenciana
CA0748001;02/06/2020;DICLETE-CIS;CIS-1,2-DICLOROETENO;µg/L;0;< 1,0;705332;4207772;70042;TERCIARIO DE TORREVIEJA;Torrevieja;ALICANTE;748;TERCIARIO DE TORREVIEJA;TERCIARIO DE TORREVIEJA;320;Comunidad Valenciana
CA0748001;02/06/2020;DICOFOL;DICOFOL (P,P'-DICOFOL);µg/L;0;< 0,00039;705332;4207772;70042;TERCIARIO DE TORREVIEJA;Torrevieja;ALICANTE;748;TERCIARIO DE TORREVIEJA;TERCIARIO DE TORREVIEJA;320;Comunidad Valenciana
CA0748001;02/06/2020;DIELDRIN;Dieldrin;µg/L;0;< 0,00015;705332;4207772;70042;TERCIARIO DE TORREVIEJA;Torrevieja;ALICANTE;748;TERCIARIO DE TORREVIEJA;TERCIARIO DE TORREVIEJA;320;Comunidad Valenciana
CA0748001;02/06/2020;DIURON;DIURON;µg/L;0;< 0,050;705332;4207772;70042;TERCIARIO DE TORREVIEJA;Torrevieja;ALICANTE;748;TERCIARIO DE TORREVIEJA;TERCIARIO DE TORREVIEJA;320;Comunidad Valenciana
CA0748001;02/06/2020;DQO;DQO o Demanda Química de Oxígeno;mg/L O2;0;< 15;705332;4207772;70042;TERCIARIO DE TORREVIEJA;Torrevieja;ALICANTE;748;TERCIARIO DE TORREVIEJA;TERCIARIO DE TORREVIEJA;320;Comunidad Valenciana
CA0748001;02/06/2020;ENDOS;ENDOSULFAN (SUMA ISOMEROS ALFA+BETA);µg/L;0;< 0,00005;705332;4207772;70042;TERCIARIO DE TORREVIEJA;Torrevieja;ALICANTE;748;TERCIARIO DE TORREVIEJA;TERCIARIO DE TORREVIEJA;320;Comunidad Valenciana
CA0748001;02/06/2020;ENDOSULFAN;ALFA-ENDOSULFAN;µg/L;0;< 0,00005;705332;4207772;70042;TERCIARIO DE TORREVIEJA;Torrevieja;ALICANTE;748;TERCIARIO DE TORREVIEJA;TERCIARIO DE TORREVIEJA;320;Comunidad Valenciana
CA0748001;02/06/2020;ENDOSULFAN-BETA;BETA-ENDOSULFAN;µg/L;0;< 0,00005;705332;4207772;70042;TERCIARIO DE TORREVIEJA;Torrevieja;ALICANTE;748;TERCIARIO DE TORREVIEJA;TERCIARIO DE TORREVIEJA;320;Comunidad Valenciana
CA0748001;02/06/2020;ENDRIN;ENDRINA;µg/L;0;< 0,00150;705332;4207772;70042;TERCIARIO DE TORREVIEJA;Torrevieja;ALICANTE;748;TERCIARIO DE TORREVIEJA;TERCIARIO DE TORREVIEJA;320;Comunidad Valenciana
CA0748001;02/06/2020;ENDRINCE;Endrin cetona;µg/L;0;< 0,00025;705332;4207772;70042;TERCIARIO DE TORREVIEJA;Torrevieja;ALICANTE;748;TERCIARIO DE TORREVIEJA;TERCIARIO DE TORREVIEJA;320;Comunidad Valenciana
CA0748001;02/06/2020;ETBENCENO;Etilbenceno;µg/L;0;< 1,0;705332;4207772;70042;TERCIARIO DE TORREVIEJA;Torrevieja;ALICANTE;748;TERCIARIO DE TORREVIEJA;TERCIARIO DE TORREVIEJA;320;Comunidad Valenciana
CA0748001;02/06/2020;ETPARATION;Paration (paration etilo);µg/L;0;< 0,0100;705332;4207772;70042;TERCIARIO DE TORREVIEJA;Torrevieja;ALICANTE;748;TERCIARIO DE TORREVIEJA;TERCIARIO DE TORREVIEJA;320;Comunidad Valenciana
CA0748001;02/06/2020;F;Fluoruros;µg/L;3000;300;705332;4207772;70042;TERCIARIO DE TORREVIEJA;Torrevieja;ALICANTE;748;TERCIARIO DE TORREVIEJA;TERCIARIO DE TORREVIEJA;320;Comunidad Valenciana
CA0748001;02/06/2020;FE;HIERRO;µg/L;0;< 50;705332;4207772;70042;TERCIARIO DE TORREVIEJA;Torrevieja;ALICANTE;748;TERCIARIO DE TORREVIEJA;TERCIARIO DE TORREVIEJA;320;Comunidad Valenciana
CA0748001;02/06/2020;FENCLORFOS;FENCLORFOS;µg/L;0;< 0,0100;705332;4207772;70042;TERCIARIO DE TORREVIEJA;Torrevieja;ALICANTE;748;TERCIARIO DE TORREVIEJA;TERCIARIO DE TORREVIEJA;320;Comunidad Valenciana
CA0748001;02/06/2020;FONO;FONOFOS;µg/L;0;< 0,0100;705332;4207772;70042;TERCIARIO DE TORREVIEJA;Torrevieja;ALICANTE;748;TERCIARIO DE TORREVIEJA;TERCIARIO DE TORREVIEJA;320;Comunidad Valenciana
CA0748001;02/06/2020;HCB;Hexaclorobenceno (HCB, Perclorobenceno);µg/L;0;< 0,00250;705332;4207772;70042;TERCIARIO DE TORREVIEJA;Torrevieja;ALICANTE;748;TERCIARIO DE TORREVIEJA;TERCIARIO DE TORREVIEJA;320;Comunidad Valenciana
CA0748001;02/06/2020;HCBD;Hexaclorobutadieno (HCBD, Hexacloro-1,3-Butadieno);µg/L;0;< 1,0;705332;4207772;70042;TERCIARIO DE TORREVIEJA;Torrevieja;ALICANTE;748;TERCIARIO DE TORREVIEJA;TERCIARIO DE TORREVIEJA;320;Comunidad Valenciana
CA0748001;02/06/2020;HCHALFA;ALFA-HCH;µg/L;0;< 0,00005;705332;4207772;70042;TERCIARIO DE TORREVIEJA;Torrevieja;ALICANTE;748;TERCIARIO DE TORREVIEJA;TERCIARIO DE TORREVIEJA;320;Comunidad Valenciana
CA0748001;02/06/2020;HCHBETA;BETA-HCH;µg/L;0;< 0,00015;705332;4207772;70042;TERCIARIO DE TORREVIEJA;Torrevieja;ALICANTE;748;TERCIARIO DE TORREVIEJA;TERCIARIO DE TORREVIEJA;320;Comunidad Valenciana
CA0748001;02/06/2020;HCHDELTA;DELTA-HCH;µg/L;0;< 0,00015;705332;4207772;70042;TERCIARIO DE TORREVIEJA;Torrevieja;ALICANTE;748;TERCIARIO DE TORREVIEJA;TERCIARIO DE TORREVIEJA;320;Comunidad Valenciana
CA0748001;02/06/2020;HEPTACL;Heptacloro;µg/L;0;< 0,00005;705332;4207772;70042;TERCIARIO DE TORREVIEJA;Torrevieja;ALICANTE;748;TERCIARIO DE TORREVIEJA;TERCIARIO DE TORREVIEJA;320;Comunidad Valenciana
CA0748001;02/06/2020;HEPTACLEPO;EPOXIDO DE HEPTACLORO;µg/L;0;< 0,00005;705332;4207772;70042;TERCIARIO DE TORREVIEJA;Torrevieja;ALICANTE;748;TERCIARIO DE TORREVIEJA;TERCIARIO DE TORREVIEJA;320;Comunidad Valenciana
CA0748001;02/06/2020;HG;MERCURIO;µg/L Hg;0;< 0,045;705332;4207772;70042;TERCIARIO DE TORREVIEJA;Torrevieja;ALICANTE;748;TERCIARIO DE TORREVIEJA;TERCIARIO DE TORREVIEJA;320;Comunidad Valenciana
CA0748001;02/06/2020;ISODRIN;Isodrin;µg/L;0;< 0,00010;705332;4207772;70042;TERCIARIO DE TORREVIEJA;Torrevieja;ALICANTE;748;TERCIARIO DE TORREVIEJA;TERCIARIO DE TORREVIEJA;320;Comunidad Valenciana
CA0748001;02/06/2020;ISOPROPB;Isopropilbenceno (cumeno);µg/L;0;< 1,0;705332;4207772;70042;TERCIARIO DE TORREVIEJA;Torrevieja;ALICANTE;748;TERCIARIO DE TORREVIEJA;TERCIARIO DE TORREVIEJA;320;Comunidad Valenciana
CA0748001;02/06/2020;ISOPROPILTO;4-ISOPROPILTOLUENO;µg/L;0;< 1,0;705332;4207772;70042;TERCIARIO DE TORREVIEJA;Torrevieja;ALICANTE;748;TERCIARIO DE TORREVIEJA;TERCIARIO DE TORREVIEJA;320;Comunidad Valenciana
CA0748001;02/06/2020;ISOPROTURON;Isoproturón;µg/L;0;< 0,050;705332;4207772;70042;TERCIARIO DE TORREVIEJA;Torrevieja;ALICANTE;748;TERCIARIO DE TORREVIEJA;TERCIARIO DE TORREVIEJA;320;Comunidad Valenciana
CA0748001;02/06/2020;K;POTASIO;mg/L K;110;11;705332;4207772;70042;TERCIARIO DE TORREVIEJA;Torrevieja;ALICANTE;748;TERCIARIO DE TORREVIEJA;TERCIARIO DE TORREVIEJA;320;Comunidad Valenciana
CA0748001;02/06/2020;LIND;GAMMA-HCH (LINDANO);µg/L;0;< 0,00025;705332;4207772;70042;TERCIARIO DE TORREVIEJA;Torrevieja;ALICANTE;748;TERCIARIO DE TORREVIEJA;TERCIARIO DE TORREVIEJA;320;Comunidad Valenciana
CA0748001;02/06/2020;MCB;Clorobenceno (monoclorobenceno);µg/L;0;< 1,0;705332;4207772;70042;TERCIARIO DE TORREVIEJA;Torrevieja;ALICANTE;748;TERCIARIO DE TORREVIEJA;TERCIARIO DE TORREVIEJA;320;Comunidad Valenciana
CA0748001;02/06/2020;METOLACLORO;Metolacloro;µg/L;0;< 0,01000;705332;4207772;70042;TERCIARIO DE TORREVIEJA;Torrevieja;ALICANTE;748;TERCIARIO DE TORREVIEJA;TERCIARIO DE TORREVIEJA;320;Comunidad Valenciana
CA0748001;02/06/2020;METOXICLORO;Metoxicloro;µg/L;0;< 0,00025;705332;4207772;70042;TERCIARIO DE TORREVIEJA;Torrevieja;ALICANTE;748;TERCIARIO DE TORREVIEJA;TERCIARIO DE TORREVIEJA;320;Comunidad Valenciana
CA0748001;02/06/2020;METRIBUZINA;METRIBUZINA;µg/L;0;< 0,050;705332;4207772;70042;TERCIARIO DE TORREVIEJA;Torrevieja;ALICANTE;748;TERCIARIO DE TORREVIEJA;TERCIARIO DE TORREVIEJA;320;Comunidad Valenciana
CA0748001;02/06/2020;MG;MAGNESIO;mg/L Mg;280;28;705332;4207772;70042;TERCIARIO DE TORREVIEJA;Torrevieja;ALICANTE;748;TERCIARIO DE TORREVIEJA;TERCIARIO DE TORREVIEJA;320;Comunidad Valenciana
CA0748001;02/06/2020;MN;MANGANESO;µg/L Mn;0;< 5,0;705332;4207772;70042;TERCIARIO DE TORREVIEJA;Torrevieja;ALICANTE;748;TERCIARIO DE TORREVIEJA;TERCIARIO DE TORREVIEJA;320;Comunidad Valenciana
CA0748001;02/06/2020;;SODIO;mg/L Na;2050;> 200 (205)*;705332;4207772;70042;TERCIARIO DE TORREVIEJA;Torrevieja;ALICANTE;748;TERCIARIO DE TORREVIEJA;TERCIARIO DE TORREVIEJA;320;Comunidad Valenciana
CA0748001;02/06/2020;NAFTALENO;Naftaleno (naftalina);µg/L;0;< 1,0;705332;4207772;70042;TERCIARIO DE TORREVIEJA;Torrevieja;ALICANTE;748;TERCIARIO DE TORREVIEJA;TERCIARIO DE TORREVIEJA;320;Comunidad Valenciana
CA0748001;02/06/2020;N-BUB;N-BUTILBENCENO;µg/L;0;< 1,0;705332;4207772;70042;TERCIARIO DE TORREVIEJA;Torrevieja;ALICANTE;748;TERCIARIO DE TORREVIEJA;TERCIARIO DE TORREVIEJA;320;Comunidad Valenciana
CA0748001;02/06/2020;NH4;AMONIO;mg/L NH4;23;2,3;705332;4207772;70042;TERCIARIO DE TORREVIEJA;Torrevieja;ALICANTE;748;TERCIARIO DE TORREVIEJA;TERCIARIO DE TORREVIEJA;320;Comunidad Valenciana
CA0748001;02/06/2020;NI;NIQUEL;µg/L Ni;0;< 0,80;705332;4207772;70042;TERCIARIO DE TORREVIEJA;Torrevieja;ALICANTE;748;TERCIARIO DE TORREVIEJA;TERCIARIO DE TORREVIEJA;320;Comunidad Valenciana
CA0748001;02/06/2020;NO2;Nitritos;mg/L NO2;38;0,038;705332;4207772;70042;TERCIARIO DE TORREVIEJA;Torrevieja;ALICANTE;748;TERCIARIO DE TORREVIEJA;TERCIARIO DE TORREVIEJA;320;Comunidad Valenciana
CA0748001;02/06/2020;NO3;Nitratos;mg/L NO3;512;51,2;705332;4207772;70042;TERCIARIO DE TORREVIEJA;Torrevieja;ALICANTE;748;TERCIARIO DE TORREVIEJA;TERCIARIO DE TORREVIEJA;320;Comunidad Valenciana
CA0748001;02/06/2020;N-PROPILB;N-PROPILBENCENO;µg/L;0;< 1,0;705332;4207772;70042;TERCIARIO DE TORREVIEJA;Torrevieja;ALICANTE;748;TERCIARIO DE TORREVIEJA;TERCIARIO DE TORREVIEJA;320;Comunidad Valenciana
CA0748001;02/06/2020;NTOTAL;Nitrógeno total;mg/L N;95;9,5;705332;4207772;70042;TERCIARIO DE TORREVIEJA;Torrevieja;ALICANTE;748;TERCIARIO DE TORREVIEJA;TERCIARIO DE TORREVIEJA;320;Comunidad Valenciana
CA0748001;02/06/2020;O2 DTO;Oxigeno disuelto de campo (medida in situ);mg/L O2;685;6,85;705332;4207772;70042;TERCIARIO DE TORREVIEJA;Torrevieja;ALICANTE;748;TERCIARIO DE TORREVIEJA;TERCIARIO DE TORREVIEJA;320;Comunidad Valenciana
CA0748001;02/06/2020;O-DICLORO;1,2-diclorobenceno (o-diclorobenceno);µg/L;0;< 1,0;705332;4207772;70042;TERCIARIO DE TORREVIEJA;Torrevieja;ALICANTE;748;TERCIARIO DE TORREVIEJA;TERCIARIO DE TORREVIEJA;320;Comunidad Valenciana
CA0748001;02/06/2020;PAHEST;Estireno (etenilbenceno);µg/L;0;< 1,0;705332;4207772;70042;TERCIARIO DE TORREVIEJA;Torrevieja;ALICANTE;748;TERCIARIO DE TORREVIEJA;TERCIARIO DE TORREVIEJA;320;Comunidad Valenciana
CA0748001;02/06/2020;PB;PLOMO;µg/L Pb;0;< 0,30;705332;4207772;70042;TERCIARIO DE TORREVIEJA;Torrevieja;ALICANTE;748;TERCIARIO DE TORREVIEJA;TERCIARIO DE TORREVIEJA;320;Comunidad Valenciana
CA0748001;02/06/2020;PER;Tetracloroetileno (PER, Percloroetileno);µg/L;0;< 1,0;705332;4207772;70042;TERCIARIO DE TORREVIEJA;Torrevieja;ALICANTE;748;TERCIARIO DE TORREVIEJA;TERCIARIO DE TORREVIEJA;320;Comunidad Valenciana
CA0748001;02/06/2020;PHSITU;pH de campo (medida in situ);udpH;69;6,90 (22.1ºC);705332;4207772;70042;TERCIARIO DE TORREVIEJA;Torrevieja;ALICANTE;748;TERCIARIO DE TORREVIEJA;TERCIARIO DE TORREVIEJA;320;Comunidad Valenciana
CA0748001;02/06/2020;PO4;Fosfatos;mg/L PO4;0;< 0,04;705332;4207772;70042;TERCIARIO DE TORREVIEJA;Torrevieja;ALICANTE;748;TERCIARIO DE TORREVIEJA;TERCIARIO DE TORREVIEJA;320;Comunidad Valenciana
CA0748001;02/06/2020;PTOTAL;FOSFORO TOTAL;mg/L P;0;< 0,050;705332;4207772;70042;TERCIARIO DE TORREVIEJA;Torrevieja;ALICANTE;748;TERCIARIO DE TORREVIEJA;TERCIARIO DE TORREVIEJA;320;Comunidad Valenciana
CA0748001;02/06/2020;QUI;Quinoxifeno;µg/L;0;< 0,00200;705332;4207772;70042;TERCIARIO DE TORREVIEJA;Torrevieja;ALICANTE;748;TERCIARIO DE TORREVIEJA;TERCIARIO DE TORREVIEJA;320;Comunidad Valenciana
CA0748001;02/06/2020;SATINSI;Porcentaje de saturación de oxígeno disuelto de campo (medido in situ);% O2;798;79,8;705332;4207772;70042;TERCIARIO DE TORREVIEJA;Torrevieja;ALICANTE;748;TERCIARIO DE TORREVIEJA;TERCIARIO DE TORREVIEJA;320;Comunidad Valenciana
CA0748001;02/06/2020;S-DDD-DDT;Suma p,p´-DDD + o,p´-DDT;µg/L;0;< 0,00050;705332;4207772;70042;TERCIARIO DE TORREVIEJA;Torrevieja;ALICANTE;748;TERCIARIO DE TORREVIEJA;TERCIARIO DE TORREVIEJA;320;Comunidad Valenciana
CA0748001;02/06/2020;SE;SELENIO;µg/L Se;18;1,8;705332;4207772;70042;TERCIARIO DE TORREVIEJA;Torrevieja;ALICANTE;748;TERCIARIO DE TORREVIEJA;TERCIARIO DE TORREVIEJA;320;Comunidad Valenciana
CA0748001;02/06/2020;SECBUTB;SEC-BUTILBENCENO;µg/L;0;< 1,0;705332;4207772;70042;TERCIARIO DE TORREVIEJA;Torrevieja;ALICANTE;748;TERCIARIO DE TORREVIEJA;TERCIARIO DE TORREVIEJA;320;Comunidad Valenciana
CA0748001;02/06/2020;SIMAZINA;Simazina;µg/L;0;< 0,050;705332;4207772;70042;TERCIARIO DE TORREVIEJA;Torrevieja;ALICANTE;748;TERCIARIO DE TORREVIEJA;TERCIARIO DE TORREVIEJA;320;Comunidad Valenciana
CA0748001;02/06/2020;SUMAXILENO;Xileno (dimetilbenceno) (suma o-, m- y p-xileno);µg/L;0;< 3,0;705332;4207772;70042;TERCIARIO DE TORREVIEJA;Torrevieja;ALICANTE;748;TERCIARIO DE TORREVIEJA;TERCIARIO DE TORREVIEJA;320;Comunidad Valenciana
CA0748001;02/06/2020;SUMCIPER;CIPERMETRINA (SUMA ISOMEROS ALFA+BETA+TETA+ZETA);µg/L;0;< 0,00008;705332;4207772;70042;TERCIARIO DE TORREVIEJA;Torrevieja;ALICANTE;748;TERCIARIO DE TORREVIEJA;TERCIARIO DE TORREVIEJA;320;Comunidad Valenciana
CA0748001;02/06/2020;SUMDCB;Diclorobenceno (suma isómeros);µg/L;0;< 3,0;705332;4207772;70042;TERCIARIO DE TORREVIEJA;Torrevieja;ALICANTE;748;TERCIARIO DE TORREVIEJA;TERCIARIO DE TORREVIEJA;320;Comunidad Valenciana
CA0748001;02/06/2020;SUMDDT;DDT TOTAL (SUMA P,P'-DDT+O,P'-DDT+P,P'-DDE+P,P'-DDD);µg/L;0;< 0,00100;705332;4207772;70042;TERCIARIO DE TORREVIEJA;Torrevieja;ALICANTE;748;TERCIARIO DE TORREVIEJA;TERCIARIO DE TORREVIEJA;320;Comunidad Valenciana
CA0748001;02/06/2020;SUMHCH;HEXACLOROCICLOHEXANO (HCH) (SUMA ISOMEROS);µg/L;0;< 0,00060;705332;4207772;70042;TERCIARIO DE TORREVIEJA;Torrevieja;ALICANTE;748;TERCIARIO DE TORREVIEJA;TERCIARIO DE TORREVIEJA;320;Comunidad Valenciana
CA0748001;02/06/2020;SUMTCBEN;"Triclorobenceno (suma isómeros 1,2,3-; 1,2,4- y 1,3,5- TCB)";µg/L;0;< 0,12;705332;4207772;70042;TERCIARIO DE TORREVIEJA;Torrevieja;ALICANTE;748;TERCIARIO DE TORREVIEJA;TERCIARIO DE TORREVIEJA;320;Comunidad Valenciana
CA0748001;02/06/2020;SUO4;Sulfatos;mg/L SO4;1400;140;705332;4207772;70042;TERCIARIO DE TORREVIEJA;Torrevieja;ALICANTE;748;TERCIARIO DE TORREVIEJA;TERCIARIO DE TORREVIEJA;320;Comunidad Valenciana
CA0748001;02/06/2020;TAGUA;"TEMPERATURA ""IN SITU""";ºC;221;22,1;705332;4207772;70042;TERCIARIO DE TORREVIEJA;Torrevieja;ALICANTE;748;TERCIARIO DE TORREVIEJA;TERCIARIO DE TORREVIEJA;320;Comunidad Valenciana
CA0748001;02/06/2020;TBUTB;TERC-BUTILBENCENO;µg/L;0;< 1,0;705332;4207772;70042;TERCIARIO DE TORREVIEJA;Torrevieja;ALICANTE;748;TERCIARIO DE TORREVIEJA;TERCIARIO DE TORREVIEJA;320;Comunidad Valenciana
CA0748001;02/06/2020;TCB123;1,2,3-Triclorobenceno;µg/L;0;< 0,040;705332;4207772;70042;TERCIARIO DE TORREVIEJA;Torrevieja;ALICANTE;748;TERCIARIO DE TORREVIEJA;TERCIARIO DE TORREVIEJA;320;Comunidad Valenciana
CA0748001;02/06/2020;TCB124;1,2,4-Triclorobenceno;µg/L;0;< 0,040;705332;4207772;70042;TERCIARIO DE TORREVIEJA;Torrevieja;ALICANTE;748;TERCIARIO DE TORREVIEJA;TERCIARIO DE TORREVIEJA;320;Comunidad Valenciana
CA0748001;02/06/2020;TCB135;1,3,5-Triclorobenceno;µg/L;0;< 0,040;705332;4207772;70042;TERCIARIO DE TORREVIEJA;Torrevieja;ALICANTE;748;TERCIARIO DE TORREVIEJA;TERCIARIO DE TORREVIEJA;320;Comunidad Valenciana
CA0748001;02/06/2020;TCE;1,1,1-TRICLOROETANO;µg/L;0;< 1,0;705332;4207772;70042;TERCIARIO DE TORREVIEJA;Torrevieja;ALICANTE;748;TERCIARIO DE TORREVIEJA;TERCIARIO DE TORREVIEJA;320;Comunidad Valenciana
CA0748001;02/06/2020;TERAZ;Terbutilazina;µg/L;0;< 0,050;705332;4207772;70042;TERCIARIO DE TORREVIEJA;Torrevieja;ALICANTE;748;TERCIARIO DE TORREVIEJA;TERCIARIO DE TORREVIEJA;320;Comunidad Valenciana
CA0748001;02/06/2020;TERBUTRINA;Terbutrina;µg/L;0;< 0,050;705332;4207772;70042;TERCIARIO DE TORREVIEJA;Torrevieja;ALICANTE;748;TERCIARIO DE TORREVIEJA;TERCIARIO DE TORREVIEJA;320;Comunidad Valenciana
CA0748001;02/06/2020;TETRA;Tetracloruro de carbono (Tetraclorometano, Perclorometano);µg/L;0;< 1,0;705332;4207772;70042;TERCIARIO DE TORREVIEJA;Torrevieja;ALICANTE;748;TERCIARIO DE TORREVIEJA;TERCIARIO DE TORREVIEJA;320;Comunidad Valenciana
CA0748001;02/06/2020;TETRTRI;Tricloroetileno + Tetracloroetileno (Percloroetileno);µg/L;0;< 2,0;705332;4207772;70042;TERCIARIO DE TORREVIEJA;Torrevieja;ALICANTE;748;TERCIARIO DE TORREVIEJA;TERCIARIO DE TORREVIEJA;320;Comunidad Valenciana
CA0748001;02/06/2020;THMBR;DIBROMOMETANO;µg/L;0;< 1,0;705332;4207772;70042;TERCIARIO DE TORREVIEJA;Torrevieja;ALICANTE;748;TERCIARIO DE TORREVIEJA;TERCIARIO DE TORREVIEJA;320;Comunidad Valenciana
CA0748001;02/06/2020;THMBR2CL;Bromodiclorometano;µg/l;0;< 1,0;705332;4207772;70042;TERCIARIO DE TORREVIEJA;Torrevieja;ALICANTE;748;TERCIARIO DE TORREVIEJA;TERCIARIO DE TORREVIEJA;320;Comunidad Valenciana
CA0748001;02/06/2020;THMBRCL;BROMOCLOROMETANO;µg/L;0;< 1,0;705332;4207772;70042;TERCIARIO DE TORREVIEJA;Torrevieja;ALICANTE;748;TERCIARIO DE TORREVIEJA;TERCIARIO DE TORREVIEJA;320;Comunidad Valenciana
CA0748001;02/06/2020;THMBRCL2;DIBROMOCLOROMETANO (Trihalometanos);µg/L;0;< 1,0;705332;4207772;70042;TERCIARIO DE TORREVIEJA;Torrevieja;ALICANTE;748;TERCIARIO DE TORREVIEJA;TERCIARIO DE TORREVIEJA;320;Comunidad Valenciana
CA0748001;02/06/2020;THMBRF;BROMOFORMO;µg/L;0;< 1,0;705332;4207772;70042;TERCIARIO DE TORREVIEJA;Torrevieja;ALICANTE;748;TERCIARIO DE TORREVIEJA;TERCIARIO DE TORREVIEJA;320;Comunidad Valenciana
CA0748001;02/06/2020;THMDCM;DICLOROMETANO;µg/L;0;< 6,0;705332;4207772;70042;TERCIARIO DE TORREVIEJA;Torrevieja;ALICANTE;748;TERCIARIO DE TORREVIEJA;TERCIARIO DE TORREVIEJA;320;Comunidad Valenciana
CA0748001;02/06/2020;TMB1;1,2,4-trimetilbenceno;µg/l;0;< 1,0;705332;4207772;70042;TERCIARIO DE TORREVIEJA;Torrevieja;ALICANTE;748;TERCIARIO DE TORREVIEJA;TERCIARIO DE TORREVIEJA;320;Comunidad Valenciana
CA0748001;02/06/2020;TMB2;1,3,5-TRIMETILBENCENO;µg/L;0;< 1,0;705332;4207772;70042;TERCIARIO DE TORREVIEJA;Torrevieja;ALICANTE;748;TERCIARIO DE TORREVIEJA;TERCIARIO DE TORREVIEJA;320;Comunidad Valenciana
CA0748001;02/06/2020;TOL;Tolueno (Metilbenceno);µg/L;0;< 1,0;705332;4207772;70042;TERCIARIO DE TORREVIEJA;Torrevieja;ALICANTE;748;TERCIARIO DE TORREVIEJA;TERCIARIO DE TORREVIEJA;320;Comunidad Valenciana
CA0748001;02/06/2020;TRIAZO_2;TRIAZOFOS;µg/L;0;< 0,0100;705332;4207772;70042;TERCIARIO DE TORREVIEJA;Torrevieja;ALICANTE;748;TERCIARIO DE TORREVIEJA;TERCIARIO DE TORREVIEJA;320;Comunidad Valenciana
CA0748001;02/06/2020;TRICLOET;Tricloroetileno (TRI);µg/L;0;< 1,0;705332;4207772;70042;TERCIARIO DE TORREVIEJA;Torrevieja;ALICANTE;748;TERCIARIO DE TORREVIEJA;TERCIARIO DE TORREVIEJA;320;Comunidad Valenciana
CA0748001;02/06/2020;TRIFLURALINA;Trifluralina;µg/L;0;< 0,0060;705332;4207772;70042;TERCIARIO DE TORREVIEJA;Torrevieja;ALICANTE;748;TERCIARIO DE TORREVIEJA;TERCIARIO DE TORREVIEJA;320;Comunidad Valenciana
CA0748001;02/06/2020;XILM+P;SUMA M+P XILENO;µg/L;0;< 2,0;705332;4207772;70042;TERCIARIO DE TORREVIEJA;Torrevieja;ALICANTE;748;TERCIARIO DE TORREVIEJA;TERCIARIO DE TORREVIEJA;320;Comunidad Valenciana
CA0748001;02/06/2020;XIL-O;O-XILENO;µg/L;0;< 1,0;705332;4207772;70042;TERCIARIO DE TORREVIEJA;Torrevieja;ALICANTE;748;TERCIARIO DE TORREVIEJA;TERCIARIO DE TORREVIEJA;320;Comunidad Valenciana
CA0748001;02/06/2020;ZN;ZINC;µg/l Zn;140;14;705332;4207772;70042;TERCIARIO DE TORREVIEJA;Torrevieja;ALICANTE;748;TERCIARIO DE TORREVIEJA;TERCIARIO DE TORREVIEJA;320;Comunidad Valenciana
CA0748001;26/08/2020;12DIBR;1,2-DIBROMOETANO;µg/L;0;< 1,0;705332;4207772;70042;TERCIARIO DE TORREVIEJA;Torrevieja;ALICANTE;748;TERCIARIO DE TORREVIEJA;TERCIARIO DE TORREVIEJA;320;Comunidad Valenciana
CA0748001;26/08/2020;2BR2CLPRO;1,2-DIBROMO-3-CLOROPROPANO;µg/L;0;< 2,0;705332;4207772;70042;TERCIARIO DE TORREVIEJA;Torrevieja;ALICANTE;748;TERCIARIO DE TORREVIEJA;TERCIARIO DE TORREVIEJA;320;Comunidad Valenciana
CA0748001;26/08/2020;2CLETA;1,1-DICLOROETANO;µg/L;0;< 1,0;705332;4207772;70042;TERCIARIO DE TORREVIEJA;Torrevieja;ALICANTE;748;TERCIARIO DE TORREVIEJA;TERCIARIO DE TORREVIEJA;320;Comunidad Valenciana
CA0748001;26/08/2020;2CLETE;1,1-DICLOROETENO;µg/L;0;< 1,0;705332;4207772;70042;TERCIARIO DE TORREVIEJA;Torrevieja;ALICANTE;748;TERCIARIO DE TORREVIEJA;TERCIARIO DE TORREVIEJA;320;Comunidad Valenciana
CA0748001;26/08/2020;2CLETE2;1,2-DICLOROETENO;µg/L;0;< 2,0;705332;4207772;70042;TERCIARIO DE TORREVIEJA;Torrevieja;ALICANTE;748;TERCIARIO DE TORREVIEJA;TERCIARIO DE TORREVIEJA;320;Comunidad Valenciana
CA0748001;26/08/2020;2CLETEN;TRANS-1,2-DICLOROETENO;µg/L;0;< 1,0;705332;4207772;70042;TERCIARIO DE TORREVIEJA;Torrevieja;ALICANTE;748;TERCIARIO DE TORREVIEJA;TERCIARIO DE TORREVIEJA;320;Comunidad Valenciana
CA0748001;26/08/2020;2CLPRO;1,3-DICLOROPROPANO;µg/L;0;< 1,0;705332;4207772;70042;TERCIARIO DE TORREVIEJA;Torrevieja;ALICANTE;748;TERCIARIO DE TORREVIEJA;TERCIARIO DE TORREVIEJA;320;Comunidad Valenciana
CA0748001;26/08/2020;2CLPROCIS;CIS-1,3-DICLOROPROPENO;µg/L;0;< 1,0;705332;4207772;70042;TERCIARIO DE TORREVIEJA;Torrevieja;ALICANTE;748;TERCIARIO DE TORREVIEJA;TERCIARIO DE TORREVIEJA;320;Comunidad Valenciana
CA0748001;26/08/2020;2CLPROPA;1,2-DICLOROPROPANO;µg/L;0;< 1,0;705332;4207772;70042;TERCIARIO DE TORREVIEJA;Torrevieja;ALICANTE;748;TERCIARIO DE TORREVIEJA;TERCIARIO DE TORREVIEJA;320;Comunidad Valenciana
CA0748001;26/08/2020;2CLPROPA2;2,2-DICLOROPROPANO;µg/L;0;< 1,0;705332;4207772;70042;TERCIARIO DE TORREVIEJA;Torrevieja;ALICANTE;748;TERCIARIO DE TORREVIEJA;TERCIARIO DE TORREVIEJA;320;Comunidad Valenciana
CA0748001;26/08/2020;2CLPROPE;1,1-DICLOROPROPENO;µg/L;0;< 1,0;705332;4207772;70042;TERCIARIO DE TORREVIEJA;Torrevieja;ALICANTE;748;TERCIARIO DE TORREVIEJA;TERCIARIO DE TORREVIEJA;320;Comunidad Valenciana
CA0748001;26/08/2020;2CLPROPE2;TRANS-1,3-DICLOROPROPENO;µg/L;0;< 1,0;705332;4207772;70042;TERCIARIO DE TORREVIEJA;Torrevieja;ALICANTE;748;TERCIARIO DE TORREVIEJA;TERCIARIO DE TORREVIEJA;320;Comunidad Valenciana
CA0748001;26/08/2020;3CLETA;1,1,2-TRICLOROETANO;µg/L;0;< 1,0;705332;4207772;70042;TERCIARIO DE TORREVIEJA;Torrevieja;ALICANTE;748;TERCIARIO DE TORREVIEJA;TERCIARIO DE TORREVIEJA;320;Comunidad Valenciana
CA0748001;26/08/2020;3CLPRO;1,2,3-TRICLOROPROPANO;µg/L;0;< 1,0;705332;4207772;70042;TERCIARIO DE TORREVIEJA;Torrevieja;ALICANTE;748;TERCIARIO DE TORREVIEJA;TERCIARIO DE TORREVIEJA;320;Comunidad Valenciana
CA0748001;26/08/2020;4CLETA;1,1,1,2-TETRACLOROETANO;µg/L;0;< 1,0;705332;4207772;70042;TERCIARIO DE TORREVIEJA;Torrevieja;ALICANTE;748;TERCIARIO DE TORREVIEJA;TERCIARIO DE TORREVIEJA;320;Comunidad Valenciana
CA0748001;26/08/2020;4CLETA2;1,1,2,2-TETRACLOROETANO;µg/L;0;< 1,0;705332;4207772;70042;TERCIARIO DE TORREVIEJA;Torrevieja;ALICANTE;748;TERCIARIO DE TORREVIEJA;TERCIARIO DE TORREVIEJA;320;Comunidad Valenciana
CA0748001;26/08/2020;6CLET;HEXACLOROETANO;µg/L;0;< 1,0;705332;4207772;70042;TERCIARIO DE TORREVIEJA;Torrevieja;ALICANTE;748;TERCIARIO DE TORREVIEJA;TERCIARIO DE TORREVIEJA;320;Comunidad Valenciana
CA0748001;26/08/2020;ACLONIFE;ACLONIFENO;µg/L;0;< 0,00200;705332;4207772;70042;TERCIARIO DE TORREVIEJA;Torrevieja;ALICANTE;748;TERCIARIO DE TORREVIEJA;TERCIARIO DE TORREVIEJA;320;Comunidad Valenciana
CA0748001;26/08/2020;ALACLORO;ALACLORO;µg/L;0;< 0,01000;705332;4207772;70042;TERCIARIO DE TORREVIEJA;Torrevieja;ALICANTE;748;TERCIARIO DE TORREVIEJA;TERCIARIO DE TORREVIEJA;320;Comunidad Valenciana
CA0748001;26/08/2020;ALDRIN;ALDRINA;µg/L;0;< 0,00025;705332;4207772;70042;TERCIARIO DE TORREVIEJA;Torrevieja;ALICANTE;748;TERCIARIO DE TORREVIEJA;TERCIARIO DE TORREVIEJA;320;Comunidad Valenciana
CA0748001;26/08/2020;AS;ARSENICO;µg/L As;0;< 5,0;705332;4207772;70042;TERCIARIO DE TORREVIEJA;Torrevieja;ALICANTE;748;TERCIARIO DE TORREVIEJA;TERCIARIO DE TORREVIEJA;320;Comunidad Valenciana
CA0748001;26/08/2020;ATRAZINA;ATRAZINA;µg/L;0;< 0,010;705332;4207772;70042;TERCIARIO DE TORREVIEJA;Torrevieja;ALICANTE;748;TERCIARIO DE TORREVIEJA;TERCIARIO DE TORREVIEJA;320;Comunidad Valenciana
CA0748001;26/08/2020;B;BORO;µg/L B;4100;410;705332;4207772;70042;TERCIARIO DE TORREVIEJA;Torrevieja;ALICANTE;748;TERCIARIO DE TORREVIEJA;TERCIARIO DE TORREVIEJA;320;Comunidad Valenciana
CA0748001;26/08/2020;BENCENO;BENCENO;µg/L;0;< 0,30;705332;4207772;70042;TERCIARIO DE TORREVIEJA;Torrevieja;ALICANTE;748;TERCIARIO DE TORREVIEJA;TERCIARIO DE TORREVIEJA;320;Comunidad Valenciana
CA0748001;26/08/2020;BICARB;BICARBONATOS;mg/L HCO3-;2090;209;705332;4207772;70042;TERCIARIO DE TORREVIEJA;Torrevieja;ALICANTE;748;TERCIARIO DE TORREVIEJA;TERCIARIO DE TORREVIEJA;320;Comunidad Valenciana
CA0748001;26/08/2020;BIFEN;BIFENOX;µg/L;0;< 0,00120;705332;4207772;70042;TERCIARIO DE TORREVIEJA;Torrevieja;ALICANTE;748;TERCIARIO DE TORREVIEJA;TERCIARIO DE TORREVIEJA;320;Comunidad Valenciana
CA0748001;26/08/2020;BRB;BROMOBENCENO;µg/L;0;< 1,0;705332;4207772;70042;TERCIARIO DE TORREVIEJA;Torrevieja;ALICANTE;748;TERCIARIO DE TORREVIEJA;TERCIARIO DE TORREVIEJA;320;Comunidad Valenciana
CA0748001;26/08/2020;BRFOSETIL;BROMOFOS ETIL;µg/L;0;< 0,0100;705332;4207772;70042;TERCIARIO DE TORREVIEJA;Torrevieja;ALICANTE;748;TERCIARIO DE TORREVIEJA;TERCIARIO DE TORREVIEJA;320;Comunidad Valenciana
CA0748001;26/08/2020;CA;CALCIO;mg/L Ca;570;57;705332;4207772;70042;TERCIARIO DE TORREVIEJA;Torrevieja;ALICANTE;748;TERCIARIO DE TORREVIEJA;TERCIARIO DE TORREVIEJA;320;Comunidad Valenciana
CA0748001;26/08/2020;CD;CADMIO;µg/L Cd;66;0,066;705332;4207772;70042;TERCIARIO DE TORREVIEJA;Torrevieja;ALICANTE;748;TERCIARIO DE TORREVIEJA;TERCIARIO DE TORREVIEJA;320;Comunidad Valenciana
CA0748001;26/08/2020;CIB;CIBUTRINA;µg/L;0;< 0,002;705332;4207772;70042;TERCIARIO DE TORREVIEJA;Torrevieja;ALICANTE;748;TERCIARIO DE TORREVIEJA;TERCIARIO DE TORREVIEJA;320;Comunidad Valenciana
CA0748001;26/08/2020;CL;Cloruros;mg/L Cl;4200;420;705332;4207772;70042;TERCIARIO DE TORREVIEJA;Torrevieja;ALICANTE;748;TERCIARIO DE TORREVIEJA;TERCIARIO DE TORREVIEJA;320;Comunidad Valenciana
CA0748001;26/08/2020;CLF;Cloroformo (Triclorometano);µg/L;0;< 2,0;705332;4207772;70042;TERCIARIO DE TORREVIEJA;Torrevieja;ALICANTE;748;TERCIARIO DE TORREVIEJA;TERCIARIO DE TORREVIEJA;320;Comunidad Valenciana
CA0748001;26/08/2020;CLORDANOCIS;CIS-CLORDANO;µg/L;0;< 0,00025;705332;4207772;70042;TERCIARIO DE TORREVIEJA;Torrevieja;ALICANTE;748;TERCIARIO DE TORREVIEJA;TERCIARIO DE TORREVIEJA;320;Comunidad Valenciana
CA0748001;26/08/2020;CLORDANOTR;TRANS-CLORDANO;µg/L;0;< 0,00025;705332;4207772;70042;TERCIARIO DE TORREVIEJA;Torrevieja;ALICANTE;748;TERCIARIO DE TORREVIEJA;TERCIARIO DE TORREVIEJA;320;Comunidad Valenciana
CA0748001;26/08/2020;CLOROFENVINFOS;Clorfenvinfos;µg/L;0;< 0,0100;705332;4207772;70042;TERCIARIO DE TORREVIEJA;Torrevieja;ALICANTE;748;TERCIARIO DE TORREVIEJA;TERCIARIO DE TORREVIEJA;320;Comunidad Valenciana
CA0748001;26/08/2020;CLOROPIRIFOS;Clorpirifos;µg/L;0;< 0,0050;705332;4207772;70042;TERCIARIO DE TORREVIEJA;Torrevieja;ALICANTE;748;TERCIARIO DE TORREVIEJA;TERCIARIO DE TORREVIEJA;320;Comunidad Valenciana
CA0748001;26/08/2020;CLORPIRIPME;CLOROPIRIFOS-METIL;µg/L;0;< 0,0100;705332;4207772;70042;TERCIARIO DE TORREVIEJA;Torrevieja;ALICANTE;748;TERCIARIO DE TORREVIEJA;TERCIARIO DE TORREVIEJA;320;Comunidad Valenciana
CA0748001;26/08/2020;CLTO2;4-CLOROTOLUENO;µg/L;0;< 1,0;705332;4207772;70042;TERCIARIO DE TORREVIEJA;Torrevieja;ALICANTE;748;TERCIARIO DE TORREVIEJA;TERCIARIO DE TORREVIEJA;320;Comunidad Valenciana
CA0748001;26/08/2020;CLTOL;2-CLOROTOLUENO;µg/L;0;< 1,0;705332;4207772;70042;TERCIARIO DE TORREVIEJA;Torrevieja;ALICANTE;748;TERCIARIO DE TORREVIEJA;TERCIARIO DE TORREVIEJA;320;Comunidad Valenciana
CA0748001;26/08/2020;CN;CIANUROS TOTALES;µg/L CN;0;<10;705332;4207772;70042;TERCIARIO DE TORREVIEJA;Torrevieja;ALICANTE;748;TERCIARIO DE TORREVIEJA;TERCIARIO DE TORREVIEJA;320;Comunidad Valenciana
CA0748001;26/08/2020;COND20SITU;Conductividad de campo (medida in situ);µS/cm;15710;1571;705332;4207772;70042;TERCIARIO DE TORREVIEJA;Torrevieja;ALICANTE;748;TERCIARIO DE TORREVIEJA;TERCIARIO DE TORREVIEJA;320;Comunidad Valenciana
CA0748001;26/08/2020;CR;CROMO;µg/L Cr;0;< 5,0;705332;4207772;70042;TERCIARIO DE TORREVIEJA;Torrevieja;ALICANTE;748;TERCIARIO DE TORREVIEJA;TERCIARIO DE TORREVIEJA;320;Comunidad Valenciana
CA0748001;26/08/2020;CU;COBRE;µg/L Cu;0;< 0,80;705332;4207772;70042;TERCIARIO DE TORREVIEJA;Torrevieja;ALICANTE;748;TERCIARIO DE TORREVIEJA;TERCIARIO DE TORREVIEJA;320;Comunidad Valenciana
CA0748001;26/08/2020;DCB-M;1,3-diclorobenceno (m-diclorobenceno);µg/L;0;< 1,0;705332;4207772;70042;TERCIARIO DE TORREVIEJA;Torrevieja;ALICANTE;748;TERCIARIO DE TORREVIEJA;TERCIARIO DE TORREVIEJA;320;Comunidad Valenciana
CA0748001;26/08/2020;DCB-P;1,4-diclorobenceno (p-diclorobenceno);µg/L;0;< 1,0;705332;4207772;70042;TERCIARIO DE TORREVIEJA;Torrevieja;ALICANTE;748;TERCIARIO DE TORREVIEJA;TERCIARIO DE TORREVIEJA;320;Comunidad Valenciana
CA0748001;26/08/2020;DCE;1,2-dicloroetano (EDC, cloruro de etileno);µg/L;0;< 1,0;705332;4207772;70042;TERCIARIO DE TORREVIEJA;Torrevieja;ALICANTE;748;TERCIARIO DE TORREVIEJA;TERCIARIO DE TORREVIEJA;320;Comunidad Valenciana
CA0748001;26/08/2020;DCV;DICLORVOS;µg/L;0;< 0,0006;705332;4207772;70042;TERCIARIO DE TORREVIEJA;Torrevieja;ALICANTE;748;TERCIARIO DE TORREVIEJA;TERCIARIO DE TORREVIEJA;320;Comunidad Valenciana
CA0748001;26/08/2020;DDDPP;P,P'-DDD;µg/L;0;< 0,00050;705332;4207772;70042;TERCIARIO DE TORREVIEJA;Torrevieja;ALICANTE;748;TERCIARIO DE TORREVIEJA;TERCIARIO DE TORREVIEJA;320;Comunidad Valenciana
CA0748001;26/08/2020;DDEPP;P,P'-DDE;µg/L;0;< 0,00025;705332;4207772;70042;TERCIARIO DE TORREVIEJA;Torrevieja;ALICANTE;748;TERCIARIO DE TORREVIEJA;TERCIARIO DE TORREVIEJA;320;Comunidad Valenciana
CA0748001;26/08/2020;DDTOP;O,P'-DDT;µg/L;0;< 0,00050;705332;4207772;70042;TERCIARIO DE TORREVIEJA;Torrevieja;ALICANTE;748;TERCIARIO DE TORREVIEJA;TERCIARIO DE TORREVIEJA;320;Comunidad Valenciana
CA0748001;26/08/2020;DDTPP;P,P'-DDT;µg/L;0;< 0,00025;705332;4207772;70042;TERCIARIO DE TORREVIEJA;Torrevieja;ALICANTE;748;TERCIARIO DE TORREVIEJA;TERCIARIO DE TORREVIEJA;320;Comunidad Valenciana
CA0748001;26/08/2020;DIAZINON;DIAZINON;µg/L;0;< 0,0100;705332;4207772;70042;TERCIARIO DE TORREVIEJA;Torrevieja;ALICANTE;748;TERCIARIO DE TORREVIEJA;TERCIARIO DE TORREVIEJA;320;Comunidad Valenciana
CA0748001;26/08/2020;DICLETE-CIS;CIS-1,2-DICLOROETENO;µg/L;0;< 1,0;705332;4207772;70042;TERCIARIO DE TORREVIEJA;Torrevieja;ALICANTE;748;TERCIARIO DE TORREVIEJA;TERCIARIO DE TORREVIEJA;320;Comunidad Valenciana
CA0748001;26/08/2020;DICOFOL;DICOFOL (P,P'-DICOFOL);µg/L;0;< 0,00039;705332;4207772;70042;TERCIARIO DE TORREVIEJA;Torrevieja;ALICANTE;748;TERCIARIO DE TORREVIEJA;TERCIARIO DE TORREVIEJA;320;Comunidad Valenciana
CA0748001;26/08/2020;DIELDRIN;Dieldrin;µg/L;0;< 0,00015;705332;4207772;70042;TERCIARIO DE TORREVIEJA;Torrevieja;ALICANTE;748;TERCIARIO DE TORREVIEJA;TERCIARIO DE TORREVIEJA;320;Comunidad Valenciana
CA0748001;26/08/2020;DIURON;DIURON;µg/L;0;< 0,050;705332;4207772;70042;TERCIARIO DE TORREVIEJA;Torrevieja;ALICANTE;748;TERCIARIO DE TORREVIEJA;TERCIARIO DE TORREVIEJA;320;Comunidad Valenciana
CA0748001;26/08/2020;DQO;DQO o Demanda Química de Oxígeno;mg/L O2;0;< 15;705332;4207772;70042;TERCIARIO DE TORREVIEJA;Torrevieja;ALICANTE;748;TERCIARIO DE TORREVIEJA;TERCIARIO DE TORREVIEJA;320;Comunidad Valenciana
CA0748001;26/08/2020;ENDOS;ENDOSULFAN (SUMA ISOMEROS ALFA+BETA);µg/L;0;< 0,00005;705332;4207772;70042;TERCIARIO DE TORREVIEJA;Torrevieja;ALICANTE;748;TERCIARIO DE TORREVIEJA;TERCIARIO DE TORREVIEJA;320;Comunidad Valenciana
CA0748001;26/08/2020;ENDOSULFAN;ALFA-ENDOSULFAN;µg/L;0;< 0,00005;705332;4207772;70042;TERCIARIO DE TORREVIEJA;Torrevieja;ALICANTE;748;TERCIARIO DE TORREVIEJA;TERCIARIO DE TORREVIEJA;320;Comunidad Valenciana
CA0748001;26/08/2020;ENDOSULFAN-BETA;BETA-ENDOSULFAN;µg/L;0;< 0,00005;705332;4207772;70042;TERCIARIO DE TORREVIEJA;Torrevieja;ALICANTE;748;TERCIARIO DE TORREVIEJA;TERCIARIO DE TORREVIEJA;320;Comunidad Valenciana
CA0748001;26/08/2020;ENDRIN;ENDRINA;µg/L;0;< 0,00150;705332;4207772;70042;TERCIARIO DE TORREVIEJA;Torrevieja;ALICANTE;748;TERCIARIO DE TORREVIEJA;TERCIARIO DE TORREVIEJA;320;Comunidad Valenciana
CA0748001;26/08/2020;ENDRINCE;Endrin cetona;µg/L;0;< 0,00025;705332;4207772;70042;TERCIARIO DE TORREVIEJA;Torrevieja;ALICANTE;748;TERCIARIO DE TORREVIEJA;TERCIARIO DE TORREVIEJA;320;Comunidad Valenciana
CA0748001;26/08/2020;ETBENCENO;Etilbenceno;µg/L;0;< 1,0;705332;4207772;70042;TERCIARIO DE TORREVIEJA;Torrevieja;ALICANTE;748;TERCIARIO DE TORREVIEJA;TERCIARIO DE TORREVIEJA;320;Comunidad Valenciana
CA0748001;26/08/2020;ETPARATION;Paration (paration etilo);µg/L;0;< 0,0100;705332;4207772;70042;TERCIARIO DE TORREVIEJA;Torrevieja;ALICANTE;748;TERCIARIO DE TORREVIEJA;TERCIARIO DE TORREVIEJA;320;Comunidad Valenciana
CA0748001;26/08/2020;F;Fluoruros;µg/L;3000;300;705332;4207772;70042;TERCIARIO DE TORREVIEJA;Torrevieja;ALICANTE;748;TERCIARIO DE TORREVIEJA;TERCIARIO DE TORREVIEJA;320;Comunidad Valenciana
CA0748001;26/08/2020;FE;HIERRO;µg/L;0;< 50;705332;4207772;70042;TERCIARIO DE TORREVIEJA;Torrevieja;ALICANTE;748;TERCIARIO DE TORREVIEJA;TERCIARIO DE TORREVIEJA;320;Comunidad Valenciana
CA0748001;26/08/2020;FENCLORFOS;FENCLORFOS;µg/L;0;< 0,0100;705332;4207772;70042;TERCIARIO DE TORREVIEJA;Torrevieja;ALICANTE;748;TERCIARIO DE TORREVIEJA;TERCIARIO DE TORREVIEJA;320;Comunidad Valenciana
CA0748001;26/08/2020;FONO;FONOFOS;µg/L;0;< 0,0100;705332;4207772;70042;TERCIARIO DE TORREVIEJA;Torrevieja;ALICANTE;748;TERCIARIO DE TORREVIEJA;TERCIARIO DE TORREVIEJA;320;Comunidad Valenciana
CA0748001;26/08/2020;HCB;Hexaclorobenceno (HCB, Perclorobenceno);µg/L;0;< 0,00250;705332;4207772;70042;TERCIARIO DE TORREVIEJA;Torrevieja;ALICANTE;748;TERCIARIO DE TORREVIEJA;TERCIARIO DE TORREVIEJA;320;Comunidad Valenciana
CA0748001;26/08/2020;HCBD;Hexaclorobutadieno (HCBD, Hexacloro-1,3-Butadieno);µg/L;0;< 0,060;705332;4207772;70042;TERCIARIO DE TORREVIEJA;Torrevieja;ALICANTE;748;TERCIARIO DE TORREVIEJA;TERCIARIO DE TORREVIEJA;320;Comunidad Valenciana
CA0748001;26/08/2020;HCHALFA;ALFA-HCH;µg/L;0;< 0,00005;705332;4207772;70042;TERCIARIO DE TORREVIEJA;Torrevieja;ALICANTE;748;TERCIARIO DE TORREVIEJA;TERCIARIO DE TORREVIEJA;320;Comunidad Valenciana
CA0748001;26/08/2020;HCHBETA;BETA-HCH;µg/L;0;< 0,00015;705332;4207772;70042;TERCIARIO DE TORREVIEJA;Torrevieja;ALICANTE;748;TERCIARIO DE TORREVIEJA;TERCIARIO DE TORREVIEJA;320;Comunidad Valenciana
CA0748001;26/08/2020;HCHDELTA;DELTA-HCH;µg/L;0;< 0,00015;705332;4207772;70042;TERCIARIO DE TORREVIEJA;Torrevieja;ALICANTE;748;TERCIARIO DE TORREVIEJA;TERCIARIO DE TORREVIEJA;320;Comunidad Valenciana
CA0748001;26/08/2020;HEPTACL;Heptacloro;µg/L;0;< 0,00005;705332;4207772;70042;TERCIARIO DE TORREVIEJA;Torrevieja;ALICANTE;748;TERCIARIO DE TORREVIEJA;TERCIARIO DE TORREVIEJA;320;Comunidad Valenciana
CA0748001;26/08/2020;HEPTACLEPO;EPOXIDO DE HEPTACLORO;µg/L;0;< 0,00005;705332;4207772;70042;TERCIARIO DE TORREVIEJA;Torrevieja;ALICANTE;748;TERCIARIO DE TORREVIEJA;TERCIARIO DE TORREVIEJA;320;Comunidad Valenciana
CA0748001;26/08/2020;HG;MERCURIO;µg/L Hg;0;< 0,045;705332;4207772;70042;TERCIARIO DE TORREVIEJA;Torrevieja;ALICANTE;748;TERCIARIO DE TORREVIEJA;TERCIARIO DE TORREVIEJA;320;Comunidad Valenciana
CA0748001;26/08/2020;ISODRIN;Isodrin;µg/L;0;< 0,00010;705332;4207772;70042;TERCIARIO DE TORREVIEJA;Torrevieja;ALICANTE;748;TERCIARIO DE TORREVIEJA;TERCIARIO DE TORREVIEJA;320;Comunidad Valenciana
CA0748001;26/08/2020;ISOPROPB;Isopropilbenceno (cumeno);µg/L;0;< 1,0;705332;4207772;70042;TERCIARIO DE TORREVIEJA;Torrevieja;ALICANTE;748;TERCIARIO DE TORREVIEJA;TERCIARIO DE TORREVIEJA;320;Comunidad Valenciana
CA0748001;26/08/2020;ISOPROPILTO;4-ISOPROPILTOLUENO;µg/L;0;< 1,0;705332;4207772;70042;TERCIARIO DE TORREVIEJA;Torrevieja;ALICANTE;748;TERCIARIO DE TORREVIEJA;TERCIARIO DE TORREVIEJA;320;Comunidad Valenciana
CA0748001;26/08/2020;ISOPROTURON;Isoproturón;µg/L;0;< 0,050;705332;4207772;70042;TERCIARIO DE TORREVIEJA;Torrevieja;ALICANTE;748;TERCIARIO DE TORREVIEJA;TERCIARIO DE TORREVIEJA;320;Comunidad Valenciana
CA0748001;26/08/2020;K;POTASIO;mg/L K;150;15;705332;4207772;70042;TERCIARIO DE TORREVIEJA;Torrevieja;ALICANTE;748;TERCIARIO DE TORREVIEJA;TERCIARIO DE TORREVIEJA;320;Comunidad Valenciana
CA0748001;26/08/2020;LIND;GAMMA-HCH (LINDANO);µg/L;0;< 0,00025;705332;4207772;70042;TERCIARIO DE TORREVIEJA;Torrevieja;ALICANTE;748;TERCIARIO DE TORREVIEJA;TERCIARIO DE TORREVIEJA;320;Comunidad Valenciana
CA0748001;26/08/2020;MCB;Clorobenceno (monoclorobenceno);µg/L;0;< 1,0;705332;4207772;70042;TERCIARIO DE TORREVIEJA;Torrevieja;ALICANTE;748;TERCIARIO DE TORREVIEJA;TERCIARIO DE TORREVIEJA;320;Comunidad Valenciana
CA0748001;26/08/2020;METOLACLORO;Metolacloro;µg/L;0;< 0,01000;705332;4207772;70042;TERCIARIO DE TORREVIEJA;Torrevieja;ALICANTE;748;TERCIARIO DE TORREVIEJA;TERCIARIO DE TORREVIEJA;320;Comunidad Valenciana
CA0748001;26/08/2020;METOXICLORO;Metoxicloro;µg/L;0;< 0,00025;705332;4207772;70042;TERCIARIO DE TORREVIEJA;Torrevieja;ALICANTE;748;TERCIARIO DE TORREVIEJA;TERCIARIO DE TORREVIEJA;320;Comunidad Valenciana
CA0748001;26/08/2020;METRIBUZINA;METRIBUZINA;µg/L;0;< 0,050;705332;4207772;70042;TERCIARIO DE TORREVIEJA;Torrevieja;ALICANTE;748;TERCIARIO DE TORREVIEJA;TERCIARIO DE TORREVIEJA;320;Comunidad Valenciana
CA0748001;26/08/2020;MG;MAGNESIO;mg/L Mg;330;33;705332;4207772;70042;TERCIARIO DE TORREVIEJA;Torrevieja;ALICANTE;748;TERCIARIO DE TORREVIEJA;TERCIARIO DE TORREVIEJA;320;Comunidad Valenciana
CA0748001;26/08/2020;MN;MANGANESO;µg/L Mn;0;< 5,0;705332;4207772;70042;TERCIARIO DE TORREVIEJA;Torrevieja;ALICANTE;748;TERCIARIO DE TORREVIEJA;TERCIARIO DE TORREVIEJA;320;Comunidad Valenciana
CA0748001;26/08/2020;;SODIO;mg/L Na;2850;> 200 (285)*;705332;4207772;70042;TERCIARIO DE TORREVIEJA;Torrevieja;ALICANTE;748;TERCIARIO DE TORREVIEJA;TERCIARIO DE TORREVIEJA;320;Comunidad Valenciana
CA0748001;26/08/2020;NAFTALENO;Naftaleno (naftalina);µg/L;0;< 0,30;705332;4207772;70042;TERCIARIO DE TORREVIEJA;Torrevieja;ALICANTE;748;TERCIARIO DE TORREVIEJA;TERCIARIO DE TORREVIEJA;320;Comunidad Valenciana
CA0748001;26/08/2020;N-BUB;N-BUTILBENCENO;µg/L;0;< 1,0;705332;4207772;70042;TERCIARIO DE TORREVIEJA;Torrevieja;ALICANTE;748;TERCIARIO DE TORREVIEJA;TERCIARIO DE TORREVIEJA;320;Comunidad Valenciana
CA0748001;26/08/2020;NH4;AMONIO;mg/L NH4;0;< 0,10;705332;4207772;70042;TERCIARIO DE TORREVIEJA;Torrevieja;ALICANTE;748;TERCIARIO DE TORREVIEJA;TERCIARIO DE TORREVIEJA;320;Comunidad Valenciana
CA0748001;26/08/2020;NI;NIQUEL;µg/L Ni;0;< 0,80;705332;4207772;70042;TERCIARIO DE TORREVIEJA;Torrevieja;ALICANTE;748;TERCIARIO DE TORREVIEJA;TERCIARIO DE TORREVIEJA;320;Comunidad Valenciana
CA0748001;26/08/2020;NO2;Nitritos;mg/L NO2;31;0,031;705332;4207772;70042;TERCIARIO DE TORREVIEJA;Torrevieja;ALICANTE;748;TERCIARIO DE TORREVIEJA;TERCIARIO DE TORREVIEJA;320;Comunidad Valenciana
CA0748001;26/08/2020;NO3;Nitratos;mg/L NO3;460;46;705332;4207772;70042;TERCIARIO DE TORREVIEJA;Torrevieja;ALICANTE;748;TERCIARIO DE TORREVIEJA;TERCIARIO DE TORREVIEJA;320;Comunidad Valenciana
CA0748001;26/08/2020;N-PROPILB;N-PROPILBENCENO;µg/L;0;< 1,0;705332;4207772;70042;TERCIARIO DE TORREVIEJA;Torrevieja;ALICANTE;748;TERCIARIO DE TORREVIEJA;TERCIARIO DE TORREVIEJA;320;Comunidad Valenciana
CA0748001;26/08/2020;NTOTAL;Nitrógeno total;mg/L N;90;9;705332;4207772;70042;TERCIARIO DE TORREVIEJA;Torrevieja;ALICANTE;748;TERCIARIO DE TORREVIEJA;TERCIARIO DE TORREVIEJA;320;Comunidad Valenciana
CA0748001;26/08/2020;O2 DTO;Oxigeno disuelto de campo (medida in situ);mg/L O2;72;7,2;705332;4207772;70042;TERCIARIO DE TORREVIEJA;Torrevieja;ALICANTE;748;TERCIARIO DE TORREVIEJA;TERCIARIO DE TORREVIEJA;320;Comunidad Valenciana
CA0748001;26/08/2020;O-DICLORO;1,2-diclorobenceno (o-diclorobenceno);µg/L;0;< 1,0;705332;4207772;70042;TERCIARIO DE TORREVIEJA;Torrevieja;ALICANTE;748;TERCIARIO DE TORREVIEJA;TERCIARIO DE TORREVIEJA;320;Comunidad Valenciana
CA0748001;26/08/2020;PAHEST;Estireno (etenilbenceno);µg/L;0;< 1,0;705332;4207772;70042;TERCIARIO DE TORREVIEJA;Torrevieja;ALICANTE;748;TERCIARIO DE TORREVIEJA;TERCIARIO DE TORREVIEJA;320;Comunidad Valenciana
CA0748001;26/08/2020;PB;PLOMO;µg/L Pb;0;< 0,30;705332;4207772;70042;TERCIARIO DE TORREVIEJA;Torrevieja;ALICANTE;748;TERCIARIO DE TORREVIEJA;TERCIARIO DE TORREVIEJA;320;Comunidad Valenciana
CA0748001;26/08/2020;PER;Tetracloroetileno (PER, Percloroetileno);µg/L;0;< 1,0;705332;4207772;70042;TERCIARIO DE TORREVIEJA;Torrevieja;ALICANTE;748;TERCIARIO DE TORREVIEJA;TERCIARIO DE TORREVIEJA;320;Comunidad Valenciana
CA0748001;26/08/2020;PHSITU;pH de campo (medida in situ);udpH;75;7,50 (23.5ºC);705332;4207772;70042;TERCIARIO DE TORREVIEJA;Torrevieja;ALICANTE;748;TERCIARIO DE TORREVIEJA;TERCIARIO DE TORREVIEJA;320;Comunidad Valenciana
CA0748001;26/08/2020;PO4;Fosfatos;mg/L PO4;0;< 0,04;705332;4207772;70042;TERCIARIO DE TORREVIEJA;Torrevieja;ALICANTE;748;TERCIARIO DE TORREVIEJA;TERCIARIO DE TORREVIEJA;320;Comunidad Valenciana
CA0748001;26/08/2020;PTOTAL;FOSFORO TOTAL;mg/L P;0;< 0,050;705332;4207772;70042;TERCIARIO DE TORREVIEJA;Torrevieja;ALICANTE;748;TERCIARIO DE TORREVIEJA;TERCIARIO DE TORREVIEJA;320;Comunidad Valenciana
CA0748001;26/08/2020;QUI;Quinoxifeno;µg/L;0;< 0,00200;705332;4207772;70042;TERCIARIO DE TORREVIEJA;Torrevieja;ALICANTE;748;TERCIARIO DE TORREVIEJA;TERCIARIO DE TORREVIEJA;320;Comunidad Valenciana
CA0748001;26/08/2020;SATINSI;Porcentaje de saturación de oxígeno disuelto de campo (medido in situ);% O2;853;85,3;705332;4207772;70042;TERCIARIO DE TORREVIEJA;Torrevieja;ALICANTE;748;TERCIARIO DE TORREVIEJA;TERCIARIO DE TORREVIEJA;320;Comunidad Valenciana
CA0748001;26/08/2020;S-DDD-DDT;Suma p,p´-DDD + o,p´-DDT;µg/L;0;< 0,00050;705332;4207772;70042;TERCIARIO DE TORREVIEJA;Torrevieja;ALICANTE;748;TERCIARIO DE TORREVIEJA;TERCIARIO DE TORREVIEJA;320;Comunidad Valenciana
CA0748001;26/08/2020;SE;SELENIO;µg/L Se;19;1,9;705332;4207772;70042;TERCIARIO DE TORREVIEJA;Torrevieja;ALICANTE;748;TERCIARIO DE TORREVIEJA;TERCIARIO DE TORREVIEJA;320;Comunidad Valenciana
CA0748001;26/08/2020;SECBUTB;SEC-BUTILBENCENO;µg/L;0;< 1,0;705332;4207772;70042;TERCIARIO DE TORREVIEJA;Torrevieja;ALICANTE;748;TERCIARIO DE TORREVIEJA;TERCIARIO DE TORREVIEJA;320;Comunidad Valenciana
CA0748001;26/08/2020;SIMAZINA;Simazina;µg/L;0;< 0,050;705332;4207772;70042;TERCIARIO DE TORREVIEJA;Torrevieja;ALICANTE;748;TERCIARIO DE TORREVIEJA;TERCIARIO DE TORREVIEJA;320;Comunidad Valenciana
CA0748001;26/08/2020;SUMAXILENO;Xileno (dimetilbenceno) (suma o-, m- y p-xileno);µg/L;0;< 3,0;705332;4207772;70042;TERCIARIO DE TORREVIEJA;Torrevieja;ALICANTE;748;TERCIARIO DE TORREVIEJA;TERCIARIO DE TORREVIEJA;320;Comunidad Valenciana
CA0748001;26/08/2020;SUMCIPER;CIPERMETRINA (SUMA ISOMEROS ALFA+BETA+TETA+ZETA);µg/L;0;< 0,00008;705332;4207772;70042;TERCIARIO DE TORREVIEJA;Torrevieja;ALICANTE;748;TERCIARIO DE TORREVIEJA;TERCIARIO DE TORREVIEJA;320;Comunidad Valenciana
CA0748001;26/08/2020;SUMDCB;Diclorobenceno (suma isómeros);µg/L;0;< 3,0;705332;4207772;70042;TERCIARIO DE TORREVIEJA;Torrevieja;ALICANTE;748;TERCIARIO DE TORREVIEJA;TERCIARIO DE TORREVIEJA;320;Comunidad Valenciana
CA0748001;26/08/2020;SUMDDT;DDT TOTAL (SUMA P,P'-DDT+O,P'-DDT+P,P'-DDE+P,P'-DDD);µg/L;0;< 0,00100;705332;4207772;70042;TERCIARIO DE TORREVIEJA;Torrevieja;ALICANTE;748;TERCIARIO DE TORREVIEJA;TERCIARIO DE TORREVIEJA;320;Comunidad Valenciana
CA0748001;26/08/2020;SUMHCH;HEXACLOROCICLOHEXANO (HCH) (SUMA ISOMEROS);µg/L;0;< 0,00060;705332;4207772;70042;TERCIARIO DE TORREVIEJA;Torrevieja;ALICANTE;748;TERCIARIO DE TORREVIEJA;TERCIARIO DE TORREVIEJA;320;Comunidad Valenciana
CA0748001;26/08/2020;SUMTCBEN;"Triclorobenceno (suma isómeros 1,2,3-; 1,2,4- y 1,3,5- TCB)";µg/L;0;< 0,18;705332;4207772;70042;TERCIARIO DE TORREVIEJA;Torrevieja;ALICANTE;748;TERCIARIO DE TORREVIEJA;TERCIARIO DE TORREVIEJA;320;Comunidad Valenciana
CA0748001;26/08/2020;SUO4;Sulfatos;mg/L SO4;1290;129;705332;4207772;70042;TERCIARIO DE TORREVIEJA;Torrevieja;ALICANTE;748;TERCIARIO DE TORREVIEJA;TERCIARIO DE TORREVIEJA;320;Comunidad Valenciana
CA0748001;26/08/2020;TAGUA;"TEMPERATURA ""IN SITU""";ºC;235;23,5;705332;4207772;70042;TERCIARIO DE TORREVIEJA;Torrevieja;ALICANTE;748;TERCIARIO DE TORREVIEJA;TERCIARIO DE TORREVIEJA;320;Comunidad Valenciana
CA0748001;26/08/2020;TBUTB;TERC-BUTILBENCENO;µg/L;0;< 1,0;705332;4207772;70042;TERCIARIO DE TORREVIEJA;Torrevieja;ALICANTE;748;TERCIARIO DE TORREVIEJA;TERCIARIO DE TORREVIEJA;320;Comunidad Valenciana
CA0748001;26/08/2020;TCB123;1,2,3-Triclorobenceno;µg/L;0;< 0,060;705332;4207772;70042;TERCIARIO DE TORREVIEJA;Torrevieja;ALICANTE;748;TERCIARIO DE TORREVIEJA;TERCIARIO DE TORREVIEJA;320;Comunidad Valenciana
CA0748001;26/08/2020;TCB124;1,2,4-Triclorobenceno;µg/L;0;< 0,060;705332;4207772;70042;TERCIARIO DE TORREVIEJA;Torrevieja;ALICANTE;748;TERCIARIO DE TORREVIEJA;TERCIARIO DE TORREVIEJA;320;Comunidad Valenciana
CA0748001;26/08/2020;TCB135;1,3,5-Triclorobenceno;µg/L;0;< 0,060;705332;4207772;70042;TERCIARIO DE TORREVIEJA;Torrevieja;ALICANTE;748;TERCIARIO DE TORREVIEJA;TERCIARIO DE TORREVIEJA;320;Comunidad Valenciana
CA0748001;26/08/2020;TCE;1,1,1-TRICLOROETANO;µg/L;0;< 1,0;705332;4207772;70042;TERCIARIO DE TORREVIEJA;Torrevieja;ALICANTE;748;TERCIARIO DE TORREVIEJA;TERCIARIO DE TORREVIEJA;320;Comunidad Valenciana
CA0748001;26/08/2020;TERAZ;Terbutilazina;µg/L;0;< 0,050;705332;4207772;70042;TERCIARIO DE TORREVIEJA;Torrevieja;ALICANTE;748;TERCIARIO DE TORREVIEJA;TERCIARIO DE TORREVIEJA;320;Comunidad Valenciana
CA0748001;26/08/2020;TERBUTRINA;Terbutrina;µg/L;0;< 0,050;705332;4207772;70042;TERCIARIO DE TORREVIEJA;Torrevieja;ALICANTE;748;TERCIARIO DE TORREVIEJA;TERCIARIO DE TORREVIEJA;320;Comunidad Valenciana
CA0748001;26/08/2020;TETRA;Tetracloruro de carbono (Tetraclorometano, Perclorometano);µg/L;0;< 1,0;705332;4207772;70042;TERCIARIO DE TORREVIEJA;Torrevieja;ALICANTE;748;TERCIARIO DE TORREVIEJA;TERCIARIO DE TORREVIEJA;320;Comunidad Valenciana
CA0748001;26/08/2020;TETRTRI;Tricloroetileno + Tetracloroetileno (Percloroetileno);µg/L;0;< 2,0;705332;4207772;70042;TERCIARIO DE TORREVIEJA;Torrevieja;ALICANTE;748;TERCIARIO DE TORREVIEJA;TERCIARIO DE TORREVIEJA;320;Comunidad Valenciana
CA0748001;26/08/2020;THMBR;DIBROMOMETANO;µg/L;0;< 1,0;705332;4207772;70042;TERCIARIO DE TORREVIEJA;Torrevieja;ALICANTE;748;TERCIARIO DE TORREVIEJA;TERCIARIO DE TORREVIEJA;320;Comunidad Valenciana
CA0748001;26/08/2020;THMBR2CL;Bromodiclorometano;µg/l;0;< 1,0;705332;4207772;70042;TERCIARIO DE TORREVIEJA;Torrevieja;ALICANTE;748;TERCIARIO DE TORREVIEJA;TERCIARIO DE TORREVIEJA;320;Comunidad Valenciana
CA0748001;26/08/2020;THMBRCL;BROMOCLOROMETANO;µg/L;0;< 1,0;705332;4207772;70042;TERCIARIO DE TORREVIEJA;Torrevieja;ALICANTE;748;TERCIARIO DE TORREVIEJA;TERCIARIO DE TORREVIEJA;320;Comunidad Valenciana
CA0748001;26/08/2020;THMBRCL2;DIBROMOCLOROMETANO (Trihalometanos);µg/L;0;< 1,0;705332;4207772;70042;TERCIARIO DE TORREVIEJA;Torrevieja;ALICANTE;748;TERCIARIO DE TORREVIEJA;TERCIARIO DE TORREVIEJA;320;Comunidad Valenciana
CA0748001;26/08/2020;THMBRF;BROMOFORMO;µg/L;0;< 1,0;705332;4207772;70042;TERCIARIO DE TORREVIEJA;Torrevieja;ALICANTE;748;TERCIARIO DE TORREVIEJA;TERCIARIO DE TORREVIEJA;320;Comunidad Valenciana
CA0748001;26/08/2020;THMDCM;DICLOROMETANO;µg/L;0;< 20;705332;4207772;70042;TERCIARIO DE TORREVIEJA;Torrevieja;ALICANTE;748;TERCIARIO DE TORREVIEJA;TERCIARIO DE TORREVIEJA;320;Comunidad Valenciana
CA0748001;26/08/2020;TMB1;1,2,4-trimetilbenceno;µg/l;0;< 1,0;705332;4207772;70042;TERCIARIO DE TORREVIEJA;Torrevieja;ALICANTE;748;TERCIARIO DE TORREVIEJA;TERCIARIO DE TORREVIEJA;320;Comunidad Valenciana
CA0748001;26/08/2020;TMB2;1,3,5-TRIMETILBENCENO;µg/L;0;< 1,0;705332;4207772;70042;TERCIARIO DE TORREVIEJA;Torrevieja;ALICANTE;748;TERCIARIO DE TORREVIEJA;TERCIARIO DE TORREVIEJA;320;Comunidad Valenciana
CA0748001;26/08/2020;TOL;Tolueno (Metilbenceno);µg/L;0;< 1,0;705332;4207772;70042;TERCIARIO DE TORREVIEJA;Torrevieja;ALICANTE;748;TERCIARIO DE TORREVIEJA;TERCIARIO DE TORREVIEJA;320;Comunidad Valenciana
CA0748001;26/08/2020;TRIAZO_2;TRIAZOFOS;µg/L;0;< 0,0100;705332;4207772;70042;TERCIARIO DE TORREVIEJA;Torrevieja;ALICANTE;748;TERCIARIO DE TORREVIEJA;TERCIARIO DE TORREVIEJA;320;Comunidad Valenciana
CA0748001;26/08/2020;TRICLOET;Tricloroetileno (TRI);µg/L;0;< 1,0;705332;4207772;70042;TERCIARIO DE TORREVIEJA;Torrevieja;ALICANTE;748;TERCIARIO DE TORREVIEJA;TERCIARIO DE TORREVIEJA;320;Comunidad Valenciana
CA0748001;26/08/2020;TRIFLURALINA;Trifluralina;µg/L;0;< 0,0060;705332;4207772;70042;TERCIARIO DE TORREVIEJA;Torrevieja;ALICANTE;748;TERCIARIO DE TORREVIEJA;TERCIARIO DE TORREVIEJA;320;Comunidad Valenciana
CA0748001;26/08/2020;XILM+P;SUMA M+P XILENO;µg/L;0;< 2,0;705332;4207772;70042;TERCIARIO DE TORREVIEJA;Torrevieja;ALICANTE;748;TERCIARIO DE TORREVIEJA;TERCIARIO DE TORREVIEJA;320;Comunidad Valenciana
CA0748001;26/08/2020;XIL-O;O-XILENO;µg/L;0;< 1,0;705332;4207772;70042;TERCIARIO DE TORREVIEJA;Torrevieja;ALICANTE;748;TERCIARIO DE TORREVIEJA;TERCIARIO DE TORREVIEJA;320;Comunidad Valenciana
CA0748001;26/08/2020;ZN;ZINC;µg/l Zn;0;< 8,0;705332;4207772;70042;TERCIARIO DE TORREVIEJA;Torrevieja;ALICANTE;748;TERCIARIO DE TORREVIEJA;TERCIARIO DE TORREVIEJA;320;Comunidad Valenciana
CA0748001;05/11/2020;12DIBR;1,2-DIBROMOETANO;µg/L;0;< 1,0;705332;4207772;70042;TERCIARIO DE TORREVIEJA;Torrevieja;ALICANTE;748;TERCIARIO DE TORREVIEJA;TERCIARIO DE TORREVIEJA;320;Comunidad Valenciana
CA0748001;05/11/2020;2BR2CLPRO;1,2-DIBROMO-3-CLOROPROPANO;µg/L;0;< 2,0;705332;4207772;70042;TERCIARIO DE TORREVIEJA;Torrevieja;ALICANTE;748;TERCIARIO DE TORREVIEJA;TERCIARIO DE TORREVIEJA;320;Comunidad Valenciana
CA0748001;05/11/2020;2CLETA;1,1-DICLOROETANO;µg/L;0;< 1,0;705332;4207772;70042;TERCIARIO DE TORREVIEJA;Torrevieja;ALICANTE;748;TERCIARIO DE TORREVIEJA;TERCIARIO DE TORREVIEJA;320;Comunidad Valenciana
CA0748001;05/11/2020;2CLETE;1,1-DICLOROETENO;µg/L;0;< 1,0;705332;4207772;70042;TERCIARIO DE TORREVIEJA;Torrevieja;ALICANTE;748;TERCIARIO DE TORREVIEJA;TERCIARIO DE TORREVIEJA;320;Comunidad Valenciana
CA0748001;05/11/2020;2CLETE2;1,2-DICLOROETENO;µg/L;0;< 2,0;705332;4207772;70042;TERCIARIO DE TORREVIEJA;Torrevieja;ALICANTE;748;TERCIARIO DE TORREVIEJA;TERCIARIO DE TORREVIEJA;320;Comunidad Valenciana
CA0748001;05/11/2020;2CLETEN;TRANS-1,2-DICLOROETENO;µg/L;0;< 1,0;705332;4207772;70042;TERCIARIO DE TORREVIEJA;Torrevieja;ALICANTE;748;TERCIARIO DE TORREVIEJA;TERCIARIO DE TORREVIEJA;320;Comunidad Valenciana
CA0748001;05/11/2020;2CLPRO;1,3-DICLOROPROPANO;µg/L;0;< 1,0;705332;4207772;70042;TERCIARIO DE TORREVIEJA;Torrevieja;ALICANTE;748;TERCIARIO DE TORREVIEJA;TERCIARIO DE TORREVIEJA;320;Comunidad Valenciana
CA0748001;05/11/2020;2CLPROCIS;CIS-1,3-DICLOROPROPENO;µg/L;0;< 1,0;705332;4207772;70042;TERCIARIO DE TORREVIEJA;Torrevieja;ALICANTE;748;TERCIARIO DE TORREVIEJA;TERCIARIO DE TORREVIEJA;320;Comunidad Valenciana
CA0748001;05/11/2020;2CLPROPA;1,2-DICLOROPROPANO;µg/L;0;< 1,0;705332;4207772;70042;TERCIARIO DE TORREVIEJA;Torrevieja;ALICANTE;748;TERCIARIO DE TORREVIEJA;TERCIARIO DE TORREVIEJA;320;Comunidad Valenciana
CA0748001;05/11/2020;2CLPROPA2;2,2-DICLOROPROPANO;µg/L;0;< 1,0;705332;4207772;70042;TERCIARIO DE TORREVIEJA;Torrevieja;ALICANTE;748;TERCIARIO DE TORREVIEJA;TERCIARIO DE TORREVIEJA;320;Comunidad Valenciana
CA0748001;05/11/2020;2CLPROPE;1,1-DICLOROPROPENO;µg/L;0;< 1,0;705332;4207772;70042;TERCIARIO DE TORREVIEJA;Torrevieja;ALICANTE;748;TERCIARIO DE TORREVIEJA;TERCIARIO DE TORREVIEJA;320;Comunidad Valenciana
CA0748001;05/11/2020;2CLPROPE2;TRANS-1,3-DICLOROPROPENO;µg/L;0;< 1,0;705332;4207772;70042;TERCIARIO DE TORREVIEJA;Torrevieja;ALICANTE;748;TERCIARIO DE TORREVIEJA;TERCIARIO DE TORREVIEJA;320;Comunidad Valenciana
CA0748001;05/11/2020;3CLETA;1,1,2-TRICLOROETANO;µg/L;0;< 1,0;705332;4207772;70042;TERCIARIO DE TORREVIEJA;Torrevieja;ALICANTE;748;TERCIARIO DE TORREVIEJA;TERCIARIO DE TORREVIEJA;320;Comunidad Valenciana
CA0748001;05/11/2020;3CLPRO;1,2,3-TRICLOROPROPANO;µg/L;0;< 1,0;705332;4207772;70042;TERCIARIO DE TORREVIEJA;Torrevieja;ALICANTE;748;TERCIARIO DE TORREVIEJA;TERCIARIO DE TORREVIEJA;320;Comunidad Valenciana
CA0748001;05/11/2020;4CLETA;1,1,1,2-TETRACLOROETANO;µg/L;0;< 1,0;705332;4207772;70042;TERCIARIO DE TORREVIEJA;Torrevieja;ALICANTE;748;TERCIARIO DE TORREVIEJA;TERCIARIO DE TORREVIEJA;320;Comunidad Valenciana
CA0748001;05/11/2020;4CLETA2;1,1,2,2-TETRACLOROETANO;µg/L;0;< 1,0;705332;4207772;70042;TERCIARIO DE TORREVIEJA;Torrevieja;ALICANTE;748;TERCIARIO DE TORREVIEJA;TERCIARIO DE TORREVIEJA;320;Comunidad Valenciana
CA0748001;05/11/2020;6CLET;HEXACLOROETANO;µg/L;0;< 1,0;705332;4207772;70042;TERCIARIO DE TORREVIEJA;Torrevieja;ALICANTE;748;TERCIARIO DE TORREVIEJA;TERCIARIO DE TORREVIEJA;320;Comunidad Valenciana
CA0748001;05/11/2020;ACLONIFE;ACLONIFENO;µg/L;0;< 0,00200;705332;4207772;70042;TERCIARIO DE TORREVIEJA;Torrevieja;ALICANTE;748;TERCIARIO DE TORREVIEJA;TERCIARIO DE TORREVIEJA;320;Comunidad Valenciana
CA0748001;05/11/2020;ALACLORO;ALACLORO;µg/L;0;< 0,01000;705332;4207772;70042;TERCIARIO DE TORREVIEJA;Torrevieja;ALICANTE;748;TERCIARIO DE TORREVIEJA;TERCIARIO DE TORREVIEJA;320;Comunidad Valenciana
CA0748001;05/11/2020;ALDRIN;ALDRINA;µg/L;0;< 0,00025;705332;4207772;70042;TERCIARIO DE TORREVIEJA;Torrevieja;ALICANTE;748;TERCIARIO DE TORREVIEJA;TERCIARIO DE TORREVIEJA;320;Comunidad Valenciana
CA0748001;05/11/2020;AS;ARSENICO;µg/L As;0;< 5,0;705332;4207772;70042;TERCIARIO DE TORREVIEJA;Torrevieja;ALICANTE;748;TERCIARIO DE TORREVIEJA;TERCIARIO DE TORREVIEJA;320;Comunidad Valenciana
CA0748001;05/11/2020;ATRAZINA;ATRAZINA;µg/L;0;< 0,010;705332;4207772;70042;TERCIARIO DE TORREVIEJA;Torrevieja;ALICANTE;748;TERCIARIO DE TORREVIEJA;TERCIARIO DE TORREVIEJA;320;Comunidad Valenciana
CA0748001;05/11/2020;B;BORO;µg/L B;3500;350;705332;4207772;70042;TERCIARIO DE TORREVIEJA;Torrevieja;ALICANTE;748;TERCIARIO DE TORREVIEJA;TERCIARIO DE TORREVIEJA;320;Comunidad Valenciana
CA0748001;05/11/2020;BENCENO;BENCENO;µg/L;0;< 0,30;705332;4207772;70042;TERCIARIO DE TORREVIEJA;Torrevieja;ALICANTE;748;TERCIARIO DE TORREVIEJA;TERCIARIO DE TORREVIEJA;320;Comunidad Valenciana
CA0748001;05/11/2020;BICARB;BICARBONATOS;mg/L HCO3-;2120;212;705332;4207772;70042;TERCIARIO DE TORREVIEJA;Torrevieja;ALICANTE;748;TERCIARIO DE TORREVIEJA;TERCIARIO DE TORREVIEJA;320;Comunidad Valenciana
CA0748001;05/11/2020;BIFEN;BIFENOX;µg/L;0;< 0,00120;705332;4207772;70042;TERCIARIO DE TORREVIEJA;Torrevieja;ALICANTE;748;TERCIARIO DE TORREVIEJA;TERCIARIO DE TORREVIEJA;320;Comunidad Valenciana
CA0748001;05/11/2020;BRB;BROMOBENCENO;µg/L;0;< 1,0;705332;4207772;70042;TERCIARIO DE TORREVIEJA;Torrevieja;ALICANTE;748;TERCIARIO DE TORREVIEJA;TERCIARIO DE TORREVIEJA;320;Comunidad Valenciana
CA0748001;05/11/2020;BRFOSETIL;BROMOFOS ETIL;µg/L;0;< 0,0100;705332;4207772;70042;TERCIARIO DE TORREVIEJA;Torrevieja;ALICANTE;748;TERCIARIO DE TORREVIEJA;TERCIARIO DE TORREVIEJA;320;Comunidad Valenciana
CA0748001;05/11/2020;CA;CALCIO;mg/L Ca;510;51;705332;4207772;70042;TERCIARIO DE TORREVIEJA;Torrevieja;ALICANTE;748;TERCIARIO DE TORREVIEJA;TERCIARIO DE TORREVIEJA;320;Comunidad Valenciana
CA0748001;05/11/2020;CD;CADMIO;µg/L Cd;38;0,38;705332;4207772;70042;TERCIARIO DE TORREVIEJA;Torrevieja;ALICANTE;748;TERCIARIO DE TORREVIEJA;TERCIARIO DE TORREVIEJA;320;Comunidad Valenciana
CA0748001;05/11/2020;CIB;CIBUTRINA;µg/L;0;< 0,002;705332;4207772;70042;TERCIARIO DE TORREVIEJA;Torrevieja;ALICANTE;748;TERCIARIO DE TORREVIEJA;TERCIARIO DE TORREVIEJA;320;Comunidad Valenciana
CA0748001;05/11/2020;CL;Cloruros;mg/L Cl;3780;378;705332;4207772;70042;TERCIARIO DE TORREVIEJA;Torrevieja;ALICANTE;748;TERCIARIO DE TORREVIEJA;TERCIARIO DE TORREVIEJA;320;Comunidad Valenciana
CA0748001;05/11/2020;CLF;Cloroformo (Triclorometano);µg/L;52;5,2;705332;4207772;70042;TERCIARIO DE TORREVIEJA;Torrevieja;ALICANTE;748;TERCIARIO DE TORREVIEJA;TERCIARIO DE TORREVIEJA;320;Comunidad Valenciana
CA0748001;05/11/2020;CLORDANOCIS;CIS-CLORDANO;µg/L;0;< 0,00025;705332;4207772;70042;TERCIARIO DE TORREVIEJA;Torrevieja;ALICANTE;748;TERCIARIO DE TORREVIEJA;TERCIARIO DE TORREVIEJA;320;Comunidad Valenciana
CA0748001;05/11/2020;CLORDANOTR;TRANS-CLORDANO;µg/L;0;< 0,00025;705332;4207772;70042;TERCIARIO DE TORREVIEJA;Torrevieja;ALICANTE;748;TERCIARIO DE TORREVIEJA;TERCIARIO DE TORREVIEJA;320;Comunidad Valenciana
CA0748001;05/11/2020;CLOROFENVINFOS;Clorfenvinfos;µg/L;0;< 0,0100;705332;4207772;70042;TERCIARIO DE TORREVIEJA;Torrevieja;ALICANTE;748;TERCIARIO DE TORREVIEJA;TERCIARIO DE TORREVIEJA;320;Comunidad Valenciana
CA0748001;05/11/2020;CLOROPIRIFOS;Clorpirifos;µg/L;0;< 0,0050;705332;4207772;70042;TERCIARIO DE TORREVIEJA;Torrevieja;ALICANTE;748;TERCIARIO DE TORREVIEJA;TERCIARIO DE TORREVIEJA;320;Comunidad Valenciana
CA0748001;05/11/2020;CLORPIRIPME;CLOROPIRIFOS-METIL;µg/L;0;< 0,0100;705332;4207772;70042;TERCIARIO DE TORREVIEJA;Torrevieja;ALICANTE;748;TERCIARIO DE TORREVIEJA;TERCIARIO DE TORREVIEJA;320;Comunidad Valenciana
CA0748001;05/11/2020;CLTO2;4-CLOROTOLUENO;µg/L;0;< 1,0;705332;4207772;70042;TERCIARIO DE TORREVIEJA;Torrevieja;ALICANTE;748;TERCIARIO DE TORREVIEJA;TERCIARIO DE TORREVIEJA;320;Comunidad Valenciana
CA0748001;05/11/2020;CLTOL;2-CLOROTOLUENO;µg/L;0;< 1,0;705332;4207772;70042;TERCIARIO DE TORREVIEJA;Torrevieja;ALICANTE;748;TERCIARIO DE TORREVIEJA;TERCIARIO DE TORREVIEJA;320;Comunidad Valenciana
CA0748001;05/11/2020;CN;CIANUROS TOTALES;µg/L CN;0;<10;705332;4207772;70042;TERCIARIO DE TORREVIEJA;Torrevieja;ALICANTE;748;TERCIARIO DE TORREVIEJA;TERCIARIO DE TORREVIEJA;320;Comunidad Valenciana
CA0748001;05/11/2020;COND20SITU;Conductividad de campo (medida in situ);µS/cm;16230;1623;705332;4207772;70042;TERCIARIO DE TORREVIEJA;Torrevieja;ALICANTE;748;TERCIARIO DE TORREVIEJA;TERCIARIO DE TORREVIEJA;320;Comunidad Valenciana
CA0748001;05/11/2020;CR;CROMO;µg/L Cr;0;< 5,0;705332;4207772;70042;TERCIARIO DE TORREVIEJA;Torrevieja;ALICANTE;748;TERCIARIO DE TORREVIEJA;TERCIARIO DE TORREVIEJA;320;Comunidad Valenciana
CA0748001;05/11/2020;CU;COBRE;µg/L Cu;190;19;705332;4207772;70042;TERCIARIO DE TORREVIEJA;Torrevieja;ALICANTE;748;TERCIARIO DE TORREVIEJA;TERCIARIO DE TORREVIEJA;320;Comunidad Valenciana
CA0748001;05/11/2020;DCB-M;1,3-diclorobenceno (m-diclorobenceno);µg/L;0;< 1,0;705332;4207772;70042;TERCIARIO DE TORREVIEJA;Torrevieja;ALICANTE;748;TERCIARIO DE TORREVIEJA;TERCIARIO DE TORREVIEJA;320;Comunidad Valenciana
CA0748001;05/11/2020;DCB-P;1,4-diclorobenceno (p-diclorobenceno);µg/L;0;< 1,0;705332;4207772;70042;TERCIARIO DE TORREVIEJA;Torrevieja;ALICANTE;748;TERCIARIO DE TORREVIEJA;TERCIARIO DE TORREVIEJA;320;Comunidad Valenciana
CA0748001;05/11/2020;DCE;1,2-dicloroetano (EDC, cloruro de etileno);µg/L;0;< 1,0;705332;4207772;70042;TERCIARIO DE TORREVIEJA;Torrevieja;ALICANTE;748;TERCIARIO DE TORREVIEJA;TERCIARIO DE TORREVIEJA;320;Comunidad Valenciana
CA0748001;05/11/2020;DCV;DICLORVOS;µg/L;0;< 0,0006;705332;4207772;70042;TERCIARIO DE TORREVIEJA;Torrevieja;ALICANTE;748;TERCIARIO DE TORREVIEJA;TERCIARIO DE TORREVIEJA;320;Comunidad Valenciana
CA0748001;05/11/2020;DDDPP;P,P'-DDD;µg/L;0;< 0,00050;705332;4207772;70042;TERCIARIO DE TORREVIEJA;Torrevieja;ALICANTE;748;TERCIARIO DE TORREVIEJA;TERCIARIO DE TORREVIEJA;320;Comunidad Valenciana
CA0748001;05/11/2020;DDEPP;P,P'-DDE;µg/L;0;< 0,00025;705332;4207772;70042;TERCIARIO DE TORREVIEJA;Torrevieja;ALICANTE;748;TERCIARIO DE TORREVIEJA;TERCIARIO DE TORREVIEJA;320;Comunidad Valenciana
CA0748001;05/11/2020;DDTOP;O,P'-DDT;µg/L;0;< 0,00050;705332;4207772;70042;TERCIARIO DE TORREVIEJA;Torrevieja;ALICANTE;748;TERCIARIO DE TORREVIEJA;TERCIARIO DE TORREVIEJA;320;Comunidad Valenciana
CA0748001;05/11/2020;DDTPP;P,P'-DDT;µg/L;0;< 0,00025;705332;4207772;70042;TERCIARIO DE TORREVIEJA;Torrevieja;ALICANTE;748;TERCIARIO DE TORREVIEJA;TERCIARIO DE TORREVIEJA;320;Comunidad Valenciana
CA0748001;05/11/2020;DIAZINON;DIAZINON;µg/L;0;< 0,0100;705332;4207772;70042;TERCIARIO DE TORREVIEJA;Torrevieja;ALICANTE;748;TERCIARIO DE TORREVIEJA;TERCIARIO DE TORREVIEJA;320;Comunidad Valenciana
CA0748001;05/11/2020;DICLETE-CIS;CIS-1,2-DICLOROETENO;µg/L;0;< 1,0;705332;4207772;70042;TERCIARIO DE TORREVIEJA;Torrevieja;ALICANTE;748;TERCIARIO DE TORREVIEJA;TERCIARIO DE TORREVIEJA;320;Comunidad Valenciana
CA0748001;05/11/2020;DICOFOL;DICOFOL (P,P'-DICOFOL);µg/L;0;< 0,00039;705332;4207772;70042;TERCIARIO DE TORREVIEJA;Torrevieja;ALICANTE;748;TERCIARIO DE TORREVIEJA;TERCIARIO DE TORREVIEJA;320;Comunidad Valenciana
CA0748001;05/11/2020;DIELDRIN;Dieldrin;µg/L;0;< 0,00015;705332;4207772;70042;TERCIARIO DE TORREVIEJA;Torrevieja;ALICANTE;748;TERCIARIO DE TORREVIEJA;TERCIARIO DE TORREVIEJA;320;Comunidad Valenciana
CA0748001;05/11/2020;DIURON;DIURON;µg/L;0;< 0,050;705332;4207772;70042;TERCIARIO DE TORREVIEJA;Torrevieja;ALICANTE;748;TERCIARIO DE TORREVIEJA;TERCIARIO DE TORREVIEJA;320;Comunidad Valenciana
CA0748001;05/11/2020;DQO;DQO o Demanda Química de Oxígeno;mg/L O2;0;< 15;705332;4207772;70042;TERCIARIO DE TORREVIEJA;Torrevieja;ALICANTE;748;TERCIARIO DE TORREVIEJA;TERCIARIO DE TORREVIEJA;320;Comunidad Valenciana
CA0748001;05/11/2020;ENDOS;ENDOSULFAN (SUMA ISOMEROS ALFA+BETA);µg/L;0;< 0,00005;705332;4207772;70042;TERCIARIO DE TORREVIEJA;Torrevieja;ALICANTE;748;TERCIARIO DE TORREVIEJA;TERCIARIO DE TORREVIEJA;320;Comunidad Valenciana
CA0748001;05/11/2020;ENDOSULFAN;ALFA-ENDOSULFAN;µg/L;0;< 0,00005;705332;4207772;70042;TERCIARIO DE TORREVIEJA;Torrevieja;ALICANTE;748;TERCIARIO DE TORREVIEJA;TERCIARIO DE TORREVIEJA;320;Comunidad Valenciana
CA0748001;05/11/2020;ENDOSULFAN-BETA;BETA-ENDOSULFAN;µg/L;0;< 0,00005;705332;4207772;70042;TERCIARIO DE TORREVIEJA;Torrevieja;ALICANTE;748;TERCIARIO DE TORREVIEJA;TERCIARIO DE TORREVIEJA;320;Comunidad Valenciana
CA0748001;05/11/2020;ENDRIN;ENDRINA;µg/L;0;< 0,00150;705332;4207772;70042;TERCIARIO DE TORREVIEJA;Torrevieja;ALICANTE;748;TERCIARIO DE TORREVIEJA;TERCIARIO DE TORREVIEJA;320;Comunidad Valenciana
CA0748001;05/11/2020;ENDRINCE;Endrin cetona;µg/L;0;< 0,00025;705332;4207772;70042;TERCIARIO DE TORREVIEJA;Torrevieja;ALICANTE;748;TERCIARIO DE TORREVIEJA;TERCIARIO DE TORREVIEJA;320;Comunidad Valenciana
CA0748001;05/11/2020;ETBENCENO;Etilbenceno;µg/L;0;< 1,0;705332;4207772;70042;TERCIARIO DE TORREVIEJA;Torrevieja;ALICANTE;748;TERCIARIO DE TORREVIEJA;TERCIARIO DE TORREVIEJA;320;Comunidad Valenciana
CA0748001;05/11/2020;ETPARATION;Paration (paration etilo);µg/L;0;< 0,0100;705332;4207772;70042;TERCIARIO DE TORREVIEJA;Torrevieja;ALICANTE;748;TERCIARIO DE TORREVIEJA;TERCIARIO DE TORREVIEJA;320;Comunidad Valenciana
CA0748001;05/11/2020;F;Fluoruros;µg/L;2000;200;705332;4207772;70042;TERCIARIO DE TORREVIEJA;Torrevieja;ALICANTE;748;TERCIARIO DE TORREVIEJA;TERCIARIO DE TORREVIEJA;320;Comunidad Valenciana
CA0748001;05/11/2020;FE;HIERRO;µg/L;0;< 50;705332;4207772;70042;TERCIARIO DE TORREVIEJA;Torrevieja;ALICANTE;748;TERCIARIO DE TORREVIEJA;TERCIARIO DE TORREVIEJA;320;Comunidad Valenciana
CA0748001;05/11/2020;FENCLORFOS;FENCLORFOS;µg/L;0;< 0,0100;705332;4207772;70042;TERCIARIO DE TORREVIEJA;Torrevieja;ALICANTE;748;TERCIARIO DE TORREVIEJA;TERCIARIO DE TORREVIEJA;320;Comunidad Valenciana
CA0748001;05/11/2020;FONO;FONOFOS;µg/L;0;< 0,0100;705332;4207772;70042;TERCIARIO DE TORREVIEJA;Torrevieja;ALICANTE;748;TERCIARIO DE TORREVIEJA;TERCIARIO DE TORREVIEJA;320;Comunidad Valenciana
CA0748001;05/11/2020;HCB;Hexaclorobenceno (HCB, Perclorobenceno);µg/L;0;< 0,00250;705332;4207772;70042;TERCIARIO DE TORREVIEJA;Torrevieja;ALICANTE;748;TERCIARIO DE TORREVIEJA;TERCIARIO DE TORREVIEJA;320;Comunidad Valenciana
CA0748001;05/11/2020;HCBD;Hexaclorobutadieno (HCBD, Hexacloro-1,3-Butadieno);µg/L;0;< 0,060;705332;4207772;70042;TERCIARIO DE TORREVIEJA;Torrevieja;ALICANTE;748;TERCIARIO DE TORREVIEJA;TERCIARIO DE TORREVIEJA;320;Comunidad Valenciana
CA0748001;05/11/2020;HCHALFA;ALFA-HCH;µg/L;0;< 0,00005;705332;4207772;70042;TERCIARIO DE TORREVIEJA;Torrevieja;ALICANTE;748;TERCIARIO DE TORREVIEJA;TERCIARIO DE TORREVIEJA;320;Comunidad Valenciana
CA0748001;05/11/2020;HCHBETA;BETA-HCH;µg/L;0;< 0,00015;705332;4207772;70042;TERCIARIO DE TORREVIEJA;Torrevieja;ALICANTE;748;TERCIARIO DE TORREVIEJA;TERCIARIO DE TORREVIEJA;320;Comunidad Valenciana
CA0748001;05/11/2020;HCHDELTA;DELTA-HCH;µg/L;0;< 0,00015;705332;4207772;70042;TERCIARIO DE TORREVIEJA;Torrevieja;ALICANTE;748;TERCIARIO DE TORREVIEJA;TERCIARIO DE TORREVIEJA;320;Comunidad Valenciana
CA0748001;05/11/2020;HEPTACL;Heptacloro;µg/L;0;< 0,00005;705332;4207772;70042;TERCIARIO DE TORREVIEJA;Torrevieja;ALICANTE;748;TERCIARIO DE TORREVIEJA;TERCIARIO DE TORREVIEJA;320;Comunidad Valenciana
CA0748001;05/11/2020;HEPTACLEPO;EPOXIDO DE HEPTACLORO;µg/L;0;< 0,00005;705332;4207772;70042;TERCIARIO DE TORREVIEJA;Torrevieja;ALICANTE;748;TERCIARIO DE TORREVIEJA;TERCIARIO DE TORREVIEJA;320;Comunidad Valenciana
CA0748001;05/11/2020;HG;MERCURIO;µg/L Hg;54;0,054;705332;4207772;70042;TERCIARIO DE TORREVIEJA;Torrevieja;ALICANTE;748;TERCIARIO DE TORREVIEJA;TERCIARIO DE TORREVIEJA;320;Comunidad Valenciana
CA0748001;05/11/2020;ISODRIN;Isodrin;µg/L;0;< 0,00010;705332;4207772;70042;TERCIARIO DE TORREVIEJA;Torrevieja;ALICANTE;748;TERCIARIO DE TORREVIEJA;TERCIARIO DE TORREVIEJA;320;Comunidad Valenciana
CA0748001;05/11/2020;ISOPROPB;Isopropilbenceno (cumeno);µg/L;0;< 1,0;705332;4207772;70042;TERCIARIO DE TORREVIEJA;Torrevieja;ALICANTE;748;TERCIARIO DE TORREVIEJA;TERCIARIO DE TORREVIEJA;320;Comunidad Valenciana
CA0748001;05/11/2020;ISOPROPILTO;4-ISOPROPILTOLUENO;µg/L;0;< 1,0;705332;4207772;70042;TERCIARIO DE TORREVIEJA;Torrevieja;ALICANTE;748;TERCIARIO DE TORREVIEJA;TERCIARIO DE TORREVIEJA;320;Comunidad Valenciana
CA0748001;05/11/2020;ISOPROTURON;Isoproturón;µg/L;0;< 0,050;705332;4207772;70042;TERCIARIO DE TORREVIEJA;Torrevieja;ALICANTE;748;TERCIARIO DE TORREVIEJA;TERCIARIO DE TORREVIEJA;320;Comunidad Valenciana
CA0748001;05/11/2020;K;POTASIO;mg/L K;120;12;705332;4207772;70042;TERCIARIO DE TORREVIEJA;Torrevieja;ALICANTE;748;TERCIARIO DE TORREVIEJA;TERCIARIO DE TORREVIEJA;320;Comunidad Valenciana
CA0748001;05/11/2020;LIND;GAMMA-HCH (LINDANO);µg/L;0;< 0,00025;705332;4207772;70042;TERCIARIO DE TORREVIEJA;Torrevieja;ALICANTE;748;TERCIARIO DE TORREVIEJA;TERCIARIO DE TORREVIEJA;320;Comunidad Valenciana
CA0748001;05/11/2020;MCB;Clorobenceno (monoclorobenceno);µg/L;0;< 1,0;705332;4207772;70042;TERCIARIO DE TORREVIEJA;Torrevieja;ALICANTE;748;TERCIARIO DE TORREVIEJA;TERCIARIO DE TORREVIEJA;320;Comunidad Valenciana
CA0748001;05/11/2020;METOLACLORO;Metolacloro;µg/L;0;< 0,01000;705332;4207772;70042;TERCIARIO DE TORREVIEJA;Torrevieja;ALICANTE;748;TERCIARIO DE TORREVIEJA;TERCIARIO DE TORREVIEJA;320;Comunidad Valenciana
CA0748001;05/11/2020;METOXICLORO;Metoxicloro;µg/L;0;< 0,00025;705332;4207772;70042;TERCIARIO DE TORREVIEJA;Torrevieja;ALICANTE;748;TERCIARIO DE TORREVIEJA;TERCIARIO DE TORREVIEJA;320;Comunidad Valenciana
CA0748001;05/11/2020;METRIBUZINA;METRIBUZINA;µg/L;0;< 0,050;705332;4207772;70042;TERCIARIO DE TORREVIEJA;Torrevieja;ALICANTE;748;TERCIARIO DE TORREVIEJA;TERCIARIO DE TORREVIEJA;320;Comunidad Valenciana
CA0748001;05/11/2020;MG;MAGNESIO;mg/L Mg;300;30;705332;4207772;70042;TERCIARIO DE TORREVIEJA;Torrevieja;ALICANTE;748;TERCIARIO DE TORREVIEJA;TERCIARIO DE TORREVIEJA;320;Comunidad Valenciana
CA0748001;05/11/2020;MN;MANGANESO;µg/L Mn;0;< 5,0;705332;4207772;70042;TERCIARIO DE TORREVIEJA;Torrevieja;ALICANTE;748;TERCIARIO DE TORREVIEJA;TERCIARIO DE TORREVIEJA;320;Comunidad Valenciana
CA0748001;05/11/2020;;SODIO;mg/L Na;2370;> 200 (237)*;705332;4207772;70042;TERCIARIO DE TORREVIEJA;Torrevieja;ALICANTE;748;TERCIARIO DE TORREVIEJA;TERCIARIO DE TORREVIEJA;320;Comunidad Valenciana
CA0748001;05/11/2020;NAFTALENO;Naftaleno (naftalina);µg/L;0;< 0,30;705332;4207772;70042;TERCIARIO DE TORREVIEJA;Torrevieja;ALICANTE;748;TERCIARIO DE TORREVIEJA;TERCIARIO DE TORREVIEJA;320;Comunidad Valenciana
CA0748001;05/11/2020;N-BUB;N-BUTILBENCENO;µg/L;0;< 1,0;705332;4207772;70042;TERCIARIO DE TORREVIEJA;Torrevieja;ALICANTE;748;TERCIARIO DE TORREVIEJA;TERCIARIO DE TORREVIEJA;320;Comunidad Valenciana
CA0748001;05/11/2020;NH4;AMONIO;mg/L NH4;11;0,11;705332;4207772;70042;TERCIARIO DE TORREVIEJA;Torrevieja;ALICANTE;748;TERCIARIO DE TORREVIEJA;TERCIARIO DE TORREVIEJA;320;Comunidad Valenciana
CA0748001;05/11/2020;NI;NIQUEL;µg/L Ni;0;< 0,80;705332;4207772;70042;TERCIARIO DE TORREVIEJA;Torrevieja;ALICANTE;748;TERCIARIO DE TORREVIEJA;TERCIARIO DE TORREVIEJA;320;Comunidad Valenciana
CA0748001;05/11/2020;NO2;Nitritos;mg/L NO2;0;< 0,02;705332;4207772;70042;TERCIARIO DE TORREVIEJA;Torrevieja;ALICANTE;748;TERCIARIO DE TORREVIEJA;TERCIARIO DE TORREVIEJA;320;Comunidad Valenciana
CA0748001;05/11/2020;NO3;Nitratos;mg/L NO3;450;45;705332;4207772;70042;TERCIARIO DE TORREVIEJA;Torrevieja;ALICANTE;748;TERCIARIO DE TORREVIEJA;TERCIARIO DE TORREVIEJA;320;Comunidad Valenciana
CA0748001;05/11/2020;N-PROPILB;N-PROPILBENCENO;µg/L;0;< 1,0;705332;4207772;70042;TERCIARIO DE TORREVIEJA;Torrevieja;ALICANTE;748;TERCIARIO DE TORREVIEJA;TERCIARIO DE TORREVIEJA;320;Comunidad Valenciana
CA0748001;05/11/2020;NTOTAL;Nitrógeno total;mg/L N;100;10;705332;4207772;70042;TERCIARIO DE TORREVIEJA;Torrevieja;ALICANTE;748;TERCIARIO DE TORREVIEJA;TERCIARIO DE TORREVIEJA;320;Comunidad Valenciana
CA0748001;05/11/2020;O2 DTO;Oxigeno disuelto de campo (medida in situ);mg/L O2;81;8,1;705332;4207772;70042;TERCIARIO DE TORREVIEJA;Torrevieja;ALICANTE;748;TERCIARIO DE TORREVIEJA;TERCIARIO DE TORREVIEJA;320;Comunidad Valenciana
CA0748001;05/11/2020;O-DICLORO;1,2-diclorobenceno (o-diclorobenceno);µg/L;0;< 1,0;705332;4207772;70042;TERCIARIO DE TORREVIEJA;Torrevieja;ALICANTE;748;TERCIARIO DE TORREVIEJA;TERCIARIO DE TORREVIEJA;320;Comunidad Valenciana
CA0748001;05/11/2020;PAHEST;Estireno (etenilbenceno);µg/L;0;< 1,0;705332;4207772;70042;TERCIARIO DE TORREVIEJA;Torrevieja;ALICANTE;748;TERCIARIO DE TORREVIEJA;TERCIARIO DE TORREVIEJA;320;Comunidad Valenciana
CA0748001;05/11/2020;PB;PLOMO;µg/L Pb;0;< 0,30;705332;4207772;70042;TERCIARIO DE TORREVIEJA;Torrevieja;ALICANTE;748;TERCIARIO DE TORREVIEJA;TERCIARIO DE TORREVIEJA;320;Comunidad Valenciana
CA0748001;05/11/2020;PER;Tetracloroetileno (PER, Percloroetileno);µg/L;0;< 1,0;705332;4207772;70042;TERCIARIO DE TORREVIEJA;Torrevieja;ALICANTE;748;TERCIARIO DE TORREVIEJA;TERCIARIO DE TORREVIEJA;320;Comunidad Valenciana
CA0748001;05/11/2020;PHSITU;pH de campo (medida in situ);udpH;791;7,91 (21.9ºC);705332;4207772;70042;TERCIARIO DE TORREVIEJA;Torrevieja;ALICANTE;748;TERCIARIO DE TORREVIEJA;TERCIARIO DE TORREVIEJA;320;Comunidad Valenciana
CA0748001;05/11/2020;PO4;Fosfatos;mg/L PO4;0;< 0,04;705332;4207772;70042;TERCIARIO DE TORREVIEJA;Torrevieja;ALICANTE;748;TERCIARIO DE TORREVIEJA;TERCIARIO DE TORREVIEJA;320;Comunidad Valenciana
CA0748001;05/11/2020;PTOTAL;FOSFORO TOTAL;mg/L P;0;< 0,05;705332;4207772;70042;TERCIARIO DE TORREVIEJA;Torrevieja;ALICANTE;748;TERCIARIO DE TORREVIEJA;TERCIARIO DE TORREVIEJA;320;Comunidad Valenciana
CA0748001;05/11/2020;QUI;Quinoxifeno;µg/L;0;< 0,00200;705332;4207772;70042;TERCIARIO DE TORREVIEJA;Torrevieja;ALICANTE;748;TERCIARIO DE TORREVIEJA;TERCIARIO DE TORREVIEJA;320;Comunidad Valenciana
CA0748001;05/11/2020;SATINSI;Porcentaje de saturación de oxígeno disuelto de campo (medido in situ);% O2;920;92;705332;4207772;70042;TERCIARIO DE TORREVIEJA;Torrevieja;ALICANTE;748;TERCIARIO DE TORREVIEJA;TERCIARIO DE TORREVIEJA;320;Comunidad Valenciana
CA0748001;05/11/2020;S-DDD-DDT;Suma p,p´-DDD + o,p´-DDT;µg/L;0;< 0,00050;705332;4207772;70042;TERCIARIO DE TORREVIEJA;Torrevieja;ALICANTE;748;TERCIARIO DE TORREVIEJA;TERCIARIO DE TORREVIEJA;320;Comunidad Valenciana
CA0748001;05/11/2020;SE;SELENIO;µg/L Se;18;1,8;705332;4207772;70042;TERCIARIO DE TORREVIEJA;Torrevieja;ALICANTE;748;TERCIARIO DE TORREVIEJA;TERCIARIO DE TORREVIEJA;320;Comunidad Valenciana
CA0748001;05/11/2020;SECBUTB;SEC-BUTILBENCENO;µg/L;0;< 1,0;705332;4207772;70042;TERCIARIO DE TORREVIEJA;Torrevieja;ALICANTE;748;TERCIARIO DE TORREVIEJA;TERCIARIO DE TORREVIEJA;320;Comunidad Valenciana
CA0748001;05/11/2020;SIMAZINA;Simazina;µg/L;0;< 0,050;705332;4207772;70042;TERCIARIO DE TORREVIEJA;Torrevieja;ALICANTE;748;TERCIARIO DE TORREVIEJA;TERCIARIO DE TORREVIEJA;320;Comunidad Valenciana
CA0748001;05/11/2020;SUMAXILENO;Xileno (dimetilbenceno) (suma o-, m- y p-xileno);µg/L;0;< 3,0;705332;4207772;70042;TERCIARIO DE TORREVIEJA;Torrevieja;ALICANTE;748;TERCIARIO DE TORREVIEJA;TERCIARIO DE TORREVIEJA;320;Comunidad Valenciana
CA0748001;05/11/2020;SUMCIPER;CIPERMETRINA (SUMA ISOMEROS ALFA+BETA+TETA+ZETA);µg/L;0;0,00046;705332;4207772;70042;TERCIARIO DE TORREVIEJA;Torrevieja;ALICANTE;748;TERCIARIO DE TORREVIEJA;TERCIARIO DE TORREVIEJA;320;Comunidad Valenciana
CA0748001;05/11/2020;SUMDCB;Diclorobenceno (suma isómeros);µg/L;0;< 3,0;705332;4207772;70042;TERCIARIO DE TORREVIEJA;Torrevieja;ALICANTE;748;TERCIARIO DE TORREVIEJA;TERCIARIO DE TORREVIEJA;320;Comunidad Valenciana
CA0748001;05/11/2020;SUMDDT;DDT TOTAL (SUMA P,P'-DDT+O,P'-DDT+P,P'-DDE+P,P'-DDD);µg/L;0;< 0,00100;705332;4207772;70042;TERCIARIO DE TORREVIEJA;Torrevieja;ALICANTE;748;TERCIARIO DE TORREVIEJA;TERCIARIO DE TORREVIEJA;320;Comunidad Valenciana
CA0748001;05/11/2020;SUMHCH;HEXACLOROCICLOHEXANO (HCH) (SUMA ISOMEROS);µg/L;0;< 0,00060;705332;4207772;70042;TERCIARIO DE TORREVIEJA;Torrevieja;ALICANTE;748;TERCIARIO DE TORREVIEJA;TERCIARIO DE TORREVIEJA;320;Comunidad Valenciana
CA0748001;05/11/2020;SUMTCBEN;"Triclorobenceno (suma isómeros 1,2,3-; 1,2,4- y 1,3,5- TCB)";µg/L;0;< 0,18;705332;4207772;70042;TERCIARIO DE TORREVIEJA;Torrevieja;ALICANTE;748;TERCIARIO DE TORREVIEJA;TERCIARIO DE TORREVIEJA;320;Comunidad Valenciana
CA0748001;05/11/2020;SUO4;Sulfatos;mg/L SO4;1300;130;705332;4207772;70042;TERCIARIO DE TORREVIEJA;Torrevieja;ALICANTE;748;TERCIARIO DE TORREVIEJA;TERCIARIO DE TORREVIEJA;320;Comunidad Valenciana
CA0748001;05/11/2020;TAGUA;"TEMPERATURA ""IN SITU""";ºC;219;21,9;705332;4207772;70042;TERCIARIO DE TORREVIEJA;Torrevieja;ALICANTE;748;TERCIARIO DE TORREVIEJA;TERCIARIO DE TORREVIEJA;320;Comunidad Valenciana
CA0748001;05/11/2020;TBUTB;TERC-BUTILBENCENO;µg/L;0;< 1,0;705332;4207772;70042;TERCIARIO DE TORREVIEJA;Torrevieja;ALICANTE;748;TERCIARIO DE TORREVIEJA;TERCIARIO DE TORREVIEJA;320;Comunidad Valenciana
CA0748001;05/11/2020;TCB123;1,2,3-Triclorobenceno;µg/L;0;< 0,060;705332;4207772;70042;TERCIARIO DE TORREVIEJA;Torrevieja;ALICANTE;748;TERCIARIO DE TORREVIEJA;TERCIARIO DE TORREVIEJA;320;Comunidad Valenciana
CA0748001;05/11/2020;TCB124;1,2,4-Triclorobenceno;µg/L;0;< 0,060;705332;4207772;70042;TERCIARIO DE TORREVIEJA;Torrevieja;ALICANTE;748;TERCIARIO DE TORREVIEJA;TERCIARIO DE TORREVIEJA;320;Comunidad Valenciana
CA0748001;05/11/2020;TCB135;1,3,5-Triclorobenceno;µg/L;0;< 0,060;705332;4207772;70042;TERCIARIO DE TORREVIEJA;Torrevieja;ALICANTE;748;TERCIARIO DE TORREVIEJA;TERCIARIO DE TORREVIEJA;320;Comunidad Valenciana
CA0748001;05/11/2020;TCE;1,1,1-TRICLOROETANO;µg/L;0;< 1,0;705332;4207772;70042;TERCIARIO DE TORREVIEJA;Torrevieja;ALICANTE;748;TERCIARIO DE TORREVIEJA;TERCIARIO DE TORREVIEJA;320;Comunidad Valenciana
CA0748001;05/11/2020;TERAZ;Terbutilazina;µg/L;0;< 0,010;705332;4207772;70042;TERCIARIO DE TORREVIEJA;Torrevieja;ALICANTE;748;TERCIARIO DE TORREVIEJA;TERCIARIO DE TORREVIEJA;320;Comunidad Valenciana
CA0748001;05/11/2020;TERBUTRINA;Terbutrina;µg/L;0;< 0,050;705332;4207772;70042;TERCIARIO DE TORREVIEJA;Torrevieja;ALICANTE;748;TERCIARIO DE TORREVIEJA;TERCIARIO DE TORREVIEJA;320;Comunidad Valenciana
CA0748001;05/11/2020;TETRA;Tetracloruro de carbono (Tetraclorometano, Perclorometano);µg/L;0;< 1,0;705332;4207772;70042;TERCIARIO DE TORREVIEJA;Torrevieja;ALICANTE;748;TERCIARIO DE TORREVIEJA;TERCIARIO DE TORREVIEJA;320;Comunidad Valenciana
CA0748001;05/11/2020;TETRTRI;Tricloroetileno + Tetracloroetileno (Percloroetileno);µg/L;0;< 2,0;705332;4207772;70042;TERCIARIO DE TORREVIEJA;Torrevieja;ALICANTE;748;TERCIARIO DE TORREVIEJA;TERCIARIO DE TORREVIEJA;320;Comunidad Valenciana
CA0748001;05/11/2020;THMBR;DIBROMOMETANO;µg/L;0;< 1,0;705332;4207772;70042;TERCIARIO DE TORREVIEJA;Torrevieja;ALICANTE;748;TERCIARIO DE TORREVIEJA;TERCIARIO DE TORREVIEJA;320;Comunidad Valenciana
CA0748001;05/11/2020;THMBR2CL;Bromodiclorometano;µg/l;0;< 1,0;705332;4207772;70042;TERCIARIO DE TORREVIEJA;Torrevieja;ALICANTE;748;TERCIARIO DE TORREVIEJA;TERCIARIO DE TORREVIEJA;320;Comunidad Valenciana
CA0748001;05/11/2020;THMBRCL;BROMOCLOROMETANO;µg/L;0;< 1,0;705332;4207772;70042;TERCIARIO DE TORREVIEJA;Torrevieja;ALICANTE;748;TERCIARIO DE TORREVIEJA;TERCIARIO DE TORREVIEJA;320;Comunidad Valenciana
CA0748001;05/11/2020;THMBRCL2;DIBROMOCLOROMETANO (Trihalometanos);µg/L;0;< 1,0;705332;4207772;70042;TERCIARIO DE TORREVIEJA;Torrevieja;ALICANTE;748;TERCIARIO DE TORREVIEJA;TERCIARIO DE TORREVIEJA;320;Comunidad Valenciana
CA0748001;05/11/2020;THMBRF;BROMOFORMO;µg/L;0;< 1,0;705332;4207772;70042;TERCIARIO DE TORREVIEJA;Torrevieja;ALICANTE;748;TERCIARIO DE TORREVIEJA;TERCIARIO DE TORREVIEJA;320;Comunidad Valenciana
CA0748001;05/11/2020;THMDCM;DICLOROMETANO;µg/L;0;< 20;705332;4207772;70042;TERCIARIO DE TORREVIEJA;Torrevieja;ALICANTE;748;TERCIARIO DE TORREVIEJA;TERCIARIO DE TORREVIEJA;320;Comunidad Valenciana
CA0748001;05/11/2020;TMB1;1,2,4-trimetilbenceno;µg/l;0;< 1,0;705332;4207772;70042;TERCIARIO DE TORREVIEJA;Torrevieja;ALICANTE;748;TERCIARIO DE TORREVIEJA;TERCIARIO DE TORREVIEJA;320;Comunidad Valenciana
CA0748001;05/11/2020;TMB2;1,3,5-TRIMETILBENCENO;µg/L;0;< 1,0;705332;4207772;70042;TERCIARIO DE TORREVIEJA;Torrevieja;ALICANTE;748;TERCIARIO DE TORREVIEJA;TERCIARIO DE TORREVIEJA;320;Comunidad Valenciana
CA0748001;05/11/2020;TOL;Tolueno (Metilbenceno);µg/L;0;< 1,0;705332;4207772;70042;TERCIARIO DE TORREVIEJA;Torrevieja;ALICANTE;748;TERCIARIO DE TORREVIEJA;TERCIARIO DE TORREVIEJA;320;Comunidad Valenciana
CA0748001;05/11/2020;TRIAZO_2;TRIAZOFOS;µg/L;0;< 0,0100;705332;4207772;70042;TERCIARIO DE TORREVIEJA;Torrevieja;ALICANTE;748;TERCIARIO DE TORREVIEJA;TERCIARIO DE TORREVIEJA;320;Comunidad Valenciana
CA0748001;05/11/2020;TRICLOET;Tricloroetileno (TRI);µg/L;0;< 1,0;705332;4207772;70042;TERCIARIO DE TORREVIEJA;Torrevieja;ALICANTE;748;TERCIARIO DE TORREVIEJA;TERCIARIO DE TORREVIEJA;320;Comunidad Valenciana
CA0748001;05/11/2020;TRIFLURALINA;Trifluralina;µg/L;0;< 0,0060;705332;4207772;70042;TERCIARIO DE TORREVIEJA;Torrevieja;ALICANTE;748;TERCIARIO DE TORREVIEJA;TERCIARIO DE TORREVIEJA;320;Comunidad Valenciana
CA0748001;05/11/2020;XILM+P;SUMA M+P XILENO;µg/L;0;< 2,0;705332;4207772;70042;TERCIARIO DE TORREVIEJA;Torrevieja;ALICANTE;748;TERCIARIO DE TORREVIEJA;TERCIARIO DE TORREVIEJA;320;Comunidad Valenciana
CA0748001;05/11/2020;XIL-O;O-XILENO;µg/L;0;< 1,0;705332;4207772;70042;TERCIARIO DE TORREVIEJA;Torrevieja;ALICANTE;748;TERCIARIO DE TORREVIEJA;TERCIARIO DE TORREVIEJA;320;Comunidad Valenciana
CA0748001;05/11/2020;ZN;ZINC;µg/l Zn;230;23;705332;4207772;70042;TERCIARIO DE TORREVIEJA;Torrevieja;ALICANTE;748;TERCIARIO DE TORREVIEJA;TERCIARIO DE TORREVIEJA;320;Comunidad Valenciana
CA0748001;14/01/2021;12DIBR;1,2-DIBROMOETANO;µg/L;0;< 1,0;705332;4207772;70042;TERCIARIO DE TORREVIEJA;Torrevieja;ALICANTE;748;TERCIARIO DE TORREVIEJA;TERCIARIO DE TORREVIEJA;320;Comunidad Valenciana
CA0748001;14/01/2021;2BR2CLPRO;1,2-DIBROMO-3-CLOROPROPANO;µg/L;0;< 2,0;705332;4207772;70042;TERCIARIO DE TORREVIEJA;Torrevieja;ALICANTE;748;TERCIARIO DE TORREVIEJA;TERCIARIO DE TORREVIEJA;320;Comunidad Valenciana
CA0748001;14/01/2021;2CLETA;1,1-DICLOROETANO;µg/L;0;< 1,0;705332;4207772;70042;TERCIARIO DE TORREVIEJA;Torrevieja;ALICANTE;748;TERCIARIO DE TORREVIEJA;TERCIARIO DE TORREVIEJA;320;Comunidad Valenciana
CA0748001;14/01/2021;2CLETE;1,1-DICLOROETENO;µg/L;0;< 1,0;705332;4207772;70042;TERCIARIO DE TORREVIEJA;Torrevieja;ALICANTE;748;TERCIARIO DE TORREVIEJA;TERCIARIO DE TORREVIEJA;320;Comunidad Valenciana
CA0748001;14/01/2021;2CLETE2;1,2-DICLOROETENO;µg/L;0;< 2,0;705332;4207772;70042;TERCIARIO DE TORREVIEJA;Torrevieja;ALICANTE;748;TERCIARIO DE TORREVIEJA;TERCIARIO DE TORREVIEJA;320;Comunidad Valenciana
CA0748001;14/01/2021;2CLETEN;TRANS-1,2-DICLOROETENO;µg/L;0;< 1,0;705332;4207772;70042;TERCIARIO DE TORREVIEJA;Torrevieja;ALICANTE;748;TERCIARIO DE TORREVIEJA;TERCIARIO DE TORREVIEJA;320;Comunidad Valenciana
CA0748001;14/01/2021;2CLPRO;1,3-DICLOROPROPANO;µg/L;0;< 1,0;705332;4207772;70042;TERCIARIO DE TORREVIEJA;Torrevieja;ALICANTE;748;TERCIARIO DE TORREVIEJA;TERCIARIO DE TORREVIEJA;320;Comunidad Valenciana
CA0748001;14/01/2021;2CLPROCIS;CIS-1,3-DICLOROPROPENO;µg/L;0;< 1,0;705332;4207772;70042;TERCIARIO DE TORREVIEJA;Torrevieja;ALICANTE;748;TERCIARIO DE TORREVIEJA;TERCIARIO DE TORREVIEJA;320;Comunidad Valenciana
CA0748001;14/01/2021;2CLPROPA;1,2-DICLOROPROPANO;µg/L;0;< 1,0;705332;4207772;70042;TERCIARIO DE TORREVIEJA;Torrevieja;ALICANTE;748;TERCIARIO DE TORREVIEJA;TERCIARIO DE TORREVIEJA;320;Comunidad Valenciana
CA0748001;14/01/2021;2CLPROPA2;2,2-DICLOROPROPANO;µg/L;0;< 1,0;705332;4207772;70042;TERCIARIO DE TORREVIEJA;Torrevieja;ALICANTE;748;TERCIARIO DE TORREVIEJA;TERCIARIO DE TORREVIEJA;320;Comunidad Valenciana
CA0748001;14/01/2021;2CLPROPE;1,1-DICLOROPROPENO;µg/L;0;< 1,0;705332;4207772;70042;TERCIARIO DE TORREVIEJA;Torrevieja;ALICANTE;748;TERCIARIO DE TORREVIEJA;TERCIARIO DE TORREVIEJA;320;Comunidad Valenciana
CA0748001;14/01/2021;2CLPROPE2;TRANS-1,3-DICLOROPROPENO;µg/L;0;< 1,0;705332;4207772;70042;TERCIARIO DE TORREVIEJA;Torrevieja;ALICANTE;748;TERCIARIO DE TORREVIEJA;TERCIARIO DE TORREVIEJA;320;Comunidad Valenciana
CA0748001;14/01/2021;3CLETA;1,1,2-TRICLOROETANO;µg/L;0;< 1,0;705332;4207772;70042;TERCIARIO DE TORREVIEJA;Torrevieja;ALICANTE;748;TERCIARIO DE TORREVIEJA;TERCIARIO DE TORREVIEJA;320;Comunidad Valenciana
CA0748001;14/01/2021;3CLPRO;1,2,3-TRICLOROPROPANO;µg/L;0;< 1,0;705332;4207772;70042;TERCIARIO DE TORREVIEJA;Torrevieja;ALICANTE;748;TERCIARIO DE TORREVIEJA;TERCIARIO DE TORREVIEJA;320;Comunidad Valenciana
CA0748001;14/01/2021;4CLETA;1,1,1,2-TETRACLOROETANO;µg/L;0;< 1,0;705332;4207772;70042;TERCIARIO DE TORREVIEJA;Torrevieja;ALICANTE;748;TERCIARIO DE TORREVIEJA;TERCIARIO DE TORREVIEJA;320;Comunidad Valenciana
CA0748001;14/01/2021;4CLETA2;1,1,2,2-TETRACLOROETANO;µg/L;0;< 1,0;705332;4207772;70042;TERCIARIO DE TORREVIEJA;Torrevieja;ALICANTE;748;TERCIARIO DE TORREVIEJA;TERCIARIO DE TORREVIEJA;320;Comunidad Valenciana
CA0748001;14/01/2021;6CLET;HEXACLOROETANO;µg/L;0;< 1,0;705332;4207772;70042;TERCIARIO DE TORREVIEJA;Torrevieja;ALICANTE;748;TERCIARIO DE TORREVIEJA;TERCIARIO DE TORREVIEJA;320;Comunidad Valenciana
CA0748001;14/01/2021;AS;ARSENICO;µg/L As;0;< 5,0;705332;4207772;70042;TERCIARIO DE TORREVIEJA;Torrevieja;ALICANTE;748;TERCIARIO DE TORREVIEJA;TERCIARIO DE TORREVIEJA;320;Comunidad Valenciana
CA0748001;14/01/2021;B;BORO;µg/L B;4200;420;705332;4207772;70042;TERCIARIO DE TORREVIEJA;Torrevieja;ALICANTE;748;TERCIARIO DE TORREVIEJA;TERCIARIO DE TORREVIEJA;320;Comunidad Valenciana
CA0748001;14/01/2021;BENCENO;BENCENO;µg/L;0;< 0,30;705332;4207772;70042;TERCIARIO DE TORREVIEJA;Torrevieja;ALICANTE;748;TERCIARIO DE TORREVIEJA;TERCIARIO DE TORREVIEJA;320;Comunidad Valenciana
CA0748001;14/01/2021;BICARB;BICARBONATOS;mg/L HCO3-;2050;205;705332;4207772;70042;TERCIARIO DE TORREVIEJA;Torrevieja;ALICANTE;748;TERCIARIO DE TORREVIEJA;TERCIARIO DE TORREVIEJA;320;Comunidad Valenciana
CA0748001;14/01/2021;BRB;BROMOBENCENO;µg/L;0;< 1,0;705332;4207772;70042;TERCIARIO DE TORREVIEJA;Torrevieja;ALICANTE;748;TERCIARIO DE TORREVIEJA;TERCIARIO DE TORREVIEJA;320;Comunidad Valenciana
CA0748001;14/01/2021;CA;CALCIO;mg/L Ca;370;37;705332;4207772;70042;TERCIARIO DE TORREVIEJA;Torrevieja;ALICANTE;748;TERCIARIO DE TORREVIEJA;TERCIARIO DE TORREVIEJA;320;Comunidad Valenciana
CA0748001;14/01/2021;CD;CADMIO;µg/L Cd;0;< 0,02;705332;4207772;70042;TERCIARIO DE TORREVIEJA;Torrevieja;ALICANTE;748;TERCIARIO DE TORREVIEJA;TERCIARIO DE TORREVIEJA;320;Comunidad Valenciana
CA0748001;14/01/2021;CL;Cloruros;mg/L Cl;3970;397;705332;4207772;70042;TERCIARIO DE TORREVIEJA;Torrevieja;ALICANTE;748;TERCIARIO DE TORREVIEJA;TERCIARIO DE TORREVIEJA;320;Comunidad Valenciana
CA0748001;14/01/2021;CLF;Cloroformo (Triclorometano);µg/L;57;5,7;705332;4207772;70042;TERCIARIO DE TORREVIEJA;Torrevieja;ALICANTE;748;TERCIARIO DE TORREVIEJA;TERCIARIO DE TORREVIEJA;320;Comunidad Valenciana
CA0748001;14/01/2021;CLTO2;4-CLOROTOLUENO;µg/L;0;< 1,0;705332;4207772;70042;TERCIARIO DE TORREVIEJA;Torrevieja;ALICANTE;748;TERCIARIO DE TORREVIEJA;TERCIARIO DE TORREVIEJA;320;Comunidad Valenciana
CA0748001;14/01/2021;CLTOL;2-CLOROTOLUENO;µg/L;0;< 1,0;705332;4207772;70042;TERCIARIO DE TORREVIEJA;Torrevieja;ALICANTE;748;TERCIARIO DE TORREVIEJA;TERCIARIO DE TORREVIEJA;320;Comunidad Valenciana
CA0748001;14/01/2021;COND20SITU;Conductividad de campo (medida in situ);µS/cm;17400;1740;705332;4207772;70042;TERCIARIO DE TORREVIEJA;Torrevieja;ALICANTE;748;TERCIARIO DE TORREVIEJA;TERCIARIO DE TORREVIEJA;320;Comunidad Valenciana
CA0748001;14/01/2021;CR;CROMO;µg/L Cr;0;< 5,0;705332;4207772;70042;TERCIARIO DE TORREVIEJA;Torrevieja;ALICANTE;748;TERCIARIO DE TORREVIEJA;TERCIARIO DE TORREVIEJA;320;Comunidad Valenciana
CA0748001;14/01/2021;CU;COBRE;µg/L Cu;0;< 0,80;705332;4207772;70042;TERCIARIO DE TORREVIEJA;Torrevieja;ALICANTE;748;TERCIARIO DE TORREVIEJA;TERCIARIO DE TORREVIEJA;320;Comunidad Valenciana
CA0748001;14/01/2021;DCB-M;1,3-diclorobenceno (m-diclorobenceno);µg/L;0;< 1,0;705332;4207772;70042;TERCIARIO DE TORREVIEJA;Torrevieja;ALICANTE;748;TERCIARIO DE TORREVIEJA;TERCIARIO DE TORREVIEJA;320;Comunidad Valenciana
CA0748001;14/01/2021;DCB-P;1,4-diclorobenceno (p-diclorobenceno);µg/L;0;< 1,0;705332;4207772;70042;TERCIARIO DE TORREVIEJA;Torrevieja;ALICANTE;748;TERCIARIO DE TORREVIEJA;TERCIARIO DE TORREVIEJA;320;Comunidad Valenciana
CA0748001;14/01/2021;DCE;1,2-dicloroetano (EDC, cloruro de etileno);µg/L;0;< 1,0;705332;4207772;70042;TERCIARIO DE TORREVIEJA;Torrevieja;ALICANTE;748;TERCIARIO DE TORREVIEJA;TERCIARIO DE TORREVIEJA;320;Comunidad Valenciana
CA0748001;14/01/2021;DICLETE-CIS;CIS-1,2-DICLOROETENO;µg/L;0;< 1,0;705332;4207772;70042;TERCIARIO DE TORREVIEJA;Torrevieja;ALICANTE;748;TERCIARIO DE TORREVIEJA;TERCIARIO DE TORREVIEJA;320;Comunidad Valenciana
CA0748001;14/01/2021;DQO;DQO o Demanda Química de Oxígeno;mg/L O2;0;< 15;705332;4207772;70042;TERCIARIO DE TORREVIEJA;Torrevieja;ALICANTE;748;TERCIARIO DE TORREVIEJA;TERCIARIO DE TORREVIEJA;320;Comunidad Valenciana
CA0748001;14/01/2021;ETBENCENO;Etilbenceno;µg/L;0;< 1,0;705332;4207772;70042;TERCIARIO DE TORREVIEJA;Torrevieja;ALICANTE;748;TERCIARIO DE TORREVIEJA;TERCIARIO DE TORREVIEJA;320;Comunidad Valenciana
CA0748001;14/01/2021;FE;HIERRO;µg/L;0;< 50;705332;4207772;70042;TERCIARIO DE TORREVIEJA;Torrevieja;ALICANTE;748;TERCIARIO DE TORREVIEJA;TERCIARIO DE TORREVIEJA;320;Comunidad Valenciana
CA0748001;14/01/2021;HCBD;Hexaclorobutadieno (HCBD, Hexacloro-1,3-Butadieno);µg/L;0;< 0,060;705332;4207772;70042;TERCIARIO DE TORREVIEJA;Torrevieja;ALICANTE;748;TERCIARIO DE TORREVIEJA;TERCIARIO DE TORREVIEJA;320;Comunidad Valenciana
CA0748001;14/01/2021;HG;MERCURIO;µg/L Hg;0;< 0,045;705332;4207772;70042;TERCIARIO DE TORREVIEJA;Torrevieja;ALICANTE;748;TERCIARIO DE TORREVIEJA;TERCIARIO DE TORREVIEJA;320;Comunidad Valenciana
CA0748001;14/01/2021;ISOPROPB;Isopropilbenceno (cumeno);µg/L;0;< 1,0;705332;4207772;70042;TERCIARIO DE TORREVIEJA;Torrevieja;ALICANTE;748;TERCIARIO DE TORREVIEJA;TERCIARIO DE TORREVIEJA;320;Comunidad Valenciana
CA0748001;14/01/2021;ISOPROPILTO;4-ISOPROPILTOLUENO;µg/L;0;< 1,0;705332;4207772;70042;TERCIARIO DE TORREVIEJA;Torrevieja;ALICANTE;748;TERCIARIO DE TORREVIEJA;TERCIARIO DE TORREVIEJA;320;Comunidad Valenciana
CA0748001;14/01/2021;K;POTASIO;mg/L K;170;17;705332;4207772;70042;TERCIARIO DE TORREVIEJA;Torrevieja;ALICANTE;748;TERCIARIO DE TORREVIEJA;TERCIARIO DE TORREVIEJA;320;Comunidad Valenciana
CA0748001;14/01/2021;MCB;Clorobenceno (monoclorobenceno);µg/L;0;< 1,0;705332;4207772;70042;TERCIARIO DE TORREVIEJA;Torrevieja;ALICANTE;748;TERCIARIO DE TORREVIEJA;TERCIARIO DE TORREVIEJA;320;Comunidad Valenciana
CA0748001;14/01/2021;MG;MAGNESIO;mg/L Mg;310;31;705332;4207772;70042;TERCIARIO DE TORREVIEJA;Torrevieja;ALICANTE;748;TERCIARIO DE TORREVIEJA;TERCIARIO DE TORREVIEJA;320;Comunidad Valenciana
CA0748001;14/01/2021;MN;MANGANESO;µg/L Mn;0;< 5,0;705332;4207772;70042;TERCIARIO DE TORREVIEJA;Torrevieja;ALICANTE;748;TERCIARIO DE TORREVIEJA;TERCIARIO DE TORREVIEJA;320;Comunidad Valenciana
CA0748001;14/01/2021;;SODIO;mg/L Na;2690;> 200 (269)*;705332;4207772;70042;TERCIARIO DE TORREVIEJA;Torrevieja;ALICANTE;748;TERCIARIO DE TORREVIEJA;TERCIARIO DE TORREVIEJA;320;Comunidad Valenciana
CA0748001;14/01/2021;NAFTALENO;Naftaleno (naftalina);µg/L;0;< 0,30;705332;4207772;70042;TERCIARIO DE TORREVIEJA;Torrevieja;ALICANTE;748;TERCIARIO DE TORREVIEJA;TERCIARIO DE TORREVIEJA;320;Comunidad Valenciana
CA0748001;14/01/2021;N-BUB;N-BUTILBENCENO;µg/L;0;< 1,0;705332;4207772;70042;TERCIARIO DE TORREVIEJA;Torrevieja;ALICANTE;748;TERCIARIO DE TORREVIEJA;TERCIARIO DE TORREVIEJA;320;Comunidad Valenciana
CA0748001;14/01/2021;NH4;AMONIO;mg/L NH4;0;< 0,10;705332;4207772;70042;TERCIARIO DE TORREVIEJA;Torrevieja;ALICANTE;748;TERCIARIO DE TORREVIEJA;TERCIARIO DE TORREVIEJA;320;Comunidad Valenciana
CA0748001;14/01/2021;NI;NIQUEL;µg/L Ni;0;< 0,80;705332;4207772;70042;TERCIARIO DE TORREVIEJA;Torrevieja;ALICANTE;748;TERCIARIO DE TORREVIEJA;TERCIARIO DE TORREVIEJA;320;Comunidad Valenciana
CA0748001;14/01/2021;NO2;Nitritos;mg/L NO2;0;< 0,020;705332;4207772;70042;TERCIARIO DE TORREVIEJA;Torrevieja;ALICANTE;748;TERCIARIO DE TORREVIEJA;TERCIARIO DE TORREVIEJA;320;Comunidad Valenciana
CA0748001;14/01/2021;NO3;Nitratos;mg/L NO3;560;56;705332;4207772;70042;TERCIARIO DE TORREVIEJA;Torrevieja;ALICANTE;748;TERCIARIO DE TORREVIEJA;TERCIARIO DE TORREVIEJA;320;Comunidad Valenciana
CA0748001;14/01/2021;N-PROPILB;N-PROPILBENCENO;µg/L;0;< 1,0;705332;4207772;70042;TERCIARIO DE TORREVIEJA;Torrevieja;ALICANTE;748;TERCIARIO DE TORREVIEJA;TERCIARIO DE TORREVIEJA;320;Comunidad Valenciana
CA0748001;14/01/2021;NTOTAL;Nitrógeno total;mg/L N;190;19;705332;4207772;70042;TERCIARIO DE TORREVIEJA;Torrevieja;ALICANTE;748;TERCIARIO DE TORREVIEJA;TERCIARIO DE TORREVIEJA;320;Comunidad Valenciana
CA0748001;14/01/2021;O2 DTO;Oxigeno disuelto de campo (medida in situ);mg/L O2;861;8,61;705332;4207772;70042;TERCIARIO DE TORREVIEJA;Torrevieja;ALICANTE;748;TERCIARIO DE TORREVIEJA;TERCIARIO DE TORREVIEJA;320;Comunidad Valenciana
CA0748001;14/01/2021;O-DICLORO;1,2-diclorobenceno (o-diclorobenceno);µg/L;0;< 1,0;705332;4207772;70042;TERCIARIO DE TORREVIEJA;Torrevieja;ALICANTE;748;TERCIARIO DE TORREVIEJA;TERCIARIO DE TORREVIEJA;320;Comunidad Valenciana
CA0748001;14/01/2021;PAHEST;Estireno (etenilbenceno);µg/L;0;< 1,0;705332;4207772;70042;TERCIARIO DE TORREVIEJA;Torrevieja;ALICANTE;748;TERCIARIO DE TORREVIEJA;TERCIARIO DE TORREVIEJA;320;Comunidad Valenciana
CA0748001;14/01/2021;PB;PLOMO;µg/L Pb;0;< 0,30;705332;4207772;70042;TERCIARIO DE TORREVIEJA;Torrevieja;ALICANTE;748;TERCIARIO DE TORREVIEJA;TERCIARIO DE TORREVIEJA;320;Comunidad Valenciana
CA0748001;14/01/2021;PER;Tetracloroetileno (PER, Percloroetileno);µg/L;0;< 1,0;705332;4207772;70042;TERCIARIO DE TORREVIEJA;Torrevieja;ALICANTE;748;TERCIARIO DE TORREVIEJA;TERCIARIO DE TORREVIEJA;320;Comunidad Valenciana
CA0748001;14/01/2021;PHSITU;pH de campo (medida in situ);udpH;813;8,13 (16.2ºC);705332;4207772;70042;TERCIARIO DE TORREVIEJA;Torrevieja;ALICANTE;748;TERCIARIO DE TORREVIEJA;TERCIARIO DE TORREVIEJA;320;Comunidad Valenciana
CA0748001;14/01/2021;PO4;Fosfatos;mg/L PO4;0;< 0,040;705332;4207772;70042;TERCIARIO DE TORREVIEJA;Torrevieja;ALICANTE;748;TERCIARIO DE TORREVIEJA;TERCIARIO DE TORREVIEJA;320;Comunidad Valenciana
CA0748001;14/01/2021;PTOTAL;FOSFORO TOTAL;mg/L P;0;< 0,05;705332;4207772;70042;TERCIARIO DE TORREVIEJA;Torrevieja;ALICANTE;748;TERCIARIO DE TORREVIEJA;TERCIARIO DE TORREVIEJA;320;Comunidad Valenciana
CA0748001;14/01/2021;SATINSI;Porcentaje de saturación de oxígeno disuelto de campo (medido in situ);% O2;823;82,3;705332;4207772;70042;TERCIARIO DE TORREVIEJA;Torrevieja;ALICANTE;748;TERCIARIO DE TORREVIEJA;TERCIARIO DE TORREVIEJA;320;Comunidad Valenciana
CA0748001;14/01/2021;SE;SELENIO;µg/L Se;16;1,6;705332;4207772;70042;TERCIARIO DE TORREVIEJA;Torrevieja;ALICANTE;748;TERCIARIO DE TORREVIEJA;TERCIARIO DE TORREVIEJA;320;Comunidad Valenciana
CA0748001;14/01/2021;SECBUTB;SEC-BUTILBENCENO;µg/L;0;< 1,0;705332;4207772;70042;TERCIARIO DE TORREVIEJA;Torrevieja;ALICANTE;748;TERCIARIO DE TORREVIEJA;TERCIARIO DE TORREVIEJA;320;Comunidad Valenciana
CA0748001;14/01/2021;SUMAXILENO;Xileno (dimetilbenceno) (suma o-, m- y p-xileno);µg/L;0;< 3,0;705332;4207772;70042;TERCIARIO DE TORREVIEJA;Torrevieja;ALICANTE;748;TERCIARIO DE TORREVIEJA;TERCIARIO DE TORREVIEJA;320;Comunidad Valenciana
CA0748001;14/01/2021;SUMDCB;Diclorobenceno (suma isómeros);µg/L;0;< 3,0;705332;4207772;70042;TERCIARIO DE TORREVIEJA;Torrevieja;ALICANTE;748;TERCIARIO DE TORREVIEJA;TERCIARIO DE TORREVIEJA;320;Comunidad Valenciana
CA0748001;14/01/2021;SUMTCBEN;"Triclorobenceno (suma isómeros 1,2,3-; 1,2,4- y 1,3,5- TCB)";µg/L;0;< 0,18;705332;4207772;70042;TERCIARIO DE TORREVIEJA;Torrevieja;ALICANTE;748;TERCIARIO DE TORREVIEJA;TERCIARIO DE TORREVIEJA;320;Comunidad Valenciana
CA0748001;14/01/2021;SUO4;Sulfatos;mg/L SO4;1210;121;705332;4207772;70042;TERCIARIO DE TORREVIEJA;Torrevieja;ALICANTE;748;TERCIARIO DE TORREVIEJA;TERCIARIO DE TORREVIEJA;320;Comunidad Valenciana
CA0748001;14/01/2021;TAGUA;"TEMPERATURA ""IN SITU""";ºC;861;8,61;705332;4207772;70042;TERCIARIO DE TORREVIEJA;Torrevieja;ALICANTE;748;TERCIARIO DE TORREVIEJA;TERCIARIO DE TORREVIEJA;320;Comunidad Valenciana
CA0748001;14/01/2021;TBUTB;TERC-BUTILBENCENO;µg/L;0;< 1,0;705332;4207772;70042;TERCIARIO DE TORREVIEJA;Torrevieja;ALICANTE;748;TERCIARIO DE TORREVIEJA;TERCIARIO DE TORREVIEJA;320;Comunidad Valenciana
CA0748001;14/01/2021;TCB123;1,2,3-Triclorobenceno;µg/L;0;< 0,060;705332;4207772;70042;TERCIARIO DE TORREVIEJA;Torrevieja;ALICANTE;748;TERCIARIO DE TORREVIEJA;TERCIARIO DE TORREVIEJA;320;Comunidad Valenciana
CA0748001;14/01/2021;TCB124;1,2,4-Triclorobenceno;µg/L;0;< 0,060;705332;4207772;70042;TERCIARIO DE TORREVIEJA;Torrevieja;ALICANTE;748;TERCIARIO DE TORREVIEJA;TERCIARIO DE TORREVIEJA;320;Comunidad Valenciana
CA0748001;14/01/2021;TCB135;1,3,5-Triclorobenceno;µg/L;0;< 0,060;705332;4207772;70042;TERCIARIO DE TORREVIEJA;Torrevieja;ALICANTE;748;TERCIARIO DE TORREVIEJA;TERCIARIO DE TORREVIEJA;320;Comunidad Valenciana
CA0748001;14/01/2021;TCE;1,1,1-TRICLOROETANO;µg/L;0;< 1,0;705332;4207772;70042;TERCIARIO DE TORREVIEJA;Torrevieja;ALICANTE;748;TERCIARIO DE TORREVIEJA;TERCIARIO DE TORREVIEJA;320;Comunidad Valenciana
CA0748001;14/01/2021;TETRA;Tetracloruro de carbono (Tetraclorometano, Perclorometano);µg/L;0;< 1,0;705332;4207772;70042;TERCIARIO DE TORREVIEJA;Torrevieja;ALICANTE;748;TERCIARIO DE TORREVIEJA;TERCIARIO DE TORREVIEJA;320;Comunidad Valenciana
CA0748001;14/01/2021;TETRTRI;Tricloroetileno + Tetracloroetileno (Percloroetileno);µg/L;0;< 2,0;705332;4207772;70042;TERCIARIO DE TORREVIEJA;Torrevieja;ALICANTE;748;TERCIARIO DE TORREVIEJA;TERCIARIO DE TORREVIEJA;320;Comunidad Valenciana
CA0748001;14/01/2021;THMBR;DIBROMOMETANO;µg/L;0;< 1,0;705332;4207772;70042;TERCIARIO DE TORREVIEJA;Torrevieja;ALICANTE;748;TERCIARIO DE TORREVIEJA;TERCIARIO DE TORREVIEJA;320;Comunidad Valenciana
CA0748001;14/01/2021;THMBR2CL;Bromodiclorometano;µg/l;0;< 1,0;705332;4207772;70042;TERCIARIO DE TORREVIEJA;Torrevieja;ALICANTE;748;TERCIARIO DE TORREVIEJA;TERCIARIO DE TORREVIEJA;320;Comunidad Valenciana
CA0748001;14/01/2021;THMBRCL;BROMOCLOROMETANO;µg/L;14;1,4;705332;4207772;70042;TERCIARIO DE TORREVIEJA;Torrevieja;ALICANTE;748;TERCIARIO DE TORREVIEJA;TERCIARIO DE TORREVIEJA;320;Comunidad Valenciana
CA0748001;14/01/2021;THMBRCL2;DIBROMOCLOROMETANO (Trihalometanos);µg/L;0;< 1,0;705332;4207772;70042;TERCIARIO DE TORREVIEJA;Torrevieja;ALICANTE;748;TERCIARIO DE TORREVIEJA;TERCIARIO DE TORREVIEJA;320;Comunidad Valenciana
CA0748001;14/01/2021;THMBRF;BROMOFORMO;µg/L;0;< 1,0;705332;4207772;70042;TERCIARIO DE TORREVIEJA;Torrevieja;ALICANTE;748;TERCIARIO DE TORREVIEJA;TERCIARIO DE TORREVIEJA;320;Comunidad Valenciana
CA0748001;14/01/2021;THMDCM;DICLOROMETANO;µg/L;0;< 20;705332;4207772;70042;TERCIARIO DE TORREVIEJA;Torrevieja;ALICANTE;748;TERCIARIO DE TORREVIEJA;TERCIARIO DE TORREVIEJA;320;Comunidad Valenciana
CA0748001;14/01/2021;TMB1;1,2,4-trimetilbenceno;µg/l;0;< 1,0;705332;4207772;70042;TERCIARIO DE TORREVIEJA;Torrevieja;ALICANTE;748;TERCIARIO DE TORREVIEJA;TERCIARIO DE TORREVIEJA;320;Comunidad Valenciana
CA0748001;14/01/2021;TMB2;1,3,5-TRIMETILBENCENO;µg/L;0;< 1,0;705332;4207772;70042;TERCIARIO DE TORREVIEJA;Torrevieja;ALICANTE;748;TERCIARIO DE TORREVIEJA;TERCIARIO DE TORREVIEJA;320;Comunidad Valenciana
CA0748001;14/01/2021;TOL;Tolueno (Metilbenceno);µg/L;0;< 1,0;705332;4207772;70042;TERCIARIO DE TORREVIEJA;Torrevieja;ALICANTE;748;TERCIARIO DE TORREVIEJA;TERCIARIO DE TORREVIEJA;320;Comunidad Valenciana
CA0748001;14/01/2021;TRICLOET;Tricloroetileno (TRI);µg/L;0;< 1,0;705332;4207772;70042;TERCIARIO DE TORREVIEJA;Torrevieja;ALICANTE;748;TERCIARIO DE TORREVIEJA;TERCIARIO DE TORREVIEJA;320;Comunidad Valenciana
CA0748001;14/01/2021;XILM+P;SUMA M+P XILENO;µg/L;0;< 2,0;705332;4207772;70042;TERCIARIO DE TORREVIEJA;Torrevieja;ALICANTE;748;TERCIARIO DE TORREVIEJA;TERCIARIO DE TORREVIEJA;320;Comunidad Valenciana
CA0748001;14/01/2021;XIL-O;O-XILENO;µg/L;0;< 1,0;705332;4207772;70042;TERCIARIO DE TORREVIEJA;Torrevieja;ALICANTE;748;TERCIARIO DE TORREVIEJA;TERCIARIO DE TORREVIEJA;320;Comunidad Valenciana
CA0748001;14/01/2021;ZN;ZINC;µg/l Zn;110;11;705332;4207772;70042;TERCIARIO DE TORREVIEJA;Torrevieja;ALICANTE;748;TERCIARIO DE TORREVIEJA;TERCIARIO DE TORREVIEJA;320;Comunidad Valenciana
CA0748001;15/06/2021;12DIBR;1,2-DIBROMOETANO;µg/L;0;< 1,0;705332;4207772;70042;TERCIARIO DE TORREVIEJA;Torrevieja;ALICANTE;748;TERCIARIO DE TORREVIEJA;TERCIARIO DE TORREVIEJA;320;Comunidad Valenciana
CA0748001;15/06/2021;2BR2CLPRO;1,2-DIBROMO-3-CLOROPROPANO;µg/L;0;< 2,0;705332;4207772;70042;TERCIARIO DE TORREVIEJA;Torrevieja;ALICANTE;748;TERCIARIO DE TORREVIEJA;TERCIARIO DE TORREVIEJA;320;Comunidad Valenciana
CA0748001;15/06/2021;2CLETA;1,1-DICLOROETANO;µg/L;0;< 1,0;705332;4207772;70042;TERCIARIO DE TORREVIEJA;Torrevieja;ALICANTE;748;TERCIARIO DE TORREVIEJA;TERCIARIO DE TORREVIEJA;320;Comunidad Valenciana
CA0748001;15/06/2021;2CLETE;1,1-DICLOROETENO;µg/L;0;< 1,0;705332;4207772;70042;TERCIARIO DE TORREVIEJA;Torrevieja;ALICANTE;748;TERCIARIO DE TORREVIEJA;TERCIARIO DE TORREVIEJA;320;Comunidad Valenciana
CA0748001;15/06/2021;2CLETE2;1,2-DICLOROETENO;µg/L;0;< 2,0;705332;4207772;70042;TERCIARIO DE TORREVIEJA;Torrevieja;ALICANTE;748;TERCIARIO DE TORREVIEJA;TERCIARIO DE TORREVIEJA;320;Comunidad Valenciana
CA0748001;15/06/2021;2CLETEN;TRANS-1,2-DICLOROETENO;µg/L;0;< 1,0;705332;4207772;70042;TERCIARIO DE TORREVIEJA;Torrevieja;ALICANTE;748;TERCIARIO DE TORREVIEJA;TERCIARIO DE TORREVIEJA;320;Comunidad Valenciana
CA0748001;15/06/2021;2CLPRO;1,3-DICLOROPROPANO;µg/L;0;< 1,0;705332;4207772;70042;TERCIARIO DE TORREVIEJA;Torrevieja;ALICANTE;748;TERCIARIO DE TORREVIEJA;TERCIARIO DE TORREVIEJA;320;Comunidad Valenciana
CA0748001;15/06/2021;2CLPROCIS;CIS-1,3-DICLOROPROPENO;µg/L;0;< 1,0;705332;4207772;70042;TERCIARIO DE TORREVIEJA;Torrevieja;ALICANTE;748;TERCIARIO DE TORREVIEJA;TERCIARIO DE TORREVIEJA;320;Comunidad Valenciana
CA0748001;15/06/2021;2CLPROPA;1,2-DICLOROPROPANO;µg/L;0;< 1,0;705332;4207772;70042;TERCIARIO DE TORREVIEJA;Torrevieja;ALICANTE;748;TERCIARIO DE TORREVIEJA;TERCIARIO DE TORREVIEJA;320;Comunidad Valenciana
CA0748001;15/06/2021;2CLPROPA2;2,2-DICLOROPROPANO;µg/L;0;< 1,0;705332;4207772;70042;TERCIARIO DE TORREVIEJA;Torrevieja;ALICANTE;748;TERCIARIO DE TORREVIEJA;TERCIARIO DE TORREVIEJA;320;Comunidad Valenciana
CA0748001;15/06/2021;2CLPROPE;1,1-DICLOROPROPENO;µg/L;0;< 1,0;705332;4207772;70042;TERCIARIO DE TORREVIEJA;Torrevieja;ALICANTE;748;TERCIARIO DE TORREVIEJA;TERCIARIO DE TORREVIEJA;320;Comunidad Valenciana
CA0748001;15/06/2021;2CLPROPE2;TRANS-1,3-DICLOROPROPENO;µg/L;0;< 1,0;705332;4207772;70042;TERCIARIO DE TORREVIEJA;Torrevieja;ALICANTE;748;TERCIARIO DE TORREVIEJA;TERCIARIO DE TORREVIEJA;320;Comunidad Valenciana
CA0748001;15/06/2021;3CLETA;1,1,2-TRICLOROETANO;µg/L;0;< 1,0;705332;4207772;70042;TERCIARIO DE TORREVIEJA;Torrevieja;ALICANTE;748;TERCIARIO DE TORREVIEJA;TERCIARIO DE TORREVIEJA;320;Comunidad Valenciana
CA0748001;15/06/2021;3CLPRO;1,2,3-TRICLOROPROPANO;µg/L;0;< 1,0;705332;4207772;70042;TERCIARIO DE TORREVIEJA;Torrevieja;ALICANTE;748;TERCIARIO DE TORREVIEJA;TERCIARIO DE TORREVIEJA;320;Comunidad Valenciana
CA0748001;15/06/2021;4CLETA;1,1,1,2-TETRACLOROETANO;µg/L;0;< 1,0;705332;4207772;70042;TERCIARIO DE TORREVIEJA;Torrevieja;ALICANTE;748;TERCIARIO DE TORREVIEJA;TERCIARIO DE TORREVIEJA;320;Comunidad Valenciana
CA0748001;15/06/2021;4CLETA2;1,1,2,2-TETRACLOROETANO;µg/L;0;< 1,0;705332;4207772;70042;TERCIARIO DE TORREVIEJA;Torrevieja;ALICANTE;748;TERCIARIO DE TORREVIEJA;TERCIARIO DE TORREVIEJA;320;Comunidad Valenciana
CA0748001;15/06/2021;6CLET;HEXACLOROETANO;µg/L;0;< 1,0;705332;4207772;70042;TERCIARIO DE TORREVIEJA;Torrevieja;ALICANTE;748;TERCIARIO DE TORREVIEJA;TERCIARIO DE TORREVIEJA;320;Comunidad Valenciana
CA0748001;15/06/2021;ACLONIFE;ACLONIFENO;µg/L;0;< 0,00200;705332;4207772;70042;TERCIARIO DE TORREVIEJA;Torrevieja;ALICANTE;748;TERCIARIO DE TORREVIEJA;TERCIARIO DE TORREVIEJA;320;Comunidad Valenciana
CA0748001;15/06/2021;ALACLORO;ALACLORO;µg/L;0;< 0,01000;705332;4207772;70042;TERCIARIO DE TORREVIEJA;Torrevieja;ALICANTE;748;TERCIARIO DE TORREVIEJA;TERCIARIO DE TORREVIEJA;320;Comunidad Valenciana
CA0748001;15/06/2021;ALDRIN;ALDRINA;µg/L;0;< 0,00025;705332;4207772;70042;TERCIARIO DE TORREVIEJA;Torrevieja;ALICANTE;748;TERCIARIO DE TORREVIEJA;TERCIARIO DE TORREVIEJA;320;Comunidad Valenciana
CA0748001;15/06/2021;AMETRINA;AMETRINA;µg/L;0;< 0,050;705332;4207772;70042;TERCIARIO DE TORREVIEJA;Torrevieja;ALICANTE;748;TERCIARIO DE TORREVIEJA;TERCIARIO DE TORREVIEJA;320;Comunidad Valenciana
CA0748001;15/06/2021;AS;ARSENICO;µg/L As;0;< 5,0;705332;4207772;70042;TERCIARIO DE TORREVIEJA;Torrevieja;ALICANTE;748;TERCIARIO DE TORREVIEJA;TERCIARIO DE TORREVIEJA;320;Comunidad Valenciana
CA0748001;15/06/2021;ATRAZINA;ATRAZINA;µg/L;0;< 0,010;705332;4207772;70042;TERCIARIO DE TORREVIEJA;Torrevieja;ALICANTE;748;TERCIARIO DE TORREVIEJA;TERCIARIO DE TORREVIEJA;320;Comunidad Valenciana
CA0748001;15/06/2021;B;BORO;µg/L B;3300;330;705332;4207772;70042;TERCIARIO DE TORREVIEJA;Torrevieja;ALICANTE;748;TERCIARIO DE TORREVIEJA;TERCIARIO DE TORREVIEJA;320;Comunidad Valenciana
CA0748001;15/06/2021;BENCENO;BENCENO;µg/L;0;< 0,30;705332;4207772;70042;TERCIARIO DE TORREVIEJA;Torrevieja;ALICANTE;748;TERCIARIO DE TORREVIEJA;TERCIARIO DE TORREVIEJA;320;Comunidad Valenciana
CA0748001;15/06/2021;BICARB;BICARBONATOS;mg/L HCO3-;1820;182;705332;4207772;70042;TERCIARIO DE TORREVIEJA;Torrevieja;ALICANTE;748;TERCIARIO DE TORREVIEJA;TERCIARIO DE TORREVIEJA;320;Comunidad Valenciana
CA0748001;15/06/2021;BIFEN;BIFENOX;µg/L;0;< 0,00120;705332;4207772;70042;TERCIARIO DE TORREVIEJA;Torrevieja;ALICANTE;748;TERCIARIO DE TORREVIEJA;TERCIARIO DE TORREVIEJA;320;Comunidad Valenciana
CA0748001;15/06/2021;BRB;BROMOBENCENO;µg/L;0;< 1,0;705332;4207772;70042;TERCIARIO DE TORREVIEJA;Torrevieja;ALICANTE;748;TERCIARIO DE TORREVIEJA;TERCIARIO DE TORREVIEJA;320;Comunidad Valenciana
CA0748001;15/06/2021;BRFOSETIL;BROMOFOS ETIL;µg/L;0;< 0,0100;705332;4207772;70042;TERCIARIO DE TORREVIEJA;Torrevieja;ALICANTE;748;TERCIARIO DE TORREVIEJA;TERCIARIO DE TORREVIEJA;320;Comunidad Valenciana
CA0748001;15/06/2021;CA;CALCIO;mg/L Ca;690;69;705332;4207772;70042;TERCIARIO DE TORREVIEJA;Torrevieja;ALICANTE;748;TERCIARIO DE TORREVIEJA;TERCIARIO DE TORREVIEJA;320;Comunidad Valenciana
CA0748001;15/06/2021;CD;CADMIO;µg/L Cd;27;2,7;705332;4207772;70042;TERCIARIO DE TORREVIEJA;Torrevieja;ALICANTE;748;TERCIARIO DE TORREVIEJA;TERCIARIO DE TORREVIEJA;320;Comunidad Valenciana
CA0748001;15/06/2021;CIB;CIBUTRINA;µg/L;0;< 0,002;705332;4207772;70042;TERCIARIO DE TORREVIEJA;Torrevieja;ALICANTE;748;TERCIARIO DE TORREVIEJA;TERCIARIO DE TORREVIEJA;320;Comunidad Valenciana
CA0748001;15/06/2021;CL;Cloruros;mg/L Cl;2190;219;705332;4207772;70042;TERCIARIO DE TORREVIEJA;Torrevieja;ALICANTE;748;TERCIARIO DE TORREVIEJA;TERCIARIO DE TORREVIEJA;320;Comunidad Valenciana
CA0748001;15/06/2021;CLF;Cloroformo (Triclorometano);µg/L;44;4,4;705332;4207772;70042;TERCIARIO DE TORREVIEJA;Torrevieja;ALICANTE;748;TERCIARIO DE TORREVIEJA;TERCIARIO DE TORREVIEJA;320;Comunidad Valenciana
CA0748001;15/06/2021;CLOROFENVINFOS;Clorfenvinfos;µg/L;0;< 0,0100;705332;4207772;70042;TERCIARIO DE TORREVIEJA;Torrevieja;ALICANTE;748;TERCIARIO DE TORREVIEJA;TERCIARIO DE TORREVIEJA;320;Comunidad Valenciana
CA0748001;15/06/2021;CLOROPIRIFOS;Clorpirifos;µg/L;0;< 0,0050;705332;4207772;70042;TERCIARIO DE TORREVIEJA;Torrevieja;ALICANTE;748;TERCIARIO DE TORREVIEJA;TERCIARIO DE TORREVIEJA;320;Comunidad Valenciana
CA0748001;15/06/2021;CLORPIRIPME;CLOROPIRIFOS-METIL;µg/L;0;< 0,0100;705332;4207772;70042;TERCIARIO DE TORREVIEJA;Torrevieja;ALICANTE;748;TERCIARIO DE TORREVIEJA;TERCIARIO DE TORREVIEJA;320;Comunidad Valenciana
CA0748001;15/06/2021;CLTO2;4-CLOROTOLUENO;µg/L;0;< 1,0;705332;4207772;70042;TERCIARIO DE TORREVIEJA;Torrevieja;ALICANTE;748;TERCIARIO DE TORREVIEJA;TERCIARIO DE TORREVIEJA;320;Comunidad Valenciana
CA0748001;15/06/2021;CLTOL;2-CLOROTOLUENO;µg/L;0;< 1,0;705332;4207772;70042;TERCIARIO DE TORREVIEJA;Torrevieja;ALICANTE;748;TERCIARIO DE TORREVIEJA;TERCIARIO DE TORREVIEJA;320;Comunidad Valenciana
CA0748001;15/06/2021;COND20SITU;Conductividad de campo (medida in situ);µS/cm;11440;1144;705332;4207772;70042;TERCIARIO DE TORREVIEJA;Torrevieja;ALICANTE;748;TERCIARIO DE TORREVIEJA;TERCIARIO DE TORREVIEJA;320;Comunidad Valenciana
CA0748001;15/06/2021;CR;CROMO;µg/L Cr;0;< 0,80;705332;4207772;70042;TERCIARIO DE TORREVIEJA;Torrevieja;ALICANTE;748;TERCIARIO DE TORREVIEJA;TERCIARIO DE TORREVIEJA;320;Comunidad Valenciana
CA0748001;15/06/2021;CU;COBRE;µg/L Cu;60;6;705332;4207772;70042;TERCIARIO DE TORREVIEJA;Torrevieja;ALICANTE;748;TERCIARIO DE TORREVIEJA;TERCIARIO DE TORREVIEJA;320;Comunidad Valenciana
CA0748001;15/06/2021;DCB-M;1,3-diclorobenceno (m-diclorobenceno);µg/L;0;< 1,0;705332;4207772;70042;TERCIARIO DE TORREVIEJA;Torrevieja;ALICANTE;748;TERCIARIO DE TORREVIEJA;TERCIARIO DE TORREVIEJA;320;Comunidad Valenciana
CA0748001;15/06/2021;DCB-P;1,4-diclorobenceno (p-diclorobenceno);µg/L;0;< 1,0;705332;4207772;70042;TERCIARIO DE TORREVIEJA;Torrevieja;ALICANTE;748;TERCIARIO DE TORREVIEJA;TERCIARIO DE TORREVIEJA;320;Comunidad Valenciana
CA0748001;15/06/2021;DCE;1,2-dicloroetano (EDC, cloruro de etileno);µg/L;0;< 1,0;705332;4207772;70042;TERCIARIO DE TORREVIEJA;Torrevieja;ALICANTE;748;TERCIARIO DE TORREVIEJA;TERCIARIO DE TORREVIEJA;320;Comunidad Valenciana
CA0748001;15/06/2021;DCV;DICLORVOS;µg/L;0;< 0,0006;705332;4207772;70042;TERCIARIO DE TORREVIEJA;Torrevieja;ALICANTE;748;TERCIARIO DE TORREVIEJA;TERCIARIO DE TORREVIEJA;320;Comunidad Valenciana
CA0748001;15/06/2021;DDDPP;P,P'-DDD;µg/L;0;< 0,00025;705332;4207772;70042;TERCIARIO DE TORREVIEJA;Torrevieja;ALICANTE;748;TERCIARIO DE TORREVIEJA;TERCIARIO DE TORREVIEJA;320;Comunidad Valenciana
CA0748001;15/06/2021;DDEPP;P,P'-DDE;µg/L;0;< 0,00025;705332;4207772;70042;TERCIARIO DE TORREVIEJA;Torrevieja;ALICANTE;748;TERCIARIO DE TORREVIEJA;TERCIARIO DE TORREVIEJA;320;Comunidad Valenciana
CA0748001;15/06/2021;DDTOP;O,P'-DDT;µg/L;0;< 0,00025;705332;4207772;70042;TERCIARIO DE TORREVIEJA;Torrevieja;ALICANTE;748;TERCIARIO DE TORREVIEJA;TERCIARIO DE TORREVIEJA;320;Comunidad Valenciana
CA0748001;15/06/2021;DDTPP;P,P'-DDT;µg/L;0;< 0,00025;705332;4207772;70042;TERCIARIO DE TORREVIEJA;Torrevieja;ALICANTE;748;TERCIARIO DE TORREVIEJA;TERCIARIO DE TORREVIEJA;320;Comunidad Valenciana
CA0748001;15/06/2021;DIAZINON;DIAZINON;µg/L;0;< 0,0100;705332;4207772;70042;TERCIARIO DE TORREVIEJA;Torrevieja;ALICANTE;748;TERCIARIO DE TORREVIEJA;TERCIARIO DE TORREVIEJA;320;Comunidad Valenciana
CA0748001;15/06/2021;DICLETE-CIS;CIS-1,2-DICLOROETENO;µg/L;0;< 1,0;705332;4207772;70042;TERCIARIO DE TORREVIEJA;Torrevieja;ALICANTE;748;TERCIARIO DE TORREVIEJA;TERCIARIO DE TORREVIEJA;320;Comunidad Valenciana
CA0748001;15/06/2021;DICOFOL;DICOFOL (P,P'-DICOFOL);µg/L;0;< 0,00039;705332;4207772;70042;TERCIARIO DE TORREVIEJA;Torrevieja;ALICANTE;748;TERCIARIO DE TORREVIEJA;TERCIARIO DE TORREVIEJA;320;Comunidad Valenciana
CA0748001;15/06/2021;DIELDRIN;Dieldrin;µg/L;0;< 0,00015;705332;4207772;70042;TERCIARIO DE TORREVIEJA;Torrevieja;ALICANTE;748;TERCIARIO DE TORREVIEJA;TERCIARIO DE TORREVIEJA;320;Comunidad Valenciana
CA0748001;15/06/2021;DIMETOATO;Dimetoato;µg/L;0;< 0,050;705332;4207772;70042;TERCIARIO DE TORREVIEJA;Torrevieja;ALICANTE;748;TERCIARIO DE TORREVIEJA;TERCIARIO DE TORREVIEJA;320;Comunidad Valenciana
CA0748001;15/06/2021;DIURON;DIURON;µg/L;0;< 0,050;705332;4207772;70042;TERCIARIO DE TORREVIEJA;Torrevieja;ALICANTE;748;TERCIARIO DE TORREVIEJA;TERCIARIO DE TORREVIEJA;320;Comunidad Valenciana
CA0748001;15/06/2021;DQO;DQO o Demanda Química de Oxígeno;mg/L O2;0;< 15;705332;4207772;70042;TERCIARIO DE TORREVIEJA;Torrevieja;ALICANTE;748;TERCIARIO DE TORREVIEJA;TERCIARIO DE TORREVIEJA;320;Comunidad Valenciana
CA0748001;15/06/2021;ENDOS;ENDOSULFAN (SUMA ISOMEROS ALFA+BETA);µg/L;0;< 0,00005;705332;4207772;70042;TERCIARIO DE TORREVIEJA;Torrevieja;ALICANTE;748;TERCIARIO DE TORREVIEJA;TERCIARIO DE TORREVIEJA;320;Comunidad Valenciana
CA0748001;15/06/2021;ENDOSULFAN;ALFA-ENDOSULFAN;µg/L;0;< 0,00005;705332;4207772;70042;TERCIARIO DE TORREVIEJA;Torrevieja;ALICANTE;748;TERCIARIO DE TORREVIEJA;TERCIARIO DE TORREVIEJA;320;Comunidad Valenciana
CA0748001;15/06/2021;ENDOSULFAN-BETA;BETA-ENDOSULFAN;µg/L;0;< 0,00005;705332;4207772;70042;TERCIARIO DE TORREVIEJA;Torrevieja;ALICANTE;748;TERCIARIO DE TORREVIEJA;TERCIARIO DE TORREVIEJA;320;Comunidad Valenciana
CA0748001;15/06/2021;ENDRIN;ENDRINA;µg/L;0;< 0,00150;705332;4207772;70042;TERCIARIO DE TORREVIEJA;Torrevieja;ALICANTE;748;TERCIARIO DE TORREVIEJA;TERCIARIO DE TORREVIEJA;320;Comunidad Valenciana
CA0748001;15/06/2021;ENDRINCE;Endrin cetona;µg/L;0;< 0,00025;705332;4207772;70042;TERCIARIO DE TORREVIEJA;Torrevieja;ALICANTE;748;TERCIARIO DE TORREVIEJA;TERCIARIO DE TORREVIEJA;320;Comunidad Valenciana
CA0748001;15/06/2021;ETBENCENO;Etilbenceno;µg/L;0;< 1,0;705332;4207772;70042;TERCIARIO DE TORREVIEJA;Torrevieja;ALICANTE;748;TERCIARIO DE TORREVIEJA;TERCIARIO DE TORREVIEJA;320;Comunidad Valenciana
CA0748001;15/06/2021;ETPARATION;Paration (paration etilo);µg/L;0;< 0,0100;705332;4207772;70042;TERCIARIO DE TORREVIEJA;Torrevieja;ALICANTE;748;TERCIARIO DE TORREVIEJA;TERCIARIO DE TORREVIEJA;320;Comunidad Valenciana
CA0748001;15/06/2021;FE;HIERRO;µg/L;0;< 50;705332;4207772;70042;TERCIARIO DE TORREVIEJA;Torrevieja;ALICANTE;748;TERCIARIO DE TORREVIEJA;TERCIARIO DE TORREVIEJA;320;Comunidad Valenciana
CA0748001;15/06/2021;FENCLORFOS;FENCLORFOS;µg/L;0;< 0,0100;705332;4207772;70042;TERCIARIO DE TORREVIEJA;Torrevieja;ALICANTE;748;TERCIARIO DE TORREVIEJA;TERCIARIO DE TORREVIEJA;320;Comunidad Valenciana
CA0748001;15/06/2021;FONO;FONOFOS;µg/L;0;< 0,0100;705332;4207772;70042;TERCIARIO DE TORREVIEJA;Torrevieja;ALICANTE;748;TERCIARIO DE TORREVIEJA;TERCIARIO DE TORREVIEJA;320;Comunidad Valenciana
CA0748001;15/06/2021;HCB;Hexaclorobenceno (HCB, Perclorobenceno);µg/L;0;< 0,00250;705332;4207772;70042;TERCIARIO DE TORREVIEJA;Torrevieja;ALICANTE;748;TERCIARIO DE TORREVIEJA;TERCIARIO DE TORREVIEJA;320;Comunidad Valenciana
CA0748001;15/06/2021;HCBD;Hexaclorobutadieno (HCBD, Hexacloro-1,3-Butadieno);µg/L;0;< 0,060;705332;4207772;70042;TERCIARIO DE TORREVIEJA;Torrevieja;ALICANTE;748;TERCIARIO DE TORREVIEJA;TERCIARIO DE TORREVIEJA;320;Comunidad Valenciana
CA0748001;15/06/2021;HCHALFA;ALFA-HCH;µg/L;0;< 0,00005;705332;4207772;70042;TERCIARIO DE TORREVIEJA;Torrevieja;ALICANTE;748;TERCIARIO DE TORREVIEJA;TERCIARIO DE TORREVIEJA;320;Comunidad Valenciana
CA0748001;15/06/2021;HCHBETA;BETA-HCH;µg/L;0;< 0,00015;705332;4207772;70042;TERCIARIO DE TORREVIEJA;Torrevieja;ALICANTE;748;TERCIARIO DE TORREVIEJA;TERCIARIO DE TORREVIEJA;320;Comunidad Valenciana
CA0748001;15/06/2021;HCHDELTA;DELTA-HCH;µg/L;0;< 0,00015;705332;4207772;70042;TERCIARIO DE TORREVIEJA;Torrevieja;ALICANTE;748;TERCIARIO DE TORREVIEJA;TERCIARIO DE TORREVIEJA;320;Comunidad Valenciana
CA0748001;15/06/2021;HEPTACL;Heptacloro;µg/L;0;< 0,00005;705332;4207772;70042;TERCIARIO DE TORREVIEJA;Torrevieja;ALICANTE;748;TERCIARIO DE TORREVIEJA;TERCIARIO DE TORREVIEJA;320;Comunidad Valenciana
CA0748001;15/06/2021;HEPTACLEPO;EPOXIDO DE HEPTACLORO;µg/L;0;< 0,00005;705332;4207772;70042;TERCIARIO DE TORREVIEJA;Torrevieja;ALICANTE;748;TERCIARIO DE TORREVIEJA;TERCIARIO DE TORREVIEJA;320;Comunidad Valenciana
CA0748001;15/06/2021;HG;MERCURIO;µg/L Hg;0;< 0,045;705332;4207772;70042;TERCIARIO DE TORREVIEJA;Torrevieja;ALICANTE;748;TERCIARIO DE TORREVIEJA;TERCIARIO DE TORREVIEJA;320;Comunidad Valenciana
CA0748001;15/06/2021;IMAZALIL;IMAZALIL;µg/L;0;< 0,050;705332;4207772;70042;TERCIARIO DE TORREVIEJA;Torrevieja;ALICANTE;748;TERCIARIO DE TORREVIEJA;TERCIARIO DE TORREVIEJA;320;Comunidad Valenciana
CA0748001;15/06/2021;ISODRIN;Isodrin;µg/L;0;< 0,00010;705332;4207772;70042;TERCIARIO DE TORREVIEJA;Torrevieja;ALICANTE;748;TERCIARIO DE TORREVIEJA;TERCIARIO DE TORREVIEJA;320;Comunidad Valenciana
CA0748001;15/06/2021;ISOPROPB;Isopropilbenceno (cumeno);µg/L;0;< 1,0;705332;4207772;70042;TERCIARIO DE TORREVIEJA;Torrevieja;ALICANTE;748;TERCIARIO DE TORREVIEJA;TERCIARIO DE TORREVIEJA;320;Comunidad Valenciana
CA0748001;15/06/2021;ISOPROPILTO;4-ISOPROPILTOLUENO;µg/L;0;< 1,0;705332;4207772;70042;TERCIARIO DE TORREVIEJA;Torrevieja;ALICANTE;748;TERCIARIO DE TORREVIEJA;TERCIARIO DE TORREVIEJA;320;Comunidad Valenciana
CA0748001;15/06/2021;ISOPROTURON;Isoproturón;µg/L;0;< 0,050;705332;4207772;70042;TERCIARIO DE TORREVIEJA;Torrevieja;ALICANTE;748;TERCIARIO DE TORREVIEJA;TERCIARIO DE TORREVIEJA;320;Comunidad Valenciana
CA0748001;15/06/2021;K;POTASIO;mg/L K;78;7,8;705332;4207772;70042;TERCIARIO DE TORREVIEJA;Torrevieja;ALICANTE;748;TERCIARIO DE TORREVIEJA;TERCIARIO DE TORREVIEJA;320;Comunidad Valenciana
CA0748001;15/06/2021;LIND;GAMMA-HCH (LINDANO);µg/L;0;< 0,00025;705332;4207772;70042;TERCIARIO DE TORREVIEJA;Torrevieja;ALICANTE;748;TERCIARIO DE TORREVIEJA;TERCIARIO DE TORREVIEJA;320;Comunidad Valenciana
CA0748001;15/06/2021;MCB;Clorobenceno (monoclorobenceno);µg/L;0;< 1,0;705332;4207772;70042;TERCIARIO DE TORREVIEJA;Torrevieja;ALICANTE;748;TERCIARIO DE TORREVIEJA;TERCIARIO DE TORREVIEJA;320;Comunidad Valenciana
CA0748001;15/06/2021;METOLACLORO;Metolacloro;µg/L;0;< 0,01000;705332;4207772;70042;TERCIARIO DE TORREVIEJA;Torrevieja;ALICANTE;748;TERCIARIO DE TORREVIEJA;TERCIARIO DE TORREVIEJA;320;Comunidad Valenciana
CA0748001;15/06/2021;MG;MAGNESIO;mg/L Mg;280;28;705332;4207772;70042;TERCIARIO DE TORREVIEJA;Torrevieja;ALICANTE;748;TERCIARIO DE TORREVIEJA;TERCIARIO DE TORREVIEJA;320;Comunidad Valenciana
CA0748001;15/06/2021;MN;MANGANESO;µg/L Mn;0;< 5,0;705332;4207772;70042;TERCIARIO DE TORREVIEJA;Torrevieja;ALICANTE;748;TERCIARIO DE TORREVIEJA;TERCIARIO DE TORREVIEJA;320;Comunidad Valenciana
CA0748001;15/06/2021;;SODIO;mg/L Na;1640;164;705332;4207772;70042;TERCIARIO DE TORREVIEJA;Torrevieja;ALICANTE;748;TERCIARIO DE TORREVIEJA;TERCIARIO DE TORREVIEJA;320;Comunidad Valenciana
CA0748001;15/06/2021;NAFTALENO;Naftaleno (naftalina);µg/L;0;< 0,30;705332;4207772;70042;TERCIARIO DE TORREVIEJA;Torrevieja;ALICANTE;748;TERCIARIO DE TORREVIEJA;TERCIARIO DE TORREVIEJA;320;Comunidad Valenciana
CA0748001;15/06/2021;N-BUB;N-BUTILBENCENO;µg/L;0;< 1,0;705332;4207772;70042;TERCIARIO DE TORREVIEJA;Torrevieja;ALICANTE;748;TERCIARIO DE TORREVIEJA;TERCIARIO DE TORREVIEJA;320;Comunidad Valenciana
CA0748001;15/06/2021;NH4;AMONIO;mg/L NH4;0;< 0,05;705332;4207772;70042;TERCIARIO DE TORREVIEJA;Torrevieja;ALICANTE;748;TERCIARIO DE TORREVIEJA;TERCIARIO DE TORREVIEJA;320;Comunidad Valenciana
CA0748001;15/06/2021;NI;NIQUEL;µg/L Ni;18;1,8;705332;4207772;70042;TERCIARIO DE TORREVIEJA;Torrevieja;ALICANTE;748;TERCIARIO DE TORREVIEJA;TERCIARIO DE TORREVIEJA;320;Comunidad Valenciana
CA0748001;15/06/2021;NO2;Nitritos;mg/L NO2;0;< 0,02;705332;4207772;70042;TERCIARIO DE TORREVIEJA;Torrevieja;ALICANTE;748;TERCIARIO DE TORREVIEJA;TERCIARIO DE TORREVIEJA;320;Comunidad Valenciana
CA0748001;15/06/2021;NO3;Nitratos;mg/L NO3;440;44;705332;4207772;70042;TERCIARIO DE TORREVIEJA;Torrevieja;ALICANTE;748;TERCIARIO DE TORREVIEJA;TERCIARIO DE TORREVIEJA;320;Comunidad Valenciana
CA0748001;15/06/2021;N-PROPILB;N-PROPILBENCENO;µg/L;0;< 1,0;705332;4207772;70042;TERCIARIO DE TORREVIEJA;Torrevieja;ALICANTE;748;TERCIARIO DE TORREVIEJA;TERCIARIO DE TORREVIEJA;320;Comunidad Valenciana
CA0748001;15/06/2021;NTOTAL;Nitrógeno total;mg/L N;110;11;705332;4207772;70042;TERCIARIO DE TORREVIEJA;Torrevieja;ALICANTE;748;TERCIARIO DE TORREVIEJA;TERCIARIO DE TORREVIEJA;320;Comunidad Valenciana
CA0748001;15/06/2021;O2 DTO;Oxigeno disuelto de campo (medida in situ);mg/L O2;718;7,18;705332;4207772;70042;TERCIARIO DE TORREVIEJA;Torrevieja;ALICANTE;748;TERCIARIO DE TORREVIEJA;TERCIARIO DE TORREVIEJA;320;Comunidad Valenciana
CA0748001;15/06/2021;O-DICLORO;1,2-diclorobenceno (o-diclorobenceno);µg/L;0;< 1,0;705332;4207772;70042;TERCIARIO DE TORREVIEJA;Torrevieja;ALICANTE;748;TERCIARIO DE TORREVIEJA;TERCIARIO DE TORREVIEJA;320;Comunidad Valenciana
CA0748001;15/06/2021;PAHEST;Estireno (etenilbenceno);µg/L;0;< 1,0;705332;4207772;70042;TERCIARIO DE TORREVIEJA;Torrevieja;ALICANTE;748;TERCIARIO DE TORREVIEJA;TERCIARIO DE TORREVIEJA;320;Comunidad Valenciana
CA0748001;15/06/2021;PB;PLOMO;µg/L Pb;56;0,56;705332;4207772;70042;TERCIARIO DE TORREVIEJA;Torrevieja;ALICANTE;748;TERCIARIO DE TORREVIEJA;TERCIARIO DE TORREVIEJA;320;Comunidad Valenciana
CA0748001;15/06/2021;PER;Tetracloroetileno (PER, Percloroetileno);µg/L;0;< 1,0;705332;4207772;70042;TERCIARIO DE TORREVIEJA;Torrevieja;ALICANTE;748;TERCIARIO DE TORREVIEJA;TERCIARIO DE TORREVIEJA;320;Comunidad Valenciana
CA0748001;15/06/2021;PHSITU;pH de campo (medida in situ);udpH;853;8,53 (24.3ºC);705332;4207772;70042;TERCIARIO DE TORREVIEJA;Torrevieja;ALICANTE;748;TERCIARIO DE TORREVIEJA;TERCIARIO DE TORREVIEJA;320;Comunidad Valenciana
CA0748001;15/06/2021;PIRIMICARB;PIRIMICARB;µg/L;0;< 0,050;705332;4207772;70042;TERCIARIO DE TORREVIEJA;Torrevieja;ALICANTE;748;TERCIARIO DE TORREVIEJA;TERCIARIO DE TORREVIEJA;320;Comunidad Valenciana
CA0748001;15/06/2021;PO4;Fosfatos;mg/L PO4;45;0,045;705332;4207772;70042;TERCIARIO DE TORREVIEJA;Torrevieja;ALICANTE;748;TERCIARIO DE TORREVIEJA;TERCIARIO DE TORREVIEJA;320;Comunidad Valenciana
CA0748001;15/06/2021;PROMETRINA;Prometrina;µg/L;0;< 0,050;705332;4207772;70042;TERCIARIO DE TORREVIEJA;Torrevieja;ALICANTE;748;TERCIARIO DE TORREVIEJA;TERCIARIO DE TORREVIEJA;320;Comunidad Valenciana
CA0748001;15/06/2021;PROPAZINA;Propazina;µg/L;0;< 0,050;705332;4207772;70042;TERCIARIO DE TORREVIEJA;Torrevieja;ALICANTE;748;TERCIARIO DE TORREVIEJA;TERCIARIO DE TORREVIEJA;320;Comunidad Valenciana
CA0748001;15/06/2021;PROPIZAMIDA;PROPIZAMIDA;µg/L;0;< 0,050;705332;4207772;70042;TERCIARIO DE TORREVIEJA;Torrevieja;ALICANTE;748;TERCIARIO DE TORREVIEJA;TERCIARIO DE TORREVIEJA;320;Comunidad Valenciana
CA0748001;15/06/2021;PTOTAL;FOSFORO TOTAL;mg/L P;0;< 0,050;705332;4207772;70042;TERCIARIO DE TORREVIEJA;Torrevieja;ALICANTE;748;TERCIARIO DE TORREVIEJA;TERCIARIO DE TORREVIEJA;320;Comunidad Valenciana
CA0748001;15/06/2021;QUI;Quinoxifeno;µg/L;0;< 0,00200;705332;4207772;70042;TERCIARIO DE TORREVIEJA;Torrevieja;ALICANTE;748;TERCIARIO DE TORREVIEJA;TERCIARIO DE TORREVIEJA;320;Comunidad Valenciana
CA0748001;15/06/2021;SATINSI;Porcentaje de saturación de oxígeno disuelto de campo (medido in situ);% O2;871;87,1;705332;4207772;70042;TERCIARIO DE TORREVIEJA;Torrevieja;ALICANTE;748;TERCIARIO DE TORREVIEJA;TERCIARIO DE TORREVIEJA;320;Comunidad Valenciana
CA0748001;15/06/2021;S-DDD-DDT;Suma p,p´-DDD + o,p´-DDT;µg/L;0;< 0,00050;705332;4207772;70042;TERCIARIO DE TORREVIEJA;Torrevieja;ALICANTE;748;TERCIARIO DE TORREVIEJA;TERCIARIO DE TORREVIEJA;320;Comunidad Valenciana
CA0748001;15/06/2021;SE;SELENIO;µg/L Se;22;2,2;705332;4207772;70042;TERCIARIO DE TORREVIEJA;Torrevieja;ALICANTE;748;TERCIARIO DE TORREVIEJA;TERCIARIO DE TORREVIEJA;320;Comunidad Valenciana
CA0748001;15/06/2021;SECBUTB;SEC-BUTILBENCENO;µg/L;0;< 1,0;705332;4207772;70042;TERCIARIO DE TORREVIEJA;Torrevieja;ALICANTE;748;TERCIARIO DE TORREVIEJA;TERCIARIO DE TORREVIEJA;320;Comunidad Valenciana
CA0748001;15/06/2021;SIMAZINA;Simazina;µg/L;0;< 0,050;705332;4207772;70042;TERCIARIO DE TORREVIEJA;Torrevieja;ALICANTE;748;TERCIARIO DE TORREVIEJA;TERCIARIO DE TORREVIEJA;320;Comunidad Valenciana
CA0748001;15/06/2021;SUMAXILENO;Xileno (dimetilbenceno) (suma o-, m- y p-xileno);µg/L;0;< 3,0;705332;4207772;70042;TERCIARIO DE TORREVIEJA;Torrevieja;ALICANTE;748;TERCIARIO DE TORREVIEJA;TERCIARIO DE TORREVIEJA;320;Comunidad Valenciana
CA0748001;15/06/2021;SUMCIPER;CIPERMETRINA (SUMA ISOMEROS ALFA+BETA+TETA+ZETA);µg/L;0;< 0,00008;705332;4207772;70042;TERCIARIO DE TORREVIEJA;Torrevieja;ALICANTE;748;TERCIARIO DE TORREVIEJA;TERCIARIO DE TORREVIEJA;320;Comunidad Valenciana
CA0748001;15/06/2021;SUMDCB;Diclorobenceno (suma isómeros);µg/L;0;< 3,0;705332;4207772;70042;TERCIARIO DE TORREVIEJA;Torrevieja;ALICANTE;748;TERCIARIO DE TORREVIEJA;TERCIARIO DE TORREVIEJA;320;Comunidad Valenciana
CA0748001;15/06/2021;SUMDDT;DDT TOTAL (SUMA P,P'-DDT+O,P'-DDT+P,P'-DDE+P,P'-DDD);µg/L;0;< 0,00100;705332;4207772;70042;TERCIARIO DE TORREVIEJA;Torrevieja;ALICANTE;748;TERCIARIO DE TORREVIEJA;TERCIARIO DE TORREVIEJA;320;Comunidad Valenciana
CA0748001;15/06/2021;SUMHCH;HEXACLOROCICLOHEXANO (HCH) (SUMA ISOMEROS);µg/L;0;< 0,00060;705332;4207772;70042;TERCIARIO DE TORREVIEJA;Torrevieja;ALICANTE;748;TERCIARIO DE TORREVIEJA;TERCIARIO DE TORREVIEJA;320;Comunidad Valenciana
CA0748001;15/06/2021;SUMTCBEN;"Triclorobenceno (suma isómeros 1,2,3-; 1,2,4- y 1,3,5- TCB)";µg/L;0;< 0,18;705332;4207772;70042;TERCIARIO DE TORREVIEJA;Torrevieja;ALICANTE;748;TERCIARIO DE TORREVIEJA;TERCIARIO DE TORREVIEJA;320;Comunidad Valenciana
CA0748001;15/06/2021;SUO4;Sulfatos;mg/L SO4;860;86;705332;4207772;70042;TERCIARIO DE TORREVIEJA;Torrevieja;ALICANTE;748;TERCIARIO DE TORREVIEJA;TERCIARIO DE TORREVIEJA;320;Comunidad Valenciana
CA0748001;15/06/2021;TAGUA;"TEMPERATURA ""IN SITU""";ºC;243;24,3;705332;4207772;70042;TERCIARIO DE TORREVIEJA;Torrevieja;ALICANTE;748;TERCIARIO DE TORREVIEJA;TERCIARIO DE TORREVIEJA;320;Comunidad Valenciana
CA0748001;15/06/2021;TBUTB;TERC-BUTILBENCENO;µg/L;0;< 1,0;705332;4207772;70042;TERCIARIO DE TORREVIEJA;Torrevieja;ALICANTE;748;TERCIARIO DE TORREVIEJA;TERCIARIO DE TORREVIEJA;320;Comunidad Valenciana
CA0748001;15/06/2021;TCB123;1,2,3-Triclorobenceno;µg/L;0;< 0,060;705332;4207772;70042;TERCIARIO DE TORREVIEJA;Torrevieja;ALICANTE;748;TERCIARIO DE TORREVIEJA;TERCIARIO DE TORREVIEJA;320;Comunidad Valenciana
CA0748001;15/06/2021;TCB124;1,2,4-Triclorobenceno;µg/L;0;< 0,060;705332;4207772;70042;TERCIARIO DE TORREVIEJA;Torrevieja;ALICANTE;748;TERCIARIO DE TORREVIEJA;TERCIARIO DE TORREVIEJA;320;Comunidad Valenciana
CA0748001;15/06/2021;TCB135;1,3,5-Triclorobenceno;µg/L;0;< 0,060;705332;4207772;70042;TERCIARIO DE TORREVIEJA;Torrevieja;ALICANTE;748;TERCIARIO DE TORREVIEJA;TERCIARIO DE TORREVIEJA;320;Comunidad Valenciana
CA0748001;15/06/2021;TCE;1,1,1-TRICLOROETANO;µg/L;0;< 1,0;705332;4207772;70042;TERCIARIO DE TORREVIEJA;Torrevieja;ALICANTE;748;TERCIARIO DE TORREVIEJA;TERCIARIO DE TORREVIEJA;320;Comunidad Valenciana
CA0748001;15/06/2021;TERAZ;Terbutilazina;µg/L;0;< 0,010;705332;4207772;70042;TERCIARIO DE TORREVIEJA;Torrevieja;ALICANTE;748;TERCIARIO DE TORREVIEJA;TERCIARIO DE TORREVIEJA;320;Comunidad Valenciana
CA0748001;15/06/2021;TERBUTRINA;Terbutrina;µg/L;0;< 0,050;705332;4207772;70042;TERCIARIO DE TORREVIEJA;Torrevieja;ALICANTE;748;TERCIARIO DE TORREVIEJA;TERCIARIO DE TORREVIEJA;320;Comunidad Valenciana
CA0748001;15/06/2021;TETRA;Tetracloruro de carbono (Tetraclorometano, Perclorometano);µg/L;0;< 1,0;705332;4207772;70042;TERCIARIO DE TORREVIEJA;Torrevieja;ALICANTE;748;TERCIARIO DE TORREVIEJA;TERCIARIO DE TORREVIEJA;320;Comunidad Valenciana
CA0748001;15/06/2021;TETRTRI;Tricloroetileno + Tetracloroetileno (Percloroetileno);µg/L;0;< 2,0;705332;4207772;70042;TERCIARIO DE TORREVIEJA;Torrevieja;ALICANTE;748;TERCIARIO DE TORREVIEJA;TERCIARIO DE TORREVIEJA;320;Comunidad Valenciana
CA0748001;15/06/2021;THMBR;DIBROMOMETANO;µg/L;0;< 1,0;705332;4207772;70042;TERCIARIO DE TORREVIEJA;Torrevieja;ALICANTE;748;TERCIARIO DE TORREVIEJA;TERCIARIO DE TORREVIEJA;320;Comunidad Valenciana
CA0748001;15/06/2021;THMBR2CL;Bromodiclorometano;µg/l;0;< 1,0;705332;4207772;70042;TERCIARIO DE TORREVIEJA;Torrevieja;ALICANTE;748;TERCIARIO DE TORREVIEJA;TERCIARIO DE TORREVIEJA;320;Comunidad Valenciana
CA0748001;15/06/2021;THMBRCL;BROMOCLOROMETANO;µg/L;0;< 1,0;705332;4207772;70042;TERCIARIO DE TORREVIEJA;Torrevieja;ALICANTE;748;TERCIARIO DE TORREVIEJA;TERCIARIO DE TORREVIEJA;320;Comunidad Valenciana
CA0748001;15/06/2021;THMBRCL2;DIBROMOCLOROMETANO (Trihalometanos);µg/L;0;< 1,0;705332;4207772;70042;TERCIARIO DE TORREVIEJA;Torrevieja;ALICANTE;748;TERCIARIO DE TORREVIEJA;TERCIARIO DE TORREVIEJA;320;Comunidad Valenciana
CA0748001;15/06/2021;THMBRF;BROMOFORMO;µg/L;0;< 1,0;705332;4207772;70042;TERCIARIO DE TORREVIEJA;Torrevieja;ALICANTE;748;TERCIARIO DE TORREVIEJA;TERCIARIO DE TORREVIEJA;320;Comunidad Valenciana
CA0748001;15/06/2021;THMDCM;DICLOROMETANO;µg/L;0;< 20;705332;4207772;70042;TERCIARIO DE TORREVIEJA;Torrevieja;ALICANTE;748;TERCIARIO DE TORREVIEJA;TERCIARIO DE TORREVIEJA;320;Comunidad Valenciana
CA0748001;15/06/2021;TMB1;1,2,4-trimetilbenceno;µg/l;0;< 1,0;705332;4207772;70042;TERCIARIO DE TORREVIEJA;Torrevieja;ALICANTE;748;TERCIARIO DE TORREVIEJA;TERCIARIO DE TORREVIEJA;320;Comunidad Valenciana
CA0748001;15/06/2021;TMB2;1,3,5-TRIMETILBENCENO;µg/L;0;< 1,0;705332;4207772;70042;TERCIARIO DE TORREVIEJA;Torrevieja;ALICANTE;748;TERCIARIO DE TORREVIEJA;TERCIARIO DE TORREVIEJA;320;Comunidad Valenciana
CA0748001;15/06/2021;TOL;Tolueno (Metilbenceno);µg/L;0;< 1,0;705332;4207772;70042;TERCIARIO DE TORREVIEJA;Torrevieja;ALICANTE;748;TERCIARIO DE TORREVIEJA;TERCIARIO DE TORREVIEJA;320;Comunidad Valenciana
CA0748001;15/06/2021;TRIAZO_2;TRIAZOFOS;µg/L;0;< 0,0100;705332;4207772;70042;TERCIARIO DE TORREVIEJA;Torrevieja;ALICANTE;748;TERCIARIO DE TORREVIEJA;TERCIARIO DE TORREVIEJA;320;Comunidad Valenciana
CA0748001;15/06/2021;TRICLOET;Tricloroetileno (TRI);µg/L;0;< 1,0;705332;4207772;70042;TERCIARIO DE TORREVIEJA;Torrevieja;ALICANTE;748;TERCIARIO DE TORREVIEJA;TERCIARIO DE TORREVIEJA;320;Comunidad Valenciana
CA0748001;15/06/2021;TRIFLURALINA;Trifluralina;µg/L;0;< 0,0060;705332;4207772;70042;TERCIARIO DE TORREVIEJA;Torrevieja;ALICANTE;748;TERCIARIO DE TORREVIEJA;TERCIARIO DE TORREVIEJA;320;Comunidad Valenciana
CA0748001;15/06/2021;XILM+P;SUMA M+P XILENO;µg/L;0;< 2,0;705332;4207772;70042;TERCIARIO DE TORREVIEJA;Torrevieja;ALICANTE;748;TERCIARIO DE TORREVIEJA;TERCIARIO DE TORREVIEJA;320;Comunidad Valenciana
CA0748001;15/06/2021;XIL-O;O-XILENO;µg/L;0;< 1,0;705332;4207772;70042;TERCIARIO DE TORREVIEJA;Torrevieja;ALICANTE;748;TERCIARIO DE TORREVIEJA;TERCIARIO DE TORREVIEJA;320;Comunidad Valenciana
CA0748001;15/06/2021;ZN;ZINC;µg/l Zn;890;89;705332;4207772;70042;TERCIARIO DE TORREVIEJA;Torrevieja;ALICANTE;748;TERCIARIO DE TORREVIEJA;TERCIARIO DE TORREVIEJA;320;Comunidad Valenciana
CA0748001;09/09/2021;12DIBR;1,2-DIBROMOETANO;µg/L;0;< 1,0;705332;4207772;70042;TERCIARIO DE TORREVIEJA;Torrevieja;ALICANTE;748;TERCIARIO DE TORREVIEJA;TERCIARIO DE TORREVIEJA;320;Comunidad Valenciana
CA0748001;09/09/2021;2BR2CLPRO;1,2-DIBROMO-3-CLOROPROPANO;µg/L;0;< 2,0;705332;4207772;70042;TERCIARIO DE TORREVIEJA;Torrevieja;ALICANTE;748;TERCIARIO DE TORREVIEJA;TERCIARIO DE TORREVIEJA;320;Comunidad Valenciana
CA0748001;09/09/2021;2CLETA;1,1-DICLOROETANO;µg/L;0;< 1,0;705332;4207772;70042;TERCIARIO DE TORREVIEJA;Torrevieja;ALICANTE;748;TERCIARIO DE TORREVIEJA;TERCIARIO DE TORREVIEJA;320;Comunidad Valenciana
CA0748001;09/09/2021;2CLETE;1,1-DICLOROETENO;µg/L;0;< 1,0;705332;4207772;70042;TERCIARIO DE TORREVIEJA;Torrevieja;ALICANTE;748;TERCIARIO DE TORREVIEJA;TERCIARIO DE TORREVIEJA;320;Comunidad Valenciana
CA0748001;09/09/2021;2CLETE2;1,2-DICLOROETENO;µg/L;0;< 2,0;705332;4207772;70042;TERCIARIO DE TORREVIEJA;Torrevieja;ALICANTE;748;TERCIARIO DE TORREVIEJA;TERCIARIO DE TORREVIEJA;320;Comunidad Valenciana
CA0748001;09/09/2021;2CLETEN;TRANS-1,2-DICLOROETENO;µg/L;0;< 1,0;705332;4207772;70042;TERCIARIO DE TORREVIEJA;Torrevieja;ALICANTE;748;TERCIARIO DE TORREVIEJA;TERCIARIO DE TORREVIEJA;320;Comunidad Valenciana
CA0748001;09/09/2021;2CLPRO;1,3-DICLOROPROPANO;µg/L;0;< 1,0;705332;4207772;70042;TERCIARIO DE TORREVIEJA;Torrevieja;ALICANTE;748;TERCIARIO DE TORREVIEJA;TERCIARIO DE TORREVIEJA;320;Comunidad Valenciana
CA0748001;09/09/2021;2CLPROCIS;CIS-1,3-DICLOROPROPENO;µg/L;0;< 1,0;705332;4207772;70042;TERCIARIO DE TORREVIEJA;Torrevieja;ALICANTE;748;TERCIARIO DE TORREVIEJA;TERCIARIO DE TORREVIEJA;320;Comunidad Valenciana
CA0748001;09/09/2021;2CLPROPA;1,2-DICLOROPROPANO;µg/L;0;< 1,0;705332;4207772;70042;TERCIARIO DE TORREVIEJA;Torrevieja;ALICANTE;748;TERCIARIO DE TORREVIEJA;TERCIARIO DE TORREVIEJA;320;Comunidad Valenciana
CA0748001;09/09/2021;2CLPROPA2;2,2-DICLOROPROPANO;µg/L;0;< 1,0;705332;4207772;70042;TERCIARIO DE TORREVIEJA;Torrevieja;ALICANTE;748;TERCIARIO DE TORREVIEJA;TERCIARIO DE TORREVIEJA;320;Comunidad Valenciana
CA0748001;09/09/2021;2CLPROPE;1,1-DICLOROPROPENO;µg/L;0;< 1,0;705332;4207772;70042;TERCIARIO DE TORREVIEJA;Torrevieja;ALICANTE;748;TERCIARIO DE TORREVIEJA;TERCIARIO DE TORREVIEJA;320;Comunidad Valenciana
CA0748001;09/09/2021;2CLPROPE2;TRANS-1,3-DICLOROPROPENO;µg/L;0;< 1,0;705332;4207772;70042;TERCIARIO DE TORREVIEJA;Torrevieja;ALICANTE;748;TERCIARIO DE TORREVIEJA;TERCIARIO DE TORREVIEJA;320;Comunidad Valenciana
CA0748001;09/09/2021;3CLETA;1,1,2-TRICLOROETANO;µg/L;0;< 1,0;705332;4207772;70042;TERCIARIO DE TORREVIEJA;Torrevieja;ALICANTE;748;TERCIARIO DE TORREVIEJA;TERCIARIO DE TORREVIEJA;320;Comunidad Valenciana
CA0748001;09/09/2021;3CLPRO;1,2,3-TRICLOROPROPANO;µg/L;0;< 1,0;705332;4207772;70042;TERCIARIO DE TORREVIEJA;Torrevieja;ALICANTE;748;TERCIARIO DE TORREVIEJA;TERCIARIO DE TORREVIEJA;320;Comunidad Valenciana
CA0748001;09/09/2021;4CLETA;1,1,1,2-TETRACLOROETANO;µg/L;0;< 1,0;705332;4207772;70042;TERCIARIO DE TORREVIEJA;Torrevieja;ALICANTE;748;TERCIARIO DE TORREVIEJA;TERCIARIO DE TORREVIEJA;320;Comunidad Valenciana
CA0748001;09/09/2021;4CLETA2;1,1,2,2-TETRACLOROETANO;µg/L;0;< 1,0;705332;4207772;70042;TERCIARIO DE TORREVIEJA;Torrevieja;ALICANTE;748;TERCIARIO DE TORREVIEJA;TERCIARIO DE TORREVIEJA;320;Comunidad Valenciana
CA0748001;09/09/2021;6CLET;HEXACLOROETANO;µg/L;0;< 1,0;705332;4207772;70042;TERCIARIO DE TORREVIEJA;Torrevieja;ALICANTE;748;TERCIARIO DE TORREVIEJA;TERCIARIO DE TORREVIEJA;320;Comunidad Valenciana
CA0748001;09/09/2021;AS;ARSENICO;µg/L As;0;< 5,0;705332;4207772;70042;TERCIARIO DE TORREVIEJA;Torrevieja;ALICANTE;748;TERCIARIO DE TORREVIEJA;TERCIARIO DE TORREVIEJA;320;Comunidad Valenciana
CA0748001;09/09/2021;B;BORO;µg/L B;5500;550;705332;4207772;70042;TERCIARIO DE TORREVIEJA;Torrevieja;ALICANTE;748;TERCIARIO DE TORREVIEJA;TERCIARIO DE TORREVIEJA;320;Comunidad Valenciana
CA0748001;09/09/2021;BENCENO;BENCENO;µg/L;0;< 0,30;705332;4207772;70042;TERCIARIO DE TORREVIEJA;Torrevieja;ALICANTE;748;TERCIARIO DE TORREVIEJA;TERCIARIO DE TORREVIEJA;320;Comunidad Valenciana
CA0748001;09/09/2021;BICARB;BICARBONATOS;mg/L HCO3-;2250;225;705332;4207772;70042;TERCIARIO DE TORREVIEJA;Torrevieja;ALICANTE;748;TERCIARIO DE TORREVIEJA;TERCIARIO DE TORREVIEJA;320;Comunidad Valenciana
CA0748001;09/09/2021;BRB;BROMOBENCENO;µg/L;0;< 1,0;705332;4207772;70042;TERCIARIO DE TORREVIEJA;Torrevieja;ALICANTE;748;TERCIARIO DE TORREVIEJA;TERCIARIO DE TORREVIEJA;320;Comunidad Valenciana
CA0748001;09/09/2021;CA;CALCIO;mg/L Ca;500;50;705332;4207772;70042;TERCIARIO DE TORREVIEJA;Torrevieja;ALICANTE;748;TERCIARIO DE TORREVIEJA;TERCIARIO DE TORREVIEJA;320;Comunidad Valenciana
CA0748001;09/09/2021;CD;CADMIO;µg/L Cd;24;2,4;705332;4207772;70042;TERCIARIO DE TORREVIEJA;Torrevieja;ALICANTE;748;TERCIARIO DE TORREVIEJA;TERCIARIO DE TORREVIEJA;320;Comunidad Valenciana
CA0748001;09/09/2021;CL;Cloruros;mg/L Cl;4570;457;705332;4207772;70042;TERCIARIO DE TORREVIEJA;Torrevieja;ALICANTE;748;TERCIARIO DE TORREVIEJA;TERCIARIO DE TORREVIEJA;320;Comunidad Valenciana
CA0748001;09/09/2021;CLF;Cloroformo (Triclorometano);µg/L;31;3,1;705332;4207772;70042;TERCIARIO DE TORREVIEJA;Torrevieja;ALICANTE;748;TERCIARIO DE TORREVIEJA;TERCIARIO DE TORREVIEJA;320;Comunidad Valenciana
CA0748001;09/09/2021;CLTO2;4-CLOROTOLUENO;µg/L;0;< 1,0;705332;4207772;70042;TERCIARIO DE TORREVIEJA;Torrevieja;ALICANTE;748;TERCIARIO DE TORREVIEJA;TERCIARIO DE TORREVIEJA;320;Comunidad Valenciana
CA0748001;09/09/2021;CLTOL;2-CLOROTOLUENO;µg/L;0;< 1,0;705332;4207772;70042;TERCIARIO DE TORREVIEJA;Torrevieja;ALICANTE;748;TERCIARIO DE TORREVIEJA;TERCIARIO DE TORREVIEJA;320;Comunidad Valenciana
CA0748001;09/09/2021;COND20SITU;Conductividad de campo (medida in situ);µS/cm;20750;2075;705332;4207772;70042;TERCIARIO DE TORREVIEJA;Torrevieja;ALICANTE;748;TERCIARIO DE TORREVIEJA;TERCIARIO DE TORREVIEJA;320;Comunidad Valenciana
CA0748001;09/09/2021;CR;CROMO;µg/L Cr;0;< 0,80;705332;4207772;70042;TERCIARIO DE TORREVIEJA;Torrevieja;ALICANTE;748;TERCIARIO DE TORREVIEJA;TERCIARIO DE TORREVIEJA;320;Comunidad Valenciana
CA0748001;09/09/2021;CU;COBRE;µg/L Cu;69;6,9;705332;4207772;70042;TERCIARIO DE TORREVIEJA;Torrevieja;ALICANTE;748;TERCIARIO DE TORREVIEJA;TERCIARIO DE TORREVIEJA;320;Comunidad Valenciana
CA0748001;09/09/2021;DCB-M;1,3-diclorobenceno (m-diclorobenceno);µg/L;0;< 1,0;705332;4207772;70042;TERCIARIO DE TORREVIEJA;Torrevieja;ALICANTE;748;TERCIARIO DE TORREVIEJA;TERCIARIO DE TORREVIEJA;320;Comunidad Valenciana
CA0748001;09/09/2021;DCB-P;1,4-diclorobenceno (p-diclorobenceno);µg/L;0;< 1,0;705332;4207772;70042;TERCIARIO DE TORREVIEJA;Torrevieja;ALICANTE;748;TERCIARIO DE TORREVIEJA;TERCIARIO DE TORREVIEJA;320;Comunidad Valenciana
CA0748001;09/09/2021;DCE;1,2-dicloroetano (EDC, cloruro de etileno);µg/L;0;< 1,0;705332;4207772;70042;TERCIARIO DE TORREVIEJA;Torrevieja;ALICANTE;748;TERCIARIO DE TORREVIEJA;TERCIARIO DE TORREVIEJA;320;Comunidad Valenciana
CA0748001;09/09/2021;DICLETE-CIS;CIS-1,2-DICLOROETENO;µg/L;0;< 1,0;705332;4207772;70042;TERCIARIO DE TORREVIEJA;Torrevieja;ALICANTE;748;TERCIARIO DE TORREVIEJA;TERCIARIO DE TORREVIEJA;320;Comunidad Valenciana
CA0748001;09/09/2021;DQO;DQO o Demanda Química de Oxígeno;mg/L O2;0;< 15;705332;4207772;70042;TERCIARIO DE TORREVIEJA;Torrevieja;ALICANTE;748;TERCIARIO DE TORREVIEJA;TERCIARIO DE TORREVIEJA;320;Comunidad Valenciana
CA0748001;09/09/2021;ETBENCENO;Etilbenceno;µg/L;0;< 1,0;705332;4207772;70042;TERCIARIO DE TORREVIEJA;Torrevieja;ALICANTE;748;TERCIARIO DE TORREVIEJA;TERCIARIO DE TORREVIEJA;320;Comunidad Valenciana
CA0748001;09/09/2021;FE;HIERRO;µg/L;0;< 50;705332;4207772;70042;TERCIARIO DE TORREVIEJA;Torrevieja;ALICANTE;748;TERCIARIO DE TORREVIEJA;TERCIARIO DE TORREVIEJA;320;Comunidad Valenciana
CA0748001;09/09/2021;HCBD;Hexaclorobutadieno (HCBD, Hexacloro-1,3-Butadieno);µg/L;0;< 0,060;705332;4207772;70042;TERCIARIO DE TORREVIEJA;Torrevieja;ALICANTE;748;TERCIARIO DE TORREVIEJA;TERCIARIO DE TORREVIEJA;320;Comunidad Valenciana
CA0748001;09/09/2021;HG;MERCURIO;µg/L Hg;0;< 0,045;705332;4207772;70042;TERCIARIO DE TORREVIEJA;Torrevieja;ALICANTE;748;TERCIARIO DE TORREVIEJA;TERCIARIO DE TORREVIEJA;320;Comunidad Valenciana
CA0748001;09/09/2021;ISOPROPB;Isopropilbenceno (cumeno);µg/L;0;< 1,0;705332;4207772;70042;TERCIARIO DE TORREVIEJA;Torrevieja;ALICANTE;748;TERCIARIO DE TORREVIEJA;TERCIARIO DE TORREVIEJA;320;Comunidad Valenciana
CA0748001;09/09/2021;ISOPROPILTO;4-ISOPROPILTOLUENO;µg/L;0;< 1,0;705332;4207772;70042;TERCIARIO DE TORREVIEJA;Torrevieja;ALICANTE;748;TERCIARIO DE TORREVIEJA;TERCIARIO DE TORREVIEJA;320;Comunidad Valenciana
CA0748001;09/09/2021;K;POTASIO;mg/L K;190;19;705332;4207772;70042;TERCIARIO DE TORREVIEJA;Torrevieja;ALICANTE;748;TERCIARIO DE TORREVIEJA;TERCIARIO DE TORREVIEJA;320;Comunidad Valenciana
CA0748001;09/09/2021;MCB;Clorobenceno (monoclorobenceno);µg/L;0;< 1,0;705332;4207772;70042;TERCIARIO DE TORREVIEJA;Torrevieja;ALICANTE;748;TERCIARIO DE TORREVIEJA;TERCIARIO DE TORREVIEJA;320;Comunidad Valenciana
CA0748001;09/09/2021;MG;MAGNESIO;mg/L Mg;400;40;705332;4207772;70042;TERCIARIO DE TORREVIEJA;Torrevieja;ALICANTE;748;TERCIARIO DE TORREVIEJA;TERCIARIO DE TORREVIEJA;320;Comunidad Valenciana
CA0748001;09/09/2021;MN;MANGANESO;µg/L Mn;0;< 5,0;705332;4207772;70042;TERCIARIO DE TORREVIEJA;Torrevieja;ALICANTE;748;TERCIARIO DE TORREVIEJA;TERCIARIO DE TORREVIEJA;320;Comunidad Valenciana
CA0748001;09/09/2021;;SODIO;mg/L Na;3980;> 200 (398)*;705332;4207772;70042;TERCIARIO DE TORREVIEJA;Torrevieja;ALICANTE;748;TERCIARIO DE TORREVIEJA;TERCIARIO DE TORREVIEJA;320;Comunidad Valenciana
CA0748001;09/09/2021;NAFTALENO;Naftaleno (naftalina);µg/L;0;< 0,30;705332;4207772;70042;TERCIARIO DE TORREVIEJA;Torrevieja;ALICANTE;748;TERCIARIO DE TORREVIEJA;TERCIARIO DE TORREVIEJA;320;Comunidad Valenciana
CA0748001;09/09/2021;N-BUB;N-BUTILBENCENO;µg/L;0;< 1,0;705332;4207772;70042;TERCIARIO DE TORREVIEJA;Torrevieja;ALICANTE;748;TERCIARIO DE TORREVIEJA;TERCIARIO DE TORREVIEJA;320;Comunidad Valenciana
CA0748001;09/09/2021;NH4;AMONIO;mg/L NH4;0;< 0,05;705332;4207772;70042;TERCIARIO DE TORREVIEJA;Torrevieja;ALICANTE;748;TERCIARIO DE TORREVIEJA;TERCIARIO DE TORREVIEJA;320;Comunidad Valenciana
CA0748001;09/09/2021;NI;NIQUEL;µg/L Ni;95;0,95;705332;4207772;70042;TERCIARIO DE TORREVIEJA;Torrevieja;ALICANTE;748;TERCIARIO DE TORREVIEJA;TERCIARIO DE TORREVIEJA;320;Comunidad Valenciana
CA0748001;09/09/2021;NO2;Nitritos;mg/L NO2;0;< 0,02;705332;4207772;70042;TERCIARIO DE TORREVIEJA;Torrevieja;ALICANTE;748;TERCIARIO DE TORREVIEJA;TERCIARIO DE TORREVIEJA;320;Comunidad Valenciana
CA0748001;09/09/2021;NO3;Nitratos;mg/L NO3;380;38;705332;4207772;70042;TERCIARIO DE TORREVIEJA;Torrevieja;ALICANTE;748;TERCIARIO DE TORREVIEJA;TERCIARIO DE TORREVIEJA;320;Comunidad Valenciana
CA0748001;09/09/2021;N-PROPILB;N-PROPILBENCENO;µg/L;0;< 1,0;705332;4207772;70042;TERCIARIO DE TORREVIEJA;Torrevieja;ALICANTE;748;TERCIARIO DE TORREVIEJA;TERCIARIO DE TORREVIEJA;320;Comunidad Valenciana
CA0748001;09/09/2021;NTOTAL;Nitrógeno total;mg/L N;83;8,3;705332;4207772;70042;TERCIARIO DE TORREVIEJA;Torrevieja;ALICANTE;748;TERCIARIO DE TORREVIEJA;TERCIARIO DE TORREVIEJA;320;Comunidad Valenciana
CA0748001;09/09/2021;O2 DTO;Oxigeno disuelto de campo (medida in situ);mg/L O2;81;8,1;705332;4207772;70042;TERCIARIO DE TORREVIEJA;Torrevieja;ALICANTE;748;TERCIARIO DE TORREVIEJA;TERCIARIO DE TORREVIEJA;320;Comunidad Valenciana
CA0748001;09/09/2021;O-DICLORO;1,2-diclorobenceno (o-diclorobenceno);µg/L;0;< 1,0;705332;4207772;70042;TERCIARIO DE TORREVIEJA;Torrevieja;ALICANTE;748;TERCIARIO DE TORREVIEJA;TERCIARIO DE TORREVIEJA;320;Comunidad Valenciana
CA0748001;09/09/2021;PAHEST;Estireno (etenilbenceno);µg/L;0;< 1,0;705332;4207772;70042;TERCIARIO DE TORREVIEJA;Torrevieja;ALICANTE;748;TERCIARIO DE TORREVIEJA;TERCIARIO DE TORREVIEJA;320;Comunidad Valenciana
CA0748001;09/09/2021;PB;PLOMO;µg/L Pb;38;0,38;705332;4207772;70042;TERCIARIO DE TORREVIEJA;Torrevieja;ALICANTE;748;TERCIARIO DE TORREVIEJA;TERCIARIO DE TORREVIEJA;320;Comunidad Valenciana
CA0748001;09/09/2021;PER;Tetracloroetileno (PER, Percloroetileno);µg/L;0;< 1,0;705332;4207772;70042;TERCIARIO DE TORREVIEJA;Torrevieja;ALICANTE;748;TERCIARIO DE TORREVIEJA;TERCIARIO DE TORREVIEJA;320;Comunidad Valenciana
CA0748001;09/09/2021;PHSITU;pH de campo (medida in situ);udpH;842;8,42 (23.4ºC);705332;4207772;70042;TERCIARIO DE TORREVIEJA;Torrevieja;ALICANTE;748;TERCIARIO DE TORREVIEJA;TERCIARIO DE TORREVIEJA;320;Comunidad Valenciana
CA0748001;09/09/2021;PO4;Fosfatos;mg/L PO4;0;< 0,04;705332;4207772;70042;TERCIARIO DE TORREVIEJA;Torrevieja;ALICANTE;748;TERCIARIO DE TORREVIEJA;TERCIARIO DE TORREVIEJA;320;Comunidad Valenciana
CA0748001;09/09/2021;PTOTAL;FOSFORO TOTAL;mg/L P;0;< 0,050;705332;4207772;70042;TERCIARIO DE TORREVIEJA;Torrevieja;ALICANTE;748;TERCIARIO DE TORREVIEJA;TERCIARIO DE TORREVIEJA;320;Comunidad Valenciana
CA0748001;09/09/2021;SATINSI;Porcentaje de saturación de oxígeno disuelto de campo (medido in situ);% O2;978;97,8;705332;4207772;70042;TERCIARIO DE TORREVIEJA;Torrevieja;ALICANTE;748;TERCIARIO DE TORREVIEJA;TERCIARIO DE TORREVIEJA;320;Comunidad Valenciana
CA0748001;09/09/2021;SE;SELENIO;µg/L Se;19;1,9;705332;4207772;70042;TERCIARIO DE TORREVIEJA;Torrevieja;ALICANTE;748;TERCIARIO DE TORREVIEJA;TERCIARIO DE TORREVIEJA;320;Comunidad Valenciana
CA0748001;09/09/2021;SECBUTB;SEC-BUTILBENCENO;µg/L;0;< 1,0;705332;4207772;70042;TERCIARIO DE TORREVIEJA;Torrevieja;ALICANTE;748;TERCIARIO DE TORREVIEJA;TERCIARIO DE TORREVIEJA;320;Comunidad Valenciana
CA0748001;09/09/2021;SUMAXILENO;Xileno (dimetilbenceno) (suma o-, m- y p-xileno);µg/L;0;< 3,0;705332;4207772;70042;TERCIARIO DE TORREVIEJA;Torrevieja;ALICANTE;748;TERCIARIO DE TORREVIEJA;TERCIARIO DE TORREVIEJA;320;Comunidad Valenciana
CA0748001;09/09/2021;SUMDCB;Diclorobenceno (suma isómeros);µg/L;0;< 3,0;705332;4207772;70042;TERCIARIO DE TORREVIEJA;Torrevieja;ALICANTE;748;TERCIARIO DE TORREVIEJA;TERCIARIO DE TORREVIEJA;320;Comunidad Valenciana
CA0748001;09/09/2021;SUMTCBEN;"Triclorobenceno (suma isómeros 1,2,3-; 1,2,4- y 1,3,5- TCB)";µg/L;0;< 0,18;705332;4207772;70042;TERCIARIO DE TORREVIEJA;Torrevieja;ALICANTE;748;TERCIARIO DE TORREVIEJA;TERCIARIO DE TORREVIEJA;320;Comunidad Valenciana
CA0748001;09/09/2021;SUO4;Sulfatos;mg/L SO4;1280;128;705332;4207772;70042;TERCIARIO DE TORREVIEJA;Torrevieja;ALICANTE;748;TERCIARIO DE TORREVIEJA;TERCIARIO DE TORREVIEJA;320;Comunidad Valenciana
CA0748001;09/09/2021;TAGUA;"TEMPERATURA ""IN SITU""";ºC;234;23,4;705332;4207772;70042;TERCIARIO DE TORREVIEJA;Torrevieja;ALICANTE;748;TERCIARIO DE TORREVIEJA;TERCIARIO DE TORREVIEJA;320;Comunidad Valenciana
CA0748001;09/09/2021;TBUTB;TERC-BUTILBENCENO;µg/L;0;< 1,0;705332;4207772;70042;TERCIARIO DE TORREVIEJA;Torrevieja;ALICANTE;748;TERCIARIO DE TORREVIEJA;TERCIARIO DE TORREVIEJA;320;Comunidad Valenciana
CA0748001;09/09/2021;TCB123;1,2,3-Triclorobenceno;µg/L;0;< 0,060;705332;4207772;70042;TERCIARIO DE TORREVIEJA;Torrevieja;ALICANTE;748;TERCIARIO DE TORREVIEJA;TERCIARIO DE TORREVIEJA;320;Comunidad Valenciana
CA0748001;09/09/2021;TCB124;1,2,4-Triclorobenceno;µg/L;0;< 0,060;705332;4207772;70042;TERCIARIO DE TORREVIEJA;Torrevieja;ALICANTE;748;TERCIARIO DE TORREVIEJA;TERCIARIO DE TORREVIEJA;320;Comunidad Valenciana
CA0748001;09/09/2021;TCB135;1,3,5-Triclorobenceno;µg/L;0;< 0,060;705332;4207772;70042;TERCIARIO DE TORREVIEJA;Torrevieja;ALICANTE;748;TERCIARIO DE TORREVIEJA;TERCIARIO DE TORREVIEJA;320;Comunidad Valenciana
CA0748001;09/09/2021;TCE;1,1,1-TRICLOROETANO;µg/L;0;< 1,0;705332;4207772;70042;TERCIARIO DE TORREVIEJA;Torrevieja;ALICANTE;748;TERCIARIO DE TORREVIEJA;TERCIARIO DE TORREVIEJA;320;Comunidad Valenciana
CA0748001;09/09/2021;TETRA;Tetracloruro de carbono (Tetraclorometano, Perclorometano);µg/L;0;< 1,0;705332;4207772;70042;TERCIARIO DE TORREVIEJA;Torrevieja;ALICANTE;748;TERCIARIO DE TORREVIEJA;TERCIARIO DE TORREVIEJA;320;Comunidad Valenciana
CA0748001;09/09/2021;TETRTRI;Tricloroetileno + Tetracloroetileno (Percloroetileno);µg/L;0;< 2,0;705332;4207772;70042;TERCIARIO DE TORREVIEJA;Torrevieja;ALICANTE;748;TERCIARIO DE TORREVIEJA;TERCIARIO DE TORREVIEJA;320;Comunidad Valenciana
CA0748001;09/09/2021;THMBR;DIBROMOMETANO;µg/L;0;< 1,0;705332;4207772;70042;TERCIARIO DE TORREVIEJA;Torrevieja;ALICANTE;748;TERCIARIO DE TORREVIEJA;TERCIARIO DE TORREVIEJA;320;Comunidad Valenciana
CA0748001;09/09/2021;THMBR2CL;Bromodiclorometano;µg/l;0;< 1,0;705332;4207772;70042;TERCIARIO DE TORREVIEJA;Torrevieja;ALICANTE;748;TERCIARIO DE TORREVIEJA;TERCIARIO DE TORREVIEJA;320;Comunidad Valenciana
CA0748001;09/09/2021;THMBRCL;BROMOCLOROMETANO;µg/L;0;< 1,0;705332;4207772;70042;TERCIARIO DE TORREVIEJA;Torrevieja;ALICANTE;748;TERCIARIO DE TORREVIEJA;TERCIARIO DE TORREVIEJA;320;Comunidad Valenciana
CA0748001;09/09/2021;THMBRCL2;DIBROMOCLOROMETANO (Trihalometanos);µg/L;0;< 1,0;705332;4207772;70042;TERCIARIO DE TORREVIEJA;Torrevieja;ALICANTE;748;TERCIARIO DE TORREVIEJA;TERCIARIO DE TORREVIEJA;320;Comunidad Valenciana
CA0748001;09/09/2021;THMBRF;BROMOFORMO;µg/L;0;< 1,0;705332;4207772;70042;TERCIARIO DE TORREVIEJA;Torrevieja;ALICANTE;748;TERCIARIO DE TORREVIEJA;TERCIARIO DE TORREVIEJA;320;Comunidad Valenciana
CA0748001;09/09/2021;THMDCM;DICLOROMETANO;µg/L;0;< 20;705332;4207772;70042;TERCIARIO DE TORREVIEJA;Torrevieja;ALICANTE;748;TERCIARIO DE TORREVIEJA;TERCIARIO DE TORREVIEJA;320;Comunidad Valenciana
CA0748001;09/09/2021;TMB1;1,2,4-trimetilbenceno;µg/l;0;< 1,0;705332;4207772;70042;TERCIARIO DE TORREVIEJA;Torrevieja;ALICANTE;748;TERCIARIO DE TORREVIEJA;TERCIARIO DE TORREVIEJA;320;Comunidad Valenciana
CA0748001;09/09/2021;TMB2;1,3,5-TRIMETILBENCENO;µg/L;0;< 1,0;705332;4207772;70042;TERCIARIO DE TORREVIEJA;Torrevieja;ALICANTE;748;TERCIARIO DE TORREVIEJA;TERCIARIO DE TORREVIEJA;320;Comunidad Valenciana
CA0748001;09/09/2021;TOL;Tolueno (Metilbenceno);µg/L;0;< 1,0;705332;4207772;70042;TERCIARIO DE TORREVIEJA;Torrevieja;ALICANTE;748;TERCIARIO DE TORREVIEJA;TERCIARIO DE TORREVIEJA;320;Comunidad Valenciana
CA0748001;09/09/2021;TRICLOET;Tricloroetileno (TRI);µg/L;0;< 1,0;705332;4207772;70042;TERCIARIO DE TORREVIEJA;Torrevieja;ALICANTE;748;TERCIARIO DE TORREVIEJA;TERCIARIO DE TORREVIEJA;320;Comunidad Valenciana
CA0748001;09/09/2021;XILM+P;SUMA M+P XILENO;µg/L;0;< 2,0;705332;4207772;70042;TERCIARIO DE TORREVIEJA;Torrevieja;ALICANTE;748;TERCIARIO DE TORREVIEJA;TERCIARIO DE TORREVIEJA;320;Comunidad Valenciana
CA0748001;09/09/2021;XIL-O;O-XILENO;µg/L;0;< 1,0;705332;4207772;70042;TERCIARIO DE TORREVIEJA;Torrevieja;ALICANTE;748;TERCIARIO DE TORREVIEJA;TERCIARIO DE TORREVIEJA;320;Comunidad Valenciana
CA0748001;09/09/2021;ZN;ZINC;µg/l Zn;510;51;705332;4207772;70042;TERCIARIO DE TORREVIEJA;Torrevieja;ALICANTE;748;TERCIARIO DE TORREVIEJA;TERCIARIO DE TORREVIEJA;320;Comunidad Valenciana
CA0748001;02/12/2021;12DIBR;1,2-DIBROMOETANO;µg/L;0;< 1,0;705332;4207772;70042;TERCIARIO DE TORREVIEJA;Torrevieja;ALICANTE;748;TERCIARIO DE TORREVIEJA;TERCIARIO DE TORREVIEJA;320;Comunidad Valenciana
CA0748001;02/12/2021;2BR2CLPRO;1,2-DIBROMO-3-CLOROPROPANO;µg/L;0;< 2,0;705332;4207772;70042;TERCIARIO DE TORREVIEJA;Torrevieja;ALICANTE;748;TERCIARIO DE TORREVIEJA;TERCIARIO DE TORREVIEJA;320;Comunidad Valenciana
CA0748001;02/12/2021;2CLETA;1,1-DICLOROETANO;µg/L;0;< 1,0;705332;4207772;70042;TERCIARIO DE TORREVIEJA;Torrevieja;ALICANTE;748;TERCIARIO DE TORREVIEJA;TERCIARIO DE TORREVIEJA;320;Comunidad Valenciana
CA0748001;02/12/2021;2CLETE;1,1-DICLOROETENO;µg/L;0;< 1,0;705332;4207772;70042;TERCIARIO DE TORREVIEJA;Torrevieja;ALICANTE;748;TERCIARIO DE TORREVIEJA;TERCIARIO DE TORREVIEJA;320;Comunidad Valenciana
CA0748001;02/12/2021;2CLETE2;1,2-DICLOROETENO;µg/L;0;< 2,0;705332;4207772;70042;TERCIARIO DE TORREVIEJA;Torrevieja;ALICANTE;748;TERCIARIO DE TORREVIEJA;TERCIARIO DE TORREVIEJA;320;Comunidad Valenciana
CA0748001;02/12/2021;2CLETEN;TRANS-1,2-DICLOROETENO;µg/L;0;< 1,0;705332;4207772;70042;TERCIARIO DE TORREVIEJA;Torrevieja;ALICANTE;748;TERCIARIO DE TORREVIEJA;TERCIARIO DE TORREVIEJA;320;Comunidad Valenciana
CA0748001;02/12/2021;2CLPRO;1,3-DICLOROPROPANO;µg/L;0;< 1,0;705332;4207772;70042;TERCIARIO DE TORREVIEJA;Torrevieja;ALICANTE;748;TERCIARIO DE TORREVIEJA;TERCIARIO DE TORREVIEJA;320;Comunidad Valenciana
CA0748001;02/12/2021;2CLPROCIS;CIS-1,3-DICLOROPROPENO;µg/L;0;< 1,0;705332;4207772;70042;TERCIARIO DE TORREVIEJA;Torrevieja;ALICANTE;748;TERCIARIO DE TORREVIEJA;TERCIARIO DE TORREVIEJA;320;Comunidad Valenciana
CA0748001;02/12/2021;2CLPROPA;1,2-DICLOROPROPANO;µg/L;0;< 1,0;705332;4207772;70042;TERCIARIO DE TORREVIEJA;Torrevieja;ALICANTE;748;TERCIARIO DE TORREVIEJA;TERCIARIO DE TORREVIEJA;320;Comunidad Valenciana
CA0748001;02/12/2021;2CLPROPA2;2,2-DICLOROPROPANO;µg/L;0;< 1,0;705332;4207772;70042;TERCIARIO DE TORREVIEJA;Torrevieja;ALICANTE;748;TERCIARIO DE TORREVIEJA;TERCIARIO DE TORREVIEJA;320;Comunidad Valenciana
CA0748001;02/12/2021;2CLPROPE;1,1-DICLOROPROPENO;µg/L;0;< 1,0;705332;4207772;70042;TERCIARIO DE TORREVIEJA;Torrevieja;ALICANTE;748;TERCIARIO DE TORREVIEJA;TERCIARIO DE TORREVIEJA;320;Comunidad Valenciana
CA0748001;02/12/2021;2CLPROPE2;TRANS-1,3-DICLOROPROPENO;µg/L;0;< 1,0;705332;4207772;70042;TERCIARIO DE TORREVIEJA;Torrevieja;ALICANTE;748;TERCIARIO DE TORREVIEJA;TERCIARIO DE TORREVIEJA;320;Comunidad Valenciana
CA0748001;02/12/2021;3CLETA;1,1,2-TRICLOROETANO;µg/L;0;< 1,0;705332;4207772;70042;TERCIARIO DE TORREVIEJA;Torrevieja;ALICANTE;748;TERCIARIO DE TORREVIEJA;TERCIARIO DE TORREVIEJA;320;Comunidad Valenciana
CA0748001;02/12/2021;3CLPRO;1,2,3-TRICLOROPROPANO;µg/L;0;< 1,0;705332;4207772;70042;TERCIARIO DE TORREVIEJA;Torrevieja;ALICANTE;748;TERCIARIO DE TORREVIEJA;TERCIARIO DE TORREVIEJA;320;Comunidad Valenciana
CA0748001;02/12/2021;4CLETA;1,1,1,2-TETRACLOROETANO;µg/L;0;< 1,0;705332;4207772;70042;TERCIARIO DE TORREVIEJA;Torrevieja;ALICANTE;748;TERCIARIO DE TORREVIEJA;TERCIARIO DE TORREVIEJA;320;Comunidad Valenciana
CA0748001;02/12/2021;4CLETA2;1,1,2,2-TETRACLOROETANO;µg/L;0;< 1,0;705332;4207772;70042;TERCIARIO DE TORREVIEJA;Torrevieja;ALICANTE;748;TERCIARIO DE TORREVIEJA;TERCIARIO DE TORREVIEJA;320;Comunidad Valenciana
CA0748001;02/12/2021;6CLET;HEXACLOROETANO;µg/L;0;< 1,0;705332;4207772;70042;TERCIARIO DE TORREVIEJA;Torrevieja;ALICANTE;748;TERCIARIO DE TORREVIEJA;TERCIARIO DE TORREVIEJA;320;Comunidad Valenciana
CA0748001;02/12/2021;AS;ARSENICO;µg/L As;0;< 5,0;705332;4207772;70042;TERCIARIO DE TORREVIEJA;Torrevieja;ALICANTE;748;TERCIARIO DE TORREVIEJA;TERCIARIO DE TORREVIEJA;320;Comunidad Valenciana
CA0748001;02/12/2021;B;BORO;µg/L B;0;<250;705332;4207772;70042;TERCIARIO DE TORREVIEJA;Torrevieja;ALICANTE;748;TERCIARIO DE TORREVIEJA;TERCIARIO DE TORREVIEJA;320;Comunidad Valenciana
CA0748001;02/12/2021;BENCENO;BENCENO;µg/L;0;< 0,30;705332;4207772;70042;TERCIARIO DE TORREVIEJA;Torrevieja;ALICANTE;748;TERCIARIO DE TORREVIEJA;TERCIARIO DE TORREVIEJA;320;Comunidad Valenciana
CA0748001;02/12/2021;BICARB;BICARBONATOS;mg/L HCO3-;1700;170;705332;4207772;70042;TERCIARIO DE TORREVIEJA;Torrevieja;ALICANTE;748;TERCIARIO DE TORREVIEJA;TERCIARIO DE TORREVIEJA;320;Comunidad Valenciana
CA0748001;02/12/2021;BRB;BROMOBENCENO;µg/L;0;< 1,0;705332;4207772;70042;TERCIARIO DE TORREVIEJA;Torrevieja;ALICANTE;748;TERCIARIO DE TORREVIEJA;TERCIARIO DE TORREVIEJA;320;Comunidad Valenciana
CA0748001;02/12/2021;CA;CALCIO;mg/L Ca;830;83;705332;4207772;70042;TERCIARIO DE TORREVIEJA;Torrevieja;ALICANTE;748;TERCIARIO DE TORREVIEJA;TERCIARIO DE TORREVIEJA;320;Comunidad Valenciana
CA0748001;02/12/2021;CL;Cloruros;mg/L Cl;1960;196;705332;4207772;70042;TERCIARIO DE TORREVIEJA;Torrevieja;ALICANTE;748;TERCIARIO DE TORREVIEJA;TERCIARIO DE TORREVIEJA;320;Comunidad Valenciana
CA0748001;02/12/2021;CLF;Cloroformo (Triclorometano);µg/L;34;3,4;705332;4207772;70042;TERCIARIO DE TORREVIEJA;Torrevieja;ALICANTE;748;TERCIARIO DE TORREVIEJA;TERCIARIO DE TORREVIEJA;320;Comunidad Valenciana
CA0748001;02/12/2021;CLTO2;4-CLOROTOLUENO;µg/L;0;< 1,0;705332;4207772;70042;TERCIARIO DE TORREVIEJA;Torrevieja;ALICANTE;748;TERCIARIO DE TORREVIEJA;TERCIARIO DE TORREVIEJA;320;Comunidad Valenciana
CA0748001;02/12/2021;CLTOL;2-CLOROTOLUENO;µg/L;0;< 1,0;705332;4207772;70042;TERCIARIO DE TORREVIEJA;Torrevieja;ALICANTE;748;TERCIARIO DE TORREVIEJA;TERCIARIO DE TORREVIEJA;320;Comunidad Valenciana
CA0748001;02/12/2021;COND20SITU;Conductividad de campo (medida in situ);µS/cm;11420;1142;705332;4207772;70042;TERCIARIO DE TORREVIEJA;Torrevieja;ALICANTE;748;TERCIARIO DE TORREVIEJA;TERCIARIO DE TORREVIEJA;320;Comunidad Valenciana
CA0748001;02/12/2021;CR;CROMO;µg/L Cr;0;< 0,80;705332;4207772;70042;TERCIARIO DE TORREVIEJA;Torrevieja;ALICANTE;748;TERCIARIO DE TORREVIEJA;TERCIARIO DE TORREVIEJA;320;Comunidad Valenciana
CA0748001;02/12/2021;CU;COBRE;µg/L Cu;44;4,4;705332;4207772;70042;TERCIARIO DE TORREVIEJA;Torrevieja;ALICANTE;748;TERCIARIO DE TORREVIEJA;TERCIARIO DE TORREVIEJA;320;Comunidad Valenciana
CA0748001;02/12/2021;DCB-M;1,3-diclorobenceno (m-diclorobenceno);µg/L;0;< 1,0;705332;4207772;70042;TERCIARIO DE TORREVIEJA;Torrevieja;ALICANTE;748;TERCIARIO DE TORREVIEJA;TERCIARIO DE TORREVIEJA;320;Comunidad Valenciana
CA0748001;02/12/2021;DCB-P;1,4-diclorobenceno (p-diclorobenceno);µg/L;0;< 1,0;705332;4207772;70042;TERCIARIO DE TORREVIEJA;Torrevieja;ALICANTE;748;TERCIARIO DE TORREVIEJA;TERCIARIO DE TORREVIEJA;320;Comunidad Valenciana
CA0748001;02/12/2021;DCE;1,2-dicloroetano (EDC, cloruro de etileno);µg/L;0;< 1,0;705332;4207772;70042;TERCIARIO DE TORREVIEJA;Torrevieja;ALICANTE;748;TERCIARIO DE TORREVIEJA;TERCIARIO DE TORREVIEJA;320;Comunidad Valenciana
CA0748001;02/12/2021;DICLETE-CIS;CIS-1,2-DICLOROETENO;µg/L;0;< 1,0;705332;4207772;70042;TERCIARIO DE TORREVIEJA;Torrevieja;ALICANTE;748;TERCIARIO DE TORREVIEJA;TERCIARIO DE TORREVIEJA;320;Comunidad Valenciana
CA0748001;02/12/2021;DQO;DQO o Demanda Química de Oxígeno;mg/L O2;240;24;705332;4207772;70042;TERCIARIO DE TORREVIEJA;Torrevieja;ALICANTE;748;TERCIARIO DE TORREVIEJA;TERCIARIO DE TORREVIEJA;320;Comunidad Valenciana
CA0748001;02/12/2021;ETBENCENO;Etilbenceno;µg/L;0;< 1,0;705332;4207772;70042;TERCIARIO DE TORREVIEJA;Torrevieja;ALICANTE;748;TERCIARIO DE TORREVIEJA;TERCIARIO DE TORREVIEJA;320;Comunidad Valenciana
CA0748001;02/12/2021;FE;HIERRO;µg/L;0;< 50;705332;4207772;70042;TERCIARIO DE TORREVIEJA;Torrevieja;ALICANTE;748;TERCIARIO DE TORREVIEJA;TERCIARIO DE TORREVIEJA;320;Comunidad Valenciana
CA0748001;02/12/2021;HCBD;Hexaclorobutadieno (HCBD, Hexacloro-1,3-Butadieno);µg/L;0;< 0,060;705332;4207772;70042;TERCIARIO DE TORREVIEJA;Torrevieja;ALICANTE;748;TERCIARIO DE TORREVIEJA;TERCIARIO DE TORREVIEJA;320;Comunidad Valenciana
CA0748001;02/12/2021;HG;MERCURIO;µg/L Hg;1;0,1;705332;4207772;70042;TERCIARIO DE TORREVIEJA;Torrevieja;ALICANTE;748;TERCIARIO DE TORREVIEJA;TERCIARIO DE TORREVIEJA;320;Comunidad Valenciana
CA0748001;02/12/2021;ISOPROPB;Isopropilbenceno (cumeno);µg/L;0;< 1,0;705332;4207772;70042;TERCIARIO DE TORREVIEJA;Torrevieja;ALICANTE;748;TERCIARIO DE TORREVIEJA;TERCIARIO DE TORREVIEJA;320;Comunidad Valenciana
CA0748001;02/12/2021;ISOPROPILTO;4-ISOPROPILTOLUENO;µg/L;0;< 1,0;705332;4207772;70042;TERCIARIO DE TORREVIEJA;Torrevieja;ALICANTE;748;TERCIARIO DE TORREVIEJA;TERCIARIO DE TORREVIEJA;320;Comunidad Valenciana
CA0748001;02/12/2021;K;POTASIO;mg/L K;53;5,3;705332;4207772;70042;TERCIARIO DE TORREVIEJA;Torrevieja;ALICANTE;748;TERCIARIO DE TORREVIEJA;TERCIARIO DE TORREVIEJA;320;Comunidad Valenciana
CA0748001;02/12/2021;MCB;Clorobenceno (monoclorobenceno);µg/L;0;< 1,0;705332;4207772;70042;TERCIARIO DE TORREVIEJA;Torrevieja;ALICANTE;748;TERCIARIO DE TORREVIEJA;TERCIARIO DE TORREVIEJA;320;Comunidad Valenciana
CA0748001;02/12/2021;MG;MAGNESIO;mg/L Mg;240;24;705332;4207772;70042;TERCIARIO DE TORREVIEJA;Torrevieja;ALICANTE;748;TERCIARIO DE TORREVIEJA;TERCIARIO DE TORREVIEJA;320;Comunidad Valenciana
CA0748001;02/12/2021;MN;MANGANESO;µg/L Mn;0;< 5,0;705332;4207772;70042;TERCIARIO DE TORREVIEJA;Torrevieja;ALICANTE;748;TERCIARIO DE TORREVIEJA;TERCIARIO DE TORREVIEJA;320;Comunidad Valenciana
CA0748001;02/12/2021;;SODIO;mg/L Na;1480;148;705332;4207772;70042;TERCIARIO DE TORREVIEJA;Torrevieja;ALICANTE;748;TERCIARIO DE TORREVIEJA;TERCIARIO DE TORREVIEJA;320;Comunidad Valenciana
CA0748001;02/12/2021;NAFTALENO;Naftaleno (naftalina);µg/L;0;< 0,30;705332;4207772;70042;TERCIARIO DE TORREVIEJA;Torrevieja;ALICANTE;748;TERCIARIO DE TORREVIEJA;TERCIARIO DE TORREVIEJA;320;Comunidad Valenciana
CA0748001;02/12/2021;N-BUB;N-BUTILBENCENO;µg/L;0;< 1,0;705332;4207772;70042;TERCIARIO DE TORREVIEJA;Torrevieja;ALICANTE;748;TERCIARIO DE TORREVIEJA;TERCIARIO DE TORREVIEJA;320;Comunidad Valenciana
CA0748001;02/12/2021;NH4;AMONIO;mg/L NH4;0;< 0,050;705332;4207772;70042;TERCIARIO DE TORREVIEJA;Torrevieja;ALICANTE;748;TERCIARIO DE TORREVIEJA;TERCIARIO DE TORREVIEJA;320;Comunidad Valenciana
CA0748001;02/12/2021;NI;NIQUEL;µg/L Ni;31;3,1;705332;4207772;70042;TERCIARIO DE TORREVIEJA;Torrevieja;ALICANTE;748;TERCIARIO DE TORREVIEJA;TERCIARIO DE TORREVIEJA;320;Comunidad Valenciana
CA0748001;02/12/2021;NO2;Nitritos;mg/L NO2;0;< 0,02;705332;4207772;70042;TERCIARIO DE TORREVIEJA;Torrevieja;ALICANTE;748;TERCIARIO DE TORREVIEJA;TERCIARIO DE TORREVIEJA;320;Comunidad Valenciana
CA0748001;02/12/2021;NO3;Nitratos;mg/L NO3;520;52;705332;4207772;70042;TERCIARIO DE TORREVIEJA;Torrevieja;ALICANTE;748;TERCIARIO DE TORREVIEJA;TERCIARIO DE TORREVIEJA;320;Comunidad Valenciana
CA0748001;02/12/2021;N-PROPILB;N-PROPILBENCENO;µg/L;0;< 1,0;705332;4207772;70042;TERCIARIO DE TORREVIEJA;Torrevieja;ALICANTE;748;TERCIARIO DE TORREVIEJA;TERCIARIO DE TORREVIEJA;320;Comunidad Valenciana
CA0748001;02/12/2021;NTOTAL;Nitrógeno total;mg/L N;110;11;705332;4207772;70042;TERCIARIO DE TORREVIEJA;Torrevieja;ALICANTE;748;TERCIARIO DE TORREVIEJA;TERCIARIO DE TORREVIEJA;320;Comunidad Valenciana
CA0748001;02/12/2021;O2 DTO;Oxigeno disuelto de campo (medida in situ);mg/L O2;913;9,13;705332;4207772;70042;TERCIARIO DE TORREVIEJA;Torrevieja;ALICANTE;748;TERCIARIO DE TORREVIEJA;TERCIARIO DE TORREVIEJA;320;Comunidad Valenciana
CA0748001;02/12/2021;O-DICLORO;1,2-diclorobenceno (o-diclorobenceno);µg/L;0;< 1,0;705332;4207772;70042;TERCIARIO DE TORREVIEJA;Torrevieja;ALICANTE;748;TERCIARIO DE TORREVIEJA;TERCIARIO DE TORREVIEJA;320;Comunidad Valenciana
CA0748001;02/12/2021;PAHEST;Estireno (etenilbenceno);µg/L;0;< 1,0;705332;4207772;70042;TERCIARIO DE TORREVIEJA;Torrevieja;ALICANTE;748;TERCIARIO DE TORREVIEJA;TERCIARIO DE TORREVIEJA;320;Comunidad Valenciana
CA0748001;02/12/2021;PB;PLOMO;µg/L Pb;12;1,2;705332;4207772;70042;TERCIARIO DE TORREVIEJA;Torrevieja;ALICANTE;748;TERCIARIO DE TORREVIEJA;TERCIARIO DE TORREVIEJA;320;Comunidad Valenciana
CA0748001;02/12/2021;PER;Tetracloroetileno (PER, Percloroetileno);µg/L;0;< 1,0;705332;4207772;70042;TERCIARIO DE TORREVIEJA;Torrevieja;ALICANTE;748;TERCIARIO DE TORREVIEJA;TERCIARIO DE TORREVIEJA;320;Comunidad Valenciana
CA0748001;02/12/2021;PHSITU;pH de campo (medida in situ);udpH;826;8,26 (19.2ºC);705332;4207772;70042;TERCIARIO DE TORREVIEJA;Torrevieja;ALICANTE;748;TERCIARIO DE TORREVIEJA;TERCIARIO DE TORREVIEJA;320;Comunidad Valenciana
CA0748001;02/12/2021;PO4;Fosfatos;mg/L PO4;0;< 0,040;705332;4207772;70042;TERCIARIO DE TORREVIEJA;Torrevieja;ALICANTE;748;TERCIARIO DE TORREVIEJA;TERCIARIO DE TORREVIEJA;320;Comunidad Valenciana
CA0748001;02/12/2021;PTOTAL;FOSFORO TOTAL;mg/L P;0;< 0,05;705332;4207772;70042;TERCIARIO DE TORREVIEJA;Torrevieja;ALICANTE;748;TERCIARIO DE TORREVIEJA;TERCIARIO DE TORREVIEJA;320;Comunidad Valenciana
CA0748001;02/12/2021;SATINSI;Porcentaje de saturación de oxígeno disuelto de campo (medido in situ);% O2;985;98,5;705332;4207772;70042;TERCIARIO DE TORREVIEJA;Torrevieja;ALICANTE;748;TERCIARIO DE TORREVIEJA;TERCIARIO DE TORREVIEJA;320;Comunidad Valenciana
CA0748001;02/12/2021;SE;SELENIO;µg/L Se;22;2,2;705332;4207772;70042;TERCIARIO DE TORREVIEJA;Torrevieja;ALICANTE;748;TERCIARIO DE TORREVIEJA;TERCIARIO DE TORREVIEJA;320;Comunidad Valenciana
CA0748001;02/12/2021;SECBUTB;SEC-BUTILBENCENO;µg/L;0;< 1,0;705332;4207772;70042;TERCIARIO DE TORREVIEJA;Torrevieja;ALICANTE;748;TERCIARIO DE TORREVIEJA;TERCIARIO DE TORREVIEJA;320;Comunidad Valenciana
CA0748001;02/12/2021;SUMAXILENO;Xileno (dimetilbenceno) (suma o-, m- y p-xileno);µg/L;0;< 3,0;705332;4207772;70042;TERCIARIO DE TORREVIEJA;Torrevieja;ALICANTE;748;TERCIARIO DE TORREVIEJA;TERCIARIO DE TORREVIEJA;320;Comunidad Valenciana
CA0748001;02/12/2021;SUMDCB;Diclorobenceno (suma isómeros);µg/L;0;< 3,0;705332;4207772;70042;TERCIARIO DE TORREVIEJA;Torrevieja;ALICANTE;748;TERCIARIO DE TORREVIEJA;TERCIARIO DE TORREVIEJA;320;Comunidad Valenciana
CA0748001;02/12/2021;SUMTCBEN;"Triclorobenceno (suma isómeros 1,2,3-; 1,2,4- y 1,3,5- TCB)";µg/L;0;< 0,18;705332;4207772;70042;TERCIARIO DE TORREVIEJA;Torrevieja;ALICANTE;748;TERCIARIO DE TORREVIEJA;TERCIARIO DE TORREVIEJA;320;Comunidad Valenciana
CA0748001;02/12/2021;SUO4;Sulfatos;mg/L SO4;840;84;705332;4207772;70042;TERCIARIO DE TORREVIEJA;Torrevieja;ALICANTE;748;TERCIARIO DE TORREVIEJA;TERCIARIO DE TORREVIEJA;320;Comunidad Valenciana
CA0748001;02/12/2021;TAGUA;"TEMPERATURA ""IN SITU""";ºC;192;19,2;705332;4207772;70042;TERCIARIO DE TORREVIEJA;Torrevieja;ALICANTE;748;TERCIARIO DE TORREVIEJA;TERCIARIO DE TORREVIEJA;320;Comunidad Valenciana
CA0748001;02/12/2021;TBUTB;TERC-BUTILBENCENO;µg/L;0;< 1,0;705332;4207772;70042;TERCIARIO DE TORREVIEJA;Torrevieja;ALICANTE;748;TERCIARIO DE TORREVIEJA;TERCIARIO DE TORREVIEJA;320;Comunidad Valenciana
CA0748001;02/12/2021;TCB123;1,2,3-Triclorobenceno;µg/L;0;< 0,060;705332;4207772;70042;TERCIARIO DE TORREVIEJA;Torrevieja;ALICANTE;748;TERCIARIO DE TORREVIEJA;TERCIARIO DE TORREVIEJA;320;Comunidad Valenciana
CA0748001;02/12/2021;TCB124;1,2,4-Triclorobenceno;µg/L;0;< 0,060;705332;4207772;70042;TERCIARIO DE TORREVIEJA;Torrevieja;ALICANTE;748;TERCIARIO DE TORREVIEJA;TERCIARIO DE TORREVIEJA;320;Comunidad Valenciana
CA0748001;02/12/2021;TCB135;1,3,5-Triclorobenceno;µg/L;0;< 0,060;705332;4207772;70042;TERCIARIO DE TORREVIEJA;Torrevieja;ALICANTE;748;TERCIARIO DE TORREVIEJA;TERCIARIO DE TORREVIEJA;320;Comunidad Valenciana
CA0748001;02/12/2021;TCE;1,1,1-TRICLOROETANO;µg/L;0;< 1,0;705332;4207772;70042;TERCIARIO DE TORREVIEJA;Torrevieja;ALICANTE;748;TERCIARIO DE TORREVIEJA;TERCIARIO DE TORREVIEJA;320;Comunidad Valenciana
CA0748001;02/12/2021;TETRA;Tetracloruro de carbono (Tetraclorometano, Perclorometano);µg/L;0;< 1,0;705332;4207772;70042;TERCIARIO DE TORREVIEJA;Torrevieja;ALICANTE;748;TERCIARIO DE TORREVIEJA;TERCIARIO DE TORREVIEJA;320;Comunidad Valenciana
CA0748001;02/12/2021;TETRTRI;Tricloroetileno + Tetracloroetileno (Percloroetileno);µg/L;0;< 2,0;705332;4207772;70042;TERCIARIO DE TORREVIEJA;Torrevieja;ALICANTE;748;TERCIARIO DE TORREVIEJA;TERCIARIO DE TORREVIEJA;320;Comunidad Valenciana
CA0748001;02/12/2021;THMBR;DIBROMOMETANO;µg/L;0;< 1,0;705332;4207772;70042;TERCIARIO DE TORREVIEJA;Torrevieja;ALICANTE;748;TERCIARIO DE TORREVIEJA;TERCIARIO DE TORREVIEJA;320;Comunidad Valenciana
CA0748001;02/12/2021;THMBR2CL;Bromodiclorometano;µg/l;0;< 1,0;705332;4207772;70042;TERCIARIO DE TORREVIEJA;Torrevieja;ALICANTE;748;TERCIARIO DE TORREVIEJA;TERCIARIO DE TORREVIEJA;320;Comunidad Valenciana
CA0748001;02/12/2021;THMBRCL;BROMOCLOROMETANO;µg/L;0;< 1,0;705332;4207772;70042;TERCIARIO DE TORREVIEJA;Torrevieja;ALICANTE;748;TERCIARIO DE TORREVIEJA;TERCIARIO DE TORREVIEJA;320;Comunidad Valenciana
CA0748001;02/12/2021;THMBRCL2;DIBROMOCLOROMETANO (Trihalometanos);µg/L;0;< 1,0;705332;4207772;70042;TERCIARIO DE TORREVIEJA;Torrevieja;ALICANTE;748;TERCIARIO DE TORREVIEJA;TERCIARIO DE TORREVIEJA;320;Comunidad Valenciana
CA0748001;02/12/2021;THMBRF;BROMOFORMO;µg/L;0;< 1,0;705332;4207772;70042;TERCIARIO DE TORREVIEJA;Torrevieja;ALICANTE;748;TERCIARIO DE TORREVIEJA;TERCIARIO DE TORREVIEJA;320;Comunidad Valenciana
CA0748001;02/12/2021;THMDCM;DICLOROMETANO;µg/L;0;< 20;705332;4207772;70042;TERCIARIO DE TORREVIEJA;Torrevieja;ALICANTE;748;TERCIARIO DE TORREVIEJA;TERCIARIO DE TORREVIEJA;320;Comunidad Valenciana
CA0748001;02/12/2021;TMB1;1,2,4-trimetilbenceno;µg/l;0;< 1,0;705332;4207772;70042;TERCIARIO DE TORREVIEJA;Torrevieja;ALICANTE;748;TERCIARIO DE TORREVIEJA;TERCIARIO DE TORREVIEJA;320;Comunidad Valenciana
CA0748001;02/12/2021;TMB2;1,3,5-TRIMETILBENCENO;µg/L;0;< 1,0;705332;4207772;70042;TERCIARIO DE TORREVIEJA;Torrevieja;ALICANTE;748;TERCIARIO DE TORREVIEJA;TERCIARIO DE TORREVIEJA;320;Comunidad Valenciana
CA0748001;02/12/2021;TOL;Tolueno (Metilbenceno);µg/L;0;< 1,0;705332;4207772;70042;TERCIARIO DE TORREVIEJA;Torrevieja;ALICANTE;748;TERCIARIO DE TORREVIEJA;TERCIARIO DE TORREVIEJA;320;Comunidad Valenciana
CA0748001;02/12/2021;TRICLOET;Tricloroetileno (TRI);µg/L;0;< 1,0;705332;4207772;70042;TERCIARIO DE TORREVIEJA;Torrevieja;ALICANTE;748;TERCIARIO DE TORREVIEJA;TERCIARIO DE TORREVIEJA;320;Comunidad Valenciana
CA0748001;02/12/2021;XILM+P;SUMA M+P XILENO;µg/L;0;< 2,0;705332;4207772;70042;TERCIARIO DE TORREVIEJA;Torrevieja;ALICANTE;748;TERCIARIO DE TORREVIEJA;TERCIARIO DE TORREVIEJA;320;Comunidad Valenciana
CA0748001;02/12/2021;XIL-O;O-XILENO;µg/L;0;< 1,0;705332;4207772;70042;TERCIARIO DE TORREVIEJA;Torrevieja;ALICANTE;748;TERCIARIO DE TORREVIEJA;TERCIARIO DE TORREVIEJA;320;Comunidad Valenciana
CA0748001;02/12/2021;ZN;ZINC;µg/l Zn;1680;168;705332;4207772;70042;TERCIARIO DE TORREVIEJA;Torrevieja;ALICANTE;748;TERCIARIO DE TORREVIEJA;TERCIARIO DE TORREVIEJA;320;Comunidad Valenciana
CA0748001;13/01/2022;12DIBR;1,2-DIBROMOETANO;µg/L;0;< 1,0;705332;4207772;70042;TERCIARIO DE TORREVIEJA;Torrevieja;ALICANTE;748;TERCIARIO DE TORREVIEJA;TERCIARIO DE TORREVIEJA;320;Comunidad Valenciana
CA0748001;13/01/2022;2BR2CLPRO;1,2-DIBROMO-3-CLOROPROPANO;µg/L;0;< 2,0;705332;4207772;70042;TERCIARIO DE TORREVIEJA;Torrevieja;ALICANTE;748;TERCIARIO DE TORREVIEJA;TERCIARIO DE TORREVIEJA;320;Comunidad Valenciana
CA0748001;13/01/2022;2CLETA;1,1-DICLOROETANO;µg/L;0;< 1,0;705332;4207772;70042;TERCIARIO DE TORREVIEJA;Torrevieja;ALICANTE;748;TERCIARIO DE TORREVIEJA;TERCIARIO DE TORREVIEJA;320;Comunidad Valenciana
CA0748001;13/01/2022;2CLETE;1,1-DICLOROETENO;µg/L;0;< 1,0;705332;4207772;70042;TERCIARIO DE TORREVIEJA;Torrevieja;ALICANTE;748;TERCIARIO DE TORREVIEJA;TERCIARIO DE TORREVIEJA;320;Comunidad Valenciana
CA0748001;13/01/2022;2CLETE2;1,2-DICLOROETENO;µg/L;0;< 2,0;705332;4207772;70042;TERCIARIO DE TORREVIEJA;Torrevieja;ALICANTE;748;TERCIARIO DE TORREVIEJA;TERCIARIO DE TORREVIEJA;320;Comunidad Valenciana
CA0748001;13/01/2022;2CLETEN;TRANS-1,2-DICLOROETENO;µg/L;0;< 1,0;705332;4207772;70042;TERCIARIO DE TORREVIEJA;Torrevieja;ALICANTE;748;TERCIARIO DE TORREVIEJA;TERCIARIO DE TORREVIEJA;320;Comunidad Valenciana
CA0748001;13/01/2022;2CLPRO;1,3-DICLOROPROPANO;µg/L;0;< 1,0;705332;4207772;70042;TERCIARIO DE TORREVIEJA;Torrevieja;ALICANTE;748;TERCIARIO DE TORREVIEJA;TERCIARIO DE TORREVIEJA;320;Comunidad Valenciana
CA0748001;13/01/2022;2CLPROCIS;CIS-1,3-DICLOROPROPENO;µg/L;0;< 1,0;705332;4207772;70042;TERCIARIO DE TORREVIEJA;Torrevieja;ALICANTE;748;TERCIARIO DE TORREVIEJA;TERCIARIO DE TORREVIEJA;320;Comunidad Valenciana
CA0748001;13/01/2022;2CLPROPA;1,2-DICLOROPROPANO;µg/L;0;< 1,0;705332;4207772;70042;TERCIARIO DE TORREVIEJA;Torrevieja;ALICANTE;748;TERCIARIO DE TORREVIEJA;TERCIARIO DE TORREVIEJA;320;Comunidad Valenciana
CA0748001;13/01/2022;2CLPROPA2;2,2-DICLOROPROPANO;µg/L;0;< 1,0;705332;4207772;70042;TERCIARIO DE TORREVIEJA;Torrevieja;ALICANTE;748;TERCIARIO DE TORREVIEJA;TERCIARIO DE TORREVIEJA;320;Comunidad Valenciana
CA0748001;13/01/2022;2CLPROPE;1,1-DICLOROPROPENO;µg/L;0;< 1,0;705332;4207772;70042;TERCIARIO DE TORREVIEJA;Torrevieja;ALICANTE;748;TERCIARIO DE TORREVIEJA;TERCIARIO DE TORREVIEJA;320;Comunidad Valenciana
CA0748001;13/01/2022;2CLPROPE2;TRANS-1,3-DICLOROPROPENO;µg/L;0;< 1,0;705332;4207772;70042;TERCIARIO DE TORREVIEJA;Torrevieja;ALICANTE;748;TERCIARIO DE TORREVIEJA;TERCIARIO DE TORREVIEJA;320;Comunidad Valenciana
CA0748001;13/01/2022;3CLETA;1,1,2-TRICLOROETANO;µg/L;0;< 1,0;705332;4207772;70042;TERCIARIO DE TORREVIEJA;Torrevieja;ALICANTE;748;TERCIARIO DE TORREVIEJA;TERCIARIO DE TORREVIEJA;320;Comunidad Valenciana
CA0748001;13/01/2022;3CLPRO;1,2,3-TRICLOROPROPANO;µg/L;0;< 1,0;705332;4207772;70042;TERCIARIO DE TORREVIEJA;Torrevieja;ALICANTE;748;TERCIARIO DE TORREVIEJA;TERCIARIO DE TORREVIEJA;320;Comunidad Valenciana
CA0748001;13/01/2022;4CLETA;1,1,1,2-TETRACLOROETANO;µg/L;0;< 1,0;705332;4207772;70042;TERCIARIO DE TORREVIEJA;Torrevieja;ALICANTE;748;TERCIARIO DE TORREVIEJA;TERCIARIO DE TORREVIEJA;320;Comunidad Valenciana
CA0748001;13/01/2022;4CLETA2;1,1,2,2-TETRACLOROETANO;µg/L;0;< 1,0;705332;4207772;70042;TERCIARIO DE TORREVIEJA;Torrevieja;ALICANTE;748;TERCIARIO DE TORREVIEJA;TERCIARIO DE TORREVIEJA;320;Comunidad Valenciana
CA0748001;13/01/2022;6CLET;HEXACLOROETANO;µg/L;0;< 1,0;705332;4207772;70042;TERCIARIO DE TORREVIEJA;Torrevieja;ALICANTE;748;TERCIARIO DE TORREVIEJA;TERCIARIO DE TORREVIEJA;320;Comunidad Valenciana
CA0748001;13/01/2022;AS;ARSENICO;µg/L As;0;< 5,0;705332;4207772;70042;TERCIARIO DE TORREVIEJA;Torrevieja;ALICANTE;748;TERCIARIO DE TORREVIEJA;TERCIARIO DE TORREVIEJA;320;Comunidad Valenciana
CA0748001;13/01/2022;B;BORO;µg/L B;2700;270;705332;4207772;70042;TERCIARIO DE TORREVIEJA;Torrevieja;ALICANTE;748;TERCIARIO DE TORREVIEJA;TERCIARIO DE TORREVIEJA;320;Comunidad Valenciana
CA0748001;13/01/2022;BENCENO;BENCENO;µg/L;0;< 0,30;705332;4207772;70042;TERCIARIO DE TORREVIEJA;Torrevieja;ALICANTE;748;TERCIARIO DE TORREVIEJA;TERCIARIO DE TORREVIEJA;320;Comunidad Valenciana
CA0748001;13/01/2022;BICARB;BICARBONATOS;mg/L HCO3-;1640;164;705332;4207772;70042;TERCIARIO DE TORREVIEJA;Torrevieja;ALICANTE;748;TERCIARIO DE TORREVIEJA;TERCIARIO DE TORREVIEJA;320;Comunidad Valenciana
CA0748001;13/01/2022;BRB;BROMOBENCENO;µg/L;0;< 1,0;705332;4207772;70042;TERCIARIO DE TORREVIEJA;Torrevieja;ALICANTE;748;TERCIARIO DE TORREVIEJA;TERCIARIO DE TORREVIEJA;320;Comunidad Valenciana
CA0748001;13/01/2022;CA;CALCIO;mg/L Ca;670;67;705332;4207772;70042;TERCIARIO DE TORREVIEJA;Torrevieja;ALICANTE;748;TERCIARIO DE TORREVIEJA;TERCIARIO DE TORREVIEJA;320;Comunidad Valenciana
CA0748001;13/01/2022;CD;CADMIO;µg/L Cd;54;0,054;705332;4207772;70042;TERCIARIO DE TORREVIEJA;Torrevieja;ALICANTE;748;TERCIARIO DE TORREVIEJA;TERCIARIO DE TORREVIEJA;320;Comunidad Valenciana
CA0748001;13/01/2022;CL;Cloruros;mg/L Cl;2040;204;705332;4207772;70042;TERCIARIO DE TORREVIEJA;Torrevieja;ALICANTE;748;TERCIARIO DE TORREVIEJA;TERCIARIO DE TORREVIEJA;320;Comunidad Valenciana
CA0748001;13/01/2022;CLF;Cloroformo (Triclorometano);µg/L;34;3,4;705332;4207772;70042;TERCIARIO DE TORREVIEJA;Torrevieja;ALICANTE;748;TERCIARIO DE TORREVIEJA;TERCIARIO DE TORREVIEJA;320;Comunidad Valenciana
CA0748001;13/01/2022;CLTO2;4-CLOROTOLUENO;µg/L;0;< 1,0;705332;4207772;70042;TERCIARIO DE TORREVIEJA;Torrevieja;ALICANTE;748;TERCIARIO DE TORREVIEJA;TERCIARIO DE TORREVIEJA;320;Comunidad Valenciana
CA0748001;13/01/2022;CLTOL;2-CLOROTOLUENO;µg/L;0;< 1,0;705332;4207772;70042;TERCIARIO DE TORREVIEJA;Torrevieja;ALICANTE;748;TERCIARIO DE TORREVIEJA;TERCIARIO DE TORREVIEJA;320;Comunidad Valenciana
CA0748001;13/01/2022;COND20SITU;Conductividad de campo (medida in situ);µS/cm;11870;1187;705332;4207772;70042;TERCIARIO DE TORREVIEJA;Torrevieja;ALICANTE;748;TERCIARIO DE TORREVIEJA;TERCIARIO DE TORREVIEJA;320;Comunidad Valenciana
CA0748001;13/01/2022;CR;CROMO;µg/L Cr;0;< 0,80;705332;4207772;70042;TERCIARIO DE TORREVIEJA;Torrevieja;ALICANTE;748;TERCIARIO DE TORREVIEJA;TERCIARIO DE TORREVIEJA;320;Comunidad Valenciana
CA0748001;13/01/2022;CU;COBRE;µg/L Cu;19;1,9;705332;4207772;70042;TERCIARIO DE TORREVIEJA;Torrevieja;ALICANTE;748;TERCIARIO DE TORREVIEJA;TERCIARIO DE TORREVIEJA;320;Comunidad Valenciana
CA0748001;13/01/2022;DCB-M;1,3-diclorobenceno (m-diclorobenceno);µg/L;0;< 1,0;705332;4207772;70042;TERCIARIO DE TORREVIEJA;Torrevieja;ALICANTE;748;TERCIARIO DE TORREVIEJA;TERCIARIO DE TORREVIEJA;320;Comunidad Valenciana
CA0748001;13/01/2022;DCB-P;1,4-diclorobenceno (p-diclorobenceno);µg/L;0;< 1,0;705332;4207772;70042;TERCIARIO DE TORREVIEJA;Torrevieja;ALICANTE;748;TERCIARIO DE TORREVIEJA;TERCIARIO DE TORREVIEJA;320;Comunidad Valenciana
CA0748001;13/01/2022;DCE;1,2-dicloroetano (EDC, cloruro de etileno);µg/L;0;< 1,0;705332;4207772;70042;TERCIARIO DE TORREVIEJA;Torrevieja;ALICANTE;748;TERCIARIO DE TORREVIEJA;TERCIARIO DE TORREVIEJA;320;Comunidad Valenciana
CA0748001;13/01/2022;DICLETE-CIS;CIS-1,2-DICLOROETENO;µg/L;0;< 1,0;705332;4207772;70042;TERCIARIO DE TORREVIEJA;Torrevieja;ALICANTE;748;TERCIARIO DE TORREVIEJA;TERCIARIO DE TORREVIEJA;320;Comunidad Valenciana
CA0748001;13/01/2022;DQO;DQO o Demanda Química de Oxígeno;mg/L O2;0;< 15;705332;4207772;70042;TERCIARIO DE TORREVIEJA;Torrevieja;ALICANTE;748;TERCIARIO DE TORREVIEJA;TERCIARIO DE TORREVIEJA;320;Comunidad Valenciana
CA0748001;13/01/2022;ETBENCENO;Etilbenceno;µg/L;0;< 1,0;705332;4207772;70042;TERCIARIO DE TORREVIEJA;Torrevieja;ALICANTE;748;TERCIARIO DE TORREVIEJA;TERCIARIO DE TORREVIEJA;320;Comunidad Valenciana
CA0748001;13/01/2022;FE;HIERRO;µg/L;0;< 50;705332;4207772;70042;TERCIARIO DE TORREVIEJA;Torrevieja;ALICANTE;748;TERCIARIO DE TORREVIEJA;TERCIARIO DE TORREVIEJA;320;Comunidad Valenciana
CA0748001;13/01/2022;HCBD;Hexaclorobutadieno (HCBD, Hexacloro-1,3-Butadieno);µg/L;0;< 0,060;705332;4207772;70042;TERCIARIO DE TORREVIEJA;Torrevieja;ALICANTE;748;TERCIARIO DE TORREVIEJA;TERCIARIO DE TORREVIEJA;320;Comunidad Valenciana
CA0748001;13/01/2022;HG;MERCURIO;µg/L Hg;0;< 0,045;705332;4207772;70042;TERCIARIO DE TORREVIEJA;Torrevieja;ALICANTE;748;TERCIARIO DE TORREVIEJA;TERCIARIO DE TORREVIEJA;320;Comunidad Valenciana
CA0748001;13/01/2022;ISOPROPB;Isopropilbenceno (cumeno);µg/L;0;< 1,0;705332;4207772;70042;TERCIARIO DE TORREVIEJA;Torrevieja;ALICANTE;748;TERCIARIO DE TORREVIEJA;TERCIARIO DE TORREVIEJA;320;Comunidad Valenciana
CA0748001;13/01/2022;ISOPROPILTO;4-ISOPROPILTOLUENO;µg/L;0;< 1,0;705332;4207772;70042;TERCIARIO DE TORREVIEJA;Torrevieja;ALICANTE;748;TERCIARIO DE TORREVIEJA;TERCIARIO DE TORREVIEJA;320;Comunidad Valenciana
CA0748001;13/01/2022;K;POTASIO;mg/L K;47;4,7;705332;4207772;70042;TERCIARIO DE TORREVIEJA;Torrevieja;ALICANTE;748;TERCIARIO DE TORREVIEJA;TERCIARIO DE TORREVIEJA;320;Comunidad Valenciana
CA0748001;13/01/2022;MCB;Clorobenceno (monoclorobenceno);µg/L;0;< 1,0;705332;4207772;70042;TERCIARIO DE TORREVIEJA;Torrevieja;ALICANTE;748;TERCIARIO DE TORREVIEJA;TERCIARIO DE TORREVIEJA;320;Comunidad Valenciana
CA0748001;13/01/2022;MG;MAGNESIO;mg/L Mg;270;27;705332;4207772;70042;TERCIARIO DE TORREVIEJA;Torrevieja;ALICANTE;748;TERCIARIO DE TORREVIEJA;TERCIARIO DE TORREVIEJA;320;Comunidad Valenciana
CA0748001;13/01/2022;MN;MANGANESO;µg/L Mn;0;< 5,0;705332;4207772;70042;TERCIARIO DE TORREVIEJA;Torrevieja;ALICANTE;748;TERCIARIO DE TORREVIEJA;TERCIARIO DE TORREVIEJA;320;Comunidad Valenciana
CA0748001;13/01/2022;;SODIO;mg/L Na;1460;146;705332;4207772;70042;TERCIARIO DE TORREVIEJA;Torrevieja;ALICANTE;748;TERCIARIO DE TORREVIEJA;TERCIARIO DE TORREVIEJA;320;Comunidad Valenciana
CA0748001;13/01/2022;NAFTALENO;Naftaleno (naftalina);µg/L;0;< 0,30;705332;4207772;70042;TERCIARIO DE TORREVIEJA;Torrevieja;ALICANTE;748;TERCIARIO DE TORREVIEJA;TERCIARIO DE TORREVIEJA;320;Comunidad Valenciana
CA0748001;13/01/2022;N-BUB;N-BUTILBENCENO;µg/L;0;< 1,0;705332;4207772;70042;TERCIARIO DE TORREVIEJA;Torrevieja;ALICANTE;748;TERCIARIO DE TORREVIEJA;TERCIARIO DE TORREVIEJA;320;Comunidad Valenciana
CA0748001;13/01/2022;NH4;AMONIO;mg/L NH4;0;< 0,05;705332;4207772;70042;TERCIARIO DE TORREVIEJA;Torrevieja;ALICANTE;748;TERCIARIO DE TORREVIEJA;TERCIARIO DE TORREVIEJA;320;Comunidad Valenciana
CA0748001;13/01/2022;NI;NIQUEL;µg/L Ni;88;0,88;705332;4207772;70042;TERCIARIO DE TORREVIEJA;Torrevieja;ALICANTE;748;TERCIARIO DE TORREVIEJA;TERCIARIO DE TORREVIEJA;320;Comunidad Valenciana
CA0748001;13/01/2022;NO2;Nitritos;mg/L NO2;0;< 0,02;705332;4207772;70042;TERCIARIO DE TORREVIEJA;Torrevieja;ALICANTE;748;TERCIARIO DE TORREVIEJA;TERCIARIO DE TORREVIEJA;320;Comunidad Valenciana
CA0748001;13/01/2022;NO3;Nitratos;mg/L NO3;670;67;705332;4207772;70042;TERCIARIO DE TORREVIEJA;Torrevieja;ALICANTE;748;TERCIARIO DE TORREVIEJA;TERCIARIO DE TORREVIEJA;320;Comunidad Valenciana
CA0748001;13/01/2022;N-PROPILB;N-PROPILBENCENO;µg/L;0;< 1,0;705332;4207772;70042;TERCIARIO DE TORREVIEJA;Torrevieja;ALICANTE;748;TERCIARIO DE TORREVIEJA;TERCIARIO DE TORREVIEJA;320;Comunidad Valenciana
CA0748001;13/01/2022;NTOTAL;Nitrógeno total;mg/L N;140;14;705332;4207772;70042;TERCIARIO DE TORREVIEJA;Torrevieja;ALICANTE;748;TERCIARIO DE TORREVIEJA;TERCIARIO DE TORREVIEJA;320;Comunidad Valenciana
CA0748001;13/01/2022;O2 DTO;Oxigeno disuelto de campo (medida in situ);mg/L O2;908;9,08;705332;4207772;70042;TERCIARIO DE TORREVIEJA;Torrevieja;ALICANTE;748;TERCIARIO DE TORREVIEJA;TERCIARIO DE TORREVIEJA;320;Comunidad Valenciana
CA0748001;13/01/2022;O-DICLORO;1,2-diclorobenceno (o-diclorobenceno);µg/L;0;< 1,0;705332;4207772;70042;TERCIARIO DE TORREVIEJA;Torrevieja;ALICANTE;748;TERCIARIO DE TORREVIEJA;TERCIARIO DE TORREVIEJA;320;Comunidad Valenciana
CA0748001;13/01/2022;PAHEST;Estireno (etenilbenceno);µg/L;0;< 1,0;705332;4207772;70042;TERCIARIO DE TORREVIEJA;Torrevieja;ALICANTE;748;TERCIARIO DE TORREVIEJA;TERCIARIO DE TORREVIEJA;320;Comunidad Valenciana
CA0748001;13/01/2022;PB;PLOMO;µg/L Pb;0;< 0,30;705332;4207772;70042;TERCIARIO DE TORREVIEJA;Torrevieja;ALICANTE;748;TERCIARIO DE TORREVIEJA;TERCIARIO DE TORREVIEJA;320;Comunidad Valenciana
CA0748001;13/01/2022;PER;Tetracloroetileno (PER, Percloroetileno);µg/L;0;< 1,0;705332;4207772;70042;TERCIARIO DE TORREVIEJA;Torrevieja;ALICANTE;748;TERCIARIO DE TORREVIEJA;TERCIARIO DE TORREVIEJA;320;Comunidad Valenciana
CA0748001;13/01/2022;PHSITU;pH de campo (medida in situ);udpH;834;8,34 (19.5ºC);705332;4207772;70042;TERCIARIO DE TORREVIEJA;Torrevieja;ALICANTE;748;TERCIARIO DE TORREVIEJA;TERCIARIO DE TORREVIEJA;320;Comunidad Valenciana
CA0748001;13/01/2022;PO4;Fosfatos;mg/L PO4;1;0,1;705332;4207772;70042;TERCIARIO DE TORREVIEJA;Torrevieja;ALICANTE;748;TERCIARIO DE TORREVIEJA;TERCIARIO DE TORREVIEJA;320;Comunidad Valenciana
CA0748001;13/01/2022;PTOTAL;FOSFORO TOTAL;mg/L P;0;< 0,05;705332;4207772;70042;TERCIARIO DE TORREVIEJA;Torrevieja;ALICANTE;748;TERCIARIO DE TORREVIEJA;TERCIARIO DE TORREVIEJA;320;Comunidad Valenciana
CA0748001;13/01/2022;SATINSI;Porcentaje de saturación de oxígeno disuelto de campo (medido in situ);% O2;972;97,2;705332;4207772;70042;TERCIARIO DE TORREVIEJA;Torrevieja;ALICANTE;748;TERCIARIO DE TORREVIEJA;TERCIARIO DE TORREVIEJA;320;Comunidad Valenciana
CA0748001;13/01/2022;SE;SELENIO;µg/L Se;26;2,6;705332;4207772;70042;TERCIARIO DE TORREVIEJA;Torrevieja;ALICANTE;748;TERCIARIO DE TORREVIEJA;TERCIARIO DE TORREVIEJA;320;Comunidad Valenciana
CA0748001;13/01/2022;SECBUTB;SEC-BUTILBENCENO;µg/L;0;< 1,0;705332;4207772;70042;TERCIARIO DE TORREVIEJA;Torrevieja;ALICANTE;748;TERCIARIO DE TORREVIEJA;TERCIARIO DE TORREVIEJA;320;Comunidad Valenciana
CA0748001;13/01/2022;SUMAXILENO;Xileno (dimetilbenceno) (suma o-, m- y p-xileno);µg/L;0;< 3,0;705332;4207772;70042;TERCIARIO DE TORREVIEJA;Torrevieja;ALICANTE;748;TERCIARIO DE TORREVIEJA;TERCIARIO DE TORREVIEJA;320;Comunidad Valenciana
CA0748001;13/01/2022;SUMDCB;Diclorobenceno (suma isómeros);µg/L;0;< 3,0;705332;4207772;70042;TERCIARIO DE TORREVIEJA;Torrevieja;ALICANTE;748;TERCIARIO DE TORREVIEJA;TERCIARIO DE TORREVIEJA;320;Comunidad Valenciana
CA0748001;13/01/2022;SUMTCBEN;"Triclorobenceno (suma isómeros 1,2,3-; 1,2,4- y 1,3,5- TCB)";µg/L;0;< 0,18;705332;4207772;70042;TERCIARIO DE TORREVIEJA;Torrevieja;ALICANTE;748;TERCIARIO DE TORREVIEJA;TERCIARIO DE TORREVIEJA;320;Comunidad Valenciana
CA0748001;13/01/2022;SUO4;Sulfatos;mg/L SO4;910;91;705332;4207772;70042;TERCIARIO DE TORREVIEJA;Torrevieja;ALICANTE;748;TERCIARIO DE TORREVIEJA;TERCIARIO DE TORREVIEJA;320;Comunidad Valenciana
CA0748001;13/01/2022;TAGUA;"TEMPERATURA ""IN SITU""";ºC;195;19,5;705332;4207772;70042;TERCIARIO DE TORREVIEJA;Torrevieja;ALICANTE;748;TERCIARIO DE TORREVIEJA;TERCIARIO DE TORREVIEJA;320;Comunidad Valenciana
CA0748001;13/01/2022;TBUTB;TERC-BUTILBENCENO;µg/L;0;< 1,0;705332;4207772;70042;TERCIARIO DE TORREVIEJA;Torrevieja;ALICANTE;748;TERCIARIO DE TORREVIEJA;TERCIARIO DE TORREVIEJA;320;Comunidad Valenciana
CA0748001;13/01/2022;TCB123;1,2,3-Triclorobenceno;µg/L;0;< 0,060;705332;4207772;70042;TERCIARIO DE TORREVIEJA;Torrevieja;ALICANTE;748;TERCIARIO DE TORREVIEJA;TERCIARIO DE TORREVIEJA;320;Comunidad Valenciana
CA0748001;13/01/2022;TCB124;1,2,4-Triclorobenceno;µg/L;0;< 0,060;705332;4207772;70042;TERCIARIO DE TORREVIEJA;Torrevieja;ALICANTE;748;TERCIARIO DE TORREVIEJA;TERCIARIO DE TORREVIEJA;320;Comunidad Valenciana
CA0748001;13/01/2022;TCB135;1,3,5-Triclorobenceno;µg/L;0;< 0,060;705332;4207772;70042;TERCIARIO DE TORREVIEJA;Torrevieja;ALICANTE;748;TERCIARIO DE TORREVIEJA;TERCIARIO DE TORREVIEJA;320;Comunidad Valenciana
CA0748001;13/01/2022;TCE;1,1,1-TRICLOROETANO;µg/L;0;< 1,0;705332;4207772;70042;TERCIARIO DE TORREVIEJA;Torrevieja;ALICANTE;748;TERCIARIO DE TORREVIEJA;TERCIARIO DE TORREVIEJA;320;Comunidad Valenciana
CA0748001;13/01/2022;TETRA;Tetracloruro de carbono (Tetraclorometano, Perclorometano);µg/L;0;< 1,0;705332;4207772;70042;TERCIARIO DE TORREVIEJA;Torrevieja;ALICANTE;748;TERCIARIO DE TORREVIEJA;TERCIARIO DE TORREVIEJA;320;Comunidad Valenciana
CA0748001;13/01/2022;TETRTRI;Tricloroetileno + Tetracloroetileno (Percloroetileno);µg/L;0;< 2,0;705332;4207772;70042;TERCIARIO DE TORREVIEJA;Torrevieja;ALICANTE;748;TERCIARIO DE TORREVIEJA;TERCIARIO DE TORREVIEJA;320;Comunidad Valenciana
CA0748001;13/01/2022;THMBR;DIBROMOMETANO;µg/L;0;< 1,0;705332;4207772;70042;TERCIARIO DE TORREVIEJA;Torrevieja;ALICANTE;748;TERCIARIO DE TORREVIEJA;TERCIARIO DE TORREVIEJA;320;Comunidad Valenciana
CA0748001;13/01/2022;THMBR2CL;Bromodiclorometano;µg/l;0;< 1,0;705332;4207772;70042;TERCIARIO DE TORREVIEJA;Torrevieja;ALICANTE;748;TERCIARIO DE TORREVIEJA;TERCIARIO DE TORREVIEJA;320;Comunidad Valenciana
CA0748001;13/01/2022;THMBRCL;BROMOCLOROMETANO;µg/L;0;< 1,0;705332;4207772;70042;TERCIARIO DE TORREVIEJA;Torrevieja;ALICANTE;748;TERCIARIO DE TORREVIEJA;TERCIARIO DE TORREVIEJA;320;Comunidad Valenciana
CA0748001;13/01/2022;THMBRCL2;DIBROMOCLOROMETANO (Trihalometanos);µg/L;0;< 1,0;705332;4207772;70042;TERCIARIO DE TORREVIEJA;Torrevieja;ALICANTE;748;TERCIARIO DE TORREVIEJA;TERCIARIO DE TORREVIEJA;320;Comunidad Valenciana
CA0748001;13/01/2022;THMBRF;BROMOFORMO;µg/L;0;< 1,0;705332;4207772;70042;TERCIARIO DE TORREVIEJA;Torrevieja;ALICANTE;748;TERCIARIO DE TORREVIEJA;TERCIARIO DE TORREVIEJA;320;Comunidad Valenciana
CA0748001;13/01/2022;THMDCM;DICLOROMETANO;µg/L;0;< 20;705332;4207772;70042;TERCIARIO DE TORREVIEJA;Torrevieja;ALICANTE;748;TERCIARIO DE TORREVIEJA;TERCIARIO DE TORREVIEJA;320;Comunidad Valenciana
CA0748001;13/01/2022;TMB1;1,2,4-trimetilbenceno;µg/l;0;< 1,0;705332;4207772;70042;TERCIARIO DE TORREVIEJA;Torrevieja;ALICANTE;748;TERCIARIO DE TORREVIEJA;TERCIARIO DE TORREVIEJA;320;Comunidad Valenciana
CA0748001;13/01/2022;TMB2;1,3,5-TRIMETILBENCENO;µg/L;0;< 1,0;705332;4207772;70042;TERCIARIO DE TORREVIEJA;Torrevieja;ALICANTE;748;TERCIARIO DE TORREVIEJA;TERCIARIO DE TORREVIEJA;320;Comunidad Valenciana
CA0748001;13/01/2022;TOL;Tolueno (Metilbenceno);µg/L;0;< 1,0;705332;4207772;70042;TERCIARIO DE TORREVIEJA;Torrevieja;ALICANTE;748;TERCIARIO DE TORREVIEJA;TERCIARIO DE TORREVIEJA;320;Comunidad Valenciana
CA0748001;13/01/2022;TRICLOET;Tricloroetileno (TRI);µg/L;0;< 1,0;705332;4207772;70042;TERCIARIO DE TORREVIEJA;Torrevieja;ALICANTE;748;TERCIARIO DE TORREVIEJA;TERCIARIO DE TORREVIEJA;320;Comunidad Valenciana
CA0748001;13/01/2022;XILM+P;SUMA M+P XILENO;µg/L;0;< 2,0;705332;4207772;70042;TERCIARIO DE TORREVIEJA;Torrevieja;ALICANTE;748;TERCIARIO DE TORREVIEJA;TERCIARIO DE TORREVIEJA;320;Comunidad Valenciana
CA0748001;13/01/2022;XIL-O;O-XILENO;µg/L;0;< 1,0;705332;4207772;70042;TERCIARIO DE TORREVIEJA;Torrevieja;ALICANTE;748;TERCIARIO DE TORREVIEJA;TERCIARIO DE TORREVIEJA;320;Comunidad Valenciana
CA0748001;13/01/2022;ZN;ZINC;µg/l Zn;760;76;705332;4207772;70042;TERCIARIO DE TORREVIEJA;Torrevieja;ALICANTE;748;TERCIARIO DE TORREVIEJA;TERCIARIO DE TORREVIEJA;320;Comunidad Valenciana
CA0748001;18/05/2022;12DIBR;1,2-DIBROMOETANO;µg/L;0;< 1,0;705332;4207772;70042;TERCIARIO DE TORREVIEJA;Torrevieja;ALICANTE;748;TERCIARIO DE TORREVIEJA;TERCIARIO DE TORREVIEJA;320;Comunidad Valenciana
CA0748001;18/05/2022;2BR2CLPRO;1,2-DIBROMO-3-CLOROPROPANO;µg/L;0;< 2,0;705332;4207772;70042;TERCIARIO DE TORREVIEJA;Torrevieja;ALICANTE;748;TERCIARIO DE TORREVIEJA;TERCIARIO DE TORREVIEJA;320;Comunidad Valenciana
CA0748001;18/05/2022;2CLETA;1,1-DICLOROETANO;µg/L;0;< 1,0;705332;4207772;70042;TERCIARIO DE TORREVIEJA;Torrevieja;ALICANTE;748;TERCIARIO DE TORREVIEJA;TERCIARIO DE TORREVIEJA;320;Comunidad Valenciana
CA0748001;18/05/2022;2CLETE;1,1-DICLOROETENO;µg/L;0;< 1,0;705332;4207772;70042;TERCIARIO DE TORREVIEJA;Torrevieja;ALICANTE;748;TERCIARIO DE TORREVIEJA;TERCIARIO DE TORREVIEJA;320;Comunidad Valenciana
CA0748001;18/05/2022;2CLETE2;1,2-DICLOROETENO;µg/L;0;< 2,0;705332;4207772;70042;TERCIARIO DE TORREVIEJA;Torrevieja;ALICANTE;748;TERCIARIO DE TORREVIEJA;TERCIARIO DE TORREVIEJA;320;Comunidad Valenciana
CA0748001;18/05/2022;2CLETEN;TRANS-1,2-DICLOROETENO;µg/L;0;< 1,0;705332;4207772;70042;TERCIARIO DE TORREVIEJA;Torrevieja;ALICANTE;748;TERCIARIO DE TORREVIEJA;TERCIARIO DE TORREVIEJA;320;Comunidad Valenciana
CA0748001;18/05/2022;2CLPRO;1,3-DICLOROPROPANO;µg/L;0;< 1,0;705332;4207772;70042;TERCIARIO DE TORREVIEJA;Torrevieja;ALICANTE;748;TERCIARIO DE TORREVIEJA;TERCIARIO DE TORREVIEJA;320;Comunidad Valenciana
CA0748001;18/05/2022;2CLPROCIS;CIS-1,3-DICLOROPROPENO;µg/L;0;< 1,0;705332;4207772;70042;TERCIARIO DE TORREVIEJA;Torrevieja;ALICANTE;748;TERCIARIO DE TORREVIEJA;TERCIARIO DE TORREVIEJA;320;Comunidad Valenciana
CA0748001;18/05/2022;2CLPROPA;1,2-DICLOROPROPANO;µg/L;0;< 1,0;705332;4207772;70042;TERCIARIO DE TORREVIEJA;Torrevieja;ALICANTE;748;TERCIARIO DE TORREVIEJA;TERCIARIO DE TORREVIEJA;320;Comunidad Valenciana
CA0748001;18/05/2022;2CLPROPA2;2,2-DICLOROPROPANO;µg/L;0;< 1,0;705332;4207772;70042;TERCIARIO DE TORREVIEJA;Torrevieja;ALICANTE;748;TERCIARIO DE TORREVIEJA;TERCIARIO DE TORREVIEJA;320;Comunidad Valenciana
CA0748001;18/05/2022;2CLPROPE;1,1-DICLOROPROPENO;µg/L;0;< 1,0;705332;4207772;70042;TERCIARIO DE TORREVIEJA;Torrevieja;ALICANTE;748;TERCIARIO DE TORREVIEJA;TERCIARIO DE TORREVIEJA;320;Comunidad Valenciana
CA0748001;18/05/2022;2CLPROPE2;TRANS-1,3-DICLOROPROPENO;µg/L;0;< 1,0;705332;4207772;70042;TERCIARIO DE TORREVIEJA;Torrevieja;ALICANTE;748;TERCIARIO DE TORREVIEJA;TERCIARIO DE TORREVIEJA;320;Comunidad Valenciana
CA0748001;18/05/2022;3CLETA;1,1,2-TRICLOROETANO;µg/L;0;< 1,0;705332;4207772;70042;TERCIARIO DE TORREVIEJA;Torrevieja;ALICANTE;748;TERCIARIO DE TORREVIEJA;TERCIARIO DE TORREVIEJA;320;Comunidad Valenciana
CA0748001;18/05/2022;3CLPRO;1,2,3-TRICLOROPROPANO;µg/L;0;< 1,0;705332;4207772;70042;TERCIARIO DE TORREVIEJA;Torrevieja;ALICANTE;748;TERCIARIO DE TORREVIEJA;TERCIARIO DE TORREVIEJA;320;Comunidad Valenciana
CA0748001;18/05/2022;4CLETA;1,1,1,2-TETRACLOROETANO;µg/L;0;< 1,0;705332;4207772;70042;TERCIARIO DE TORREVIEJA;Torrevieja;ALICANTE;748;TERCIARIO DE TORREVIEJA;TERCIARIO DE TORREVIEJA;320;Comunidad Valenciana
CA0748001;18/05/2022;4CLETA2;1,1,2,2-TETRACLOROETANO;µg/L;0;< 1,0;705332;4207772;70042;TERCIARIO DE TORREVIEJA;Torrevieja;ALICANTE;748;TERCIARIO DE TORREVIEJA;TERCIARIO DE TORREVIEJA;320;Comunidad Valenciana
CA0748001;18/05/2022;6CLET;HEXACLOROETANO;µg/L;0;< 1,0;705332;4207772;70042;TERCIARIO DE TORREVIEJA;Torrevieja;ALICANTE;748;TERCIARIO DE TORREVIEJA;TERCIARIO DE TORREVIEJA;320;Comunidad Valenciana
CA0748001;18/05/2022;ACLONIFE;ACLONIFENO;µg/L;0;< 0,00200;705332;4207772;70042;TERCIARIO DE TORREVIEJA;Torrevieja;ALICANTE;748;TERCIARIO DE TORREVIEJA;TERCIARIO DE TORREVIEJA;320;Comunidad Valenciana
CA0748001;18/05/2022;ALACLORO;ALACLORO;µg/L;0;< 0,01000;705332;4207772;70042;TERCIARIO DE TORREVIEJA;Torrevieja;ALICANTE;748;TERCIARIO DE TORREVIEJA;TERCIARIO DE TORREVIEJA;320;Comunidad Valenciana
CA0748001;18/05/2022;ALDRIN;ALDRINA;µg/L;0;< 0,00025;705332;4207772;70042;TERCIARIO DE TORREVIEJA;Torrevieja;ALICANTE;748;TERCIARIO DE TORREVIEJA;TERCIARIO DE TORREVIEJA;320;Comunidad Valenciana
CA0748001;18/05/2022;AS;ARSENICO;µg/L As;0;< 5,0;705332;4207772;70042;TERCIARIO DE TORREVIEJA;Torrevieja;ALICANTE;748;TERCIARIO DE TORREVIEJA;TERCIARIO DE TORREVIEJA;320;Comunidad Valenciana
CA0748001;18/05/2022;ATRAZINA;ATRAZINA;µg/L;0;< 0,010;705332;4207772;70042;TERCIARIO DE TORREVIEJA;Torrevieja;ALICANTE;748;TERCIARIO DE TORREVIEJA;TERCIARIO DE TORREVIEJA;320;Comunidad Valenciana
CA0748001;18/05/2022;B;BORO;µg/L B;3100;310;705332;4207772;70042;TERCIARIO DE TORREVIEJA;Torrevieja;ALICANTE;748;TERCIARIO DE TORREVIEJA;TERCIARIO DE TORREVIEJA;320;Comunidad Valenciana
CA0748001;18/05/2022;BENCENO;BENCENO;µg/L;0;< 0,30;705332;4207772;70042;TERCIARIO DE TORREVIEJA;Torrevieja;ALICANTE;748;TERCIARIO DE TORREVIEJA;TERCIARIO DE TORREVIEJA;320;Comunidad Valenciana
CA0748001;18/05/2022;BICARB;BICARBONATOS;mg/L HCO3-;1820;182;705332;4207772;70042;TERCIARIO DE TORREVIEJA;Torrevieja;ALICANTE;748;TERCIARIO DE TORREVIEJA;TERCIARIO DE TORREVIEJA;320;Comunidad Valenciana
CA0748001;18/05/2022;BIFEN;BIFENOX;µg/L;0;< 0,00120;705332;4207772;70042;TERCIARIO DE TORREVIEJA;Torrevieja;ALICANTE;748;TERCIARIO DE TORREVIEJA;TERCIARIO DE TORREVIEJA;320;Comunidad Valenciana
CA0748001;18/05/2022;BRB;BROMOBENCENO;µg/L;0;< 1,0;705332;4207772;70042;TERCIARIO DE TORREVIEJA;Torrevieja;ALICANTE;748;TERCIARIO DE TORREVIEJA;TERCIARIO DE TORREVIEJA;320;Comunidad Valenciana
CA0748001;18/05/2022;BRFOSETIL;BROMOFOS ETIL;µg/L;0;< 0,0100;705332;4207772;70042;TERCIARIO DE TORREVIEJA;Torrevieja;ALICANTE;748;TERCIARIO DE TORREVIEJA;TERCIARIO DE TORREVIEJA;320;Comunidad Valenciana
CA0748001;18/05/2022;CA;CALCIO;mg/L Ca;600;60;705332;4207772;70042;TERCIARIO DE TORREVIEJA;Torrevieja;ALICANTE;748;TERCIARIO DE TORREVIEJA;TERCIARIO DE TORREVIEJA;320;Comunidad Valenciana
CA0748001;18/05/2022;CD;CADMIO;µg/L Cd;0;< 0,02;705332;4207772;70042;TERCIARIO DE TORREVIEJA;Torrevieja;ALICANTE;748;TERCIARIO DE TORREVIEJA;TERCIARIO DE TORREVIEJA;320;Comunidad Valenciana
CA0748001;18/05/2022;CIB;CIBUTRINA;µg/L;0;< 0,002;705332;4207772;70042;TERCIARIO DE TORREVIEJA;Torrevieja;ALICANTE;748;TERCIARIO DE TORREVIEJA;TERCIARIO DE TORREVIEJA;320;Comunidad Valenciana
CA0748001;18/05/2022;CL;Cloruros;mg/L Cl;2820;282;705332;4207772;70042;TERCIARIO DE TORREVIEJA;Torrevieja;ALICANTE;748;TERCIARIO DE TORREVIEJA;TERCIARIO DE TORREVIEJA;320;Comunidad Valenciana
CA0748001;18/05/2022;CLF;Cloroformo (Triclorometano);µg/L;47;4,7;705332;4207772;70042;TERCIARIO DE TORREVIEJA;Torrevieja;ALICANTE;748;TERCIARIO DE TORREVIEJA;TERCIARIO DE TORREVIEJA;320;Comunidad Valenciana
CA0748001;18/05/2022;CLOROFENVINFOS;Clorfenvinfos;µg/L;0;< 0,0100;705332;4207772;70042;TERCIARIO DE TORREVIEJA;Torrevieja;ALICANTE;748;TERCIARIO DE TORREVIEJA;TERCIARIO DE TORREVIEJA;320;Comunidad Valenciana
CA0748001;18/05/2022;CLOROPIRIFOS;Clorpirifos;µg/L;0;< 0,0050;705332;4207772;70042;TERCIARIO DE TORREVIEJA;Torrevieja;ALICANTE;748;TERCIARIO DE TORREVIEJA;TERCIARIO DE TORREVIEJA;320;Comunidad Valenciana
CA0748001;18/05/2022;CLORPIRIPME;CLOROPIRIFOS-METIL;µg/L;0;< 0,0100;705332;4207772;70042;TERCIARIO DE TORREVIEJA;Torrevieja;ALICANTE;748;TERCIARIO DE TORREVIEJA;TERCIARIO DE TORREVIEJA;320;Comunidad Valenciana
CA0748001;18/05/2022;CLTO2;4-CLOROTOLUENO;µg/L;0;< 1,0;705332;4207772;70042;TERCIARIO DE TORREVIEJA;Torrevieja;ALICANTE;748;TERCIARIO DE TORREVIEJA;TERCIARIO DE TORREVIEJA;320;Comunidad Valenciana
CA0748001;18/05/2022;CLTOL;2-CLOROTOLUENO;µg/L;0;< 1,0;705332;4207772;70042;TERCIARIO DE TORREVIEJA;Torrevieja;ALICANTE;748;TERCIARIO DE TORREVIEJA;TERCIARIO DE TORREVIEJA;320;Comunidad Valenciana
CA0748001;18/05/2022;CN;CIANUROS TOTALES;µg/L CN;0;<10;705332;4207772;70042;TERCIARIO DE TORREVIEJA;Torrevieja;ALICANTE;748;TERCIARIO DE TORREVIEJA;TERCIARIO DE TORREVIEJA;320;Comunidad Valenciana
CA0748001;18/05/2022;COND20SITU;Conductividad de campo (medida in situ);µS/cm;12530;1253;705332;4207772;70042;TERCIARIO DE TORREVIEJA;Torrevieja;ALICANTE;748;TERCIARIO DE TORREVIEJA;TERCIARIO DE TORREVIEJA;320;Comunidad Valenciana
CA0748001;18/05/2022;CR;CROMO;µg/L Cr;0;< 0,80;705332;4207772;70042;TERCIARIO DE TORREVIEJA;Torrevieja;ALICANTE;748;TERCIARIO DE TORREVIEJA;TERCIARIO DE TORREVIEJA;320;Comunidad Valenciana
CA0748001;18/05/2022;CU;COBRE;µg/L Cu;98;0,98;705332;4207772;70042;TERCIARIO DE TORREVIEJA;Torrevieja;ALICANTE;748;TERCIARIO DE TORREVIEJA;TERCIARIO DE TORREVIEJA;320;Comunidad Valenciana
CA0748001;18/05/2022;DCB-M;1,3-diclorobenceno (m-diclorobenceno);µg/L;0;< 1,0;705332;4207772;70042;TERCIARIO DE TORREVIEJA;Torrevieja;ALICANTE;748;TERCIARIO DE TORREVIEJA;TERCIARIO DE TORREVIEJA;320;Comunidad Valenciana
CA0748001;18/05/2022;DCB-P;1,4-diclorobenceno (p-diclorobenceno);µg/L;0;< 1,0;705332;4207772;70042;TERCIARIO DE TORREVIEJA;Torrevieja;ALICANTE;748;TERCIARIO DE TORREVIEJA;TERCIARIO DE TORREVIEJA;320;Comunidad Valenciana
CA0748001;18/05/2022;DCE;1,2-dicloroetano (EDC, cloruro de etileno);µg/L;0;< 1,0;705332;4207772;70042;TERCIARIO DE TORREVIEJA;Torrevieja;ALICANTE;748;TERCIARIO DE TORREVIEJA;TERCIARIO DE TORREVIEJA;320;Comunidad Valenciana
CA0748001;18/05/2022;DCV;DICLORVOS;µg/L;0;< 0,0006;705332;4207772;70042;TERCIARIO DE TORREVIEJA;Torrevieja;ALICANTE;748;TERCIARIO DE TORREVIEJA;TERCIARIO DE TORREVIEJA;320;Comunidad Valenciana
CA0748001;18/05/2022;DDDPP;P,P'-DDD;µg/L;0;< 0,00025;705332;4207772;70042;TERCIARIO DE TORREVIEJA;Torrevieja;ALICANTE;748;TERCIARIO DE TORREVIEJA;TERCIARIO DE TORREVIEJA;320;Comunidad Valenciana
CA0748001;18/05/2022;DDEPP;P,P'-DDE;µg/L;0;< 0,00025;705332;4207772;70042;TERCIARIO DE TORREVIEJA;Torrevieja;ALICANTE;748;TERCIARIO DE TORREVIEJA;TERCIARIO DE TORREVIEJA;320;Comunidad Valenciana
CA0748001;18/05/2022;DDTOP;O,P'-DDT;µg/L;0;< 0,00025;705332;4207772;70042;TERCIARIO DE TORREVIEJA;Torrevieja;ALICANTE;748;TERCIARIO DE TORREVIEJA;TERCIARIO DE TORREVIEJA;320;Comunidad Valenciana
CA0748001;18/05/2022;DDTPP;P,P'-DDT;µg/L;0;< 0,00025;705332;4207772;70042;TERCIARIO DE TORREVIEJA;Torrevieja;ALICANTE;748;TERCIARIO DE TORREVIEJA;TERCIARIO DE TORREVIEJA;320;Comunidad Valenciana
CA0748001;18/05/2022;DIAZINON;DIAZINON;µg/L;0;< 0,0100;705332;4207772;70042;TERCIARIO DE TORREVIEJA;Torrevieja;ALICANTE;748;TERCIARIO DE TORREVIEJA;TERCIARIO DE TORREVIEJA;320;Comunidad Valenciana
CA0748001;18/05/2022;DICLETE-CIS;CIS-1,2-DICLOROETENO;µg/L;0;< 1,0;705332;4207772;70042;TERCIARIO DE TORREVIEJA;Torrevieja;ALICANTE;748;TERCIARIO DE TORREVIEJA;TERCIARIO DE TORREVIEJA;320;Comunidad Valenciana
CA0748001;18/05/2022;DICOFOL;DICOFOL (P,P'-DICOFOL);µg/L;0;< 0,00039;705332;4207772;70042;TERCIARIO DE TORREVIEJA;Torrevieja;ALICANTE;748;TERCIARIO DE TORREVIEJA;TERCIARIO DE TORREVIEJA;320;Comunidad Valenciana
CA0748001;18/05/2022;DIELDRIN;Dieldrin;µg/L;0;< 0,00015;705332;4207772;70042;TERCIARIO DE TORREVIEJA;Torrevieja;ALICANTE;748;TERCIARIO DE TORREVIEJA;TERCIARIO DE TORREVIEJA;320;Comunidad Valenciana
CA0748001;18/05/2022;DIURON;DIURON;µg/L;0;< 0,050;705332;4207772;70042;TERCIARIO DE TORREVIEJA;Torrevieja;ALICANTE;748;TERCIARIO DE TORREVIEJA;TERCIARIO DE TORREVIEJA;320;Comunidad Valenciana
CA0748001;18/05/2022;DQO;DQO o Demanda Química de Oxígeno;mg/L O2;0;< 15;705332;4207772;70042;TERCIARIO DE TORREVIEJA;Torrevieja;ALICANTE;748;TERCIARIO DE TORREVIEJA;TERCIARIO DE TORREVIEJA;320;Comunidad Valenciana
CA0748001;18/05/2022;ENDOS;ENDOSULFAN (SUMA ISOMEROS ALFA+BETA);µg/L;0;< 0,00005;705332;4207772;70042;TERCIARIO DE TORREVIEJA;Torrevieja;ALICANTE;748;TERCIARIO DE TORREVIEJA;TERCIARIO DE TORREVIEJA;320;Comunidad Valenciana
CA0748001;18/05/2022;ENDOSULFAN;ALFA-ENDOSULFAN;µg/L;0;< 0,00005;705332;4207772;70042;TERCIARIO DE TORREVIEJA;Torrevieja;ALICANTE;748;TERCIARIO DE TORREVIEJA;TERCIARIO DE TORREVIEJA;320;Comunidad Valenciana
CA0748001;18/05/2022;ENDOSULFAN-BETA;BETA-ENDOSULFAN;µg/L;0;< 0,00005;705332;4207772;70042;TERCIARIO DE TORREVIEJA;Torrevieja;ALICANTE;748;TERCIARIO DE TORREVIEJA;TERCIARIO DE TORREVIEJA;320;Comunidad Valenciana
CA0748001;18/05/2022;ENDRIN;ENDRINA;µg/L;0;< 0,00150;705332;4207772;70042;TERCIARIO DE TORREVIEJA;Torrevieja;ALICANTE;748;TERCIARIO DE TORREVIEJA;TERCIARIO DE TORREVIEJA;320;Comunidad Valenciana
CA0748001;18/05/2022;ENDRINCE;Endrin cetona;µg/L;0;< 0,00025;705332;4207772;70042;TERCIARIO DE TORREVIEJA;Torrevieja;ALICANTE;748;TERCIARIO DE TORREVIEJA;TERCIARIO DE TORREVIEJA;320;Comunidad Valenciana
CA0748001;18/05/2022;ETBENCENO;Etilbenceno;µg/L;0;< 1,0;705332;4207772;70042;TERCIARIO DE TORREVIEJA;Torrevieja;ALICANTE;748;TERCIARIO DE TORREVIEJA;TERCIARIO DE TORREVIEJA;320;Comunidad Valenciana
CA0748001;18/05/2022;ETPARATION;Paration (paration etilo);µg/L;0;< 0,0100;705332;4207772;70042;TERCIARIO DE TORREVIEJA;Torrevieja;ALICANTE;748;TERCIARIO DE TORREVIEJA;TERCIARIO DE TORREVIEJA;320;Comunidad Valenciana
CA0748001;18/05/2022;F;Fluoruros;µg/L;4100;410;705332;4207772;70042;TERCIARIO DE TORREVIEJA;Torrevieja;ALICANTE;748;TERCIARIO DE TORREVIEJA;TERCIARIO DE TORREVIEJA;320;Comunidad Valenciana
CA0748001;18/05/2022;FE;HIERRO;µg/L;0;< 50;705332;4207772;70042;TERCIARIO DE TORREVIEJA;Torrevieja;ALICANTE;748;TERCIARIO DE TORREVIEJA;TERCIARIO DE TORREVIEJA;320;Comunidad Valenciana
CA0748001;18/05/2022;FENCLORFOS;FENCLORFOS;µg/L;0;< 0,0100;705332;4207772;70042;TERCIARIO DE TORREVIEJA;Torrevieja;ALICANTE;748;TERCIARIO DE TORREVIEJA;TERCIARIO DE TORREVIEJA;320;Comunidad Valenciana
CA0748001;18/05/2022;FONO;FONOFOS;µg/L;0;< 0,0100;705332;4207772;70042;TERCIARIO DE TORREVIEJA;Torrevieja;ALICANTE;748;TERCIARIO DE TORREVIEJA;TERCIARIO DE TORREVIEJA;320;Comunidad Valenciana
CA0748001;18/05/2022;HCB;Hexaclorobenceno (HCB, Perclorobenceno);µg/L;0;< 0,00250;705332;4207772;70042;TERCIARIO DE TORREVIEJA;Torrevieja;ALICANTE;748;TERCIARIO DE TORREVIEJA;TERCIARIO DE TORREVIEJA;320;Comunidad Valenciana
CA0748001;18/05/2022;HCBD;Hexaclorobutadieno (HCBD, Hexacloro-1,3-Butadieno);µg/L;0;< 0,060;705332;4207772;70042;TERCIARIO DE TORREVIEJA;Torrevieja;ALICANTE;748;TERCIARIO DE TORREVIEJA;TERCIARIO DE TORREVIEJA;320;Comunidad Valenciana
CA0748001;18/05/2022;HCHALFA;ALFA-HCH;µg/L;0;< 0,00005;705332;4207772;70042;TERCIARIO DE TORREVIEJA;Torrevieja;ALICANTE;748;TERCIARIO DE TORREVIEJA;TERCIARIO DE TORREVIEJA;320;Comunidad Valenciana
CA0748001;18/05/2022;HCHBETA;BETA-HCH;µg/L;0;< 0,00015;705332;4207772;70042;TERCIARIO DE TORREVIEJA;Torrevieja;ALICANTE;748;TERCIARIO DE TORREVIEJA;TERCIARIO DE TORREVIEJA;320;Comunidad Valenciana
CA0748001;18/05/2022;HCHDELTA;DELTA-HCH;µg/L;0;< 0,00015;705332;4207772;70042;TERCIARIO DE TORREVIEJA;Torrevieja;ALICANTE;748;TERCIARIO DE TORREVIEJA;TERCIARIO DE TORREVIEJA;320;Comunidad Valenciana
CA0748001;18/05/2022;HEPTACL;Heptacloro;µg/L;0;< 0,00005;705332;4207772;70042;TERCIARIO DE TORREVIEJA;Torrevieja;ALICANTE;748;TERCIARIO DE TORREVIEJA;TERCIARIO DE TORREVIEJA;320;Comunidad Valenciana
CA0748001;18/05/2022;HEPTACLEPO;EPOXIDO DE HEPTACLORO;µg/L;0;< 0,00005;705332;4207772;70042;TERCIARIO DE TORREVIEJA;Torrevieja;ALICANTE;748;TERCIARIO DE TORREVIEJA;TERCIARIO DE TORREVIEJA;320;Comunidad Valenciana
CA0748001;18/05/2022;HG;MERCURIO;µg/L Hg;0;< 0,045;705332;4207772;70042;TERCIARIO DE TORREVIEJA;Torrevieja;ALICANTE;748;TERCIARIO DE TORREVIEJA;TERCIARIO DE TORREVIEJA;320;Comunidad Valenciana
CA0748001;18/05/2022;IMAZALIL;IMAZALIL;µg/L;0;< 0,030;705332;4207772;70042;TERCIARIO DE TORREVIEJA;Torrevieja;ALICANTE;748;TERCIARIO DE TORREVIEJA;TERCIARIO DE TORREVIEJA;320;Comunidad Valenciana
CA0748001;18/05/2022;ISODRIN;Isodrin;µg/L;0;< 0,00010;705332;4207772;70042;TERCIARIO DE TORREVIEJA;Torrevieja;ALICANTE;748;TERCIARIO DE TORREVIEJA;TERCIARIO DE TORREVIEJA;320;Comunidad Valenciana
CA0748001;18/05/2022;ISOPROPB;Isopropilbenceno (cumeno);µg/L;0;< 1,0;705332;4207772;70042;TERCIARIO DE TORREVIEJA;Torrevieja;ALICANTE;748;TERCIARIO DE TORREVIEJA;TERCIARIO DE TORREVIEJA;320;Comunidad Valenciana
CA0748001;18/05/2022;ISOPROPILTO;4-ISOPROPILTOLUENO;µg/L;0;< 1,0;705332;4207772;70042;TERCIARIO DE TORREVIEJA;Torrevieja;ALICANTE;748;TERCIARIO DE TORREVIEJA;TERCIARIO DE TORREVIEJA;320;Comunidad Valenciana
CA0748001;18/05/2022;ISOPROTURON;Isoproturón;µg/L;0;< 0,050;705332;4207772;70042;TERCIARIO DE TORREVIEJA;Torrevieja;ALICANTE;748;TERCIARIO DE TORREVIEJA;TERCIARIO DE TORREVIEJA;320;Comunidad Valenciana
CA0748001;18/05/2022;K;POTASIO;mg/L K;98;9,8;705332;4207772;70042;TERCIARIO DE TORREVIEJA;Torrevieja;ALICANTE;748;TERCIARIO DE TORREVIEJA;TERCIARIO DE TORREVIEJA;320;Comunidad Valenciana
CA0748001;18/05/2022;LIND;GAMMA-HCH (LINDANO);µg/L;0;< 0,00025;705332;4207772;70042;TERCIARIO DE TORREVIEJA;Torrevieja;ALICANTE;748;TERCIARIO DE TORREVIEJA;TERCIARIO DE TORREVIEJA;320;Comunidad Valenciana
CA0748001;18/05/2022;MCB;Clorobenceno (monoclorobenceno);µg/L;0;< 1,0;705332;4207772;70042;TERCIARIO DE TORREVIEJA;Torrevieja;ALICANTE;748;TERCIARIO DE TORREVIEJA;TERCIARIO DE TORREVIEJA;320;Comunidad Valenciana
CA0748001;18/05/2022;METOLACLORO;Metolacloro;µg/L;0;< 0,01000;705332;4207772;70042;TERCIARIO DE TORREVIEJA;Torrevieja;ALICANTE;748;TERCIARIO DE TORREVIEJA;TERCIARIO DE TORREVIEJA;320;Comunidad Valenciana
CA0748001;18/05/2022;METRIBUZINA;METRIBUZINA;µg/L;0;< 0,050;705332;4207772;70042;TERCIARIO DE TORREVIEJA;Torrevieja;ALICANTE;748;TERCIARIO DE TORREVIEJA;TERCIARIO DE TORREVIEJA;320;Comunidad Valenciana
CA0748001;18/05/2022;MG;MAGNESIO;mg/L Mg;290;29;705332;4207772;70042;TERCIARIO DE TORREVIEJA;Torrevieja;ALICANTE;748;TERCIARIO DE TORREVIEJA;TERCIARIO DE TORREVIEJA;320;Comunidad Valenciana
CA0748001;18/05/2022;MN;MANGANESO;µg/L Mn;0;< 5,0;705332;4207772;70042;TERCIARIO DE TORREVIEJA;Torrevieja;ALICANTE;748;TERCIARIO DE TORREVIEJA;TERCIARIO DE TORREVIEJA;320;Comunidad Valenciana
CA0748001;18/05/2022;;SODIO;mg/L Na;2040;> 200 (204)*;705332;4207772;70042;TERCIARIO DE TORREVIEJA;Torrevieja;ALICANTE;748;TERCIARIO DE TORREVIEJA;TERCIARIO DE TORREVIEJA;320;Comunidad Valenciana
CA0748001;18/05/2022;NAFTALENO;Naftaleno (naftalina);µg/L;0;< 0,30;705332;4207772;70042;TERCIARIO DE TORREVIEJA;Torrevieja;ALICANTE;748;TERCIARIO DE TORREVIEJA;TERCIARIO DE TORREVIEJA;320;Comunidad Valenciana
CA0748001;18/05/2022;N-BUB;N-BUTILBENCENO;µg/L;0;< 1,0;705332;4207772;70042;TERCIARIO DE TORREVIEJA;Torrevieja;ALICANTE;748;TERCIARIO DE TORREVIEJA;TERCIARIO DE TORREVIEJA;320;Comunidad Valenciana
CA0748001;18/05/2022;NH4;AMONIO;mg/L NH4;0;< 0,05;705332;4207772;70042;TERCIARIO DE TORREVIEJA;Torrevieja;ALICANTE;748;TERCIARIO DE TORREVIEJA;TERCIARIO DE TORREVIEJA;320;Comunidad Valenciana
CA0748001;18/05/2022;NI;NIQUEL;µg/L Ni;0;< 0,80;705332;4207772;70042;TERCIARIO DE TORREVIEJA;Torrevieja;ALICANTE;748;TERCIARIO DE TORREVIEJA;TERCIARIO DE TORREVIEJA;320;Comunidad Valenciana
CA0748001;18/05/2022;NO2;Nitritos;mg/L NO2;0;< 0,020;705332;4207772;70042;TERCIARIO DE TORREVIEJA;Torrevieja;ALICANTE;748;TERCIARIO DE TORREVIEJA;TERCIARIO DE TORREVIEJA;320;Comunidad Valenciana
CA0748001;18/05/2022;NO3;Nitratos;mg/L NO3;460;46;705332;4207772;70042;TERCIARIO DE TORREVIEJA;Torrevieja;ALICANTE;748;TERCIARIO DE TORREVIEJA;TERCIARIO DE TORREVIEJA;320;Comunidad Valenciana
CA0748001;18/05/2022;N-PROPILB;N-PROPILBENCENO;µg/L;0;< 1,0;705332;4207772;70042;TERCIARIO DE TORREVIEJA;Torrevieja;ALICANTE;748;TERCIARIO DE TORREVIEJA;TERCIARIO DE TORREVIEJA;320;Comunidad Valenciana
CA0748001;18/05/2022;NTOTAL;Nitrógeno total;mg/L N;100;10;705332;4207772;70042;TERCIARIO DE TORREVIEJA;Torrevieja;ALICANTE;748;TERCIARIO DE TORREVIEJA;TERCIARIO DE TORREVIEJA;320;Comunidad Valenciana
CA0748001;18/05/2022;O2 DTO;Oxigeno disuelto de campo (medida in situ);mg/L O2;682;6,82;705332;4207772;70042;TERCIARIO DE TORREVIEJA;Torrevieja;ALICANTE;748;TERCIARIO DE TORREVIEJA;TERCIARIO DE TORREVIEJA;320;Comunidad Valenciana
CA0748001;18/05/2022;O-DICLORO;1,2-diclorobenceno (o-diclorobenceno);µg/L;0;< 1,0;705332;4207772;70042;TERCIARIO DE TORREVIEJA;Torrevieja;ALICANTE;748;TERCIARIO DE TORREVIEJA;TERCIARIO DE TORREVIEJA;320;Comunidad Valenciana
CA0748001;18/05/2022;PAHEST;Estireno (etenilbenceno);µg/L;0;< 1,0;705332;4207772;70042;TERCIARIO DE TORREVIEJA;Torrevieja;ALICANTE;748;TERCIARIO DE TORREVIEJA;TERCIARIO DE TORREVIEJA;320;Comunidad Valenciana
CA0748001;18/05/2022;PB;PLOMO;µg/L Pb;0;< 0,30;705332;4207772;70042;TERCIARIO DE TORREVIEJA;Torrevieja;ALICANTE;748;TERCIARIO DE TORREVIEJA;TERCIARIO DE TORREVIEJA;320;Comunidad Valenciana
CA0748001;18/05/2022;PER;Tetracloroetileno (PER, Percloroetileno);µg/L;0;< 1,0;705332;4207772;70042;TERCIARIO DE TORREVIEJA;Torrevieja;ALICANTE;748;TERCIARIO DE TORREVIEJA;TERCIARIO DE TORREVIEJA;320;Comunidad Valenciana
CA0748001;18/05/2022;PHSITU;pH de campo (medida in situ);udpH;775;7,75 (24ºC);705332;4207772;70042;TERCIARIO DE TORREVIEJA;Torrevieja;ALICANTE;748;TERCIARIO DE TORREVIEJA;TERCIARIO DE TORREVIEJA;320;Comunidad Valenciana
CA0748001;18/05/2022;PO4;Fosfatos;mg/L PO4;0;< 0,040;705332;4207772;70042;TERCIARIO DE TORREVIEJA;Torrevieja;ALICANTE;748;TERCIARIO DE TORREVIEJA;TERCIARIO DE TORREVIEJA;320;Comunidad Valenciana
CA0748001;18/05/2022;PTOTAL;FOSFORO TOTAL;mg/L P;22;0,22;705332;4207772;70042;TERCIARIO DE TORREVIEJA;Torrevieja;ALICANTE;748;TERCIARIO DE TORREVIEJA;TERCIARIO DE TORREVIEJA;320;Comunidad Valenciana
CA0748001;18/05/2022;QUI;Quinoxifeno;µg/L;0;< 0,00200;705332;4207772;70042;TERCIARIO DE TORREVIEJA;Torrevieja;ALICANTE;748;TERCIARIO DE TORREVIEJA;TERCIARIO DE TORREVIEJA;320;Comunidad Valenciana
CA0748001;18/05/2022;SATINSI;Porcentaje de saturación de oxígeno disuelto de campo (medido in situ);% O2;979;97,9;705332;4207772;70042;TERCIARIO DE TORREVIEJA;Torrevieja;ALICANTE;748;TERCIARIO DE TORREVIEJA;TERCIARIO DE TORREVIEJA;320;Comunidad Valenciana
CA0748001;18/05/2022;S-DDD-DDT;Suma p,p´-DDD + o,p´-DDT;µg/L;0;< 0,00050;705332;4207772;70042;TERCIARIO DE TORREVIEJA;Torrevieja;ALICANTE;748;TERCIARIO DE TORREVIEJA;TERCIARIO DE TORREVIEJA;320;Comunidad Valenciana
CA0748001;18/05/2022;SE;SELENIO;µg/L Se;23;2,3;705332;4207772;70042;TERCIARIO DE TORREVIEJA;Torrevieja;ALICANTE;748;TERCIARIO DE TORREVIEJA;TERCIARIO DE TORREVIEJA;320;Comunidad Valenciana
CA0748001;18/05/2022;SECBUTB;SEC-BUTILBENCENO;µg/L;0;< 1,0;705332;4207772;70042;TERCIARIO DE TORREVIEJA;Torrevieja;ALICANTE;748;TERCIARIO DE TORREVIEJA;TERCIARIO DE TORREVIEJA;320;Comunidad Valenciana
CA0748001;18/05/2022;SIMAZINA;Simazina;µg/L;0;< 0,050;705332;4207772;70042;TERCIARIO DE TORREVIEJA;Torrevieja;ALICANTE;748;TERCIARIO DE TORREVIEJA;TERCIARIO DE TORREVIEJA;320;Comunidad Valenciana
CA0748001;18/05/2022;SUMAXILENO;Xileno (dimetilbenceno) (suma o-, m- y p-xileno);µg/L;0;< 3,0;705332;4207772;70042;TERCIARIO DE TORREVIEJA;Torrevieja;ALICANTE;748;TERCIARIO DE TORREVIEJA;TERCIARIO DE TORREVIEJA;320;Comunidad Valenciana
CA0748001;18/05/2022;SUMCIPER;CIPERMETRINA (SUMA ISOMEROS ALFA+BETA+TETA+ZETA);µg/L;0;< 0,00008;705332;4207772;70042;TERCIARIO DE TORREVIEJA;Torrevieja;ALICANTE;748;TERCIARIO DE TORREVIEJA;TERCIARIO DE TORREVIEJA;320;Comunidad Valenciana
CA0748001;18/05/2022;SUMDCB;Diclorobenceno (suma isómeros);µg/L;0;< 3,0;705332;4207772;70042;TERCIARIO DE TORREVIEJA;Torrevieja;ALICANTE;748;TERCIARIO DE TORREVIEJA;TERCIARIO DE TORREVIEJA;320;Comunidad Valenciana
CA0748001;18/05/2022;SUMDDT;DDT TOTAL (SUMA P,P'-DDT+O,P'-DDT+P,P'-DDE+P,P'-DDD);µg/L;0;< 0,00100;705332;4207772;70042;TERCIARIO DE TORREVIEJA;Torrevieja;ALICANTE;748;TERCIARIO DE TORREVIEJA;TERCIARIO DE TORREVIEJA;320;Comunidad Valenciana
CA0748001;18/05/2022;SUMHCH;HEXACLOROCICLOHEXANO (HCH) (SUMA ISOMEROS);µg/L;0;< 0,00060;705332;4207772;70042;TERCIARIO DE TORREVIEJA;Torrevieja;ALICANTE;748;TERCIARIO DE TORREVIEJA;TERCIARIO DE TORREVIEJA;320;Comunidad Valenciana
CA0748001;18/05/2022;SUMTCBEN;"Triclorobenceno (suma isómeros 1,2,3-; 1,2,4- y 1,3,5- TCB)";µg/L;0;< 0,18;705332;4207772;70042;TERCIARIO DE TORREVIEJA;Torrevieja;ALICANTE;748;TERCIARIO DE TORREVIEJA;TERCIARIO DE TORREVIEJA;320;Comunidad Valenciana
CA0748001;18/05/2022;SUO4;Sulfatos;mg/L SO4;1100;110;705332;4207772;70042;TERCIARIO DE TORREVIEJA;Torrevieja;ALICANTE;748;TERCIARIO DE TORREVIEJA;TERCIARIO DE TORREVIEJA;320;Comunidad Valenciana
CA0748001;18/05/2022;TAGUA;"TEMPERATURA ""IN SITU""";ºC;240;24;705332;4207772;70042;TERCIARIO DE TORREVIEJA;Torrevieja;ALICANTE;748;TERCIARIO DE TORREVIEJA;TERCIARIO DE TORREVIEJA;320;Comunidad Valenciana
CA0748001;18/05/2022;TBUTB;TERC-BUTILBENCENO;µg/L;0;< 1,0;705332;4207772;70042;TERCIARIO DE TORREVIEJA;Torrevieja;ALICANTE;748;TERCIARIO DE TORREVIEJA;TERCIARIO DE TORREVIEJA;320;Comunidad Valenciana
CA0748001;18/05/2022;TCB123;1,2,3-Triclorobenceno;µg/L;0;< 0,060;705332;4207772;70042;TERCIARIO DE TORREVIEJA;Torrevieja;ALICANTE;748;TERCIARIO DE TORREVIEJA;TERCIARIO DE TORREVIEJA;320;Comunidad Valenciana
CA0748001;18/05/2022;TCB124;1,2,4-Triclorobenceno;µg/L;0;< 0,060;705332;4207772;70042;TERCIARIO DE TORREVIEJA;Torrevieja;ALICANTE;748;TERCIARIO DE TORREVIEJA;TERCIARIO DE TORREVIEJA;320;Comunidad Valenciana
CA0748001;18/05/2022;TCB135;1,3,5-Triclorobenceno;µg/L;0;< 0,060;705332;4207772;70042;TERCIARIO DE TORREVIEJA;Torrevieja;ALICANTE;748;TERCIARIO DE TORREVIEJA;TERCIARIO DE TORREVIEJA;320;Comunidad Valenciana
CA0748001;18/05/2022;TCE;1,1,1-TRICLOROETANO;µg/L;0;< 1,0;705332;4207772;70042;TERCIARIO DE TORREVIEJA;Torrevieja;ALICANTE;748;TERCIARIO DE TORREVIEJA;TERCIARIO DE TORREVIEJA;320;Comunidad Valenciana
CA0748001;18/05/2022;TERAZ;Terbutilazina;µg/L;0;< 0,010;705332;4207772;70042;TERCIARIO DE TORREVIEJA;Torrevieja;ALICANTE;748;TERCIARIO DE TORREVIEJA;TERCIARIO DE TORREVIEJA;320;Comunidad Valenciana
CA0748001;18/05/2022;TERBUTRINA;Terbutrina;µg/L;0;< 0,050;705332;4207772;70042;TERCIARIO DE TORREVIEJA;Torrevieja;ALICANTE;748;TERCIARIO DE TORREVIEJA;TERCIARIO DE TORREVIEJA;320;Comunidad Valenciana
CA0748001;18/05/2022;TETRA;Tetracloruro de carbono (Tetraclorometano, Perclorometano);µg/L;0;< 1,0;705332;4207772;70042;TERCIARIO DE TORREVIEJA;Torrevieja;ALICANTE;748;TERCIARIO DE TORREVIEJA;TERCIARIO DE TORREVIEJA;320;Comunidad Valenciana
CA0748001;18/05/2022;TETRTRI;Tricloroetileno + Tetracloroetileno (Percloroetileno);µg/L;0;< 2,0;705332;4207772;70042;TERCIARIO DE TORREVIEJA;Torrevieja;ALICANTE;748;TERCIARIO DE TORREVIEJA;TERCIARIO DE TORREVIEJA;320;Comunidad Valenciana
CA0748001;18/05/2022;THMBR;DIBROMOMETANO;µg/L;0;< 1,0;705332;4207772;70042;TERCIARIO DE TORREVIEJA;Torrevieja;ALICANTE;748;TERCIARIO DE TORREVIEJA;TERCIARIO DE TORREVIEJA;320;Comunidad Valenciana
CA0748001;18/05/2022;THMBR2CL;Bromodiclorometano;µg/l;0;< 1,0;705332;4207772;70042;TERCIARIO DE TORREVIEJA;Torrevieja;ALICANTE;748;TERCIARIO DE TORREVIEJA;TERCIARIO DE TORREVIEJA;320;Comunidad Valenciana
CA0748001;18/05/2022;THMBRCL;BROMOCLOROMETANO;µg/L;0;< 1,0;705332;4207772;70042;TERCIARIO DE TORREVIEJA;Torrevieja;ALICANTE;748;TERCIARIO DE TORREVIEJA;TERCIARIO DE TORREVIEJA;320;Comunidad Valenciana
CA0748001;18/05/2022;THMBRCL2;DIBROMOCLOROMETANO (Trihalometanos);µg/L;0;< 1,0;705332;4207772;70042;TERCIARIO DE TORREVIEJA;Torrevieja;ALICANTE;748;TERCIARIO DE TORREVIEJA;TERCIARIO DE TORREVIEJA;320;Comunidad Valenciana
CA0748001;18/05/2022;THMBRF;BROMOFORMO;µg/L;0;< 1,0;705332;4207772;70042;TERCIARIO DE TORREVIEJA;Torrevieja;ALICANTE;748;TERCIARIO DE TORREVIEJA;TERCIARIO DE TORREVIEJA;320;Comunidad Valenciana
CA0748001;18/05/2022;THMDCM;DICLOROMETANO;µg/L;0;< 20;705332;4207772;70042;TERCIARIO DE TORREVIEJA;Torrevieja;ALICANTE;748;TERCIARIO DE TORREVIEJA;TERCIARIO DE TORREVIEJA;320;Comunidad Valenciana
CA0748001;18/05/2022;TMB1;1,2,4-trimetilbenceno;µg/l;0;< 1,0;705332;4207772;70042;TERCIARIO DE TORREVIEJA;Torrevieja;ALICANTE;748;TERCIARIO DE TORREVIEJA;TERCIARIO DE TORREVIEJA;320;Comunidad Valenciana
CA0748001;18/05/2022;TMB2;1,3,5-TRIMETILBENCENO;µg/L;0;< 1,0;705332;4207772;70042;TERCIARIO DE TORREVIEJA;Torrevieja;ALICANTE;748;TERCIARIO DE TORREVIEJA;TERCIARIO DE TORREVIEJA;320;Comunidad Valenciana
CA0748001;18/05/2022;TOL;Tolueno (Metilbenceno);µg/L;0;< 1,0;705332;4207772;70042;TERCIARIO DE TORREVIEJA;Torrevieja;ALICANTE;748;TERCIARIO DE TORREVIEJA;TERCIARIO DE TORREVIEJA;320;Comunidad Valenciana
CA0748001;18/05/2022;TRIAZO_2;TRIAZOFOS;µg/L;0;< 0,0100;705332;4207772;70042;TERCIARIO DE TORREVIEJA;Torrevieja;ALICANTE;748;TERCIARIO DE TORREVIEJA;TERCIARIO DE TORREVIEJA;320;Comunidad Valenciana
CA0748001;18/05/2022;TRICLOET;Tricloroetileno (TRI);µg/L;0;< 1,0;705332;4207772;70042;TERCIARIO DE TORREVIEJA;Torrevieja;ALICANTE;748;TERCIARIO DE TORREVIEJA;TERCIARIO DE TORREVIEJA;320;Comunidad Valenciana
CA0748001;18/05/2022;TRIFLURALINA;Trifluralina;µg/L;0;< 0,0060;705332;4207772;70042;TERCIARIO DE TORREVIEJA;Torrevieja;ALICANTE;748;TERCIARIO DE TORREVIEJA;TERCIARIO DE TORREVIEJA;320;Comunidad Valenciana
CA0748001;18/05/2022;XILM+P;SUMA M+P XILENO;µg/L;0;< 2,0;705332;4207772;70042;TERCIARIO DE TORREVIEJA;Torrevieja;ALICANTE;748;TERCIARIO DE TORREVIEJA;TERCIARIO DE TORREVIEJA;320;Comunidad Valenciana
CA0748001;18/05/2022;XIL-O;O-XILENO;µg/L;0;< 1,0;705332;4207772;70042;TERCIARIO DE TORREVIEJA;Torrevieja;ALICANTE;748;TERCIARIO DE TORREVIEJA;TERCIARIO DE TORREVIEJA;320;Comunidad Valenciana
CA0748001;18/05/2022;ZN;ZINC;µg/l Zn;300;30;705332;4207772;70042;TERCIARIO DE TORREVIEJA;Torrevieja;ALICANTE;748;TERCIARIO DE TORREVIEJA;TERCIARIO DE TORREVIEJA;320;Comunidad Valenciana
CA0748001;09/08/2022;12DIBR;1,2-DIBROMOETANO;µg/L;0;< 1,0;705332;4207772;70042;TERCIARIO DE TORREVIEJA;Torrevieja;ALICANTE;748;TERCIARIO DE TORREVIEJA;TERCIARIO DE TORREVIEJA;320;Comunidad Valenciana
CA0748001;09/08/2022;2BR2CLPRO;1,2-DIBROMO-3-CLOROPROPANO;µg/L;0;< 2,0;705332;4207772;70042;TERCIARIO DE TORREVIEJA;Torrevieja;ALICANTE;748;TERCIARIO DE TORREVIEJA;TERCIARIO DE TORREVIEJA;320;Comunidad Valenciana
CA0748001;09/08/2022;2CLETA;1,1-DICLOROETANO;µg/L;0;< 1,0;705332;4207772;70042;TERCIARIO DE TORREVIEJA;Torrevieja;ALICANTE;748;TERCIARIO DE TORREVIEJA;TERCIARIO DE TORREVIEJA;320;Comunidad Valenciana
CA0748001;09/08/2022;2CLETE;1,1-DICLOROETENO;µg/L;0;< 1,0;705332;4207772;70042;TERCIARIO DE TORREVIEJA;Torrevieja;ALICANTE;748;TERCIARIO DE TORREVIEJA;TERCIARIO DE TORREVIEJA;320;Comunidad Valenciana
CA0748001;09/08/2022;2CLETE2;1,2-DICLOROETENO;µg/L;0;< 2,0;705332;4207772;70042;TERCIARIO DE TORREVIEJA;Torrevieja;ALICANTE;748;TERCIARIO DE TORREVIEJA;TERCIARIO DE TORREVIEJA;320;Comunidad Valenciana
CA0748001;09/08/2022;2CLETEN;TRANS-1,2-DICLOROETENO;µg/L;0;< 1,0;705332;4207772;70042;TERCIARIO DE TORREVIEJA;Torrevieja;ALICANTE;748;TERCIARIO DE TORREVIEJA;TERCIARIO DE TORREVIEJA;320;Comunidad Valenciana
CA0748001;09/08/2022;2CLPRO;1,3-DICLOROPROPANO;µg/L;0;< 1,0;705332;4207772;70042;TERCIARIO DE TORREVIEJA;Torrevieja;ALICANTE;748;TERCIARIO DE TORREVIEJA;TERCIARIO DE TORREVIEJA;320;Comunidad Valenciana
CA0748001;09/08/2022;2CLPROCIS;CIS-1,3-DICLOROPROPENO;µg/L;0;< 1,0;705332;4207772;70042;TERCIARIO DE TORREVIEJA;Torrevieja;ALICANTE;748;TERCIARIO DE TORREVIEJA;TERCIARIO DE TORREVIEJA;320;Comunidad Valenciana
CA0748001;09/08/2022;2CLPROPA;1,2-DICLOROPROPANO;µg/L;0;< 1,0;705332;4207772;70042;TERCIARIO DE TORREVIEJA;Torrevieja;ALICANTE;748;TERCIARIO DE TORREVIEJA;TERCIARIO DE TORREVIEJA;320;Comunidad Valenciana
CA0748001;09/08/2022;2CLPROPA2;2,2-DICLOROPROPANO;µg/L;0;< 1,0;705332;4207772;70042;TERCIARIO DE TORREVIEJA;Torrevieja;ALICANTE;748;TERCIARIO DE TORREVIEJA;TERCIARIO DE TORREVIEJA;320;Comunidad Valenciana
CA0748001;09/08/2022;2CLPROPE;1,1-DICLOROPROPENO;µg/L;0;< 1,0;705332;4207772;70042;TERCIARIO DE TORREVIEJA;Torrevieja;ALICANTE;748;TERCIARIO DE TORREVIEJA;TERCIARIO DE TORREVIEJA;320;Comunidad Valenciana
CA0748001;09/08/2022;2CLPROPE2;TRANS-1,3-DICLOROPROPENO;µg/L;0;< 1,0;705332;4207772;70042;TERCIARIO DE TORREVIEJA;Torrevieja;ALICANTE;748;TERCIARIO DE TORREVIEJA;TERCIARIO DE TORREVIEJA;320;Comunidad Valenciana
CA0748001;09/08/2022;3CLETA;1,1,2-TRICLOROETANO;µg/L;0;< 1,0;705332;4207772;70042;TERCIARIO DE TORREVIEJA;Torrevieja;ALICANTE;748;TERCIARIO DE TORREVIEJA;TERCIARIO DE TORREVIEJA;320;Comunidad Valenciana
CA0748001;09/08/2022;3CLPRO;1,2,3-TRICLOROPROPANO;µg/L;0;< 1,0;705332;4207772;70042;TERCIARIO DE TORREVIEJA;Torrevieja;ALICANTE;748;TERCIARIO DE TORREVIEJA;TERCIARIO DE TORREVIEJA;320;Comunidad Valenciana
CA0748001;09/08/2022;4CLETA;1,1,1,2-TETRACLOROETANO;µg/L;0;< 1,0;705332;4207772;70042;TERCIARIO DE TORREVIEJA;Torrevieja;ALICANTE;748;TERCIARIO DE TORREVIEJA;TERCIARIO DE TORREVIEJA;320;Comunidad Valenciana
CA0748001;09/08/2022;4CLETA2;1,1,2,2-TETRACLOROETANO;µg/L;0;< 1,0;705332;4207772;70042;TERCIARIO DE TORREVIEJA;Torrevieja;ALICANTE;748;TERCIARIO DE TORREVIEJA;TERCIARIO DE TORREVIEJA;320;Comunidad Valenciana
CA0748001;09/08/2022;6CLET;HEXACLOROETANO;µg/L;0;< 1,0;705332;4207772;70042;TERCIARIO DE TORREVIEJA;Torrevieja;ALICANTE;748;TERCIARIO DE TORREVIEJA;TERCIARIO DE TORREVIEJA;320;Comunidad Valenciana
CA0748001;09/08/2022;ACLONIFE;ACLONIFENO;µg/L;0;< 0,00200;705332;4207772;70042;TERCIARIO DE TORREVIEJA;Torrevieja;ALICANTE;748;TERCIARIO DE TORREVIEJA;TERCIARIO DE TORREVIEJA;320;Comunidad Valenciana
CA0748001;09/08/2022;ALACLORO;ALACLORO;µg/L;0;< 0,01000;705332;4207772;70042;TERCIARIO DE TORREVIEJA;Torrevieja;ALICANTE;748;TERCIARIO DE TORREVIEJA;TERCIARIO DE TORREVIEJA;320;Comunidad Valenciana
CA0748001;09/08/2022;ALDRIN;ALDRINA;µg/L;0;< 0,00025;705332;4207772;70042;TERCIARIO DE TORREVIEJA;Torrevieja;ALICANTE;748;TERCIARIO DE TORREVIEJA;TERCIARIO DE TORREVIEJA;320;Comunidad Valenciana
CA0748001;09/08/2022;AS;ARSENICO;µg/L As;0;< 5,0;705332;4207772;70042;TERCIARIO DE TORREVIEJA;Torrevieja;ALICANTE;748;TERCIARIO DE TORREVIEJA;TERCIARIO DE TORREVIEJA;320;Comunidad Valenciana
CA0748001;09/08/2022;ATRAZINA;ATRAZINA;µg/L;0;< 0,010;705332;4207772;70042;TERCIARIO DE TORREVIEJA;Torrevieja;ALICANTE;748;TERCIARIO DE TORREVIEJA;TERCIARIO DE TORREVIEJA;320;Comunidad Valenciana
CA0748001;09/08/2022;B;BORO;µg/L B;4600;460;705332;4207772;70042;TERCIARIO DE TORREVIEJA;Torrevieja;ALICANTE;748;TERCIARIO DE TORREVIEJA;TERCIARIO DE TORREVIEJA;320;Comunidad Valenciana
CA0748001;09/08/2022;BENCENO;BENCENO;µg/L;0;< 0,30;705332;4207772;70042;TERCIARIO DE TORREVIEJA;Torrevieja;ALICANTE;748;TERCIARIO DE TORREVIEJA;TERCIARIO DE TORREVIEJA;320;Comunidad Valenciana
CA0748001;09/08/2022;BICARB;BICARBONATOS;mg/L HCO3-;2030;203;705332;4207772;70042;TERCIARIO DE TORREVIEJA;Torrevieja;ALICANTE;748;TERCIARIO DE TORREVIEJA;TERCIARIO DE TORREVIEJA;320;Comunidad Valenciana
CA0748001;09/08/2022;BIFEN;BIFENOX;µg/L;0;< 0,00120;705332;4207772;70042;TERCIARIO DE TORREVIEJA;Torrevieja;ALICANTE;748;TERCIARIO DE TORREVIEJA;TERCIARIO DE TORREVIEJA;320;Comunidad Valenciana
CA0748001;09/08/2022;BRB;BROMOBENCENO;µg/L;0;< 1,0;705332;4207772;70042;TERCIARIO DE TORREVIEJA;Torrevieja;ALICANTE;748;TERCIARIO DE TORREVIEJA;TERCIARIO DE TORREVIEJA;320;Comunidad Valenciana
CA0748001;09/08/2022;BRFOSETIL;BROMOFOS ETIL;µg/L;0;< 0,0100;705332;4207772;70042;TERCIARIO DE TORREVIEJA;Torrevieja;ALICANTE;748;TERCIARIO DE TORREVIEJA;TERCIARIO DE TORREVIEJA;320;Comunidad Valenciana
CA0748001;09/08/2022;CA;CALCIO;mg/L Ca;550;55;705332;4207772;70042;TERCIARIO DE TORREVIEJA;Torrevieja;ALICANTE;748;TERCIARIO DE TORREVIEJA;TERCIARIO DE TORREVIEJA;320;Comunidad Valenciana
CA0748001;09/08/2022;CD;CADMIO;µg/L Cd;0;< 0,02;705332;4207772;70042;TERCIARIO DE TORREVIEJA;Torrevieja;ALICANTE;748;TERCIARIO DE TORREVIEJA;TERCIARIO DE TORREVIEJA;320;Comunidad Valenciana
CA0748001;09/08/2022;CIB;CIBUTRINA;µg/L;0;< 0,002;705332;4207772;70042;TERCIARIO DE TORREVIEJA;Torrevieja;ALICANTE;748;TERCIARIO DE TORREVIEJA;TERCIARIO DE TORREVIEJA;320;Comunidad Valenciana
CA0748001;09/08/2022;CL;Cloruros;mg/L Cl;4250;425;705332;4207772;70042;TERCIARIO DE TORREVIEJA;Torrevieja;ALICANTE;748;TERCIARIO DE TORREVIEJA;TERCIARIO DE TORREVIEJA;320;Comunidad Valenciana
CA0748001;09/08/2022;CLF;Cloroformo (Triclorometano);µg/L;38;3,8;705332;4207772;70042;TERCIARIO DE TORREVIEJA;Torrevieja;ALICANTE;748;TERCIARIO DE TORREVIEJA;TERCIARIO DE TORREVIEJA;320;Comunidad Valenciana
CA0748001;09/08/2022;CLOROFENVINFOS;Clorfenvinfos;µg/L;0;< 0,0100;705332;4207772;70042;TERCIARIO DE TORREVIEJA;Torrevieja;ALICANTE;748;TERCIARIO DE TORREVIEJA;TERCIARIO DE TORREVIEJA;320;Comunidad Valenciana
CA0748001;09/08/2022;CLOROPIRIFOS;Clorpirifos;µg/L;0;< 0,0050;705332;4207772;70042;TERCIARIO DE TORREVIEJA;Torrevieja;ALICANTE;748;TERCIARIO DE TORREVIEJA;TERCIARIO DE TORREVIEJA;320;Comunidad Valenciana
CA0748001;09/08/2022;CLORPIRIPME;CLOROPIRIFOS-METIL;µg/L;0;< 0,0100;705332;4207772;70042;TERCIARIO DE TORREVIEJA;Torrevieja;ALICANTE;748;TERCIARIO DE TORREVIEJA;TERCIARIO DE TORREVIEJA;320;Comunidad Valenciana
CA0748001;09/08/2022;CLTO2;4-CLOROTOLUENO;µg/L;0;< 1,0;705332;4207772;70042;TERCIARIO DE TORREVIEJA;Torrevieja;ALICANTE;748;TERCIARIO DE TORREVIEJA;TERCIARIO DE TORREVIEJA;320;Comunidad Valenciana
CA0748001;09/08/2022;CLTOL;2-CLOROTOLUENO;µg/L;0;< 1,0;705332;4207772;70042;TERCIARIO DE TORREVIEJA;Torrevieja;ALICANTE;748;TERCIARIO DE TORREVIEJA;TERCIARIO DE TORREVIEJA;320;Comunidad Valenciana
CA0748001;09/08/2022;CN;CIANUROS TOTALES;µg/L CN;0;<10;705332;4207772;70042;TERCIARIO DE TORREVIEJA;Torrevieja;ALICANTE;748;TERCIARIO DE TORREVIEJA;TERCIARIO DE TORREVIEJA;320;Comunidad Valenciana
CA0748001;09/08/2022;COND20SITU;Conductividad de campo (medida in situ);µS/cm;17550;1755;705332;4207772;70042;TERCIARIO DE TORREVIEJA;Torrevieja;ALICANTE;748;TERCIARIO DE TORREVIEJA;TERCIARIO DE TORREVIEJA;320;Comunidad Valenciana
CA0748001;09/08/2022;CR;CROMO;µg/L Cr;0;< 0,80;705332;4207772;70042;TERCIARIO DE TORREVIEJA;Torrevieja;ALICANTE;748;TERCIARIO DE TORREVIEJA;TERCIARIO DE TORREVIEJA;320;Comunidad Valenciana
CA0748001;09/08/2022;CU;COBRE;µg/L Cu;0;< 0,80;705332;4207772;70042;TERCIARIO DE TORREVIEJA;Torrevieja;ALICANTE;748;TERCIARIO DE TORREVIEJA;TERCIARIO DE TORREVIEJA;320;Comunidad Valenciana
CA0748001;09/08/2022;DCB-M;1,3-diclorobenceno (m-diclorobenceno);µg/L;0;< 1,0;705332;4207772;70042;TERCIARIO DE TORREVIEJA;Torrevieja;ALICANTE;748;TERCIARIO DE TORREVIEJA;TERCIARIO DE TORREVIEJA;320;Comunidad Valenciana
CA0748001;09/08/2022;DCB-P;1,4-diclorobenceno (p-diclorobenceno);µg/L;0;< 1,0;705332;4207772;70042;TERCIARIO DE TORREVIEJA;Torrevieja;ALICANTE;748;TERCIARIO DE TORREVIEJA;TERCIARIO DE TORREVIEJA;320;Comunidad Valenciana
CA0748001;09/08/2022;DCE;1,2-dicloroetano (EDC, cloruro de etileno);µg/L;0;< 1,0;705332;4207772;70042;TERCIARIO DE TORREVIEJA;Torrevieja;ALICANTE;748;TERCIARIO DE TORREVIEJA;TERCIARIO DE TORREVIEJA;320;Comunidad Valenciana
CA0748001;09/08/2022;DCV;DICLORVOS;µg/L;0;< 0,0006;705332;4207772;70042;TERCIARIO DE TORREVIEJA;Torrevieja;ALICANTE;748;TERCIARIO DE TORREVIEJA;TERCIARIO DE TORREVIEJA;320;Comunidad Valenciana
CA0748001;09/08/2022;DDDPP;P,P'-DDD;µg/L;0;< 0,00025;705332;4207772;70042;TERCIARIO DE TORREVIEJA;Torrevieja;ALICANTE;748;TERCIARIO DE TORREVIEJA;TERCIARIO DE TORREVIEJA;320;Comunidad Valenciana
CA0748001;09/08/2022;DDEPP;P,P'-DDE;µg/L;0;< 0,00025;705332;4207772;70042;TERCIARIO DE TORREVIEJA;Torrevieja;ALICANTE;748;TERCIARIO DE TORREVIEJA;TERCIARIO DE TORREVIEJA;320;Comunidad Valenciana
CA0748001;09/08/2022;DDTOP;O,P'-DDT;µg/L;0;< 0,00025;705332;4207772;70042;TERCIARIO DE TORREVIEJA;Torrevieja;ALICANTE;748;TERCIARIO DE TORREVIEJA;TERCIARIO DE TORREVIEJA;320;Comunidad Valenciana
CA0748001;09/08/2022;DDTPP;P,P'-DDT;µg/L;0;< 0,00025;705332;4207772;70042;TERCIARIO DE TORREVIEJA;Torrevieja;ALICANTE;748;TERCIARIO DE TORREVIEJA;TERCIARIO DE TORREVIEJA;320;Comunidad Valenciana
CA0748001;09/08/2022;DIAZINON;DIAZINON;µg/L;0;< 0,0100;705332;4207772;70042;TERCIARIO DE TORREVIEJA;Torrevieja;ALICANTE;748;TERCIARIO DE TORREVIEJA;TERCIARIO DE TORREVIEJA;320;Comunidad Valenciana
CA0748001;09/08/2022;DICLETE-CIS;CIS-1,2-DICLOROETENO;µg/L;0;< 1,0;705332;4207772;70042;TERCIARIO DE TORREVIEJA;Torrevieja;ALICANTE;748;TERCIARIO DE TORREVIEJA;TERCIARIO DE TORREVIEJA;320;Comunidad Valenciana
CA0748001;09/08/2022;DICOFOL;DICOFOL (P,P'-DICOFOL);µg/L;0;< 0,00039;705332;4207772;70042;TERCIARIO DE TORREVIEJA;Torrevieja;ALICANTE;748;TERCIARIO DE TORREVIEJA;TERCIARIO DE TORREVIEJA;320;Comunidad Valenciana
CA0748001;09/08/2022;DIELDRIN;Dieldrin;µg/L;0;< 0,00015;705332;4207772;70042;TERCIARIO DE TORREVIEJA;Torrevieja;ALICANTE;748;TERCIARIO DE TORREVIEJA;TERCIARIO DE TORREVIEJA;320;Comunidad Valenciana
CA0748001;09/08/2022;DIURON;DIURON;µg/L;0;< 0,050;705332;4207772;70042;TERCIARIO DE TORREVIEJA;Torrevieja;ALICANTE;748;TERCIARIO DE TORREVIEJA;TERCIARIO DE TORREVIEJA;320;Comunidad Valenciana
CA0748001;09/08/2022;DQO;DQO o Demanda Química de Oxígeno;mg/L O2;0;< 15;705332;4207772;70042;TERCIARIO DE TORREVIEJA;Torrevieja;ALICANTE;748;TERCIARIO DE TORREVIEJA;TERCIARIO DE TORREVIEJA;320;Comunidad Valenciana
CA0748001;09/08/2022;ENDOS;ENDOSULFAN (SUMA ISOMEROS ALFA+BETA);µg/L;0;< 0,00005;705332;4207772;70042;TERCIARIO DE TORREVIEJA;Torrevieja;ALICANTE;748;TERCIARIO DE TORREVIEJA;TERCIARIO DE TORREVIEJA;320;Comunidad Valenciana
CA0748001;09/08/2022;ENDOSULFAN;ALFA-ENDOSULFAN;µg/L;0;< 0,00005;705332;4207772;70042;TERCIARIO DE TORREVIEJA;Torrevieja;ALICANTE;748;TERCIARIO DE TORREVIEJA;TERCIARIO DE TORREVIEJA;320;Comunidad Valenciana
CA0748001;09/08/2022;ENDOSULFAN-BETA;BETA-ENDOSULFAN;µg/L;0;< 0,00005;705332;4207772;70042;TERCIARIO DE TORREVIEJA;Torrevieja;ALICANTE;748;TERCIARIO DE TORREVIEJA;TERCIARIO DE TORREVIEJA;320;Comunidad Valenciana
CA0748001;09/08/2022;ENDRIN;ENDRINA;µg/L;0;< 0,00150;705332;4207772;70042;TERCIARIO DE TORREVIEJA;Torrevieja;ALICANTE;748;TERCIARIO DE TORREVIEJA;TERCIARIO DE TORREVIEJA;320;Comunidad Valenciana
CA0748001;09/08/2022;ENDRINCE;Endrin cetona;µg/L;0;< 0,00025;705332;4207772;70042;TERCIARIO DE TORREVIEJA;Torrevieja;ALICANTE;748;TERCIARIO DE TORREVIEJA;TERCIARIO DE TORREVIEJA;320;Comunidad Valenciana
CA0748001;09/08/2022;ETBENCENO;Etilbenceno;µg/L;0;< 1,0;705332;4207772;70042;TERCIARIO DE TORREVIEJA;Torrevieja;ALICANTE;748;TERCIARIO DE TORREVIEJA;TERCIARIO DE TORREVIEJA;320;Comunidad Valenciana
CA0748001;09/08/2022;ETPARATION;Paration (paration etilo);µg/L;0;< 0,0100;705332;4207772;70042;TERCIARIO DE TORREVIEJA;Torrevieja;ALICANTE;748;TERCIARIO DE TORREVIEJA;TERCIARIO DE TORREVIEJA;320;Comunidad Valenciana
CA0748001;09/08/2022;F;Fluoruros;µg/L;11000;1100;705332;4207772;70042;TERCIARIO DE TORREVIEJA;Torrevieja;ALICANTE;748;TERCIARIO DE TORREVIEJA;TERCIARIO DE TORREVIEJA;320;Comunidad Valenciana
CA0748001;09/08/2022;FE;HIERRO;µg/L;0;< 50;705332;4207772;70042;TERCIARIO DE TORREVIEJA;Torrevieja;ALICANTE;748;TERCIARIO DE TORREVIEJA;TERCIARIO DE TORREVIEJA;320;Comunidad Valenciana
CA0748001;09/08/2022;FENCLORFOS;FENCLORFOS;µg/L;0;< 0,0100;705332;4207772;70042;TERCIARIO DE TORREVIEJA;Torrevieja;ALICANTE;748;TERCIARIO DE TORREVIEJA;TERCIARIO DE TORREVIEJA;320;Comunidad Valenciana
CA0748001;09/08/2022;FONO;FONOFOS;µg/L;0;< 0,0100;705332;4207772;70042;TERCIARIO DE TORREVIEJA;Torrevieja;ALICANTE;748;TERCIARIO DE TORREVIEJA;TERCIARIO DE TORREVIEJA;320;Comunidad Valenciana
CA0748001;09/08/2022;HCB;Hexaclorobenceno (HCB, Perclorobenceno);µg/L;0;< 0,00250;705332;4207772;70042;TERCIARIO DE TORREVIEJA;Torrevieja;ALICANTE;748;TERCIARIO DE TORREVIEJA;TERCIARIO DE TORREVIEJA;320;Comunidad Valenciana
CA0748001;09/08/2022;HCBD;Hexaclorobutadieno (HCBD, Hexacloro-1,3-Butadieno);µg/L;0;< 0,060;705332;4207772;70042;TERCIARIO DE TORREVIEJA;Torrevieja;ALICANTE;748;TERCIARIO DE TORREVIEJA;TERCIARIO DE TORREVIEJA;320;Comunidad Valenciana
CA0748001;09/08/2022;HCHALFA;ALFA-HCH;µg/L;0;< 0,00005;705332;4207772;70042;TERCIARIO DE TORREVIEJA;Torrevieja;ALICANTE;748;TERCIARIO DE TORREVIEJA;TERCIARIO DE TORREVIEJA;320;Comunidad Valenciana
CA0748001;09/08/2022;HCHBETA;BETA-HCH;µg/L;0;< 0,00015;705332;4207772;70042;TERCIARIO DE TORREVIEJA;Torrevieja;ALICANTE;748;TERCIARIO DE TORREVIEJA;TERCIARIO DE TORREVIEJA;320;Comunidad Valenciana
CA0748001;09/08/2022;HCHDELTA;DELTA-HCH;µg/L;0;< 0,00015;705332;4207772;70042;TERCIARIO DE TORREVIEJA;Torrevieja;ALICANTE;748;TERCIARIO DE TORREVIEJA;TERCIARIO DE TORREVIEJA;320;Comunidad Valenciana
CA0748001;09/08/2022;HEPTACL;Heptacloro;µg/L;0;< 0,00005;705332;4207772;70042;TERCIARIO DE TORREVIEJA;Torrevieja;ALICANTE;748;TERCIARIO DE TORREVIEJA;TERCIARIO DE TORREVIEJA;320;Comunidad Valenciana
CA0748001;09/08/2022;HEPTACLEPO;EPOXIDO DE HEPTACLORO;µg/L;0;< 0,00005;705332;4207772;70042;TERCIARIO DE TORREVIEJA;Torrevieja;ALICANTE;748;TERCIARIO DE TORREVIEJA;TERCIARIO DE TORREVIEJA;320;Comunidad Valenciana
CA0748001;09/08/2022;HG;MERCURIO;µg/L Hg;0;< 0,045;705332;4207772;70042;TERCIARIO DE TORREVIEJA;Torrevieja;ALICANTE;748;TERCIARIO DE TORREVIEJA;TERCIARIO DE TORREVIEJA;320;Comunidad Valenciana
CA0748001;09/08/2022;IMAZALIL;IMAZALIL;µg/L;0;< 0,030;705332;4207772;70042;TERCIARIO DE TORREVIEJA;Torrevieja;ALICANTE;748;TERCIARIO DE TORREVIEJA;TERCIARIO DE TORREVIEJA;320;Comunidad Valenciana
CA0748001;09/08/2022;ISODRIN;Isodrin;µg/L;0;< 0,00010;705332;4207772;70042;TERCIARIO DE TORREVIEJA;Torrevieja;ALICANTE;748;TERCIARIO DE TORREVIEJA;TERCIARIO DE TORREVIEJA;320;Comunidad Valenciana
CA0748001;09/08/2022;ISOPROPB;Isopropilbenceno (cumeno);µg/L;0;< 1,0;705332;4207772;70042;TERCIARIO DE TORREVIEJA;Torrevieja;ALICANTE;748;TERCIARIO DE TORREVIEJA;TERCIARIO DE TORREVIEJA;320;Comunidad Valenciana
CA0748001;09/08/2022;ISOPROPILTO;4-ISOPROPILTOLUENO;µg/L;0;< 1,0;705332;4207772;70042;TERCIARIO DE TORREVIEJA;Torrevieja;ALICANTE;748;TERCIARIO DE TORREVIEJA;TERCIARIO DE TORREVIEJA;320;Comunidad Valenciana
CA0748001;09/08/2022;ISOPROTURON;Isoproturón;µg/L;0;< 0,050;705332;4207772;70042;TERCIARIO DE TORREVIEJA;Torrevieja;ALICANTE;748;TERCIARIO DE TORREVIEJA;TERCIARIO DE TORREVIEJA;320;Comunidad Valenciana
CA0748001;09/08/2022;K;POTASIO;mg/L K;150;15;705332;4207772;70042;TERCIARIO DE TORREVIEJA;Torrevieja;ALICANTE;748;TERCIARIO DE TORREVIEJA;TERCIARIO DE TORREVIEJA;320;Comunidad Valenciana
CA0748001;09/08/2022;LIND;GAMMA-HCH (LINDANO);µg/L;0;< 0,00025;705332;4207772;70042;TERCIARIO DE TORREVIEJA;Torrevieja;ALICANTE;748;TERCIARIO DE TORREVIEJA;TERCIARIO DE TORREVIEJA;320;Comunidad Valenciana
CA0748001;09/08/2022;MCB;Clorobenceno (monoclorobenceno);µg/L;0;< 1,0;705332;4207772;70042;TERCIARIO DE TORREVIEJA;Torrevieja;ALICANTE;748;TERCIARIO DE TORREVIEJA;TERCIARIO DE TORREVIEJA;320;Comunidad Valenciana
CA0748001;09/08/2022;METOLACLORO;Metolacloro;µg/L;0;< 0,01000;705332;4207772;70042;TERCIARIO DE TORREVIEJA;Torrevieja;ALICANTE;748;TERCIARIO DE TORREVIEJA;TERCIARIO DE TORREVIEJA;320;Comunidad Valenciana
CA0748001;09/08/2022;METRIBUZINA;METRIBUZINA;µg/L;0;< 0,050;705332;4207772;70042;TERCIARIO DE TORREVIEJA;Torrevieja;ALICANTE;748;TERCIARIO DE TORREVIEJA;TERCIARIO DE TORREVIEJA;320;Comunidad Valenciana
CA0748001;09/08/2022;MG;MAGNESIO;mg/L Mg;400;40;705332;4207772;70042;TERCIARIO DE TORREVIEJA;Torrevieja;ALICANTE;748;TERCIARIO DE TORREVIEJA;TERCIARIO DE TORREVIEJA;320;Comunidad Valenciana
CA0748001;09/08/2022;MN;MANGANESO;µg/L Mn;0;< 5,0;705332;4207772;70042;TERCIARIO DE TORREVIEJA;Torrevieja;ALICANTE;748;TERCIARIO DE TORREVIEJA;TERCIARIO DE TORREVIEJA;320;Comunidad Valenciana
CA0748001;09/08/2022;;SODIO;mg/L Na;2990;> 200 (299)*;705332;4207772;70042;TERCIARIO DE TORREVIEJA;Torrevieja;ALICANTE;748;TERCIARIO DE TORREVIEJA;TERCIARIO DE TORREVIEJA;320;Comunidad Valenciana
CA0748001;09/08/2022;NAFTALENO;Naftaleno (naftalina);µg/L;0;< 0,30;705332;4207772;70042;TERCIARIO DE TORREVIEJA;Torrevieja;ALICANTE;748;TERCIARIO DE TORREVIEJA;TERCIARIO DE TORREVIEJA;320;Comunidad Valenciana
CA0748001;09/08/2022;N-BUB;N-BUTILBENCENO;µg/L;0;< 1,0;705332;4207772;70042;TERCIARIO DE TORREVIEJA;Torrevieja;ALICANTE;748;TERCIARIO DE TORREVIEJA;TERCIARIO DE TORREVIEJA;320;Comunidad Valenciana
CA0748001;09/08/2022;NH4;AMONIO;mg/L NH4;0;< 0,05;705332;4207772;70042;TERCIARIO DE TORREVIEJA;Torrevieja;ALICANTE;748;TERCIARIO DE TORREVIEJA;TERCIARIO DE TORREVIEJA;320;Comunidad Valenciana
CA0748001;09/08/2022;NI;NIQUEL;µg/L Ni;0;< 0,80;705332;4207772;70042;TERCIARIO DE TORREVIEJA;Torrevieja;ALICANTE;748;TERCIARIO DE TORREVIEJA;TERCIARIO DE TORREVIEJA;320;Comunidad Valenciana
CA0748001;09/08/2022;NO2;Nitritos;mg/L NO2;0;< 0,020;705332;4207772;70042;TERCIARIO DE TORREVIEJA;Torrevieja;ALICANTE;748;TERCIARIO DE TORREVIEJA;TERCIARIO DE TORREVIEJA;320;Comunidad Valenciana
CA0748001;09/08/2022;NO3;Nitratos;mg/L NO3;360;36;705332;4207772;70042;TERCIARIO DE TORREVIEJA;Torrevieja;ALICANTE;748;TERCIARIO DE TORREVIEJA;TERCIARIO DE TORREVIEJA;320;Comunidad Valenciana
CA0748001;09/08/2022;N-PROPILB;N-PROPILBENCENO;µg/L;0;< 1,0;705332;4207772;70042;TERCIARIO DE TORREVIEJA;Torrevieja;ALICANTE;748;TERCIARIO DE TORREVIEJA;TERCIARIO DE TORREVIEJA;320;Comunidad Valenciana
CA0748001;09/08/2022;NTOTAL;Nitrógeno total;mg/L N;93;9,3;705332;4207772;70042;TERCIARIO DE TORREVIEJA;Torrevieja;ALICANTE;748;TERCIARIO DE TORREVIEJA;TERCIARIO DE TORREVIEJA;320;Comunidad Valenciana
CA0748001;09/08/2022;O2 DTO;Oxigeno disuelto de campo (medida in situ);mg/L O2;68;6,8;705332;4207772;70042;TERCIARIO DE TORREVIEJA;Torrevieja;ALICANTE;748;TERCIARIO DE TORREVIEJA;TERCIARIO DE TORREVIEJA;320;Comunidad Valenciana
CA0748001;09/08/2022;O-DICLORO;1,2-diclorobenceno (o-diclorobenceno);µg/L;0;< 1,0;705332;4207772;70042;TERCIARIO DE TORREVIEJA;Torrevieja;ALICANTE;748;TERCIARIO DE TORREVIEJA;TERCIARIO DE TORREVIEJA;320;Comunidad Valenciana
CA0748001;09/08/2022;PAHEST;Estireno (etenilbenceno);µg/L;0;< 1,0;705332;4207772;70042;TERCIARIO DE TORREVIEJA;Torrevieja;ALICANTE;748;TERCIARIO DE TORREVIEJA;TERCIARIO DE TORREVIEJA;320;Comunidad Valenciana
CA0748001;09/08/2022;PB;PLOMO;µg/L Pb;0;< 0,30;705332;4207772;70042;TERCIARIO DE TORREVIEJA;Torrevieja;ALICANTE;748;TERCIARIO DE TORREVIEJA;TERCIARIO DE TORREVIEJA;320;Comunidad Valenciana
CA0748001;09/08/2022;PER;Tetracloroetileno (PER, Percloroetileno);µg/L;0;< 1,0;705332;4207772;70042;TERCIARIO DE TORREVIEJA;Torrevieja;ALICANTE;748;TERCIARIO DE TORREVIEJA;TERCIARIO DE TORREVIEJA;320;Comunidad Valenciana
CA0748001;09/08/2022;PHSITU;pH de campo (medida in situ);udpH;811;8,11 (24.1ºC);705332;4207772;70042;TERCIARIO DE TORREVIEJA;Torrevieja;ALICANTE;748;TERCIARIO DE TORREVIEJA;TERCIARIO DE TORREVIEJA;320;Comunidad Valenciana
CA0748001;09/08/2022;PO4;Fosfatos;mg/L PO4;0;< 0,04;705332;4207772;70042;TERCIARIO DE TORREVIEJA;Torrevieja;ALICANTE;748;TERCIARIO DE TORREVIEJA;TERCIARIO DE TORREVIEJA;320;Comunidad Valenciana
CA0748001;09/08/2022;PTOTAL;FOSFORO TOTAL;mg/L P;0;< 0,050;705332;4207772;70042;TERCIARIO DE TORREVIEJA;Torrevieja;ALICANTE;748;TERCIARIO DE TORREVIEJA;TERCIARIO DE TORREVIEJA;320;Comunidad Valenciana
CA0748001;09/08/2022;QUI;Quinoxifeno;µg/L;0;< 0,00200;705332;4207772;70042;TERCIARIO DE TORREVIEJA;Torrevieja;ALICANTE;748;TERCIARIO DE TORREVIEJA;TERCIARIO DE TORREVIEJA;320;Comunidad Valenciana
CA0748001;09/08/2022;SATINSI;Porcentaje de saturación de oxígeno disuelto de campo (medido in situ);% O2;821;82,1;705332;4207772;70042;TERCIARIO DE TORREVIEJA;Torrevieja;ALICANTE;748;TERCIARIO DE TORREVIEJA;TERCIARIO DE TORREVIEJA;320;Comunidad Valenciana
CA0748001;09/08/2022;S-DDD-DDT;Suma p,p´-DDD + o,p´-DDT;µg/L;0;< 0,00050;705332;4207772;70042;TERCIARIO DE TORREVIEJA;Torrevieja;ALICANTE;748;TERCIARIO DE TORREVIEJA;TERCIARIO DE TORREVIEJA;320;Comunidad Valenciana
CA0748001;09/08/2022;SE;SELENIO;µg/L Se;22;2,2;705332;4207772;70042;TERCIARIO DE TORREVIEJA;Torrevieja;ALICANTE;748;TERCIARIO DE TORREVIEJA;TERCIARIO DE TORREVIEJA;320;Comunidad Valenciana
CA0748001;09/08/2022;SECBUTB;SEC-BUTILBENCENO;µg/L;0;< 1,0;705332;4207772;70042;TERCIARIO DE TORREVIEJA;Torrevieja;ALICANTE;748;TERCIARIO DE TORREVIEJA;TERCIARIO DE TORREVIEJA;320;Comunidad Valenciana
CA0748001;09/08/2022;SIMAZINA;Simazina;µg/L;0;< 0,050;705332;4207772;70042;TERCIARIO DE TORREVIEJA;Torrevieja;ALICANTE;748;TERCIARIO DE TORREVIEJA;TERCIARIO DE TORREVIEJA;320;Comunidad Valenciana
CA0748001;09/08/2022;SUMAXILENO;Xileno (dimetilbenceno) (suma o-, m- y p-xileno);µg/L;0;< 3,0;705332;4207772;70042;TERCIARIO DE TORREVIEJA;Torrevieja;ALICANTE;748;TERCIARIO DE TORREVIEJA;TERCIARIO DE TORREVIEJA;320;Comunidad Valenciana
CA0748001;09/08/2022;SUMCIPER;CIPERMETRINA (SUMA ISOMEROS ALFA+BETA+TETA+ZETA);µg/L;0;< 0,00008;705332;4207772;70042;TERCIARIO DE TORREVIEJA;Torrevieja;ALICANTE;748;TERCIARIO DE TORREVIEJA;TERCIARIO DE TORREVIEJA;320;Comunidad Valenciana
CA0748001;09/08/2022;SUMDCB;Diclorobenceno (suma isómeros);µg/L;0;< 3,0;705332;4207772;70042;TERCIARIO DE TORREVIEJA;Torrevieja;ALICANTE;748;TERCIARIO DE TORREVIEJA;TERCIARIO DE TORREVIEJA;320;Comunidad Valenciana
CA0748001;09/08/2022;SUMDDT;DDT TOTAL (SUMA P,P'-DDT+O,P'-DDT+P,P'-DDE+P,P'-DDD);µg/L;0;< 0,00100;705332;4207772;70042;TERCIARIO DE TORREVIEJA;Torrevieja;ALICANTE;748;TERCIARIO DE TORREVIEJA;TERCIARIO DE TORREVIEJA;320;Comunidad Valenciana
CA0748001;09/08/2022;SUMHCH;HEXACLOROCICLOHEXANO (HCH) (SUMA ISOMEROS);µg/L;0;< 0,00060;705332;4207772;70042;TERCIARIO DE TORREVIEJA;Torrevieja;ALICANTE;748;TERCIARIO DE TORREVIEJA;TERCIARIO DE TORREVIEJA;320;Comunidad Valenciana
CA0748001;09/08/2022;SUMTCBEN;"Triclorobenceno (suma isómeros 1,2,3-; 1,2,4- y 1,3,5- TCB)";µg/L;0;< 0,18;705332;4207772;70042;TERCIARIO DE TORREVIEJA;Torrevieja;ALICANTE;748;TERCIARIO DE TORREVIEJA;TERCIARIO DE TORREVIEJA;320;Comunidad Valenciana
CA0748001;09/08/2022;SUO4;Sulfatos;mg/L SO4;1360;136;705332;4207772;70042;TERCIARIO DE TORREVIEJA;Torrevieja;ALICANTE;748;TERCIARIO DE TORREVIEJA;TERCIARIO DE TORREVIEJA;320;Comunidad Valenciana
CA0748001;09/08/2022;TAGUA;"TEMPERATURA ""IN SITU""";ºC;241;24,1;705332;4207772;70042;TERCIARIO DE TORREVIEJA;Torrevieja;ALICANTE;748;TERCIARIO DE TORREVIEJA;TERCIARIO DE TORREVIEJA;320;Comunidad Valenciana
CA0748001;09/08/2022;TBUTB;TERC-BUTILBENCENO;µg/L;0;< 1,0;705332;4207772;70042;TERCIARIO DE TORREVIEJA;Torrevieja;ALICANTE;748;TERCIARIO DE TORREVIEJA;TERCIARIO DE TORREVIEJA;320;Comunidad Valenciana
CA0748001;09/08/2022;TCB123;1,2,3-Triclorobenceno;µg/L;0;< 0,060;705332;4207772;70042;TERCIARIO DE TORREVIEJA;Torrevieja;ALICANTE;748;TERCIARIO DE TORREVIEJA;TERCIARIO DE TORREVIEJA;320;Comunidad Valenciana
CA0748001;09/08/2022;TCB124;1,2,4-Triclorobenceno;µg/L;0;< 0,060;705332;4207772;70042;TERCIARIO DE TORREVIEJA;Torrevieja;ALICANTE;748;TERCIARIO DE TORREVIEJA;TERCIARIO DE TORREVIEJA;320;Comunidad Valenciana
CA0748001;09/08/2022;TCB135;1,3,5-Triclorobenceno;µg/L;0;< 0,060;705332;4207772;70042;TERCIARIO DE TORREVIEJA;Torrevieja;ALICANTE;748;TERCIARIO DE TORREVIEJA;TERCIARIO DE TORREVIEJA;320;Comunidad Valenciana
CA0748001;09/08/2022;TCE;1,1,1-TRICLOROETANO;µg/L;0;< 1,0;705332;4207772;70042;TERCIARIO DE TORREVIEJA;Torrevieja;ALICANTE;748;TERCIARIO DE TORREVIEJA;TERCIARIO DE TORREVIEJA;320;Comunidad Valenciana
CA0748001;09/08/2022;TERAZ;Terbutilazina;µg/L;0;< 0,010;705332;4207772;70042;TERCIARIO DE TORREVIEJA;Torrevieja;ALICANTE;748;TERCIARIO DE TORREVIEJA;TERCIARIO DE TORREVIEJA;320;Comunidad Valenciana
CA0748001;09/08/2022;TERBUTRINA;Terbutrina;µg/L;0;< 0,050;705332;4207772;70042;TERCIARIO DE TORREVIEJA;Torrevieja;ALICANTE;748;TERCIARIO DE TORREVIEJA;TERCIARIO DE TORREVIEJA;320;Comunidad Valenciana
CA0748001;09/08/2022;TETRA;Tetracloruro de carbono (Tetraclorometano, Perclorometano);µg/L;0;< 1,0;705332;4207772;70042;TERCIARIO DE TORREVIEJA;Torrevieja;ALICANTE;748;TERCIARIO DE TORREVIEJA;TERCIARIO DE TORREVIEJA;320;Comunidad Valenciana
CA0748001;09/08/2022;TETRTRI;Tricloroetileno + Tetracloroetileno (Percloroetileno);µg/L;0;< 2,0;705332;4207772;70042;TERCIARIO DE TORREVIEJA;Torrevieja;ALICANTE;748;TERCIARIO DE TORREVIEJA;TERCIARIO DE TORREVIEJA;320;Comunidad Valenciana
CA0748001;09/08/2022;THMBR;DIBROMOMETANO;µg/L;0;< 1,0;705332;4207772;70042;TERCIARIO DE TORREVIEJA;Torrevieja;ALICANTE;748;TERCIARIO DE TORREVIEJA;TERCIARIO DE TORREVIEJA;320;Comunidad Valenciana
CA0748001;09/08/2022;THMBR2CL;Bromodiclorometano;µg/l;0;< 1,0;705332;4207772;70042;TERCIARIO DE TORREVIEJA;Torrevieja;ALICANTE;748;TERCIARIO DE TORREVIEJA;TERCIARIO DE TORREVIEJA;320;Comunidad Valenciana
CA0748001;09/08/2022;THMBRCL;BROMOCLOROMETANO;µg/L;0;< 1,0;705332;4207772;70042;TERCIARIO DE TORREVIEJA;Torrevieja;ALICANTE;748;TERCIARIO DE TORREVIEJA;TERCIARIO DE TORREVIEJA;320;Comunidad Valenciana
CA0748001;09/08/2022;THMBRCL2;DIBROMOCLOROMETANO (Trihalometanos);µg/L;0;< 1,0;705332;4207772;70042;TERCIARIO DE TORREVIEJA;Torrevieja;ALICANTE;748;TERCIARIO DE TORREVIEJA;TERCIARIO DE TORREVIEJA;320;Comunidad Valenciana
CA0748001;09/08/2022;THMBRF;BROMOFORMO;µg/L;0;< 1,0;705332;4207772;70042;TERCIARIO DE TORREVIEJA;Torrevieja;ALICANTE;748;TERCIARIO DE TORREVIEJA;TERCIARIO DE TORREVIEJA;320;Comunidad Valenciana
CA0748001;09/08/2022;THMDCM;DICLOROMETANO;µg/L;0;< 20;705332;4207772;70042;TERCIARIO DE TORREVIEJA;Torrevieja;ALICANTE;748;TERCIARIO DE TORREVIEJA;TERCIARIO DE TORREVIEJA;320;Comunidad Valenciana
CA0748001;09/08/2022;TMB1;1,2,4-trimetilbenceno;µg/l;0;< 1,0;705332;4207772;70042;TERCIARIO DE TORREVIEJA;Torrevieja;ALICANTE;748;TERCIARIO DE TORREVIEJA;TERCIARIO DE TORREVIEJA;320;Comunidad Valenciana
CA0748001;09/08/2022;TMB2;1,3,5-TRIMETILBENCENO;µg/L;0;< 1,0;705332;4207772;70042;TERCIARIO DE TORREVIEJA;Torrevieja;ALICANTE;748;TERCIARIO DE TORREVIEJA;TERCIARIO DE TORREVIEJA;320;Comunidad Valenciana
CA0748001;09/08/2022;TOL;Tolueno (Metilbenceno);µg/L;0;< 1,0;705332;4207772;70042;TERCIARIO DE TORREVIEJA;Torrevieja;ALICANTE;748;TERCIARIO DE TORREVIEJA;TERCIARIO DE TORREVIEJA;320;Comunidad Valenciana
CA0748001;09/08/2022;TRIAZO_2;TRIAZOFOS;µg/L;0;< 0,0100;705332;4207772;70042;TERCIARIO DE TORREVIEJA;Torrevieja;ALICANTE;748;TERCIARIO DE TORREVIEJA;TERCIARIO DE TORREVIEJA;320;Comunidad Valenciana
CA0748001;09/08/2022;TRICLOET;Tricloroetileno (TRI);µg/L;0;< 1,0;705332;4207772;70042;TERCIARIO DE TORREVIEJA;Torrevieja;ALICANTE;748;TERCIARIO DE TORREVIEJA;TERCIARIO DE TORREVIEJA;320;Comunidad Valenciana
CA0748001;09/08/2022;TRIFLURALINA;Trifluralina;µg/L;0;< 0,0060;705332;4207772;70042;TERCIARIO DE TORREVIEJA;Torrevieja;ALICANTE;748;TERCIARIO DE TORREVIEJA;TERCIARIO DE TORREVIEJA;320;Comunidad Valenciana
CA0748001;09/08/2022;XILM+P;SUMA M+P XILENO;µg/L;0;< 2,0;705332;4207772;70042;TERCIARIO DE TORREVIEJA;Torrevieja;ALICANTE;748;TERCIARIO DE TORREVIEJA;TERCIARIO DE TORREVIEJA;320;Comunidad Valenciana
CA0748001;09/08/2022;XIL-O;O-XILENO;µg/L;0;< 1,0;705332;4207772;70042;TERCIARIO DE TORREVIEJA;Torrevieja;ALICANTE;748;TERCIARIO DE TORREVIEJA;TERCIARIO DE TORREVIEJA;320;Comunidad Valenciana
CA0748001;09/08/2022;ZN;ZINC;µg/l Zn;180;18;705332;4207772;70042;TERCIARIO DE TORREVIEJA;Torrevieja;ALICANTE;748;TERCIARIO DE TORREVIEJA;TERCIARIO DE TORREVIEJA;320;Comunidad Valenciana
CA0748001;25/10/2022;12DIBR;1,2-DIBROMOETANO;µg/L;0;< 1,0;705332;4207772;70042;TERCIARIO DE TORREVIEJA;Torrevieja;ALICANTE;748;TERCIARIO DE TORREVIEJA;TERCIARIO DE TORREVIEJA;320;Comunidad Valenciana
CA0748001;25/10/2022;2BR2CLPRO;1,2-DIBROMO-3-CLOROPROPANO;µg/L;0;< 2,0;705332;4207772;70042;TERCIARIO DE TORREVIEJA;Torrevieja;ALICANTE;748;TERCIARIO DE TORREVIEJA;TERCIARIO DE TORREVIEJA;320;Comunidad Valenciana
CA0748001;25/10/2022;2CLETA;1,1-DICLOROETANO;µg/L;0;< 1,0;705332;4207772;70042;TERCIARIO DE TORREVIEJA;Torrevieja;ALICANTE;748;TERCIARIO DE TORREVIEJA;TERCIARIO DE TORREVIEJA;320;Comunidad Valenciana
CA0748001;25/10/2022;2CLETE;1,1-DICLOROETENO;µg/L;0;< 1,0;705332;4207772;70042;TERCIARIO DE TORREVIEJA;Torrevieja;ALICANTE;748;TERCIARIO DE TORREVIEJA;TERCIARIO DE TORREVIEJA;320;Comunidad Valenciana
CA0748001;25/10/2022;2CLETE2;1,2-DICLOROETENO;µg/L;0;< 2,0;705332;4207772;70042;TERCIARIO DE TORREVIEJA;Torrevieja;ALICANTE;748;TERCIARIO DE TORREVIEJA;TERCIARIO DE TORREVIEJA;320;Comunidad Valenciana
CA0748001;25/10/2022;2CLETEN;TRANS-1,2-DICLOROETENO;µg/L;0;< 1,0;705332;4207772;70042;TERCIARIO DE TORREVIEJA;Torrevieja;ALICANTE;748;TERCIARIO DE TORREVIEJA;TERCIARIO DE TORREVIEJA;320;Comunidad Valenciana
CA0748001;25/10/2022;2CLPRO;1,3-DICLOROPROPANO;µg/L;0;< 1,0;705332;4207772;70042;TERCIARIO DE TORREVIEJA;Torrevieja;ALICANTE;748;TERCIARIO DE TORREVIEJA;TERCIARIO DE TORREVIEJA;320;Comunidad Valenciana
CA0748001;25/10/2022;2CLPROCIS;CIS-1,3-DICLOROPROPENO;µg/L;0;< 1,0;705332;4207772;70042;TERCIARIO DE TORREVIEJA;Torrevieja;ALICANTE;748;TERCIARIO DE TORREVIEJA;TERCIARIO DE TORREVIEJA;320;Comunidad Valenciana
CA0748001;25/10/2022;2CLPROPA;1,2-DICLOROPROPANO;µg/L;0;< 1,0;705332;4207772;70042;TERCIARIO DE TORREVIEJA;Torrevieja;ALICANTE;748;TERCIARIO DE TORREVIEJA;TERCIARIO DE TORREVIEJA;320;Comunidad Valenciana
CA0748001;25/10/2022;2CLPROPA2;2,2-DICLOROPROPANO;µg/L;0;< 1,0;705332;4207772;70042;TERCIARIO DE TORREVIEJA;Torrevieja;ALICANTE;748;TERCIARIO DE TORREVIEJA;TERCIARIO DE TORREVIEJA;320;Comunidad Valenciana
CA0748001;25/10/2022;2CLPROPE;1,1-DICLOROPROPENO;µg/L;0;< 1,0;705332;4207772;70042;TERCIARIO DE TORREVIEJA;Torrevieja;ALICANTE;748;TERCIARIO DE TORREVIEJA;TERCIARIO DE TORREVIEJA;320;Comunidad Valenciana
CA0748001;25/10/2022;2CLPROPE2;TRANS-1,3-DICLOROPROPENO;µg/L;0;< 1,0;705332;4207772;70042;TERCIARIO DE TORREVIEJA;Torrevieja;ALICANTE;748;TERCIARIO DE TORREVIEJA;TERCIARIO DE TORREVIEJA;320;Comunidad Valenciana
CA0748001;25/10/2022;3CLETA;1,1,2-TRICLOROETANO;µg/L;0;< 1,0;705332;4207772;70042;TERCIARIO DE TORREVIEJA;Torrevieja;ALICANTE;748;TERCIARIO DE TORREVIEJA;TERCIARIO DE TORREVIEJA;320;Comunidad Valenciana
CA0748001;25/10/2022;3CLPRO;1,2,3-TRICLOROPROPANO;µg/L;0;< 1,0;705332;4207772;70042;TERCIARIO DE TORREVIEJA;Torrevieja;ALICANTE;748;TERCIARIO DE TORREVIEJA;TERCIARIO DE TORREVIEJA;320;Comunidad Valenciana
CA0748001;25/10/2022;4CLETA;1,1,1,2-TETRACLOROETANO;µg/L;0;< 1,0;705332;4207772;70042;TERCIARIO DE TORREVIEJA;Torrevieja;ALICANTE;748;TERCIARIO DE TORREVIEJA;TERCIARIO DE TORREVIEJA;320;Comunidad Valenciana
CA0748001;25/10/2022;4CLETA2;1,1,2,2-TETRACLOROETANO;µg/L;0;< 1,0;705332;4207772;70042;TERCIARIO DE TORREVIEJA;Torrevieja;ALICANTE;748;TERCIARIO DE TORREVIEJA;TERCIARIO DE TORREVIEJA;320;Comunidad Valenciana
CA0748001;25/10/2022;6CLET;HEXACLOROETANO;µg/L;0;< 1,0;705332;4207772;70042;TERCIARIO DE TORREVIEJA;Torrevieja;ALICANTE;748;TERCIARIO DE TORREVIEJA;TERCIARIO DE TORREVIEJA;320;Comunidad Valenciana
CA0748001;25/10/2022;ACLONIFE;ACLONIFENO;µg/L;0;< 0,00200;705332;4207772;70042;TERCIARIO DE TORREVIEJA;Torrevieja;ALICANTE;748;TERCIARIO DE TORREVIEJA;TERCIARIO DE TORREVIEJA;320;Comunidad Valenciana
CA0748001;25/10/2022;ALACLORO;ALACLORO;µg/L;0;< 0,01000;705332;4207772;70042;TERCIARIO DE TORREVIEJA;Torrevieja;ALICANTE;748;TERCIARIO DE TORREVIEJA;TERCIARIO DE TORREVIEJA;320;Comunidad Valenciana
CA0748001;25/10/2022;ALDRIN;ALDRINA;µg/L;0;< 0,00025;705332;4207772;70042;TERCIARIO DE TORREVIEJA;Torrevieja;ALICANTE;748;TERCIARIO DE TORREVIEJA;TERCIARIO DE TORREVIEJA;320;Comunidad Valenciana
CA0748001;25/10/2022;AMETRINA;AMETRINA;µg/L;0;< 0,050;705332;4207772;70042;TERCIARIO DE TORREVIEJA;Torrevieja;ALICANTE;748;TERCIARIO DE TORREVIEJA;TERCIARIO DE TORREVIEJA;320;Comunidad Valenciana
CA0748001;25/10/2022;AS;ARSENICO;µg/L As;0;< 5,0;705332;4207772;70042;TERCIARIO DE TORREVIEJA;Torrevieja;ALICANTE;748;TERCIARIO DE TORREVIEJA;TERCIARIO DE TORREVIEJA;320;Comunidad Valenciana
CA0748001;25/10/2022;ATRAZINA;ATRAZINA;µg/L;0;< 0,010;705332;4207772;70042;TERCIARIO DE TORREVIEJA;Torrevieja;ALICANTE;748;TERCIARIO DE TORREVIEJA;TERCIARIO DE TORREVIEJA;320;Comunidad Valenciana
CA0748001;25/10/2022;B;BORO;µg/L B;5600;560;705332;4207772;70042;TERCIARIO DE TORREVIEJA;Torrevieja;ALICANTE;748;TERCIARIO DE TORREVIEJA;TERCIARIO DE TORREVIEJA;320;Comunidad Valenciana
CA0748001;25/10/2022;BENCENO;BENCENO;µg/L;0;< 0,30;705332;4207772;70042;TERCIARIO DE TORREVIEJA;Torrevieja;ALICANTE;748;TERCIARIO DE TORREVIEJA;TERCIARIO DE TORREVIEJA;320;Comunidad Valenciana
CA0748001;25/10/2022;BICARB;BICARBONATOS;mg/L HCO3-;2300;230;705332;4207772;70042;TERCIARIO DE TORREVIEJA;Torrevieja;ALICANTE;748;TERCIARIO DE TORREVIEJA;TERCIARIO DE TORREVIEJA;320;Comunidad Valenciana
CA0748001;25/10/2022;BIFEN;BIFENOX;µg/L;0;< 0,00120;705332;4207772;70042;TERCIARIO DE TORREVIEJA;Torrevieja;ALICANTE;748;TERCIARIO DE TORREVIEJA;TERCIARIO DE TORREVIEJA;320;Comunidad Valenciana
CA0748001;25/10/2022;BRB;BROMOBENCENO;µg/L;0;< 1,0;705332;4207772;70042;TERCIARIO DE TORREVIEJA;Torrevieja;ALICANTE;748;TERCIARIO DE TORREVIEJA;TERCIARIO DE TORREVIEJA;320;Comunidad Valenciana
CA0748001;25/10/2022;BRFOSETIL;BROMOFOS ETIL;µg/L;0;< 0,010;705332;4207772;70042;TERCIARIO DE TORREVIEJA;Torrevieja;ALICANTE;748;TERCIARIO DE TORREVIEJA;TERCIARIO DE TORREVIEJA;320;Comunidad Valenciana
CA0748001;25/10/2022;CA;CALCIO;mg/L Ca;440;44;705332;4207772;70042;TERCIARIO DE TORREVIEJA;Torrevieja;ALICANTE;748;TERCIARIO DE TORREVIEJA;TERCIARIO DE TORREVIEJA;320;Comunidad Valenciana
CA0748001;25/10/2022;CD;CADMIO;µg/L Cd;0;< 0,02;705332;4207772;70042;TERCIARIO DE TORREVIEJA;Torrevieja;ALICANTE;748;TERCIARIO DE TORREVIEJA;TERCIARIO DE TORREVIEJA;320;Comunidad Valenciana
CA0748001;25/10/2022;CIB;CIBUTRINA;µg/L;0;< 0,002;705332;4207772;70042;TERCIARIO DE TORREVIEJA;Torrevieja;ALICANTE;748;TERCIARIO DE TORREVIEJA;TERCIARIO DE TORREVIEJA;320;Comunidad Valenciana
CA0748001;25/10/2022;CL;Cloruros;mg/L Cl;5260;526;705332;4207772;70042;TERCIARIO DE TORREVIEJA;Torrevieja;ALICANTE;748;TERCIARIO DE TORREVIEJA;TERCIARIO DE TORREVIEJA;320;Comunidad Valenciana
CA0748001;25/10/2022;CLF;Cloroformo (Triclorometano);µg/L;34;3,4;705332;4207772;70042;TERCIARIO DE TORREVIEJA;Torrevieja;ALICANTE;748;TERCIARIO DE TORREVIEJA;TERCIARIO DE TORREVIEJA;320;Comunidad Valenciana
CA0748001;25/10/2022;CLOROFENVINFOS;Clorfenvinfos;µg/L;0;< 0,010;705332;4207772;70042;TERCIARIO DE TORREVIEJA;Torrevieja;ALICANTE;748;TERCIARIO DE TORREVIEJA;TERCIARIO DE TORREVIEJA;320;Comunidad Valenciana
CA0748001;25/10/2022;CLOROPIRIFOS;Clorpirifos;µg/L;0;< 0,005;705332;4207772;70042;TERCIARIO DE TORREVIEJA;Torrevieja;ALICANTE;748;TERCIARIO DE TORREVIEJA;TERCIARIO DE TORREVIEJA;320;Comunidad Valenciana
CA0748001;25/10/2022;CLORPIRIPME;CLOROPIRIFOS-METIL;µg/L;0;< 0,0100;705332;4207772;70042;TERCIARIO DE TORREVIEJA;Torrevieja;ALICANTE;748;TERCIARIO DE TORREVIEJA;TERCIARIO DE TORREVIEJA;320;Comunidad Valenciana
CA0748001;25/10/2022;CLTO2;4-CLOROTOLUENO;µg/L;0;< 1,0;705332;4207772;70042;TERCIARIO DE TORREVIEJA;Torrevieja;ALICANTE;748;TERCIARIO DE TORREVIEJA;TERCIARIO DE TORREVIEJA;320;Comunidad Valenciana
CA0748001;25/10/2022;CLTOL;2-CLOROTOLUENO;µg/L;0;< 1,0;705332;4207772;70042;TERCIARIO DE TORREVIEJA;Torrevieja;ALICANTE;748;TERCIARIO DE TORREVIEJA;TERCIARIO DE TORREVIEJA;320;Comunidad Valenciana
CA0748001;25/10/2022;COND20SITU;Conductividad de campo (medida in situ);µS/cm;21680;2168;705332;4207772;70042;TERCIARIO DE TORREVIEJA;Torrevieja;ALICANTE;748;TERCIARIO DE TORREVIEJA;TERCIARIO DE TORREVIEJA;320;Comunidad Valenciana
CA0748001;25/10/2022;CR;CROMO;µg/L Cr;0;< 0,80;705332;4207772;70042;TERCIARIO DE TORREVIEJA;Torrevieja;ALICANTE;748;TERCIARIO DE TORREVIEJA;TERCIARIO DE TORREVIEJA;320;Comunidad Valenciana
CA0748001;25/10/2022;CU;COBRE;µg/L Cu;0;< 0,80;705332;4207772;70042;TERCIARIO DE TORREVIEJA;Torrevieja;ALICANTE;748;TERCIARIO DE TORREVIEJA;TERCIARIO DE TORREVIEJA;320;Comunidad Valenciana
CA0748001;25/10/2022;DCB-M;1,3-diclorobenceno (m-diclorobenceno);µg/L;0;< 1,0;705332;4207772;70042;TERCIARIO DE TORREVIEJA;Torrevieja;ALICANTE;748;TERCIARIO DE TORREVIEJA;TERCIARIO DE TORREVIEJA;320;Comunidad Valenciana
CA0748001;25/10/2022;DCB-P;1,4-diclorobenceno (p-diclorobenceno);µg/L;0;< 1,0;705332;4207772;70042;TERCIARIO DE TORREVIEJA;Torrevieja;ALICANTE;748;TERCIARIO DE TORREVIEJA;TERCIARIO DE TORREVIEJA;320;Comunidad Valenciana
CA0748001;25/10/2022;DCE;1,2-dicloroetano (EDC, cloruro de etileno);µg/L;0;< 1,0;705332;4207772;70042;TERCIARIO DE TORREVIEJA;Torrevieja;ALICANTE;748;TERCIARIO DE TORREVIEJA;TERCIARIO DE TORREVIEJA;320;Comunidad Valenciana
CA0748001;25/10/2022;DCV;DICLORVOS;µg/L;0;< 0,001;705332;4207772;70042;TERCIARIO DE TORREVIEJA;Torrevieja;ALICANTE;748;TERCIARIO DE TORREVIEJA;TERCIARIO DE TORREVIEJA;320;Comunidad Valenciana
CA0748001;25/10/2022;DDDPP;P,P'-DDD;µg/L;0;< 0,00025;705332;4207772;70042;TERCIARIO DE TORREVIEJA;Torrevieja;ALICANTE;748;TERCIARIO DE TORREVIEJA;TERCIARIO DE TORREVIEJA;320;Comunidad Valenciana
CA0748001;25/10/2022;DDEPP;P,P'-DDE;µg/L;0;< 0,00025;705332;4207772;70042;TERCIARIO DE TORREVIEJA;Torrevieja;ALICANTE;748;TERCIARIO DE TORREVIEJA;TERCIARIO DE TORREVIEJA;320;Comunidad Valenciana
CA0748001;25/10/2022;DDTOP;O,P'-DDT;µg/L;0;< 0,00025;705332;4207772;70042;TERCIARIO DE TORREVIEJA;Torrevieja;ALICANTE;748;TERCIARIO DE TORREVIEJA;TERCIARIO DE TORREVIEJA;320;Comunidad Valenciana
CA0748001;25/10/2022;DDTPP;P,P'-DDT;µg/L;0;< 0,00025;705332;4207772;70042;TERCIARIO DE TORREVIEJA;Torrevieja;ALICANTE;748;TERCIARIO DE TORREVIEJA;TERCIARIO DE TORREVIEJA;320;Comunidad Valenciana
CA0748001;25/10/2022;DIAZINON;DIAZINON;µg/L;0;< 0,010;705332;4207772;70042;TERCIARIO DE TORREVIEJA;Torrevieja;ALICANTE;748;TERCIARIO DE TORREVIEJA;TERCIARIO DE TORREVIEJA;320;Comunidad Valenciana
CA0748001;25/10/2022;DICLETE-CIS;CIS-1,2-DICLOROETENO;µg/L;0;< 1,0;705332;4207772;70042;TERCIARIO DE TORREVIEJA;Torrevieja;ALICANTE;748;TERCIARIO DE TORREVIEJA;TERCIARIO DE TORREVIEJA;320;Comunidad Valenciana
CA0748001;25/10/2022;DICOFOL;DICOFOL (P,P'-DICOFOL);µg/L;0;< 0,00039;705332;4207772;70042;TERCIARIO DE TORREVIEJA;Torrevieja;ALICANTE;748;TERCIARIO DE TORREVIEJA;TERCIARIO DE TORREVIEJA;320;Comunidad Valenciana
CA0748001;25/10/2022;DIELDRIN;Dieldrin;µg/L;0;< 0,00015;705332;4207772;70042;TERCIARIO DE TORREVIEJA;Torrevieja;ALICANTE;748;TERCIARIO DE TORREVIEJA;TERCIARIO DE TORREVIEJA;320;Comunidad Valenciana
CA0748001;25/10/2022;DIMETOATO;Dimetoato;µg/L;0;< 0,030;705332;4207772;70042;TERCIARIO DE TORREVIEJA;Torrevieja;ALICANTE;748;TERCIARIO DE TORREVIEJA;TERCIARIO DE TORREVIEJA;320;Comunidad Valenciana
CA0748001;25/10/2022;DIURON;DIURON;µg/L;0;< 0,050;705332;4207772;70042;TERCIARIO DE TORREVIEJA;Torrevieja;ALICANTE;748;TERCIARIO DE TORREVIEJA;TERCIARIO DE TORREVIEJA;320;Comunidad Valenciana
CA0748001;25/10/2022;DQO;DQO o Demanda Química de Oxígeno;mg/L O2;0;< 15;705332;4207772;70042;TERCIARIO DE TORREVIEJA;Torrevieja;ALICANTE;748;TERCIARIO DE TORREVIEJA;TERCIARIO DE TORREVIEJA;320;Comunidad Valenciana
CA0748001;25/10/2022;ENDOS;ENDOSULFAN (SUMA ISOMEROS ALFA+BETA);µg/L;0;< 0,00005;705332;4207772;70042;TERCIARIO DE TORREVIEJA;Torrevieja;ALICANTE;748;TERCIARIO DE TORREVIEJA;TERCIARIO DE TORREVIEJA;320;Comunidad Valenciana
CA0748001;25/10/2022;ENDOSULFAN;ALFA-ENDOSULFAN;µg/L;0;< 0,00005;705332;4207772;70042;TERCIARIO DE TORREVIEJA;Torrevieja;ALICANTE;748;TERCIARIO DE TORREVIEJA;TERCIARIO DE TORREVIEJA;320;Comunidad Valenciana
CA0748001;25/10/2022;ENDOSULFAN-BETA;BETA-ENDOSULFAN;µg/L;0;< 0,00005;705332;4207772;70042;TERCIARIO DE TORREVIEJA;Torrevieja;ALICANTE;748;TERCIARIO DE TORREVIEJA;TERCIARIO DE TORREVIEJA;320;Comunidad Valenciana
CA0748001;25/10/2022;ENDRIN;ENDRINA;µg/L;0;< 0,00150;705332;4207772;70042;TERCIARIO DE TORREVIEJA;Torrevieja;ALICANTE;748;TERCIARIO DE TORREVIEJA;TERCIARIO DE TORREVIEJA;320;Comunidad Valenciana
CA0748001;25/10/2022;ENDRINCE;Endrin cetona;µg/L;0;< 0,00025;705332;4207772;70042;TERCIARIO DE TORREVIEJA;Torrevieja;ALICANTE;748;TERCIARIO DE TORREVIEJA;TERCIARIO DE TORREVIEJA;320;Comunidad Valenciana
CA0748001;25/10/2022;ETBENCENO;Etilbenceno;µg/L;0;< 1,0;705332;4207772;70042;TERCIARIO DE TORREVIEJA;Torrevieja;ALICANTE;748;TERCIARIO DE TORREVIEJA;TERCIARIO DE TORREVIEJA;320;Comunidad Valenciana
CA0748001;25/10/2022;ETPARATION;Paration (paration etilo);µg/L;0;< 0,010;705332;4207772;70042;TERCIARIO DE TORREVIEJA;Torrevieja;ALICANTE;748;TERCIARIO DE TORREVIEJA;TERCIARIO DE TORREVIEJA;320;Comunidad Valenciana
CA0748001;25/10/2022;FE;HIERRO;µg/L;0;< 50;705332;4207772;70042;TERCIARIO DE TORREVIEJA;Torrevieja;ALICANTE;748;TERCIARIO DE TORREVIEJA;TERCIARIO DE TORREVIEJA;320;Comunidad Valenciana
CA0748001;25/10/2022;FENCLORFOS;FENCLORFOS;µg/L;0;< 0,010;705332;4207772;70042;TERCIARIO DE TORREVIEJA;Torrevieja;ALICANTE;748;TERCIARIO DE TORREVIEJA;TERCIARIO DE TORREVIEJA;320;Comunidad Valenciana
CA0748001;25/10/2022;FONO;FONOFOS;µg/L;0;< 0,010;705332;4207772;70042;TERCIARIO DE TORREVIEJA;Torrevieja;ALICANTE;748;TERCIARIO DE TORREVIEJA;TERCIARIO DE TORREVIEJA;320;Comunidad Valenciana
CA0748001;25/10/2022;HCB;Hexaclorobenceno (HCB, Perclorobenceno);µg/L;0;< 0,00250;705332;4207772;70042;TERCIARIO DE TORREVIEJA;Torrevieja;ALICANTE;748;TERCIARIO DE TORREVIEJA;TERCIARIO DE TORREVIEJA;320;Comunidad Valenciana
CA0748001;25/10/2022;HCBD;Hexaclorobutadieno (HCBD, Hexacloro-1,3-Butadieno);µg/L;0;< 0,060;705332;4207772;70042;TERCIARIO DE TORREVIEJA;Torrevieja;ALICANTE;748;TERCIARIO DE TORREVIEJA;TERCIARIO DE TORREVIEJA;320;Comunidad Valenciana
CA0748001;25/10/2022;HCHALFA;ALFA-HCH;µg/L;0;< 0,00005;705332;4207772;70042;TERCIARIO DE TORREVIEJA;Torrevieja;ALICANTE;748;TERCIARIO DE TORREVIEJA;TERCIARIO DE TORREVIEJA;320;Comunidad Valenciana
CA0748001;25/10/2022;HCHBETA;BETA-HCH;µg/L;0;< 0,00015;705332;4207772;70042;TERCIARIO DE TORREVIEJA;Torrevieja;ALICANTE;748;TERCIARIO DE TORREVIEJA;TERCIARIO DE TORREVIEJA;320;Comunidad Valenciana
CA0748001;25/10/2022;HCHDELTA;DELTA-HCH;µg/L;0;< 0,00015;705332;4207772;70042;TERCIARIO DE TORREVIEJA;Torrevieja;ALICANTE;748;TERCIARIO DE TORREVIEJA;TERCIARIO DE TORREVIEJA;320;Comunidad Valenciana
CA0748001;25/10/2022;HEPTACL;Heptacloro;µg/L;0;< 0,00005;705332;4207772;70042;TERCIARIO DE TORREVIEJA;Torrevieja;ALICANTE;748;TERCIARIO DE TORREVIEJA;TERCIARIO DE TORREVIEJA;320;Comunidad Valenciana
CA0748001;25/10/2022;HEPTACLEPO;EPOXIDO DE HEPTACLORO;µg/L;0;< 0,00005;705332;4207772;70042;TERCIARIO DE TORREVIEJA;Torrevieja;ALICANTE;748;TERCIARIO DE TORREVIEJA;TERCIARIO DE TORREVIEJA;320;Comunidad Valenciana
CA0748001;25/10/2022;HG;MERCURIO;µg/L Hg;0;< 0,045;705332;4207772;70042;TERCIARIO DE TORREVIEJA;Torrevieja;ALICANTE;748;TERCIARIO DE TORREVIEJA;TERCIARIO DE TORREVIEJA;320;Comunidad Valenciana
CA0748001;25/10/2022;IMAZALIL;IMAZALIL;µg/L;0;< 0,030;705332;4207772;70042;TERCIARIO DE TORREVIEJA;Torrevieja;ALICANTE;748;TERCIARIO DE TORREVIEJA;TERCIARIO DE TORREVIEJA;320;Comunidad Valenciana
CA0748001;25/10/2022;ISODRIN;Isodrin;µg/L;0;< 0,00010;705332;4207772;70042;TERCIARIO DE TORREVIEJA;Torrevieja;ALICANTE;748;TERCIARIO DE TORREVIEJA;TERCIARIO DE TORREVIEJA;320;Comunidad Valenciana
CA0748001;25/10/2022;ISOPROPB;Isopropilbenceno (cumeno);µg/L;0;< 1,0;705332;4207772;70042;TERCIARIO DE TORREVIEJA;Torrevieja;ALICANTE;748;TERCIARIO DE TORREVIEJA;TERCIARIO DE TORREVIEJA;320;Comunidad Valenciana
CA0748001;25/10/2022;ISOPROPILTO;4-ISOPROPILTOLUENO;µg/L;0;< 1,0;705332;4207772;70042;TERCIARIO DE TORREVIEJA;Torrevieja;ALICANTE;748;TERCIARIO DE TORREVIEJA;TERCIARIO DE TORREVIEJA;320;Comunidad Valenciana
CA0748001;25/10/2022;ISOPROTURON;Isoproturón;µg/L;0;< 0,050;705332;4207772;70042;TERCIARIO DE TORREVIEJA;Torrevieja;ALICANTE;748;TERCIARIO DE TORREVIEJA;TERCIARIO DE TORREVIEJA;320;Comunidad Valenciana
CA0748001;25/10/2022;K;POTASIO;mg/L K;200;20;705332;4207772;70042;TERCIARIO DE TORREVIEJA;Torrevieja;ALICANTE;748;TERCIARIO DE TORREVIEJA;TERCIARIO DE TORREVIEJA;320;Comunidad Valenciana
CA0748001;25/10/2022;LIND;GAMMA-HCH (LINDANO);µg/L;0;< 0,00025;705332;4207772;70042;TERCIARIO DE TORREVIEJA;Torrevieja;ALICANTE;748;TERCIARIO DE TORREVIEJA;TERCIARIO DE TORREVIEJA;320;Comunidad Valenciana
CA0748001;25/10/2022;MCB;Clorobenceno (monoclorobenceno);µg/L;0;< 1,0;705332;4207772;70042;TERCIARIO DE TORREVIEJA;Torrevieja;ALICANTE;748;TERCIARIO DE TORREVIEJA;TERCIARIO DE TORREVIEJA;320;Comunidad Valenciana
CA0748001;25/10/2022;METOLACLORO;Metolacloro;µg/L;0;< 0,01000;705332;4207772;70042;TERCIARIO DE TORREVIEJA;Torrevieja;ALICANTE;748;TERCIARIO DE TORREVIEJA;TERCIARIO DE TORREVIEJA;320;Comunidad Valenciana
CA0748001;25/10/2022;MG;MAGNESIO;mg/L Mg;350;35;705332;4207772;70042;TERCIARIO DE TORREVIEJA;Torrevieja;ALICANTE;748;TERCIARIO DE TORREVIEJA;TERCIARIO DE TORREVIEJA;320;Comunidad Valenciana
CA0748001;25/10/2022;MN;MANGANESO;µg/L Mn;0;< 5,0;705332;4207772;70042;TERCIARIO DE TORREVIEJA;Torrevieja;ALICANTE;748;TERCIARIO DE TORREVIEJA;TERCIARIO DE TORREVIEJA;320;Comunidad Valenciana
CA0748001;25/10/2022;;SODIO;mg/L Na;3860;> 200 (386)*;705332;4207772;70042;TERCIARIO DE TORREVIEJA;Torrevieja;ALICANTE;748;TERCIARIO DE TORREVIEJA;TERCIARIO DE TORREVIEJA;320;Comunidad Valenciana
CA0748001;25/10/2022;NAFTALENO;Naftaleno (naftalina);µg/L;0;< 0,30;705332;4207772;70042;TERCIARIO DE TORREVIEJA;Torrevieja;ALICANTE;748;TERCIARIO DE TORREVIEJA;TERCIARIO DE TORREVIEJA;320;Comunidad Valenciana
CA0748001;25/10/2022;N-BUB;N-BUTILBENCENO;µg/L;0;< 1,0;705332;4207772;70042;TERCIARIO DE TORREVIEJA;Torrevieja;ALICANTE;748;TERCIARIO DE TORREVIEJA;TERCIARIO DE TORREVIEJA;320;Comunidad Valenciana
CA0748001;25/10/2022;NH4;AMONIO;mg/L NH4;0;< 0,05;705332;4207772;70042;TERCIARIO DE TORREVIEJA;Torrevieja;ALICANTE;748;TERCIARIO DE TORREVIEJA;TERCIARIO DE TORREVIEJA;320;Comunidad Valenciana
CA0748001;25/10/2022;NI;NIQUEL;µg/L Ni;0;< 0,80;705332;4207772;70042;TERCIARIO DE TORREVIEJA;Torrevieja;ALICANTE;748;TERCIARIO DE TORREVIEJA;TERCIARIO DE TORREVIEJA;320;Comunidad Valenciana
CA0748001;25/10/2022;NO2;Nitritos;mg/L NO2;0;< 0,02;705332;4207772;70042;TERCIARIO DE TORREVIEJA;Torrevieja;ALICANTE;748;TERCIARIO DE TORREVIEJA;TERCIARIO DE TORREVIEJA;320;Comunidad Valenciana
CA0748001;25/10/2022;NO3;Nitratos;mg/L NO3;320;32;705332;4207772;70042;TERCIARIO DE TORREVIEJA;Torrevieja;ALICANTE;748;TERCIARIO DE TORREVIEJA;TERCIARIO DE TORREVIEJA;320;Comunidad Valenciana
CA0748001;25/10/2022;N-PROPILB;N-PROPILBENCENO;µg/L;0;< 1,0;705332;4207772;70042;TERCIARIO DE TORREVIEJA;Torrevieja;ALICANTE;748;TERCIARIO DE TORREVIEJA;TERCIARIO DE TORREVIEJA;320;Comunidad Valenciana
CA0748001;25/10/2022;NTOTAL;Nitrógeno total;mg/L N;80;8;705332;4207772;70042;TERCIARIO DE TORREVIEJA;Torrevieja;ALICANTE;748;TERCIARIO DE TORREVIEJA;TERCIARIO DE TORREVIEJA;320;Comunidad Valenciana
CA0748001;25/10/2022;O2 DTO;Oxigeno disuelto de campo (medida in situ);mg/L O2;804;8,04;705332;4207772;70042;TERCIARIO DE TORREVIEJA;Torrevieja;ALICANTE;748;TERCIARIO DE TORREVIEJA;TERCIARIO DE TORREVIEJA;320;Comunidad Valenciana
CA0748001;25/10/2022;O-DICLORO;1,2-diclorobenceno (o-diclorobenceno);µg/L;0;< 1,0;705332;4207772;70042;TERCIARIO DE TORREVIEJA;Torrevieja;ALICANTE;748;TERCIARIO DE TORREVIEJA;TERCIARIO DE TORREVIEJA;320;Comunidad Valenciana
CA0748001;25/10/2022;PAHEST;Estireno (etenilbenceno);µg/L;0;< 1,0;705332;4207772;70042;TERCIARIO DE TORREVIEJA;Torrevieja;ALICANTE;748;TERCIARIO DE TORREVIEJA;TERCIARIO DE TORREVIEJA;320;Comunidad Valenciana
CA0748001;25/10/2022;PB;PLOMO;µg/L Pb;0;< 0,30;705332;4207772;70042;TERCIARIO DE TORREVIEJA;Torrevieja;ALICANTE;748;TERCIARIO DE TORREVIEJA;TERCIARIO DE TORREVIEJA;320;Comunidad Valenciana
CA0748001;25/10/2022;PER;Tetracloroetileno (PER, Percloroetileno);µg/L;0;< 1,0;705332;4207772;70042;TERCIARIO DE TORREVIEJA;Torrevieja;ALICANTE;748;TERCIARIO DE TORREVIEJA;TERCIARIO DE TORREVIEJA;320;Comunidad Valenciana
CA0748001;25/10/2022;PHSITU;pH de campo (medida in situ);udpH;733;7,33 (21.8ºC);705332;4207772;70042;TERCIARIO DE TORREVIEJA;Torrevieja;ALICANTE;748;TERCIARIO DE TORREVIEJA;TERCIARIO DE TORREVIEJA;320;Comunidad Valenciana
CA0748001;25/10/2022;PIRIMICARB;PIRIMICARB;µg/L;0;< 0,050;705332;4207772;70042;TERCIARIO DE TORREVIEJA;Torrevieja;ALICANTE;748;TERCIARIO DE TORREVIEJA;TERCIARIO DE TORREVIEJA;320;Comunidad Valenciana
CA0748001;25/10/2022;PO4;Fosfatos;mg/L PO4;0;< 0,04;705332;4207772;70042;TERCIARIO DE TORREVIEJA;Torrevieja;ALICANTE;748;TERCIARIO DE TORREVIEJA;TERCIARIO DE TORREVIEJA;320;Comunidad Valenciana
CA0748001;25/10/2022;PROMETRINA;Prometrina;µg/L;0;< 0,050;705332;4207772;70042;TERCIARIO DE TORREVIEJA;Torrevieja;ALICANTE;748;TERCIARIO DE TORREVIEJA;TERCIARIO DE TORREVIEJA;320;Comunidad Valenciana
CA0748001;25/10/2022;PROPAZINA;Propazina;µg/L;0;< 0,050;705332;4207772;70042;TERCIARIO DE TORREVIEJA;Torrevieja;ALICANTE;748;TERCIARIO DE TORREVIEJA;TERCIARIO DE TORREVIEJA;320;Comunidad Valenciana
CA0748001;25/10/2022;PROPIZAMIDA;PROPIZAMIDA;µg/L;0;< 0,050;705332;4207772;70042;TERCIARIO DE TORREVIEJA;Torrevieja;ALICANTE;748;TERCIARIO DE TORREVIEJA;TERCIARIO DE TORREVIEJA;320;Comunidad Valenciana
CA0748001;25/10/2022;PTOTAL;FOSFORO TOTAL;mg/L P;0;< 0,050;705332;4207772;70042;TERCIARIO DE TORREVIEJA;Torrevieja;ALICANTE;748;TERCIARIO DE TORREVIEJA;TERCIARIO DE TORREVIEJA;320;Comunidad Valenciana
CA0748001;25/10/2022;QUI;Quinoxifeno;µg/L;0;< 0,00200;705332;4207772;70042;TERCIARIO DE TORREVIEJA;Torrevieja;ALICANTE;748;TERCIARIO DE TORREVIEJA;TERCIARIO DE TORREVIEJA;320;Comunidad Valenciana
CA0748001;25/10/2022;SATINSI;Porcentaje de saturación de oxígeno disuelto de campo (medido in situ);% O2;915;91,5;705332;4207772;70042;TERCIARIO DE TORREVIEJA;Torrevieja;ALICANTE;748;TERCIARIO DE TORREVIEJA;TERCIARIO DE TORREVIEJA;320;Comunidad Valenciana
CA0748001;25/10/2022;S-DDD-DDT;Suma p,p´-DDD + o,p´-DDT;µg/L;0;< 0,00050;705332;4207772;70042;TERCIARIO DE TORREVIEJA;Torrevieja;ALICANTE;748;TERCIARIO DE TORREVIEJA;TERCIARIO DE TORREVIEJA;320;Comunidad Valenciana
CA0748001;25/10/2022;SE;SELENIO;µg/L Se;17;1,7;705332;4207772;70042;TERCIARIO DE TORREVIEJA;Torrevieja;ALICANTE;748;TERCIARIO DE TORREVIEJA;TERCIARIO DE TORREVIEJA;320;Comunidad Valenciana
CA0748001;25/10/2022;SECBUTB;SEC-BUTILBENCENO;µg/L;0;< 1,0;705332;4207772;70042;TERCIARIO DE TORREVIEJA;Torrevieja;ALICANTE;748;TERCIARIO DE TORREVIEJA;TERCIARIO DE TORREVIEJA;320;Comunidad Valenciana
CA0748001;25/10/2022;SIMAZINA;Simazina;µg/L;0;< 0,050;705332;4207772;70042;TERCIARIO DE TORREVIEJA;Torrevieja;ALICANTE;748;TERCIARIO DE TORREVIEJA;TERCIARIO DE TORREVIEJA;320;Comunidad Valenciana
CA0748001;25/10/2022;SUMAXILENO;Xileno (dimetilbenceno) (suma o-, m- y p-xileno);µg/L;0;< 3,0;705332;4207772;70042;TERCIARIO DE TORREVIEJA;Torrevieja;ALICANTE;748;TERCIARIO DE TORREVIEJA;TERCIARIO DE TORREVIEJA;320;Comunidad Valenciana
CA0748001;25/10/2022;SUMCIPER;CIPERMETRINA (SUMA ISOMEROS ALFA+BETA+TETA+ZETA);µg/L;0;< 0,00008;705332;4207772;70042;TERCIARIO DE TORREVIEJA;Torrevieja;ALICANTE;748;TERCIARIO DE TORREVIEJA;TERCIARIO DE TORREVIEJA;320;Comunidad Valenciana
CA0748001;25/10/2022;SUMDCB;Diclorobenceno (suma isómeros);µg/L;0;< 3,0;705332;4207772;70042;TERCIARIO DE TORREVIEJA;Torrevieja;ALICANTE;748;TERCIARIO DE TORREVIEJA;TERCIARIO DE TORREVIEJA;320;Comunidad Valenciana
CA0748001;25/10/2022;SUMDDT;DDT TOTAL (SUMA P,P'-DDT+O,P'-DDT+P,P'-DDE+P,P'-DDD);µg/L;0;< 0,00100;705332;4207772;70042;TERCIARIO DE TORREVIEJA;Torrevieja;ALICANTE;748;TERCIARIO DE TORREVIEJA;TERCIARIO DE TORREVIEJA;320;Comunidad Valenciana
CA0748001;25/10/2022;SUMHCH;HEXACLOROCICLOHEXANO (HCH) (SUMA ISOMEROS);µg/L;0;< 0,00060;705332;4207772;70042;TERCIARIO DE TORREVIEJA;Torrevieja;ALICANTE;748;TERCIARIO DE TORREVIEJA;TERCIARIO DE TORREVIEJA;320;Comunidad Valenciana
CA0748001;25/10/2022;SUMTCBEN;"Triclorobenceno (suma isómeros 1,2,3-; 1,2,4- y 1,3,5- TCB)";µg/L;0;< 0,18;705332;4207772;70042;TERCIARIO DE TORREVIEJA;Torrevieja;ALICANTE;748;TERCIARIO DE TORREVIEJA;TERCIARIO DE TORREVIEJA;320;Comunidad Valenciana
CA0748001;25/10/2022;SUO4;Sulfatos;mg/L SO4;1490;149;705332;4207772;70042;TERCIARIO DE TORREVIEJA;Torrevieja;ALICANTE;748;TERCIARIO DE TORREVIEJA;TERCIARIO DE TORREVIEJA;320;Comunidad Valenciana
CA0748001;25/10/2022;TAGUA;"TEMPERATURA ""IN SITU""";ºC;218;21,8;705332;4207772;70042;TERCIARIO DE TORREVIEJA;Torrevieja;ALICANTE;748;TERCIARIO DE TORREVIEJA;TERCIARIO DE TORREVIEJA;320;Comunidad Valenciana
CA0748001;25/10/2022;TBUTB;TERC-BUTILBENCENO;µg/L;0;< 1,0;705332;4207772;70042;TERCIARIO DE TORREVIEJA;Torrevieja;ALICANTE;748;TERCIARIO DE TORREVIEJA;TERCIARIO DE TORREVIEJA;320;Comunidad Valenciana
CA0748001;25/10/2022;TCB123;1,2,3-Triclorobenceno;µg/L;0;< 0,060;705332;4207772;70042;TERCIARIO DE TORREVIEJA;Torrevieja;ALICANTE;748;TERCIARIO DE TORREVIEJA;TERCIARIO DE TORREVIEJA;320;Comunidad Valenciana
CA0748001;25/10/2022;TCB124;1,2,4-Triclorobenceno;µg/L;0;< 0,060;705332;4207772;70042;TERCIARIO DE TORREVIEJA;Torrevieja;ALICANTE;748;TERCIARIO DE TORREVIEJA;TERCIARIO DE TORREVIEJA;320;Comunidad Valenciana
CA0748001;25/10/2022;TCB135;1,3,5-Triclorobenceno;µg/L;0;< 0,060;705332;4207772;70042;TERCIARIO DE TORREVIEJA;Torrevieja;ALICANTE;748;TERCIARIO DE TORREVIEJA;TERCIARIO DE TORREVIEJA;320;Comunidad Valenciana
CA0748001;25/10/2022;TCE;1,1,1-TRICLOROETANO;µg/L;0;< 1,0;705332;4207772;70042;TERCIARIO DE TORREVIEJA;Torrevieja;ALICANTE;748;TERCIARIO DE TORREVIEJA;TERCIARIO DE TORREVIEJA;320;Comunidad Valenciana
CA0748001;25/10/2022;TERAZ;Terbutilazina;µg/L;0;< 0,010;705332;4207772;70042;TERCIARIO DE TORREVIEJA;Torrevieja;ALICANTE;748;TERCIARIO DE TORREVIEJA;TERCIARIO DE TORREVIEJA;320;Comunidad Valenciana
CA0748001;25/10/2022;TERBUTRINA;Terbutrina;µg/L;0;< 0,050;705332;4207772;70042;TERCIARIO DE TORREVIEJA;Torrevieja;ALICANTE;748;TERCIARIO DE TORREVIEJA;TERCIARIO DE TORREVIEJA;320;Comunidad Valenciana
CA0748001;25/10/2022;TETRA;Tetracloruro de carbono (Tetraclorometano, Perclorometano);µg/L;0;< 1,0;705332;4207772;70042;TERCIARIO DE TORREVIEJA;Torrevieja;ALICANTE;748;TERCIARIO DE TORREVIEJA;TERCIARIO DE TORREVIEJA;320;Comunidad Valenciana
CA0748001;25/10/2022;TETRTRI;Tricloroetileno + Tetracloroetileno (Percloroetileno);µg/L;0;< 2,0;705332;4207772;70042;TERCIARIO DE TORREVIEJA;Torrevieja;ALICANTE;748;TERCIARIO DE TORREVIEJA;TERCIARIO DE TORREVIEJA;320;Comunidad Valenciana
CA0748001;25/10/2022;THMBR;DIBROMOMETANO;µg/L;0;< 1,0;705332;4207772;70042;TERCIARIO DE TORREVIEJA;Torrevieja;ALICANTE;748;TERCIARIO DE TORREVIEJA;TERCIARIO DE TORREVIEJA;320;Comunidad Valenciana
CA0748001;25/10/2022;THMBR2CL;Bromodiclorometano;µg/l;0;< 1,0;705332;4207772;70042;TERCIARIO DE TORREVIEJA;Torrevieja;ALICANTE;748;TERCIARIO DE TORREVIEJA;TERCIARIO DE TORREVIEJA;320;Comunidad Valenciana
CA0748001;25/10/2022;THMBRCL;BROMOCLOROMETANO;µg/L;0;< 1,0;705332;4207772;70042;TERCIARIO DE TORREVIEJA;Torrevieja;ALICANTE;748;TERCIARIO DE TORREVIEJA;TERCIARIO DE TORREVIEJA;320;Comunidad Valenciana
CA0748001;25/10/2022;THMBRCL2;DIBROMOCLOROMETANO (Trihalometanos);µg/L;0;< 1,0;705332;4207772;70042;TERCIARIO DE TORREVIEJA;Torrevieja;ALICANTE;748;TERCIARIO DE TORREVIEJA;TERCIARIO DE TORREVIEJA;320;Comunidad Valenciana
CA0748001;25/10/2022;THMBRF;BROMOFORMO;µg/L;0;< 1,0;705332;4207772;70042;TERCIARIO DE TORREVIEJA;Torrevieja;ALICANTE;748;TERCIARIO DE TORREVIEJA;TERCIARIO DE TORREVIEJA;320;Comunidad Valenciana
CA0748001;25/10/2022;THMDCM;DICLOROMETANO;µg/L;0;< 20;705332;4207772;70042;TERCIARIO DE TORREVIEJA;Torrevieja;ALICANTE;748;TERCIARIO DE TORREVIEJA;TERCIARIO DE TORREVIEJA;320;Comunidad Valenciana
CA0748001;25/10/2022;TMB1;1,2,4-trimetilbenceno;µg/l;0;< 1,0;705332;4207772;70042;TERCIARIO DE TORREVIEJA;Torrevieja;ALICANTE;748;TERCIARIO DE TORREVIEJA;TERCIARIO DE TORREVIEJA;320;Comunidad Valenciana
CA0748001;25/10/2022;TMB2;1,3,5-TRIMETILBENCENO;µg/L;0;< 1,0;705332;4207772;70042;TERCIARIO DE TORREVIEJA;Torrevieja;ALICANTE;748;TERCIARIO DE TORREVIEJA;TERCIARIO DE TORREVIEJA;320;Comunidad Valenciana
CA0748001;25/10/2022;TOL;Tolueno (Metilbenceno);µg/L;0;< 1,0;705332;4207772;70042;TERCIARIO DE TORREVIEJA;Torrevieja;ALICANTE;748;TERCIARIO DE TORREVIEJA;TERCIARIO DE TORREVIEJA;320;Comunidad Valenciana
CA0748001;25/10/2022;TRIAZO_2;TRIAZOFOS;µg/L;0;< 0,010;705332;4207772;70042;TERCIARIO DE TORREVIEJA;Torrevieja;ALICANTE;748;TERCIARIO DE TORREVIEJA;TERCIARIO DE TORREVIEJA;320;Comunidad Valenciana
CA0748001;25/10/2022;TRICLOET;Tricloroetileno (TRI);µg/L;0;< 1,0;705332;4207772;70042;TERCIARIO DE TORREVIEJA;Torrevieja;ALICANTE;748;TERCIARIO DE TORREVIEJA;TERCIARIO DE TORREVIEJA;320;Comunidad Valenciana
CA0748001;25/10/2022;TRIFLURALINA;Trifluralina;µg/L;0;< 0,006;705332;4207772;70042;TERCIARIO DE TORREVIEJA;Torrevieja;ALICANTE;748;TERCIARIO DE TORREVIEJA;TERCIARIO DE TORREVIEJA;320;Comunidad Valenciana
CA0748001;25/10/2022;XILM+P;SUMA M+P XILENO;µg/L;0;< 2,0;705332;4207772;70042;TERCIARIO DE TORREVIEJA;Torrevieja;ALICANTE;748;TERCIARIO DE TORREVIEJA;TERCIARIO DE TORREVIEJA;320;Comunidad Valenciana
CA0748001;25/10/2022;XIL-O;O-XILENO;µg/L;0;< 1,0;705332;4207772;70042;TERCIARIO DE TORREVIEJA;Torrevieja;ALICANTE;748;TERCIARIO DE TORREVIEJA;TERCIARIO DE TORREVIEJA;320;Comunidad Valenciana
CA0748001;25/10/2022;ZN;ZINC;µg/l Zn;130;13;705332;4207772;70042;TERCIARIO DE TORREVIEJA;Torrevieja;ALICANTE;748;TERCIARIO DE TORREVIEJA;TERCIARIO DE TORREVIEJA;320;Comunidad Valenciana
CA0748001;20/02/2023;ACLONIFE;ACLONIFENO;µg/L;0;< 0,00200;705332;4207772;70042;TERCIARIO DE TORREVIEJA;Torrevieja;ALICANTE;748;TERCIARIO DE TORREVIEJA;TERCIARIO DE TORREVIEJA;320;Comunidad Valenciana
CA0748001;20/02/2023;ALACLORO;ALACLORO;µg/L;0;< 0,01000;705332;4207772;70042;TERCIARIO DE TORREVIEJA;Torrevieja;ALICANTE;748;TERCIARIO DE TORREVIEJA;TERCIARIO DE TORREVIEJA;320;Comunidad Valenciana
CA0748001;20/02/2023;ALDRIN;ALDRINA;µg/L;0;< 0,00025;705332;4207772;70042;TERCIARIO DE TORREVIEJA;Torrevieja;ALICANTE;748;TERCIARIO DE TORREVIEJA;TERCIARIO DE TORREVIEJA;320;Comunidad Valenciana
CA0748001;20/02/2023;ATRAZINA;ATRAZINA;µg/L;0;< 0,010;705332;4207772;70042;TERCIARIO DE TORREVIEJA;Torrevieja;ALICANTE;748;TERCIARIO DE TORREVIEJA;TERCIARIO DE TORREVIEJA;320;Comunidad Valenciana
CA0748001;20/02/2023;BICARB;BICARBONATOS;mg/L HCO3-;1690;169;705332;4207772;70042;TERCIARIO DE TORREVIEJA;Torrevieja;ALICANTE;748;TERCIARIO DE TORREVIEJA;TERCIARIO DE TORREVIEJA;320;Comunidad Valenciana
CA0748001;20/02/2023;BIFEN;BIFENOX;µg/L;0;< 0,00120;705332;4207772;70042;TERCIARIO DE TORREVIEJA;Torrevieja;ALICANTE;748;TERCIARIO DE TORREVIEJA;TERCIARIO DE TORREVIEJA;320;Comunidad Valenciana
CA0748001;20/02/2023;BRFOSETIL;BROMOFOS ETIL;µg/L;0;< 0,010;705332;4207772;70042;TERCIARIO DE TORREVIEJA;Torrevieja;ALICANTE;748;TERCIARIO DE TORREVIEJA;TERCIARIO DE TORREVIEJA;320;Comunidad Valenciana
CA0748001;20/02/2023;CA;CALCIO;mg/L Ca;600;60;705332;4207772;70042;TERCIARIO DE TORREVIEJA;Torrevieja;ALICANTE;748;TERCIARIO DE TORREVIEJA;TERCIARIO DE TORREVIEJA;320;Comunidad Valenciana
CA0748001;20/02/2023;CIB;CIBUTRINA;µg/L;0;< 0,002;705332;4207772;70042;TERCIARIO DE TORREVIEJA;Torrevieja;ALICANTE;748;TERCIARIO DE TORREVIEJA;TERCIARIO DE TORREVIEJA;320;Comunidad Valenciana
CA0748001;20/02/2023;CL;Cloruros;mg/L Cl;2100;210;705332;4207772;70042;TERCIARIO DE TORREVIEJA;Torrevieja;ALICANTE;748;TERCIARIO DE TORREVIEJA;TERCIARIO DE TORREVIEJA;320;Comunidad Valenciana
CA0748001;20/02/2023;CLORDANOCIS;CIS-CLORDANO;µg/L;0;< 0,00025;705332;4207772;70042;TERCIARIO DE TORREVIEJA;Torrevieja;ALICANTE;748;TERCIARIO DE TORREVIEJA;TERCIARIO DE TORREVIEJA;320;Comunidad Valenciana
CA0748001;20/02/2023;CLORDANOTR;TRANS-CLORDANO;µg/L;0;< 0,00025;705332;4207772;70042;TERCIARIO DE TORREVIEJA;Torrevieja;ALICANTE;748;TERCIARIO DE TORREVIEJA;TERCIARIO DE TORREVIEJA;320;Comunidad Valenciana
CA0748001;20/02/2023;CLOROFENVINFOS;Clorfenvinfos;µg/L;0;< 0,010;705332;4207772;70042;TERCIARIO DE TORREVIEJA;Torrevieja;ALICANTE;748;TERCIARIO DE TORREVIEJA;TERCIARIO DE TORREVIEJA;320;Comunidad Valenciana
CA0748001;20/02/2023;CLOROPIRIFOS;Clorpirifos;µg/L;0;< 0,005;705332;4207772;70042;TERCIARIO DE TORREVIEJA;Torrevieja;ALICANTE;748;TERCIARIO DE TORREVIEJA;TERCIARIO DE TORREVIEJA;320;Comunidad Valenciana
CA0748001;20/02/2023;CLORPIRIPME;CLOROPIRIFOS-METIL;µg/L;0;< 0,010;705332;4207772;70042;TERCIARIO DE TORREVIEJA;Torrevieja;ALICANTE;748;TERCIARIO DE TORREVIEJA;TERCIARIO DE TORREVIEJA;320;Comunidad Valenciana
CA0748001;20/02/2023;COND20SITU;Conductividad de campo (medida in situ);µS/cm;11190;1119;705332;4207772;70042;TERCIARIO DE TORREVIEJA;Torrevieja;ALICANTE;748;TERCIARIO DE TORREVIEJA;TERCIARIO DE TORREVIEJA;320;Comunidad Valenciana
CA0748001;20/02/2023;DCV;DICLORVOS;µg/L;0;< 0,00060;705332;4207772;70042;TERCIARIO DE TORREVIEJA;Torrevieja;ALICANTE;748;TERCIARIO DE TORREVIEJA;TERCIARIO DE TORREVIEJA;320;Comunidad Valenciana
CA0748001;20/02/2023;DDDPP;P,P'-DDD;µg/L;0;< 0,00025;705332;4207772;70042;TERCIARIO DE TORREVIEJA;Torrevieja;ALICANTE;748;TERCIARIO DE TORREVIEJA;TERCIARIO DE TORREVIEJA;320;Comunidad Valenciana
CA0748001;20/02/2023;DDEPP;P,P'-DDE;µg/L;0;< 0,00025;705332;4207772;70042;TERCIARIO DE TORREVIEJA;Torrevieja;ALICANTE;748;TERCIARIO DE TORREVIEJA;TERCIARIO DE TORREVIEJA;320;Comunidad Valenciana
CA0748001;20/02/2023;DDTOP;O,P'-DDT;µg/L;0;< 0,00025;705332;4207772;70042;TERCIARIO DE TORREVIEJA;Torrevieja;ALICANTE;748;TERCIARIO DE TORREVIEJA;TERCIARIO DE TORREVIEJA;320;Comunidad Valenciana
CA0748001;20/02/2023;DDTPP;P,P'-DDT;µg/L;0;< 0,00025;705332;4207772;70042;TERCIARIO DE TORREVIEJA;Torrevieja;ALICANTE;748;TERCIARIO DE TORREVIEJA;TERCIARIO DE TORREVIEJA;320;Comunidad Valenciana
CA0748001;20/02/2023;DIAZINON;DIAZINON;µg/L;0;< 0,010;705332;4207772;70042;TERCIARIO DE TORREVIEJA;Torrevieja;ALICANTE;748;TERCIARIO DE TORREVIEJA;TERCIARIO DE TORREVIEJA;320;Comunidad Valenciana
CA0748001;20/02/2023;DICOFOL;DICOFOL (P,P'-DICOFOL);µg/L;0;< 0,00039;705332;4207772;70042;TERCIARIO DE TORREVIEJA;Torrevieja;ALICANTE;748;TERCIARIO DE TORREVIEJA;TERCIARIO DE TORREVIEJA;320;Comunidad Valenciana
CA0748001;20/02/2023;DIELDRIN;Dieldrin;µg/L;0;< 0,00015;705332;4207772;70042;TERCIARIO DE TORREVIEJA;Torrevieja;ALICANTE;748;TERCIARIO DE TORREVIEJA;TERCIARIO DE TORREVIEJA;320;Comunidad Valenciana
CA0748001;20/02/2023;DIURON;DIURON;µg/L;0;< 0,030;705332;4207772;70042;TERCIARIO DE TORREVIEJA;Torrevieja;ALICANTE;748;TERCIARIO DE TORREVIEJA;TERCIARIO DE TORREVIEJA;320;Comunidad Valenciana
CA0748001;20/02/2023;DQO;DQO o Demanda Química de Oxígeno;mg/L O2;0;< 15;705332;4207772;70042;TERCIARIO DE TORREVIEJA;Torrevieja;ALICANTE;748;TERCIARIO DE TORREVIEJA;TERCIARIO DE TORREVIEJA;320;Comunidad Valenciana
CA0748001;20/02/2023;ENDOS;ENDOSULFAN (SUMA ISOMEROS ALFA+BETA);µg/L;0;< 0,00010;705332;4207772;70042;TERCIARIO DE TORREVIEJA;Torrevieja;ALICANTE;748;TERCIARIO DE TORREVIEJA;TERCIARIO DE TORREVIEJA;320;Comunidad Valenciana
CA0748001;20/02/2023;ENDOSULFAN;ALFA-ENDOSULFAN;µg/L;0;< 0,00005;705332;4207772;70042;TERCIARIO DE TORREVIEJA;Torrevieja;ALICANTE;748;TERCIARIO DE TORREVIEJA;TERCIARIO DE TORREVIEJA;320;Comunidad Valenciana
CA0748001;20/02/2023;ENDOSULFAN-BETA;BETA-ENDOSULFAN;µg/L;0;< 0,00005;705332;4207772;70042;TERCIARIO DE TORREVIEJA;Torrevieja;ALICANTE;748;TERCIARIO DE TORREVIEJA;TERCIARIO DE TORREVIEJA;320;Comunidad Valenciana
CA0748001;20/02/2023;ENDOSULSO4;ENDOSULFAN SULFATO;µg/L;0;< 0,00005;705332;4207772;70042;TERCIARIO DE TORREVIEJA;Torrevieja;ALICANTE;748;TERCIARIO DE TORREVIEJA;TERCIARIO DE TORREVIEJA;320;Comunidad Valenciana
CA0748001;20/02/2023;ENDRIN;ENDRINA;µg/L;0;< 0,00150;705332;4207772;70042;TERCIARIO DE TORREVIEJA;Torrevieja;ALICANTE;748;TERCIARIO DE TORREVIEJA;TERCIARIO DE TORREVIEJA;320;Comunidad Valenciana
CA0748001;20/02/2023;ENDRINCE;Endrin cetona;µg/L;0;< 0,00025;705332;4207772;70042;TERCIARIO DE TORREVIEJA;Torrevieja;ALICANTE;748;TERCIARIO DE TORREVIEJA;TERCIARIO DE TORREVIEJA;320;Comunidad Valenciana
CA0748001;20/02/2023;ETPARATION;Paration (paration etilo);µg/L;0;< 0,010;705332;4207772;70042;TERCIARIO DE TORREVIEJA;Torrevieja;ALICANTE;748;TERCIARIO DE TORREVIEJA;TERCIARIO DE TORREVIEJA;320;Comunidad Valenciana
CA0748001;20/02/2023;FENCLORFOS;FENCLORFOS;µg/L;0;< 0,010;705332;4207772;70042;TERCIARIO DE TORREVIEJA;Torrevieja;ALICANTE;748;TERCIARIO DE TORREVIEJA;TERCIARIO DE TORREVIEJA;320;Comunidad Valenciana
CA0748001;20/02/2023;FONO;FONOFOS;µg/L;0;< 0,010;705332;4207772;70042;TERCIARIO DE TORREVIEJA;Torrevieja;ALICANTE;748;TERCIARIO DE TORREVIEJA;TERCIARIO DE TORREVIEJA;320;Comunidad Valenciana
CA0748001;20/02/2023;HCB;Hexaclorobenceno (HCB, Perclorobenceno);µg/L;0;< 0,00250;705332;4207772;70042;TERCIARIO DE TORREVIEJA;Torrevieja;ALICANTE;748;TERCIARIO DE TORREVIEJA;TERCIARIO DE TORREVIEJA;320;Comunidad Valenciana
CA0748001;20/02/2023;HCHALFA;ALFA-HCH;µg/L;0;< 0,00005;705332;4207772;70042;TERCIARIO DE TORREVIEJA;Torrevieja;ALICANTE;748;TERCIARIO DE TORREVIEJA;TERCIARIO DE TORREVIEJA;320;Comunidad Valenciana
CA0748001;20/02/2023;HCHBETA;BETA-HCH;µg/L;0;< 0,00015;705332;4207772;70042;TERCIARIO DE TORREVIEJA;Torrevieja;ALICANTE;748;TERCIARIO DE TORREVIEJA;TERCIARIO DE TORREVIEJA;320;Comunidad Valenciana
CA0748001;20/02/2023;HCHDELTA;DELTA-HCH;µg/L;0;< 0,00015;705332;4207772;70042;TERCIARIO DE TORREVIEJA;Torrevieja;ALICANTE;748;TERCIARIO DE TORREVIEJA;TERCIARIO DE TORREVIEJA;320;Comunidad Valenciana
CA0748001;20/02/2023;HEPTACL;Heptacloro;µg/L;0;< 0,00005;705332;4207772;70042;TERCIARIO DE TORREVIEJA;Torrevieja;ALICANTE;748;TERCIARIO DE TORREVIEJA;TERCIARIO DE TORREVIEJA;320;Comunidad Valenciana
CA0748001;20/02/2023;HEPTACLEPO;EPOXIDO DE HEPTACLORO;µg/L;0;< 0,00005;705332;4207772;70042;TERCIARIO DE TORREVIEJA;Torrevieja;ALICANTE;748;TERCIARIO DE TORREVIEJA;TERCIARIO DE TORREVIEJA;320;Comunidad Valenciana
CA0748001;20/02/2023;IMAZALIL;IMAZALIL;µg/L;0;< 0,030;705332;4207772;70042;TERCIARIO DE TORREVIEJA;Torrevieja;ALICANTE;748;TERCIARIO DE TORREVIEJA;TERCIARIO DE TORREVIEJA;320;Comunidad Valenciana
CA0748001;20/02/2023;ISODRIN;Isodrin;µg/L;0;< 0,00010;705332;4207772;70042;TERCIARIO DE TORREVIEJA;Torrevieja;ALICANTE;748;TERCIARIO DE TORREVIEJA;TERCIARIO DE TORREVIEJA;320;Comunidad Valenciana
CA0748001;20/02/2023;ISOPROTURON;Isoproturón;µg/L;0;< 0,030;705332;4207772;70042;TERCIARIO DE TORREVIEJA;Torrevieja;ALICANTE;748;TERCIARIO DE TORREVIEJA;TERCIARIO DE TORREVIEJA;320;Comunidad Valenciana
CA0748001;20/02/2023;K;POTASIO;mg/L K;44;4,4;705332;4207772;70042;TERCIARIO DE TORREVIEJA;Torrevieja;ALICANTE;748;TERCIARIO DE TORREVIEJA;TERCIARIO DE TORREVIEJA;320;Comunidad Valenciana
CA0748001;20/02/2023;LIND;GAMMA-HCH (LINDANO);µg/L;0;< 0,00025;705332;4207772;70042;TERCIARIO DE TORREVIEJA;Torrevieja;ALICANTE;748;TERCIARIO DE TORREVIEJA;TERCIARIO DE TORREVIEJA;320;Comunidad Valenciana
CA0748001;20/02/2023;METOLACLORO;Metolacloro;µg/L;0;< 0,01000;705332;4207772;70042;TERCIARIO DE TORREVIEJA;Torrevieja;ALICANTE;748;TERCIARIO DE TORREVIEJA;TERCIARIO DE TORREVIEJA;320;Comunidad Valenciana
CA0748001;20/02/2023;METOXICLORO;Metoxicloro;µg/L;0;< 0,00025;705332;4207772;70042;TERCIARIO DE TORREVIEJA;Torrevieja;ALICANTE;748;TERCIARIO DE TORREVIEJA;TERCIARIO DE TORREVIEJA;320;Comunidad Valenciana
CA0748001;20/02/2023;METRIBUZINA;METRIBUZINA;µg/L;0;< 0,030;705332;4207772;70042;TERCIARIO DE TORREVIEJA;Torrevieja;ALICANTE;748;TERCIARIO DE TORREVIEJA;TERCIARIO DE TORREVIEJA;320;Comunidad Valenciana
CA0748001;20/02/2023;MG;MAGNESIO;mg/L Mg;230;23;705332;4207772;70042;TERCIARIO DE TORREVIEJA;Torrevieja;ALICANTE;748;TERCIARIO DE TORREVIEJA;TERCIARIO DE TORREVIEJA;320;Comunidad Valenciana
CA0748001;20/02/2023;;SODIO;mg/L Na;1190;119;705332;4207772;70042;TERCIARIO DE TORREVIEJA;Torrevieja;ALICANTE;748;TERCIARIO DE TORREVIEJA;TERCIARIO DE TORREVIEJA;320;Comunidad Valenciana
CA0748001;20/02/2023;NH4;AMONIO;mg/L NH4;0;< 0,05;705332;4207772;70042;TERCIARIO DE TORREVIEJA;Torrevieja;ALICANTE;748;TERCIARIO DE TORREVIEJA;TERCIARIO DE TORREVIEJA;320;Comunidad Valenciana
CA0748001;20/02/2023;NO2;Nitritos;mg/L NO2;0;< 0,02;705332;4207772;70042;TERCIARIO DE TORREVIEJA;Torrevieja;ALICANTE;748;TERCIARIO DE TORREVIEJA;TERCIARIO DE TORREVIEJA;320;Comunidad Valenciana
CA0748001;20/02/2023;NO3;Nitratos;mg/L NO3;440;44;705332;4207772;70042;TERCIARIO DE TORREVIEJA;Torrevieja;ALICANTE;748;TERCIARIO DE TORREVIEJA;TERCIARIO DE TORREVIEJA;320;Comunidad Valenciana
CA0748001;20/02/2023;NTOTAL;Nitrógeno total;mg/L N;120;12;705332;4207772;70042;TERCIARIO DE TORREVIEJA;Torrevieja;ALICANTE;748;TERCIARIO DE TORREVIEJA;TERCIARIO DE TORREVIEJA;320;Comunidad Valenciana
CA0748001;20/02/2023;O2 DTO;Oxigeno disuelto de campo (medida in situ);mg/L O2;928;9,28;705332;4207772;70042;TERCIARIO DE TORREVIEJA;Torrevieja;ALICANTE;748;TERCIARIO DE TORREVIEJA;TERCIARIO DE TORREVIEJA;320;Comunidad Valenciana
CA0748001;20/02/2023;PENTACLBENCENO;Pentaclorobenceno;µg/L;0;< 0,00015;705332;4207772;70042;TERCIARIO DE TORREVIEJA;Torrevieja;ALICANTE;748;TERCIARIO DE TORREVIEJA;TERCIARIO DE TORREVIEJA;320;Comunidad Valenciana
CA0748001;20/02/2023;PHSITU;pH de campo (medida in situ);udpH;807;8,07 (19.6ºC);705332;4207772;70042;TERCIARIO DE TORREVIEJA;Torrevieja;ALICANTE;748;TERCIARIO DE TORREVIEJA;TERCIARIO DE TORREVIEJA;320;Comunidad Valenciana
CA0748001;20/02/2023;PO4;Fosfatos;mg/L PO4;0;< 0,04;705332;4207772;70042;TERCIARIO DE TORREVIEJA;Torrevieja;ALICANTE;748;TERCIARIO DE TORREVIEJA;TERCIARIO DE TORREVIEJA;320;Comunidad Valenciana
CA0748001;20/02/2023;PROCI;PROCIMIDONA;µg/L;0;< 0,00200;705332;4207772;70042;TERCIARIO DE TORREVIEJA;Torrevieja;ALICANTE;748;TERCIARIO DE TORREVIEJA;TERCIARIO DE TORREVIEJA;320;Comunidad Valenciana
CA0748001;20/02/2023;PTOTAL;FOSFORO TOTAL;mg/L P;0;< 0,050;705332;4207772;70042;TERCIARIO DE TORREVIEJA;Torrevieja;ALICANTE;748;TERCIARIO DE TORREVIEJA;TERCIARIO DE TORREVIEJA;320;Comunidad Valenciana
CA0748001;20/02/2023;QUI;Quinoxifeno;µg/L;0;< 0,00200;705332;4207772;70042;TERCIARIO DE TORREVIEJA;Torrevieja;ALICANTE;748;TERCIARIO DE TORREVIEJA;TERCIARIO DE TORREVIEJA;320;Comunidad Valenciana
CA0748001;20/02/2023;SATINSI;Porcentaje de saturación de oxígeno disuelto de campo (medido in situ);% O2;992;99,2;705332;4207772;70042;TERCIARIO DE TORREVIEJA;Torrevieja;ALICANTE;748;TERCIARIO DE TORREVIEJA;TERCIARIO DE TORREVIEJA;320;Comunidad Valenciana
CA0748001;20/02/2023;S-DDD-DDT;Suma p,p´-DDD + o,p´-DDT;µg/L;0;< 0,00050;705332;4207772;70042;TERCIARIO DE TORREVIEJA;Torrevieja;ALICANTE;748;TERCIARIO DE TORREVIEJA;TERCIARIO DE TORREVIEJA;320;Comunidad Valenciana
CA0748001;20/02/2023;SIMAZINA;Simazina;µg/L;0;< 0,030;705332;4207772;70042;TERCIARIO DE TORREVIEJA;Torrevieja;ALICANTE;748;TERCIARIO DE TORREVIEJA;TERCIARIO DE TORREVIEJA;320;Comunidad Valenciana
CA0748001;20/02/2023;SUMCIPER;CIPERMETRINA (SUMA ISOMEROS ALFA+BETA+TETA+ZETA);µg/L;0;< 0,00008;705332;4207772;70042;TERCIARIO DE TORREVIEJA;Torrevieja;ALICANTE;748;TERCIARIO DE TORREVIEJA;TERCIARIO DE TORREVIEJA;320;Comunidad Valenciana
CA0748001;20/02/2023;SUMDDT;DDT TOTAL (SUMA P,P'-DDT+O,P'-DDT+P,P'-DDE+P,P'-DDD);µg/L;0;< 0,00100;705332;4207772;70042;TERCIARIO DE TORREVIEJA;Torrevieja;ALICANTE;748;TERCIARIO DE TORREVIEJA;TERCIARIO DE TORREVIEJA;320;Comunidad Valenciana
CA0748001;20/02/2023;SUMHCH;HEXACLOROCICLOHEXANO (HCH) (SUMA ISOMEROS);µg/L;0;< 0,00060;705332;4207772;70042;TERCIARIO DE TORREVIEJA;Torrevieja;ALICANTE;748;TERCIARIO DE TORREVIEJA;TERCIARIO DE TORREVIEJA;320;Comunidad Valenciana
CA0748001;20/02/2023;SUO4;Sulfatos;mg/L SO4;1070;107;705332;4207772;70042;TERCIARIO DE TORREVIEJA;Torrevieja;ALICANTE;748;TERCIARIO DE TORREVIEJA;TERCIARIO DE TORREVIEJA;320;Comunidad Valenciana
CA0748001;20/02/2023;TAGUA;"TEMPERATURA ""IN SITU""";ºC;196;19,6;705332;4207772;70042;TERCIARIO DE TORREVIEJA;Torrevieja;ALICANTE;748;TERCIARIO DE TORREVIEJA;TERCIARIO DE TORREVIEJA;320;Comunidad Valenciana
CA0748001;20/02/2023;TERAZ;Terbutilazina;µg/L;0;< 0,010;705332;4207772;70042;TERCIARIO DE TORREVIEJA;Torrevieja;ALICANTE;748;TERCIARIO DE TORREVIEJA;TERCIARIO DE TORREVIEJA;320;Comunidad Valenciana
CA0748001;20/02/2023;TERBUTRINA;Terbutrina;µg/L;0;< 0,002;705332;4207772;70042;TERCIARIO DE TORREVIEJA;Torrevieja;ALICANTE;748;TERCIARIO DE TORREVIEJA;TERCIARIO DE TORREVIEJA;320;Comunidad Valenciana
CA0748001;20/02/2023;TRIAZO_2;TRIAZOFOS;µg/L;0;< 0,010;705332;4207772;70042;TERCIARIO DE TORREVIEJA;Torrevieja;ALICANTE;748;TERCIARIO DE TORREVIEJA;TERCIARIO DE TORREVIEJA;320;Comunidad Valenciana
CA0748001;20/02/2023;TRIFLURALINA;Trifluralina;µg/L;0;< 0,006;705332;4207772;70042;TERCIARIO DE TORREVIEJA;Torrevieja;ALICANTE;748;TERCIARIO DE TORREVIEJA;TERCIARIO DE TORREVIEJA;320;Comunidad Valenciana
CA0748001;20/06/2023;BICARB;BICARBONATOS;mg/L HCO3-;1980;198;705332;4207772;70042;TERCIARIO DE TORREVIEJA;Torrevieja;ALICANTE;748;TERCIARIO DE TORREVIEJA;TERCIARIO DE TORREVIEJA;320;Comunidad Valenciana
CA0748001;20/06/2023;CA;CALCIO;mg/L Ca;540;54;705332;4207772;70042;TERCIARIO DE TORREVIEJA;Torrevieja;ALICANTE;748;TERCIARIO DE TORREVIEJA;TERCIARIO DE TORREVIEJA;320;Comunidad Valenciana
CA0748001;20/06/2023;CL;Cloruros;mg/L Cl;3810;381;705332;4207772;70042;TERCIARIO DE TORREVIEJA;Torrevieja;ALICANTE;748;TERCIARIO DE TORREVIEJA;TERCIARIO DE TORREVIEJA;320;Comunidad Valenciana
CA0748001;20/06/2023;COND20SITU;Conductividad de campo (medida in situ);µS/cm;17350;1735;705332;4207772;70042;TERCIARIO DE TORREVIEJA;Torrevieja;ALICANTE;748;TERCIARIO DE TORREVIEJA;TERCIARIO DE TORREVIEJA;320;Comunidad Valenciana
CA0748001;20/06/2023;DQO;DQO o Demanda Química de Oxígeno;mg/L O2;0;< 15;705332;4207772;70042;TERCIARIO DE TORREVIEJA;Torrevieja;ALICANTE;748;TERCIARIO DE TORREVIEJA;TERCIARIO DE TORREVIEJA;320;Comunidad Valenciana
CA0748001;20/06/2023;K;POTASIO;mg/L K;140;14;705332;4207772;70042;TERCIARIO DE TORREVIEJA;Torrevieja;ALICANTE;748;TERCIARIO DE TORREVIEJA;TERCIARIO DE TORREVIEJA;320;Comunidad Valenciana
CA0748001;20/06/2023;MG;MAGNESIO;mg/L Mg;360;36;705332;4207772;70042;TERCIARIO DE TORREVIEJA;Torrevieja;ALICANTE;748;TERCIARIO DE TORREVIEJA;TERCIARIO DE TORREVIEJA;320;Comunidad Valenciana
CA0748001;20/06/2023;;SODIO;mg/L Na;3310;> 200 (331)*;705332;4207772;70042;TERCIARIO DE TORREVIEJA;Torrevieja;ALICANTE;748;TERCIARIO DE TORREVIEJA;TERCIARIO DE TORREVIEJA;320;Comunidad Valenciana
CA0748001;20/06/2023;NH4;AMONIO;mg/L NH4;0;< 0,05;705332;4207772;70042;TERCIARIO DE TORREVIEJA;Torrevieja;ALICANTE;748;TERCIARIO DE TORREVIEJA;TERCIARIO DE TORREVIEJA;320;Comunidad Valenciana
CA0748001;20/06/2023;NO2;Nitritos;mg/L NO2;0;< 0,02;705332;4207772;70042;TERCIARIO DE TORREVIEJA;Torrevieja;ALICANTE;748;TERCIARIO DE TORREVIEJA;TERCIARIO DE TORREVIEJA;320;Comunidad Valenciana
CA0748001;20/06/2023;NO3;Nitratos;mg/L NO3;380;38;705332;4207772;70042;TERCIARIO DE TORREVIEJA;Torrevieja;ALICANTE;748;TERCIARIO DE TORREVIEJA;TERCIARIO DE TORREVIEJA;320;Comunidad Valenciana
CA0748001;20/06/2023;NTOTAL;Nitrógeno total;mg/L N;93;9,3;705332;4207772;70042;TERCIARIO DE TORREVIEJA;Torrevieja;ALICANTE;748;TERCIARIO DE TORREVIEJA;TERCIARIO DE TORREVIEJA;320;Comunidad Valenciana
CA0748001;20/06/2023;O2 DTO;Oxigeno disuelto de campo (medida in situ);mg/L O2;797;7,97;705332;4207772;70042;TERCIARIO DE TORREVIEJA;Torrevieja;ALICANTE;748;TERCIARIO DE TORREVIEJA;TERCIARIO DE TORREVIEJA;320;Comunidad Valenciana
CA0748001;20/06/2023;PHSITU;pH de campo (medida in situ);udpH;837;8,37 (23.3ºC);705332;4207772;70042;TERCIARIO DE TORREVIEJA;Torrevieja;ALICANTE;748;TERCIARIO DE TORREVIEJA;TERCIARIO DE TORREVIEJA;320;Comunidad Valenciana
CA0748001;20/06/2023;PO4;Fosfatos;mg/L PO4;0;< 0,04;705332;4207772;70042;TERCIARIO DE TORREVIEJA;Torrevieja;ALICANTE;748;TERCIARIO DE TORREVIEJA;TERCIARIO DE TORREVIEJA;320;Comunidad Valenciana
CA0748001;20/06/2023;PTOTAL;FOSFORO TOTAL;mg/L P;0;< 0,050;705332;4207772;70042;TERCIARIO DE TORREVIEJA;Torrevieja;ALICANTE;748;TERCIARIO DE TORREVIEJA;TERCIARIO DE TORREVIEJA;320;Comunidad Valenciana
CA0748001;20/06/2023;SATINSI;Porcentaje de saturación de oxígeno disuelto de campo (medido in situ);% O2;958;95,8;705332;4207772;70042;TERCIARIO DE TORREVIEJA;Torrevieja;ALICANTE;748;TERCIARIO DE TORREVIEJA;TERCIARIO DE TORREVIEJA;320;Comunidad Valenciana
CA0748001;20/06/2023;SUO4;Sulfatos;mg/L SO4;1250;125;705332;4207772;70042;TERCIARIO DE TORREVIEJA;Torrevieja;ALICANTE;748;TERCIARIO DE TORREVIEJA;TERCIARIO DE TORREVIEJA;320;Comunidad Valenciana
CA0748001;20/06/2023;TAGUA;"TEMPERATURA ""IN SITU""";ºC;233;23,3;705332;4207772;70042;TERCIARIO DE TORREVIEJA;Torrevieja;ALICANTE;748;TERCIARIO DE TORREVIEJA;TERCIARIO DE TORREVIEJA;320;Comunidad Valenciana
CA0748001;20/09/2023;BICARB;BICARBONATOS;mg/L HCO3-;1900;190;705332;4207772;70042;TERCIARIO DE TORREVIEJA;Torrevieja;ALICANTE;748;TERCIARIO DE TORREVIEJA;TERCIARIO DE TORREVIEJA;320;Comunidad Valenciana
CA0748001;20/09/2023;CA;CALCIO;mg/L Ca;550;55;705332;4207772;70042;TERCIARIO DE TORREVIEJA;Torrevieja;ALICANTE;748;TERCIARIO DE TORREVIEJA;TERCIARIO DE TORREVIEJA;320;Comunidad Valenciana
CA0748001;20/09/2023;CL;Cloruros;mg/L Cl;3210;321;705332;4207772;70042;TERCIARIO DE TORREVIEJA;Torrevieja;ALICANTE;748;TERCIARIO DE TORREVIEJA;TERCIARIO DE TORREVIEJA;320;Comunidad Valenciana
CA0748001;20/09/2023;COND20SITU;Conductividad de campo (medida in situ);µS/cm;15200;1520;705332;4207772;70042;TERCIARIO DE TORREVIEJA;Torrevieja;ALICANTE;748;TERCIARIO DE TORREVIEJA;TERCIARIO DE TORREVIEJA;320;Comunidad Valenciana
CA0748001;20/09/2023;DQO;DQO o Demanda Química de Oxígeno;mg/L O2;0;< 15;705332;4207772;70042;TERCIARIO DE TORREVIEJA;Torrevieja;ALICANTE;748;TERCIARIO DE TORREVIEJA;TERCIARIO DE TORREVIEJA;320;Comunidad Valenciana
CA0748001;20/09/2023;K;POTASIO;mg/L K;85;8,5;705332;4207772;70042;TERCIARIO DE TORREVIEJA;Torrevieja;ALICANTE;748;TERCIARIO DE TORREVIEJA;TERCIARIO DE TORREVIEJA;320;Comunidad Valenciana
CA0748001;20/09/2023;MG;MAGNESIO;mg/L Mg;260;26;705332;4207772;70042;TERCIARIO DE TORREVIEJA;Torrevieja;ALICANTE;748;TERCIARIO DE TORREVIEJA;TERCIARIO DE TORREVIEJA;320;Comunidad Valenciana
CA0748001;20/09/2023;;SODIO;mg/L Na;1890;189;705332;4207772;70042;TERCIARIO DE TORREVIEJA;Torrevieja;ALICANTE;748;TERCIARIO DE TORREVIEJA;TERCIARIO DE TORREVIEJA;320;Comunidad Valenciana
CA0748001;20/09/2023;NH4;AMONIO;mg/L NH4;0;< 0,05;705332;4207772;70042;TERCIARIO DE TORREVIEJA;Torrevieja;ALICANTE;748;TERCIARIO DE TORREVIEJA;TERCIARIO DE TORREVIEJA;320;Comunidad Valenciana
CA0748001;20/09/2023;NO2;Nitritos;mg/L NO2;0;< 0,02;705332;4207772;70042;TERCIARIO DE TORREVIEJA;Torrevieja;ALICANTE;748;TERCIARIO DE TORREVIEJA;TERCIARIO DE TORREVIEJA;320;Comunidad Valenciana
CA0748001;20/09/2023;NO3;Nitratos;mg/L NO3;440;44;705332;4207772;70042;TERCIARIO DE TORREVIEJA;Torrevieja;ALICANTE;748;TERCIARIO DE TORREVIEJA;TERCIARIO DE TORREVIEJA;320;Comunidad Valenciana
CA0748001;20/09/2023;NTOTAL;Nitrógeno total;mg/L N;100;10;705332;4207772;70042;TERCIARIO DE TORREVIEJA;Torrevieja;ALICANTE;748;TERCIARIO DE TORREVIEJA;TERCIARIO DE TORREVIEJA;320;Comunidad Valenciana
CA0748001;20/09/2023;O2 DTO;Oxigeno disuelto de campo (medida in situ);mg/L O2;817;8,17;705332;4207772;70042;TERCIARIO DE TORREVIEJA;Torrevieja;ALICANTE;748;TERCIARIO DE TORREVIEJA;TERCIARIO DE TORREVIEJA;320;Comunidad Valenciana
CA0748001;20/09/2023;PHSITU;pH de campo (medida in situ);udpH;765;7,65 (22.6ºC);705332;4207772;70042;TERCIARIO DE TORREVIEJA;Torrevieja;ALICANTE;748;TERCIARIO DE TORREVIEJA;TERCIARIO DE TORREVIEJA;320;Comunidad Valenciana
CA0748001;20/09/2023;PO4;Fosfatos;mg/L PO4;0;< 0,04;705332;4207772;70042;TERCIARIO DE TORREVIEJA;Torrevieja;ALICANTE;748;TERCIARIO DE TORREVIEJA;TERCIARIO DE TORREVIEJA;320;Comunidad Valenciana
CA0748001;20/09/2023;PTOTAL;FOSFORO TOTAL;mg/L P;0;< 0,050;705332;4207772;70042;TERCIARIO DE TORREVIEJA;Torrevieja;ALICANTE;748;TERCIARIO DE TORREVIEJA;TERCIARIO DE TORREVIEJA;320;Comunidad Valenciana
CA0748001;20/09/2023;SATINSI;Porcentaje de saturación de oxígeno disuelto de campo (medido in situ);% O2;957;95,7;705332;4207772;70042;TERCIARIO DE TORREVIEJA;Torrevieja;ALICANTE;748;TERCIARIO DE TORREVIEJA;TERCIARIO DE TORREVIEJA;320;Comunidad Valenciana
CA0748001;20/09/2023;SUO4;Sulfatos;mg/L SO4;1160;116;705332;4207772;70042;TERCIARIO DE TORREVIEJA;Torrevieja;ALICANTE;748;TERCIARIO DE TORREVIEJA;TERCIARIO DE TORREVIEJA;320;Comunidad Valenciana
CA0748001;20/09/2023;TAGUA;"TEMPERATURA ""IN SITU""";ºC;226;22,6;705332;4207772;70042;TERCIARIO DE TORREVIEJA;Torrevieja;ALICANTE;748;TERCIARIO DE TORREVIEJA;TERCIARIO DE TORREVIEJA;320;Comunidad Valenciana
CA0748001;13/06/2024;12DIBR;1,2-DIBROMOETANO;µg/L;0;< 1,00;705332;4207772;70042;TERCIARIO DE TORREVIEJA;Torrevieja;ALICANTE;748;TERCIARIO DE TORREVIEJA;TERCIARIO DE TORREVIEJA;320;Comunidad Valenciana
CA0748001;13/06/2024;ACETMI;ACETAMIPRID;µg/l;0;< 0,0250;705332;4207772;70042;TERCIARIO DE TORREVIEJA;Torrevieja;ALICANTE;748;TERCIARIO DE TORREVIEJA;TERCIARIO DE TORREVIEJA;320;Comunidad Valenciana
CA0748001;13/06/2024;ACLONIFE;ACLONIFENO;µg/L;0;< 0,00100;705332;4207772;70042;TERCIARIO DE TORREVIEJA;Torrevieja;ALICANTE;748;TERCIARIO DE TORREVIEJA;TERCIARIO DE TORREVIEJA;320;Comunidad Valenciana
CA0748001;13/06/2024;AL;ALUMINIO;µg/L Al;0;< 5,0;705332;4207772;70042;TERCIARIO DE TORREVIEJA;Torrevieja;ALICANTE;748;TERCIARIO DE TORREVIEJA;TERCIARIO DE TORREVIEJA;320;Comunidad Valenciana
CA0748001;13/06/2024;ALACLORO;ALACLORO;µg/L;0;< 0,00100;705332;4207772;70042;TERCIARIO DE TORREVIEJA;Torrevieja;ALICANTE;748;TERCIARIO DE TORREVIEJA;TERCIARIO DE TORREVIEJA;320;Comunidad Valenciana
CA0748001;13/06/2024;ALCALIN;ALCALINIDAD;mg/L CO3Ca;1650;165;705332;4207772;70042;TERCIARIO DE TORREVIEJA;Torrevieja;ALICANTE;748;TERCIARIO DE TORREVIEJA;TERCIARIO DE TORREVIEJA;320;Comunidad Valenciana
CA0748001;13/06/2024;ALDRIN;ALDRINA;µg/L;0;< 0,00100;705332;4207772;70042;TERCIARIO DE TORREVIEJA;Torrevieja;ALICANTE;748;TERCIARIO DE TORREVIEJA;TERCIARIO DE TORREVIEJA;320;Comunidad Valenciana
CA0748001;13/06/2024;AMPA;ACIDO AMINOMETILFOSFONICO (AMPA);µg/L;0;< 0,050;705332;4207772;70042;TERCIARIO DE TORREVIEJA;Torrevieja;ALICANTE;748;TERCIARIO DE TORREVIEJA;TERCIARIO DE TORREVIEJA;320;Comunidad Valenciana
CA0748001;13/06/2024;AS;ARSENICO;µg/L As;0;< 0,50;705332;4207772;70042;TERCIARIO DE TORREVIEJA;Torrevieja;ALICANTE;748;TERCIARIO DE TORREVIEJA;TERCIARIO DE TORREVIEJA;320;Comunidad Valenciana
CA0748001;13/06/2024;ATRAZINA;ATRAZINA;µg/L;0;< 0,00100;705332;4207772;70042;TERCIARIO DE TORREVIEJA;Torrevieja;ALICANTE;748;TERCIARIO DE TORREVIEJA;TERCIARIO DE TORREVIEJA;320;Comunidad Valenciana
CA0748001;13/06/2024;B;BORO;µg/L B;4150;415;705332;4207772;70042;TERCIARIO DE TORREVIEJA;Torrevieja;ALICANTE;748;TERCIARIO DE TORREVIEJA;TERCIARIO DE TORREVIEJA;320;Comunidad Valenciana
CA0748001;13/06/2024;BENCENO;BENCENO;µg/L;0;< 0,100;705332;4207772;70042;TERCIARIO DE TORREVIEJA;Torrevieja;ALICANTE;748;TERCIARIO DE TORREVIEJA;TERCIARIO DE TORREVIEJA;320;Comunidad Valenciana
CA0748001;13/06/2024;BFET;BIFENTRIN;µg/l;0;< 0,0250;705332;4207772;70042;TERCIARIO DE TORREVIEJA;Torrevieja;ALICANTE;748;TERCIARIO DE TORREVIEJA;TERCIARIO DE TORREVIEJA;320;Comunidad Valenciana
CA0748001;13/06/2024;BICARB;BICARBONATOS;mg/L HCO3-;2010;201;705332;4207772;70042;TERCIARIO DE TORREVIEJA;Torrevieja;ALICANTE;748;TERCIARIO DE TORREVIEJA;TERCIARIO DE TORREVIEJA;320;Comunidad Valenciana
CA0748001;13/06/2024;BIFEN;BIFENOX;µg/L;0;< 0,00200;705332;4207772;70042;TERCIARIO DE TORREVIEJA;Torrevieja;ALICANTE;748;TERCIARIO DE TORREVIEJA;TERCIARIO DE TORREVIEJA;320;Comunidad Valenciana
CA0748001;13/06/2024;BISF;BISFENOL-A;µg/l;0;< 0,50;705332;4207772;70042;TERCIARIO DE TORREVIEJA;Torrevieja;ALICANTE;748;TERCIARIO DE TORREVIEJA;TERCIARIO DE TORREVIEJA;320;Comunidad Valenciana
CA0748001;13/06/2024;BRB;BROMOBENCENO;µg/L;0;< 0,50;705332;4207772;70042;TERCIARIO DE TORREVIEJA;Torrevieja;ALICANTE;748;TERCIARIO DE TORREVIEJA;TERCIARIO DE TORREVIEJA;320;Comunidad Valenciana
CA0748001;13/06/2024;BRO4;BROMATOS;µg/l;0;< 0,0030;705332;4207772;70042;TERCIARIO DE TORREVIEJA;Torrevieja;ALICANTE;748;TERCIARIO DE TORREVIEJA;TERCIARIO DE TORREVIEJA;320;Comunidad Valenciana
CA0748001;13/06/2024;BROMAC;BROMACILO;µg/L;0;< 0,00200;705332;4207772;70042;TERCIARIO DE TORREVIEJA;Torrevieja;ALICANTE;748;TERCIARIO DE TORREVIEJA;TERCIARIO DE TORREVIEJA;320;Comunidad Valenciana
CA0748001;13/06/2024;CA;CALCIO;mg/L Ca;626;62,6;705332;4207772;70042;TERCIARIO DE TORREVIEJA;Torrevieja;ALICANTE;748;TERCIARIO DE TORREVIEJA;TERCIARIO DE TORREVIEJA;320;Comunidad Valenciana
CA0748001;13/06/2024;CARB;Carbonatos;mg/L CO3;0;< 8,0;705332;4207772;70042;TERCIARIO DE TORREVIEJA;Torrevieja;ALICANTE;748;TERCIARIO DE TORREVIEJA;TERCIARIO DE TORREVIEJA;320;Comunidad Valenciana
CA0748001;13/06/2024;CD;CADMIO;µg/L Cd;0;< 0,0200;705332;4207772;70042;TERCIARIO DE TORREVIEJA;Torrevieja;ALICANTE;748;TERCIARIO DE TORREVIEJA;TERCIARIO DE TORREVIEJA;320;Comunidad Valenciana
CA0748001;13/06/2024;CIB;CIBUTRINA;µg/L;0;< 0,00100;705332;4207772;70042;TERCIARIO DE TORREVIEJA;Torrevieja;ALICANTE;748;TERCIARIO DE TORREVIEJA;TERCIARIO DE TORREVIEJA;320;Comunidad Valenciana
CA0748001;13/06/2024;CL;Cloruros;mg/L Cl;4020;402;705332;4207772;70042;TERCIARIO DE TORREVIEJA;Torrevieja;ALICANTE;748;TERCIARIO DE TORREVIEJA;TERCIARIO DE TORREVIEJA;320;Comunidad Valenciana
CA0748001;13/06/2024;CLF;Cloroformo (Triclorometano);µg/L;67;6,7;705332;4207772;70042;TERCIARIO DE TORREVIEJA;Torrevieja;ALICANTE;748;TERCIARIO DE TORREVIEJA;TERCIARIO DE TORREVIEJA;320;Comunidad Valenciana
CA0748001;13/06/2024;CLO2;CLORITOS;mg/L;0;< 0,075;705332;4207772;70042;TERCIARIO DE TORREVIEJA;Torrevieja;ALICANTE;748;TERCIARIO DE TORREVIEJA;TERCIARIO DE TORREVIEJA;320;Comunidad Valenciana
CA0748001;13/06/2024;CLORAT;CLORATOS;mg/L;0;< 0,075;705332;4207772;70042;TERCIARIO DE TORREVIEJA;Torrevieja;ALICANTE;748;TERCIARIO DE TORREVIEJA;TERCIARIO DE TORREVIEJA;320;Comunidad Valenciana
CA0748001;13/06/2024;CLORDANOCIS;CIS-CLORDANO;µg/L;0;< 0,0050;705332;4207772;70042;TERCIARIO DE TORREVIEJA;Torrevieja;ALICANTE;748;TERCIARIO DE TORREVIEJA;TERCIARIO DE TORREVIEJA;320;Comunidad Valenciana
CA0748001;13/06/2024;CLORDANOTR;TRANS-CLORDANO;µg/L;0;< 0,0050;705332;4207772;70042;TERCIARIO DE TORREVIEJA;Torrevieja;ALICANTE;748;TERCIARIO DE TORREVIEJA;TERCIARIO DE TORREVIEJA;320;Comunidad Valenciana
CA0748001;13/06/2024;CLOROFENVINFOS;Clorfenvinfos;µg/L;0;< 0,00100;705332;4207772;70042;TERCIARIO DE TORREVIEJA;Torrevieja;ALICANTE;748;TERCIARIO DE TORREVIEJA;TERCIARIO DE TORREVIEJA;320;Comunidad Valenciana
CA0748001;13/06/2024;CLOROPIRIFOS;Clorpirifos;µg/L;0;< 0,00100;705332;4207772;70042;TERCIARIO DE TORREVIEJA;Torrevieja;ALICANTE;748;TERCIARIO DE TORREVIEJA;TERCIARIO DE TORREVIEJA;320;Comunidad Valenciana
CA0748001;13/06/2024;CLOT;CLOTIANIDINA;µg/l;0;< 0,0250;705332;4207772;70042;TERCIARIO DE TORREVIEJA;Torrevieja;ALICANTE;748;TERCIARIO DE TORREVIEJA;TERCIARIO DE TORREVIEJA;320;Comunidad Valenciana
CA0748001;13/06/2024;CLTLRN;CLOROTOLURON;µg/l;0;< 0,0250;705332;4207772;70042;TERCIARIO DE TORREVIEJA;Torrevieja;ALICANTE;748;TERCIARIO DE TORREVIEJA;TERCIARIO DE TORREVIEJA;320;Comunidad Valenciana
CA0748001;13/06/2024;CLTO2;4-CLOROTOLUENO;µg/L;0;< 0,50;705332;4207772;70042;TERCIARIO DE TORREVIEJA;Torrevieja;ALICANTE;748;TERCIARIO DE TORREVIEJA;TERCIARIO DE TORREVIEJA;320;Comunidad Valenciana
CA0748001;13/06/2024;CLTOL;2-CLOROTOLUENO;µg/L;0;< 0,50;705332;4207772;70042;TERCIARIO DE TORREVIEJA;Torrevieja;ALICANTE;748;TERCIARIO DE TORREVIEJA;TERCIARIO DE TORREVIEJA;320;Comunidad Valenciana
CA0748001;13/06/2024;CN;CIANUROS TOTALES;µg/L CN;0;< 12,0;705332;4207772;70042;TERCIARIO DE TORREVIEJA;Torrevieja;ALICANTE;748;TERCIARIO DE TORREVIEJA;TERCIARIO DE TORREVIEJA;320;Comunidad Valenciana
CA0748001;13/06/2024;CO;COBALTO;µg/L Co;0;< 0,50;705332;4207772;70042;TERCIARIO DE TORREVIEJA;Torrevieja;ALICANTE;748;TERCIARIO DE TORREVIEJA;TERCIARIO DE TORREVIEJA;320;Comunidad Valenciana
CA0748001;13/06/2024;COND20SITU;Conductividad de campo (medida in situ);µS/cm;16800;1680;705332;4207772;70042;TERCIARIO DE TORREVIEJA;Torrevieja;ALICANTE;748;TERCIARIO DE TORREVIEJA;TERCIARIO DE TORREVIEJA;320;Comunidad Valenciana
CA0748001;13/06/2024;CR;CROMO;µg/L Cr;0;< 0,50;705332;4207772;70042;TERCIARIO DE TORREVIEJA;Torrevieja;ALICANTE;748;TERCIARIO DE TORREVIEJA;TERCIARIO DE TORREVIEJA;320;Comunidad Valenciana
CA0748001;13/06/2024;CRAB;DELTAMETRINA;µg/l;0;< 0,0250;705332;4207772;70042;TERCIARIO DE TORREVIEJA;Torrevieja;ALICANTE;748;TERCIARIO DE TORREVIEJA;TERCIARIO DE TORREVIEJA;320;Comunidad Valenciana
CA0748001;13/06/2024;CU;COBRE;µg/L Cu;0;< 0,50;705332;4207772;70042;TERCIARIO DE TORREVIEJA;Torrevieja;ALICANTE;748;TERCIARIO DE TORREVIEJA;TERCIARIO DE TORREVIEJA;320;Comunidad Valenciana
CA0748001;13/06/2024;DCB-M;1,3-diclorobenceno (m-diclorobenceno);µg/L;0;< 0,50;705332;4207772;70042;TERCIARIO DE TORREVIEJA;Torrevieja;ALICANTE;748;TERCIARIO DE TORREVIEJA;TERCIARIO DE TORREVIEJA;320;Comunidad Valenciana
CA0748001;13/06/2024;DCB-P;1,4-diclorobenceno (p-diclorobenceno);µg/L;0;< 0,50;705332;4207772;70042;TERCIARIO DE TORREVIEJA;Torrevieja;ALICANTE;748;TERCIARIO DE TORREVIEJA;TERCIARIO DE TORREVIEJA;320;Comunidad Valenciana
CA0748001;13/06/2024;DCE;1,2-dicloroetano (EDC, cloruro de etileno);µg/L;0;< 0,50;705332;4207772;70042;TERCIARIO DE TORREVIEJA;Torrevieja;ALICANTE;748;TERCIARIO DE TORREVIEJA;TERCIARIO DE TORREVIEJA;320;Comunidad Valenciana
CA0748001;13/06/2024;DCV;DICLORVOS;µg/L;0;< 0,00100;705332;4207772;70042;TERCIARIO DE TORREVIEJA;Torrevieja;ALICANTE;748;TERCIARIO DE TORREVIEJA;TERCIARIO DE TORREVIEJA;320;Comunidad Valenciana
CA0748001;13/06/2024;DDDPP;P,P'-DDD;µg/L;0;< 0,00100;705332;4207772;70042;TERCIARIO DE TORREVIEJA;Torrevieja;ALICANTE;748;TERCIARIO DE TORREVIEJA;TERCIARIO DE TORREVIEJA;320;Comunidad Valenciana
CA0748001;13/06/2024;DDEPP;P,P'-DDE;µg/L;0;< 0,00100;705332;4207772;70042;TERCIARIO DE TORREVIEJA;Torrevieja;ALICANTE;748;TERCIARIO DE TORREVIEJA;TERCIARIO DE TORREVIEJA;320;Comunidad Valenciana
CA0748001;13/06/2024;DDTOP;O,P'-DDT;µg/L;0;< 0,00100;705332;4207772;70042;TERCIARIO DE TORREVIEJA;Torrevieja;ALICANTE;748;TERCIARIO DE TORREVIEJA;TERCIARIO DE TORREVIEJA;320;Comunidad Valenciana
CA0748001;13/06/2024;DDTPP;P,P'-DDT;µg/L;0;< 0,00100;705332;4207772;70042;TERCIARIO DE TORREVIEJA;Torrevieja;ALICANTE;748;TERCIARIO DE TORREVIEJA;TERCIARIO DE TORREVIEJA;320;Comunidad Valenciana
CA0748001;13/06/2024;DEA;ATRAZINA DESETIL;µg/L;0;< 0,0050;705332;4207772;70042;TERCIARIO DE TORREVIEJA;Torrevieja;ALICANTE;748;TERCIARIO DE TORREVIEJA;TERCIARIO DE TORREVIEJA;320;Comunidad Valenciana
CA0748001;13/06/2024;DIAZINON;DIAZINON;µg/L;0;< 0,00100;705332;4207772;70042;TERCIARIO DE TORREVIEJA;Torrevieja;ALICANTE;748;TERCIARIO DE TORREVIEJA;TERCIARIO DE TORREVIEJA;320;Comunidad Valenciana
CA0748001;13/06/2024;DICLANILINAN;3,4-dicloroanilina;µg/L;0;< 0,0050;705332;4207772;70042;TERCIARIO DE TORREVIEJA;Torrevieja;ALICANTE;748;TERCIARIO DE TORREVIEJA;TERCIARIO DE TORREVIEJA;320;Comunidad Valenciana
CA0748001;13/06/2024;DICOFOL;DICOFOL (P,P'-DICOFOL);µg/L;0;< 0,00200;705332;4207772;70042;TERCIARIO DE TORREVIEJA;Torrevieja;ALICANTE;748;TERCIARIO DE TORREVIEJA;TERCIARIO DE TORREVIEJA;320;Comunidad Valenciana
CA0748001;13/06/2024;DIELDRIN;Dieldrin;µg/L;0;< 0,00100;705332;4207772;70042;TERCIARIO DE TORREVIEJA;Torrevieja;ALICANTE;748;TERCIARIO DE TORREVIEJA;TERCIARIO DE TORREVIEJA;320;Comunidad Valenciana
CA0748001;13/06/2024;DIMETOATO;Dimetoato;µg/L;0;< 0,0050;705332;4207772;70042;TERCIARIO DE TORREVIEJA;Torrevieja;ALICANTE;748;TERCIARIO DE TORREVIEJA;TERCIARIO DE TORREVIEJA;320;Comunidad Valenciana
CA0748001;13/06/2024;DIURON;DIURON;µg/L;0;< 0,00100;705332;4207772;70042;TERCIARIO DE TORREVIEJA;Torrevieja;ALICANTE;748;TERCIARIO DE TORREVIEJA;TERCIARIO DE TORREVIEJA;320;Comunidad Valenciana
CA0748001;13/06/2024;DQO;DQO o Demanda Química de Oxígeno;mg/L O2;210;21;705332;4207772;70042;TERCIARIO DE TORREVIEJA;Torrevieja;ALICANTE;748;TERCIARIO DE TORREVIEJA;TERCIARIO DE TORREVIEJA;320;Comunidad Valenciana
CA0748001;13/06/2024;D-TBZ;TERBUTILAZINA DESETIL;µg/l;0;< 0,0050;705332;4207772;70042;TERCIARIO DE TORREVIEJA;Torrevieja;ALICANTE;748;TERCIARIO DE TORREVIEJA;TERCIARIO DE TORREVIEJA;320;Comunidad Valenciana
CA0748001;13/06/2024;EFV;ESFENVALERATO;µg/l;0;< 0,0250;705332;4207772;70042;TERCIARIO DE TORREVIEJA;Torrevieja;ALICANTE;748;TERCIARIO DE TORREVIEJA;TERCIARIO DE TORREVIEJA;320;Comunidad Valenciana
CA0748001;13/06/2024;ENDOSULFAN;ALFA-ENDOSULFAN;µg/L;0;< 0,00050;705332;4207772;70042;TERCIARIO DE TORREVIEJA;Torrevieja;ALICANTE;748;TERCIARIO DE TORREVIEJA;TERCIARIO DE TORREVIEJA;320;Comunidad Valenciana
CA0748001;13/06/2024;ENDOSULFAN-BETA;BETA-ENDOSULFAN;µg/L;0;< 0,00050;705332;4207772;70042;TERCIARIO DE TORREVIEJA;Torrevieja;ALICANTE;748;TERCIARIO DE TORREVIEJA;TERCIARIO DE TORREVIEJA;320;Comunidad Valenciana
CA0748001;13/06/2024;ENDOSULSO4;ENDOSULFAN SULFATO;µg/L;0;< 0,00050;705332;4207772;70042;TERCIARIO DE TORREVIEJA;Torrevieja;ALICANTE;748;TERCIARIO DE TORREVIEJA;TERCIARIO DE TORREVIEJA;320;Comunidad Valenciana
CA0748001;13/06/2024;ENDRIN;ENDRINA;µg/L;0;< 0,00100;705332;4207772;70042;TERCIARIO DE TORREVIEJA;Torrevieja;ALICANTE;748;TERCIARIO DE TORREVIEJA;TERCIARIO DE TORREVIEJA;320;Comunidad Valenciana
CA0748001;13/06/2024;ENDRINCE;Endrin cetona;µg/L;0;< 0,0050;705332;4207772;70042;TERCIARIO DE TORREVIEJA;Torrevieja;ALICANTE;748;TERCIARIO DE TORREVIEJA;TERCIARIO DE TORREVIEJA;320;Comunidad Valenciana
CA0748001;13/06/2024;ETBENCENO;Etilbenceno;µg/L;0;< 0,50;705332;4207772;70042;TERCIARIO DE TORREVIEJA;Torrevieja;ALICANTE;748;TERCIARIO DE TORREVIEJA;TERCIARIO DE TORREVIEJA;320;Comunidad Valenciana
CA0748001;13/06/2024;F;Fluoruros;µg/L;5500;550;705332;4207772;70042;TERCIARIO DE TORREVIEJA;Torrevieja;ALICANTE;748;TERCIARIO DE TORREVIEJA;TERCIARIO DE TORREVIEJA;320;Comunidad Valenciana
CA0748001;13/06/2024;FE;HIERRO;µg/L;0;< 5,0;705332;4207772;70042;TERCIARIO DE TORREVIEJA;Torrevieja;ALICANTE;748;TERCIARIO DE TORREVIEJA;TERCIARIO DE TORREVIEJA;320;Comunidad Valenciana
CA0748001;13/06/2024;FENITROTION;FENITROTION;µg/L;0;< 0,0050;705332;4207772;70042;TERCIARIO DE TORREVIEJA;Torrevieja;ALICANTE;748;TERCIARIO DE TORREVIEJA;TERCIARIO DE TORREVIEJA;320;Comunidad Valenciana
CA0748001;13/06/2024;FNMF;FENAMIFOS;µg/l;0;< 0,0050;705332;4207772;70042;TERCIARIO DE TORREVIEJA;Torrevieja;ALICANTE;748;TERCIARIO DE TORREVIEJA;TERCIARIO DE TORREVIEJA;320;Comunidad Valenciana
CA0748001;13/06/2024;FXADP24;DICLORPROP;µg/l;0;< 0,0250;705332;4207772;70042;TERCIARIO DE TORREVIEJA;Torrevieja;ALICANTE;748;TERCIARIO DE TORREVIEJA;TERCIARIO DE TORREVIEJA;320;Comunidad Valenciana
CA0748001;13/06/2024;FXAMCPA;ACIDO 4-CLORO-2-METILFENOXIACETICO (MCPA);µg/L;0;< 0,0250;705332;4207772;70042;TERCIARIO DE TORREVIEJA;Torrevieja;ALICANTE;748;TERCIARIO DE TORREVIEJA;TERCIARIO DE TORREVIEJA;320;Comunidad Valenciana
CA0748001;13/06/2024;FXAMCPP;MECOPROP (MCPP);µg/l;0;< 0,0250;705332;4207772;70042;TERCIARIO DE TORREVIEJA;Torrevieja;ALICANTE;748;TERCIARIO DE TORREVIEJA;TERCIARIO DE TORREVIEJA;320;Comunidad Valenciana
CA0748001;13/06/2024;GLIFOSATO;GLIFOSATO;µg/L;0;< 0,050;705332;4207772;70042;TERCIARIO DE TORREVIEJA;Torrevieja;ALICANTE;748;TERCIARIO DE TORREVIEJA;TERCIARIO DE TORREVIEJA;320;Comunidad Valenciana
CA0748001;13/06/2024;HCB;Hexaclorobenceno (HCB, Perclorobenceno);µg/L;0;< 0,00100;705332;4207772;70042;TERCIARIO DE TORREVIEJA;Torrevieja;ALICANTE;748;TERCIARIO DE TORREVIEJA;TERCIARIO DE TORREVIEJA;320;Comunidad Valenciana
CA0748001;13/06/2024;HCBD;Hexaclorobutadieno (HCBD, Hexacloro-1,3-Butadieno);µg/L;0;< 0,50;705332;4207772;70042;TERCIARIO DE TORREVIEJA;Torrevieja;ALICANTE;748;TERCIARIO DE TORREVIEJA;TERCIARIO DE TORREVIEJA;320;Comunidad Valenciana
CA0748001;13/06/2024;HCHALFA;ALFA-HCH;µg/L;0;< 0,00100;705332;4207772;70042;TERCIARIO DE TORREVIEJA;Torrevieja;ALICANTE;748;TERCIARIO DE TORREVIEJA;TERCIARIO DE TORREVIEJA;320;Comunidad Valenciana
CA0748001;13/06/2024;HCHBETA;BETA-HCH;µg/L;0;< 0,00100;705332;4207772;70042;TERCIARIO DE TORREVIEJA;Torrevieja;ALICANTE;748;TERCIARIO DE TORREVIEJA;TERCIARIO DE TORREVIEJA;320;Comunidad Valenciana
CA0748001;13/06/2024;HCHDELTA;DELTA-HCH;µg/L;0;< 0,00100;705332;4207772;70042;TERCIARIO DE TORREVIEJA;Torrevieja;ALICANTE;748;TERCIARIO DE TORREVIEJA;TERCIARIO DE TORREVIEJA;320;Comunidad Valenciana
CA0748001;13/06/2024;HCHEP;EPSILON-HCH;µg/L;0;< 0,0050;705332;4207772;70042;TERCIARIO DE TORREVIEJA;Torrevieja;ALICANTE;748;TERCIARIO DE TORREVIEJA;TERCIARIO DE TORREVIEJA;320;Comunidad Valenciana
CA0748001;13/06/2024;HEPTACL;Heptacloro;µg/L;0;< 0,00100;705332;4207772;70042;TERCIARIO DE TORREVIEJA;Torrevieja;ALICANTE;748;TERCIARIO DE TORREVIEJA;TERCIARIO DE TORREVIEJA;320;Comunidad Valenciana
CA0748001;13/06/2024;HEPTACLEPO;EPOXIDO DE HEPTACLORO;µg/L;0;< 0,00100;705332;4207772;70042;TERCIARIO DE TORREVIEJA;Torrevieja;ALICANTE;748;TERCIARIO DE TORREVIEJA;TERCIARIO DE TORREVIEJA;320;Comunidad Valenciana
CA0748001;13/06/2024;HG;MERCURIO;µg/L Hg;0;< 0,020;705332;4207772;70042;TERCIARIO DE TORREVIEJA;Torrevieja;ALICANTE;748;TERCIARIO DE TORREVIEJA;TERCIARIO DE TORREVIEJA;320;Comunidad Valenciana
CA0748001;13/06/2024;IMAZALIL;IMAZALIL;µg/L;0;< 0,0250;705332;4207772;70042;TERCIARIO DE TORREVIEJA;Torrevieja;ALICANTE;748;TERCIARIO DE TORREVIEJA;TERCIARIO DE TORREVIEJA;320;Comunidad Valenciana
CA0748001;13/06/2024;IMID;IMIDACLOPRID (Ácido 6-cloronicotínico);µg/L;0;< 0,0250;705332;4207772;70042;TERCIARIO DE TORREVIEJA;Torrevieja;ALICANTE;748;TERCIARIO DE TORREVIEJA;TERCIARIO DE TORREVIEJA;320;Comunidad Valenciana
CA0748001;13/06/2024;ISODRIN;Isodrin;µg/L;0;< 0,00100;705332;4207772;70042;TERCIARIO DE TORREVIEJA;Torrevieja;ALICANTE;748;TERCIARIO DE TORREVIEJA;TERCIARIO DE TORREVIEJA;320;Comunidad Valenciana
CA0748001;13/06/2024;ISOPROPB;Isopropilbenceno (cumeno);µg/L;0;< 0,50;705332;4207772;70042;TERCIARIO DE TORREVIEJA;Torrevieja;ALICANTE;748;TERCIARIO DE TORREVIEJA;TERCIARIO DE TORREVIEJA;320;Comunidad Valenciana
CA0748001;13/06/2024;ISOPROPILAN;4-ISOPROPILANILINA;µg/l;0;< 0,0050;705332;4207772;70042;TERCIARIO DE TORREVIEJA;Torrevieja;ALICANTE;748;TERCIARIO DE TORREVIEJA;TERCIARIO DE TORREVIEJA;320;Comunidad Valenciana
CA0748001;13/06/2024;ISOPROPILTO;4-ISOPROPILTOLUENO;µg/L;0;< 0,50;705332;4207772;70042;TERCIARIO DE TORREVIEJA;Torrevieja;ALICANTE;748;TERCIARIO DE TORREVIEJA;TERCIARIO DE TORREVIEJA;320;Comunidad Valenciana
CA0748001;13/06/2024;ISOPROTURON;Isoproturón;µg/L;0;< 0,00100;705332;4207772;70042;TERCIARIO DE TORREVIEJA;Torrevieja;ALICANTE;748;TERCIARIO DE TORREVIEJA;TERCIARIO DE TORREVIEJA;320;Comunidad Valenciana
CA0748001;13/06/2024;K;POTASIO;mg/L K;135;13,5;705332;4207772;70042;TERCIARIO DE TORREVIEJA;Torrevieja;ALICANTE;748;TERCIARIO DE TORREVIEJA;TERCIARIO DE TORREVIEJA;320;Comunidad Valenciana
CA0748001;13/06/2024;LIND;GAMMA-HCH (LINDANO);µg/L;0;< 0,00100;705332;4207772;70042;TERCIARIO DE TORREVIEJA;Torrevieja;ALICANTE;748;TERCIARIO DE TORREVIEJA;TERCIARIO DE TORREVIEJA;320;Comunidad Valenciana
CA0748001;13/06/2024;MALATION;MALATION;µg/L;0;< 0,00100;705332;4207772;70042;TERCIARIO DE TORREVIEJA;Torrevieja;ALICANTE;748;TERCIARIO DE TORREVIEJA;TERCIARIO DE TORREVIEJA;320;Comunidad Valenciana
CA0748001;13/06/2024;MCB;Clorobenceno (monoclorobenceno);µg/L;0;< 0,50;705332;4207772;70042;TERCIARIO DE TORREVIEJA;Torrevieja;ALICANTE;748;TERCIARIO DE TORREVIEJA;TERCIARIO DE TORREVIEJA;320;Comunidad Valenciana
CA0748001;13/06/2024;MCV;CLORURO DE VINILO;µg/l;0;< 0,100;705332;4207772;70042;TERCIARIO DE TORREVIEJA;Torrevieja;ALICANTE;748;TERCIARIO DE TORREVIEJA;TERCIARIO DE TORREVIEJA;320;Comunidad Valenciana
CA0748001;13/06/2024;METAMTR;METAMITRONA;µg/l;0;< 0,0050;705332;4207772;70042;TERCIARIO DE TORREVIEJA;Torrevieja;ALICANTE;748;TERCIARIO DE TORREVIEJA;TERCIARIO DE TORREVIEJA;320;Comunidad Valenciana
CA0748001;13/06/2024;METOLACLORO;Metolacloro;µg/L;0;< 0,00100;705332;4207772;70042;TERCIARIO DE TORREVIEJA;Torrevieja;ALICANTE;748;TERCIARIO DE TORREVIEJA;TERCIARIO DE TORREVIEJA;320;Comunidad Valenciana
CA0748001;13/06/2024;METOXICLORO;Metoxicloro;µg/L;0;< 0,0250;705332;4207772;70042;TERCIARIO DE TORREVIEJA;Torrevieja;ALICANTE;748;TERCIARIO DE TORREVIEJA;TERCIARIO DE TORREVIEJA;320;Comunidad Valenciana
CA0748001;13/06/2024;METRIBUZINA;METRIBUZINA;µg/L;0;< 0,0250;705332;4207772;70042;TERCIARIO DE TORREVIEJA;Torrevieja;ALICANTE;748;TERCIARIO DE TORREVIEJA;TERCIARIO DE TORREVIEJA;320;Comunidad Valenciana
CA0748001;13/06/2024;MG;MAGNESIO;mg/L Mg;339;33,9;705332;4207772;70042;TERCIARIO DE TORREVIEJA;Torrevieja;ALICANTE;748;TERCIARIO DE TORREVIEJA;TERCIARIO DE TORREVIEJA;320;Comunidad Valenciana
CA0748001;13/06/2024;MN;MANGANESO;µg/L Mn;0;< 0,50;705332;4207772;70042;TERCIARIO DE TORREVIEJA;Torrevieja;ALICANTE;748;TERCIARIO DE TORREVIEJA;TERCIARIO DE TORREVIEJA;320;Comunidad Valenciana
CA0748001;13/06/2024;MO;MOLIBDENO;µg/L Mo;107;1,07;705332;4207772;70042;TERCIARIO DE TORREVIEJA;Torrevieja;ALICANTE;748;TERCIARIO DE TORREVIEJA;TERCIARIO DE TORREVIEJA;320;Comunidad Valenciana
CA0748001;13/06/2024;MOLINATO;Molinato;µg/L;0;< 0,00100;705332;4207772;70042;TERCIARIO DE TORREVIEJA;Torrevieja;ALICANTE;748;TERCIARIO DE TORREVIEJA;TERCIARIO DE TORREVIEJA;320;Comunidad Valenciana
CA0748001;13/06/2024;MTLX;METALAXIL;µg/l;0;< 0,050;705332;4207772;70042;TERCIARIO DE TORREVIEJA;Torrevieja;ALICANTE;748;TERCIARIO DE TORREVIEJA;TERCIARIO DE TORREVIEJA;320;Comunidad Valenciana
CA0748001;13/06/2024;MVNF;MEVINFOS;µg/L;0;< 0,0250;705332;4207772;70042;TERCIARIO DE TORREVIEJA;Torrevieja;ALICANTE;748;TERCIARIO DE TORREVIEJA;TERCIARIO DE TORREVIEJA;320;Comunidad Valenciana
CA0748001;13/06/2024;;SODIO;mg/L Na;3500;350;705332;4207772;70042;TERCIARIO DE TORREVIEJA;Torrevieja;ALICANTE;748;TERCIARIO DE TORREVIEJA;TERCIARIO DE TORREVIEJA;320;Comunidad Valenciana
CA0748001;13/06/2024;NAFTALENO;Naftaleno (naftalina);µg/L;0;< 0,50;705332;4207772;70042;TERCIARIO DE TORREVIEJA;Torrevieja;ALICANTE;748;TERCIARIO DE TORREVIEJA;TERCIARIO DE TORREVIEJA;320;Comunidad Valenciana
CA0748001;13/06/2024;N-BUB;N-BUTILBENCENO;µg/L;0;< 0,50;705332;4207772;70042;TERCIARIO DE TORREVIEJA;Torrevieja;ALICANTE;748;TERCIARIO DE TORREVIEJA;TERCIARIO DE TORREVIEJA;320;Comunidad Valenciana
CA0748001;13/06/2024;NCS;NICOSULFURON;µg/l;0;< 0,0250;705332;4207772;70042;TERCIARIO DE TORREVIEJA;Torrevieja;ALICANTE;748;TERCIARIO DE TORREVIEJA;TERCIARIO DE TORREVIEJA;320;Comunidad Valenciana
CA0748001;13/06/2024;NH4;AMONIO;mg/L NH4;0;< 0,046;705332;4207772;70042;TERCIARIO DE TORREVIEJA;Torrevieja;ALICANTE;748;TERCIARIO DE TORREVIEJA;TERCIARIO DE TORREVIEJA;320;Comunidad Valenciana
CA0748001;13/06/2024;NI;NIQUEL;µg/L Ni;0;< 0,50;705332;4207772;70042;TERCIARIO DE TORREVIEJA;Torrevieja;ALICANTE;748;TERCIARIO DE TORREVIEJA;TERCIARIO DE TORREVIEJA;320;Comunidad Valenciana
CA0748001;13/06/2024;NO2;Nitritos;mg/L NO2;0;< 0,0100;705332;4207772;70042;TERCIARIO DE TORREVIEJA;Torrevieja;ALICANTE;748;TERCIARIO DE TORREVIEJA;TERCIARIO DE TORREVIEJA;320;Comunidad Valenciana
CA0748001;13/06/2024;NO3;Nitratos;mg/L NO3;440;44;705332;4207772;70042;TERCIARIO DE TORREVIEJA;Torrevieja;ALICANTE;748;TERCIARIO DE TORREVIEJA;TERCIARIO DE TORREVIEJA;320;Comunidad Valenciana
CA0748001;13/06/2024;N-PROPILB;N-PROPILBENCENO;µg/L;0;< 0,50;705332;4207772;70042;TERCIARIO DE TORREVIEJA;Torrevieja;ALICANTE;748;TERCIARIO DE TORREVIEJA;TERCIARIO DE TORREVIEJA;320;Comunidad Valenciana
CA0748001;13/06/2024;NTOTAL;Nitrógeno total;mg/L N;107;10,7;705332;4207772;70042;TERCIARIO DE TORREVIEJA;Torrevieja;ALICANTE;748;TERCIARIO DE TORREVIEJA;TERCIARIO DE TORREVIEJA;320;Comunidad Valenciana
CA0748001;13/06/2024;O2 DTO;Oxigeno disuelto de campo (medida in situ);mg/L O2;63;6.3;705332;4207772;70042;TERCIARIO DE TORREVIEJA;Torrevieja;ALICANTE;748;TERCIARIO DE TORREVIEJA;TERCIARIO DE TORREVIEJA;320;Comunidad Valenciana
CA0748001;13/06/2024;O-DICLORO;1,2-diclorobenceno (o-diclorobenceno);µg/L;0;< 0,50;705332;4207772;70042;TERCIARIO DE TORREVIEJA;Torrevieja;ALICANTE;748;TERCIARIO DE TORREVIEJA;TERCIARIO DE TORREVIEJA;320;Comunidad Valenciana
CA0748001;13/06/2024;OP_DDD;O,P'-DDD;µg/L;0;< 0,00100;705332;4207772;70042;TERCIARIO DE TORREVIEJA;Torrevieja;ALICANTE;748;TERCIARIO DE TORREVIEJA;TERCIARIO DE TORREVIEJA;320;Comunidad Valenciana
CA0748001;13/06/2024;OP_DDE;O,P'-DDE;µg/L;0;< 0,00100;705332;4207772;70042;TERCIARIO DE TORREVIEJA;Torrevieja;ALICANTE;748;TERCIARIO DE TORREVIEJA;TERCIARIO DE TORREVIEJA;320;Comunidad Valenciana
CA0748001;13/06/2024;OXIF;OXIFLUORFEN;µg/L;0;< 0,0050;705332;4207772;70042;TERCIARIO DE TORREVIEJA;Torrevieja;ALICANTE;748;TERCIARIO DE TORREVIEJA;TERCIARIO DE TORREVIEJA;320;Comunidad Valenciana
CA0748001;13/06/2024;PAHB(A)PIR;Benzo[a]pireno;µg/L;0;< 0,000167;705332;4207772;70042;TERCIARIO DE TORREVIEJA;Torrevieja;ALICANTE;748;TERCIARIO DE TORREVIEJA;TERCIARIO DE TORREVIEJA;320;Comunidad Valenciana
CA0748001;13/06/2024;PAHEST;Estireno (etenilbenceno);µg/L;0;< 0,50;705332;4207772;70042;TERCIARIO DE TORREVIEJA;Torrevieja;ALICANTE;748;TERCIARIO DE TORREVIEJA;TERCIARIO DE TORREVIEJA;320;Comunidad Valenciana
CA0748001;13/06/2024;PB;PLOMO;µg/L Pb;0;< 0,50;705332;4207772;70042;TERCIARIO DE TORREVIEJA;Torrevieja;ALICANTE;748;TERCIARIO DE TORREVIEJA;TERCIARIO DE TORREVIEJA;320;Comunidad Valenciana
CA0748001;13/06/2024;PENDIMETALIN;Pendimetalina;µg/L;0;< 0,00100;705332;4207772;70042;TERCIARIO DE TORREVIEJA;Torrevieja;ALICANTE;748;TERCIARIO DE TORREVIEJA;TERCIARIO DE TORREVIEJA;320;Comunidad Valenciana
CA0748001;13/06/2024;PER;Tetracloroetileno (PER, Percloroetileno);µg/L;0;< 1,00;705332;4207772;70042;TERCIARIO DE TORREVIEJA;Torrevieja;ALICANTE;748;TERCIARIO DE TORREVIEJA;TERCIARIO DE TORREVIEJA;320;Comunidad Valenciana
CA0748001;13/06/2024;PERMETRIN;PERMETRIN;µg/l;0;< 0,0050;705332;4207772;70042;TERCIARIO DE TORREVIEJA;Torrevieja;ALICANTE;748;TERCIARIO DE TORREVIEJA;TERCIARIO DE TORREVIEJA;320;Comunidad Valenciana
CA0748001;13/06/2024;PHSITU;pH de campo (medida in situ);udpH;769;7.69;705332;4207772;70042;TERCIARIO DE TORREVIEJA;Torrevieja;ALICANTE;748;TERCIARIO DE TORREVIEJA;TERCIARIO DE TORREVIEJA;320;Comunidad Valenciana
CA0748001;13/06/2024;PIRIMET;PIRIMETANIL;µg/L;0;< 0,0250;705332;4207772;70042;TERCIARIO DE TORREVIEJA;Torrevieja;ALICANTE;748;TERCIARIO DE TORREVIEJA;TERCIARIO DE TORREVIEJA;320;Comunidad Valenciana
CA0748001;13/06/2024;PIRIMICARB;PIRIMICARB;µg/L;0;< 0,00100;705332;4207772;70042;TERCIARIO DE TORREVIEJA;Torrevieja;ALICANTE;748;TERCIARIO DE TORREVIEJA;TERCIARIO DE TORREVIEJA;320;Comunidad Valenciana
CA0748001;13/06/2024;PO4;Fosfatos;mg/L PO4;0;<0.061;705332;4207772;70042;TERCIARIO DE TORREVIEJA;Torrevieja;ALICANTE;748;TERCIARIO DE TORREVIEJA;TERCIARIO DE TORREVIEJA;320;Comunidad Valenciana
CA0748001;13/06/2024;PROCI;PROCIMIDONA;µg/L;0;< 0,0250;705332;4207772;70042;TERCIARIO DE TORREVIEJA;Torrevieja;ALICANTE;748;TERCIARIO DE TORREVIEJA;TERCIARIO DE TORREVIEJA;320;Comunidad Valenciana
CA0748001;13/06/2024;PROPAZINA;Propazina;µg/L;0;< 0,00100;705332;4207772;70042;TERCIARIO DE TORREVIEJA;Torrevieja;ALICANTE;748;TERCIARIO DE TORREVIEJA;TERCIARIO DE TORREVIEJA;320;Comunidad Valenciana
CA0748001;13/06/2024;PTOTAL;FOSFORO TOTAL;mg/L P;44;0.044;705332;4207772;70042;TERCIARIO DE TORREVIEJA;Torrevieja;ALICANTE;748;TERCIARIO DE TORREVIEJA;TERCIARIO DE TORREVIEJA;320;Comunidad Valenciana
CA0748001;13/06/2024;QUI;Quinoxifeno;µg/L;0;< 0,00100;705332;4207772;70042;TERCIARIO DE TORREVIEJA;Torrevieja;ALICANTE;748;TERCIARIO DE TORREVIEJA;TERCIARIO DE TORREVIEJA;320;Comunidad Valenciana
CA0748001;13/06/2024;SATINSI;Porcentaje de saturación de oxígeno disuelto de campo (medido in situ);% O2;741;74.1;705332;4207772;70042;TERCIARIO DE TORREVIEJA;Torrevieja;ALICANTE;748;TERCIARIO DE TORREVIEJA;TERCIARIO DE TORREVIEJA;320;Comunidad Valenciana
CA0748001;13/06/2024;SB;ANTIMONIO;µg/l Sb;0;< 0,50;705332;4207772;70042;TERCIARIO DE TORREVIEJA;Torrevieja;ALICANTE;748;TERCIARIO DE TORREVIEJA;TERCIARIO DE TORREVIEJA;320;Comunidad Valenciana
CA0748001;13/06/2024;SE;SELENIO;µg/L Se;223;2,23;705332;4207772;70042;TERCIARIO DE TORREVIEJA;Torrevieja;ALICANTE;748;TERCIARIO DE TORREVIEJA;TERCIARIO DE TORREVIEJA;320;Comunidad Valenciana
CA0748001;13/06/2024;SECBUTB;SEC-BUTILBENCENO;µg/L;0;< 0,50;705332;4207772;70042;TERCIARIO DE TORREVIEJA;Torrevieja;ALICANTE;748;TERCIARIO DE TORREVIEJA;TERCIARIO DE TORREVIEJA;320;Comunidad Valenciana
CA0748001;13/06/2024;SIMAZINA;Simazina;µg/L;0;< 0,00100;705332;4207772;70042;TERCIARIO DE TORREVIEJA;Torrevieja;ALICANTE;748;TERCIARIO DE TORREVIEJA;TERCIARIO DE TORREVIEJA;320;Comunidad Valenciana
CA0748001;13/06/2024;SIO2;Sílice;mg/L SiO2;115;11,5;705332;4207772;70042;TERCIARIO DE TORREVIEJA;Torrevieja;ALICANTE;748;TERCIARIO DE TORREVIEJA;TERCIARIO DE TORREVIEJA;320;Comunidad Valenciana
CA0748001;13/06/2024;SN;ESTAÑO;µg/L Sn;0;< 5,0;705332;4207772;70042;TERCIARIO DE TORREVIEJA;Torrevieja;ALICANTE;748;TERCIARIO DE TORREVIEJA;TERCIARIO DE TORREVIEJA;320;Comunidad Valenciana
CA0748001;13/06/2024;SUMAXILENO;Xileno (dimetilbenceno) (suma o-, m- y p-xileno);µg/L;0;< 1,00;705332;4207772;70042;TERCIARIO DE TORREVIEJA;Torrevieja;ALICANTE;748;TERCIARIO DE TORREVIEJA;TERCIARIO DE TORREVIEJA;320;Comunidad Valenciana
CA0748001;13/06/2024;SUMCIPER;CIPERMETRINA (SUMA ISOMEROS ALFA+BETA+TETA+ZETA);µg/L;0;< 0,00100;705332;4207772;70042;TERCIARIO DE TORREVIEJA;Torrevieja;ALICANTE;748;TERCIARIO DE TORREVIEJA;TERCIARIO DE TORREVIEJA;320;Comunidad Valenciana
CA0748001;13/06/2024;SUMDCB;Diclorobenceno (suma isómeros);µg/L;0;< 0,50;705332;4207772;70042;TERCIARIO DE TORREVIEJA;Torrevieja;ALICANTE;748;TERCIARIO DE TORREVIEJA;TERCIARIO DE TORREVIEJA;320;Comunidad Valenciana
CA0748001;13/06/2024;SUMDDT;DDT TOTAL (SUMA P,P'-DDT+O,P'-DDT+P,P'-DDE+P,P'-DDD);µg/L;0;< 0,00100;705332;4207772;70042;TERCIARIO DE TORREVIEJA;Torrevieja;ALICANTE;748;TERCIARIO DE TORREVIEJA;TERCIARIO DE TORREVIEJA;320;Comunidad Valenciana
CA0748001;13/06/2024;SUMTCBEN;"Triclorobenceno (suma isómeros 1,2,3-; 1,2,4- y 1,3,5- TCB)";µg/L;0;< 0,10;705332;4207772;70042;TERCIARIO DE TORREVIEJA;Torrevieja;ALICANTE;748;TERCIARIO DE TORREVIEJA;TERCIARIO DE TORREVIEJA;320;Comunidad Valenciana
CA0748001;13/06/2024;SUO4;Sulfatos;mg/L SO4;2870;287;705332;4207772;70042;TERCIARIO DE TORREVIEJA;Torrevieja;ALICANTE;748;TERCIARIO DE TORREVIEJA;TERCIARIO DE TORREVIEJA;320;Comunidad Valenciana
CA0748001;13/06/2024;TAGUA;"TEMPERATURA ""IN SITU""";ºC;224;22.4;705332;4207772;70042;TERCIARIO DE TORREVIEJA;Torrevieja;ALICANTE;748;TERCIARIO DE TORREVIEJA;TERCIARIO DE TORREVIEJA;320;Comunidad Valenciana
CA0748001;13/06/2024;TBUTB;TERC-BUTILBENCENO;µg/L;0;< 0,50;705332;4207772;70042;TERCIARIO DE TORREVIEJA;Torrevieja;ALICANTE;748;TERCIARIO DE TORREVIEJA;TERCIARIO DE TORREVIEJA;320;Comunidad Valenciana
CA0748001;13/06/2024;TBZD;TIABENDAZOL;µg/l;0;< 0,0250;705332;4207772;70042;TERCIARIO DE TORREVIEJA;Torrevieja;ALICANTE;748;TERCIARIO DE TORREVIEJA;TERCIARIO DE TORREVIEJA;320;Comunidad Valenciana
CA0748001;13/06/2024;TCB123;1,2,3-Triclorobenceno;µg/L;0;< 0,10;705332;4207772;70042;TERCIARIO DE TORREVIEJA;Torrevieja;ALICANTE;748;TERCIARIO DE TORREVIEJA;TERCIARIO DE TORREVIEJA;320;Comunidad Valenciana
CA0748001;13/06/2024;TCB124;1,2,4-Triclorobenceno;µg/L;0;< 0,10;705332;4207772;70042;TERCIARIO DE TORREVIEJA;Torrevieja;ALICANTE;748;TERCIARIO DE TORREVIEJA;TERCIARIO DE TORREVIEJA;320;Comunidad Valenciana
CA0748001;13/06/2024;TCB135;1,3,5-Triclorobenceno;µg/L;0;< 0,10;705332;4207772;70042;TERCIARIO DE TORREVIEJA;Torrevieja;ALICANTE;748;TERCIARIO DE TORREVIEJA;TERCIARIO DE TORREVIEJA;320;Comunidad Valenciana
CA0748001;13/06/2024;TCE;1,1,1-TRICLOROETANO;µg/L;0;< 1,00;705332;4207772;70042;TERCIARIO DE TORREVIEJA;Torrevieja;ALICANTE;748;TERCIARIO DE TORREVIEJA;TERCIARIO DE TORREVIEJA;320;Comunidad Valenciana
CA0748001;13/06/2024;TERAZ;Terbutilazina;µg/L;0;< 0,00100;705332;4207772;70042;TERCIARIO DE TORREVIEJA;Torrevieja;ALICANTE;748;TERCIARIO DE TORREVIEJA;TERCIARIO DE TORREVIEJA;320;Comunidad Valenciana
CA0748001;13/06/2024;TERBUTRINA;Terbutrina;µg/L;0;< 0,00100;705332;4207772;70042;TERCIARIO DE TORREVIEJA;Torrevieja;ALICANTE;748;TERCIARIO DE TORREVIEJA;TERCIARIO DE TORREVIEJA;320;Comunidad Valenciana
CA0748001;13/06/2024;TETRA;Tetracloruro de carbono (Tetraclorometano, Perclorometano);µg/L;0;< 1,00;705332;4207772;70042;TERCIARIO DE TORREVIEJA;Torrevieja;ALICANTE;748;TERCIARIO DE TORREVIEJA;TERCIARIO DE TORREVIEJA;320;Comunidad Valenciana
CA0748001;13/06/2024;TETRTRI;Tricloroetileno + Tetracloroetileno (Percloroetileno);µg/L;0;< 1,00;705332;4207772;70042;TERCIARIO DE TORREVIEJA;Torrevieja;ALICANTE;748;TERCIARIO DE TORREVIEJA;TERCIARIO DE TORREVIEJA;320;Comunidad Valenciana
CA0748001;13/06/2024;THMBR2CL;Bromodiclorometano;µg/l;0;< 1,00;705332;4207772;70042;TERCIARIO DE TORREVIEJA;Torrevieja;ALICANTE;748;TERCIARIO DE TORREVIEJA;TERCIARIO DE TORREVIEJA;320;Comunidad Valenciana
CA0748001;13/06/2024;THMBRCL2;DIBROMOCLOROMETANO (Trihalometanos);µg/L;0;< 1,00;705332;4207772;70042;TERCIARIO DE TORREVIEJA;Torrevieja;ALICANTE;748;TERCIARIO DE TORREVIEJA;TERCIARIO DE TORREVIEJA;320;Comunidad Valenciana
CA0748001;13/06/2024;THMBRF;BROMOFORMO;µg/L;0;< 1,00;705332;4207772;70042;TERCIARIO DE TORREVIEJA;Torrevieja;ALICANTE;748;TERCIARIO DE TORREVIEJA;TERCIARIO DE TORREVIEJA;320;Comunidad Valenciana
CA0748001;13/06/2024;THMDCM;DICLOROMETANO;µg/L;0;< 5,0;705332;4207772;70042;TERCIARIO DE TORREVIEJA;Torrevieja;ALICANTE;748;TERCIARIO DE TORREVIEJA;TERCIARIO DE TORREVIEJA;320;Comunidad Valenciana
CA0748001;13/06/2024;TIACLO;TIACLOPRID;µg/l;0;< 0,0250;705332;4207772;70042;TERCIARIO DE TORREVIEJA;Torrevieja;ALICANTE;748;TERCIARIO DE TORREVIEJA;TERCIARIO DE TORREVIEJA;320;Comunidad Valenciana
CA0748001;13/06/2024;TIAMETO;TIAMETOXAM;µg/l;0;< 0,0250;705332;4207772;70042;TERCIARIO DE TORREVIEJA;Torrevieja;ALICANTE;748;TERCIARIO DE TORREVIEJA;TERCIARIO DE TORREVIEJA;320;Comunidad Valenciana
CA0748001;13/06/2024;TMB1;1,2,4-trimetilbenceno;µg/l;0;< 0,50;705332;4207772;70042;TERCIARIO DE TORREVIEJA;Torrevieja;ALICANTE;748;TERCIARIO DE TORREVIEJA;TERCIARIO DE TORREVIEJA;320;Comunidad Valenciana
CA0748001;13/06/2024;TMB2;1,3,5-TRIMETILBENCENO;µg/L;0;< 0,50;705332;4207772;70042;TERCIARIO DE TORREVIEJA;Torrevieja;ALICANTE;748;TERCIARIO DE TORREVIEJA;TERCIARIO DE TORREVIEJA;320;Comunidad Valenciana
CA0748001;13/06/2024;TOL;Tolueno (Metilbenceno);µg/L;0;< 0,50;705332;4207772;70042;TERCIARIO DE TORREVIEJA;Torrevieja;ALICANTE;748;TERCIARIO DE TORREVIEJA;TERCIARIO DE TORREVIEJA;320;Comunidad Valenciana
CA0748001;13/06/2024;TRICLOET;Tricloroetileno (TRI);µg/L;0;< 1,00;705332;4207772;70042;TERCIARIO DE TORREVIEJA;Torrevieja;ALICANTE;748;TERCIARIO DE TORREVIEJA;TERCIARIO DE TORREVIEJA;320;Comunidad Valenciana
CA0748001;13/06/2024;TRIETAZINA;Trietazina;µg/L;0;< 0,0250;705332;4207772;70042;TERCIARIO DE TORREVIEJA;Torrevieja;ALICANTE;748;TERCIARIO DE TORREVIEJA;TERCIARIO DE TORREVIEJA;320;Comunidad Valenciana
CA0748001;13/06/2024;TRIFLURALINA;Trifluralina;µg/L;0;< 0,00100;705332;4207772;70042;TERCIARIO DE TORREVIEJA;Torrevieja;ALICANTE;748;TERCIARIO DE TORREVIEJA;TERCIARIO DE TORREVIEJA;320;Comunidad Valenciana
CA0748001;13/06/2024;U;URANIO;µg/l;114;1,14;705332;4207772;70042;TERCIARIO DE TORREVIEJA;Torrevieja;ALICANTE;748;TERCIARIO DE TORREVIEJA;TERCIARIO DE TORREVIEJA;320;Comunidad Valenciana
CA0748001;13/06/2024;V;VANADIO;µg/L V;174;1,74;705332;4207772;70042;TERCIARIO DE TORREVIEJA;Torrevieja;ALICANTE;748;TERCIARIO DE TORREVIEJA;TERCIARIO DE TORREVIEJA;320;Comunidad Valenciana
CA0748001;13/06/2024;XILM+P;SUMA M+P XILENO;µg/L;0;< 1,00;705332;4207772;70042;TERCIARIO DE TORREVIEJA;Torrevieja;ALICANTE;748;TERCIARIO DE TORREVIEJA;TERCIARIO DE TORREVIEJA;320;Comunidad Valenciana
CA0748001;13/06/2024;XIL-O;O-XILENO;µg/L;0;< 0,50;705332;4207772;70042;TERCIARIO DE TORREVIEJA;Torrevieja;ALICANTE;748;TERCIARIO DE TORREVIEJA;TERCIARIO DE TORREVIEJA;320;Comunidad Valenciana
CA0748001;13/06/2024;ZN;ZINC;µg/l Zn;63;6,3;705332;4207772;70042;TERCIARIO DE TORREVIEJA;Torrevieja;ALICANTE;748;TERCIARIO DE TORREVIEJA;TERCIARIO DE TORREVIEJA;320;Comunidad Valenciana
CA0748001;26/06/2025;12DIBR;1,2-DIBROMOETANO;µg/L;0;< 1,00;705332;4207772;70042;TERCIARIO DE TORREVIEJA;Torrevieja;ALICANTE;748;TERCIARIO DE TORREVIEJA;TERCIARIO DE TORREVIEJA;320;Comunidad Valenciana
CA0748001;26/06/2025;AL;ALUMINIO;µg/L Al;59;5,9;705332;4207772;70042;TERCIARIO DE TORREVIEJA;Torrevieja;ALICANTE;748;TERCIARIO DE TORREVIEJA;TERCIARIO DE TORREVIEJA;320;Comunidad Valenciana
CA0748001;26/06/2025;ALCALIN;ALCALINIDAD;mg/L CO3Ca;1590;159;705332;4207772;70042;TERCIARIO DE TORREVIEJA;Torrevieja;ALICANTE;748;TERCIARIO DE TORREVIEJA;TERCIARIO DE TORREVIEJA;320;Comunidad Valenciana
CA0748001;26/06/2025;AS;ARSENICO;µg/L As;0;< 0,50;705332;4207772;70042;TERCIARIO DE TORREVIEJA;Torrevieja;ALICANTE;748;TERCIARIO DE TORREVIEJA;TERCIARIO DE TORREVIEJA;320;Comunidad Valenciana
CA0748001;26/06/2025;B;BORO;µg/L B;3970;397;705332;4207772;70042;TERCIARIO DE TORREVIEJA;Torrevieja;ALICANTE;748;TERCIARIO DE TORREVIEJA;TERCIARIO DE TORREVIEJA;320;Comunidad Valenciana
CA0748001;26/06/2025;BENCENO;BENCENO;µg/L;0;< 0,100;705332;4207772;70042;TERCIARIO DE TORREVIEJA;Torrevieja;ALICANTE;748;TERCIARIO DE TORREVIEJA;TERCIARIO DE TORREVIEJA;320;Comunidad Valenciana
CA0748001;26/06/2025;BICARB;BICARBONATOS;mg/L HCO3-;1940;194;705332;4207772;70042;TERCIARIO DE TORREVIEJA;Torrevieja;ALICANTE;748;TERCIARIO DE TORREVIEJA;TERCIARIO DE TORREVIEJA;320;Comunidad Valenciana
CA0748001;26/06/2025;BISF;BISFENOL-A;µg/l;0;< 0,50;705332;4207772;70042;TERCIARIO DE TORREVIEJA;Torrevieja;ALICANTE;748;TERCIARIO DE TORREVIEJA;TERCIARIO DE TORREVIEJA;320;Comunidad Valenciana
CA0748001;26/06/2025;BRB;BROMOBENCENO;µg/L;0;< 0,50;705332;4207772;70042;TERCIARIO DE TORREVIEJA;Torrevieja;ALICANTE;748;TERCIARIO DE TORREVIEJA;TERCIARIO DE TORREVIEJA;320;Comunidad Valenciana
CA0748001;26/06/2025;BRO4;BROMATOS;µg/l;0;< 0,003;705332;4207772;70042;TERCIARIO DE TORREVIEJA;Torrevieja;ALICANTE;748;TERCIARIO DE TORREVIEJA;TERCIARIO DE TORREVIEJA;320;Comunidad Valenciana
CA0748001;26/06/2025;CA;CALCIO;mg/L Ca;580;58;705332;4207772;70042;TERCIARIO DE TORREVIEJA;Torrevieja;ALICANTE;748;TERCIARIO DE TORREVIEJA;TERCIARIO DE TORREVIEJA;320;Comunidad Valenciana
CA0748001;26/06/2025;CARB;Carbonatos;mg/L CO3;0;< 8,0;705332;4207772;70042;TERCIARIO DE TORREVIEJA;Torrevieja;ALICANTE;748;TERCIARIO DE TORREVIEJA;TERCIARIO DE TORREVIEJA;320;Comunidad Valenciana
CA0748001;26/06/2025;CD;CADMIO;µg/L Cd;0;< 0,0200;705332;4207772;70042;TERCIARIO DE TORREVIEJA;Torrevieja;ALICANTE;748;TERCIARIO DE TORREVIEJA;TERCIARIO DE TORREVIEJA;320;Comunidad Valenciana
CA0748001;26/06/2025;CL;Cloruros;mg/L Cl;4140;414;705332;4207772;70042;TERCIARIO DE TORREVIEJA;Torrevieja;ALICANTE;748;TERCIARIO DE TORREVIEJA;TERCIARIO DE TORREVIEJA;320;Comunidad Valenciana
CA0748001;26/06/2025;CLF;Cloroformo (Triclorometano);µg/L;0;< 1,00;705332;4207772;70042;TERCIARIO DE TORREVIEJA;Torrevieja;ALICANTE;748;TERCIARIO DE TORREVIEJA;TERCIARIO DE TORREVIEJA;320;Comunidad Valenciana
CA0748001;26/06/2025;CLO2;CLORITOS;mg/L;0;< 0,075;705332;4207772;70042;TERCIARIO DE TORREVIEJA;Torrevieja;ALICANTE;748;TERCIARIO DE TORREVIEJA;TERCIARIO DE TORREVIEJA;320;Comunidad Valenciana
CA0748001;26/06/2025;CLORAT;CLORATOS;mg/L;45;4,5;705332;4207772;70042;TERCIARIO DE TORREVIEJA;Torrevieja;ALICANTE;748;TERCIARIO DE TORREVIEJA;TERCIARIO DE TORREVIEJA;320;Comunidad Valenciana
CA0748001;26/06/2025;CLTO2;4-CLOROTOLUENO;µg/L;0;< 0,50;705332;4207772;70042;TERCIARIO DE TORREVIEJA;Torrevieja;ALICANTE;748;TERCIARIO DE TORREVIEJA;TERCIARIO DE TORREVIEJA;320;Comunidad Valenciana
CA0748001;26/06/2025;CLTOL;2-CLOROTOLUENO;µg/L;0;< 0,50;705332;4207772;70042;TERCIARIO DE TORREVIEJA;Torrevieja;ALICANTE;748;TERCIARIO DE TORREVIEJA;TERCIARIO DE TORREVIEJA;320;Comunidad Valenciana
CA0748001;26/06/2025;CN;CIANUROS TOTALES;µg/L CN;0;< 12,0;705332;4207772;70042;TERCIARIO DE TORREVIEJA;Torrevieja;ALICANTE;748;TERCIARIO DE TORREVIEJA;TERCIARIO DE TORREVIEJA;320;Comunidad Valenciana
CA0748001;26/06/2025;CO;COBALTO;µg/L Co;0;< 0,50;705332;4207772;70042;TERCIARIO DE TORREVIEJA;Torrevieja;ALICANTE;748;TERCIARIO DE TORREVIEJA;TERCIARIO DE TORREVIEJA;320;Comunidad Valenciana
CA0748001;26/06/2025;COND20SITU;Conductividad de campo (medida in situ);µS/cm;14800;1480;705332;4207772;70042;TERCIARIO DE TORREVIEJA;Torrevieja;ALICANTE;748;TERCIARIO DE TORREVIEJA;TERCIARIO DE TORREVIEJA;320;Comunidad Valenciana
CA0748001;26/06/2025;CR;CROMO;µg/L Cr;0;< 0,50;705332;4207772;70042;TERCIARIO DE TORREVIEJA;Torrevieja;ALICANTE;748;TERCIARIO DE TORREVIEJA;TERCIARIO DE TORREVIEJA;320;Comunidad Valenciana
CA0748001;26/06/2025;CU;COBRE;µg/L Cu;0;< 0,50;705332;4207772;70042;TERCIARIO DE TORREVIEJA;Torrevieja;ALICANTE;748;TERCIARIO DE TORREVIEJA;TERCIARIO DE TORREVIEJA;320;Comunidad Valenciana
CA0748001;26/06/2025;DCB-M;1,3-diclorobenceno (m-diclorobenceno);µg/L;0;< 0,50;705332;4207772;70042;TERCIARIO DE TORREVIEJA;Torrevieja;ALICANTE;748;TERCIARIO DE TORREVIEJA;TERCIARIO DE TORREVIEJA;320;Comunidad Valenciana
CA0748001;26/06/2025;DCB-P;1,4-diclorobenceno (p-diclorobenceno);µg/L;0;< 0,50;705332;4207772;70042;TERCIARIO DE TORREVIEJA;Torrevieja;ALICANTE;748;TERCIARIO DE TORREVIEJA;TERCIARIO DE TORREVIEJA;320;Comunidad Valenciana
CA0748001;26/06/2025;DCE;1,2-dicloroetano (EDC, cloruro de etileno);µg/L;0;< 0,50;705332;4207772;70042;TERCIARIO DE TORREVIEJA;Torrevieja;ALICANTE;748;TERCIARIO DE TORREVIEJA;TERCIARIO DE TORREVIEJA;320;Comunidad Valenciana
CA0748001;26/06/2025;DQO;DQO o Demanda Química de Oxígeno;mg/L O2;0;< 7,0;705332;4207772;70042;TERCIARIO DE TORREVIEJA;Torrevieja;ALICANTE;748;TERCIARIO DE TORREVIEJA;TERCIARIO DE TORREVIEJA;320;Comunidad Valenciana
CA0748001;26/06/2025;ETBENCENO;Etilbenceno;µg/L;0;< 0,50;705332;4207772;70042;TERCIARIO DE TORREVIEJA;Torrevieja;ALICANTE;748;TERCIARIO DE TORREVIEJA;TERCIARIO DE TORREVIEJA;320;Comunidad Valenciana
CA0748001;26/06/2025;F;Fluoruros;µg/L;4000;400;705332;4207772;70042;TERCIARIO DE TORREVIEJA;Torrevieja;ALICANTE;748;TERCIARIO DE TORREVIEJA;TERCIARIO DE TORREVIEJA;320;Comunidad Valenciana
CA0748001;26/06/2025;FE;HIERRO;µg/L;0;< 5,0;705332;4207772;70042;TERCIARIO DE TORREVIEJA;Torrevieja;ALICANTE;748;TERCIARIO DE TORREVIEJA;TERCIARIO DE TORREVIEJA;320;Comunidad Valenciana
CA0748001;26/06/2025;HCB;Hexaclorobenceno (HCB, Perclorobenceno);µg/L;0;< 0,00100;705332;4207772;70042;TERCIARIO DE TORREVIEJA;Torrevieja;ALICANTE;748;TERCIARIO DE TORREVIEJA;TERCIARIO DE TORREVIEJA;320;Comunidad Valenciana
CA0748001;26/06/2025;HCBD;Hexaclorobutadieno (HCBD, Hexacloro-1,3-Butadieno);µg/L;0;< 0,50;705332;4207772;70042;TERCIARIO DE TORREVIEJA;Torrevieja;ALICANTE;748;TERCIARIO DE TORREVIEJA;TERCIARIO DE TORREVIEJA;320;Comunidad Valenciana
CA0748001;26/06/2025;HG;MERCURIO;µg/L Hg;0;< 0,020;705332;4207772;70042;TERCIARIO DE TORREVIEJA;Torrevieja;ALICANTE;748;TERCIARIO DE TORREVIEJA;TERCIARIO DE TORREVIEJA;320;Comunidad Valenciana
CA0748001;26/06/2025;ISOPROPB;Isopropilbenceno (cumeno);µg/L;0;< 0,50;705332;4207772;70042;TERCIARIO DE TORREVIEJA;Torrevieja;ALICANTE;748;TERCIARIO DE TORREVIEJA;TERCIARIO DE TORREVIEJA;320;Comunidad Valenciana
CA0748001;26/06/2025;ISOPROPILTO;4-ISOPROPILTOLUENO;µg/L;0;< 0,50;705332;4207772;70042;TERCIARIO DE TORREVIEJA;Torrevieja;ALICANTE;748;TERCIARIO DE TORREVIEJA;TERCIARIO DE TORREVIEJA;320;Comunidad Valenciana
CA0748001;26/06/2025;K;POTASIO;mg/L K;116;11,6;705332;4207772;70042;TERCIARIO DE TORREVIEJA;Torrevieja;ALICANTE;748;TERCIARIO DE TORREVIEJA;TERCIARIO DE TORREVIEJA;320;Comunidad Valenciana
CA0748001;26/06/2025;MCB;Clorobenceno (monoclorobenceno);µg/L;0;< 0,50;705332;4207772;70042;TERCIARIO DE TORREVIEJA;Torrevieja;ALICANTE;748;TERCIARIO DE TORREVIEJA;TERCIARIO DE TORREVIEJA;320;Comunidad Valenciana
CA0748001;26/06/2025;MCV;CLORURO DE VINILO;µg/l;0;< 0,100;705332;4207772;70042;TERCIARIO DE TORREVIEJA;Torrevieja;ALICANTE;748;TERCIARIO DE TORREVIEJA;TERCIARIO DE TORREVIEJA;320;Comunidad Valenciana
CA0748001;26/06/2025;MG;MAGNESIO;mg/L Mg;308;30,8;705332;4207772;70042;TERCIARIO DE TORREVIEJA;Torrevieja;ALICANTE;748;TERCIARIO DE TORREVIEJA;TERCIARIO DE TORREVIEJA;320;Comunidad Valenciana
CA0748001;26/06/2025;MN;MANGANESO;µg/L Mn;0;< 0,50;705332;4207772;70042;TERCIARIO DE TORREVIEJA;Torrevieja;ALICANTE;748;TERCIARIO DE TORREVIEJA;TERCIARIO DE TORREVIEJA;320;Comunidad Valenciana
CA0748001;26/06/2025;MO;MOLIBDENO;µg/L Mo;11;1,1;705332;4207772;70042;TERCIARIO DE TORREVIEJA;Torrevieja;ALICANTE;748;TERCIARIO DE TORREVIEJA;TERCIARIO DE TORREVIEJA;320;Comunidad Valenciana
CA0748001;26/06/2025;;SODIO;mg/L Na;2630;263;705332;4207772;70042;TERCIARIO DE TORREVIEJA;Torrevieja;ALICANTE;748;TERCIARIO DE TORREVIEJA;TERCIARIO DE TORREVIEJA;320;Comunidad Valenciana
CA0748001;26/06/2025;NAFTALENO;Naftaleno (naftalina);µg/L;0;< 0,50;705332;4207772;70042;TERCIARIO DE TORREVIEJA;Torrevieja;ALICANTE;748;TERCIARIO DE TORREVIEJA;TERCIARIO DE TORREVIEJA;320;Comunidad Valenciana
CA0748001;26/06/2025;N-BUB;N-BUTILBENCENO;µg/L;0;< 0,50;705332;4207772;70042;TERCIARIO DE TORREVIEJA;Torrevieja;ALICANTE;748;TERCIARIO DE TORREVIEJA;TERCIARIO DE TORREVIEJA;320;Comunidad Valenciana
CA0748001;26/06/2025;NH4;AMONIO;mg/L NH4;0;< 0,046;705332;4207772;70042;TERCIARIO DE TORREVIEJA;Torrevieja;ALICANTE;748;TERCIARIO DE TORREVIEJA;TERCIARIO DE TORREVIEJA;320;Comunidad Valenciana
CA0748001;26/06/2025;NI;NIQUEL;µg/L Ni;0;< 0,50;705332;4207772;70042;TERCIARIO DE TORREVIEJA;Torrevieja;ALICANTE;748;TERCIARIO DE TORREVIEJA;TERCIARIO DE TORREVIEJA;320;Comunidad Valenciana
CA0748001;26/06/2025;NO2;Nitritos;mg/L NO2;0;< 0,0100;705332;4207772;70042;TERCIARIO DE TORREVIEJA;Torrevieja;ALICANTE;748;TERCIARIO DE TORREVIEJA;TERCIARIO DE TORREVIEJA;320;Comunidad Valenciana
CA0748001;26/06/2025;NO3;Nitratos;mg/L NO3;490;49;705332;4207772;70042;TERCIARIO DE TORREVIEJA;Torrevieja;ALICANTE;748;TERCIARIO DE TORREVIEJA;TERCIARIO DE TORREVIEJA;320;Comunidad Valenciana
CA0748001;26/06/2025;N-PROPILB;N-PROPILBENCENO;µg/L;0;< 0,50;705332;4207772;70042;TERCIARIO DE TORREVIEJA;Torrevieja;ALICANTE;748;TERCIARIO DE TORREVIEJA;TERCIARIO DE TORREVIEJA;320;Comunidad Valenciana
CA0748001;26/06/2025;NTOTAL;Nitrógeno total;mg/L N;116;11,6;705332;4207772;70042;TERCIARIO DE TORREVIEJA;Torrevieja;ALICANTE;748;TERCIARIO DE TORREVIEJA;TERCIARIO DE TORREVIEJA;320;Comunidad Valenciana
CA0748001;26/06/2025;O2 DTO;Oxigeno disuelto de campo (medida in situ);mg/L O2;70;7;705332;4207772;70042;TERCIARIO DE TORREVIEJA;Torrevieja;ALICANTE;748;TERCIARIO DE TORREVIEJA;TERCIARIO DE TORREVIEJA;320;Comunidad Valenciana
CA0748001;26/06/2025;O-DICLORO;1,2-diclorobenceno (o-diclorobenceno);µg/L;0;< 0,50;705332;4207772;70042;TERCIARIO DE TORREVIEJA;Torrevieja;ALICANTE;748;TERCIARIO DE TORREVIEJA;TERCIARIO DE TORREVIEJA;320;Comunidad Valenciana
CA0748001;26/06/2025;PAHB(A)PIR;Benzo[a]pireno;µg/L;0;< 0,000167;705332;4207772;70042;TERCIARIO DE TORREVIEJA;Torrevieja;ALICANTE;748;TERCIARIO DE TORREVIEJA;TERCIARIO DE TORREVIEJA;320;Comunidad Valenciana
CA0748001;26/06/2025;PAHEST;Estireno (etenilbenceno);µg/L;0;< 0,50;705332;4207772;70042;TERCIARIO DE TORREVIEJA;Torrevieja;ALICANTE;748;TERCIARIO DE TORREVIEJA;TERCIARIO DE TORREVIEJA;320;Comunidad Valenciana
CA0748001;26/06/2025;PB;PLOMO;µg/L Pb;0;< 0,50;705332;4207772;70042;TERCIARIO DE TORREVIEJA;Torrevieja;ALICANTE;748;TERCIARIO DE TORREVIEJA;TERCIARIO DE TORREVIEJA;320;Comunidad Valenciana
CA0748001;26/06/2025;PER;Tetracloroetileno (PER, Percloroetileno);µg/L;0;< 1,00;705332;4207772;70042;TERCIARIO DE TORREVIEJA;Torrevieja;ALICANTE;748;TERCIARIO DE TORREVIEJA;TERCIARIO DE TORREVIEJA;320;Comunidad Valenciana
CA0748001;26/06/2025;PHSITU;pH de campo (medida in situ);udpH;709;7,09;705332;4207772;70042;TERCIARIO DE TORREVIEJA;Torrevieja;ALICANTE;748;TERCIARIO DE TORREVIEJA;TERCIARIO DE TORREVIEJA;320;Comunidad Valenciana
CA0748001;26/06/2025;PO4;Fosfatos;mg/L PO4;0;< 0,061;705332;4207772;70042;TERCIARIO DE TORREVIEJA;Torrevieja;ALICANTE;748;TERCIARIO DE TORREVIEJA;TERCIARIO DE TORREVIEJA;320;Comunidad Valenciana
CA0748001;26/06/2025;PTOTAL;FOSFORO TOTAL;mg/L P;31;0,031;705332;4207772;70042;TERCIARIO DE TORREVIEJA;Torrevieja;ALICANTE;748;TERCIARIO DE TORREVIEJA;TERCIARIO DE TORREVIEJA;320;Comunidad Valenciana
CA0748001;26/06/2025;SATINSI;Porcentaje de saturación de oxígeno disuelto de campo (medido in situ);% O2;741;74,1;705332;4207772;70042;TERCIARIO DE TORREVIEJA;Torrevieja;ALICANTE;748;TERCIARIO DE TORREVIEJA;TERCIARIO DE TORREVIEJA;320;Comunidad Valenciana
CA0748001;26/06/2025;SB;ANTIMONIO;µg/l Sb;0;< 0,50;705332;4207772;70042;TERCIARIO DE TORREVIEJA;Torrevieja;ALICANTE;748;TERCIARIO DE TORREVIEJA;TERCIARIO DE TORREVIEJA;320;Comunidad Valenciana
CA0748001;26/06/2025;SE;SELENIO;µg/L Se;204;2,04;705332;4207772;70042;TERCIARIO DE TORREVIEJA;Torrevieja;ALICANTE;748;TERCIARIO DE TORREVIEJA;TERCIARIO DE TORREVIEJA;320;Comunidad Valenciana
CA0748001;26/06/2025;SECBUTB;SEC-BUTILBENCENO;µg/L;0;< 0,50;705332;4207772;70042;TERCIARIO DE TORREVIEJA;Torrevieja;ALICANTE;748;TERCIARIO DE TORREVIEJA;TERCIARIO DE TORREVIEJA;320;Comunidad Valenciana
CA0748001;26/06/2025;SIO2;Sílice;mg/L SiO2;96;9,6;705332;4207772;70042;TERCIARIO DE TORREVIEJA;Torrevieja;ALICANTE;748;TERCIARIO DE TORREVIEJA;TERCIARIO DE TORREVIEJA;320;Comunidad Valenciana
CA0748001;26/06/2025;SN;ESTAÑO;µg/L Sn;0;< 5,0;705332;4207772;70042;TERCIARIO DE TORREVIEJA;Torrevieja;ALICANTE;748;TERCIARIO DE TORREVIEJA;TERCIARIO DE TORREVIEJA;320;Comunidad Valenciana
CA0748001;26/06/2025;SUMAXILENO;Xileno (dimetilbenceno) (suma o-, m- y p-xileno);µg/L;0;< 1,00;705332;4207772;70042;TERCIARIO DE TORREVIEJA;Torrevieja;ALICANTE;748;TERCIARIO DE TORREVIEJA;TERCIARIO DE TORREVIEJA;320;Comunidad Valenciana
CA0748001;26/06/2025;SUMDCB;Diclorobenceno (suma isómeros);µg/L;0;< 0,50;705332;4207772;70042;TERCIARIO DE TORREVIEJA;Torrevieja;ALICANTE;748;TERCIARIO DE TORREVIEJA;TERCIARIO DE TORREVIEJA;320;Comunidad Valenciana
CA0748001;26/06/2025;SUMTCBEN;"Triclorobenceno (suma isómeros 1,2,3-; 1,2,4- y 1,3,5- TCB)";µg/L;0;< 0,10;705332;4207772;70042;TERCIARIO DE TORREVIEJA;Torrevieja;ALICANTE;748;TERCIARIO DE TORREVIEJA;TERCIARIO DE TORREVIEJA;320;Comunidad Valenciana
CA0748001;26/06/2025;SUO4;Sulfatos;mg/L SO4;1560;156;705332;4207772;70042;TERCIARIO DE TORREVIEJA;Torrevieja;ALICANTE;748;TERCIARIO DE TORREVIEJA;TERCIARIO DE TORREVIEJA;320;Comunidad Valenciana
CA0748001;26/06/2025;TAGUA;"TEMPERATURA ""IN SITU""";ºC;239;23,9;705332;4207772;70042;TERCIARIO DE TORREVIEJA;Torrevieja;ALICANTE;748;TERCIARIO DE TORREVIEJA;TERCIARIO DE TORREVIEJA;320;Comunidad Valenciana
CA0748001;26/06/2025;TBUTB;TERC-BUTILBENCENO;µg/L;0;< 0,50;705332;4207772;70042;TERCIARIO DE TORREVIEJA;Torrevieja;ALICANTE;748;TERCIARIO DE TORREVIEJA;TERCIARIO DE TORREVIEJA;320;Comunidad Valenciana
CA0748001;26/06/2025;TCB123;1,2,3-Triclorobenceno;µg/L;0;< 0,10;705332;4207772;70042;TERCIARIO DE TORREVIEJA;Torrevieja;ALICANTE;748;TERCIARIO DE TORREVIEJA;TERCIARIO DE TORREVIEJA;320;Comunidad Valenciana
CA0748001;26/06/2025;TCB124;1,2,4-Triclorobenceno;µg/L;0;< 0,10;705332;4207772;70042;TERCIARIO DE TORREVIEJA;Torrevieja;ALICANTE;748;TERCIARIO DE TORREVIEJA;TERCIARIO DE TORREVIEJA;320;Comunidad Valenciana
CA0748001;26/06/2025;TCB135;1,3,5-Triclorobenceno;µg/L;0;< 0,10;705332;4207772;70042;TERCIARIO DE TORREVIEJA;Torrevieja;ALICANTE;748;TERCIARIO DE TORREVIEJA;TERCIARIO DE TORREVIEJA;320;Comunidad Valenciana
CA0748001;26/06/2025;TCE;1,1,1-TRICLOROETANO;µg/L;0;< 1,00;705332;4207772;70042;TERCIARIO DE TORREVIEJA;Torrevieja;ALICANTE;748;TERCIARIO DE TORREVIEJA;TERCIARIO DE TORREVIEJA;320;Comunidad Valenciana
CA0748001;26/06/2025;TETRA;Tetracloruro de carbono (Tetraclorometano, Perclorometano);µg/L;0;< 1,00;705332;4207772;70042;TERCIARIO DE TORREVIEJA;Torrevieja;ALICANTE;748;TERCIARIO DE TORREVIEJA;TERCIARIO DE TORREVIEJA;320;Comunidad Valenciana
CA0748001;26/06/2025;TETRTRI;Tricloroetileno + Tetracloroetileno (Percloroetileno);µg/L;0;< 1,00;705332;4207772;70042;TERCIARIO DE TORREVIEJA;Torrevieja;ALICANTE;748;TERCIARIO DE TORREVIEJA;TERCIARIO DE TORREVIEJA;320;Comunidad Valenciana
CA0748001;26/06/2025;THMBR2CL;Bromodiclorometano;µg/l;0;< 1,00;705332;4207772;70042;TERCIARIO DE TORREVIEJA;Torrevieja;ALICANTE;748;TERCIARIO DE TORREVIEJA;TERCIARIO DE TORREVIEJA;320;Comunidad Valenciana
CA0748001;26/06/2025;THMBRCL2;DIBROMOCLOROMETANO (Trihalometanos);µg/L;0;< 1,00;705332;4207772;70042;TERCIARIO DE TORREVIEJA;Torrevieja;ALICANTE;748;TERCIARIO DE TORREVIEJA;TERCIARIO DE TORREVIEJA;320;Comunidad Valenciana
CA0748001;26/06/2025;THMBRF;BROMOFORMO;µg/L;0;< 1,00;705332;4207772;70042;TERCIARIO DE TORREVIEJA;Torrevieja;ALICANTE;748;TERCIARIO DE TORREVIEJA;TERCIARIO DE TORREVIEJA;320;Comunidad Valenciana
CA0748001;26/06/2025;THMDCM;DICLOROMETANO;µg/L;0;< 5,0;705332;4207772;70042;TERCIARIO DE TORREVIEJA;Torrevieja;ALICANTE;748;TERCIARIO DE TORREVIEJA;TERCIARIO DE TORREVIEJA;320;Comunidad Valenciana
CA0748001;26/06/2025;TMB1;1,2,4-trimetilbenceno;µg/l;0;< 0,50;705332;4207772;70042;TERCIARIO DE TORREVIEJA;Torrevieja;ALICANTE;748;TERCIARIO DE TORREVIEJA;TERCIARIO DE TORREVIEJA;320;Comunidad Valenciana
CA0748001;26/06/2025;TMB2;1,3,5-TRIMETILBENCENO;µg/L;0;< 0,50;705332;4207772;70042;TERCIARIO DE TORREVIEJA;Torrevieja;ALICANTE;748;TERCIARIO DE TORREVIEJA;TERCIARIO DE TORREVIEJA;320;Comunidad Valenciana
CA0748001;26/06/2025;TOL;Tolueno (Metilbenceno);µg/L;0;< 0,50;705332;4207772;70042;TERCIARIO DE TORREVIEJA;Torrevieja;ALICANTE;748;TERCIARIO DE TORREVIEJA;TERCIARIO DE TORREVIEJA;320;Comunidad Valenciana
CA0748001;26/06/2025;TRICLOET;Tricloroetileno (TRI);µg/L;0;< 1,00;705332;4207772;70042;TERCIARIO DE TORREVIEJA;Torrevieja;ALICANTE;748;TERCIARIO DE TORREVIEJA;TERCIARIO DE TORREVIEJA;320;Comunidad Valenciana
CA0748001;26/06/2025;U;URANIO;µg/l;121;1,21;705332;4207772;70042;TERCIARIO DE TORREVIEJA;Torrevieja;ALICANTE;748;TERCIARIO DE TORREVIEJA;TERCIARIO DE TORREVIEJA;320;Comunidad Valenciana
CA0748001;26/06/2025;V;VANADIO;µg/L V;149;1,49;705332;4207772;70042;TERCIARIO DE TORREVIEJA;Torrevieja;ALICANTE;748;TERCIARIO DE TORREVIEJA;TERCIARIO DE TORREVIEJA;320;Comunidad Valenciana
CA0748001;26/06/2025;XILM+P;SUMA M+P XILENO;µg/L;0;< 1,00;705332;4207772;70042;TERCIARIO DE TORREVIEJA;Torrevieja;ALICANTE;748;TERCIARIO DE TORREVIEJA;TERCIARIO DE TORREVIEJA;320;Comunidad Valenciana
CA0748001;26/06/2025;XIL-O;O-XILENO;µg/L;0;< 0,50;705332;4207772;70042;TERCIARIO DE TORREVIEJA;Torrevieja;ALICANTE;748;TERCIARIO DE TORREVIEJA;TERCIARIO DE TORREVIEJA;320;Comunidad Valenciana
CA0748001;26/06/2025;ZN;ZINC;µg/l Zn;0;< 5,0;705332;4207772;70042;TERCIARIO DE TORREVIEJA;Torrevieja;ALICANTE;748;TERCIARIO DE TORREVIEJA;TERCIARIO DE TORREVIEJA;320;Comunidad Valenciana
CA0748001;05/09/2025;12DIBR;1,2-DIBROMOETANO;µg/L;0;< 1,00;705332;4207772;70042;TERCIARIO DE TORREVIEJA;Torrevieja;ALICANTE;748;TERCIARIO DE TORREVIEJA;TERCIARIO DE TORREVIEJA;320;Comunidad Valenciana
CA0748001;05/09/2025;AL;ALUMINIO;µg/L Al;0;< 5,0;705332;4207772;70042;TERCIARIO DE TORREVIEJA;Torrevieja;ALICANTE;748;TERCIARIO DE TORREVIEJA;TERCIARIO DE TORREVIEJA;320;Comunidad Valenciana
CA0748001;05/09/2025;ALCALIN;ALCALINIDAD;mg/L CO3Ca;1590;159;705332;4207772;70042;TERCIARIO DE TORREVIEJA;Torrevieja;ALICANTE;748;TERCIARIO DE TORREVIEJA;TERCIARIO DE TORREVIEJA;320;Comunidad Valenciana
CA0748001;05/09/2025;AS;ARSENICO;µg/L As;0;< 0,50;705332;4207772;70042;TERCIARIO DE TORREVIEJA;Torrevieja;ALICANTE;748;TERCIARIO DE TORREVIEJA;TERCIARIO DE TORREVIEJA;320;Comunidad Valenciana
CA0748001;05/09/2025;B;BORO;µg/L B;3890;389;705332;4207772;70042;TERCIARIO DE TORREVIEJA;Torrevieja;ALICANTE;748;TERCIARIO DE TORREVIEJA;TERCIARIO DE TORREVIEJA;320;Comunidad Valenciana
CA0748001;05/09/2025;BENCENO;BENCENO;µg/L;0;< 0,100;705332;4207772;70042;TERCIARIO DE TORREVIEJA;Torrevieja;ALICANTE;748;TERCIARIO DE TORREVIEJA;TERCIARIO DE TORREVIEJA;320;Comunidad Valenciana
CA0748001;05/09/2025;BICARB;BICARBONATOS;mg/L HCO3-;1930;193;705332;4207772;70042;TERCIARIO DE TORREVIEJA;Torrevieja;ALICANTE;748;TERCIARIO DE TORREVIEJA;TERCIARIO DE TORREVIEJA;320;Comunidad Valenciana
CA0748001;05/09/2025;BISF;BISFENOL-A;µg/l;0;< 0,50;705332;4207772;70042;TERCIARIO DE TORREVIEJA;Torrevieja;ALICANTE;748;TERCIARIO DE TORREVIEJA;TERCIARIO DE TORREVIEJA;320;Comunidad Valenciana
CA0748001;05/09/2025;BRB;BROMOBENCENO;µg/L;0;< 0,50;705332;4207772;70042;TERCIARIO DE TORREVIEJA;Torrevieja;ALICANTE;748;TERCIARIO DE TORREVIEJA;TERCIARIO DE TORREVIEJA;320;Comunidad Valenciana
CA0748001;05/09/2025;BRO4;BROMATOS;µg/l;0;< 0,003;705332;4207772;70042;TERCIARIO DE TORREVIEJA;Torrevieja;ALICANTE;748;TERCIARIO DE TORREVIEJA;TERCIARIO DE TORREVIEJA;320;Comunidad Valenciana
CA0748001;05/09/2025;CA;CALCIO;mg/L Ca;680;68;705332;4207772;70042;TERCIARIO DE TORREVIEJA;Torrevieja;ALICANTE;748;TERCIARIO DE TORREVIEJA;TERCIARIO DE TORREVIEJA;320;Comunidad Valenciana
CA0748001;05/09/2025;CARB;Carbonatos;mg/L CO3;0;< 8,0;705332;4207772;70042;TERCIARIO DE TORREVIEJA;Torrevieja;ALICANTE;748;TERCIARIO DE TORREVIEJA;TERCIARIO DE TORREVIEJA;320;Comunidad Valenciana
CA0748001;05/09/2025;CD;CADMIO;µg/L Cd;0;< 0,0200;705332;4207772;70042;TERCIARIO DE TORREVIEJA;Torrevieja;ALICANTE;748;TERCIARIO DE TORREVIEJA;TERCIARIO DE TORREVIEJA;320;Comunidad Valenciana
CA0748001;05/09/2025;CL;Cloruros;mg/L Cl;3670;367;705332;4207772;70042;TERCIARIO DE TORREVIEJA;Torrevieja;ALICANTE;748;TERCIARIO DE TORREVIEJA;TERCIARIO DE TORREVIEJA;320;Comunidad Valenciana
CA0748001;05/09/2025;CLF;Cloroformo (Triclorometano);µg/L;60;6;705332;4207772;70042;TERCIARIO DE TORREVIEJA;Torrevieja;ALICANTE;748;TERCIARIO DE TORREVIEJA;TERCIARIO DE TORREVIEJA;320;Comunidad Valenciana
CA0748001;05/09/2025;CLO2;CLORITOS;mg/L;0;< 0,075;705332;4207772;70042;TERCIARIO DE TORREVIEJA;Torrevieja;ALICANTE;748;TERCIARIO DE TORREVIEJA;TERCIARIO DE TORREVIEJA;320;Comunidad Valenciana
CA0748001;05/09/2025;CLORAT;CLORATOS;mg/L;479;4,79;705332;4207772;70042;TERCIARIO DE TORREVIEJA;Torrevieja;ALICANTE;748;TERCIARIO DE TORREVIEJA;TERCIARIO DE TORREVIEJA;320;Comunidad Valenciana
CA0748001;05/09/2025;CLTO2;4-CLOROTOLUENO;µg/L;0;< 0,50;705332;4207772;70042;TERCIARIO DE TORREVIEJA;Torrevieja;ALICANTE;748;TERCIARIO DE TORREVIEJA;TERCIARIO DE TORREVIEJA;320;Comunidad Valenciana
CA0748001;05/09/2025;CLTOL;2-CLOROTOLUENO;µg/L;0;< 0,50;705332;4207772;70042;TERCIARIO DE TORREVIEJA;Torrevieja;ALICANTE;748;TERCIARIO DE TORREVIEJA;TERCIARIO DE TORREVIEJA;320;Comunidad Valenciana
CA0748001;05/09/2025;CN;CIANUROS TOTALES;µg/L CN;0;< 12,0;705332;4207772;70042;TERCIARIO DE TORREVIEJA;Torrevieja;ALICANTE;748;TERCIARIO DE TORREVIEJA;TERCIARIO DE TORREVIEJA;320;Comunidad Valenciana
CA0748001;05/09/2025;CO;COBALTO;µg/L Co;0;< 0,50;705332;4207772;70042;TERCIARIO DE TORREVIEJA;Torrevieja;ALICANTE;748;TERCIARIO DE TORREVIEJA;TERCIARIO DE TORREVIEJA;320;Comunidad Valenciana
CA0748001;05/09/2025;COND20SITU;Conductividad de campo (medida in situ);µS/cm;15800;1580;705332;4207772;70042;TERCIARIO DE TORREVIEJA;Torrevieja;ALICANTE;748;TERCIARIO DE TORREVIEJA;TERCIARIO DE TORREVIEJA;320;Comunidad Valenciana
CA0748001;05/09/2025;CR;CROMO;µg/L Cr;51;0,51;705332;4207772;70042;TERCIARIO DE TORREVIEJA;Torrevieja;ALICANTE;748;TERCIARIO DE TORREVIEJA;TERCIARIO DE TORREVIEJA;320;Comunidad Valenciana
CA0748001;05/09/2025;CU;COBRE;µg/L Cu;0;< 0,50;705332;4207772;70042;TERCIARIO DE TORREVIEJA;Torrevieja;ALICANTE;748;TERCIARIO DE TORREVIEJA;TERCIARIO DE TORREVIEJA;320;Comunidad Valenciana
CA0748001;05/09/2025;DCB-M;1,3-diclorobenceno (m-diclorobenceno);µg/L;0;< 0,50;705332;4207772;70042;TERCIARIO DE TORREVIEJA;Torrevieja;ALICANTE;748;TERCIARIO DE TORREVIEJA;TERCIARIO DE TORREVIEJA;320;Comunidad Valenciana
CA0748001;05/09/2025;DCB-P;1,4-diclorobenceno (p-diclorobenceno);µg/L;0;< 0,50;705332;4207772;70042;TERCIARIO DE TORREVIEJA;Torrevieja;ALICANTE;748;TERCIARIO DE TORREVIEJA;TERCIARIO DE TORREVIEJA;320;Comunidad Valenciana
CA0748001;05/09/2025;DCE;1,2-dicloroetano (EDC, cloruro de etileno);µg/L;0;< 0,50;705332;4207772;70042;TERCIARIO DE TORREVIEJA;Torrevieja;ALICANTE;748;TERCIARIO DE TORREVIEJA;TERCIARIO DE TORREVIEJA;320;Comunidad Valenciana
CA0748001;05/09/2025;DQO;DQO o Demanda Química de Oxígeno;mg/L O2;180;18;705332;4207772;70042;TERCIARIO DE TORREVIEJA;Torrevieja;ALICANTE;748;TERCIARIO DE TORREVIEJA;TERCIARIO DE TORREVIEJA;320;Comunidad Valenciana
CA0748001;05/09/2025;ETBENCENO;Etilbenceno;µg/L;0;< 0,50;705332;4207772;70042;TERCIARIO DE TORREVIEJA;Torrevieja;ALICANTE;748;TERCIARIO DE TORREVIEJA;TERCIARIO DE TORREVIEJA;320;Comunidad Valenciana
CA0748001;05/09/2025;F;Fluoruros;µg/L;4000;400;705332;4207772;70042;TERCIARIO DE TORREVIEJA;Torrevieja;ALICANTE;748;TERCIARIO DE TORREVIEJA;TERCIARIO DE TORREVIEJA;320;Comunidad Valenciana
CA0748001;05/09/2025;FE;HIERRO;µg/L;0;< 5,0;705332;4207772;70042;TERCIARIO DE TORREVIEJA;Torrevieja;ALICANTE;748;TERCIARIO DE TORREVIEJA;TERCIARIO DE TORREVIEJA;320;Comunidad Valenciana
CA0748001;05/09/2025;HCB;Hexaclorobenceno (HCB, Perclorobenceno);µg/L;0;< 0,00100;705332;4207772;70042;TERCIARIO DE TORREVIEJA;Torrevieja;ALICANTE;748;TERCIARIO DE TORREVIEJA;TERCIARIO DE TORREVIEJA;320;Comunidad Valenciana
CA0748001;05/09/2025;HCBD;Hexaclorobutadieno (HCBD, Hexacloro-1,3-Butadieno);µg/L;0;< 0,50;705332;4207772;70042;TERCIARIO DE TORREVIEJA;Torrevieja;ALICANTE;748;TERCIARIO DE TORREVIEJA;TERCIARIO DE TORREVIEJA;320;Comunidad Valenciana
CA0748001;05/09/2025;HG;MERCURIO;µg/L Hg;0;< 0,020;705332;4207772;70042;TERCIARIO DE TORREVIEJA;Torrevieja;ALICANTE;748;TERCIARIO DE TORREVIEJA;TERCIARIO DE TORREVIEJA;320;Comunidad Valenciana
CA0748001;05/09/2025;ISOPROPB;Isopropilbenceno (cumeno);µg/L;0;< 0,50;705332;4207772;70042;TERCIARIO DE TORREVIEJA;Torrevieja;ALICANTE;748;TERCIARIO DE TORREVIEJA;TERCIARIO DE TORREVIEJA;320;Comunidad Valenciana
CA0748001;05/09/2025;ISOPROPILTO;4-ISOPROPILTOLUENO;µg/L;0;< 0,50;705332;4207772;70042;TERCIARIO DE TORREVIEJA;Torrevieja;ALICANTE;748;TERCIARIO DE TORREVIEJA;TERCIARIO DE TORREVIEJA;320;Comunidad Valenciana
CA0748001;05/09/2025;K;POTASIO;mg/L K;108;10,8;705332;4207772;70042;TERCIARIO DE TORREVIEJA;Torrevieja;ALICANTE;748;TERCIARIO DE TORREVIEJA;TERCIARIO DE TORREVIEJA;320;Comunidad Valenciana
CA0748001;05/09/2025;MCB;Clorobenceno (monoclorobenceno);µg/L;0;< 0,50;705332;4207772;70042;TERCIARIO DE TORREVIEJA;Torrevieja;ALICANTE;748;TERCIARIO DE TORREVIEJA;TERCIARIO DE TORREVIEJA;320;Comunidad Valenciana
CA0748001;05/09/2025;MCV;CLORURO DE VINILO;µg/l;0;< 0,100;705332;4207772;70042;TERCIARIO DE TORREVIEJA;Torrevieja;ALICANTE;748;TERCIARIO DE TORREVIEJA;TERCIARIO DE TORREVIEJA;320;Comunidad Valenciana
CA0748001;05/09/2025;MG;MAGNESIO;mg/L Mg;349;34,9;705332;4207772;70042;TERCIARIO DE TORREVIEJA;Torrevieja;ALICANTE;748;TERCIARIO DE TORREVIEJA;TERCIARIO DE TORREVIEJA;320;Comunidad Valenciana
CA0748001;05/09/2025;MN;MANGANESO;µg/L Mn;0;< 0,50;705332;4207772;70042;TERCIARIO DE TORREVIEJA;Torrevieja;ALICANTE;748;TERCIARIO DE TORREVIEJA;TERCIARIO DE TORREVIEJA;320;Comunidad Valenciana
CA0748001;05/09/2025;MO;MOLIBDENO;µg/L Mo;103;1,03;705332;4207772;70042;TERCIARIO DE TORREVIEJA;Torrevieja;ALICANTE;748;TERCIARIO DE TORREVIEJA;TERCIARIO DE TORREVIEJA;320;Comunidad Valenciana
CA0748001;05/09/2025;;SODIO;mg/L Na;2450;245;705332;4207772;70042;TERCIARIO DE TORREVIEJA;Torrevieja;ALICANTE;748;TERCIARIO DE TORREVIEJA;TERCIARIO DE TORREVIEJA;320;Comunidad Valenciana
CA0748001;05/09/2025;NAFTALENO;Naftaleno (naftalina);µg/L;0;< 0,50;705332;4207772;70042;TERCIARIO DE TORREVIEJA;Torrevieja;ALICANTE;748;TERCIARIO DE TORREVIEJA;TERCIARIO DE TORREVIEJA;320;Comunidad Valenciana
CA0748001;05/09/2025;N-BUB;N-BUTILBENCENO;µg/L;0;< 0,50;705332;4207772;70042;TERCIARIO DE TORREVIEJA;Torrevieja;ALICANTE;748;TERCIARIO DE TORREVIEJA;TERCIARIO DE TORREVIEJA;320;Comunidad Valenciana
CA0748001;05/09/2025;NH4;AMONIO;mg/L NH4;0;< 0,046;705332;4207772;70042;TERCIARIO DE TORREVIEJA;Torrevieja;ALICANTE;748;TERCIARIO DE TORREVIEJA;TERCIARIO DE TORREVIEJA;320;Comunidad Valenciana
CA0748001;05/09/2025;NI;NIQUEL;µg/L Ni;0;< 0,50;705332;4207772;70042;TERCIARIO DE TORREVIEJA;Torrevieja;ALICANTE;748;TERCIARIO DE TORREVIEJA;TERCIARIO DE TORREVIEJA;320;Comunidad Valenciana
CA0748001;05/09/2025;NO2;Nitritos;mg/L NO2;0;< 0,0100;705332;4207772;70042;TERCIARIO DE TORREVIEJA;Torrevieja;ALICANTE;748;TERCIARIO DE TORREVIEJA;TERCIARIO DE TORREVIEJA;320;Comunidad Valenciana
CA0748001;05/09/2025;NO3;Nitratos;mg/L NO3;530;53;705332;4207772;70042;TERCIARIO DE TORREVIEJA;Torrevieja;ALICANTE;748;TERCIARIO DE TORREVIEJA;TERCIARIO DE TORREVIEJA;320;Comunidad Valenciana
CA0748001;05/09/2025;N-PROPILB;N-PROPILBENCENO;µg/L;0;< 0,50;705332;4207772;70042;TERCIARIO DE TORREVIEJA;Torrevieja;ALICANTE;748;TERCIARIO DE TORREVIEJA;TERCIARIO DE TORREVIEJA;320;Comunidad Valenciana
CA0748001;05/09/2025;NTOTAL;Nitrógeno total;mg/L N;120;12;705332;4207772;70042;TERCIARIO DE TORREVIEJA;Torrevieja;ALICANTE;748;TERCIARIO DE TORREVIEJA;TERCIARIO DE TORREVIEJA;320;Comunidad Valenciana
CA0748001;05/09/2025;O2 DTO;Oxigeno disuelto de campo (medida in situ);mg/L O2;78;7,8;705332;4207772;70042;TERCIARIO DE TORREVIEJA;Torrevieja;ALICANTE;748;TERCIARIO DE TORREVIEJA;TERCIARIO DE TORREVIEJA;320;Comunidad Valenciana
CA0748001;05/09/2025;O-DICLORO;1,2-diclorobenceno (o-diclorobenceno);µg/L;0;< 0,50;705332;4207772;70042;TERCIARIO DE TORREVIEJA;Torrevieja;ALICANTE;748;TERCIARIO DE TORREVIEJA;TERCIARIO DE TORREVIEJA;320;Comunidad Valenciana
CA0748001;05/09/2025;PAHB(A)PIR;Benzo[a]pireno;µg/L;0;< 0,000167;705332;4207772;70042;TERCIARIO DE TORREVIEJA;Torrevieja;ALICANTE;748;TERCIARIO DE TORREVIEJA;TERCIARIO DE TORREVIEJA;320;Comunidad Valenciana
CA0748001;05/09/2025;PAHEST;Estireno (etenilbenceno);µg/L;0;< 0,50;705332;4207772;70042;TERCIARIO DE TORREVIEJA;Torrevieja;ALICANTE;748;TERCIARIO DE TORREVIEJA;TERCIARIO DE TORREVIEJA;320;Comunidad Valenciana
CA0748001;05/09/2025;PB;PLOMO;µg/L Pb;0;< 0,50;705332;4207772;70042;TERCIARIO DE TORREVIEJA;Torrevieja;ALICANTE;748;TERCIARIO DE TORREVIEJA;TERCIARIO DE TORREVIEJA;320;Comunidad Valenciana
CA0748001;05/09/2025;PER;Tetracloroetileno (PER, Percloroetileno);µg/L;0;< 1,00;705332;4207772;70042;TERCIARIO DE TORREVIEJA;Torrevieja;ALICANTE;748;TERCIARIO DE TORREVIEJA;TERCIARIO DE TORREVIEJA;320;Comunidad Valenciana
CA0748001;05/09/2025;PHSITU;pH de campo (medida in situ);udpH;748;7,48;705332;4207772;70042;TERCIARIO DE TORREVIEJA;Torrevieja;ALICANTE;748;TERCIARIO DE TORREVIEJA;TERCIARIO DE TORREVIEJA;320;Comunidad Valenciana
CA0748001;05/09/2025;PO4;Fosfatos;mg/L PO4;0;< 0,061;705332;4207772;70042;TERCIARIO DE TORREVIEJA;Torrevieja;ALICANTE;748;TERCIARIO DE TORREVIEJA;TERCIARIO DE TORREVIEJA;320;Comunidad Valenciana
CA0748001;05/09/2025;PTOTAL;FOSFORO TOTAL;mg/L P;39;0,039;705332;4207772;70042;TERCIARIO DE TORREVIEJA;Torrevieja;ALICANTE;748;TERCIARIO DE TORREVIEJA;TERCIARIO DE TORREVIEJA;320;Comunidad Valenciana
CA0748001;05/09/2025;SATINSI;Porcentaje de saturación de oxígeno disuelto de campo (medido in situ);% O2;827;82,7;705332;4207772;70042;TERCIARIO DE TORREVIEJA;Torrevieja;ALICANTE;748;TERCIARIO DE TORREVIEJA;TERCIARIO DE TORREVIEJA;320;Comunidad Valenciana
CA0748001;05/09/2025;SB;ANTIMONIO;µg/l Sb;0;< 0,50;705332;4207772;70042;TERCIARIO DE TORREVIEJA;Torrevieja;ALICANTE;748;TERCIARIO DE TORREVIEJA;TERCIARIO DE TORREVIEJA;320;Comunidad Valenciana
CA0748001;05/09/2025;SE;SELENIO;µg/L Se;232;2,32;705332;4207772;70042;TERCIARIO DE TORREVIEJA;Torrevieja;ALICANTE;748;TERCIARIO DE TORREVIEJA;TERCIARIO DE TORREVIEJA;320;Comunidad Valenciana
CA0748001;05/09/2025;SECBUTB;SEC-BUTILBENCENO;µg/L;0;< 0,50;705332;4207772;70042;TERCIARIO DE TORREVIEJA;Torrevieja;ALICANTE;748;TERCIARIO DE TORREVIEJA;TERCIARIO DE TORREVIEJA;320;Comunidad Valenciana
CA0748001;05/09/2025;SIO2;Sílice;mg/L SiO2;125;12,5;705332;4207772;70042;TERCIARIO DE TORREVIEJA;Torrevieja;ALICANTE;748;TERCIARIO DE TORREVIEJA;TERCIARIO DE TORREVIEJA;320;Comunidad Valenciana
CA0748001;05/09/2025;SN;ESTAÑO;µg/L Sn;0;< 5,0;705332;4207772;70042;TERCIARIO DE TORREVIEJA;Torrevieja;ALICANTE;748;TERCIARIO DE TORREVIEJA;TERCIARIO DE TORREVIEJA;320;Comunidad Valenciana
CA0748001;05/09/2025;SUMAXILENO;Xileno (dimetilbenceno) (suma o-, m- y p-xileno);µg/L;0;< 1,00;705332;4207772;70042;TERCIARIO DE TORREVIEJA;Torrevieja;ALICANTE;748;TERCIARIO DE TORREVIEJA;TERCIARIO DE TORREVIEJA;320;Comunidad Valenciana
CA0748001;05/09/2025;SUMDCB;Diclorobenceno (suma isómeros);µg/L;0;< 0,50;705332;4207772;70042;TERCIARIO DE TORREVIEJA;Torrevieja;ALICANTE;748;TERCIARIO DE TORREVIEJA;TERCIARIO DE TORREVIEJA;320;Comunidad Valenciana
CA0748001;05/09/2025;SUMTCBEN;"Triclorobenceno (suma isómeros 1,2,3-; 1,2,4- y 1,3,5- TCB)";µg/L;0;< 0,10;705332;4207772;70042;TERCIARIO DE TORREVIEJA;Torrevieja;ALICANTE;748;TERCIARIO DE TORREVIEJA;TERCIARIO DE TORREVIEJA;320;Comunidad Valenciana
CA0748001;05/09/2025;SUO4;Sulfatos;mg/L SO4;1370;137;705332;4207772;70042;TERCIARIO DE TORREVIEJA;Torrevieja;ALICANTE;748;TERCIARIO DE TORREVIEJA;TERCIARIO DE TORREVIEJA;320;Comunidad Valenciana
CA0748001;05/09/2025;TAGUA;"TEMPERATURA ""IN SITU""";ºC;246;24,6;705332;4207772;70042;TERCIARIO DE TORREVIEJA;Torrevieja;ALICANTE;748;TERCIARIO DE TORREVIEJA;TERCIARIO DE TORREVIEJA;320;Comunidad Valenciana
CA0748001;05/09/2025;TBUTB;TERC-BUTILBENCENO;µg/L;0;< 0,50;705332;4207772;70042;TERCIARIO DE TORREVIEJA;Torrevieja;ALICANTE;748;TERCIARIO DE TORREVIEJA;TERCIARIO DE TORREVIEJA;320;Comunidad Valenciana
CA0748001;05/09/2025;TCB123;1,2,3-Triclorobenceno;µg/L;0;< 0,10;705332;4207772;70042;TERCIARIO DE TORREVIEJA;Torrevieja;ALICANTE;748;TERCIARIO DE TORREVIEJA;TERCIARIO DE TORREVIEJA;320;Comunidad Valenciana
CA0748001;05/09/2025;TCB124;1,2,4-Triclorobenceno;µg/L;0;< 0,10;705332;4207772;70042;TERCIARIO DE TORREVIEJA;Torrevieja;ALICANTE;748;TERCIARIO DE TORREVIEJA;TERCIARIO DE TORREVIEJA;320;Comunidad Valenciana
CA0748001;05/09/2025;TCB135;1,3,5-Triclorobenceno;µg/L;0;< 0,10;705332;4207772;70042;TERCIARIO DE TORREVIEJA;Torrevieja;ALICANTE;748;TERCIARIO DE TORREVIEJA;TERCIARIO DE TORREVIEJA;320;Comunidad Valenciana
CA0748001;05/09/2025;TCE;1,1,1-TRICLOROETANO;µg/L;0;< 1,00;705332;4207772;70042;TERCIARIO DE TORREVIEJA;Torrevieja;ALICANTE;748;TERCIARIO DE TORREVIEJA;TERCIARIO DE TORREVIEJA;320;Comunidad Valenciana
CA0748001;05/09/2025;TETRA;Tetracloruro de carbono (Tetraclorometano, Perclorometano);µg/L;0;< 1,00;705332;4207772;70042;TERCIARIO DE TORREVIEJA;Torrevieja;ALICANTE;748;TERCIARIO DE TORREVIEJA;TERCIARIO DE TORREVIEJA;320;Comunidad Valenciana
CA0748001;05/09/2025;TETRTRI;Tricloroetileno + Tetracloroetileno (Percloroetileno);µg/L;0;< 1,00;705332;4207772;70042;TERCIARIO DE TORREVIEJA;Torrevieja;ALICANTE;748;TERCIARIO DE TORREVIEJA;TERCIARIO DE TORREVIEJA;320;Comunidad Valenciana
CA0748001;05/09/2025;THMBR2CL;Bromodiclorometano;µg/l;0;< 1,00;705332;4207772;70042;TERCIARIO DE TORREVIEJA;Torrevieja;ALICANTE;748;TERCIARIO DE TORREVIEJA;TERCIARIO DE TORREVIEJA;320;Comunidad Valenciana
CA0748001;05/09/2025;THMBRCL2;DIBROMOCLOROMETANO (Trihalometanos);µg/L;0;< 1,00;705332;4207772;70042;TERCIARIO DE TORREVIEJA;Torrevieja;ALICANTE;748;TERCIARIO DE TORREVIEJA;TERCIARIO DE TORREVIEJA;320;Comunidad Valenciana
CA0748001;05/09/2025;THMBRF;BROMOFORMO;µg/L;0;< 1,00;705332;4207772;70042;TERCIARIO DE TORREVIEJA;Torrevieja;ALICANTE;748;TERCIARIO DE TORREVIEJA;TERCIARIO DE TORREVIEJA;320;Comunidad Valenciana
CA0748001;05/09/2025;THMDCM;DICLOROMETANO;µg/L;0;< 5,0;705332;4207772;70042;TERCIARIO DE TORREVIEJA;Torrevieja;ALICANTE;748;TERCIARIO DE TORREVIEJA;TERCIARIO DE TORREVIEJA;320;Comunidad Valenciana
CA0748001;05/09/2025;TMB1;1,2,4-trimetilbenceno;µg/l;0;< 0,50;705332;4207772;70042;TERCIARIO DE TORREVIEJA;Torrevieja;ALICANTE;748;TERCIARIO DE TORREVIEJA;TERCIARIO DE TORREVIEJA;320;Comunidad Valenciana
CA0748001;05/09/2025;TMB2;1,3,5-TRIMETILBENCENO;µg/L;0;< 0,50;705332;4207772;70042;TERCIARIO DE TORREVIEJA;Torrevieja;ALICANTE;748;TERCIARIO DE TORREVIEJA;TERCIARIO DE TORREVIEJA;320;Comunidad Valenciana
CA0748001;05/09/2025;TOL;Tolueno (Metilbenceno);µg/L;0;< 0,50;705332;4207772;70042;TERCIARIO DE TORREVIEJA;Torrevieja;ALICANTE;748;TERCIARIO DE TORREVIEJA;TERCIARIO DE TORREVIEJA;320;Comunidad Valenciana
CA0748001;05/09/2025;TRICLOET;Tricloroetileno (TRI);µg/L;0;< 1,00;705332;4207772;70042;TERCIARIO DE TORREVIEJA;Torrevieja;ALICANTE;748;TERCIARIO DE TORREVIEJA;TERCIARIO DE TORREVIEJA;320;Comunidad Valenciana
CA0748001;05/09/2025;U;URANIO;µg/l;141;1,41;705332;4207772;70042;TERCIARIO DE TORREVIEJA;Torrevieja;ALICANTE;748;TERCIARIO DE TORREVIEJA;TERCIARIO DE TORREVIEJA;320;Comunidad Valenciana
CA0748001;05/09/2025;V;VANADIO;µg/L V;154;1,54;705332;4207772;70042;TERCIARIO DE TORREVIEJA;Torrevieja;ALICANTE;748;TERCIARIO DE TORREVIEJA;TERCIARIO DE TORREVIEJA;320;Comunidad Valenciana
CA0748001;05/09/2025;XILM+P;SUMA M+P XILENO;µg/L;0;< 1,00;705332;4207772;70042;TERCIARIO DE TORREVIEJA;Torrevieja;ALICANTE;748;TERCIARIO DE TORREVIEJA;TERCIARIO DE TORREVIEJA;320;Comunidad Valenciana
CA0748001;05/09/2025;XIL-O;O-XILENO;µg/L;0;< 0,50;705332;4207772;70042;TERCIARIO DE TORREVIEJA;Torrevieja;ALICANTE;748;TERCIARIO DE TORREVIEJA;TERCIARIO DE TORREVIEJA;320;Comunidad Valenciana
CA0748001;05/09/2025;ZN;ZINC;µg/l Zn;103;10,3;705332;4207772;70042;TERCIARIO DE TORREVIEJA;Torrevieja;ALICANTE;748;TERCIARIO DE TORREVIEJA;TERCIARIO DE TORREVIEJA;320;Comunidad Valenciana
CA0748001;10/11/2025;12DIBR;1,2-DIBROMOETANO;µg/L;0;< 1,00;705332;4207772;70042;TERCIARIO DE TORREVIEJA;Torrevieja;ALICANTE;748;TERCIARIO DE TORREVIEJA;TERCIARIO DE TORREVIEJA;320;Comunidad Valenciana
CA0748001;10/11/2025;AL;ALUMINIO;µg/L Al;910;91;705332;4207772;70042;TERCIARIO DE TORREVIEJA;Torrevieja;ALICANTE;748;TERCIARIO DE TORREVIEJA;TERCIARIO DE TORREVIEJA;320;Comunidad Valenciana
CA0748001;10/11/2025;ALCALIN;ALCALINIDAD;mg/L CO3Ca;1130;113;705332;4207772;70042;TERCIARIO DE TORREVIEJA;Torrevieja;ALICANTE;748;TERCIARIO DE TORREVIEJA;TERCIARIO DE TORREVIEJA;320;Comunidad Valenciana
CA0748001;10/11/2025;AS;ARSENICO;µg/L As;0;< 0,50;705332;4207772;70042;TERCIARIO DE TORREVIEJA;Torrevieja;ALICANTE;748;TERCIARIO DE TORREVIEJA;TERCIARIO DE TORREVIEJA;320;Comunidad Valenciana
CA0748001;10/11/2025;B;BORO;µg/L B;2520;252;705332;4207772;70042;TERCIARIO DE TORREVIEJA;Torrevieja;ALICANTE;748;TERCIARIO DE TORREVIEJA;TERCIARIO DE TORREVIEJA;320;Comunidad Valenciana
CA0748001;10/11/2025;BENCENO;BENCENO;µg/L;0;< 0,100;705332;4207772;70042;TERCIARIO DE TORREVIEJA;Torrevieja;ALICANTE;748;TERCIARIO DE TORREVIEJA;TERCIARIO DE TORREVIEJA;320;Comunidad Valenciana
CA0748001;10/11/2025;BICARB;BICARBONATOS;mg/L HCO3-;1380;138;705332;4207772;70042;TERCIARIO DE TORREVIEJA;Torrevieja;ALICANTE;748;TERCIARIO DE TORREVIEJA;TERCIARIO DE TORREVIEJA;320;Comunidad Valenciana
CA0748001;10/11/2025;BISF;BISFENOL-A;µg/l;0;< 0,50;705332;4207772;70042;TERCIARIO DE TORREVIEJA;Torrevieja;ALICANTE;748;TERCIARIO DE TORREVIEJA;TERCIARIO DE TORREVIEJA;320;Comunidad Valenciana
CA0748001;10/11/2025;BRB;BROMOBENCENO;µg/L;0;< 0,50;705332;4207772;70042;TERCIARIO DE TORREVIEJA;Torrevieja;ALICANTE;748;TERCIARIO DE TORREVIEJA;TERCIARIO DE TORREVIEJA;320;Comunidad Valenciana
CA0748001;10/11/2025;BRO4;BROMATOS;µg/l;0;< 0,003;705332;4207772;70042;TERCIARIO DE TORREVIEJA;Torrevieja;ALICANTE;748;TERCIARIO DE TORREVIEJA;TERCIARIO DE TORREVIEJA;320;Comunidad Valenciana
CA0748001;10/11/2025;CA;CALCIO;mg/L Ca;690;69;705332;4207772;70042;TERCIARIO DE TORREVIEJA;Torrevieja;ALICANTE;748;TERCIARIO DE TORREVIEJA;TERCIARIO DE TORREVIEJA;320;Comunidad Valenciana
CA0748001;10/11/2025;CARB;Carbonatos;mg/L CO3;0;< 8,0;705332;4207772;70042;TERCIARIO DE TORREVIEJA;Torrevieja;ALICANTE;748;TERCIARIO DE TORREVIEJA;TERCIARIO DE TORREVIEJA;320;Comunidad Valenciana
CA0748001;10/11/2025;CD;CADMIO;µg/L Cd;43;0,043;705332;4207772;70042;TERCIARIO DE TORREVIEJA;Torrevieja;ALICANTE;748;TERCIARIO DE TORREVIEJA;TERCIARIO DE TORREVIEJA;320;Comunidad Valenciana
CA0748001;10/11/2025;CL;Cloruros;mg/L Cl;860;86;705332;4207772;70042;TERCIARIO DE TORREVIEJA;Torrevieja;ALICANTE;748;TERCIARIO DE TORREVIEJA;TERCIARIO DE TORREVIEJA;320;Comunidad Valenciana
CA0748001;10/11/2025;CLF;Cloroformo (Triclorometano);µg/L;116;1,16;705332;4207772;70042;TERCIARIO DE TORREVIEJA;Torrevieja;ALICANTE;748;TERCIARIO DE TORREVIEJA;TERCIARIO DE TORREVIEJA;320;Comunidad Valenciana
CA0748001;10/11/2025;CLO2;CLORITOS;mg/L;0;< 0,075;705332;4207772;70042;TERCIARIO DE TORREVIEJA;Torrevieja;ALICANTE;748;TERCIARIO DE TORREVIEJA;TERCIARIO DE TORREVIEJA;320;Comunidad Valenciana
CA0748001;10/11/2025;CLORAT;CLORATOS;mg/L;0;< 0,075;705332;4207772;70042;TERCIARIO DE TORREVIEJA;Torrevieja;ALICANTE;748;TERCIARIO DE TORREVIEJA;TERCIARIO DE TORREVIEJA;320;Comunidad Valenciana
CA0748001;10/11/2025;CLTO2;4-CLOROTOLUENO;µg/L;0;< 0,50;705332;4207772;70042;TERCIARIO DE TORREVIEJA;Torrevieja;ALICANTE;748;TERCIARIO DE TORREVIEJA;TERCIARIO DE TORREVIEJA;320;Comunidad Valenciana
CA0748001;10/11/2025;CLTOL;2-CLOROTOLUENO;µg/L;0;< 0,50;705332;4207772;70042;TERCIARIO DE TORREVIEJA;Torrevieja;ALICANTE;748;TERCIARIO DE TORREVIEJA;TERCIARIO DE TORREVIEJA;320;Comunidad Valenciana
CA0748001;10/11/2025;CN;CIANUROS TOTALES;µg/L CN;0;< 12,0;705332;4207772;70042;TERCIARIO DE TORREVIEJA;Torrevieja;ALICANTE;748;TERCIARIO DE TORREVIEJA;TERCIARIO DE TORREVIEJA;320;Comunidad Valenciana
CA0748001;10/11/2025;CO;COBALTO;µg/L Co;0;< 0,50;705332;4207772;70042;TERCIARIO DE TORREVIEJA;Torrevieja;ALICANTE;748;TERCIARIO DE TORREVIEJA;TERCIARIO DE TORREVIEJA;320;Comunidad Valenciana
CA0748001;10/11/2025;COND20SITU;Conductividad de campo (medida in situ);µS/cm;7750;775;705332;4207772;70042;TERCIARIO DE TORREVIEJA;Torrevieja;ALICANTE;748;TERCIARIO DE TORREVIEJA;TERCIARIO DE TORREVIEJA;320;Comunidad Valenciana
CA0748001;10/11/2025;CR;CROMO;µg/L Cr;0;< 0,50;705332;4207772;70042;TERCIARIO DE TORREVIEJA;Torrevieja;ALICANTE;748;TERCIARIO DE TORREVIEJA;TERCIARIO DE TORREVIEJA;320;Comunidad Valenciana
CA0748001;10/11/2025;CU;COBRE;µg/L Cu;121;1,21;705332;4207772;70042;TERCIARIO DE TORREVIEJA;Torrevieja;ALICANTE;748;TERCIARIO DE TORREVIEJA;TERCIARIO DE TORREVIEJA;320;Comunidad Valenciana
CA0748001;10/11/2025;DCB-M;1,3-diclorobenceno (m-diclorobenceno);µg/L;0;< 0,50;705332;4207772;70042;TERCIARIO DE TORREVIEJA;Torrevieja;ALICANTE;748;TERCIARIO DE TORREVIEJA;TERCIARIO DE TORREVIEJA;320;Comunidad Valenciana
CA0748001;10/11/2025;DCB-P;1,4-diclorobenceno (p-diclorobenceno);µg/L;0;< 0,50;705332;4207772;70042;TERCIARIO DE TORREVIEJA;Torrevieja;ALICANTE;748;TERCIARIO DE TORREVIEJA;TERCIARIO DE TORREVIEJA;320;Comunidad Valenciana
CA0748001;10/11/2025;DCE;1,2-dicloroetano (EDC, cloruro de etileno);µg/L;0;< 0,50;705332;4207772;70042;TERCIARIO DE TORREVIEJA;Torrevieja;ALICANTE;748;TERCIARIO DE TORREVIEJA;TERCIARIO DE TORREVIEJA;320;Comunidad Valenciana
CA0748001;10/11/2025;DQO;DQO o Demanda Química de Oxígeno;mg/L O2;110;11;705332;4207772;70042;TERCIARIO DE TORREVIEJA;Torrevieja;ALICANTE;748;TERCIARIO DE TORREVIEJA;TERCIARIO DE TORREVIEJA;320;Comunidad Valenciana
CA0748001;10/11/2025;ETBENCENO;Etilbenceno;µg/L;0;< 0,50;705332;4207772;70042;TERCIARIO DE TORREVIEJA;Torrevieja;ALICANTE;748;TERCIARIO DE TORREVIEJA;TERCIARIO DE TORREVIEJA;320;Comunidad Valenciana
CA0748001;10/11/2025;F;Fluoruros;µg/L;1510;151;705332;4207772;70042;TERCIARIO DE TORREVIEJA;Torrevieja;ALICANTE;748;TERCIARIO DE TORREVIEJA;TERCIARIO DE TORREVIEJA;320;Comunidad Valenciana
CA0748001;10/11/2025;FE;HIERRO;µg/L;64;6,4;705332;4207772;70042;TERCIARIO DE TORREVIEJA;Torrevieja;ALICANTE;748;TERCIARIO DE TORREVIEJA;TERCIARIO DE TORREVIEJA;320;Comunidad Valenciana
CA0748001;10/11/2025;HCB;Hexaclorobenceno (HCB, Perclorobenceno);µg/L;0;< 0,00100;705332;4207772;70042;TERCIARIO DE TORREVIEJA;Torrevieja;ALICANTE;748;TERCIARIO DE TORREVIEJA;TERCIARIO DE TORREVIEJA;320;Comunidad Valenciana
CA0748001;10/11/2025;HCBD;Hexaclorobutadieno (HCBD, Hexacloro-1,3-Butadieno);µg/L;0;< 0,50;705332;4207772;70042;TERCIARIO DE TORREVIEJA;Torrevieja;ALICANTE;748;TERCIARIO DE TORREVIEJA;TERCIARIO DE TORREVIEJA;320;Comunidad Valenciana
CA0748001;10/11/2025;HG;MERCURIO;µg/L Hg;59;0,059;705332;4207772;70042;TERCIARIO DE TORREVIEJA;Torrevieja;ALICANTE;748;TERCIARIO DE TORREVIEJA;TERCIARIO DE TORREVIEJA;320;Comunidad Valenciana
CA0748001;10/11/2025;ISOPROPB;Isopropilbenceno (cumeno);µg/L;0;< 0,50;705332;4207772;70042;TERCIARIO DE TORREVIEJA;Torrevieja;ALICANTE;748;TERCIARIO DE TORREVIEJA;TERCIARIO DE TORREVIEJA;320;Comunidad Valenciana
CA0748001;10/11/2025;ISOPROPILTO;4-ISOPROPILTOLUENO;µg/L;0;< 0,50;705332;4207772;70042;TERCIARIO DE TORREVIEJA;Torrevieja;ALICANTE;748;TERCIARIO DE TORREVIEJA;TERCIARIO DE TORREVIEJA;320;Comunidad Valenciana
CA0748001;10/11/2025;K;POTASIO;mg/L K;39;3,9;705332;4207772;70042;TERCIARIO DE TORREVIEJA;Torrevieja;ALICANTE;748;TERCIARIO DE TORREVIEJA;TERCIARIO DE TORREVIEJA;320;Comunidad Valenciana
CA0748001;10/11/2025;MCB;Clorobenceno (monoclorobenceno);µg/L;0;< 0,50;705332;4207772;70042;TERCIARIO DE TORREVIEJA;Torrevieja;ALICANTE;748;TERCIARIO DE TORREVIEJA;TERCIARIO DE TORREVIEJA;320;Comunidad Valenciana
CA0748001;10/11/2025;MCV;CLORURO DE VINILO;µg/l;0;< 0,100;705332;4207772;70042;TERCIARIO DE TORREVIEJA;Torrevieja;ALICANTE;748;TERCIARIO DE TORREVIEJA;TERCIARIO DE TORREVIEJA;320;Comunidad Valenciana
CA0748001;10/11/2025;MG;MAGNESIO;mg/L Mg;313;31,3;705332;4207772;70042;TERCIARIO DE TORREVIEJA;Torrevieja;ALICANTE;748;TERCIARIO DE TORREVIEJA;TERCIARIO DE TORREVIEJA;320;Comunidad Valenciana
CA0748001;10/11/2025;MN;MANGANESO;µg/L Mn;95;0,95;705332;4207772;70042;TERCIARIO DE TORREVIEJA;Torrevieja;ALICANTE;748;TERCIARIO DE TORREVIEJA;TERCIARIO DE TORREVIEJA;320;Comunidad Valenciana
CA0748001;10/11/2025;MO;MOLIBDENO;µg/L Mo;40;4;705332;4207772;70042;TERCIARIO DE TORREVIEJA;Torrevieja;ALICANTE;748;TERCIARIO DE TORREVIEJA;TERCIARIO DE TORREVIEJA;320;Comunidad Valenciana
CA0748001;10/11/2025;;SODIO;mg/L Na;635;63,5;705332;4207772;70042;TERCIARIO DE TORREVIEJA;Torrevieja;ALICANTE;748;TERCIARIO DE TORREVIEJA;TERCIARIO DE TORREVIEJA;320;Comunidad Valenciana
CA0748001;10/11/2025;NAFTALENO;Naftaleno (naftalina);µg/L;0;< 0,50;705332;4207772;70042;TERCIARIO DE TORREVIEJA;Torrevieja;ALICANTE;748;TERCIARIO DE TORREVIEJA;TERCIARIO DE TORREVIEJA;320;Comunidad Valenciana
CA0748001;10/11/2025;N-BUB;N-BUTILBENCENO;µg/L;0;< 0,50;705332;4207772;70042;TERCIARIO DE TORREVIEJA;Torrevieja;ALICANTE;748;TERCIARIO DE TORREVIEJA;TERCIARIO DE TORREVIEJA;320;Comunidad Valenciana
CA0748001;10/11/2025;NH4;AMONIO;mg/L NH4;0;< 0,046;705332;4207772;70042;TERCIARIO DE TORREVIEJA;Torrevieja;ALICANTE;748;TERCIARIO DE TORREVIEJA;TERCIARIO DE TORREVIEJA;320;Comunidad Valenciana
CA0748001;10/11/2025;NI;NIQUEL;µg/L Ni;234;2,34;705332;4207772;70042;TERCIARIO DE TORREVIEJA;Torrevieja;ALICANTE;748;TERCIARIO DE TORREVIEJA;TERCIARIO DE TORREVIEJA;320;Comunidad Valenciana
CA0748001;10/11/2025;NO2;Nitritos;mg/L NO2;0;< 0,0100;705332;4207772;70042;TERCIARIO DE TORREVIEJA;Torrevieja;ALICANTE;748;TERCIARIO DE TORREVIEJA;TERCIARIO DE TORREVIEJA;320;Comunidad Valenciana
CA0748001;10/11/2025;NO3;Nitratos;mg/L NO3;261;2,61;705332;4207772;70042;TERCIARIO DE TORREVIEJA;Torrevieja;ALICANTE;748;TERCIARIO DE TORREVIEJA;TERCIARIO DE TORREVIEJA;320;Comunidad Valenciana
CA0748001;10/11/2025;N-PROPILB;N-PROPILBENCENO;µg/L;0;< 0,50;705332;4207772;70042;TERCIARIO DE TORREVIEJA;Torrevieja;ALICANTE;748;TERCIARIO DE TORREVIEJA;TERCIARIO DE TORREVIEJA;320;Comunidad Valenciana
CA0748001;10/11/2025;NTOTAL;Nitrógeno total;mg/L N;0;< 1,00;705332;4207772;70042;TERCIARIO DE TORREVIEJA;Torrevieja;ALICANTE;748;TERCIARIO DE TORREVIEJA;TERCIARIO DE TORREVIEJA;320;Comunidad Valenciana
CA0748001;10/11/2025;O2 DTO;Oxigeno disuelto de campo (medida in situ);mg/L O2;82;8,2;705332;4207772;70042;TERCIARIO DE TORREVIEJA;Torrevieja;ALICANTE;748;TERCIARIO DE TORREVIEJA;TERCIARIO DE TORREVIEJA;320;Comunidad Valenciana
CA0748001;10/11/2025;O-DICLORO;1,2-diclorobenceno (o-diclorobenceno);µg/L;0;< 0,50;705332;4207772;70042;TERCIARIO DE TORREVIEJA;Torrevieja;ALICANTE;748;TERCIARIO DE TORREVIEJA;TERCIARIO DE TORREVIEJA;320;Comunidad Valenciana
CA0748001;10/11/2025;PAHB(A)PIR;Benzo[a]pireno;µg/L;0;< 0,000167;705332;4207772;70042;TERCIARIO DE TORREVIEJA;Torrevieja;ALICANTE;748;TERCIARIO DE TORREVIEJA;TERCIARIO DE TORREVIEJA;320;Comunidad Valenciana
CA0748001;10/11/2025;PAHEST;Estireno (etenilbenceno);µg/L;0;< 0,50;705332;4207772;70042;TERCIARIO DE TORREVIEJA;Torrevieja;ALICANTE;748;TERCIARIO DE TORREVIEJA;TERCIARIO DE TORREVIEJA;320;Comunidad Valenciana
CA0748001;10/11/2025;PB;PLOMO;µg/L Pb;0;< 0,50;705332;4207772;70042;TERCIARIO DE TORREVIEJA;Torrevieja;ALICANTE;748;TERCIARIO DE TORREVIEJA;TERCIARIO DE TORREVIEJA;320;Comunidad Valenciana
CA0748001;10/11/2025;PER;Tetracloroetileno (PER, Percloroetileno);µg/L;0;< 1,00;705332;4207772;70042;TERCIARIO DE TORREVIEJA;Torrevieja;ALICANTE;748;TERCIARIO DE TORREVIEJA;TERCIARIO DE TORREVIEJA;320;Comunidad Valenciana
CA0748001;10/11/2025;PHSITU;pH de campo (medida in situ);udpH;813;8,13;705332;4207772;70042;TERCIARIO DE TORREVIEJA;Torrevieja;ALICANTE;748;TERCIARIO DE TORREVIEJA;TERCIARIO DE TORREVIEJA;320;Comunidad Valenciana
CA0748001;10/11/2025;PO4;Fosfatos;mg/L PO4;0;< 0,061;705332;4207772;70042;TERCIARIO DE TORREVIEJA;Torrevieja;ALICANTE;748;TERCIARIO DE TORREVIEJA;TERCIARIO DE TORREVIEJA;320;Comunidad Valenciana
CA0748001;10/11/2025;PTOTAL;FOSFORO TOTAL;mg/L P;0;< 0,0200;705332;4207772;70042;TERCIARIO DE TORREVIEJA;Torrevieja;ALICANTE;748;TERCIARIO DE TORREVIEJA;TERCIARIO DE TORREVIEJA;320;Comunidad Valenciana
CA0748001;10/11/2025;SATINSI;Porcentaje de saturación de oxígeno disuelto de campo (medido in situ);% O2;868;86,8;705332;4207772;70042;TERCIARIO DE TORREVIEJA;Torrevieja;ALICANTE;748;TERCIARIO DE TORREVIEJA;TERCIARIO DE TORREVIEJA;320;Comunidad Valenciana
CA0748001;10/11/2025;SB;ANTIMONIO;µg/l Sb;0;< 0,50;705332;4207772;70042;TERCIARIO DE TORREVIEJA;Torrevieja;ALICANTE;748;TERCIARIO DE TORREVIEJA;TERCIARIO DE TORREVIEJA;320;Comunidad Valenciana
CA0748001;10/11/2025;SE;SELENIO;µg/L Se;116;1,16;705332;4207772;70042;TERCIARIO DE TORREVIEJA;Torrevieja;ALICANTE;748;TERCIARIO DE TORREVIEJA;TERCIARIO DE TORREVIEJA;320;Comunidad Valenciana
CA0748001;10/11/2025;SECBUTB;SEC-BUTILBENCENO;µg/L;0;< 0,50;705332;4207772;70042;TERCIARIO DE TORREVIEJA;Torrevieja;ALICANTE;748;TERCIARIO DE TORREVIEJA;TERCIARIO DE TORREVIEJA;320;Comunidad Valenciana
CA0748001;10/11/2025;SIO2;Sílice;mg/L SiO2;37;3,7;705332;4207772;70042;TERCIARIO DE TORREVIEJA;Torrevieja;ALICANTE;748;TERCIARIO DE TORREVIEJA;TERCIARIO DE TORREVIEJA;320;Comunidad Valenciana
CA0748001;10/11/2025;SN;ESTAÑO;µg/L Sn;0;< 5,0;705332;4207772;70042;TERCIARIO DE TORREVIEJA;Torrevieja;ALICANTE;748;TERCIARIO DE TORREVIEJA;TERCIARIO DE TORREVIEJA;320;Comunidad Valenciana
CA0748001;10/11/2025;SUMAXILENO;Xileno (dimetilbenceno) (suma o-, m- y p-xileno);µg/L;0;< 1,00;705332;4207772;70042;TERCIARIO DE TORREVIEJA;Torrevieja;ALICANTE;748;TERCIARIO DE TORREVIEJA;TERCIARIO DE TORREVIEJA;320;Comunidad Valenciana
CA0748001;10/11/2025;SUMDCB;Diclorobenceno (suma isómeros);µg/L;0;< 0,50;705332;4207772;70042;TERCIARIO DE TORREVIEJA;Torrevieja;ALICANTE;748;TERCIARIO DE TORREVIEJA;TERCIARIO DE TORREVIEJA;320;Comunidad Valenciana
CA0748001;10/11/2025;SUMTCBEN;"Triclorobenceno (suma isómeros 1,2,3-; 1,2,4- y 1,3,5- TCB)";µg/L;0;< 0,10;705332;4207772;70042;TERCIARIO DE TORREVIEJA;Torrevieja;ALICANTE;748;TERCIARIO DE TORREVIEJA;TERCIARIO DE TORREVIEJA;320;Comunidad Valenciana
CA0748001;10/11/2025;SUO4;Sulfatos;mg/L SO4;1700;170;705332;4207772;70042;TERCIARIO DE TORREVIEJA;Torrevieja;ALICANTE;748;TERCIARIO DE TORREVIEJA;TERCIARIO DE TORREVIEJA;320;Comunidad Valenciana
CA0748001;10/11/2025;TAGUA;"TEMPERATURA ""IN SITU""";ºC;179;17,9;705332;4207772;70042;TERCIARIO DE TORREVIEJA;Torrevieja;ALICANTE;748;TERCIARIO DE TORREVIEJA;TERCIARIO DE TORREVIEJA;320;Comunidad Valenciana
CA0748001;10/11/2025;TBUTB;TERC-BUTILBENCENO;µg/L;0;< 0,50;705332;4207772;70042;TERCIARIO DE TORREVIEJA;Torrevieja;ALICANTE;748;TERCIARIO DE TORREVIEJA;TERCIARIO DE TORREVIEJA;320;Comunidad Valenciana
CA0748001;10/11/2025;TCB123;1,2,3-Triclorobenceno;µg/L;0;< 0,10;705332;4207772;70042;TERCIARIO DE TORREVIEJA;Torrevieja;ALICANTE;748;TERCIARIO DE TORREVIEJA;TERCIARIO DE TORREVIEJA;320;Comunidad Valenciana
CA0748001;10/11/2025;TCB124;1,2,4-Triclorobenceno;µg/L;0;< 0,10;705332;4207772;70042;TERCIARIO DE TORREVIEJA;Torrevieja;ALICANTE;748;TERCIARIO DE TORREVIEJA;TERCIARIO DE TORREVIEJA;320;Comunidad Valenciana
CA0748001;10/11/2025;TCB135;1,3,5-Triclorobenceno;µg/L;0;< 0,10;705332;4207772;70042;TERCIARIO DE TORREVIEJA;Torrevieja;ALICANTE;748;TERCIARIO DE TORREVIEJA;TERCIARIO DE TORREVIEJA;320;Comunidad Valenciana
CA0748001;10/11/2025;TCE;1,1,1-TRICLOROETANO;µg/L;0;< 1,00;705332;4207772;70042;TERCIARIO DE TORREVIEJA;Torrevieja;ALICANTE;748;TERCIARIO DE TORREVIEJA;TERCIARIO DE TORREVIEJA;320;Comunidad Valenciana
CA0748001;10/11/2025;TETRA;Tetracloruro de carbono (Tetraclorometano, Perclorometano);µg/L;0;< 1,00;705332;4207772;70042;TERCIARIO DE TORREVIEJA;Torrevieja;ALICANTE;748;TERCIARIO DE TORREVIEJA;TERCIARIO DE TORREVIEJA;320;Comunidad Valenciana
CA0748001;10/11/2025;TETRTRI;Tricloroetileno + Tetracloroetileno (Percloroetileno);µg/L;0;< 1,00;705332;4207772;70042;TERCIARIO DE TORREVIEJA;Torrevieja;ALICANTE;748;TERCIARIO DE TORREVIEJA;TERCIARIO DE TORREVIEJA;320;Comunidad Valenciana
CA0748001;10/11/2025;THMBR2CL;Bromodiclorometano;µg/l;153;15,3;705332;4207772;70042;TERCIARIO DE TORREVIEJA;Torrevieja;ALICANTE;748;TERCIARIO DE TORREVIEJA;TERCIARIO DE TORREVIEJA;320;Comunidad Valenciana
CA0748001;10/11/2025;THMBRCL2;DIBROMOCLOROMETANO (Trihalometanos);µg/L;390;39;705332;4207772;70042;TERCIARIO DE TORREVIEJA;Torrevieja;ALICANTE;748;TERCIARIO DE TORREVIEJA;TERCIARIO DE TORREVIEJA;320;Comunidad Valenciana
CA0748001;10/11/2025;THMBRF;BROMOFORMO;µg/L;350;35;705332;4207772;70042;TERCIARIO DE TORREVIEJA;Torrevieja;ALICANTE;748;TERCIARIO DE TORREVIEJA;TERCIARIO DE TORREVIEJA;320;Comunidad Valenciana
CA0748001;10/11/2025;THMDCM;DICLOROMETANO;µg/L;0;< 5,0;705332;4207772;70042;TERCIARIO DE TORREVIEJA;Torrevieja;ALICANTE;748;TERCIARIO DE TORREVIEJA;TERCIARIO DE TORREVIEJA;320;Comunidad Valenciana
CA0748001;10/11/2025;TMB1;1,2,4-trimetilbenceno;µg/l;0;< 0,50;705332;4207772;70042;TERCIARIO DE TORREVIEJA;Torrevieja;ALICANTE;748;TERCIARIO DE TORREVIEJA;TERCIARIO DE TORREVIEJA;320;Comunidad Valenciana
CA0748001;10/11/2025;TMB2;1,3,5-TRIMETILBENCENO;µg/L;0;< 0,50;705332;4207772;70042;TERCIARIO DE TORREVIEJA;Torrevieja;ALICANTE;748;TERCIARIO DE TORREVIEJA;TERCIARIO DE TORREVIEJA;320;Comunidad Valenciana
CA0748001;10/11/2025;TOL;Tolueno (Metilbenceno);µg/L;0;< 0,50;705332;4207772;70042;TERCIARIO DE TORREVIEJA;Torrevieja;ALICANTE;748;TERCIARIO DE TORREVIEJA;TERCIARIO DE TORREVIEJA;320;Comunidad Valenciana
CA0748001;10/11/2025;TRICLOET;Tricloroetileno (TRI);µg/L;0;< 1,00;705332;4207772;70042;TERCIARIO DE TORREVIEJA;Torrevieja;ALICANTE;748;TERCIARIO DE TORREVIEJA;TERCIARIO DE TORREVIEJA;320;Comunidad Valenciana
CA0748001;10/11/2025;U;URANIO;µg/l;98;0,98;705332;4207772;70042;TERCIARIO DE TORREVIEJA;Torrevieja;ALICANTE;748;TERCIARIO DE TORREVIEJA;TERCIARIO DE TORREVIEJA;320;Comunidad Valenciana
CA0748001;10/11/2025;V;VANADIO;µg/L V;106;1,06;705332;4207772;70042;TERCIARIO DE TORREVIEJA;Torrevieja;ALICANTE;748;TERCIARIO DE TORREVIEJA;TERCIARIO DE TORREVIEJA;320;Comunidad Valenciana
CA0748001;10/11/2025;XILM+P;SUMA M+P XILENO;µg/L;0;< 1,00;705332;4207772;70042;TERCIARIO DE TORREVIEJA;Torrevieja;ALICANTE;748;TERCIARIO DE TORREVIEJA;TERCIARIO DE TORREVIEJA;320;Comunidad Valenciana
CA0748001;10/11/2025;XIL-O;O-XILENO;µg/L;0;< 0,50;705332;4207772;70042;TERCIARIO DE TORREVIEJA;Torrevieja;ALICANTE;748;TERCIARIO DE TORREVIEJA;TERCIARIO DE TORREVIEJA;320;Comunidad Valenciana
CA0748001;10/11/2025;ZN;ZINC;µg/l Zn;1020;102;705332;4207772;70042;TERCIARIO DE TORREVIEJA;Torrevieja;ALICANTE;748;TERCIARIO DE TORREVIEJA;TERCIARIO DE TORREVIEJA;320;Comunidad Valenciana
