"Signatura";"Cod. Estado";"Estado";"Cod. Categoria";"Categoría";"Nombre";"Cod. Provincia";"Provincia";"Cod. Municipio";"Municipio";"Comarca";"CP";"Dirección";"Cod. Tipo Via";"Tipo Via";"Via";"Número";"Email";"Web";"Cod. Grupo";"Grupo";"Cod. Modalidad";"Modalidad";"Habitaciones";"Plazas";"Cod. Cadena";"Cadena";"Fecha Alta";"Fecha Baja";"Periodo";"Días periodo";
"CV H01188 A";"B";"BAJA";"0";"PENSIÓN";"CANALEJAS";"03";"ALACANT";"004";"AIGÜES";"L'ALACANTI";"03569";"CALLE CANALEJAS, 1";"C";"CALLE";"CANALEJAS";"1"; ; ;"P";"PENSIÓN";"P";"PENSIÓN";"7";"12";"NCD";"NO PERTENECE A NINGUNA CADENA";"12/04/1999";"27/01/2005";"SIEMPRE ABIERTO";"De Lunes a Domingo"
"CV H01289 A";"A";"ALTA";"1";"1 ESTRELLA";"ESTACIÓN DE SERVICIO LOS MARTÍNEZ";"03";"ALACANT";"005";"ALBATERA";"EL BAIX SEGURA/LA VEGA BAJA";"03340";"CARRETERA NACIONAL 340, KM. 696,7";"CR";"CARRETERA";"NACIONAL 340, KM. 696,7"; ; ; ;"HS";"HOSTAL";"HS";"HOSTAL";"23";"42";"NCD";"NO PERTENECE A NINGUNA CADENA";"05/03/2004"; ;"SIEMPRE ABIERTO";"De Lunes a Domingo"
"CV H00701 A";"B";"BAJA";"0";"PENSIÓN";"LOS ANGELES";"03";"ALACANT";"005";"ALBATERA";"EL BAIX SEGURA/LA VEGA BAJA";"03340";"CALLE BARRIO LOS ANGELES, 6";"C";"CALLE";"BARRIO LOS ANGELES";"6"; ; ;"P";"PENSIÓN";"P";"PENSIÓN";"4";"6";"NCD";"NO PERTENECE A NINGUNA CADENA";"30/12/1969";"16/09/1992";"SIEMPRE ABIERTO";"De Lunes a Domingo"
"CV H00097 A";"B";"BAJA";"1";"1 ESTRELLA";"MOS DEL BOU";"03";"ALACANT";"005";"ALBATERA";"EL BAIX SEGURA/LA VEGA BAJA";"03340";"CARRETERA ALICANTE-MURCIA, KM. 35, KM. 35";"CR";"CARRETERA";"ALICANTE-MURCIA, KM. 35";"KM. 35"; ; ;"HS";"HOSTAL";"SR";"HOSTAL-RESIDENCIA";"25";"49";"NCD";"NO PERTENECE A NINGUNA CADENA";"21/03/1962";"29/05/2009";"SIEMPRE ABIERTO";"De Lunes a Domingo"
"CV H01415 A";"A";"ALTA";"3";"3 ESTRELLAS";"CASTELL DE LA SOLANA";"03";"ALACANT";"006";"ALCALALÍ";"LA MARINA ALTA";"03728";"PARTIDA LA COMA";"PD";"PARTIDA";"LA COMA"; ;"info@castelldelasolana.es";"https://castelldelasolana.es";"H";"HOTEL";"H";"HOTEL";"7";"14";"NCD";"NO PERTENECE A NINGUNA CADENA";"06/08/2014"; ;"SIEMPRE ABIERTO";"De Lunes a Domingo"
"CV H01371 A";"A";"ALTA";"2";"2 ESTRELLAS";"MASÍA LA MOTA";"03";"ALACANT";"009";"ALCOI/ALCOY";"L'ALCOIA";"03801";"CARRETERA FONT ROJA, KM. 5";"CR";"CARRETERA";"FONT ROJA";"KM. 5";"reservas@masialamota.com";"http://www.masialamota.com";"H";"HOTEL";"H";"HOTEL";"12";"25";"NCD";"NO PERTENECE A NINGUNA CADENA";"31/07/2009"; ; ; 
"CV H00606 A";"A";"ALTA";"3";"3 ESTRELLAS";"RECONQUISTA";"03";"ALACANT";"009";"ALCOI/ALCOY";"L'ALCOIA";"03800";"AVENIDA PONT DE SANT JORDI, 1";"AV";"AVENIDA";"PONT DE SANT JORDI";"1";"reconquista@hotelreconquista.es";"http://www.hotelreconquista.es";"H";"HOTEL";"H";"HOTEL";"98";"196";"NCD";"NO PERTENECE A NINGUNA CADENA";"06/11/1969"; ;"SIEMPRE ABIERTO";"De Lunes a Domingo"
"CV H00108 A";"A";"ALTA";"1";"1 ESTRELLA";"SAVOY";"03";"ALACANT";"009";"ALCOI/ALCOY";"L'ALCOIA";"03800";"CALLE CASABLANCA, 9";"C";"CALLE";"CASABLANCA";"9";"savoy@hostalsavoy.com";"http://www.hostalsavoy.com";"HS";"HOSTAL";"HS";"HOSTAL";"28";"61";"NCD";"NO PERTENECE A NINGUNA CADENA";"16/02/1967"; ;"SIEMPRE ABIERTO";"De Lunes a Domingo"
"CV H01309 A";"A";"ALTA";"4";"4 ESTRELLAS";"SERCOTEL CIUTAT D'ALCOI";"03";"ALACANT";"009";"ALCOI/ALCOY";"L'ALCOIA";"03802";"CALLE COLÓN, 1";"C";"CALLE";"COLÓN";"1";"recepcion@sercotelciutatdalcoi.com";"https://www.sercotelciutatdalcoi.com";"H";"HOTEL";"H";"HOTEL";"84";"170";"SEC";"SERCOTEL";"15/07/2005"; ;"SIEMPRE ABIERTO";"De Lunes a Domingo"
"CV H01298 A";"A";"ALTA";"4";"4 ESTRELLAS";"ALBIR PLAYA HOTEL";"03";"ALACANT";"011";"L'ALFÀS DEL PI";"LA MARINA BAIXA";"03581";"CAMINO VIEJO DE ALTEA, 51";"CM";"CAMINO";"VIEJO DE ALTEA";"51";"reservas@albirplayahotel.com";"http://www.albirplayahotel.com";"H";"HOTEL";"H";"HOTEL";"202";"406";"NCD";"NO PERTENECE A NINGUNA CADENA";"27/05/2004"; ;"SIEMPRE ABIERTO";"De Lunes a Domingo"
"CV H01429 A";"A";"ALTA";"1";"1 ESTRELLA";"CAMP EL PLANET";"03";"ALACANT";"011";"L'ALFÀS DEL PI";"LA MARINA BAIXA";"03580";"CAMINO VOLADOR DELS CORBS, 38";"CM";"CAMINO";"VOLADOR DELS CORBS";"38";"eranielsen@gmail.com";"https://www.campelplanet.com";"H";"HOTEL";"HA";"HOTEL-APARTAMENTO";"11";"23";"NCD";"NO PERTENECE A NINGUNA CADENA";"16/10/2015"; ;"SIEMPRE ABIERTO";"De Lunes a Domingo"
"CV H01109 A";"B";"BAJA";"0";"PENSIÓN";"CAUET";"03";"ALACANT";"011";"L'ALFÀS DEL PI";"LA MARINA BAIXA";"03580";"PLAZA JAIME I, 8";"PL";"PLAZA";"JAIME I";"8"; ; ;"P";"PENSIÓN";"P";"PENSIÓN";"8";"16";"NCD";"NO PERTENECE A NINGUNA CADENA";"28/10/1991";"26/06/2009";"SIEMPRE ABIERTO";"De Lunes a Domingo"
"CV H01047 A";"B";"BAJA";"0";"PENSIÓN";"DE LAS AGUILAS";"03";"ALACANT";"011";"L'ALFÀS DEL PI";"LA MARINA BAIXA";"03580";"CARRETERA ALBIR,ZONA 2-C/RIU GIRONA,1, 000";"CR";"CARRETERA";"ALBIR,ZONA 2-C/RIU GIRONA,1";"000"; ; ;"P";"PENSIÓN";"P";"PENSIÓN";"7";"14";"NCD";"NO PERTENECE A NINGUNA CADENA";"12/02/1987";"10/11/1997";"SIEMPRE ABIERTO";"De Lunes a Domingo"
"CV H00650 A";"A";"ALTA";"1";"1 ESTRELLA";"EL TIBURÓN";"03";"ALACANT";"011";"L'ALFÀS DEL PI";"LA MARINA BAIXA";"03580";"CALLE NEPTUNO, 19";"C";"CALLE";"NEPTUNO";"19";"ntiburon@ctv.es";"http://www.ctv.es/users/ntiburon";"HS";"HOSTAL";"HS";"HOSTAL";"17";"34";"NCD";"NO PERTENECE A NINGUNA CADENA";"01/02/1969"; ;"01/02 - 31/10";"De Lunes a Domingo"
"CV H01405 A";"A";"ALTA";"1";"1 ESTRELLA";"ENTRE NARANJOS Y FLORES";"03";"ALACANT";"011";"L'ALFÀS DEL PI";"LA MARINA BAIXA";"03580";"CALLE INSULA BARATARIA, 3";"C";"CALLE";"INSULA BARATARIA";"3";"mayeragnes774@gmail.com"; ;"HS";"HOSTAL";"SR";"HOSTAL-RESIDENCIA";"3";"5";"NCD";"NO PERTENECE A NINGUNA CADENA";"14/01/2013"; ;"SIEMPRE ABIERTO";"De Lunes a Domingo"
"CV H00945 A";"A";"ALTA";"2";"2 ESTRELLAS";"EUROPA";"03";"ALACANT";"011";"L'ALFÀS DEL PI";"LA MARINA BAIXA";"03581";"AVENIDA EUROPA, 161";"AV";"AVENIDA";"EUROPA";"161";"hoteleuropa@grupo-munoz.com"; ;"H";"HOTEL";"H";"HOTEL";"42";"84";"NCD";"NO PERTENECE A NINGUNA CADENA";"28/10/1975"; ;"01/06 - 15/10";"De Lunes a Domingo"
"CV H01281 A";"A";"ALTA";"4";"4 ESTRELLAS";"KAKTUS ALBIR";"03";"ALACANT";"011";"L'ALFÀS DEL PI";"LA MARINA BAIXA";"03581";"PASEO DE LAS ESTRELLLAS (PLAYA EL ALBIR), 11";"PA";"PASEO";"DE LAS ESTRELLLAS (PLAYA EL ALBIR)";"11";"kaktusalbir@kaktusgrup.com";"http://www.kaktusgrup.com";"H";"HOTEL";"H";"HOTEL";"203";"413";"NCD";"NO PERTENECE A NINGUNA CADENA";"12/09/2003"; ;"SIEMPRE ABIERTO";"De Lunes a Domingo"
"CV H01361 A";"B";"BAJA";"1";"1 ESTRELLA";"L' ALFÀS OASIS HOTEL & APARTMENTS";"03";"ALACANT";"011";"L'ALFÀS DEL PI";"LA MARINA BAIXA";"03580";"CALLE HELECHO   (URB. FOYA BLANCA), 2";"C";"CALLE";"HELECHO   (URB. FOYA BLANCA)";"2";"administracion@lalfasoasis.com  lafasoasis@gmail.com";"http://www.reuma-sol.com";"H";"HOTEL";"HA";"HOTEL-APARTAMENTO";"76";"204";"NCD";"NO PERTENECE A NINGUNA CADENA";"24/11/2008";"04/12/2024";"SIEMPRE ABIERTO";"De Lunes a Domingo"
"CV H01120 A";"A";"ALTA";"1";"1 ESTRELLA";"LA RIVIERA";"03";"ALACANT";"011";"L'ALFÀS DEL PI";"LA MARINA BAIXA";"03580";"CAMINO CAMI VELL DEL FAR, 1";"CM";"CAMINO";"CAMI VELL DEL FAR";"1";"hotellariviera@terra.es";"http://hotellariviera.es";"H";"HOTEL";"H";"HOTEL";"16";"32";"NCD";"NO PERTENECE A NINGUNA CADENA";"23/05/1993"; ;"SIEMPRE ABIERTO";"De Lunes a Domingo"
"CV H00930 A";"B";"BAJA";"1";"1 ESTRELLA";"MENDOZA";"03";"ALACANT";"011";"L'ALFÀS DEL PI";"LA MARINA BAIXA";"03580";"CALLE MADRID, 2";"C";"CALLE";"MADRID";"2"; ;"http://www.mendoza.gastro@ctv.es";"H";"HOTEL";"H";"HOTEL";"33";"62";"NCD";"NO PERTENECE A NINGUNA CADENA";"20/03/1975";"02/05/2003";"SIEMPRE ABIERTO";"De Lunes a Domingo"
"CV H00371 A";"A";"ALTA";"3";"3 ESTRELLAS";"MOLI, EL";"03";"ALACANT";"011";"L'ALFÀS DEL PI";"LA MARINA BAIXA";"03580";"CALLE CALVARIO, 12";"C";"CALLE";"CALVARIO";"12"; ; ;"H";"HOTEL";"H";"HOTEL";"13";"26";"NCD";"NO PERTENECE A NINGUNA CADENA";"14/11/1963"; ;"SIEMPRE ABIERTO";"De Lunes a Domingo"
"CV H01065 A";"A";"ALTA";"0";"PENSIÓN";"NIAGARA";"03";"ALACANT";"011";"L'ALFÀS DEL PI";"LA MARINA BAIXA";"03580";"CALLE L'HORT, 5";"C";"CALLE";"L'HORT";"5"; ; ;"P";"PENSIÓN";"P";"PENSIÓN";"27";"49";"NCD";"NO PERTENECE A NINGUNA CADENA";"15/05/1986"; ;"SIEMPRE ABIERTO";"De Lunes a Domingo"
"CV H00539 A";"B";"BAJA";"1";"1 ESTRELLA";"NIZA";"03";"ALACANT";"011";"L'ALFÀS DEL PI";"LA MARINA BAIXA";"03580";"CALLE LA FERRERÍA, 15";"C";"CALLE";"LA FERRERÍA";"15";"hostalniza@hostalniza.net"; ;"HS";"HOSTAL";"HS";"HOSTAL";"24";"42";"NCD";"NO PERTENECE A NINGUNA CADENA";"15/10/1966";"30/09/2013";"SIEMPRE ABIERTO";"De Lunes a Domingo"
"CV H00969 A";"A";"ALTA";"2";"2 ESTRELLAS";"NOGUERA";"03";"ALACANT";"011";"L'ALFÀS DEL PI";"LA MARINA BAIXA";"03580";"AVENIDA  EUROPA, 210";"AV";"AVENIDA";"EUROPA";"210";"info@hotelnoguera.es";"http://www.hotelnoguera.es";"H";"HOTEL";"H";"HOTEL";"35";"67";"NCD";"NO PERTENECE A NINGUNA CADENA";"20/09/1976"; ;"SIEMPRE ABIERTO";"De Lunes a Domingo"
"CV H01395 A";"A";"ALTA";"1";"1 ESTRELLA";"PRINCESS GARDEN RESORT";"03";"ALACANT";"011";"L'ALFÀS DEL PI";"LA MARINA BAIXA";"03580";"CALLE MIGUEL ANGEL, 2";"C";"CALLE";"MIGUEL ANGEL";"2";"loli@miramonmendi.com"; ;"HS";"HOSTAL";"SR";"HOSTAL-RESIDENCIA";"28";"66";"NCD";"NO PERTENECE A NINGUNA CADENA";"13/05/2011"; ;"SIEMPRE ABIERTO";"De Lunes a Domingo"
"CV H01315 A";"B";"BAJA";"1";"1 ESTRELLA";"PRINCESS GARDEN RESORT";"03";"ALACANT";"011";"L'ALFÀS DEL PI";"LA MARINA BAIXA";"03580";"CALLE MIGUEL ANGEL, URB. PUERTO AZUL, 2";"C";"CALLE";"MIGUEL ANGEL, URB. PUERTO AZUL";"2"; ; ;"HS";"HOSTAL";"SR";"HOSTAL-RESIDENCIA";"28";"66";"NCD";"NO PERTENECE A NINGUNA CADENA";"13/09/2005";"30/09/2010";"SIEMPRE ABIERTO";"De Lunes a Domingo"
"CV H01255 A";"A";"ALTA";"3";"3 ESTRELLAS";"ROBERPALAS";"03";"ALACANT";"011";"L'ALFÀS DEL PI";"LA MARINA BAIXA";"03581";"CALLE JUPITER, 2";"C";"CALLE";"JUPITER";"2"; ; ;"H";"HOTEL";"H";"HOTEL";"82";"164";"NCD";"NO PERTENECE A NINGUNA CADENA";"25/11/2002"; ;"SIEMPRE ABIERTO";"De Lunes a Domingo"
"CV H01365 A";"A";"ALTA";"5";"5 ESTRELLAS";"SHA WELLNESS CLINIC";"03";"ALACANT";"011";"L'ALFÀS DEL PI";"LA MARINA BAIXA";"03581";"CALLE VERDEROL, 5 -  L'ALBIR";"C";"CALLE";"VERDEROL, 5 -  L'ALBIR"; ;"info@shawellnessclinic.com";"https://shawellnessclinic.com";"H";"HOTEL";"HA";"HOTEL-APARTAMENTO";"88";"239";"NCD";"NO PERTENECE A NINGUNA CADENA";"16/02/2009"; ;"SIEMPRE ABIERTO";"De Lunes a Domingo"
"CV H01363 A";"A";"ALTA";"4";"4 ESTRELLAS";"SUN PALACE ALBIR HOTEL & SPA";"03";"ALACANT";"011";"L'ALFÀS DEL PI";"LA MARINA BAIXA";"03581";"CALLE HÉRCULES, 1";"C";"CALLE";"HÉRCULES";"1";"info@hotelsunpalacealbir.com";"http://www.hotelsunpalacealbir.com";"H";"HOTEL";"H";"HOTEL";"215";"432";"NCD";"NO PERTENECE A NINGUNA CADENA";"30/01/2009"; ;"SIEMPRE ABIERTO";"De Lunes a Domingo"
"CV H01268 A";"B";"BAJA";"1";"1 ESTRELLA";"TEAM ESPAÑA";"03";"ALACANT";"011";"L'ALFÀS DEL PI";"LA MARINA BAIXA";"03580";"PLAZA VENUS, 7";"PL";"PLAZA";"VENUS";"7";"venusalbir@venusalbir.com";"http://www.venusalbir.com";"H";"HOTEL";"HA";"HOTEL-APARTAMENTO";"24";"48";"NCD";"NO PERTENECE A NINGUNA CADENA";"12/03/2003";"24/01/2024";"SIEMPRE ABIERTO";"De Lunes a Domingo"
"CV H00949 A";"A";"ALTA";"1";"1 ESTRELLA";"VENTORRILLO";"03";"ALACANT";"011";"L'ALFÀS DEL PI";"LA MARINA BAIXA";"03580";"CARRETERA ALICANTE VALENCIA KM 152";"CR";"CARRETERA";"ALICANTE VALENCIA KM 152"; ; ; ;"HS";"HOSTAL";"SR";"HOSTAL-RESIDENCIA";"19";"35";"NCD";"NO PERTENECE A NINGUNA CADENA";"16/01/1976"; ;"SIEMPRE ABIERTO";"De Lunes a Domingo"
"CV H01430 A";"A";"ALTA";"2";"2 ESTRELLAS";"ALGORFA";"03";"ALACANT";"012";"ALGORFA";"EL BAIX SEGURA/LA VEGA BAJA";"03169";"CALLE PABLO PICASSO, 1";"C";"CALLE";"PABLO PICASSO";"1";"reservations@hotelalgorfa.es";"https://hotelalgorfa.mydirectstay.com/es/index.html";"H";"HOTEL";"H";"HOTEL";"8";"16";"NCD";"NO PERTENECE A NINGUNA CADENA";"28/10/2015"; ;"SIEMPRE ABIERTO";"De Lunes a Domingo"
"CV H01208 A";"B";"BAJA";"3";"3 ESTRELLAS";"ALGORFA";"03";"ALACANT";"012";"ALGORFA";"EL BAIX SEGURA/LA VEGA BAJA";"03169";"CALLE PABLO PICASSO, 1";"C";"CALLE";"PABLO PICASSO";"1";"hotelalgorfa@terra.es";"http://www.algorfa.com";"H";"HOTEL";"HA";"HOTEL-APARTAMENTO";"27";"54";"NCD";"NO PERTENECE A NINGUNA CADENA";"16/11/2000";"29/03/2004";"SIEMPRE ABIERTO";"De Lunes a Domingo"
"CV H01375 A";"A";"ALTA";"5";"5 ESTRELLAS";"LA FINCA GOLF& SPA RESORT";"03";"ALACANT";"012";"ALGORFA";"EL BAIX SEGURA/LA VEGA BAJA";"03169";"CARRETERA ALGORFA-LOS MONTESINOS, KM. 3";"CR";"CARRETERA";"ALGORFA-LOS MONTESINOS, KM. 3"; ;"reservas@lafincagolfresort.com";"http://lafincagolfresort.com";"H";"HOTEL";"H";"HOTEL";"120";"246";"NCD";"NO PERTENECE A NINGUNA CADENA";"30/11/2009"; ;"SIEMPRE ABIERTO";"De Lunes a Domingo"
"CV H01434 A";"A";"ALTA"; ; ;"EL JARDIN DE LAS ERAS";"03";"ALACANT";"013";"ALGUEÑA";"EL VINALOPO MITJA/EL VINALOPO";"03668";"PLAZA DE LAS ERAS, 12";"PL";"PLAZA";"DE LAS ERAS";"12";"reservas@eljardindelaseras.es";"http://eljardindelaseras.es";"HS";"HOSTAL"; ; ;"8";"14";"NCD";"NO PERTENECE A NINGUNA CADENA";"28/12/2015"; ;"SIEMPRE ABIERTO";"De Lunes a Domingo"
"CV H01506 A";"B";"BAJA"; ; ;"A-CERO LIVING";"03";"ALACANT";"014";"ALACANT/ALICANTE";"L'ALACANTI";"03004";"PLAZA HOSPITAL VIEJO SAN ANTÓN, 9";"PL";"PLAZA";"HOSPITAL VIEJO SAN ANTÓN";"9";"info.arquium@gmail.com"; ;"P";"PENSIÓN"; ; ;"11";"17";"NCD";"NO PERTENECE A NINGUNA CADENA";"29/07/2019";"08/05/2024";"SIEMPRE ABIERTO";"De Lunes a Domingo"
"CV H01731 A";"B";"BAJA";"0";"PENSIÓN";"AB EL HAMET";"03";"ALACANT";"014";"ALACANT/ALICANTE";"L'ALACANTI";"03003";"CALLE AB EL HAMET, 8-E.1-1ºB";"C";"CALLE";"AB EL HAMET";"8-E.1-1ºB";"adouanezahra81@gmail.com"; ;"P";"PENSIÓN"; ; ;"4";"8";"NCD";"NO PERTENECE A NINGUNA CADENA";"14/07/2025";"07/01/2026";"SIEMPRE ABIERTO";"De Lunes a Domingo"
"CV H01780 A";"A";"ALTA";"0";"PENSIÓN";"ABACOA";"03";"ALACANT";"014";"ALACANT/ALICANTE";"L'ALACANTI";"03003";"AVENIDA MAISONNNAVE, 33-39 P36";"AV";"AVENIDA";"MAISONNNAVE";"33-39 P36";"administracion@hostalabacoa.es"; ;"HS";"HOSTAL"; ; ;"9";"18";"NCD";"NO PERTENECE A NINGUNA CADENA";"16/02/2026"; ;"SIEMPRE ABIERTO";"De Lunes a Domingo"
"CV H01326 A";"A";"ALTA";"4";"4 ESTRELLAS";"AC HOTEL ALICANTE";"03";"ALACANT";"014";"ALACANT/ALICANTE";"L'ALACANTI";"03008";"AVENIDA DE ELCHE, 3";"AV";"AVENIDA";"DE ELCHE";"3";"acalicante@ac-hotels.com";"http://www.ac-hotels.com";"H";"HOTEL";"H";"HOTEL";"187";"372";"ACH";"AC HOTELES";"17/07/2006"; ;"SIEMPRE ABIERTO";"De Lunes a Domingo"
"CV H00979 A";"A";"ALTA";"3";"3 ESTRELLAS";"ALBAHIA ALICANTE";"03";"ALACANT";"014";"ALACANT/ALICANTE";"L'ALACANTI";"03016";"CALLE SOL NACIENTE, 06";"C";"CALLE";"SOL NACIENTE";"06";"info@albahiahotel.com";"https://www.barcelo.com/es-es/hotel-albahia";"H";"HOTEL";"H";"HOTEL";"93";"194";"BAR";"BARCELÓ HOTELS & RESORT";"14/09/1977"; ;"SIEMPRE ABIERTO";"De Lunes a Domingo"
"CV H01522 A";"A";"ALTA"; ; ;"ALBEROLA ROMERO";"03";"ALACANT";"014";"ALACANT/ALICANTE";"L'ALACANTI";"03002";"CALLE ALBEROLA ROMERO, 4-2ºD";"C";"CALLE";"ALBEROLA ROMERO";"4-2ºD";"d_iren@mail.ru"; ;"P";"PENSIÓN"; ; ;"2";"4";"NCD";"NO PERTENECE A NINGUNA CADENA";"31/10/2019"; ;"SIEMPRE ABIERTO";"De Lunes a Domingo"
"CV H01760 A";"A";"ALTA"; ; ;"ALC HOMES";"03";"ALACANT";"014";"ALACANT/ALICANTE";"L'ALACANTI";"03005";"CAMINO DE RONDA, 1-BJ-DCHA.";"CM";"CAMINO";"DE RONDA";"1-BJ-DCHA.";"alchomes2025@gmail.com"; ;"P";"PENSIÓN"; ; ;"5";"7";"NCD";"NO PERTENECE A NINGUNA CADENA";"26/10/2025"; ;"SIEMPRE ABIERTO";"De Lunes a Domingo"
"CV H01660 A";"A";"ALTA"; ; ;"ALCOY 30";"03";"ALACANT";"014";"ALACANT/ALICANTE";"L'ALACANTI";"03010";"AVENIDA ALCOY, 30";"AV";"AVENIDA";"ALCOY";"30";"rico.propert@gmail.com"; ;"P";"PENSIÓN"; ; ;"5";"9";"NCD";"NO PERTENECE A NINGUNA CADENA";"24/04/2024"; ;"SIEMPRE ABIERTO";"De Lunes a Domingo"
"CV H01205 A";"A";"ALTA";"0";"PENSIÓN";"ALEMANIA";"03";"ALACANT";"014";"ALACANT/ALICANTE";"L'ALACANTI";"03003";"CALLE ALEMANIA, 15-ENTLO.";"C";"CALLE";"ALEMANIA";"15-ENTLO.";"pensionalemania@outlook.es"; ;"P";"PENSIÓN";"P";"PENSIÓN";"8";"13";"NCD";"NO PERTENECE A NINGUNA CADENA";"11/09/2000"; ;"SIEMPRE ABIERTO";"De Lunes a Domingo"
"CV H00368 A";"B";"BAJA";"2";"2 ESTRELLAS";"ALFONSO EL SABIO";"03";"ALACANT";"014";"ALACANT/ALICANTE";"L'ALACANTI";"03004";"AVENIDA ALFONSO EL SABIO, 18";"AV";"AVENIDA";"ALFONSO EL SABIO";"18"; ; ;"H";"HOTEL";"H";"HOTEL";"77";"147";"NCD";"NO PERTENECE A NINGUNA CADENA";"21/02/1964";"15/11/2004";"SIEMPRE ABIERTO";"De Lunes a Domingo"
"CV H01081 A";"B";"BAJA";"0";"PENSIÓN";"ALHAMA";"03";"ALACANT";"014";"ALACANT/ALICANTE";"L'ALACANTI";"03002";"CALLE MIGUEL SOLER,14, 001";"C";"CALLE";"MIGUEL SOLER,14";"001"; ; ;"P";"PENSIÓN";"P";"PENSIÓN";"4";"7";"NCD";"NO PERTENECE A NINGUNA CADENA";"10/12/1987";"25/03/1993";"SIEMPRE ABIERTO";"De Lunes a Domingo"
"CV H01232 A";"A";"ALTA";"4";"4 ESTRELLAS";"ALICANTE GOLF";"03";"ALACANT";"014";"ALACANT/ALICANTE";"L'ALACANTI";"03540";"AVENIDA DE LAS NACIONES (PLAYA DE SAN JUAN), S/N.";"AV";"AVENIDA";"DE LAS NACIONES (PLAYA DE SAN JUAN)";"S/N.";"hotelhusaalicante@husa.es";"http://www.husa.es/";"H";"HOTEL";"H";"HOTEL";"156";"316";"NCD";"NO PERTENECE A NINGUNA CADENA";"17/01/2002"; ;"SIEMPRE ABIERTO";"De Lunes a Domingo"
"CV H00707 A";"A";"ALTA";"4";"4 ESTRELLAS";"ALICANTE GRAN SOL AFFILIATED BY MELIA";"03";"ALACANT";"014";"ALACANT/ALICANTE";"L'ALACANTI";"03002";"AVENIDA RAMBLA MÉNDEZ NÚÑEZ, 3";"AV";"AVENIDA";"RAMBLA MÉNDEZ NÚÑEZ";"3";"gran.sol@melia.com";"www.melia.com";"H";"HOTEL";"H";"HOTEL";"123";"258";"SOL";"MELIÁ HOTELS INTERNATIONAL";"23/01/1971"; ;"SIEMPRE ABIERTO";"De Lunes a Domingo"
"CV H01739 A";"A";"ALTA";"0";"PENSIÓN";"ALICANTE PLAYA";"03";"ALACANT";"014";"ALACANT/ALICANTE";"L'ALACANTI";"03003";"CALLE AB EL HAMET, 1 ESC 1 EN";"C";"CALLE";"AB EL HAMET";"1 ESC 1 EN";"dharo62@gmail.com"; ;"P";"PENSIÓN"; ; ;"8";"14";"NCD";"NO PERTENECE A NINGUNA CADENA";"08/08/2025"; ;"SIEMPRE ABIERTO";"De Lunes a Domingo"
"CV H01678 A";"A";"ALTA"; ; ;"ALICANTE SMART";"03";"ALACANT";"014";"ALACANT/ALICANTE";"L'ALACANTI";"03012";"CALLE GENERAL SERRANO, 5";"C";"CALLE";"GENERAL SERRANO";"5";"lyudmyla@alegria-realestate.com"; ;"HS";"HOSTAL"; ; ;"32";"62";"NCD";"NO PERTENECE A NINGUNA CADENA";"08/10/2024"; ;"SIEMPRE ABIERTO";"De Lunes a Domingo"
"CV H01243 A";"A";"ALTA";"0";"PENSIÓN";"ALICANTE-SAN NICOLÁS";"03";"ALACANT";"014";"ALACANT/ALICANTE";"L'ALACANTI";"03002";"CALLE SAN NICOLÁS, 14";"C";"CALLE";"SAN NICOLÁS";"14";"reservas@alicantesanicolas.com";"www.alicantesanicolas.com";"P";"PENSIÓN";"P";"PENSIÓN";"12";"21";"NCD";"NO PERTENECE A NINGUNA CADENA";"18/07/2002"; ; ; 
"CV H01733 A";"A";"ALTA"; ; ;"ALIFORNIA";"03";"ALACANT";"014";"ALACANT/ALICANTE";"L'ALACANTI";"03009";"CALLE CAPITÁN RUEDA, 13";"C";"CALLE";"CAPITÁN RUEDA";"13";"alifornia.realestate@gmail.com"; ;"P";"PENSIÓN"; ; ;"2";"4";"NCD";"NO PERTENECE A NINGUNA CADENA";"21/07/2025"; ;"SIEMPRE ABIERTO";"De Lunes a Domingo"
"CV H01779 A";"A";"ALTA";"0";"PENSIÓN";"ALIFORNIA SUITES";"03";"ALACANT";"014";"ALACANT/ALICANTE";"L'ALACANTI";"03013";"CALLE DOCTOR SAPENA, 83";"C";"CALLE";"DOCTOR SAPENA";"83";"info@aliforniasuites.com";"http://aliforniasuites.com";"P";"PENSIÓN"; ; ;"14";"30";"NCD";"NO PERTENECE A NINGUNA CADENA";"04/02/2026"; ;"SIEMPRE ABIERTO";"De Lunes a Domingo"
"CV H00433 A";"A";"ALTA";"4";"4 ESTRELLAS";"ALMIRANTE";"03";"ALACANT";"014";"ALACANT/ALICANTE";"L'ALACANTI";"03540";"AVENIDA NIZA (PLAYA DE SAN JUAN), 38";"AV";"AVENIDA";"NIZA (PLAYA DE SAN JUAN)";"38";"info@hotelalmirante.com";"http://www.hotelalmirante.com";"H";"HOTEL";"H";"HOTEL";"67";"139";"NCD";"NO PERTENECE A NINGUNA CADENA";"24/10/1964"; ;"SIEMPRE ABIERTO";"De Lunes a Domingo"
"CV H01467 A";"A";"ALTA"; ; ;"AMOR DE HELENE";"03";"ALACANT";"014";"ALACANT/ALICANTE";"L'ALACANTI";"03540";"CALLE ELISA TOMÁS YUSTI, 4";"C";"CALLE";"ELISA TOMÁS YUSTI";"4";"hostalbalicante@gmail.com"; ;"HS";"HOSTAL"; ; ;"16";"32";"NCD";"NO PERTENECE A NINGUNA CADENA";"11/08/2017"; ;"SIEMPRE ABIERTO";"De Lunes a Domingo"
"CV H01588 A";"A";"ALTA";"2";"2 ESTRELLAS";"APARTAMENTOS NAVAS";"03";"ALACANT";"014";"ALACANT/ALICANTE";"L'ALACANTI";"03001";"CALLE NAVAS, 42";"C";"CALLE";"NAVAS";"42";"ap.navas42@gmail.com"; ;"H";"HOTEL";"HA";"HOTEL-APARTAMENTO";"5";"9";"NCD";"NO PERTENECE A NINGUNA CADENA";"22/04/2022"; ;"SIEMPRE ABIERTO";"De Lunes a Domingo"
"CV H00307 A";"A";"ALTA";"0";"PENSIÓN";"ARENA ALICANTE";"03";"ALACANT";"014";"ALACANT/ALICANTE";"L'ALACANTI";"03004";"CALLE SAN VICENTE, 49";"C";"CALLE";"SAN VICENTE";"49";"reservas@pensionarenaalicante.com";"www.pensionarenaalicante.com";"P";"PENSIÓN";"P";"PENSIÓN";"25";"46";"NCD";"NO PERTENECE A NINGUNA CADENA";"22/03/1965"; ;"SIEMPRE ABIERTO";"De Lunes a Domingo"
"CV H01617 A";"A";"ALTA"; ; ;"ART HOUSE";"03";"ALACANT";"014";"ALACANT/ALICANTE";"L'ALACANTI";"03005";"CALLE GENERAL GUTIÉRREZ MELLADO , L. 3, 4 Y 5., 6";"C";"CALLE";"GENERAL GUTIÉRREZ MELLADO , L. 3, 4 Y 5.";"6";"alicantepiso@hotmail.com"; ;"P";"PENSIÓN"; ; ;"14";"29";"NCD";"NO PERTENECE A NINGUNA CADENA";"03/04/2023"; ;"SIEMPRE ABIERTO";"De Lunes a Domingo"
"CV H01230 A";"A";"ALTA";"0";"PENSIÓN";"AYUNTAMIENTO";"03";"ALACANT";"014";"ALACANT/ALICANTE";"L'ALACANTI";"03002";"PLAZA AYUNTAMIENTO, 3";"PL";"PLAZA";"AYUNTAMIENTO";"3"; ;"www.pensionayuntamiento.es";"P";"PENSIÓN";"P";"PENSIÓN";"11";"23";"NCD";"NO PERTENECE A NINGUNA CADENA";"12/12/2001"; ;"SIEMPRE ABIERTO";"De Lunes a Domingo"
"CV H01740 A";"A";"ALTA";"3";"3 ESTRELLAS";"B&B ALICANTE AEROPUERTO";"03";"ALACANT";"014";"ALACANT/ALICANTE";"L'ALACANTI";"03114";"PLAZA AREA DE TRANSPORTE, 55J";"PL";"PLAZA";"AREA DE TRANSPORTE";"55J";"hotel.alicanteaeropuerto@hotelbb.com";"http://www.hotel-bb.com";"H";"HOTEL"; ; ;"95";"196";"NCD";"NO PERTENECE A NINGUNA CADENA";"22/07/2025"; ;"SIEMPRE ABIERTO";"De Lunes a Domingo"
"CV H01665 A";"A";"ALTA";"3";"3 ESTRELLAS";"B&B ALICANTE CENTRO";"03";"ALACANT";"014";"ALACANT/ALICANTE";"L'ALACANTI";"03005";"AVENIDA SALAMANCA, 38 - 40";"AV";"AVENIDA";"SALAMANCA";"38 - 40";"hotel.alicantecentro@hotelbb.com";"http://www.hotel-bb.com/es/hotel/alicante-centro";"H";"HOTEL"; ; ;"99";"189";"NCD";"NO PERTENECE A NINGUNA CADENA";"16/07/2024"; ;"SIEMPRE ABIERTO";"De Lunes a Domingo"
"CV H01521 A";"A";"ALTA"; ; ;"B&B CALDERON 41";"03";"ALACANT";"014";"ALACANT/ALICANTE";"L'ALACANTI";"03004";"CALLE CALDERON DE LA BARCA, 41-1ºC";"C";"CALLE";"CALDERON DE LA BARCA";"41-1ºC";"mariomartinezfunes@hotmail.com"; ;"P";"PENSIÓN"; ; ;"2";"5";"NCD";"NO PERTENECE A NINGUNA CADENA";"28/10/2019"; ;"SIEMPRE ABIERTO";"De Lunes a Domingo"
"CV H01703 A";"A";"ALTA";"0";"PENSIÓN";"B&B PLAZA DE TOROS";"03";"ALACANT";"014";"ALACANT/ALICANTE";"L'ALACANTI";"03012";"CALLE OLOZAGA, 2";"C";"CALLE";"OLOZAGA";"2";"dintelecom.es@gmail.com"; ;"P";"PENSIÓN"; ; ;"4";"6";"NCD";"NO PERTENECE A NINGUNA CADENA";"13/04/2025"; ;"SIEMPRE ABIERTO";"De Lunes a Domingo"
"CV H01645 A";"A";"ALTA"; ; ;"BABEL";"03";"ALACANT";"014";"ALACANT/ALICANTE";"L'ALACANTI";"03006";"CALLE MARTE, 4";"C";"CALLE";"MARTE";"4";"jdkcoliving@gmail.com"; ;"P";"PENSIÓN"; ; ;"15";"30";"NCD";"NO PERTENECE A NINGUNA CADENA";"11/12/2023"; ;"SIEMPRE ABIERTO";"De Lunes a Domingo"
"CV H00882 A";"B";"BAJA";"2";"2 ESTRELLAS";"BABIECA";"03";"ALACANT";"014";"ALACANT/ALICANTE";"L'ALACANTI";"03540";"CARRETERA CTRA PLAYA SAN JUAN KM 5, 000";"CR";"CARRETERA";"CTRA PLAYA SAN JUAN KM 5";"000"; ; ;"H";"HOTEL";"H";"HOTEL";"25";"50";"NCD";"NO PERTENECE A NINGUNA CADENA";"06/09/1973";"21/12/1998";"SIEMPRE ABIERTO";"De Lunes a Domingo"
"CV H01741 A";"A";"ALTA";"1";"1 ESTRELLA";"BAELIA EXPERIENCE HOTEL BOUTIQUE";"03";"ALACANT";"014";"ALACANT/ALICANTE";"L'ALACANTI";"03004";"CALLE TRAFALGAR, 48-50-52";"C";"CALLE";"TRAFALGAR";"48-50-52";"baeliaexperienceboutique@gmail.com"; ;"H";"HOTEL";"HA";"HOTEL-APARTAMENTO";"5";"10";"NCD";"NO PERTENECE A NINGUNA CADENA";"15/08/2025"; ;"SIEMPRE ABIERTO";"De Lunes a Domingo"
"CV H00630 A";"B";"BAJA";"2";"2 ESTRELLAS";"BAHIA";"03";"ALACANT";"014";"ALACANT/ALICANTE";"L'ALACANTI";"03002";"CALLE GRAVINA, 16";"C";"CALLE";"GRAVINA";"16";"info@hotelbahia.es";"http://www.hotelbahia.es";"H";"HOTEL";"H";"HOTEL";"22";"41";"NCD";"NO PERTENECE A NINGUNA CADENA";"02/09/1969";"21/04/2015";"SIEMPRE ABIERTO";"De Lunes a Domingo"
"CV H01661 A";"B";"BAJA";"0";"PENSIÓN";"BAHIA BEACH";"03";"ALACANT";"014";"ALACANT/ALICANTE";"L'ALACANTI";"03002";"AVENIDA JUAN BAUTISTA LAFORA, 8-ENTLO.IZ";"AV";"AVENIDA";"JUAN BAUTISTA LAFORA";"8-ENTLO.IZ"; ; ;"P";"PENSIÓN"; ; ;"7";"14";"NCD";"NO PERTENECE A NINGUNA CADENA";"29/04/2024";"23/07/2024";"SIEMPRE ABIERTO";"De Lunes a Domingo"
"CV H00769 A";"B";"BAJA";"1";"1 ESTRELLA";"BAHIA BLANCA";"03";"ALACANT";"014";"ALACANT/ALICANTE";"L'ALACANTI";"03540";"CALLE ELISA TOMAS YUSTE-URB. BAHIA DEL REY.PLAYA S.JUAN, S.N";"C";"CALLE";"ELISA TOMAS YUSTE-URB. BAHIA DEL REY.PLAYA S.JUAN";"S.N"; ;"http://www.hostalbahiablanca.com";"HS";"HOSTAL";"HS";"HOSTAL";"16";"37";"NCD";"NO PERTENECE A NINGUNA CADENA";"18/02/1971";"27/05/2016";"SIEMPRE ABIERTO";"De Lunes a Domingo"
"CV H01674 A";"A";"ALTA"; ; ;"BAHIA SUITES";"03";"ALACANT";"014";"ALACANT/ALICANTE";"L'ALACANTI";"03002";"AVENIDA JUAN BAUTISTA LAFORA, 8, EN IZD";"AV";"AVENIDA";"JUAN BAUTISTA LAFORA";"8, EN IZD";"sarmarlla@gmail.com"; ;"P";"PENSIÓN"; ; ;"7";"18";"NCD";"NO PERTENECE A NINGUNA CADENA";"12/08/2024"; ;"SIEMPRE ABIERTO";"De Lunes a Domingo"
"CV H01727 A";"A";"ALTA";"0";"PENSIÓN";"BARCO";"03";"ALACANT";"014";"ALACANT/ALICANTE";"L'ALACANTI";"03005";"CALLE GENERAL GUTIERREZ MELLADO, 6, LOC 1";"C";"CALLE";"GENERAL GUTIERREZ MELLADO";"6, LOC 1";"giovanni.gyr.sl@gmail.com"; ;"P";"PENSIÓN"; ; ;"6";"14";"NCD";"NO PERTENECE A NINGUNA CADENA";"07/07/2025"; ;"SIEMPRE ABIERTO";"De Lunes a Domingo"
"CV H01456 A";"A";"ALTA"; ; ;"BARRIO BOUTIK";"03";"ALACANT";"014";"ALACANT/ALICANTE";"L'ALACANTI";"03002";"CALLE CARMEN, 9";"C";"CALLE";"CARMEN";"9";"bbh.alicante@gmail.com";"http://booking.com";"HS";"HOSTAL"; ; ;"16";"38";"NCD";"NO PERTENECE A NINGUNA CADENA";"24/02/2017"; ;"SIEMPRE ABIERTO";"De Lunes a Domingo"
"CV H00419 A";"B";"BAJA";"1";"1 ESTRELLA";"BENALUA";"03";"ALACANT";"014";"ALACANT/ALICANTE";"L'ALACANTI";"03007";"CALLE DR. JUST, 61";"C";"CALLE";"DR. JUST";"61"; ; ;"HS";"HOSTAL";"SR";"HOSTAL-RESIDENCIA";"12";"16";"NCD";"NO PERTENECE A NINGUNA CADENA";"08/07/1964";"04/06/1998";"SIEMPRE ABIERTO";"De Lunes a Domingo"
"CV H01749 A";"A";"ALTA"; ; ;"BENALUA ALICANTE";"03";"ALACANT";"014";"ALACANT/ALICANTE";"L'ALACANTI";"03007";"CALLE PEREZ MEDINA, 31";"C";"CALLE";"PEREZ MEDINA";"31";"administracion@brickstarter.com"; ;"HS";"HOSTAL"; ; ;"15";"30";"NCD";"NO PERTENECE A NINGUNA CADENA";"12/09/2025"; ;"SIEMPRE ABIERTO";"De Lunes a Domingo"
"CV H01638 A";"A";"ALTA"; ; ;"BERGEZ";"03";"ALACANT";"014";"ALACANT/ALICANTE";"L'ALACANTI";"03012";"CALLE DOCTOR BERGEZ, 28";"C";"CALLE";"DOCTOR BERGEZ";"28";"josema.ma.vi@gmail.com"; ;"P";"PENSIÓN"; ; ;"7";"13";"NCD";"NO PERTENECE A NINGUNA CADENA";"06/11/2023"; ;"SIEMPRE ABIERTO";"De Lunes a Domingo"
"CV H01625 A";"A";"ALTA";"3";"3 ESTRELLAS";"BH SAN FRANCISCO";"03";"ALACANT";"014";"ALACANT/ALICANTE";"L'ALACANTI";"03001";"CALLE SAN FRANCISCO, 12";"C";"CALLE";"SAN FRANCISCO";"12";"recepcion@bhsanfrancisco.es";"http://wwww.bhsanfrancisco.es";"H";"HOTEL";"H";"HOTEL";"28";"55";"NCD";"NO PERTENECE A NINGUNA CADENA";"24/07/2023"; ;"SIEMPRE ABIERTO";"De Lunes a Domingo"
"CV H01781 A";"A";"ALTA";"0";"PENSIÓN";"BMEDITERRANEAN SANTA BARBARA CASTLE";"03";"ALACANT";"014";"ALACANT/ALICANTE";"L'ALACANTI";"03004";"CALLE NUEVA ALTA, 14";"C";"CALLE";"NUEVA ALTA";"14";"jaime.ivorra@gmail.com"; ;"P";"PENSIÓN"; ; ;"3";"6";"NCD";"NO PERTENECE A NINGUNA CADENA";"04/12/2025"; ;"SIEMPRE ABIERTO";"De Lunes a Domingo"
"CV H01649 A";"B";"BAJA";"0";"PENSIÓN";"BMEDITERRANEAN SANTA BARBARA CASTLE";"03";"ALACANT";"014";"ALACANT/ALICANTE";"L'ALACANTI";"03004";"CALLE NUEVA ALTA, 14";"C";"CALLE";"NUEVA ALTA";"14";"jaime.ivorra@gmail.com"; ;"P";"PENSIÓN"; ; ;"2";"4";"NCD";"NO PERTENECE A NINGUNA CADENA";"13/02/2024";"25/05/2024";"SIEMPRE ABIERTO";"De Lunes a Domingo"
"CV H00981 A";"B";"BAJA";"0";"PENSIÓN";"BOGOTA";"03";"ALACANT";"014";"ALACANT/ALICANTE";"L'ALACANTI";"03004";"CALLE MANUEL ANTON, 002";"C";"CALLE";"MANUEL ANTON";"002"; ; ;"P";"PENSIÓN";"P";"PENSIÓN";"6";"10";"NCD";"NO PERTENECE A NINGUNA CADENA";"17/03/1977";"05/06/1995";"SIEMPRE ABIERTO";"De Lunes a Domingo"
"CV H01470 A";"A";"ALTA";"4";"4 ESTRELLAS";"BOUTIQUE ALICANTE S.XVII";"03";"ALACANT";"014";"ALACANT/ALICANTE";"L'ALACANTI";"03002";"CALLE MIGUEL SOLER, 22";"C";"CALLE";"MIGUEL SOLER";"22";"reservas@hotelboutiquealicante.com";"http://hotelboutiquealicante.com";"H";"HOTEL";"H";"HOTEL";"17";"32";"NCD";"NO PERTENECE A NINGUNA CADENA";"30/11/2017"; ;"SIEMPRE ABIERTO";"De Lunes a Domingo"
"CV H01158 A";"A";"ALTA";"4";"4 ESTRELLAS";"BOUTIQUE CALAS DE ALICANTE";"03";"ALACANT";"014";"ALACANT/ALICANTE";"L'ALACANTI";"03540";"AVENIDA COSTA BLANCA (CABO DE LAS HUERTAS), 22-A";"AV";"AVENIDA";"COSTA BLANCA (CABO DE LAS HUERTAS)";"22-A";"reservas@hotelcalasdealicante.com";"https://www.hotelcalasdealicante.com";"H";"HOTEL";"H";"HOTEL";"43";"86";"NCD";"NO PERTENECE A NINGUNA CADENA";"15/11/1996"; ;"SIEMPRE ABIERTO";"De Lunes a Domingo"
"CV H01715 A";"A";"ALTA"; ; ;"BOUTIQUE CENTRO";"03";"ALACANT";"014";"ALACANT/ALICANTE";"L'ALACANTI";"03003";"CALLE ARQUITECTO MORELL, 10-E1-1ºC";"C";"CALLE";"ARQUITECTO MORELL";"10-E1-1ºC";"selfstorages1@gmail.com"; ;"HS";"HOSTAL"; ; ;"5";"7";"NCD";"NO PERTENECE A NINGUNA CADENA";"27/05/2025"; ;"SIEMPRE ABIERTO";"De Lunes a Domingo"
"CV H01398 A";"A";"ALTA";"3";"3 ESTRELLAS";"BOUTIQUE ISLA DE TABARCA";"03";"ALACANT";"014";"ALACANT/ALICANTE";"L'ALACANTI";"03138";"CALLE ARZOLA, S/N";"C";"CALLE";"ARZOLA";"S/N";"reservas@hotelboutiqueisladetabarca.com";"www.hoteltabarca.es";"H";"HOTEL";"H";"HOTEL";"15";"30";"NCD";"NO PERTENECE A NINGUNA CADENA";"09/08/2011"; ;"SIEMPRE ABIERTO";"De Lunes a Domingo"
"CV H01654 A";"A";"ALTA"; ; ;"BOUTIQUE PALACIO";"03";"ALACANT";"014";"ALACANT/ALICANTE";"L'ALACANTI";"03540";"AVENIDA BRUSELAS, 17-20";"AV";"AVENIDA";"BRUSELAS";"17-20";"hpalacio2023@icloud.com"; ;"P";"PENSIÓN"; ; ;"16";"31";"NCD";"NO PERTENECE A NINGUNA CADENA";"26/03/2024"; ;"SIEMPRE ABIERTO";"De Lunes a Domingo"
"CV H01766 A";"A";"ALTA";"0";"PENSIÓN";"BRAVA";"03";"ALACANT";"014";"ALACANT/ALICANTE";"L'ALACANTI";"03004";"CALLE NUEVA BAJA, 38, 1º";"C";"CALLE";"NUEVA BAJA";"38, 1º";"intec.rguillen@gmail.com"; ;"P";"PENSIÓN"; ; ;"3";"6";"NCD";"NO PERTENECE A NINGUNA CADENA";"20/10/2020"; ;"SIEMPRE ABIERTO";"De Lunes a Domingo"
"CV H00740 A";"A";"ALTA";"3";"3 ESTRELLAS";"BYPILLOW PASEO";"03";"ALACANT";"014";"ALACANT/ALICANTE";"L'ALACANTI";"03004";"CALLE MAESTRO BRETÓN, 19";"C";"CALLE";"MAESTRO BRETÓN";"19";"paseo@bypillow.com";"www.bypillow.com";"H";"HOTEL";"H";"HOTEL";"95";"160";"NCD";"NO PERTENECE A NINGUNA CADENA";"20/10/1970"; ;"SIEMPRE ABIERTO";"De Lunes a Domingo"
"CV H01498 A";"A";"ALTA"; ; ;"CA DE MAR RAMBLA ROOMS";"03";"ALACANT";"014";"ALACANT/ALICANTE";"L'ALACANTI";"03004";"CALLE SAN VICENTE, 19 - 8ºD";"C";"CALLE";"SAN VICENTE";"19 - 8ºD";"milicafoto@yahoo.it"; ;"P";"PENSIÓN"; ; ;"4";"8";"NCD";"NO PERTENECE A NINGUNA CADENA";"26/04/2019"; ;"SIEMPRE ABIERTO";"De Lunes a Domingo"
"CV H01238 A";"A";"ALTA";"3";"3 ESTRELLAS";"CAMPANILE";"03";"ALACANT";"014";"ALACANT/ALICANTE";"L'ALACANTI";"03008";"AVENIDA DE ELCHE, ESQUINA FEDERICO MAYO, 21";"AV";"AVENIDA";"DE ELCHE, ESQUINA FEDERICO MAYO";"21";"alicante@campanile.com";"www.campanile.com";"H";"HOTEL";"H";"HOTEL";"84";"168";"NCD";"NO PERTENECE A NINGUNA CADENA";"08/02/2002"; ;"SIEMPRE ABIERTO";"De Lunes a Domingo"
"CV H00604 A";"B";"BAJA";"1";"1 ESTRELLA";"CAMPOAMOR";"03";"ALACANT";"014";"ALACANT/ALICANTE";"L'ALACANTI";"03012";"AVENIDA JIJONA, 0012";"AV";"AVENIDA";"JIJONA";"0012";"hostal-campoamor@ono.com"; ;"HS";"HOSTAL";"SR";"HOSTAL-RESIDENCIA";"14";"22";"NCD";"NO PERTENECE A NINGUNA CADENA";"09/10/1969";"21/02/2008";"SIEMPRE ABIERTO";"De Lunes a Domingo"
"CV H01684 A";"A";"ALTA"; ; ;"CANALES";"03";"ALACANT";"014";"ALACANT/ALICANTE";"L'ALACANTI";"03013";"CALLE INGENIERO CANALES, 29, BA-DC";"C";"CALLE";"INGENIERO CANALES";"29, BA-DC";"jmvm@edificaz.es"; ;"P";"PENSIÓN"; ; ;"2";"4";"NCD";"NO PERTENECE A NINGUNA CADENA";"05/12/2024"; ;"SIEMPRE ABIERTO";"De Lunes a Domingo"
"CV H01050 A";"B";"BAJA";"0";"PENSIÓN";"CARTAGENA";"03";"ALACANT";"014";"ALACANT/ALICANTE";"L'ALACANTI";"03003";"CALLE PORTUGAL, 36";"C";"CALLE";"PORTUGAL";"36"; ; ;"P";"PENSIÓN";"P";"PENSIÓN";"4";"6";"NCD";"NO PERTENECE A NINGUNA CADENA";"01/03/1985";"27/06/2003";"SIEMPRE ABIERTO";"De Lunes a Domingo"
"CV H01525 A";"A";"ALTA";"4";"4 ESTRELLAS";"CASA ALBEROLA ALICANTE, CURIO COLLECTION BY HILTON";"03";"ALACANT";"014";"ALACANT/ALICANTE";"L'ALACANTI";"03001";"CALLE CANALEJAS, 1";"C";"CALLE";"CANALEJAS";"1";"info@casaalberolahotel.com";"http://casaalberolahotel.com";"H";"HOTEL"; ; ;"45";"90";"NCD";"NO PERTENECE A NINGUNA CADENA";"13/11/2019"; ;"SIEMPRE ABIERTO";"De Lunes a Domingo"
"CV H01131 A";"B";"BAJA";"2";"2 ESTRELLAS";"CASA DEL GOBERNADOR";"03";"ALACANT";"014";"ALACANT/ALICANTE";"L'ALACANTI";"03138";"CALLE ARZOLA - ISLA DE TABARCA, S/N";"C";"CALLE";"ARZOLA - ISLA DE TABARCA";"S/N";"casadelgobernador@ctv.es";"http://www.casadelgobernador.com";"H";"HOTEL";"H";"HOTEL";"14";"28";"NCD";"NO PERTENECE A NINGUNA CADENA";"27/01/1995";"18/06/2007";"SIEMPRE ABIERTO";"De Lunes a Domingo"
"CV H01747 A";"A";"ALTA"; ; ;"CASA LIAM";"03";"ALACANT";"014";"ALACANT/ALICANTE";"L'ALACANTI";"03005";"CALLE TUCUMAN, 6";"C";"CALLE";"TUCUMAN";"6";"tizirhouse@gmail.com"; ;"P";"PENSIÓN"; ; ;"2";"4";"NCD";"NO PERTENECE A NINGUNA CADENA";"23/09/2025"; ;"SIEMPRE ABIERTO";"De Lunes a Domingo"
"CV H01551 A";"A";"ALTA"; ; ;"CASA M&J";"03";"ALACANT";"014";"ALACANT/ALICANTE";"L'ALACANTI";"03004";"CALLE PINTOR VELÁZQUEZ, 18, 3º D";"C";"CALLE";"PINTOR VELÁZQUEZ";"18, 3º D";"infoherreragroup@gmail.com"; ;"P";"PENSIÓN"; ; ;"5";"10";"NCD";"NO PERTENECE A NINGUNA CADENA";"04/12/2020"; ;"SIEMPRE ABIERTO";"De Lunes a Domingo"
"CV H01536 A";"A";"ALTA"; ; ;"CASA MILA";"03";"ALACANT";"014";"ALACANT/ALICANTE";"L'ALACANTI";"03004";"CALLE JUAN DE HERRERA, 10";"C";"CALLE";"JUAN DE HERRERA";"10";"milicafoto@yahoo.it"; ;"P";"PENSIÓN"; ; ;"3";"6";"NCD";"NO PERTENECE A NINGUNA CADENA";"17/06/2020"; ;"SIEMPRE ABIERTO";"De Lunes a Domingo"
"CV H01679 A";"A";"ALTA"; ; ;"CASA MILA SV 19";"03";"ALACANT";"014";"ALACANT/ALICANTE";"L'ALACANTI";"03004";"CALLE SAN VICENTE, 19-6ºD";"C";"CALLE";"SAN VICENTE";"19-6ºD";"milicafoto@yahoo.it"; ;"P";"PENSIÓN"; ; ;"4";"8";"NCD";"NO PERTENECE A NINGUNA CADENA";"14/10/2024"; ;"SIEMPRE ABIERTO";"De Lunes a Domingo"
"CV H01720 A";"A";"ALTA"; ; ;"CASA MILA SV 19-2";"03";"ALACANT";"014";"ALACANT/ALICANTE";"L'ALACANTI";"03004";"CALLE SAN VICENTE, 19-2ºIZQ.";"C";"CALLE";"SAN VICENTE";"19-2ºIZQ.";"milicafoto@yahoo.it"; ;"P";"PENSIÓN"; ; ;"5";"9";"NCD";"NO PERTENECE A NINGUNA CADENA";"25/06/2025"; ;"SIEMPRE ABIERTO";"De Lunes a Domingo"
"CV H01549 A";"A";"ALTA"; ; ;"CASA SAMARA";"03";"ALACANT";"014";"ALACANT/ALICANTE";"L'ALACANTI";"03012";"CALLE JAZMÍN, 4";"C";"CALLE";"JAZMÍN";"4";"gde-to-kto-to@yandex.ru"; ;"P";"PENSIÓN"; ; ;"5";"12";"NCD";"NO PERTENECE A NINGUNA CADENA";"15/10/2020"; ;"SIEMPRE ABIERTO";"De Lunes a Domingo"
"CV H01578 A";"A";"ALTA"; ; ;"CASA TENIENTE DURÁN";"03";"ALACANT";"014";"ALACANT/ALICANTE";"L'ALACANTI";"03004";"CALLE TENIENTE DURÁN, 28";"C";"CALLE";"TENIENTE DURÁN";"28";"nata.26.yun@gmail.com"; ;"P";"PENSIÓN"; ; ;"8";"16";"NCD";"NO PERTENECE A NINGUNA CADENA";"17/09/2021"; ;"SIEMPRE ABIERTO";"De Lunes a Domingo"
"CV H01019 A";"B";"BAJA";"0";"PENSIÓN";"CASTAÑOS";"03";"ALACANT";"014";"ALACANT/ALICANTE";"L'ALACANTI";"03001";"CALLE CASTAÑOS,38, 003";"C";"CALLE";"CASTAÑOS,38";"003"; ; ;"P";"PENSIÓN";"P";"PENSIÓN";"10";"18";"NCD";"NO PERTENECE A NINGUNA CADENA";"18/08/1980";"28/10/1996";"SIEMPRE ABIERTO";"De Lunes a Domingo"
"CV H00961 A";"A";"ALTA";"3";"3 ESTRELLAS";"CASTILLA ALICANTE";"03";"ALACANT";"014";"ALACANT/ALICANTE";"L'ALACANTI";"03540";"AVENIDA PAISES ESCANDINAVOS (PLAYA DE SAN JUAN), 7";"AV";"AVENIDA";"PAISES ESCANDINAVOS (PLAYA DE SAN JUAN)";"7";"reservas@hcastilla.com";"http://www.alicantehotelcastilla.com";"H";"HOTEL";"H";"HOTEL";"155";"299";"NCD";"NO PERTENECE A NINGUNA CADENA";"16/07/1976"; ;"SIEMPRE ABIERTO";"De Lunes a Domingo"
"CV H00657 A";"B";"BAJA";"0";"PENSIÓN";"CATALAN";"03";"ALACANT";"014";"ALACANT/ALICANTE";"L'ALACANTI";"03003";"CALLE ALEMANIA, 15";"C";"CALLE";"ALEMANIA";"15"; ; ;"P";"PENSIÓN";"P";"PENSIÓN";"7";"14";"NCD";"NO PERTENECE A NINGUNA CADENA";"09/04/1969";"05/07/1999";"SIEMPRE ABIERTO";"De Lunes a Domingo"
"CV H00261 A";"B";"BAJA";"0";"PENSIÓN";"CATALUÑA";"03";"ALACANT";"014";"ALACANT/ALICANTE";"L'ALACANTI";"03001";"CALLE GERONA, 11";"C";"CALLE";"GERONA";"11";"hostalcatalunya@gmail.com";"http://www.alicantehostales.es";"P";"PENSIÓN"; ; ;"5";"9";"NCD";"NO PERTENECE A NINGUNA CADENA";"28/09/1962";"17/09/2019";"SIEMPRE ABIERTO";"De Lunes a Domingo"
"CV H01770 A";"A";"ALTA";"0";"PENSIÓN";"CENTRAL MARKET ACCOMMODATION";"03";"ALACANT";"014";"ALACANT/ALICANTE";"L'ALACANTI";"03004";"CALLE MANUEL ANTÓN, 17, 2A";"C";"CALLE";"MANUEL ANTÓN";"17, 2A";"hector.reale10@gmail.com"; ;"P";"PENSIÓN"; ; ;"4";"8";"NCD";"NO PERTENECE A NINGUNA CADENA";"26/11/2025"; ;"SIEMPRE ABIERTO";"De Lunes a Domingo"
"CV H01476 A";"A";"ALTA";"0";"PENSIÓN";"CENTRIC ROOMS MERCADO";"03";"ALACANT";"014";"ALACANT/ALICANTE";"L'ALACANTI";"03004";"CALLE PINTOR VELAZQUEZ, 11-ES1,2DR";"C";"CALLE";"PINTOR VELAZQUEZ";"11-ES1,2DR";"lupin476@hotmail.com"; ;"P";"PENSIÓN"; ; ;"5";"8";"NCD";"NO PERTENECE A NINGUNA CADENA";"23/04/2018"; ;"SIEMPRE ABIERTO";"De Lunes a Domingo"
"CV H01704 A";"A";"ALTA"; ; ;"CENTRUM";"03";"ALACANT";"014";"ALACANT/ALICANTE";"L'ALACANTI";"03012";"CALLE ALCALA GALIANO, 8";"C";"CALLE";"ALCALA GALIANO";"8";"info.arquium@gmail.com"; ;"P";"PENSIÓN"; ; ;"7";"14";"NCD";"NO PERTENECE A NINGUNA CADENA";"24/04/2025"; ;"SIEMPRE ABIERTO";"De Lunes a Domingo"
"CV H01694 A";"A";"ALTA"; ; ;"CENTRUM 4";"03";"ALACANT";"014";"ALACANT/ALICANTE";"L'ALACANTI";"03009";"CALLE TENIENTE LLORCA, 18";"C";"CALLE";"TENIENTE LLORCA";"18";"info.arquium@gmail.com"; ;"P";"PENSIÓN"; ; ;"8";"16";"NCD";"NO PERTENECE A NINGUNA CADENA";"20/02/2025"; ;"SIEMPRE ABIERTO";"De Lunes a Domingo"
"CV H01734 A";"B";"BAJA";"0";"PENSIÓN";"CENTRUM 6";"03";"ALACANT";"014";"ALACANT/ALICANTE";"L'ALACANTI";"03004";"CALLE GENERAL CARRATALA, 6";"C";"CALLE";"GENERAL CARRATALA";"6"; ; ;"P";"PENSIÓN"; ; ;"4";"7";"NCD";"NO PERTENECE A NINGUNA CADENA";"23/07/2025";"20/11/2025";"SIEMPRE ABIERTO";"De Lunes a Domingo"
"CV H01697 A";"A";"ALTA"; ; ;"CERDA 112";"03";"ALACANT";"014";"ALACANT/ALICANTE";"L'ALACANTI";"03009";"CALLE CERDÁ, 112";"C";"CALLE";"CERDÁ";"112";"ninofalasca@msn.com"; ;"P";"PENSIÓN"; ; ;"4";"6";"NCD";"NO PERTENECE A NINGUNA CADENA";"06/03/2025"; ;"SIEMPRE ABIERTO";"De Lunes a Domingo"
"CV H00625 A";"A";"ALTA";"2";"2 ESTRELLAS";"CERVANTES";"03";"ALACANT";"014";"ALACANT/ALICANTE";"L'ALACANTI";"03001";"CALLE MÉDICO PASCUAL PEREZ, 19";"C";"CALLE";"MÉDICO PASCUAL PEREZ";"19";"info@hotelesrc.com";"www.hotelcervantesalicante.com";"H";"HOTEL";"H";"HOTEL";"30";"42";"NCD";"NO PERTENECE A NINGUNA CADENA";"11/09/1969"; ;"SIEMPRE ABIERTO";"De Lunes a Domingo"
"CV H01502 A";"B";"BAJA";"0";"PENSIÓN";"CH HABITACIONES";"03";"ALACANT";"014";"ALACANT/ALICANTE";"L'ALACANTI";"03138";"CALLE D'ARZOLA - ISLA DE TABARCA, 3";"C";"CALLE";"D'ARZOLA - ISLA DE TABARCA";"3";"rafaelmila_2@hotmail.com"; ;"P";"PENSIÓN"; ; ;"6";"12";"NCD";"NO PERTENECE A NINGUNA CADENA";"29/05/2019";"27/11/2025";"01/04 - 31/10";"De Lunes a Domingo"
"CV H00944 A";"B";"BAJA";"0";"PENSIÓN";"CHACON";"03";"ALACANT";"014";"ALACANT/ALICANTE";"L'ALACANTI";"03002";"PLAZA SANTA FAZ, 000";"PL";"PLAZA";"SANTA FAZ";"000"; ; ;"P";"PENSIÓN";"P";"PENSIÓN";"4";"8";"NCD";"NO PERTENECE A NINGUNA CADENA";"11/06/1975";"21/10/1993";"SIEMPRE ABIERTO";"De Lunes a Domingo"
"CV H01680 A";"A";"ALTA"; ; ;"CHURRUCA 11";"03";"ALACANT";"014";"ALACANT/ALICANTE";"L'ALACANTI";"03003";"CALLE CHURRUCA, 11-ENTLO.A";"C";"CALLE";"CHURRUCA";"11-ENTLO.A";"belengonzalezalegria18@gmail.com"; ;"P";"PENSIÓN"; ; ;"6";"11";"NCD";"NO PERTENECE A NINGUNA CADENA";"24/10/2024"; ;"SIEMPRE ABIERTO";"De Lunes a Domingo"
"CV H01650 A";"A";"ALTA"; ; ;"COLLECTION ALICANTE";"03";"ALACANT";"014";"ALACANT/ALICANTE";"L'ALACANTI";"03003";"CALLE PORTUGAL, 13 BAJO";"C";"CALLE";"PORTUGAL";"13 BAJO";"info@bedandbreakfastalicante.com";"https://www.bedandbreakfastalicante.com";"P";"PENSIÓN"; ; ;"9";"17";"NCD";"NO PERTENECE A NINGUNA CADENA";"04/03/2024"; ;"SIEMPRE ABIERTO";"De Lunes a Domingo"
"CV H01513 A";"A";"ALTA"; ; ;"COLLECTION B&B";"03";"ALACANT";"014";"ALACANT/ALICANTE";"L'ALACANTI";"03004";"CALLE CALDERÓN DE LA BARCA, 35, 1";"C";"CALLE";"CALDERÓN DE LA BARCA";"35, 1";"info@bedandbreakfastalicante.com";"http://bedandbreakfastalicante.com";"P";"PENSIÓN"; ; ;"4";"9";"NCD";"NO PERTENECE A NINGUNA CADENA";"13/08/2019"; ;"SIEMPRE ABIERTO";"De Lunes a Domingo"
"CV H01757 A";"A";"ALTA";"0";"PENSIÓN";"COMFORT";"03";"ALACANT";"014";"ALACANT/ALICANTE";"L'ALACANTI";"03012";"CALLE DOCTOR BERGUEZ, 17";"C";"CALLE";"DOCTOR BERGUEZ";"17";"info.arquium@gmail.com"; ;"P";"PENSIÓN"; ; ;"19";"38";"NCD";"NO PERTENECE A NINGUNA CADENA";"04/11/2025"; ;"SIEMPRE ABIERTO";"De Lunes a Domingo"
"CV H01668 A";"A";"ALTA";"0";"PENSIÓN";"COSTABLANCA ROOMS";"03";"ALACANT";"014";"ALACANT/ALICANTE";"L'ALACANTI";"03003";"AVENIDA SALAMANCA, 4";"AV";"AVENIDA";"SALAMANCA";"4";"montiellledoasesores@consultor.com"; ;"P";"PENSIÓN"; ; ;"4";"8";"NCD";"NO PERTENECE A NINGUNA CADENA";"16/07/2024"; ;"SIEMPRE ABIERTO";"De Lunes a Domingo"
"CV H00750 A";"B";"BAJA";"2";"2 ESTRELLAS";"COVADONGA";"03";"ALACANT";"014";"ALACANT/ALICANTE";"L'ALACANTI";"03004";"PLAZA PLAZA DE LOS LUCEROS, 17";"PL";"PLAZA";"PLAZA DE LOS LUCEROS";"17"; ; ;"H";"HOTEL";"H";"HOTEL";"83";"151";"HUS";"GRUPO HUSA";"29/10/1970";"11/05/2005";"SIEMPRE ABIERTO";"De Lunes a Domingo"
"CV H00921 A";"A";"ALTA";"3";"3 ESTRELLAS";"DANIYA ALICANTE";"03";"ALACANT";"014";"ALACANT/ALICANTE";"L'ALACANTI";"03015";"AVENIDA DE DENIA, 133";"AV";"AVENIDA";"DE DENIA";"133";"info@alicante.daniyahotels.es";"http://www.daniyahotels.com";"H";"HOTEL";"H";"HOTEL";"134";"268";"NCD";"NO PERTENECE A NINGUNA CADENA";"21/10/1974"; ;"SIEMPRE ABIERTO";"De Lunes a Domingo"
"CV H01278 A";"A";"ALTA";"4";"4 ESTRELLAS";"DDC DORMIRDCINE ALICANTE";"03";"ALACANT";"014";"ALACANT/ALICANTE";"L'ALACANTI";"03002";"CALLE GRAVINA, 5";"C";"CALLE";"GRAVINA";"5";"alicante@ddchoteles.com";"http://www.dormirdcine.com";"H";"HOTEL";"H";"HOTEL";"57";"114";"NCD";"NO PERTENECE A NINGUNA CADENA";"07/08/2003"; ;"SIEMPRE ABIERTO";"De Lunes a Domingo"
"CV H01379 A";"B";"BAJA";"0";"PENSIÓN";"DE SAL";"03";"ALACANT";"014";"ALACANT/ALICANTE";"L'ALACANTI";"03002";"CALLE CARMEN, 9";"C";"CALLE";"CARMEN";"9";"info@boutiquehoteldesal.com";"http://www.boutiquehoteldesal.com/";"P";"PENSIÓN";"P";"PENSIÓN";"15";"36";"NCD";"NO PERTENECE A NINGUNA CADENA";"11/02/2010";"12/04/2012";"SIEMPRE ABIERTO";"De Lunes a Domingo"
"CV H01701 A";"A";"ALTA"; ; ;"DESHORAS ROOMS";"03";"ALACANT";"014";"ALACANT/ALICANTE";"L'ALACANTI";"03010";"AVENIDA CONDE LUMIARES, 34";"AV";"AVENIDA";"CONDE LUMIARES";"34";"rafa@deshoras.com"; ;"P";"PENSIÓN"; ; ;"4";"8";"NCD";"NO PERTENECE A NINGUNA CADENA";"10/04/2025"; ;"SIEMPRE ABIERTO";"De Lunes a Domingo"
"CV H01350 A";"B";"BAJA";"0";"PENSIÓN";"DIABOLO";"03";"ALACANT";"014";"ALACANT/ALICANTE";"L'ALACANTI";"03001";"CALLE VIRGEN DE LOS DESAMPARADOS, 4";"C";"CALLE";"VIRGEN DE LOS DESAMPARADOS";"4"; ; ;"P";"PENSIÓN";"P";"PENSIÓN";"5";"8";"NCD";"NO PERTENECE A NINGUNA CADENA";"13/03/2008";"23/02/2016";"SIEMPRE ABIERTO";"De Lunes a Domingo"
"CV H01641 A";"A";"ALTA"; ; ;"DOCTOR BUADES 59";"03";"ALACANT";"014";"ALACANT/ALICANTE";"L'ALACANTI";"03012";"CALLE DOCTOR BUADES, 59";"C";"CALLE";"DOCTOR BUADES";"59"; ; ;"P";"PENSIÓN"; ; ;"16";"28";"NCD";"NO PERTENECE A NINGUNA CADENA";"26/10/2023"; ;"SIEMPRE ABIERTO";"De Lunes a Domingo"
"CV H01768 A";"A";"ALTA";"0";"PENSIÓN";"DONATELLA GUESTHOUSE";"03";"ALACANT";"014";"ALACANT/ALICANTE";"L'ALACANTI";"03004";"CALLE SAN VICENTE, 19-4ºD";"C";"CALLE";"SAN VICENTE";"19-4ºD"; ; ;"P";"PENSIÓN"; ; ;"4";"8";"NCD";"NO PERTENECE A NINGUNA CADENA";"13/11/2025"; ;"SIEMPRE ABIERTO";"De Lunes a Domingo"
"CV H01640 A";"A";"ALTA"; ; ;"DORINDA ROOMS";"03";"ALACANT";"014";"ALACANT/ALICANTE";"L'ALACANTI";"03002";"CALLE MIGUEL SOLER, 10 PISO 2º";"C";"CALLE";"MIGUEL SOLER";"10 PISO 2º";"dorindarooms@hotmail.com"; ;"P";"PENSIÓN"; ; ;"5";"9";"NCD";"NO PERTENECE A NINGUNA CADENA";"27/10/2023"; ;"SIEMPRE ABIERTO";"De Lunes a Domingo"
"CV H01783 A";"A";"ALTA";"1";"1 ESTRELLA";"DOZZZE JULIETA";"03";"ALACANT";"014";"ALACANT/ALICANTE";"L'ALACANTI";"03007";"CALLE ASTRÓNOMO COMAS SOLA, 2 LOCAL1";"C";"CALLE";"ASTRÓNOMO COMAS SOLA";"2 LOCAL1";"carlosofi365@gmail.com"; ;"H";"HOTEL";"HA";"HOTEL-APARTAMENTO";"14";"42";"NCD";"NO PERTENECE A NINGUNA CADENA";"02/03/2026"; ;"SIEMPRE ABIERTO";"De Lunes a Domingo"
"CV H01730 A";"A";"ALTA";"1";"1 ESTRELLA";"DOZZZE ROMEO";"03";"ALACANT";"014";"ALACANT/ALICANTE";"L'ALACANTI";"03010";"CALLE ALMORADÍ, 18-LC.2";"C";"CALLE";"ALMORADÍ";"18-LC.2"; ; ;"H";"HOTEL";"HA";"HOTEL-APARTAMENTO";"10";"22";"NCD";"NO PERTENECE A NINGUNA CADENA";"04/07/2025"; ;"SIEMPRE ABIERTO";"De Lunes a Domingo"
"CV H00524 A";"B";"BAJA";"2";"2 ESTRELLAS";"EL CABO";"03";"ALACANT";"014";"ALACANT/ALICANTE";"L'ALACANTI";"03540";"CALLE LOS CORALES, 2";"C";"CALLE";"LOS CORALES";"2"; ; ;"H";"HOTEL";"H";"HOTEL";"30";"48";"NCD";"NO PERTENECE A NINGUNA CADENA";"13/06/1966";"27/10/2000";"SIEMPRE ABIERTO";"De Lunes a Domingo"
"CV H01008 A";"B";"BAJA";"2";"2 ESTRELLAS";"EL CASTILLO";"03";"ALACANT";"014";"ALACANT/ALICANTE";"L'ALACANTI";"03113";"PARTIDA REBOLLEDO, S.N";"PD";"PARTIDA";"REBOLLEDO";"S.N"; ; ;"HS";"HOSTAL";"SR";"HOSTAL-RESIDENCIA";"17";"34";"NCD";"NO PERTENECE A NINGUNA CADENA";"19/02/1980";"30/10/1996";"SIEMPRE ABIERTO";"De Lunes a Domingo"
"CV H01622 A";"A";"ALTA"; ; ;"EL CUATRO";"03";"ALACANT";"014";"ALACANT/ALICANTE";"L'ALACANTI";"03004";"CALLE BERENGUER DE MARQUINA, ENTRESUELO IZQUIERDA, 22";"C";"CALLE";"BERENGUER DE MARQUINA, ENTRESUELO IZQUIERDA";"22";"valeriizinkov@gmail.com"; ;"P";"PENSIÓN"; ; ;"4";"8";"NCD";"NO PERTENECE A NINGUNA CADENA";"21/06/2023"; ;"SIEMPRE ABIERTO";"De Lunes a Domingo"
"CV H01492 A";"A";"ALTA"; ; ;"EL DORADO";"03";"ALACANT";"014";"ALACANT/ALICANTE";"L'ALACANTI";"03004";"CALLE CALDERÓN DE LA BARCA, 24-ENTLO.";"C";"CALLE";"CALDERÓN DE LA BARCA";"24-ENTLO.";"inizzia.alicante@gmail.com"; ;"P";"PENSIÓN"; ; ;"3";"10";"NCD";"NO PERTENECE A NINGUNA CADENA";"07/02/2019"; ;"SIEMPRE ABIERTO";"De Lunes a Domingo"
"CV H01422 A";"B";"BAJA";"0";"PENSIÓN";"EL HITO";"03";"ALACANT";"014";"ALACANT/ALICANTE";"L'ALACANTI";"03015";"AVENIDA ANTONIO RAMOS CARRATALÁ, 12";"AV";"AVENIDA";"ANTONIO RAMOS CARRATALÁ";"12"; ; ;"P";"PENSIÓN";"P";"PENSIÓN";"8";"16";"NCD";"NO PERTENECE A NINGUNA CADENA";"23/04/2015";"14/04/2016";"SIEMPRE ABIERTO";"De Lunes a Domingo"
"CV H01061 A";"B";"BAJA";"0";"PENSIÓN";"EL HOGAR";"03";"ALACANT";"014";"ALACANT/ALICANTE";"L'ALACANTI";"03016";"CALLE VISTAHERMOSA PDA. ORGEGIA, 000";"C";"CALLE";"VISTAHERMOSA PDA. ORGEGIA";"000"; ; ;"P";"PENSIÓN";"P";"PENSIÓN";"6";"12";"NCD";"NO PERTENECE A NINGUNA CADENA";"24/09/1984";"12/11/1992";"SIEMPRE ABIERTO";"De Lunes a Domingo"
"CV H00423 A";"B";"BAJA";"0";"PENSIÓN";"EL MAR";"03";"ALACANT";"014";"ALACANT/ALICANTE";"L'ALACANTI";"03002";"CALLE JORGE JUAN, 23";"C";"CALLE";"JORGE JUAN";"23"; ; ;"P";"PENSIÓN";"P";"PENSIÓN";"8";"14";"NCD";"NO PERTENECE A NINGUNA CADENA";"06/07/1964";"30/09/2010";"SIEMPRE ABIERTO";"De Lunes a Domingo"
"CV H01744 A";"A";"ALTA";"1";"1 ESTRELLA";"EL MIRADOR ALICANTE";"03";"ALACANT";"014";"ALACANT/ALICANTE";"L'ALACANTI";"03002";"CALLE JOVELLANOS, 1";"C";"CALLE";"JOVELLANOS";"1"; ; ;"H";"HOTEL";"H";"HOTEL";"13";"26";"NCD";"NO PERTENECE A NINGUNA CADENA";"16/06/2025"; ;"SIEMPRE ABIERTO";"De Lunes a Domingo"
"CV H01477 A";"A";"ALTA"; ; ;"EL PARAISO";"03";"ALACANT";"014";"ALACANT/ALICANTE";"L'ALACANTI";"03016";"AVENIDA ALBUFERETA, 85-87";"AV";"AVENIDA";"ALBUFERETA";"85-87";"info.hostalparaiso@gmail.com"; ;"HS";"HOSTAL"; ; ;"17";"32";"NCD";"NO PERTENECE A NINGUNA CADENA";"22/05/2018"; ;"SIEMPRE ABIERTO";"De Lunes a Domingo"
"CV H01591 A";"A";"ALTA"; ; ;"EL PATIO";"03";"ALACANT";"014";"ALACANT/ALICANTE";"L'ALACANTI";"03013";"CALLE INDALECIO PRIETO, 1-1ºA";"C";"CALLE";"INDALECIO PRIETO";"1-1ºA";"finance@elpatioalicante.com";"http://elpatioalicante.es";"HS";"HOSTAL"; ; ;"15";"30";"NCD";"NO PERTENECE A NINGUNA CADENA";"25/05/2022"; ;"SIEMPRE ABIERTO";"De Lunes a Domingo"
"CV H01751 A";"A";"ALTA";"0";"PENSIÓN";"EL PATIO B";"03";"ALACANT";"014";"ALACANT/ALICANTE";"L'ALACANTI";"03013";"CALLE INDALECIO PRIETO, 1-1ºB";"C";"CALLE";"INDALECIO PRIETO";"1-1ºB";"elpatiohostal2022@gmail.com"; ;"HS";"HOSTAL"; ; ;"15";"30";"NCD";"NO PERTENECE A NINGUNA CADENA";"30/09/2025"; ;"SIEMPRE ABIERTO";"De Lunes a Domingo"
"CV H01771 A";"A";"ALTA";"0";"PENSIÓN";"EMMI GUESTHOUSE";"03";"ALACANT";"014";"ALACANT/ALICANTE";"L'ALACANTI";"03004";"CALLE MANUEL ANTON, 17, 1B";"C";"CALLE";"MANUEL ANTON";"17, 1B";"peppe.marinelli84@gmail.com"; ;"P";"PENSIÓN"; ; ;"4";"8";"NCD";"NO PERTENECE A NINGUNA CADENA";"12/12/2025"; ;"SIEMPRE ABIERTO";"De Lunes a Domingo"
"CV H00977 A";"A";"ALTA";"2";"2 ESTRELLAS";"ESTUDIOTEL ALICANTE";"03";"ALACANT";"014";"ALACANT/ALICANTE";"L'ALACANTI";"03003";"CALLE POETA VILA Y BLANCO, 4";"C";"CALLE";"POETA VILA Y BLANCO";"4";"hotel@estudiotelalicante.es";"www.estudiotelalicante.es";"HS";"HOSTAL";"HS";"HOSTAL";"41";"78";"NCD";"NO PERTENECE A NINGUNA CADENA";"11/01/1977"; ;"SIEMPRE ABIERTO";"De Lunes a Domingo"
"CV H00521 A";"A";"ALTA";"4";"4 ESTRELLAS";"EUROSTARS CENTRUM ALICANTE";"03";"ALACANT";"014";"ALACANT/ALICANTE";"L'ALACANTI";"03003";"CALLE PINTOR LORENZO CASANOVA, 33-35";"C";"CALLE";"PINTOR LORENZO CASANOVA";"33-35";"info@eurostarscentrumalicante.com";"https://www.eurostarshotels.com";"H";"HOTEL";"H";"HOTEL";"148";"291";"EUR";"EUROSTARS";"02/05/1966"; ;"SIEMPRE ABIERTO";"De Lunes a Domingo"
"CV H01331 A";"A";"ALTA";"4";"4 ESTRELLAS";"EUROSTARS LUCENTUM";"03";"ALACANT";"014";"ALACANT/ALICANTE";"L'ALACANTI";"03004";"AVENIDA ALFONSO X EL SABIO, 11";"AV";"AVENIDA";"ALFONSO X EL SABIO";"11";"direccion@eurostarslucentum.com";"http://www.eurostarslucentum.com";"H";"HOTEL";"H";"HOTEL";"169";"331";"EUR";"EUROSTARS";"30/11/2006"; ;"SIEMPRE ABIERTO";"De Lunes a Domingo"
"CV H01212 A";"A";"ALTA";"4";"4 ESTRELLAS";"EUROSTARS MEDITERRÁNEA PLAZA";"03";"ALACANT";"014";"ALACANT/ALICANTE";"L'ALACANTI";"03002";"PLAZA AYUNTAMIENTO, 6";"PL";"PLAZA";"AYUNTAMIENTO";"6";"info@eurostarsmediterraneaplaza.com";"http://www.eurostarsmediterraneaplaza.com";"H";"HOTEL";"H";"HOTEL";"49";"93";"EUR";"EUROSTARS";"23/03/2001"; ;"SIEMPRE ABIERTO";"De Lunes a Domingo"
"CV H01606 A";"A";"ALTA";"5";"5 ESTRELLAS";"EUROSTARS PORTICO ALICANTE";"03";"ALACANT";"014";"ALACANT/ALICANTE";"L'ALACANTI";"03002";"CALLE RAFAEL ALTAMIRA, 19";"C";"CALLE";"RAFAEL ALTAMIRA";"19";"reservas@eurostarsporticoalicante.com";"http://eurostarsporticoalicante.com";"H";"HOTEL";"H";"HOTEL";"50";"106";"NCD";"NO PERTENECE A NINGUNA CADENA";"23/08/2022"; ;"SIEMPRE ABIERTO";"De Lunes a Domingo"
"CV H01378 A";"A";"ALTA";"3";"3 ESTRELLAS";"EXPLANADA HOTEL";"03";"ALACANT";"014";"ALACANT/ALICANTE";"L'ALACANTI";"03002";"CALLE SAN FERNANDO, 18";"C";"CALLE";"SAN FERNANDO";"18";"clientes@explanadahotel.com";"http://www.explanadahotel.com";"H";"HOTEL";"H";"HOTEL";"26";"35";"NCD";"NO PERTENECE A NINGUNA CADENA";"25/02/2010"; ;"SIEMPRE ABIERTO";"De Lunes a Domingo"
"CV H00397 A";"B";"BAJA";"0";"PENSIÓN";"FAJARDO";"03";"ALACANT";"014";"ALACANT/ALICANTE";"L'ALACANTI";"03001";"CALLE SAN FERNANDO, 48";"C";"CALLE";"SAN FERNANDO";"48";"nasseron@gmail.com"; ;"P";"PENSIÓN";"P";"PENSIÓN";"5";"9";"NCD";"NO PERTENECE A NINGUNA CADENA";"19/05/1988";"15/07/2020";"SIEMPRE ABIERTO";"De Lunes a Domingo"
"CV H01610 A";"A";"ALTA"; ; ;"GAGIK";"03";"ALACANT";"014";"ALACANT/ALICANTE";"L'ALACANTI";"03003";"AVENIDA MAISONAVE, 13";"AV";"AVENIDA";"MAISONAVE";"13";"ripegi2001@yahoo.es"; ;"P";"PENSIÓN"; ; ;"5";"10";"NCD";"NO PERTENECE A NINGUNA CADENA";"16/11/2022"; ;"SIEMPRE ABIERTO";"De Lunes a Domingo"
"CV H00892 A";"B";"BAJA";"0";"PENSIÓN";"GALICIA";"03";"ALACANT";"014";"ALACANT/ALICANTE";"L'ALACANTI";"03003";"CALLE ARQUITECTO MORELL, 1";"C";"CALLE";"ARQUITECTO MORELL";"1";"hostal.galicia.en.alicante@hotmail.com";"www.pensiongalicia.es";"P";"PENSIÓN";"P";"PENSIÓN";"13";"22";"NCD";"NO PERTENECE A NINGUNA CADENA";"19/10/1973";"02/11/2017";"SIEMPRE ABIERTO";"De Lunes a Domingo"
"CV H01682 A";"A";"ALTA"; ; ;"GARDELA ROOMS";"03";"ALACANT";"014";"ALACANT/ALICANTE";"L'ALACANTI";"03004";"PLAZA MUSICO OSCAR TORDERA IÑESTA, 2, 2º DCHA";"PL";"PLAZA";"MUSICO OSCAR TORDERA IÑESTA";"2, 2º DCHA";"gardelarooms@gmail.com"; ;"P";"PENSIÓN"; ; ;"4";"7";"NCD";"NO PERTENECE A NINGUNA CADENA";"29/11/2024"; ;"SIEMPRE ABIERTO";"De Lunes a Domingo"
"CV H01389 A";"A";"ALTA";"0";"PENSIÓN";"GEMELOS";"03";"ALACANT";"014";"ALACANT/ALICANTE";"L'ALACANTI";"03001";"CALLE SAN FRANCISCO, 12-1º";"C";"CALLE";"SAN FRANCISCO";"12-1º"; ;"www.pensiongemelos.com";"P";"PENSIÓN";"P";"PENSIÓN";"10";"17";"NCD";"NO PERTENECE A NINGUNA CADENA";"13/12/2010"; ;"SIEMPRE ABIERTO";"De Lunes a Domingo"
"CV H01745 A";"A";"ALTA"; ; ;"GEOKA";"03";"ALACANT";"014";"ALACANT/ALICANTE";"L'ALACANTI";"03013";"CALLE DATO IRADIER, 15";"C";"CALLE";"DATO IRADIER";"15";"mag237281@gmail.com"; ;"P";"PENSIÓN"; ; ;"10";"18";"NCD";"NO PERTENECE A NINGUNA CADENA";"09/09/2025"; ;"SIEMPRE ABIERTO";"De Lunes a Domingo"
"CV H00843 A";"B";"BAJA";"0";"PENSIÓN";"GERONA";"03";"ALACANT";"014";"ALACANT/ALICANTE";"L'ALACANTI";"03001";"CALLE GERONA, 25";"C";"CALLE";"GERONA";"25"; ; ;"P";"PENSIÓN";"P";"PENSIÓN";"4";"5";"NCD";"NO PERTENECE A NINGUNA CADENA";"22/08/1972";"05/05/2000";"SIEMPRE ABIERTO";"De Lunes a Domingo"
"CV H01716 A";"A";"ALTA";"2";"2 ESTRELLAS";"GOLONDRINAS DE ALICANTE";"03";"ALACANT";"014";"ALACANT/ALICANTE";"L'ALACANTI";"03005";"CALLE CARMEN TATO, 15";"C";"CALLE";"CARMEN TATO";"15";"avila1177@hotmail.com"; ;"H";"HOTEL";"HA";"HOTEL-APARTAMENTO";"4";"16";"NCD";"NO PERTENECE A NINGUNA CADENA";"09/06/2025"; ;"SIEMPRE ABIERTO";"De Lunes a Domingo"
"CV H01611 A";"A";"ALTA"; ; ;"GRAN NOTCH";"03";"ALACANT";"014";"ALACANT/ALICANTE";"L'ALACANTI";"03012";"CALLE DOCTOR BERGEZ, 21";"C";"CALLE";"DOCTOR BERGEZ";"21";"alicante24x@gmail.com";"https://www.grannotch.com";"HS";"HOSTAL"; ; ;"6";"12";"NCD";"NO PERTENECE A NINGUNA CADENA";"13/12/2022"; ;"SIEMPRE ABIERTO";"De Lunes a Domingo"
"CV H01777 A";"A";"ALTA";"2";"2 ESTRELLAS";"GRAN VIA URBAN SUITES";"03";"ALACANT";"014";"ALACANT/ALICANTE";"L'ALACANTI";"03015";"CALLE GRANJA ROCAMORA, 4";"C";"CALLE";"GRANJA ROCAMORA";"4";"administracion@renthas.com"; ;"H";"HOTEL";"H";"HOTEL";"15";"60";"NCD";"NO PERTENECE A NINGUNA CADENA";"28/01/2026"; ;"SIEMPRE ABIERTO";"De Lunes a Domingo"
"CV H01282 A";"A";"ALTA";"0";"PENSIÓN";"GUEST HOUSE";"03";"ALACANT";"014";"ALACANT/ALICANTE";"L'ALACANTI";"03004";"CALLE SEGURA, 20";"C";"CALLE";"SEGURA";"20";"roomstourist@hotmail.com";"http://www.guesthousealicante.com";"P";"PENSIÓN";"P";"PENSIÓN";"8";"16";"NCD";"NO PERTENECE A NINGUNA CADENA";"24/10/2003"; ;"SIEMPRE ABIERTO";"De Lunes a Domingo"
"CV H01167 A";"A";"ALTA";"0";"PENSIÓN";"GUESTHOUSE CENTRAL";"03";"ALACANT";"014";"ALACANT/ALICANTE";"L'ALACANTI";"03003";"CALLE PINTOR APARICIO, 27";"C";"CALLE";"PINTOR APARICIO";"27";"tranmari@hotmail.com"; ;"P";"PENSIÓN";"P";"PENSIÓN";"9";"17";"NCD";"NO PERTENECE A NINGUNA CADENA";"11/08/1997"; ;"SIEMPRE ABIERTO";"De Lunes a Domingo"
"CV H01197 A";"B";"BAJA";"0";"PENSIÓN";"H3 ALICANTE";"03";"ALACANT";"014";"ALACANT/ALICANTE";"L'ALACANTI";"03006";"CARRETERA OCAÑA, 86";"CR";"CARRETERA";"OCAÑA";"86";"info@h3hotel.com";"http://www.h3hotel.com";"P";"PENSIÓN";"P";"PENSIÓN";"89";"178";"ACC";"ACCOR HOTELES ESPAÑA";"05/01/2000";"18/09/2015";"SIEMPRE ABIERTO";"De Lunes a Domingo"
"CV H01448 A";"A";"ALTA"; ; ;"HABITACIONES AMELIA";"03";"ALACANT";"014";"ALACANT/ALICANTE";"L'ALACANTI";"03002";"CALLE MIGUEL SOLER, 10-3º";"C";"CALLE";"MIGUEL SOLER";"10-3º";"ameliahabitaciones@hotmail.com";"habitacionesamelia.com";"P";"PENSIÓN"; ; ;"9";"17";"NCD";"NO PERTENECE A NINGUNA CADENA";"28/07/2016"; ;"SIEMPRE ABIERTO";"De Lunes a Domingo"
"CV H01782 A";"A";"ALTA";"0";"PENSIÓN";"HANI";"03";"ALACANT";"014";"ALACANT/ALICANTE";"L'ALACANTI";"03004";"CALLE PADRE MARIANA, 5,ENTLO.DC";"C";"CALLE";"PADRE MARIANA";"5,ENTLO.DC";"davidhani903@gmail.com"; ;"P";"PENSIÓN"; ; ;"4";"8";"NCD";"NO PERTENECE A NINGUNA CADENA";"25/01/2026"; ;"SIEMPRE ABIERTO";"De Lunes a Domingo"
"CV H01773 A";"A";"ALTA";"1";"1 ESTRELLA";"HAPPY LIFE";"03";"ALACANT";"014";"ALACANT/ALICANTE";"L'ALACANTI";"03004";"CALLE TRAFALGAR, 57";"C";"CALLE";"TRAFALGAR";"57"; ; ;"H";"HOTEL";"HA";"HOTEL-APARTAMENTO";"5";"10";"NCD";"NO PERTENECE A NINGUNA CADENA";"17/12/2025"; ;"SIEMPRE ABIERTO";"De Lunes a Domingo"
"CV H01058 A";"B";"BAJA";"0";"PENSIÓN";"HASSAN";"03";"ALACANT";"014";"ALACANT/ALICANTE";"L'ALACANTI";"03001";"CALLE CASTAÑOS,40- 4 DCHA., 004";"C";"CALLE";"CASTAÑOS,40- 4 DCHA.";"004"; ; ;"P";"PENSIÓN";"P";"PENSIÓN";"5";"11";"NCD";"NO PERTENECE A NINGUNA CADENA";"03/03/1986";"10/11/1997";"SIEMPRE ABIERTO";"De Lunes a Domingo"
"CV H01490 A";"A";"ALTA"; ; ;"HEAVEN SEA BY INGA";"03";"ALACANT";"014";"ALACANT/ALICANTE";"L'ALACANTI";"03003";"CALLE AB EL HAMET, 7 - 1º C";"C";"CALLE";"AB EL HAMET";"7 - 1º C";"inga72199@gmail.com"; ;"P";"PENSIÓN"; ; ;"6";"12";"NCD";"NO PERTENECE A NINGUNA CADENA";"06/02/2019"; ;"SIEMPRE ABIERTO";"De Lunes a Domingo"
"CV H01483 A";"A";"ALTA"; ; ;"HOLA PENSION ALICANTE";"03";"ALACANT";"014";"ALACANT/ALICANTE";"L'ALACANTI";"03002";"CALLE GENERAL PRIMO DE RIVERA, 10-2ºA";"C";"CALLE";"GENERAL PRIMO DE RIVERA";"10-2ºA";"palienko@point-to-point.com.ua"; ;"P";"PENSIÓN"; ; ;"5";"6";"NCD";"NO PERTENECE A NINGUNA CADENA";"03/10/2018"; ;"SIEMPRE ABIERTO";"De Lunes a Domingo"
"CV H01300 A";"A";"ALTA";"5";"5 ESTRELLAS";"HOSPES AMÉRIGO";"03";"ALACANT";"014";"ALACANT/ALICANTE";"L'ALACANTI";"03002";"CALLE RAFAEL ALTAMIRA, 7";"C";"CALLE";"RAFAEL ALTAMIRA";"7";"amerigo@hospes.es";"http://www.fuenso.com/";"H";"HOTEL";"H";"HOTEL";"80";"162";"NCD";"NO PERTENECE A NINGUNA CADENA";"05/08/2004"; ;"SIEMPRE ABIERTO";"De Lunes a Domingo"
"CV H01693 A";"A";"ALTA";"0";"PENSIÓN";"HOSPITAL";"03";"ALACANT";"014";"ALACANT/ALICANTE";"L'ALACANTI";"03010";"CALLE AAIUN, 19  ESC A";"C";"CALLE";"AAIUN";"19  ESC A";"dr.abdallah.belarbi@gmail.com"; ;"HS";"HOSTAL"; ; ;"5";"10";"NCD";"NO PERTENECE A NINGUNA CADENA";"14/02/2025"; ;"SIEMPRE ABIERTO";"De Lunes a Domingo"
"CV H01604 A";"B";"BAJA";"0";"PENSIÓN";"HOST ME LOFT";"03";"ALACANT";"014";"ALACANT/ALICANTE";"L'ALACANTI";"03004";"PLAZA DE LA MISERICORDIA, 12";"PL";"PLAZA";"DE LA MISERICORDIA";"12";"correo@aserr.es"; ;"P";"PENSIÓN"; ; ;"1";"2";"NCD";"NO PERTENECE A NINGUNA CADENA";"04/08/2022";"19/07/2023";"SIEMPRE ABIERTO";"De Lunes a Domingo"
"CV H01538 A";"A";"ALTA"; ; ;"HOSTAL VIL5";"03";"ALACANT";"014";"ALACANT/ALICANTE";"L'ALACANTI";"03002";"CALLE VILLAVIEJA, 5";"C";"CALLE";"VILLAVIEJA";"5";"administracion@bealicante.com"; ;"HS";"HOSTAL"; ; ;"6";"12";"NCD";"NO PERTENECE A NINGUNA CADENA";"30/06/2020"; ;"SIEMPRE ABIERTO";"De Lunes a Domingo"
"CV H01199 A";"A";"ALTA";"3";"3 ESTRELLAS";"HOTEL B&B ALICANTE";"03";"ALACANT";"014";"ALACANT/ALICANTE";"L'ALACANTI";"03008";"AVENIDA DE ELCHE, 112";"AV";"AVENIDA";"DE ELCHE";"112";"hotel.alicante@hotelbb.com";"http://www.hotel-bb.es";"H";"HOTEL";"H";"HOTEL";"120";"240";"B&B";"B&B HOTELS";"23/03/2000"; ;"SIEMPRE ABIERTO";"De Lunes a Domingo"
"CV H01261 A";"A";"ALTA";"0";"PENSIÓN";"IBIS BUDGET ALICANTE";"03";"ALACANT";"014";"ALACANT/ALICANTE";"L'ALACANTI";"03008";"AVENIDA ELCHE, 114";"AV";"AVENIDA";"ELCHE";"114"; ;"www.ibis.com";"P";"PENSIÓN";"P";"PENSIÓN";"79";"158";"ACC";"ACCOR HOTELES ESPAÑA";"21/01/2003"; ;"SIEMPRE ABIERTO";"De Lunes a Domingo"
"CV H01260 A";"A";"ALTA";"1";"1 ESTRELLA";"IBIS HOTEL ALICANTE";"03";"ALACANT";"014";"ALACANT/ALICANTE";"L'ALACANTI";"03008";"AVENIDA DE ELCHE, 114";"AV";"AVENIDA";"DE ELCHE";"114";"h3200@accor.com";"www.ibis.com";"H";"HOTEL";"H";"HOTEL";"79";"158";"ACC";"ACCOR HOTELES ESPAÑA";"21/01/2003"; ;"SIEMPRE ABIERTO";"De Lunes a Domingo"
"CV H01440 A";"A";"ALTA";"3";"3 ESTRELLAS";"ISLA PLANA";"03";"ALACANT";"014";"ALACANT/ALICANTE";"L'ALACANTI";"03138";"CALLE ARZOLA, 10";"C";"CALLE";"ARZOLA";"10"; ;"http://www.facebook.com/hotelislaplanatabarca";"H";"HOTEL";"H";"HOTEL";"12";"28";"NCD";"NO PERTENECE A NINGUNA CADENA";"04/07/2016"; ;"SIEMPRE ABIERTO";"De Lunes a Domingo"
"CV H01501 A";"A";"ALTA"; ; ;"ISLATALISMAN";"03";"ALACANT";"014";"ALACANT/ALICANTE";"L'ALACANTI";"03138";"CALLE PASCUAL ROS AGUILAR, 14, ISLA DE TABARCA";"C";"CALLE";"PASCUAL ROS AGUILAR, 14, ISLA DE TABARCA"; ;"info@calatabarca.com";"https://www.calatabarca.com";"P";"PENSIÓN"; ; ;"6";"14";"NCD";"NO PERTENECE A NINGUNA CADENA";"29/05/2019"; ;"SIEMPRE ABIERTO";"De Lunes a Domingo"
"CV H01508 A";"A";"ALTA"; ; ;"JIREH";"03";"ALACANT";"014";"ALACANT/ALICANTE";"L'ALACANTI";"03015";"CALLE MAESTRO ALONSO, 71";"C";"CALLE";"MAESTRO ALONSO";"71";"hostaljireh2017@gmail.com"; ;"HS";"HOSTAL"; ; ;"9";"17";"NCD";"NO PERTENECE A NINGUNA CADENA";"30/07/2019"; ;"SIEMPRE ABIERTO";"De Lunes a Domingo"
"CV H01691 A";"A";"ALTA";"2";"2 ESTRELLAS";"JOME STAYS";"03";"ALACANT";"014";"ALACANT/ALICANTE";"L'ALACANTI";"03004";"CALLE MAESTRO GAZTAMBIDE, 5";"C";"CALLE";"MAESTRO GAZTAMBIDE";"5";"hello@jomestays.com";"www.jomestays.com";"H";"HOTEL";"HA";"HOTEL-APARTAMENTO";"9";"18";"NCD";"NO PERTENECE A NINGUNA CADENA";"21/01/2025"; ;"SIEMPRE ABIERTO";"De Lunes a Domingo"
"CV H01732 A";"A";"ALTA"; ; ;"KOALA ROOMS ESTACIÓN";"03";"ALACANT";"014";"ALACANT/ALICANTE";"L'ALACANTI";"03005";"CALLE DOCTOR SANTAOLALLA, 7";"C";"CALLE";"DOCTOR SANTAOLALLA";"7";"rubencampoy@gmail.com"; ;"P";"PENSIÓN"; ; ;"11";"22";"NCD";"NO PERTENECE A NINGUNA CADENA";"21/07/2025"; ;"SIEMPRE ABIERTO";"De Lunes a Domingo"
"CV H01639 A";"A";"ALTA"; ; ;"KOALA ROOMS MERCADO";"03";"ALACANT";"014";"ALACANT/ALICANTE";"L'ALACANTI";"03004";"CALLE MANUEL ANTÓN, 10";"C";"CALLE";"MANUEL ANTÓN";"10";"rubencampoy@gmail.com"; ;"P";"PENSIÓN"; ; ;"5";"10";"NCD";"NO PERTENECE A NINGUNA CADENA";"11/09/2023"; ;"SIEMPRE ABIERTO";"De Lunes a Domingo"
"CV H01527 A";"A";"ALTA"; ; ;"KOALAROOMS ALICANTE";"03";"ALACANT";"014";"ALACANT/ALICANTE";"L'ALACANTI";"03004";"CALLE CALDERÓN DE LA BARCA, 34 - ENTLO";"C";"CALLE";"CALDERÓN DE LA BARCA";"34 - ENTLO";"soumia__102@hotmail.com"; ;"P";"PENSIÓN"; ; ;"7";"13";"NCD";"NO PERTENECE A NINGUNA CADENA";"20/12/2019"; ;"SIEMPRE ABIERTO";"De Lunes a Domingo"
"CV H00033 A";"A";"ALTA";"0";"PENSIÓN";"L'ÁTIC ROOMS";"03";"ALACANT";"014";"ALACANT/ALICANTE";"L'ALACANTI";"03004";"CALLE CAPITAN SEGARRA, 25";"C";"CALLE";"CAPITAN SEGARRA";"25";"reservas@hostalalicantecampoy.es";"http://freshotels.es";"P";"PENSIÓN"; ; ;"36";"44";"NCD";"NO PERTENECE A NINGUNA CADENA";"09/06/1961"; ;"SIEMPRE ABIERTO";"De Lunes a Domingo"
"CV H01533 A";"A";"ALTA"; ; ;"LA CASA DE LA LUZ";"03";"ALACANT";"014";"ALACANT/ALICANTE";"L'ALACANTI";"03012";"AVENIDA DE JIJONA, 66";"AV";"AVENIDA";"DE JIJONA";"66";"sestarikov@yandex.ru"; ;"P";"PENSIÓN"; ; ;"8";"16";"NCD";"NO PERTENECE A NINGUNA CADENA";"03/03/2020"; ;"SIEMPRE ABIERTO";"De Lunes a Domingo"
"CV H01262 A";"B";"BAJA";"0";"PENSIÓN";"LA CASA VIEJA";"03";"ALACANT";"014";"ALACANT/ALICANTE";"L'ALACANTI";"03002";"CALLE PEDRO SEBASTIAN, 15";"C";"CALLE";"PEDRO SEBASTIAN";"15"; ; ;"P";"PENSIÓN";"P";"PENSIÓN";"6";"10";"NCD";"NO PERTENECE A NINGUNA CADENA";"24/01/2003";"23/10/2003"; ; 
"CV H01100 A";"B";"BAJA";"0";"PENSIÓN";"LA CATEDRAL";"03";"ALACANT";"014";"ALACANT/ALICANTE";"L'ALACANTI";"03002";"CALLE LABRADORES, 5-1º";"C";"CALLE";"LABRADORES";"5-1º"; ; ;"P";"PENSIÓN";"P";"PENSIÓN";"5";"9";"NCD";"NO PERTENECE A NINGUNA CADENA";"20/12/1990";"30/11/2007";"SIEMPRE ABIERTO";"De Lunes a Domingo"
"CV H01351 A";"A";"ALTA";"3";"3 ESTRELLAS";"LA CITY";"03";"ALACANT";"014";"ALACANT/ALICANTE";"L'ALACANTI";"03005";"AVENIDA SALAMANCA, 16";"AV";"AVENIDA";"SALAMANCA";"16";"info@lacityhotel.com";"http://lacityhotel.com";"H";"HOTEL";"H";"HOTEL";"26";"51";"NCD";"NO PERTENECE A NINGUNA CADENA";"15/04/2008"; ;"SIEMPRE ABIERTO";"De Lunes a Domingo"
"CV H01450 A";"A";"ALTA";"3";"3 ESTRELLAS";"LA CITY MERCADO";"03";"ALACANT";"014";"ALACANT/ALICANTE";"L'ALACANTI";"03004";"CALLE ALFONSO EL SABIO, 26";"C";"CALLE";"ALFONSO EL SABIO";"26";"info@lacityhotelmercado.com";"http://lacityhotelmercado.com";"H";"HOTEL"; ; ;"30";"51";"NCD";"NO PERTENECE A NINGUNA CADENA";"14/10/2016"; ;"SIEMPRE ABIERTO";"De Lunes a Domingo"
"CV H01706 A";"A";"ALTA"; ; ;"LA CUEVA ENCANTADA";"03";"ALACANT";"014";"ALACANT/ALICANTE";"L'ALACANTI";"03013";"CALLE SAN CARLOS, 108 BAJO";"C";"CALLE";"SAN CARLOS";"108 BAJO";"trad1867@gmail.com"; ;"P";"PENSIÓN"; ; ;"3";"6";"NCD";"NO PERTENECE A NINGUNA CADENA";"30/04/2025"; ;"SIEMPRE ABIERTO";"De Lunes a Domingo"
"CV H01181 A";"B";"BAJA";"0";"PENSIÓN";"LA ESTACIÓN";"03";"ALACANT";"014";"ALACANT/ALICANTE";"L'ALACANTI";"03003";"AVENIDA SALAMANCA, 8";"AV";"AVENIDA";"SALAMANCA";"8"; ; ;"P";"PENSIÓN";"P";"PENSIÓN";"4";"7";"NCD";"NO PERTENECE A NINGUNA CADENA";"11/12/1998";"14/09/2006";"SIEMPRE ABIERTO";"De Lunes a Domingo"
"CV H01514 A";"A";"ALTA"; ; ;"LA LAMBRA AZUL";"03";"ALACANT";"014";"ALACANT/ALICANTE";"L'ALACANTI";"03010";"CALLE RAFAEL ASIN, 14 B";"C";"CALLE";"RAFAEL ASIN";"14 B";"hotel_lalambra@yahoo.fr"; ;"P";"PENSIÓN"; ; ;"7";"15";"NCD";"NO PERTENECE A NINGUNA CADENA";"22/08/2019"; ;"SIEMPRE ABIERTO";"De Lunes a Domingo"
"CV H01648 A";"A";"ALTA"; ; ;"LA MARINA";"03";"ALACANT";"014";"ALACANT/ALICANTE";"L'ALACANTI";"03002";"CALLE RAFAEL ALTAMIRA, ENTLO. DCHA., 24";"C";"CALLE";"RAFAEL ALTAMIRA, ENTLO. DCHA.";"24";"ramaluem@gmail.com"; ;"P";"PENSIÓN"; ; ;"10";"21";"NCD";"NO PERTENECE A NINGUNA CADENA";"26/01/2023"; ;"SIEMPRE ABIERTO";"De Lunes a Domingo"
"CV H00088 A";"A";"ALTA";"2";"2 ESTRELLAS";"LA MILAGROSA";"03";"ALACANT";"014";"ALACANT/ALICANTE";"L'ALACANTI";"03002";"CALLE VILLAVIEJA, 8";"C";"CALLE";"VILLAVIEJA";"8";"info@lamilagrosa.eu";"http://lamilagrosa.eu";"H";"HOTEL";"HA";"HOTEL-APARTAMENTO";"34";"57";"NCD";"NO PERTENECE A NINGUNA CADENA";"24/07/1961"; ;"SIEMPRE ABIERTO";"De Lunes a Domingo"
"CV H00505 A";"B";"BAJA";"0";"PENSIÓN";"LA ORENSANA";"03";"ALACANT";"014";"ALACANT/ALICANTE";"L'ALACANTI";"03002";"CALLE SAN FERNANDO, 10";"C";"CALLE";"SAN FERNANDO";"10"; ; ;"P";"PENSIÓN";"P";"PENSIÓN";"5";"10";"NCD";"NO PERTENECE A NINGUNA CADENA";"09/11/1965";"27/06/2003";"SIEMPRE ABIERTO";"De Lunes a Domingo"
"CV H01559 A";"A";"ALTA"; ; ;"LA PARADA";"03";"ALACANT";"014";"ALACANT/ALICANTE";"L'ALACANTI";"03003";"CALLE ORENSE, 5, ENTRS 1";"C";"CALLE";"ORENSE";"5, ENTRS 1";"soumia__102@hotmail.com"; ;"P";"PENSIÓN"; ; ;"5";"10";"NCD";"NO PERTENECE A NINGUNA CADENA";"14/05/2021"; ;"SIEMPRE ABIERTO";"De Lunes a Domingo"
"CV H00891 A";"B";"BAJA";"0";"PENSIÓN";"LA PONDEROSA";"03";"ALACANT";"014";"ALACANT/ALICANTE";"L'ALACANTI";"03003";"PASAJE DR. GADEA, 11";"PS";"PASAJE";"DR. GADEA";"11"; ; ;"P";"PENSIÓN";"P";"PENSIÓN";"4";"7";"NCD";"NO PERTENECE A NINGUNA CADENA";"16/10/1973";"13/04/2004";"SIEMPRE ABIERTO";"De Lunes a Domingo"
"CV H01725 A";"A";"ALTA"; ; ;"LA ROGETA";"03";"ALACANT";"014";"ALACANT/ALICANTE";"L'ALACANTI";"03601";"PLAZA GRAN 21 DE ISLA DE TABARCA, 21";"PL";"PLAZA";"GRAN 21 DE ISLA DE TABARCA";"21"; ; ;"P";"PENSIÓN"; ; ;"5";"10";"NCD";"NO PERTENECE A NINGUNA CADENA";"04/07/2025"; ;"SIEMPRE ABIERTO";"De Lunes a Domingo"
"CV H01250 A";"A";"ALTA";"1";"1 ESTRELLA";"LA TRANCADA";"03";"ALACANT";"014";"ALACANT/ALICANTE";"L'ALACANTI";"03138";"CALLE MOTXO (TABARCA) - APARTADO DE CORREOS 3277 (ELCHE), 12";"C";"CALLE";"MOTXO (TABARCA) - APARTADO DE CORREOS 3277 (ELCHE)";"12";"laboral@campos-garciaromeu.es";"http://www.latrancada.com";"H";"HOTEL";"H";"HOTEL";"4";"9";"NCD";"NO PERTENECE A NINGUNA CADENA";"23/09/2002"; ;"01/03 - 31/10";"De Lunes a Domingo"
"CV H00053 A";"A";"ALTA";"1";"1 ESTRELLA";"LC HOTEL URBANO";"03";"ALACANT";"014";"ALACANT/ALICANTE";"L'ALACANTI";"03001";"CALLE CASTAÑOS, 30";"C";"CALLE";"CASTAÑOS";"30";"urbanhotelbooking@outlook.com";"https://sites.google.com/view/urban-hotel/";"H";"HOTEL";"H";"HOTEL";"30";"59";"NCD";"NO PERTENECE A NINGUNA CADENA";"08/05/1967"; ;"SIEMPRE ABIERTO";"De Lunes a Domingo"
"CV H00754 A";"A";"ALTA";"3";"3 ESTRELLAS";"LEUKA";"03";"ALACANT";"014";"ALACANT/ALICANTE";"L'ALACANTI";"03004";"CALLE SEGURA, 23";"C";"CALLE";"SEGURA";"23";"info@hotelleuka.com";"http://www.hotelleuka.com";"H";"HOTEL";"H";"HOTEL";"106";"187";"NCD";"NO PERTENECE A NINGUNA CADENA";"03/09/1971"; ;"SIEMPRE ABIERTO";"De Lunes a Domingo"
"CV H00309 A";"B";"BAJA";"1";"1 ESTRELLA";"LEVANTE";"03";"ALACANT";"014";"ALACANT/ALICANTE";"L'ALACANTI";"03001";"CALLE SAN ILDEFONSO 10, 001";"C";"CALLE";"SAN ILDEFONSO 10";"001"; ; ;"HS";"HOSTAL";"SR";"HOSTAL-RESIDENCIA";"6";"10";"NCD";"NO PERTENECE A NINGUNA CADENA";"26/10/1962";"03/12/1992";"SIEMPRE ABIERTO";"De Lunes a Domingo"
"CV H01688 A";"A";"ALTA"; ; ;"LIMANI";"03";"ALACANT";"014";"ALACANT/ALICANTE";"L'ALACANTI";"03013";"CALLE AGOST, 17";"C";"CALLE";"AGOST";"17";"LIMANIRODRIGUEZ81@GMAIL.COM"; ;"P";"PENSIÓN"; ; ;"11";"20";"NCD";"NO PERTENECE A NINGUNA CADENA";"14/01/2025"; ;"SIEMPRE ABIERTO";"De Lunes a Domingo"
"CV H01724 A";"A";"ALTA"; ; ;"LIMANI II";"03";"ALACANT";"014";"ALACANT/ALICANTE";"L'ALACANTI";"03013";"CALLE BERNARDO LOPEZ GARCIA, 16";"C";"CALLE";"BERNARDO LOPEZ GARCIA";"16"; ; ;"P";"PENSIÓN"; ; ;"12";"20";"NCD";"NO PERTENECE A NINGUNA CADENA";"26/06/2025"; ;"SIEMPRE ABIERTO";"De Lunes a Domingo"
"CV H01763 A";"A";"ALTA";"1";"1 ESTRELLA";"LIMEHOME ALICANTE AVENIDA JIJONA";"03";"ALACANT";"014";"ALACANT/ALICANTE";"L'ALACANTI";"03012";"AVENIDA JIJONA, 12";"AV";"AVENIDA";"JIJONA";"12"; ;"http://www.limehome.com";"H";"HOTEL";"HA";"HOTEL-APARTAMENTO";"20";"40";"NCD";"NO PERTENECE A NINGUNA CADENA";"17/10/2025"; ;"SIEMPRE ABIERTO";"De Lunes a Domingo"
"CV H01735 A";"A";"ALTA"; ; ;"LOLIQUI ADA 59";"03";"ALACANT";"014";"ALACANT/ALICANTE";"L'ALACANTI";"03009";"CALLE ALFÉREZ DÍAZ SANCHIS, 59";"C";"CALLE";"ALFÉREZ DÍAZ SANCHIS";"59";"info@apartamentosalicante.es"; ;"P";"PENSIÓN"; ; ;"6";"12";"NCD";"NO PERTENECE A NINGUNA CADENA";"24/07/2025"; ;"SIEMPRE ABIERTO";"De Lunes a Domingo"
"CV H00254 A";"A";"ALTA";"2";"2 ESTRELLAS";"LONJA, LA";"03";"ALACANT";"014";"ALACANT/ALICANTE";"L'ALACANTI";"03004";"CALLE CAPITAN SEGARRA, 10";"C";"CALLE";"CAPITAN SEGARRA";"10";"clientes@lalonjahostal.es";"www.lalonjahostal.es";"HS";"HOSTAL";"SR";"HOSTAL-RESIDENCIA";"49";"74";"NCD";"NO PERTENECE A NINGUNA CADENA";"21/06/1963"; ;"SIEMPRE ABIERTO";"De Lunes a Domingo"
"CV H01675 A";"A";"ALTA"; ; ;"LOS ANGELES";"03";"ALACANT";"014";"ALACANT/ALICANTE";"L'ALACANTI";"03009";"CALLE CERDA, 100";"C";"CALLE";"CERDA";"100";"dintelecom.es@gmail.com"; ;"P";"PENSIÓN"; ; ;"7";"15";"NCD";"NO PERTENECE A NINGUNA CADENA";"25/09/2024"; ;"SIEMPRE ABIERTO";"De Lunes a Domingo"
"CV H01240 A";"A";"ALTA";"0";"PENSIÓN";"LOS GRANADINOS";"03";"ALACANT";"014";"ALACANT/ALICANTE";"L'ALACANTI";"03113";"PASEO MAYOR, PTDA. REBOLLEDO, 32";"PA";"PASEO";"MAYOR, PTDA. REBOLLEDO";"32"; ; ;"P";"PENSIÓN";"P";"PENSIÓN";"10";"22";"NCD";"NO PERTENECE A NINGUNA CADENA";"11/04/2002"; ;"SIEMPRE ABIERTO";"De Lunes a Domingo"
"CV H01516 A";"B";"BAJA";"0";"PENSIÓN";"LUCA'S HOUSE";"03";"ALACANT";"014";"ALACANT/ALICANTE";"L'ALACANTI";"03004";"CALLE SARGENTO VAILLO, 22";"C";"CALLE";"SARGENTO VAILLO";"22";"lucas.house2018@gmail.com";"http://lucashouse.es";"P";"PENSIÓN"; ; ;"9";"18";"NCD";"NO PERTENECE A NINGUNA CADENA";"03/09/2019";"13/07/2020";"SIEMPRE ABIERTO";"De Lunes a Domingo"
"CV H01013 A";"B";"BAJA";"0";"PENSIÓN";"LUISA";"03";"ALACANT";"014";"ALACANT/ALICANTE";"L'ALACANTI";"03012";"CALLE PRIMAVERA, 001";"C";"CALLE";"PRIMAVERA";"001"; ; ;"P";"PENSIÓN";"P";"PENSIÓN";"4";"8";"NCD";"NO PERTENECE A NINGUNA CADENA";"19/02/1980";"29/11/1994";"SIEMPRE ABIERTO";"De Lunes a Domingo"
"CV H01748 A";"A";"ALTA";"1";"1 ESTRELLA";"L¿ALCOR";"03";"ALACANT";"014";"ALACANT/ALICANTE";"L'ALACANTI";"03009";"CALLE MARCO OLIVER, 11";"C";"CALLE";"MARCO OLIVER";"11";"booking@lalcor.com";"http://LALCOR.COM";"H";"HOTEL";"HA";"HOTEL-APARTAMENTO";"22";"44";"NCD";"NO PERTENECE A NINGUNA CADENA";"25/09/2025"; ;"SIEMPRE ABIERTO";"De Lunes a Domingo"
"CV H00652 A";"B";"BAJA";"2";"2 ESTRELLAS";"MAISONNAVE";"03";"ALACANT";"014";"ALACANT/ALICANTE";"L'ALACANTI";"03003";"AVENIDA MAISONNAVE 5, 000";"AV";"AVENIDA";"MAISONNAVE 5";"000"; ; ;"HS";"HOSTAL";"SR";"HOSTAL-RESIDENCIA";"29";"47";"NCD";"NO PERTENECE A NINGUNA CADENA";"25/03/1969";"14/02/1997";"SIEMPRE ABIERTO";"De Lunes a Domingo"
"CV H01186 A";"A";"ALTA";"1";"1 ESTRELLA";"MASIN";"03";"ALACANT";"014";"ALACANT/ALICANTE";"L'ALACANTI";"03138";"CALLE D'EN MIG .- ISLA DE TABARCA, 22";"C";"CALLE";"D'EN MIG .- ISLA DE TABARCA";"22";"masin@hostalmasin.com";"http://www.hostalmasin.com";"HS";"HOSTAL";"SR";"HOSTAL-RESIDENCIA";"7";"11";"NCD";"NO PERTENECE A NINGUNA CADENA";"11/03/1999"; ;"SIEMPRE ABIERTO";"De Lunes a Domingo"
"CV H01690 A";"B";"BAJA";"0";"PENSIÓN";"MAYA BAY ROOMS GRAN VIA";"03";"ALACANT";"014";"ALACANT/ALICANTE";"L'ALACANTI";"03010";"CALLE COLOMBIA (GRAN VIA), 11";"C";"CALLE";"COLOMBIA (GRAN VIA)";"11";"administracion@trakziona.es"; ;"HS";"HOSTAL"; ; ;"13";"28";"NCD";"NO PERTENECE A NINGUNA CADENA";"21/01/2025";"07/01/2026";"SIEMPRE ABIERTO";"De Lunes a Domingo"
"CV H01189 A";"A";"ALTA";"1";"1 ESTRELLA";"MAYOR";"03";"ALACANT";"014";"ALACANT/ALICANTE";"L'ALACANTI";"03002";"CALLE MAYOR, 5";"C";"CALLE";"MAYOR";"5"; ; ;"HS";"HOSTAL";"SR";"HOSTAL-RESIDENCIA";"13";"24";"NCD";"NO PERTENECE A NINGUNA CADENA";"30/04/1999"; ;"SIEMPRE ABIERTO";"De Lunes a Domingo"
"CV H00872 A";"A";"ALTA";"4";"4 ESTRELLAS";"MELIA ALICANTE";"03";"ALACANT";"014";"ALACANT/ALICANTE";"L'ALACANTI";"03002";"PLAZA DEL PUERTO, 3";"PL";"PLAZA";"DEL PUERTO";"3";"melia.alicante@melia.com";"www.melia.com";"H";"HOTEL";"H";"HOTEL";"545";"1036";"SOL";"MELIÁ HOTELS INTERNATIONAL";"07/04/1973"; ;"SIEMPRE ABIERTO";"De Lunes a Domingo"
"CV H01412 A";"A";"ALTA";"2";"2 ESTRELLAS";"MENDEZ NUÑEZ ALICANTE";"03";"ALACANT";"014";"ALACANT/ALICANTE";"L'ALACANTI";"03002";"AVENIDA RAMBLA MENDEZ NUÑEZ, 9";"AV";"AVENIDA";"RAMBLA MENDEZ NUÑEZ";"9";"info@mendezalicante.es";"http://mendezalicante.es";"HS";"HOSTAL";"SR";"HOSTAL-RESIDENCIA";"37";"74";"NCD";"NO PERTENECE A NINGUNA CADENA";"18/07/2013"; ;"SIEMPRE ABIERTO";"De Lunes a Domingo"
"CV H01226 A";"B";"BAJA";"0";"PENSIÓN";"METIDJA";"03";"ALACANT";"014";"ALACANT/ALICANTE";"L'ALACANTI";"03001";"RAMBLA MENDEZ NUÑEZ, 26"; ; ;"RAMBLA MENDEZ NUÑEZ";"26"; ; ;"P";"PENSIÓN";"P";"PENSIÓN";"11";"19";"NCD";"NO PERTENECE A NINGUNA CADENA";"15/11/2001";"04/02/2011";"SIEMPRE ABIERTO";"De Lunes a Domingo"
"CV H01036 A";"B";"BAJA";"0";"PENSIÓN";"MEXICO";"03";"ALACANT";"014";"ALACANT/ALICANTE";"L'ALACANTI";"03002";"CALLE GRAL. PRIMO DE RIVERA, 10-";"C";"CALLE";"GRAL. PRIMO DE RIVERA";"10-"; ; ;"P";"PENSIÓN";"P";"PENSIÓN";"10";"17";"NCD";"NO PERTENECE A NINGUNA CADENA";"15/02/1984";"10/11/2010";"SIEMPRE ABIERTO";"De Lunes a Domingo"
"CV H01515 A";"A";"ALTA"; ; ;"MEXICO";"03";"ALACANT";"014";"ALACANT/ALICANTE";"L'ALACANTI";"03002";"CALLE GENERAL PRIMO DE RIVERA, 10 - 1º";"C";"CALLE";"GENERAL PRIMO DE RIVERA";"10 - 1º"; ; ;"P";"PENSIÓN"; ; ;"10";"19";"NCD";"NO PERTENECE A NINGUNA CADENA";"23/08/2019"; ;"SIEMPRE ABIERTO";"De Lunes a Domingo"
"CV H00390 A";"B";"BAJA";"0";"PENSIÓN";"MILAN";"03";"ALACANT";"014";"ALACANT/ALICANTE";"L'ALACANTI";"03002";"CALLE SAN FERNANDO, 6";"C";"CALLE";"SAN FERNANDO";"6"; ; ;"P";"PENSIÓN";"P";"PENSIÓN";"15";"22";"NCD";"NO PERTENECE A NINGUNA CADENA";"21/04/1964";"30/09/2010";"SIEMPRE ABIERTO";"De Lunes a Domingo"
"CV H01400 A";"B";"BAJA";"0";"PENSIÓN";"MILAN";"03";"ALACANT";"014";"ALACANT/ALICANTE";"L'ALACANTI";"03002";"CALLE SAN FERNANDO, 6";"C";"CALLE";"SAN FERNANDO";"6";"hostalmilanalicante@hotmail.fr";"www.hostalmilanalicante.com";"P";"PENSIÓN";"P";"PENSIÓN";"25";"33";"NCD";"NO PERTENECE A NINGUNA CADENA";"25/10/2011";"01/10/2024";"SIEMPRE ABIERTO";"De Lunes a Domingo"
"CV H01242 A";"B";"BAJA";"0";"PENSIÓN";"MINA";"03";"ALACANT";"014";"ALACANT/ALICANTE";"L'ALACANTI";"03001";"CALLE SAN FRANCISCO, 12-1º";"C";"CALLE";"SAN FRANCISCO";"12-1º"; ; ;"P";"PENSIÓN";"P";"PENSIÓN";"8";"13";"NCD";"NO PERTENECE A NINGUNA CADENA";"23/05/2002";"30/04/2008";"SIEMPRE ABIERTO";"De Lunes a Domingo"
"CV H01203 A";"A";"ALTA";"1";"1 ESTRELLA";"MONT  ROYAL";"03";"ALACANT";"014";"ALACANT/ALICANTE";"L'ALACANTI";"03540";"CALLE TRIDENTE (CABO DE LAS HUERTAS), 27";"C";"CALLE";"TRIDENTE (CABO DE LAS HUERTAS)";"27";"correo@complejomontroyal.com";"www.montroyal.es";"HS";"HOSTAL";"HS";"HOSTAL";"31";"64";"NCD";"NO PERTENECE A NINGUNA CADENA";"10/08/2000"; ;"SIEMPRE ABIERTO";"De Lunes a Domingo"
"CV H00358 A";"B";"BAJA";"0";"PENSIÓN";"MONTECARLO";"03";"ALACANT";"014";"ALACANT/ALICANTE";"L'ALACANTI";"03001";"CALLE SAN FRANCISCO, 20";"C";"CALLE";"SAN FRANCISCO";"20"; ; ;"P";"PENSIÓN";"P";"PENSIÓN";"15";"26";"NCD";"NO PERTENECE A NINGUNA CADENA";"15/04/1964";"14/09/2006";"SIEMPRE ABIERTO";"De Lunes a Domingo"
"CV H01041 A";"B";"BAJA";"0";"PENSIÓN";"MOREIRA";"03";"ALACANT";"014";"ALACANT/ALICANTE";"L'ALACANTI";"03015";"CALLE GOYA,17, 001";"C";"CALLE";"GOYA,17";"001"; ; ;"P";"PENSIÓN";"P";"PENSIÓN";"4";"8";"NCD";"NO PERTENECE A NINGUNA CADENA";"01/08/1984";"26/01/1995";"SIEMPRE ABIERTO";"De Lunes a Domingo"
"CV H01708 A";"A";"ALTA"; ; ;"MOSQUITO LOEFLING";"03";"ALACANT";"014";"ALACANT/ALICANTE";"L'ALACANTI";"03013";"CALLE PLUS ULTRA, 54";"C";"CALLE";"PLUS ULTRA";"54";"mag237281@gmail.com"; ;"P";"PENSIÓN"; ; ;"10";"19";"NCD";"NO PERTENECE A NINGUNA CADENA";"01/05/2025"; ;"SIEMPRE ABIERTO";"De Lunes a Domingo"
"CV H01683 A";"A";"ALTA"; ; ;"MUSEO";"03";"ALACANT";"014";"ALACANT/ALICANTE";"L'ALACANTI";"03005";"CALLE ALCALÁ, 25";"C";"CALLE";"ALCALÁ";"25";"pensionmuseo@gmail.com"; ;"P";"PENSIÓN"; ; ;"4";"10";"NCD";"NO PERTENECE A NINGUNA CADENA";"29/11/2024"; ;"SIEMPRE ABIERTO";"De Lunes a Domingo"
"CV H01603 A";"A";"ALTA"; ; ;"NATURE";"03";"ALACANT";"014";"ALACANT/ALICANTE";"L'ALACANTI";"03001";"CALLE VIRGEN DE LOS DESAMPARADOS, 4";"C";"CALLE";"VIRGEN DE LOS DESAMPARADOS";"4";"n.e.timoshchenko@gmail.com"; ;"HS";"HOSTAL"; ; ;"11";"19";"NCD";"NO PERTENECE A NINGUNA CADENA";"02/08/2022"; ;"SIEMPRE ABIERTO";"De Lunes a Domingo"
"CV H01169 A";"B";"BAJA";"0";"PENSIÓN";"NAVAS";"03";"ALACANT";"014";"ALACANT/ALICANTE";"L'ALACANTI";"03001";"CALLE NAVAS, 32";"C";"CALLE";"NAVAS";"32";"jccdj@correo.datanet.es"; ;"P";"PENSIÓN";"P";"PENSIÓN";"7";"12";"NCD";"NO PERTENECE A NINGUNA CADENA";"16/03/1998";"26/07/2004"; ; 
"CV H00473 A";"B";"BAJA";"1";"1 ESTRELLA";"NAVAS";"03";"ALACANT";"014";"ALACANT/ALICANTE";"L'ALACANTI";"03001";"CALLE LAS NAVAS, 26, 002";"C";"CALLE";"LAS NAVAS, 26";"002"; ; ;"H";"HOTEL";"H";"HOTEL";"30";"54";"NCD";"NO PERTENECE A NINGUNA CADENA";"25/06/1965";"14/02/1995";"SIEMPRE ABIERTO";"De Lunes a Domingo"
"CV H01057 A";"B";"BAJA";"0";"PENSIÓN";"NAVIZCA";"03";"ALACANT";"014";"ALACANT/ALICANTE";"L'ALACANTI";"03001";"CALLE RAFAEL TEROL, 22";"C";"CALLE";"RAFAEL TEROL";"22"; ; ;"P";"PENSIÓN";"P";"PENSIÓN";"17";"26";"NCD";"NO PERTENECE A NINGUNA CADENA";"15/12/1983";"29/05/2009";"SIEMPRE ABIERTO";"De Lunes a Domingo"
"CV H01689 A";"A";"ALTA"; ; ;"NEBULA ROOMS";"03";"ALACANT";"014";"ALACANT/ALICANTE";"L'ALACANTI";"03013";"CALLE GARCÍA GUTIÉRREZ, 33 BJ CENT";"C";"CALLE";"GARCÍA GUTIÉRREZ";"33 BJ CENT";"nebulaestate@gmail.com"; ;"P";"PENSIÓN"; ; ;"3";"6";"NCD";"NO PERTENECE A NINGUNA CADENA";"21/01/2025"; ;"SIEMPRE ABIERTO";"De Lunes a Domingo"
"CV H01774 A";"A";"ALTA";"0";"PENSIÓN";"NEBULA ROOMS AG";"03";"ALACANT";"014";"ALACANT/ALICANTE";"L'ALACANTI";"03012";"CALLE ALCALÁ GALIANO, 102-BAJO A";"C";"CALLE";"ALCALÁ GALIANO";"102-BAJO A";"nebulaestate@gmail.com"; ;"P";"PENSIÓN"; ; ;"5";"10";"NCD";"NO PERTENECE A NINGUNA CADENA";"22/12/2025"; ;"SIEMPRE ABIERTO";"De Lunes a Domingo"
"CV H01323 A";"A";"ALTA";"4";"4 ESTRELLAS";"NH ALICANTE";"03";"ALACANT";"014";"ALACANT/ALICANTE";"L'ALACANTI";"03008";"CALLE MÉXICO, 18";"C";"CALLE";"MÉXICO";"18";"nhalicante@nh-hotels.com";"http://www.nh-hotels.com";"H";"HOTEL";"H";"HOTEL";"100";"200";"NH";"N.H. HOTELES";"14/02/2006"; ;"SIEMPRE ABIERTO";"De Lunes a Domingo"
"CV H01699 A";"A";"ALTA"; ; ;"NO-MA";"03";"ALACANT";"014";"ALACANT/ALICANTE";"L'ALACANTI";"03010";"CALLE JAVIER CARRATALA, 11";"C";"CALLE";"JAVIER CARRATALA";"11";"info@aluminioscastillo.com"; ;"P";"PENSIÓN"; ; ;"3";"5";"NCD";"NO PERTENECE A NINGUNA CADENA";"06/03/2025"; ;"SIEMPRE ABIERTO";"De Lunes a Domingo"
"CV H01052 A";"B";"BAJA";"0";"PENSIÓN";"NOEL";"03";"ALACANT";"014";"ALACANT/ALICANTE";"L'ALACANTI";"03001";"CALLE SAN FERNANDO,32, 003";"C";"CALLE";"SAN FERNANDO,32";"003"; ; ;"P";"PENSIÓN";"P";"PENSIÓN";"6";"10";"NCD";"NO PERTENECE A NINGUNA CADENA";"03/06/1985";"18/01/1996";"SIEMPRE ABIERTO";"De Lunes a Domingo"
"CV H01414 A";"B";"BAJA";"0";"PENSIÓN";"NONIS COMERCE GROUP";"03";"ALACANT";"014";"ALACANT/ALICANTE";"L'ALACANTI";"03004";"CALLE EMPECINADO, 17";"C";"CALLE";"EMPECINADO";"17"; ; ;"P";"PENSIÓN";"P";"PENSIÓN";"8";"13";"NCD";"NO PERTENECE A NINGUNA CADENA";"30/06/2014";"21/05/2015";"SIEMPRE ABIERTO";"De Lunes a Domingo"
"CV H00029 A";"B";"BAJA";"0";"PENSIÓN";"NORTE";"03";"ALACANT";"014";"ALACANT/ALICANTE";"L'ALACANTI"; ;"CALLE CESAR ELGUEZABAL,23, 002";"C";"CALLE";"CESAR ELGUEZABAL,23";"002"; ; ;"P";"PENSIÓN";"P";"PENSIÓN";"15";"27";"NCD";"NO PERTENECE A NINGUNA CADENA";"05/06/1962";"22/06/1992";"SIEMPRE ABIERTO";"De Lunes a Domingo"
"CV H00826 A";"B";"BAJA";"0";"PENSIÓN";"NOU BALMIS";"03";"ALACANT";"014";"ALACANT/ALICANTE";"L'ALACANTI";"03001";"PLAZA DR.BALMIS, 000";"PL";"PLAZA";"DR.BALMIS";"000"; ; ;"P";"PENSIÓN";"P";"PENSIÓN";"8";"10";"NCD";"NO PERTENECE A NINGUNA CADENA";"09/12/1971";"17/11/1997";"SIEMPRE ABIERTO";"De Lunes a Domingo"
"CV H00038 A";"B";"BAJA";"1";"1 ESTRELLA";"NOVEDAD";"03";"ALACANT";"014";"ALACANT/ALICANTE";"L'ALACANTI";"03001";"CALLE SAN ILDEFONSO 5, 000";"C";"CALLE";"SAN ILDEFONSO 5";"000"; ; ;"HS";"HOSTAL";"SR";"HOSTAL-RESIDENCIA";"10";"13";"NCD";"NO PERTENECE A NINGUNA CADENA";"02/03/1962";"22/02/1993";"SIEMPRE ABIERTO";"De Lunes a Domingo"
"CV H00976 A";"A";"ALTA";"1";"1 ESTRELLA";"NOY";"03";"ALACANT";"014";"ALACANT/ALICANTE";"L'ALACANTI";"03114";"CALLE PDA. BACAROT, S.N";"C";"CALLE";"PDA. BACAROT";"S.N"; ; ;"HS";"HOSTAL";"SR";"HOSTAL-RESIDENCIA";"18";"32";"NCD";"NO PERTENECE A NINGUNA CADENA";"14/06/1977"; ;"SIEMPRE ABIERTO";"De Lunes a Domingo"
"CV H01301 A";"A";"ALTA";"1";"1 ESTRELLA";"NUEVA TABARCA";"03";"ALACANT";"014";"ALACANT/ALICANTE";"L'ALACANTI";"03138";"CALLE D'EN MIG (ISLA DE TABARCA), 8";"C";"CALLE";"D'EN MIG (ISLA DE TABARCA)";"8";"info@hostalelchiqui.com";"www.hostalelchiqui.com";"HS";"HOSTAL"; ; ;"6";"12";"NCD";"NO PERTENECE A NINGUNA CADENA";"30/09/2004"; ;"SIEMPRE ABIERTO";"De Lunes a Domingo"
"CV H01303 A";"A";"ALTA";"0";"PENSIÓN";"NUEVO MASIN";"03";"ALACANT";"014";"ALACANT/ALICANTE";"L'ALACANTI";"03138";"CALLE VIRGEN DEL CARMEN (ISLA DE TABARCA), 19";"C";"CALLE";"VIRGEN DEL CARMEN (ISLA DE TABARCA)";"19";"belen_garcia_anton@hotmail.com"; ;"P";"PENSIÓN";"P";"PENSIÓN";"7";"18";"NCD";"NO PERTENECE A NINGUNA CADENA";"09/12/2004"; ;"01/03 - 31/12";"De Lunes a Domingo"
"CV H01503 A";"A";"ALTA"; ; ;"NWT PARADISE";"03";"ALACANT";"014";"ALACANT/ALICANTE";"L'ALACANTI";"03010";"CALLE PRIMITIVO PEREZ, 4";"C";"CALLE";"PRIMITIVO PEREZ";"4";"paradiseurbanhostel@nwtspain.es";"http://nwtspain.com/paradise.html";"P";"PENSIÓN"; ; ;"12";"24";"NCD";"NO PERTENECE A NINGUNA CADENA";"03/06/2019"; ;"SIEMPRE ABIERTO";"De Lunes a Domingo"
"CV H00622 A";"A";"ALTA";"4";"4 ESTRELLAS";"OCCIDENTAL ALICANTE";"03";"ALACANT";"014";"ALACANT/ALICANTE";"L'ALACANTI";"03002";"CALLE TOMÁS LÓPEZ TORREGROSA, 11";"C";"CALLE";"TOMÁS LÓPEZ TORREGROSA";"11";"alicante@occidentalhotels.com";"https://www.barcelo.com/es-es/occidental-alicante";"H";"HOTEL";"H";"HOTEL";"80";"156";"BAR";"BARCELÓ HOTELS & RESORT";"02/09/1969"; ;"SIEMPRE ABIERTO";"De Lunes a Domingo"
"CV H01002 A";"A";"ALTA";"4";"4 ESTRELLAS";"ODYSSEY ROOMS ALICANTE";"03";"ALACANT";"014";"ALACANT/ALICANTE";"L'ALACANTI";"03002";"CALLE GRAVINA, 9";"C";"CALLE";"GRAVINA";"9";"recepcion@odysseyrooms.com";"https://www.odysseyrooms.com";"H";"HOTEL";"HA";"HOTEL-APARTAMENTO";"15";"41"; ; ;"17/11/1978"; ;"SIEMPRE ABIERTO";"De Lunes a Domingo"
"CV H01403 A";"A";"ALTA";"0";"PENSIÓN";"OLD CENTER INN";"03";"ALACANT";"014";"ALACANT/ALICANTE";"L'ALACANTI";"03002";"PLAZA AYUNTAMIENTO, 3-1º";"PL";"PLAZA";"AYUNTAMIENTO";"3-1º"; ; ;"P";"PENSIÓN";"P";"PENSIÓN";"7";"12";"NCD";"NO PERTENECE A NINGUNA CADENA";"21/03/2012"; ;"SIEMPRE ABIERTO";"De Lunes a Domingo"
"CV H01474 A";"A";"ALTA"; ; ;"OLD TOWN ALICANTE";"03";"ALACANT";"014";"ALACANT/ALICANTE";"L'ALACANTI";"03003";"CALLE PINTOR CABRERA, 15 - 1ºIZQ";"C";"CALLE";"PINTOR CABRERA";"15 - 1ºIZQ";"oldtownalicante@gmail.com";"http://oldtownalicante.com";"P";"PENSIÓN"; ; ;"7";"12";"NCD";"NO PERTENECE A NINGUNA CADENA";"15/03/2018"; ;"SIEMPRE ABIERTO";"De Lunes a Domingo"
"CV H01601 A";"A";"ALTA"; ; ;"OLD TOWN LA ESTACION";"03";"ALACANT";"014";"ALACANT/ALICANTE";"L'ALACANTI";"03003";"AVENIDA LA ESTACIÓN ENTRESUELO IZQUIERDA, 25";"AV";"AVENIDA";"LA ESTACIÓN ENTRESUELO IZQUIERDA";"25";"oldtownalicante@gmail.com";"http://oldtownlaestacion.com";"P";"PENSIÓN"; ; ;"6";"9";"NCD";"NO PERTENECE A NINGUNA CADENA";"14/07/2022"; ;"SIEMPRE ABIERTO";"De Lunes a Domingo"
"CV H01761 A";"A";"ALTA";"0";"PENSIÓN";"OLD TOWN LA ESTACIÓN II";"03";"ALACANT";"014";"ALACANT/ALICANTE";"L'ALACANTI";"03003";"AVENIDA EUSEBIO SEMPERE, 3-E.1Y2-EN";"AV";"AVENIDA";"EUSEBIO SEMPERE";"3-E.1Y2-EN";"oldtownalicante@gmail.com";"http://oldtownalicante.com";"P";"PENSIÓN"; ; ;"9";"18";"NCD";"NO PERTENECE A NINGUNA CADENA";"12/11/2025"; ;"SIEMPRE ABIERTO";"De Lunes a Domingo"
"CV H00055 A";"B";"BAJA";"0";"PENSIÓN";"OLIMPIA";"03";"ALACANT";"014";"ALACANT/ALICANTE";"L'ALACANTI";"03001";"CALLE SAN FRANCISCO, 60";"C";"CALLE";"SAN FRANCISCO";"60"; ; ;"P";"PENSIÓN";"P";"PENSIÓN";"14";"24";"NCD";"NO PERTENECE A NINGUNA CADENA";"09/04/1962";"28/10/2005";"SIEMPRE ABIERTO";"De Lunes a Domingo"
"CV H01491 A";"A";"ALTA"; ; ;"OLOZAGA";"03";"ALACANT";"014";"ALACANT/ALICANTE";"L'ALACANTI";"03012";"CALLE OLOZAGA, 8";"C";"CALLE";"OLOZAGA";"8";"susita68@hotmail.com"; ;"HS";"HOSTAL"; ; ;"5";"9";"NCD";"NO PERTENECE A NINGUNA CADENA";"06/02/2019"; ;"SIEMPRE ABIERTO";"De Lunes a Domingo"
"CV H01035 A";"B";"BAJA";"0";"PENSIÓN";"ORLANDO";"03";"ALACANT";"014";"ALACANT/ALICANTE";"L'ALACANTI";"03001";"CALLE SAN FERNANDO, 50-1 IZDA., 005";"C";"CALLE";"SAN FERNANDO, 50-1 IZDA.";"005"; ; ;"P";"PENSIÓN";"P";"PENSIÓN";"5";"8";"NCD";"NO PERTENECE A NINGUNA CADENA";"15/07/1986";"23/02/1993";"SIEMPRE ABIERTO";"De Lunes a Domingo"
"CV H00453 A";"B";"BAJA";"3";"3 ESTRELLAS";"PALAS";"03";"ALACANT";"014";"ALACANT/ALICANTE";"L'ALACANTI";"03001";"PLAZA AYUNTAMIENTO, 000";"PL";"PLAZA";"AYUNTAMIENTO";"000"; ; ;"H";"HOTEL";"H";"HOTEL";"53";"95";"NCD";"NO PERTENECE A NINGUNA CADENA";"26/02/1965";"16/09/1994";"SIEMPRE ABIERTO";"De Lunes a Domingo"
"CV H01064 A";"B";"BAJA";"0";"PENSIÓN";"PAQUITA";"03";"ALACANT";"014";"ALACANT/ALICANTE";"L'ALACANTI";"03002";"CALLE SANTA ANA,5-7Ñ, 000";"C";"CALLE";"SANTA ANA,5-7Ñ";"000"; ; ;"P";"PENSIÓN";"P";"PENSIÓN";"6";"10";"NCD";"NO PERTENECE A NINGUNA CADENA";"29/01/1988";"03/11/1994";"SIEMPRE ABIERTO";"De Lunes a Domingo"
"CV H00044 A";"B";"BAJA";"0";"PENSIÓN";"PARIS";"03";"ALACANT";"014";"ALACANT/ALICANTE";"L'ALACANTI";"03001";"CALLE SAN FERNANDO,56, 005";"C";"CALLE";"SAN FERNANDO,56";"005"; ; ;"P";"PENSIÓN";"P";"PENSIÓN";"13";"23";"NCD";"NO PERTENECE A NINGUNA CADENA";"24/05/1960";"16/09/1994";"SIEMPRE ABIERTO";"De Lunes a Domingo"
"CV H01719 A";"A";"ALTA";"2";"2 ESTRELLAS";"PASEITO";"03";"ALACANT";"014";"ALACANT/ALICANTE";"L'ALACANTI";"03002";"PLAZA PASEÍTO RAMIRO, 3";"PL";"PLAZA";"PASEÍTO RAMIRO";"3";"carol@adpomares.com"; ;"H";"HOTEL";"H";"HOTEL";"9";"16";"NCD";"NO PERTENECE A NINGUNA CADENA";"18/06/2025"; ;"SIEMPRE ABIERTO";"De Lunes a Domingo"
"CV H01518 A";"B";"BAJA"; ; ;"PICASSO";"03";"ALACANT";"014";"ALACANT/ALICANTE";"L'ALACANTI";"03004";"CALLE PADRE MARIANA, 5, ENT IZQ";"C";"CALLE";"PADRE MARIANA";"5, ENT IZQ";"soumia__102@hotmail.com"; ;"P";"PENSIÓN"; ; ;"7";"14";"NCD";"NO PERTENECE A NINGUNA CADENA";"26/09/2019";"30/11/2022";"SIEMPRE ABIERTO";"De Lunes a Domingo"
"CV H01098 A";"B";"BAJA";"1";"1 ESTRELLA";"PLAYA";"03";"ALACANT";"014";"ALACANT/ALICANTE";"L'ALACANTI";"03002";"CALLE JOVELLANOS, 1";"C";"CALLE";"JOVELLANOS";"1"; ; ;"H";"HOTEL";"H";"HOTEL";"6";"8";"NCD";"NO PERTENECE A NINGUNA CADENA";"09/07/1990";"15/01/2004";"SIEMPRE ABIERTO";"De Lunes a Domingo"
"CV H01705 A";"A";"ALTA";"0";"PENSIÓN";"PLAZA AMERICA";"03";"ALACANT";"014";"ALACANT/ALICANTE";"L'ALACANTI";"03010";"CALLE PAU CASAL, 5, PTA H";"C";"CALLE";"PAU CASAL";"5, PTA H";"pensionplazaamerica@gmail.com"; ;"P";"PENSIÓN"; ; ;"12";"15";"NCD";"NO PERTENECE A NINGUNA CADENA";"30/04/2025"; ;"SIEMPRE ABIERTO";"De Lunes a Domingo"
"CV H00086 A";"A";"ALTA";"0";"PENSIÓN";"POPEYE";"03";"ALACANT";"014";"ALACANT/ALICANTE";"L'ALACANTI";"03003";"CALLE REYES CATÓLICOS, 16";"C";"CALLE";"REYES CATÓLICOS";"16"; ; ;"P";"PENSIÓN";"P";"PENSIÓN";"6";"9";"NCD";"NO PERTENECE A NINGUNA CADENA";"12/04/1961"; ;"SIEMPRE ABIERTO";"De Lunes a Domingo"
"CV H00631 A";"A";"ALTA";"4";"4 ESTRELLAS";"PORT ALICANTE CITY & BEACH";"03";"ALACANT";"014";"ALACANT/ALICANTE";"L'ALACANTI";"03540";"AVENIDA CATALUÑA - PLAYA DE SAN JUAN, 20";"AV";"AVENIDA";"CATALUÑA - PLAYA DE SAN JUAN";"20";"portalicante@porthotels.es";"www.porthotels.es";"H";"HOTEL";"H";"HOTEL";"207";"414";"POR";"PORT HOTELS";"26/02/1975"; ;"SIEMPRE ABIERTO";"De Lunes a Domingo"
"CV H00705 A";"A";"ALTA";"0";"PENSIÓN";"PORTUGAL";"03";"ALACANT";"014";"ALACANT/ALICANTE";"L'ALACANTI";"03003";"CALLE PORTUGAL, 26-1º IZQUIERDA, 26";"C";"CALLE";"PORTUGAL, 26-1º IZQUIERDA";"26"; ;"www.pensionportugalalicante.com";"P";"PENSIÓN";"P";"PENSIÓN";"18";"25";"NCD";"NO PERTENECE A NINGUNA CADENA";"15/01/1970"; ;"SIEMPRE ABIERTO";"De Lunes a Domingo"
"CV H00356 A";"A";"ALTA";"2";"2 ESTRELLAS";"RAMBLA";"03";"ALACANT";"014";"ALACANT/ALICANTE";"L'ALACANTI";"03002";"AVENIDA RAMBLA DE MENDEZ NUÑEZ, 9";"AV";"AVENIDA";"RAMBLA DE MENDEZ NUÑEZ";"9";"reservas@hotelrambla.com";"www.hotelrambla.es";"HS";"HOSTAL";"SR";"HOSTAL-RESIDENCIA";"20";"42";"NCD";"NO PERTENECE A NINGUNA CADENA";"03/11/1970"; ;"SIEMPRE ABIERTO";"De Lunes a Domingo"
"CV H01669 A";"A";"ALTA"; ; ;"RAMBLA 24 by HOLIHOME";"03";"ALACANT";"014";"ALACANT/ALICANTE";"L'ALACANTI";"03002";"AVENIDA RAMBLA MÉNDEZ NÚÑEZ, 24";"AV";"AVENIDA";"RAMBLA MÉNDEZ NÚÑEZ";"24";"holihomeav@gmail.com";"http://holihome.es";"HS";"HOSTAL"; ; ;"8";"16";"NCD";"NO PERTENECE A NINGUNA CADENA";"29/07/2024"; ;"SIEMPRE ABIERTO";"De Lunes a Domingo"
"CV H01728 A";"A";"ALTA";"0";"PENSIÓN";"RAMBLA ALICANTE";"03";"ALACANT";"014";"ALACANT/ALICANTE";"L'ALACANTI";"03002";"AVENIDA RAMBLA MÉNDEZ NÚÑEZ, 48-1ºB";"AV";"AVENIDA";"RAMBLA MÉNDEZ NÚÑEZ";"48-1ºB"; ; ;"P";"PENSIÓN"; ; ;"4";"8";"NCD";"NO PERTENECE A NINGUNA CADENA";"07/07/2025"; ;"SIEMPRE ABIERTO";"De Lunes a Domingo"
"CV H00051 A";"B";"BAJA";"2";"2 ESTRELLAS";"REFORMA, LA";"03";"ALACANT";"014";"ALACANT/ALICANTE";"L'ALACANTI";"03003";"CALLE REYES CATOLICOS, 7";"C";"CALLE";"REYES CATOLICOS";"7"; ;"http://lareforma.servicom.es";"H";"HOTEL";"H";"HOTEL";"52";"95";"NCD";"NO PERTENECE A NINGUNA CADENA";"17/12/1974";"23/05/2007";"SIEMPRE ABIERTO";"De Lunes a Domingo"
"CV H01237 A";"B";"BAJA";"0";"PENSIÓN";"RESIDENCIA PINTOR VELAZQUEZ";"03";"ALACANT";"014";"ALACANT/ALICANTE";"L'ALACANTI";"03004";"CALLE PINTOR VELAZQUEZ, 31";"C";"CALLE";"PINTOR VELAZQUEZ";"31"; ; ;"P";"PENSIÓN";"P";"PENSIÓN";"5";"7";"NCD";"NO PERTENECE A NINGUNA CADENA";"29/01/2002";"20/12/2006";"SIEMPRE ABIERTO";"De Lunes a Domingo"
"CV H01685 A";"A";"ALTA"; ; ;"RO'S LIL";"03";"ALACANT";"014";"ALACANT/ALICANTE";"L'ALACANTI";"03540";"AVENIDA CONDOMINA, 51";"AV";"AVENIDA";"CONDOMINA";"51";"roslilsuites@gmail.com";"http://roslilsuites.com";"P";"PENSIÓN"; ; ;"11";"23";"NCD";"NO PERTENECE A NINGUNA CADENA";"18/11/2024"; ;"SIEMPRE ABIERTO";"De Lunes a Domingo"
"CV H01710 A";"A";"ALTA"; ; ;"ROOMS & GO";"03";"ALACANT";"014";"ALACANT/ALICANTE";"L'ALACANTI";"03004";"CALLE PADRE MARIANA, 5, ENLO IZ";"C";"CALLE";"PADRE MARIANA";"5, ENLO IZ";"info@roomsandgo.com"; ;"P";"PENSIÓN"; ; ;"8";"9";"NCD";"NO PERTENECE A NINGUNA CADENA";"20/05/2025"; ;"SIEMPRE ABIERTO";"De Lunes a Domingo"
"CV H01726 A";"A";"ALTA"; ; ;"ROOMS ALICANTE";"03";"ALACANT";"014";"ALACANT/ALICANTE";"L'ALACANTI";"03004";"CALLE PABLO IGLESIAS, 42 ENT";"C";"CALLE";"PABLO IGLESIAS";"42 ENT";"montiellledroasesores@consultor.com"; ;"P";"PENSIÓN"; ; ;"4";"8";"NCD";"NO PERTENECE A NINGUNA CADENA";"04/07/2025"; ;"SIEMPRE ABIERTO";"De Lunes a Domingo"
"CV H01767 A";"A";"ALTA";"0";"PENSIÓN";"ROSA DE PASIÓN";"03";"ALACANT";"014";"ALACANT/ALICANTE";"L'ALACANTI";"03699";"CALLE MAR MUERTO, 2";"C";"CALLE";"MAR MUERTO";"2";"rosadepassion@gmail.com";"https://rosadepasion.com";"HS";"HOSTAL"; ; ;"14";"28";"NCD";"NO PERTENECE A NINGUNA CADENA";"07/11/2025"; ;"SIEMPRE ABIERTO";"De Lunes a Domingo"
"CV H00594 A";"B";"BAJA";"0";"PENSIÓN";"ROSI";"03";"ALACANT";"014";"ALACANT/ALICANTE";"L'ALACANTI";"03004";"CALLE SEGURA, 000";"C";"CALLE";"SEGURA";"000"; ; ;"P";"PENSIÓN";"P";"PENSIÓN";"3";"5";"NCD";"NO PERTENECE A NINGUNA CADENA";"02/01/1968";"11/01/1995";"SIEMPRE ABIERTO";"De Lunes a Domingo"
"CV H01764 A";"A";"ALTA";"0";"PENSIÓN";"ROYAL SUITE ALICANTE";"03";"ALACANT";"014";"ALACANT/ALICANTE";"L'ALACANTI";"03010";"CALLE VICENTE ALEXANDRE, 1";"C";"CALLE";"VICENTE ALEXANDRE";"1"; ; ;"HS";"HOSTAL"; ; ;"13";"30";"NCD";"NO PERTENECE A NINGUNA CADENA";"13/10/2025"; ;"SIEMPRE ABIERTO";"De Lunes a Domingo"
"CV H01723 A";"A";"ALTA"; ; ;"SALAMANCA 34";"03";"ALACANT";"014";"ALACANT/ALICANTE";"L'ALACANTI";"03005";"AVENIDA SALAMANCA, 34 ENTR IZ";"AV";"AVENIDA";"SALAMANCA";"34 ENTR IZ";"elenarete@gmail.com"; ;"P";"PENSIÓN"; ; ;"3";"6";"NCD";"NO PERTENECE A NINGUNA CADENA";"05/06/2025"; ;"SIEMPRE ABIERTO";"De Lunes a Domingo"
"CV H01063 A";"B";"BAJA";"0";"PENSIÓN";"SAN ANTONI";"03";"ALACANT";"014";"ALACANT/ALICANTE";"L'ALACANTI";"03002";"CALLE VIRGEN DEL SOCORRO, 48-";"C";"CALLE";"VIRGEN DEL SOCORRO";"48-"; ; ;"P";"PENSIÓN";"P";"PENSIÓN";"14";"24";"NCD";"NO PERTENECE A NINGUNA CADENA";"29/01/1988";"21/04/1998";"SIEMPRE ABIERTO";"De Lunes a Domingo"
"CV H00708 A";"A";"ALTA";"0";"PENSIÓN";"SAN BLAS";"03";"ALACANT";"014";"ALACANT/ALICANTE";"L'ALACANTI";"03005";"AVENIDA AVDA.SOTO AMENO, 48";"AV";"AVENIDA";"AVDA.SOTO AMENO";"48"; ; ;"P";"PENSIÓN";"P";"PENSIÓN";"4";"7";"NCD";"NO PERTENECE A NINGUNA CADENA";"10/03/1970"; ;"SIEMPRE ABIERTO";"De Lunes a Domingo"
"CV H00398 A";"B";"BAJA";"0";"PENSIÓN";"SAN MIGUEL";"03";"ALACANT";"014";"ALACANT/ALICANTE";"L'ALACANTI";"03003";"CALLE PORTUGAL, 36";"C";"CALLE";"PORTUGAL";"36"; ; ;"P";"PENSIÓN";"P";"PENSIÓN";"6";"8";"NCD";"NO PERTENECE A NINGUNA CADENA";"30/05/1964";"23/07/1998";"SIEMPRE ABIERTO";"De Lunes a Domingo"
"CV H00012 A";"A";"ALTA";"1";"1 ESTRELLA";"SAN REMO";"03";"ALACANT";"014";"ALACANT/ALICANTE";"L'ALACANTI";"03001";"CALLE DE LAS NAVAS, 30";"C";"CALLE";"DE LAS NAVAS";"30";"info@hotelsanremo.net";"http://www.hotelsanremo.net";"H";"HOTEL";"H";"HOTEL";"27";"53";"NCD";"NO PERTENECE A NINGUNA CADENA";"25/02/1967"; ;"SIEMPRE ABIERTO";"De Lunes a Domingo"
"CV H01566 A";"A";"ALTA"; ; ;"SANDRA ROOMS";"03";"ALACANT";"014";"ALACANT/ALICANTE";"L'ALACANTI";"03016";"AVENIDA ALBUFERETA, 96 (78-A)";"AV";"AVENIDA";"ALBUFERETA";"96 (78-A)";"garciro57@hotmail.com"; ;"P";"PENSIÓN"; ; ;"5";"10";"NCD";"NO PERTENECE A NINGUNA CADENA";"11/06/2021"; ;"SIEMPRE ABIERTO";"De Lunes a Domingo"
"CV H01168 A";"B";"BAJA";"0";"PENSIÓN";"SANFER";"03";"ALACANT";"014";"ALACANT/ALICANTE";"L'ALACANTI";"03001";"CALLE SAN FERNANDO, 58-";"C";"CALLE";"SAN FERNANDO";"58-"; ; ;"P";"PENSIÓN";"P";"PENSIÓN";"7";"13";"NCD";"NO PERTENECE A NINGUNA CADENA";"03/02/1998";"10/08/2005";"SIEMPRE ABIERTO";"De Lunes a Domingo"
"CV H01062 A";"B";"BAJA";"0";"PENSIÓN";"SANTA GEMA";"03";"ALACANT";"014";"ALACANT/ALICANTE";"L'ALACANTI";"03002";"CALLE SANTA ANA,3-3 Y 5, 000";"C";"CALLE";"SANTA ANA,3-3 Y 5";"000"; ; ;"P";"PENSIÓN";"P";"PENSIÓN";"12";"20";"NCD";"NO PERTENECE A NINGUNA CADENA";"04/01/1988";"16/07/1997";"SIEMPRE ABIERTO";"De Lunes a Domingo"
"CV H00243 A";"B";"BAJA";"0";"PENSIÓN";"SANTA LUCIA";"03";"ALACANT";"014";"ALACANT/ALICANTE";"L'ALACANTI";"03001";"AVENIDA DR. GADEA, 6";"AV";"AVENIDA";"DR. GADEA";"6"; ;"http://www.hostalsantaluciaalicante.com";"P";"PENSIÓN";"P";"PENSIÓN";"20";"36";"NCD";"NO PERTENECE A NINGUNA CADENA";"26/05/1977";"10/01/2023";"SIEMPRE ABIERTO";"De Lunes a Domingo"
"CV H01621 A";"B";"BAJA";"0";"PENSIÓN";"SANTA LUCIA";"03";"ALACANT";"014";"ALACANT/ALICANTE";"L'ALACANTI";"03001";"AVENIDA DOCTOR GADEA, 6";"AV";"AVENIDA";"DOCTOR GADEA";"6"; ; ;"P";"PENSIÓN"; ; ;"20";"36";"NCD";"NO PERTENECE A NINGUNA CADENA";"31/05/2023";"21/12/2023";"SIEMPRE ABIERTO";"De Lunes a Domingo"
"CV H00909 A";"B";"BAJA";"0";"PENSIÓN";"SANTA MARÍA DEL MAR";"03";"ALACANT";"014";"ALACANT/ALICANTE";"L'ALACANTI";"03002";"CALLE LONJA DE CABALLEROS, 4";"C";"CALLE";"LONJA DE CABALLEROS";"4"; ; ;"P";"PENSIÓN";"P";"PENSIÓN";"5";"7";"NCD";"NO PERTENECE A NINGUNA CADENA";"08/07/1974";"07/03/2000";"SIEMPRE ABIERTO";"De Lunes a Domingo"
"CV H01500 A";"A";"ALTA";"2";"2 ESTRELLAS";"SANTACREU";"03";"ALACANT";"014";"ALACANT/ALICANTE";"L'ALACANTI";"03138";"CALLE VIRGEN DEL CARMEN - ISLA TABARCA, 3";"C";"CALLE";"VIRGEN DEL CARMEN - ISLA TABARCA";"3";"hotelsantacreu@gmail.com";"http://hotelsantacreu.com";"H";"HOTEL";"H";"HOTEL";"10";"20";"NCD";"NO PERTENECE A NINGUNA CADENA";"27/05/2019"; ;"19/03 - 31/12";"De Lunes a Domingo"
"CV H01672 A";"A";"ALTA"; ; ;"SEMPERE";"03";"ALACANT";"014";"ALACANT/ALICANTE";"L'ALACANTI";"03003";"CALLE PROFESOR MANUEL SALA, 8";"C";"CALLE";"PROFESOR MANUEL SALA";"8";"elenarete@gmail.com"; ;"P";"PENSIÓN"; ; ;"12";"23";"NCD";"NO PERTENECE A NINGUNA CADENA";"05/09/2024"; ;"SIEMPRE ABIERTO";"De Lunes a Domingo"
"CV H01530 A";"A";"ALTA";"4";"4 ESTRELLAS";"SERAWA ALICANTE";"03";"ALACANT";"014";"ALACANT/ALICANTE";"L'ALACANTI";"03002";"CALLE SAN FERNANDO, 16";"C";"CALLE";"SAN FERNANDO";"16";"info.alicante@serawahotels.com";"http://www.serawahotels.com";"H";"HOTEL";"H";"HOTEL";"21";"42";"NCD";"NO PERTENECE A NINGUNA CADENA";"17/02/2020"; ;"SIEMPRE ABIERTO";"De Lunes a Domingo"
"CV H00920 A";"A";"ALTA";"3";"3 ESTRELLAS";"SERCOTEL MAYA ALICANTE";"03";"ALACANT";"014";"ALACANT/ALICANTE";"L'ALACANTI";"03002";"CALLE CANÓNIGO MANUEL PENALVA, 2";"C";"CALLE";"CANÓNIGO MANUEL PENALVA";"2";"info@hotelalicantemaya.com";"http://www.hotelalicantemaya.com/";"H";"HOTEL";"H";"HOTEL";"194";"402";"SEC";"SERCOTEL";"02/10/1974"; ;"SIEMPRE ABIERTO";"De Lunes a Domingo"
"CV H00906 A";"B";"BAJA";"5";"5 ESTRELLAS";"SIDI SAN JUAN";"03";"ALACANT";"014";"ALACANT/ALICANTE";"L'ALACANTI";"03540";"PARTIDA C/ LA DOBLADA,   CABO DE LAS HUERTAS, S.N";"PD";"PARTIDA";"C/ LA DOBLADA,   CABO DE LAS HUERTAS";"S.N";"direccion@sidisanjuan.com";"http://www.hotelessidi.es";"H";"HOTEL";"H";"HOTEL";"176";"330";"SID";"HOTELES SIDI";"15/10/1975";"06/07/2012";"SIEMPRE ABIERTO";"De Lunes a Domingo"
"CV H01583 A";"A";"ALTA"; ; ;"SIDNEY";"03";"ALACANT";"014";"ALACANT/ALICANTE";"L'ALACANTI";"03013";"CALLE DR. AYELA, 16";"C";"CALLE";"DR. AYELA";"16"; ; ;"P";"PENSIÓN"; ; ;"22";"41";"NCD";"NO PERTENECE A NINGUNA CADENA";"13/12/2021"; ;"SIEMPRE ABIERTO";"De Lunes a Domingo"
"CV H01426 A";"A";"ALTA"; ; ;"SMILE & CO";"03";"ALACANT";"014";"ALACANT/ALICANTE";"L'ALACANTI";"03001";"CALLE RAFAEL TEROL, 22";"C";"CALLE";"RAFAEL TEROL";"22";"info@hostalalicantesmileandco.com";"https://hostalalicantesmileandco.com";"HS";"HOSTAL"; ; ;"11";"20";"NCD";"NO PERTENECE A NINGUNA CADENA";"22/06/2015"; ;"SIEMPRE ABIERTO";"De Lunes a Domingo"
"CV H01251 A";"A";"ALTA";"4";"4 ESTRELLAS";"SPA PORTA MARIS & SUITES DEL MAR";"03";"ALACANT";"014";"ALACANT/ALICANTE";"L'ALACANTI";"03002";"PLAZA PUERTA DEL MAR, 3";"PL";"PLAZA";"PUERTA DEL MAR";"3";"reservas@hotelspaportamaris.com";"https://www.suitesdelmar.com";"H";"HOTEL";"H";"HOTEL";"178";"364";"SOL";"MELIÁ HOTELS INTERNATIONAL";"07/10/2002"; ;"SIEMPRE ABIERTO";"De Lunes a Domingo"
"CV H01532 A";"A";"ALTA"; ; ;"START HOME";"03";"ALACANT";"014";"ALACANT/ALICANTE";"L'ALACANTI";"03002";"CALLE GRAL. PRIMO DE RIVERA, 10-ESC.1, ENTLO.IZQ.";"C";"CALLE";"GRAL. PRIMO DE RIVERA, 10-ESC.1";"ENTLO.IZQ.";"djamilayebdri1993@gmail.com"; ;"P";"PENSIÓN"; ; ;"3";"6";"NCD";"NO PERTENECE A NINGUNA CADENA";"27/02/2020"; ;"SIEMPRE ABIERTO";"De Lunes a Domingo"
"CV H01769 A";"A";"ALTA";"1";"1 ESTRELLA";"SUITES BOGOTA";"03";"ALACANT";"014";"ALACANT/ALICANTE";"L'ALACANTI";"03010";"CALLE GENERAL PINTOS, 18, PB P01";"C";"CALLE";"GENERAL PINTOS";"18, PB P01";"ismaelcastillo88@hotmail.com"; ;"H";"HOTEL";"HA";"HOTEL-APARTAMENTO";"12";"23";"NCD";"NO PERTENECE A NINGUNA CADENA";"26/11/2025"; ;"SIEMPRE ABIERTO";"De Lunes a Domingo"
"CV H01681 A";"A";"ALTA"; ; ;"SUITES GRAN VIA BY GUILLMAN";"03";"ALACANT";"014";"ALACANT/ALICANTE";"L'ALACANTI";"03010";"AVENIDA GRAN VIA, 11";"AV";"AVENIDA";"GRAN VIA";"11";"recepcion@guillman.es"; ;"HS";"HOSTAL"; ; ;"13";"28";"NCD";"NO PERTENECE A NINGUNA CADENA";"05/11/2024"; ;"SIEMPRE ABIERTO";"De Lunes a Domingo"
"CV H01612 A";"A";"ALTA"; ; ;"SUSITA";"03";"ALACANT";"014";"ALACANT/ALICANTE";"L'ALACANTI";"03012";"CALLE ALCALA GALIANO, 39";"C";"CALLE";"ALCALA GALIANO";"39";"pensionsusita@hotmail.com";"https://pensionsusita.com/";"P";"PENSIÓN"; ; ;"4";"7";"NCD";"NO PERTENECE A NINGUNA CADENA";"23/12/2022"; ;"SIEMPRE ABIERTO";"De Lunes a Domingo"
"CV H01698 A";"A";"ALTA"; ; ;"SWEET SAN FRANCISCO";"03";"ALACANT";"014";"ALACANT/ALICANTE";"L'ALACANTI";"03001";"CALLE SAN FRANCISCO, 42";"C";"CALLE";"SAN FRANCISCO";"42";"sweetsanfrancisco2023@gmail.com"; ;"P";"PENSIÓN"; ; ;"8";"16";"NCD";"NO PERTENECE A NINGUNA CADENA";"11/03/2025"; ;"SIEMPRE ABIERTO";"De Lunes a Domingo"
"CV H01677 A";"A";"ALTA";"1";"1 ESTRELLA";"TQ 10 ALICANTE";"03";"ALACANT";"014";"ALACANT/ALICANTE";"L'ALACANTI";"03013";"CALLE TORRES QUEVEDO, 10";"C";"CALLE";"TORRES QUEVEDO";"10";"tq10alicante@unitedrenters.es"; ;"H";"HOTEL";"HA";"HOTEL-APARTAMENTO";"9";"20";"NCD";"NO PERTENECE A NINGUNA CADENA";"07/10/2024"; ;"SIEMPRE ABIERTO";"De Lunes a Domingo"
"CV H01487 A";"A";"ALTA"; ; ;"URBAN ROOMS ALICANTE";"03";"ALACANT";"014";"ALACANT/ALICANTE";"L'ALACANTI";"03004";"CALLE MANUEL ANTON, 6";"C";"CALLE";"MANUEL ANTON";"6";"soumia__102@hotmail.com"; ;"P";"PENSIÓN"; ; ;"7";"11";"NCD";"NO PERTENECE A NINGUNA CADENA";"26/10/2018"; ;"SIEMPRE ABIERTO";"De Lunes a Domingo"
"CV H01587 A";"A";"ALTA"; ; ;"UTOPIA";"03";"ALACANT";"014";"ALACANT/ALICANTE";"L'ALACANTI";"03004";"CALLE TRAFALGAR, 33";"C";"CALLE";"TRAFALGAR";"33";"utopiaalicante@gmail.com";"http://utopiaalicante.com";"P";"PENSIÓN"; ; ;"6";"11";"NCD";"NO PERTENECE A NINGUNA CADENA";"20/04/2022"; ;"SIEMPRE ABIERTO";"De Lunes a Domingo"
"CV H00082 A";"B";"BAJA";"0";"PENSIÓN";"VENECIA";"03";"ALACANT";"014";"ALACANT/ALICANTE";"L'ALACANTI";"03002";"AVENIDA RAMBLA MENDEZ NUÑEZ-11, 001";"AV";"AVENIDA";"RAMBLA MENDEZ NUÑEZ-11";"001"; ; ;"P";"PENSIÓN";"P";"PENSIÓN";"10";"17";"NCD";"NO PERTENECE A NINGUNA CADENA";"06/09/1969";"08/07/1994";"SIEMPRE ABIERTO";"De Lunes a Domingo"
"CV H00684 A";"A";"ALTA";"1";"1 ESTRELLA";"VENTURA";"03";"ALACANT";"014";"ALACANT/ALICANTE";"L'ALACANTI";"03002";"CALLE SAN FERNANDO, 10-6º";"C";"CALLE";"SAN FERNANDO";"10-6º";"aleyva@hotmail.es";"http://www.hostal-ventura.com";"HS";"HOSTAL";"SR";"HOSTAL-RESIDENCIA";"12";"23";"NCD";"NO PERTENECE A NINGUNA CADENA";"19/07/1969"; ;"SIEMPRE ABIERTO";"De Lunes a Domingo"
"CV H01738 A";"A";"ALTA"; ; ;"VENTURA LUXURY";"03";"ALACANT";"014";"ALACANT/ALICANTE";"L'ALACANTI";"03002";"CALLE SAN FERNANDO, 10-2ºDCHA.";"C";"CALLE";"SAN FERNANDO";"10-2ºDCHA.";"reservas@venturapremium.com";"http://venturapremium.com";"P";"PENSIÓN"; ; ;"4";"8";"NCD";"NO PERTENECE A NINGUNA CADENA";"31/07/2025"; ;"SIEMPRE ABIERTO";"De Lunes a Domingo"
"CV H00491 A";"A";"ALTA";"0";"PENSIÓN";"VERSALLES";"03";"ALACANT";"014";"ALACANT/ALICANTE";"L'ALACANTI";"03002";"CALLE VILLAVIEJA, 3";"C";"CALLE";"VILLAVIEJA";"3"; ; ;"P";"PENSIÓN";"P";"PENSIÓN";"10";"17";"NCD";"NO PERTENECE A NINGUNA CADENA";"14/08/1965"; ;"SIEMPRE ABIERTO";"De Lunes a Domingo"
"CV H00543 A";"B";"BAJA";"0";"PENSIÓN";"VILLA VICENTA";"03";"ALACANT";"014";"ALACANT/ALICANTE";"L'ALACANTI";"03012";"CALLE FINESTRAT, 7";"C";"CALLE";"FINESTRAT";"7"; ; ;"P";"PENSIÓN";"P";"PENSIÓN";"12";"21";"NCD";"NO PERTENECE A NINGUNA CADENA";"06/11/1969";"07/03/2000";"SIEMPRE ABIERTO";"De Lunes a Domingo"
"CV H01580 A";"A";"ALTA";"2";"2 ESTRELLAS";"WAYTEKO";"03";"ALACANT";"014";"ALACANT/ALICANTE";"L'ALACANTI";"03007";"CALLE CATEDRÁTICO SOLER, 28";"C";"CALLE";"CATEDRÁTICO SOLER";"28";"sales@wayteko-apart.com";"http://wayteko-apart.com/es";"H";"HOTEL"; ; ;"10";"19";"NCD";"NO PERTENECE A NINGUNA CADENA";"19/11/2021"; ;"SIEMPRE ABIERTO";"De Lunes a Domingo"
"CV H01752 A";"A";"ALTA";"2";"2 ESTRELLAS";"WAYTEKO SAN ANTON";"03";"ALACANT";"014";"ALACANT/ALICANTE";"L'ALACANTI";"03004";"CALLE NUEVA ALTA, 46";"C";"CALLE";"NUEVA ALTA";"46";"marina.lupaeva@wayteko.com"; ;"H";"HOTEL";"H";"HOTEL";"18";"36";"NCD";"NO PERTENECE A NINGUNA CADENA";"25/09/2025"; ;"SIEMPRE ABIERTO";"De Lunes a Domingo"
"CV H01700 A";"A";"ALTA"; ; ;"WHITE COAST SUITES";"03";"ALACANT";"014";"ALACANT/ALICANTE";"L'ALACANTI";"03002";"PLAZA AJUNTAMENT, 2, 4º 2";"PL";"PLAZA";"AJUNTAMENT";"2, 4º 2";"info@whitecoastsuites.com"; ;"P";"PENSIÓN"; ; ;"4";"8";"NCD";"NO PERTENECE A NINGUNA CADENA";"27/03/2025"; ;"SIEMPRE ABIERTO";"De Lunes a Domingo"
"CV H01673 A";"B";"BAJA";"0";"PENSIÓN";"YES! ROOMS";"03";"ALACANT";"014";"ALACANT/ALICANTE";"L'ALACANTI";"03002";"CALLE SAN FERNANDO, 48, 3º";"C";"CALLE";"SAN FERNANDO";"48, 3º";"myrnyi90@ukr.net"; ;"P";"PENSIÓN"; ; ;"6";"10";"NCD";"NO PERTENECE A NINGUNA CADENA";"12/09/2024";"11/10/2024";"SIEMPRE ABIERTO";"De Lunes a Domingo"
"CV H01712 A";"A";"ALTA"; ; ;"YES! ROOMS";"03";"ALACANT";"014";"ALACANT/ALICANTE";"L'ALACANTI";"03002";"CALLE SAN FERNANDO, 48, 3º";"C";"CALLE";"SAN FERNANDO";"48, 3º";"2024apartments@gmail.com";"https://yes-rooms.alicantehotel.org/es/";"P";"PENSIÓN"; ; ;"6";"10";"NCD";"NO PERTENECE A NINGUNA CADENA";"09/05/2025"; ;"SIEMPRE ABIERTO";"De Lunes a Domingo"
"CV H01095 A";"A";"ALTA";"3";"3 ESTRELLAS";"YOU & COMPANY LES MONGES PALACE BOUTIQUE";"03";"ALACANT";"014";"ALACANT/ALICANTE";"L'ALACANTI";"03002";"CALLE SAN AGUSTÍN, 4";"C";"CALLE";"SAN AGUSTÍN";"4";"info@lesmonges.es";"www.lesmonges.es";"H";"HOTEL";"H";"HOTEL";"28";"47";"NCD";"NO PERTENECE A NINGUNA CADENA";"21/11/1989"; ;"SIEMPRE ABIERTO";"De Lunes a Domingo"
"CV H01408 A";"A";"ALTA";"3";"3 ESTRELLAS";"ALMORADI";"03";"ALACANT";"015";"ALMORADÍ";"EL BAIX SEGURA/LA VEGA BAJA";"03160";"AVENIDA ORIHUELA, 3";"AV";"AVENIDA";"ORIHUELA";"3"; ; ;"H";"HOTEL";"H";"HOTEL";"12";"18";"NCD";"NO PERTENECE A NINGUNA CADENA";"07/03/2013"; ;"SIEMPRE ABIERTO";"De Lunes a Domingo"
"CV H01362 A";"B";"BAJA";"3";"3 ESTRELLAS";"D'PEDRO";"03";"ALACANT";"015";"ALMORADÍ";"EL BAIX SEGURA/LA VEGA BAJA";"03160";"AVENIDA ORIHUELA, 3";"AV";"AVENIDA";"ORIHUELA";"3"; ; ;"H";"HOTEL";"H";"HOTEL";"12";"18";"NCD";"NO PERTENECE A NINGUNA CADENA";"30/01/2009";"22/12/2011";"SIEMPRE ABIERTO";"De Lunes a Domingo"
"CV H01564 A";"B";"BAJA";"0";"PENSIÓN";"EL RETIRO";"03";"ALACANT";"015";"ALMORADÍ";"EL BAIX SEGURA/LA VEGA BAJA";"03160";"AVENIDA DOCTOR MARAÑON, 11";"AV";"AVENIDA";"DOCTOR MARAÑON";"11";"ELRETIRO@HOSTALELRETIRO.COM";"http://WWW.HOSTALELRETIRO.COM";"HS";"HOSTAL"; ; ;"22";"37";"NCD";"NO PERTENECE A NINGUNA CADENA";"02/06/2021";"23/08/2021";"SIEMPRE ABIERTO";"De Lunes a Domingo"
"CV H00924 A";"A";"ALTA";"1";"1 ESTRELLA";"EL RETIRO";"03";"ALACANT";"015";"ALMORADÍ";"EL BAIX SEGURA/LA VEGA BAJA";"03160";"AVENIDA DR.MARAÑON, 11";"AV";"AVENIDA";"DR.MARAÑON";"11";"elretiro@hostalelretiro.com";"hostalelretiro.com";"HS";"HOSTAL";"SR";"HOSTAL-RESIDENCIA";"22";"37";"NCD";"NO PERTENECE A NINGUNA CADENA";"22/10/1975"; ;"SIEMPRE ABIERTO";"De Lunes a Domingo"
"CV H01310 A";"A";"ALTA";"3";"3 ESTRELLAS";"ABACO ALTEA";"03";"ALACANT";"018";"ALTEA";"LA MARINA BAIXA";"03590";"CALLE SALVA, 13";"C";"CALLE";"SALVA";"13";"abaco@hotelabaco.es";"https://www.hotelabaco.es";"H";"HOTEL";"H";"HOTEL";"10";"20";"NCD";"NO PERTENECE A NINGUNA CADENA";"27/06/2005"; ; ; 
"CV H00544 A";"A";"ALTA";"3";"3 ESTRELLAS";"ALTAIA ART I PLATJA";"03";"ALACANT";"018";"ALTEA";"LA MARINA BAIXA";"03590";"CALLE SANT PERE, 28";"C";"CALLE";"SANT PERE";"28";"contact@hotelaltaia.com";"http://www.hotelaltaia.com";"H";"HOTEL";"H";"HOTEL";"24";"48";"NCD";"NO PERTENECE A NINGUNA CADENA";"17/10/1966"; ;"SIEMPRE ABIERTO";"De Lunes a Domingo"
"CV H01537 A";"A";"ALTA"; ; ;"ALTEA HOUSE";"03";"ALACANT";"018";"ALTEA";"LA MARINA BAIXA";"03590";"CALLE LA MAR, 58";"C";"CALLE";"LA MAR";"58";"hola@alteahouse.com";"http://alteahouse.com";"HS";"HOSTAL"; ; ;"9";"18";"NCD";"NO PERTENECE A NINGUNA CADENA";"18/06/2020"; ;"SIEMPRE ABIERTO";"De Lunes a Domingo"
"CV H01642 A";"A";"ALTA"; ; ;"ALTEA KARMA";"03";"ALACANT";"018";"ALTEA";"LA MARINA BAIXA";"03590";"CALLE LES PITERES, 1";"C";"CALLE";"LES PITERES";"1";"info@hostalalteakarma.com";"https://hostalalteakarma.com";"HS";"HOSTAL"; ; ;"9";"18";"NCD";"NO PERTENECE A NINGUNA CADENA";"23/11/2023"; ;"SIEMPRE ABIERTO";"De Lunes a Domingo"
"CV H01614 A";"A";"ALTA";"2";"2 ESTRELLAS";"ALTEA PARADISE 1917";"03";"ALACANT";"018";"ALTEA";"LA MARINA BAIXA";"03590";"PARTIDA LOS ARCOS, 50";"PD";"PARTIDA";"LOS ARCOS";"50";"info@alteaparadise.com";"http://alteaparadise.com";"H";"HOTEL";"H";"HOTEL";"6";"12";"NCD";"NO PERTENECE A NINGUNA CADENA";"30/01/2023"; ;"SIEMPRE ABIERTO";"De Lunes a Domingo"
"CV H01552 A";"A";"ALTA"; ; ;"BLUE SARDINE";"03";"ALACANT";"018";"ALTEA";"LA MARINA BAIXA";"03590";"CALLE LA MAR, 54";"C";"CALLE";"LA MAR";"54";"info@bluesardinealtea.com";"http://www.bluesardinealtea.com";"HS";"HOSTAL"; ; ;"9";"18";"NCD";"NO PERTENECE A NINGUNA CADENA";"14/12/2020"; ;"SIEMPRE ABIERTO";"De Lunes a Domingo"
"CV H01597 A";"A";"ALTA"; ; ;"BLUE SARDINE 56";"03";"ALACANT";"018";"ALTEA";"LA MARINA BAIXA";"03590";"CALLE LA MAR, 56";"C";"CALLE";"LA MAR";"56";"info@bluesardinealtea.com";"http://www.bluesardinealtea.com";"HS";"HOSTAL"; ; ;"10";"20";"NCD";"NO PERTENECE A NINGUNA CADENA";"20/06/2022"; ;"SIEMPRE ABIERTO";"De Lunes a Domingo"
"CV H00955 A";"A";"ALTA";"4";"4 ESTRELLAS";"CAP NEGRET";"03";"ALACANT";"018";"ALTEA";"LA MARINA BAIXA";"03590";"CARRETERA VALENCIA-ALICANTE, KM. 132";"CR";"CARRETERA";"VALENCIA-ALICANTE";"KM. 132";"reservas@hotelcapnegret.es";"https://www.hotelcapnegret.es";"H";"HOTEL";"H";"HOTEL";"252";"504";"NCD";"NO PERTENECE A NINGUNA CADENA";"19/05/1976"; ;"21/01 - 17/11";"De Lunes a Domingo"
"CV H01449 A";"A";"ALTA"; ; ;"CASA DEL MAR";"03";"ALACANT";"018";"ALTEA";"LA MARINA BAIXA";"03590";"CALLE LA MAR, 51";"C";"CALLE";"LA MAR";"51";"casadelmaraltea@gmail.com";"https://www.hostalcasadelmar.es";"HS";"HOSTAL"; ; ;"7";"14";"NCD";"NO PERTENECE A NINGUNA CADENA";"13/10/2016"; ;"SIEMPRE ABIERTO";"De Lunes a Domingo"
"CV H01104 A";"A";"ALTA";"1";"1 ESTRELLA";"EL FORNET";"03";"ALACANT";"018";"ALTEA";"LA MARINA BAIXA";"03590";"CALLE BENIARDA, 1";"C";"CALLE";"BENIARDA";"1"; ; ;"HS";"HOSTAL";"HS";"HOSTAL";"20";"42";"NCD";"NO PERTENECE A NINGUNA CADENA";"12/03/1991"; ;"SIEMPRE ABIERTO";"De Lunes a Domingo"
"CV H00985 A";"A";"ALTA";"2";"2 ESTRELLAS";"EL TROVADOR";"03";"ALACANT";"018";"ALTEA";"LA MARINA BAIXA";"03590";"PARTIDA CAP NEGRET, OLLA DE ALTEA, 15";"PD";"PARTIDA";"CAP NEGRET, OLLA DE ALTEA";"15"; ; ;"HS";"HOSTAL";"HS";"HOSTAL";"17";"38";"NCD";"NO PERTENECE A NINGUNA CADENA";"07/06/1977"; ;"SIEMPRE ABIERTO";"De Lunes a Domingo"
"CV H01204 A";"A";"ALTA";"1";"1 ESTRELLA";"GALERA DEL MAR";"03";"ALACANT";"018";"ALTEA";"LA MARINA BAIXA";"03599";"CALLE TÓRTOLA, 7, 7";"C";"CALLE";"TÓRTOLA, 7";"7";"apartahotelgaleradelmaraltea@gmail.com";"https://hotelgaleradelmaraltea.com/";"HS";"HOSTAL";"SR";"HOSTAL-RESIDENCIA";"26";"66";"NCD";"NO PERTENECE A NINGUNA CADENA";"01/09/2000"; ;"SIEMPRE ABIERTO";"De Lunes a Domingo"
"CV H01479 A";"A";"ALTA"; ; ;"GRAN H LA MARINA";"03";"ALACANT";"018";"ALTEA";"LA MARINA BAIXA";"03590";"CALLE LA MAR, 100";"C";"CALLE";"LA MAR";"100";"info@granhlamarina.com";"http://granhlamarina.com";"P";"PENSIÓN"; ; ;"7";"13";"NCD";"NO PERTENECE A NINGUNA CADENA";"29/06/2018"; ;"SIEMPRE ABIERTO";"De Lunes a Domingo"
"CV H01534 A";"A";"ALTA"; ; ;"LA COSTERA";"03";"ALACANT";"018";"ALTEA";"LA MARINA BAIXA";"03590";"CALLE COSTERA MESTRE LA MÚSICA, 8";"C";"CALLE";"COSTERA MESTRE LA MÚSICA";"8";"pascalmantot@gmail.com"; ;"HS";"HOSTAL"; ; ;"4";"8";"NCD";"NO PERTENECE A NINGUNA CADENA";"16/06/2020"; ;"SIEMPRE ABIERTO";"De Lunes a Domingo"
"CV H01153 A";"A";"ALTA";"0";"PENSIÓN";"LA MAR";"03";"ALACANT";"018";"ALTEA";"LA MARINA BAIXA";"03590";"CALLE LA MAR, 82";"C";"CALLE";"LA MAR";"82";"habitacioneslamar@hotmail.com"; ;"P";"PENSIÓN";"P";"PENSIÓN";"11";"25";"NCD";"NO PERTENECE A NINGUNA CADENA";"08/02/1996"; ;"SIEMPRE ABIERTO";"De Lunes a Domingo"
"CV H01322 A";"A";"ALTA";"3";"3 ESTRELLAS";"LA SERENA";"03";"ALACANT";"018";"ALTEA";"LA MARINA BAIXA";"03590";"CALLE ALBA, 10";"C";"CALLE";"ALBA";"10";"info@hoteleslaserena.com";"http://www.hoteleslaserena.com/";"H";"HOTEL";"H";"HOTEL";"11";"22";"NCD";"NO PERTENECE A NINGUNA CADENA";"31/01/2006"; ;"SIEMPRE ABIERTO";"De Lunes a Domingo"
"CV H01092 A";"B";"BAJA";"0";"PENSIÓN";"LOMA";"03";"ALACANT";"018";"ALTEA";"LA MARINA BAIXA";"03590";"CALLE ALCOY, 000";"C";"CALLE";"ALCOY";"000"; ; ;"P";"PENSIÓN";"P";"PENSIÓN";"5";"9";"NCD";"NO PERTENECE A NINGUNA CADENA";"08/03/1989";"10/11/1997";"SIEMPRE ABIERTO";"De Lunes a Domingo"
"CV H01647 A";"A";"ALTA"; ; ;"LUXURY NIT I DIA";"03";"ALACANT";"018";"ALTEA";"LA MARINA BAIXA";"03590";"CALLE LA MAR, 3";"C";"CALLE";"LA MAR";"3";"hostalnitidia@gmail.com";"https://hostalnitidia.com";"HS";"HOSTAL"; ; ;"7";"11";"NCD";"NO PERTENECE A NINGUNA CADENA";"09/02/2024"; ;"SIEMPRE ABIERTO";"De Lunes a Domingo"
"CV H01676 A";"A";"ALTA"; ; ;"MAISON SALVA";"03";"ALACANT";"018";"ALTEA";"LA MARINA BAIXA";"03590";"CALLE SALVA, 1";"C";"CALLE";"SALVA";"1";"contact@investeegroup.com"; ;"HS";"HOSTAL"; ; ;"20";"40";"NCD";"NO PERTENECE A NINGUNA CADENA";"30/09/2024"; ;"SIEMPRE ABIERTO";"De Lunes a Domingo"
"CV H01692 A";"A";"ALTA";"2";"2 ESTRELLAS";"MIMAR ALTEA ROOMS";"03";"ALACANT";"018";"ALTEA";"LA MARINA BAIXA";"03590";"CALLE CARRETA, 18";"C";"CALLE";"CARRETA";"18";"ronny@mimaraltea.com";"http://www.mimaraltea.com/rooms";"H";"HOTEL";"HA";"HOTEL-APARTAMENTO";"5";"10";"NCD";"NO PERTENECE A NINGUNA CADENA";"27/01/2025"; ;"SIEMPRE ABIERTO";"De Lunes a Domingo"
"CV H01524 A";"B";"BAJA";"0";"PENSIÓN";"MOONA HOSTAL";"03";"ALACANT";"018";"ALTEA";"LA MARINA BAIXA";"03590";"CALLE LA MAR, 52";"C";"CALLE";"LA MAR";"52";"luna.navarro.saez@gmail.com";"http://moonahostalaltea.es";"HS";"HOSTAL"; ; ;"6";"12";"NCD";"NO PERTENECE A NINGUNA CADENA";"06/11/2019";"28/12/2020";"SIEMPRE ABIERTO";"De Lunes a Domingo"
"CV H01560 A";"A";"ALTA"; ; ;"MOONA HOSTAL ALTEA";"03";"ALACANT";"018";"ALTEA";"LA MARINA BAIXA";"03590";"CALLE LA MAR, 52";"C";"CALLE";"LA MAR";"52";"info@moonahostalaltea.com";"https://moonahostalaltea.com";"HS";"HOSTAL"; ; ;"6";"11";"NCD";"NO PERTENECE A NINGUNA CADENA";"21/05/2021"; ;"SIEMPRE ABIERTO";"De Lunes a Domingo"
"CV H01707 A";"A";"ALTA";"5";"5 ESTRELLAS";"NOMAD HOTEL & SPA ALTEA";"03";"ALACANT";"018";"ALTEA";"LA MARINA BAIXA";"03590";"CALLE COSTERA DELS MATXOS, 8";"C";"CALLE";"COSTERA DELS MATXOS";"8";"contabilidad@nomadhotelcollection.com";"https://nomadhotelcollection.com";"H";"HOTEL"; ; ;"22";"46";"NCD";"NO PERTENECE A NINGUNA CADENA";"25/04/2025"; ;"SIEMPRE ABIERTO";"De Lunes a Domingo"
"CV H01509 A";"A";"ALTA"; ; ;"OCEAN LOUNGE";"03";"ALACANT";"018";"ALTEA";"LA MARINA BAIXA";"03590";"AVENIDA PUERTO, 3";"AV";"AVENIDA";"PUERTO";"3";"gerencia@oceanlounge.es";"http://oceanlounge.es";"HS";"HOSTAL"; ; ;"8";"16";"NCD";"NO PERTENECE A NINGUNA CADENA";"30/07/2019"; ;"SIEMPRE ABIERTO";"De Lunes a Domingo"
"CV H01626 A";"A";"ALTA"; ; ;"PERLA BLANCA";"03";"ALACANT";"018";"ALTEA";"LA MARINA BAIXA";"03590";"CALLE SANT JOSEP, 34";"C";"CALLE";"SANT JOSEP";"34";"hola@alteaperlablanca.com";"https://www.alteaperlablanca.com/";"HS";"HOSTAL"; ; ;"7";"14";"NCD";"NO PERTENECE A NINGUNA CADENA";"27/07/2023"; ;"SIEMPRE ABIERTO";"De Lunes a Domingo"
"CV H01631 A";"A";"ALTA"; ; ;"PORTANOVA";"03";"ALACANT";"018";"ALTEA";"LA MARINA BAIXA";"03590";"CALLE BELÉN, 10";"C";"CALLE";"BELÉN";"10";"info@portanovasuites.com";"http://portanovasuites-altea.com";"HS";"HOSTAL"; ; ;"5";"10";"NCD";"NO PERTENECE A NINGUNA CADENA";"18/08/2023"; ;"SIEMPRE ABIERTO";"De Lunes a Domingo"
"CV H00982 A";"B";"BAJA";"2";"2 ESTRELLAS";"REY JAIME I";"03";"ALACANT";"018";"ALTEA";"LA MARINA BAIXA";"03590";"AVENIDA ALT REI EN JAUME I, 7";"AV";"AVENIDA";"ALT REI EN JAUME I";"7"; ; ;"HS";"HOSTAL";"HS";"HOSTAL";"27";"51";"NCD";"NO PERTENECE A NINGUNA CADENA";"01/04/1977";"20/12/2013";"SIEMPRE ABIERTO";"De Lunes a Domingo"
"CV H00447 A";"B";"BAJA";"0";"PENSIÓN";"REYAL";"03";"ALACANT";"018";"ALTEA";"LA MARINA BAIXA";"03590";"CALLE CONDE ALTEA, 17";"C";"CALLE";"CONDE ALTEA";"17"; ; ;"P";"PENSIÓN";"P";"PENSIÓN";"8";"10";"NCD";"NO PERTENECE A NINGUNA CADENA";"09/10/1964";"29/11/1999";"SIEMPRE ABIERTO";"De Lunes a Domingo"
"CV H00449 A";"A";"ALTA";"1";"1 ESTRELLA";"SAN MIGUEL";"03";"ALACANT";"018";"ALTEA";"LA MARINA BAIXA";"03590";"AVENIDA MAR, 65";"AV";"AVENIDA";"MAR";"65"; ; ;"H";"HOTEL";"H";"HOTEL";"24";"48";"NCD";"NO PERTENECE A NINGUNA CADENA";"24/11/1964"; ;"SIEMPRE ABIERTO";"De Lunes a Domingo"
"CV H01314 A";"A";"ALTA";"5";"5 ESTRELLAS";"SH VILLA GADEA";"03";"ALACANT";"018";"ALTEA";"LA MARINA BAIXA";"03590";"PARTIDA LA OLLA URB. VILLA GADEA, S/N";"PD";"PARTIDA";"LA OLLA URB. VILLA GADEA";"S/N";"sh@sh-hoteles.com";"http://www.sh-hoteles.com";"H";"HOTEL";"H";"HOTEL";"202";"418";"SH";"SH HOTELES";"29/08/2005"; ;"SIEMPRE ABIERTO";"De Lunes a Domingo"
"CV H00836 A";"B";"BAJA";"1";"1 ESTRELLA";"SOL";"03";"ALACANT";"018";"ALTEA";"LA MARINA BAIXA";"03590";"PARTIDA PLANETS, 152";"PD";"PARTIDA";"PLANETS";"152"; ; ;"HS";"HOSTAL";"SR";"HOSTAL-RESIDENCIA";"6";"14";"NCD";"NO PERTENECE A NINGUNA CADENA";"15/05/1972";"05/01/2001";"01/06 - 31/08";"De Lunes a Domingo"
"CV H01076 A";"B";"BAJA";"0";"PENSIÓN";"TEXAS";"03";"ALACANT";"018";"ALTEA";"LA MARINA BAIXA";"03590";"CALLE ALCOY, 5";"C";"CALLE";"ALCOY";"5"; ; ;"P";"PENSIÓN";"P";"PENSIÓN";"11";"17";"NCD";"NO PERTENECE A NINGUNA CADENA";"15/03/1988";"01/03/2005";"SIEMPRE ABIERTO";"De Lunes a Domingo"
"CV H01404 A";"A";"ALTA";"4";"4 ESTRELLAS";"TOSSAL D'ALTEA";"03";"ALACANT";"018";"ALTEA";"LA MARINA BAIXA";"03590";"CALLE PLÀ DE CASTELL, 96";"C";"CALLE";"PLÀ DE CASTELL";"96";"info@hoteltossalaltea.com";"http://hoteltossalaltea.com";"H";"HOTEL";"H";"HOTEL";"22";"46";"NCD";"NO PERTENECE A NINGUNA CADENA";"10/07/2012"; ;"SIEMPRE ABIERTO";"De Lunes a Domingo"
"CV H01391 A";"B";"BAJA";"4";"4 ESTRELLAS";"TOSSAL D'ALTEA";"03";"ALACANT";"018";"ALTEA";"LA MARINA BAIXA";"03590";"CALLE PLA DEL CASTELL, 96";"C";"CALLE";"PLA DEL CASTELL";"96";"info@hoteltossalaltea.com";"http://hoteltossalaltea.com";"H";"HOTEL";"H";"HOTEL";"22";"46";"NCD";"NO PERTENECE A NINGUNA CADENA";"15/10/2010";"21/06/2011";"SIEMPRE ABIERTO";"De Lunes a Domingo"
"CV H01285 A";"B";"BAJA";"0";"PENSIÓN";"VENTA EL PÍ DEL SENYORET";"03";"ALACANT";"018";"ALTEA";"LA MARINA BAIXA";"03590";"PARTIDA QUINTANES, 7";"PD";"PARTIDA";"QUINTANES";"7"; ; ;"P";"PENSIÓN";"P";"PENSIÓN";"5";"8";"NCD";"NO PERTENECE A NINGUNA CADENA";"17/11/2003";"14/03/2017";"SIEMPRE ABIERTO";"De Lunes a Domingo"
"CV H01179 A";"A";"ALTA";"5";"5 ESTRELLAS";"ZEM WELLNESS CLINIC ALTEA";"03";"ALACANT";"018";"ALTEA";"LA MARINA BAIXA";"03590";"CALLE SUECIA, S/N";"C";"CALLE";"SUECIA";"S/N";"info@zemaltea.com";"http://www.zemaltea.com";"H";"HOTEL";"H";"HOTEL";"95";"210"; ; ;"03/11/1998"; ;"SIEMPRE ABIERTO";"De Lunes a Domingo"
"CV H01561 A";"A";"ALTA";"3";"3 ESTRELLAS";"ÁBACO FUSIÓN";"03";"ALACANT";"018";"ALTEA";"LA MARINA BAIXA";"03590";"CALLE SANTÍSIMA TRINITAT Y CALLE UNIÓ 1, 2";"C";"CALLE";"SANTÍSIMA TRINITAT Y CALLE UNIÓ 1";"2";"abaco@hotelabaco.es";"http://hotelabaco.es";"H";"HOTEL";"H";"HOTEL";"8";"16";"NCD";"NO PERTENECE A NINGUNA CADENA";"28/05/2021"; ;"SIEMPRE ABIERTO";"De Lunes a Domingo"
"CV H01615 A";"A";"ALTA";"1";"1 ESTRELLA";"BELLEVALL";"03";"ALACANT";"019";"ASPE";"EL VINALOPO MITJA/EL VINALOPO";"03680";"CAMINO SILVANO (PARAJE LA OFRA), 18";"CM";"CAMINO";"SILVANO (PARAJE LA OFRA)";"18";"bellevalhotelrural@gmail.com";"http://bellevall.com";"H";"HOTEL";"HA";"HOTEL-APARTAMENTO";"14";"38";"NCD";"NO PERTENECE A NINGUNA CADENA";"08/02/2023"; ;"SIEMPRE ABIERTO";"De Lunes a Domingo"
"CV H01046 A";"A";"ALTA";"1";"1 ESTRELLA";"MOTEL MAYORDOMO";"03";"ALACANT";"019";"ASPE";"EL VINALOPO MITJA/EL VINALOPO";"03680";"CARRETERA DE NOVELDA, KM 5,6";"CR";"CARRETERA";"DE NOVELDA";"KM 5,6"; ; ;"H";"HOTEL";"H";"HOTEL";"8";"16";"NCD";"NO PERTENECE A NINGUNA CADENA";"01/02/1985"; ;"SIEMPRE ABIERTO";"De Lunes a Domingo"
"CV H01164 A";"A";"ALTA";"2";"2 ESTRELLAS";"YA";"03";"ALACANT";"019";"ASPE";"EL VINALOPO MITJA/EL VINALOPO";"03680";"AVENIDA 3 DE AGOSTO, 40";"AV";"AVENIDA";"3 DE AGOSTO";"40";"hola@hostalya.es";"https://hostalya.com";"HS";"HOSTAL";"SR";"HOSTAL-RESIDENCIA";"24";"48";"NCD";"NO PERTENECE A NINGUNA CADENA";"04/06/1997"; ;"SIEMPRE ABIERTO";"De Lunes a Domingo"
"CV H01269 A";"A";"ALTA";"1";"1 ESTRELLA";"GASOLINERA DE BAÑERES";"03";"ALACANT";"021";"BANYERES DE MARIOLA";"L'ALCOIA";"03450";"CALLE LES MOLINES, 35";"C";"CALLE";"LES MOLINES";"35";"hotelbanyeres@gmail.com"; ;"H";"HOTEL";"H";"HOTEL";"9";"14";"NCD";"NO PERTENECE A NINGUNA CADENA";"28/05/2003"; ;"SIEMPRE ABIERTO";"De Lunes a Domingo"
"CV H01227 A";"A";"ALTA";"1";"1 ESTRELLA";"MESÓN EL CASTILLO";"03";"ALACANT";"021";"BANYERES DE MARIOLA";"L'ALCOIA";"03450";"CALLE ALCOY, 8";"C";"CALLE";"ALCOY";"8";"info@mesonelcastillo.com";"http://www.mesonelcastillo.com";"H";"HOTEL";"H";"HOTEL";"11";"20";"NCD";"NO PERTENECE A NINGUNA CADENA";"23/11/2001"; ;"SIEMPRE ABIERTO";"De Lunes a Domingo"
"CV H00503 A";"B";"BAJA";"0";"PENSIÓN";"MONCHO";"03";"ALACANT";"021";"BANYERES DE MARIOLA";"L'ALCOIA"; ;"CALLE SAN ANTONIO, 001";"C";"CALLE";"SAN ANTONIO";"001"; ; ;"P";"PENSIÓN";"P";"PENSIÓN";"8";"12";"NCD";"NO PERTENECE A NINGUNA CADENA";"08/06/1965";"12/11/1992";"SIEMPRE ABIERTO";"De Lunes a Domingo"
"CV H01122 A";"A";"ALTA";"1";"1 ESTRELLA";"VENTA EL BORREGO";"03";"ALACANT";"021";"BANYERES DE MARIOLA";"L'ALCOIA";"03450";"CARRETERA VILLENA-ONTENIENTE, KM. 18";"CR";"CARRETERA";"VILLENA-ONTENIENTE, KM. 18"; ;"ventaelborrego@ventaelborrego.com";"http://www.ventaelborrego.com";"H";"HOTEL";"H";"HOTEL";"12";"23";"NCD";"NO PERTENECE A NINGUNA CADENA";"08/07/1993"; ;"SIEMPRE ABIERTO";"De Lunes a Domingo"
"CV H01574 A";"A";"ALTA";"3";"3 ESTRELLAS";"AD HOC VITAE";"03";"ALACANT";"026";"BENIARBEIG";"LA MARINA ALTA";"03778";"CALLE RIU GIRONA, 23A";"C";"CALLE";"RIU GIRONA";"23A";"adhocvitae@adhochoteles.com";"http://adhochoteles.com";"H";"HOTEL";"H";"HOTEL";"28";"53";"NCD";"NO PERTENECE A NINGUNA CADENA";"23/07/2021"; ;"SIEMPRE ABIERTO";"De Lunes a Domingo"
"CV H01687 A";"A";"ALTA"; ; ;"VILLA FOIA VELLA";"03";"ALACANT";"029";"BENIGEMBLA";"LA MARINA ALTA";"03794";"CAMINO DEL PASCUALET, S/N";"CM";"CAMINO";"DEL PASCUALET";"S/N";"info@villafoiavella.com";"http://villafoiavella.com";"HS";"HOSTAL"; ; ;"5";"10";"NCD";"NO PERTENECE A NINGUNA CADENA";"05/12/2024"; ;"SIEMPRE ABIERTO";"De Lunes a Domingo"
"CV H01453 A";"A";"ALTA"; ; ;"EL CID";"03";"ALACANT";"030";"BENIDOLEIG";"LA MARINA ALTA";"03759";"URBANIZACIÓN RINCÓN DEL SILENCIO, 3";"UR";"URBANIZACIÓN";"RINCÓN DEL SILENCIO";"3";"calcottcharlotte@gmail.com";"http://elcidspain.com";"P";"PENSIÓN"; ; ;"4";"8";"NCD";"NO PERTENECE A NINGUNA CADENA";"19/12/2016"; ;"SIEMPRE ABIERTO";"De Lunes a Domingo"
"CV H01713 A";"B";"BAJA";"2";"2 ESTRELLAS";"ABRAMOV";"03";"ALACANT";"031";"BENIDORM";"LA MARINA BAIXA";"03501";"CALLE MARQUES DE COMILLAS, 23";"C";"CALLE";"MARQUES DE COMILLAS";"23"; ; ;"H";"HOTEL";"H";"HOTEL";"20";"20";"NCD";"NO PERTENECE A NINGUNA CADENA";"30/05/2025";"10/07/2025";"SIEMPRE ABIERTO";"De Lunes a Domingo"
"CV H00725 A";"A";"ALTA";"3";"3 ESTRELLAS";"ACAPULCO";"03";"ALACANT";"031";"BENIDORM";"LA MARINA BAIXA";"03502";"AVENIDA RICARDO BAYONA, 7";"AV";"AVENIDA";"RICARDO BAYONA";"7";"info@hotelacapulcobenidorm.com";"https://hotelacapulcobenidorm.com";"H";"HOTEL";"H";"HOTEL";"130";"252";"NCD";"NO PERTENECE A NINGUNA CADENA";"14/11/1970"; ;"01/04 - 31/10";"De Lunes a Domingo"
"CV H00773 A";"A";"ALTA";"4";"4 ESTRELLAS";"AGUA AZUL";"03";"ALACANT";"031";"BENIDORM";"LA MARINA BAIXA";"03501";"VIA EMILIO ORTUÑO, 7"; ; ;"VIA EMILIO ORTUÑO";"7";"aguaazul@sun-confort.com";"www.hotelaguazul.com";"H";"HOTEL";"H";"HOTEL";"145";"278";"SUN";"SUN CONFORT";"22/03/1971"; ;"SIEMPRE ABIERTO";"De Lunes a Domingo"
"CV H00119 A";"A";"ALTA";"3";"3 ESTRELLAS";"ALAMEDA";"03";"ALACANT";"031";"BENIDORM";"LA MARINA BAIXA";"03501";"CALLE ALAMEDA ALCALDE PEDRO ZARAGOZA, 34";"C";"CALLE";"ALAMEDA ALCALDE PEDRO ZARAGOZA";"34";"info@hotelalameda.es";"https://www.hotelalamedabenidorm.com";"H";"HOTEL";"H";"HOTEL";"77";"154";"ALA";"ALAMEDAhOTELS";"17/09/1967"; ;"SIEMPRE ABIERTO";"De Lunes a Domingo"
"CV H00784 A";"A";"ALTA";"4";"4 ESTRELLAS";"AMBASSADOR PLAYA I";"03";"ALACANT";"031";"BENIDORM";"LA MARINA BAIXA";"03503";"CALLE GERONA, 39";"C";"CALLE";"GERONA";"39";"recep1@hotelesbenidorm.com";"http://hotelesbenidorm.com";"H";"HOTEL";"H";"HOTEL";"235";"470";"HBE";"HOTELES BENIDORM";"01/06/1971"; ;"SIEMPRE ABIERTO";"De Lunes a Domingo"
"CV H00785 A";"A";"ALTA";"4";"4 ESTRELLAS";"AMBASSADOR PLAYA II";"03";"ALACANT";"031";"BENIDORM";"LA MARINA BAIXA";"03503";"CALLE GERONA, 41";"C";"CALLE";"GERONA";"41";"recep2@hotelesbenidorm.com";"http://www.hotelesbenidorm.com";"H";"HOTEL";"H";"HOTEL";"205";"410";"HBE";"HOTELES BENIDORM";"27/05/1971"; ;"SIEMPRE ABIERTO";"De Lunes a Domingo"
"CV H00347 A";"A";"ALTA";"2";"2 ESTRELLAS";"ANGELES, LOS";"03";"ALACANT";"031";"BENIDORM";"LA MARINA BAIXA";"03501";"CALLE LOS ANGELES, 3";"C";"CALLE";"LOS ANGELES";"3";"beninturhoteles@gmail.com";"hotellosangelesbenidorm";"H";"HOTEL";"H";"HOTEL";"27";"44";"NCD";"NO PERTENECE A NINGUNA CADENA";"01/02/1964"; ;"SIEMPRE ABIERTO";"De Lunes a Domingo"
"CV H01507 A";"A";"ALTA"; ; ;"ANNA";"03";"ALACANT";"031";"BENIDORM";"LA MARINA BAIXA";"03503";"CALLE ESCOLES, 1";"C";"CALLE";"ESCOLES";"1";"info@hostalannabenidorm.com";"http://hostalannabenidorm.com";"HS";"HOSTAL"; ; ;"11";"21";"NCD";"NO PERTENECE A NINGUNA CADENA";"29/07/2019"; ;"SIEMPRE ABIERTO";"De Lunes a Domingo"
"CV H00743 A";"B";"BAJA";"2";"2 ESTRELLAS";"ARCOS, LOS";"03";"ALACANT";"031";"BENIDORM";"LA MARINA BAIXA";"03500";"AVENIDA AVDA DE FILIPINAS, 13";"AV";"AVENIDA";"AVDA DE FILIPINAS";"13"; ; ;"H";"HOTEL";"H";"HOTEL";"50";"100";"NCD";"NO PERTENECE A NINGUNA CADENA";"19/10/1970";"10/01/2000";"SIEMPRE ABIERTO";"De Lunes a Domingo"
"CV H01360 A";"A";"ALTA";"5";"5 ESTRELLAS";"ASIA GARDENS HOTEL & THAI SPA";"03";"ALACANT";"031";"BENIDORM";"LA MARINA BAIXA";"03509";"ROTONDA DEL FUEGO"; ; ;"ROTONDA DEL FUEGO"; ;"asiagardens@barcelo.com";"https://www.asiagardens.es";"H";"HOTEL";"H";"HOTEL";"311";"624";"BAR";"BARCELÓ HOTELS & RESORT";"12/12/2008"; ;"SIEMPRE ABIERTO";"De Lunes a Domingo"
"CV H01133 A";"A";"ALTA";"4";"4 ESTRELLAS";"AVENIDA";"03";"ALACANT";"031";"BENIDORM";"LA MARINA BAIXA";"03503";"CALLE GAMBO, 2";"C";"CALLE";"GAMBO";"2";"reservas@marenysol.es";"http://www.marenysol.com";"H";"HOTEL";"H";"HOTEL";"160";"290";"MAS";"MARENY SOL HOTELS";"10/02/1995"; ;"SIEMPRE ABIERTO";"De Lunes a Domingo"
"CV H00426 A";"B";"BAJA";"0";"PENSIÓN";"BABYLON";"03";"ALACANT";"031";"BENIDORM";"LA MARINA BAIXA";"03501";"CALLE ALICANTE, 28";"C";"CALLE";"ALICANTE";"28";"babylonHotel@aol.com";"http://thebabylonhotel.com";"P";"PENSIÓN";"P";"PENSIÓN";"16";"24";"NCD";"NO PERTENECE A NINGUNA CADENA";"04/09/1965";"19/01/2023";"SIEMPRE ABIERTO";"De Lunes a Domingo"
"CV H00928 A";"B";"BAJA";"3";"3 ESTRELLAS";"BALI";"03";"ALACANT";"031";"BENIDORM";"LA MARINA BAIXA";"03502";"CALLE ASTURIAS, 4   LA CALA - PLAYA DE PONIENTE, 4";"C";"CALLE";"ASTURIAS, 4   LA CALA - PLAYA DE PONIENTE";"4";"hoteles-lamarina@ctv.es"; ;"H";"HOTEL";"H";"HOTEL";"345";"656";"NCD";"NO PERTENECE A NINGUNA CADENA";"21/06/1975";"17/10/2002";"SIEMPRE ABIERTO";"De Lunes a Domingo"
"CV H01637 A";"A";"ALTA";"4";"4 ESTRELLAS";"BARCELO BENIDORM BEACH";"03";"ALACANT";"031";"BENIDORM";"LA MARINA BAIXA";"03501";"CALLE VIRGEN DEL SUFRAGIO, 3";"C";"CALLE";"VIRGEN DEL SUFRAGIO";"3";"benidormbeach@barcelo.com";"https://www.barcelo.com/es-es/barcelo-benidorm-beach";"H";"HOTEL";"H";"HOTEL";"264";"528";"NCD";"NO PERTENECE A NINGUNA CADENA";"03/11/2023"; ;"SIEMPRE ABIERTO";"De Lunes a Domingo"
"CV H01252 A";"A";"ALTA";"4";"4 ESTRELLAS";"BCL LEVANTE CLUB & SPA";"03";"ALACANT";"031";"BENIDORM";"LA MARINA BAIXA";"03503";"AVENIDA DR. SEVERO OCHOA (RINCÓN DE LOIX), 3B";"AV";"AVENIDA";"DR. SEVERO OCHOA (RINCÓN DE LOIX)";"3B";"recepcion@hotellevanteclub.com";"http://www.hotellevanteclub.com";"H";"HOTEL";"H";"HOTEL";"185";"372";"NCD";"NO PERTENECE A NINGUNA CADENA";"17/10/2002"; ;"SIEMPRE ABIERTO";"De Lunes a Domingo"
"CV H00678 A";"B";"BAJA";"1";"1 ESTRELLA";"BEACHES";"03";"ALACANT";"031";"BENIDORM";"LA MARINA BAIXA";"03501";"CALLE EL MOLI, 12";"C";"CALLE";"EL MOLI";"12"; ; ;"H";"HOTEL";"H";"HOTEL";"17";"33";"NCD";"NO PERTENECE A NINGUNA CADENA";"03/06/1969";"11/01/2006";"SIEMPRE ABIERTO";"De Lunes a Domingo"
"CV H00480 A";"A";"ALTA";"4";"4 ESTRELLAS";"BENIDORM CENTRE";"03";"ALACANT";"031";"BENIDORM";"LA MARINA BAIXA";"03503";"CALLE GERONA, 4";"C";"CALLE";"GERONA";"4";"comercial@grupobali.com";"http://www.grupobali.com";"H";"HOTEL";"H";"HOTEL";"99";"198";"GB";"GRUPO BALI";"15/11/1965"; ;"SIEMPRE ABIERTO";"De Lunes a Domingo"
"CV H00489 A";"B";"BAJA";"2";"2 ESTRELLAS";"BENIDORM CITY CENTRE";"03";"ALACANT";"031";"BENIDORM";"LA MARINA BAIXA";"03501";"CALLE GARITA, 8";"C";"CALLE";"GARITA";"8";"centre@benidormcity.com";"benidormcity.com";"HS";"HOSTAL"; ; ;"40";"72";"NCD";"NO PERTENECE A NINGUNA CADENA";"06/05/1967";"19/01/2023";"SIEMPRE ABIERTO";"De Lunes a Domingo"
"CV H00575 A";"A";"ALTA";"2";"2 ESTRELLAS";"BENIDORM CITY OLYMPIA";"03";"ALACANT";"031";"BENIDORM";"LA MARINA BAIXA";"03501";"CARRETERA DEL ALT, 2";"CR";"CARRETERA";"DEL ALT";"2"; ; ;"H";"HOTEL";"H";"HOTEL";"62";"120";"NCD";"NO PERTENECE A NINGUNA CADENA";"27/06/1967"; ;"SIEMPRE ABIERTO";"De Lunes a Domingo"
"CV H00948 A";"A";"ALTA";"4";"4 ESTRELLAS";"BENIDORM EAST by PIERRE&VACANCES";"03";"ALACANT";"031";"BENIDORM";"LA MARINA BAIXA";"03503";"CALLE VIENA, 2";"C";"CALLE";"VIENA";"2";"info@palm-beach.hotel.com";"http://www.palm-beach-hotel.com";"H";"HOTEL";"H";"HOTEL";"300";"602";"PEV";"PIERRE & VACANCES";"09/10/1975"; ;"SIEMPRE ABIERTO";"De Lunes a Domingo"
"CV H00619 A";"A";"ALTA";"4";"4 ESTRELLAS";"BENIDORM PLAZA";"03";"ALACANT";"031";"BENIDORM";"LA MARINA BAIXA";"03501";"VÍA EMILIO ORTUÑO, 18"; ; ;"VÍA EMILIO ORTUÑO";"18";"reservas@benidormplaza.com";"http://www.benidormplaza.com";"H";"HOTEL";"H";"HOTEL";"229";"464";"HGF";"HOTELES CF";"06/11/1969"; ;"SIEMPRE ABIERTO";"De Lunes a Domingo"
"CV H00863 A";"A";"ALTA";"3";"3 ESTRELLAS";"BENIKAKTUS";"03";"ALACANT";"031";"BENIDORM";"LA MARINA BAIXA";"03503";"CALLE ALCALDE MANUEL CATALÁN CHANA, 12";"C";"CALLE";"ALCALDE MANUEL CATALÁN CHANA";"12";"benikaktus@kakturgrup.com";"http://www.kaktusgrup.com";"H";"HOTEL";"H";"HOTEL";"142";"271";"NCD";"NO PERTENECE A NINGUNA CADENA";"13/04/1973"; ;"SIEMPRE ABIERTO";"De Lunes a Domingo"
"CV H01015 A";"B";"BAJA";"2";"2 ESTRELLAS";"BENIMONT";"03";"ALACANT";"031";"BENIDORM";"LA MARINA BAIXA";"03500";"CTRA. PEGO, URB. EL PLANET, S.N"; ; ;"CTRA. PEGO, URB. EL PLANET";"S.N"; ; ;"H";"HOTEL";"H";"HOTEL";"8";"14";"NCD";"NO PERTENECE A NINGUNA CADENA";"19/02/1980";"16/05/1996";"SIEMPRE ABIERTO";"De Lunes a Domingo"
"CV H00776 A";"B";"BAJA";"2";"2 ESTRELLAS";"BERMUDAS, LAS";"03";"ALACANT";"031";"BENIDORM";"LA MARINA BAIXA";"03503";"CALLE ESTOCOLMO, 17";"C";"CALLE";"ESTOCOLMO";"17"; ; ;"H";"HOTEL";"HA";"HOTEL-APARTAMENTO";"108";"234";"NCD";"NO PERTENECE A NINGUNA CADENA";"24/09/1971";"16/02/2009";"SIEMPRE ABIERTO";"De Lunes a Domingo"
"CV H00481 A";"B";"BAJA";"2";"2 ESTRELLAS";"BONANZA";"03";"ALACANT";"031";"BENIDORM";"LA MARINA BAIXA";"03500";"AVENIDA JAIME I, 14";"AV";"AVENIDA";"JAIME I";"14";"hotelbonanza@terra.es"; ;"H";"HOTEL";"H";"HOTEL";"50";"94";"NCD";"NO PERTENECE A NINGUNA CADENA";"09/01/1969";"10/08/2005";"SIEMPRE ABIERTO";"De Lunes a Domingo"
"CV H00782 A";"A";"ALTA";"3";"3 ESTRELLAS";"BRASIL";"03";"ALACANT";"031";"BENIDORM";"LA MARINA BAIXA";"03501";"CALLE APOLO XI, 27";"C";"CALLE";"APOLO XI";"27";"info@hotelbrasilbenidorm.es";"https://www.hotelbrasilbenidorm.com";"H";"HOTEL";"H";"HOTEL";"90";"172";"ALA";"ALAMEDAhOTELS";"17/05/1971"; ;"SIEMPRE ABIERTO";"De Lunes a Domingo"
"CV H00122 A";"A";"ALTA";"4";"4 ESTRELLAS";"BRISA";"03";"ALACANT";"031";"BENIDORM";"LA MARINA BAIXA";"03503";"AVENIDA MADRID, 31";"AV";"AVENIDA";"MADRID";"31";"reservas@hotelbrisa.net";"https://www.hotelbrisabenidorm.com/";"H";"HOTEL";"H";"HOTEL";"69";"121";"NCD";"NO PERTENECE A NINGUNA CADENA";"22/11/1963"; ;"SIEMPRE ABIERTO";"De Lunes a Domingo"
"CV H00234 A";"B";"BAJA";"1";"1 ESTRELLA";"BRISTOL";"03";"ALACANT";"031";"BENIDORM";"LA MARINA BAIXA";"03500";"MARTINEZ ALEJOS, 1"; ; ;"MARTINEZ ALEJOS";"1"; ; ;"H";"HOTEL";"H";"HOTEL";"30";"57";"NCD";"NO PERTENECE A NINGUNA CADENA";"04/11/1969";"12/11/1992";"01/04 - 31/10";"De Lunes a Domingo"
"CV H01157 A";"B";"BAJA";"1";"1 ESTRELLA";"BRISTOL";"03";"ALACANT";"031";"BENIDORM";"LA MARINA BAIXA";"03501";"CALLE MARTINEZ ALEJOS, 1";"C";"CALLE";"MARTINEZ ALEJOS";"1";"info@onasol.es";"http://www.onasol.es";"H";"HOTEL";"H";"HOTEL";"31";"60";"ONA";"ONA SOL HOTELS";"05/09/1996";"16/11/2015";"01/04 - 31/10";"De Lunes a Domingo"
"CV H00603 A";"A";"ALTA";"4";"4 ESTRELLAS";"BRISTOL";"03";"ALACANT";"031";"BENIDORM";"LA MARINA BAIXA";"03501";"PLAZA DR. FLEMING, 2";"PL";"PLAZA";"DR. FLEMING";"2";"info@hotelbristolbenidorm.com";"hotelbristolbenidorm.com";"H";"HOTEL";"H";"HOTEL";"209";"430";"NCD";"NO PERTENECE A NINGUNA CADENA";"05/11/1969"; ;"SIEMPRE ABIERTO";"De Lunes a Domingo"
"CV H00929 A";"A";"ALTA";"3";"3 ESTRELLAS";"CABALLO DE ORO";"03";"ALACANT";"031";"BENIDORM";"LA MARINA BAIXA";"03503";"AVENIDA CUENCA, Nº 22, ESQUINA C/KENNEDY, S/N, 22";"AV";"AVENIDA";"CUENCA, Nº 22, ESQUINA C/KENNEDY, S/N";"22";"hotel@caballodeoro.com";"http://www.caballodeoro.com";"H";"HOTEL";"H";"HOTEL";"242";"484";"NCD";"NO PERTENECE A NINGUNA CADENA";"15/02/1975"; ;"SIEMPRE ABIERTO";"De Lunes a Domingo"
"CV H00888 A";"A";"ALTA";"3";"3 ESTRELLAS";"CABANA";"03";"ALACANT";"031";"BENIDORM";"LA MARINA BAIXA";"03502";"CALLE PERU, 33";"C";"CALLE";"PERU";"33";"hotelcabana@ctv.es"; ;"H";"HOTEL";"H";"HOTEL";"247";"494";"NCD";"NO PERTENECE A NINGUNA CADENA";"19/10/1979"; ;"SIEMPRE ABIERTO";"De Lunes a Domingo"
"CV H00737 A";"A";"ALTA";"3";"3 ESTRELLAS";"CALAS MARINA";"03";"ALACANT";"031";"BENIDORM";"LA MARINA BAIXA";"03502";"CALLE ASTURIAS, 1";"C";"CALLE";"ASTURIAS";"1";"gh@la-marina.net";"http://www.la-marina.net";"H";"HOTEL";"H";"HOTEL";"118";"224";"NCD";"NO PERTENECE A NINGUNA CADENA";"10/01/1971"; ;"SIEMPRE ABIERTO";"De Lunes a Domingo"
"CV H00898 A";"B";"BAJA";"1";"1 ESTRELLA";"CALIFORNIA";"03";"ALACANT";"031";"BENIDORM";"LA MARINA BAIXA";"03503";"CARRETERA C. VALENCIA-ALICANTE, KM. 123";"CR";"CARRETERA";"C. VALENCIA-ALICANTE";"KM. 123"; ; ;"H";"HOTEL";"H";"HOTEL";"18";"36";"NCD";"NO PERTENECE A NINGUNA CADENA";"25/03/1974";"30/10/2002";"SIEMPRE ABIERTO";"De Lunes a Domingo"
"CV H00890 A";"A";"ALTA";"3";"3 ESTRELLAS";"CALYPSO";"03";"ALACANT";"031";"BENIDORM";"LA MARINA BAIXA";"03503";"AVENIDA DERRAMADOR, 4";"AV";"AVENIDA";"DERRAMADOR";"4"; ;"servigroup.com";"H";"HOTEL";"H";"HOTEL";"296";"581";"SER";"HOTELES SERVIGROUP";"13/10/1973"; ;"SIEMPRE ABIERTO";"De Lunes a Domingo"
"CV H00570 A";"A";"ALTA";"2";"2 ESTRELLAS";"CAMPOSOL";"03";"ALACANT";"031";"BENIDORM";"LA MARINA BAIXA";"03501";"CALLE APOLO XI, 19";"C";"CALLE";"APOLO XI";"19";"lovipa@teleline.es"; ;"H";"HOTEL";"H";"HOTEL";"123";"212";"NCD";"NO PERTENECE A NINGUNA CADENA";"11/05/1967"; ;"SIEMPRE ABIERTO";"De Lunes a Domingo"
"CV H00362 A";"B";"BAJA";"1";"1 ESTRELLA";"CAMPOSOL I PARK";"03";"ALACANT";"031";"BENIDORM";"LA MARINA BAIXA";"03501";"CALLE ANTONIO RAMOS CARRATALA, 4";"C";"CALLE";"ANTONIO RAMOS CARRATALA";"4"; ; ;"H";"HOTEL";"H";"HOTEL";"56";"101";"NCD";"NO PERTENECE A NINGUNA CADENA";"21/02/1964";"12/01/2007";"01/02 - 30/11";"De Lunes a Domingo"
"CV H00841 A";"A";"ALTA";"4";"4 ESTRELLAS";"CARLOS I";"03";"ALACANT";"031";"BENIDORM";"LA MARINA BAIXA";"03502";"AVENIDA FOIETES, 6";"AV";"AVENIDA";"FOIETES";"6";"reservashotelcarlos1@cshoteles.com";"http://www.hotelcarlos1.com";"H";"HOTEL";"H";"HOTEL";"205";"410";"NCD";"NO PERTENECE A NINGUNA CADENA";"10/07/1972"; ;"SIEMPRE ABIERTO";"De Lunes a Domingo"
"CV H01156 A";"A";"ALTA";"0";"PENSIÓN";"CASA DON JUAN";"03";"ALACANT";"031";"BENIDORM";"LA MARINA BAIXA";"03501";"CALLE SANTA FAZ, 28";"C";"CALLE";"SANTA FAZ";"28";"donjuan@arrakis.es"; ;"P";"PENSIÓN";"P";"PENSIÓN";"7";"14";"NCD";"NO PERTENECE A NINGUNA CADENA";"28/05/1996"; ;"SIEMPRE ABIERTO";"De Lunes a Domingo"
"CV H00795 A";"A";"ALTA";"4";"4 ESTRELLAS";"CASTILLA";"03";"ALACANT";"031";"BENIDORM";"LA MARINA BAIXA";"03503";"CALLE JAEN, 3";"C";"CALLE";"JAEN";"3";"castilla@servigroup.es";"http://www.servigroup.es";"H";"HOTEL";"H";"HOTEL";"130";"262";"SER";"HOTELES SERVIGROUP";"22/06/1971"; ;"01/04 - 20/11";"De Lunes a Domingo"
"CV H01520 A";"A";"ALTA";"1";"1 ESTRELLA";"CASTILLO";"03";"ALACANT";"031";"BENIDORM";"LA MARINA BAIXA";"03501";"CALLE MARQUÉS DE COMILLAS, 11";"C";"CALLE";"MARQUÉS DE COMILLAS";"11";"hotelcastillobenidorm@gmail.com";"http://hotelcastillobenidorm.com";"H";"HOTEL"; ; ;"16";"32";"NCD";"NO PERTENECE A NINGUNA CADENA";"18/10/2019"; ;"11/01 - 19/12";"De Lunes a Domingo"
"CV H00529 A";"A";"ALTA";"3";"3 ESTRELLAS";"CASUAL POP ART";"03";"ALACANT";"031";"BENIDORM";"LA MARINA BAIXA";"03501";"CALLE SAN PEDRO, 14";"C";"CALLE";"SAN PEDRO";"14";"popart@casualhoteles.com";"casualhoteles.com";"H";"HOTEL";"H";"HOTEL";"65";"133";"CAS";"CASUAL HOTELES";"23/06/1966"; ;"01/04 - 31/10";"De Lunes a Domingo"
"CV H01071 A";"A";"ALTA";"1";"1 ESTRELLA";"CELYMAR";"03";"ALACANT";"031";"BENIDORM";"LA MARINA BAIXA";"03501";"CALLE APOLO XI, 19";"C";"CALLE";"APOLO XI";"19"; ; ;"H";"HOTEL";"H";"HOTEL";"44";"80";"NCD";"NO PERTENECE A NINGUNA CADENA";"11/09/1985"; ;"01/04 - 31/10";"De Lunes a Domingo"
"CV H00914 A";"A";"ALTA";"4";"4 ESTRELLAS";"CIMBEL";"03";"ALACANT";"031";"BENIDORM";"LA MARINA BAIXA";"03503";"AVENIDA EUROPA, 1";"AV";"AVENIDA";"EUROPA";"1";"reservas@hotelcimbel.com";"http://www.hotelcimbel.com";"H";"HOTEL";"H";"HOTEL";"168";"336";"NCD";"NO PERTENECE A NINGUNA CADENA";"28/09/1974"; ;"SIEMPRE ABIERTO";"De Lunes a Domingo"
"CV H00931 A";"A";"ALTA";"4";"4 ESTRELLAS";"CLIMIA BELROY";"03";"ALACANT";"031";"BENIDORM";"LA MARINA BAIXA";"03503";"AVENIDA MEDITERRÁNEO, 13";"AV";"AVENIDA";"MEDITERRÁNEO";"13";"info@belroy.es";"http://www.belroy.es";"H";"HOTEL";"HA";"HOTEL-APARTAMENTO";"184";"377";"NCD";"NO PERTENECE A NINGUNA CADENA";"14/09/1976"; ;"SIEMPRE ABIERTO";"De Lunes a Domingo"
"CV H00235 A";"A";"ALTA";"3";"3 ESTRELLAS";"COLON CENTRE BEACH";"03";"ALACANT";"031";"BENIDORM";"LA MARINA BAIXA";"03501";"PASAJE PASEO COLON, 3";"PS";"PASAJE";"PASEO COLON";"3";"info@hotelcolon.net";"http://www.hotelcolon.net";"H";"HOTEL";"H";"HOTEL";"37";"74";"NCD";"NO PERTENECE A NINGUNA CADENA";"12/05/1969"; ;"15/03 - 31/10";"De Lunes a Domingo"
"CV H01575 A";"B";"BAJA";"4";"4 ESTRELLAS";"COLORS BENIDORM";"03";"ALACANT";"031";"BENIDORM";"LA MARINA BAIXA";"03502";"CALLE CAMI DEL PLANET, 31";"C";"CALLE";"CAMI DEL PLANET";"31";"direccion@hotelcolorsbenidorm.com";"http://www.hotelcolorsbenidorm.com";"H";"HOTEL"; ; ;"24";"52";"NCD";"NO PERTENECE A NINGUNA CADENA";"30/07/2021";"24/09/2021";"SIEMPRE ABIERTO";"De Lunes a Domingo"
"CV H00689 A";"A";"ALTA";"1";"1 ESTRELLA";"CONDESTABLE";"03";"ALACANT";"031";"BENIDORM";"LA MARINA BAIXA";"03501";"CALLE CONDESTABLE ZARAGOZA, 40";"C";"CALLE";"CONDESTABLE ZARAGOZA";"40"; ; ;"H";"HOTEL";"H";"HOTEL";"29";"59";"NCD";"NO PERTENECE A NINGUNA CADENA";"01/09/1969"; ;"01/04 - 31/10";"De Lunes a Domingo"
"CV H01031 A";"A";"ALTA";"3";"3 ESTRELLAS";"CUCO";"03";"ALACANT";"031";"BENIDORM";"LA MARINA BAIXA";"03502";"CALLE MONTERA, 10";"C";"CALLE";"MONTERA";"10";"atenea@medinahoteles.com";"http://www.medinahoteles.com";"H";"HOTEL";"H";"HOTEL";"114";"228";"NCD";"NO PERTENECE A NINGUNA CADENA";"17/09/1981"; ;"SIEMPRE ABIERTO";"De Lunes a Domingo"
"CV H01318 A";"A";"ALTA";"4";"4 ESTRELLAS";"DELOIX";"03";"ALACANT";"031";"BENIDORM";"LA MARINA BAIXA";"03503";"AVENIDA DR. SEVERO OCHOA, ESQUINA C/RUMANÍA, S/N";"AV";"AVENIDA";"DR. SEVERO OCHOA, ESQUINA C/RUMANÍA";"S/N";"info@hoteldeloix.com";"http://www.hoteldeloix.com";"H";"HOTEL";"H";"HOTEL";"194";"388";"NCD";"NO PERTENECE A NINGUNA CADENA";"30/11/2005"; ;"SIEMPRE ABIERTO";"De Lunes a Domingo"
"CV H00656 A";"B";"BAJA";"1";"1 ESTRELLA";"DI-AN";"03";"ALACANT";"031";"BENIDORM";"LA MARINA BAIXA";"03501";"CALLE TULIPANES, 8";"C";"CALLE";"TULIPANES";"8"; ; ;"H";"HOTEL";"H";"HOTEL";"30";"60";"NCD";"NO PERTENECE A NINGUNA CADENA";"23/05/1979";"29/03/2004";"SIEMPRE ABIERTO";"De Lunes a Domingo"
"CV H00818 A";"A";"ALTA";"4";"4 ESTRELLAS";"DIPLOMATIC";"03";"ALACANT";"031";"BENIDORM";"LA MARINA BAIXA";"03503";"CALLE GERONA, 9 - 11";"C";"CALLE";"GERONA";"9 - 11";"diplomatic@servigroup.es";"servigroup.com";"H";"HOTEL";"H";"HOTEL";"249";"488";"SER";"HOTELES SERVIGROUP";"22/09/1971"; ;"SIEMPRE ABIERTO";"De Lunes a Domingo"
"CV H00854 A";"A";"ALTA";"4";"4 ESTRELLAS";"DON PANCHO";"03";"ALACANT";"031";"BENIDORM";"LA MARINA BAIXA";"03503";"AVENIDA  MEDITERRÁNEO, 39";"AV";"AVENIDA";"MEDITERRÁNEO";"39";"hotel@don-pancho.com";"http://www.don-pancho.com";"H";"HOTEL";"H";"HOTEL";"256";"512";"NCD";"NO PERTENECE A NINGUNA CADENA";"15/10/1975"; ;"SIEMPRE ABIERTO";"De Lunes a Domingo"
"CV H00713 A";"B";"BAJA";"0";"PENSIÓN";"DORA";"03";"ALACANT";"031";"BENIDORM";"LA MARINA BAIXA";"03501";"CALLE TOMAS ORTUÑO, 84 ED. EMA I, 2º-A";"C";"CALLE";"TOMAS ORTUÑO, 84 ED. EMA I, 2º-A"; ; ; ;"P";"PENSIÓN";"P";"PENSIÓN";"12";"21";"NCD";"NO PERTENECE A NINGUNA CADENA";"14/04/1970";"30/04/2008";"SIEMPRE ABIERTO";"De Lunes a Domingo"
"CV H01319 A";"A";"ALTA";"4";"4 ESTRELLAS";"DYNASTIC";"03";"ALACANT";"031";"BENIDORM";"LA MARINA BAIXA";"03503";"AVENIDA AMETLLA DE MAR, 15";"AV";"AVENIDA";"AMETLLA DE MAR";"15";"info@hoteldynastic.com";"http://www.hoteldynastic.com";"H";"HOTEL";"H";"HOTEL";"206";"414";"NCD";"NO PERTENECE A NINGUNA CADENA";"11/01/2006"; ;"SIEMPRE ABIERTO";"De Lunes a Domingo"
"CV H00717 A";"B";"BAJA";"2";"2 ESTRELLAS";"DYNASTIC PARK";"03";"ALACANT";"031";"BENIDORM";"LA MARINA BAIXA";"03503";"AVENIDA AMETLLA DE MAR, 15";"AV";"AVENIDA";"AMETLLA DE MAR";"15";"info@onasol.es";"http://www.onasol.es";"H";"HOTEL";"H";"HOTEL";"103";"206";"ONA";"ONA SOL HOTELS";"21/05/1970";"23/09/2002";"SIEMPRE ABIERTO";"De Lunes a Domingo"
"CV H00364 A";"B";"BAJA";"1";"1 ESTRELLA";"EASO";"03";"ALACANT";"031";"BENIDORM";"LA MARINA BAIXA";"03500";"CALLE VERANO, 7";"C";"CALLE";"VERANO";"7"; ; ;"H";"HOTEL";"H";"HOTEL";"40";"66";"NCD";"NO PERTENECE A NINGUNA CADENA";"20/06/1964";"05/02/2001";"SIEMPRE ABIERTO";"De Lunes a Domingo"
"CV H00802 A";"B";"BAJA";"0";"PENSIÓN";"EL CHILINDRÓN";"03";"ALACANT";"031";"BENIDORM";"LA MARINA BAIXA";"03500";"CALLE MARAVALL, 11";"C";"CALLE";"MARAVALL";"11"; ; ;"P";"PENSIÓN";"P";"PENSIÓN";"9";"15";"NCD";"NO PERTENECE A NINGUNA CADENA";"06/07/1971";"17/04/2000";"01/06 - 30/09";"De Lunes a Domingo"
"CV H00329 A";"A";"ALTA";"3";"3 ESTRELLAS";"EL PALMERAL";"03";"ALACANT";"031";"BENIDORM";"LA MARINA BAIXA";"03502";"CALLE ALTEA, 2";"C";"CALLE";"ALTEA";"2";"hotelelpalmeral@palmeral.net";"http://www.hotelpalmeral.com";"H";"HOTEL";"H";"HOTEL";"63";"110";"NCD";"NO PERTENECE A NINGUNA CADENA";"14/02/1963"; ;"01/03 - 30/11";"De Lunes a Domingo"
"CV H01136 A";"B";"BAJA";"1";"1 ESTRELLA";"EL PRIMO";"03";"ALACANT";"031";"BENIDORM";"LA MARINA BAIXA";"03501";"CALLE ANTONIO RAMOS CARRATALA, 1";"C";"CALLE";"ANTONIO RAMOS CARRATALA";"1";"hotelpaca@terra.es";"http://www.hotelpaca.com";"HS";"HOSTAL";"SR";"HOSTAL-RESIDENCIA";"29";"54";"NCD";"NO PERTENECE A NINGUNA CADENA";"02/03/1995";"15/04/2008";"SIEMPRE ABIERTO";"De Lunes a Domingo"
"CV H01702 A";"A";"ALTA";"2";"2 ESTRELLAS";"EMILY SUITES";"03";"ALACANT";"031";"BENIDORM";"LA MARINA BAIXA";"03501";"CALLE ALACANT, 28";"C";"CALLE";"ALACANT";"28";"mihaela.g@me.com"; ;"H";"HOTEL";"HA";"HOTEL-APARTAMENTO";"10";"20";"NCD";"NO PERTENECE A NINGUNA CADENA";"10/04/2025"; ;"SIEMPRE ABIERTO";"De Lunes a Domingo"
"CV H01616 A";"A";"ALTA";"1";"1 ESTRELLA";"ESTRELLA DE MAR";"03";"ALACANT";"031";"BENIDORM";"LA MARINA BAIXA";"03501";"CALLE MOLÍ, 6";"C";"CALLE";"MOLÍ";"6";"reservas@gbhotels.eu";"https://gbhotels.eu";"H";"HOTEL";"HA";"HOTEL-APARTAMENTO";"8";"16";"NCD";"NO PERTENECE A NINGUNA CADENA";"16/03/2023"; ;"SIEMPRE ABIERTO";"De Lunes a Domingo"
"CV H00937 A";"B";"BAJA";"1";"1 ESTRELLA";"ESTRELLA, LA";"03";"ALACANT";"031";"BENIDORM";"LA MARINA BAIXA";"03500";"CALLE MARAVALL EDIF.ARANJUEZ PPAL., 001";"C";"CALLE";"MARAVALL EDIF.ARANJUEZ PPAL.";"001"; ; ;"HS";"HOSTAL";"SR";"HOSTAL-RESIDENCIA";"18";"32";"NCD";"NO PERTENECE A NINGUNA CADENA";"25/03/1975";"09/11/1993";"SIEMPRE ABIERTO";"De Lunes a Domingo"
"CV H01385 A";"A";"ALTA";"2";"2 ESTRELLAS";"FETICHE";"03";"ALACANT";"031";"BENIDORM";"LA MARINA BAIXA";"03501";"CALLE PANADEROS, 4";"C";"CALLE";"PANADEROS";"4";"info@fetichebenidorm.com";"http://fetichebenidorm.com";"H";"HOTEL";"H";"HOTEL";"17";"18";"NCD";"NO PERTENECE A NINGUNA CADENA";"13/07/2010"; ;"SIEMPRE ABIERTO";"De Lunes a Domingo"
"CV H01496 A";"A";"ALTA";"4";"4 ESTRELLAS";"FLAMINGO BEACH RESORT";"03";"ALACANT";"031";"BENIDORM";"LA MARINA BAIXA";"03503";"CALLE ESPERANTO, 32";"C";"CALLE";"ESPERANTO";"32";"direccion@flamingobeachbenidorm.com";"http://flamingobeachbenidorm.com";"H";"HOTEL";"HA";"HOTEL-APARTAMENTO";"168";"340";"NCD";"NO PERTENECE A NINGUNA CADENA";"18/04/2019"; ;"SIEMPRE ABIERTO";"De Lunes a Domingo"
"CV H01234 A";"A";"ALTA";"4";"4 ESTRELLAS";"FLAMINGO OASIS";"03";"ALACANT";"031";"BENIDORM";"LA MARINA BAIXA";"03503";"AVENIDA DR. SEVERO OCHOA, 3";"AV";"AVENIDA";"DR. SEVERO OCHOA";"3";"flamingo@medplaya.com";"http://www.flamingooasis.com";"H";"HOTEL";"H";"HOTEL";"361";"724";"MED";"MED PLAYA HOTELS";"19/02/2002"; ;"SIEMPRE ABIERTO";"De Lunes a Domingo"
"CV H00747 A";"A";"ALTA";"4";"4 ESTRELLAS";"FLASH HOTEL";"03";"ALACANT";"031";"BENIDORM";"LA MARINA BAIXA";"03503";"AVENIDA DERRAMADOR, 2";"AV";"AVENIDA";"DERRAMADOR";"2";"reservas@flashotel.com";"http://www.flashotel.com";"H";"HOTEL";"H";"HOTEL";"191";"382";"NCD";"NO PERTENECE A NINGUNA CADENA";"24/10/1970"; ;"08/02 - 02/01";"De Lunes a Domingo"
"CV H00618 A";"A";"ALTA";"2";"2 ESTRELLAS";"FLATS FRIENDS MAR BLAU";"03";"ALACANT";"031";"BENIDORM";"LA MARINA BAIXA";"03501";"CALLE SANT PERE, 20";"C";"CALLE";"SANT PERE";"20";"info@onasol.es";"http://www.onasol.es";"H";"HOTEL";"H";"HOTEL";"48";"96";"NCD";"NO PERTENECE A NINGUNA CADENA";"12/09/1969"; ;"SIEMPRE ABIERTO";"De Lunes a Domingo"
"CV H00893 A";"A";"ALTA";"3";"3 ESTRELLAS";"FLEMING";"03";"ALACANT";"031";"BENIDORM";"LA MARINA BAIXA";"03501";"CALLE MARAVALL, 11";"C";"CALLE";"MARAVALL";"11";"reservas@bgahotelfleming.es";"https://www.bgahotelfleming.es/";"H";"HOTEL";"H";"HOTEL";"102";"208";"NCD";"NO PERTENECE A NINGUNA CADENA";"02/01/1974"; ;"01/01 - 31/10 y 23/12 - 31/12";"De Lunes a Domingo"
"CV H01421 A";"A";"ALTA";"1";"1 ESTRELLA";"FLEMING CENTER";"03";"ALACANT";"031";"BENIDORM";"LA MARINA BAIXA";"03501";"CALLE APOLO XI, 34";"C";"CALLE";"APOLO XI";"34";"reservas@punta25.es"; ;"H";"HOTEL";"H";"HOTEL";"20";"44";"NCD";"NO PERTENECE A NINGUNA CADENA";"15/04/2015"; ;"10/03 - 31/10";"De Lunes a Domingo"
"CV H01177 A";"B";"BAJA";"2";"2 ESTRELLAS";"FLORIDA";"03";"ALACANT";"031";"BENIDORM";"LA MARINA BAIXA";"03502";"CALLE SANTANDER, 14";"C";"CALLE";"SANTANDER";"14"; ; ;"H";"HOTEL";"H";"HOTEL";"22";"44";"NCD";"NO PERTENECE A NINGUNA CADENA";"16/10/1998";"31/01/2006";"SIEMPRE ABIERTO";"De Lunes a Domingo"
"CV H01439 A";"A";"ALTA";"4";"4 ESTRELLAS";"FOUR POINTS BY SHERATON COSTA BLANCA";"03";"ALACANT";"031";"BENIDORM";"LA MARINA BAIXA";"03502";"CARRETERA BENIDORM-FINESTRAT, PARTIDA DEL MORALET, S/N";"CR";"CARRETERA";"BENIDORM-FINESTRAT, PARTIDA DEL MORALET";"S/N";"reservas@grandluxorhotel.com";"https://grandluxorhotels.com";"H";"HOTEL"; ; ;"216";"432";"NCD";"NO PERTENECE A NINGUNA CADENA";"17/06/2016"; ;"SIEMPRE ABIERTO";"De Lunes a Domingo"
"CV H01572 A";"A";"ALTA";"4";"4 ESTRELLAS";"FOUR POINTS BY SHERATON COSTA BLANCA VILLAS";"03";"ALACANT";"031";"BENIDORM";"LA MARINA BAIXA";"03502";"PARTIDA MORALET, S/N";"PD";"PARTIDA";"MORALET";"S/N";"proveedores@terramiticapark.com";"http://terramiticapark.com/four-points-by-sheraton-costa-blanca/villas";"H";"HOTEL";"HA";"HOTEL-APARTAMENTO";"102";"277";"NCD";"NO PERTENECE A NINGUNA CADENA";"19/07/2021"; ;"SIEMPRE ABIERTO";"De Lunes a Domingo"
"CV H00932 A";"A";"ALTA";"3";"3 ESTRELLAS";"GALA PLACIDIA";"03";"ALACANT";"031";"BENIDORM";"LA MARINA BAIXA";"03503";"CALLE ROMA, 4";"C";"CALLE";"ROMA";"4";"info@hotelgalaplacidia.com";"http://www.hotelgalaplacidia.com";"H";"HOTEL";"H";"HOTEL";"135";"278";"NCD";"NO PERTENECE A NINGUNA CADENA";"02/07/1975"; ;"SIEMPRE ABIERTO";"De Lunes a Domingo"
"CV H00236 A";"A";"ALTA";"4";"4 ESTRELLAS";"GASTROHOTEL RH CANFALI";"03";"ALACANT";"031";"BENIDORM";"LA MARINA BAIXA";"03501";"PLAZA SAN JAIME, 5";"PL";"PLAZA";"SAN JAIME";"5";"canfali@hotelesrh.com";"https://www.hotelesrh.com/hoteles-en-benidorm/hotel-rh-canfali";"H";"HOTEL";"H";"HOTEL";"40";"73";"HRH";"HOTELES RH";"07/12/1965"; ;"SIEMPRE ABIERTO";"De Lunes a Domingo"
"CV H01510 A";"A";"ALTA";"1";"1 ESTRELLA";"GBH CABALLITO DE MAR";"03";"ALACANT";"031";"BENIDORM";"LA MARINA BAIXA";"03501";"CALLE SACERDOTE DON TOMÁS GARCIA, 9";"C";"CALLE";"SACERDOTE DON TOMÁS GARCIA";"9";"reservas@gbhotels.es";"http://gbhotels.es";"H";"HOTEL";"HA";"HOTEL-APARTAMENTO";"9";"18";"NCD";"NO PERTENECE A NINGUNA CADENA";"30/07/2019"; ;"SIEMPRE ABIERTO";"De Lunes a Domingo"
"CV H01589 A";"A";"ALTA";"4";"4 ESTRELLAS";"GOLD ARCOS";"03";"ALACANT";"031";"BENIDORM";"LA MARINA BAIXA";"03503";"CALLE LEPANTO, 24";"C";"CALLE";"LEPANTO";"24";"mailbox@consultingnix.com";"http://hotelgoldarcos.com";"H";"HOTEL";"H";"HOTEL";"96";"192";"NCD";"NO PERTENECE A NINGUNA CADENA";"06/04/2022"; ;"SIEMPRE ABIERTO";"De Lunes a Domingo"
"CV H00671 A";"A";"ALTA";"3";"3 ESTRELLAS";"GOLDEN";"03";"ALACANT";"031";"BENIDORM";"LA MARINA BAIXA";"03501";"CARRETERA JAIME I, 10";"CR";"CARRETERA";"JAIME I";"10";"reservas@hotelgolden.net";"http://www.hotelgolden.net/";"H";"HOTEL";"H";"HOTEL";"50";"94";"NCD";"NO PERTENECE A NINGUNA CADENA";"20/09/1969"; ;"SIEMPRE ABIERTO";"De Lunes a Domingo"
"CV H01249 A";"A";"ALTA";"4";"4 ESTRELLAS";"GRAN HOTEL BALI";"03";"ALACANT";"031";"BENIDORM";"LA MARINA BAIXA";"03502";"CALLE LUIS PRENDES, 4";"C";"CALLE";"LUIS PRENDES";"4";"comercial@grupobali.com";"http://www.grupobali.com";"H";"HOTEL";"H";"HOTEL";"777";"1549";"NCD";"NO PERTENECE A NINGUNA CADENA";"21/08/2002"; ;"SIEMPRE ABIERTO";"De Lunes a Domingo"
"CV H00338 A";"B";"BAJA";"4";"4 ESTRELLAS";"GRAN HOTEL DELFIN";"03";"ALACANT";"031";"BENIDORM";"LA MARINA BAIXA";"03502";"AVENIDA VICENTE LLORCA ALÓS, 19";"AV";"AVENIDA";"VICENTE LLORCA ALÓS";"19";"Info@granhoteldelfin.com";"http://www.granhoteldelfin.com";"H";"HOTEL";"H";"HOTEL";"93";"183";"NCD";"NO PERTENECE A NINGUNA CADENA";"11/09/1963";"30/06/2023";"SIEMPRE ABIERTO";"De Lunes a Domingo"
"CV H01458 A";"A";"ALTA";"5";"5 ESTRELLAS";"GRAND LUXOR ALL SUITES HOTEL";"03";"ALACANT";"031";"BENIDORM";"LA MARINA BAIXA";"03502";"CARRETERA BENIDORM-FINESTRAT - PARTIDA MORALET, S/N";"CR";"CARRETERA";"BENIDORM-FINESTRAT - PARTIDA MORALET";"S/N";"reservas@grandluxorhotel.com";"http://grandluxorhotel.com";"H";"HOTEL";"H";"HOTEL";"83";"168";"NCD";"NO PERTENECE A NINGUNA CADENA";"19/04/2017"; ;"SIEMPRE ABIERTO";"De Lunes a Domingo"
"CV H01539 A";"A";"ALTA";"4";"4 ESTRELLAS";"H10 PORTO PONIENTE";"03";"ALACANT";"031";"BENIDORM";"LA MARINA BAIXA";"03501";"CALLE SAN PEDRO, 24";"C";"CALLE";"SAN PEDRO";"24";"direccion.hpp@h10hotels.com";"http://www.h10hotels.com";"H";"HOTEL";"H";"HOTEL";"174";"348";"NCD";"NO PERTENECE A NINGUNA CADENA";"10/07/2020"; ;"SIEMPRE ABIERTO";"De Lunes a Domingo"
"CV H00848 A";"A";"ALTA";"4";"4 ESTRELLAS";"HELIOS BENIDORM";"03";"ALACANT";"031";"BENIDORM";"LA MARINA BAIXA";"03503";"AVENIDA FILIPINAS, 12";"AV";"AVENIDA";"FILIPINAS";"12";"reservas@heliosbenidorm.com";"http://www.helioshotels.com";"H";"HOTEL";"H";"HOTEL";"282";"539";"HEL";"HOTELES HELIOS";"07/09/1972"; ;"SIEMPRE ABIERTO";"De Lunes a Domingo"
"CV H01436 A";"A";"ALTA"; ; ;"HOSTAL BOUTIQUE BBB";"03";"ALACANT";"031";"BENIDORM";"LA MARINA BAIXA";"03501";"CALLE ANTONIO RAMOS CARRATALÁ, 1";"C";"CALLE";"ANTONIO RAMOS CARRATALÁ";"1";"bhostel@grupocsa.es";"http://hostelbb.com";"HS";"HOSTAL"; ; ;"20";"40";"NCD";"NO PERTENECE A NINGUNA CADENA";"11/04/2016"; ;"SIEMPRE ABIERTO";"De Lunes a Domingo"
"CV H00952 A";"A";"ALTA";"2";"2 ESTRELLAS";"HOTEL ANDALUCIA";"03";"ALACANT";"031";"BENIDORM";"LA MARINA BAIXA";"03502";"CALLE FLORIDA, 2";"C";"CALLE";"FLORIDA";"2";"reservas@hotel-andalucia.com";"http://www.hotel-andalucia.com";"H";"HOTEL";"H";"HOTEL";"46";"90";"NCD";"NO PERTENECE A NINGUNA CADENA";"20/01/1976"; ;"01/04 - 31/10";"De Lunes a Domingo"
"CV H01485 A";"A";"ALTA";"2";"2 ESTRELLAS";"HOTEL BOUTIQUE CENTRO BBB";"03";"ALACANT";"031";"BENIDORM";"LA MARINA BAIXA";"03501";"CALLE TULIPANES, 6";"C";"CALLE";"TULIPANES";"6";"info@hotelbbb.com";"http://hotelbbb.com";"H";"HOTEL";"H";"HOTEL";"38";"72";"NCD";"NO PERTENECE A NINGUNA CADENA";"15/10/2018"; ;"SIEMPRE ABIERTO";"De Lunes a Domingo"
"CV H00638 A";"A";"ALTA";"2";"2 ESTRELLAS";"INTERNACIONAL";"03";"ALACANT";"031";"BENIDORM";"LA MARINA BAIXA";"03501";"PASEO DE LA CARRETERA, 40";"PA";"PASEO";"DE LA CARRETERA";"40";"reservas@hotelinternacionalbenidorm.com";"https://www.hotelinternacionalbenidorm.com";"H";"HOTEL";"H";"HOTEL";"40";"80"; ; ;"30/07/1968"; ;"SIEMPRE ABIERTO";"De Lunes a Domingo"
"CV H01390 A";"A";"ALTA";"1";"1 ESTRELLA";"IRATI";"03";"ALACANT";"031";"BENIDORM";"LA MARINA BAIXA";"03501";"CALLE CONDESTABLE ZARAGOZA, 5";"C";"CALLE";"CONDESTABLE ZARAGOZA";"5";"irati@hotelirati.com"; ;"HS";"HOSTAL";"HS";"HOSTAL";"8";"16";"NCD";"NO PERTENECE A NINGUNA CADENA";"12/11/2010"; ;"SIEMPRE ABIERTO";"De Lunes a Domingo"
"CV H00497 A";"A";"ALTA";"1";"1 ESTRELLA";"IRIS";"03";"ALACANT";"031";"BENIDORM";"LA MARINA BAIXA";"03501";"CALLE LA PALMA, 47";"C";"CALLE";"LA PALMA";"47"; ; ;"H";"HOTEL";"H";"HOTEL";"12";"24";"NCD";"NO PERTENECE A NINGUNA CADENA";"01/06/1967"; ;"01/05 - 31/10";"De Lunes a Domingo"
"CV H00682 A";"A";"ALTA";"3";"3 ESTRELLAS";"JAIME I";"03";"ALACANT";"031";"BENIDORM";"LA MARINA BAIXA";"03502";"AVENIDA JAIME I, 11";"AV";"AVENIDA";"JAIME I";"11";"Hotel@hoteljaimebenidorm.com";"http://www.hoteljaimebenidorm.com";"H";"HOTEL";"H";"HOTEL";"104";"212";"NCD";"NO PERTENECE A NINGUNA CADENA";"04/07/1969"; ;"SIEMPRE ABIERTO";"De Lunes a Domingo"
"CV H00759 A";"B";"BAJA";"2";"2 ESTRELLAS";"JAMAICA";"03";"ALACANT";"031";"BENIDORM";"LA MARINA BAIXA";"03501";"CALLE LA GARITA, 17";"C";"CALLE";"LA GARITA";"17";"hotelpaca@terra.es";"http://hotelpaca.com";"H";"HOTEL";"H";"HOTEL";"52";"96";"NCD";"NO PERTENECE A NINGUNA CADENA";"07/12/1970";"23/07/2009";"SIEMPRE ABIERTO";"De Lunes a Domingo"
"CV H00490 A";"A";"ALTA";"0";"PENSIÓN";"JARDIN";"03";"ALACANT";"031";"BENIDORM";"LA MARINA BAIXA";"03501";"CALLE TOMAS ORTUÑO, 8";"C";"CALLE";"TOMAS ORTUÑO";"8"; ; ;"P";"PENSIÓN";"P";"PENSIÓN";"24";"39";"NCD";"NO PERTENECE A NINGUNA CADENA";"26/07/1968"; ;"SIEMPRE ABIERTO";"De Lunes a Domingo"
"CV H00666 A";"A";"ALTA";"3";"3 ESTRELLAS";"JOYA";"03";"ALACANT";"031";"BENIDORM";"LA MARINA BAIXA";"03502";"AVENIDA ANDALUCIA, 2";"AV";"AVENIDA";"ANDALUCIA";"2"; ; ;"H";"HOTEL";"H";"HOTEL";"133";"266";"NCD";"NO PERTENECE A NINGUNA CADENA";"21/11/1970"; ;"SIEMPRE ABIERTO";"De Lunes a Domingo"
"CV H01364 A";"A";"ALTA";"4";"4 ESTRELLAS";"LA ESTACIÓN";"03";"ALACANT";"031";"BENIDORM";"LA MARINA BAIXA";"03502";"PASEO DELS TOLLS, S/N";"PA";"PASEO";"DELS TOLLS";"S/N";"reservas.laestacion@hotelesposeidon.com";"http://hotelesposeidon.com";"H";"HOTEL";"H";"HOTEL";"72";"152";"POS";"HOTELES POSEIDÓN";"16/02/2009"; ;"SIEMPRE ABIERTO";"De Lunes a Domingo"
"CV H01173 A";"B";"BAJA";"0";"PENSIÓN";"LA ESTRELLA";"03";"ALACANT";"031";"BENIDORM";"LA MARINA BAIXA";"03501";"CALLE MARAVALL, ED. ARANJUEZ II, 1º-D, 11";"C";"CALLE";"MARAVALL, ED. ARANJUEZ II, 1º-D";"11"; ; ;"P";"PENSIÓN";"P";"PENSIÓN";"18";"32";"NCD";"NO PERTENECE A NINGUNA CADENA";"27/07/1998";"16/07/2012";"01/02 - 30/11";"De Lunes a Domingo"
"CV H00402 A";"B";"BAJA";"1";"1 ESTRELLA";"LA JIRAFA";"03";"ALACANT";"031";"BENIDORM";"LA MARINA BAIXA";"03502";"CALLE OVIEDO, 30";"C";"CALLE";"OVIEDO";"30";"jirafa@wanadoo.es";"http://www.hostal-lajirafa.com";"HS";"HOSTAL";"HS";"HOSTAL";"12";"24";"NCD";"NO PERTENECE A NINGUNA CADENA";"05/08/1966";"31/08/2009";"SIEMPRE ABIERTO";"De Lunes a Domingo"
"CV H00312 A";"A";"ALTA";"0";"PENSIÓN";"LA OROZCA";"03";"ALACANT";"031";"BENIDORM";"LA MARINA BAIXA";"03501";"CALLE RUZAFA, 37";"C";"CALLE";"RUZAFA";"37";"pension@laorozca.es";"https://www.laorozca.es";"P";"PENSIÓN";"P";"PENSIÓN";"67";"139";"NCD";"NO PERTENECE A NINGUNA CADENA";"07/06/1965"; ;"01/03 - 31/10";"De Lunes a Domingo"
"CV H00722 A";"A";"ALTA";"2";"2 ESTRELLAS";"LAS VEGAS";"03";"ALACANT";"031";"BENIDORM";"LA MARINA BAIXA";"03501";"CALLE TOMAS ORTUÑO, 13";"C";"CALLE";"TOMAS ORTUÑO";"13"; ; ;"H";"HOTEL";"H";"HOTEL";"113";"234";"NCD";"NO PERTENECE A NINGUNA CADENA";"14/10/1970"; ;"SIEMPRE ABIERTO";"De Lunes a Domingo"
"CV H01146 A";"A";"ALTA";"4";"4 ESTRELLAS";"LES DUNES COMODORO";"03";"ALACANT";"031";"BENIDORM";"LA MARINA BAIXA";"03503";"AVENIDA MADRID, S/N";"AV";"AVENIDA";"MADRID";"S/N";"dunescomodoro@ctv.es";"http://www.lesdunes.com";"H";"HOTEL";"H";"HOTEL";"92";"184";"NCD";"NO PERTENECE A NINGUNA CADENA";"08/09/1995"; ;"SIEMPRE ABIERTO";"De Lunes a Domingo"
"CV H01392 A";"B";"BAJA";"3";"3 ESTRELLAS";"LES DUNES SUITES";"03";"ALACANT";"031";"BENIDORM";"LA MARINA BAIXA";"03503";"AVENIDA MADRID, 10";"AV";"AVENIDA";"MADRID";"10"; ; ;"H";"HOTEL";"HA";"HOTEL-APARTAMENTO";"88";"176";"NCD";"NO PERTENECE A NINGUNA CADENA";"31/01/2011";"03/08/2011";"SIEMPRE ABIERTO";"De Lunes a Domingo"
"CV H01586 A";"A";"ALTA"; ; ;"LEVANTE SUITES";"03";"ALACANT";"031";"BENIDORM";"LA MARINA BAIXA";"03501";"CALLE MARTÍNEZ ALEJOS - EDIF LEVANTE 5ª PLTA., 4";"C";"CALLE";"MARTÍNEZ ALEJOS - EDIF LEVANTE 5ª PLTA.";"4";"rafagasent@gmail.com"; ;"P";"PENSIÓN"; ; ;"3";"6";"NCD";"NO PERTENECE A NINGUNA CADENA";"02/03/2022"; ;"SIEMPRE ABIERTO";"De Lunes a Domingo"
"CV H00954 A";"A";"ALTA";"3";"3 ESTRELLAS";"LIDO";"03";"ALACANT";"031";"BENIDORM";"LA MARINA BAIXA";"03503";"CALLE ALCALDE MANUEL CATALÁN CHANA, 16";"C";"CALLE";"ALCALDE MANUEL CATALÁN CHANA";"16";"medsur@teleline.es";"http://www.webic.com/medsur";"H";"HOTEL";"H";"HOTEL";"64";"124";"MSH";"MEDITERRANEO SUR HOTELES";"13/11/1975"; ;"SIEMPRE ABIERTO";"De Lunes a Domingo"
"CV H00287 A";"A";"ALTA";"3";"3 ESTRELLAS";"LIMEHOME BENIDORM CALLE MAYOR";"03";"ALACANT";"031";"BENIDORM";"LA MARINA BAIXA";"03501";"CALLE MAYOR, 16";"C";"CALLE";"MAYOR";"16";"pd_iberia@limehome.com";"http://www.limehome.com";"H";"HOTEL";"H";"HOTEL";"54";"110";"NCD";"NO PERTENECE A NINGUNA CADENA";"27/10/1962"; ;"SIEMPRE ABIERTO";"De Lunes a Domingo"
"CV H00823 A";"A";"ALTA";"2";"2 ESTRELLAS";"LOPE DE VEGA";"03";"ALACANT";"031";"BENIDORM";"LA MARINA BAIXA";"03503";"AVENIDA DR. SEVERO OCHOA., 9";"AV";"AVENIDA";"DR. SEVERO OCHOA.";"9";"complejovacacional@lopedevega.es";"http://lopedevega.es";"H";"HOTEL";"H";"HOTEL";"63";"124";"NCD";"NO PERTENECE A NINGUNA CADENA";"16/11/1971"; ;"15/06 - 15/09";"De Lunes a Domingo"
"CV H00237 A";"A";"ALTA";"4";"4 ESTRELLAS";"LOS ALAMOS";"03";"ALACANT";"031";"BENIDORM";"LA MARINA BAIXA";"03503";"CALLE GERONA, 7";"C";"CALLE";"GERONA";"7";"reservas@losalamos.es";"http://www.losalamos.es";"H";"HOTEL";"H";"HOTEL";"131";"273";"NCD";"NO PERTENECE A NINGUNA CADENA";"12/05/1962"; ;"SIEMPRE ABIERTO";"De Lunes a Domingo"
"CV H00580 A";"B";"BAJA";"3";"3 ESTRELLAS";"MADEIRA CENTRO";"03";"ALACANT";"031";"BENIDORM";"LA MARINA BAIXA";"03500";"CALLE ESPERANTO, S.N";"C";"CALLE";"ESPERANTO";"S.N"; ; ;"H";"HOTEL";"H";"HOTEL";"86";"166";"NCD";"NO PERTENECE A NINGUNA CADENA";"09/12/1967";"07/03/2000";"SIEMPRE ABIERTO";"De Lunes a Domingo"
"CV H01256 A";"A";"ALTA";"4";"4 ESTRELLAS";"MADEIRA CENTRO";"03";"ALACANT";"031";"BENIDORM";"LA MARINA BAIXA";"03503";"CALLE ESPERANTO, 1";"C";"CALLE";"ESPERANTO";"1";"hotel@madeiracentro.com";"http://www.madeiracentro.com";"H";"HOTEL";"H";"HOTEL";"249";"500";"NCD";"NO PERTENECE A NINGUNA CADENA";"05/12/2002"; ;"SIEMPRE ABIERTO";"De Lunes a Domingo"
"CV H00858 A";"A";"ALTA";"4";"4 ESTRELLAS";"MAGIC AQUA ROCK GARDENS";"03";"ALACANT";"031";"BENIDORM";"LA MARINA BAIXA";"03503";"CALLE BONN, 6";"C";"CALLE";"BONN";"6";"reservas@hoteles-costablanca.com";"http://www.hoteles-costablanca.com";"H";"HOTEL";"H";"HOTEL";"253";"461";"HGC";"GRUPO MAGIC COSTABLANCA";"07/12/1972"; ;"01/02 - 01/12";"De Lunes a Domingo"
"CV H00816 A";"A";"ALTA";"3";"3 ESTRELLAS";"MAGIC CRISTAL PARK";"03";"ALACANT";"031";"BENIDORM";"LA MARINA BAIXA";"03501";"CALLE RUZAFA, 14";"C";"CALLE";"RUZAFA";"14";"reservas@hoteles-costablanca.com";"http://www.hoteles-costablanca.com";"H";"HOTEL";"H";"HOTEL";"453";"863";"HGC";"GRUPO MAGIC COSTABLANCA";"14/09/1971"; ;"SIEMPRE ABIERTO";"De Lunes a Domingo"
"CV H00730 A";"A";"ALTA";"3";"3 ESTRELLAS";"MAGIC VILLA BENIDORM";"03";"ALACANT";"031";"BENIDORM";"LA MARINA BAIXA";"03503";"CALLE GERONA, 44";"C";"CALLE";"GERONA";"44";"reservas@hoteles-costablanca.com";"http://www.hoteles-costablanca.com";"H";"HOTEL";"H";"HOTEL";"120";"228";"HGC";"GRUPO MAGIC COSTABLANCA";"18/01/1971"; ;"SIEMPRE ABIERTO";"De Lunes a Domingo"
"CV H00814 A";"B";"BAJA";"3";"3 ESTRELLAS";"MAGIC VILLA DEL MAR";"03";"ALACANT";"031";"BENIDORM";"LA MARINA BAIXA";"03502";"AVENIDA ARMADA ESPAÑOLA, 1";"AV";"AVENIDA";"ARMADA ESPAÑOLA";"1";"reservas@hoteles-costablanca.com";"http://www.hoteles-costablanca.com";"H";"HOTEL";"H";"HOTEL";"108";"216";"HGC";"GRUPO MAGIC COSTABLANCA";"14/10/1971";"30/01/2009";"SIEMPRE ABIERTO";"De Lunes a Domingo"
"CV H00330 A";"A";"ALTA";"0";"PENSIÓN";"MAR BENIDORM";"03";"ALACANT";"031";"BENIDORM";"LA MARINA BAIXA";"03501";"CALLE PINTOR LOZANO, 5";"C";"CALLE";"PINTOR LOZANO";"5"; ; ;"P";"PENSIÓN";"P";"PENSIÓN";"23";"47";"NCD";"NO PERTENECE A NINGUNA CADENA";"30/09/1963"; ;"SIEMPRE ABIERTO";"De Lunes a Domingo"
"CV H00793 A";"B";"BAJA";"1";"1 ESTRELLA";"MARBELLA";"03";"ALACANT";"031";"BENIDORM";"LA MARINA BAIXA";"03501";"CALLE APOLO XI, 34";"C";"CALLE";"APOLO XI";"34";"HOTEL@MARBELLA.COM"; ;"H";"HOTEL";"H";"HOTEL";"20";"38";"NCD";"NO PERTENECE A NINGUNA CADENA";"22/06/1971";"30/04/2013";"SIEMPRE ABIERTO";"De Lunes a Domingo"
"CV H00653 A";"A";"ALTA";"3";"3 ESTRELLAS";"MARCONI";"03";"ALACANT";"031";"BENIDORM";"LA MARINA BAIXA";"03501";"CALLE SAN PEDRO, 28";"C";"CALLE";"SAN PEDRO";"28";"info@hotelmarconi.es"; ;"H";"HOTEL";"H";"HOTEL";"103";"197";"NCD";"NO PERTENECE A NINGUNA CADENA";"12/04/1969"; ;"SIEMPRE ABIERTO";"De Lunes a Domingo"
"CV H00797 A";"A";"ALTA";"3";"3 ESTRELLAS";"MARENY BENIDORM";"03";"ALACANT";"031";"BENIDORM";"LA MARINA BAIXA";"03501";"CALLE LA GARITA, 17";"C";"CALLE";"LA GARITA";"17";"reservas@marenysol.es";"http://www.marenysol.com";"H";"HOTEL";"H";"HOTEL";"66";"128";"MAS";"MARENY SOL HOTELS";"06/07/1971"; ;"SIEMPRE ABIERTO";"De Lunes a Domingo"
"CV H00675 A";"A";"ALTA";"4";"4 ESTRELLAS";"MARINA RESORT BENIDORM";"03";"ALACANT";"031";"BENIDORM";"LA MARINA BAIXA";"03503";"CALLE CUENCA, 6";"C";"CALLE";"CUENCA";"6";"central@marinaresortbenidorm.com";"www.marinahotelbenidorm.com";"H";"HOTEL";"H";"HOTEL";"313";"628";"NCD";"NO PERTENECE A NINGUNA CADENA";"05/07/1969"; ;"SIEMPRE ABIERTO";"De Lunes a Domingo"
"CV H00475 A";"A";"ALTA";"2";"2 ESTRELLAS";"MAYNA";"03";"ALACANT";"031";"BENIDORM";"LA MARINA BAIXA";"03501";"CALLE RUZAFA, 25";"C";"CALLE";"RUZAFA";"25";"info@hotelmayna.es";"http://www.hotelmayna.es";"H";"HOTEL";"H";"HOTEL";"70";"128";"NCD";"NO PERTENECE A NINGUNA CADENA";"23/07/1965"; ;"SIEMPRE ABIERTO";"De Lunes a Domingo"
"CV H00366 A";"B";"BAJA";"1";"1 ESTRELLA";"MEDITERRANEO";"03";"ALACANT";"031";"BENIDORM";"LA MARINA BAIXA";"03500";"CALLE SAN PEDRO,14, 001";"C";"CALLE";"SAN PEDRO,14";"001"; ; ;"HS";"HOSTAL";"SR";"HOSTAL-RESIDENCIA";"18";"28";"NCD";"NO PERTENECE A NINGUNA CADENA";"29/07/1964";"22/04/1993";"SIEMPRE ABIERTO";"De Lunes a Domingo"
"CV H01292 A";"A";"ALTA";"4";"4 ESTRELLAS";"MEDITERRANEO BENIDORM";"03";"ALACANT";"031";"BENIDORM";"LA MARINA BAIXA";"03503";"AVENIDA DR. SEVERO OCHOA, 16";"AV";"AVENIDA";"DR. SEVERO OCHOA";"16";"reservas@mavitelhoteles.com";"http://mavitelhoteles.com";"H";"HOTEL";"H";"HOTEL";"170";"342";"NCD";"NO PERTENECE A NINGUNA CADENA";"08/04/2004"; ;"SIEMPRE ABIERTO";"De Lunes a Domingo"
"CV H01273 A";"A";"ALTA";"4";"4 ESTRELLAS";"MELIA BENIDORM";"03";"ALACANT";"031";"BENIDORM";"LA MARINA BAIXA";"03503";"AVENIDA DR. SEVERO OCHOA ESQ. C/ZAMORA.";"AV";"AVENIDA";"DR. SEVERO OCHOA ESQ. C/ZAMORA."; ;"melia.benidorm@melia.com";"http://www.melia.com";"H";"HOTEL";"H";"HOTEL";"524";"1052";"SOL";"MELIÁ HOTELS INTERNATIONAL";"08/05/2003"; ;"SIEMPRE ABIERTO";"De Lunes a Domingo"
"CV H01353 A";"A";"ALTA";"4";"4 ESTRELLAS";"MELIA VILLAITANA";"03";"ALACANT";"031";"BENIDORM";"LA MARINA BAIXA";"03502";"AVENIDA EDUARDO ZAPLANA HERNÁNDEZ SORO, 7";"AV";"AVENIDA";"EDUARDO ZAPLANA HERNÁNDEZ SORO";"7";"info@villaitana.com";"http://www.villaitana.com/";"H";"HOTEL";"H";"HOTEL";"356";"808";"SOL";"MELIÁ HOTELS INTERNATIONAL";"14/05/2008"; ;"SIEMPRE ABIERTO";"De Lunes a Domingo"
"CV H00796 A";"A";"ALTA";"3";"3 ESTRELLAS";"MELINA";"03";"ALACANT";"031";"BENIDORM";"LA MARINA BAIXA";"03501";"PLAZA PLAZA DE ESPAÑA, 1";"PL";"PLAZA";"PLAZA DE ESPAÑA";"1";"info@hotelmelina.com";"http://www.hotelmelina.com";"H";"HOTEL";"H";"HOTEL";"185";"364";"NCD";"NO PERTENECE A NINGUNA CADENA";"14/09/1971"; ;"16/03 - 16/11";"De Lunes a Domingo"
"CV H00791 A";"A";"ALTA";"4";"4 ESTRELLAS";"MERCURE BENIDORM";"03";"ALACANT";"031";"BENIDORM";"LA MARINA BAIXA";"03502";"AVENIDA PANAMÁ, 5";"AV";"AVENIDA";"PANAMÁ";"5";"hb618@accor.com";"mercure.accor.com/mercure/benidorm";"H";"HOTEL";"H";"HOTEL";"186";"372";"ACC";"ACCOR HOTELES ESPAÑA";"06/07/1971"; ;"SIEMPRE ABIERTO";"De Lunes a Domingo"
"CV H01276 A";"A";"ALTA";"3";"3 ESTRELLAS";"MILORD`S SUITES";"03";"ALACANT";"031";"BENIDORM";"LA MARINA BAIXA";"03501";"PASEO DE LA CARRETERA, 52";"PA";"PASEO";"DE LA CARRETERA";"52";"info@milords.es";"http://www.milords.es/";"H";"HOTEL";"HA";"HOTEL-APARTAMENTO";"28";"56";"NCD";"NO PERTENECE A NINGUNA CADENA";"27/06/2003"; ;"SIEMPRE ABIERTO";"De Lunes a Domingo"
"CV H01632 A";"A";"ALTA";"1";"1 ESTRELLA";"MIRADOR I";"03";"ALACANT";"031";"BENIDORM";"LA MARINA BAIXA";"03502";"CALLE OVIEDO, 14";"C";"CALLE";"OVIEDO";"14";"reservas@apartamentosmirador.com";"http://www.apartamentosmirador.com";"H";"HOTEL";"HA";"HOTEL-APARTAMENTO";"33";"72";"NCD";"NO PERTENECE A NINGUNA CADENA";"30/08/2023"; ;"SIEMPRE ABIERTO";"De Lunes a Domingo"
"CV H00479 A";"B";"BAJA";"1";"1 ESTRELLA";"MISTRAL";"03";"ALACANT";"031";"BENIDORM";"LA MARINA BAIXA";"03500";"AVENIDA AVDA. DEL MEDITERRANEO, 29, 002";"AV";"AVENIDA";"AVDA. DEL MEDITERRANEO, 29";"002"; ; ;"H";"HOTEL";"H";"HOTEL";"36";"69";"NCD";"NO PERTENECE A NINGUNA CADENA";"06/09/1965";"04/09/1997";"01/04 - 31/10";"De Lunes a Domingo"
"CV H00711 A";"B";"BAJA";"1";"1 ESTRELLA";"MOLI";"03";"ALACANT";"031";"BENIDORM";"LA MARINA BAIXA";"03501";"CALLE DEL MOLI, 5";"C";"CALLE";"DEL MOLI";"5"; ; ;"H";"HOTEL";"H";"HOTEL";"24";"43";"NCD";"NO PERTENECE A NINGUNA CADENA";"07/04/1970";"31/07/2008";"SIEMPRE ABIERTO";"De Lunes a Domingo"
"CV H01562 A";"A";"ALTA"; ; ;"MOLI BEACH";"03";"ALACANT";"031";"BENIDORM";"LA MARINA BAIXA";"03502";"CALLE MOLI, 5";"C";"CALLE";"MOLI";"5";"escugran@gmail.com"; ;"HS";"HOSTAL"; ; ;"18";"33";"NCD";"NO PERTENECE A NINGUNA CADENA";"31/05/2021"; ;"SIEMPRE ABIERTO";"De Lunes a Domingo"
"CV H00844 A";"B";"BAJA";"3";"3 ESTRELLAS";"MONACO";"03";"ALACANT";"031";"BENIDORM";"LA MARINA BAIXA";"03503";"AVENIDA ESCRITOR Y PERIODISTA EMILIO ROMERO, 11";"AV";"AVENIDA";"ESCRITOR Y PERIODISTA EMILIO ROMERO";"11"; ; ;"H";"HOTEL";"H";"HOTEL";"163";"314";"NCD";"NO PERTENECE A NINGUNA CADENA";"19/02/1973";"12/11/2007";"SIEMPRE ABIERTO";"De Lunes a Domingo"
"CV H00654 A";"A";"ALTA";"3";"3 ESTRELLAS";"MONT PARK";"03";"ALACANT";"031";"BENIDORM";"LA MARINA BAIXA";"03503";"CALLE MANILA, 5";"C";"CALLE";"MANILA";"5"; ; ;"H";"HOTEL";"H";"HOTEL";"147";"280";"NCD";"NO PERTENECE A NINGUNA CADENA";"12/04/1969"; ;"SIEMPRE ABIERTO";"De Lunes a Domingo"
"CV H00527 A";"A";"ALTA";"3";"3 ESTRELLAS";"MONTEMAR";"03";"ALACANT";"031";"BENIDORM";"LA MARINA BAIXA";"03501";"CALLE SAN PEDRO, 18";"C";"CALLE";"SAN PEDRO";"18";"info@hmontemar.com";"http://www.hmontemar.com";"H";"HOTEL";"H";"HOTEL";"115";"223";"NCD";"NO PERTENECE A NINGUNA CADENA";"19/06/1966"; ;"02/03 - 16/11";"De Lunes a Domingo"
"CV H00345 A";"B";"BAJA";"2";"2 ESTRELLAS";"MONTESOL";"03";"ALACANT";"031";"BENIDORM";"LA MARINA BAIXA";"03500";"CALLE ARCO IRIS, 4";"C";"CALLE";"ARCO IRIS";"4"; ; ;"H";"HOTEL";"H";"HOTEL";"50";"100";"NCD";"NO PERTENECE A NINGUNA CADENA";"09/09/1965";"07/03/2000";"SIEMPRE ABIERTO";"De Lunes a Domingo"
"CV H00617 A";"A";"ALTA";"3";"3 ESTRELLAS";"MONTESOL";"03";"ALACANT";"031";"BENIDORM";"LA MARINA BAIXA";"03501";"AVENIDA LOS ALMENDROS, 19";"AV";"AVENIDA";"LOS ALMENDROS";"19"; ; ;"H";"HOTEL";"H";"HOTEL";"88";"176";"NCD";"NO PERTENECE A NINGUNA CADENA";"30/10/1969"; ;"SIEMPRE ABIERTO";"De Lunes a Domingo"
"CV H01593 A";"A";"ALTA";"3";"3 ESTRELLAS";"N.R. MIRADOR DEL CASTILLO";"03";"ALACANT";"031";"BENIDORM";"LA MARINA BAIXA";"03501";"CALLE QUATRE CANTONS, 20";"C";"CALLE";"QUATRE CANTONS";"20";"info@nrmiradordelcastillo.com";"http://www.nrmiradordelcastillo.com";"H";"HOTEL";"H";"HOTEL";"32";"60";"NCD";"NO PERTENECE A NINGUNA CADENA";"07/06/2022"; ;"SIEMPRE ABIERTO";"De Lunes a Domingo"
"CV H00602 A";"B";"BAJA";"1";"1 ESTRELLA";"NACIONAL";"03";"ALACANT";"031";"BENIDORM";"LA MARINA BAIXA";"03501";"CALLE VERANO, 9";"C";"CALLE";"VERANO";"9"; ;"http://www.nacho@jet.es";"H";"HOTEL";"H";"HOTEL";"40";"73";"NCD";"NO PERTENECE A NINGUNA CADENA";"01/04/1968";"07/02/2005";"01/04 - 31/10";"De Lunes a Domingo"
"CV H00655 A";"A";"ALTA";"3";"3 ESTRELLAS";"NADAL";"03";"ALACANT";"031";"BENIDORM";"LA MARINA BAIXA";"03503";"AVENIDA MADRID, 45";"AV";"AVENIDA";"MADRID";"45";"hotelnadal@terra.es";"http://www.hotelnadalbenidorm.com";"H";"HOTEL";"H";"HOTEL";"36";"72";"NCD";"NO PERTENECE A NINGUNA CADENA";"12/04/1969"; ;"SIEMPRE ABIERTO";"De Lunes a Domingo"
"CV H00746 A";"A";"ALTA";"4";"4 ESTRELLAS";"NEREO";"03";"ALACANT";"031";"BENIDORM";"LA MARINA BAIXA";"03503";"AVENIDA AMETLLA DE MAR, 12";"AV";"AVENIDA";"AMETLLA DE MAR";"12";"nereo@servigroup.es";"www.servigroup.com";"H";"HOTEL";"H";"HOTEL";"200";"382";"SER";"HOTELES SERVIGROUP";"14/12/1970"; ;"SIEMPRE ABIERTO";"De Lunes a Domingo"
"CV H01729 A";"A";"ALTA";"3";"3 ESTRELLAS";"NOMAD HOTEL BENIDORM";"03";"ALACANT";"031";"BENIDORM";"LA MARINA BAIXA";"03502";"CALLE ERMITA, 3";"C";"CALLE";"ERMITA";"3";"hola@nomadhotelcollection.com";"http://nomadhotelcollection.com";"H";"HOTEL";"H";"HOTEL";"22";"52";"NCD";"NO PERTENECE A NINGUNA CADENA";"08/07/2025"; ;"SIEMPRE ABIERTO";"De Lunes a Domingo"
"CV H01144 A";"A";"ALTA";"3";"3 ESTRELLAS";"OASIS PLAZA";"03";"ALACANT";"031";"BENIDORM";"LA MARINA BAIXA";"03501";"PLAZA DE ESPAÑA, 7";"PL";"PLAZA";"DE ESPAÑA";"7";"oasisplaza@accesosis.es"; ;"H";"HOTEL";"H";"HOTEL";"113";"220";"NCD";"NO PERTENECE A NINGUNA CADENA";"28/07/1995"; ;"SIEMPRE ABIERTO";"De Lunes a Domingo"
"CV H01190 A";"A";"ALTA";"4";"4 ESTRELLAS";"OLYMPUS";"03";"ALACANT";"031";"BENIDORM";"LA MARINA BAIXA";"03502";"CALLE ACACIAS, 11";"C";"CALLE";"ACACIAS";"11";"olympus@medinahoteles.com";"http://www.medinahoteles.com";"H";"HOTEL";"H";"HOTEL";"148";"300";"NCD";"NO PERTENECE A NINGUNA CADENA";"30/04/1999"; ;"SIEMPRE ABIERTO";"De Lunes a Domingo"
"CV H00783 A";"A";"ALTA";"3";"3 ESTRELLAS";"ORANGE";"03";"ALACANT";"031";"BENIDORM";"LA MARINA BAIXA";"03503";"CALLE MALLORCA, 11";"C";"CALLE";"MALLORCA";"11";"orange@servigroup.es";"servigroup.com";"H";"HOTEL";"H";"HOTEL";"264";"506";"SER";"HOTELES SERVIGROUP";"15/05/1971"; ;"01/04 - 20/11";"De Lunes a Domingo"
"CV H01142 A";"B";"BAJA";"2";"2 ESTRELLAS";"PALASIET";"03";"ALACANT";"031";"BENIDORM";"LA MARINA BAIXA";"03503";"PARTIDA PALASIET, 31";"PD";"PARTIDA";"PALASIET";"31";"info@hoteleuropeo.es";"www.hoteleuropeo.es";"H";"HOTEL";"H";"HOTEL";"16";"32";"NCD";"NO PERTENECE A NINGUNA CADENA";"30/06/1995";"01/02/2021";"SIEMPRE ABIERTO";"De Lunes a Domingo"
"CV H01266 A";"A";"ALTA";"1";"1 ESTRELLA";"PALM COURT";"03";"ALACANT";"031";"BENIDORM";"LA MARINA BAIXA";"03503";"CALLE MALLORCA, 16";"C";"CALLE";"MALLORCA";"16"; ; ;"H";"HOTEL";"HA";"HOTEL-APARTAMENTO";"45";"90";"NCD";"NO PERTENECE A NINGUNA CADENA";"25/02/2003"; ;"SIEMPRE ABIERTO";"De Lunes a Domingo"
"CV H00536 A";"B";"BAJA";"2";"2 ESTRELLAS";"PALMA, LA";"03";"ALACANT";"031";"BENIDORM";"LA MARINA BAIXA";"03500";"CALLE LA PALMA, 23";"C";"CALLE";"LA PALMA";"23"; ; ;"HS";"HOSTAL";"SR";"HOSTAL-RESIDENCIA";"10";"20";"NCD";"NO PERTENECE A NINGUNA CADENA";"15/10/1966";"01/02/1993";"01/04 - 31/10";"De Lunes a Domingo"
"CV H00548 A";"A";"ALTA";"0";"PENSIÓN";"PARDO";"03";"ALACANT";"031";"BENIDORM";"LA MARINA BAIXA";"03501";"CALLE LIMONES, 14";"C";"CALLE";"LIMONES";"14"; ; ;"P";"PENSIÓN";"P";"PENSIÓN";"20";"40";"NCD";"NO PERTENECE A NINGUNA CADENA";"26/08/1966"; ;"SIEMPRE ABIERTO";"De Lunes a Domingo"
"CV H00718 A";"A";"ALTA";"3";"3 ESTRELLAS";"PERLA";"03";"ALACANT";"031";"BENIDORM";"LA MARINA BAIXA";"03503";"CALLE LEPANTO, 18";"C";"CALLE";"LEPANTO";"18";"info@hotelperlabenidorm.com";"http://www.hotelperlabenidorm.com";"H";"HOTEL";"H";"HOTEL";"112";"219";"NCD";"NO PERTENECE A NINGUNA CADENA";"14/10/1970"; ;"01/04 - 31/10";"De Lunes a Domingo"
"CV H00926 A";"A";"ALTA";"4";"4 ESTRELLAS";"PORT BENIDORM";"03";"ALACANT";"031";"BENIDORM";"LA MARINA BAIXA";"03503";"CALLE ESTOCOLMO, 4";"C";"CALLE";"ESTOCOLMO";"4";"info@onasol.es";"http://www.onasol.es";"H";"HOTEL";"H";"HOTEL";"270";"540";"POR";"PORT HOTELS";"22/09/1975"; ;"SIEMPRE ABIERTO";"De Lunes a Domingo"
"CV H00569 A";"A";"ALTA";"3";"3 ESTRELLAS";"PORT FIESTA PARK";"03";"ALACANT";"031";"BENIDORM";"LA MARINA BAIXA";"03502";"CALLE FOIETES, 4";"C";"CALLE";"FOIETES";"4";"fiestapark@porthotels.es"; ;"H";"HOTEL";"H";"HOTEL";"374";"855";"POR";"PORT HOTELS";"26/04/1967"; ;"SIEMPRE ABIERTO";"De Lunes a Domingo"
"CV H00731 A";"A";"ALTA";"3";"3 ESTRELLAS";"PORT VISTA ORO";"03";"ALACANT";"031";"BENIDORM";"LA MARINA BAIXA";"03501";"CALLE RUZAFA, 39";"C";"CALLE";"RUZAFA";"39";"vistaoro@porthotels.es";"http://www.porthotels.es";"H";"HOTEL";"H";"HOTEL";"90";"180";"POR";"PORT HOTELS";"28/01/1971"; ;"SIEMPRE ABIERTO";"De Lunes a Domingo"
"CV H00910 A";"A";"ALTA";"3";"3 ESTRELLAS";"POSEIDON";"03";"ALACANT";"031";"BENIDORM";"LA MARINA BAIXA";"03503";"CALLE ESPERANTO, 9";"C";"CALLE";"ESPERANTO";"9";"reservas@hotelesposeidon.com";"http://www.hotelesposeidon.com";"H";"HOTEL";"H";"HOTEL";"246";"468";"POS";"HOTELES POSEIDÓN";"14/10/1974"; ;"SIEMPRE ABIERTO";"De Lunes a Domingo"
"CV H01102 A";"A";"ALTA";"3";"3 ESTRELLAS";"POSEIDÓN PALACE";"03";"ALACANT";"031";"BENIDORM";"LA MARINA BAIXA";"03501";"EMILIO ORTUÑO, 26"; ; ;"EMILIO ORTUÑO";"26";"reservas@hotelesposeidon.com";"http://www.hotelesposeidon.com";"H";"HOTEL";"H";"HOTEL";"221";"440";"POS";"HOTELES POSEIDÓN";"27/03/1992"; ;"SIEMPRE ABIERTO";"De Lunes a Domingo"
"CV H00801 A";"A";"ALTA";"3";"3 ESTRELLAS";"POSEIDÓN PLAYA";"03";"ALACANT";"031";"BENIDORM";"LA MARINA BAIXA";"03502";"CALLE RACHAVEL, 1";"C";"CALLE";"RACHAVEL";"1";"reservas@hotelesposeidon.com";"http://www.hotelesposeidon.com";"H";"HOTEL";"H";"HOTEL";"312";"594";"POS";"HOTELES POSEIDÓN";"08/07/1971"; ;"SIEMPRE ABIERTO";"De Lunes a Domingo"
"CV H01542 A";"A";"ALTA";"1";"1 ESTRELLA";"POSIDONIA";"03";"ALACANT";"031";"BENIDORM";"LA MARINA BAIXA";"03500";"CALLE TOMÀS ORTUÑO, 30";"C";"CALLE";"TOMÀS ORTUÑO";"30";"reservas@gbhotels.es";"https://alojamientostop.com.es/apartamentos-posidonia";"H";"HOTEL";"HA";"HOTEL-APARTAMENTO";"7";"14";"NCD";"NO PERTENECE A NINGUNA CADENA";"03/08/2020"; ;"SIEMPRE ABIERTO";"De Lunes a Domingo"
"CV H00817 A";"A";"ALTA";"4";"4 ESTRELLAS";"PRESIDENTE";"03";"ALACANT";"031";"BENIDORM";"LA MARINA BAIXA";"03503";"AVENIDA AVDA.FILIPINAS, 10";"AV";"AVENIDA";"AVDA.FILIPINAS";"10";"presidente@hotelesbenidorm.com";"http://www.hotelesbenidorm.com";"H";"HOTEL";"H";"HOTEL";"319";"646";"HBE";"HOTELES BENIDORM";"20/09/1971"; ;"SIEMPRE ABIERTO";"De Lunes a Domingo"
"CV H00774 A";"A";"ALTA";"2";"2 ESTRELLAS";"PRIMAVERA";"03";"ALACANT";"031";"BENIDORM";"LA MARINA BAIXA";"03501";"CALLE GARDENIAS, 12";"C";"CALLE";"GARDENIAS";"12";"reserva@hotelprimavera.es";"https://www.hotelprimavera.es/";"H";"HOTEL";"H";"HOTEL";"41";"78";"NCD";"NO PERTENECE A NINGUNA CADENA";"21/11/1971"; ;"SIEMPRE ABIERTO";"De Lunes a Domingo"
"CV H01357 A";"A";"ALTA";"4";"4 ESTRELLAS";"PRIMAVERA PARK";"03";"ALACANT";"031";"BENIDORM";"LA MARINA BAIXA";"03501";"CALLE VERANO, 15";"C";"CALLE";"VERANO";"15"; ; ;"H";"HOTEL";"H";"HOTEL";"203";"406";"NCD";"NO PERTENECE A NINGUNA CADENA";"31/07/2008"; ;"SIEMPRE ABIERTO";"De Lunes a Domingo"
"CV H00778 A";"B";"BAJA";"1";"1 ESTRELLA";"PRIMO, EL";"03";"ALACANT";"031";"BENIDORM";"LA MARINA BAIXA";"03500";"CALLE ANTONIO RAMOS CARRATALA, 000";"C";"CALLE";"ANTONIO RAMOS CARRATALA";"000"; ; ;"HS";"HOSTAL";"SR";"HOSTAL-RESIDENCIA";"29";"46";"NCD";"NO PERTENECE A NINGUNA CADENA";"15/05/1971";"06/05/1993";"01/04 - 30/09";"De Lunes a Domingo"
"CV H00726 A";"A";"ALTA";"3";"3 ESTRELLAS";"PRINCE PARK";"03";"ALACANT";"031";"BENIDORM";"LA MARINA BAIXA";"03501";"CALLE PRIMAVERA, 3";"C";"CALLE";"PRIMAVERA";"3";"reservas@princepark.com";"http://www.princepark.com";"H";"HOTEL";"H";"HOTEL";"165";"330";"NCD";"NO PERTENECE A NINGUNA CADENA";"10/06/1970"; ;"SIEMPRE ABIERTO";"De Lunes a Domingo"
"CV H00815 A";"A";"ALTA";"2";"2 ESTRELLAS";"QUEEN'S";"03";"ALACANT";"031";"BENIDORM";"LA MARINA BAIXA";"03501";"PLAZA CONSTITUCION, 5";"PL";"PLAZA";"CONSTITUCION";"5";"booking@mcalojamientos.com";"http://www.mcalojamientos.com/hotel-queens";"H";"HOTEL";"H";"HOTEL";"36";"70";"NCD";"NO PERTENECE A NINGUNA CADENA";"14/09/1971"; ;"01/01 - 31/12";"De Lunes a Domingo"
"CV H00790 A";"B";"BAJA";"3";"3 ESTRELLAS";"RAMBLA";"03";"ALACANT";"031";"BENIDORM";"LA MARINA BAIXA";"03502";"AVENIDA FOIETES, 2";"AV";"AVENIDA";"FOIETES";"2";"administracion@hotelramblabenidorm.es"; ;"H";"HOTEL";"H";"HOTEL";"140";"292";"NCD";"NO PERTENECE A NINGUNA CADENA";"07/06/1971";"22/09/2025";"SIEMPRE ABIERTO";"De Lunes a Domingo"
"CV H00798 A";"A";"ALTA";"4";"4 ESTRELLAS";"REGENTE";"03";"ALACANT";"031";"BENIDORM";"LA MARINA BAIXA";"03503";"CALLE MONACO, 5";"C";"CALLE";"MONACO";"5";"regente@medplaya.com";"http://www.medplaya.com";"H";"HOTEL";"H";"HOTEL";"182";"364";"MED";"MED PLAYA HOTELS";"22/06/1971"; ;"SIEMPRE ABIERTO";"De Lunes a Domingo"
"CV H00542 A";"A";"ALTA";"4";"4 ESTRELLAS";"RH CORONA DEL MAR";"03";"ALACANT";"031";"BENIDORM";"LA MARINA BAIXA";"03501";"AVENIDA JAUME I, S/N";"AV";"AVENIDA";"JAUME I";"S/N";"coronadelmar@hotelesrh.com";"https://www.hotelrhcoronadelmar.com";"H";"HOTEL";"H";"HOTEL";"129";"258";"HRH";"HOTELES RH";"21/10/1966"; ;"SIEMPRE ABIERTO";"De Lunes a Domingo"
"CV H00735 A";"A";"ALTA";"4";"4 ESTRELLAS";"RH PRINCESA";"03";"ALACANT";"031";"BENIDORM";"LA MARINA BAIXA";"03501";"CALLE MIRADOR, 3";"C";"CALLE";"MIRADOR";"3";"princesa@hotelesrh.com";"http://www.hotelrhprincesa.com";"H";"HOTEL";"H";"HOTEL";"229";"443";"HRH";"HOTELES RH";"14/10/1970"; ;"SIEMPRE ABIERTO";"De Lunes a Domingo"
"CV H00695 A";"A";"ALTA";"4";"4 ESTRELLAS";"RH ROYAL";"03";"ALACANT";"031";"BENIDORM";"LA MARINA BAIXA";"03501";"CALLE EMILIO ORTUÑO, 11";"C";"CALLE";"EMILIO ORTUÑO";"11";"royal@hotelesrh.com";"https://www.hotelrhroyal.com";"H";"HOTEL";"H";"HOTEL";"94";"178";"HRH";"HOTELES RH";"24/07/1969"; ;"SIEMPRE ABIERTO";"De Lunes a Domingo"
"CV H00337 A";"A";"ALTA";"3";"3 ESTRELLAS";"RH SOL";"03";"ALACANT";"031";"BENIDORM";"LA MARINA BAIXA";"03501";"CALLE PINTOR LOZANO, 5";"C";"CALLE";"PINTOR LOZANO";"5";"central@hotelesrh.es";"http://www.hotelrhsol.com";"H";"HOTEL";"H";"HOTEL";"42";"79";"HRH";"HOTELES RH";"29/04/1970"; ;"SIEMPRE ABIERTO";"De Lunes a Domingo"
"CV H01209 A";"A";"ALTA";"4";"4 ESTRELLAS";"RH VICTORIA";"03";"ALACANT";"031";"BENIDORM";"LA MARINA BAIXA";"03501";"VÍA EMILIO ORTUÑO, 20"; ; ;"VÍA EMILIO ORTUÑO";"20";"victoria@hotelesrh.com";"https://www.hotelesrh.com/hoteles-en-benidorm/hotel-rh-victoria";"H";"HOTEL";"H";"HOTEL";"132";"251";"HRH";"HOTELES RH";"24/11/2000"; ;"SIEMPRE ABIERTO";"De Lunes a Domingo"
"CV H00451 A";"A";"ALTA";"3";"3 ESTRELLAS";"RIALTO";"03";"ALACANT";"031";"BENIDORM";"LA MARINA BAIXA";"03503";"CALLE ESTOCOLMO, 14";"C";"CALLE";"ESTOCOLMO";"14";"rialto@servigroup.es";"servigroup.com";"H";"HOTEL";"H";"HOTEL";"133";"259";"SER";"HOTELES SERVIGROUP";"03/02/1966"; ;"01/04 - 20/11";"De Lunes a Domingo"
"CV H00800 A";"A";"ALTA";"4";"4 ESTRELLAS";"RIO PARK";"03";"ALACANT";"031";"BENIDORM";"LA MARINA BAIXA";"03503";"CALLE MURCIA, 16";"C";"CALLE";"MURCIA";"16";"administracion.riopark@medplaya.com";"http://www.medplaya.com";"H";"HOTEL";"H";"HOTEL";"408";"970";"MED";"MED PLAYA HOTELS";"01/06/1971"; ;"SIEMPRE ABIERTO";"De Lunes a Domingo"
"CV H00799 A";"A";"ALTA";"4";"4 ESTRELLAS";"RIUDOR";"03";"ALACANT";"031";"BENIDORM";"LA MARINA BAIXA";"03503";"AVENIDA MEDITERRANEO, 45";"AV";"AVENIDA";"MEDITERRANEO";"45";"riudor@medplaya.com";"http://www.medplaya.com";"H";"HOTEL";"H";"HOTEL";"165";"330";"MED";"MED PLAYA HOTELS";"22/06/1971"; ;"SIEMPRE ABIERTO";"De Lunes a Domingo"
"CV H00812 A";"A";"ALTA";"4";"4 ESTRELLAS";"RIVIERA BEACHOTEL";"03";"ALACANT";"031";"BENIDORM";"LA MARINA BAIXA";"03503";"AVENIDA DERRAMADOR, 8";"AV";"AVENIDA";"DERRAMADOR";"8";"reservas@hotelesbenidorm.com";"http://hotelesbenidorm.com";"H";"HOTEL";"H";"HOTEL";"98";"196";"ENT";"ENTREMARES";"27/07/1971"; ;"SIEMPRE ABIERTO";"De Lunes a Domingo"
"CV H00472 A";"B";"BAJA";"0";"PENSIÓN";"ROCA";"03";"ALACANT";"031";"BENIDORM";"LA MARINA BAIXA";"03502";"AVENIDA BENIARDA, 3";"AV";"AVENIDA";"BENIARDA";"3"; ; ;"P";"PENSIÓN";"P";"PENSIÓN";"10";"18";"NCD";"NO PERTENECE A NINGUNA CADENA";"08/07/1972";"17/12/2024";"01/04 - 01/10";"De Lunes a Domingo"
"CV H00439 A";"A";"ALTA";"2";"2 ESTRELLAS";"ROCAMAR";"03";"ALACANT";"031";"BENIDORM";"LA MARINA BAIXA";"03501";"CALLE CUATRO ESQUINAS, 18";"C";"CALLE";"CUATRO ESQUINAS";"18";"info@hotelrocamarbenidorm.es";"www.hotelrocamarbenidorm.es";"H";"HOTEL";"H";"HOTEL";"26";"54";"NCD";"NO PERTENECE A NINGUNA CADENA";"15/09/1966"; ;"SIEMPRE ABIERTO";"De Lunes a Domingo"
"CV H00938 A";"A";"ALTA";"0";"PENSIÓN";"ROSA";"03";"ALACANT";"031";"BENIDORM";"LA MARINA BAIXA";"03501";"CALLE VENUS, ED. ALGAR, ESC 2 1º-F, 1";"C";"CALLE";"VENUS, ED. ALGAR, ESC 2 1º-F";"1";"pensionrosa@yahoo.es";"https://pensionrosabenidorm.es";"P";"PENSIÓN";"P";"PENSIÓN";"16";"27";"NCD";"NO PERTENECE A NINGUNA CADENA";"30/06/1976"; ;"SIEMPRE ABIERTO";"De Lunes a Domingo"
"CV H00627 A";"A";"ALTA";"1";"1 ESTRELLA";"ROSABEL";"03";"ALACANT";"031";"BENIDORM";"LA MARINA BAIXA";"03501";"CALLE TULIPANES, 3";"C";"CALLE";"TULIPANES";"3"; ; ;"H";"HOTEL";"H";"HOTEL";"34";"59";"NCD";"NO PERTENECE A NINGUNA CADENA";"10/01/1970"; ;"01/04 - 31/10";"De Lunes a Domingo"
"CV H00881 A";"A";"ALTA";"4";"4 ESTRELLAS";"ROSAMAR";"03";"ALACANT";"031";"BENIDORM";"LA MARINA BAIXA";"03503";"AVENIDA DERRAMADOR, 6";"AV";"AVENIDA";"DERRAMADOR";"6";"reservas@hotelrosamar.com";"http://www.hotelrosamar.com";"H";"HOTEL";"H";"HOTEL";"463";"926";"NCD";"NO PERTENECE A NINGUNA CADENA";"10/09/1974"; ;"SIEMPRE ABIERTO";"De Lunes a Domingo"
"CV H00576 A";"B";"BAJA";"0";"PENSIÓN";"SAN POL";"03";"ALACANT";"031";"BENIDORM";"LA MARINA BAIXA";"03500";"CALLE SANTA FAZ, 44";"C";"CALLE";"SANTA FAZ";"44"; ; ;"P";"PENSIÓN";"P";"PENSIÓN";"27";"48";"NCD";"NO PERTENECE A NINGUNA CADENA";"09/07/1967";"01/06/1999";"01/04 - 31/10";"De Lunes a Domingo"
"CV H01377 A";"A";"ALTA";"4";"4 ESTRELLAS";"SANDOS MONACO HOTEL & SPA";"03";"ALACANT";"031";"BENIDORM";"LA MARINA BAIXA";"03503";"CALLE PERIODISTA Y ESCRITOR EMILIO ROMERO, 11";"C";"CALLE";"PERIODISTA Y ESCRITOR EMILIO ROMERO";"11";"direccion.monaco@sandos.es";"https://www.sandos.es";"H";"HOTEL";"H";"HOTEL";"199";"384";"SAN";"SANDOS HOTELS & RESORTS";"16/12/2009"; ;"SIEMPRE ABIERTO";"De Lunes a Domingo"
"CV H00139 A";"A";"ALTA";"2";"2 ESTRELLAS";"SANTA FAZ";"03";"ALACANT";"031";"BENIDORM";"LA MARINA BAIXA";"03501";"CALLE SANTA FAZ, 18";"C";"CALLE";"SANTA FAZ";"18";"reservas@hotelsantafaz.com"; ;"H";"HOTEL";"H";"HOTEL";"33";"72";"NCD";"NO PERTENECE A NINGUNA CADENA";"12/07/1969"; ;"01/04 - 31/10";"De Lunes a Domingo"
"CV H00903 A";"B";"BAJA";"4";"4 ESTRELLAS";"SELOMAR";"03";"ALACANT";"031";"BENIDORM";"LA MARINA BAIXA";"03501";"CALLE VIRGEN DEL SUFRAGIO, S.N";"C";"CALLE";"VIRGEN DEL SUFRAGIO";"S.N";"comercial@grupobali.com";"http://ww.grupobali.com";"H";"HOTEL";"H";"HOTEL";"244";"480";"NCD";"NO PERTENECE A NINGUNA CADENA";"22/09/1975";"21/12/2006";"SIEMPRE ABIERTO";"De Lunes a Domingo"
"CV H00744 A";"A";"ALTA";"3";"3 ESTRELLAS";"SERVIGROUP PUEBLO BENIDORM";"03";"ALACANT";"031";"BENIDORM";"LA MARINA BAIXA";"03503";"CALLE IBIZA, 17";"C";"CALLE";"IBIZA";"17";"pueblobenidorm@servigroup.es";"servigroup.com";"H";"HOTEL";"H";"HOTEL";"541";"962";"SER";"HOTELES SERVIGROUP";"23/10/1970"; ;"SIEMPRE ABIERTO";"De Lunes a Domingo"
"CV H00809 A";"A";"ALTA";"3";"3 ESTRELLAS";"SOL OCAS";"03";"ALACANT";"031";"BENIDORM";"LA MARINA BAIXA";"03503";"CALLE GERONA, S.N";"C";"CALLE";"GERONA";"S.N";"sol.pelicanos.ocas@solmelia.com";"http://www.solmelia.com";"H";"HOTEL";"H";"HOTEL";"318";"607";"SOL";"MELIÁ HOTELS INTERNATIONAL";"14/09/1971"; ;"SIEMPRE ABIERTO";"De Lunes a Domingo"
"CV H00745 A";"A";"ALTA";"3";"3 ESTRELLAS";"SOL PELICANOS";"03";"ALACANT";"031";"BENIDORM";"LA MARINA BAIXA";"03503";"CALLE GERONA, 45";"C";"CALLE";"GERONA";"45";"sol.pelicanos.ocas@melia.com";"http://www.melia.com";"H";"HOTEL";"H";"HOTEL";"476";"896";"SOL";"MELIÁ HOTELS INTERNATIONAL";"04/11/1970"; ;"SIEMPRE ABIERTO";"De Lunes a Domingo"
"CV H00665 A";"A";"ALTA";"3";"3 ESTRELLAS";"SOL Y SOMBRA";"03";"ALACANT";"031";"BENIDORM";"LA MARINA BAIXA";"03502";"CALLE FLORIDA, 7";"C";"CALLE";"FLORIDA";"7";"solysombra@medinahoteles.com";"http://www.medinahoteles.com";"H";"HOTEL";"H";"HOTEL";"213";"458";"NCD";"NO PERTENECE A NINGUNA CADENA";"19/11/1970"; ;"SIEMPRE ABIERTO";"De Lunes a Domingo"
"CV H00528 A";"A";"ALTA";"0";"PENSIÓN";"TABARCA";"03";"ALACANT";"031";"BENIDORM";"LA MARINA BAIXA";"03501";"CALLE RUZAFA, 9";"C";"CALLE";"RUZAFA";"9"; ; ;"P";"PENSIÓN";"P";"PENSIÓN";"13";"24";"NCD";"NO PERTENECE A NINGUNA CADENA";"06/06/1966"; ;"SIEMPRE ABIERTO";"De Lunes a Domingo"
"CV H00614 A";"A";"ALTA";"3";"3 ESTRELLAS";"TANIT";"03";"ALACANT";"031";"BENIDORM";"LA MARINA BAIXA";"03501";"AVENIDA ALMENDROS, 1";"AV";"AVENIDA";"ALMENDROS";"1";"info@hoteltanit.com";"www.hoteltanit.com";"H";"HOTEL";"H";"HOTEL";"83";"147";"NCD";"NO PERTENECE A NINGUNA CADENA";"06/11/1969"; ;"SIEMPRE ABIERTO";"De Lunes a Domingo"
"CV H00468 A";"A";"ALTA";"2";"2 ESTRELLAS";"TEREMAR";"03";"ALACANT";"031";"BENIDORM";"LA MARINA BAIXA";"03501";"CALLE GARITA, 18";"C";"CALLE";"GARITA";"18";"info@hotelteremar.com";"http://www.hotelteremar.com";"H";"HOTEL";"H";"HOTEL";"72";"136";"NCD";"NO PERTENECE A NINGUNA CADENA";"05/07/1965"; ;"SIEMPRE ABIERTO";"De Lunes a Domingo"
"CV H00353 A";"A";"ALTA";"4";"4 ESTRELLAS";"THE AGIR SPRINGS HOTEL";"03";"ALACANT";"031";"BENIDORM";"LA MARINA BAIXA";"03503";"AVENIDA MEDITERRANEO, 11";"AV";"AVENIDA";"MEDITERRANEO";"11";"agir@medplaya.com";"https://theagirspringshotel.com/";"H";"HOTEL";"H";"HOTEL";"78";"158";"MED";"MED PLAYA HOTELS";"01/01/1966"; ;"SIEMPRE ABIERTO";"De Lunes a Domingo"
"CV H01333 A";"A";"ALTA";"5";"5 ESTRELLAS";"THE LEVEL AT MELIA VILLAITANA";"03";"ALACANT";"031";"BENIDORM";"LA MARINA BAIXA";"03502";"AVENIDA DEL ALCALDE EDUARDO ZAPLANA HERNÁNDEZ- SORO, 7";"AV";"AVENIDA";"DEL ALCALDE EDUARDO ZAPLANA HERNÁNDEZ- SORO";"7";"info@villaitana.com";"http://www.villaitana.com";"H";"HOTEL";"H";"HOTEL";"126";"258";"SOL";"MELIÁ HOTELS INTERNATIONAL";"14/12/2006"; ;"SIEMPRE ABIERTO";"De Lunes a Domingo"
"CV H00934 A";"B";"BAJA";"0";"PENSIÓN";"TIO LA PIPA";"03";"ALACANT";"031";"BENIDORM";"LA MARINA BAIXA";"03500";"CALLE GERANIOS, 9";"C";"CALLE";"GERANIOS";"9"; ; ;"P";"PENSIÓN";"P";"PENSIÓN";"9";"17";"NCD";"NO PERTENECE A NINGUNA CADENA";"07/03/1975";"30/07/1998";"SIEMPRE ABIERTO";"De Lunes a Domingo"
"CV H00607 A";"A";"ALTA";"3";"3 ESTRELLAS";"TORRE DORADA";"03";"ALACANT";"031";"BENIDORM";"LA MARINA BAIXA";"03502";"CALLE AVILES, 2";"C";"CALLE";"AVILES";"2";"torredorada@servigroup.es";"servigroup.com";"H";"HOTEL";"H";"HOTEL";"243";"632";"SER";"HOTELES SERVIGROUP";"30/10/1969"; ;"01/05 - 13/10";"De Lunes a Domingo"
"CV H00849 A";"A";"ALTA";"3";"3 ESTRELLAS";"VENUS";"03";"ALACANT";"031";"BENIDORM";"LA MARINA BAIXA";"03503";"AVENIDA FILIPINAS, 13";"AV";"AVENIDA";"FILIPINAS";"13";"venus@servigroup.es";"servigroup.com";"H";"HOTEL";"H";"HOTEL";"366";"716";"SER";"HOTELES SERVIGROUP";"07/09/1972"; ;"SIEMPRE ABIERTO";"De Lunes a Domingo"
"CV H01086 A";"B";"BAJA";"3";"3 ESTRELLAS";"VENUS I";"03";"ALACANT";"031";"BENIDORM";"LA MARINA BAIXA";"03503";"AVENIDA FILIPINAS, 13";"AV";"AVENIDA";"FILIPINAS";"13";"venus@servigroup.es"; ;"H";"HOTEL";"H";"HOTEL";"128";"248";"SER";"HOTELES SERVIGROUP";"14/04/1989";"05/05/2016";"SIEMPRE ABIERTO";"De Lunes a Domingo"
"CV H01381 A";"A";"ALTA";"4";"4 ESTRELLAS";"VILLA DEL MAR";"03";"ALACANT";"031";"BENIDORM";"LA MARINA BAIXA";"03500";"AVENIDA ARRMADA ESPAÑOLA, 1";"AV";"AVENIDA";"ARRMADA ESPAÑOLA";"1";"reservas@hotelvilladelmar.com.es";"https://www.hotelvilladelmar.com.es";"H";"HOTEL";"H";"HOTEL";"105";"212";"NCD";"NO PERTENECE A NINGUNA CADENA";"23/03/2010"; ;"SIEMPRE ABIERTO";"De Lunes a Domingo"
"CV H00674 A";"A";"ALTA";"4";"4 ESTRELLAS";"VILLA ESPAÑA";"03";"ALACANT";"031";"BENIDORM";"LA MARINA BAIXA";"03501";"CALLE MERCAT, 9";"C";"CALLE";"MERCAT";"9";"reservas@hoteles-costablanca.com";"http://www.hoteles-costablanca.com";"H";"HOTEL";"H";"HOTEL";"315";"842";"HGC";"GRUPO MAGIC COSTABLANCA";"19/07/1969"; ;"SIEMPRE ABIERTO";"De Lunes a Domingo"
"CV H00315 A";"B";"BAJA";"3";"3 ESTRELLAS";"VILLA VENECIA";"03";"ALACANT";"031";"BENIDORM";"LA MARINA BAIXA";"03501";"PLAZA SAN JAIME, 6";"PL";"PLAZA";"SAN JAIME";"6";"reservas@hoteles-costablanca.com";"http://www.hoteles-costablanca.com";"H";"HOTEL";"H";"HOTEL";"26";"52";"HGC";"GRUPO MAGIC COSTABLANCA";"13/05/1976";"17/11/2003";"01/04 - 31/10";"De Lunes a Domingo"
"CV H01372 A";"A";"ALTA";"5";"5 ESTRELLAS";"VILLA VENECIA BOUTIQUE";"03";"ALACANT";"031";"BENIDORM";"LA MARINA BAIXA";"03501";"PLAZA SAN JAIME, 1";"PL";"PLAZA";"SAN JAIME";"1";"reservas@hotelvillavenecia.com";"http://www.hotelvillavenecia.com";"H";"HOTEL";"H";"HOTEL";"22";"42";"NCD";"NO PERTENECE A NINGUNA CADENA";"06/08/2009"; ;"SIEMPRE ABIERTO";"De Lunes a Domingo"
"CV H00467 A";"A";"ALTA";"4";"4 ESTRELLAS";"VORAMAR";"03";"ALACANT";"031";"BENIDORM";"LA MARINA BAIXA";"03501";"AVENIDA DE LOS ALMENDROS, 6";"AV";"AVENIDA";"DE LOS ALMENDROS";"6";"info@hotelvoramarbenidorm.com";"http://www.hotelvoramarbenidorm.com";"H";"HOTEL";"H";"HOTEL";"137";"264";"NCD";"NO PERTENECE A NINGUNA CADENA";"10/06/1965"; ;"SIEMPRE ABIERTO";"De Lunes a Domingo"
"CV H01170 A";"B";"BAJA";"1";"1 ESTRELLA";"SANT MIQUEL";"03";"ALACANT";"033";"BENIFATO";"LA MARINA BAIXA";"03517";"CALLE ACEQUIA, ESQ. C/SAN MIGUEL, 12";"C";"CALLE";"ACEQUIA, ESQ. C/SAN MIGUEL";"12"; ; ;"HS";"HOSTAL";"HS";"HOSTAL";"9";"19";"NCD";"NO PERTENECE A NINGUNA CADENA";"05/03/1998";"26/06/2009";"SIEMPRE ABIERTO";"De Lunes a Domingo"
"CV H00518 A";"A";"ALTA";"1";"1 ESTRELLA";"EL TRESTELLADOR";"03";"ALACANT";"037";"BENIMANTELL";"LA MARINA BAIXA";"03516";"PDA. TRESTELLADOR, 101"; ; ;"PDA. TRESTELLADOR";"101";"huescarsagra@gmail.com"; ;"HS";"HOSTAL";"HS";"HOSTAL";"10";"19";"NCD";"NO PERTENECE A NINGUNA CADENA";"05/03/1966"; ;"SIEMPRE ABIERTO";"De Lunes a Domingo"
"CV H00586 A";"B";"BAJA";"0";"PENSIÓN";"LA MONTAÑA";"03";"ALACANT";"037";"BENIMANTELL";"LA MARINA BAIXA";"03516";"AVENIDA CAUDILLO, 000";"AV";"AVENIDA";"CAUDILLO";"000"; ; ;"P";"PENSIÓN";"P";"PENSIÓN";"7";"12";"NCD";"NO PERTENECE A NINGUNA CADENA";"03/10/1967";"30/04/1996";"SIEMPRE ABIERTO";"De Lunes a Domingo"
"CV H01489 A";"A";"ALTA";"2";"2 ESTRELLAS";"NASILVANA";"03";"ALACANT";"037";"BENIMANTELL";"LA MARINA BAIXA";"03516";"CALLE TRENCACAMES, 7";"C";"CALLE";"TRENCACAMES";"7";"info@nasilvana.com";"http://www.nasilvana.com";"H";"HOTEL";"H";"HOTEL";"5";"10";"NCD";"NO PERTENECE A NINGUNA CADENA";"01/02/2019"; ;"SIEMPRE ABIERTO";"De Lunes a Domingo"
"CV H01254 A";"A";"ALTA";"1";"1 ESTRELLA";"RINCÓN DE PEPE";"03";"ALACANT";"037";"BENIMANTELL";"LA MARINA BAIXA";"03516";"CARRETERA POLOP-BENIMANTELL, KM. 7";"CR";"CARRETERA";"POLOP-BENIMANTELL";"KM. 7"; ; ;"HS";"HOSTAL";"HS";"HOSTAL";"8";"16";"NCD";"NO PERTENECE A NINGUNA CADENA";"13/11/2002"; ;"SIEMPRE ABIERTO";"De Lunes a Domingo"
"CV H01425 A";"A";"ALTA";"3";"3 ESTRELLAS";"VIVOOD LANDSCAPE HOTEL";"03";"ALACANT";"037";"BENIMANTELL";"LA MARINA BAIXA";"03516";"CARRETERA GUADALEST-ALCOY, 10";"CR";"CARRETERA";"GUADALEST-ALCOY";"10";"reservas@vivood.com";"https://www.vivood.com";"H";"HOTEL";"H";"HOTEL";"35";"70";"NCD";"NO PERTENECE A NINGUNA CADENA";"17/06/2015"; ;"SIEMPRE ABIERTO";"De Lunes a Domingo"
"CV H01295 A";"A";"ALTA";"1";"1 ESTRELLA";"HOSTERÍA ELS BANYS";"03";"ALACANT";"038";"BENIMARFULL";"EL COMTAT";"03827";"PARTIDA PRAT";"PD";"PARTIDA";"PRAT"; ; ; ;"HS";"HOSTAL";"SR";"HOSTAL-RESIDENCIA";"10";"22";"NCD";"NO PERTENECE A NINGUNA CADENA";"10/05/2004"; ;"SIEMPRE ABIERTO";"De Lunes a Domingo"
"CV H01348 A";"A";"ALTA";"1";"1 ESTRELLA";"CANTACUC";"03";"ALACANT";"039";"BENIMASSOT";"EL COMTAT";"03812";"CALLE RAVAL, 3-5";"C";"CALLE";"RAVAL";"3-5"; ; ;"HS";"HOSTAL";"HS";"HOSTAL";"9";"17";"NCD";"NO PERTENECE A NINGUNA CADENA";"18/01/2008"; ;"SIEMPRE ABIERTO";"De Lunes a Domingo"
"CV H01582 A";"B";"BAJA"; ; ;"B&B VISTA MAR";"03";"ALACANT";"041";"BENISSA";"LA MARINA ALTA";"03720";"CALLE LA LLIMERA, 2";"C";"CALLE";"LA LLIMERA";"2";"info@bnbvistamar.com";"https://bnbvistamar.com";"P";"PENSIÓN"; ; ;"5";"10";"NCD";"NO PERTENECE A NINGUNA CADENA";"01/12/2021";"29/12/2025";"SIEMPRE ABIERTO";"De Lunes a Domingo"
"CV H00835 A";"A";"ALTA";"0";"PENSIÓN";"BALADRAR";"03";"ALACANT";"041";"BENISSA";"LA MARINA ALTA";"03720";"PARTIDA BALADRAR, S.N";"PD";"PARTIDA";"BALADRAR";"S.N"; ; ;"P";"PENSIÓN";"P";"PENSIÓN";"6";"18";"NCD";"NO PERTENECE A NINGUNA CADENA";"14/04/1973"; ;"SIEMPRE ABIERTO";"De Lunes a Domingo"
"CV H01399 A";"A";"ALTA";"0";"PENSIÓN";"CABALLITO DE MAR";"03";"ALACANT";"041";"BENISSA";"LA MARINA ALTA";"03720";"CALLE CANTABRIA - URB. SAN JAIME, 10";"C";"CALLE";"CANTABRIA - URB. SAN JAIME";"10";"info@caballito.es";"https://caballito-de-mar.com";"P";"PENSIÓN";"P";"PENSIÓN";"9";"18";"NCD";"NO PERTENECE A NINGUNA CADENA";"24/08/2011"; ;"01/03 - 31/10";"De Lunes a Domingo"
"CV H01202 A";"A";"ALTA";"3";"3 ESTRELLAS";"CASES DE SANT JAUME";"03";"ALACANT";"041";"BENISSA";"LA MARINA ALTA";"03720";"PARTIDA PARATELLA, Nº 44 - APARTADO DE CORREOS Nº 337, 44";"PD";"PARTIDA";"PARATELLA, Nº 44 - APARTADO DE CORREOS Nº 337";"44";"info@cases-de-sant-jaume.com";"http://www.cases-de-sant-jaume.com";"H";"HOTEL";"H";"HOTEL";"26";"52";"NCD";"NO PERTENECE A NINGUNA CADENA";"26/05/2000"; ;"SIEMPRE ABIERTO";"De Lunes a Domingo"
"CV H00393 A";"B";"BAJA";"0";"PENSIÓN";"FUSTERA";"03";"ALACANT";"041";"BENISSA";"LA MARINA ALTA";"03720";"AVENIDA DEL PARADERO, 5";"AV";"AVENIDA";"DEL PARADERO";"5"; ; ;"P";"PENSIÓN";"P";"PENSIÓN";"9";"18";"NCD";"NO PERTENECE A NINGUNA CADENA";"21/04/1964";"30/12/2003";"01/07 - 30/09";"De Lunes a Domingo"
"CV H01411 A";"A";"ALTA";"2";"2 ESTRELLAS";"LA CASA DEL MACO";"03";"ALACANT";"041";"BENISSA";"LA MARINA ALTA";"03720";"PARTIDA POU ROIG, 15 A";"PD";"PARTIDA";"POU ROIG";"15 A";"info@casadelmaco.com";"http://casadelmaco.com";"H";"HOTEL";"H";"HOTEL";"4";"8";"NCD";"NO PERTENECE A NINGUNA CADENA";"05/07/2013"; ;"SIEMPRE ABIERTO";"De Lunes a Domingo"
"CV H00699 A";"A";"ALTA";"0";"PENSIÓN";"LA FONDA";"03";"ALACANT";"041";"BENISSA";"LA MARINA ALTA";"03720";"CALLE ORXELLES, 36";"C";"CALLE";"ORXELLES";"36";"hostalfonda.benissa@gmail.com";"www.fondamaria.com";"P";"PENSIÓN";"P";"PENSIÓN";"11";"22";"NCD";"NO PERTENECE A NINGUNA CADENA";"11/12/1969"; ;"SIEMPRE ABIERTO";"De Lunes a Domingo"
"CV H01410 A";"A";"ALTA";"2";"2 ESTRELLAS";"LA MADRUGADA";"03";"ALACANT";"041";"BENISSA";"LA MARINA ALTA";"03720";"PARTIDA BENIMARRAIG, 61 B";"PD";"PARTIDA";"BENIMARRAIG";"61 B";"info@lamadrugada.es";"https://www.lamadrugada.es/es";"H";"HOTEL";"H";"HOTEL";"8";"16";"NCD";"NO PERTENECE A NINGUNA CADENA";"05/07/2013"; ;"SIEMPRE ABIERTO";"De Lunes a Domingo"
"CV H01302 A";"A";"ALTA";"1";"1 ESTRELLA";"MONTEMAR";"03";"ALACANT";"041";"BENISSA";"LA MARINA ALTA";"03720";"BALADRAR, F-8-9"; ; ;"BALADRAR";"F-8-9";"info@montemarhotel.com";"http://www.montemarhotel.com";"H";"HOTEL";"H";"HOTEL";"10";"18";"NCD";"NO PERTENECE A NINGUNA CADENA";"12/11/2004"; ;"SIEMPRE ABIERTO";"De Lunes a Domingo"
"CV H01457 A";"B";"BAJA";"0";"PENSIÓN";"No.4 BENISSA";"03";"ALACANT";"041";"BENISSA";"LA MARINA ALTA";"03720";"CALLE ÁNGEL, 4";"C";"CALLE";"ÁNGEL";"4";"info@no4benissa.com";"http://no4benissa.com";"P";"PENSIÓN"; ; ;"4";"8";"NCD";"NO PERTENECE A NINGUNA CADENA";"20/03/2017";"09/05/2018";"SIEMPRE ABIERTO";"De Lunes a Domingo"
"CV H01565 A";"A";"ALTA"; ; ;"Nº 4 BENISSA";"03";"ALACANT";"041";"BENISSA";"LA MARINA ALTA";"03720";"CALLE ANGEL, 4";"C";"CALLE";"ANGEL";"4";"oficina@no4benissa.com"; ;"P";"PENSIÓN"; ; ;"4";"8";"NCD";"NO PERTENECE A NINGUNA CADENA";"08/06/2021"; ;"SIEMPRE ABIERTO";"De Lunes a Domingo"
"CV H01219 A";"A";"ALTA";"0";"PENSIÓN";"RECIBAR LA TORRE";"03";"ALACANT";"041";"BENISSA";"LA MARINA ALTA";"03720";"CALLE CAPITAN CABRERA, 3";"C";"CALLE";"CAPITAN CABRERA";"3"; ; ;"P";"PENSIÓN";"P";"PENSIÓN";"8";"16";"NCD";"NO PERTENECE A NINGUNA CADENA";"22/06/2001"; ;"SIEMPRE ABIERTO";"De Lunes a Domingo"
"CV H01340 A";"A";"ALTA";"3";"3 ESTRELLAS";"VILLA RIU BLANC";"03";"ALACANT";"041";"BENISSA";"LA MARINA ALTA";"03720";"PARTIDA BENIMARRAIG, 79";"PD";"PARTIDA";"BENIMARRAIG";"79";"info@villariublanc.es";"https://www.villariublanc.es";"H";"HOTEL";"H";"HOTEL";"5";"10";"NCD";"NO PERTENECE A NINGUNA CADENA";"30/04/2007"; ;"SIEMPRE ABIERTO";"De Lunes a Domingo"
"CV H01089 A";"B";"BAJA";"0";"PENSIÓN";"ARCO IRIS";"03";"ALACANT";"042";"POBLE NOU DE BENITATXELL, EL/ BENITACHELL";"LA MARINA ALTA";"03726";"CALLE CAPELLETES, 20";"C";"CALLE";"CAPELLETES";"20"; ; ;"P";"PENSIÓN";"P";"PENSIÓN";"5";"10";"NCD";"NO PERTENECE A NINGUNA CADENA";"24/10/1988";"16/12/2021";"SIEMPRE ABIERTO";"De Lunes a Domingo"
"CV H01762 A";"A";"ALTA";"0";"PENSIÓN";"CASA CAROL";"03";"ALACANT";"042";"POBLE NOU DE BENITATXELL, EL/ BENITACHELL";"LA MARINA ALTA";"03726";"CALLE MAYOR, 26";"C";"CALLE";"MAYOR";"26";"sotocostablanca@gmail.com"; ;"P";"PENSIÓN"; ; ;"7";"14";"NCD";"NO PERTENECE A NINGUNA CADENA";"04/11/2025"; ;"SIEMPRE ABIERTO";"De Lunes a Domingo"
"CV H01454 A";"A";"ALTA";"2";"2 ESTRELLAS";"HOTEL BULL N BEAR";"03";"ALACANT";"042";"POBLE NOU DE BENITATXELL, EL/ BENITACHELL";"LA MARINA ALTA";"03726";"CALLE CARRER DELS MOLLS, 17";"C";"CALLE";"CARRER DELS MOLLS";"17";"bullnbear@yahoo.com"; ;"H";"HOTEL";"H";"HOTEL";"5";"11";"NCD";"NO PERTENECE A NINGUNA CADENA";"27/12/2016"; ;"SIEMPRE ABIERTO";"De Lunes a Domingo"
"CV H01003 A";"B";"BAJA";"0";"PENSIÓN";"MIRAMAR";"03";"ALACANT";"042";"POBLE NOU DE BENITATXELL, EL/ BENITACHELL";"LA MARINA ALTA";"03726";"CALLE PADRE PLACIDO, 31";"C";"CALLE";"PADRE PLACIDO";"31"; ; ;"P";"PENSIÓN";"P";"PENSIÓN";"7";"9";"NCD";"NO PERTENECE A NINGUNA CADENA";"03/05/1979";"09/11/2009";"SIEMPRE ABIERTO";"De Lunes a Domingo"
"CV H01258 A";"A";"ALTA";"1";"1 ESTRELLA";"CASTILLO DE BIAR";"03";"ALACANT";"043";"BIAR";"L'ALT VINALOPO/ALTO VINALOPO";"03410";"PARTIDA FANECAES";"PD";"PARTIDA";"FANECAES"; ;"reservas@hotelruralcastillodebiar.com";"http://www.hotelruralcastillodebiar.com";"H";"HOTEL";"H";"HOTEL";"14";"29";"NCD";"NO PERTENECE A NINGUNA CADENA";"13/01/2003"; ;"SIEMPRE ABIERTO";"De Lunes a Domingo"
"CV H01338 A";"A";"ALTA";"2";"2 ESTRELLAS";"LA FAÇANA";"03";"ALACANT";"043";"BIAR";"L'ALT VINALOPO/ALTO VINALOPO";"03410";"CALLE CURA REIG, 2";"C";"CALLE";"CURA REIG";"2";"info@lafasana.com";"http://www.lafasana.com";"H";"HOTEL";"H";"HOTEL";"9";"16";"NCD";"NO PERTENECE A NINGUNA CADENA";"14/03/2007"; ; ; 
"CV H01245 A";"A";"ALTA";"1";"1 ESTRELLA";"MAS FONTANELLES";"03";"ALACANT";"043";"BIAR";"L'ALT VINALOPO/ALTO VINALOPO";"03410";"CARRETERA BIAR-BAÑERES, KM. 4";"CR";"CARRETERA";"BIAR-BAÑERES";"KM. 4";"info@masfontanelles.com";"http://www.masfontanelles.com";"H";"HOTEL";"H";"HOTEL";"9";"18";"NCD";"NO PERTENECE A NINGUNA CADENA";"12/07/2002"; ;"SIEMPRE ABIERTO";"De Lunes a Domingo"
"CV H01159 A";"B";"BAJA";"3";"3 ESTRELLAS";"VILA DE BIAR";"03";"ALACANT";"043";"BIAR";"L'ALT VINALOPO/ALTO VINALOPO";"03410";"CALLE SAN JOSE, 2";"C";"CALLE";"SAN JOSE";"2";"finca@fanecaes.com";"http://www.fanecaes-alicante.com";"H";"HOTEL";"H";"HOTEL";"42";"84";"NCD";"NO PERTENECE A NINGUNA CADENA";"15/11/1996";"21/02/2007";"SIEMPRE ABIERTO";"De Lunes a Domingo"
"CV H01393 A";"A";"ALTA";"4";"4 ESTRELLAS";"VILLA DE BIAR";"03";"ALACANT";"043";"BIAR";"L'ALT VINALOPO/ALTO VINALOPO";"03410";"CALLE SAN JOSE, 2";"C";"CALLE";"SAN JOSE";"2";"reservas@hotelvilladebiar.es";"https://www.hotelvilladebiar.com";"H";"HOTEL";"H";"HOTEL";"39";"80";"NCD";"NO PERTENECE A NINGUNA CADENA";"03/02/2011"; ;"SIEMPRE ABIERTO";"De Lunes a Domingo"
"CV H01233 A";"B";"BAJA";"0";"PENSIÓN";"CUATRO VIENTOS";"03";"ALACANT";"044";"BIGASTRO";"EL BAIX SEGURA/LA VEGA BAJA";"03380";"CALLE JOAQUÍN MOYA MARTÍNEZ, 2";"C";"CALLE";"JOAQUÍN MOYA MARTÍNEZ";"2"; ; ;"P";"PENSIÓN";"P";"PENSIÓN";"5";"9";"NCD";"NO PERTENECE A NINGUNA CADENA";"14/01/2002";"27/05/2016";"SIEMPRE ABIERTO";"De Lunes a Domingo"
"CV H01585 A";"A";"ALTA";"2";"2 ESTRELLAS";"BOUTIQUE CANELOBRE";"03";"ALACANT";"046";"BUSOT";"L'ALACANTI";"03111";"CALLE LAS GARZAS, 31";"C";"CALLE";"LAS GARZAS";"31";"recepcion@hotelcanelobre.com";"http://hotelboutiquecanelobre.com";"H";"HOTEL";"H";"HOTEL";"8";"16";"NCD";"NO PERTENECE A NINGUNA CADENA";"10/02/2022"; ;"SIEMPRE ABIERTO";"De Lunes a Domingo"
"CV H01419 A";"A";"ALTA";"3";"3 ESTRELLAS";"BOUTIQUE HOTEL SIERRA DE ALICANTE";"03";"ALACANT";"046";"BUSOT";"L'ALACANTI";"03111";"PLAZA AYUNTAMIENTO, 13";"PL";"PLAZA";"AYUNTAMIENTO";"13";"info@hotelsierradealicante.com";"http://www.hotel-sierra-de-alicante.com";"H";"HOTEL";"H";"HOTEL";"7";"14";"NCD";"NO PERTENECE A NINGUNA CADENA";"18/03/2015"; ;"SIEMPRE ABIERTO";"De Lunes a Domingo"
"CV H01554 A";"A";"ALTA";"2";"2 ESTRELLAS";"APARTHOTEL CARRIOSOL";"03";"ALACANT";"047";"CALP";"LA MARINA ALTA";"03710";"URBANIZACIÓN CARRIO PARK, 7 C";"UR";"URBANIZACIÓN";"CARRIO PARK";"7 C";"javea01@gmail.com";"http://montysrent.com";"H";"HOTEL";"HA";"HOTEL-APARTAMENTO";"17";"37";"NCD";"NO PERTENECE A NINGUNA CADENA";"12/02/2021"; ;"SIEMPRE ABIERTO";"De Lunes a Domingo"
"CV H01473 A";"B";"BAJA";"4";"4 ESTRELLAS";"APARTHOTEL CARRIOSOL";"03";"ALACANT";"047";"CALP";"LA MARINA ALTA";"03710";"URBANIZACIÓN CARRIÓ PARK, 7 C";"UR";"URBANIZACIÓN";"CARRIÓ PARK";"7 C";"javea01@gmail.com"; ;"H";"HOTEL";"HA";"HOTEL-APARTAMENTO";"17";"38";"NCD";"NO PERTENECE A NINGUNA CADENA";"12/03/2018";"05/11/2018";"SIEMPRE ABIERTO";"De Lunes a Domingo"
"CV H01335 A";"A";"ALTA";"4";"4 ESTRELLAS";"AR DIAMANTE BEACH";"03";"ALACANT";"047";"CALP";"LA MARINA ALTA";"03710";"AVENIDA JUAN CARLOS I, 48";"AV";"AVENIDA";"JUAN CARLOS I";"48";"reservas@ar-hotels.com";"https://www.ar-hotels.com";"H";"HOTEL";"H";"HOTEL";"285";"572";"AR";"AR HOTELS & RESORTS";"20/12/2006"; ;"SIEMPRE ABIERTO";"De Lunes a Domingo"
"CV H01299 A";"A";"ALTA";"4";"4 ESTRELLAS";"BAHIA CALPE by Pierre & Vacances";"03";"ALACANT";"047";"CALP";"LA MARINA ALTA";"03710";"AVENIDA VALENCIA, 24";"AV";"AVENIDA";"VALENCIA";"24";"recepcionbahia-calpe@groupepvcp.com";"www.pierreetvacances.com.es";"H";"HOTEL";"H";"HOTEL";"277";"556";"PEV";"PIERRE & VACANCES";"04/08/2004"; ;"06/02 - 06/11";"De Lunes a Domingo"
"CV H01579 A";"A";"ALTA";"2";"2 ESTRELLAS";"CALPE";"03";"ALACANT";"047";"CALP";"LA MARINA ALTA";"03710";"CALLE L'ESPORT, 4";"C";"CALLE";"L'ESPORT";"4";"hotelcasadiaynoche@gmail.com"; ;"H";"HOTEL"; ; ;"14";"28";"NCD";"NO PERTENECE A NINGUNA CADENA";"30/09/2021"; ;"SIEMPRE ABIERTO";"De Lunes a Domingo"
"CV H01468 A";"A";"ALTA";"2";"2 ESTRELLAS";"CASA DIA Y NOCHE";"03";"ALACANT";"047";"CALP";"LA MARINA ALTA";"03710";"PARTIDA BENICOLADA, 4L";"PD";"PARTIDA";"BENICOLADA";"4L";"calpehostallapaloma@hotmail.com"; ;"H";"HOTEL";"H";"HOTEL";"7";"15";"NCD";"NO PERTENECE A NINGUNA CADENA";"22/08/2017"; ;"01/03 - 30/09";"De Lunes a Domingo"
"CV H01355 A";"A";"ALTA";"0";"PENSIÓN";"CASA LA DIFERENCIA";"03";"ALACANT";"047";"CALP";"LA MARINA ALTA";"03710";"URBANIZACIÓN LA CANUTA DE IFACH, 45 A";"UR";"URBANIZACIÓN";"LA CANUTA DE IFACH";"45 A"; ; ;"P";"PENSIÓN";"P";"PENSIÓN";"5";"10";"NCD";"NO PERTENECE A NINGUNA CADENA";"19/06/2008"; ;"01/03 - 30/11";"De Lunes a Domingo"
"CV H01756 A";"A";"ALTA";"0";"PENSIÓN";"CASA LOS PINOS";"03";"ALACANT";"047";"CALP";"LA MARINA ALTA";"03710";"PARTIDA LOS PINOS, 2C";"PD";"PARTIDA";"LOS PINOS";"2C";"fabricaltea10@gmail.com"; ;"P";"PENSIÓN"; ; ;"6";"12";"NCD";"NO PERTENECE A NINGUNA CADENA";"28/10/2025"; ;"SIEMPRE ABIERTO";"De Lunes a Domingo"
"CV H01433 A";"A";"ALTA";"0";"PENSIÓN";"CASA SARDONIX";"03";"ALACANT";"047";"CALP";"LA MARINA ALTA";"03710";"URBANIZACIÓN CARRIÓ 22 B, 49";"UR";"URBANIZACIÓN";"CARRIÓ 22 B";"49";"info@sardonyx.eu";"http://sardonyx.eu";"P";"PENSIÓN"; ; ;"4";"8";"NCD";"NO PERTENECE A NINGUNA CADENA";"11/12/2015"; ;"SIEMPRE ABIERTO";"De Lunes a Domingo"
"CV H01201 A";"A";"ALTA";"0";"PENSIÓN";"CRESPO";"03";"ALACANT";"047";"CALP";"LA MARINA ALTA";"03710";"CALLE LA PINTA, 1";"C";"CALLE";"LA PINTA";"1";"pensioncrespocalpe@gmail.com";"https://pension-crespo-1.jimdosite.com";"P";"PENSIÓN";"P";"PENSIÓN";"7";"14";"NCD";"NO PERTENECE A NINGUNA CADENA";"13/04/2000"; ;"SIEMPRE ABIERTO";"De Lunes a Domingo"
"CV H00989 A";"B";"BAJA";"0";"PENSIÓN";"CRESPO";"03";"ALACANT";"047";"CALP";"LA MARINA ALTA";"03710";"CALLE LA PINTA, 1, 1";"C";"CALLE";"LA PINTA, 1";"1"; ; ;"P";"PENSIÓN";"P";"PENSIÓN";"6";"12";"NCD";"NO PERTENECE A NINGUNA CADENA";"26/10/1977";"12/03/1999";"SIEMPRE ABIERTO";"De Lunes a Domingo"
"CV H00762 A";"A";"ALTA";"0";"PENSIÓN";"EL HIDALGO";"03";"ALACANT";"047";"CALP";"LA MARINA ALTA";"03710";"AVENIDA ROSA DE LOS VIENTOS, COMPLEJO SANTA MARTA-BLOQUE 1, 101";"AV";"AVENIDA";"ROSA DE LOS VIENTOS, COMPLEJO SANTA MARTA-BLOQUE 1";"101"; ; ;"P";"PENSIÓN";"P";"PENSIÓN";"9";"18";"NCD";"NO PERTENECE A NINGUNA CADENA";"30/11/1970"; ;"SIEMPRE ABIERTO";"De Lunes a Domingo"
"CV H00923 A";"A";"ALTA";"0";"PENSIÓN";"EL PARQUE";"03";"ALACANT";"047";"CALP";"LA MARINA ALTA";"03710";"CALLE PORTALET, 4";"C";"CALLE";"PORTALET";"4";"pensionelparque@hotmail.com";"pensionelparque.com";"P";"PENSIÓN";"P";"PENSIÓN";"11";"22";"NCD";"NO PERTENECE A NINGUNA CADENA";"26/01/1976"; ;"SIEMPRE ABIERTO";"De Lunes a Domingo"
"CV H00517 A";"B";"BAJA";"0";"PENSIÓN";"EL PATI";"03";"ALACANT";"047";"CALP";"LA MARINA ALTA";"03710";"AVENIDA GABRIEL MIRO, 003";"AV";"AVENIDA";"GABRIEL MIRO";"003"; ; ;"P";"PENSIÓN";"P";"PENSIÓN";"12";"22";"NCD";"NO PERTENECE A NINGUNA CADENA";"15/09/1965";"01/07/1993";"SIEMPRE ABIERTO";"De Lunes a Domingo"
"CV H01217 A";"B";"BAJA";"0";"PENSIÓN";"EL POBLE";"03";"ALACANT";"047";"CALP";"LA MARINA ALTA";"03710";"CALLE DE LA LIBERTAD, 22";"C";"CALLE";"DE LA LIBERTAD";"22";"pensio-el-poble@terra.es"; ;"P";"PENSIÓN";"P";"PENSIÓN";"8";"15";"NCD";"NO PERTENECE A NINGUNA CADENA";"14/06/2001";"28/03/2013";"SIEMPRE ABIERTO";"De Lunes a Domingo"
"CV H01460 A";"A";"ALTA";"4";"4 ESTRELLAS";"ESTIMAR CALPE SUITOPIA 3 & THREE";"03";"ALACANT";"047";"CALP";"LA MARINA ALTA";"03710";"AVENIDA EUROPA, 2";"AV";"AVENIDA";"EUROPA";"2";"info@suitopiahotel.com";"http://suitopiahotel.com";"H";"HOTEL";"HA";"HOTEL-APARTAMENTO";"232";"464";"SYM";"SOL Y MAR HOTELES";"05/05/2017"; ;"SIEMPRE ABIERTO";"De Lunes a Domingo"
"CV H01511 A";"A";"ALTA"; ; ;"GALEON BOUTIQUE";"03";"ALACANT";"047";"CALP";"LA MARINA ALTA";"03710";"CALLE PUCHALT, 18";"C";"CALLE";"PUCHALT";"18";"billaralbacalpe@gmail.com"; ;"HS";"HOSTAL"; ; ;"8";"16";"NCD";"NO PERTENECE A NINGUNA CADENA";"30/07/2019"; ;"SIEMPRE ABIERTO";"De Lunes a Domingo"
"CV H01060 A";"A";"ALTA";"3";"3 ESTRELLAS";"GALETAMAR";"03";"ALACANT";"047";"CALP";"LA MARINA ALTA";"03710";"URBANIZACIÓN LA CALETA, 28";"UR";"URBANIZACIÓN";"LA CALETA";"28";"reservas@ar-hotels.com";"http://www.ar-hotels.com";"H";"HOTEL";"HA";"HOTEL-APARTAMENTO";"113";"226";"NCD";"NO PERTENECE A NINGUNA CADENA";"01/08/1984"; ;"SIEMPRE ABIERTO";"De Lunes a Domingo"
"CV H01128 A";"A";"ALTA";"2";"2 ESTRELLAS";"GRAN SOL";"03";"ALACANT";"047";"CALP";"LA MARINA ALTA";"03710";"URBANIZACIÓN GRAN SOL, 6-B";"UR";"URBANIZACIÓN";"GRAN SOL";"6-B";"info@hotelgransolcalpe.com";"http://www.hotelgransolcalpe.com";"HS";"HOSTAL";"SR";"HOSTAL-RESIDENCIA";"10";"24";"NCD";"NO PERTENECE A NINGUNA CADENA";"19/01/1994"; ;"SIEMPRE ABIERTO";"De Lunes a Domingo"
"CV H00764 A";"B";"BAJA";"1";"1 ESTRELLA";"JACINTA";"03";"ALACANT";"047";"CALP";"LA MARINA ALTA";"03710";"PLAZA IFACH, SN, S.N"; ; ;"PLAZA IFACH, SN";"S.N"; ; ;"HS";"HOSTAL";"HS";"HOSTAL";"18";"29";"NCD";"NO PERTENECE A NINGUNA CADENA";"24/03/1971";"22/02/1993";"SIEMPRE ABIERTO";"De Lunes a Domingo"
"CV H01283 A";"A";"ALTA";"0";"PENSIÓN";"LA PALOMA";"03";"ALACANT";"047";"CALP";"LA MARINA ALTA";"03710";"CARRETERA CALPE-MORAIRA, URB. LOS PINOS, 23-G";"CR";"CARRETERA";"CALPE-MORAIRA, URB. LOS PINOS";"23-G"; ; ;"HS";"HOSTAL"; ; ;"9";"17";"NCD";"NO PERTENECE A NINGUNA CADENA";"23/10/2003"; ;"SIEMPRE ABIERTO";"De Lunes a Domingo"
"CV H01339 A";"A";"ALTA";"1";"1 ESTRELLA";"LA PALOMA II";"03";"ALACANT";"047";"CALP";"LA MARINA ALTA";"03710";"PARTIDA BENICOLADA, 6 F";"PD";"PARTIDA";"BENICOLADA";"6 F";"luismv7777@hotmail.com";"http://calpehostallapaloma.com";"HS";"HOSTAL";"SR";"HOSTAL-RESIDENCIA";"11";"19";"NCD";"NO PERTENECE A NINGUNA CADENA";"25/04/2007"; ;"SIEMPRE ABIERTO";"De Lunes a Domingo"
"CV H00752 A";"B";"BAJA";"0";"PENSIÓN";"LE VIEUX BRUXELLES";"03";"ALACANT";"047";"CALP";"LA MARINA ALTA";"03710";"AVENIDA ISLA FORMENTERA, 18";"AV";"AVENIDA";"ISLA FORMENTERA";"18"; ; ;"P";"PENSIÓN";"P";"PENSIÓN";"9";"18";"NCD";"NO PERTENECE A NINGUNA CADENA";"12/11/1970";"14/03/2017";"SIEMPRE ABIERTO";"De Lunes a Domingo"
"CV H01495 A";"A";"ALTA";"2";"2 ESTRELLAS";"MARAVILLAS DEL MUNDO";"03";"ALACANT";"047";"CALP";"LA MARINA ALTA";"03710";"CALLE HUELVA, 4";"C";"CALLE";"HUELVA";"4";"infomaravillas1@gmail.com";"http://hotelmaravillas.com";"H";"HOTEL"; ; ;"8";"12";"NCD";"NO PERTENECE A NINGUNA CADENA";"01/04/2019"; ;"SIEMPRE ABIERTO";"De Lunes a Domingo"
"CV H01736 A";"A";"ALTA";"1";"1 ESTRELLA";"MED TIME";"03";"ALACANT";"047";"CALP";"LA MARINA ALTA";"03710";"CALLE DE LA JUSTICIA, 11";"C";"CALLE";"DE LA JUSTICIA";"11";"medtimehotelboutique@gmail.com"; ;"H";"HOTEL";"H";"HOTEL";"4";"14";"NCD";"NO PERTENECE A NINGUNA CADENA";"26/07/2025"; ;"SIEMPRE ABIERTO";"De Lunes a Domingo"
"CV H00147 A";"B";"BAJA";"1";"1 ESTRELLA";"PARADERO IFACH";"03";"ALACANT";"047";"CALP";"LA MARINA ALTA";"03710";"EXPLANADA DEL PUERTO, 12"; ; ;"EXPLANADA DEL PUERTO";"12"; ; ;"H";"HOTEL";"H";"HOTEL";"29";"52";"NCD";"NO PERTENECE A NINGUNA CADENA";"06/11/1969";"21/04/1998";"SIEMPRE ABIERTO";"De Lunes a Domingo"
"CV H01545 A";"A";"ALTA";"0";"PENSIÓN";"PLAZA IFACH";"03";"ALACANT";"047";"CALP";"LA MARINA ALTA";"03710";"PLAZA IFACH, 1, LC 1";"PL";"PLAZA";"IFACH";"1, LC 1";"lissetia_reyes@hotmail.com"; ;"P";"PENSIÓN"; ; ;"4";"10";"NCD";"NO PERTENECE A NINGUNA CADENA";"19/08/2020"; ;"SIEMPRE ABIERTO";"De Lunes a Domingo"
"CV H01512 A";"B";"BAJA";"0";"PENSIÓN";"PLAZA IFACH";"03";"ALACANT";"047";"CALP";"LA MARINA ALTA";"03710";"PLAZA DE IFACH, 1";"PL";"PLAZA";"DE IFACH";"1";"billaralbacalpe@gmail.com"; ;"HS";"HOSTAL"; ; ;"4";"10";"NCD";"NO PERTENECE A NINGUNA CADENA";"30/07/2019";"05/03/2020";"SIEMPRE ABIERTO";"De Lunes a Domingo"
"CV H01267 A";"A";"ALTA";"3";"3 ESTRELLAS";"PORT EUROPA";"03";"ALACANT";"047";"CALP";"LA MARINA ALTA";"03710";"AVENIDA EUROPA, 21";"AV";"AVENIDA";"EUROPA";"21";"administracion@aparthoteleuropa.es";"http://www.aparthoteleuropa.es";"H";"HOTEL";"HA";"HOTEL-APARTAMENTO";"144";"290";"POR";"PORT HOTELS";"03/03/2003"; ;"15/03 - 15/10";"De Lunes a Domingo"
"CV H00410 A";"A";"ALTA";"3";"3 ESTRELLAS";"PORTO CALPE";"03";"ALACANT";"047";"CALP";"LA MARINA ALTA";"03710";"AVENIDA AVDA PUERTO, 7";"AV";"AVENIDA";"AVDA PUERTO";"7";"reservas@portocalpe.com";"http://www.portocalpe.com";"H";"HOTEL";"H";"HOTEL";"67";"129";"NCD";"NO PERTENECE A NINGUNA CADENA";"15/06/1964"; ;"SIEMPRE ABIERTO";"De Lunes a Domingo"
"CV H01277 A";"A";"ALTA";"4";"4 ESTRELLAS";"RH IFACH";"03";"ALACANT";"047";"CALP";"LA MARINA ALTA";"03710";"AVENIDA JUAN CARLOS I, S/N.";"AV";"AVENIDA";"JUAN CARLOS I";"S/N.";"ifach@hotelesrh.com";"https://www.hotelesrh.com/hoteles-en-calpe/hotel-rh-ifach";"H";"HOTEL";"H";"HOTEL";"193";"388";"SH";"SH HOTELES";"25/07/2003"; ;"SIEMPRE ABIERTO";"De Lunes a Domingo"
"CV H00757 A";"A";"ALTA";"0";"PENSIÓN";"RIOKA CALP";"03";"ALACANT";"047";"CALP";"LA MARINA ALTA";"03710";"PLAZA IFACH, 5";"PL";"PLAZA";"IFACH";"5";"info@riokacalp.com"; ;"P";"PENSIÓN";"P";"PENSIÓN";"12";"23";"NCD";"NO PERTENECE A NINGUNA CADENA";"26/10/1970"; ;"SIEMPRE ABIERTO";"De Lunes a Domingo"
"CV H01114 A";"A";"ALTA";"3";"3 ESTRELLAS";"ROCA ESMERALDA";"03";"ALACANT";"047";"CALP";"LA MARINA ALTA";"03710";"CALLE PONENT, 1";"C";"CALLE";"PONENT";"1";"calidad@ar-hotels.com";"http://www.ar-hotels.com";"H";"HOTEL";"H";"HOTEL";"212";"424";"AR";"AR HOTELS & RESORTS";"07/06/1993"; ;"SIEMPRE ABIERTO";"De Lunes a Domingo"
"CV H00941 A";"B";"BAJA";"2";"2 ESTRELLAS";"ROCINANTE";"03";"ALACANT";"047";"CALP";"LA MARINA ALTA";"03710";"CARRETERA CTRA. N-332, KM.168, 010";"CR";"CARRETERA";"CTRA. N-332, KM.168";"010";"rocinante@dragonet.com"; ;"H";"HOTEL";"H";"HOTEL";"30";"62";"NCD";"NO PERTENECE A NINGUNA CADENA";"30/04/1975";"27/09/2021";"01/03 - 31/10";"De Lunes a Domingo"
"CV H01529 A";"B";"BAJA"; ; ;"ROSAL";"03";"ALACANT";"047";"CALP";"LA MARINA ALTA";"03710";"CALLE ESLOVAQUIA, EDIFICIO DEL ROSAL, LOCAL 1-1";"C";"CALLE";"ESLOVAQUIA, EDIFICIO DEL ROSAL, LOCAL 1-1"; ;"alquilereslamorada@gmail.com";"http://www.alquilereslamorada.com";"P";"PENSIÓN"; ; ;"7";"14";"NCD";"NO PERTENECE A NINGUNA CADENA";"13/02/2020";"26/06/2024";"SIEMPRE ABIERTO";"De Lunes a Domingo"
"CV H01387 A";"B";"BAJA";"0";"PENSIÓN";"SARDONYX";"03";"ALACANT";"047";"CALP";"LA MARINA ALTA";"03710";"URBANIZACIÓN CARRIÓ, PARCELA 22 B, 49";"UR";"URBANIZACIÓN";"CARRIÓ, PARCELA 22 B";"49";"info@sardonyx.eu";"http://sardonyx.eu";"P";"PENSIÓN";"P";"PENSIÓN";"5";"10";"NCD";"NO PERTENECE A NINGUNA CADENA";"28/10/2010";"30/04/2012";"SIEMPRE ABIERTO";"De Lunes a Domingo"
"CV H01347 A";"A";"ALTA";"4";"4 ESTRELLAS";"SOLYMAR GRAN HOTEL THE ONE";"03";"ALACANT";"047";"CALP";"LA MARINA ALTA";"03710";"CALLE BENIDORM, 3";"C";"CALLE";"BENIDORM";"3";"direccion@granhotelsolymar.com";"https://www.granhotelsolymar.com";"H";"HOTEL";"H";"HOTEL";"330";"676";"SYM";"SOL Y MAR HOTELES";"12/11/2007"; ;"SIEMPRE ABIERTO";"De Lunes a Domingo"
"CV H01349 A";"A";"ALTA";"1";"1 ESTRELLA";"TERRA DE MAR";"03";"ALACANT";"047";"CALP";"LA MARINA ALTA";"03710";"CALLE DE LA JUSTICIA, 31";"C";"CALLE";"DE LA JUSTICIA";"31";"hostalterrademar.calpe@gmail.com";"http://hostalterrademar.com";"HS";"HOSTAL";"SR";"HOSTAL-RESIDENCIA";"12";"24";"NCD";"NO PERTENECE A NINGUNA CADENA";"29/01/2008"; ;"SIEMPRE ABIERTO";"De Lunes a Domingo"
"CV H01334 A";"A";"ALTA";"4";"4 ESTRELLAS";"THE COOK BOOK GASTRO BOUTIQUE HOTEL";"03";"ALACANT";"047";"CALP";"LA MARINA ALTA";"03710";"URBANIZACIÓN MARISOL PARK, 1-A";"UR";"URBANIZACIÓN";"MARISOL PARK";"1-A";"hotel@thecookbookhotel.com";"https://thecookbookhotel.com/hotel";"H";"HOTEL";"H";"HOTEL";"16";"34";"AR";"AR HOTELS & RESORTS";"20/12/2006"; ;"SIEMPRE ABIERTO";"De Lunes a Domingo"
"CV H01383 A";"B";"BAJA";"0";"PENSIÓN";"YOUTH HOSTEL 4 YOU";"03";"ALACANT";"047";"CALP";"LA MARINA ALTA";"03710";"AVENIDA EJERCITOS ESPAÑOLES, EDIF. ATLANTICO CENTRO, 42";"AV";"AVENIDA";"EJERCITOS ESPAÑOLES, EDIF. ATLANTICO CENTRO";"42";"info@youthhostel4you.com";"http://youthhostel4you.com";"P";"PENSIÓN";"P";"PENSIÓN";"22";"65";"NCD";"NO PERTENECE A NINGUNA CADENA";"04/05/2010";"27/10/2011";"SIEMPRE ABIERTO";"De Lunes a Domingo"
"CV H00828 A";"B";"BAJA";"0";"PENSIÓN";"AVENIDA";"03";"ALACANT";"048";"CALLOSA D'EN SARRIÀ";"LA MARINA BAIXA";"03510";"CARRETERA DE ALACANT, 9";"CR";"CARRETERA";"DE ALACANT";"9"; ; ;"P";"PENSIÓN";"P";"PENSIÓN";"18";"26";"NCD";"NO PERTENECE A NINGUNA CADENA";"07/01/1972";"07/11/2013";"SIEMPRE ABIERTO";"De Lunes a Domingo"
"CV H00516 A";"B";"BAJA";"0";"PENSIÓN";"GALIANA";"03";"ALACANT";"048";"CALLOSA D'EN SARRIÀ";"LA MARINA BAIXA";"03510";"CALLE COLON, 15";"C";"CALLE";"COLON";"15"; ; ;"P";"PENSIÓN";"P";"PENSIÓN";"28";"28";"NCD";"NO PERTENECE A NINGUNA CADENA";"07/03/1966";"21/04/2015";"SIEMPRE ABIERTO";"De Lunes a Domingo"
"CV H00834 A";"B";"BAJA";"2";"2 ESTRELLAS";"VENTA DE MARTÍN";"03";"ALACANT";"049";"CALLOSA DE SEGURA";"EL BAIX SEGURA/LA VEGA BAJA";"03360";"CARRETERA ALICANTE-MURCIA, 003";"CR";"CARRETERA";"ALICANTE-MURCIA";"003"; ; ;"HS";"HOSTAL";"HS";"HOSTAL";"24";"27";"NCD";"NO PERTENECE A NINGUNA CADENA";"18/04/1972";"19/02/1996";"SIEMPRE ABIERTO";"De Lunes a Domingo"
"CV H00339 A";"B";"BAJA";"1";"1 ESTRELLA";"ALCAZABA";"03";"ALACANT";"050";"EL CAMPELLO";"L'ALACANTI";"03560";"PLAYA MUCHAVISTA, S.N"; ; ;"PLAYA MUCHAVISTA";"S.N"; ; ;"HS";"HOSTAL";"HS";"HOSTAL";"8";"15";"NCD";"NO PERTENECE A NINGUNA CADENA";"09/10/1967";"17/04/2000";"01/04 - 30/09";"De Lunes a Domingo"
"CV H01118 A";"B";"BAJA";"0";"PENSIÓN";"AROSA";"03";"ALACANT";"050";"EL CAMPELLO";"L'ALACANTI";"03560";"CALLE VELAZQUEZ, 3";"C";"CALLE";"VELAZQUEZ";"3"; ; ;"P";"PENSIÓN";"P";"PENSIÓN";"6";"12";"NCD";"NO PERTENECE A NINGUNA CADENA";"23/02/1993";"06/10/1993";"SIEMPRE ABIERTO";"De Lunes a Domingo"
"CV H01175 A";"A";"ALTA";"1";"1 ESTRELLA";"AROSA";"03";"ALACANT";"050";"EL CAMPELLO";"L'ALACANTI";"03560";"CALLE VELÁZQUEZ, 3";"C";"CALLE";"VELÁZQUEZ";"3";"hostalarosa@gmail.com";"http://www.hostalarosa.com";"HS";"HOSTAL";"HS";"HOSTAL";"6";"12";"NCD";"NO PERTENECE A NINGUNA CADENA";"13/08/1998"; ;"SIEMPRE ABIERTO";"De Lunes a Domingo"
"CV H00291 A";"B";"BAJA";"2";"2 ESTRELLAS";"CAMPELLO";"03";"ALACANT";"050";"EL CAMPELLO";"L'ALACANTI";"03560";"CARRETERA CARRETERA VALENCIA-ALICANTE, 009";"CR";"CARRETERA";"CARRETERA VALENCIA-ALICANTE";"009"; ; ;"HS";"HOSTAL";"HS";"HOSTAL";"12";"12";"NCD";"NO PERTENECE A NINGUNA CADENA";"10/10/1962";"04/07/1995";"SIEMPRE ABIERTO";"De Lunes a Domingo"
"CV H01663 A";"A";"ALTA"; ; ;"EL CAMPELLO BEACH";"03";"ALACANT";"050";"EL CAMPELLO";"L'ALACANTI";"03560";"AVENIDA CARRER LA MAR, 12";"AV";"AVENIDA";"CARRER LA MAR";"12";"622398091b@gmail.com"; ;"HS";"HOSTAL"; ; ;"3";"6";"NCD";"NO PERTENECE A NINGUNA CADENA";"13/06/2024"; ;"SIEMPRE ABIERTO";"De Lunes a Domingo"
"CV H00448 A";"B";"BAJA";"0";"PENSIÓN";"FERRER";"03";"ALACANT";"050";"EL CAMPELLO";"L'ALACANTI";"03560";"PLAZA AYUNTAMIENTO, 4";"PL";"PLAZA";"AYUNTAMIENTO";"4"; ; ;"P";"PENSIÓN";"P";"PENSIÓN";"10";"21";"NCD";"NO PERTENECE A NINGUNA CADENA";"13/09/1965";"13/03/2006";"SIEMPRE ABIERTO";"De Lunes a Domingo"
"CV H01221 A";"A";"ALTA";"3";"3 ESTRELLAS";"JORGE I";"03";"ALACANT";"050";"EL CAMPELLO";"L'ALACANTI";"03560";"CALLE SAN FRANCISCO, 25-27";"C";"CALLE";"SAN FRANCISCO";"25-27";"info@hoteljorge1.net";"http://hoteljorge1.net";"H";"HOTEL";"H";"HOTEL";"50";"75";"NCD";"NO PERTENECE A NINGUNA CADENA";"11/07/2001"; ;"SIEMPRE ABIERTO";"De Lunes a Domingo"
"CV H01218 A";"A";"ALTA";"4";"4 ESTRELLAS";"JOVA HOTEL BOUTIQUE";"03";"ALACANT";"050";"EL CAMPELLO";"L'ALACANTI";"03560";"CALLE SANT PERE, 39-41";"C";"CALLE";"SANT PERE";"39-41";"rooms@jovahotel.com";"http://jovahotel.com";"H";"HOTEL";"H";"HOTEL";"21";"42";"NCD";"NO PERTENECE A NINGUNA CADENA";"19/06/2001"; ;"SIEMPRE ABIERTO";"De Lunes a Domingo"
"CV H01359 A";"A";"ALTA";"4";"4 ESTRELLAS";"LA FAMILIA GALLO ROJO";"03";"ALACANT";"050";"EL CAMPELLO";"L'ALACANTI";"03560";"CALLE BENISSA, 9";"C";"CALLE";"BENISSA";"9";"reservas@hotellafamiliagallorojo.com";"http://www.hotellafamiliagallorojo.com";"H";"HOTEL";"H";"HOTEL";"99";"202";"NCD";"NO PERTENECE A NINGUNA CADENA";"08/08/2008"; ;"SIEMPRE ABIERTO";"De Lunes a Domingo"
"CV H01401 A";"A";"ALTA";"3";"3 ESTRELLAS";"LA FAMILIA PLAYA";"03";"ALACANT";"050";"EL CAMPELLO";"L'ALACANTI";"03560";"CALLE SAN PEDRO, 147";"C";"CALLE";"SAN PEDRO";"147";"reservas@hotelcampellolafamilia.com";"www.hotelcampellolafamilia.com";"H";"HOTEL";"H";"HOTEL";"16";"31";"NCD";"NO PERTENECE A NINGUNA CADENA";"02/04/2012"; ;"SIEMPRE ABIERTO";"De Lunes a Domingo"
"CV H01248 A";"A";"ALTA";"2";"2 ESTRELLAS";"MAR AZUL";"03";"ALACANT";"050";"EL CAMPELLO";"L'ALACANTI";"03560";"CALLE SANT PERE, 128";"C";"CALLE";"SANT PERE";"128";"recepcion@hotel-marazul.com";"http://www.hotel-marazul.com";"H";"HOTEL";"HA";"HOTEL-APARTAMENTO";"17";"34";"NCD";"NO PERTENECE A NINGUNA CADENA";"23/09/2002"; ;"SIEMPRE ABIERTO";"De Lunes a Domingo"
"CV H01602 A";"A";"ALTA"; ; ;"MEDITERRANEO";"03";"ALACANT";"050";"EL CAMPELLO";"L'ALACANTI";"03560";"CALLE JUAN SEBASTIAN EL CANO, 36 PB";"C";"CALLE";"JUAN SEBASTIAN EL CANO";"36 PB";"aculco2007@gmail.com"; ;"P";"PENSIÓN"; ; ;"5";"11";"NCD";"NO PERTENECE A NINGUNA CADENA";"28/07/2022"; ;"SIEMPRE ABIERTO";"De Lunes a Domingo"
"CV H01499 A";"A";"ALTA"; ; ;"NUMERO DOCE";"03";"ALACANT";"050";"EL CAMPELLO";"L'ALACANTI";"03560";"AVENIDA DELS FURS, 12-LOC4";"AV";"AVENIDA";"DELS FURS";"12-LOC4";"inversionespasoseguro@gmail.com"; ;"HS";"HOSTAL"; ; ;"7";"14";"NCD";"NO PERTENECE A NINGUNA CADENA";"22/05/2019"; ;"SIEMPRE ABIERTO";"De Lunes a Domingo"
"CV H00811 A";"B";"BAJA";"1";"1 ESTRELLA";"NURIA";"03";"ALACANT";"050";"EL CAMPELLO";"L'ALACANTI";"03560";"CALLE SAN FRANCISCO, 14";"C";"CALLE";"SAN FRANCISCO";"14";"hotelnuria@hotelnuria.es";"http://www.hotelesencampello.com/";"H";"HOTEL";"H";"HOTEL";"24";"45";"NCD";"NO PERTENECE A NINGUNA CADENA";"27/07/1971";"23/02/2016";"SIEMPRE ABIERTO";"De Lunes a Domingo"
"CV H01695 A";"A";"ALTA";"4";"4 ESTRELLAS";"OCCIDENTAL PUEBLO ACANTILADO";"03";"ALACANT";"050";"EL CAMPELLO";"L'ALACANTI";"03560";"PLAZA CIUDAD DEL ALGUER, 10";"PL";"PLAZA";"CIUDAD DEL ALGUER";"10";"puebloacantilado@occidentalhotels.com";"http://barcelo.com";"H";"HOTEL";"HA";"HOTEL-APARTAMENTO";"100";"224";"NCD";"NO PERTENECE A NINGUNA CADENA";"14/02/2025"; ;"SIEMPRE ABIERTO";"De Lunes a Domingo"
"CV H01178 A";"B";"BAJA";"4";"4 ESTRELLAS";"PUEBLO ACANTILADO";"03";"ALACANT";"050";"EL CAMPELLO";"L'ALACANTI";"03560";"PLAZA DE LA CIUTAT DE L'ALGUER, Nº 10 -CN-332, KM. 126'9, 10";"PL";"PLAZA";"DE LA CIUTAT DE L'ALGUER, Nº 10 -CN-332, KM. 126'9";"10";"reservas@hotelpuebloacantilado.com";"http://www.hotelpuebloacantilado.com";"H";"HOTEL";"H";"HOTEL";"119";"289";"NCD";"NO PERTENECE A NINGUNA CADENA";"22/10/1998";"31/07/2009";"SIEMPRE ABIERTO";"De Lunes a Domingo"
"CV H01427 A";"B";"BAJA";"0";"PENSIÓN";"PURFICA BED & BREAKFAST";"03";"ALACANT";"050";"EL CAMPELLO";"L'ALACANTI";"03560";"CALLE CORDOBA, 10";"C";"CALLE";"CORDOBA";"10";"bo.mak@wxs.nl";"http://purfica.com";"P";"PENSIÓN"; ; ;"4";"8";"NCD";"NO PERTENECE A NINGUNA CADENA";"07/07/2015";"20/11/2020";"SIEMPRE ABIERTO";"De Lunes a Domingo"
"CV H00876 A";"B";"BAJA";"1";"1 ESTRELLA";"SAN JOSE";"03";"ALACANT";"050";"EL CAMPELLO";"L'ALACANTI";"03560";"CALLE SAN RAMON, 000";"C";"CALLE";"SAN RAMON";"000"; ; ;"HS";"HOSTAL";"HS";"HOSTAL";"14";"25";"NCD";"NO PERTENECE A NINGUNA CADENA";"09/05/1973";"05/10/1995";"SIEMPRE ABIERTO";"De Lunes a Domingo"
"CV H00905 A";"B";"BAJA";"1";"1 ESTRELLA";"SANTA CRUZ";"03";"ALACANT";"050";"EL CAMPELLO";"L'ALACANTI";"03560";"CALLE SAN RAMON, 85";"C";"CALLE";"SAN RAMON";"85";"hostal_santacruz@hotmail.com"; ;"HS";"HOSTAL";"SR";"HOSTAL-RESIDENCIA";"18";"32";"NCD";"NO PERTENECE A NINGUNA CADENA";"21/10/1974";"26/12/2007";"SIEMPRE ABIERTO";"De Lunes a Domingo"
"CV H01287 A";"B";"BAJA";"0";"PENSIÓN";"VILLA MONTEMAR";"03";"ALACANT";"050";"EL CAMPELLO";"L'ALACANTI";"03560";"CALLE ISLANDIA, 7";"C";"CALLE";"ISLANDIA";"7"; ; ;"P";"PENSIÓN";"P";"PENSIÓN";"3";"6";"NCD";"NO PERTENECE A NINGUNA CADENA";"02/03/2004";"27/04/2006";"SIEMPRE ABIERTO";"De Lunes a Domingo"
"CV H01553 A";"A";"ALTA";"3";"3 ESTRELLAS";"ARTMONIA";"03";"ALACANT";"053";"CASTALLA";"L'ALCOIA";"03420";"PARTIDA EL CLOT CHARRELL, S/N";"PD";"PARTIDA";"EL CLOT CHARRELL";"S/N";"info@hotelhyb.com";"http://www.hotelhyb.com";"H";"HOTEL";"H";"HOTEL";"17";"35";"NCD";"NO PERTENECE A NINGUNA CADENA";"02/02/2021"; ;"10/02 - 09/01";"De Lunes a Domingo"
"CV H01409 A";"A";"ALTA";"2";"2 ESTRELLAS";"CASETA NOVA";"03";"ALACANT";"053";"CASTALLA";"L'ALCOIA";"03420";"CAMINO IBI-CASTALLA, KM 4,400";"CM";"CAMINO";"IBI-CASTALLA";"KM 4,400"; ; ;"H";"HOTEL";"H";"HOTEL";"12";"22";"NCD";"NO PERTENECE A NINGUNA CADENA";"20/05/2013"; ;"SIEMPRE ABIERTO";"De Lunes a Domingo"
"CV H01388 A";"B";"BAJA";"2";"2 ESTRELLAS";"CASETA NOVA";"03";"ALACANT";"053";"CASTALLA";"L'ALCOIA";"03420";"CARRETERA VIEJA IBI-CASTALLA,KM. 3 Y 4,5-POLÍGONO 6, P-61, KM. 3";"CR";"CARRETERA";"VIEJA IBI-CASTALLA,KM. 3 Y 4,5-POLÍGONO 6, P-61";"KM. 3";"informacion@hotelcasetanova.com";"http://www.hotelcasetanova.com";"H";"HOTEL";"H";"HOTEL";"12";"23";"NCD";"NO PERTENECE A NINGUNA CADENA";"02/11/2010";"21/06/2011";"SIEMPRE ABIERTO";"De Lunes a Domingo"
"CV H01270 A";"A";"ALTA";"3";"3 ESTRELLAS";"DON JOSÉ";"03";"ALACANT";"053";"CASTALLA";"L'ALCOIA";"03420";"AVENIDA IBI, 50";"AV";"AVENIDA";"IBI";"50"; ; ;"H";"HOTEL";"H";"HOTEL";"27";"44";"NCD";"NO PERTENECE A NINGUNA CADENA";"28/03/2003"; ;"SIEMPRE ABIERTO";"De Lunes a Domingo"
"CV H01150 A";"B";"BAJA";"3";"3 ESTRELLAS";"XORRET DEL CATI";"03";"ALACANT";"053";"CASTALLA";"L'ALCOIA";"03420";"PARTIDA PARTIDA DEL CATI, S/N";"PD";"PARTIDA";"PARTIDA DEL CATI";"S/N";"xorret@ghihoteles.com";"http://www.ghihoteles.com";"H";"HOTEL";"H";"HOTEL";"54";"108";"GHI";"GHI, S.L.";"03/11/1995";"27/03/2015";"SIEMPRE ABIERTO";"De Lunes a Domingo"
"CV H01161 A";"B";"BAJA";"0";"PENSIÓN";"BIGOT VELL";"03";"ALACANT";"054";"CASTELL DE CASTELLS";"LA MARINA ALTA";"03793";"AVENIDA DE ALCOY, 21";"AV";"AVENIDA";"DE ALCOY";"21"; ; ;"P";"PENSIÓN";"P";"PENSIÓN";"5";"9";"NCD";"NO PERTENECE A NINGUNA CADENA";"10/02/1997";"27/02/2004";"SIEMPRE ABIERTO";"De Lunes a Domingo"
"CV H01117 A";"A";"ALTA";"0";"PENSIÓN";"CASTELL";"03";"ALACANT";"054";"CASTELL DE CASTELLS";"LA MARINA ALTA";"03793";"CALLE SAN VICENTE, 18";"C";"CALLE";"SAN VICENTE";"18";"info@mountainholidays-spain.com";"http://www.mountainholidays-spain.com/";"P";"PENSIÓN";"P";"PENSIÓN";"4";"8";"NCD";"NO PERTENECE A NINGUNA CADENA";"22/03/1993"; ;"SIEMPRE ABIERTO";"De Lunes a Domingo"
"CV H01185 A";"A";"ALTA";"2";"2 ESTRELLAS";"SERRELLA";"03";"ALACANT";"054";"CASTELL DE CASTELLS";"LA MARINA ALTA";"03739";"AVENIDA DE ALCOY, 2";"AV";"AVENIDA";"DE ALCOY";"2";"info@hotel-serrella.com";"http://www.hotel-serrella.com";"H";"HOTEL";"HA";"HOTEL-APARTAMENTO";"16";"40";"NCD";"NO PERTENECE A NINGUNA CADENA";"23/02/1999"; ;"SIEMPRE ABIERTO";"De Lunes a Domingo"
"CV H01346 A";"B";"BAJA";"4";"4 ESTRELLAS";"VILLA DE CATRAL";"03";"ALACANT";"055";"CATRAL";"EL BAIX SEGURA/LA VEGA BAJA";"03158";"POLÍGONO INDUSTRIAL  PONIENTE C/ VILLA DE CATRAL, S/N, S/N";"PO";"POLÍGONO";"INDUSTRIAL  PONIENTE C/ VILLA DE CATRAL, S/N";"S/N";"direccion@hotelvilladecatral.es";"http://www.hotelvilladecatral.es";"H";"HOTEL";"H";"HOTEL";"64";"128";"NCD";"NO PERTENECE A NINGUNA CADENA";"24/10/2007";"04/02/2011";"SIEMPRE ABIERTO";"De Lunes a Domingo"
"CV H01148 A";"A";"ALTA";"2";"2 ESTRELLAS";"ANNA";"03";"ALACANT";"056";"COCENTAINA";"EL COMTAT";"03820";"CALLE XÀTIVA, 4";"C";"CALLE";"XÀTIVA";"4";"info@hotelanna.es";"https://hotelanna.es";"H";"HOTEL";"H";"HOTEL";"26";"43";"NCD";"NO PERTENECE A NINGUNA CADENA";"04/10/1995"; ;"SIEMPRE ABIERTO";"De Lunes a Domingo"
"CV H01352 A";"A";"ALTA";"0";"PENSIÓN";"EL PIC NEGRE";"03";"ALACANT";"056";"COCENTAINA";"EL COMTAT";"03820";"CALLE MAYOR, 36";"C";"CALLE";"MAYOR";"36"; ; ;"P";"PENSIÓN";"P";"PENSIÓN";"6";"12";"NCD";"NO PERTENECE A NINGUNA CADENA";"15/04/2008"; ;"SIEMPRE ABIERTO";"De Lunes a Domingo"
"CV H01274 A";"B";"BAJA";"0";"PENSIÓN";"EL PIC NEGRE";"03";"ALACANT";"056";"COCENTAINA";"EL COMTAT";"03820";"CALLE MAYOR, 36";"C";"CALLE";"MAYOR";"36"; ; ;"P";"PENSIÓN";"P";"PENSIÓN";"6";"12";"NCD";"NO PERTENECE A NINGUNA CADENA";"27/05/2003";"14/02/2006";"SIEMPRE ABIERTO";"De Lunes a Domingo"
"CV H00895 A";"B";"BAJA";"0";"PENSIÓN";"HOSTALET";"03";"ALACANT";"056";"COCENTAINA";"EL COMTAT";"03820";"CALLE JATIVA, 5";"C";"CALLE";"JATIVA";"5"; ; ;"P";"PENSIÓN";"P";"PENSIÓN";"11";"15";"NCD";"NO PERTENECE A NINGUNA CADENA";"18/12/1973";"05/01/2004";"SIEMPRE ABIERTO";"De Lunes a Domingo"
"CV H00922 A";"A";"ALTA";"3";"3 ESTRELLAS";"ODÓN";"03";"ALACANT";"056";"COCENTAINA";"EL COMTAT";"03820";"AVENIDA PAÍS VALENCIANO, 145";"AV";"AVENIDA";"PAÍS VALENCIANO";"145";"odon@hotelodon.com";"http://www.hotelodon.com";"H";"HOTEL";"H";"HOTEL";"59";"106";"NCD";"NO PERTENECE A NINGUNA CADENA";"17/12/1974"; ;"SIEMPRE ABIERTO";"De Lunes a Domingo"
"CV H00915 A";"A";"ALTA";"0";"PENSIÓN";"EL PIRINEO";"03";"ALACANT";"057";"CONFRIDES";"LA MARINA BAIXA";"03817";"CALLE SAN ANTONIO, 52";"C";"CALLE";"SAN ANTONIO";"52"; ; ;"P";"PENSIÓN";"P";"PENSIÓN";"10";"18";"NCD";"NO PERTENECE A NINGUNA CADENA";"11/09/1974"; ;"SIEMPRE ABIERTO";"Sólo Fines de Semana"
"CV H01246 A";"B";"BAJA";"1";"1 ESTRELLA";"COX";"03";"ALACANT";"058";"COX";"EL BAIX SEGURA/LA VEGA BAJA";"03350";"CALLE DR. FLEMING, 6";"C";"CALLE";"DR. FLEMING";"6";"hostalcox@hotmail.com"; ;"HS";"HOSTAL";"SR";"HOSTAL-RESIDENCIA";"6";"12";"NCD";"NO PERTENECE A NINGUNA CADENA";"24/07/2002";"01/08/2016";"SIEMPRE ABIERTO";"De Lunes a Domingo"
"CV H00767 A";"A";"ALTA";"2";"2 ESTRELLAS";"GOYA";"03";"ALACANT";"059";"CREVILLENT";"EL BAIX VINALOPO";"03330";"AVENIDA SAN VICENTE FERRER, 67-";"AV";"AVENIDA";"SAN VICENTE FERRER";"67-"; ; ;"H";"HOTEL";"H";"HOTEL";"28";"50";"NCD";"NO PERTENECE A NINGUNA CADENA";"12/02/1972"; ;"SIEMPRE ABIERTO";"De Lunes a Domingo"
"CV H01651 A";"B";"BAJA";"0";"PENSIÓN";"HOSPEDERIA 340";"03";"ALACANT";"059";"CREVILLENT";"EL BAIX VINALOPO";"03330";"PARTIDA BARRANC DE SANT GAIETA, 64";"PD";"PARTIDA";"BARRANC DE SANT GAIETA";"64";"hospederia340@gmail.com"; ;"P";"PENSIÓN"; ; ;"3";"3";"NCD";"NO PERTENECE A NINGUNA CADENA";"08/02/2024";"01/06/2024";"SIEMPRE ABIERTO";"De Lunes a Domingo"
"CV H00160 A";"B";"BAJA";"0";"PENSIÓN";"ISABEL";"03";"ALACANT";"059";"CREVILLENT";"EL BAIX VINALOPO";"03330";"CALLE PURISIMA, 000";"C";"CALLE";"PURISIMA";"000"; ; ;"P";"PENSIÓN";"P";"PENSIÓN";"14";"20";"NCD";"NO PERTENECE A NINGUNA CADENA";"07/04/1961";"03/02/1997";"SIEMPRE ABIERTO";"De Lunes a Domingo"
"CV H01163 A";"A";"ALTA";"2";"2 ESTRELLAS";"LA ALGAZARA";"03";"ALACANT";"059";"CREVILLENT";"EL BAIX VINALOPO";"03330";"AUTOVIA ALICANTE-MURCIA,KM., 722"; ; ;"AUTOVIA ALICANTE-MURCIA,KM.";"722"; ; ;"HS";"HOSTAL";"SR";"HOSTAL-RESIDENCIA";"8";"16";"NCD";"NO PERTENECE A NINGUNA CADENA";"11/04/1997"; ;"SIEMPRE ABIERTO";"De Lunes a Domingo"
"CV H00662 A";"A";"ALTA";"0";"PENSIÓN";"LAS PALMERAS";"03";"ALACANT";"059";"CREVILLENT";"EL BAIX VINALOPO";"03330";"CARRETERA ALICANTE - MURCIA. KM 45. N-340, PARTIDA EULA, 75";"CR";"CARRETERA";"ALICANTE - MURCIA. KM 45. N-340, PARTIDA EULA";"75";"laspalmeras@laspalmeras-sl.com";"http://laspalmeras-sl.com";"P";"PENSIÓN";"P";"PENSIÓN";"11";"28";"NCD";"NO PERTENECE A NINGUNA CADENA";"22/10/1969"; ;"SIEMPRE ABIERTO";"De Lunes a Domingo"
"CV H01024 A";"B";"BAJA";"1";"1 ESTRELLA";"NOHA";"03";"ALACANT";"059";"CREVILLENT";"EL BAIX VINALOPO";"03330";"CARRETERA ALICANTE-MURCIA, KM. 42 - BARRANCO SAN CAYETANO, 28";"CR";"CARRETERA";"ALICANTE-MURCIA, KM. 42 - BARRANCO SAN CAYETANO";"28"; ; ;"HS";"HOSTAL";"HS";"HOSTAL";"15";"29";"NCD";"NO PERTENECE A NINGUNA CADENA";"23/03/1981";"20/12/2005";"SIEMPRE ABIERTO";"De Lunes a Domingo"
"CV H01129 A";"B";"BAJA";"1";"1 ESTRELLA";"ELS FRARES";"03";"ALACANT";"060";"QUATRETONDETA";"EL COMTAT";"03811";"AVENIDA PAIS VALENCIA, 20";"AV";"AVENIDA";"PAIS VALENCIA";"20";"elsfrares@terra.es";"http://www.inn-spain.com";"H";"HOTEL";"H";"HOTEL";"9";"18";"NCD";"NO PERTENECE A NINGUNA CADENA";"15/06/1994";"22/12/2011";"SIEMPRE ABIERTO";"De Lunes a Domingo"
"CV H01459 A";"A";"ALTA";"2";"2 ESTRELLAS";"PODIUMBERG B&H";"03";"ALACANT";"060";"QUATRETONDETA";"EL COMTAT";"03811";"AVENIDA PAÍS VALENCIÀ, 20";"AV";"AVENIDA";"PAÍS VALENCIÀ";"20";"info@podiumberg.com";"http://podiumberg.com";"H";"HOTEL";"H";"HOTEL";"14";"28";"NCD";"NO PERTENECE A NINGUNA CADENA";"19/04/2017"; ;"SIEMPRE ABIERTO";"De Lunes a Domingo"
"CV H01316 A";"A";"ALTA";"2";"2 ESTRELLAS";"ADSUBIA";"03";"ALACANT";"063";"DÉNIA";"LA MARINA ALTA";"03700";"AVENIDA MIGUEL HERNÁNDEZ, 35";"AV";"AVENIDA";"MIGUEL HERNÁNDEZ";"35"; ; ;"H";"HOTEL";"H";"HOTEL";"46";"81";"NCD";"NO PERTENECE A NINGUNA CADENA";"26/09/2005"; ;"SIEMPRE ABIERTO";"De Lunes a Domingo"
"CV H01469 A";"A";"ALTA";"0";"PENSIÓN";"AQUAHOUSE";"03";"ALACANT";"063";"DÉNIA";"LA MARINA ALTA";"03700";"CALLE RIU BELLCAIRE, 18";"C";"CALLE";"RIU BELLCAIRE";"18"; ; ;"P";"PENSIÓN"; ; ;"15";"34";"NCD";"NO PERTENECE A NINGUNA CADENA";"26/10/2017"; ;"01/03 - 31/10";"De Lunes a Domingo"
"CV H01671 A";"B";"BAJA";"0";"PENSIÓN";"ARKHE DENIA OASIS";"03";"ALACANT";"063";"DÉNIA";"LA MARINA ALTA";"03700";"CALLE DEL RAP, 7";"C";"CALLE";"DEL RAP";"7";"epelorente@googlemail.com"; ;"P";"PENSIÓN"; ; ;"6";"12";"NCD";"NO PERTENECE A NINGUNA CADENA";"26/08/2024";"19/11/2024";"SIEMPRE ABIERTO";"De Lunes a Domingo"
"CV H01481 A";"A";"ALTA"; ; ;"ATALAYA BOUTIQUE";"03";"ALACANT";"063";"DÉNIA";"LA MARINA ALTA";"03700";"CALLE ENCELADO, 28";"C";"CALLE";"ENCELADO";"28";"regep.delia@gmail.com"; ;"P";"PENSIÓN"; ; ;"4";"8";"NCD";"NO PERTENECE A NINGUNA CADENA";"17/07/2018"; ;"SIEMPRE ABIERTO";"De Lunes a Domingo"
"CV H01463 A";"A";"ALTA"; ; ;"BOHO SUITES DENIA";"03";"ALACANT";"063";"DÉNIA";"LA MARINA ALTA";"03700";"CAMINO POU DE LA MUNTANYA, 8";"CM";"CAMINO";"POU DE LA MUNTANYA";"8";"info@bohosuitesdenia.com";"http://bohosuitesdenia.com";"P";"PENSIÓN"; ; ;"10";"20";"NCD";"NO PERTENECE A NINGUNA CADENA";"14/07/2017"; ;"SIEMPRE ABIERTO";"De Lunes a Domingo"
"CV H01759 A";"A";"ALTA";"0";"PENSIÓN";"BOUTIQUE ALGARROBO";"03";"ALACANT";"063";"DÉNIA";"LA MARINA ALTA";"03700";"CARRETERA DENIA-JAVEA, 67";"CR";"CARRETERA";"DENIA-JAVEA";"67";"info@hostal-cristina.com"; ;"P";"PENSIÓN"; ; ;"6";"12";"NCD";"NO PERTENECE A NINGUNA CADENA";"24/10/2025"; ;"SIEMPRE ABIERTO";"De Lunes a Domingo"
"CV H01207 A";"B";"BAJA";"4";"4 ESTRELLAS";"BUENAVISTA";"03";"ALACANT";"063";"DÉNIA";"LA MARINA ALTA";"03709";"PARTIDA PARTIDA TOSSALET, 82";"PD";"PARTIDA";"PARTIDA TOSSALET";"82";"info@buenavistadenia.com";"http://www.buenavistadenia.com";"H";"HOTEL";"H";"HOTEL";"17";"34";"NCD";"NO PERTENECE A NINGUNA CADENA";"05/10/2000";"03/02/2021";"01/01 - 15/01 y 15/02 - 31/12";"De Lunes a Domingo"
"CV H01437 A";"A";"ALTA"; ; ;"CAFÉ SOLES";"03";"ALACANT";"063";"DÉNIA";"LA MARINA ALTA";"03700";"CALLE ASSAGADOR DE LA MARJAL, 13 B";"C";"CALLE";"ASSAGADOR DE LA MARJAL";"13 B";"info@cafesoles.es";"http://cafesoles.es";"P";"PENSIÓN"; ; ;"11";"22";"NCD";"NO PERTENECE A NINGUNA CADENA";"27/05/2016"; ;"SIEMPRE ABIERTO";"De Lunes a Domingo"
"CV H01091 A";"B";"BAJA";"2";"2 ESTRELLAS";"CASTILLO";"03";"ALACANT";"063";"DÉNIA";"LA MARINA ALTA";"03700";"AVENIDA DEL CID, 7";"AV";"AVENIDA";"DEL CID";"7";"info@hotelcastillodenia.com";"http://www.hotelcastillodenia.com";"H";"HOTEL";"H";"HOTEL";"13";"26";"NCD";"NO PERTENECE A NINGUNA CADENA";"09/01/1989";"21/05/2015";"11/01 - 08/12";"De Lunes a Domingo"
"CV H01304 A";"A";"ALTA";"3";"3 ESTRELLAS";"CHAMAREL";"03";"ALACANT";"063";"DÉNIA";"LA MARINA ALTA";"03700";"CALLE CAVALLERS, 13";"C";"CALLE";"CAVALLERS";"13";"info@hotelchamarel.com";"http://www.hotelchamarel.com";"H";"HOTEL";"H";"HOTEL";"15";"32";"NCD";"NO PERTENECE A NINGUNA CADENA";"09/12/2004"; ;"SIEMPRE ABIERTO";"De Lunes a Domingo"
"CV H01020 A";"A";"ALTA";"1";"1 ESTRELLA";"COMERCIO";"03";"ALACANT";"063";"DÉNIA";"LA MARINA ALTA";"03700";"CALLE LA VIA, 43";"C";"CALLE";"LA VIA";"43";"hostalcomercio@gmail.com"; ;"HS";"HOSTAL";"HS";"HOSTAL";"40";"75";"NCD";"NO PERTENECE A NINGUNA CADENA";"03/11/1980"; ;"SIEMPRE ABIERTO";"De Lunes a Domingo"
"CV H01121 A";"B";"BAJA";"1";"1 ESTRELLA";"CORTIJO, EL";"03";"ALACANT";"063";"DÉNIA";"LA MARINA ALTA";"03700";"PARTIDA CAPSADES, 12";"PD";"PARTIDA";"CAPSADES";"12"; ; ;"H";"HOTEL";"H";"HOTEL";"11";"18";"NCD";"NO PERTENECE A NINGUNA CADENA";"25/05/1993";"21/04/1998";"SIEMPRE ABIERTO";"De Lunes a Domingo"
"CV H00414 A";"A";"ALTA";"3";"3 ESTRELLAS";"COSTA BLANCA";"03";"ALACANT";"063";"DÉNIA";"LA MARINA ALTA";"03700";"CALLE PINTOR LLORENS, 3";"C";"CALLE";"PINTOR LLORENS";"3";"reservas@hotelcostablancadenia.com";"http://www.hotelcostablanca.com";"H";"HOTEL";"H";"HOTEL";"50";"92";"NCD";"NO PERTENECE A NINGUNA CADENA";"22/04/1966"; ;"SIEMPRE ABIERTO";"De Lunes a Domingo"
"CV H01130 A";"A";"ALTA";"1";"1 ESTRELLA";"CRISTINA";"03";"ALACANT";"063";"DÉNIA";"LA MARINA ALTA";"03700";"AVENIDA DEL CID, 5";"AV";"AVENIDA";"DEL CID";"5";"info@hostal-cristina.com";"http://www.hostal-cristina.com";"HS";"HOSTAL";"SR";"HOSTAL-RESIDENCIA";"20";"39";"NCD";"NO PERTENECE A NINGUNA CADENA";"30/06/1994"; ;"SIEMPRE ABIERTO";"De Lunes a Domingo"
"CV H01311 A";"A";"ALTA";"4";"4 ESTRELLAS";"DANIYA DENIA";"03";"ALACANT";"063";"DÉNIA";"LA MARINA ALTA";"03700";"CALLE SARDINA, 11";"C";"CALLE";"SARDINA";"11";"info@denia.daniyahotels.es";"https://www.daniyadenia.com";"H";"HOTEL";"H";"HOTEL";"121";"276";"NCD";"NO PERTENECE A NINGUNA CADENA";"01/07/2005"; ;"SIEMPRE ABIERTO";"De Lunes a Domingo"
"CV H01271 A";"A";"ALTA";"5";"5 ESTRELLAS";"DENIA MARRIOTT LA SELLA GOLF RESORT & SPA";"03";"ALACANT";"063";"DÉNIA";"LA MARINA ALTA";"03749";"ALQUERÍA DE FERRANDO, -CTRA. LA XARA- JESÚS POBRE-, S/N"; ; ;"ALQUERÍA DE FERRANDO, -CTRA. LA XARA- JESÚS POBRE-";"S/N";"dosm@lasellagolfresort.com";"http://www.lasellagolfresort.com";"H";"HOTEL";"H";"HOTEL";"183";"372";"MAI";"MARRIOTT INTERNACIONAL";"03/04/2003"; ;"SIEMPRE ABIERTO";"De Lunes a Domingo"
"CV H01228 A";"B";"BAJA";"0";"PENSIÓN";"EL BARÓN";"03";"ALACANT";"063";"DÉNIA";"LA MARINA ALTA";"03700";"URBANIZACIÓN PARAISO DEL SOL, 11 A";"UR";"URBANIZACIÓN";"PARAISO DEL SOL";"11 A";"el-baron-denia@terra.es"; ;"P";"PENSIÓN";"P";"PENSIÓN";"12";"24";"NCD";"NO PERTENECE A NINGUNA CADENA";"23/11/2001";"09/12/2004";"SIEMPRE ABIERTO";"De Lunes a Domingo"
"CV H01332 A";"A";"ALTA";"3";"3 ESTRELLAS";"EL RASET";"03";"ALACANT";"063";"DÉNIA";"LA MARINA ALTA";"03700";"CALLE PONT, 33";"C";"CALLE";"PONT";"33"; ; ;"H";"HOTEL";"H";"HOTEL";"20";"38";"NCD";"NO PERTENECE A NINGUNA CADENA";"20/12/2006"; ;"SIEMPRE ABIERTO";"De Lunes a Domingo"
"CV H01119 A";"B";"BAJA";"2";"2 ESTRELLAS";"FONTANELLA";"03";"ALACANT";"063";"DÉNIA";"LA MARINA ALTA";"03700";"CALLE DE LA FONTANELLA, 18";"C";"CALLE";"DE LA FONTANELLA";"18";"hotelfontanella@hotmail.com";"https://hotel-fontanella-denia.com";"H";"HOTEL";"H";"HOTEL";"12";"14";"NCD";"NO PERTENECE A NINGUNA CADENA";"08/07/1993";"22/02/2024";"SIEMPRE ABIERTO";"De Lunes a Domingo"
"CV H01195 A";"A";"ALTA";"1";"1 ESTRELLA";"L'ANFORA";"03";"ALACANT";"063";"DÉNIA";"LA MARINA ALTA";"03700";"CALLE EXPLANADA DE CERVANTES, 8";"C";"CALLE";"EXPLANADA DE CERVANTES";"8";"info@hostallanfora.com";"http://www.hostallanfora.com";"HS";"HOSTAL";"SR";"HOSTAL-RESIDENCIA";"21";"40";"NCD";"NO PERTENECE A NINGUNA CADENA";"29/11/1999"; ;"SIEMPRE ABIERTO";"De Lunes a Domingo"
"CV H01097 A";"A";"ALTA";"3";"3 ESTRELLAS";"L'HOTELET DE LA RACONÁ";"03";"ALACANT";"063";"DÉNIA";"LA MARINA ALTA";"03700";"CAMINO AMPLE - LAS ROTAS, 19";"CM";"CAMINO";"AMPLE - LAS ROTAS";"19";"laracona@hotel-laracona.com";"http://www.hotel-laracona.com";"H";"HOTEL";"H";"HOTEL";"10";"20";"NCD";"NO PERTENECE A NINGUNA CADENA";"12/11/1990"; ;"SIEMPRE ABIERTO";"De Lunes a Domingo"
"CV H01696 A";"A";"ALTA";"0";"PENSIÓN";"LA POSADA DEL CENTRO";"03";"ALACANT";"063";"DÉNIA";"LA MARINA ALTA";"03700";"CALLE CALDERA DEL GAS, 6 1ºB";"C";"CALLE";"CALDERA DEL GAS";"6 1ºB";"liza.elprincipado@gmail.com"; ;"P";"PENSIÓN"; ; ;"3";"6";"NCD";"NO PERTENECE A NINGUNA CADENA";"04/03/2025"; ;"SIEMPRE ABIERTO";"De Lunes a Domingo"
"CV H01279 A";"A";"ALTA";"4";"4 ESTRELLAS";"LA POSADA DEL MAR";"03";"ALACANT";"063";"DÉNIA";"LA MARINA ALTA";"03700";"PLAZA DRASSANES, 2";"PL";"PLAZA";"DRASSANES";"2";"info@laposadadelmar.com";"http://www.laposadadelmar.com";"H";"HOTEL";"H";"HOTEL";"24";"50";"NCD";"NO PERTENECE A NINGUNA CADENA";"13/08/2003"; ;"SIEMPRE ABIERTO";"De Lunes a Domingo"
"CV H01032 A";"B";"BAJA";"0";"PENSIÓN";"LEVANTE";"03";"ALACANT";"063";"DÉNIA";"LA MARINA ALTA";"03700";"AVENIDA ALICANTE, 45";"AV";"AVENIDA";"ALICANTE";"45"; ; ;"P";"PENSIÓN";"P";"PENSIÓN";"5";"10";"NCD";"NO PERTENECE A NINGUNA CADENA";"26/11/1981";"26/09/2005";"SIEMPRE ABIERTO";"De Lunes a Domingo"
"CV H01028 A";"B";"BAJA";"1";"1 ESTRELLA";"LLACER";"03";"ALACANT";"063";"DÉNIA";"LA MARINA ALTA";"03700";"AVENIDA DEL MAR, 37";"AV";"AVENIDA";"DEL MAR";"37"; ; ;"HS";"HOSTAL";"HS";"HOSTAL";"19";"39";"NCD";"NO PERTENECE A NINGUNA CADENA";"20/10/1981";"28/02/2025";"SIEMPRE ABIERTO";"De Lunes a Domingo"
"CV H01192 A";"A";"ALTA";"1";"1 ESTRELLA";"LORETO";"03";"ALACANT";"063";"DÉNIA";"LA MARINA ALTA";"03700";"CALLE LORETO, 12";"C";"CALLE";"LORETO";"12";"info@hostalloreto.com";"http://www.hostalloreto.com";"HS";"HOSTAL";"HS";"HOSTAL";"43";"74";"NCD";"NO PERTENECE A NINGUNA CADENA";"20/07/1999"; ;"SIEMPRE ABIERTO";"De Lunes a Domingo"
"CV H00316 A";"A";"ALTA";"4";"4 ESTRELLAS";"LOS ANGELES";"03";"ALACANT";"063";"DÉNIA";"LA MARINA ALTA";"03700";"CARRETERA MARINAS, KM. 4 - PARTIDA BOVETES NORD, A-118, 118";"CR";"CARRETERA";"MARINAS, KM. 4 - PARTIDA BOVETES NORD, A-118";"118";"info@hotellosangelesdenia.com";"http://www.hotellosangelesdenia.com";"H";"HOTEL";"H";"HOTEL";"82";"172";"NCD";"NO PERTENECE A NINGUNA CADENA";"27/05/1964"; ;"15/01 - 30/11";"De Lunes a Domingo"
"CV H01600 A";"A";"ALTA";"3";"3 ESTRELLAS";"MAISON MARINETA";"03";"ALACANT";"063";"DÉNIA";"LA MARINA ALTA";"03700";"CALLE MARQUÉS DEL CAMPO, 68-70";"C";"CALLE";"MARQUÉS DEL CAMPO";"68-70";"administracion@palacioderojas.com"; ;"H";"HOTEL";"H";"HOTEL";"18";"36";"NCD";"NO PERTENECE A NINGUNA CADENA";"15/06/2022"; ;"SIEMPRE ABIERTO";"De Lunes a Domingo"
"CV H01223 A";"B";"BAJA";"0";"PENSIÓN";"MANOLI";"03";"ALACANT";"063";"DÉNIA";"LA MARINA ALTA";"03700";"AVENIDA DE ALICANTE, 15-4º-8ª";"AV";"AVENIDA";"DE ALICANTE";"15-4º-8ª"; ; ;"P";"PENSIÓN";"P";"PENSIÓN";"5";"10";"NCD";"NO PERTENECE A NINGUNA CADENA";"18/11/2001";"19/04/2002";"SIEMPRE ABIERTO";"De Lunes a Domingo"
"CV H01667 A";"A";"ALTA"; ; ;"MARINA BEACH 38";"03";"ALACANT";"063";"DÉNIA";"LA MARINA ALTA";"03700";"CARRETERA LAS MARINAS, 38";"CR";"CARRETERA";"LAS MARINAS";"38";"marinabeach38sl@gmail.com";"http://www.marinabeach38.com";"P";"PENSIÓN"; ; ;"12";"24";"NCD";"NO PERTENECE A NINGUNA CADENA";"09/07/2024"; ;"SIEMPRE ABIERTO";"De Lunes a Domingo"
"CV H00758 A";"A";"ALTA";"2";"2 ESTRELLAS";"MI CAMPAÑA";"03";"ALACANT";"063";"DÉNIA";"LA MARINA ALTA";"03700";"CARRETERA LAS MARINAS, KM.4, 188";"CR";"CARRETERA";"LAS MARINAS, KM.4";"188";"info@micampanya.com";"http://www.micampanya.com";"HS";"HOSTAL";"HS";"HOSTAL";"9";"18";"NCD";"NO PERTENECE A NINGUNA CADENA";"25/11/1970"; ;"01/04 - 30/09";"De Lunes a Domingo"
"CV H01286 A";"B";"BAJA";"0";"PENSIÓN";"MONTGÓ";"03";"ALACANT";"063";"DÉNIA";"LA MARINA ALTA";"03700";"CARRETERA BARRANCO DEL MOÑO A ARENETES, 55 C 1º";"CR";"CARRETERA";"BARRANCO DEL MOÑO A ARENETES";"55 C 1º"; ; ;"P";"PENSIÓN";"P";"PENSIÓN";"5";"10";"NCD";"NO PERTENECE A NINGUNA CADENA";"24/11/2003";"25/04/2007";"SIEMPRE ABIERTO";"De Lunes a Domingo"
"CV H01386 A";"B";"BAJA";"2";"2 ESTRELLAS";"MONTGÓ";"03";"ALACANT";"063";"DÉNIA";"LA MARINA ALTA";"03700";"CARRETERA BARRANC DEL MONYO-LES ARENETES, 55A";"CR";"CARRETERA";"BARRANC DEL MONYO-LES ARENETES";"55A";"info@hotelmontgo.com";"http://hotelmontgo.com";"H";"HOTEL";"H";"HOTEL";"16";"32";"NCD";"NO PERTENECE A NINGUNA CADENA";"05/05/2010";"29/08/2019";"SIEMPRE ABIERTO";"De Lunes a Domingo"
"CV H00822 A";"B";"BAJA";"0";"PENSIÓN";"NOGUERA";"03";"ALACANT";"063";"DÉNIA";"LA MARINA ALTA";"03700";"LLAC MAYOR, 4"; ; ;"LLAC MAYOR";"4"; ; ;"P";"PENSIÓN";"P";"PENSIÓN";"19";"37";"NCD";"NO PERTENECE A NINGUNA CADENA";"21/10/1971";"14/10/2002";"01/04 - 15/10";"De Lunes a Domingo"
"CV H01321 A";"A";"ALTA";"3";"3 ESTRELLAS";"NOGUERA MAR";"03";"ALACANT";"063";"DÉNIA";"LA MARINA ALTA";"03700";"CALLE LLAC MAJOR, S/N - LES MARINES";"C";"CALLE";"LLAC MAJOR, S/N - LES MARINES"; ;"info@nogueramarhotel.com";"http://nogueramarhotel.com/";"H";"HOTEL";"H";"HOTEL";"20";"37";"NCD";"NO PERTENECE A NINGUNA CADENA";"31/01/2006"; ;"SIEMPRE ABIERTO";"De Lunes a Domingo"
"CV H01776 A";"A";"ALTA";"4";"4 ESTRELLAS";"NOMADA HOUSE BY SH HOTELES";"03";"ALACANT";"063";"DÉNIA";"LA MARINA ALTA";"03700";"CALLE TEMPLE DE SANT TELM, 3";"C";"CALLE";"TEMPLE DE SANT TELM";"3"; ;"http://sh-hoteles.com";"H";"HOTEL";"H";"HOTEL";"26";"50";"NCD";"NO PERTENECE A NINGUNA CADENA";"02/02/2026"; ;"SIEMPRE ABIERTO";"De Lunes a Domingo"
"CV H01374 A";"A";"ALTA";"3";"3 ESTRELLAS";"NOU ROMÀ";"03";"ALACANT";"063";"DÉNIA";"LA MARINA ALTA";"03700";"CALLE NUEVA, 28";"C";"CALLE";"NUEVA";"28";"info@hotelnouroma.com";"https://hotelnouroma.com";"H";"HOTEL";"H";"HOTEL";"7";"14";"NCD";"NO PERTENECE A NINGUNA CADENA";"09/11/2009"; ;"SIEMPRE ABIERTO";"De Lunes a Domingo"
"CV H01149 A";"A";"ALTA";"1";"1 ESTRELLA";"OASIS";"03";"ALACANT";"063";"DÉNIA";"LA MARINA ALTA";"03700";"CALLE BOGA, 5";"C";"CALLE";"BOGA";"5";"Oasis1@telefonica.net"; ;"HS";"HOSTAL";"HS";"HOSTAL";"12";"26";"NCD";"NO PERTENECE A NINGUNA CADENA";"30/10/1995"; ;"01/03 - 30/11";"De Lunes a Domingo"
"CV H01368 A";"A";"ALTA";"3";"3 ESTRELLAS";"PALAU VERD";"03";"ALACANT";"063";"DÉNIA";"LA MARINA ALTA";"03700";"CALLE IO -LAS ROTAS-, 1";"C";"CALLE";"IO -LAS ROTAS-";"1";"hotel@palauverd.com";"http://palauverd.com";"H";"HOTEL";"H";"HOTEL";"16";"32";"NCD";"NO PERTENECE A NINGUNA CADENA";"29/05/2009"; ;"01/03 - 31/10";"De Lunes a Domingo"
"CV H01070 A";"B";"BAJA";"2";"2 ESTRELLAS";"PALMAR, EL";"03";"ALACANT";"063";"DÉNIA";"LA MARINA ALTA";"03700";"CARRETERA MARINAS  KM 4, 000";"CR";"CARRETERA";"MARINAS  KM 4";"000"; ; ;"H";"HOTEL";"HA";"HOTEL-APARTAMENTO";"36";"141";"NCD";"NO PERTENECE A NINGUNA CADENA";"01/04/1987";"22/11/1994";"SIEMPRE ABIERTO";"De Lunes a Domingo"
"CV H01166 A";"A";"ALTA";"0";"PENSIÓN";"PINK FLAMINGO";"03";"ALACANT";"063";"DÉNIA";"LA MARINA ALTA";"03700";"CALLE RAPALLENGUA, 48";"C";"CALLE";"RAPALLENGUA";"48";"pinkflamingo@terra.es";"http:// www.pinkflamingo.de";"P";"PENSIÓN";"P";"PENSIÓN";"5";"13";"NCD";"NO PERTENECE A NINGUNA CADENA";"04/09/1997"; ;"SIEMPRE ABIERTO";"De Lunes a Domingo"
"CV H00936 A";"A";"ALTA";"3";"3 ESTRELLAS";"PORT DENIA";"03";"ALACANT";"063";"DÉNIA";"LA MARINA ALTA";"03700";"CARRETERA DENIA-JÁVEA, 47";"CR";"CARRETERA";"DENIA-JÁVEA";"47";"reservas@onasol.es";"http://www.onasol.es";"H";"HOTEL";"H";"HOTEL";"280";"553";"POR";"PORT HOTELS";"09/04/1976"; ;"SIEMPRE ABIERTO";"De Lunes a Domingo"
"CV H01137 A";"B";"BAJA";"3";"3 ESTRELLAS";"ROMANO";"03";"ALACANT";"063";"DÉNIA";"LA MARINA ALTA";"03700";"CALLE NUEVA, 28";"C";"CALLE";"NUEVA";"28"; ;"http://www.ctv.es/dei/hotelromano";"H";"HOTEL";"H";"HOTEL";"6";"12";"NCD";"NO PERTENECE A NINGUNA CADENA";"28/04/1995";"26/10/2004";"SIEMPRE ABIERTO";"De Lunes a Domingo"
"CV H01345 A";"B";"BAJA";"3";"3 ESTRELLAS";"ROMANO";"03";"ALACANT";"063";"DÉNIA";"LA MARINA ALTA";"03700";"CALLE NUEVA, 28";"C";"CALLE";"NUEVA";"28"; ; ;"H";"HOTEL";"H";"HOTEL";"7";"14";"NCD";"NO PERTENECE A NINGUNA CADENA";"26/09/2007";"30/03/2009";"SIEMPRE ABIERTO";"De Lunes a Domingo"
"CV H01541 A";"A";"ALTA"; ; ;"ROOM BOUTIQUE 32";"03";"ALACANT";"063";"DÉNIA";"LA MARINA ALTA";"03700";"CALLE SANDUNGA, 32, 1º";"C";"CALLE";"SANDUNGA";"32, 1º";"info@jackimmo.com";"http://www.roomboutique32.com";"P";"PENSIÓN"; ; ;"5";"10";"NCD";"NO PERTENECE A NINGUNA CADENA";"22/07/2020"; ;"SIEMPRE ABIERTO";"De Lunes a Domingo"
"CV H00947 A";"A";"ALTA";"3";"3 ESTRELLAS";"ROSA";"03";"ALACANT";"063";"DÉNIA";"LA MARINA ALTA";"03700";"CALLE CONGRE, 3";"C";"CALLE";"CONGRE";"3";"info@hotelrosadenia.com";"http://www.hotelrosadenia.com";"H";"HOTEL";"HA";"HOTEL-APARTAMENTO";"38";"70";"NCD";"NO PERTENECE A NINGUNA CADENA";"09/12/1975"; ;"01/03 - 30/11";"De Lunes a Domingo"
"CV H01216 A";"A";"ALTA";"1";"1 ESTRELLA";"TRES MOLINS";"03";"ALACANT";"063";"DÉNIA";"LA MARINA ALTA";"03749";"CALLE PARE PERE- JESÚS POBRE, 7";"C";"CALLE";"PARE PERE- JESÚS POBRE";"7"; ; ;"HS";"HOSTAL";"SR";"HOSTAL-RESIDENCIA";"8";"15";"NCD";"NO PERTENECE A NINGUNA CADENA";"22/05/2001"; ;"SIEMPRE ABIERTO";"De Lunes a Domingo"
"CV H00394 A";"A";"ALTA";"2";"2 ESTRELLAS";"VILLAMOR";"03";"ALACANT";"063";"DÉNIA";"LA MARINA ALTA";"03700";"CAMINO ENTRADOR DE LLOBELL, 1";"CM";"CAMINO";"ENTRADOR DE LLOBELL";"1";"admin@hotelvillamor.com";"http://www.hotelvillamor.com";"H";"HOTEL";"H";"HOTEL";"22";"42";"NCD";"NO PERTENECE A NINGUNA CADENA";"17/06/1972"; ;"01/01 - 31/10 y 01/12 - 31/12";"De Lunes a Domingo"
"CV H01329 A";"A";"ALTA";"2";"2 ESTRELLAS";"AG HOTEL EXPRESS ELCHE";"03";"ALACANT";"065";"ELX/ELCHE";"EL BAIX VINALOPO";"03320";"AUTOVÍA A-70, KM. 25"; ; ;"AUTOVÍA A-70, KM. 25"; ;"reservas@hotelagexpresselche.com";"http://www.hotelagexpresselche.com";"H";"HOTEL";"H";"HOTEL";"48";"109";"NCD";"NO PERTENECE A NINGUNA CADENA";"29/09/2006"; ;"SIEMPRE ABIERTO";"De Lunes a Domingo"
"CV H01330 A";"A";"ALTA";"4";"4 ESTRELLAS";"ARECA";"03";"ALACANT";"065";"ELX/ELCHE";"EL BAIX VINALOPO";"03320";"CALLE DEL LIMÓN, 2";"C";"CALLE";"DEL LIMÓN";"2";"reservas@hotelareca.es";"http://www.hotelareca.es/";"H";"HOTEL";"H";"HOTEL";"71";"141";"NCD";"NO PERTENECE A NINGUNA CADENA";"29/09/2006"; ;"SIEMPRE ABIERTO";"De Lunes a Domingo"
"CV H01235 A";"A";"ALTA";"3";"3 ESTRELLAS";"B&B HOTEL ELCHE";"03";"ALACANT";"065";"ELX/ELCHE";"EL BAIX VINALOPO";"03206";"CALLE ALMANSA, 62";"C";"CALLE";"ALMANSA";"62";"hotel.elche@hotelbb.com";"http://www.hotel-bb.com";"H";"HOTEL";"H";"HOTEL";"63";"126";"B&B";"B&B HOTELS";"14/01/2002"; ;"SIEMPRE ABIERTO";"De Lunes a Domingo"
"CV H00286 A";"B";"BAJA";"0";"PENSIÓN";"BARTOLOME";"03";"ALACANT";"065";"ELX/ELCHE";"EL BAIX VINALOPO";"03791";"CALLE SOLARES, 33";"C";"CALLE";"SOLARES";"33"; ; ;"P";"PENSIÓN";"P";"PENSIÓN";"26";"34";"NCD";"NO PERTENECE A NINGUNA CADENA";"09/10/1962";"19/12/2000";"SIEMPRE ABIERTO";"De Lunes a Domingo"
"CV H00537 A";"A";"ALTA";"1";"1 ESTRELLA";"BENNINGTON";"03";"ALACANT";"065";"ELX/ELCHE";"EL BAIX VINALOPO";"03194";"AVENIDA DE LA ALEGRIA, 188";"AV";"AVENIDA";"DE LA ALEGRIA";"188";"info@hotelmontemar.es";"http://www.hotelmontemar.es";"H";"HOTEL";"H";"HOTEL";"26";"52";"NCD";"NO PERTENECE A NINGUNA CADENA";"17/10/1966"; ;"SIEMPRE ABIERTO";"De Lunes a Domingo"
"CV H00304 A";"B";"BAJA";"0";"PENSIÓN";"CALLOSINA, LA";"03";"ALACANT";"065";"ELX/ELCHE";"EL BAIX VINALOPO";"03206";"CALLE MARI0 PASTOR SEMPERE, 15";"C";"CALLE";"MARI0 PASTOR SEMPERE";"15"; ; ;"P";"PENSIÓN";"P";"PENSIÓN";"13";"22";"NCD";"NO PERTENECE A NINGUNA CADENA";"05/05/1970";"21/04/2015";"SIEMPRE ABIERTO";"De Lunes a Domingo"
"CV H00263 A";"B";"BAJA";"2";"2 ESTRELLAS";"CANDILEJAS";"03";"ALACANT";"065";"ELX/ELCHE";"EL BAIX VINALOPO";"03201";"CALLE DOCTOR FERRAN, 19";"C";"CALLE";"DOCTOR FERRAN";"19";"reservas@hostalcandilejas.com";"http://www.hostalcandilejas.com";"HS";"HOSTAL";"SR";"HOSTAL-RESIDENCIA";"24";"48";"NCD";"NO PERTENECE A NINGUNA CADENA";"20/09/1962";"30/09/2013";"SIEMPRE ABIERTO";"De Lunes a Domingo"
"CV H01048 A";"B";"BAJA";"0";"PENSIÓN";"CORONA";"03";"ALACANT";"065";"ELX/ELCHE";"EL BAIX VINALOPO";"03202";"CALLE JAIME POMARES JAVALOYES, 3";"C";"CALLE";"JAIME POMARES JAVALOYES";"3"; ; ;"P";"PENSIÓN";"P";"PENSIÓN";"4";"7";"NCD";"NO PERTENECE A NINGUNA CADENA";"01/08/1984";"12/11/2007";"SIEMPRE ABIERTO";"De Lunes a Domingo"
"CV H00054 A";"B";"BAJA";"2";"2 ESTRELLAS";"DON JAIME";"03";"ALACANT";"065";"ELX/ELCHE";"EL BAIX VINALOPO";"03203";"AVENIDA JUAN CARLOS I, 5";"AV";"AVENIDA";"JUAN CARLOS I";"5"; ; ;"H";"HOTEL";"H";"HOTEL";"64";"108";"NCD";"NO PERTENECE A NINGUNA CADENA";"23/09/1966";"22/06/1998";"SIEMPRE ABIERTO";"De Lunes a Domingo"
"CV H01317 A";"A";"ALTA";"1";"1 ESTRELLA";"DOÑA ISABEL";"03";"ALACANT";"065";"ELX/ELCHE";"EL BAIX VINALOPO";"03320";"AVENIDA ILLICE, 95";"AV";"AVENIDA";"ILLICE";"95";"info@hoteldonaisabel.com";"http://www.hoteldonaisabel.com";"H";"HOTEL";"H";"HOTEL";"20";"36";"NCD";"NO PERTENECE A NINGUNA CADENA";"11/10/2005"; ;"SIEMPRE ABIERTO";"De Lunes a Domingo"
"CV H00511 A";"A";"ALTA";"1";"1 ESTRELLA";"DURA";"03";"ALACANT";"065";"ELX/ELCHE";"EL BAIX VINALOPO";"03320";"AVENIDA ILLICE, 22";"AV";"AVENIDA";"ILLICE";"22";"info@hostaldura.com";"http://www.hostaldura.com/";"HS";"HOSTAL";"SR";"HOSTAL-RESIDENCIA";"17";"30";"NCD";"NO PERTENECE A NINGUNA CADENA";"13/04/1967"; ;"SIEMPRE ABIERTO";"De Lunes a Domingo"
"CV H01022 A";"A";"ALTA";"2";"2 ESTRELLAS";"EL ALTET";"03";"ALACANT";"065";"ELX/ELCHE";"EL BAIX VINALOPO";"03195";"AVENIDA DAMA DE ELCHE, 8";"AV";"AVENIDA";"DAMA DE ELCHE";"8";"info@hostalelaltet.com";"http://www.hostalelaltet.com";"HS";"HOSTAL";"HS";"HOSTAL";"27";"51";"NCD";"NO PERTENECE A NINGUNA CADENA";"20/12/1980"; ;"SIEMPRE ABIERTO";"De Lunes a Domingo"
"CV H00406 A";"B";"BAJA";"0";"PENSIÓN";"EL CARMEN";"03";"ALACANT";"065";"ELX/ELCHE";"EL BAIX VINALOPO";"03203";"CALLE SOLARES, 001";"C";"CALLE";"SOLARES";"001"; ; ;"P";"PENSIÓN";"P";"PENSIÓN";"7";"9";"NCD";"NO PERTENECE A NINGUNA CADENA";"16/06/1964";"18/06/1997";"SIEMPRE ABIERTO";"De Lunes a Domingo"
"CV H01196 A";"A";"ALTA";"3";"3 ESTRELLAS";"ELCHE CENTRO AFFILIATED BY MELIA";"03";"ALACANT";"065";"ELX/ELCHE";"EL BAIX VINALOPO";"03203";"AVENIDA JUAN CARLOS I, 5-7";"AV";"AVENIDA";"JUAN CARLOS I";"5-7";"hotel.elche.centro@melia.com";"http://www.melia.com";"H";"HOTEL";"H";"HOTEL";"69";"132";"SOL";"MELIÁ HOTELS INTERNATIONAL";"17/01/2000"; ;"SIEMPRE ABIERTO";"De Lunes a Domingo"
"CV H01438 A";"B";"BAJA"; ; ;"ENTRESUELO 30";"03";"ALACANT";"065";"ELX/ELCHE";"EL BAIX VINALOPO";"03201";"PASEO DE LA JUVENTUD, 30-1º";"PA";"PASEO";"DE LA JUVENTUD";"30-1º"; ; ;"P";"PENSIÓN"; ; ;"5";"10";"NCD";"NO PERTENECE A NINGUNA CADENA";"31/05/2016";"24/01/2017";"SIEMPRE ABIERTO";"De Lunes a Domingo"
"CV H00971 A";"B";"BAJA";"0";"PENSIÓN";"FARO";"03";"ALACANT";"065";"ELX/ELCHE";"EL BAIX VINALOPO";"03206";"CALLE CAMI DELS MAGROS, 24";"C";"CALLE";"CAMI DELS MAGROS";"24"; ; ;"P";"PENSIÓN";"P";"PENSIÓN";"9";"14";"NCD";"NO PERTENECE A NINGUNA CADENA";"04/10/1976";"22/12/2011";"SIEMPRE ABIERTO";"De Lunes a Domingo"
"CV H00166 A";"B";"BAJA";"1";"1 ESTRELLA";"GALICIA";"03";"ALACANT";"065";"ELX/ELCHE";"EL BAIX VINALOPO";"03194";"LA MARINA POLÍGONO 0,   (PLAYA DEL PINET),     2"; ; ;"LA MARINA POLÍGONO 0,   (PLAYA DEL PINET)";"2";"hostalgalicia.elpinet@gmail.com";"www.hostal-galicia.com";"HS";"HOSTAL";"HS";"HOSTAL";"27";"52";"NCD";"NO PERTENECE A NINGUNA CADENA";"26/02/1962";"05/02/2018";"01/03 - 31/10";"De Lunes a Domingo"
"CV H01742 A";"A";"ALTA";"3";"3 ESTRELLAS";"HAMPTON BY HILTON ALICANTE AIRPORT";"03";"ALACANT";"065";"ELX/ELCHE";"EL BAIX VINALOPO";"03195";"AVENIDA CARTAGENA, 59";"AV";"AVENIDA";"CARTAGENA";"59";"estacionaltet1@gmail.com"; ;"H";"HOTEL"; ; ;"72";"144";"NCD";"NO PERTENECE A NINGUNA CADENA";"21/08/2025"; ;"SIEMPRE ABIERTO";"De Lunes a Domingo"
"CV H01523 A";"A";"ALTA";"4";"4 ESTRELLAS";"HORT DE NAL";"03";"ALACANT";"065";"ELX/ELCHE";"EL BAIX VINALOPO";"03202";"AVENIDA CANDALIX, 27";"AV";"AVENIDA";"CANDALIX";"27";"info@hortdenal.com";"https://hortdenal.com";"H";"HOTEL";"H";"HOTEL";"9";"18";"NCD";"NO PERTENECE A NINGUNA CADENA";"31/10/2019"; ;"SIEMPRE ABIERTO";"De Lunes a Domingo"
"CV H00512 A";"A";"ALTA";"0";"PENSIÓN";"HOSTAL MARIA";"03";"ALACANT";"065";"ELX/ELCHE";"EL BAIX VINALOPO";"03206";"CALLE RAMÓN VICENTE SERRANO, 2";"C";"CALLE";"RAMÓN VICENTE SERRANO";"2";"info.hostalmaria@gmail.com";"www.hostalmaria.com";"HS";"HOSTAL"; ; ;"14";"28";"NCD";"NO PERTENECE A NINGUNA CADENA";"07/02/1966"; ;"SIEMPRE ABIERTO";"De Lunes a Domingo"
"CV H00840 A";"A";"ALTA";"4";"4 ESTRELLAS";"HUERTO DEL CURA";"03";"ALACANT";"065";"ELX/ELCHE";"EL BAIX VINALOPO";"03203";"CALLE PORTA DE LA MORERA, 14";"C";"CALLE";"PORTA DE LA MORERA";"14";"reservas@huertodelcura.com";"http://www.hotelhuertodelcura.com";"H";"HOTEL";"H";"HOTEL";"83";"168";"POR";"PORT HOTELS";"22/07/1972"; ;"SIEMPRE ABIERTO";"De Lunes a Domingo"
"CV H01320 A";"A";"ALTA";"3";"3 ESTRELLAS";"IBIS ELCHE";"03";"ALACANT";"065";"ELX/ELCHE";"EL BAIX VINALOPO";"03203";"CALLE BARCHELL, 5";"C";"CALLE";"BARCHELL";"5";"H5236@accor.com";"http://www.ibishotel.com";"H";"HOTEL";"H";"HOTEL";"96";"192";"ACC";"ACCOR HOTELES ESPAÑA";"11/01/2006"; ;"SIEMPRE ABIERTO";"De Lunes a Domingo"
"CV H01059 A";"B";"BAJA";"0";"PENSIÓN";"JUAN";"03";"ALACANT";"065";"ELX/ELCHE";"EL BAIX VINALOPO";"03202";"CALLE PUENTE ORTICES, 15";"C";"CALLE";"PUENTE ORTICES";"15"; ; ;"P";"PENSIÓN";"P";"PENSIÓN";"4";"6";"NCD";"NO PERTENECE A NINGUNA CADENA";"01/08/1984";"24/03/2014";"SIEMPRE ABIERTO";"De Lunes a Domingo"
"CV H01656 A";"A";"ALTA";"2";"2 ESTRELLAS";"LA MARINA DE ELCHE";"03";"ALACANT";"065";"ELX/ELCHE";"EL BAIX VINALOPO";"03194";"AVENIDA DE LA ALEGRÍA, 30";"AV";"AVENIDA";"DE LA ALEGRÍA";"30";"hotelmarinaelche@gmail.com";"https://hotelmarinaelche.com";"H";"HOTEL"; ; ;"20";"44";"NCD";"NO PERTENECE A NINGUNA CADENA";"26/03/2024"; ;"SIEMPRE ABIERTO";"De Lunes a Domingo"
"CV H01635 A";"B";"BAJA";"2";"2 ESTRELLAS";"LA MARINA DE ELCHE";"03";"ALACANT";"065";"ELX/ELCHE";"EL BAIX VINALOPO";"03194";"AVENIDA DE LA ALEGRÍA - PDA./ LA MARINA, 30";"AV";"AVENIDA";"DE LA ALEGRÍA - PDA./ LA MARINA";"30";"administracion@amboss-del-sol.es"; ;"H";"HOTEL";"H";"HOTEL";"20";"53";"NCD";"NO PERTENECE A NINGUNA CADENA";"24/10/2023";"27/12/2023";"SIEMPRE ABIERTO";"De Lunes a Domingo"
"CV H01257 A";"A";"ALTA";"2";"2 ESTRELLAS";"LA POSADA";"03";"ALACANT";"065";"ELX/ELCHE";"EL BAIX VINALOPO";"03320";"AVENIDA ILLICE, 42";"AV";"AVENIDA";"ILLICE";"42";"info@hostallaposada.com";"http://www.hostallaposada.com";"HS";"HOSTAL";"HS";"HOSTAL";"19";"43";"NCD";"NO PERTENECE A NINGUNA CADENA";"19/12/2002"; ;"SIEMPRE ABIERTO";"De Lunes a Domingo"
"CV H01194 A";"A";"ALTA";"2";"2 ESTRELLAS";"MADRUGA";"03";"ALACANT";"065";"ELX/ELCHE";"EL BAIX VINALOPO";"03205";"PLAZA JARDIN DE ASPE, 5";"PL";"PLAZA";"JARDIN DE ASPE";"5"; ; ;"HS";"HOSTAL";"SR";"HOSTAL-RESIDENCIA";"28";"52";"NCD";"NO PERTENECE A NINGUNA CADENA";"08/11/1999"; ;"SIEMPRE ABIERTO";"De Lunes a Domingo"
"CV H01094 A";"B";"BAJA";"1";"1 ESTRELLA";"MARINA";"03";"ALACANT";"065";"ELX/ELCHE";"EL BAIX VINALOPO";"03194";"AVENIDA DE LA ALEGRIA, 30";"AV";"AVENIDA";"DE LA ALEGRIA";"30";"info@marinahotel.es";"http://www.marinahotel.es";"H";"HOTEL";"H";"HOTEL";"20";"36";"NCD";"NO PERTENECE A NINGUNA CADENA";"23/10/1989";"24/03/2014";"SIEMPRE ABIERTO";"De Lunes a Domingo"
"CV H00252 A";"A";"ALTA";"1";"1 ESTRELLA";"MARUJA";"03";"ALACANT";"065";"ELX/ELCHE";"EL BAIX VINALOPO";"03194";"LA MARINA POLÍGONO 0,    (PLAYA DEL PINET), 105"; ; ;"LA MARINA POLÍGONO 0,    (PLAYA DEL PINET)";"105";"info@hostalmaruja.com";"http://www.hostalmaruja.com";"HS";"HOSTAL";"HS";"HOSTAL";"21";"36";"NCD";"NO PERTENECE A NINGUNA CADENA";"28/09/1962"; ;"01/03 - 30/09";"De Lunes a Domingo"
"CV H00651 A";"A";"ALTA";"2";"2 ESTRELLAS";"MESEGUER";"03";"ALACANT";"065";"ELX/ELCHE";"EL BAIX VINALOPO";"03195";"AVENIDA CARTAGENA, 4";"AV";"AVENIDA";"CARTAGENA";"4";"info@hostalmeseguer.com";"http://www.hostalmeseguer.com";"HS";"HOSTAL";"SR";"HOSTAL-RESIDENCIA";"46";"78";"NCD";"NO PERTENECE A NINGUNA CADENA";"09/04/1969"; ;"SIEMPRE ABIERTO";"De Lunes a Domingo"
"CV H01115 A";"A";"ALTA";"2";"2 ESTRELLAS";"PENSIMAR";"03";"ALACANT";"065";"ELX/ELCHE";"EL BAIX VINALOPO";"03195";"CALLE JUAN GOSÁLBEZ LÓPEZ, 7";"C";"CALLE";"JUAN GOSÁLBEZ LÓPEZ";"7";"info@pensimar.com";"http://www.pensimar.com";"HS";"HOSTAL";"SR";"HOSTAL-RESIDENCIA";"21";"42";"NCD";"NO PERTENECE A NINGUNA CADENA";"14/01/1993"; ;"SIEMPRE ABIERTO";"De Lunes a Domingo"
"CV H01327 A";"A";"ALTA";"4";"4 ESTRELLAS";"PORT ELCHE";"03";"ALACANT";"065";"ELX/ELCHE";"EL BAIX VINALOPO";"03203";"CALLE MIGUEL SERVET, 25";"C";"CALLE";"MIGUEL SERVET";"25";"portelche@porthotels.es";"http://www.porthotels.com";"H";"HOTEL";"H";"HOTEL";"87";"176";"POR";"PORT HOTELS";"16/08/2006"; ;"SIEMPRE ABIERTO";"De Lunes a Domingo"
"CV H01206 A";"A";"ALTA";"4";"4 ESTRELLAS";"PORT JARDÍN MILENIO";"03";"ALACANT";"065";"ELX/ELCHE";"EL BAIX VINALOPO";"03203";"CALLE CURTIDORES, 17";"C";"CALLE";"CURTIDORES";"17";"jardinmilenio@porthotels.es";"https://www.porthotels.es/es/port-jardin-milenio.html";"H";"HOTEL";"H";"HOTEL";"70";"142";"POR";"PORT HOTELS";"12/09/2000"; ;"SIEMPRE ABIERTO";"De Lunes a Domingo"
"CV H00842 A";"B";"BAJA";"0";"PENSIÓN";"SEMPERE";"03";"ALACANT";"065";"ELX/ELCHE";"EL BAIX VINALOPO";"03320";"AVENIDA ILLICE, 46";"AV";"AVENIDA";"ILLICE";"46"; ; ;"P";"PENSIÓN";"P";"PENSIÓN";"6";"12";"NCD";"NO PERTENECE A NINGUNA CADENA";"22/08/1972";"26/05/2010";"SIEMPRE ABIERTO";"De Lunes a Domingo"
"CV H01594 A";"A";"ALTA"; ; ;"VELARDE";"03";"ALACANT";"065";"ELX/ELCHE";"EL BAIX VINALOPO";"03203";"CALLE VELARDE, 4";"C";"CALLE";"VELARDE";"4";"condestinoelche@gmail.com"; ;"P";"PENSIÓN"; ; ;"8";"16";"NCD";"NO PERTENECE A NINGUNA CADENA";"07/06/2022"; ;"SIEMPRE ABIERTO";"De Lunes a Domingo"
"CV H01288 A";"A";"ALTA";"3";"3 ESTRELLAS";"YIT CIUDAD DE ELCHE";"03";"ALACANT";"065";"ELX/ELCHE";"EL BAIX VINALOPO";"03206";"CALLE  PETRER, 37";"C";"CALLE";"PETRER";"37";"ciudaddeelche@yithoteles.com";"https://www.hotelciudaddeelche.com";"H";"HOTEL";"H";"HOTEL";"77";"154";"NCD";"NO PERTENECE A NINGUNA CADENA";"03/03/2004"; ;"SIEMPRE ABIERTO";"De Lunes a Domingo"
"CV H01290 A";"A";"ALTA";"4";"4 ESTRELLAS";"AC HOTEL ELDA";"03";"ALACANT";"066";"ELDA";"EL VINALOPO MITJA/EL VINALOPO";"03600";"AVENIDA CHAPÍ, 38  PLAZA DE LA FICIA";"AV";"AVENIDA";"CHAPÍ, 38  PLAZA DE LA FICIA"; ;"acelda@ac-hotels.com";"https://www.espanol.marriott.com/hotels/travel/alcea-ac-hotel-elda";"H";"HOTEL";"H";"HOTEL";"89";"140";"ACH";"AC HOTELES";"11/03/2004"; ;"SIEMPRE ABIERTO";"De Lunes a Domingo"
"CV H00984 A";"B";"BAJA";"0";"PENSIÓN";"ANA";"03";"ALACANT";"066";"ELDA";"EL VINALOPO MITJA/EL VINALOPO";"03600";"CALLE IGLESIAS, 2";"C";"CALLE";"IGLESIAS";"2"; ; ;"P";"PENSIÓN";"P";"PENSIÓN";"5";"8";"NCD";"NO PERTENECE A NINGUNA CADENA";"28/04/1977";"08/04/2004";"SIEMPRE ABIERTO";"De Lunes a Domingo"
"CV H01407 A";"A";"ALTA";"0";"PENSIÓN";"CARRIZO 3";"03";"ALACANT";"066";"ELDA";"EL VINALOPO MITJA/EL VINALOPO";"03600";"CALLE PRINCIPE DE ASTURIAS, 2-5ºA";"C";"CALLE";"PRINCIPE DE ASTURIAS";"2-5ºA"; ;"http://hostalcarrizo.com";"P";"PENSIÓN";"P";"PENSIÓN";"5";"7";"NCD";"NO PERTENECE A NINGUNA CADENA";"23/01/2013"; ;"SIEMPRE ABIERTO";"De Lunes a Domingo"
"CV H01343 A";"A";"ALTA";"0";"PENSIÓN";"CARRIZO II";"03";"ALACANT";"066";"ELDA";"EL VINALOPO MITJA/EL VINALOPO";"03600";"CALLE PEDRITO RICO, 54 2º A";"C";"CALLE";"PEDRITO RICO";"54 2º A"; ; ;"P";"PENSIÓN";"P";"PENSIÓN";"6";"12";"NCD";"NO PERTENECE A NINGUNA CADENA";"05/07/2007"; ;"SIEMPRE ABIERTO";"De Lunes a Domingo"
"CV H00755 A";"B";"BAJA";"2";"2 ESTRELLAS";"ELDA";"03";"ALACANT";"066";"ELDA";"EL VINALOPO MITJA/EL VINALOPO";"03600";"AVENIDA AV.DE CHAPI, 4";"AV";"AVENIDA";"AV.DE CHAPI";"4";"HRELDA@terra.es"; ;"H";"HOTEL";"H";"HOTEL";"37";"70";"NCD";"NO PERTENECE A NINGUNA CADENA";"08/07/1971";"30/09/2013";"SIEMPRE ABIERTO";"De Lunes a Domingo"
"CV H00693 A";"A";"ALTA";"1";"1 ESTRELLA";"SANTA ANA";"03";"ALACANT";"066";"ELDA";"EL VINALOPO MITJA/EL VINALOPO";"03600";"CALLE IGLESIA, 4";"C";"CALLE";"IGLESIA";"4";"hotelsantaana@hotmail.com"; ;"H";"HOTEL";"H";"HOTEL";"35";"54";"NCD";"NO PERTENECE A NINGUNA CADENA";"02/10/1969"; ;"SIEMPRE ABIERTO";"De Lunes a Domingo"
"CV H00687 A";"A";"ALTA";"3";"3 ESTRELLAS";"ALONE";"03";"ALACANT";"069";"FINESTRAT";"LA MARINA BAIXA";"03509";"AVENIDA MARINA BAIXA, 4";"AV";"AVENIDA";"MARINA BAIXA";"4";"medsur@teleline.es";"http://www.webic.com/medsur";"H";"HOTEL";"H";"HOTEL";"112";"224";"MSH";"MEDITERRANEO SUR HOTELES";"01/09/1969"; ;"SIEMPRE ABIERTO";"De Lunes a Domingo"
"CV H01659 A";"A";"ALTA";"2";"2 ESTRELLAS";"B&B BENIDORM FINESTRAT";"03";"ALACANT";"069";"FINESTRAT";"LA MARINA BAIXA";"03509";"CALLE REI JAUME I, 5 B";"C";"CALLE";"REI JAUME I";"5 B";"roberto.pascual@hotelbb.com";"http://www.hotel-bb.com/es/hotel/benidorm-finestrat";"H";"HOTEL"; ; ;"90";"180";"NCD";"NO PERTENECE A NINGUNA CADENA";"24/04/2024"; ;"SIEMPRE ABIERTO";"De Lunes a Domingo"
"CV H01151 A";"B";"BAJA";"0";"PENSIÓN";"EL RETIRO";"03";"ALACANT";"069";"FINESTRAT";"LA MARINA BAIXA";"03509";"RAMAL DE LOIX, 3"; ; ;"RAMAL DE LOIX";"3"; ; ;"P";"PENSIÓN";"P";"PENSIÓN";"8";"16";"NCD";"NO PERTENECE A NINGUNA CADENA";"06/11/1995";"07/11/2013";"15/03 - 31/10";"De Lunes a Domingo"
"CV H01305 A";"A";"ALTA";"4";"4 ESTRELLAS";"EVENTS HOTEL LA PLANTACION";"03";"ALACANT";"069";"FINESTRAT";"LA MARINA BAIXA";"03509";"PARTIDA ARENETES, 14";"PD";"PARTIDA";"ARENETES";"14";"reservas@laplantacion.com";"https://sites.google.com/view/hotel-la-plantacion/inicio";"H";"HOTEL";"H";"HOTEL";"7";"14";"NCD";"NO PERTENECE A NINGUNA CADENA";"14/01/2005"; ;"SIEMPRE ABIERTO";"De Lunes a Domingo"
"CV H01376 A";"A";"ALTA";"1";"1 ESTRELLA";"FINCA BLANCA";"03";"ALACANT";"069";"FINESTRAT";"LA MARINA BAIXA";"03509";"PARTIDA LA TAPIADA UMBRIA, 70";"PD";"PARTIDA";"LA TAPIADA UMBRIA";"70";"fincafabiola@outlook.es"; ;"H";"HOTEL";"H";"HOTEL";"6";"12";"NCD";"NO PERTENECE A NINGUNA CADENA";"15/01/2010"; ;"SIEMPRE ABIERTO";"De Lunes a Domingo"
"CV H00579 A";"A";"ALTA";"3";"3 ESTRELLAS";"LA CALA";"03";"ALACANT";"069";"FINESTRAT";"LA MARINA BAIXA";"03509";"AVENIDA MARINA BAIXA - LA CALA DE FINESTRAT, 10";"AV";"AVENIDA";"MARINA BAIXA - LA CALA DE FINESTRAT";"10";"reservas@hotel-lacala.com";"http://www.hotel-lacala.com";"H";"HOTEL";"H";"HOTEL";"40";"77";"NCD";"NO PERTENECE A NINGUNA CADENA";"07/08/1967"; ;"SIEMPRE ABIERTO";"De Lunes a Domingo"
"CV H01382 A";"B";"BAJA";"2";"2 ESTRELLAS";"LA MORENA";"03";"ALACANT";"069";"FINESTRAT";"LA MARINA BAIXA";"03509";"CARRETERA BENIDORM, KM. 8";"CR";"CARRETERA";"BENIDORM";"KM. 8";"tolo@lamorena.es"; ;"H";"HOTEL";"H";"HOTEL";"4";"8";"NCD";"NO PERTENECE A NINGUNA CADENA";"09/04/2010";"21/06/2011";"SIEMPRE ABIERTO";"De Lunes a Domingo"
"CV H01431 A";"B";"BAJA";"2";"2 ESTRELLAS";"LA MORENA";"03";"ALACANT";"069";"FINESTRAT";"LA MARINA BAIXA";"03509";"CARRETERA BENIDORM, KM. 8";"CR";"CARRETERA";"BENIDORM";"KM. 8"; ;"http://lamorena.es";"H";"HOTEL";"H";"HOTEL";"5";"10";"NCD";"NO PERTENECE A NINGUNA CADENA";"04/11/2015";"19/01/2023";"SIEMPRE ABIERTO";"De Lunes a Domingo"
"CV H01155 A";"B";"BAJA";"1";"1 ESTRELLA";"LAS MIMOSAS";"03";"ALACANT";"069";"FINESTRAT";"LA MARINA BAIXA";"03509";"AVENIDA LAS MIMOSAS, 1";"AV";"AVENIDA";"LAS MIMOSAS";"1"; ; ;"H";"HOTEL";"H";"HOTEL";"25";"54";"NCD";"NO PERTENECE A NINGUNA CADENA";"25/04/1996";"28/10/1996";"SIEMPRE ABIERTO";"De Lunes a Domingo"
"CV H00986 A";"B";"BAJA";"1";"1 ESTRELLA";"LLORCA";"03";"ALACANT";"069";"FINESTRAT";"LA MARINA BAIXA";"03509";"CALLE SAN JOSE, 000";"C";"CALLE";"SAN JOSE";"000"; ; ;"H";"HOTEL";"H";"HOTEL";"14";"25";"NCD";"NO PERTENECE A NINGUNA CADENA";"14/06/1977";"24/05/1994";"SIEMPRE ABIERTO";"De Lunes a Domingo"
"CV H00987 A";"B";"BAJA";"0";"PENSIÓN";"LOS MOLINOS";"03";"ALACANT";"069";"FINESTRAT";"LA MARINA BAIXA";"03509";"CALLE SAN VICENTE, 002";"C";"CALLE";"SAN VICENTE";"002"; ; ;"P";"PENSIÓN";"P";"PENSIÓN";"6";"10";"NCD";"NO PERTENECE A NINGUNA CADENA";"14/06/1977";"28/02/1996";"SIEMPRE ABIERTO";"De Lunes a Domingo"
"CV H00635 A";"B";"BAJA";"2";"2 ESTRELLAS";"MIMOSAS";"03";"ALACANT";"069";"FINESTRAT";"LA MARINA BAIXA";"03509";"LA CALA, S.N"; ; ;"LA CALA";"S.N"; ; ;"HS";"HOSTAL";"SR";"HOSTAL-RESIDENCIA";"24";"47";"NCD";"NO PERTENECE A NINGUNA CADENA";"06/11/1969";"01/02/1993";"01/04 - 15/10";"De Lunes a Domingo"
"CV H01494 A";"A";"ALTA";"3";"3 ESTRELLAS";"NATURE SUITES PUIG CAMPANA";"03";"ALACANT";"069";"FINESTRAT";"LA MARINA BAIXA";"03509";"PARTIDA DE LA ALHAMBRA, SECTOR, 16";"PD";"PARTIDA";"DE LA ALHAMBRA, SECTOR";"16";"reservas@naturesuiteshotel.com";"https://www.naturesuiteshotel.com";"H";"HOTEL"; ; ;"15";"30";"NCD";"NO PERTENECE A NINGUNA CADENA";"14/03/2019"; ;"SIEMPRE ABIERTO";"De Lunes a Domingo"
"CV H01182 A";"A";"ALTA";"3";"3 ESTRELLAS";"TROPIC";"03";"ALACANT";"069";"FINESTRAT";"LA MARINA BAIXA";"03509";"CALLE RELLEU, 11";"C";"CALLE";"RELLEU";"11";"medsur@teleline.es";"http://www.webic.com/medsur";"H";"HOTEL";"H";"HOTEL";"98";"196";"MSH";"MEDITERRANEO SUR HOTELES";"18/01/1999"; ;"SIEMPRE ABIERTO";"De Lunes a Domingo"
"CV H01653 A";"A";"ALTA";"2";"2 ESTRELLAS";"VILLA MORENA NATURE & EVENTS";"03";"ALACANT";"069";"FINESTRAT";"LA MARINA BAIXA";"03509";"PARTIDA RAVAL, 5";"PD";"PARTIDA";"RAVAL";"5";"info@hotelvillamorena.com";"http://hotelvillamorena.com";"H";"HOTEL";"H";"HOTEL";"5";"10";"NCD";"NO PERTENECE A NINGUNA CADENA";"25/01/2024"; ;"SIEMPRE ABIERTO";"De Lunes a Domingo"
"CV H01264 A";"A";"ALTA";"2";"2 ESTRELLAS";"LOS PALACIOS";"03";"ALACANT";"070";"FORMENTERA DEL SEGURA";"EL BAIX SEGURA/LA VEGA BAJA";"03179";"BARRIO ACEQUIA DEL RIO, 37";"B";"BARRIO";"ACEQUIA DEL RIO";"37"; ; ;"H";"HOTEL";"H";"HOTEL";"17";"31";"NCD";"NO PERTENECE A NINGUNA CADENA";"05/02/2003"; ;"SIEMPRE ABIERTO";"De Lunes a Domingo"
"CV H00770 A";"A";"ALTA";"1";"1 ESTRELLA";"AVENIDA";"03";"ALACANT";"071";"GATA DE GORGOS";"LA MARINA ALTA";"03740";"CALLE DR. MORATAL, 21";"C";"CALLE";"DR. MORATAL";"21";"nouavenida@hotelnouavenida.com";"http://www.hotelnouavenida.com";"H";"HOTEL";"H";"HOTEL";"16";"30";"NCD";"NO PERTENECE A NINGUNA CADENA";"26/02/1971"; ;"SIEMPRE ABIERTO";"De Lunes a Domingo"
"CV H00995 A";"B";"BAJA";"1";"1 ESTRELLA";"GERMANY";"03";"ALACANT";"071";"GATA DE GORGOS";"LA MARINA ALTA";"03740";"CARRETERA CTRA. NACIONAL 332 KM 160, 016";"CR";"CARRETERA";"CTRA. NACIONAL 332 KM 160";"016"; ; ;"HS";"HOSTAL";"SR";"HOSTAL-RESIDENCIA";"13";"19";"NCD";"NO PERTENECE A NINGUNA CADENA";"27/10/1977";"27/07/1993";"SIEMPRE ABIERTO";"De Lunes a Domingo"
"CV H01325 A";"A";"ALTA";"2";"2 ESTRELLAS";"NOU AVENIDA";"03";"ALACANT";"071";"GATA DE GORGOS";"LA MARINA ALTA";"03740";"CALLE DR. MORATAL, 31";"C";"CALLE";"DR. MORATAL";"31";"nouavenida@hotelnouavenida.com";"http://www.hotelnouavenida.com";"H";"HOTEL";"H";"HOTEL";"28";"56";"NCD";"NO PERTENECE A NINGUNA CADENA";"23/10/2006"; ;"SIEMPRE ABIERTO";"De Lunes a Domingo"
"CV H01174 A";"A";"ALTA";"2";"2 ESTRELLAS";"COSTA BLANCA";"03";"ALACANT";"074";"GRANJA DE ROCAMORA";"EL BAIX SEGURA/LA VEGA BAJA";"03348";"AVENIDA JUAN CARLOS I, S/N";"AV";"AVENIDA";"JUAN CARLOS I";"S/N";"costablanca@ofimac.es"; ;"H";"HOTEL";"H";"HOTEL";"24";"43";"NCD";"NO PERTENECE A NINGUNA CADENA";"30/07/1998"; ;"SIEMPRE ABIERTO";"De Lunes a Domingo"
"CV H01563 A";"B";"BAJA";"2";"2 ESTRELLAS";"JOSEFINA";"03";"ALACANT";"074";"GRANJA DE ROCAMORA";"EL BAIX SEGURA/LA VEGA BAJA";"03348";"CALLE EBRO, 1";"C";"CALLE";"EBRO";"1";"info@josberfuel.com"; ;"H";"HOTEL";"H";"HOTEL";"11";"21";"NCD";"NO PERTENECE A NINGUNA CADENA";"02/06/2021";"25/03/2022";"SIEMPRE ABIERTO";"De Lunes a Domingo"
"CV H01595 A";"A";"ALTA"; ; ;"JOSEFINA BED & BREAKFAST";"03";"ALACANT";"074";"GRANJA DE ROCAMORA";"EL BAIX SEGURA/LA VEGA BAJA";"03348";"CALLE RÍO EBRO, 1";"C";"CALLE";"RÍO EBRO";"1";"hotel@josberfuel.com";"https://hotel-josefina.negocio.site/";"P";"PENSIÓN"; ; ;"11";"21";"NCD";"NO PERTENECE A NINGUNA CADENA";"06/05/2022"; ;"SIEMPRE ABIERTO";"De Lunes a Domingo"
"CV H01366 A";"A";"ALTA";"3";"3 ESTRELLAS";"VERSALLES";"03";"ALACANT";"074";"GRANJA DE ROCAMORA";"EL BAIX SEGURA/LA VEGA BAJA";"03348";"AVENIDA JUAN CARLOS I, 105";"AV";"AVENIDA";"JUAN CARLOS I";"105"; ; ;"H";"HOTEL";"H";"HOTEL";"20";"32";"NCD";"NO PERTENECE A NINGUNA CADENA";"30/03/2009"; ; ; 
"CV H01608 A";"A";"ALTA"; ; ;"EL TOSSAL";"03";"ALACANT";"075";"EL CASTELL DE GUADALEST";"LA MARINA BAIXA";"03517";"CALLE AITANA, 5";"C";"CALLE";"AITANA";"5";"info@nmb.es/ info@casaruraleltossal.com";"http://alojamientorural.casa";"P";"PENSIÓN"; ; ;"8";"16";"NCD";"NO PERTENECE A NINGUNA CADENA";"22/09/2022"; ;"SIEMPRE ABIERTO";"De Lunes a Domingo"
"CV H00184 A";"B";"BAJA";"0";"PENSIÓN";"AVENIDA";"03";"ALACANT";"076";"GUARDAMAR DEL SEGURA";"EL BAIX SEGURA/LA VEGA BAJA";"03140";"PLAZA CONSTITUCION, 8";"PL";"PLAZA";"CONSTITUCION";"8"; ; ;"P";"PENSIÓN";"P";"PENSIÓN";"20";"30";"NCD";"NO PERTENECE A NINGUNA CADENA";"24/02/1962";"08/05/2000";"01/07 - 31/10";"De Lunes a Domingo"
"CV H00983 A";"B";"BAJA";"0";"PENSIÓN";"BELLA COSTA";"03";"ALACANT";"076";"GUARDAMAR DEL SEGURA";"EL BAIX SEGURA/LA VEGA BAJA";"03140";"CALLE LEPANTO, 12";"C";"CALLE";"LEPANTO";"12"; ; ;"P";"PENSIÓN";"P";"PENSIÓN";"16";"32";"NCD";"NO PERTENECE A NINGUNA CADENA";"28/04/1997";"08/05/2000";"01/07 - 30/09";"De Lunes a Domingo"
"CV H01462 A";"B";"BAJA";"0";"PENSIÓN";"CENTRO B&B";"03";"ALACANT";"076";"GUARDAMAR DEL SEGURA";"EL BAIX SEGURA/LA VEGA BAJA";"03140";"CALLE MIGUEL HERNÁNDEZ, 14";"C";"CALLE";"MIGUEL HERNÁNDEZ";"14";"info@centrobnbguardamar.com";"http://centrobnbguardamar.com";"P";"PENSIÓN"; ; ;"10";"18";"NCD";"NO PERTENECE A NINGUNA CADENA";"06/07/2017";"23/07/2024";"SIEMPRE ABIERTO";"De Lunes a Domingo"
"CV H00788 A";"B";"BAJA";"1";"1 ESTRELLA";"DELTAMAR";"03";"ALACANT";"076";"GUARDAMAR DEL SEGURA";"EL BAIX SEGURA/LA VEGA BAJA";"03140";"CALLE BLASCO IBAÑEZ, 006";"C";"CALLE";"BLASCO IBAÑEZ";"006"; ; ;"HS";"HOSTAL";"HS";"HOSTAL";"16";"28";"NCD";"NO PERTENECE A NINGUNA CADENA";"09/07/1971";"11/11/1997";"19/03 - 30/09";"De Lunes a Domingo"
"CV H01073 A";"A";"ALTA";"2";"2 ESTRELLAS";"EDEN MAR";"03";"ALACANT";"076";"GUARDAMAR DEL SEGURA";"EL BAIX SEGURA/LA VEGA BAJA";"03140";"CALLE MEDITERRANEO, 19";"C";"CALLE";"MEDITERRANEO";"19";"correo@hoteledenmar.com";"http://www.hoteledenmar.com";"H";"HOTEL";"H";"HOTEL";"37";"65";"NCD";"NO PERTENECE A NINGUNA CADENA";"10/09/1987"; ;"SIEMPRE ABIERTO";"De Lunes a Domingo"
"CV H00902 A";"A";"ALTA";"1";"1 ESTRELLA";"EUROPA";"03";"ALACANT";"076";"GUARDAMAR DEL SEGURA";"EL BAIX SEGURA/LA VEGA BAJA";"03140";"CALLE JACINTO BENAVENTE, 1";"C";"CALLE";"JACINTO BENAVENTE";"1"; ; ;"H";"HOTEL";"H";"HOTEL";"10";"20";"NCD";"NO PERTENECE A NINGUNA CADENA";"31/05/1974"; ;"01/03 - 15/10";"De Lunes a Domingo"
"CV H01079 A";"A";"ALTA";"2";"2 ESTRELLAS";"GUARDAMAR";"03";"ALACANT";"076";"GUARDAMAR DEL SEGURA";"EL BAIX SEGURA/LA VEGA BAJA";"03140";"CALLE PUERTO RICO, 11";"C";"CALLE";"PUERTO RICO";"11";"info@hotelguardamar.com";"http://www.hotelguardamar.com";"H";"HOTEL";"H";"HOTEL";"52";"99";"NCD";"NO PERTENECE A NINGUNA CADENA";"11/01/1988"; ;"SIEMPRE ABIERTO";"De Lunes a Domingo"
"CV H01025 A";"A";"ALTA";"0";"PENSIÓN";"JAEN ROOMS 1980";"03";"ALACANT";"076";"GUARDAMAR DEL SEGURA";"EL BAIX SEGURA/LA VEGA BAJA";"03140";"AVENIDA DEL PAÍS VALENCIANO, 49";"AV";"AVENIDA";"DEL PAÍS VALENCIANO";"49"; ; ;"P";"PENSIÓN";"P";"PENSIÓN";"15";"26";"NCD";"NO PERTENECE A NINGUNA CADENA";"23/03/1981"; ;"SIEMPRE ABIERTO";"De Lunes a Domingo"
"CV H01040 A";"B";"BAJA";"0";"PENSIÓN";"JUANICO";"03";"ALACANT";"076";"GUARDAMAR DEL SEGURA";"EL BAIX SEGURA/LA VEGA BAJA";"03140";"CALLE AUSIAS MARCH, 80";"C";"CALLE";"AUSIAS MARCH";"80"; ; ;"P";"PENSIÓN";"P";"PENSIÓN";"18";"29";"NCD";"NO PERTENECE A NINGUNA CADENA";"01/08/1984";"11/10/2001";"15/06 - 15/09";"De Lunes a Domingo"
"CV H00332 A";"B";"BAJA";"1";"1 ESTRELLA";"LAS DUNAS";"03";"ALACANT";"076";"GUARDAMAR DEL SEGURA";"EL BAIX SEGURA/LA VEGA BAJA";"03140";"AVENIDA INGENIERO MIRA, S.N";"AV";"AVENIDA";"INGENIERO MIRA";"S.N"; ; ;"H";"HOTEL";"H";"HOTEL";"51";"87";"NCD";"NO PERTENECE A NINGUNA CADENA";"22/02/1964";"05/05/2016";"01/06 - 30/09";"De Lunes a Domingo"
"CV H01039 A";"B";"BAJA";"1";"1 ESTRELLA";"LAS PALMERAS";"03";"ALACANT";"076";"GUARDAMAR DEL SEGURA";"EL BAIX SEGURA/LA VEGA BAJA";"03140";"CALLE AUSIAS MARCH, 132";"C";"CALLE";"AUSIAS MARCH";"132"; ; ;"HS";"HOSTAL";"SR";"HOSTAL-RESIDENCIA";"10";"19";"NCD";"NO PERTENECE A NINGUNA CADENA";"16/01/1983";"30/11/2006";"01/06 - 31/08";"De Lunes a Domingo"
"CV H01124 A";"A";"ALTA";"1";"1 ESTRELLA";"LEVANTE";"03";"ALACANT";"076";"GUARDAMAR DEL SEGURA";"EL BAIX SEGURA/LA VEGA BAJA";"03140";"AVENIDA LIBERTAD, 2";"AV";"AVENIDA";"LIBERTAD";"2";"info@hotellevante.es";"www.hotellevante.es";"H";"HOTEL";"H";"HOTEL";"32";"60";"NCD";"NO PERTENECE A NINGUNA CADENA";"16/09/1993"; ;"01/04 - 30/09";"De Lunes a Domingo"
"CV H01160 A";"B";"BAJA";"0";"PENSIÓN";"MADRID";"03";"ALACANT";"076";"GUARDAMAR DEL SEGURA";"EL BAIX SEGURA/LA VEGA BAJA";"03140";"CALLE MIGUEL HERNANDEZ, 14";"C";"CALLE";"MIGUEL HERNANDEZ";"14";"Cafemadridpension@hoo.co.uk"; ;"P";"PENSIÓN";"P";"PENSIÓN";"10";"18";"NCD";"NO PERTENECE A NINGUNA CADENA";"15/01/1997";"07/11/2013";"SIEMPRE ABIERTO";"De Lunes a Domingo"
"CV H00739 A";"B";"BAJA";"0";"PENSIÓN";"MARTINEZ, LOS";"03";"ALACANT";"076";"GUARDAMAR DEL SEGURA";"EL BAIX SEGURA/LA VEGA BAJA";"03140";"AUSIAS MARCH, 117"; ; ;"AUSIAS MARCH";"117"; ; ;"P";"PENSIÓN";"P";"PENSIÓN";"18";"22";"NCD";"NO PERTENECE A NINGUNA CADENA";"31/10/1970";"14/09/1999";"01/07 - 15/09";"De Lunes a Domingo"
"CV H01096 A";"A";"ALTA";"2";"2 ESTRELLAS";"MEDITERRANEO";"03";"ALACANT";"076";"GUARDAMAR DEL SEGURA";"EL BAIX SEGURA/LA VEGA BAJA";"03140";"CALLE CARTAGENA, 26";"C";"CALLE";"CARTAGENA";"26";"info@hotelmediterraneo.es";"http://www.hotelmediterraneo.es";"H";"HOTEL";"H";"HOTEL";"30";"52";"NCD";"NO PERTENECE A NINGUNA CADENA";"29/07/1991"; ;"SIEMPRE ABIERTO";"De Lunes a Domingo"
"CV H00907 A";"A";"ALTA";"4";"4 ESTRELLAS";"MERIDIONAL";"03";"ALACANT";"076";"GUARDAMAR DEL SEGURA";"EL BAIX SEGURA/LA VEGA BAJA";"03140";"AVENIDA LLIBERTAT, 64";"AV";"AVENIDA";"LLIBERTAT";"64";"info@hotelmeridional.es";"http://www.hotelmeridional.es";"H";"HOTEL";"H";"HOTEL";"51";"108";"NCD";"NO PERTENECE A NINGUNA CADENA";"19/09/1974"; ;"SIEMPRE ABIERTO";"De Lunes a Domingo"
"CV H00567 A";"B";"BAJA";"1";"1 ESTRELLA";"OASIS";"03";"ALACANT";"076";"GUARDAMAR DEL SEGURA";"EL BAIX SEGURA/LA VEGA BAJA";"03140";"AVENIDA EUROPA, 33";"AV";"AVENIDA";"EUROPA";"33"; ; ;"H";"HOTEL";"H";"HOTEL";"40";"70";"NCD";"NO PERTENECE A NINGUNA CADENA";"15/03/1967";"13/09/2005";"01/04 - 31/10";"De Lunes a Domingo"
"CV H00935 A";"B";"BAJA";"0";"PENSIÓN";"PARIS";"03";"ALACANT";"076";"GUARDAMAR DEL SEGURA";"EL BAIX SEGURA/LA VEGA BAJA";"03140";"CALLE JOSE ANTONIO LARRAMENDI, 35";"C";"CALLE";"JOSE ANTONIO LARRAMENDI";"35"; ; ;"P";"PENSIÓN";"P";"PENSIÓN";"5";"5";"NCD";"NO PERTENECE A NINGUNA CADENA";"17/03/1975";"22/05/2000";"01/07 - 31/08";"De Lunes a Domingo"
"CV H01183 A";"A";"ALTA";"3";"3 ESTRELLAS";"PARQUEMAR";"03";"ALACANT";"076";"GUARDAMAR DEL SEGURA";"EL BAIX SEGURA/LA VEGA BAJA";"03140";"CALLE GABRIEL MIRÓ, S/N.";"C";"CALLE";"GABRIEL MIRÓ";"S/N.";"gestion@neofranquicias.com";"http://www.parquemarhotel.com";"H";"HOTEL";"H";"HOTEL";"58";"129";"NCD";"NO PERTENECE A NINGUNA CADENA";"26/01/1999"; ;"SIEMPRE ABIERTO";"De Lunes a Domingo"
"CV H00904 A";"A";"ALTA";"3";"3 ESTRELLAS";"PLAYAS DE GUARDAMAR";"03";"ALACANT";"076";"GUARDAMAR DEL SEGURA";"EL BAIX SEGURA/LA VEGA BAJA";"03140";"CALLE GRECIA - PLAYA DE MONCAYO, 1";"C";"CALLE";"GRECIA - PLAYA DE MONCAYO";"1";"reservas@hotelesposeidon.com";"http://www.hotelesposeidon.com";"H";"HOTEL";"H";"HOTEL";"502";"1024";"POS";"HOTELES POSEIDÓN";"11/06/1974"; ;"SIEMPRE ABIERTO";"De Lunes a Domingo"
"CV H00437 A";"B";"BAJA";"1";"1 ESTRELLA";"QUINO";"03";"ALACANT";"076";"GUARDAMAR DEL SEGURA";"EL BAIX SEGURA/LA VEGA BAJA";"03140";"CALLE GENERAL SAN JURJO, 85, 008";"C";"CALLE";"GENERAL SAN JURJO, 85";"008"; ; ;"HS";"HOSTAL";"HS";"HOSTAL";"26";"38";"NCD";"NO PERTENECE A NINGUNA CADENA";"15/06/1972";"26/01/1996";"15/07 - 25/08";"De Lunes a Domingo"
"CV H01127 A";"A";"ALTA";"2";"2 ESTRELLAS";"QUINO II";"03";"ALACANT";"076";"GUARDAMAR DEL SEGURA";"EL BAIX SEGURA/LA VEGA BAJA";"03140";"CALLE LUIS RIVERA, 94";"C";"CALLE";"LUIS RIVERA";"94";"hotelquino@teleline.es";"http://www.hotel-quino.com";"H";"HOTEL";"H";"HOTEL";"35";"66";"NCD";"NO PERTENECE A NINGUNA CADENA";"09/11/1993"; ;"SIEMPRE ABIERTO";"De Lunes a Domingo"
"CV H00384 A";"B";"BAJA";"0";"PENSIÓN";"SAN ANTONIO";"03";"ALACANT";"076";"GUARDAMAR DEL SEGURA";"EL BAIX SEGURA/LA VEGA BAJA";"03140";"CALLE SAN ANTONIO, 000";"C";"CALLE";"SAN ANTONIO";"000"; ; ;"P";"PENSIÓN";"P";"PENSIÓN";"12";"14";"NCD";"NO PERTENECE A NINGUNA CADENA";"22/04/1964";"15/10/1992";"01/04 - 15/10";"De Lunes a Domingo"
"CV H01080 A";"A";"ALTA";"0";"PENSIÓN";"TRINIDAD";"03";"ALACANT";"076";"GUARDAMAR DEL SEGURA";"EL BAIX SEGURA/LA VEGA BAJA";"03140";"CALLE CREVILLENTE, 18";"C";"CALLE";"CREVILLENTE";"18";"trinidadsoledad@gmail.com"; ;"P";"PENSIÓN";"P";"PENSIÓN";"21";"38";"NCD";"NO PERTENECE A NINGUNA CADENA";"01/09/1987"; ;"01/04 - 30/09";"De Lunes a Domingo"
"CV H00244 A";"B";"BAJA";"0";"PENSIÓN";"VALENTI PLAYA";"03";"ALACANT";"076";"GUARDAMAR DEL SEGURA";"EL BAIX SEGURA/LA VEGA BAJA";"03140";"AVENIDA AVDA. DE EUROPA, 4";"AV";"AVENIDA";"AVDA. DE EUROPA";"4"; ; ;"P";"PENSIÓN";"P";"PENSIÓN";"10";"14";"NCD";"NO PERTENECE A NINGUNA CADENA";"04/10/1967";"22/12/2011";"30/06 - 15/09";"De Lunes a Domingo"
"CV H00659 A";"B";"BAJA";"0";"PENSIÓN";"VENECIA";"03";"ALACANT";"076";"GUARDAMAR DEL SEGURA";"EL BAIX SEGURA/LA VEGA BAJA";"03140";"CALLE DR. RIVERA, 43";"C";"CALLE";"DR. RIVERA";"43"; ; ;"P";"PENSIÓN";"P";"PENSIÓN";"14";"26";"NCD";"NO PERTENECE A NINGUNA CADENA";"18/04/1969";"03/02/1999";"01/07 - 30/09";"De Lunes a Domingo"
"CV H01370 A";"A";"ALTA";"1";"1 ESTRELLA";"CAMARINA";"03";"ALACANT";"078";"HONDÓN DE LOS FRAILES";"EL VINALOPO MITJA/EL VINALOPO";"03689";"AVENIDA CONSTITUCIÓN, 18";"AV";"AVENIDA";"CONSTITUCIÓN";"18"; ; ;"HS";"HOSTAL";"HS";"HOSTAL";"10";"18";"NCD";"NO PERTENECE A NINGUNA CADENA";"23/07/2009"; ;"SIEMPRE ABIERTO";"De Lunes a Domingo"
"CV H01367 A";"A";"ALTA";"3";"3 ESTRELLAS";"IBI";"03";"ALACANT";"079";"IBI";"L'ALCOIA";"03440";"AVENIDA DE LA INDUSTRIA, S/N";"AV";"AVENIDA";"DE LA INDUSTRIA";"S/N";"info@hotelibi.es";"www.hotelibi.es";"H";"HOTEL";"H";"HOTEL";"29";"55";"NCD";"NO PERTENECE A NINGUNA CADENA";"29/05/2009"; ;"SIEMPRE ABIERTO";"De Lunes a Domingo"
"CV H00868 A";"B";"BAJA";"0";"PENSIÓN";"LOS GRANADINOS";"03";"ALACANT";"079";"IBI";"L'ALCOIA";"03440";"CALLE SAN VICENTE, 14";"C";"CALLE";"SAN VICENTE";"14"; ; ;"P";"PENSIÓN";"P";"PENSIÓN";"4";"7";"NCD";"NO PERTENECE A NINGUNA CADENA";"27/02/1973";"28/04/2006";"SIEMPRE ABIERTO";"De Lunes a Domingo"
"CV H00559 A";"A";"ALTA";"2";"2 ESTRELLAS";"PLATA";"03";"ALACANT";"079";"IBI";"L'ALCOIA";"03440";"CALLE SAN ROQUE, 1";"C";"CALLE";"SAN ROQUE";"1";"info@hotel-plata.com";"http://www.hotel-plata.com";"H";"HOTEL";"H";"HOTEL";"30";"39";"NCD";"NO PERTENECE A NINGUNA CADENA";"10/12/1966"; ;"SIEMPRE ABIERTO";"De Lunes a Domingo"
"CV H01154 A";"B";"BAJA";"0";"PENSIÓN";"LA FORTALEZA";"03";"ALACANT";"080";"JACARILLA";"EL BAIX SEGURA/LA VEGA BAJA";"03310";"CARRETERA BIGASTRO-TORREVIEJA, KM., 12,";"CR";"CARRETERA";"BIGASTRO-TORREVIEJA, KM.";"12,"; ; ;"P";"PENSIÓN";"P";"PENSIÓN";"15";"32";"NCD";"NO PERTENECE A NINGUNA CADENA";"14/03/1996";"28/02/2007";"SIEMPRE ABIERTO";"De Lunes a Domingo"
"CV H01550 A";"A";"ALTA"; ; ;"CASA CON DESTINO";"03";"ALACANT";"081";"XALÓ";"LA MARINA ALTA";"03727";"CALLE CANONGE PEDRO MAURI, 40";"C";"CALLE";"CANONGE PEDRO MAURI";"40";"casacondestino@gmail.com"; ;"P";"PENSIÓN"; ; ;"3";"6";"NCD";"NO PERTENECE A NINGUNA CADENA";"28/10/2020"; ;"01/01 - 30/11";"De Lunes a Domingo"
"CV H01584 A";"A";"ALTA";"3";"3 ESTRELLAS";"CASERIO DEL MIRADOR";"03";"ALACANT";"081";"XALÓ";"LA MARINA ALTA";"03727";"PARTIDA LES "MURTES" CAMINO BARRANCO MURTAS, 13";"PD";"PARTIDA";"LES "MURTES" CAMINO BARRANCO MURTAS";"13";"sarah@caseriodelmirador.com";"http://caseriodelmirador.com";"H";"HOTEL";"HA";"HOTEL-APARTAMENTO";"7";"20";"NCD";"NO PERTENECE A NINGUNA CADENA";"25/01/2022"; ;"SIEMPRE ABIERTO";"De Lunes a Domingo"
"CV H01044 A";"B";"BAJA";"1";"1 ESTRELLA";"QUATRE CANTONS";"03";"ALACANT";"081";"XALÓ";"LA MARINA ALTA";"03727";"CALLE SAN JUDAS 28, 002";"C";"CALLE";"SAN JUDAS 28";"002"; ; ;"HS";"HOSTAL";"SR";"HOSTAL-RESIDENCIA";"6";"12";"NCD";"NO PERTENECE A NINGUNA CADENA";"15/12/1983";"25/01/1994";"SIEMPRE ABIERTO";"De Lunes a Domingo"
"CV H01224 A";"A";"ALTA";"4";"4 ESTRELLAS";"APARTHOTEL PINOSOL";"03";"ALACANT";"082";"XÀBIA/JÁVEA";"LA MARINA ALTA";"03730";"TRAVESSERA DE LES CANSALADES, 150"; ; ;"TRAVESSERA DE LES CANSALADES";"150";"btb-pinosol@btb.es";"https://www.hotelpinosoljavea.es";"H";"HOTEL";"HA";"HOTEL-APARTAMENTO";"75";"168";"NCD";"NO PERTENECE A NINGUNA CADENA";"18/09/2001"; ;"SIEMPRE ABIERTO";"De Lunes a Domingo"
"CV H01775 A";"A";"ALTA";"0";"PENSIÓN";"B&B BOTANICO";"03";"ALACANT";"082";"XÀBIA/JÁVEA";"LA MARINA ALTA";"03730";"AVENIDA MEDITERRANEO, 60";"AV";"AVENIDA";"MEDITERRANEO";"60";"botanciobeautyjavea@gmail.com";"http://www.botanicobeauty.com";"P";"PENSIÓN"; ; ;"6";"12";"NCD";"NO PERTENECE A NINGUNA CADENA";"14/01/2026"; ;"SIEMPRE ABIERTO";"De Lunes a Domingo"
"CV H00463 A";"B";"BAJA";"2";"2 ESTRELLAS";"BAHIA VISTA";"03";"ALACANT";"082";"XÀBIA/JÁVEA";"LA MARINA ALTA";"03730";"PARTIDA PDA. PORTICHOL, 76";"PD";"PARTIDA";"PDA. PORTICHOL";"76"; ; ;"H";"HOTEL";"H";"HOTEL";"17";"28";"NCD";"NO PERTENECE A NINGUNA CADENA";"03/09/1987";"22/12/1997";"SIEMPRE ABIERTO";"De Lunes a Domingo"
"CV H01313 A";"A";"ALTA";"1";"1 ESTRELLA";"BALCÓN AL MAR";"03";"ALACANT";"082";"XÀBIA/JÁVEA";"LA MARINA ALTA";"03730";"CARRETERA CABO LA NAO, 65";"CR";"CARRETERA";"CABO LA NAO";"65";"hostalbalconalmar@hotmail.es";"http://hostalbam.com/";"HS";"HOSTAL";"SR";"HOSTAL-RESIDENCIA";"11";"22";"NCD";"NO PERTENECE A NINGUNA CADENA";"13/09/2005"; ;"01/03 - 30/09";"De Lunes a Domingo"
"CV H01607 A";"A";"ALTA"; ; ;"BLANCA BIKES";"03";"ALACANT";"082";"XÀBIA/JÁVEA";"LA MARINA ALTA";"03730";"CALLE ROQUES, 29";"C";"CALLE";"ROQUES";"29";"info@blancabikes.com";"http://blancabikes.com";"HS";"HOSTAL"; ; ;"4";"8";"NCD";"NO PERTENECE A NINGUNA CADENA";"16/09/2022"; ;"SIEMPRE ABIERTO";"De Lunes a Domingo"
"CV H01547 A";"B";"BAJA";"3";"3 ESTRELLAS";"BOUTIQUE HOTEL LA CASITA";"03";"ALACANT";"082";"XÀBIA/JÁVEA";"LA MARINA ALTA";"03730";"CALLE HENRI MATISSE, 4";"C";"CALLE";"HENRI MATISSE";"4";"welcome@boutique-hotel-lacasita.com";"http://boutique-hotel-lacasita.com";"H";"HOTEL";"HA";"HOTEL-APARTAMENTO";"16";"40";"NCD";"NO PERTENECE A NINGUNA CADENA";"06/10/2020";"30/03/2022";"SIEMPRE ABIERTO";"De Lunes a Domingo"
"CV H00853 A";"A";"ALTA";"1";"1 ESTRELLA";"CARRIO";"03";"ALACANT";"082";"XÀBIA/JÁVEA";"LA MARINA ALTA";"03730";"CALLE VIRGEN DE LOS ANGELES, 31";"C";"CALLE";"VIRGEN DE LOS ANGELES";"31"; ; ;"HS";"HOSTAL";"SR";"HOSTAL-RESIDENCIA";"5";"10";"NCD";"NO PERTENECE A NINGUNA CADENA";"02/10/1972"; ;"SIEMPRE ABIERTO";"De Lunes a Domingo"
"CV H01618 A";"A";"ALTA";"3";"3 ESTRELLAS";"CASA LILI";"03";"ALACANT";"082";"XÀBIA/JÁVEA";"LA MARINA ALTA";"03730";"CARRETERA DEL PORTITXOL, 96";"CR";"CARRETERA";"DEL PORTITXOL";"96";"javea@casalili.es";"http://casalili.es";"H";"HOTEL";"H";"HOTEL";"13";"26";"NCD";"NO PERTENECE A NINGUNA CADENA";"30/03/2023"; ;"SIEMPRE ABIERTO";"De Lunes a Domingo"
"CV H01778 A";"A";"ALTA";"0";"PENSIÓN";"CASA TIO TONY";"03";"ALACANT";"082";"XÀBIA/JÁVEA";"LA MARINA ALTA";"03730";"URBANIZACIÓN BALCON AL MAR, 8 (A) PL 0";"UR";"URBANIZACIÓN";"BALCON AL MAR";"8 (A) PL 0";"ciudaddevalenciagestion@gmail.com"; ;"HS";"HOSTAL"; ; ;"2";"4";"NCD";"NO PERTENECE A NINGUNA CADENA";"27/01/2026"; ;"SIEMPRE ABIERTO";"De Lunes a Domingo"
"CV H00341 A";"B";"BAJA";"0";"PENSIÓN";"CASTELL";"03";"ALACANT";"082";"XÀBIA/JÁVEA";"LA MARINA ALTA";"03730";"CALLE PIO X, 7";"C";"CALLE";"PIO X";"7"; ; ;"P";"PENSIÓN";"P";"PENSIÓN";"4";"6";"NCD";"NO PERTENECE A NINGUNA CADENA";"10/04/1963";"01/06/1999";"SIEMPRE ABIERTO";"De Lunes a Domingo"
"CV H00681 A";"A";"ALTA";"1";"1 ESTRELLA";"COSTAMAR";"03";"ALACANT";"082";"XÀBIA/JÁVEA";"LA MARINA ALTA";"03730";"CALLE CALETA, 4";"C";"CALLE";"CALETA";"4";"reservas@hotelcostamar.info";"http://www.hotelcostamar.info";"HS";"HOSTAL";"HS";"HOSTAL";"14";"24";"NCD";"NO PERTENECE A NINGUNA CADENA";"20/06/1969"; ;"SIEMPRE ABIERTO";"De Lunes a Domingo"
"CV H01215 A";"B";"BAJA";"1";"1 ESTRELLA";"DEL GOLF";"03";"ALACANT";"082";"XÀBIA/JÁVEA";"LA MARINA ALTA";"03730";"CARRETERA BENITACHELL-JÁVEA, KM. 8";"CR";"CARRETERA";"BENITACHELL-JÁVEA";"KM. 8"; ; ;"H";"HOTEL";"H";"HOTEL";"7";"14";"NCD";"NO PERTENECE A NINGUNA CADENA";"25/04/2001";"19/06/2006";"SIEMPRE ABIERTO";"De Lunes a Domingo"
"CV H01636 A";"A";"ALTA";"4";"4 ESTRELLAS";"DIONIS BOUTIQUE HOTEL & SPA";"03";"ALACANT";"082";"XÀBIA/JÁVEA";"LA MARINA ALTA";"03730";"CALLE GEORGE DE LA TOUR, 2";"C";"CALLE";"GEORGE DE LA TOUR";"2";"info@dionishotel.com";"http://dionishotel.com";"H";"HOTEL";"H";"HOTEL";"12";"24";"NCD";"NO PERTENECE A NINGUNA CADENA";"02/11/2023"; ;"SIEMPRE ABIERTO";"De Lunes a Domingo"
"CV H01126 A";"B";"BAJA";"4";"4 ESTRELLAS";"EL RODAT";"03";"ALACANT";"082";"XÀBIA/JÁVEA";"LA MARINA ALTA";"03730";"CARRETERA CABO LA NAO - C/LA MURCIANA";"CR";"CARRETERA";"CABO LA NAO - C/LA MURCIANA"; ; ; ;"H";"HOTEL";"HA";"HOTEL-APARTAMENTO";"20";"80";"NCD";"NO PERTENECE A NINGUNA CADENA";"26/11/1993";"03/03/2000";"SIEMPRE ABIERTO";"De Lunes a Domingo"
"CV H01200 A";"B";"BAJA";"4";"4 ESTRELLAS";"EL RODAT VILLAGE & SPA";"03";"ALACANT";"082";"XÀBIA/JÁVEA";"LA MARINA ALTA";"03730";"CARRETERA CABO LA NAO, C/ LA MURCIANA, 9";"CR";"CARRETERA";"CABO LA NAO, C/ LA MURCIANA";"9";"info@elrodat.com";"http://www.elrodat.com";"H";"HOTEL";"H";"HOTEL";"41";"84";"NCD";"NO PERTENECE A NINGUNA CADENA";"05/04/2000";"09/04/2021";"SIEMPRE ABIERTO";"De Lunes a Domingo"
"CV H01464 A";"A";"ALTA"; ; ;"ESTRELLA LODGE";"03";"ALACANT";"082";"XÀBIA/JÁVEA";"LA MARINA ALTA";"03730";"CARRETERA JESUS POBRE, 181";"CR";"CARRETERA";"JESUS POBRE";"181";"enquines@estrellalodge.com";"http://estrellalodge.com";"P";"PENSIÓN"; ; ;"5";"12";"NCD";"NO PERTENECE A NINGUNA CADENA";"24/07/2017"; ;"SIEMPRE ABIERTO";"De Lunes a Domingo"
"CV H01087 A";"B";"BAJA";"0";"PENSIÓN";"FONDA DEL MAR";"03";"ALACANT";"082";"XÀBIA/JÁVEA";"LA MARINA ALTA";"03730";"CALLE CRISTO DEL MAR, 12";"C";"CALLE";"CRISTO DEL MAR";"12"; ; ;"P";"PENSIÓN";"P";"PENSIÓN";"12";"18";"NCD";"NO PERTENECE A NINGUNA CADENA";"10/08/1988";"14/05/1999";"SIEMPRE ABIERTO";"De Lunes a Domingo"
"CV H00188 A";"A";"ALTA";"2";"2 ESTRELLAS";"JAVEA";"03";"ALACANT";"082";"XÀBIA/JÁVEA";"LA MARINA ALTA";"03730";"CALLE PIO X, 5";"C";"CALLE";"PIO X";"5";"info@hotel-javea.com";"http://www.hotel-javea.com";"H";"HOTEL";"H";"HOTEL";"24";"40";"NCD";"NO PERTENECE A NINGUNA CADENA";"09/01/1970"; ;"SIEMPRE ABIERTO";"De Lunes a Domingo"
"CV H01394 A";"A";"ALTA";"0";"PENSIÓN";"LA FAVORITA";"03";"ALACANT";"082";"XÀBIA/JÁVEA";"LA MARINA ALTA";"03730";"CALLE MAGALLANES, 4";"C";"CALLE";"MAGALLANES";"4";"info@pensionlafavorita.com";"http://pensionlafavorita.com";"P";"PENSIÓN";"P";"PENSIÓN";"11";"24";"NCD";"NO PERTENECE A NINGUNA CADENA";"04/04/2011"; ;"01/03 - 30/11";"De Lunes a Domingo"
"CV H00856 A";"B";"BAJA";"0";"PENSIÓN";"LA FAVORITA";"03";"ALACANT";"082";"XÀBIA/JÁVEA";"LA MARINA ALTA";"03730";"CALLE MAGALLANES, 4";"C";"CALLE";"MAGALLANES";"4"; ; ;"P";"PENSIÓN";"P";"PENSIÓN";"14";"28";"NCD";"NO PERTENECE A NINGUNA CADENA";"14/11/1972";"26/12/2007";"01/03 - 30/11";"De Lunes a Domingo"
"CV H01123 A";"B";"BAJA";"0";"PENSIÓN";"LA MARINA";"03";"ALACANT";"082";"XÀBIA/JÁVEA";"LA MARINA ALTA";"03730";"AVENIDA MARINA ESPAÑOLA, 8";"AV";"AVENIDA";"MARINA ESPAÑOLA";"8"; ; ;"P";"PENSIÓN";"P";"PENSIÓN";"7";"14";"NCD";"NO PERTENECE A NINGUNA CADENA";"06/09/1993";"06/02/2023";"07/01 - 30/11";"De Lunes a Domingo"
"CV H01162 A";"B";"BAJA";"0";"PENSIÓN";"LEVANTE";"03";"ALACANT";"082";"XÀBIA/JÁVEA";"LA MARINA ALTA";"03730";"CALLE MAESTRO ALONSO, 5";"C";"CALLE";"MAESTRO ALONSO";"5";"info@levante-javea.com"; ;"P";"PENSIÓN";"P";"PENSIÓN";"17";"31";"NCD";"NO PERTENECE A NINGUNA CADENA";"10/02/1997";"29/05/2009";"01/04 - 30/09";"De Lunes a Domingo"
"CV H00267 A";"B";"BAJA";"0";"PENSIÓN";"MEZQUIDA";"03";"ALACANT";"082";"XÀBIA/JÁVEA";"LA MARINA ALTA";"03730";"CARRETERA CRISTO DEL MAR, 001";"CR";"CARRETERA";"CRISTO DEL MAR";"001"; ; ;"P";"PENSIÓN";"P";"PENSIÓN";"15";"19";"NCD";"NO PERTENECE A NINGUNA CADENA";"08/10/1962";"12/11/1992";"SIEMPRE ABIERTO";"De Lunes a Domingo"
"CV H00343 A";"B";"BAJA";"0";"PENSIÓN";"MORATO";"03";"ALACANT";"082";"XÀBIA/JÁVEA";"LA MARINA ALTA";"03730";"CALLE CASAS NUEVAS, S.N";"C";"CALLE";"CASAS NUEVAS";"S.N"; ; ;"P";"PENSIÓN";"P";"PENSIÓN";"9";"10";"NCD";"NO PERTENECE A NINGUNA CADENA";"07/07/1965";"26/01/1995";"01/06 - 01/10";"De Lunes a Domingo"
"CV H01652 A";"A";"ALTA";"4";"4 ESTRELLAS";"Mi AlmaZara";"03";"ALACANT";"082";"XÀBIA/JÁVEA";"LA MARINA ALTA";"03730";"CARRETERA JESÚS POBRE, 161-163";"CR";"CARRETERA";"JESÚS POBRE";"161-163";"erarauz@mialmazarahotel.com";"http://mialmazarahotel.com";"H";"HOTEL";"H";"HOTEL";"14";"28";"NCD";"NO PERTENECE A NINGUNA CADENA";"12/03/2024"; ;"SIEMPRE ABIERTO";"De Lunes a Domingo"
"CV H01535 A";"A";"ALTA";"4";"4 ESTRELLAS";"NOMAD HOTEL - XÀBIA PORT";"03";"ALACANT";"082";"XÀBIA/JÁVEA";"LA MARINA ALTA";"03730";"AVENIDA MARINA ESPAÑOLA, 8-9";"AV";"AVENIDA";"MARINA ESPAÑOLA";"8-9";"hola@nomadhotelcollection.com";"http://www.nomadhotelcollection.com";"H";"HOTEL"; ; ;"14";"40";"NCD";"NO PERTENECE A NINGUNA CADENA";"16/06/2020"; ;"SIEMPRE ABIERTO";"De Lunes a Domingo"
"CV H00344 A";"B";"BAJA";"0";"PENSIÓN";"PACHANCA";"03";"ALACANT";"082";"XÀBIA/JÁVEA";"LA MARINA ALTA";"03730";"CALLE CRISTO DEL MAR, 6";"C";"CALLE";"CRISTO DEL MAR";"6"; ; ;"P";"PENSIÓN";"P";"PENSIÓN";"6";"12";"NCD";"NO PERTENECE A NINGUNA CADENA";"04/11/1966";"01/06/1999";"SIEMPRE ABIERTO";"De Lunes a Domingo"
"CV H09901 A";"A";"ALTA";"4";"4 ESTRELLAS";"PARADOR DE TURISMO DE JÁVEA";"03";"ALACANT";"082";"XÀBIA/JÁVEA";"LA MARINA ALTA";"03730";"AVENIDA MEDITERRANEO, 7";"AV";"AVENIDA";"MEDITERRANEO";"7";"javea@parador.es";"http://www.parador.es";"H";"HOTEL";"H";"HOTEL";"69";"140";"RED";"PARADORES DE TURISMO DE ESPAÑA";"07/02/1966"; ;"SIEMPRE ABIERTO";"De Lunes a Domingo"
"CV H01225 A";"B";"BAJA";"1";"1 ESTRELLA";"PLÀ";"03";"ALACANT";"082";"XÀBIA/JÁVEA";"LA MARINA ALTA";"03730";"AVENIDA DEL PLÁ, 144";"AV";"AVENIDA";"DEL PLÁ";"144";"info@hotel-pla.com";"http://www.hotel-pla.com";"H";"HOTEL";"H";"HOTEL";"8";"16";"NCD";"NO PERTENECE A NINGUNA CADENA";"11/10/2001";"14/02/2006";"SIEMPRE ABIERTO";"De Lunes a Domingo"
"CV H00908 A";"B";"BAJA";"0";"PENSIÓN";"PORTICHOL";"03";"ALACANT";"082";"XÀBIA/JÁVEA";"LA MARINA ALTA";"03730";"CALLE PORTICHOL, 157";"C";"CALLE";"PORTICHOL";"157"; ; ;"P";"PENSIÓN";"P";"PENSIÓN";"12";"23";"NCD";"NO PERTENECE A NINGUNA CADENA";"24/07/1974";"30/12/2003";"01/04 - 30/09";"De Lunes a Domingo"
"CV H01571 A";"B";"BAJA";"4";"4 ESTRELLAS";"RITUAL DE TERRA HOTEL AND SPA";"03";"ALACANT";"082";"XÀBIA/JÁVEA";"LA MARINA ALTA";"03730";"CALLE LA MURCIANA, 9";"C";"CALLE";"LA MURCIANA";"9";"hola@ritualdeterra.com";"http://ritualdeterra.com";"H";"HOTEL";"H";"HOTEL";"41";"84";"NCD";"NO PERTENECE A NINGUNA CADENA";"16/07/2021";"12/12/2023";"SIEMPRE ABIERTO";"De Lunes a Domingo"
"CV H01658 A";"A";"ALTA";"4";"4 ESTRELLAS";"RITUAL DE TERRA JÁVEA";"03";"ALACANT";"082";"XÀBIA/JÁVEA";"LA MARINA ALTA";"03730";"CALLE LA MURCIANA, 15";"C";"CALLE";"LA MURCIANA";"15";"hola@ritualdeterra.com";"http://ritualdeterra.com";"H";"HOTEL"; ; ;"41";"84";"NCD";"NO PERTENECE A NINGUNA CADENA";"22/04/2024"; ;"SIEMPRE ABIERTO";"De Lunes a Domingo"
"CV H01229 A";"A";"ALTA";"1";"1 ESTRELLA";"ROIG 53";"03";"ALACANT";"082";"XÀBIA/JÁVEA";"LA MARINA ALTA";"03730";"CARRETERA CABO LA NAO, PLA 24";"CR";"CARRETERA";"CABO LA NAO";"PLA 24";"info@hostalroig53.com";"hostalroig53.com";"HS";"HOSTAL";"SR";"HOSTAL-RESIDENCIA";"14";"29";"NCD";"NO PERTENECE A NINGUNA CADENA";"05/12/2001"; ;"SIEMPRE ABIERTO";"De Lunes a Domingo"
"CV H01418 A";"A";"ALTA";"1";"1 ESTRELLA";"SALADAR";"03";"ALACANT";"082";"XÀBIA/JÁVEA";"LA MARINA ALTA";"03730";"CARRETERA DEL PORTIXOL, 87";"CR";"CARRETERA";"DEL PORTIXOL";"87";"info@saladarhotel.com";"http://saladarhotel.com";"H";"HOTEL";"H";"HOTEL";"18";"36";"NCD";"NO PERTENECE A NINGUNA CADENA";"28/10/2014"; ;"SIEMPRE ABIERTO";"De Lunes a Domingo"
"CV H01754 A";"A";"ALTA";"4";"4 ESTRELLAS";"SH JÁVEA RESORT & SPA";"03";"ALACANT";"082";"XÀBIA/JÁVEA";"LA MARINA ALTA";"03730";"AVENIDA DELS FURS, 14-D";"AV";"AVENIDA";"DELS FURS";"14-D";"info@sh-hoteles.com";"https://www.shjavea.com";"H";"HOTEL";"H";"HOTEL";"131";"262";"NCD";"NO PERTENECE A NINGUNA CADENA";"08/10/2025"; ;"SIEMPRE ABIERTO";"De Lunes a Domingo"
"CV H01134 A";"A";"ALTA";"4";"4 ESTRELLAS";"SOL DE JAVEA";"03";"ALACANT";"082";"XÀBIA/JÁVEA";"LA MARINA ALTA";"03730";"AVENIDA  MEDITERRÁNEO, 180";"AV";"AVENIDA";"MEDITERRÁNEO";"180";"reservas@hotelsoldejavea.com";"hotelsoldejavea.com";"H";"HOTEL";"H";"HOTEL";"54";"110";"NCD";"NO PERTENECE A NINGUNA CADENA";"09/03/1995"; ;"29/06 - 31/10";"De Lunes a Domingo"
"CV H00967 A";"B";"BAJA";"3";"3 ESTRELLAS";"TOSCAMAR";"03";"ALACANT";"082";"XÀBIA/JÁVEA";"LA MARINA ALTA";"03730";"CARRETERA CABO LA NAO KM. 5-JAVEA, S.N";"CR";"CARRETERA";"CABO LA NAO KM. 5-JAVEA";"S.N"; ; ;"H";"HOTEL";"HA";"HOTEL-APARTAMENTO";"140";"696";"NCD";"NO PERTENECE A NINGUNA CADENA";"03/10/1977";"27/02/1995";"SIEMPRE ABIERTO";"De Lunes a Domingo"
"CV H01336 A";"A";"ALTA";"2";"2 ESTRELLAS";"TRISKEL";"03";"ALACANT";"082";"XÀBIA/JÁVEA";"LA MARINA ALTA";"03730";"CALLE SOR MARÍA GALLART, 3";"C";"CALLE";"SOR MARÍA GALLART";"3"; ; ;"H";"HOTEL";"H";"HOTEL";"5";"10";"NCD";"NO PERTENECE A NINGUNA CADENA";"14/03/2007"; ;"SIEMPRE ABIERTO";"De Lunes a Domingo"
"CV H00859 A";"A";"ALTA";"3";"3 ESTRELLAS";"VILLA NARANJOS";"03";"ALACANT";"082";"XÀBIA/JÁVEA";"LA MARINA ALTA";"03730";"PASAJE GENOVA, 12";"PS";"PASAJE";"GENOVA";"12";"villanaranjos@ctv.es";"http://www.villanaranjos.com";"H";"HOTEL";"H";"HOTEL";"150";"300";"NCD";"NO PERTENECE A NINGUNA CADENA";"04/12/1972"; ;"SIEMPRE ABIERTO";"De Lunes a Domingo"
"CV H01576 A";"A";"ALTA"; ; ;"XABINA";"03";"ALACANT";"082";"XÀBIA/JÁVEA";"LA MARINA ALTA";"03730";"CARRETERA JÁVEA A JESÚS POBRE, 53";"CR";"CARRETERA";"JÁVEA A JESÚS POBRE";"53";"info@hostaljavea.com";"https://www.hostaljavea.com/";"HS";"HOSTAL"; ; ;"16";"32";"NCD";"NO PERTENECE A NINGUNA CADENA";"23/08/2021"; ;"SIEMPRE ABIERTO";"De Lunes a Domingo"
"CV H00974 A";"B";"BAJA";"0";"PENSIÓN";"PICHOC";"03";"ALACANT";"083";"XIXONA/JIJONA";"L'ALACANTI";"03100";"CALLE LA VILA, 74";"C";"CALLE";"LA VILA";"74"; ; ;"P";"PENSIÓN";"P";"PENSIÓN";"10";"18";"NCD";"NO PERTENECE A NINGUNA CADENA";"27/05/1977";"22/12/2015";"01/08 - 31/10";"De Lunes a Domingo"
"CV H01253 A";"A";"ALTA";"2";"2 ESTRELLAS";"POU DE LA NEU";"03";"ALACANT";"083";"XIXONA/JIJONA";"L'ALACANTI";"03100";"ALTO DE LA CARRASQUETA, S/N"; ; ;"ALTO DE LA CARRASQUETA";"S/N";"xixona@poudelaneu.com";"http://www.poudelaneu.com";"H";"HOTEL";"H";"HOTEL";"7";"14";"NCD";"NO PERTENECE A NINGUNA CADENA";"14/10/2002"; ;"SIEMPRE ABIERTO";"De Lunes a Domingo"
"CV H01220 A";"B";"BAJA";"2";"2 ESTRELLAS";"RESTAURANTE MILLENA";"03";"ALACANT";"086";"MILLENA";"EL COMTAT";"03812";"CALLE SAN ROQUE, 18";"C";"CALLE";"SAN ROQUE";"18"; ; ;"HS";"HOSTAL";"HS";"HOSTAL";"6";"12";"NCD";"NO PERTENECE A NINGUNA CADENA";"02/07/2001";"05/09/2016";"01/03 - 31/01";"De Lunes a Domingo"
"CV H01296 A";"A";"ALTA";"1";"1 ESTRELLA";"AVENIDA";"03";"ALACANT";"088";"MONFORTE DEL CID";"EL VINALOPO MITJA/EL VINALOPO";"03670";"AVENIDA ASPE, 24-26";"AV";"AVENIDA";"ASPE";"24-26"; ; ;"H";"HOTEL";"H";"HOTEL";"14";"21";"NCD";"NO PERTENECE A NINGUNA CADENA";"12/05/2004"; ;"SIEMPRE ABIERTO";"De Lunes a Domingo"
"CV H01354 A";"A";"ALTA";"4";"4 ESTRELLAS";"BONALBA";"03";"ALACANT";"090";"MUTXAMEL";"L'ALACANTI";"03550";"CALLE VESPRE, 10";"C";"CALLE";"VESPRE";"10";"info@hotelbonalba.com";"http://www.hotelbonalba.com";"H";"HOTEL";"H";"HOTEL";"276";"562";"NCD";"NO PERTENECE A NINGUNA CADENA";"30/05/2008"; ;"SIEMPRE ABIERTO";"De Lunes a Domingo"
"CV H01721 A";"A";"ALTA";"0";"PENSIÓN";"LOVEX BONALBA";"03";"ALACANT";"090";"MUTXAMEL";"L'ALACANTI";"03110";"CALLE LA NIT, 1 BLQ 6";"C";"CALLE";"LA NIT";"1 BLQ 6";"lovexbonalba@gmail.com"; ;"P";"PENSIÓN"; ; ;"2";"4";"NCD";"NO PERTENECE A NINGUNA CADENA";"04/06/2025"; ;"SIEMPRE ABIERTO";"De Lunes a Domingo"
"CV H00992 A";"B";"BAJA";"0";"PENSIÓN";"MARIA";"03";"ALACANT";"090";"MUTXAMEL";"L'ALACANTI";"03110";"CARRETERA ALICANTE-ALCOY, S.N";"CR";"CARRETERA";"ALICANTE-ALCOY";"S.N"; ; ;"P";"PENSIÓN";"P";"PENSIÓN";"10";"16";"NCD";"NO PERTENECE A NINGUNA CADENA";"10/10/1977";"26/01/1995";"SIEMPRE ABIERTO";"De Lunes a Domingo"
"CV H01016 A";"B";"BAJA";"2";"2 ESTRELLAS";"VALLE DEL SOL";"03";"ALACANT";"090";"MUTXAMEL";"L'ALACANTI";"03115";"FINCA DEL BOTER-MONNEGRE, S.N"; ; ;"FINCA DEL BOTER-MONNEGRE";"S.N"; ; ;"H";"HOTEL";"H";"HOTEL";"22";"41";"NCD";"NO PERTENECE A NINGUNA CADENA";"26/12/1979";"02/02/2004";"SIEMPRE ABIERTO";"De Lunes a Domingo"
"CV H00588 A";"B";"BAJA";"1";"1 ESTRELLA";"CALVO";"03";"ALACANT";"092";"MURO DE ALCOY";"EL COMTAT";"03830";"CALLE SAN BLAS,20, 20";"C";"CALLE";"SAN BLAS,20";"20"; ; ;"HS";"HOSTAL";"HS";"HOSTAL";"7";"11";"NCD";"NO PERTENECE A NINGUNA CADENA";"25/10/1967";"11/05/1999";"SIEMPRE ABIERTO";"De Lunes a Domingo"
"CV H01014 A";"A";"ALTA";"0";"PENSIÓN";"CENTRAL";"03";"ALACANT";"092";"MURO DE ALCOY";"EL COMTAT";"03830";"CALLE CENTRAL, 6";"C";"CALLE";"CENTRAL";"6"; ; ;"P";"PENSIÓN";"P";"PENSIÓN";"12";"22";"NCD";"NO PERTENECE A NINGUNA CADENA";"19/02/1980"; ;"SIEMPRE ABIERTO";"De Lunes a Domingo"
"CV H01053 A";"A";"ALTA";"1";"1 ESTRELLA";"COPACABANA";"03";"ALACANT";"092";"MURO DE ALCOY";"EL COMTAT";"03830";"AVENIDA DE ALCOY, 6";"AV";"AVENIDA";"DE ALCOY";"6";"info@hostalcopacabana.com";"https://hostalescopacabana.com";"HS";"HOSTAL";"HS";"HOSTAL";"25";"39";"NCD";"NO PERTENECE A NINGUNA CADENA";"04/11/1985"; ;"SIEMPRE ABIERTO";"De Lunes a Domingo"
"CV H01328 A";"A";"ALTA";"3";"3 ESTRELLAS";"VILA DE MURO";"03";"ALACANT";"092";"MURO DE ALCOY";"EL COMTAT";"03830";"CARRETERA N- 340, S/N";"CR";"CARRETERA";"N- 340";"S/N";"info@hotelvilademuro.com";"www.hotelvilademuro.com";"H";"HOTEL";"H";"HOTEL";"28";"58";"NCD";"NO PERTENECE A NINGUNA CADENA";"14/09/2006"; ;"SIEMPRE ABIERTO";"De Lunes a Domingo"
"CV H01373 A";"B";"BAJA";"3";"3 ESTRELLAS";"PALACIOS";"03";"ALACANT";"093";"NOVELDA";"EL VINALOPO MITJA/EL VINALOPO";"03660";"CALLE POETA GARCÍA LORCA, 8";"C";"CALLE";"POETA GARCÍA LORCA";"8"; ; ;"H";"HOTEL";"H";"HOTEL";"15";"26";"NCD";"NO PERTENECE A NINGUNA CADENA";"07/08/2009";"19/01/2021";"SIEMPRE ABIERTO";"De Lunes a Domingo"
"CV H00957 A";"A";"ALTA";"2";"2 ESTRELLAS";"PASAJE";"03";"ALACANT";"093";"NOVELDA";"EL VINALOPO MITJA/EL VINALOPO";"03660";"PASAJE ISIDRO SELLER, 11"; ; ;"PASAJE ISIDRO SELLER";"11"; ; ;"HS";"HOSTAL";"SR";"HOSTAL-RESIDENCIA";"12";"17";"NCD";"NO PERTENECE A NINGUNA CADENA";"22/02/1976"; ;"SIEMPRE ABIERTO";"De Lunes a Domingo"
"CV H00916 A";"A";"ALTA";"1";"1 ESTRELLA";"SUIZA";"03";"ALACANT";"093";"NOVELDA";"EL VINALOPO MITJA/EL VINALOPO";"03660";"CALLE TIRSO DE MOLINA, 50";"C";"CALLE";"TIRSO DE MOLINA";"50"; ; ;"HS";"HOSTAL";"SR";"HOSTAL-RESIDENCIA";"6";"9";"NCD";"NO PERTENECE A NINGUNA CADENA";"12/09/1974"; ;"SIEMPRE ABIERTO";"De Lunes a Domingo"
"CV H01557 A";"A";"ALTA";"5";"5 ESTRELLAS";"BARCELO LA NUCIA HILLS";"03";"ALACANT";"094";"LA NUCIA";"LA MARINA BAIXA";"03530";"CALLE PAGRE, 5-7-9";"C";"CALLE";"PAGRE";"5-7-9";"lanuciahills@barcelo.com";"http://barcelo.com";"H";"HOTEL";"HA";"HOTEL-APARTAMENTO";"94";"188";"NCD";"NO PERTENECE A NINGUNA CADENA";"29/03/2021"; ;"SIEMPRE ABIERTO";"De Lunes a Domingo"
"CV H01570 A";"A";"ALTA";"5";"5 ESTRELLAS";"BARCELO LA NUCIA PALMS";"03";"ALACANT";"094";"LA NUCIA";"LA MARINA BAIXA";"03530";"PARTIDA BUENAVISTA, 2";"PD";"PARTIDA";"BUENAVISTA";"2";"lanuciapalms@barcelo.com";"http://barcelo.com";"H";"HOTEL";"H";"HOTEL";"148";"298";"BAR";"BARCELÓ HOTELS & RESORT";"14/07/2021"; ;"SIEMPRE ABIERTO";"De Lunes a Domingo"
"CV H01717 A";"A";"ALTA";"4";"4 ESTRELLAS";"BCL PODIUM LA NUCIA";"03";"ALACANT";"094";"LA NUCIA";"LA MARINA BAIXA";"03570";"AVENIDA MUIXARÁ, 2";"AV";"AVENIDA";"MUIXARÁ";"2";"contabilidad@ferrermelia.com"; ;"H";"HOTEL";"H";"HOTEL";"142";"284";"NCD";"NO PERTENECE A NINGUNA CADENA";"13/06/2025"; ;"SIEMPRE ABIERTO";"De Lunes a Domingo"
"CV H01198 A";"B";"BAJA";"0";"PENSIÓN";"BONAIRE";"03";"ALACANT";"094";"LA NUCIA";"LA MARINA BAIXA";"03530";"CARRETERA ALTEA-LA NUCÍA, COMPLEJO MIRAMAR, S/N";"CR";"CARRETERA";"ALTEA-LA NUCÍA, COMPLEJO MIRAMAR";"S/N"; ; ;"P";"PENSIÓN";"P";"PENSIÓN";"8";"16";"NCD";"NO PERTENECE A NINGUNA CADENA";"21/02/2000";"23/02/2016";"SIEMPRE ABIERTO";"De Lunes a Domingo"
"CV H01165 A";"B";"BAJA";"0";"PENSIÓN";"GRANADA";"03";"ALACANT";"094";"LA NUCIA";"LA MARINA BAIXA";"03530";"CALLE ERMITA, 46";"C";"CALLE";"ERMITA";"46"; ; ;"P";"PENSIÓN";"P";"PENSIÓN";"8";"16";"NCD";"NO PERTENECE A NINGUNA CADENA";"04/06/1997";"22/12/2011";"SIEMPRE ABIERTO";"De Lunes a Domingo"
"CV H01484 A";"B";"BAJA"; ; ;"GRANADA";"03";"ALACANT";"094";"LA NUCIA";"LA MARINA BAIXA";"03530";"CALLE ERMITA, 46";"C";"CALLE";"ERMITA";"46";"silvia@gesstar.com"; ;"HS";"HOSTAL"; ; ;"7";"11";"NCD";"NO PERTENECE A NINGUNA CADENA";"05/10/2018";"25/02/2019";"SIEMPRE ABIERTO";"De Lunes a Domingo"
"CV H01686 A";"A";"ALTA"; ; ;"JOME STAYS LA NUCÍA";"03";"ALACANT";"094";"LA NUCIA";"LA MARINA BAIXA";"03530";"PLAZA MAYOR, 8";"PL";"PLAZA";"MAYOR";"8";"pensionplazamayor@gmail.com";"http://www.pensionplazamayor.com";"P";"PENSIÓN"; ; ;"5";"10";"NCD";"NO PERTENECE A NINGUNA CADENA";"26/12/2024"; ;"SIEMPRE ABIERTO";"De Lunes a Domingo"
"CV H01758 A";"A";"ALTA";"0";"PENSIÓN";"KAIZEN";"03";"ALACANT";"094";"LA NUCIA";"LA MARINA BAIXA";"03530";"CALLE FINESTRAT, 1";"C";"CALLE";"FINESTRAT";"1";"info@hostalkaizen.com";"http://hostalkaizen.com";"HS";"HOSTAL"; ; ;"25";"94";"NCD";"NO PERTENECE A NINGUNA CADENA";"22/01/2025"; ;"SIEMPRE ABIERTO";"De Lunes a Domingo"
"CV H01613 A";"B";"BAJA";"0";"PENSIÓN";"KAIZEN";"03";"ALACANT";"094";"LA NUCIA";"LA MARINA BAIXA";"03530";"CALLE FINESTRAT, 1";"C";"CALLE";"FINESTRAT";"1";"info@hostalkaizen.com";"http://hostalkaizen.com";"P";"PENSIÓN"; ; ;"25";"100";"NCD";"NO PERTENECE A NINGUNA CADENA";"05/12/2022";"15/11/2023";"SIEMPRE ABIERTO";"De Lunes a Domingo"
"CV H00761 A";"B";"BAJA";"0";"PENSIÓN";"LA BLANCA";"03";"ALACANT";"094";"LA NUCIA";"LA MARINA BAIXA";"03530";"CALLE CALVARIO, 000";"C";"CALLE";"CALVARIO";"000"; ; ;"P";"PENSIÓN";"P";"PENSIÓN";"10";"20";"NCD";"NO PERTENECE A NINGUNA CADENA";"07/12/1970";"28/10/1994";"SIEMPRE ABIERTO";"De Lunes a Domingo"
"CV H01596 A";"B";"BAJA";"4";"4 ESTRELLAS";"NUC SUN RESORT";"03";"ALACANT";"094";"LA NUCIA";"LA MARINA BAIXA";"03530";"CALLE PAGRE, 3";"C";"CALLE";"PAGRE";"3";"info@nucsunresort.com";"https://nucsunresort.com";"H";"HOTEL";"HA";"HOTEL-APARTAMENTO";"46";"132";"NCD";"NO PERTENECE A NINGUNA CADENA";"28/06/2022";"28/12/2023";"SIEMPRE ABIERTO";"De Lunes a Domingo"
"CV H01191 A";"A";"ALTA";"1";"1 ESTRELLA";"SUNAMI";"03";"ALACANT";"094";"LA NUCIA";"LA MARINA BAIXA";"03530";"CALLE MARINA BAIXA, 54";"C";"CALLE";"MARINA BAIXA";"54"; ; ;"HS";"HOSTAL";"SR";"HOSTAL-RESIDENCIA";"22";"48";"NCD";"NO PERTENECE A NINGUNA CADENA";"08/06/1999"; ;"SIEMPRE ABIERTO";"De Lunes a Domingo"
"CV H00363 A";"B";"BAJA";"1";"1 ESTRELLA";"VENTA COMPANY";"03";"ALACANT";"094";"LA NUCIA";"LA MARINA BAIXA";"03530";"CALLE JOSE ANTONIO, 000";"C";"CALLE";"JOSE ANTONIO";"000"; ; ;"HS";"HOSTAL";"HS";"HOSTAL";"0"; ;"NCD";"NO PERTENECE A NINGUNA CADENA";"04/04/1967";"25/11/1991";"01/06 - 30/09";"De Lunes a Domingo"
"CV H01662 A";"A";"ALTA";"4";"4 ESTRELLAS";"ASA LA MARINA BY SH HOTELES";"03";"ALACANT";"095";"ONDARA";"LA MARINA ALTA";"03760";"CALLE ALCALI ESQUINA CALLE VALL DE LAGUARD, S/N";"C";"CALLE";"ALCALI ESQUINA CALLE VALL DE LAGUARD";"S/N";"info@asagrupo.com";"http://www.asahoteles.com";"H";"HOTEL";"HA";"HOTEL-APARTAMENTO";"73";"170";"NCD";"NO PERTENECE A NINGUNA CADENA";"17/05/2024"; ;"SIEMPRE ABIERTO";"De Lunes a Domingo"
"CV H01657 A";"B";"BAJA";"3";"3 ESTRELLAS";"LA CASONA DE LAS FLORES";"03";"ALACANT";"095";"ONDARA";"LA MARINA ALTA";"03760";"CALLE BONAIRE, 5";"C";"CALLE";"BONAIRE";"5";"info@casonadelasflores.com";"https://casonadelasflores.com";"H";"HOTEL"; ; ;"10";"19";"NCD";"NO PERTENECE A NINGUNA CADENA";"08/04/2024";"29/10/2024";"SIEMPRE ABIERTO";"De Lunes a Domingo"
"CV H00545 A";"B";"BAJA";"1";"1 ESTRELLA";"LA PALMERA";"03";"ALACANT";"095";"ONDARA";"LA MARINA ALTA";"03760";"PARTIDA PEDREGALS, 106";"PD";"PARTIDA";"PEDREGALS";"106";"hotelpalmera@icloud.com";"www-hotel-lapalmera.com";"H";"HOTEL";"H";"HOTEL";"11";"20";"NCD";"NO PERTENECE A NINGUNA CADENA";"15/11/1966";"11/02/2025";"01/07 - 30/09";"De Lunes a Domingo"
"CV H01337 A";"A";"ALTA";"0";"PENSIÓN";"MONTECARLO";"03";"ALACANT";"095";"ONDARA";"LA MARINA ALTA";"03760";"AVENIDA DE ALICANTE, 79";"AV";"AVENIDA";"DE ALICANTE";"79"; ; ;"P";"PENSIÓN";"P";"PENSIÓN";"8";"15";"NCD";"NO PERTENECE A NINGUNA CADENA";"28/02/2007"; ;"SIEMPRE ABIERTO";"De Lunes a Domingo"
"CV H00760 A";"A";"ALTA";"1";"1 ESTRELLA";"RAMIS";"03";"ALACANT";"095";"ONDARA";"LA MARINA ALTA";"03760";"CALLE MARIANO BENLLIURE, 6";"C";"CALLE";"MARIANO BENLLIURE";"6";"info@hotelramis.com"; ;"H";"HOTEL";"H";"HOTEL";"27";"50";"NCD";"NO PERTENECE A NINGUNA CADENA";"11/12/1970"; ;"SIEMPRE ABIERTO";"De Lunes a Domingo"
"CV H00821 A";"B";"BAJA";"0";"PENSIÓN";"VALERO";"03";"ALACANT";"095";"ONDARA";"LA MARINA ALTA";"03760";"AVENIDA AVDA ALICANTE, 49";"AV";"AVENIDA";"AVDA ALICANTE";"49"; ; ;"P";"PENSIÓN";"P";"PENSIÓN";"8";"13";"NCD";"NO PERTENECE A NINGUNA CADENA";"20/10/1971";"30/11/2007";"SIEMPRE ABIERTO";"De Lunes a Domingo"
"CV H01629 A";"A";"ALTA"; ; ;"ONIL";"03";"ALACANT";"096";"ONIL";"L'ALCOIA";"03430";"CALLE GREGAL, S/N";"C";"CALLE";"GREGAL";"S/N";"hotelonil2@gmail.com"; ;"HS";"HOSTAL"; ; ;"15";"30";"NCD";"NO PERTENECE A NINGUNA CADENA";"28/07/2023"; ;"SIEMPRE ABIERTO";"De Lunes a Domingo"
"CV H00850 A";"B";"BAJA";"2";"2 ESTRELLAS";"ONIX";"03";"ALACANT";"096";"ONIL";"L'ALCOIA";"03340";"AVENIDA CONSTITUCION, 000";"AV";"AVENIDA";"CONSTITUCION";"000"; ; ;"H";"HOTEL";"H";"HOTEL";"22";"41";"NCD";"NO PERTENECE A NINGUNA CADENA";"18/01/1973";"29/01/1996";"SIEMPRE ABIERTO";"De Lunes a Domingo"
"CV H01475 A";"A";"ALTA"; ; ;"MARDENIT. RURAL I MODERN";"03";"ALACANT";"097";"ORBA";"LA MARINA ALTA";"03790";"CALLE PINTOR RUANO LLOPIS, 11";"C";"CALLE";"PINTOR RUANO LLOPIS";"11";"hotel@mardenit.com";"https://www.mardenit.com";"P";"PENSIÓN"; ; ;"5";"10";"NCD";"NO PERTENECE A NINGUNA CADENA";"16/03/2018"; ;"SIEMPRE ABIERTO";"De Lunes a Domingo"
"CV H01263 A";"A";"ALTA";"1";"1 ESTRELLA";"PLAÇA";"03";"ALACANT";"097";"ORBA";"LA MARINA ALTA";"03790";"CALLE SAN FRANCESC, 2";"C";"CALLE";"SAN FRANCESC";"2";"info@orbahostalplaza.com";"http://www.orbahostalplaza.com";"HS";"HOSTAL";"SR";"HOSTAL-RESIDENCIA";"11";"18";"NCD";"NO PERTENECE A NINGUNA CADENA";"29/01/2003"; ; ; 
"CV H01085 A";"B";"BAJA";"0";"PENSIÓN";"EL CASERIO";"03";"ALACANT";"098";"ORXETA";"LA MARINA BAIXA";"03579";"CARRETERA VILLAJOYOSA-SELLA, 000";"CR";"CARRETERA";"VILLAJOYOSA-SELLA";"000"; ; ;"P";"PENSIÓN";"P";"PENSIÓN";"5";"6";"NCD";"NO PERTENECE A NINGUNA CADENA";"12/08/1988";"10/11/1997";"SIEMPRE ABIERTO";"De Lunes a Domingo"
"CV H01308 A";"B";"BAJA";"1";"1 ESTRELLA";"ARMISPA COMPLEX";"03";"ALACANT";"099";"ORIHUELA";"EL BAIX SEGURA/LA VEGA BAJA";"03189";"CALLE ALISIOS, URB. VILLAMARTIN, 131";"C";"CALLE";"ALISIOS, URB. VILLAMARTIN";"131";"comercial@armispa.com";"http://armispa.com";"H";"HOTEL";"H";"HOTEL";"87";"134";"NCD";"NO PERTENECE A NINGUNA CADENA";"09/06/2005";"18/01/2010";"SIEMPRE ABIERTO";"De Lunes a Domingo"
"CV H00861 A";"A";"ALTA";"0";"PENSIÓN";"CASA CORRO";"03";"ALACANT";"099";"ORIHUELA";"EL BAIX SEGURA/LA VEGA BAJA";"03300";"AVENIDA DR. GARCÍA ROGEL, 23";"AV";"AVENIDA";"DR. GARCÍA ROGEL";"23";"rcasacorro@gmail.com";"http://www.restaurantecasacorro.com";"P";"PENSIÓN";"P";"PENSIÓN";"11";"17";"NCD";"NO PERTENECE A NINGUNA CADENA";"13/04/1973"; ;"SIEMPRE ABIERTO";"De Lunes a Domingo"
"CV H01722 A";"B";"BAJA";"3";"3 ESTRELLAS";"EBLI 7";"03";"ALACANT";"099";"ORIHUELA";"EL BAIX SEGURA/LA VEGA BAJA";"03189";"CALLE CASTILLO DE SANTA BÁRBARA, 44-B";"C";"CALLE";"CASTILLO DE SANTA BÁRBARA";"44-B";"ebliebli@hotmail.com"; ;"H";"HOTEL";"H";"HOTEL";"11";"24";"NCD";"NO PERTENECE A NINGUNA CADENA";"18/06/2025";"12/01/2026";"SIEMPRE ABIERTO";"De Lunes a Domingo"
"CV H00456 A";"B";"BAJA";"1";"1 ESTRELLA";"EL PALMERAL";"03";"ALACANT";"099";"ORIHUELA";"EL BAIX SEGURA/LA VEGA BAJA";"03300";"CALLE ESCORRATEL, 6";"C";"CALLE";"ESCORRATEL";"6"; ; ;"HS";"HOSTAL";"HS";"HOSTAL";"19";"31";"NCD";"NO PERTENECE A NINGUNA CADENA";"19/01/1970";"06/06/2024";"SIEMPRE ABIERTO";"De Lunes a Domingo"
"CV H00593 A";"B";"BAJA";"0";"PENSIÓN";"EL PISTE";"03";"ALACANT";"099";"ORIHUELA";"EL BAIX SEGURA/LA VEGA BAJA";"03300";"CARRETERA ALICANTE-MURCIA KM, 17";"CR";"CARRETERA";"ALICANTE-MURCIA KM";"17"; ; ;"P";"PENSIÓN";"P";"PENSIÓN";"14";"23";"NCD";"NO PERTENECE A NINGUNA CADENA";"11/12/1967";"13/05/2019";"SIEMPRE ABIERTO";"De Lunes a Domingo"
"CV H01247 A";"A";"ALTA";"4";"4 ESTRELLAS";"GOLF CAMPOAMOR";"03";"ALACANT";"099";"ORIHUELA";"EL BAIX SEGURA/LA VEGA BAJA";"03189";"URBANIZACIÓN LOMAS DE CAMPOAMOR, CTRA. CARTAGENA-ALICANTE, 48";"UR";"URBANIZACIÓN";"LOMAS DE CAMPOAMOR, CTRA. CARTAGENA-ALICANTE";"48";"reservashotel@golfcampoamor.es";"http://www.lomasdecampoamor.es";"H";"HOTEL";"H";"HOTEL";"93";"176";"NCD";"NO PERTENECE A NINGUNA CADENA";"24/07/2002"; ;"SIEMPRE ABIERTO";"De Lunes a Domingo"
"CV H01461 A";"A";"ALTA"; ; ;"HOSTAL ARNEVA";"03";"ALACANT";"099";"ORIHUELA";"EL BAIX SEGURA/LA VEGA BAJA";"03312";"CALLE CANALES - ARNEVA, 9";"C";"CALLE";"CANALES - ARNEVA";"9";"hostalarneva@live.com"; ;"HS";"HOSTAL"; ; ;"15";"17";"NCD";"NO PERTENECE A NINGUNA CADENA";"17/05/2017"; ;"SIEMPRE ABIERTO";"De Lunes a Domingo"
"CV H00869 A";"A";"ALTA";"4";"4 ESTRELLAS";"LA ZENIA";"03";"ALACANT";"099";"ORIHUELA";"EL BAIX SEGURA/LA VEGA BAJA";"03189";"PASEO DEL MAR -URBANIZACIÓN LA ZENIA, PLAYAS ORIHUELA, 4";"PA";"PASEO";"DEL MAR -URBANIZACIÓN LA ZENIA, PLAYAS ORIHUELA";"4";"lazenia@servigroup.es";"servigroup.com";"H";"HOTEL";"H";"HOTEL";"220";"442";"SER";"HOTELES SERVIGROUP";"08/01/1974"; ;"SIEMPRE ABIERTO";"De Lunes a Domingo"
"CV H01599 A";"A";"ALTA"; ; ;"LAS CALITAS";"03";"ALACANT";"099";"ORIHUELA";"EL BAIX SEGURA/LA VEGA BAJA";"03189";"CALLE ISLA CABRERA -LA REGIA-, 16";"C";"CALLE";"ISLA CABRERA -LA REGIA-";"16";"kadijagrupo@gmail.com"; ;"P";"PENSIÓN"; ; ;"18";"36";"NCD";"NO PERTENECE A NINGUNA CADENA";"23/05/2022"; ;"SIEMPRE ABIERTO";"De Lunes a Domingo"
"CV H00847 A";"B";"BAJA";"0";"PENSIÓN";"LOS NARANJOS";"03";"ALACANT";"099";"ORIHUELA";"EL BAIX SEGURA/LA VEGA BAJA";"03311";"CARRETERA ALICANTE-MURCIA, S.N";"CR";"CARRETERA";"ALICANTE-MURCIA";"S.N"; ; ;"P";"PENSIÓN";"P";"PENSIÓN";"9";"11";"NCD";"NO PERTENECE A NINGUNA CADENA";"06/09/1972";"05/05/1998";"SIEMPRE ABIERTO";"De Lunes a Domingo"
"CV H01030 A";"B";"BAJA";"0";"PENSIÓN";"MARUJA";"03";"ALACANT";"099";"ORIHUELA";"EL BAIX SEGURA/LA VEGA BAJA";"03300";"CALLE ALCAZAR DE TOLEDO, 3";"C";"CALLE";"ALCAZAR DE TOLEDO";"3"; ; ;"P";"PENSIÓN";"P";"PENSIÓN";"4";"7";"NCD";"NO PERTENECE A NINGUNA CADENA";"11/11/1981";"26/07/2004";"SIEMPRE ABIERTO";"De Lunes a Domingo"
"CV H01214 A";"A";"ALTA";"4";"4 ESTRELLAS";"MELIÁ PALACIO DE TUDEMIR";"03";"ALACANT";"099";"ORIHUELA";"EL BAIX SEGURA/LA VEGA BAJA";"03300";"CALLE ALFONSO XIII, 1";"C";"CALLE";"ALFONSO XIII";"1";"reservas.melia.palacio.de.tudemir@solmelia.com";"http://www.solmelia.com";"H";"HOTEL";"H";"HOTEL";"50";"96";"SOL";"MELIÁ HOTELS INTERNATIONAL";"23/03/2001"; ;"SIEMPRE ABIERTO";"De Lunes a Domingo"
"CV H00741 A";"A";"ALTA";"4";"4 ESTRELLAS";"MONTEPIEDRA";"03";"ALACANT";"099";"ORIHUELA";"EL BAIX SEGURA/LA VEGA BAJA";"03189";"CALLE SAAVEDRA FAJARDO, 1";"C";"CALLE";"SAAVEDRA FAJARDO";"1";"info@dynasticresorts.com";"http://www.hotelmontepiedra.com";"H";"HOTEL";"H";"HOTEL";"67";"134";"NCD";"NO PERTENECE A NINGUNA CADENA";"07/11/1970"; ;"SIEMPRE ABIERTO";"De Lunes a Domingo"
"CV H00560 A";"A";"ALTA";"2";"2 ESTRELLAS";"REY TEODOMIRO";"03";"ALACANT";"099";"ORIHUELA";"EL BAIX SEGURA/LA VEGA BAJA";"03300";"AVENIDA TEODOMIRO, 10";"AV";"AVENIDA";"TEODOMIRO";"10"; ; ;"HS";"HOSTAL";"SR";"HOSTAL-RESIDENCIA";"23";"41";"NCD";"NO PERTENECE A NINGUNA CADENA";"07/03/1967"; ;"SIEMPRE ABIERTO";"De Lunes a Domingo"
"CV H00994 A";"B";"BAJA";"0";"PENSIÓN";"ROS";"03";"ALACANT";"099";"ORIHUELA";"EL BAIX SEGURA/LA VEGA BAJA";"03300";"CALLE LUIS ROJAS, 005";"C";"CALLE";"LUIS ROJAS";"005"; ; ;"P";"PENSIÓN";"P";"PENSIÓN";"8";"12";"NCD";"NO PERTENECE A NINGUNA CADENA";"25/10/1977";"28/07/1994";"SIEMPRE ABIERTO";"De Lunes a Domingo"
"CV H00943 A";"B";"BAJA";"0";"PENSIÓN";"VERSALLES";"03";"ALACANT";"099";"ORIHUELA";"EL BAIX SEGURA/LA VEGA BAJA";"03300";"CALLE SAN CRISTOBAL, 10";"C";"CALLE";"SAN CRISTOBAL";"10"; ; ;"P";"PENSIÓN";"P";"PENSIÓN";"4";"6";"NCD";"NO PERTENECE A NINGUNA CADENA";"11/06/1975";"17/09/1999";"SIEMPRE ABIERTO";"De Lunes a Domingo"
"CV H01573 A";"B";"BAJA";"3";"3 ESTRELLAS";"VILLAMARTIN GOLF, HEALTH AND BEAUTY";"03";"ALACANT";"099";"ORIHUELA";"EL BAIX SEGURA/LA VEGA BAJA";"03189";"CALLE BEETHOVEN, ZONA H. URB. VILLAMARTIN, S/N";"C";"CALLE";"BEETHOVEN, ZONA H. URB. VILLAMARTIN";"S/N";"sofia@door2doorspain.com";"http://WWW.VILLAMARTINGHB.COM";"H";"HOTEL";"HA";"HOTEL-APARTAMENTO";"22";"48";"NCD";"NO PERTENECE A NINGUNA CADENA";"20/07/2021";"12/05/2023";"SIEMPRE ABIERTO";"De Lunes a Domingo"
"CV H01324 A";"A";"ALTA";"3";"3 ESTRELLAS";"CASA JULÍA";"03";"ALACANT";"100";"PARCENT";"LA MARINA ALTA";"03792";"AVENIDA CONSTITUCIÓN, 30";"AV";"AVENIDA";"CONSTITUCIÓN";"30";"info@hotelcasajulia.com";"http://www.hotelcasajulia.com/";"H";"HOTEL";"H";"HOTEL";"8";"16";"NCD";"NO PERTENECE A NINGUNA CADENA";"27/04/2006"; ;"SIEMPRE ABIERTO";"De Lunes a Domingo"
"CV H00966 A";"B";"BAJA";"1";"1 ESTRELLA";"MIRABO";"03";"ALACANT";"101";"PEDREGUER";"LA MARINA ALTA";"03750";"CARRETERA ALICANTE-VALENCIA KM 164, S.N";"CR";"CARRETERA";"ALICANTE-VALENCIA KM 164";"S.N"; ; ;"H";"HOTEL";"H";"HOTEL";"30";"60";"NCD";"NO PERTENECE A NINGUNA CADENA";"20/10/1976";"11/01/1995";"SIEMPRE ABIERTO";"De Lunes a Domingo"
"CV H00865 A";"B";"BAJA";"1";"1 ESTRELLA";"ROYANA";"03";"ALACANT";"101";"PEDREGUER";"LA MARINA ALTA";"03750";"AVENIDA AVDA JAIME I, 003";"AV";"AVENIDA";"AVDA JAIME I";"003"; ; ;"HS";"HOSTAL";"HS";"HOSTAL";"26";"44";"NCD";"NO PERTENECE A NINGUNA CADENA";"14/04/1973";"20/02/1993";"SIEMPRE ABIERTO";"De Lunes a Domingo"
"CV H01568 A";"A";"ALTA";"4";"4 ESTRELLAS";"SYNCROSFERA";"03";"ALACANT";"101";"PEDREGUER";"LA MARINA ALTA";"03750";"AVENIDA MARINA ALTA, 2";"AV";"AVENIDA";"MARINA ALTA";"2";"info@syncrosfera.com";"http://syncrosfera.com";"H";"HOTEL";"H";"HOTEL";"46";"92";"NCD";"NO PERTENECE A NINGUNA CADENA";"14/07/2021"; ;"SIEMPRE ABIERTO";"De Lunes a Domingo"
"CV H01493 A";"A";"ALTA"; ; ;"BALCON DE PEGO B&B";"03";"ALACANT";"102";"PEGO";"LA MARINA ALTA";"03780";"CALLE METGE ALBERTO MIRALLES PERIS, 7";"C";"CALLE";"METGE ALBERTO MIRALLES PERIS";"7";"sjaanpego@live.nl"; ;"P";"PENSIÓN"; ; ;"3";"6";"NCD";"NO PERTENECE A NINGUNA CADENA";"26/02/2019"; ;"SIEMPRE ABIERTO";"De Lunes a Domingo"
"CV H01265 A";"B";"BAJA";"2";"2 ESTRELLAS";"ELVEA";"03";"ALACANT";"102";"PEGO";"LA MARINA ALTA";"03780";"CALLE BENIGANIM, 25";"C";"CALLE";"BENIGANIM";"25";"info@hostalelvea.com";"http://www.hostalelvea.com";"HS";"HOSTAL";"HS";"HOSTAL";"18";"36";"NCD";"NO PERTENECE A NINGUNA CADENA";"14/02/2003";"02/05/2018";"SIEMPRE ABIERTO";"De Lunes a Domingo"
"CV H01718 A";"A";"ALTA";"3";"3 ESTRELLAS";"LA MARSELLESA";"03";"ALACANT";"102";"PEGO";"LA MARINA ALTA";"03780";"CALLE POETA LLORENTE, 1";"C";"CALLE";"POETA LLORENTE";"1";"info@lamarsellesa.es";"http://lamarsellesa.es";"H";"HOTEL";"H";"HOTEL";"19";"38";"NCD";"NO PERTENECE A NINGUNA CADENA";"17/06/2025"; ;"SIEMPRE ABIERTO";"De Lunes a Domingo"
"CV H01103 A";"A";"ALTA";"1";"1 ESTRELLA";"REIG";"03";"ALACANT";"102";"PEGO";"LA MARINA ALTA";"03780";"CALLE SANT MIQUEL, 107";"C";"CALLE";"SANT MIQUEL";"107";"hotelreig@gmail.com";"http://www.hotelreigpego.es";"H";"HOTEL";"H";"HOTEL";"21";"42";"NCD";"NO PERTENECE A NINGUNA CADENA";"25/02/1991"; ;"SIEMPRE ABIERTO";"De Lunes a Domingo"
"CV H01396 A";"A";"ALTA";"3";"3 ESTRELLAS";"LA ESCONDIDA";"03";"ALACANT";"103";"PENÀGUILA";"L'ALCOIA";"03815";"CARRETERA ALCOY-PENAGUILA, KM. 9";"CR";"CARRETERA";"ALCOY-PENAGUILA";"KM. 9";"laescondida@singularshr.com";"https://www.hotelescondida.com";"H";"HOTEL";"H";"HOTEL";"12";"24";"NCD";"NO PERTENECE A NINGUNA CADENA";"20/04/2011"; ;"SIEMPRE ABIERTO";"De Lunes a Domingo"
"CV H01139 A";"B";"BAJA";"1";"1 ESTRELLA";"MAS DE PAU";"03";"ALACANT";"103";"PENÀGUILA";"L'ALCOIA";"03815";"CARRETERA ALCOY-PENAGUILA KM., 9";"CR";"CARRETERA";"ALCOY-PENAGUILA KM.";"9"; ; ;"HS";"HOSTAL";"HS";"HOSTAL";"18";"36";"NCD";"NO PERTENECE A NINGUNA CADENA";"04/04/1995";"30/07/2010";"SIEMPRE ABIERTO";"De Lunes a Domingo"
"CV H00623 A";"B";"BAJA";"1";"1 ESTRELLA";"EL GUIRNEY";"03";"ALACANT";"104";"PETRER";"EL VINALOPO MITJA/EL VINALOPO";"03610";"PARTIDA DEL GUIRNEY 8, 11";"PD";"PARTIDA";"DEL GUIRNEY 8";"11"; ; ;"HS";"HOSTAL";"HS";"HOSTAL";"12";"20";"NCD";"NO PERTENECE A NINGUNA CADENA";"15/01/1970";"23/05/2003";"SIEMPRE ABIERTO";"De Lunes a Domingo"
"CV H01145 A";"B";"BAJA";"2";"2 ESTRELLAS";"NOU PETRER";"03";"ALACANT";"104";"PETRER";"EL VINALOPO MITJA/EL VINALOPO";"03610";"AVENIDA MADRID, 10";"AV";"AVENIDA";"MADRID";"10";"petrer@nouhotels.com";"http://www.nouhotels.com";"H";"HOTEL";"H";"HOTEL";"30";"52";"ACH";"AC HOTELES";"06/10/1995";"22/12/2011";"SIEMPRE ABIERTO";"De Lunes a Domingo"
"CV H01528 A";"A";"ALTA";"3";"3 ESTRELLAS";"SANT BONIFACI";"03";"ALACANT";"104";"PETRER";"EL VINALOPO MITJA/EL VINALOPO";"03610";"AVENIDA DE MADRID, 12";"AV";"AVENIDA";"DE MADRID";"12";"hotelsantbonifacipetrer@gmail.com"; ;"H";"HOTEL";"H";"HOTEL";"30";"59";"NCD";"NO PERTENECE A NINGUNA CADENA";"02/01/2019"; ;"SIEMPRE ABIERTO";"De Lunes a Domingo"
"CV H01143 A";"A";"ALTA";"1";"1 ESTRELLA";"LA CAÑADA";"03";"ALACANT";"105";"EL PINÓS/PINOSO";"EL VINALOPO MITJA/EL VINALOPO";"03650";"CALLE BADEN RICO LUCAS, 14";"C";"CALLE";"BADEN RICO LUCAS";"14"; ; ;"HS";"HOSTAL";"SR";"HOSTAL-RESIDENCIA";"7";"12";"NCD";"NO PERTENECE A NINGUNA CADENA";"26/06/1995"; ;"SIEMPRE ABIERTO";"De Lunes a Domingo"
"CV H01184 A";"B";"BAJA";"4";"4 ESTRELLAS";"DEVACHAN";"03";"ALACANT";"107";"POLOP";"LA MARINA BAIXA";"03520";"CALLE SAN FRANCISCO, 13";"C";"CALLE";"SAN FRANCISCO";"13";"hoteldevachan@ctv.es";"http://www.costablanca.org/devachan.esp.";"H";"HOTEL";"H";"HOTEL";"5";"9";"NCD";"NO PERTENECE A NINGUNA CADENA";"11/02/1999";"15/01/2004";"SIEMPRE ABIERTO";"De Lunes a Domingo"
"CV H01176 A";"B";"BAJA";"0";"PENSIÓN";"EL MORENO";"03";"ALACANT";"107";"POLOP";"LA MARINA BAIXA";"03520";"CALLE SAGI BARBA, 19";"C";"CALLE";"SAGI BARBA";"19"; ; ;"P";"PENSIÓN";"P";"PENSIÓN";"5";"11";"NCD";"NO PERTENECE A NINGUNA CADENA";"07/10/1998";"21/02/2007";"SIEMPRE ABIERTO";"De Lunes a Domingo"
"CV H01435 A";"A";"ALTA"; ; ;"LEON DORMIDO";"03";"ALACANT";"107";"POLOP";"LA MARINA BAIXA";"03520";"CALLE GABRIEL MIRÓ, 02";"C";"CALLE";"GABRIEL MIRÓ";"02";"info@hostalleondormido.es"; ;"HS";"HOSTAL"; ; ;"28";"63";"NCD";"NO PERTENECE A NINGUNA CADENA";"16/03/2016"; ;"SIEMPRE ABIERTO";"De Lunes a Domingo"
"CV H01413 A";"B";"BAJA";"1";"1 ESTRELLA";"LEÓN DORMIDO";"03";"ALACANT";"107";"POLOP";"LA MARINA BAIXA";"03520";"CALLE GABRIEL MIRÓ, 2";"C";"CALLE";"GABRIEL MIRÓ";"2"; ; ;"HS";"HOSTAL";"HS";"HOSTAL";"18";"36";"NCD";"NO PERTENECE A NINGUNA CADENA";"21/02/2014";"21/04/2015";"SIEMPRE ABIERTO";"De Lunes a Domingo"
"CV H00441 A";"B";"BAJA";"0";"PENSIÓN";"VENTA BALTASAR";"03";"ALACANT";"107";"POLOP";"LA MARINA BAIXA";"03520";"CALLE GENERALISIMO, 000";"C";"CALLE";"GENERALISIMO";"000"; ; ;"P";"PENSIÓN";"P";"PENSIÓN";"8";"11";"NCD";"NO PERTENECE A NINGUNA CADENA";"31/08/1964";"19/05/1995";"SIEMPRE ABIERTO";"De Lunes a Domingo"
"CV H01342 A";"A";"ALTA";"1";"1 ESTRELLA";"SAN CARLOS";"03";"ALACANT";"111";"REDOVÁN";"EL BAIX SEGURA/LA VEGA BAJA";"03370";"BARRIO SAN CARLOS, 9";"B";"BARRIO";"SAN CARLOS";"9"; ; ;"HS";"HOSTAL";"SR";"HOSTAL-RESIDENCIA";"18";"26";"NCD";"NO PERTENECE A NINGUNA CADENA";"23/05/2007"; ;"SIEMPRE ABIERTO";"De Lunes a Domingo"
"CV H01428 A";"A";"ALTA";"0";"PENSIÓN";"CASA PERLA";"03";"ALACANT";"112";"RELLEU";"LA MARINA BAIXA";"03578";"CALLE COMUNIDAD VALENCIANA, 5";"C";"CALLE";"COMUNIDAD VALENCIANA";"5";"pearlvangelder@gmail.com";"http://casaperlarelleu.com";"P";"PENSIÓN"; ; ;"3";"5";"NCD";"NO PERTENECE A NINGUNA CADENA";"24/09/2015"; ;"SIEMPRE ABIERTO";"De Lunes a Domingo"
"CV H01540 A";"A";"ALTA"; ; ;"CASA PURA VIDA";"03";"ALACANT";"112";"RELLEU";"LA MARINA BAIXA";"03578";"PARTIDA FIGUERET, 10";"PD";"PARTIDA";"FIGUERET";"10";"info@casapuravidarelleu.com";"casapuravidarelleu.com";"P";"PENSIÓN"; ; ;"5";"10";"NCD";"NO PERTENECE A NINGUNA CADENA";"20/07/2020"; ;"SIEMPRE ABIERTO";"De Lunes a Domingo"
"CV H01590 A";"A";"ALTA"; ; ;"FOIES DE BAIX";"03";"ALACANT";"112";"RELLEU";"LA MARINA BAIXA";"03578";"PARTIDA FOIES DE BAIX, 6";"PD";"PARTIDA";"FOIES DE BAIX";"6";"administracion@foiesdebaix.com";"http://foiesdebaix.com";"HS";"HOSTAL"; ; ;"6";"12";"NCD";"NO PERTENECE A NINGUNA CADENA";"03/05/2022"; ;"SIEMPRE ABIERTO";"De Lunes a Domingo"
"CV H01284 A";"A";"ALTA";"1";"1 ESTRELLA";"COSTA BLANCA RESORT";"03";"ALACANT";"113";"ROJALES";"EL BAIX SEGURA/LA VEGA BAJA";"03170";"CALLE JÚPITER ESQ. C/APOLO, 2";"C";"CALLE";"JÚPITER ESQ. C/APOLO";"2"; ;"http://www.info@hotelelcorazon.com";"H";"HOTEL";"HA";"HOTEL-APARTAMENTO";"21";"60";"NCD";"NO PERTENECE A NINGUNA CADENA";"31/10/2003"; ;"SIEMPRE ABIERTO";"De Lunes a Domingo"
"CV H01259 A";"A";"ALTA";"4";"4 ESTRELLAS";"LA LAGUNA SPA & GOLF";"03";"ALACANT";"113";"ROJALES";"EL BAIX SEGURA/LA VEGA BAJA";"03170";"CARRETERA GUARDAMAR-MONTESINOS. AVDA. ANTONIO QUESADA, 53";"CR";"CARRETERA";"GUARDAMAR-MONTESINOS. AVDA. ANTONIO QUESADA";"53";"reservas@hotellalaguna.com";"http://www.hotellalaguna.com";"H";"HOTEL";"H";"HOTEL";"94";"190";"NCD";"NO PERTENECE A NINGUNA CADENA";"13/01/2003"; ;"SIEMPRE ABIERTO";"De Lunes a Domingo"
"CV H01620 A";"A";"ALTA"; ; ;"CASA PASAMEE B&B";"03";"ALACANT";"114";"LA ROMANA";"EL VINALOPO MITJA/EL VINALOPO";"03669";"PARTIDA EL RECLOT - POLÍGONO 26, 51-52-91";"PD";"PARTIDA";"EL RECLOT - POLÍGONO 26";"51-52-91";"info@casapasamee.com";"https://casapasamee.com/";"P";"PENSIÓN"; ; ;"5";"10";"NCD";"NO PERTENECE A NINGUNA CADENA";"11/05/2023"; ;"SIEMPRE ABIERTO";"De Lunes a Domingo"
"CV H01358 A";"A";"ALTA";"3";"3 ESTRELLAS";"LA ROMANA & SPA";"03";"ALACANT";"114";"LA ROMANA";"EL VINALOPO MITJA/EL VINALOPO";"03669";"CALLE POLSEGUEROS, 2";"C";"CALLE";"POLSEGUEROS";"2";"reservas@laromanahotel.es";"http://laromanahotel.es";"H";"HOTEL";"H";"HOTEL";"16";"32";"NCD";"NO PERTENECE A NINGUNA CADENA";"31/07/2008"; ; ; 
"CV H01577 A";"B";"BAJA"; ; ;"B&B META VOLANTE";"03";"ALACANT";"115";"SAGRA";"LA MARINA ALTA";"03795";"CALLE CALVARI, 4";"C";"CALLE";"CALVARI";"4";"nancy@metavolante.be"; ;"P";"PENSIÓN"; ; ;"5";"10";"NCD";"NO PERTENECE A NINGUNA CADENA";"16/09/2021";"15/05/2025";"SIEMPRE ABIERTO";"De Lunes a Domingo"
"CV H01714 A";"A";"ALTA";"0";"PENSIÓN";"B&B METAVOLANTE";"03";"ALACANT";"115";"SAGRA";"LA MARINA ALTA";"03795";"CALLE CALVARI, 4";"C";"CALLE";"CALVARI";"4";"joeri.debruyne@telenet.be"; ;"P";"PENSIÓN"; ; ;"6";"12";"NCD";"NO PERTENECE A NINGUNA CADENA";"22/05/2025"; ;"SIEMPRE ABIERTO";"De Lunes a Domingo"
"CV H01709 A";"A";"ALTA";"2";"2 ESTRELLAS";"EL BOTANICO DE SAGRA";"03";"ALACANT";"115";"SAGRA";"LA MARINA ALTA";"03795";"CALLE TORMOS, 15";"C";"CALLE";"TORMOS";"15";"info@elbotanicodesagra.com";"http://www.elbotanicodesagra.com";"H";"HOTEL";"HA";"HOTEL-APARTAMENTO";"7";"20";"NCD";"NO PERTENECE A NINGUNA CADENA";"08/05/2025"; ;"SIEMPRE ABIERTO";"De Lunes a Domingo"
"CV H01711 A";"A";"ALTA";"3";"3 ESTRELLAS";"B6 HOTEL";"03";"ALACANT";"118";"SAN FULGENCIO";"EL BAIX SEGURA/LA VEGA BAJA";"03177";"CALLE MAR DEL NORTE, S/N";"C";"CALLE";"MAR DEL NORTE";"S/N";"info@b6-hotel.es";"http://www.B6-Hotel.es";"H";"HOTEL";"H";"HOTEL";"24";"50";"NCD";"NO PERTENECE A NINGUNA CADENA";"19/05/2025"; ;"SIEMPRE ABIERTO";"De Lunes a Domingo"
"CV H01033 A";"A";"ALTA";"0";"PENSIÓN";"MARI LOLI";"03";"ALACANT";"118";"SAN FULGENCIO";"EL BAIX SEGURA/LA VEGA BAJA";"03177";"CARRETERA N-332 ALICANTE-CARTAGENA, KM. 73,400";"CR";"CARRETERA";"N-332 ALICANTE-CARTAGENA, KM. 73,400"; ;"hostalmariloli@gmail.com";"http://hostal-mariloli.es.tl";"P";"PENSIÓN";"P";"PENSIÓN";"23";"46";"NCD";"NO PERTENECE A NINGUNA CADENA";"16/02/1982"; ;"SIEMPRE ABIERTO";"De Lunes a Domingo"
"CV H00851 A";"A";"ALTA";"3";"3 ESTRELLAS";"ABRIL";"03";"ALACANT";"119";"SANT JOAN D'ALACANT";"L'ALACANTI";"03550";"AVENIDA MIGUEL HERNÁNDEZ, 102";"AV";"AVENIDA";"MIGUEL HERNÁNDEZ";"102";"abrilhotels@hotelabril.es";"http://www.hotelabril.es";"H";"HOTEL";"H";"HOTEL";"48";"96";"NCD";"NO PERTENECE A NINGUNA CADENA";"14/12/1972"; ;"SIEMPRE ABIERTO";"De Lunes a Domingo"
"CV H01172 A";"A";"ALTA";"0";"PENSIÓN";"CLINTON";"03";"ALACANT";"119";"SANT JOAN D'ALACANT";"L'ALACANTI";"03550";"AVENIDA BENIDORM, 7";"AV";"AVENIDA";"BENIDORM";"7"; ; ;"P";"PENSIÓN";"P";"PENSIÓN";"8";"16";"NCD";"NO PERTENECE A NINGUNA CADENA";"11/06/1998"; ;"SIEMPRE ABIERTO";"De Lunes a Domingo"
"CV H01075 A";"A";"ALTA";"0";"PENSIÓN";"COLON";"03";"ALACANT";"119";"SANT JOAN D'ALACANT";"L'ALACANTI";"03550";"CALLE COLON, 10";"C";"CALLE";"COLON";"10";"info@pensioncolon.com";"pensioncolon.com";"P";"PENSIÓN";"P";"PENSIÓN";"21";"36";"NCD";"NO PERTENECE A NINGUNA CADENA";"21/05/1971"; ;"SIEMPRE ABIERTO";"De Lunes a Domingo"
"CV H00875 A";"A";"ALTA"; ; ;"MONREAL";"03";"ALACANT";"119";"SANT JOAN D'ALACANT";"L'ALACANTI";"03550";"MANUEL AMOROS, S.N"; ; ;"MANUEL AMOROS";"S.N"; ; ;"HS";"HOSTAL"; ; ;"20";"43";"NCD";"NO PERTENECE A NINGUNA CADENA";"25/06/1973"; ;"SIEMPRE ABIERTO";"De Lunes a Domingo"
"CV H01113 A";"B";"BAJA";"1";"1 ESTRELLA";"ROMA";"03";"ALACANT";"119";"SANT JOAN D'ALACANT";"L'ALACANTI";"03550";"CALLE MERCAT, 1";"C";"CALLE";"MERCAT";"1";"hotel-roma2004@yahoo.es"; ;"H";"HOTEL";"H";"HOTEL";"27";"39";"NCD";"NO PERTENECE A NINGUNA CADENA";"22/09/1992";"21/04/2015";"SIEMPRE ABIERTO";"De Lunes a Domingo"
"CV H00249 A";"A";"ALTA";"2";"2 ESTRELLAS";"SANTA FAZ";"03";"ALACANT";"119";"SANT JOAN D'ALACANT";"L'ALACANTI";"03550";"PLAZA SANTA FAZ, 2";"PL";"PLAZA";"SANTA FAZ";"2";"santafazhotel@gmail.com";"www.hotelsantafaz.com";"H";"HOTEL";"H";"HOTEL";"35";"66";"NCD";"NO PERTENECE A NINGUNA CADENA";"09/11/1973"; ;"SIEMPRE ABIERTO";"De Lunes a Domingo"
"CV H01306 A";"A";"ALTA";"2";"2 ESTRELLAS";"TORRE SANT JOAN";"03";"ALACANT";"119";"SANT JOAN D'ALACANT";"L'ALACANTI";"03550";"CALLE HORTA, 1";"C";"CALLE";"HORTA";"1";"info@torresantjoan.com";"torresantjoan.com";"H";"HOTEL";"H";"HOTEL";"26";"48";"NCD";"NO PERTENECE A NINGUNA CADENA";"09/02/2005"; ;"SIEMPRE ABIERTO";"De Lunes a Domingo"
"CV H01084 A";"A";"ALTA";"3";"3 ESTRELLAS";"VILLA SAN JUAN";"03";"ALACANT";"119";"SANT JOAN D'ALACANT";"L'ALACANTI";"03550";"PLAZA CONSTITUCION, 6";"PL";"PLAZA";"CONSTITUCION";"6";"info@hotelvillasanjuan.com"; ;"H";"HOTEL";"H";"HOTEL";"52";"105";"HUS";"GRUPO HUSA";"21/03/1988"; ;"SIEMPRE ABIERTO";"De Lunes a Domingo"
"CV H01356 A";"A";"ALTA";"0";"PENSIÓN";"LA OFICINA";"03";"ALACANT";"120";"SAN MIGUEL DE SALINAS";"EL BAIX SEGURA/LA VEGA BAJA";"03193";"CALLE RIO VINALOPÓ, 1 C";"C";"CALLE";"RIO VINALOPÓ";"1 C"; ; ;"P";"PENSIÓN";"P";"PENSIÓN";"6";"12";"NCD";"NO PERTENECE A NINGUNA CADENA";"16/07/2008"; ; ; 
"CV H01556 A";"A";"ALTA";"4";"4 ESTRELLAS";"AJ GRAN ALACANT";"03";"ALACANT";"121";"SANTA POLA";"EL BAIX VINALOPO";"03130";"AVENIDA FINLANDIA, 15";"AV";"AVENIDA";"FINLANDIA";"15";"gran.alacant@ajhoteles.com";"http://ajhoteles.com";"H";"HOTEL";"HA";"HOTEL-APARTAMENTO";"106";"217";"NCD";"NO PERTENECE A NINGUNA CADENA";"17/03/2021"; ;"SIEMPRE ABIERTO";"De Lunes a Domingo"
"CV H01480 A";"A";"ALTA"; ; ;"ALOJAMIENTOS SANTA POLA";"03";"ALACANT";"121";"SANTA POLA";"EL BAIX VINALOPO";"03130";"CALLE SAN ANTONIO, 47";"C";"CALLE";"SAN ANTONIO";"47";"alojamientossantapola@gmail.com"; ;"P";"PENSIÓN"; ; ;"6";"13";"NCD";"NO PERTENECE A NINGUNA CADENA";"13/07/2018"; ;"SIEMPRE ABIERTO";"De Lunes a Domingo"
"CV H01543 A";"A";"ALTA"; ; ;"BEACH";"03";"ALACANT";"121";"SANTA POLA";"EL BAIX VINALOPO";"03130";"CALLE VIRGEN DEL CARMEN, 20";"C";"CALLE";"VIRGEN DEL CARMEN";"20";"salvador@angelasesoria.com"; ;"HS";"HOSTAL"; ; ;"5";"10";"NCD";"NO PERTENECE A NINGUNA CADENA";"06/08/2020"; ;"SIEMPRE ABIERTO";"De Lunes a Domingo"
"CV H01231 A";"B";"BAJA";"3";"3 ESTRELLAS";"COMPLEJO TURÍSTICO STELLA MARIS-SANTA POLA";"03";"ALACANT";"121";"SANTA POLA";"EL BAIX VINALOPO";"03130";"AVENIDA ZARAGOZA, 102";"AV";"AVENIDA";"ZARAGOZA";"102";"direccion.stellamaris@krosshotels.com"; ;"H";"HOTEL";"HA";"HOTEL-APARTAMENTO";"203";"359";"SUM";"SUMMA HOTELES";"17/12/2001";"18/11/2014";"SIEMPRE ABIERTO";"De Lunes a Domingo"
"CV H00208 A";"B";"BAJA";"1";"1 ESTRELLA";"ESPINOSA";"03";"ALACANT";"121";"SANTA POLA";"EL BAIX VINALOPO";"03130";"CALLE SANTA ISABEL, 002";"C";"CALLE";"SANTA ISABEL";"002"; ; ;"H";"HOTEL";"H";"HOTEL";"39";"70";"NCD";"NO PERTENECE A NINGUNA CADENA";"10/08/1970";"21/01/1994";"SIEMPRE ABIERTO";"De Lunes a Domingo"
"CV H00266 A";"A";"ALTA";"4";"4 ESTRELLAS";"GAUDEA";"03";"ALACANT";"121";"SANTA POLA";"EL BAIX VINALOPO";"03130";"CALLE ELCHE, 29";"C";"CALLE";"ELCHE";"29";"reservas@hotelgaudea.com";"http://www.hotelgaudea.com";"H";"HOTEL";"H";"HOTEL";"87";"170";"NCD";"NO PERTENECE A NINGUNA CADENA";"10/10/1962"; ;"SIEMPRE ABIERTO";"De Lunes a Domingo"
"CV H01451 A";"A";"ALTA";"3";"3 ESTRELLAS";"GRAN PLAYA";"03";"ALACANT";"121";"SANTA POLA";"EL BAIX VINALOPO";"03130";"AVENIDA ZARAGOZA, 42";"AV";"AVENIDA";"ZARAGOZA";"42";"direccion@hotelgranplaya.es";"http://hotelgranplaya.es";"H";"HOTEL";"H";"HOTEL";"54";"108";"NCD";"NO PERTENECE A NINGUNA CADENA";"28/10/2016"; ;"SIEMPRE ABIERTO";"De Lunes a Domingo"
"CV H00942 A";"B";"BAJA";"3";"3 ESTRELLAS";"HOTEL JM SANTA POLA";"03";"ALACANT";"121";"SANTA POLA";"EL BAIX VINALOPO";"03130";"CARRETERA ALICANTE-CARTAGENA KM, 17";"CR";"CARRETERA";"ALICANTE-CARTAGENA KM";"17";"reservasantapola@jmhoteles.com";"http://www.jmhoteles.com";"H";"HOTEL";"H";"HOTEL";"100";"190";"NCD";"NO PERTENECE A NINGUNA CADENA";"21/07/1975";"28/03/2013";"SIEMPRE ABIERTO";"De Lunes a Domingo"
"CV H01180 A";"B";"BAJA";"2";"2 ESTRELLAS";"LOS ARCOS";"03";"ALACANT";"121";"SANTA POLA";"EL BAIX VINALOPO";"03130";"CALLE SAN ANTONIO, 46";"C";"CALLE";"SAN ANTONIO";"46"; ; ;"HS";"HOSTAL";"SR";"HOSTAL-RESIDENCIA";"7";"14";"NCD";"NO PERTENECE A NINGUNA CADENA";"24/11/1998";"30/05/2008";"SIEMPRE ABIERTO";"De Lunes a Domingo"
"CV H01078 A";"B";"BAJA";"0";"PENSIÓN";"LOS ARCOS II";"03";"ALACANT";"121";"SANTA POLA";"EL BAIX VINALOPO";"03130";"CALLE GARCIA SARBONI, 7";"C";"CALLE";"GARCIA SARBONI";"7"; ; ;"P";"PENSIÓN";"P";"PENSIÓN";"21";"34";"NCD";"NO PERTENECE A NINGUNA CADENA";"16/09/1987";"14/05/2008";"SIEMPRE ABIERTO";"De Lunes a Domingo"
"CV H00824 A";"B";"BAJA";"0";"PENSIÓN";"MANOLITA";"03";"ALACANT";"121";"SANTA POLA";"EL BAIX VINALOPO";"03130";"PLAZA MAESTRO QUISLANT, 12";"PL";"PLAZA";"MAESTRO QUISLANT";"12"; ; ;"P";"PENSIÓN";"P";"PENSIÓN";"14";"22";"NCD";"NO PERTENECE A NINGUNA CADENA";"17/11/1971";"11/06/2018";"01/04 - 30/09";"De Lunes a Domingo"
"CV H00883 A";"B";"BAJA";"0";"PENSIÓN";"MAYPE";"03";"ALACANT";"121";"SANTA POLA";"EL BAIX VINALOPO";"03130";"CALLE VIRGEN DEL CARMEN, 10";"C";"CALLE";"VIRGEN DEL CARMEN";"10"; ; ;"P";"PENSIÓN";"P";"PENSIÓN";"18";"32";"NCD";"NO PERTENECE A NINGUNA CADENA";"06/07/1973";"11/01/2006";"01/06 - 30/09 y 01/04 - 10/04";"De Lunes a Domingo"
"CV H01112 A";"B";"BAJA";"1";"1 ESTRELLA";"MICHEL";"03";"ALACANT";"121";"SANTA POLA";"EL BAIX VINALOPO";"03130";"CALLE FELIPE II, 11";"C";"CALLE";"FELIPE II";"11";"hotelmichel@hotelmichel.es";"hotelmichel.es";"HS";"HOSTAL";"HS";"HOSTAL";"16";"34";"NCD";"NO PERTENECE A NINGUNA CADENA";"30/03/1993";"24/08/2017";"01/04 - 31/08";"De Lunes a Domingo"
"CV H01628 A";"A";"ALTA";"3";"3 ESTRELLAS";"NARCEA";"03";"ALACANT";"121";"SANTA POLA";"EL BAIX VINALOPO";"03130";"CALLE CRUZ, 4";"C";"CALLE";"CRUZ";"4";"info@hotelnarceasantapola.es";"http://www.hotelnarceasantapola.es";"H";"HOTEL";"HA";"HOTEL-APARTAMENTO";"20";"43";"NCD";"NO PERTENECE A NINGUNA CADENA";"31/07/2023"; ;"SIEMPRE ABIERTO";"De Lunes a Domingo"
"CV H01627 A";"B";"BAJA";"3";"3 ESTRELLAS";"NARCEA";"03";"ALACANT";"121";"SANTA POLA";"EL BAIX VINALOPO";"03130";"CALLE CRUZ, 4";"C";"CALLE";"CRUZ";"4";"info@hotelnarceasantapola.es";"http://www.hotelnarceasantapola.es";"H";"HOTEL";"HA";"HOTEL-APARTAMENTO";"20";"43";"NCD";"NO PERTENECE A NINGUNA CADENA";"27/07/2023";"29/07/2024";"SIEMPRE ABIERTO";"De Lunes a Domingo"
"CV H01765 A";"A";"ALTA";"0";"PENSIÓN";"Nº 219";"03";"ALACANT";"121";"SANTA POLA";"EL BAIX VINALOPO";"03130";"CALLE ALFONSO XII, 16 PT7 L7";"C";"CALLE";"ALFONSO XII";"16 PT7 L7";"nachar@kaiserwolf.es"; ;"P";"PENSIÓN"; ; ;"2";"4";"NCD";"NO PERTENECE A NINGUNA CADENA";"03/11/2025"; ;"SIEMPRE ABIERTO";"De Lunes a Domingo"
"CV H00454 A";"B";"BAJA";"1";"1 ESTRELLA";"PICOLA";"03";"ALACANT";"121";"SANTA POLA";"EL BAIX VINALOPO";"03130";"CALLE ALICANTE, 64";"C";"CALLE";"ALICANTE";"64";"info@hostalpicola.com";"http://www.hostalpicola.com";"HS";"HOSTAL";"HS";"HOSTAL";"18";"35";"NCD";"NO PERTENECE A NINGUNA CADENA";"12/02/1966";"19/07/2013";"SIEMPRE ABIERTO";"De Lunes a Domingo"
"CV H01666 A";"A";"ALTA";"3";"3 ESTRELLAS";"POLAMAR";"03";"ALACANT";"121";"SANTA POLA";"EL BAIX VINALOPO";"03130";"CALLE ASTILLEROS, 12";"C";"CALLE";"ASTILLEROS";"12";"info@hotelpolamar.es";"http://hotelpolamarsantapola.com-hotel.com";"H";"HOTEL";"H";"HOTEL";"78";"170";"NCD";"NO PERTENECE A NINGUNA CADENA";"10/05/2024"; ;"SIEMPRE ABIERTO";"De Lunes a Domingo"
"CV H00965 A";"B";"BAJA";"3";"3 ESTRELLAS";"POLAMAR";"03";"ALACANT";"121";"SANTA POLA";"EL BAIX VINALOPO";"03130";"CALLE ASTILLEROS, 12";"C";"CALLE";"ASTILLEROS";"12";"info@hotelpolamar.es";"www.hotelpolamar.es";"H";"HOTEL";"H";"HOTEL";"70";"142";"NCD";"NO PERTENECE A NINGUNA CADENA";"15/10/1976";"25/04/2022";"SIEMPRE ABIERTO";"De Lunes a Domingo"
"CV H01236 A";"A";"ALTA";"2";"2 ESTRELLAS";"QUATRE LLUNES";"03";"ALACANT";"121";"SANTA POLA";"EL BAIX VINALOPO";"03130";"CALLE MARQUES DE MOLINS, 41";"C";"CALLE";"MARQUES DE MOLINS";"41"; ; ;"H";"HOTEL";"H";"HOTEL";"16";"32";"NCD";"NO PERTENECE A NINGUNA CADENA";"17/01/2002"; ;"SIEMPRE ABIERTO";"De Lunes a Domingo"
"CV H01624 A";"A";"ALTA"; ; ;"SANTA POLA";"03";"ALACANT";"121";"SANTA POLA";"EL BAIX VINALOPO";"03130";"CALLE ALMIRANTE ANTEQUERA, 48";"C";"CALLE";"ALMIRANTE ANTEQUERA";"48";"allan.cardenas@gmail.com"; ;"P";"PENSIÓN"; ; ;"4";"8";"NCD";"NO PERTENECE A NINGUNA CADENA";"10/07/2023"; ;"SIEMPRE ABIERTO";"De Lunes a Domingo"
"CV H01531 A";"B";"BAJA";"3";"3 ESTRELLAS";"SANTA POLA APARTMENTS";"03";"ALACANT";"121";"SANTA POLA";"EL BAIX VINALOPO";"03130";"CALLE HELLIN, 7";"C";"CALLE";"HELLIN";"7";"info@santapolaapartments.com";"http://santapolaapartments.com";"H";"HOTEL";"HA";"HOTEL-APARTAMENTO";"10";"29";"NCD";"NO PERTENECE A NINGUNA CADENA";"26/02/2020";"07/03/2022";"SIEMPRE ABIERTO";"De Lunes a Domingo"
"CV H01082 A";"B";"BAJA";"1";"1 ESTRELLA";"SUECIA";"03";"ALACANT";"121";"SANTA POLA";"EL BAIX VINALOPO";"03130";"CALLE CARRETEROS,76, 007";"C";"CALLE";"CARRETEROS,76";"007"; ; ;"H";"HOTEL";"H";"HOTEL";"28";"49";"NCD";"NO PERTENECE A NINGUNA CADENA";"07/04/1988";"12/11/1992";"SIEMPRE ABIERTO";"De Lunes a Domingo"
"CV H01592 A";"A";"ALTA"; ; ;"VICINO AL MARE";"03";"ALACANT";"121";"SANTA POLA";"EL BAIX VINALOPO";"03130";"AVENIDA ARMADA ESPAÑOLA, 66";"AV";"AVENIDA";"ARMADA ESPAÑOLA";"66";"jose.berbel@agentes.catalanaoccidente.com"; ;"P";"PENSIÓN"; ; ;"3";"6";"NCD";"NO PERTENECE A NINGUNA CADENA";"04/05/2022"; ;"SIEMPRE ABIERTO";"De Lunes a Domingo"
"CV H01737 A";"A";"ALTA"; ; ;"XALOC HABITACIONES";"03";"ALACANT";"121";"SANTA POLA";"EL BAIX VINALOPO";"03130";"CALLE ALMIRANTE ANTEQUERA, 48-BAJO";"C";"CALLE";"ALMIRANTE ANTEQUERA";"48-BAJO";"xalochabitaciones@gmail.com";"http://xalochabitaciones.com";"P";"PENSIÓN"; ; ;"2";"4";"NCD";"NO PERTENECE A NINGUNA CADENA";"22/07/2025"; ;"SIEMPRE ABIERTO";"De Lunes a Domingo"
"CV H01634 A";"A";"ALTA"; ; ;"BELLA RESIDENCE";"03";"ALACANT";"122";"SANT VICENT DEL RASPEIG/SAN VICENTE DEL RASPEIG";"L'ALACANTI";"03690";"CALLE POETA GARCÍA LORCA, 7";"C";"CALLE";"POETA GARCÍA LORCA";"7"; ; ;"P";"PENSIÓN"; ; ;"17";"33";"NCD";"NO PERTENECE A NINGUNA CADENA";"02/10/2023"; ;"SIEMPRE ABIERTO";"De Lunes a Domingo"
"CV H00399 A";"A";"ALTA";"2";"2 ESTRELLAS";"CASA ANTONIO";"03";"ALACANT";"122";"SANT VICENT DEL RASPEIG/SAN VICENTE DEL RASPEIG";"L'ALACANTI";"03690";"CALLE LILLO JUAN, 3";"C";"CALLE";"LILLO JUAN";"3";"hostalcasaantonio@gmail.com"; ;"HS";"HOSTAL";"HS";"HOSTAL";"28";"43";"NCD";"NO PERTENECE A NINGUNA CADENA";"22/04/1964"; ;"SIEMPRE ABIERTO";"De Lunes a Domingo"
"CV H01753 A";"A";"ALTA";"3";"3 ESTRELLAS";"LAVINIA NATURIST RESORT";"03";"ALACANT";"122";"SANT VICENT DEL RASPEIG/SAN VICENTE DEL RASPEIG";"L'ALACANTI";"03690";"CAMINO LO RAMOS, 8";"CM";"CAMINO";"LO RAMOS";"8";"info@laviniaturistresort.com";"http://laviniaturistresort.com";"H";"HOTEL";"HA";"HOTEL-APARTAMENTO";"7";"25";"NCD";"NO PERTENECE A NINGUNA CADENA";"03/10/2025"; ;"SIEMPRE ABIERTO";"De Lunes a Domingo"
"CV H01567 A";"B";"BAJA";"2";"2 ESTRELLAS";"RESIDENCIA MEDITERRANEO";"03";"ALACANT";"122";"SANT VICENT DEL RASPEIG/SAN VICENTE DEL RASPEIG";"L'ALACANTI";"03690";"CALLE DECANO, 12";"C";"CALLE";"DECANO";"12";"pvigueras@vigueras.net"; ;"H";"HOTEL";"HA";"HOTEL-APARTAMENTO";"43";"86";"NCD";"NO PERTENECE A NINGUNA CADENA";"12/07/2021";"07/03/2022";"SIEMPRE ABIERTO";"De Lunes a Domingo"
"CV H01598 A";"B";"BAJA"; ; ;"RESIDENCIA MEDITERRANEO";"03";"ALACANT";"122";"SANT VICENT DEL RASPEIG/SAN VICENTE DEL RASPEIG";"L'ALACANTI";"03690";"CALLE DECANO, 12";"C";"CALLE";"DECANO";"12";"pvigueras@vigueras.net";"https://www.residenciamediterraneo.com/";"HS";"HOSTAL"; ; ;"43";"86";"NCD";"NO PERTENECE A NINGUNA CADENA";"30/06/2022";"02/05/2023";"15/06 - 15/09";"De Lunes a Domingo"
"CV H01644 A";"A";"ALTA";"3";"3 ESTRELLAS";"UNIVERSA HOTEL";"03";"ALACANT";"122";"SANT VICENT DEL RASPEIG/SAN VICENTE DEL RASPEIG";"L'ALACANTI";"03690";"AVENIDA VICENTE SAVALL PASCUAL, 33";"AV";"AVENIDA";"VICENTE SAVALL PASCUAL";"33";"residencia@villauniversitaria.com";"http://villauniversitaria.com";"H";"HOTEL";"H";"HOTEL";"63";"122";"NCD";"NO PERTENECE A NINGUNA CADENA";"08/01/2024"; ;"SIEMPRE ABIERTO";"De Lunes a Domingo"
"CV H01441 A";"A";"ALTA"; ; ;"VILLAGE";"03";"ALACANT";"122";"SANT VICENT DEL RASPEIG/SAN VICENTE DEL RASPEIG";"L'ALACANTI";"03690";"CALLE PIZARRO, 2";"C";"CALLE";"PIZARRO";"2";"jmena@europahousegroup.com";"http://europahousegroup.com";"HS";"HOSTAL"; ; ;"16";"37";"NCD";"NO PERTENECE A NINGUNA CADENA";"05/07/2016"; ;"SIEMPRE ABIERTO";"De Lunes a Domingo"
"CV H01187 A";"A";"ALTA";"0";"PENSIÓN";"EL ALMENDROS";"03";"ALACANT";"123";"SAX";"L'ALT VINALOPO/ALTO VINALOPO";"03630";"PARAJE LAS SUERTES, 99"; ; ;"PARAJE LAS SUERTES";"99"; ; ;"P";"PENSIÓN";"P";"PENSIÓN";"6";"11";"NCD";"NO PERTENECE A NINGUNA CADENA";"15/03/1999"; ;"SIEMPRE ABIERTO";"De Lunes a Domingo"
"CV H01341 A";"A";"ALTA";"3";"3 ESTRELLAS";"FUENTE EL CURA";"03";"ALACANT";"123";"SAX";"L'ALT VINALOPO/ALTO VINALOPO";"03630";"CALLE REGINO SOLER, 6";"C";"CALLE";"REGINO SOLER";"6"; ; ;"H";"HOTEL";"H";"HOTEL";"23";"44";"NCD";"NO PERTENECE A NINGUNA CADENA";"23/05/2007"; ;"SIEMPRE ABIERTO";"De Lunes a Domingo"
"CV H01294 A";"A";"ALTA";"4";"4 ESTRELLAS";"CASA LEHMI";"03";"ALACANT";"127";"TÀRBENA";"LA MARINA BAIXA";"03518";"PARTIDA EL BUSCARRO, 1";"PD";"PARTIDA";"EL BUSCARRO";"1";"hotel@casalehmi.com";"http://www.casalehmi.com";"H";"HOTEL";"H";"HOTEL";"8";"16";"NCD";"NO PERTENECE A NINGUNA CADENA";"30/04/2004"; ;"SIEMPRE ABIERTO";"De Lunes a Domingo"
"CV H01241 A";"A";"ALTA";"2";"2 ESTRELLAS";"TÀRBENA";"03";"ALACANT";"127";"TÀRBENA";"LA MARINA BAIXA";"03518";"CALLE SANTISIMA TRINIDAD, 1";"C";"CALLE";"SANTISIMA TRINIDAD";"1";"htarbena@paralelo40.org";"http://www.hotel-tarbena.com";"H";"HOTEL";"H";"HOTEL";"11";"19";"NCD";"NO PERTENECE A NINGUNA CADENA";"19/04/2002"; ;"SIEMPRE ABIERTO";"De Lunes a Domingo"
"CV H01369 A";"B";"BAJA";"3";"3 ESTRELLAS";"4 VIENTOS";"03";"ALACANT";"128";"TEULADA";"LA MARINA ALTA";"03725";"CARRETERA NACIONAL 332, PK 181,5, 0";"CR";"CARRETERA";"NACIONAL 332, PK 181,5";"0"; ; ;"H";"HOTEL";"H";"HOTEL";"27";"47";"NCD";"NO PERTENECE A NINGUNA CADENA";"23/07/2009";"04/06/2013";"SIEMPRE ABIERTO";"De Lunes a Domingo"
"CV H00218 A";"B";"BAJA";"0";"PENSIÓN";"BOIRA";"03";"ALACANT";"128";"TEULADA";"LA MARINA ALTA";"03724";"PORTET DE MORAIRA, S.N"; ; ;"PORTET DE MORAIRA";"S.N"; ; ;"P";"PENSIÓN";"P";"PENSIÓN";"9";"16";"NCD";"NO PERTENECE A NINGUNA CADENA";"24/04/1989";"15/10/1992";"SIEMPRE ABIERTO";"De Lunes a Domingo"
"CV H01239 A";"A";"ALTA";"1";"1 ESTRELLA";"CASA LILI";"03";"ALACANT";"128";"TEULADA";"LA MARINA ALTA";"03724";"CALLE PINTOR EL GRECO, 7";"C";"CALLE";"PINTOR EL GRECO";"7"; ; ;"HS";"HOSTAL";"SR";"HOSTAL-RESIDENCIA";"9";"18";"NCD";"NO PERTENECE A NINGUNA CADENA";"21/02/2002"; ;"SIEMPRE ABIERTO";"De Lunes a Domingo"
"CV H00220 A";"B";"BAJA";"0";"PENSIÓN";"CHIMO";"03";"ALACANT";"128";"TEULADA";"LA MARINA ALTA";"03724";"CALLE CAMINO DE LA VIUDA, 000";"C";"CALLE";"CAMINO DE LA VIUDA";"000"; ; ;"P";"PENSIÓN";"P";"PENSIÓN";"15";"26";"NCD";"NO PERTENECE A NINGUNA CADENA";"25/06/1960";"26/05/1997";"SIEMPRE ABIERTO";"De Lunes a Domingo"
"CV H00680 A";"B";"BAJA";"1";"1 ESTRELLA";"CUATRO VIENTOS";"03";"ALACANT";"128";"TEULADA";"LA MARINA ALTA";"03725";"CARRETERA VALENCIA-MURCIA KM, 154";"CR";"CARRETERA";"VALENCIA-MURCIA KM";"154"; ; ;"HS";"HOSTAL";"HS";"HOSTAL";"16";"28";"NCD";"NO PERTENECE A NINGUNA CADENA";"26/11/1970";"13/04/2004";"SIEMPRE ABIERTO";"De Lunes a Domingo"
"CV H01280 A";"A";"ALTA";"3";"3 ESTRELLAS";"LA SORT";"03";"ALACANT";"128";"TEULADA";"LA MARINA ALTA";"03724";"AVENIDA DE LA PAZ, 24, MORAIRA";"AV";"AVENIDA";"DE LA PAZ, 24, MORAIRA"; ;"hotel@lasort.com";"https://www.lasort.com";"H";"HOTEL";"H";"HOTEL";"22";"45";"NCD";"NO PERTENECE A NINGUNA CADENA";"20/08/2003"; ;"SIEMPRE ABIERTO";"De Lunes a Domingo"
"CV H01107 A";"A";"ALTA";"3";"3 ESTRELLAS";"LOS LIMONEROS";"03";"ALACANT";"128";"TEULADA";"LA MARINA ALTA";"03724";"CALLE MAR DEL NORTE, 20";"C";"CALLE";"MAR DEL NORTE";"20";"loslimoneroshotel@hotmail.coml";"http://www.loslimoneros.com";"H";"HOTEL";"HA";"HOTEL-APARTAMENTO";"18";"40";"NCD";"NO PERTENECE A NINGUNA CADENA";"30/07/1991"; ;"SIEMPRE ABIERTO";"De Lunes a Domingo"
"CV H01465 A";"A";"ALTA";"3";"3 ESTRELLAS";"MAÑET";"03";"ALACANT";"128";"TEULADA";"LA MARINA ALTA";"03724";"AVENIDA DEL PORTET, 126";"AV";"AVENIDA";"DEL PORTET";"126";"info@hotelmanyetmoraira.es";"http://hotelmanyetmoraira.es";"H";"HOTEL"; ; ;"9";"18";"NCD";"NO PERTENECE A NINGUNA CADENA";"01/08/2017"; ;"SIEMPRE ABIERTO";"De Lunes a Domingo"
"CV H00546 A";"B";"BAJA";"2";"2 ESTRELLAS";"MORADIX";"03";"ALACANT";"128";"TEULADA";"LA MARINA ALTA";"03724";"MONCAYO, 1"; ; ;"MONCAYO";"1"; ; ;"H";"HOTEL";"H";"HOTEL";"30";"55";"NCD";"NO PERTENECE A NINGUNA CADENA";"17/10/1966";"12/06/2000";"01/04 - 31/10";"De Lunes a Domingo"
"CV H01655 A";"A";"ALTA";"4";"4 ESTRELLAS";"RITUAL DE TERRA & SPA MORAIRA";"03";"ALACANT";"128";"TEULADA";"LA MARINA ALTA";"03724";"CALLE MONCAYO, 20";"C";"CALLE";"MONCAYO";"20";"holamoraira@ritualdeterra.com"; ;"H";"HOTEL";"HA";"HOTEL-APARTAMENTO";"63";"108";"NCD";"NO PERTENECE A NINGUNA CADENA";"05/04/2024"; ;"SIEMPRE ABIERTO";"De Lunes a Domingo"
"CV H00845 A";"A";"ALTA";"4";"4 ESTRELLAS";"SERAWA MORAIRA";"03";"ALACANT";"128";"TEULADA";"LA MARINA ALTA";"03724";"PARTIDA  ESTACA DE BARES, 11";"PD";"PARTIDA";"ESTACA DE BARES";"11";"info.moraira@serawahotels.com";"www.serawahotels.com";"H";"HOTEL";"H";"HOTEL";"39";"78";"SRW";"SERAWA HOTELS";"19/10/1972"; ;"SIEMPRE ABIERTO";"De Lunes a Domingo"
"CV H01272 A";"A";"ALTA";"0";"PENSIÓN";"SOLPARK TENIS";"03";"ALACANT";"128";"TEULADA";"LA MARINA ALTA";"03724";"CALLE LÉRIDA, 2";"C";"CALLE";"LÉRIDA";"2";"solparktenis@ctv.es"; ;"P";"PENSIÓN";"P";"PENSIÓN";"10";"15";"NCD";"NO PERTENECE A NINGUNA CADENA";"24/04/2003"; ;"SIEMPRE ABIERTO";"De Lunes a Domingo"
"CV H01069 A";"A";"ALTA";"4";"4 ESTRELLAS";"SWISS MORAIRA";"03";"ALACANT";"128";"TEULADA";"LA MARINA ALTA";"03724";"CALLE HAYA      -MORAIRA-, 175";"C";"CALLE";"HAYA      -MORAIRA-";"175";"info@swisshotelmoraira.com";"https://www.swisshotelmoraira.com/es";"H";"HOTEL";"H";"HOTEL";"35";"72";"NCD";"NO PERTENECE A NINGUNA CADENA";"01/09/1986"; ;"SIEMPRE ABIERTO";"De Lunes a Domingo"
"CV H01344 A";"B";"BAJA";"1";"1 ESTRELLA";"VILLA COMODIN";"03";"ALACANT";"128";"TEULADA";"LA MARINA ALTA";"03724";"CALLE MAR TIRRENO, 4";"C";"CALLE";"MAR TIRRENO";"4";"f.revensch@bluewin.com";"http://villa-comodin.com";"HS";"HOSTAL";"SR";"HOSTAL-RESIDENCIA";"7";"14";"NCD";"NO PERTENECE A NINGUNA CADENA";"24/10/2007";"03/03/2010";"SIEMPRE ABIERTO";"De Lunes a Domingo"
"CV H01380 A";"A";"ALTA";"4";"4 ESTRELLAS";"FINCA RONESA";"03";"ALACANT";"129";"TIBI";"L'ALCOIA";"03109";"CAMINO DEL PANTANO, S/N";"CM";"CAMINO";"DEL PANTANO";"S/N";"info@hotelfincaronesa.com";"http://www.hotelfincaronesa.com/";"H";"HOTEL";"H";"HOTEL";"13";"26";"NCD";"NO PERTENECE A NINGUNA CADENA";"19/02/2010"; ;"SIEMPRE ABIERTO";"Sólo Fines de Semana"
"CV H00564 A";"B";"BAJA";"0";"PENSIÓN";"EL CHATO";"03";"ALACANT";"132";"TORRE DE LES MAÇANES, LA / TORREMANZANAS";"L'ALACANTI";"03108";"AVENIDA CAMPELLO, S.N";"AV";"AVENIDA";"CAMPELLO";"S.N"; ; ;"P";"PENSIÓN";"P";"PENSIÓN";"10";"14";"NCD";"NO PERTENECE A NINGUNA CADENA";"01/01/1992";"28/02/1996";"15/06 - 15/09";"De Lunes a Domingo"
"CV H01211 A";"A";"ALTA";"3";"3 ESTRELLAS";"EL SESTER";"03";"ALACANT";"132";"TORRE DE LES MAÇANES, LA / TORREMANZANAS";"L'ALACANTI";"03108";"CALLE FINESTRAT, 2";"C";"CALLE";"FINESTRAT";"2"; ; ;"H";"HOTEL";"H";"HOTEL";"14";"27";"NCD";"NO PERTENECE A NINGUNA CADENA";"22/02/2001"; ;"SIEMPRE ABIERTO";"De Lunes a Domingo"
"CV H00806 A";"A";"ALTA";"0";"PENSIÓN";"LA TORRE";"03";"ALACANT";"132";"TORRE DE LES MAÇANES, LA / TORREMANZANAS";"L'ALACANTI";"03108";"AVENIDA VILLAJOYOSA, 1";"AV";"AVENIDA";"VILLAJOYOSA";"1"; ; ;"P";"PENSIÓN";"P";"PENSIÓN";"5";"12";"NCD";"NO PERTENECE A NINGUNA CADENA";"06/07/1971"; ;"01/07 - 15/09";"De Lunes a Domingo"
"CV H01106 A";"B";"BAJA";"0";"PENSIÓN";"LA TORRE II";"03";"ALACANT";"132";"TORRE DE LES MAÇANES, LA / TORREMANZANAS";"L'ALACANTI";"03108";"PARTIDA MASETS, S.N"; ; ;"PARTIDA MASETS";"S.N"; ; ;"P";"PENSIÓN";"P";"PENSIÓN";"15";"26";"NCD";"NO PERTENECE A NINGUNA CADENA";"05/06/1991";"05/05/1998";"SIEMPRE ABIERTO";"De Lunes a Domingo"
"CV H01141 A";"A";"ALTA";"0";"PENSIÓN";"MASIA LOS CASTELLANOS";"03";"ALACANT";"132";"TORRE DE LES MAÇANES, LA / TORREMANZANAS";"L'ALACANTI";"03108";"PARTIDA ALCOIES, S/N";"PD";"PARTIDA";"ALCOIES";"S/N"; ; ;"P";"PENSIÓN";"P";"PENSIÓN";"8";"16";"NCD";"NO PERTENECE A NINGUNA CADENA";"24/05/1995"; ;"SIEMPRE ABIERTO";"De Lunes a Domingo"
"CV H00925 A";"A";"ALTA";"0";"PENSIÓN";"HB TORREVIEJA";"03";"ALACANT";"133";"TORREVIEJA";"EL BAIX SEGURA/LA VEGA BAJA";"03182";"CALLE APOLO, 45";"C";"CALLE";"APOLO";"45";"hbasociados2018@gmail.com"; ;"P";"PENSIÓN";"P";"PENSIÓN";"24";"38";"NCD";"NO PERTENECE A NINGUNA CADENA";"10/12/1974"; ;"SIEMPRE ABIERTO";"De Lunes a Domingo"
"CV H01505 A";"A";"ALTA"; ; ;"7A";"03";"ALACANT";"133";"TORREVIEJA";"EL BAIX SEGURA/LA VEGA BAJA";"03182";"CALLE ALMUDENA, 4-BJ";"C";"CALLE";"ALMUDENA";"4-BJ"; ; ;"HS";"HOSTAL"; ; ;"7";"12";"NCD";"NO PERTENECE A NINGUNA CADENA";"28/06/2019"; ;"SIEMPRE ABIERTO";"De Lunes a Domingo"
"CV H01312 A";"A";"ALTA";"1";"1 ESTRELLA";"ALBA";"03";"ALACANT";"133";"TORREVIEJA";"EL BAIX SEGURA/LA VEGA BAJA";"03188";"AVENIDA ESPAÑOLES, 17";"AV";"AVENIDA";"ESPAÑOLES";"17";"buzon@hostalbaplaya.com";"http://www.hostalalbaplaya.com";"HS";"HOSTAL";"SR";"HOSTAL-RESIDENCIA";"11";"19";"NCD";"NO PERTENECE A NINGUNA CADENA";"14/07/2005"; ;"SIEMPRE ABIERTO";"De Lunes a Domingo"
"CV H01466 A";"A";"ALTA";"3";"3 ESTRELLAS";"APARTHOTEL SOLE BELLO";"03";"ALACANT";"133";"TORREVIEJA";"EL BAIX SEGURA/LA VEGA BAJA";"03188";"AVENIDA DEL MAR, 1-3";"AV";"AVENIDA";"DEL MAR";"1-3";"comercial@kenkohotels.com";"https://aparthotel-sole-bello.business.site";"H";"HOTEL";"HA";"HOTEL-APARTAMENTO";"49";"118";"NCD";"NO PERTENECE A NINGUNA CADENA";"03/08/2017"; ;"SIEMPRE ABIERTO";"De Lunes a Domingo"
"CV H00771 A";"A";"ALTA";"3";"3 ESTRELLAS";"AS HOTEL MADRID";"03";"ALACANT";"133";"TORREVIEJA";"EL BAIX SEGURA/LA VEGA BAJA";"03181";"CALLE VILLA MADRID, 15";"C";"CALLE";"VILLA MADRID";"15";"reservas@ansahotel.com";"http://www.ansahotel.com";"H";"HOTEL";"H";"HOTEL";"40";"73";"NCD";"NO PERTENECE A NINGUNA CADENA";"10/03/1971"; ;"SIEMPRE ABIERTO";"De Lunes a Domingo"
"CV H00813 A";"B";"BAJA";"2";"2 ESTRELLAS";"BRASIL";"03";"ALACANT";"133";"TORREVIEJA";"EL BAIX SEGURA/LA VEGA BAJA";"03180";"MARIA PARODI, 4, S.N"; ; ;"MARIA PARODI, 4";"S.N"; ; ;"HS";"HOSTAL";"SR";"HOSTAL-RESIDENCIA";"12";"18";"NCD";"NO PERTENECE A NINGUNA CADENA";"02/09/1971";"06/07/1994";"01/04 - 31/10";"De Lunes a Domingo"
"CV H00884 A";"B";"BAJA";"0";"PENSIÓN";"CALICHE";"03";"ALACANT";"133";"TORREVIEJA";"EL BAIX SEGURA/LA VEGA BAJA";"03180";"CALLE PEDRO LORCA, 017";"C";"CALLE";"PEDRO LORCA";"017"; ; ;"P";"PENSIÓN";"P";"PENSIÓN";"12";"23";"NCD";"NO PERTENECE A NINGUNA CADENA";"13/07/1973";"18/06/1997";"01/04 - 30/10";"De Lunes a Domingo"
"CV H01110 A";"A";"ALTA";"1";"1 ESTRELLA";"CANO";"03";"ALACANT";"133";"TORREVIEJA";"EL BAIX SEGURA/LA VEGA BAJA";"03182";"CALLE ZOA, 53";"C";"CALLE";"ZOA";"53";"info@hotelcano.com";"http://hotelcano.com";"H";"HOTEL";"H";"HOTEL";"57";"94";"NCD";"NO PERTENECE A NINGUNA CADENA";"25/05/1992"; ;"SIEMPRE ABIERTO";"De Lunes a Domingo"
"CV H01546 A";"B";"BAJA";"0";"PENSIÓN";"CASTILLA";"03";"ALACANT";"133";"TORREVIEJA";"EL BAIX SEGURA/LA VEGA BAJA";"03182";"CALLE LA SAL, 16";"C";"CALLE";"LA SAL";"16";"rociocontento5@gmail.com";"servigroup.com";"HS";"HOSTAL"; ; ;"22";"36";"NCD";"NO PERTENECE A NINGUNA CADENA";"21/08/2020";"06/06/2022";"SIEMPRE ABIERTO";"De Lunes a Domingo"
"CV H01135 A";"B";"BAJA";"1";"1 ESTRELLA";"CASTILLA";"03";"ALACANT";"133";"TORREVIEJA";"EL BAIX SEGURA/LA VEGA BAJA";"03182";"CALLE LA SAL, 16";"C";"CALLE";"LA SAL";"16";"hostalcastilla@publisof.com";"http://www.hostal-castilla.com";"HS";"HOSTAL";"HS";"HOSTAL";"22";"45";"NCD";"NO PERTENECE A NINGUNA CADENA";"25/02/1995";"31/05/2010";"01/03 - 31/12";"De Lunes a Domingo"
"CV H01222 A";"A";"ALTA";"1";"1 ESTRELLA";"CENTRAL";"03";"ALACANT";"133";"TORREVIEJA";"EL BAIX SEGURA/LA VEGA BAJA";"03181";"RAMBLA JUAN MATEO, 18"; ; ;"RAMBLA JUAN MATEO";"18";"hotel.central@hotmail.com";"https://hotel-central-torrevieja.business.site";"H";"HOTEL";"H";"HOTEL";"28";"47";"NCD";"NO PERTENECE A NINGUNA CADENA";"20/07/2001"; ;"SIEMPRE ABIERTO";"De Lunes a Domingo"
"CV H01147 A";"B";"BAJA";"1";"1 ESTRELLA";"DELFIN";"03";"ALACANT";"133";"TORREVIEJA";"EL BAIX SEGURA/LA VEGA BAJA";"03180";"PLAZA MARINA ESPAÑOLA, 11";"PL";"PLAZA";"MARINA ESPAÑOLA";"11"; ; ;"H";"HOTEL";"H";"HOTEL";"12";"22";"NCD";"NO PERTENECE A NINGUNA CADENA";"04/10/1995";"12/04/2001";"SIEMPRE ABIERTO";"De Lunes a Domingo"
"CV H01402 A";"A";"ALTA";"4";"4 ESTRELLAS";"DOÑA MONSE";"03";"ALACANT";"133";"TORREVIEJA";"EL BAIX SEGURA/LA VEGA BAJA";"03186";"URBANIZACIÓN LOS BALCONES, AV. DE ORIHUELA, 75";"UR";"URBANIZACIÓN";"LOS BALCONES, AV. DE ORIHUELA";"75";"reservas@hotelmonse.com";"https://www.hotelmonse.com";"H";"HOTEL";"H";"HOTEL";"69";"134";"NCD";"NO PERTENECE A NINGUNA CADENA";"04/05/2012"; ;"SIEMPRE ABIERTO";"De Lunes a Domingo"
"CV H00636 A";"B";"BAJA";"1";"1 ESTRELLA";"EDEN ROC";"03";"ALACANT";"133";"TORREVIEJA";"EL BAIX SEGURA/LA VEGA BAJA";"03180";"CALLE ALFREDO NOBEL, 108";"C";"CALLE";"ALFREDO NOBEL";"108"; ; ;"H";"HOTEL";"H";"HOTEL";"30";"56";"NCD";"NO PERTENECE A NINGUNA CADENA";"06/11/1969";"14/04/1994";"01/04 - 30/09";"De Lunes a Domingo"
"CV H00215 A";"B";"BAJA";"0";"PENSIÓN";"FERNANDEZ";"03";"ALACANT";"133";"TORREVIEJA";"EL BAIX SEGURA/LA VEGA BAJA";"03180";"CALLE RAMON GALLUD, 16";"C";"CALLE";"RAMON GALLUD";"16"; ; ;"P";"PENSIÓN";"P";"PENSIÓN";"19";"32";"NCD";"NO PERTENECE A NINGUNA CADENA";"01/01/1965";"09/07/2001";"SIEMPRE ABIERTO";"De Lunes a Domingo"
"CV H01055 A";"B";"BAJA";"2";"2 ESTRELLAS";"FONTANA";"03";"ALACANT";"133";"TORREVIEJA";"EL BAIX SEGURA/LA VEGA BAJA";"03181";"RAMBLA DE JUAN MATEO, 19"; ; ;"RAMBLA DE JUAN MATEO";"19";"hotel@hotelfontana.com";"http://www.hotelfontana.com";"H";"HOTEL";"H";"HOTEL";"156";"294";"NCD";"NO PERTENECE A NINGUNA CADENA";"15/12/1983";"30/11/2009";"SIEMPRE ABIERTO";"De Lunes a Domingo"
"CV H01397 A";"A";"ALTA";"3";"3 ESTRELLAS";"FONTANA PLAZA";"03";"ALACANT";"133";"TORREVIEJA";"EL BAIX SEGURA/LA VEGA BAJA";"03181";"RAMBLA JUAN MATEO GARCÍA, 19"; ; ;"RAMBLA JUAN MATEO GARCÍA";"19";"fontanaplaza@hotelfontanaplaza.com";"http://www.hotelfontanaplaza.com";"H";"HOTEL";"H";"HOTEL";"173";"346";"NCD";"NO PERTENECE A NINGUNA CADENA";"29/07/2011"; ;"SIEMPRE ABIERTO";"De Lunes a Domingo"
"CV H01275 A";"A";"ALTA";"1";"1 ESTRELLA";"GRAN VIA";"03";"ALACANT";"133";"TORREVIEJA";"EL BAIX SEGURA/LA VEGA BAJA";"03182";"CALLE PATRICIO ZAMMIT, 60";"C";"CALLE";"PATRICIO ZAMMIT";"60";"andres1068@hotmail.es"; ;"HS";"HOSTAL";"SR";"HOSTAL-RESIDENCIA";"17";"33";"NCD";"NO PERTENECE A NINGUNA CADENA";"13/06/2003"; ; ; 
"CV H01670 A";"A";"ALTA"; ; ;"H'S BEACH";"03";"ALACANT";"133";"TORREVIEJA";"EL BAIX SEGURA/LA VEGA BAJA";"03182";"CALLE FRAGATA, 1, LOCAL 4";"C";"CALLE";"FRAGATA";"1, LOCAL 4";"paseobeach@hotmail.com"; ;"HS";"HOSTAL"; ; ;"6";"12";"NCD";"NO PERTENECE A NINGUNA CADENA";"19/08/2024"; ;"SIEMPRE ABIERTO";"De Lunes a Domingo"
"CV H01132 A";"A";"ALTA";"1";"1 ESTRELLA";"JUAN CARLOS";"03";"ALACANT";"133";"TORREVIEJA";"EL BAIX SEGURA/LA VEGA BAJA";"03182";"CALLE APOLO, 85";"C";"CALLE";"APOLO";"85";"info@hoteljuancarlos.com";"http://www.hoteljuancarlos.com";"H";"HOTEL";"H";"HOTEL";"24";"49";"NCD";"NO PERTENECE A NINGUNA CADENA";"07/02/1995"; ;"SIEMPRE ABIERTO";"De Lunes a Domingo"
"CV H00484 A";"B";"BAJA";"2";"2 ESTRELLAS";"LA CIBELES";"03";"ALACANT";"133";"TORREVIEJA";"EL BAIX SEGURA/LA VEGA BAJA";"03180";"AVENIDA GREGORIO MARAÑON, 28";"AV";"AVENIDA";"GREGORIO MARAÑON";"28"; ; ;"HS";"HOSTAL";"SR";"HOSTAL-RESIDENCIA";"40";"80";"NCD";"NO PERTENECE A NINGUNA CADENA";"21/07/1965";"11/12/1998";"SIEMPRE ABIERTO";"De Lunes a Domingo"
"CV H01772 A";"A";"ALTA";"0";"PENSIÓN";"LA MAR SALÁ I";"03";"ALACANT";"133";"TORREVIEJA";"EL BAIX SEGURA/LA VEGA BAJA";"03181";"CALLE GABRIEL MIRO, 9 ESC 1 P1";"C";"CALLE";"GABRIEL MIRO";"9 ESC 1 P1";"oficina@consultingvegatec.com"; ;"P";"PENSIÓN"; ; ;"2";"4";"NCD";"NO PERTENECE A NINGUNA CADENA";"23/12/2025"; ;"SIEMPRE ABIERTO";"De Lunes a Domingo"
"CV H01244 A";"A";"ALTA";"1";"1 ESTRELLA";"LAGUNA SALADA";"03";"ALACANT";"133";"TORREVIEJA";"EL BAIX SEGURA/LA VEGA BAJA";"03185";"CALLE MONTEPERDIDO, URB. LOS ALTOS, 22";"C";"CALLE";"MONTEPERDIDO, URB. LOS ALTOS";"22";"aparthotelatlas@hotmail.com";"https://aparthotelatlas.negocio.site";"H";"HOTEL";"HA";"HOTEL-APARTAMENTO";"16";"40";"NCD";"NO PERTENECE A NINGUNA CADENA";"21/06/2002"; ;"SIEMPRE ABIERTO";"De Lunes a Domingo"
"CV H01630 A";"A";"ALTA"; ; ;"LAVELA";"03";"ALACANT";"133";"TORREVIEJA";"EL BAIX SEGURA/LA VEGA BAJA";"03182";"CALLE SAN PASCUAL, 210";"C";"CALLE";"SAN PASCUAL";"210";"lavelaturistico2023@gmail.com"; ;"HS";"HOSTAL"; ; ;"5";"10";"NCD";"NO PERTENECE A NINGUNA CADENA";"11/08/2023"; ;"SIEMPRE ABIERTO";"De Lunes a Domingo"
"CV H00381 A";"B";"BAJA";"0";"PENSIÓN";"LEANDRO";"03";"ALACANT";"133";"TORREVIEJA";"EL BAIX SEGURA/LA VEGA BAJA";"03181";"CALLE HUERTO, 2";"C";"CALLE";"HUERTO";"2"; ; ;"P";"PENSIÓN";"P";"PENSIÓN";"14";"18";"NCD";"NO PERTENECE A NINGUNA CADENA";"05/03/1964";"20/12/2013";"SIEMPRE ABIERTO";"De Lunes a Domingo"
"CV H01138 A";"A";"ALTA";"3";"3 ESTRELLAS";"LLOYDS BEACH CLUB";"03";"ALACANT";"133";"TORREVIEJA";"EL BAIX SEGURA/LA VEGA BAJA";"03188";"AVENIDA HOLANDESES, 2";"AV";"AVENIDA";"HOLANDESES";"2";"info@lloydsclub.com";"http://www.lloydsclub.com";"H";"HOTEL";"HA";"HOTEL-APARTAMENTO";"28";"72";"NCD";"NO PERTENECE A NINGUNA CADENA";"21/04/1995"; ;"SIEMPRE ABIERTO";"De Lunes a Domingo"
"CV H00997 A";"B";"BAJA";"2";"2 ESTRELLAS";"MARBELLA";"03";"ALACANT";"133";"TORREVIEJA";"EL BAIX SEGURA/LA VEGA BAJA";"03180";"CALLE ALFREDO NOBEL, 002";"C";"CALLE";"ALFREDO NOBEL";"002"; ; ;"H";"HOTEL";"H";"HOTEL";"30";"50";"NCD";"NO PERTENECE A NINGUNA CADENA";"19/04/1978";"25/01/1994";"SIEMPRE ABIERTO";"De Lunes a Domingo"
"CV H00301 A";"A";"ALTA";"3";"3 ESTRELLAS";"MASA INTERNATIONAL";"03";"ALACANT";"133";"TORREVIEJA";"EL BAIX SEGURA/LA VEGA BAJA";"03183";"CALLE ALFREDO NOBEL, 150";"C";"CALLE";"ALFREDO NOBEL";"150";"info@hotelmasa.com";"http://www.hotelmasa.com";"H";"HOTEL";"H";"HOTEL";"50";"99";"NCD";"NO PERTENECE A NINGUNA CADENA";"15/10/1963"; ;"SIEMPRE ABIERTO";"De Lunes a Domingo"
"CV H00953 A";"B";"BAJA";"2";"2 ESTRELLAS";"MAZU";"03";"ALACANT";"133";"TORREVIEJA";"EL BAIX SEGURA/LA VEGA BAJA";"03180";"CALLE FOTOGRAFOS DARBLADE, 001";"C";"CALLE";"FOTOGRAFOS DARBLADE";"001"; ; ;"HS";"HOSTAL";"SR";"HOSTAL-RESIDENCIA";"39";"54";"NCD";"NO PERTENECE A NINGUNA CADENA";"09/10/1975";"27/07/1993";"SIEMPRE ABIERTO";"De Lunes a Domingo"
"CV H01068 A";"B";"BAJA";"2";"2 ESTRELLAS";"MOTEL LAS BARCAS";"03";"ALACANT";"133";"TORREVIEJA";"EL BAIX SEGURA/LA VEGA BAJA";"03185";"CARRETERA TORREVIEJA-CARTAGENA, KM., 4,5";"CR";"CARRETERA";"TORREVIEJA-CARTAGENA, KM.";"4,5";"m966705505@hotmail.com"; ;"H";"HOTEL";"H";"HOTEL";"28";"56";"NCD";"NO PERTENECE A NINGUNA CADENA";"21/05/1987";"22/05/2012";"SIEMPRE ABIERTO";"De Lunes a Domingo"
"CV H01125 A";"A";"ALTA";"3";"3 ESTRELLAS";"PLAYAS DE TORREVIEJA";"03";"ALACANT";"133";"TORREVIEJA";"EL BAIX SEGURA/LA VEGA BAJA";"03188";"URBANIZACIÓN CABO CERVERA. C/ DEL CABO, S/N";"UR";"URBANIZACIÓN";"CABO CERVERA. C/ DEL CABO";"S/N";"reservas.torrevieja@hotelesposeidon.com";"https://www.hotelplayasdetorrevieja.com";"H";"HOTEL";"H";"HOTEL";"187";"439";"POS";"HOTELES POSEIDÓN";"06/10/1993"; ;"SIEMPRE ABIERTO";"De Lunes a Domingo"
"CV H00889 A";"B";"BAJA";"0";"PENSIÓN";"REINA";"03";"ALACANT";"133";"TORREVIEJA";"EL BAIX SEGURA/LA VEGA BAJA";"03181";"AVENIDA GREGORIO MARAÑÓN, 22";"AV";"AVENIDA";"GREGORIO MARAÑÓN";"22";"tore@arrakis.es"; ;"P";"PENSIÓN";"P";"PENSIÓN";"14";"26";"NCD";"NO PERTENECE A NINGUNA CADENA";"27/09/1973";"30/11/2009";"SIEMPRE ABIERTO";"De Lunes a Domingo"
"CV H00596 A";"B";"BAJA";"0";"PENSIÓN";"REY DE ORIENTE";"03";"ALACANT";"133";"TORREVIEJA";"EL BAIX SEGURA/LA VEGA BAJA";"03180";"PLAZA PLAZA DE ORIENTE, 24";"PL";"PLAZA";"PLAZA DE ORIENTE";"24"; ; ;"P";"PENSIÓN";"P";"PENSIÓN";"11";"12";"NCD";"NO PERTENECE A NINGUNA CADENA";"19/01/1968";"21/05/2002";"SIEMPRE ABIERTO";"De Lunes a Domingo"
"CV H01423 A";"B";"BAJA";"3";"3 ESTRELLAS";"SOLE BELLO";"03";"ALACANT";"133";"TORREVIEJA";"EL BAIX SEGURA/LA VEGA BAJA";"03188";"CALLE DEL MAR  - LA MATA, 3";"C";"CALLE";"DEL MAR  - LA MATA";"3";"renfrag@gmail.com"; ;"H";"HOTEL";"HA";"HOTEL-APARTAMENTO";"49";"120";"NCD";"NO PERTENECE A NINGUNA CADENA";"24/04/2015";"16/11/2015";"SIEMPRE ABIERTO";"De Lunes a Domingo"
"CV H01152 A";"B";"BAJA";"3";"3 ESTRELLAS";"SOLE-BELLO RESORT";"03";"ALACANT";"133";"TORREVIEJA";"EL BAIX SEGURA/LA VEGA BAJA";"03188";"CALLE DEL MAR - LA MATA, 3";"C";"CALLE";"DEL MAR - LA MATA";"3";"solebello_apt@hotmail.com"; ;"H";"HOTEL";"HA";"HOTEL-APARTAMENTO";"49";"119";"NCD";"NO PERTENECE A NINGUNA CADENA";"17/11/1995";"25/04/2007";"SIEMPRE ABIERTO";"De Lunes a Domingo"
"CV H01077 A";"A";"ALTA";"3";"3 ESTRELLAS";"TORREJOVEN";"03";"ALACANT";"133";"TORREVIEJA";"EL BAIX SEGURA/LA VEGA BAJA";"03185";"CARRETERA TORREVIEJA-CARTAGENA, KM., 4,7";"CR";"CARRETERA";"TORREVIEJA-CARTAGENA, KM.";"4,7";"reservas@hoteltorrejoven.com";"http://hoteltorrejoven.com";"H";"HOTEL";"H";"HOTEL";"110";"220";"NCD";"NO PERTENECE A NINGUNA CADENA";"29/05/1987"; ;"SIEMPRE ABIERTO";"De Lunes a Domingo"
"CV H01746 A";"A";"ALTA";"0";"PENSIÓN";"TORRESAL";"03";"ALACANT";"133";"TORREVIEJA";"EL BAIX SEGURA/LA VEGA BAJA";"03181";"CALLE TORRESAL, 2";"C";"CALLE";"TORRESAL";"2";"pensiontorresal@gmail.com"; ;"P";"PENSIÓN"; ; ;"18";"32";"NCD";"NO PERTENECE A NINGUNA CADENA";"19/09/2025"; ;"SIEMPRE ABIERTO";"De Lunes a Domingo"
"CV H01009 A";"B";"BAJA";"0";"PENSIÓN";"TUTO";"03";"ALACANT";"133";"TORREVIEJA";"EL BAIX SEGURA/LA VEGA BAJA";"03180";"CALLE CALLOSA DE SEGURA, 000";"C";"CALLE";"CALLOSA DE SEGURA";"000"; ; ;"P";"PENSIÓN";"P";"PENSIÓN";"15";"18";"NCD";"NO PERTENECE A NINGUNA CADENA";"20/02/1980";"17/07/1995";"SIEMPRE ABIERTO";"De Lunes a Domingo"
"CV H01210 A";"A";"ALTA";"3";"3 ESTRELLAS";"TUTO";"03";"ALACANT";"133";"TORREVIEJA";"EL BAIX SEGURA/LA VEGA BAJA";"03185";"CALLE CALLOSA DEL SEGURA (PLAYA DE LOS NAUFRAGOS), 4";"C";"CALLE";"CALLOSA DEL SEGURA (PLAYA DE LOS NAUFRAGOS)";"4";"info@hoteltuto.com";"http://www.hoteltuto.com";"H";"HOTEL";"H";"HOTEL";"31";"50";"NCD";"NO PERTENECE A NINGUNA CADENA";"05/02/2001"; ;"SIEMPRE ABIERTO";"De Lunes a Domingo"
"CV H01750 A";"A";"ALTA"; ; ;"VITA VERDE";"03";"ALACANT";"133";"TORREVIEJA";"EL BAIX SEGURA/LA VEGA BAJA";"03180";"CALLE SAN PASCUAL, 175";"C";"CALLE";"SAN PASCUAL";"175";"FAJNO.TM@GMAIL.COM"; ;"HS";"HOSTAL"; ; ;"12";"28";"NCD";"NO PERTENECE A NINGUNA CADENA";"15/09/2025"; ;"SIEMPRE ABIERTO";"De Lunes a Domingo"
"CV H01486 A";"A";"ALTA"; ; ;"EL SECRET DE LA FORADÀ B&B";"03";"ALACANT";"136";"LA VALL DE GALLINERA";"LA MARINA ALTA";"03787";"CALLE RAVAL-BENISSIVÀ, 11";"C";"CALLE";"RAVAL-BENISSIVÀ";"11";"maricarmenortolaferra@gmail.com"; ;"P";"PENSIÓN"; ; ;"5";"10";"NCD";"NO PERTENECE A NINGUNA CADENA";"22/10/2018"; ;"SIEMPRE ABIERTO";"De Lunes a Domingo"
"CV H01193 A";"A";"ALTA";"4";"4 ESTRELLAS";"ALAHUAR";"03";"ALACANT";"137";"LA VALL DE LAGUAR";"LA MARINA ALTA";"03791";"PARTIDA TOSSALET, EL TOSSAL, BENIMAURELL, S/N";"PD";"PARTIDA";"TOSSALET, EL TOSSAL, BENIMAURELL";"S/N";"reservas.alahuar@hotelesposeidon.com";"https://hotelalahuar.es";"H";"HOTEL";"H";"HOTEL";"20";"40";"POS";"HOTELES POSEIDÓN";"04/10/1999"; ;"SIEMPRE ABIERTO";"De Lunes a Domingo"
"CV H00621 A";"B";"BAJA";"0";"PENSIÓN";"ALCOYANA";"03";"ALACANT";"138";"EL VERGER";"LA MARINA ALTA";"03770";"CALLE CALVARIO, 002";"C";"CALLE";"CALVARIO";"002"; ; ;"P";"PENSIÓN";"P";"PENSIÓN";"8";"12";"NCD";"NO PERTENECE A NINGUNA CADENA";"05/05/1970";"27/02/1995";"SIEMPRE ABIERTO";"De Lunes a Domingo"
"CV H01090 A";"A";"ALTA";"0";"PENSIÓN";"CORINTO";"03";"ALACANT";"138";"EL VERGER";"LA MARINA ALTA";"03770";"AVENIDA VALENCIA, 54";"AV";"AVENIDA";"VALENCIA";"54"; ; ;"P";"PENSIÓN";"P";"PENSIÓN";"5";"10";"NCD";"NO PERTENECE A NINGUNA CADENA";"09/01/1989"; ;"SIEMPRE ABIERTO";"De Lunes a Domingo"
"CV H01291 A";"A";"ALTA";"0";"PENSIÓN";"L'ALCOIÀ";"03";"ALACANT";"138";"EL VERGER";"LA MARINA ALTA";"03770";"AVENIDA ALICANTE, 1";"AV";"AVENIDA";"ALICANTE";"1"; ; ;"P";"PENSIÓN";"P";"PENSIÓN";"8";"11";"NCD";"NO PERTENECE A NINGUNA CADENA";"29/03/2004"; ;"SIEMPRE ABIERTO";"De Lunes a Domingo"
"CV H01043 A";"B";"BAJA";"0";"PENSIÓN";"LA TROCHA";"03";"ALACANT";"138";"EL VERGER";"LA MARINA ALTA";"03770";"CARRETERA ALICANTE-VALENCIA  KM 176, 033";"CR";"CARRETERA";"ALICANTE-VALENCIA  KM 176";"033"; ; ;"P";"PENSIÓN";"P";"PENSIÓN";"8";"10";"NCD";"NO PERTENECE A NINGUNA CADENA";"25/06/1992";"27/02/1995";"SIEMPRE ABIERTO";"De Lunes a Domingo"
"CV H01093 A";"B";"BAJA";"0";"PENSIÓN";"NAVARRO";"03";"ALACANT";"138";"EL VERGER";"LA MARINA ALTA";"03770";"PDA. CAMAES, S.N"; ; ;"PDA. CAMAES";"S.N"; ; ;"P";"PENSIÓN";"P";"PENSIÓN";"20";"31";"NCD";"NO PERTENECE A NINGUNA CADENA";"13/04/1989";"12/03/1997";"SIEMPRE ABIERTO";"De Lunes a Domingo"
"CV H00471 A";"B";"BAJA";"1";"1 ESTRELLA";"VICENTA";"03";"ALACANT";"138";"EL VERGER";"LA MARINA ALTA";"03770";"CALLE MARQUES DE ESTELLA, 002";"C";"CALLE";"MARQUES DE ESTELLA";"002"; ; ;"HS";"HOSTAL";"SR";"HOSTAL-RESIDENCIA";"17";"29";"NCD";"NO PERTENECE A NINGUNA CADENA";"05/07/1965";"26/01/1995";"SIEMPRE ABIERTO";"De Lunes a Domingo"
"CV H01384 A";"A";"ALTA";"4";"4 ESTRELLAS";"ALLON MEDITERRÁNIA";"03";"ALACANT";"139";"LA VILA JOIOSA/VILLAJOYOSA";"LA MARINA BAIXA";"03570";"AVENIDA DEL PUERTO, 4";"AV";"AVENIDA";"DEL PUERTO";"4";"info@hotelallon.es";"http://hotelallon.es";"H";"HOTEL";"H";"HOTEL";"99";"200";"NCD";"NO PERTENECE A NINGUNA CADENA";"29/06/2010"; ;"SIEMPRE ABIERTO";"De Lunes a Domingo"
"CV H00647 A";"B";"BAJA";"0";"PENSIÓN";"BIENVENIDO";"03";"ALACANT";"139";"LA VILA JOIOSA/VILLAJOYOSA";"LA MARINA BAIXA";"03570";"CALLE PAL, 4";"C";"CALLE";"PAL";"4"; ; ;"P";"PENSIÓN";"P";"PENSIÓN";"7";"12";"NCD";"NO PERTENECE A NINGUNA CADENA";"22/09/1968";"14/02/2005";"01/07 - 25/09";"De Lunes a Domingo"
"CV H01544 A";"A";"ALTA";"4";"4 ESTRELLAS";"BLUE LINE";"03";"ALACANT";"139";"LA VILA JOIOSA/VILLAJOYOSA";"LA MARINA BAIXA";"03570";"AVENIDA MARINA BAIXA, 11";"AV";"AVENIDA";"MARINA BAIXA";"11";"reception@bluelinehotel.com";"www.belinegroup.com";"H";"HOTEL";"HA";"HOTEL-APARTAMENTO";"61";"236";"NCD";"NO PERTENECE A NINGUNA CADENA";"18/08/2020"; ;"SIEMPRE ABIERTO";"De Lunes a Domingo"
"CV H01066 A";"B";"BAJA";"3";"3 ESTRELLAS";"BLUESENSE  VILLAJOYOSA RESORTS";"03";"ALACANT";"139";"LA VILA JOIOSA/VILLAJOYOSA";"LA MARINA BAIXA";"03570";"PARTIDA EL MONTIBOLI, 33, 33";"PD";"PARTIDA";"EL MONTIBOLI, 33";"33";"reservas.villajoyosa@bluesenses.com";"http://www.bluesensehotels.com";"H";"HOTEL";"HA";"HOTEL-APARTAMENTO";"73";"240";"NCD";"NO PERTENECE A NINGUNA CADENA";"28/04/1987";"26/08/2020";"01/03 - 31/10";"De Lunes a Domingo"
"CV H01633 A";"A";"ALTA"; ; ;"CA LA MAR";"03";"ALACANT";"139";"LA VILA JOIOSA/VILLAJOYOSA";"LA MARINA BAIXA";"03570";"CALLE CAMPELLO, 4 LOCAL B";"C";"CALLE";"CAMPELLO";"4 LOCAL B";"lloretinfante@gmail.com"; ;"P";"PENSIÓN"; ; ;"2";"8";"NCD";"NO PERTENECE A NINGUNA CADENA";"30/08/2023"; ;"SIEMPRE ABIERTO";"De Lunes a Domingo"
"CV H01472 A";"B";"BAJA";"1";"1 ESTRELLA";"CASA HERMES";"03";"ALACANT";"139";"LA VILA JOIOSA/VILLAJOYOSA";"LA MARINA BAIXA";"03570";"PLAZA DE LA IGLESIA, 4";"PL";"PLAZA";"DE LA IGLESIA";"4";"admon@elcigarraldecembranos.com"; ;"H";"HOTEL";"HA";"HOTEL-APARTAMENTO";"4";"10";"NCD";"NO PERTENECE A NINGUNA CADENA";"30/01/2018";"24/04/2018";"SIEMPRE ABIERTO";"De Lunes a Domingo"
"CV H01646 A";"A";"ALTA";"2";"2 ESTRELLAS";"CASTELAR PALACE";"03";"ALACANT";"139";"LA VILA JOIOSA/VILLAJOYOSA";"LA MARINA BAIXA";"03570";"CALLE MAJOR, 3";"C";"CALLE";"MAJOR";"3";"info@seawardsuites.com";"https://seawardsuites.com/hotel";"H";"HOTEL";"H";"HOTEL";"9";"18";"NCD";"NO PERTENECE A NINGUNA CADENA";"20/07/2023"; ;"SIEMPRE ABIERTO";"De Lunes a Domingo"
"CV H01623 A";"A";"ALTA";"3";"3 ESTRELLAS";"CASTELAR PALACE & SPA";"03";"ALACANT";"139";"LA VILA JOIOSA/VILLAJOYOSA";"LA MARINA BAIXA";"03570";"PLAZA CASTELAR, 1";"PL";"PLAZA";"CASTELAR";"1";"info@seawardsuites.com";"http://www.seawardsuites.com";"H";"HOTEL";"HA";"HOTEL-APARTAMENTO";"16";"32";"NCD";"NO PERTENECE A NINGUNA CADENA";"27/06/2023"; ;"SIEMPRE ABIERTO";"De Lunes a Domingo"
"CV H01455 A";"A";"ALTA";"3";"3 ESTRELLAS";"CENSAL";"03";"ALACANT";"139";"LA VILA JOIOSA/VILLAJOYOSA";"LA MARINA BAIXA";"03570";"AVENIDA PAÍS VALENCIÀ, 25";"AV";"AVENIDA";"PAÍS VALENCIÀ";"25";"direccion@hotelcensal.com";"http://hotelcensal.com";"H";"HOTEL";"H";"HOTEL";"35";"70";"NCD";"NO PERTENECE A NINGUNA CADENA";"07/02/2017"; ;"SIEMPRE ABIERTO";"De Lunes a Domingo"
"CV H00980 A";"B";"BAJA";"1";"1 ESTRELLA";"DEYSAN";"03";"ALACANT";"139";"LA VILA JOIOSA/VILLAJOYOSA";"LA MARINA BAIXA";"03570";"CALLE COLON, 007";"C";"CALLE";"COLON";"007"; ; ;"HS";"HOSTAL";"SR";"HOSTAL-RESIDENCIA";"9";"15";"NCD";"NO PERTENECE A NINGUNA CADENA";"18/05/1977";"01/02/1993";"SIEMPRE ABIERTO";"De Lunes a Domingo"
"CV H01548 A";"A";"ALTA"; ; ;"EL ARTISTA DE PARAISO";"03";"ALACANT";"139";"LA VILA JOIOSA/VILLAJOYOSA";"LA MARINA BAIXA";"03570";"PARTIDA PARADÍS, 84";"PD";"PARTIDA";"PARADÍS";"84";"lodochnikov1963@mail.ru"; ;"HS";"HOSTAL"; ; ;"14";"27";"NCD";"NO PERTENECE A NINGUNA CADENA";"08/10/2020"; ;"SIEMPRE ABIERTO";"De Lunes a Domingo"
"CV H01755 A";"A";"ALTA"; ; ;"EL CAPRICHO B&B";"03";"ALACANT";"139";"LA VILA JOIOSA/VILLAJOYOSA";"LA MARINA BAIXA";"03570";"CALLE CAMPELLO, 4-LC.A";"C";"CALLE";"CAMPELLO";"4-LC.A";"esperanzablanco2@hotmail.com"; ;"P";"PENSIÓN"; ; ;"2";"4";"NCD";"NO PERTENECE A NINGUNA CADENA";"15/09/2025"; ;"SIEMPRE ABIERTO";"De Lunes a Domingo"
"CV H00346 A";"A";"ALTA";"1";"1 ESTRELLA";"EL MERCAT";"03";"ALACANT";"139";"LA VILA JOIOSA/VILLAJOYOSA";"LA MARINA BAIXA";"03570";"CALLE JAIME SOLER URRIOS, 4";"C";"CALLE";"JAIME SOLER URRIOS";"4"; ;"http://www.hostalelmercat.com";"HS";"HOSTAL";"SR";"HOSTAL-RESIDENCIA";"35";"70";"NCD";"NO PERTENECE A NINGUNA CADENA";"29/09/1988"; ;"SIEMPRE ABIERTO";"De Lunes a Domingo"
"CV H01424 A";"A";"ALTA"; ; ;"EL ROSAL";"03";"ALACANT";"139";"LA VILA JOIOSA/VILLAJOYOSA";"LA MARINA BAIXA";"03570";"PLAZA DE LA IGLESIA, 2";"PL";"PLAZA";"DE LA IGLESIA";"2";"jbfuspi@gmail.com"; ;"HS";"HOSTAL"; ; ;"10";"20";"NCD";"NO PERTENECE A NINGUNA CADENA";"03/06/2015"; ;"SIEMPRE ABIERTO";"De Lunes a Domingo"
"CV H00918 A";"B";"BAJA";"0";"PENSIÓN";"MARIA";"03";"ALACANT";"139";"LA VILA JOIOSA/VILLAJOYOSA";"LA MARINA BAIXA";"03570";"TRAVESÍA  FRAY POSIDONIO MAYOR, 2";"TR";"TRAVESÍA";"FRAY POSIDONIO MAYOR";"2"; ; ;"P";"PENSIÓN";"P";"PENSIÓN";"9";"16";"NCD";"NO PERTENECE A NINGUNA CADENA";"23/09/1974";"23/06/1998";"SIEMPRE ABIERTO";"De Lunes a Domingo"
"CV H00624 A";"A";"ALTA";"5";"5 ESTRELLAS";"MONTÍBOLI";"03";"ALACANT";"139";"LA VILA JOIOSA/VILLAJOYOSA";"LA MARINA BAIXA";"03570";"PARTIDA EL MONTIBOLI, S/N";"PD";"PARTIDA";"EL MONTIBOLI";"S/N";"montiboli@servigroup.es";"montiboli.com";"H";"HOTEL";"H";"HOTEL";"85";"172";"SER";"HOTELES SERVIGROUP";"31/10/1969"; ;"SIEMPRE ABIERTO";"De Lunes a Domingo"
"CV H01452 A";"B";"BAJA";"0";"PENSIÓN";"PARAISO";"03";"ALACANT";"139";"LA VILA JOIOSA/VILLAJOYOSA";"LA MARINA BAIXA";"03570";"PARTIDA PARADIS, 83";"PD";"PARTIDA";"PARADIS";"83";"info@elparaisohotel.eu"; ;"HS";"HOSTAL"; ; ;"14";"27";"NCD";"NO PERTENECE A NINGUNA CADENA";"11/11/2016";"23/01/2018";"SIEMPRE ABIERTO";"De Lunes a Domingo"
"CV H00960 A";"B";"BAJA";"0";"PENSIÓN";"PUERTO";"03";"ALACANT";"139";"LA VILA JOIOSA/VILLAJOYOSA";"LA MARINA BAIXA";"03570";"CALLE BARBERES SUR, 45";"C";"CALLE";"BARBERES SUR";"45"; ; ;"P";"PENSIÓN";"P";"PENSIÓN";"11";"17";"NCD";"NO PERTENECE A NINGUNA CADENA";"06/04/1976";"09/07/2001";"01/07 - 15/09";"De Lunes a Domingo"
"CV H01101 A";"A";"ALTA"; ; ;"ROSA";"03";"ALACANT";"139";"LA VILA JOIOSA/VILLAJOYOSA";"LA MARINA BAIXA";"03570";"CALLE QUINTANA, 46";"C";"CALLE";"QUINTANA";"46"; ; ;"HS";"HOSTAL"; ; ;"13";"22";"NCD";"NO PERTENECE A NINGUNA CADENA";"11/02/1991"; ;"SIEMPRE ABIERTO";"De Lunes a Domingo"
"CV H00554 A";"B";"BAJA";"0";"PENSIÓN";"SANTA MARTA";"03";"ALACANT";"139";"LA VILA JOIOSA/VILLAJOYOSA";"LA MARINA BAIXA";"03570";"CALLE MAYOR,20, 002";"C";"CALLE";"MAYOR,20";"002"; ; ;"P";"PENSIÓN";"P";"PENSIÓN";"5";"9";"NCD";"NO PERTENECE A NINGUNA CADENA";"23/09/1966";"25/03/1993";"01/07 - 30/09";"De Lunes a Domingo"
"CV H00763 A";"B";"BAJA";"0";"PENSIÓN";"TERESA";"03";"ALACANT";"139";"LA VILA JOIOSA/VILLAJOYOSA";"LA MARINA BAIXA";"03570";"CALLE CERVANTES, 14";"C";"CALLE";"CERVANTES";"14"; ; ;"P";"PENSIÓN";"P";"PENSIÓN";"14";"26";"NCD";"NO PERTENECE A NINGUNA CADENA";"16/12/1970";"28/10/2005";"SIEMPRE ABIERTO";"De Lunes a Domingo"
"CV H01569 A";"A";"ALTA"; ; ;"VILAMASSALIA BOUTIQUE ACCOMMODATION";"03";"ALACANT";"139";"LA VILA JOIOSA/VILLAJOYOSA";"LA MARINA BAIXA";"03570";"CALLE POU, 1";"C";"CALLE";"POU";"1";"hola@villamassalia.com";"http://villamassalia.com";"HS";"HOSTAL"; ; ;"7";"12";"NCD";"NO PERTENECE A NINGUNA CADENA";"14/07/2021"; ;"SIEMPRE ABIERTO";"De Lunes a Domingo"
"CV H01664 A";"A";"ALTA";"3";"3 ESTRELLAS";"VISTAMAR";"03";"ALACANT";"139";"LA VILA JOIOSA/VILLAJOYOSA";"LA MARINA BAIXA";"03570";"CALLE PUNTES DEL MORO, 15";"C";"CALLE";"PUNTES DEL MORO";"15";"reservas@destinolavila.com"; ;"H";"HOTEL";"HA";"HOTEL-APARTAMENTO";"28";"56";"NCD";"NO PERTENECE A NINGUNA CADENA";"21/06/2024"; ;"SIEMPRE ABIERTO";"De Lunes a Domingo"
"CV H01581 A";"B";"BAJA";"3";"3 ESTRELLAS";"VISTAMAR";"03";"ALACANT";"139";"LA VILA JOIOSA/VILLAJOYOSA";"LA MARINA BAIXA";"03570";"CALLE PUNTES DEL MORO, 15";"C";"CALLE";"PUNTES DEL MORO";"15";"info@destinolavila.com";"http://destinolavila.com";"H";"HOTEL";"H";"HOTEL";"28";"56";"NCD";"NO PERTENECE A NINGUNA CADENA";"26/11/2021";"24/08/2023";"SIEMPRE ABIERTO";"De Lunes a Domingo"
"CV H00228 A";"B";"BAJA";"0";"PENSIÓN";"ALICANTE";"03";"ALACANT";"140";"VILLENA";"L'ALT VINALOPO/ALTO VINALOPO";"03400";"CALLE PEDRO MENOR, 000";"C";"CALLE";"PEDRO MENOR";"000"; ; ;"P";"PENSIÓN";"P";"PENSIÓN";"26";"41";"NCD";"NO PERTENECE A NINGUNA CADENA";"12/05/1962";"20/02/1993";"SIEMPRE ABIERTO";"De Lunes a Domingo"
"CV H01297 A";"B";"BAJA";"2";"2 ESTRELLAS";"BULILLA";"03";"ALACANT";"140";"VILLENA";"L'ALT VINALOPO/ALTO VINALOPO";"03400";"AUTOVÍA MEDITERRÁNEO, P.K. 53,2"; ; ;"AUTOVÍA MEDITERRÁNEO, P.K. 53,2"; ; ; ;"H";"HOTEL";"H";"HOTEL";"17";"25";"NCD";"NO PERTENECE A NINGUNA CADENA";"10/05/2004";"16/08/2006";"SIEMPRE ABIERTO";"De Lunes a Domingo"
"CV H01743 A";"A";"ALTA";"3";"3 ESTRELLAS";"JABERMA";"03";"ALACANT";"140";"VILLENA";"L'ALT VINALOPO/ALTO VINALOPO";"03400";"CARRETERA DE YECLA, S/N";"CR";"CARRETERA";"DE YECLA";"S/N";"jaberma2016@gmail.com"; ;"H";"HOTEL"; ; ;"14";"28";"NCD";"NO PERTENECE A NINGUNA CADENA";"27/08/2025"; ;"SIEMPRE ABIERTO";"De Lunes a Domingo"
"CV H01643 A";"A";"ALTA"; ; ;"LA MORENICA";"03";"ALACANT";"140";"VILLENA";"L'ALT VINALOPO/ALTO VINALOPO";"03400";"AVENIDA CONSTITUCIÓN, 224";"AV";"AVENIDA";"CONSTITUCIÓN";"224";"info@hostallamorenica.com";"https://hostallamorenica.com";"HS";"HOSTAL"; ; ;"8";"16";"NCD";"NO PERTENECE A NINGUNA CADENA";"15/12/2023"; ;"SIEMPRE ABIERTO";"De Lunes a Domingo"
"CV H01088 A";"B";"BAJA";"2";"2 ESTRELLAS";"LA PONDEROSA";"03";"ALACANT";"140";"VILLENA";"L'ALT VINALOPO/ALTO VINALOPO";"03400";"CARRETERA MADRID-ALICANTE, 035";"CR";"CARRETERA";"MADRID-ALICANTE";"035"; ; ;"H";"HOTEL";"H";"HOTEL";"17";"25";"NCD";"NO PERTENECE A NINGUNA CADENA";"26/09/1988";"11/04/1997";"SIEMPRE ABIERTO";"De Lunes a Domingo"
"CV H01417 A";"A";"ALTA"; ; ;"LOS AROMAS";"03";"ALACANT";"140";"VILLENA";"L'ALT VINALOPO/ALTO VINALOPO";"03400";"CALLE ARCO, 1";"C";"CALLE";"ARCO";"1";"alojamientolosaromas@gmail.com";"http://\www.casadelosaromas.es";"HS";"HOSTAL"; ; ;"7";"13";"NCD";"NO PERTENECE A NINGUNA CADENA";"24/09/2014"; ;"SIEMPRE ABIERTO";"De Lunes a Domingo"
"CV H01111 A";"B";"BAJA";"0";"PENSIÓN";"MARIN";"03";"ALACANT";"140";"VILLENA";"L'ALT VINALOPO/ALTO VINALOPO";"03400";"CALLE PALOMAR, 002";"C";"CALLE";"PALOMAR";"002"; ; ;"P";"PENSIÓN";"P";"PENSIÓN";"5";"8";"NCD";"NO PERTENECE A NINGUNA CADENA";"10/06/1992";"25/10/1999";"SIEMPRE ABIERTO";"De Lunes a Domingo"
"CV H00230 A";"A";"ALTA";"1";"1 ESTRELLA";"SALVADORA";"03";"ALACANT";"140";"VILLENA";"L'ALT VINALOPO/ALTO VINALOPO";"03400";"AVENIDA CONSTITUCION, 96";"AV";"AVENIDA";"CONSTITUCION";"96";"hrsalvadora@arrakis.es";"http://www.hotelsalvadora.com";"H";"HOTEL";"H";"HOTEL";"38";"54";"NCD";"NO PERTENECE A NINGUNA CADENA";"01/10/1979"; ;"SIEMPRE ABIERTO";"De Lunes a Domingo"
"CV H00962 A";"B";"BAJA";"0";"PENSIÓN";"SAN RAFAEL";"03";"ALACANT";"140";"VILLENA";"L'ALT VINALOPO/ALTO VINALOPO";"03400";"CALLE CERVANTES, 001";"C";"CALLE";"CERVANTES";"001"; ; ;"P";"PENSIÓN";"P";"PENSIÓN";"4";"8";"NCD";"NO PERTENECE A NINGUNA CADENA";"03/05/1976";"15/10/1992";"SIEMPRE ABIERTO";"De Lunes a Domingo"
"CV H01140 A";"B";"BAJA";"0";"PENSIÓN";"ALT HEIDELBERG";"03";"ALACANT";"901";"ELS POBLETS";"LA MARINA ALTA";"03560";"PLAYA  OESTE, 3";"PY";"PLAYA";"OESTE";"3"; ; ;"P";"PENSIÓN";"P";"PENSIÓN";"3";"6";"NCD";"NO PERTENECE A NINGUNA CADENA";"28/04/1995";"02/02/2004";"01/05 - 30/09";"De Lunes a Domingo"
"CV H01420 A";"A";"ALTA";"1";"1 ESTRELLA";"ALT HEIDELBERG";"03";"ALACANT";"901";"ELS POBLETS";"LA MARINA ALTA";"03779";"PARTIDA ALMADRAVA, C1-4";"PD";"PARTIDA";"ALMADRAVA";"C1-4";"willi-denia@yahoo.de"; ;"HS";"HOSTAL";"HS";"HOSTAL";"3";"6";"NCD";"NO PERTENECE A NINGUNA CADENA";"20/03/2015"; ;"SIEMPRE ABIERTO";"De Lunes a Domingo"
"CV H01558 A";"A";"ALTA"; ; ;"CASA FELIZIA";"03";"ALACANT";"901";"ELS POBLETS";"LA MARINA ALTA";"03779";"PARTIDA BARRANQUETS C-2/2A";"PD";"PARTIDA";"BARRANQUETS C-2/2A"; ;"casafelizia@gmail.com";"https://www.casafelizia.com";"P";"PENSIÓN"; ; ;"6";"14";"NCD";"NO PERTENECE A NINGUNA CADENA";"29/04/2021"; ;"SIEMPRE ABIERTO";"De Lunes a Domingo"
"CV H01171 A";"B";"BAJA";"1";"1 ESTRELLA";"CASA MONDIAL";"03";"ALACANT";"901";"ELS POBLETS";"LA MARINA ALTA";"03779";"PARTIDA BARRANQUETS, C/2, 2 A";"PD";"PARTIDA";"BARRANQUETS, C/2";"2 A";"hostalcasamondial@yahoo.es";"http://denia.com";"HS";"HOSTAL";"SR";"HOSTAL-RESIDENCIA";"6";"13";"NCD";"NO PERTENECE A NINGUNA CADENA";"20/05/1998";"26/05/2010";"SIEMPRE ABIERTO";"De Lunes a Domingo"
"CV H01416 A";"B";"BAJA";"1";"1 ESTRELLA";"CASA MONDIAL";"03";"ALACANT";"901";"ELS POBLETS";"LA MARINA ALTA";"03779";"PARTIDA BARRANQUETS, C/2, 2 A";"PD";"PARTIDA";"BARRANQUETS, C/2";"2 A";"hostalcasamondial@yahoo.es"; ;"HS";"HOSTAL";"SR";"HOSTAL-RESIDENCIA";"3";"6";"NCD";"NO PERTENECE A NINGUNA CADENA";"16/09/2014";"10/08/2017";"SIEMPRE ABIERTO";"De Lunes a Domingo"
"CV H01213 A";"A";"ALTA";"0";"PENSIÓN";"LOS CABALLOS";"03";"ALACANT";"901";"ELS POBLETS";"LA MARINA ALTA";"03779";"PARTIDA BUSCARRONS, 106";"PD";"PARTIDA";"BUSCARRONS";"106";"hofner@aixa.com";"http://:ferienoase.com";"P";"PENSIÓN";"P";"PENSIÓN";"6";"12";"NCD";"NO PERTENECE A NINGUNA CADENA";"05/03/2001"; ;"SIEMPRE ABIERTO";"De Lunes a Domingo"
"CV H00927 A";"B";"BAJA";"0";"PENSIÓN";"PUNTA ESTRELLA";"03";"ALACANT";"901";"ELS POBLETS";"LA MARINA ALTA";"03779";"PLAYA DE LA ALMADRABA, 6"; ; ;"PLAYA DE LA ALMADRABA";"6"; ; ;"P";"PENSIÓN";"P";"PENSIÓN";"7";"14";"NCD";"NO PERTENECE A NINGUNA CADENA";"15/02/1975";"26/06/2009";"SIEMPRE ABIERTO";"De Lunes a Domingo"
"CV H01406 A";"A";"ALTA";"4";"4 ESTRELLAS";"SOUL BEACH HOTEL BY MC";"03";"ALACANT";"901";"ELS POBLETS";"LA MARINA ALTA";"03779";"CALLE DIECINUEVE-PDA. PLAYA ALMADRABA, 12";"C";"CALLE";"DIECINUEVE-PDA. PLAYA ALMADRABA";"12"; ;"http://elbichet.com";"H";"HOTEL";"H";"HOTEL";"20";"40";"NCD";"NO PERTENECE A NINGUNA CADENA";"22/01/2013"; ;"SIEMPRE ABIERTO";"De Lunes a Domingo"
"CV H01105 A";"A";"ALTA";"1";"1 ESTRELLA";"CONGRA";"03";"ALACANT";"902";"PILAR DE LA HORADADA";"EL BAIX SEGURA/LA VEGA BAJA";"03190";"CALLE DEL CARMEN, 20";"C";"CALLE";"DEL CARMEN";"20"; ; ;"H";"HOTEL";"H";"HOTEL";"26";"50";"NCD";"NO PERTENECE A NINGUNA CADENA";"26/03/1991"; ;"SIEMPRE ABIERTO";"De Lunes a Domingo"
"CV H01108 A";"B";"BAJA";"0";"PENSIÓN";"HIJOS DE EUGENIO";"03";"ALACANT";"902";"PILAR DE LA HORADADA";"EL BAIX SEGURA/LA VEGA BAJA";"03190";"CALLE PEDRO EGEA, 3";"C";"CALLE";"PEDRO EGEA";"3"; ; ;"P";"PENSIÓN";"P";"PENSIÓN";"10";"15";"NCD";"NO PERTENECE A NINGUNA CADENA";"28/10/1991";"30/03/2009";"SIEMPRE ABIERTO";"De Lunes a Domingo"
"CV H01099 A";"A";"ALTA";"1";"1 ESTRELLA";"LO MONTE";"03";"ALACANT";"902";"PILAR DE LA HORADADA";"EL BAIX SEGURA/LA VEGA BAJA";"03190";"CARRETERA NACIONAL 332, KM. 42,5";"CR";"CARRETERA";"NACIONAL 332, KM. 42,5"; ;"reservas@hotellomonte.es";"hotellomonte.es";"H";"HOTEL";"H";"HOTEL";"20";"37";"NCD";"NO PERTENECE A NINGUNA CADENA";"17/09/1990"; ;"SIEMPRE ABIERTO";"De Lunes a Domingo"
"CV H00637 A";"A";"ALTA";"1";"1 ESTRELLA";"VISTAMAR";"03";"ALACANT";"902";"PILAR DE LA HORADADA";"EL BAIX SEGURA/LA VEGA BAJA";"03191";"CALLE LOS ÁNGELES  (TORRE HORADADA), 2";"C";"CALLE";"LOS ÁNGELES  (TORRE HORADADA)";"2"; ; ;"HS";"HOSTAL";"SR";"HOSTAL-RESIDENCIA";"10";"23";"NCD";"NO PERTENECE A NINGUNA CADENA";"31/07/1968"; ;"15/06 - 15/09";"De Lunes a Domingo"
"CV H01293 A";"A";"ALTA";"3";"3 ESTRELLAS";"LA TORRE";"03";"ALACANT";"903";"LOS MONTESINOS";"EL BAIX SEGURA/LA VEGA BAJA";"03187";"POLÍGONO INDUSTRIAL LEVANTE, PARCELA 10, 2";"PO";"POLÍGONO";"INDUSTRIAL LEVANTE, PARCELA 10";"2"; ;"http://www.hotelrestaurantelatorre.com";"H";"HOTEL";"H";"HOTEL";"33";"66";"NCD";"NO PERTENECE A NINGUNA CADENA";"20/04/2004"; ;"SIEMPRE ABIERTO";"De Lunes a Domingo"
"CV H01307 A";"B";"BAJA";"3";"3 ESTRELLAS";"LA GRANADINA";"03";"ALACANT";"904";"SAN ISIDRO";"EL BAIX SEGURA/LA VEGA BAJA";"03349";"POLÍGONO LA GRANADINA, AUTOVÍA ALICANTE-MURCIA, KM. 731";"PO";"POLÍGONO";"LA GRANADINA, AUTOVÍA ALICANTE-MURCIA";"KM. 731";"granadina@ghihoteles.com";"http://www.ghihoteles.com";"H";"HOTEL";"H";"HOTEL";"60";"120";"GHI";"GHI, S.L.";"01/03/2005";"19/10/2009";"SIEMPRE ABIERTO";"De Lunes a Domingo"
"CV H00405CS";"A";"ALTA";"0";"PENSIÓN";"FONDA GILBERT";"12";"CASTELLÓ";"001";"ATZENETA DEL MAESTRAT";"L'ALCALATEN";"12132";"AVENIDA CASTELLON, 11";"AV";"AVENIDA";"CASTELLON";"11"; ; ;"P";"PENSIÓN";"P";"PENSIÓN";"8";"15";"NCD";"NO PERTENECE A NINGUNA CADENA";"14/09/1973"; ;"SIEMPRE ABIERTO";"De Lunes a Domingo"
"CV H00627CS";"A";"ALTA";"1";"1 ESTRELLA";"LA PALLISSA";"12";"CASTELLÓ";"001";"ATZENETA DEL MAESTRAT";"L'ALCALATEN";"12132";"CARRETERA XODOS KM 3,4, MASÍA DEL EL MANGRANAR, S/N";"CR";"CARRETERA";"XODOS KM 3,4, MASÍA DEL EL MANGRANAR";"S/N";"info@elmangranar.com";"https://www.elmangranar.net/alojamientos-turismo-rural-castellon/hotel-rural-la-pallissa";"H";"HOTEL";"H";"HOTEL";"8";"16";"NCD";"NO PERTENECE A NINGUNA CADENA";"22/02/2002"; ;"SIEMPRE ABIERTO";"De Lunes a Domingo"
"CV H00708CS";"B";"BAJA";"3";"3 ESTRELLAS";"BENIALI";"12";"CASTELLÓ";"002";"AÍN";"LA PLANA BAIXA";"12222";"CALLE SECA, 12";"C";"CALLE";"SECA";"12";"info@hotelbeniali.com";"http://www.hotelbeniali.com";"H";"HOTEL";"H";"HOTEL";"5";"10";"NCD";"NO PERTENECE A NINGUNA CADENA";"20/05/2013";"14/04/2023";"SIEMPRE ABIERTO";"De Lunes a Domingo"
"CV H00760CS";"A";"ALTA"; ; ;"FOUNTAIN RURAL CLUB";"12";"CASTELLÓ";"002";"AÍN";"LA PLANA BAIXA";"12222";"CALLE SECA, 12";"C";"CALLE";"SECA";"12";"fountainruralclub@gmail.com";"http://www.fountainruralclub.com";"HS";"HOSTAL"; ; ;"5";"10";"NCD";"NO PERTENECE A NINGUNA CADENA";"24/07/2023"; ;"SIEMPRE ABIERTO";"Sólo Fines de Semana"
"CV H00659CS";"A";"ALTA";"0";"PENSIÓN";"LA POSADA";"12";"CASTELLÓ";"003";"ALBOCÀSSER";"L'ALT MAESTRAT";"12140";"PLAZA GASPAR FUSTER, 8";"PL";"PLAZA";"GASPAR FUSTER";"8";"andresgarciaboix@gmail.com"; ;"P";"PENSIÓN";"P";"PENSIÓN";"9";"20";"NCD";"NO PERTENECE A NINGUNA CADENA";"16/08/2006"; ;"SIEMPRE ABIERTO";"De Lunes a Domingo"
"CV H00330CS";"B";"BAJA";"0";"PENSIÓN";"PERDIGANA, LA";"12";"CASTELLÓ";"003";"ALBOCÀSSER";"L'ALT MAESTRAT";"12579";"CARRETERA CASTELLON-VILAFRANCA, S.N";"CR";"CARRETERA";"CASTELLON-VILAFRANCA";"S.N"; ; ;"P";"PENSIÓN";"P";"PENSIÓN";"12";"19";"NCD";"NO PERTENECE A NINGUNA CADENA";"09/08/1969";"31/05/2010";"SIEMPRE ABIERTO";"De Lunes a Domingo"
"CV H00282CS";"B";"BAJA";"0";"PENSIÓN";"ALCALA";"12";"CASTELLÓ";"004";"ALCALÀ DE XIVERT / ALCOSSEBRE";"EL BAIX MAESTRAT";"12570";"CALLE JOSE ANTONIO, 1";"C";"CALLE";"JOSE ANTONIO";"1"; ; ;"P";"PENSIÓN";"P";"PENSIÓN";"12";"21";"NCD";"NO PERTENECE A NINGUNA CADENA";"26/11/1966";"18/01/1999";"SIEMPRE ABIERTO";"De Lunes a Domingo"
"CV H00322CS";"B";"BAJA";"1";"1 ESTRELLA";"ALCOCEBRE";"12";"CASTELLÓ";"004";"ALCALÀ DE XIVERT / ALCOSSEBRE";"EL BAIX MAESTRAT";"12570";"CAMINO RIBAMAR, S/N";"CM";"CAMINO";"RIBAMAR";"S/N"; ; ;"H";"HOTEL";"H";"HOTEL";"76";"171";"NCD";"NO PERTENECE A NINGUNA CADENA";"09/01/1970";"20/09/1995";"01/07 - 31/08";"De Lunes a Domingo"
"CV H00735CS";"A";"ALTA";"4";"4 ESTRELLAS";"ALCOSSEBRE SEA EXPERIENCE";"12";"CASTELLÓ";"004";"ALCALÀ DE XIVERT / ALCOSSEBRE";"EL BAIX MAESTRAT";"12579";"CALLE ELS CAMPS, 3";"C";"CALLE";"ELS CAMPS";"3";"reservas@alcossebresea.com";"https://www.alcossebreseaexperience.com";"H";"HOTEL";"HA";"HOTEL-APARTAMENTO";"90";"260";"NCD";"NO PERTENECE A NINGUNA CADENA";"24/07/2019"; ;"SIEMPRE ABIERTO";"De Lunes a Domingo"
"CV H00395CS";"B";"BAJA";"0";"PENSIÓN";"CHIVERT";"12";"CASTELLÓ";"004";"ALCALÀ DE XIVERT / ALCOSSEBRE";"EL BAIX MAESTRAT";"12570";"CARRETERA NACIONAL 340, KM. 114, S/N";"CR";"CARRETERA";"NACIONAL 340, KM. 114";"S/N"; ; ;"P";"PENSIÓN";"P";"PENSIÓN";"7";"13";"NCD";"NO PERTENECE A NINGUNA CADENA";"27/03/1973";"03/10/2022";"SIEMPRE ABIERTO";"De Lunes a Domingo"
"CV H00326CS";"B";"BAJA";"4";"4 ESTRELLAS";"FUENTES, LAS";"12";"CASTELLÓ";"004";"ALCALÀ DE XIVERT / ALCOSSEBRE";"EL BAIX MAESTRAT";"12570";"PLAYA DE LAS FUENTES, S/N";"PY";"PLAYA";"DE LAS FUENTES";"S/N"; ; ;"H";"HOTEL";"H";"HOTEL";"50";"95";"NCD";"NO PERTENECE A NINGUNA CADENA";"01/01/1969";"31/03/1993";"SIEMPRE ABIERTO";"De Lunes a Domingo"
"CV H00591CS";"A";"ALTA";"4";"4 ESTRELLAS";"GRAN HOTEL LAS FUENTES";"12";"CASTELLÓ";"004";"ALCALÀ DE XIVERT / ALCOSSEBRE";"EL BAIX MAESTRAT";"12579";"AVENIDA LAS FUENTES, 26";"AV";"AVENIDA";"LAS FUENTES";"26";"reservas@fantasia-hoteles.com";"http://www.granhotel-lasfuentes.es";"H";"HOTEL";"H";"HOTEL";"206";"414";"FAN";"FANTASÍA HOTELES";"27/06/1997"; ;"SIEMPRE ABIERTO";"De Lunes a Domingo"
"CV H00718CS";"A";"ALTA"; ; ;"HOSTAL NEUS";"12";"CASTELLÓ";"004";"ALCALÀ DE XIVERT / ALCOSSEBRE";"EL BAIX MAESTRAT";"12570";"CALLE PASEO HEROES DE MARRUECOS, 74";"C";"CALLE";"PASEO HEROES DE MARRUECOS";"74";"manu@hostalneus.com";"http://www.hostalneus.com";"HS";"HOSTAL"; ; ;"8";"15";"NCD";"NO PERTENECE A NINGUNA CADENA";"30/05/2016"; ;"SIEMPRE ABIERTO";"De Lunes a Domingo"
"CV H00679CS";"A";"ALTA";"3";"3 ESTRELLAS";"HOTEL ALCOCEBRE SUITES";"12";"CASTELLÓ";"004";"ALCALÀ DE XIVERT / ALCOSSEBRE";"EL BAIX MAESTRAT";"12570";"CAMINO  L'ATALL, 64";"CM";"CAMINO";"L'ATALL";"64";"info@alcocebresuiteshotel.com";"http://www.alcocebresuiteshotel.com";"H";"HOTEL";"H";"HOTEL";"44";"88";"NCD";"NO PERTENECE A NINGUNA CADENA";"31/07/2009"; ;"SIEMPRE ABIERTO";"De Lunes a Domingo"
"CV H00662CS";"A";"ALTA";"3";"3 ESTRELLAS";"HOTEL ALCOSSEBRE";"12";"CASTELLÓ";"004";"ALCALÀ DE XIVERT / ALCOSSEBRE";"EL BAIX MAESTRAT";"12579";"CALLE DELS MURS, S/N";"C";"CALLE";"DELS MURS";"S/N";"hola@alcossebrehotel.com";"http://www.alcossebrehotel.com";"H";"HOTEL";"H";"HOTEL";"120";"260";"NCD";"NO PERTENECE A NINGUNA CADENA";"20/12/2006"; ;"14/06 - 13/10";"De Lunes a Domingo"
"CV H00603CS";"A";"ALTA";"3";"3 ESTRELLAS";"HOTEL SERVIGROUP ROMANA";"12";"CASTELLÓ";"004";"ALCALÀ DE XIVERT / ALCOSSEBRE";"EL BAIX MAESTRAT";"12579";"PLAYA ROMANA, S/N";"PY";"PLAYA";"ROMANA";"S/N";"romana@servigroup.es";"www.servigroup.com/";"H";"HOTEL";"HA";"HOTEL-APARTAMENTO";"159";"332";"SER";"HOTELES SERVIGROUP";"22/07/1998"; ;"01/05 - 31/10";"De Lunes a Domingo"
"CV H00247CS";"B";"BAJA";"3";"3 ESTRELLAS";"JEREMIAS";"12";"CASTELLÓ";"004";"ALCALÀ DE XIVERT / ALCOSSEBRE";"EL BAIX MAESTRAT";"12579";"CALLE ELS CAMPS, S/N";"C";"CALLE";"ELS CAMPS";"S/N";"info@hoteljeremias.com";"http://www.hoteljeremias.com/";"H";"HOTEL";"H";"HOTEL";"40";"81";"NCD";"NO PERTENECE A NINGUNA CADENA";"15/10/1966";"07/05/2018";"27/06 - 14/09";"De Lunes a Domingo"
"CV H00531CS";"B";"BAJA";"0";"PENSIÓN";"NEUS";"12";"CASTELLÓ";"004";"ALCALÀ DE XIVERT / ALCOSSEBRE";"EL BAIX MAESTRAT";"12570";"AVENIDA HÉROES DE MARRUECOS, 74";"AV";"AVENIDA";"HÉROES DE MARRUECOS";"74";"socsam92@gmail.com"; ;"P";"PENSIÓN";"P";"PENSIÓN";"8";"14";"NCD";"NO PERTENECE A NINGUNA CADENA";"25/04/1988";"30/09/2013";"SIEMPRE ABIERTO";"De Lunes a Domingo"
"CV H00547CS";"A";"ALTA";"0";"PENSIÓN";"OLIMPIC";"12";"CASTELLÓ";"004";"ALCALÀ DE XIVERT / ALCOSSEBRE";"EL BAIX MAESTRAT";"12570";"CARRETERA NACIONAL 340, KM. 1013";"CR";"CARRETERA";"NACIONAL 340, KM. 1013"; ; ; ;"P";"PENSIÓN";"P";"PENSIÓN";"18";"36";"NCD";"NO PERTENECE A NINGUNA CADENA";"24/09/1991"; ;"SIEMPRE ABIERTO";"De Lunes a Domingo"
"CV H00785CS";"A";"ALTA";"0";"PENSIÓN";"PENSIÓN RENCH";"12";"CASTELLÓ";"004";"ALCALÀ DE XIVERT / ALCOSSEBRE";"EL BAIX MAESTRAT";"12579";"CALLE RENCH, 73";"C";"CALLE";"RENCH";"73";"alquileres@inalko.com"; ;"P";"PENSIÓN"; ; ;"5";"9";"NCD";"NO PERTENECE A NINGUNA CADENA";"07/11/2025"; ;"SIEMPRE ABIERTO";"De Lunes a Domingo"
"CV H00063CS";"A";"ALTA";"1";"1 ESTRELLA";"ROSALEDA";"12";"CASTELLÓ";"004";"ALCALÀ DE XIVERT / ALCOSSEBRE";"EL BAIX MAESTRAT";"12570";"PLAZA JUAN VILANOVA, 23";"PL";"PLAZA";"JUAN VILANOVA";"23";"hostalrosaleda@gmail.com"; ;"HS";"HOSTAL";"HS";"HOSTAL";"7";"14";"NCD";"NO PERTENECE A NINGUNA CADENA";"02/01/1962"; ;"SIEMPRE ABIERTO";"De Lunes a Domingo"
"CV H00560CS";"A";"ALTA";"3";"3 ESTRELLAS";"SANCHO III";"12";"CASTELLÓ";"004";"ALCALÀ DE XIVERT / ALCOSSEBRE";"EL BAIX MAESTRAT";"12579";"CAMINO RIBAMAR, S/N";"CM";"CAMINO";"RIBAMAR";"S/N";"reservas@hotelsancho.com";"http://www.hotelsancho.com";"H";"HOTEL";"H";"HOTEL";"113";"226";"NCD";"NO PERTENECE A NINGUNA CADENA";"17/10/1994"; ;"SIEMPRE ABIERTO";"De Lunes a Domingo"
"CV H00527CS";"A";"ALTA";"1";"1 ESTRELLA";"SERRA D'IRTA";"12";"CASTELLÓ";"004";"ALCALÀ DE XIVERT / ALCOSSEBRE";"EL BAIX MAESTRAT";"12570";"CARRETERA LAS FUENTES, S/N";"CR";"CARRETERA";"LAS FUENTES";"S/N"; ; ;"H";"HOTEL";"H";"HOTEL";"6";"12";"NCD";"NO PERTENECE A NINGUNA CADENA";"22/09/1987"; ;"01/03 - 31/10";"De Lunes a Domingo"
"CV H00498CS";"B";"BAJA";"1";"1 ESTRELLA";"TOSSALET";"12";"CASTELLÓ";"004";"ALCALÀ DE XIVERT / ALCOSSEBRE";"EL BAIX MAESTRAT";"12570";"CARRETERA ALCOCEBER (PD/ TOSALET), S/N";"CR";"CARRETERA";"ALCOCEBER (PD/ TOSALET)";"S/N";"eltossalet@yahoo.es";"www.hostaltossalet.com";"HS";"HOSTAL";"HS";"HOSTAL";"16";"32";"NCD";"NO PERTENECE A NINGUNA CADENA";"09/01/1981";"11/12/2018";"01/07 - 30/09";"De Lunes a Domingo"
"CV H00609CS";"B";"BAJA";"1";"1 ESTRELLA";"L'ALCORA";"12";"CASTELLÓ";"005";"L'ALCORA";"L'ALCALATEN";"12110";"CAMINO SAN VICENTE, 5";"CM";"CAMINO";"SAN VICENTE";"5";"hostalalcora@gmail.com"; ;"HS";"HOSTAL";"SR";"HOSTAL-RESIDENCIA";"27";"50";"NCD";"NO PERTENECE A NINGUNA CADENA";"18/11/1999";"18/07/2014";"SIEMPRE ABIERTO";"De Lunes a Domingo"
"CV H00410CS";"B";"BAJA";"0";"PENSIÓN";"PARRA, LA";"12";"CASTELLÓ";"005";"L'ALCORA";"L'ALCALATEN";"12110";"CARRETERA CASTELLON, 4";"CR";"CARRETERA";"CASTELLON";"4"; ; ;"P";"PENSIÓN";"P";"PENSIÓN";"9";"14";"NCD";"NO PERTENECE A NINGUNA CADENA";"31/05/1973";"13/07/1995";"SIEMPRE ABIERTO";"De Lunes a Domingo"
"CV H00533CS";"B";"BAJA";"1";"1 ESTRELLA";"PICO ESPADAN";"12";"CASTELLÓ";"006";"ALCUDIA DE VEO";"LA PLANA BAIXA";"12222";"CALLE ONDA, 4";"C";"CALLE";"ONDA";"4";"info@picoespadanhr.com";"http://picoespadanhr.com";"HS";"HOSTAL";"SR";"HOSTAL-RESIDENCIA";"16";"36";"NCD";"NO PERTENECE A NINGUNA CADENA";"03/02/1989";"05/07/2018";"SIEMPRE ABIERTO";"De Lunes a Domingo"
"CV H00719CS";"A";"ALTA";"4";"4 ESTRELLAS";"MAR DE FULLES";"12";"CASTELLÓ";"007";"ALFONDEGUILLA";"LA PLANA BAIXA";"12609";"POLÍGONO 5, PARCELA 69 (MAR DE FULLES), 5";"PO";"POLÍGONO";"5, PARCELA 69 (MAR DE FULLES)";"5";"info@mardefulles.es";"https://www.mardefulles.es";"H";"HOTEL";"H";"HOTEL";"10";"20";"NCD";"NO PERTENECE A NINGUNA CADENA";"07/07/2016"; ;"SIEMPRE ABIERTO";"De Lunes a Domingo"
"CV H00550CS";"B";"BAJA";"2";"2 ESTRELLAS";"EUROPA";"12";"CASTELLÓ";"009";"ALMASSORA";"LA PLANA ALTA";"12550";"CALLE TRINIDAD, 48";"C";"CALLE";"TRINIDAD";"48";"info@hoteleuropa-spain.com";"http://www.hoteleuropa-spain.com/";"H";"HOTEL";"H";"HOTEL";"10";"19";"NCD";"NO PERTENECE A NINGUNA CADENA";"17/02/1992";"24/05/2013";"SIEMPRE ABIERTO";"De Lunes a Domingo"
"CV H00593CS";"A";"ALTA";"1";"1 ESTRELLA";"JENDRI";"12";"CASTELLÓ";"009";"ALMASSORA";"LA PLANA ALTA";"12550";"CALLE ALCORA, 231";"C";"CALLE";"ALCORA";"231";"info@hoteljendri.es"; ;"H";"HOTEL";"H";"HOTEL";"11";"22";"NCD";"NO PERTENECE A NINGUNA CADENA";"06/10/1997"; ;"SIEMPRE ABIERTO";"De Lunes a Domingo"
"CV H00376CS";"A";"ALTA";"0";"PENSIÓN";"MIAMI";"12";"CASTELLÓ";"009";"ALMASSORA";"LA PLANA ALTA";"12550";"GRAN VÍA PIO XII, 1";"GV";"GRAN VÍA";"PIO XII";"1";"pensionmiami@hotmail.com"; ;"P";"PENSIÓN";"P";"PENSIÓN";"8";"15";"NCD";"NO PERTENECE A NINGUNA CADENA";"19/12/1971"; ;"SIEMPRE ABIERTO";"De Lunes a Domingo"
"CV H00059CS";"B";"BAJA";"0";"PENSIÓN";"MIJARES,EL";"12";"CASTELLÓ";"009";"ALMASSORA";"LA PLANA ALTA";"12550";"CARRETERA NACIONAL 340, KM. 12,61, S/N";"CR";"CARRETERA";"NACIONAL 340, KM. 12,61";"S/N"; ; ;"P";"PENSIÓN";"P";"PENSIÓN";"10";"15";"NCD";"NO PERTENECE A NINGUNA CADENA";"22/02/1962";"20/01/1999";"SIEMPRE ABIERTO";"De Lunes a Domingo"
"CV H00057CS";"B";"BAJA";"0";"PENSIÓN";"LA MARCELINA";"12";"CASTELLÓ";"012";"ALTURA";"EL ALTO PALANCIA";"12410";"AVENIDA SANTUARIO, 36";"AV";"AVENIDA";"SANTUARIO";"36"; ; ;"P";"PENSIÓN";"P";"PENSIÓN";"12";"20";"NCD";"NO PERTENECE A NINGUNA CADENA";"01/09/1986";"21/02/2002";"SIEMPRE ABIERTO";"De Lunes a Domingo"
"CV H00469CS";"B";"BAJA";"0";"PENSIÓN";"SANTUARIO CUEVA SANTA";"12";"CASTELLÓ";"012";"ALTURA";"EL ALTO PALANCIA";"12410";"SANTUARIO CUEVA SANTA, S/N"; ; ;"SANTUARIO CUEVA SANTA";"S/N"; ; ;"P";"PENSIÓN";"P";"PENSIÓN";"34";"65";"NCD";"NO PERTENECE A NINGUNA CADENA";"28/06/1977";"17/05/2001";"01/06 - 30/09";"De Lunes a Domingo"
"CV H00361CS";"A";"ALTA";"2";"2 ESTRELLAS";"VICTORIA";"12";"CASTELLÓ";"012";"ALTURA";"EL ALTO PALANCIA";"12410";"AVENIDA VALENCIA, 64";"AV";"AVENIDA";"VALENCIA";"64";"hotelvictoria@villadealtura.com";"http://www.hostalvictoriaaltura.com";"HS";"HOSTAL";"HS";"HOSTAL";"18";"32";"NCD";"NO PERTENECE A NINGUNA CADENA";"27/06/1971"; ;"SIEMPRE ABIERTO";"De Lunes a Domingo"
"CV H00584CS";"A";"ALTA";"2";"2 ESTRELLAS";"D'ARES";"12";"CASTELLÓ";"014";"ARES DEL MAESTRAT";"L'ALT MAESTRAT";"12165";"PLAZA MAYOR, 4";"PL";"PLAZA";"MAYOR";"4";"hoteldearesdelmaestrat@gmail.com";"www.hotelaresdelmaestrat.com";"H";"HOTEL";"H";"HOTEL";"10";"23";"NCD";"NO PERTENECE A NINGUNA CADENA";"12/09/1995"; ;"SIEMPRE ABIERTO";"De Lunes a Domingo"
"CV H00658CS";"B";"BAJA";"1";"1 ESTRELLA";"ESPADAN";"12";"CASTELLÓ";"018";"AZUÉBAR";"EL ALTO PALANCIA";"12490";"AVENIDA CASTELLÓN, 10";"AV";"AVENIDA";"CASTELLÓN";"10";"Paqui-azu@hotmail.com"; ;"H";"HOTEL";"HA";"HOTEL-APARTAMENTO";"9";"16";"NCD";"NO PERTENECE A NINGUNA CADENA";"18/05/2006";"25/03/2022";"SIEMPRE ABIERTO";"De Lunes a Domingo"
"CV H00751CS";"A";"ALTA";"1";"1 ESTRELLA";"HOTEL ESPADAN";"12";"CASTELLÓ";"018";"AZUÉBAR";"EL ALTO PALANCIA";"12490";"AVENIDA CASTELLON, 10";"AV";"AVENIDA";"CASTELLON";"10";"hotelespadan@gmail.com"; ;"H";"HOTEL";"HA";"HOTEL-APARTAMENTO";"10";"19";"NCD";"NO PERTENECE A NINGUNA CADENA";"15/09/2022"; ;"SIEMPRE ABIERTO";"De Lunes a Domingo"
"CV H00470CS";"B";"BAJA";"0";"PENSIÓN";"MONTESOL";"12";"CASTELLÓ";"018";"AZUÉBAR";"EL ALTO PALANCIA";"12490";"AVENIDA CASTELLÓN, 10";"AV";"AVENIDA";"CASTELLÓN";"10"; ; ;"P";"PENSIÓN";"P";"PENSIÓN";"7";"13";"NCD";"NO PERTENECE A NINGUNA CADENA";"19/07/1977";"23/06/2003";"SIEMPRE ABIERTO";"De Lunes a Domingo"
"CV H00377CS";"B";"BAJA";"1";"1 ESTRELLA";"CASA CORELL";"12";"CASTELLÓ";"020";"BARRACAS";"EL ALTO PALANCIA";"12420";"CARRETERA SAGUNTO BURGOS, KM. 63, S/N";"CR";"CARRETERA";"SAGUNTO BURGOS, KM. 63";"S/N"; ; ;"HS";"HOSTAL";"HS";"HOSTAL";"12";"22";"NCD";"NO PERTENECE A NINGUNA CADENA";"12/01/1972";"03/01/2001";"SIEMPRE ABIERTO";"De Lunes a Domingo"
"CV H00528CS";"B";"BAJA";"0";"PENSIÓN";"LOS LLANOS";"12";"CASTELLÓ";"020";"BARRACAS";"EL ALTO PALANCIA";"12420";"CARRETERA SAGUNTO-BURGOS, KM. 62, S/N";"CR";"CARRETERA";"SAGUNTO-BURGOS, KM. 62";"S/N"; ; ;"P";"PENSIÓN";"P";"PENSIÓN";"12";"20";"NCD";"NO PERTENECE A NINGUNA CADENA";"10/12/1987";"01/02/2001";"SIEMPRE ABIERTO";"De Lunes a Domingo"
"CV H00214CS";"B";"BAJA";"1";"1 ESTRELLA";"NORTE";"12";"CASTELLÓ";"020";"BARRACAS";"EL ALTO PALANCIA";"12420";"CARRETERA SAGUNTO-BURGOS, KM. 64, 62";"CR";"CARRETERA";"SAGUNTO-BURGOS, KM. 64";"62";"restaurante@lagasoles"; ;"HS";"HOSTAL";"HS";"HOSTAL";"10";"19";"NCD";"NO PERTENECE A NINGUNA CADENA";"21/08/1965";"17/01/2024";"SIEMPRE ABIERTO";"De Lunes a Domingo"
"CV H00460CS";"B";"BAJA";"0";"PENSIÓN";"PARIS";"12";"CASTELLÓ";"021";"BETXÍ";"LA PLANA BAIXA";"12549";"CALLE ASUNCION FRANCH, 1";"C";"CALLE";"ASUNCION FRANCH";"1"; ; ;"P";"PENSIÓN";"P";"PENSIÓN";"7";"14";"NCD";"NO PERTENECE A NINGUNA CADENA";"08/10/1976";"04/12/1992";"SIEMPRE ABIERTO";"De Lunes a Domingo"
"CV H00554CS";"B";"BAJA";"0";"PENSIÓN";"ZAPRI";"12";"CASTELLÓ";"021";"BETXÍ";"LA PLANA BAIXA";"12549";"CALLE ASUNCION FRANCH, 1";"C";"CALLE";"ASUNCION FRANCH";"1"; ; ;"P";"PENSIÓN";"P";"PENSIÓN";"8";"14";"NCD";"NO PERTENECE A NINGUNA CADENA";"17/02/1992";"29/11/1999";"SIEMPRE ABIERTO";"De Lunes a Domingo"
"CV H00431CS";"B";"BAJA";"0";"PENSIÓN";"ROMAN";"12";"CASTELLÓ";"022";"BEJÍS";"EL ALTO PALANCIA";"12430";"AVENIDA DE SANTO";"AV";"AVENIDA";"DE SANTO"; ; ; ;"P";"PENSIÓN";"P";"PENSIÓN";"6";"12";"NCD";"NO PERTENECE A NINGUNA CADENA";"25/02/1975";"25/02/1999";"SIEMPRE ABIERTO";"De Lunes a Domingo"
"CV H00408CS";"A";"ALTA";"0";"PENSIÓN";"TREN PITA";"12";"CASTELLÓ";"022";"BEJÍS";"EL ALTO PALANCIA";"12430";"CALLE LORETO VIRGEN, 3";"C";"CALLE";"LORETO VIRGEN";"3";"herminiapalomar@gmail.com";"http://www.eltrenpita.es";"P";"PENSIÓN";"P";"PENSIÓN";"13";"25";"NCD";"NO PERTENECE A NINGUNA CADENA";"19/10/1973"; ;"SIEMPRE ABIERTO";"De Lunes a Domingo"
"CV H00042CS";"B";"BAJA";"1";"1 ESTRELLA";"CATALANA LA";"12";"CASTELLÓ";"026";"BENASSAL";"L'ALT MAESTRAT";"12160";"AVENIDA DR. PUIGVERT,, S/N";"AV";"AVENIDA";"DR. PUIGVERT,";"S/N";"hostalacatalana@hotmail.com";"http://www.hostallacatalana.com";"HS";"HOSTAL";"HS";"HOSTAL";"32";"55";"NCD";"NO PERTENECE A NINGUNA CADENA";"28/09/1960";"24/10/2022";"01/07 - 30/09";"De Lunes a Domingo"
"CV H00109CS";"B";"BAJA";"0";"PENSIÓN";"EMILIA";"12";"CASTELLÓ";"026";"BENASSAL";"L'ALT MAESTRAT";"12160";"BALNEARIO FUENTE ENSEGURES, S/N"; ; ;"BALNEARIO FUENTE ENSEGURES";"S/N"; ; ;"P";"PENSIÓN";"P";"PENSIÓN";"22";"34";"NCD";"NO PERTENECE A NINGUNA CADENA";"02/05/1970";"22/03/2000";"01/07 - 30/09";"De Lunes a Domingo"
"CV H00008CS";"B";"BAJA";"2";"2 ESTRELLAS";"FUENTE EN SEGURES";"12";"CASTELLÓ";"026";"BENASSAL";"L'ALT MAESTRAT";"12160";"BALNEARIO FUENTE ENSEGURES, S/N"; ; ;"BALNEARIO FUENTE ENSEGURES";"S/N";"hotelbenassal@balneariodebenassal.com";"http://www.balneariodebenassal.com/fuente-en-segures";"H";"HOTEL";"H";"HOTEL";"78";"143";"NCD";"NO PERTENECE A NINGUNA CADENA";"22/05/1963";"22/12/2015";"01/08 - 31/08 y 15/07 - 31/07";"De Lunes a Domingo"
"CV H00644CS";"A";"ALTA";"3";"3 ESTRELLAS";"HOTEL NOVELLA BENASAL";"12";"CASTELLÓ";"026";"BENASSAL";"L'ALT MAESTRAT";"12160";"CARRETERA CULLA, 1";"CR";"CARRETERA";"CULLA";"1";"hotelnovella@hotmail.com";"http://www.hoteldemontananovella.com/";"H";"HOTEL";"H";"HOTEL";"13";"26";"NCD";"NO PERTENECE A NINGUNA CADENA";"11/02/2004"; ;"SIEMPRE ABIERTO";"De Lunes a Domingo"
"CV H00688CS";"A";"ALTA";"2";"2 ESTRELLAS";"LA CASTELLANA";"12";"CASTELLÓ";"026";"BENASSAL";"L'ALT MAESTRAT";"12160";"AVENIDA DOCTOR PUIGVERT, S/N";"AV";"AVENIDA";"DOCTOR PUIGVERT";"S/N";"lacastellanabenassal@gmail.com";"https://www.hotel-lacastellana.com";"H";"HOTEL";"H";"HOTEL";"7";"14";"NCD";"NO PERTENECE A NINGUNA CADENA";"03/06/2010"; ;"SIEMPRE ABIERTO";"De Lunes a Domingo"
"CV H00041CS";"B";"BAJA";"1";"1 ESTRELLA";"LOS PINOS";"12";"CASTELLÓ";"026";"BENASSAL";"L'ALT MAESTRAT";"12160";"BALNEARIO FUENTE ENSEGURES, S/N"; ; ;"BALNEARIO FUENTE ENSEGURES";"S/N"; ;"http://www.lospinosbenassal.com";"HS";"HOSTAL";"HS";"HOSTAL";"32";"48";"NCD";"NO PERTENECE A NINGUNA CADENA";"02/01/1962";"18/12/2023";"01/07 - 30/09";"De Lunes a Domingo"
"CV H00529CS";"A";"ALTA";"2";"2 ESTRELLAS";"PINOS II, LOS";"12";"CASTELLÓ";"026";"BENASSAL";"L'ALT MAESTRAT";"12160";"BALNEARIO FUENTE EN SEGURES, S/N"; ; ;"BALNEARIO FUENTE EN SEGURES";"S/N"; ; ;"H";"HOTEL";"H";"HOTEL";"48";"92";"NCD";"NO PERTENECE A NINGUNA CADENA";"11/03/1988"; ;"05/04 - 31/10";"De Lunes a Domingo"
"CV H00507CS";"B";"BAJA";"0";"PENSIÓN";"PIQUETA, LA";"12";"CASTELLÓ";"026";"BENASSAL";"L'ALT MAESTRAT";"12160";"AVENIDA VILLAFRANCA, 8";"AV";"AVENIDA";"VILLAFRANCA";"8";"reservas@hotellapiqueta.com";"http://www.hotellapiqueta.com";"P";"PENSIÓN";"P";"PENSIÓN";"5";"11";"NCD";"NO PERTENECE A NINGUNA CADENA";"02/05/1986";"24/10/2012";"SIEMPRE ABIERTO";"De Lunes a Domingo"
"CV H00574CS";"A";"ALTA";"2";"2 ESTRELLAS";"PIQUETA, LA";"12";"CASTELLÓ";"026";"BENASSAL";"L'ALT MAESTRAT";"12160";"AVENIDA VILLAFRANCA, 9";"AV";"AVENIDA";"VILLAFRANCA";"9";"reservas@hotellapiqueta.com";"http://www.hotellapiqueta.com";"H";"HOTEL";"H";"HOTEL";"22";"44";"NCD";"NO PERTENECE A NINGUNA CADENA";"25/01/1995"; ;"SIEMPRE ABIERTO";"De Lunes a Domingo"
"CV H00362CS";"A";"ALTA";"1";"1 ESTRELLA";"ROIG";"12";"CASTELLÓ";"026";"BENASSAL";"L'ALT MAESTRAT";"12160";"BALNEARIO FUENTE ENSEGURES, S/N"; ; ;"BALNEARIO FUENTE ENSEGURES";"S/N";"eliaroigsalvador@yahoo.es";"http://www.hotelroig.com";"HS";"HOSTAL";"SR";"HOSTAL-RESIDENCIA";"47";"85";"NCD";"NO PERTENECE A NINGUNA CADENA";"06/07/1971"; ;"15/06 - 31/09";"De Lunes a Domingo"
"CV H00520CS";"A";"ALTA";"2";"2 ESTRELLAS";"ROIG 86";"12";"CASTELLÓ";"026";"BENASSAL";"L'ALT MAESTRAT";"12160";"BALNEARIO FUENTE ENSEGURES, S/N"; ; ;"BALNEARIO FUENTE ENSEGURES";"S/N";"eroig@hotelroig.com / eliaroigsalvador@yahoo.es";"http://www.hotelroig.com";"H";"HOTEL";"H";"HOTEL";"58";"114";"NCD";"NO PERTENECE A NINGUNA CADENA";"01/09/1987"; ;"15/06 - 30/09";"De Lunes a Domingo"
"CV H00458CS";"A";"ALTA";"0";"PENSIÓN";"BELMONTE II";"12";"CASTELLÓ";"027";"BENICARLÓ";"EL BAIX MAESTRAT";"12580";"CALLE PIO XII, 3";"C";"CALLE";"PIO XII";"3";"h.r.belmonteII@ono.com";"http://www.hostalbelmonteii.es";"P";"PENSIÓN";"P";"PENSIÓN";"20";"36";"NCD";"NO PERTENECE A NINGUNA CADENA";"03/10/1975"; ;"SIEMPRE ABIERTO";"De Lunes a Domingo"
"CV H00050CS";"B";"BAJA";"0";"PENSIÓN";"COLON";"12";"CASTELLÓ";"027";"BENICARLÓ";"EL BAIX MAESTRAT";"12580";"CALLE CRISTOBAL COLON, 4";"C";"CALLE";"CRISTOBAL COLON";"4"; ; ;"P";"PENSIÓN";"P";"PENSIÓN";"7";"11";"NCD";"NO PERTENECE A NINGUNA CADENA";"03/09/1964";"21/02/2007";"01/07 - 01/10";"De Lunes a Domingo"
"CV H00643CS";"A";"ALTA";"2";"2 ESTRELLAS";"EL PINCHE DE ORO";"12";"CASTELLÓ";"027";"BENICARLÓ";"EL BAIX MAESTRAT";"12580";"PASEO MARÍTIMO, 46";"PA";"PASEO";"MARÍTIMO";"46";"info@elpinchedeoro.com";"http://www.elpinchedeoro.com";"H";"HOTEL";"H";"HOTEL";"20";"40";"NCD";"NO PERTENECE A NINGUNA CADENA";"30/01/2004"; ;"SIEMPRE ABIERTO";"De Lunes a Domingo"
"CV H00120CS";"B";"BAJA";"0";"PENSIÓN";"EUROPA";"12";"CASTELLÓ";"027";"BENICARLÓ";"EL BAIX MAESTRAT";"12580";"PLAZA ALONSO VEGA";"PL";"PLAZA";"ALONSO VEGA"; ; ; ;"P";"PENSIÓN";"P";"PENSIÓN";"11";"14";"NCD";"NO PERTENECE A NINGUNA CADENA";"03/03/1970";"29/07/1992";"SIEMPRE ABIERTO";"De Lunes a Domingo"
"CV H00764CS";"A";"ALTA";"2";"2 ESTRELLAS";"HOTEL AIGUA OLIVA";"12";"CASTELLÓ";"027";"BENICARLÓ";"EL BAIX MAESTRAT";"12580";"PARTIDA SURRACH, POL. 7, PARCELA 202, 186";"PD";"PARTIDA";"SURRACH, POL. 7, PARCELA 202";"186";"info@aiguaoliva.es";"www.aiguaoliva.es";"H";"HOTEL";"H";"HOTEL";"7";"13";"NCD";"NO PERTENECE A NINGUNA CADENA";"12/03/2024"; ;"SIEMPRE ABIERTO";"De Lunes a Domingo"
"CV H00598CS";"A";"ALTA";"2";"2 ESTRELLAS";"HOTEL RESTAURANTE ROSI";"12";"CASTELLÓ";"027";"BENICARLÓ";"EL BAIX MAESTRAT";"12580";"CALLE DOCTOR FLEMING, 50";"C";"CALLE";"DOCTOR FLEMING";"50";"info@hotelrosi.com";"http://www.hotelrosi.com";"H";"HOTEL";"H";"HOTEL";"24";"48";"NCD";"NO PERTENECE A NINGUNA CADENA";"15/04/1998"; ;"SIEMPRE ABIERTO";"De Lunes a Domingo"
"CV H00196CS";"B";"BAJA";"0";"PENSIÓN";"LARDY";"12";"CASTELLÓ";"027";"BENICARLÓ";"EL BAIX MAESTRAT";"12580";"CALLE OLIVELLA";"C";"CALLE";"OLIVELLA"; ; ; ;"P";"PENSIÓN";"P";"PENSIÓN";"5";"8";"NCD";"NO PERTENECE A NINGUNA CADENA";"02/03/1964";"24/05/1994";"SIEMPRE ABIERTO";"De Lunes a Domingo"
"CV H00375CS";"B";"BAJA";"0";"PENSIÓN";"LAS PALOMAS";"12";"CASTELLÓ";"027";"BENICARLÓ";"EL BAIX MAESTRAT";"12580";"CALLE HERNAN CORTES, 14";"C";"CALLE";"HERNAN CORTES";"14";"laspalomas_ben@yahoo.es"; ;"P";"PENSIÓN";"P";"PENSIÓN";"6";"11";"NCD";"NO PERTENECE A NINGUNA CADENA";"04/11/1971";"23/10/2006";"SIEMPRE ABIERTO";"De Lunes a Domingo"
"CV H00532CS";"B";"BAJA";"0";"PENSIÓN";"LOS CLAVELES";"12";"CASTELLÓ";"027";"BENICARLÓ";"EL BAIX MAESTRAT";"12580";"CALLE SEVERO OCHOA, 45";"C";"CALLE";"SEVERO OCHOA";"45";"hostallosclaveles@hotmail.com"; ;"P";"PENSIÓN";"P";"PENSIÓN";"5";"9";"NCD";"NO PERTENECE A NINGUNA CADENA";"09/01/1989";"12/04/2023";"15/07 - 15/09";"De Lunes a Domingo"
"CV H00486CS";"A";"ALTA";"2";"2 ESTRELLAS";"MARYNTON";"12";"CASTELLÓ";"027";"BENICARLÓ";"EL BAIX MAESTRAT";"12580";"PASEO MARITIMO, 5";"PA";"PASEO";"MARITIMO";"5";"info@cnpuertadelsol.es";"www.iberflat.es";"H";"HOTEL";"H";"HOTEL";"32";"64";"NCD";"NO PERTENECE A NINGUNA CADENA";"21/09/1979"; ;"SIEMPRE ABIERTO";"De Lunes a Domingo"
"CV H00049CS";"B";"BAJA";"1";"1 ESTRELLA";"MATEU";"12";"CASTELLÓ";"027";"BENICARLÓ";"EL BAIX MAESTRAT";"12580";"CALLE FERRERES BRETO, 8";"C";"CALLE";"FERRERES BRETO";"8"; ; ;"HS";"HOSTAL";"SR";"HOSTAL-RESIDENCIA";"9";"15";"NCD";"NO PERTENECE A NINGUNA CADENA";"13/05/1960";"30/11/2007";"01/07 - 31/08";"De Lunes a Domingo"
"CV H00561CS";"B";"BAJA";"0";"PENSIÓN";"MEDITERRANEO";"12";"CASTELLÓ";"027";"BENICARLÓ";"EL BAIX MAESTRAT";"12580";"CALLE JUAN SEBASTIAN ELCANO, 32";"C";"CALLE";"JUAN SEBASTIAN ELCANO";"32"; ; ;"P";"PENSIÓN";"P";"PENSIÓN";"7";"13";"NCD";"NO PERTENECE A NINGUNA CADENA";"27/11/1992";"28/05/2018";"SIEMPRE ABIERTO";"De Lunes a Domingo"
"CV H00118CS";"B";"BAJA";"0";"PENSIÓN";"PABLO";"12";"CASTELLÓ";"027";"BENICARLÓ";"EL BAIX MAESTRAT";"12580";"CALLE CARMEN, 5";"C";"CALLE";"CARMEN";"5"; ; ;"P";"PENSIÓN";"P";"PENSIÓN";"0"; ;"NCD";"NO PERTENECE A NINGUNA CADENA";"06/09/1964";"09/01/1989";"SIEMPRE ABIERTO";"De Lunes a Domingo"
"CV H00740CS";"A";"ALTA"; ; ;"PENSION CASA MIKA";"12";"CASTELLÓ";"027";"BENICARLÓ";"EL BAIX MAESTRAT";"12580";"CALLE MAYOR, 4";"C";"CALLE";"MAYOR";"4";"casamika39@gmail.com"; ;"P";"PENSIÓN"; ; ;"6";"9";"NCD";"NO PERTENECE A NINGUNA CADENA";"30/07/2020"; ;"SIEMPRE ABIERTO";"De Lunes a Domingo"
"CV H00328CS";"B";"BAJA";"1";"1 ESTRELLA";"PLAYA";"12";"CASTELLÓ";"027";"BENICARLÓ";"EL BAIX MAESTRAT";"12580";"PASEO MARITIMO, 12";"PA";"PASEO";"MARITIMO";"12"; ; ;"HS";"HOSTAL";"HS";"HOSTAL";"18";"33";"NCD";"NO PERTENECE A NINGUNA CADENA";"27/07/1969";"15/10/1996";"SIEMPRE ABIERTO";"De Lunes a Domingo"
"CV H00368CS";"B";"BAJA";"1";"1 ESTRELLA";"PRINTANIA";"12";"CASTELLÓ";"027";"BENICARLÓ";"EL BAIX MAESTRAT";"12580";"CALLE HERNAN CORTES, 44";"C";"CALLE";"HERNAN CORTES";"44"; ; ;"HS";"HOSTAL";"HS";"HOSTAL";"30";"50";"NCD";"NO PERTENECE A NINGUNA CADENA";"23/07/1971";"19/05/2000";"SIEMPRE ABIERTO";"De Lunes a Domingo"
"CV H00535CS";"B";"BAJA";"0";"PENSIÓN";"SAN FRANCISCO";"12";"CASTELLÓ";"027";"BENICARLÓ";"EL BAIX MAESTRAT";"12580";"CALLE SAN FRANCISCO, 12";"C";"CALLE";"SAN FRANCISCO";"12"; ; ;"P";"PENSIÓN";"P";"PENSIÓN";"16";"27";"NCD";"NO PERTENECE A NINGUNA CADENA";"08/05/1989";"04/06/1998";"SIEMPRE ABIERTO";"De Lunes a Domingo"
"CV H00209CS";"A";"ALTA";"1";"1 ESTRELLA";"SOL";"12";"CASTELLÓ";"027";"BENICARLÓ";"EL BAIX MAESTRAT";"12580";"CARRETERA NACIONAL 340, S/N";"CR";"CARRETERA";"NACIONAL 340";"S/N";"reservas@hotel-sol.com";"http://www.hotel-sol.com";"H";"HOTEL";"H";"HOTEL";"21";"44";"NCD";"NO PERTENECE A NINGUNA CADENA";"11/07/1965"; ;"SIEMPRE ABIERTO";"De Lunes a Domingo"
"CV H00140CS";"B";"BAJA";"1";"1 ESTRELLA";"ALMADRABA";"12";"CASTELLÓ";"028";"BENICÀSSIM/BENICASIM";"LA PLANA ALTA";"12560";"CALLE SANTO TOMAS, 135";"C";"CALLE";"SANTO TOMAS";"135";"hostalalmadraba@hotmail.com";"http://www.romalca.com";"HS";"HOSTAL";"SR";"HOSTAL-RESIDENCIA";"47";"86";"NCD";"NO PERTENECE A NINGUNA CADENA";"26/06/1973";"12/12/2016";"17/07 - 20/07 y 16/08 - 23/08";"De Lunes a Domingo"
"CV H00466CS";"B";"BAJA";"1";"1 ESTRELLA";"ALMADRABA II";"12";"CASTELLÓ";"028";"BENICÀSSIM/BENICASIM";"LA PLANA ALTA";"12560";"CALLE SANTA AGUEDA, 18";"C";"CALLE";"SANTA AGUEDA";"18";"hostalalmadraba@hotmail.com";"http://www.romalca.com";"HS";"HOSTAL";"SR";"HOSTAL-RESIDENCIA";"14";"28";"NCD";"NO PERTENECE A NINGUNA CADENA";"30/06/1976";"12/12/2016";"14/07 - 19/07 y 15/08 - 28/08";"De Lunes a Domingo"
"CV H00292CS";"A";"ALTA";"1";"1 ESTRELLA";"APARTAMENTOS PUENTE DE HIERRO";"12";"CASTELLÓ";"028";"BENICÀSSIM/BENICASIM";"LA PLANA ALTA";"12560";"CALLE SAN ANTONIO, 13";"C";"CALLE";"SAN ANTONIO";"13";"hotelboutiquebenicasim@gmail.com"; ;"H";"HOTEL";"HA";"HOTEL-APARTAMENTO";"14";"28";"NCD";"NO PERTENECE A NINGUNA CADENA";"01/01/1970"; ;"01/06 - 30/09";"De Lunes a Domingo"
"CV H00024CS";"A";"ALTA";"1";"1 ESTRELLA";"AVENIDA";"12";"CASTELLÓ";"028";"BENICÀSSIM/BENICASIM";"LA PLANA ALTA";"12560";"AVENIDA CASTELLON, 2";"AV";"AVENIDA";"CASTELLON";"2";"hotelavenida@hotelecoavenida.com";"http://www.hotelecoavenida.com";"H";"HOTEL";"H";"HOTEL";"30";"58";"NCD";"NO PERTENECE A NINGUNA CADENA";"28/07/1963"; ;"01/04 - 30/09";"De Lunes a Domingo"
"CV H00199CS";"A";"ALTA";"1";"1 ESTRELLA";"BENI";"12";"CASTELLÓ";"028";"BENICÀSSIM/BENICASIM";"LA PLANA ALTA";"12560";"CALLE SANTO TOMAS, 147";"C";"CALLE";"SANTO TOMAS";"147";"hostalbeni@hotmail.com"; ;"HS";"HOSTAL";"SR";"HOSTAL-RESIDENCIA";"11";"24";"NCD";"NO PERTENECE A NINGUNA CADENA";"27/07/1963"; ;"25/07 - 25/08";"De Lunes a Domingo"
"CV H00210CS";"B";"BAJA";"1";"1 ESTRELLA";"BENICASIM";"12";"CASTELLÓ";"028";"BENICÀSSIM/BENICASIM";"LA PLANA ALTA";"12560";"CALLE BAYER, 5";"C";"CALLE";"BAYER";"5"; ; ;"H";"HOTEL";"H";"HOTEL";"72";"153";"NCD";"NO PERTENECE A NINGUNA CADENA";"11/07/1965";"21/02/2007";"01/04 - 30/09";"De Lunes a Domingo"
"CV H00424CS";"A";"ALTA";"2";"2 ESTRELLAS";"BERSOCA";"12";"CASTELLÓ";"028";"BENICÀSSIM/BENICASIM";"LA PLANA ALTA";"12560";"AVENIDA JAIME I, 217";"AV";"AVENIDA";"JAIME I";"217";"bersoca@hotelbersoca.com";"http://www.hotelbersoca.com";"H";"HOTEL";"H";"HOTEL";"52";"103";"NCD";"NO PERTENECE A NINGUNA CADENA";"26/07/1974"; ;"01/03 - 13/10";"De Lunes a Domingo"
"CV H00092CS";"A";"ALTA";"1";"1 ESTRELLA";"BOSQUEMAR";"12";"CASTELLÓ";"028";"BENICÀSSIM/BENICASIM";"LA PLANA ALTA";"12560";"CALLE STO. TOMAS, 73";"C";"CALLE";"STO. TOMAS";"73";"bosquemarhotel12@gmail.com";"http://www.bosquemarhotel.com";"H";"HOTEL";"H";"HOTEL";"18";"30";"NCD";"NO PERTENECE A NINGUNA CADENA";"01/05/1976"; ;"SIEMPRE ABIERTO";"De Lunes a Domingo"
"CV H00244CS";"A";"ALTA";"3";"3 ESTRELLAS";"BULEVARD";"12";"CASTELLÓ";"028";"BENICÀSSIM/BENICASIM";"LA PLANA ALTA";"12560";"CALLE CRISTOBAL COLON, 6";"C";"CALLE";"CRISTOBAL COLON";"6";"info@bulevardhotel.com";"http://www.bulevardhotel.com";"H";"HOTEL";"H";"HOTEL";"37";"73";"NCD";"NO PERTENECE A NINGUNA CADENA";"03/08/1966"; ;"SIEMPRE ABIERTO";"De Lunes a Domingo"
"CV H00536CS";"A";"ALTA";"2";"2 ESTRELLAS";"CANADA";"12";"CASTELLÓ";"028";"BENICÀSSIM/BENICASIM";"LA PLANA ALTA";"12560";"CALLE LA PAU, 1";"C";"CALLE";"LA PAU";"1";"info@hotelcanadabenicassim.com";"http://www.hotelcanadabenicassim.com";"H";"HOTEL";"H";"HOTEL";"22";"42";"NCD";"NO PERTENECE A NINGUNA CADENA";"22/05/1989"; ;"SIEMPRE ABIERTO";"De Lunes a Domingo"
"CV H00093CS";"B";"BAJA";"0";"PENSIÓN";"CHIVA";"12";"CASTELLÓ";"028";"BENICÀSSIM/BENICASIM";"LA PLANA ALTA";"12560";"CALLE STO TOMAS, 16";"C";"CALLE";"STO TOMAS";"16"; ; ;"P";"PENSIÓN";"P";"PENSIÓN";"4";"8";"NCD";"NO PERTENECE A NINGUNA CADENA";"06/04/1962";"01/02/1996";"SIEMPRE ABIERTO";"De Lunes a Domingo"
"CV H00380CS";"A";"ALTA";"0";"PENSIÓN";"DOS PUERTAS";"12";"CASTELLÓ";"028";"BENICÀSSIM/BENICASIM";"LA PLANA ALTA";"12560";"CALLE BAYER, 22";"C";"CALLE";"BAYER";"22";"sandra_gomez206@hotmail.com"; ;"P";"PENSIÓN";"P";"PENSIÓN";"9";"15";"NCD";"NO PERTENECE A NINGUNA CADENA";"24/05/1972"; ;"01/03 - 31/12";"De Lunes a Domingo"
"CV H00441CS";"A";"ALTA";"2";"2 ESTRELLAS";"ECO AVENIDA";"12";"CASTELLÓ";"028";"BENICÀSSIM/BENICASIM";"LA PLANA ALTA";"12560";"CALLE CUATRO CAMINOS, 1";"C";"CALLE";"CUATRO CAMINOS";"1";"hotelavenida@hotelecoavenida.com";"http://www.hotelecoavenida.com";"H";"HOTEL";"H";"HOTEL";"30";"60";"NCD";"NO PERTENECE A NINGUNA CADENA";"15/02/1975"; ;"01/04 - 30/09";"De Lunes a Domingo"
"CV H00347CS";"B";"BAJA";"1";"1 ESTRELLA";"EL FORCAT";"12";"CASTELLÓ";"028";"BENICÀSSIM/BENICASIM";"LA PLANA ALTA";"12560";"CALLE GARCIA SANGUESA, 2";"C";"CALLE";"GARCIA SANGUESA";"2"; ; ;"HS";"HOSTAL";"HS";"HOSTAL";"30";"57";"NCD";"NO PERTENECE A NINGUNA CADENA";"07/07/1970";"23/07/2009";"SIEMPRE ABIERTO";"De Lunes a Domingo"
"CV H00734CS";"A";"ALTA";"2";"2 ESTRELLAS";"FINCA LOS PINOS";"12";"CASTELLÓ";"028";"BENICÀSSIM/BENICASIM";"LA PLANA ALTA";"12560";"CALLE MAS VELL, 4";"C";"CALLE";"MAS VELL";"4";"fincalospinos@iberflat.es";"www.iberflat.es";"H";"HOTEL";"HA";"HOTEL-APARTAMENTO";"26";"52";"NCD";"NO PERTENECE A NINGUNA CADENA";"23/07/2019"; ;"SIEMPRE ABIERTO";"De Lunes a Domingo"
"CV H00299CS";"B";"BAJA";"1";"1 ESTRELLA";"GARAMAR";"12";"CASTELLÓ";"028";"BENICÀSSIM/BENICASIM";"LA PLANA ALTA";"12560";"CALLE LEOPOLDO QUEROL, 3";"C";"CALLE";"LEOPOLDO QUEROL";"3";"hostalgaramar@hotmail.com";"http://www.hostalgaramar.com";"HS";"HOSTAL";"SR";"HOSTAL-RESIDENCIA";"28";"56";"NCD";"NO PERTENECE A NINGUNA CADENA";"20/05/1969";"08/01/2021";"01/08 - 30/08";"De Lunes a Domingo"
"CV H00494CS";"A";"ALTA";"2";"2 ESTRELLAS";"GARAMAR II";"12";"CASTELLÓ";"028";"BENICÀSSIM/BENICASIM";"LA PLANA ALTA";"12560";"CALLE SECRETARIO CHORNET, 24";"C";"CALLE";"SECRETARIO CHORNET";"24";"hostalgaramar@hotmail.com";"http://www.hostalgaramar.com";"HS";"HOSTAL";"HS";"HOSTAL";"40";"80";"NCD";"NO PERTENECE A NINGUNA CADENA";"10/07/1980"; ;"01/04 - 30/09";"De Lunes a Domingo"
"CV H00763CS";"A";"ALTA";"4";"4 ESTRELLAS";"HOTEL ALBADES";"12";"CASTELLÓ";"028";"BENICÀSSIM/BENICASIM";"LA PLANA ALTA";"12560";"CALLE CONCEJAL JUAN BONET TARREGA, 1";"C";"CALLE";"CONCEJAL JUAN BONET TARREGA";"1";"joanbonet905@msn.com";"http://hotelalbades.com";"H";"HOTEL";"H";"HOTEL";"53";"106";"NCD";"NO PERTENECE A NINGUNA CADENA";"29/02/2024"; ;"SIEMPRE ABIERTO";"De Lunes a Domingo"
"CV H00491CS";"A";"ALTA";"3";"3 ESTRELLAS";"HOTEL MONTREAL";"12";"CASTELLÓ";"028";"BENICÀSSIM/BENICASIM";"LA PLANA ALTA";"12560";"CALLE LES BARRAQUES, 5";"C";"CALLE";"LES BARRAQUES";"5";"vacaciones@hotelmontreal.es";"http://www.hotelmontreal.es";"H";"HOTEL";"H";"HOTEL";"70";"149";"NCD";"NO PERTENECE A NINGUNA CADENA";"21/02/1980"; ;"01/04 - 30/09";"De Lunes a Domingo"
"CV H00741CS";"A";"ALTA";"3";"3 ESTRELLAS";"HOTEL SUNNA BENICASSIM";"12";"CASTELLÓ";"028";"BENICÀSSIM/BENICASIM";"LA PLANA ALTA";"12560";"CALLE LEOPOLDO QUEROL, 3";"C";"CALLE";"LEOPOLDO QUEROL";"3";"reservas@sunnahotel.com";"https://www.sunnahotel.com";"H";"HOTEL";"H";"HOTEL";"36";"72";"NCD";"NO PERTENECE A NINGUNA CADENA";"18/09/2020"; ;"SIEMPRE ABIERTO";"De Lunes a Domingo"
"CV H00436CS";"A";"ALTA";"4";"4 ESTRELLAS";"HOTEL TRINIMAR";"12";"CASTELLÓ";"028";"BENICÀSSIM/BENICASIM";"LA PLANA ALTA";"12560";"AVENIDA FERRANDIS SALVADOR, 184";"AV";"AVENIDA";"FERRANDIS SALVADOR";"184";"trinimar@servigroup.es";"http://www.servigroup.com/";"H";"HOTEL";"H";"HOTEL";"175";"380";"SER";"HOTELES SERVIGROUP";"29/05/1975"; ;"01/06 - 31/10";"De Lunes a Domingo"
"CV H00359CS";"A";"ALTA";"4";"4 ESTRELLAS";"INTELIER BONAIRE";"12";"CASTELLÓ";"028";"BENICÀSSIM/BENICASIM";"LA PLANA ALTA";"12560";"AVENIDA GIMENO TOMÁS, 3";"AV";"AVENIDA";"GIMENO TOMÁS";"3";"bonaire@intur.com";"http://www.hotelinturbonaire.es";"H";"HOTEL";"H";"HOTEL";"82";"159"; ; ;"23/12/1971"; ;"01/01 - 31/12";"De Lunes a Domingo"
"CV H00422CS";"A";"ALTA";"4";"4 ESTRELLAS";"INTELIER ORANGE";"12";"CASTELLÓ";"028";"BENICÀSSIM/BENICASIM";"LA PLANA ALTA";"12560";"AVENIDA GIMENO TOMÁS, 9";"AV";"AVENIDA";"GIMENO TOMÁS";"9"; ;"WWW.INTERLIER.COM";"H";"HOTEL";"H";"HOTEL";"405";"814"; ; ;"23/02/1974"; ;"01/02 - 31/10";"De Lunes a Domingo"
"CV H00212CS";"B";"BAJA";"3";"3 ESTRELLAS";"INTUR AZOR";"12";"CASTELLÓ";"028";"BENICÀSSIM/BENICASIM";"LA PLANA ALTA";"12560";"AVENIDA GIMENO TOMÁS, 1";"AV";"AVENIDA";"GIMENO TOMÁS";"1";"azor@intur.com";"http://www.hotelinturazor.es";"H";"HOTEL";"H";"HOTEL";"88";"184";"INT";"HOTELES INTUR";"13/05/1965";"21/02/2024";"01/04 - 31/09";"De Lunes a Domingo"
"CV H00011CS";"B";"BAJA";"2";"2 ESTRELLAS";"MIAMI";"12";"CASTELLÓ";"028";"BENICÀSSIM/BENICASIM";"LA PLANA ALTA";"12560";"AVENIDA JAUME I, 224";"AV";"AVENIDA";"JAUME I";"224"; ; ;"H";"HOTEL";"H";"HOTEL";"49";"88";"NCD";"NO PERTENECE A NINGUNA CADENA";"08/09/1961";"23/10/2006";"15/06 - 30/10";"De Lunes a Domingo"
"CV H00631CS";"A";"ALTA";"4";"4 ESTRELLAS";"PALASIET THALASSO CLINIC&HOTEL";"12";"CASTELLÓ";"028";"BENICÀSSIM/BENICASIM";"LA PLANA ALTA";"12560";"CALLE PONTAZGO, 11-12";"C";"CALLE";"PONTAZGO";"11-12";"info@palasiet.com";"https://www.palasiet.com";"H";"HOTEL";"H";"HOTEL";"78";"156";"NCD";"NO PERTENECE A NINGUNA CADENA";"20/06/2002"; ;"01/03 - 31/12";"De Lunes a Domingo"
"CV H00472CS";"B";"BAJA";"0";"PENSIÓN";"PLAZA II";"12";"CASTELLÓ";"028";"BENICÀSSIM/BENICASIM";"LA PLANA ALTA";"12560";"CALLE ESTATUTO, 47";"C";"CALLE";"ESTATUTO";"47"; ; ;"P";"PENSIÓN";"P";"PENSIÓN";"5";"10";"NCD";"NO PERTENECE A NINGUNA CADENA";"30/07/1977";"21/04/2015";"SIEMPRE ABIERTO";"De Lunes a Domingo"
"CV H00728CS";"A";"ALTA";"3";"3 ESTRELLAS";"SOLEA HOUSE HOTEL";"12";"CASTELLÓ";"028";"BENICÀSSIM/BENICASIM";"LA PLANA ALTA";"12560";"CALLE LOS DOLORES, 16";"C";"CALLE";"LOS DOLORES";"16";"info@soleahouse.com";"http://www.soleahouse.com";"H";"HOTEL";"H";"HOTEL";"8";"16";"NCD";"NO PERTENECE A NINGUNA CADENA";"20/07/2018"; ;"SIEMPRE ABIERTO";"De Lunes a Domingo"
"CV H00183CS";"B";"BAJA";"0";"PENSIÓN";"SOMBRILLAS,LAS";"12";"CASTELLÓ";"028";"BENICÀSSIM/BENICASIM";"LA PLANA ALTA";"12560";"MARJAL BLANCA (URB. MATUTANO), 2"; ; ;"MARJAL BLANCA (URB. MATUTANO)";"2"; ; ;"P";"PENSIÓN";"P";"PENSIÓN";"5";"10";"NCD";"NO PERTENECE A NINGUNA CADENA";"01/07/1973";"15/10/1996";"01/07 - 15/09";"De Lunes a Domingo"
"CV H00396CS";"A";"ALTA";"1";"1 ESTRELLA";"TORRE, LA";"12";"CASTELLÓ";"028";"BENICÀSSIM/BENICASIM";"LA PLANA ALTA";"12560";"CALLE ESTATUT, 14";"C";"CALLE";"ESTATUT";"14"; ; ;"HS";"HOSTAL";"SR";"HOSTAL-RESIDENCIA";"44";"84";"NCD";"NO PERTENECE A NINGUNA CADENA";"30/03/1973"; ;"01/07 - 31/08";"De Lunes a Domingo"
"CV H00426CS";"A";"ALTA";"2";"2 ESTRELLAS";"TRAMONTANA";"12";"CASTELLÓ";"028";"BENICÀSSIM/BENICASIM";"LA PLANA ALTA";"12560";"PASEO FERRANDIS SALVADOR, 6";"PA";"PASEO";"FERRANDIS SALVADOR";"6";"info@hoteltramontana.com";"http://www.hoteltramontana.com";"H";"HOTEL";"H";"HOTEL";"65";"120";"NCD";"NO PERTENECE A NINGUNA CADENA";"31/07/1974"; ;"15/03 - 31/10";"De Lunes a Domingo"
"CV H00428CS";"A";"ALTA";"2";"2 ESTRELLAS";"VISTA ALEGRE";"12";"CASTELLÓ";"028";"BENICÀSSIM/BENICASIM";"LA PLANA ALTA";"12560";"AVENIDA BARCELONA, 71";"AV";"AVENIDA";"BARCELONA";"71";"vistaalegre@imk.es";"http://www.hotelvistalegre.com/";"H";"HOTEL";"H";"HOTEL";"68";"132";"NCD";"NO PERTENECE A NINGUNA CADENA";"29/10/1974"; ;"01/03 - 30/10";"De Lunes a Domingo"
"CV H00023CS";"A";"ALTA";"2";"2 ESTRELLAS";"ALOHA";"12";"CASTELLÓ";"032";"BORRIANA/BURRIANA";"LA PLANA BAIXA";"12530";"AVENIDA MEDITERRANEO, 74";"AV";"AVENIDA";"MEDITERRANEO";"74";"info@hotelaloha.net";"http://www.hotelaloha.net/";"H";"HOTEL";"H";"HOTEL";"30";"57";"NCD";"NO PERTENECE A NINGUNA CADENA";"18/05/1962"; ;"SIEMPRE ABIERTO";"De Lunes a Domingo"
"CV H00626CS";"A";"ALTA";"1";"1 ESTRELLA";"BEATRIZ";"12";"CASTELLÓ";"032";"BORRIANA/BURRIANA";"LA PLANA BAIXA";"12530";"CALLE D'ARTUR PERUCHO I BADIA, 30";"C";"CALLE";"D'ARTUR PERUCHO I BADIA";"30";"hotelbeatriz@hotmail.com";"http://www.hotelbeatriz.info";"H";"HOTEL";"H";"HOTEL";"21";"33";"NCD";"NO PERTENECE A NINGUNA CADENA";"26/12/2001"; ;"SIEMPRE ABIERTO";"De Lunes a Domingo"
"CV H00784CS";"B";"BAJA";"0";"PENSIÓN";"CASA LUPITO";"12";"CASTELLÓ";"032";"BORRIANA/BURRIANA";"LA PLANA BAIXA";"12530";"CALLE BARRANQUET, 21";"C";"CALLE";"BARRANQUET";"21";"anahoffmann@gmail.com"; ;"P";"PENSIÓN"; ; ;"4";"8";"NCD";"NO PERTENECE A NINGUNA CADENA";"02/11/2025";"15/01/2026";"SIEMPRE ABIERTO";"De Lunes a Domingo"
"CV H00752CS";"A";"ALTA"; ; ;"EDIFICIO ALQUERIA DE CALATRAVA";"12";"CASTELLÓ";"032";"BORRIANA/BURRIANA";"LA PLANA BAIXA";"12530";"AVENIDA LA MARINA, 3";"AV";"AVENIDA";"LA MARINA";"3";"oximoron.inversiones@gmail.com"; ;"P";"PENSIÓN"; ; ;"7";"16";"NCD";"NO PERTENECE A NINGUNA CADENA";"19/09/2022"; ;"SIEMPRE ABIERTO";"De Lunes a Domingo"
"CV H00553CS";"A";"ALTA";"0";"PENSIÓN";"JARDIN";"12";"CASTELLÓ";"032";"BORRIANA/BURRIANA";"LA PLANA BAIXA";"12530";"PASAJE SAN JUAN BOSCO, 11";"PS";"PASAJE";"SAN JUAN BOSCO";"11";"barjardinburriana@gmail.com"; ;"P";"PENSIÓN";"P";"PENSIÓN";"4";"8";"NCD";"NO PERTENECE A NINGUNA CADENA";"28/01/1992"; ;"SIEMPRE ABIERTO";"De Lunes a Domingo"
"CV H00462CS";"B";"BAJA";"0";"PENSIÓN";"MARUJA";"12";"CASTELLÓ";"032";"BORRIANA/BURRIANA";"LA PLANA BAIXA";"12530";"PLAZA DE SAN BLAS, 4";"PL";"PLAZA";"DE SAN BLAS";"4";"info@fondamaruja.com";"http://www.fondamaruja.com/";"P";"PENSIÓN";"P";"PENSIÓN";"8";"15";"NCD";"NO PERTENECE A NINGUNA CADENA";"02/04/1977";"15/09/2020";"SIEMPRE ABIERTO";"De Lunes a Domingo"
"CV H00238CS";"B";"BAJA";"1";"1 ESTRELLA";"MONTERREY";"12";"CASTELLÓ";"032";"BORRIANA/BURRIANA";"LA PLANA BAIXA";"12530";"CALLE ECCE HOMO";"C";"CALLE";"ECCE HOMO"; ; ; ;"H";"HOTEL";"H";"HOTEL";"25";"35";"NCD";"NO PERTENECE A NINGUNA CADENA";"09/07/1966";"24/05/1994";"SIEMPRE ABIERTO";"De Lunes a Domingo"
"CV H00504CS";"B";"BAJA";"3";"3 ESTRELLAS";"PLANA, LA";"12";"CASTELLÓ";"032";"BORRIANA/BURRIANA";"LA PLANA BAIXA";"12530";"CARRETERA A-7(AREA DE SERVICIO LA PLANA), S/N";"CR";"CARRETERA";"A-7(AREA DE SERVICIO LA PLANA)";"S/N";"hotel.la-plana@autogrill.net"; ;"H";"HOTEL";"H";"HOTEL";"30";"54";"NCD";"NO PERTENECE A NINGUNA CADENA";"02/05/1984";"18/10/2021";"SIEMPRE ABIERTO";"De Lunes a Domingo"
"CV H00744CS";"A";"ALTA";"1";"1 ESTRELLA";"PUERTO AZAHAR BURRIANA";"12";"CASTELLÓ";"032";"BORRIANA/BURRIANA";"LA PLANA BAIXA";"12530";"CALLE ILLES COLUMBRETES, 15";"C";"CALLE";"ILLES COLUMBRETES";"15";"furs130@hotmail.com"; ;"H";"HOTEL";"HA";"HOTEL-APARTAMENTO";"20";"58";"NCD";"NO PERTENECE A NINGUNA CADENA";"05/05/2021"; ;"SIEMPRE ABIERTO";"De Lunes a Domingo"
"CV H00327CS";"B";"BAJA";"0";"PENSIÓN";"TERE";"12";"CASTELLÓ";"032";"BORRIANA/BURRIANA";"LA PLANA BAIXA";"12530";"CALLE SAN JOSE, 14";"C";"CALLE";"SAN JOSE";"14"; ; ;"P";"PENSIÓN";"P";"PENSIÓN";"17";"23";"NCD";"NO PERTENECE A NINGUNA CADENA";"27/07/1969";"14/03/2007";"SIEMPRE ABIERTO";"De Lunes a Domingo"
"CV H00632CS";"A";"ALTA";"0";"PENSIÓN";"VERASUITS";"12";"CASTELLÓ";"032";"BORRIANA/BURRIANA";"LA PLANA BAIXA";"12530";"CAMINO ECCE-HOMO, 14-D";"CM";"CAMINO";"ECCE-HOMO";"14-D";"info@pensiontereplaya.com";"http://www.pensiontereplaya.com";"P";"PENSIÓN";"P";"PENSIÓN";"12";"23";"NCD";"NO PERTENECE A NINGUNA CADENA";"26/07/2002"; ;"SIEMPRE ABIERTO";"De Lunes a Domingo"
"CV H00676CS";"A";"ALTA";"1";"1 ESTRELLA";"EL RACO  DE NAVARRETE";"12";"CASTELLÓ";"033";"CABANES";"LA PLANA ALTA";"12180";"AVENIDA ESPAÑA, 1";"AV";"AVENIDA";"ESPAÑA";"1";"elracodenavarrete@gmail.com"; ;"HS";"HOSTAL";"HS";"HOSTAL";"11";"20";"NCD";"NO PERTENECE A NINGUNA CADENA";"16/02/2009"; ;"SIEMPRE ABIERTO";"De Lunes a Domingo"
"CV H00373CS";"B";"BAJA";"0";"PENSIÓN";"BUENOS AIRES";"12";"CASTELLÓ";"033";"CABANES";"LA PLANA ALTA";"12180";"CARRETERA NACIONAL A-7, S.N";"CR";"CARRETERA";"NACIONAL A-7";"S.N"; ; ;"P";"PENSIÓN";"P";"PENSIÓN";"12";"20";"NCD";"NO PERTENECE A NINGUNA CADENA";"07/08/1971";"06/05/2003";"SIEMPRE ABIERTO";"De Lunes a Domingo"
"CV H00636CS";"B";"BAJA";"3";"3 ESTRELLAS";"L'ALDABA";"12";"CASTELLÓ";"033";"CABANES";"LA PLANA ALTA";"12180";"CALLE LA FIRA, 1";"C";"CALLE";"LA FIRA";"1";"info@hotelaldaba.com";"http://www.hotelaldaba.com";"H";"HOTEL";"H";"HOTEL";"5";"11";"NCD";"NO PERTENECE A NINGUNA CADENA";"28/10/2002";"27/03/2012";"SIEMPRE ABIERTO";"De Lunes a Domingo"
"CV H00642CS";"B";"BAJA";"2";"2 ESTRELLAS";"LA CAVA";"12";"CASTELLÓ";"033";"CABANES";"LA PLANA ALTA";"12180";"CALLE LA CAVA, 42";"C";"CALLE";"LA CAVA";"42";"recepcion@lacavahotel.com";"http://www.lacavahotel.com";"H";"HOTEL";"H";"HOTEL";"23";"44";"NCD";"NO PERTENECE A NINGUNA CADENA";"23/01/2004";"15/09/2020";"SIEMPRE ABIERTO";"De Lunes a Domingo"
"CV H00483CS";"B";"BAJA";"1";"1 ESTRELLA";"RIBERA, LA";"12";"CASTELLÓ";"033";"CABANES";"LA PLANA ALTA";"12595";"CARRETERA CARRETERA AP-7, KM. 404, S/N";"CR";"CARRETERA";"CARRETERA AP-7, KM. 404";"S/N"; ;"http://www.autogrill.com";"H";"HOTEL";"H";"HOTEL";"10";"19";"NCD";"NO PERTENECE A NINGUNA CADENA";"26/09/1978";"07/07/2022";"SIEMPRE ABIERTO";"De Lunes a Domingo"
"CV H00278CS";"B";"BAJA";"1";"1 ESTRELLA";"TERE";"12";"CASTELLÓ";"033";"CABANES";"LA PLANA ALTA";"12595";"CARRETERA BARCELONA, KM.1004, S/N";"CR";"CARRETERA";"BARCELONA, KM.1004";"S/N";"info@restaurantetere.com";"http://www.casatererestaurante.com";"H";"HOTEL";"H";"HOTEL";"10";"20";"NCD";"NO PERTENECE A NINGUNA CADENA";"19/07/1967";"06/06/2022";"SIEMPRE ABIERTO";"De Lunes a Domingo"
"CV H00314CS";"B";"BAJA";"0";"PENSIÓN";"VENTA DE GERMAN";"12";"CASTELLÓ";"033";"CABANES";"LA PLANA ALTA";"12595";"CARRETERA NACIONAL 340, KM. 1003, S/N";"CR";"CARRETERA";"NACIONAL 340, KM. 1003";"S/N";"andreaval86@gmail.com";"http://www.restauranteventagerman-castellon.com";"P";"PENSIÓN";"P";"PENSIÓN";"13";"25";"NCD";"NO PERTENECE A NINGUNA CADENA";"09/10/1969";"03/07/2017";"SIEMPRE ABIERTO";"De Lunes a Domingo"
"CV H00725CS";"A";"ALTA";"3";"3 ESTRELLAS";"VIA NATURA";"12";"CASTELLÓ";"033";"CABANES";"LA PLANA ALTA";"12180";"CALLE LA FIRA, 1";"C";"CALLE";"LA FIRA";"1";"vianatura2017@yahoo.com"; ;"H";"HOTEL";"H";"HOTEL";"5";"10";"NCD";"NO PERTENECE A NINGUNA CADENA";"13/07/2017"; ;"SIEMPRE ABIERTO";"De Lunes a Domingo"
"CV H00750CS";"A";"ALTA"; ; ;"B & B LA PUERTA DEL SUEÑO";"12";"CASTELLÓ";"034";"CÀLIG";"EL BAIX MAESTRAT";"12589";"PARTIDA PANDOLS, POL. 4, PARCELA, 98";"PD";"PARTIDA";"PANDOLS, POL. 4, PARCELA";"98";"philip.verniers@gmail.com";"http://www.lapuertadelsueno.com";"P";"PENSIÓN"; ; ;"6";"12";"NCD";"NO PERTENECE A NINGUNA CADENA";"05/08/2022"; ;"SIEMPRE ABIERTO";"De Lunes a Domingo"
"CV H00704CS";"A";"ALTA";"2";"2 ESTRELLAS";"APARTAHOTEL CASTELLFORT";"12";"CASTELLÓ";"038";"CASTELLFORT";"ELS PORTS";"12159";"CALLE LA VIRGEN, 2";"C";"CALLE";"LA VIRGEN";"2";"lucasgnr33@gmail.com"; ;"H";"HOTEL";"HA";"HOTEL-APARTAMENTO";"8";"18";"NCD";"NO PERTENECE A NINGUNA CADENA";"18/07/2012"; ;"SIEMPRE ABIERTO";"De Lunes a Domingo"
"CV H00686CS";"A";"ALTA";"3";"3 ESTRELLAS";"MASÍA DURBÁ";"12";"CASTELLÓ";"039";"CASTELLNOVO";"EL ALTO PALANCIA";"12413";"CARRETERA GELDO-CASTELLNOVO, KM1";"CR";"CARRETERA";"GELDO-CASTELLNOVO";"KM1";"ven@masiadurba.com";"http://www.masiadurba.com";"H";"HOTEL";"H";"HOTEL";"10";"20";"NCD";"NO PERTENECE A NINGUNA CADENA";"27/04/2010"; ;"SIEMPRE ABIERTO";"De Lunes a Domingo"
"CV H00265CS";"B";"BAJA";"2";"2 ESTRELLAS";"AMAT";"12";"CASTELLÓ";"040";"CASTELLÓ DE LA PLANA/CASTELLÓN DE LA PLANA";"LA PLANA ALTA";"12002";"CALLE TEMPRADO, 1";"C";"CALLE";"TEMPRADO";"1"; ; ;"H";"HOTEL";"H";"HOTEL";"0"; ;"NCD";"NO PERTENECE A NINGUNA CADENA";"12/03/1967";"27/03/1992";"SIEMPRE ABIERTO";"De Lunes a Domingo"
"CV H00224CS";"B";"BAJA";"0";"PENSIÓN";"AVENIDA";"12";"CASTELLÓ";"040";"CASTELLÓ DE LA PLANA/CASTELLÓN DE LA PLANA";"LA PLANA ALTA";"12001";"CALLE POETA GUIMERA";"C";"CALLE";"POETA GUIMERA"; ; ; ;"P";"PENSIÓN";"P";"PENSIÓN";"8";"10";"NCD";"NO PERTENECE A NINGUNA CADENA";"09/10/1969";"13/07/1995";"SIEMPRE ABIERTO";"De Lunes a Domingo"
"CV H00623CS";"A";"ALTA";"3";"3 ESTRELLAS";"B&B HOTEL CASTELLON";"12";"CASTELLÓ";"040";"CASTELLÓ DE LA PLANA/CASTELLÓN DE LA PLANA";"LA PLANA ALTA";"12005";"CALLE CARCAGENTE, 3";"C";"CALLE";"CARCAGENTE";"3";"hotel.castellon@hotelbb.com";"http://www.hotel-bb.com/es/hotel/castellon";"H";"HOTEL";"H";"HOTEL";"81";"167";"ACH";"AC HOTELES";"10/09/2001"; ;"SIEMPRE ABIERTO";"De Lunes a Domingo"
"CV H00716CS";"A";"ALTA";"3";"3 ESTRELLAS";"BAG";"12";"CASTELLÓ";"040";"CASTELLÓ DE LA PLANA/CASTELLÓN DE LA PLANA";"LA PLANA ALTA";"12100";"AVENIDA HERMANOS BOU, 154";"AV";"AVENIDA";"HERMANOS BOU";"154";"hotel.bag.castellon@gmail.com";"http://www.hotelbagcastellon.com";"H";"HOTEL";"H";"HOTEL";"87";"174";"NCD";"NO PERTENECE A NINGUNA CADENA";"10/12/2015"; ;"SIEMPRE ABIERTO";"De Lunes a Domingo"
"CV H00681CS";"B";"BAJA";"3";"3 ESTRELLAS";"BAG";"12";"CASTELLÓ";"040";"CASTELLÓ DE LA PLANA/CASTELLÓN DE LA PLANA";"LA PLANA ALTA";"12100";"AVENIDA HNOS. BOU, 154";"AV";"AVENIDA";"HNOS. BOU";"154";"direccion@hotelbag.es";"http://www.hotelbag.es";"H";"HOTEL";"H";"HOTEL";"87";"174";"NCD";"NO PERTENECE A NINGUNA CADENA";"19/10/2009";"30/09/2013";"SIEMPRE ABIERTO";"De Lunes a Domingo"
"CV H00189CS";"B";"BAJA";"0";"PENSIÓN";"BAGAN";"12";"CASTELLÓ";"040";"CASTELLÓ DE LA PLANA/CASTELLÓN DE LA PLANA";"LA PLANA ALTA";"12002";"CALLE PEREZ GALDOS, 1";"C";"CALLE";"PEREZ GALDOS";"1"; ; ;"P";"PENSIÓN";"P";"PENSIÓN";"24";"24";"NCD";"NO PERTENECE A NINGUNA CADENA";"05/06/1964";"14/05/1999";"SIEMPRE ABIERTO";"De Lunes a Domingo"
"CV H00757CS";"A";"ALTA";"2";"2 ESTRELLAS";"BIETI CASTELLON";"12";"CASTELLÓ";"040";"CASTELLÓ DE LA PLANA/CASTELLÓN DE LA PLANA";"LA PLANA ALTA";"12002";"CALLE JOVER, 3";"C";"CALLE";"JOVER";"3";"YAZEED.KALOTI@GMAIL.COM";"http://WWW.BIETIRE.COM";"H";"HOTEL";"HA";"HOTEL-APARTAMENTO";"23";"46";"NCD";"NO PERTENECE A NINGUNA CADENA";"14/06/2023"; ;"SIEMPRE ABIERTO";"De Lunes a Domingo"
"CV H00607CS";"A";"ALTA";"4";"4 ESTRELLAS";"CASTELLON CENTER";"12";"CASTELLÓ";"040";"CASTELLÓ DE LA PLANA/CASTELLÓN DE LA PLANA";"LA PLANA ALTA";"12002";"RONDA MIJARES, 86";"R";"RONDA";"MIJARES";"86";"tryp.castellon.center@melia.com";"http://www.hotelcastelloncenter.com/";"H";"HOTEL";"H";"HOTEL";"77";"156";"NCD";"NO PERTENECE A NINGUNA CADENA";"18/06/1999"; ;"SIEMPRE ABIERTO";"De Lunes a Domingo"
"CV H00219CS";"B";"BAJA";"0";"PENSIÓN";"CASTELLONENSE";"12";"CASTELLÓ";"040";"CASTELLÓ DE LA PLANA/CASTELLÓN DE LA PLANA";"LA PLANA ALTA";"12004";"RONDA MAGDALENA, 83";"R";"RONDA";"MAGDALENA";"83"; ; ;"P";"PENSIÓN";"P";"PENSIÓN";"6";"9";"NCD";"NO PERTENECE A NINGUNA CADENA";"17/09/1965";"10/09/1998";"SIEMPRE ABIERTO";"De Lunes a Domingo"
"CV H00778CS";"A";"ALTA";"2";"2 ESTRELLAS";"COOL LOFTS";"12";"CASTELLÓ";"040";"CASTELLÓ DE LA PLANA/CASTELLÓN DE LA PLANA";"LA PLANA ALTA";"12002";"CALLE RONDA MIJARES,, 99";"C";"CALLE";"RONDA MIJARES,";"99";"eplanes@mestreholdings.com"; ;"H";"HOTEL";"HA";"HOTEL-APARTAMENTO";"6";"12";"NCD";"NO PERTENECE A NINGUNA CADENA";"10/07/2025"; ;"SIEMPRE ABIERTO";"De Lunes a Domingo"
"CV H00640CS";"A";"ALTA";"2";"2 ESTRELLAS";"COSTA AZAHAR HOTELES";"12";"CASTELLÓ";"040";"CASTELLÓ DE LA PLANA/CASTELLÓN DE LA PLANA";"LA PLANA ALTA";"12100";"PASEO MARITIMO,, S/N";"PA";"PASEO";"MARITIMO,";"S/N";"hotel@costazaharhoteles.com";"http://www.costazaharhoteles.com";"H";"HOTEL";"H";"HOTEL";"10";"20";"NCD";"NO PERTENECE A NINGUNA CADENA";"12/09/2003"; ;"SIEMPRE ABIERTO";"De Lunes a Domingo"
"CV H00546CS";"B";"BAJA";"0";"PENSIÓN";"DAOL";"12";"CASTELLÓ";"040";"CASTELLÓ DE LA PLANA/CASTELLÓN DE LA PLANA";"LA PLANA ALTA";"12004";"CALLE CARDENAL COSTA, 4";"C";"CALLE";"CARDENAL COSTA";"4"; ; ;"P";"PENSIÓN";"P";"PENSIÓN";"6";"9";"NCD";"NO PERTENECE A NINGUNA CADENA";"12/02/1991";"01/02/1996";"SIEMPRE ABIERTO";"De Lunes a Domingo"
"CV H00530CS";"A";"ALTA";"0";"PENSIÓN";"DINA";"12";"CASTELLÓ";"040";"CASTELLÓ DE LA PLANA/CASTELLÓN DE LA PLANA";"LA PLANA ALTA";"12002";"CALLE HISTORIADOR VICIANA, 16";"C";"CALLE";"HISTORIADOR VICIANA";"16";"bardinacastellon@gmail.com"; ;"P";"PENSIÓN";"P";"PENSIÓN";"8";"14";"NCD";"NO PERTENECE A NINGUNA CADENA";"21/11/1989"; ;"SIEMPRE ABIERTO";"De Lunes a Domingo"
"CV H00446CS";"A";"ALTA";"3";"3 ESTRELLAS";"DOÑA LOLA";"12";"CASTELLÓ";"040";"CASTELLÓ DE LA PLANA/CASTELLÓN DE LA PLANA";"LA PLANA ALTA";"12002";"CALLE LUCENA, 3";"C";"CALLE";"LUCENA";"3";"reservas@hoteldonalola.com";"http://www.hoteldonalola.com";"H";"HOTEL";"H";"HOTEL";"44";"80";"NCD";"NO PERTENECE A NINGUNA CADENA";"21/04/1975"; ;"SIEMPRE ABIERTO";"De Lunes a Domingo"
"CV H00281CS";"B";"BAJA";"0";"PENSIÓN";"ESPERANZA, LA";"12";"CASTELLÓ";"040";"CASTELLÓ DE LA PLANA/CASTELLÓN DE LA PLANA";"LA PLANA ALTA";"12002";"CALLE TRINIDAD , 37 (Y XIMENEZ, 26)";"C";"CALLE";"TRINIDAD , 37 (Y XIMENEZ, 26)"; ; ; ;"P";"PENSIÓN";"P";"PENSIÓN";"18";"30";"NCD";"NO PERTENECE A NINGUNA CADENA";"03/08/1967";"30/03/2009";"SIEMPRE ABIERTO";"De Lunes a Domingo"
"CV H00645CS";"A";"ALTA";"4";"4 ESTRELLAS";"EUROHOTEL";"12";"CASTELLÓ";"040";"CASTELLÓ DE LA PLANA/CASTELLÓN DE LA PLANA";"LA PLANA ALTA";"12006";"CALLE PINTOR OLIET, 9";"C";"CALLE";"PINTOR OLIET";"9";"reservas@eurohotelcastello.com";"https://eurohotelcastello.com";"H";"HOTEL";"H";"HOTEL";"129";"260";"NCD";"NO PERTENECE A NINGUNA CADENA";"29/03/2004"; ;"SIEMPRE ABIERTO";"De Lunes a Domingo"
"CV H00417CS";"B";"BAJA";"0";"PENSIÓN";"GRANADINA";"12";"CASTELLÓ";"040";"CASTELLÓ DE LA PLANA/CASTELLÓN DE LA PLANA";"LA PLANA ALTA";"12002";"CALLE NAVARRA, 11";"C";"CALLE";"NAVARRA";"11"; ; ;"P";"PENSIÓN";"P";"PENSIÓN";"3";"6";"NCD";"NO PERTENECE A NINGUNA CADENA";"07/03/1974";"30/07/1998";"SIEMPRE ABIERTO";"De Lunes a Domingo"
"CV H00570CS";"A";"ALTA";"1";"1 ESTRELLA";"HERREROS";"12";"CASTELLÓ";"040";"CASTELLÓ DE LA PLANA/CASTELLÓN DE LA PLANA";"LA PLANA ALTA";"12100";"AVENIDA DEL PUERTO, 28";"AV";"AVENIDA";"DEL PUERTO";"28";"info@hotelherreros.com";"http://www.hotelherreros.com";"H";"HOTEL";"H";"HOTEL";"40";"48";"NCD";"NO PERTENECE A NINGUNA CADENA";"13/04/1994"; ;"SIEMPRE ABIERTO";"De Lunes a Domingo"
"CV H00656CS";"A";"ALTA";"2";"2 ESTRELLAS";"HOTEL DL PORT";"12";"CASTELLÓ";"040";"CASTELLÓ DE LA PLANA/CASTELLÓN DE LA PLANA";"LA PLANA ALTA";"12100";"CALLE SERRANO LLOBERAS, 1";"C";"CALLE";"SERRANO LLOBERAS";"1";"admin@dlhoteles.com"; ;"H";"HOTEL";"H";"HOTEL";"30";"42";"NCD";"NO PERTENECE A NINGUNA CADENA";"03/08/2005"; ;"SIEMPRE ABIERTO";"De Lunes a Domingo"
"CV H00541CS";"A";"ALTA";"2";"2 ESTRELLAS";"HOTEL DL URBAN CASTELLÓN";"12";"CASTELLÓ";"040";"CASTELLÓ DE LA PLANA/CASTELLÓN DE LA PLANA";"LA PLANA ALTA";"12006";"CALLE HISTORIADOR VICIANA, 6";"C";"CALLE";"HISTORIADOR VICIANA";"6";"reservas@hotelzaymar.com";"http://www.hotelzaymar.com/";"H";"HOTEL";"H";"HOTEL";"27";"33";"NCD";"NO PERTENECE A NINGUNA CADENA";"07/03/1990"; ;"SIEMPRE ABIERTO";"De Lunes a Domingo"
"CV H00651CS";"A";"ALTA";"4";"4 ESTRELLAS";"HOTEL LUZ";"12";"CASTELLÓ";"040";"CASTELLÓ DE LA PLANA/CASTELLÓN DE LA PLANA";"LA PLANA ALTA";"12006";"CALLE PINTOR OLIET, 3";"C";"CALLE";"PINTOR OLIET";"3";"info@hotelluz.com";"http://www.hotelluz.com/";"H";"HOTEL";"H";"HOTEL";"142";"286";"CIV";"CIVIS HOTELES";"11/05/2005"; ;"SIEMPRE ABIERTO";"De Lunes a Domingo"
"CV H00025CS";"A";"ALTA";"3";"3 ESTRELLAS";"HOTEL SILKEN TURCOSA";"12";"CASTELLÓ";"040";"CASTELLÓ DE LA PLANA/CASTELLÓN DE LA PLANA";"LA PLANA ALTA";"12100";"AVENIDA TREBALLADORS DE LA MAR, 1";"AV";"AVENIDA";"TREBALLADORS DE LA MAR";"1";"nhturcosa@nh-hotels.com";"http://www.nh-hoteles.com";"H";"HOTEL";"H";"HOTEL";"70";"133";"HSI";"HOTELES-SILKEN";"02/07/1961"; ;"SIEMPRE ABIERTO";"De Lunes a Domingo"
"CV H00548CS";"A";"ALTA";"4";"4 ESTRELLAS";"INTELIER ROSA";"12";"CASTELLÓ";"040";"CASTELLÓ DE LA PLANA/CASTELLÓN DE LA PLANA";"LA PLANA ALTA";"12002";"CALLE HERRERO, 20";"C";"CALLE";"HERRERO";"20";"ismael@intur.com";"http://www.intelier.com";"H";"HOTEL";"H";"HOTEL";"114";"236";"INT";"HOTELES INTUR";"11/11/1991"; ;"SIEMPRE ABIERTO";"De Lunes a Domingo"
"CV H00544CS";"A";"ALTA";"4";"4 ESTRELLAS";"JAIME I";"12";"CASTELLÓ";"040";"CASTELLÓ DE LA PLANA/CASTELLÓN DE LA PLANA";"LA PLANA ALTA";"12002";"CALLE RONDA MIJARES, 67";"C";"CALLE";"RONDA MIJARES";"67";"info@hoteljaimei.com";"http://www.hoteljaimei.com";"H";"HOTEL";"H";"HOTEL";"89";"166";"CIV";"CIVIS HOTELES";"28/12/1990"; ;"SIEMPRE ABIERTO";"De Lunes a Domingo"
"CV H00670CS";"A";"ALTA";"0";"PENSIÓN";"LA CORTE";"12";"CASTELLÓ";"040";"CASTELLÓ DE LA PLANA/CASTELLÓN DE LA PLANA";"LA PLANA ALTA";"12002";"CALLE TRINIDAD, 21";"C";"CALLE";"TRINIDAD";"21";"info@hostallacorte.es";"www.pensionlacorte.es";"P";"PENSIÓN";"P";"PENSIÓN";"4";"8";"NCD";"NO PERTENECE A NINGUNA CADENA";"30/04/2008"; ;"SIEMPRE ABIERTO";"De Lunes a Domingo"
"CV H00075CS";"B";"BAJA";"0";"PENSIÓN";"LA CORTE";"12";"CASTELLÓ";"040";"CASTELLÓ DE LA PLANA/CASTELLÓN DE LA PLANA";"LA PLANA ALTA";"12002";"CALLE TRINIDAD, 2";"C";"CALLE";"TRINIDAD";"2"; ; ;"P";"PENSIÓN";"P";"PENSIÓN";"7";"11";"NCD";"NO PERTENECE A NINGUNA CADENA";"08/08/1960";"30/05/2001";"SIEMPRE ABIERTO";"De Lunes a Domingo"
"CV H00545CS";"A";"ALTA";"0";"PENSIÓN";"LA OLA";"12";"CASTELLÓ";"040";"CASTELLÓ DE LA PLANA/CASTELLÓN DE LA PLANA";"LA PLANA ALTA";"12100";"CALLE MAR ADRIÁTICO, S/N";"C";"CALLE";"MAR ADRIÁTICO";"S/N";"rtelaola@gmail.com";"http://rtelaola.net";"P";"PENSIÓN";"P";"PENSIÓN";"11";"22";"NCD";"NO PERTENECE A NINGUNA CADENA";"11/02/1991"; ;"SIEMPRE ABIERTO";"De Lunes a Domingo"
"CV H00501CS";"B";"BAJA";"0";"PENSIÓN";"LA PARADA";"12";"CASTELLÓ";"040";"CASTELLÓ DE LA PLANA/CASTELLÓN DE LA PLANA";"LA PLANA ALTA";"12004";"CALLE BENIFAZAR, 5";"C";"CALLE";"BENIFAZAR";"5"; ; ;"P";"PENSIÓN";"P";"PENSIÓN";"7";"8";"NCD";"NO PERTENECE A NINGUNA CADENA";"15/06/1981";"12/11/2007";"SIEMPRE ABIERTO";"De Lunes a Domingo"
"CV H00492CS";"B";"BAJA";"2";"2 ESTRELLAS";"LOS MUÑOZ II";"12";"CASTELLÓ";"040";"CASTELLÓ DE LA PLANA/CASTELLÓN DE LA PLANA";"LA PLANA ALTA";"12002";"CALLE TRINIDAD, 6";"C";"CALLE";"TRINIDAD";"6"; ; ;"HS";"HOSTAL";"SR";"HOSTAL-RESIDENCIA";"9";"16";"NCD";"NO PERTENECE A NINGUNA CADENA";"16/04/1980";"11/07/1995";"SIEMPRE ABIERTO";"De Lunes a Domingo"
"CV H00429CS";"B";"BAJA";"0";"PENSIÓN";"MARI PILI";"12";"CASTELLÓ";"040";"CASTELLÓ DE LA PLANA/CASTELLÓN DE LA PLANA";"LA PLANA ALTA";"12004";"CALLE JUAQUIN COSTA, 8";"C";"CALLE";"JUAQUIN COSTA";"8"; ; ;"P";"PENSIÓN";"P";"PENSIÓN";"11";"17";"NCD";"NO PERTENECE A NINGUNA CADENA";"06/11/1974";"15/09/1999";"SIEMPRE ABIERTO";"De Lunes a Domingo"
"CV H00407CS";"A";"ALTA";"0";"PENSIÓN";"MARTI";"12";"CASTELLÓ";"040";"CASTELLÓ DE LA PLANA/CASTELLÓN DE LA PLANA";"LA PLANA ALTA";"12100";"CARRETERA GRAO-ALMAZORA, KM. 1,5, S/N";"CR";"CARRETERA";"GRAO-ALMAZORA, KM. 1,5";"S/N";"1969marti@gmail.com"; ;"P";"PENSIÓN";"P";"PENSIÓN";"14";"22";"NCD";"NO PERTENECE A NINGUNA CADENA";"26/09/1973"; ;"SIEMPRE ABIERTO";"De Lunes a Domingo"
"CV H00004CS";"B";"BAJA";"0";"PENSIÓN";"MARTI";"12";"CASTELLÓ";"040";"CASTELLÓ DE LA PLANA/CASTELLÓN DE LA PLANA";"LA PLANA ALTA";"12002";"CALLE HERRERO, 1";"C";"CALLE";"HERRERO";"1"; ; ;"P";"PENSIÓN";"P";"PENSIÓN";"28";"41";"NCD";"NO PERTENECE A NINGUNA CADENA";"05/05/1962";"26/10/1998";"SIEMPRE ABIERTO";"De Lunes a Domingo"
"CV H00240CS";"B";"BAJA";"1";"1 ESTRELLA";"MEDITERRANEO";"12";"CASTELLÓ";"040";"CASTELLÓ DE LA PLANA/CASTELLÓN DE LA PLANA";"LA PLANA ALTA";"12100";"AVENIDA BUENAVISTA, 4";"AV";"AVENIDA";"BUENAVISTA";"4"; ; ;"HS";"HOSTAL";"SR";"HOSTAL-RESIDENCIA";"43";"86";"NCD";"NO PERTENECE A NINGUNA CADENA";"09/07/1966";"24/05/1994";"SIEMPRE ABIERTO";"De Lunes a Domingo"
"CV H00318CS";"A";"ALTA";"4";"4 ESTRELLAS";"MINDORO";"12";"CASTELLÓ";"040";"CASTELLÓ DE LA PLANA/CASTELLÓN DE LA PLANA";"LA PLANA ALTA";"12002";"CALLE MOYANO, 4";"C";"CALLE";"MOYANO";"4";"nhmindoro@nh-hotels.com";"http://www.nh-hotels.com";"H";"HOTEL";"H";"HOTEL";"101";"198";"NH";"N.H. HOTELES";"13/03/1969"; ;"SIEMPRE ABIERTO";"De Lunes a Domingo"
"CV H00511CS";"B";"BAJA";"0";"PENSIÓN";"MOYANO";"12";"CASTELLÓ";"040";"CASTELLÓ DE LA PLANA/CASTELLÓN DE LA PLANA";"LA PLANA ALTA";"12002";"CALLE MOYANO, 2";"C";"CALLE";"MOYANO";"2"; ; ;"P";"PENSIÓN";"P";"PENSIÓN";"11";"18";"NCD";"NO PERTENECE A NINGUNA CADENA";"07/06/1983";"13/07/1995";"SIEMPRE ABIERTO";"De Lunes a Domingo"
"CV H00350CS";"B";"BAJA";"3";"3 ESTRELLAS";"MYRIAM";"12";"CASTELLÓ";"040";"CASTELLÓ DE LA PLANA/CASTELLÓN DE LA PLANA";"LA PLANA ALTA";"12003";"CALLE OBISPO SALINAS";"C";"CALLE";"OBISPO SALINAS"; ; ; ;"H";"HOTEL";"H";"HOTEL";"25";"45";"NCD";"NO PERTENECE A NINGUNA CADENA";"23/06/1970";"24/05/1993";"SIEMPRE ABIERTO";"De Lunes a Domingo"
"CV H00288CS";"B";"BAJA";"0";"PENSIÓN";"RAMOS";"12";"CASTELLÓ";"040";"CASTELLÓ DE LA PLANA/CASTELLÓN DE LA PLANA";"LA PLANA ALTA";"12002";"CALLE TRINIDAD";"C";"CALLE";"TRINIDAD"; ; ; ;"P";"PENSIÓN";"P";"PENSIÓN";"8";"14";"NCD";"NO PERTENECE A NINGUNA CADENA";"21/12/1967";"23/10/1995";"SIEMPRE ABIERTO";"De Lunes a Domingo"
"CV H00445CS";"A";"ALTA";"2";"2 ESTRELLAS";"REAL";"12";"CASTELLÓ";"040";"CASTELLÓ DE LA PLANA/CASTELLÓN DE LA PLANA";"LA PLANA ALTA";"12001";"PLAZA DEL REAL, 2";"PL";"PLAZA";"DEL REAL";"2";"hotelrealcastellon@gmail.com";"http://www.hotelresidenciareal.com/";"H";"HOTEL";"H";"HOTEL";"36";"49";"NCD";"NO PERTENECE A NINGUNA CADENA";"22/04/1976"; ;"SIEMPRE ABIERTO";"De Lunes a Domingo"
"CV H00762CS";"A";"ALTA"; ; ;"RESIDENCIAL ART BRUT";"12";"CASTELLÓ";"040";"CASTELLÓ DE LA PLANA/CASTELLÓN DE LA PLANA";"LA PLANA ALTA";"12001";"CALLE CERVANTES, 20 BAJO";"C";"CALLE";"CERVANTES";"20 BAJO";"certvantes20artbrut@gmail.com";"http://www.residencialartbrut.com";"P";"PENSIÓN"; ; ;"5";"8";"NCD";"NO PERTENECE A NINGUNA CADENA";"15/02/2024"; ;"SIEMPRE ABIERTO";"De Lunes a Domingo"
"CV H00003CS";"A";"ALTA";"4";"4 ESTRELLAS";"RH SILENE HOTEL & SPA";"12";"CASTELLÓ";"040";"CASTELLÓ DE LA PLANA/CASTELLÓN DE LA PLANA";"LA PLANA ALTA";"12100";"AVENIDA DEL GOLF, 2";"AV";"AVENIDA";"DEL GOLF";"2";"direccionsilene@hotelesrh.com";"www.hotelesrh.com";"H";"HOTEL";"H";"HOTEL";"127";"460";"NCD";"NO PERTENECE A NINGUNA CADENA";"02/12/1960"; ;"SIEMPRE ABIERTO";"De Lunes a Domingo"
"CV H00400CS";"B";"BAJA";"0";"PENSIÓN";"ROSER";"12";"CASTELLÓ";"040";"CASTELLÓ DE LA PLANA/CASTELLÓN DE LA PLANA";"LA PLANA ALTA"; ;"GRUPO ROSER, S/N"; ; ;"GRUPO ROSER";"S/N"; ; ;"P";"PENSIÓN";"P";"PENSIÓN";"10";"15";"NCD";"NO PERTENECE A NINGUNA CADENA";"01/08/1973";"04/06/1998";"SIEMPRE ABIERTO";"De Lunes a Domingo"
"CV H00635CS";"A";"ALTA";"2";"2 ESTRELLAS";"ROSTITS";"12";"CASTELLÓ";"040";"CASTELLÓ DE LA PLANA/CASTELLÓN DE LA PLANA";"LA PLANA ALTA";"12006";"AVENIDA ALCORA, 73";"AV";"AVENIDA";"ALCORA";"73";"reservas@hotelrostits.com";"http://www.hotelrostits.com";"H";"HOTEL";"H";"HOTEL";"28";"55";"NCD";"NO PERTENECE A NINGUNA CADENA";"18/10/2002"; ;"SIEMPRE ABIERTO";"De Lunes a Domingo"
"CV H00481CS";"B";"BAJA";"0";"PENSIÓN";"SALES";"12";"CASTELLÓ";"040";"CASTELLÓ DE LA PLANA/CASTELLÓN DE LA PLANA";"LA PLANA ALTA";"12100";"AVENIDA DEL PUERTO, 4";"AV";"AVENIDA";"DEL PUERTO";"4"; ; ;"P";"PENSIÓN";"P";"PENSIÓN";"4";"6";"NCD";"NO PERTENECE A NINGUNA CADENA";"12/01/1979";"24/05/1994";"SIEMPRE ABIERTO";"De Lunes a Domingo"
"CV H00569CS";"B";"BAJA";"1";"1 ESTRELLA";"SAMANA";"12";"CASTELLÓ";"040";"CASTELLÓ DE LA PLANA/CASTELLÓN DE LA PLANA";"LA PLANA ALTA";"12005";"CALLE RAMON LLULL, 19";"C";"CALLE";"RAMON LLULL";"19"; ; ;"HS";"HOSTAL";"SR";"HOSTAL-RESIDENCIA";"8";"12";"NCD";"NO PERTENECE A NINGUNA CADENA";"31/01/1994";"23/09/2002";"SIEMPRE ABIERTO";"De Lunes a Domingo"
"CV H00031CS";"B";"BAJA";"0";"PENSIÓN";"SONIA";"12";"CASTELLÓ";"040";"CASTELLÓ DE LA PLANA/CASTELLÓN DE LA PLANA";"LA PLANA ALTA";"12006";"CALLE REPUBLICA ARGENTINA, 1";"C";"CALLE";"REPUBLICA ARGENTINA";"1"; ; ;"P";"PENSIÓN";"P";"PENSIÓN";"7";"14";"NCD";"NO PERTENECE A NINGUNA CADENA";"06/06/1962";"13/07/1995";"SIEMPRE ABIERTO";"De Lunes a Domingo"
"CV H00074CS";"B";"BAJA";"0";"PENSIÓN";"TERUEL";"12";"CASTELLÓ";"040";"CASTELLÓ DE LA PLANA/CASTELLÓN DE LA PLANA";"LA PLANA ALTA";"12002";"CALLE SAN VICENTE, 1";"C";"CALLE";"SAN VICENTE";"1"; ; ;"P";"PENSIÓN";"P";"PENSIÓN";"4";"7";"NCD";"NO PERTENECE A NINGUNA CADENA";"01/01/1961";"27/11/1995";"SIEMPRE ABIERTO";"De Lunes a Domingo"
"CV H00416CS";"B";"BAJA";"2";"2 ESTRELLAS";"VENECIA";"12";"CASTELLÓ";"040";"CASTELLÓ DE LA PLANA/CASTELLÓN DE LA PLANA";"LA PLANA ALTA";"12100";"PLAZA DEL CARMEN";"PL";"PLAZA";"DEL CARMEN"; ; ; ;"HS";"HOSTAL";"HS";"HOSTAL";"26";"45";"NCD";"NO PERTENECE A NINGUNA CADENA";"22/02/1974";"12/09/1996";"SIEMPRE ABIERTO";"De Lunes a Domingo"
"CV H00080CS";"B";"BAJA";"0";"PENSIÓN";"VENTURA";"12";"CASTELLÓ";"040";"CASTELLÓ DE LA PLANA/CASTELLÓN DE LA PLANA";"LA PLANA ALTA";"12002";"CALLE SAN VICENTE, 89";"C";"CALLE";"SAN VICENTE";"89"; ; ;"P";"PENSIÓN";"P";"PENSIÓN";"9";"15";"NCD";"NO PERTENECE A NINGUNA CADENA";"19/09/1960";"31/08/2007";"SIEMPRE ABIERTO";"De Lunes a Domingo"
"CV H00587CS";"B";"BAJA";"0";"PENSIÓN";"EL CASTILLO";"12";"CASTELLÓ";"041";"CASTILLO DE VILLAMALEFA";"EL ALTO MIJARES";"12123";"CALLE IGLESIA, 32";"C";"CALLE";"IGLESIA";"32"; ; ;"P";"PENSIÓN";"P";"PENSIÓN";"9";"12";"NCD";"NO PERTENECE A NINGUNA CADENA";"07/03/1996";"18/07/2017";"SIEMPRE ABIERTO";"De Lunes a Domingo"
"CV H00776CS";"A";"ALTA"; ; ;"PENSION EL CASTILLO";"12";"CASTELLÓ";"041";"CASTILLO DE VILLAMALEFA";"EL ALTO MIJARES";"12123";"CALLE LA IGLESIA, 32";"C";"CALLE";"LA IGLESIA";"32";"faustinogallenflor@hotmail.com"; ;"P";"PENSIÓN"; ; ;"9";"18";"NCD";"NO PERTENECE A NINGUNA CADENA";"29/05/2025"; ;"SIEMPRE ABIERTO";"De Lunes a Domingo"
"CV H00490CS";"B";"BAJA";"0";"PENSIÓN";"CASA CARBO";"12";"CASTELLÓ";"042";"CATÍ";"L'ALT MAESTRAT";"12513";"CALLE LARGA, 59";"C";"CALLE";"LARGA";"59"; ; ;"P";"PENSIÓN";"P";"PENSIÓN";"4";"7";"NCD";"NO PERTENECE A NINGUNA CADENA";"21/02/1980";"21/02/2007";"SIEMPRE ABIERTO";"De Lunes a Domingo"
"CV H00202CS";"B";"BAJA";"0";"PENSIÓN";"L'AVELLÀ";"12";"CASTELLÓ";"042";"CATÍ";"L'ALT MAESTRAT";"12513";"BALNEARIO NTRA. SRA. AVELLA, S/N"; ; ;"BALNEARIO NTRA. SRA. AVELLA";"S/N"; ; ;"P";"PENSIÓN";"P";"PENSIÓN";"30";"50";"NCD";"NO PERTENECE A NINGUNA CADENA";"24/06/1967";"16/08/2001";"SIEMPRE ABIERTO";"De Lunes a Domingo"
"CV H00770CS";"A";"ALTA";"3";"3 ESTRELLAS";"MASIA ESPADELLA";"12";"CASTELLÓ";"042";"CATÍ";"L'ALT MAESTRAT";"12513";"CARRETERA NACIONAL -232,  KM- 35";"CR";"CARRETERA";"NACIONAL -232";"KM- 35";"info@espadella.com";"http://www.ibexhuntespadella.com";"H";"HOTEL";"H";"HOTEL";"16";"32";"NCD";"NO PERTENECE A NINGUNA CADENA";"14/10/2024"; ;"SIEMPRE ABIERTO";"De Lunes a Domingo"
"CV H00389CS";"A";"ALTA";"0";"PENSIÓN";"PRIGO,EL";"12";"CASTELLÓ";"042";"CATÍ";"L'ALT MAESTRAT";"12513";"CALLE SANTA ANA, 33";"C";"CALLE";"SANTA ANA";"33";"casasteresa5@hotmail.com";"http://www.elprigo.com/";"P";"PENSIÓN";"P";"PENSIÓN";"8";"16";"NCD";"NO PERTENECE A NINGUNA CADENA";"25/10/1972"; ;"SIEMPRE ABIERTO";"De Lunes a Domingo"
"CV H00334CS";"B";"BAJA";"0";"PENSIÓN";"CRISTY";"12";"CASTELLÓ";"043";"CAUDIEL";"EL ALTO PALANCIA";"12440";"CALLE PAULINO CARABELLA, 1";"C";"CALLE";"PAULINO CARABELLA";"1"; ; ;"P";"PENSIÓN";"P";"PENSIÓN";"11";"16";"NCD";"NO PERTENECE A NINGUNA CADENA";"21/10/1969";"01/02/1996";"SIEMPRE ABIERTO";"De Lunes a Domingo"
"CV H00693CS";"A";"ALTA";"3";"3 ESTRELLAS";"EL FAIXERO";"12";"CASTELLÓ";"045";"CINCTORRES";"ELS PORTS";"12318";"CALLE SAN LUIS, 59-63";"C";"CALLE";"SAN LUIS";"59-63";"elfaixero@elfaixero.net";"https://www.elfaixero.net/hotel";"H";"HOTEL";"H";"HOTEL";"13";"26";"NCD";"NO PERTENECE A NINGUNA CADENA";"10/05/2011"; ;"SIEMPRE ABIERTO";"De Lunes a Domingo"
"CV H00769CS";"A";"ALTA";"2";"2 ESTRELLAS";"EL FAIXERO TRADICIONAL";"12";"CASTELLÓ";"045";"CINCTORRES";"ELS PORTS";"12318";"CARRETERA IGLESUELA, 7";"CR";"CARRETERA";"IGLESUELA";"7";"elfaixero@elfaixero.net"; ;"H";"HOTEL"; ; ;"12";"24";"NCD";"NO PERTENECE A NINGUNA CADENA";"29/07/2024"; ;"SIEMPRE ABIERTO";"De Lunes a Domingo"
"CV H00654CS";"A";"ALTA";"1";"1 ESTRELLA";"LA PIEDRA DEL MEDIODIA";"12";"CASTELLÓ";"046";"CIRAT";"EL ALTO MIJARES";"12231";"CALLE MAGISTERIO, 25";"C";"CALLE";"MAGISTERIO";"25";"info@piedramediodia.com";"http://www.piedramediodia.com";"HS";"HOSTAL";"SR";"HOSTAL-RESIDENCIA";"5";"10";"NCD";"NO PERTENECE A NINGUNA CADENA";"15/07/2005"; ;"SIEMPRE ABIERTO";"De Lunes a Domingo"
"CV H00616CS";"B";"BAJA";"1";"1 ESTRELLA";"LAS ACACIAS";"12";"CASTELLÓ";"048";"CORTES DE ARENOSO";"EL ALTO MIJARES";"12127";"AVENIDA VALENCIA, S/N";"AV";"AVENIDA";"VALENCIA";"S/N";"hotel@hotellasacacias.com";"http://www.hotellasacacias.com";"H";"HOTEL";"HA";"HOTEL-APARTAMENTO";"18";"52";"NCD";"NO PERTENECE A NINGUNA CADENA";"10/11/2000";"27/02/2009";"SIEMPRE ABIERTO";"De Lunes a Domingo"
"CV H00467CS";"B";"BAJA";"0";"PENSIÓN";"BELTRAN";"12";"CASTELLÓ";"050";"LES COVES DE VINROMÀ";"LA PLANA ALTA";"12185";"CALLE TRES CANTONS, S/N";"C";"CALLE";"TRES CANTONS";"S/N"; ; ;"P";"PENSIÓN";"P";"PENSIÓN";"6";"7";"NCD";"NO PERTENECE A NINGUNA CADENA";"10/06/1977";"24/05/1994";"SIEMPRE ABIERTO";"De Lunes a Domingo"
"CV H00306CS";"B";"BAJA";"0";"PENSIÓN";"LES COVES";"12";"CASTELLÓ";"050";"LES COVES DE VINROMÀ";"LA PLANA ALTA";"12185";"PLAZA ESPANA, 20";"PL";"PLAZA";"ESPANA";"20"; ; ;"P";"PENSIÓN";"P";"PENSIÓN";"8";"12";"NCD";"NO PERTENECE A NINGUNA CADENA";"20/04/1970";"20/05/2004";"SIEMPRE ABIERTO";"De Lunes a Domingo"
"CV H00738CS";"A";"ALTA"; ; ;"LES COVES";"12";"CASTELLÓ";"050";"LES COVES DE VINROMÀ";"LA PLANA ALTA";"12185";"CARRETERA CASTELLO, 8";"CR";"CARRETERA";"CASTELLO";"8";"angvidal@gmail.com"; ;"P";"PENSIÓN"; ; ;"20";"40";"NCD";"NO PERTENECE A NINGUNA CADENA";"21/07/2020"; ;"SIEMPRE ABIERTO";"De Lunes a Domingo"
"CV H00730CS";"B";"BAJA";"0";"PENSIÓN";"PENSION RURAL LES COVES";"12";"CASTELLÓ";"050";"LES COVES DE VINROMÀ";"LA PLANA ALTA";"12185";"CARRETERA CASTELLO, 8";"CR";"CARRETERA";"CASTELLO";"8"; ; ;"P";"PENSIÓN"; ; ;"20";"35";"NCD";"NO PERTENECE A NINGUNA CADENA";"24/10/2018";"22/01/2019";"SIEMPRE ABIERTO";"De Lunes a Domingo"
"CV H00691CS";"B";"BAJA";"4";"4 ESTRELLAS";"MAS EL CUQUELLO";"12";"CASTELLÓ";"051";"CULLA";"L'ALT MAESTRAT";"12163";"CARRETERA IBARSOS - CULLA KM. 1 (A 1 KM. DE ELS IBARSOS)";"CR";"CARRETERA";"IBARSOS - CULLA KM. 1 (A 1 KM. DE ELS IBARSOS)"; ;"info@maselcuquello.com";"http://www.maselcuquello.com";"H";"HOTEL";"H";"HOTEL";"7";"16";"NCD";"NO PERTENECE A NINGUNA CADENA";"03/01/2011";"25/06/2024";"01/06 - 30/09";"De Lunes a Domingo"
"CV H00787CS";"A";"ALTA";"4";"4 ESTRELLAS";"PLANET MOTO HOLIDAYS";"12";"CASTELLÓ";"051";"CULLA";"L'ALT MAESTRAT";"12163";"CARRETERA ELS IVARSOS, KM. 1, 1";"CR";"CARRETERA";"ELS IVARSOS, KM. 1";"1";"info@planetmotoholidays.es"; ;"H";"HOTEL";"H";"HOTEL";"7";"16";"NCD";"NO PERTENECE A NINGUNA CADENA";"22/12/2025"; ;"SIEMPRE ABIERTO";"De Lunes a Domingo"
"CV H00753CS";"A";"ALTA";"2";"2 ESTRELLAS";"EL MAESTRAZGO";"12";"CASTELLÓ";"052";"XERT";"EL BAIX MAESTRAT";"12360";"CARRETERA N-232, KM 30, S/N";"CR";"CARRETERA";"N-232, KM 30";"S/N";"matilde@anfab.es"; ;"H";"HOTEL";"H";"HOTEL";"7";"11";"NCD";"NO PERTENECE A NINGUNA CADENA";"08/11/2022"; ;"SIEMPRE ABIERTO";"De Lunes a Domingo"
"CV H00273CS";"B";"BAJA";"0";"PENSIÓN";"MAESTRAZGO,EL";"12";"CASTELLÓ";"052";"XERT";"EL BAIX MAESTRAT";"12360";"CARRETERA NACIONAL 232, KM. 31, S/N";"CR";"CARRETERA";"NACIONAL 232, KM. 31";"S/N"; ; ;"P";"PENSIÓN";"P";"PENSIÓN";"9";"13";"NCD";"NO PERTENECE A NINGUNA CADENA";"25/06/1967";"29/02/2008";"SIEMPRE ABIERTO";"De Lunes a Domingo"
"CV H00620CS";"A";"ALTA";"1";"1 ESTRELLA";"CASA PACO";"12";"CASTELLÓ";"053";"CHILCHES/XILXES";"LA PLANA BAIXA";"12592";"CALLE PADRE ROQUE MELCHOR, 4";"C";"CALLE";"PADRE ROQUE MELCHOR";"4";"david@hostalcasapaco.com";"http://www.hostalcasapaco.com";"HS";"HOSTAL";"HS";"HOSTAL";"37";"72";"NCD";"NO PERTENECE A NINGUNA CADENA";"02/04/2001"; ;"SIEMPRE ABIERTO";"De Lunes a Domingo"
"CV H00601CS";"B";"BAJA";"3";"3 ESTRELLAS";"HOTEL SIMBA";"12";"CASTELLÓ";"053";"CHILCHES/XILXES";"LA PLANA BAIXA";"12592";"CAMINO FINCA TRES TERMINOS, CTRA. NAC. 340, KM. 41";"CM";"CAMINO";"FINCA TRES TERMINOS, CTRA. NAC. 340, KM. 41"; ;"reservas@hotelsimba.com";"http://www.hotelsimba.com";"H";"HOTEL";"H";"HOTEL";"97";"182";"NCD";"NO PERTENECE A NINGUNA CADENA";"15/07/1998";"20/06/2017";"SIEMPRE ABIERTO";"De Lunes a Domingo"
"CV H00289CS";"B";"BAJA";"0";"PENSIÓN";"LA PILARICA";"12";"CASTELLÓ";"053";"CHILCHES/XILXES";"LA PLANA BAIXA";"12592";"CALLE GIBRALTAR, S/N";"C";"CALLE";"GIBRALTAR";"S/N"; ; ;"P";"PENSIÓN";"P";"PENSIÓN";"6";"12";"NCD";"NO PERTENECE A NINGUNA CADENA";"10/01/1968";"01/02/1996";"01/04 - 31/10";"De Lunes a Domingo"
"CV H00338CS";"B";"BAJA";"1";"1 ESTRELLA";"MIRAMAR";"12";"CASTELLÓ";"053";"CHILCHES/XILXES";"LA PLANA BAIXA";"12592";"CARRETERA VALENCIA BARNA";"CR";"CARRETERA";"VALENCIA BARNA"; ; ; ;"HS";"HOSTAL";"HS";"HOSTAL";"10";"17";"NCD";"NO PERTENECE A NINGUNA CADENA";"05/05/1970";"15/10/1997";"SIEMPRE ABIERTO";"De Lunes a Domingo"
"CV H00597CS";"A";"ALTA";"1";"1 ESTRELLA";"CASA ANA";"12";"CASTELLÓ";"055";"XODOS/CHODOS";"L'ALCALATEN";"12134";"PLAZA FONT, 4";"PL";"PLAZA";"FONT";"4";"hostalanna@hotmail.com";"http://www.hostalrural-casaanna.com/";"HS";"HOSTAL";"HS";"HOSTAL";"8";"20";"NCD";"NO PERTENECE A NINGUNA CADENA";"12/03/1998"; ;"SIEMPRE ABIERTO";"De Lunes a Domingo"
"CV H00595CS";"B";"BAJA";"0";"PENSIÓN";"HABITACIONES PORCAR";"12";"CASTELLÓ";"055";"XODOS/CHODOS";"L'ALCALATEN";"12134";"CARRETERA ADZANETA, S/N";"CR";"CARRETERA";"ADZANETA";"S/N"; ; ;"P";"PENSIÓN";"P";"PENSIÓN";"8";"18";"NCD";"NO PERTENECE A NINGUNA CADENA";"24/02/1998";"12/05/2004";"SIEMPRE ABIERTO";"De Lunes a Domingo"
"CV H00401CS";"B";"BAJA";"0";"PENSIÓN";"GALICIA";"12";"CASTELLÓ";"057";"ESLIDA";"LA PLANA BAIXA";"12006";"CALLE SAN VICENTE, 1";"C";"CALLE";"SAN VICENTE";"1"; ; ;"P";"PENSIÓN";"P";"PENSIÓN";"7";"8";"NCD";"NO PERTENECE A NINGUNA CADENA";"29/08/1973";"04/06/1998";"SIEMPRE ABIERTO";"De Lunes a Domingo"
"CV H00526CS";"A";"ALTA";"2";"2 ESTRELLAS";"AGUILAR";"12";"CASTELLÓ";"061";"FORCALL";"ELS PORTS";"12310";"AVENIDA III CENTENARIO, 1";"AV";"AVENIDA";"III CENTENARIO";"1";"informacion@hostal-aguilar.com";"http://www.hostal-aguilar.com";"HS";"HOSTAL";"SR";"HOSTAL-RESIDENCIA";"15";"29";"NCD";"NO PERTENECE A NINGUNA CADENA";"22/09/1987"; ;"SIEMPRE ABIERTO";"De Lunes a Domingo"
"CV H00572CS";"B";"BAJA";"3";"3 ESTRELLAS";"PALACIO DE LOS OSSET-MIRÓ";"12";"CASTELLÓ";"061";"FORCALL";"ELS PORTS";"12310";"PLAZA MAYOR, 16";"PL";"PLAZA";"MAYOR";"16";"hotel@hotelpalau.com";"http://www.ghihoteles.com";"H";"HOTEL";"H";"HOTEL";"20";"40";"GHI";"GHI, S.L.";"25/05/1994";"31/08/2007";"SIEMPRE ABIERTO";"De Lunes a Domingo"
"CV H00713CS";"A";"ALTA";"3";"3 ESTRELLAS";"PALAU DELS OSSET";"12";"CASTELLÓ";"061";"FORCALL";"ELS PORTS";"12310";"PLAZA MAYOR, 16";"PL";"PLAZA";"MAYOR";"16";"palauforcall@gmail.com";"https://palaudelsosset.com";"H";"HOTEL";"H";"HOTEL";"16";"32";"NCD";"NO PERTENECE A NINGUNA CADENA";"24/11/2014"; ;"SIEMPRE ABIERTO";"De Lunes a Domingo"
"CV H00697CS";"B";"BAJA";"3";"3 ESTRELLAS";"PALAU DELS OSSET";"12";"CASTELLÓ";"061";"FORCALL";"ELS PORTS";"12310";"PLAZA MAYOR, 16";"PL";"PLAZA";"MAYOR";"16";"palau@joyasrurales.com";"http://www.palaudelsosset.com";"H";"HOTEL";"H";"HOTEL";"16";"40";"NCD";"NO PERTENECE A NINGUNA CADENA";"15/12/2011";"11/06/2014";"SIEMPRE ABIERTO";"De Lunes a Domingo"
"CV H00262CS";"B";"BAJA";"0";"PENSIÓN";"SAN MIGUEL";"12";"CASTELLÓ";"061";"FORCALL";"ELS PORTS";"12310";"PLAZA SAN MIGUEL";"PL";"PLAZA";"SAN MIGUEL"; ; ; ;"P";"PENSIÓN";"P";"PENSIÓN";"9";"15";"NCD";"NO PERTENECE A NINGUNA CADENA";"25/02/1967";"20/05/1998";"SIEMPRE ABIERTO";"De Lunes a Domingo"
"CV H00695CS";"A";"ALTA";"1";"1 ESTRELLA";"HOTEL RURAL LAS VIÑAS VIEJAS";"12";"CASTELLÓ";"064";"FUENTES DE AYÓDAR";"EL ALTO MIJARES";"12225";"CARRETERA DE AYODAR, S/N";"CR";"CARRETERA";"DE AYODAR";"S/N";"vviejashotel@gmail.com";"http://xn--hotelviasviejas-4qb.es";"H";"HOTEL";"H";"HOTEL";"7";"20";"NCD";"NO PERTENECE A NINGUNA CADENA";"15/03/2011"; ;"01/01 - 31/07 y 01/08 - 31/08";"Sólo Festivos y Fines de Semana (01/01 - 31/07) y De Lunes a Domingo (01/08 - 31/08)"
"CV H00621CS";"A";"ALTA";"0";"PENSIÓN";"MESÓN LA LONJA";"12";"CASTELLÓ";"068";"HERBÉS";"ELS PORTS";"12317";"CALLE HORNO, 19";"C";"CALLE";"HORNO";"19";"lalonja@associacioambit.org";"https://hotelmesonlalonja.com/";"P";"PENSIÓN";"P";"PENSIÓN";"8";"16";"NCD";"NO PERTENECE A NINGUNA CADENA";"06/07/2001"; ;"SIEMPRE ABIERTO";"De Lunes a Domingo"
"CV H00700CS";"B";"BAJA";"1";"1 ESTRELLA";"AGUANAJ";"12";"CASTELLÓ";"069";"HIGUERAS";"EL ALTO PALANCIA";"12449";"CALLE SOLANA, 2";"C";"CALLE";"SOLANA";"2";"hotelaguanaj@gmail.com";"http://hotelaguanaj.com";"H";"HOTEL";"H";"HOTEL";"5";"10";"NCD";"NO PERTENECE A NINGUNA CADENA";"22/02/2012";"05/02/2013";"SIEMPRE ABIERTO";"De Lunes a Domingo"
"CV H00729CS";"A";"ALTA"; ; ;"AGUANAJ";"12";"CASTELLÓ";"069";"HIGUERAS";"EL ALTO PALANCIA";"12449";"CALLE SOLANA, 2";"C";"CALLE";"SOLANA";"2";"info@pavias.es";"http://www.higueras.es";"HS";"HOSTAL"; ; ;"5";"10";"NCD";"NO PERTENECE A NINGUNA CADENA";"27/07/2018"; ;"SIEMPRE ABIERTO";"De Lunes a Domingo"
"CV H00369CS";"B";"BAJA";"0";"PENSIÓN";"AVENIDA";"12";"CASTELLÓ";"071";"JÉRICA";"EL ALTO PALANCIA";"12450";"AVENIDA GENERALISIMO";"AV";"AVENIDA";"GENERALISIMO"; ; ; ;"P";"PENSIÓN";"P";"PENSIÓN";"15";"21";"NCD";"NO PERTENECE A NINGUNA CADENA";"22/07/1971";"26/10/1998";"SIEMPRE ABIERTO";"De Lunes a Domingo"
"CV H00222CS";"B";"BAJA";"1";"1 ESTRELLA";"CASA SANCHEZ";"12";"CASTELLÓ";"071";"JÉRICA";"EL ALTO PALANCIA";"12450";"RANDURIAS, 1"; ; ;"RANDURIAS";"1"; ; ;"HS";"HOSTAL";"SR";"HOSTAL-RESIDENCIA";"7";"14";"NCD";"NO PERTENECE A NINGUNA CADENA";"29/03/1966";"20/12/2013";"SIEMPRE ABIERTO";"De Lunes a Domingo"
"CV H00634CS";"A";"ALTA";"3";"3 ESTRELLAS";"HOTEL DE JERICA";"12";"CASTELLÓ";"071";"JÉRICA";"EL ALTO PALANCIA";"12450";"AVENIDA CONSTITUCIÓN, 29";"AV";"AVENIDA";"CONSTITUCIÓN";"29";"info@hoteldejerica.com";"https://hoteldejerica.com";"H";"HOTEL";"H";"HOTEL";"32";"64";"NCD";"NO PERTENECE A NINGUNA CADENA";"12/08/2002"; ;"SIEMPRE ABIERTO";"De Lunes a Domingo"
"CV H00629CS";"A";"ALTA";"1";"1 ESTRELLA";"EL PRAT";"12";"CASTELLÓ";"072";"LLUCENA/LUCENA DEL CID";"L'ALCALATEN";"12120";"URBANIZACIÓN EL PRAT, S/N";"UR";"URBANIZACIÓN";"EL PRAT";"S/N";"hoteldelprat@gmail.com";"http://www.hotelelpratdelucena.com";"H";"HOTEL";"H";"HOTEL";"16";"33";"NCD";"NO PERTENECE A NINGUNA CADENA";"14/03/2002"; ;"SIEMPRE ABIERTO";"De Lunes a Domingo"
"CV H00573CS";"B";"BAJA";"1";"1 ESTRELLA";"LUCENA";"12";"CASTELLÓ";"072";"LLUCENA/LUCENA DEL CID";"L'ALCALATEN";"12120";"AVENIDA FERNANDO LEON, 28";"AV";"AVENIDA";"FERNANDO LEON";"28";"hotellucena@hotellucena.com";"http://www.hotel-llucena.es";"H";"HOTEL";"H";"HOTEL";"17";"32";"NCD";"NO PERTENECE A NINGUNA CADENA";"23/08/1994";"16/03/2023";"SIEMPRE ABIERTO";"De Lunes a Domingo"
"CV H00105CS";"B";"BAJA";"0";"PENSIÓN";"TERRAZA,LA";"12";"CASTELLÓ";"072";"LLUCENA/LUCENA DEL CID";"L'ALCALATEN";"12120";"CALLE MEDICO NEBOT, 1";"C";"CALLE";"MEDICO NEBOT";"1"; ; ;"P";"PENSIÓN";"P";"PENSIÓN";"20";"29";"NCD";"NO PERTENECE A NINGUNA CADENA";"17/04/1970";"18/01/1999";"SIEMPRE ABIERTO";"De Lunes a Domingo"
"CV H00671CS";"A";"ALTA";"1";"1 ESTRELLA";"ROSER";"12";"CASTELLÓ";"074";"LA LLOSA";"LA PLANA BAIXA";"12591";"AVENIDA COMUNIDAD VALENCIANA, 2B";"AV";"AVENIDA";"COMUNIDAD VALENCIANA";"2B"; ; ;"HS";"HOSTAL";"HS";"HOSTAL";"9";"18";"NCD";"NO PERTENECE A NINGUNA CADENA";"30/04/2008"; ;"SIEMPRE ABIERTO";"De Lunes a Domingo"
"CV H00722CS";"B";"BAJA"; ; ;"PENSION SIERRA ESPADAN MATET";"12";"CASTELLÓ";"076";"MATET";"EL ALTO PALANCIA";"12415";"CARRETERA ALGIMIA, S/N";"CR";"CARRETERA";"ALGIMIA";"S/N";"serviciovalencianosalvamento@gmail.com"; ;"P";"PENSIÓN"; ; ;"8";"16";"NCD";"NO PERTENECE A NINGUNA CADENA";"12/06/2017";"18/09/2018";"SIEMPRE ABIERTO";"De Lunes a Domingo"
"CV H00666CS";"B";"BAJA";"0";"PENSIÓN";"AVENIDA DEL MAR";"12";"CASTELLÓ";"077";"MONCOFA";"LA PLANA BAIXA";"12593";"CALLE RAMON Y CAJAL ESQUINA C/ LA COMUNA";"C";"CALLE";"RAMON Y CAJAL ESQUINA C/ LA COMUNA"; ; ; ;"P";"PENSIÓN";"P";"PENSIÓN";"6";"11";"NCD";"NO PERTENECE A NINGUNA CADENA";"31/07/2007";"18/09/2015";"SIEMPRE ABIERTO";"De Lunes a Domingo"
"CV H00201CS";"B";"BAJA";"0";"PENSIÓN";"CHAVARRO";"12";"CASTELLÓ";"077";"MONCOFA";"LA PLANA BAIXA";"12593";"AVENIDA MARE NOSTRUM, 64";"AV";"AVENIDA";"MARE NOSTRUM";"64"; ; ;"P";"PENSIÓN";"P";"PENSIÓN";"7";"12";"NCD";"NO PERTENECE A NINGUNA CADENA";"09/10/1969";"10/10/2001";"01/03 - 01/10";"De Lunes a Domingo"
"CV H00765CS";"A";"ALTA"; ; ;"PENSION BENAVENTE";"12";"CASTELLÓ";"077";"MONCOFA";"LA PLANA BAIXA";"12593";"CALLE JACINTO BENAVENTE, 2";"C";"CALLE";"JACINTO BENAVENTE";"2";"playa.paradis@gmail.com";"http://www.apartamentosparadis.lodgify.com";"P";"PENSIÓN"; ; ;"6";"12";"NCD";"NO PERTENECE A NINGUNA CADENA";"07/04/2024"; ;"SIEMPRE ABIERTO";"De Lunes a Domingo"
"CV H00413CS";"B";"BAJA";"1";"1 ESTRELLA";"PINCHE";"12";"CASTELLÓ";"077";"MONCOFA";"LA PLANA BAIXA";"12593";"PLAZA RUIZ PICASSO, 7";"PL";"PLAZA";"RUIZ PICASSO";"7";"hostalpinche@hotmail.com"; ;"HS";"HOSTAL";"HS";"HOSTAL";"17";"28";"NCD";"NO PERTENECE A NINGUNA CADENA";"23/11/1973";"26/05/2010";"18/01 - 08/12";"De Lunes a Domingo"
"CV H00506CS";"B";"BAJA";"0";"PENSIÓN";"ROSETA";"12";"CASTELLÓ";"077";"MONCOFA";"LA PLANA BAIXA";"12593";"CALLE PERUGA, 140";"C";"CALLE";"PERUGA";"140"; ; ;"P";"PENSIÓN";"P";"PENSIÓN";"15";"30";"NCD";"NO PERTENECE A NINGUNA CADENA";"27/05/1988";"28/02/2006";"01/07 - 31/09";"De Lunes a Domingo"
"CV H00489CS";"B";"BAJA";"1";"1 ESTRELLA";"PILAR";"12";"CASTELLÓ";"078";"MONTÁN";"EL ALTO MIJARES";"12447";"AVENIDA AVDA. TEJERIA, 1";"AV";"AVENIDA";"AVDA. TEJERIA";"1";"josefonda79@hotmail.com"; ;"HS";"HOSTAL";"HS";"HOSTAL";"8";"14";"NCD";"NO PERTENECE A NINGUNA CADENA";"14/08/1980";"19/04/2023";"SIEMPRE ABIERTO";"De Lunes a Domingo"
"CV H00580CS";"B";"BAJA";"0";"PENSIÓN";"CASA OVIDIO";"12";"CASTELLÓ";"079";"MONTANEJOS";"EL ALTO MIJARES";"12448";"CARRETERA VALENCIA, 7";"CR";"CARRETERA";"VALENCIA";"7"; ; ;"P";"PENSIÓN";"P";"PENSIÓN";"8";"13";"NCD";"NO PERTENECE A NINGUNA CADENA";"23/03/1995";"31/08/2007";"SIEMPRE ABIERTO";"De Lunes a Domingo"
"CV H00606CS";"A";"ALTA";"1";"1 ESTRELLA";"CASA OVIDIO";"12";"CASTELLÓ";"079";"MONTANEJOS";"EL ALTO MIJARES";"12448";"AVENIDA ELVIRA PEIRO, 41";"AV";"AVENIDA";"ELVIRA PEIRO";"41";"casaovidio@montanejoscasaovidio.com";"http://www.montanejoscasaovidio.com/";"HS";"HOSTAL";"HS";"HOSTAL";"8";"16";"NCD";"NO PERTENECE A NINGUNA CADENA";"15/03/1999"; ;"SIEMPRE ABIERTO";"De Lunes a Domingo"
"CV H00357CS";"B";"BAJA";"0";"PENSIÓN";"CASA TARAZONA";"12";"CASTELLÓ";"079";"MONTANEJOS";"EL ALTO MIJARES";"12448";"CALLE MANUEL PRADES JIMENO, 1";"C";"CALLE";"MANUEL PRADES JIMENO";"1"; ; ;"P";"PENSIÓN";"P";"PENSIÓN";"6";"11";"NCD";"NO PERTENECE A NINGUNA CADENA";"18/05/1971";"01/02/1996";"01/07 - 30/09";"De Lunes a Domingo"
"CV H00102CS";"A";"ALTA";"2";"2 ESTRELLAS";"GIL";"12";"CASTELLÓ";"079";"MONTANEJOS";"EL ALTO MIJARES";"12448";"AVENIDA DE LA FUENTE DE BANOS, 28";"AV";"AVENIDA";"DE LA FUENTE DE BANOS";"28";"info@hotelgil.com";"http://www.hotelgil.com/";"H";"HOTEL";"H";"HOTEL";"34";"65";"NCD";"NO PERTENECE A NINGUNA CADENA";"02/01/1962"; ;"01/02 - 15/12";"De Lunes a Domingo"
"CV H00630CS";"A";"ALTA";"3";"3 ESTRELLAS";"HOTEL EL PALACIO";"12";"CASTELLÓ";"079";"MONTANEJOS";"EL ALTO MIJARES";"12448";"CALLE SAN VICENTE, 40";"C";"CALLE";"SAN VICENTE";"40";"informacion@elpalaciodemontanejos.com";"http://www.casapalacio.com";"H";"HOTEL";"H";"HOTEL";"28";"56";"NCD";"NO PERTENECE A NINGUNA CADENA";"27/03/2002"; ;"SIEMPRE ABIERTO";"De Lunes a Domingo"
"CV H00555CS";"A";"ALTA";"3";"3 ESTRELLAS";"ROSALEDA DEL MIJARES";"12";"CASTELLÓ";"079";"MONTANEJOS";"EL ALTO MIJARES";"12448";"CARRETERA DE TALES, 28";"CR";"CARRETERA";"DE TALES";"28";"mijares@gruporosaleda.com";"http://hotelrosaledadelmijares.com";"H";"HOTEL";"H";"HOTEL";"82";"164";"NCD";"NO PERTENECE A NINGUNA CADENA";"04/05/1995"; ;"01/02 - 31/12";"De Lunes a Domingo"
"CV H00514CS";"A";"ALTA";"3";"3 ESTRELLAS";"XAUEN";"12";"CASTELLÓ";"079";"MONTANEJOS";"EL ALTO MIJARES";"12448";"AVENIDA FUENTE DE BAÑOS, 26";"AV";"AVENIDA";"FUENTE DE BAÑOS";"26";"xauen@hotelxauen.com";"http://www.hotelxauen.com";"H";"HOTEL";"H";"HOTEL";"72";"140";"NCD";"NO PERTENECE A NINGUNA CADENA";"02/01/1962"; ;"SIEMPRE ABIERTO";"De Lunes a Domingo"
"CV H00707CS";"A";"ALTA";"3";"3 ESTRELLAS";"CARDENAL RAM";"12";"CASTELLÓ";"080";"MORELLA";"ELS PORTS";"12300";"CALLE CUESTA SUÑER, 1";"C";"CALLE";"CUESTA SUÑER";"1";"info@hotelcardenalram.com";"https://hotelcardenalram.com";"H";"HOTEL";"H";"HOTEL";"16";"32";"NCD";"NO PERTENECE A NINGUNA CADENA";"18/04/2013"; ;"SIEMPRE ABIERTO";"De Lunes a Domingo"
"CV H00258CS";"B";"BAJA";"3";"3 ESTRELLAS";"CARDENAL RAM";"12";"CASTELLÓ";"080";"MORELLA";"ELS PORTS";"12300";"COSTERA SUÑER, 1"; ; ;"COSTERA SUÑER";"1";"info@cardenalram.com";"http://www.cardenalram.com";"H";"HOTEL";"H";"HOTEL";"18";"36";"NCD";"NO PERTENECE A NINGUNA CADENA";"13/01/1967";"12/04/2012";"SIEMPRE ABIERTO";"De Lunes a Domingo"
"CV H00612CS";"A";"ALTA";"3";"3 ESTRELLAS";"DEL PASTOR";"12";"CASTELLÓ";"080";"MORELLA";"ELS PORTS";"12300";"CALLE SAN JULIAN, 12";"C";"CALLE";"SAN JULIAN";"12";"info@hoteldelpastor.com";"http://www.hoteldelpastor.com";"H";"HOTEL";"H";"HOTEL";"12";"25";"NCD";"NO PERTENECE A NINGUNA CADENA";"29/02/2000"; ;"SIEMPRE ABIERTO";"De Lunes a Domingo"
"CV H00054CS";"A";"ALTA";"2";"2 ESTRELLAS";"EL CID";"12";"CASTELLÓ";"080";"MORELLA";"ELS PORTS";"12300";"CALLE PUERTA SAN MATEO, 3";"C";"CALLE";"PUERTA SAN MATEO";"3";"info@hotelelcidmorella.com";"http://www.hotelelcidmorella.com";"H";"HOTEL";"H";"HOTEL";"22";"37";"NCD";"NO PERTENECE A NINGUNA CADENA";"25/02/1964"; ;"SIEMPRE ABIERTO";"De Lunes a Domingo"
"CV H00577CS";"B";"BAJA";"3";"3 ESTRELLAS";"FABRICA DE GINER";"12";"CASTELLÓ";"080";"MORELLA";"ELS PORTS";"12300";"CARRETERA MORELLA-ZORITA, KM. 4,5";"CR";"CARRETERA";"MORELLA-ZORITA, KM. 4,5"; ;"fabrica@ghihoteles.com";"http://www.hotelfabrica.com";"H";"HOTEL";"H";"HOTEL";"24";"48";"GHI";"GHI, S.L.";"11/08/1994";"31/08/2007";"SIEMPRE ABIERTO";"De Lunes a Domingo"
"CV H00099CS";"A";"ALTA";"2";"2 ESTRELLAS";"LA FONDA MORENO";"12";"CASTELLÓ";"080";"MORELLA";"ELS PORTS";"12300";"CALLE SAN NICOLAS, 12";"C";"CALLE";"SAN NICOLAS";"12";"info@lafondamoreno.com";"http://www.lafondamoreno.com/";"H";"HOTEL";"H";"HOTEL";"9";"14";"NCD";"NO PERTENECE A NINGUNA CADENA";"27/06/1970"; ;"SIEMPRE ABIERTO";"De Lunes a Domingo"
"CV H00551CS";"A";"ALTA";"1";"1 ESTRELLA";"LA MURALLA";"12";"CASTELLÓ";"080";"MORELLA";"ELS PORTS";"12300";"CALLE MURALLA, 12";"C";"CALLE";"MURALLA";"12";"info@hostalmuralla.net";"http://www.hostalmuralla.net";"HS";"HOSTAL";"SR";"HOSTAL-RESIDENCIA";"14";"26";"NCD";"NO PERTENECE A NINGUNA CADENA";"05/03/1992"; ;"SIEMPRE ABIERTO";"De Lunes a Domingo"
"CV H00585CS";"B";"BAJA";"1";"1 ESTRELLA";"MAS DE FERRE";"12";"CASTELLÓ";"080";"MORELLA";"ELS PORTS";"12300";"CARRETERA MORELLA-VILLAFRANCA";"CR";"CARRETERA";"MORELLA-VILLAFRANCA"; ; ; ;"H";"HOTEL";"H";"HOTEL";"10";"19";"NCD";"NO PERTENECE A NINGUNA CADENA";"02/02/1996";"22/10/2018";"SIEMPRE ABIERTO";"De Lunes a Domingo"
"CV H00562CS";"A";"ALTA";"3";"3 ESTRELLAS";"REY DON JAIME";"12";"CASTELLÓ";"080";"MORELLA";"ELS PORTS";"12300";"CALLE JUAN GINER, 6";"C";"CALLE";"JUAN GINER";"6";"hotel@reydonjaimemorella.com";"http://www.reydonjaimemorella.com";"H";"HOTEL";"H";"HOTEL";"44";"83";"NCD";"NO PERTENECE A NINGUNA CADENA";"07/07/1993"; ;"SIEMPRE ABIERTO";"De Lunes a Domingo"
"CV H00755CS";"A";"ALTA";"2";"2 ESTRELLAS";"1893 HOTEL BOUTIQUE";"12";"CASTELLÓ";"081";"NAVAJAS";"EL ALTO PALANCIA";"12470";"CALLE ESPERANZA, 2";"C";"CALLE";"ESPERANZA";"2";"info@1893hotel.com";"http://www.1893hotel.com";"H";"HOTEL";"H";"HOTEL";"9";"18";"NCD";"NO PERTENECE A NINGUNA CADENA";"30/05/2023"; ;"SIEMPRE ABIERTO";"De Lunes a Domingo"
"CV H00608CS";"A";"ALTA";"2";"2 ESTRELLAS";"EL JARDÍ DE L'ESTORNELL";"12";"CASTELLÓ";"081";"NAVAJAS";"EL ALTO PALANCIA";"12470";"CALLE VALENCIA, 1";"C";"CALLE";"VALENCIA";"1";"reservas@eljardidelestornell.com";"http://eljardidelestornell.com";"H";"HOTEL";"H";"HOTEL";"10";"19";"NCD";"NO PERTENECE A NINGUNA CADENA";"15/11/1999"; ;"01/05 - 30/10";"De Lunes a Domingo"
"CV H00680CS";"B";"BAJA";"1";"1 ESTRELLA";"EL RETIRO DE KUN KAN";"12";"CASTELLÓ";"081";"NAVAJAS";"EL ALTO PALANCIA";"12470";"CALLE ESPERANZA, 2";"C";"CALLE";"ESPERANZA";"2";"info@elretirodekunkan.es";"http://www.elretirodekunkan.es";"H";"HOTEL";"H";"HOTEL";"9";"18";"NCD";"NO PERTENECE A NINGUNA CADENA";"23/07/2009";"15/09/2020";"01/03 - 31/10";"De Lunes a Domingo"
"CV H00478CS";"B";"BAJA";"3";"3 ESTRELLAS";"NAVAS ALTAS";"12";"CASTELLÓ";"081";"NAVAJAS";"EL ALTO PALANCIA";"12470";"CALLE RODRIGUEZ FORNOS";"C";"CALLE";"RODRIGUEZ FORNOS"; ; ; ;"H";"HOTEL";"H";"HOTEL";"30";"57";"NCD";"NO PERTENECE A NINGUNA CADENA";"01/05/1978";"25/02/1999";"SIEMPRE ABIERTO";"De Lunes a Domingo"
"CV H00476CS";"B";"BAJA";"1";"1 ESTRELLA";"HERMANOS PALACIOS";"12";"CASTELLÓ";"082";"NULES";"LA PLANA BAIXA";"12520";"CARRETERA NACIONAL 340, KM. 43, S/N";"CR";"CARRETERA";"NACIONAL 340, KM. 43";"S/N"; ; ;"HS";"HOSTAL";"HS";"HOSTAL";"28";"54";"NCD";"NO PERTENECE A NINGUNA CADENA";"04/07/1977";"03/02/1998";"SIEMPRE ABIERTO";"De Lunes a Domingo"
"CV H00522CS";"A";"ALTA";"0";"PENSIÓN";"PEPES";"12";"CASTELLÓ";"082";"NULES";"LA PLANA BAIXA";"12520";"CALLE CONSTITUCIÓN, 144";"C";"CALLE";"CONSTITUCIÓN";"144"; ;"http://www.hostalpepes.com";"P";"PENSIÓN";"P";"PENSIÓN";"17";"26";"NCD";"NO PERTENECE A NINGUNA CADENA";"10/04/1987"; ;"SIEMPRE ABIERTO";"De Lunes a Domingo"
"CV H00600CS";"A";"ALTA";"1";"1 ESTRELLA";"MESON DEL REY";"12";"CASTELLÓ";"083";"OLOCAU DEL REY";"ELS PORTS";"12312";"PLAZA CONSTITUCION, 3";"PL";"PLAZA";"CONSTITUCION";"3";"HOSTALDELREYOLOCAU@GMAIL.COM";"http://www.hostalmesondelrey.es";"HS";"HOSTAL";"HS";"HOSTAL";"10";"20";"NCD";"NO PERTENECE A NINGUNA CADENA";"05/05/1998"; ;"SIEMPRE ABIERTO";"De Lunes a Domingo"
"CV H00747CS";"B";"BAJA"; ; ;"BAR RESTAURANTE HOSTAL LA TORRA";"12";"CASTELLÓ";"084";"ONDA";"LA PLANA BAIXA";"12200";"AVENIDA ANDALUCIA, 12";"AV";"AVENIDA";"ANDALUCIA";"12"; ; ;"HS";"HOSTAL"; ; ;"3";"6";"NCD";"NO PERTENECE A NINGUNA CADENA";"20/12/2021";"07/10/2022";"SIEMPRE ABIERTO";"De Lunes a Domingo"
"CV H00241CS";"B";"BAJA";"0";"PENSIÓN";"CASA LUIS";"12";"CASTELLÓ";"084";"ONDA";"LA PLANA BAIXA";"12200";"AVENIDA PAÍS VALENCIA, 49";"AV";"AVENIDA";"PAÍS VALENCIA";"49"; ; ;"P";"PENSIÓN";"P";"PENSIÓN";"12";"14";"NCD";"NO PERTENECE A NINGUNA CADENA";"03/08/1966";"09/07/2010";"01/01 - 31/07 y 01/09 - 31/12";"De Lunes a Domingo"
"CV H00650CS";"B";"BAJA";"1";"1 ESTRELLA";"EL ASADOR ONDENSE";"12";"CASTELLÓ";"084";"ONDA";"LA PLANA BAIXA";"12200";"AVENIDA ANDALUCIA, 12";"AV";"AVENIDA";"ANDALUCIA";"12"; ; ;"HS";"HOSTAL";"HS";"HOSTAL";"3";"6";"NCD";"NO PERTENECE A NINGUNA CADENA";"30/09/2004";"17/02/2012";"SIEMPRE ABIERTO";"De Lunes a Domingo"
"CV H00715CS";"B";"BAJA";"1";"1 ESTRELLA";"EL PASO";"12";"CASTELLÓ";"084";"ONDA";"LA PLANA BAIXA";"12200";"AVENIDA ANDALUCIA, 12";"AV";"AVENIDA";"ANDALUCIA";"12";"barhostalelpaso@gmail.com";"http://comunitatvalenciana.com/viaje/alojamiento/castellon/onda/hoteles/el-paso";"HS";"HOSTAL";"HS";"HOSTAL";"3";"6";"NCD";"NO PERTENECE A NINGUNA CADENA";"20/03/2015";"16/09/2020";"SIEMPRE ABIERTO";"De Lunes a Domingo"
"CV H00613CS";"A";"ALTA";"3";"3 ESTRELLAS";"GRAN HOTEL TOLEDO";"12";"CASTELLÓ";"084";"ONDA";"LA PLANA BAIXA";"12200";"CALLE ARGELITA, 20";"C";"CALLE";"ARGELITA";"20";"info@granhoteltoledo.com";"http://www.granhoteltoledo.com";"H";"HOTEL";"H";"HOTEL";"25";"49";"NCD";"NO PERTENECE A NINGUNA CADENA";"08/03/2000"; ;"SIEMPRE ABIERTO";"De Lunes a Domingo"
"CV H00647CS";"B";"BAJA";"3";"3 ESTRELLAS";"HOTEL ONDA CASTELLON";"12";"CASTELLÓ";"084";"ONDA";"LA PLANA BAIXA";"12200";"AVENIDA   CASTILLA LA MANCHA, 5";"AV";"AVENIDA";"CASTILLA LA MANCHA";"5";"express.onda@ihg.com";"http://www.hiexpress.com/onda";"H";"HOTEL";"H";"HOTEL";"61";"87";"NCD";"NO PERTENECE A NINGUNA CADENA";"13/05/2004";"02/10/2023";"SIEMPRE ABIERTO";"De Lunes a Domingo"
"CV H00772CS";"A";"ALTA";"3";"3 ESTRELLAS";"HOTEL PLANA ONDA";"12";"CASTELLÓ";"084";"ONDA";"LA PLANA BAIXA";"12200";"AVENIDA CASTILLA LA MANCHA, 5";"AV";"AVENIDA";"CASTILLA LA MANCHA";"5";"info@hotelplanaonda.com"; ;"H";"HOTEL";"H";"HOTEL";"61";"122";"NCD";"NO PERTENECE A NINGUNA CADENA";"05/03/2025"; ;"SIEMPRE ABIERTO";"De Lunes a Domingo"
"CV H00781CS";"B";"BAJA";"1";"1 ESTRELLA";"M&A";"12";"CASTELLÓ";"084";"ONDA";"LA PLANA BAIXA";"12200";"CALLE APEADERO DE BETXI, 21";"C";"CALLE";"APEADERO DE BETXI";"21";"gerencia.proinman@gmail.com"; ;"H";"HOTEL";"HA";"HOTEL-APARTAMENTO";"12";"24";"NCD";"NO PERTENECE A NINGUNA CADENA";"16/07/2025";"10/09/2025";"SIEMPRE ABIERTO";"De Lunes a Domingo"
"CV H00777CS";"B";"BAJA";"0";"PENSIÓN";"M&A HOSTAL";"12";"CASTELLÓ";"084";"ONDA";"LA PLANA BAIXA";"12200";"POLÍGONO APEADERO DE BETXI, 21";"PO";"POLÍGONO";"APEADERO DE BETXI";"21";"gerencia.proinman@gmail.com";"http://www.myah.es";"HS";"HOSTAL"; ; ;"12";"28";"NCD";"NO PERTENECE A NINGUNA CADENA";"01/07/2025";"23/07/2025";"SIEMPRE ABIERTO";"De Lunes a Domingo"
"CV H00783CS";"A";"ALTA"; ; ;"M&A HOSTAL";"12";"CASTELLÓ";"084";"ONDA";"LA PLANA BAIXA";"12200";"POLÍGONO APEADERO DE BETXI, 21";"PO";"POLÍGONO";"APEADERO DE BETXI";"21";"gerencia.proinman@gmail.com"; ;"HS";"HOSTAL"; ; ;"12";"24";"NCD";"NO PERTENECE A NINGUNA CADENA";"01/07/2025"; ;"SIEMPRE ABIERTO";"De Lunes a Domingo"
"CV H00682CS";"A";"ALTA";"4";"4 ESTRELLAS";"SHHH";"12";"CASTELLÓ";"084";"ONDA";"LA PLANA BAIXA";"12200";"AVENIDA  MEDITERRANEO POL. IND. SIS QUARTS, S/N";"AV";"AVENIDA";"MEDITERRANEO POL. IND. SIS QUARTS";"S/N";"info@shhhmotel.com";"http://www.shhhmotel.com";"H";"HOTEL";"H";"HOTEL";"39";"78";"NCD";"NO PERTENECE A NINGUNA CADENA";"19/10/2009"; ;"SIEMPRE ABIERTO";"De Lunes a Domingo"
"CV H00340CS";"B";"BAJA";"1";"1 ESTRELLA";"AGAVE WESTFALIA";"12";"CASTELLÓ";"085";"ORPESA/OROPESA DEL MAR";"LA PLANA ALTA";"12594";"CARRETERA V-BARCELONA,KM 86";"CR";"CARRETERA";"V-BARCELONA,KM 86"; ; ; ;"H";"HOTEL";"H";"HOTEL";"13";"27";"NCD";"NO PERTENECE A NINGUNA CADENA";"26/04/1970";"06/02/2003";"01/07 - 30/09";"De Lunes a Domingo"
"CV H00482CS";"B";"BAJA";"1";"1 ESTRELLA";"AMPARIN";"12";"CASTELLÓ";"085";"ORPESA/OROPESA DEL MAR";"LA PLANA ALTA";"12594";"AVENIDA PIZARRO, 22";"AV";"AVENIDA";"PIZARRO";"22"; ; ;"HS";"HOSTAL";"HS";"HOSTAL";"6";"12";"NCD";"NO PERTENECE A NINGUNA CADENA";"23/05/1979";"12/11/2007";"01/07 - 31/08";"De Lunes a Domingo"
"CV H00387CS";"A";"ALTA";"1";"1 ESTRELLA";"ANCLA, EL";"12";"CASTELLÓ";"085";"ORPESA/OROPESA DEL MAR";"LA PLANA ALTA";"12594";"CALLE TERUEL, 5";"C";"CALLE";"TERUEL";"5";"receptora@terra.es";"http://www.hotelanclaoropesa.es";"H";"HOTEL";"H";"HOTEL";"27";"57";"NCD";"NO PERTENECE A NINGUNA CADENA";"31/07/1972"; ;"01/06 - 15/10";"De Lunes a Domingo"
"CV H00497CS";"B";"BAJA";"0";"PENSIÓN";"ARTEMIO";"12";"CASTELLÓ";"085";"ORPESA/OROPESA DEL MAR";"LA PLANA ALTA";"12594";"CALLE GOYA, 39";"C";"CALLE";"GOYA";"39"; ; ;"P";"PENSIÓN";"P";"PENSIÓN";"13";"26";"NCD";"NO PERTENECE A NINGUNA CADENA";"16/09/1980";"15/07/2005";"SIEMPRE ABIERTO";"De Lunes a Domingo"
"CV H00684CS";"A";"ALTA";"1";"1 ESTRELLA";"CASA ARIZO";"12";"CASTELLÓ";"085";"ORPESA/OROPESA DEL MAR";"LA PLANA ALTA";"12594";"CALLE RAMÓN Y CAJAL, 50";"C";"CALLE";"RAMÓN Y CAJAL";"50";"costanatura@gmail.com";"www.casaarizo.com";"HS";"HOSTAL";"SR";"HOSTAL-RESIDENCIA";"5";"9";"NCD";"NO PERTENECE A NINGUNA CADENA";"31/08/2009"; ;"SIEMPRE ABIERTO";"De Lunes a Domingo"
"CV H00364CS";"B";"BAJA";"1";"1 ESTRELLA";"CENTRAL";"12";"CASTELLÓ";"085";"ORPESA/OROPESA DEL MAR";"LA PLANA ALTA";"12594";"CALLE VELAZQUEZ, 37";"C";"CALLE";"VELAZQUEZ";"37"; ; ;"HS";"HOSTAL";"HS";"HOSTAL";"26";"82";"NCD";"NO PERTENECE A NINGUNA CADENA";"08/07/1971";"20/01/2003";"15/03 - 15/09";"De Lunes a Domingo"
"CV H00473CS";"B";"BAJA";"1";"1 ESTRELLA";"HOLLYWOOD";"12";"CASTELLÓ";"085";"ORPESA/OROPESA DEL MAR";"LA PLANA ALTA";"12594";"CARRETERA NACIONAL 340, KM. 85,300, S/N";"CR";"CARRETERA";"NACIONAL 340, KM. 85,300";"S/N"; ; ;"HS";"HOSTAL";"HS";"HOSTAL";"15";"29";"NCD";"NO PERTENECE A NINGUNA CADENA";"10/03/1978";"06/07/2001";"SIEMPRE ABIERTO";"De Lunes a Domingo"
"CV H00589CS";"A";"ALTA";"4";"4 ESTRELLAS";"HOTEL FANTASY";"12";"CASTELLÓ";"085";"ORPESA/OROPESA DEL MAR";"LA PLANA ALTA";"12594";"URBANIZACIÓN MARINA D'OR - C/ L'ANTINA, S/N";"UR";"URBANIZACIÓN";"MARINA D'OR - C/ L'ANTINA";"S/N";"reservas@hoteles-costablanca.com";"http://www.magicfantasyhotel.com";"H";"HOTEL";"H";"HOTEL";"144";"431";"NCD";"NO PERTENECE A NINGUNA CADENA";"21/04/1997"; ;"17/06 - 21/09";"De Lunes a Domingo"
"CV H00440CS";"A";"ALTA";"4";"4 ESTRELLAS";"HOTEL KORAL BEACH";"12";"CASTELLÓ";"085";"ORPESA/OROPESA DEL MAR";"LA PLANA ALTA";"12594";"PASEO MAR MEDITERRANEO, 43";"PA";"PASEO";"MAR MEDITERRANEO";"43";"koralbeach@servigroup.es";"https://www.servigroup.com/";"H";"HOTEL";"H";"HOTEL";"224";"448";"SER";"HOTELES SERVIGROUP";"02/07/1975"; ;"01/06 - 31/10";"De Lunes a Domingo"
"CV H00646CS";"A";"ALTA";"4";"4 ESTRELLAS";"HOTEL MAGIC GAMES";"12";"CASTELLÓ";"085";"ORPESA/OROPESA DEL MAR";"LA PLANA ALTA";"12594";"AVENIDA BARCELONA, 8";"AV";"AVENIDA";"BARCELONA";"8";"reservas@hoteles-costablanca.com";"http://www.magicgameshotel.com";"H";"HOTEL";"H";"HOTEL";"225";"456";"NCD";"NO PERTENECE A NINGUNA CADENA";"30/04/2004"; ;"02/06 - 21/09";"De Lunes a Domingo"
"CV H00665CS";"A";"ALTA";"3";"3 ESTRELLAS";"HOTEL MAGIC INN";"12";"CASTELLÓ";"085";"ORPESA/OROPESA DEL MAR";"LA PLANA ALTA";"12594";"CALLE L`ANTINA CON ESQUINA C/ GALEÓN Y ESQUINA AVDA. BAR";"C";"CALLE";"L`ANTINA CON ESQUINA C/ GALEÓN Y ESQUINA AVDA. BAR"; ;"reservas@hoteles-costablanca.com";"http://www.magicinnhotel.com";"H";"HOTEL";"H";"HOTEL";"51";"102";"NCD";"NO PERTENECE A NINGUNA CADENA";"25/04/2007"; ;"02/06 - 21/09";"De Lunes a Domingo"
"CV H00673CS";"A";"ALTA";"4";"4 ESTRELLAS";"HOTEL MAGIC SPORTS";"12";"CASTELLÓ";"085";"ORPESA/OROPESA DEL MAR";"LA PLANA ALTA";"12594";"AVENIDA BARCELONA, 8";"AV";"AVENIDA";"BARCELONA";"8";"reservas@hoteles-costablanca.com";"http://www.magicsportshotel.com";"H";"HOTEL";"H";"HOTEL";"561";"1124";"NCD";"NO PERTENECE A NINGUNA CADENA";"30/06/2008"; ;"02/06 - 21/09";"De Lunes a Domingo"
"CV H00266CS";"A";"ALTA";"4";"4 ESTRELLAS";"HOTEL MASIA BELLVER";"12";"CASTELLÓ";"085";"ORPESA/OROPESA DEL MAR";"LA PLANA ALTA";"12594";"URBANIZACIÓN  PLAYETAS, 100";"UR";"URBANIZACIÓN";"PLAYETAS";"100";"jardindebellver@masiabellver.es"; ;"H";"HOTEL";"H";"HOTEL";"63";"128";"NCD";"NO PERTENECE A NINGUNA CADENA";"30/03/1967"; ;"SIEMPRE ABIERTO";"De Lunes a Domingo"
"CV H00421CS";"A";"ALTA";"2";"2 ESTRELLAS";"JARDIN";"12";"CASTELLÓ";"085";"ORPESA/OROPESA DEL MAR";"LA PLANA ALTA";"12594";"AVENIDA DEL FARO, 97";"AV";"AVENIDA";"DEL FARO";"97";"info@hotel-jardin.net";"http://www.hotel-jardin.net";"H";"HOTEL";"H";"HOTEL";"46";"91";"NCD";"NO PERTENECE A NINGUNA CADENA";"03/07/1974"; ;"01/03 - 31/10";"De Lunes a Domingo"
"CV H00540CS";"A";"ALTA";"1";"1 ESTRELLA";"L'ESCALETA";"12";"CASTELLÓ";"085";"ORPESA/OROPESA DEL MAR";"LA PLANA ALTA";"12594";"CALLE RONDA MAR, 22";"C";"CALLE";"RONDA MAR";"22";"hostalescaleta.oropesa@gmail.com";"http://www.hostalescaleta.com";"HS";"HOSTAL";"SR";"HOSTAL-RESIDENCIA";"10";"18";"NCD";"NO PERTENECE A NINGUNA CADENA";"22/09/1989"; ;"01/01 - 31/12";"De Lunes a Domingo"
"CV H00648CS";"B";"BAJA";"1";"1 ESTRELLA";"MADRID";"12";"CASTELLÓ";"085";"ORPESA/OROPESA DEL MAR";"LA PLANA ALTA";"12594";"CALLE VELAZQUEZ, 52";"C";"CALLE";"VELAZQUEZ";"52";"JUAN@ROMALCA.COM";"http://www.romalca.com";"H";"HOTEL";"H";"HOTEL";"116";"192";"NCD";"NO PERTENECE A NINGUNA CADENA";"04/06/2004";"28/10/2014";"01/04 - 30/06";"De Lunes a Domingo"
"CV H00298CS";"A";"ALTA";"2";"2 ESTRELLAS";"MARINA";"12";"CASTELLÓ";"085";"ORPESA/OROPESA DEL MAR";"LA PLANA ALTA";"12594";"PASEO DE LA CONCHA, 12 Y 13";"PA";"PASEO";"DE LA CONCHA";"12 Y 13";"info@hotelmarina.com.es";"http://www.hotelmarina.com.es/";"H";"HOTEL";"H";"HOTEL";"17";"29";"NCD";"NO PERTENECE A NINGUNA CADENA";"15/06/1968"; ;"SIEMPRE ABIERTO";"De Lunes a Domingo"
"CV H00127CS";"B";"BAJA";"0";"PENSIÓN";"MONTECARLO";"12";"CASTELLÓ";"085";"ORPESA/OROPESA DEL MAR";"LA PLANA ALTA";"12594";"CALLE GENERALISIMO FRANCO, 3";"C";"CALLE";"GENERALISIMO FRANCO";"3"; ; ;"P";"PENSIÓN";"P";"PENSIÓN";"11";"12";"NCD";"NO PERTENECE A NINGUNA CADENA";"08/11/1961";"15/10/1996";"SIEMPRE ABIERTO";"De Lunes a Domingo"
"CV H00563CS";"B";"BAJA";"1";"1 ESTRELLA";"NAVARRA";"12";"CASTELLÓ";"085";"ORPESA/OROPESA DEL MAR";"LA PLANA ALTA";"12594";"CALLE NAVARRA, 19";"C";"CALLE";"NAVARRA";"19"; ; ;"H";"HOTEL";"HA";"HOTEL-APARTAMENTO";"15";"74";"NCD";"NO PERTENECE A NINGUNA CADENA";"18/06/1993";"14/06/2004";"27/04 - 13/10";"De Lunes a Domingo"
"CV H00542CS";"A";"ALTA";"3";"3 ESTRELLAS";"NEPTUNO PLAYA";"12";"CASTELLÓ";"085";"ORPESA/OROPESA DEL MAR";"LA PLANA ALTA";"12594";"PASEO DE LA CONCHA, 1";"PA";"PASEO";"DE LA CONCHA";"1";"neptuno@yahoo.es"; ;"H";"HOTEL";"H";"HOTEL";"88";"172";"NCD";"NO PERTENECE A NINGUNA CADENA";"15/06/1990"; ;"01/04 - 30/09";"De Lunes a Domingo"
"CV H00363CS";"B";"BAJA";"1";"1 ESTRELLA";"ONE MIL";"12";"CASTELLÓ";"085";"ORPESA/OROPESA DEL MAR";"LA PLANA ALTA";"12594";"PLAYA DE LA CONCHA, S/N";"PY";"PLAYA";"DE LA CONCHA";"S/N"; ; ;"HS";"HOSTAL";"SR";"HOSTAL-RESIDENCIA";"24";"45";"NCD";"NO PERTENECE A NINGUNA CADENA";"03/07/1971";"21/02/2002";"01/03 - 30/10";"De Lunes a Domingo"
"CV H00360CS";"B";"BAJA";"1";"1 ESTRELLA";"OROPESA RUTA";"12";"CASTELLÓ";"085";"ORPESA/OROPESA DEL MAR";"LA PLANA ALTA";"12594";"CARRETERA N-340, KM. 86, S/N";"CR";"CARRETERA";"N-340, KM. 86";"S/N";"oasis@camping-oropesa.com"; ;"HS";"HOSTAL";"HS";"HOSTAL";"11";"20";"NCD";"NO PERTENECE A NINGUNA CADENA";"19/06/1971";"07/07/2022";"SIEMPRE ABIERTO";"De Lunes a Domingo"
"CV H00442CS";"B";"BAJA";"2";"2 ESTRELLAS";"OROPESA SOL";"12";"CASTELLÓ";"085";"ORPESA/OROPESA DEL MAR";"LA PLANA ALTA";"12594";"AVENIDA MADRID, 11";"AV";"AVENIDA";"MADRID";"11"; ; ;"H";"HOTEL";"H";"HOTEL";"50";"95";"NCD";"NO PERTENECE A NINGUNA CADENA";"15/02/1975";"28/04/2005";"01/04 - 30/09";"De Lunes a Domingo"
"CV H00320CS";"B";"BAJA";"1";"1 ESTRELLA";"PALMAVERA";"12";"CASTELLÓ";"085";"ORPESA/OROPESA DEL MAR";"LA PLANA ALTA";"12594";"AVENIDA DUNKERQUE, 20";"AV";"AVENIDA";"DUNKERQUE";"20"; ; ;"HS";"HOSTAL";"HS";"HOSTAL";"10";"20";"NCD";"NO PERTENECE A NINGUNA CADENA";"06/09/1969";"24/10/2007";"SIEMPRE ABIERTO";"De Lunes a Domingo"
"CV H00366CS";"B";"BAJA";"1";"1 ESTRELLA";"PLAYA";"12";"CASTELLÓ";"085";"ORPESA/OROPESA DEL MAR";"LA PLANA ALTA";"12594";"PASEO MARITIMO MEDITERRANEO, 1";"PA";"PASEO";"MARITIMO MEDITERRANEO";"1"; ; ;"H";"HOTEL";"H";"HOTEL";"40";"76";"NCD";"NO PERTENECE A NINGUNA CADENA";"15/12/1971";"20/12/2005";"01/06 - 30/09";"De Lunes a Domingo"
"CV H00641CS";"A";"ALTA";"5";"5 ESTRELLAS";"PONTIANA THALASSO HOTEL";"12";"CASTELLÓ";"085";"ORPESA/OROPESA DEL MAR";"LA PLANA ALTA";"12594";"URBANIZACIÓN MARINA D'OR, S/N";"UR";"URBANIZACIÓN";"MARINA D'OR";"S/N";"reservas@hoteles-costablanca.com";"http://www.hotel-balneario.com";"H";"HOTEL";"H";"HOTEL";"192";"392";"NCD";"NO PERTENECE A NINGUNA CADENA";"10/10/2003"; ;"16/06 - 21/09";"De Lunes a Domingo"
"CV H00398CS";"B";"BAJA";"1";"1 ESTRELLA";"SANCHO PANZA";"12";"CASTELLÓ";"085";"ORPESA/OROPESA DEL MAR";"LA PLANA ALTA";"12594";"CARRETERA VALENCIA-BARCELONA, KM. 87, S/N";"CR";"CARRETERA";"VALENCIA-BARCELONA, KM. 87";"S/N"; ; ;"H";"HOTEL";"H";"HOTEL";"15";"29";"NCD";"NO PERTENECE A NINGUNA CADENA";"02/06/1973";"01/08/2000";"01/03 - 31/10";"De Lunes a Domingo"
"CV H00487CS";"B";"BAJA";"1";"1 ESTRELLA";"TONELES, LOS";"12";"CASTELLÓ";"085";"ORPESA/OROPESA DEL MAR";"LA PLANA ALTA";"12594";"CALLE FRANCISCO SEVILLANO, S/N";"C";"CALLE";"FRANCISCO SEVILLANO";"S/N"; ; ;"HS";"HOSTAL";"HS";"HOSTAL";"10";"20";"NCD";"NO PERTENECE A NINGUNA CADENA";"21/03/1980";"22/02/1993";"SIEMPRE ABIERTO";"De Lunes a Domingo"
"CV H00365CS";"B";"BAJA";"1";"1 ESTRELLA";"TORRE DEL REY";"12";"CASTELLÓ";"085";"ORPESA/OROPESA DEL MAR";"LA PLANA ALTA";"12594";"EDIFICIO GRIMACA, S/N"; ; ;"EDIFICIO GRIMACA";"S/N"; ; ;"HS";"HOSTAL";"SR";"HOSTAL-RESIDENCIA";"22";"42";"NCD";"NO PERTENECE A NINGUNA CADENA";"07/07/1971";"05/03/2002";"01/06 - 30/09";"De Lunes a Domingo"
"CV H00126CS";"B";"BAJA";"1";"1 ESTRELLA";"TORRE MATILDE";"12";"CASTELLÓ";"085";"ORPESA/OROPESA DEL MAR";"LA PLANA ALTA";"12594";"AVENIDA DE LA ESTACION, 35";"AV";"AVENIDA";"DE LA ESTACION";"35";"tormat @ arrakis.es";"http://www.arrakis.es/tormat";"H";"HOTEL";"H";"HOTEL";"29";"56";"NCD";"NO PERTENECE A NINGUNA CADENA";"24/07/1962";"29/04/2005";"01/05 - 30/09";"De Lunes a Domingo"
"CV H00182CS";"B";"BAJA";"0";"PENSIÓN";"VILLA MORAVIA";"12";"CASTELLÓ";"085";"ORPESA/OROPESA DEL MAR";"LA PLANA ALTA";"12594";"AVENIDA DE LA PLANA, 72";"AV";"AVENIDA";"DE LA PLANA";"72"; ; ;"P";"PENSIÓN";"P";"PENSIÓN";"16";"30";"NCD";"NO PERTENECE A NINGUNA CADENA";"01/03/1964";"26/05/2000";"SIEMPRE ABIERTO";"De Lunes a Domingo"
"CV H00383CS";"B";"BAJA";"2";"2 ESTRELLAS";"ZAPATA";"12";"CASTELLÓ";"085";"ORPESA/OROPESA DEL MAR";"LA PLANA ALTA";"12594";"AVENIDA DEL FARO, 72";"AV";"AVENIDA";"DEL FARO";"72";"info@hotelzapata.es";"http://www.hotelzapata.es/";"H";"HOTEL";"H";"HOTEL";"65";"135";"NCD";"NO PERTENECE A NINGUNA CADENA";"23/06/1972";"01/09/2021";"01/06 - 30/09";"De Lunes a Domingo"
"CV H00618CS";"B";"BAJA";"0";"PENSIÓN";"EL FORN";"12";"CASTELLÓ";"087";"PALANQUES";"ELS PORTS";"12311";"CALLE LA PLAZA, 17";"C";"CALLE";"LA PLAZA";"17"; ; ;"P";"PENSIÓN";"P";"PENSIÓN";"7";"15";"NCD";"NO PERTENECE A NINGUNA CADENA";"05/03/2001";"20/09/2012";"SIEMPRE ABIERTO";"De Lunes a Domingo"
"CV H00537CS";"A";"ALTA";"4";"4 ESTRELLAS";"ACUALANDIA";"12";"CASTELLÓ";"089";"PEÑÍSCOLA/PENÍSCOLA";"EL BAIX MAESTRAT";"12598";"AVENIDA PAPA LUNA, 96";"AV";"AVENIDA";"PAPA LUNA";"96";"info@hotelesmediterraneo.com";"http://www.hotelesmediterraneo.com";"H";"HOTEL";"HA";"HOTEL-APARTAMENTO";"0";"310";"ME";"HOTELES MEDITERRANEO";"28/09/1989"; ;"28/02 - 15/10";"De Lunes a Domingo"
"CV H00558CS";"A";"ALTA";"4";"4 ESTRELLAS";"ACUASOL";"12";"CASTELLÓ";"089";"PEÑÍSCOLA/PENÍSCOLA";"EL BAIX MAESTRAT";"12598";"CALLE BARCELONA, 4";"C";"CALLE";"BARCELONA";"4";"reservaszt@zthotels.com";"www.zthotels.com";"H";"HOTEL";"HA";"HOTEL-APARTAMENTO";"155";"620";"ZTH";"ZT HOTELS";"01/06/1992"; ;"10/02 - 30/09";"De Lunes a Domingo"
"CV H00576CS";"A";"ALTA";"4";"4 ESTRELLAS";"ACUAZUL";"12";"CASTELLÓ";"089";"PEÑÍSCOLA/PENÍSCOLA";"EL BAIX MAESTRAT";"12598";"AVENIDA PAPA LUNA, 47";"AV";"AVENIDA";"PAPA LUNA";"47";"info@hotelesmediterraneo.com";"http://www.hotelesmediterraneo.com";"H";"HOTEL";"HA";"HOTEL-APARTAMENTO";"236";"782";"ME";"HOTELES MEDITERRANEO";"18/07/1994"; ;"15/01 - 15/10";"De Lunes a Domingo"
"CV H00674CS";"A";"ALTA";"4";"4 ESTRELLAS";"AGORA SPA Y RESORT";"12";"CASTELLÓ";"089";"PEÑÍSCOLA/PENÍSCOLA";"EL BAIX MAESTRAT";"12598";"CALLE HUERTO, 8";"C";"CALLE";"HUERTO";"8";"info@agorahoteles.com";"http://www.agorahoteles.com";"H";"HOTEL";"HA";"HOTEL-APARTAMENTO";"315";"663";"NCD";"NO PERTENECE A NINGUNA CADENA";"16/07/2008"; ;"01/04 - 31/10";"De Lunes a Domingo"
"CV H00782CS";"A";"ALTA"; ; ;"ALMAR SUITES";"12";"CASTELLÓ";"089";"PEÑÍSCOLA/PENÍSCOLA";"EL BAIX MAESTRAT";"12598";"CALLE SAIZ DE CARLOS, 44";"C";"CALLE";"SAIZ DE CARLOS";"44";"romufs@yahoo.es"; ;"HS";"HOSTAL"; ; ;"3";"6";"NCD";"NO PERTENECE A NINGUNA CADENA";"16/07/2025"; ;"SIEMPRE ABIERTO";"De Lunes a Domingo"
"CV H00739CS";"A";"ALTA"; ; ;"ANANDA BEACH ROOMS";"12";"CASTELLÓ";"089";"PEÑÍSCOLA/PENÍSCOLA";"EL BAIX MAESTRAT";"12598";"CALLE MAYOR, 12";"C";"CALLE";"MAYOR";"12";"info@lovepeniscola.com";"https://www.lovepeniscola.com";"P";"PENSIÓN"; ; ;"7";"14";"NCD";"NO PERTENECE A NINGUNA CADENA";"21/07/2020"; ;"SIEMPRE ABIERTO";"De Lunes a Domingo"
"CV H00381CS";"B";"BAJA";"3";"3 ESTRELLAS";"ARENA PRADO";"12";"CASTELLÓ";"089";"PEÑÍSCOLA/PENÍSCOLA";"EL BAIX MAESTRAT";"12598";"AVENIDA PAPA LUNA, 3";"AV";"AVENIDA";"PAPA LUNA";"3";"hotelesprado@hotelesprado.com";"http://www.hotelesprado.com";"H";"HOTEL";"H";"HOTEL";"24";"48";"NCD";"NO PERTENECE A NINGUNA CADENA";"01/01/1971";"04/05/2018";"15/03 - 15/11";"De Lunes a Domingo"
"CV H00743CS";"A";"ALTA"; ; ;"BED AND BREAKFAST KNYSNA BOUTIQUE ROOMS";"12";"CASTELLÓ";"089";"PEÑÍSCOLA/PENÍSCOLA";"EL BAIX MAESTRAT";"12598";"CALLE SANTA BARBARA, 13";"C";"CALLE";"SANTA BARBARA";"13";"ragonser@gmail.com"; ;"P";"PENSIÓN"; ; ;"10";"20";"NCD";"NO PERTENECE A NINGUNA CADENA";"17/03/2021"; ;"SIEMPRE ABIERTO";"De Lunes a Domingo"
"CV H00723CS";"A";"ALTA"; ; ;"BLANCOS ROOMS";"12";"CASTELLÓ";"089";"PEÑÍSCOLA/PENÍSCOLA";"EL BAIX MAESTRAT";"12598";"CALLE NUEVA, 9";"C";"CALLE";"NUEVA";"9";"administracion@muvabeach.com";"http://www.blancosroomshotel.com";"P";"PENSIÓN"; ; ;"3";"6";"NCD";"NO PERTENECE A NINGUNA CADENA";"13/06/2017"; ;"01/03 - 31/12";"De Lunes a Domingo"
"CV H00420CS";"A";"ALTA";"1";"1 ESTRELLA";"BLASON JUNIOR";"12";"CASTELLÓ";"089";"PEÑÍSCOLA/PENÍSCOLA";"EL BAIX MAESTRAT";"12598";"AVENIDA ESTACIÓN, 4";"AV";"AVENIDA";"ESTACIÓN";"4";"reservas@hotelblasonjunior.com";"http://www.hotelblasonjunior.com";"H";"HOTEL";"H";"HOTEL";"28";"49";"NCD";"NO PERTENECE A NINGUNA CADENA";"06/09/1973"; ;"29/03 - 01/04 y 01/06 - 30/09";"De Lunes a Domingo"
"CV H00583CS";"A";"ALTA";"1";"1 ESTRELLA";"BODEGON";"12";"CASTELLÓ";"089";"PEÑÍSCOLA/PENÍSCOLA";"EL BAIX MAESTRAT";"12598";"AVENIDA PAPA LUNA, 77";"AV";"AVENIDA";"PAPA LUNA";"77";"Clientes@Hotelbodegon.com";"http://www.HotelBodegon.com";"H";"HOTEL";"H";"HOTEL";"15";"29";"NCD";"NO PERTENECE A NINGUNA CADENA";"30/06/1995"; ;"01/03 - 30/09";"De Lunes a Domingo"
"CV H00714CS";"A";"ALTA";"3";"3 ESTRELLAS";"BOUTIQUE LA MAR";"12";"CASTELLÓ";"089";"PEÑÍSCOLA/PENÍSCOLA";"EL BAIX MAESTRAT";"12598";"CALLE PORTETA, 16";"C";"CALLE";"PORTETA";"16";"info@hotelboutiquelamar.com";"https://www.hotelboutiquelamar.com";"H";"HOTEL";"H";"HOTEL";"14";"19";"NCD";"NO PERTENECE A NINGUNA CADENA";"05/03/2015"; ;"01/02 - 31/12";"De Lunes a Domingo"
"CV H00602CS";"A";"ALTA";"2";"2 ESTRELLAS";"CABO DE MAR";"12";"CASTELLÓ";"089";"PEÑÍSCOLA/PENÍSCOLA";"EL BAIX MAESTRAT";"12598";"AVENIDA DEL MAR, 1";"AV";"AVENIDA";"DEL MAR";"1"; ; ;"H";"HOTEL";"H";"HOTEL";"23";"48";"NCD";"NO PERTENECE A NINGUNA CADENA";"25/06/1998"; ;"01/04 - 31/10";"De Lunes a Domingo"
"CV H00774CS";"A";"ALTA";"0";"PENSIÓN";"CASA CASTELL";"12";"CASTELLÓ";"089";"PEÑÍSCOLA/PENÍSCOLA";"EL BAIX MAESTRAT";"12598";"CALLE SOLET, 3";"C";"CALLE";"SOLET";"3";"eleco4011@gmail.com"; ;"P";"PENSIÓN"; ; ;"9";"18";"NCD";"NO PERTENECE A NINGUNA CADENA";"21/03/2025"; ;"SIEMPRE ABIERTO";"De Lunes a Domingo"
"CV H00588CS";"A";"ALTA";"0";"PENSIÓN";"CASA JUANITA";"12";"CASTELLÓ";"089";"PEÑÍSCOLA/PENÍSCOLA";"EL BAIX MAESTRAT";"12598";"CALLE ESCUELAS, 4";"C";"CALLE";"ESCUELAS";"4";"hhh.juanita@gmail.com"; ;"P";"PENSIÓN";"P";"PENSIÓN";"11";"26";"NCD";"NO PERTENECE A NINGUNA CADENA";"16/04/1996"; ;"SIEMPRE ABIERTO";"De Lunes a Domingo"
"CV H00582CS";"A";"ALTA";"0";"PENSIÓN";"CHIKI";"12";"CASTELLÓ";"089";"PEÑÍSCOLA/PENÍSCOLA";"EL BAIX MAESTRAT";"12598";"CALLE MAYOR, 5";"C";"CALLE";"MAYOR";"5";"h_chiki@hotmail.com";"http://www.restaurantechiki.com/";"P";"PENSIÓN";"P";"PENSIÓN";"9";"19";"NCD";"NO PERTENECE A NINGUNA CADENA";"12/04/1995"; ;"SIEMPRE ABIERTO";"De Lunes a Domingo"
"CV H00694CS";"A";"ALTA";"0";"PENSIÓN";"DIOS ESTA BIEN";"12";"CASTELLÓ";"089";"PEÑÍSCOLA/PENÍSCOLA";"EL BAIX MAESTRAT";"12598";"CALLE SAN ROQUE, 22-24";"C";"CALLE";"SAN ROQUE";"22-24";"diosestabien@hotmail.com";"http://www.diosestabien.com";"P";"PENSIÓN"; ; ;"5";"10";"NCD";"NO PERTENECE A NINGUNA CADENA";"01/03/2011"; ;"01/03 - 30/10";"De Lunes a Domingo"
"CV H00456CS";"B";"BAJA";"1";"1 ESTRELLA";"DUC, DEL";"12";"CASTELLÓ";"089";"PEÑÍSCOLA/PENÍSCOLA";"EL BAIX MAESTRAT";"12598";"CALLE J.J. FULLADOSA, 10";"C";"CALLE";"J.J. FULLADOSA";"10"; ; ;"HS";"HOSTAL";"SR";"HOSTAL-RESIDENCIA";"20";"38";"NCD";"NO PERTENECE A NINGUNA CADENA";"22/07/1976";"19/07/2013";"01/04 - 30/09";"De Lunes a Domingo"
"CV H00324CS";"A";"ALTA";"2";"2 ESTRELLAS";"DUNA HOTEL BOUTIQUE";"12";"CASTELLÓ";"089";"PEÑÍSCOLA/PENÍSCOLA";"EL BAIX MAESTRAT";"12598";"AVENIDA DEL MAR, 35";"AV";"AVENIDA";"DEL MAR";"35";"reservas@dunahotel.es";"https://www.dunahotel.es";"H";"HOTEL";"H";"HOTEL";"21";"42";"NCD";"NO PERTENECE A NINGUNA CADENA";"18/06/1969"; ;"01/04 - 30/09";"De Lunes a Domingo"
"CV H00672CS";"A";"ALTA";"2";"2 ESTRELLAS";"ESTRELLA DEL MAR";"12";"CASTELLÓ";"089";"PEÑÍSCOLA/PENÍSCOLA";"EL BAIX MAESTRAT";"12598";"AVENIDA DEL MAR, 31";"AV";"AVENIDA";"DEL MAR";"31";"reservas@hotelestrelladelmar.com";"http://www.hotelestrelladelmar.com";"H";"HOTEL";"H";"HOTEL";"10";"20";"NCD";"NO PERTENECE A NINGUNA CADENA";"19/06/2008"; ;"01/04 - 12/10";"De Lunes a Domingo"
"CV H00464CS";"A";"ALTA";"2";"2 ESTRELLAS";"FELIPE II";"12";"CASTELLÓ";"089";"PEÑÍSCOLA/PENÍSCOLA";"EL BAIX MAESTRAT";"12598";"AVENIDA PAPA LUNA, 32";"AV";"AVENIDA";"PAPA LUNA";"32";"hotel@hotelfelipesegundo.com";"http://www.hotelfelipesegundo.com";"H";"HOTEL";"H";"HOTEL";"52";"100";"NCD";"NO PERTENECE A NINGUNA CADENA";"25/06/1977"; ;"01/02 - 31/12";"De Lunes a Domingo"
"CV H00625CS";"A";"ALTA";"4";"4 ESTRELLAS";"GRAN HOTEL PEÑISCOLA";"12";"CASTELLÓ";"089";"PEÑÍSCOLA/PENÍSCOLA";"EL BAIX MAESTRAT";"12598";"AVENIDA PAPA LUNA, 136";"AV";"AVENIDA";"PAPA LUNA";"136";"info@granhotelpeniscola.com";"http://www.granhotelpeniscola.com";"H";"HOTEL";"H";"HOTEL";"437";"884";"NCD";"NO PERTENECE A NINGUNA CADENA";"27/09/2001"; ;"02/02 - 31/12";"De Lunes a Domingo"
"CV H00304CS";"A";"ALTA";"0";"PENSIÓN";"HABITACIONES FERRER";"12";"CASTELLÓ";"089";"PEÑÍSCOLA/PENÍSCOLA";"EL BAIX MAESTRAT";"12598";"AVENIDA ESTACION, 33";"AV";"AVENIDA";"ESTACION";"33";"info@campingferrer.com";"http://www.campingferrer.com";"P";"PENSIÓN";"P";"PENSIÓN";"12";"24";"NCD";"NO PERTENECE A NINGUNA CADENA";"08/08/1968"; ;"01/07 - 31/08";"De Lunes a Domingo"
"CV H00557CS";"A";"ALTA";"1";"1 ESTRELLA";"HERASU";"12";"CASTELLÓ";"089";"PEÑÍSCOLA/PENÍSCOLA";"EL BAIX MAESTRAT";"12598";"AVENIDA ESTACION, 15";"AV";"AVENIDA";"ESTACION";"15";"herasu.peniscola@gmail.com"; ;"H";"HOTEL";"H";"HOTEL";"22";"42";"NCD";"NO PERTENECE A NINGUNA CADENA";"26/03/1993"; ;"SIEMPRE ABIERTO";"De Lunes a Domingo"
"CV H00566CS";"A";"ALTA";"3";"3 ESTRELLAS";"HEY PEÑISCOLA";"12";"CASTELLÓ";"089";"PEÑÍSCOLA/PENÍSCOLA";"EL BAIX MAESTRAT";"12598";"AVENIDA PAPA LUNA, 64";"AV";"AVENIDA";"PAPA LUNA";"64";"antonio@hotelhey.com";"http://www.hotelhey.com";"H";"HOTEL";"H";"HOTEL";"50";"100";"NCD";"NO PERTENECE A NINGUNA CADENA";"03/02/1995"; ;"01/06 - 31/10";"De Lunes a Domingo"
"CV H00667CS";"A";"ALTA";"1";"1 ESTRELLA";"HOSTAL ARANDA";"12";"CASTELLÓ";"089";"PEÑÍSCOLA/PENÍSCOLA";"EL BAIX MAESTRAT";"12598";"CALLE CASTELLO Y TARREGA, 5";"C";"CALLE";"CASTELLO Y TARREGA";"5";"mdlangelesllb@gmail.com"; ;"HS";"HOSTAL";"SR";"HOSTAL-RESIDENCIA";"12";"24";"NCD";"NO PERTENECE A NINGUNA CADENA";"31/07/2007"; ;"SIEMPRE ABIERTO";"De Lunes a Domingo"
"CV H00756CS";"A";"ALTA"; ; ;"HOSTAL BOUTIQUE LA MAR SERENA";"12";"CASTELLÓ";"089";"PEÑÍSCOLA/PENÍSCOLA";"EL BAIX MAESTRAT";"12598";"CALLE PLAYA, 9";"C";"CALLE";"PLAYA";"9";"reservas@hostalboutiquelamarserena"; ;"HS";"HOSTAL"; ; ;"9";"15";"NCD";"NO PERTENECE A NINGUNA CADENA";"05/06/2023"; ;"SIEMPRE ABIERTO";"De Lunes a Domingo"
"CV H00733CS";"A";"ALTA"; ; ;"HOSTAL BOUTIQUE OLVIDO 22";"12";"CASTELLÓ";"089";"PEÑÍSCOLA/PENÍSCOLA";"EL BAIX MAESTRAT";"12598";"CALLE OLVIDO, 22";"C";"CALLE";"OLVIDO";"22";"alicia.agustin@hotmail.com"; ;"HS";"HOSTAL"; ; ;"5";"10";"NCD";"NO PERTENECE A NINGUNA CADENA";"27/06/2019"; ;"SIEMPRE ABIERTO";"De Lunes a Domingo"
"CV H00754CS";"A";"ALTA"; ; ;"HOSTAL LA PLAZA";"12";"CASTELLÓ";"089";"PEÑÍSCOLA/PENÍSCOLA";"EL BAIX MAESTRAT";"12598";"PLAZA DE ARMAS, 7";"PL";"PLAZA";"DE ARMAS";"7"; ; ;"HS";"HOSTAL"; ; ;"6";"14";"NCD";"NO PERTENECE A NINGUNA CADENA";"14/12/2022"; ;"SIEMPRE ABIERTO";"De Lunes a Domingo"
"CV H00745CS";"A";"ALTA"; ; ;"HOSTAL PEÑISCOLA";"12";"CASTELLÓ";"089";"PEÑÍSCOLA/PENÍSCOLA";"EL BAIX MAESTRAT";"12598";"CALLE LA PAZ, 3-5";"C";"CALLE";"LA PAZ";"3-5";"info@hostalpeniscola.com";"http://www. hostalpeniscola.com/.es";"HS";"HOSTAL"; ; ;"5";"10";"NCD";"NO PERTENECE A NINGUNA CADENA";"21/06/2021"; ;"SIEMPRE ABIERTO";"De Lunes a Domingo"
"CV H00786CS";"A";"ALTA";"0";"PENSIÓN";"HOSTAL PORTAL FOSC SUITES";"12";"CASTELLÓ";"089";"PEÑÍSCOLA/PENÍSCOLA";"EL BAIX MAESTRAT";"12598";"CALLE SAN VICENTE, 35";"C";"CALLE";"SAN VICENTE";"35";"lourdesesca77@gmail.com"; ;"HS";"HOSTAL"; ; ;"7";"14";"NCD";"NO PERTENECE A NINGUNA CADENA";"11/12/2025"; ;"SIEMPRE ABIERTO";"De Lunes a Domingo"
"CV H00705CS";"B";"BAJA";"2";"2 ESTRELLAS";"HOSTAL RESIDENCIA FELIPE II";"12";"CASTELLÓ";"089";"PEÑÍSCOLA/PENÍSCOLA";"EL BAIX MAESTRAT";"12598";"AVENIDA PAPA LUNA, 31";"AV";"AVENIDA";"PAPA LUNA";"31";"hotel@hotelfelipesegundo.com";"http://www.hotelfelipesegundo.com";"HS";"HOSTAL";"SR";"HOSTAL-RESIDENCIA";"15";"32";"NCD";"NO PERTENECE A NINGUNA CADENA";"28/09/2012";"25/06/2019";"01/02 - 31/12";"De Lunes a Domingo"
"CV H00280CS";"A";"ALTA";"4";"4 ESTRELLAS";"HOSTERIA DEL MAR";"12";"CASTELLÓ";"089";"PEÑÍSCOLA/PENÍSCOLA";"EL BAIX MAESTRAT";"12598";"AVENIDA PAPA LUNA, 18";"AV";"AVENIDA";"PAPA LUNA";"18";"reservas@hosteriadelmar.net";"https://www.hosteriadelmar.net";"H";"HOTEL";"H";"HOTEL";"86";"173";"NCD";"NO PERTENECE A NINGUNA CADENA";"28/07/1967"; ;"SIEMPRE ABIERTO";"De Lunes a Domingo"
"CV H00731CS";"A";"ALTA";"2";"2 ESTRELLAS";"HOTEL BARRA ALTA";"12";"CASTELLÓ";"089";"PEÑÍSCOLA/PENÍSCOLA";"EL BAIX MAESTRAT";"12598";"CALLE CALDERADAS, 8";"C";"CALLE";"CALDERADAS";"8";"hotelbarraalta@gmail.com"; ;"H";"HOTEL";"H";"HOTEL";"11";"19";"NCD";"NO PERTENECE A NINGUNA CADENA";"30/10/2018"; ;"SIEMPRE ABIERTO";"De Lunes a Domingo"
"CV H00653CS";"A";"ALTA";"2";"2 ESTRELLAS";"HOTEL TIO PEPE";"12";"CASTELLÓ";"089";"PEÑÍSCOLA/PENÍSCOLA";"EL BAIX MAESTRAT";"12598";"AVENIDA ESPAÑA, 32";"AV";"AVENIDA";"ESPAÑA";"32";"reservas@hoteltiopepe.com";"http://www.hotelrestaurantetiopepe.com/";"H";"HOTEL";"H";"HOTEL";"17";"34";"NCD";"NO PERTENECE A NINGUNA CADENA";"16/06/2005"; ;"SIEMPRE ABIERTO";"De Lunes a Domingo"
"CV H00565CS";"A";"ALTA";"4";"4 ESTRELLAS";"HOTEL Y SPA CASTILLO DE PEÑISCOLA";"12";"CASTELLÓ";"089";"PEÑÍSCOLA/PENÍSCOLA";"EL BAIX MAESTRAT";"12598";"AVENIDA PAPA LUNA, 5";"AV";"AVENIDA";"PAPA LUNA";"5";"reservas@hotelesmediterraneo.com";"www.hotelcastillodepeniscola.com";"H";"HOTEL";"H";"HOTEL";"85";"168";"ME";"HOTELES MEDITERRANEO";"15/09/1993"; ;"01/03 - 31/10";"De Lunes a Domingo"
"CV H00559CS";"A";"ALTA";"3";"3 ESTRELLAS";"JAIME I";"12";"CASTELLÓ";"089";"PEÑÍSCOLA/PENÍSCOLA";"EL BAIX MAESTRAT";"12598";"AVENIDA PIGMALION, 3";"AV";"AVENIDA";"PIGMALION";"3";"informacion@hoteljaimeipeniscola.com";"http://www.hoteljaimeipeniscola.com/";"H";"HOTEL";"H";"HOTEL";"47";"91";"NCD";"NO PERTENECE A NINGUNA CADENA";"07/07/1992"; ;"01/03 - 30/10";"De Lunes a Domingo"
"CV H00549CS";"B";"BAJA";"3";"3 ESTRELLAS";"JARDINES DEL PLAZA";"12";"CASTELLÓ";"089";"PEÑÍSCOLA/PENÍSCOLA";"EL BAIX MAESTRAT";"12598";"AVENIDA PAPA LUNA, 158";"AV";"AVENIDA";"PAPA LUNA";"158";"reservaszt@zthotels.com";"http://www.zthotels.com";"H";"HOTEL";"HA";"HOTEL-APARTAMENTO";"67";"268";"ZTH";"ZT HOTELS";"23/01/1992";"18/03/2020";"SIEMPRE ABIERTO";"De Lunes a Domingo"
"CV H00746CS";"A";"ALTA";"2";"2 ESTRELLAS";"JOANNA HOTEL & WELLNESS";"12";"CASTELLÓ";"089";"PEÑÍSCOLA/PENÍSCOLA";"EL BAIX MAESTRAT";"12598";"CALLE PRINCIPE, 4";"C";"CALLE";"PRINCIPE";"4";"belmiaz@hotmail.com";"http://www.lovepeniscola.com/";"H";"HOTEL";"H";"HOTEL";"9";"18";"NCD";"NO PERTENECE A NINGUNA CADENA";"30/07/2021"; ;"SIEMPRE ABIERTO";"De Lunes a Domingo"
"CV H00717CS";"A";"ALTA"; ; ;"JUST STYLE EL MAÑICO";"12";"CASTELLÓ";"089";"PEÑÍSCOLA/PENÍSCOLA";"EL BAIX MAESTRAT";"12598";"AVENIDA PAPA LUNA, 15";"AV";"AVENIDA";"PAPA LUNA";"15";"mariquigema@hotmail.com"; ;"P";"PENSIÓN"; ; ;"6";"18";"NCD";"NO PERTENECE A NINGUNA CADENA";"22/03/2016"; ;"SIEMPRE ABIERTO";"De Lunes a Domingo"
"CV H00726CS";"A";"ALTA";"2";"2 ESTRELLAS";"JUST STYLE EL MAÑICO II";"12";"CASTELLÓ";"089";"PEÑÍSCOLA/PENÍSCOLA";"EL BAIX MAESTRAT";"12598";"CALLE MARJALS (EDIFICIO ROMANA II, PISO 1), 6";"C";"CALLE";"MARJALS (EDIFICIO ROMANA II, PISO 1)";"6";"mariquigema@hotmail, com"; ;"H";"HOTEL";"H";"HOTEL";"6";"13";"NCD";"NO PERTENECE A NINGUNA CADENA";"06/09/2017"; ;"SIEMPRE ABIERTO";"De Lunes a Domingo"
"CV H00543CS";"A";"ALTA";"2";"2 ESTRELLAS";"LA CABAÑA";"12";"CASTELLÓ";"089";"PEÑÍSCOLA/PENÍSCOLA";"EL BAIX MAESTRAT";"12598";"AVINGUDA DE LA MAR, 29"; ; ;"AVINGUDA DE LA MAR";"29";"lacabana@hotel-lacabana.com";"http://www.hotel-lacabana.com";"H";"HOTEL";"H";"HOTEL";"40";"80";"NCD";"NO PERTENECE A NINGUNA CADENA";"22/10/1990"; ;"01/03 - 09/12";"De Lunes a Domingo"
"CV H00701CS";"A";"ALTA";"1";"1 ESTRELLA";"LA GARITA";"12";"CASTELLÓ";"089";"PEÑÍSCOLA/PENÍSCOLA";"EL BAIX MAESTRAT";"12598";"CALLE SANTOS MARTIRES, 1 - 3";"C";"CALLE";"SANTOS MARTIRES";"1 - 3"; ;"http://www.elpenyon.es";"HS";"HOSTAL";"SR";"HOSTAL-RESIDENCIA";"6";"14";"NCD";"NO PERTENECE A NINGUNA CADENA";"24/04/2012"; ;"SIEMPRE ABIERTO";"De Lunes a Domingo"
"CV H00780CS";"A";"ALTA"; ; ;"LA PARCELA";"12";"CASTELLÓ";"089";"PEÑÍSCOLA/PENÍSCOLA";"EL BAIX MAESTRAT";"12598";"CALLE SANTA BARBARA, 26";"C";"CALLE";"SANTA BARBARA";"26";"ceskcry@gmail.com"; ;"P";"PENSIÓN"; ; ;"4";"8";"NCD";"NO PERTENECE A NINGUNA CADENA";"16/07/2025"; ;"SIEMPRE ABIERTO";"De Lunes a Domingo"
"CV H00732CS";"A";"ALTA"; ; ;"LA SEPIA BOBA";"12";"CASTELLÓ";"089";"PEÑÍSCOLA/PENÍSCOLA";"EL BAIX MAESTRAT";"12598";"CALLE LA PAZ, 2";"C";"CALLE";"LA PAZ";"2";"rafaelpoloherrera@yahoo.es"; ;"P";"PENSIÓN"; ; ;"5";"10";"NCD";"NO PERTENECE A NINGUNA CADENA";"21/01/2019"; ;"SIEMPRE ABIERTO";"De Lunes a Domingo"
"CV H00687CS";"A";"ALTA";"0";"PENSIÓN";"LUZ DE AZAHAR";"12";"CASTELLÓ";"089";"PEÑÍSCOLA/PENÍSCOLA";"EL BAIX MAESTRAT";"12598";"CAMINO DE SANTA MAGDALENA, 24";"CM";"CAMINO";"DE SANTA MAGDALENA";"24";"info@luzdeazahar.com"; ;"P";"PENSIÓN";"P";"PENSIÓN";"5";"10";"NCD";"NO PERTENECE A NINGUNA CADENA";"09/06/2010"; ;"SIEMPRE ABIERTO";"De Lunes a Domingo"
"CV H00788CS";"A";"ALTA";"1";"1 ESTRELLA";"MAR DE CRISTAL";"12";"CASTELLÓ";"089";"PEÑÍSCOLA/PENÍSCOLA";"EL BAIX MAESTRAT";"12598";"CALLE PESCADORES, 3";"C";"CALLE";"PESCADORES";"3";"info@enebgroup.com"; ;"H";"HOTEL";"HA";"HOTEL-APARTAMENTO";"7";"14";"NCD";"NO PERTENECE A NINGUNA CADENA";"11/07/2025"; ;"SIEMPRE ABIERTO";"De Lunes a Domingo"
"CV H00779CS";"B";"BAJA";"1";"1 ESTRELLA";"MAR DE CRISTAL";"12";"CASTELLÓ";"089";"PEÑÍSCOLA/PENÍSCOLA";"EL BAIX MAESTRAT";"12598";"CALLE PESCADORES, 3";"C";"CALLE";"PESCADORES";"3";"info@enebgroup.com"; ;"H";"HOTEL";"HA";"HOTEL-APARTAMENTO";"14";"32";"NCD";"NO PERTENECE A NINGUNA CADENA";"11/07/2025";"10/11/2025";"SIEMPRE ABIERTO";"De Lunes a Domingo"
"CV H00034CS";"A";"ALTA";"1";"1 ESTRELLA";"MARE NOSTRUM";"12";"CASTELLÓ";"089";"PEÑÍSCOLA/PENÍSCOLA";"EL BAIX MAESTRAT";"12598";"CALLE MOLINO, 4";"C";"CALLE";"MOLINO";"4";"hmn@hotmail.es";"http://www.hotelmarenostrum.net";"H";"HOTEL";"H";"HOTEL";"24";"48";"NCD";"NO PERTENECE A NINGUNA CADENA";"18/05/1962"; ;"SIEMPRE ABIERTO";"De Lunes a Domingo"
"CV H00457CS";"A";"ALTA";"4";"4 ESTRELLAS";"MARIA CRISTINA";"12";"CASTELLÓ";"089";"PEÑÍSCOLA/PENÍSCOLA";"EL BAIX MAESTRAT";"12598";"AVENIDA PAPA LUNA, 8";"AV";"AVENIDA";"PAPA LUNA";"8"; ; ;"H";"HOTEL";"H";"HOTEL";"51";"106";"NCD";"NO PERTENECE A NINGUNA CADENA";"21/07/1976"; ;"19/03 - 30/10";"De Lunes a Domingo"
"CV H00479CS";"A";"ALTA";"2";"2 ESTRELLAS";"MARINA";"12";"CASTELLÓ";"089";"PEÑÍSCOLA/PENÍSCOLA";"EL BAIX MAESTRAT";"12598";"AVENIDA DE ESPAÑA, 42";"AV";"AVENIDA";"DE ESPAÑA";"42";"info@hmarina.es";"http://www.hmarina.es/";"H";"HOTEL";"H";"HOTEL";"28";"56";"NCD";"NO PERTENECE A NINGUNA CADENA";"24/10/1977"; ;"SIEMPRE ABIERTO";"De Lunes a Domingo"
"CV H00176CS";"A";"ALTA";"1";"1 ESTRELLA";"MUVA BEACH";"12";"CASTELLÓ";"089";"PEÑÍSCOLA/PENÍSCOLA";"EL BAIX MAESTRAT";"12598";"CALLE PORTETA, 5";"C";"CALLE";"PORTETA";"5";"info@muvabeach.com";"http://www.muvabeach.com";"H";"HOTEL";"H";"HOTEL";"10";"20";"NCD";"NO PERTENECE A NINGUNA CADENA";"17/10/1963"; ;"01/03 - 30/09";"De Lunes a Domingo"
"CV H00451CS";"A";"ALTA";"4";"4 ESTRELLAS";"PAPA LUNA";"12";"CASTELLÓ";"089";"PEÑÍSCOLA/PENÍSCOLA";"EL BAIX MAESTRAT";"12598";"AVENIDA PAPA LUNA, 6";"AV";"AVENIDA";"PAPA LUNA";"6";"papaluna@servigroup.es // servigroup@servigroup.es";"http://www.servigroup.com/";"H";"HOTEL";"H";"HOTEL";"551";"1102";"SER";"HOTELES SERVIGROUP";"16/05/1976"; ;"15/03 - 31/10";"De Lunes a Domingo"
"CV H00761CS";"A";"ALTA"; ; ;"PENSION LIVING ONE BED & BREAKFAST";"12";"CASTELLÓ";"089";"PEÑÍSCOLA/PENÍSCOLA";"EL BAIX MAESTRAT";"12598";"CALLE ARGENTINA, 42";"C";"CALLE";"ARGENTINA";"42";"redouane@hotmail.es"; ;"P";"PENSIÓN"; ; ;"7";"15";"NCD";"NO PERTENECE A NINGUNA CADENA";"18/09/2023"; ;"SIEMPRE ABIERTO";"De Lunes a Domingo"
"CV H00766CS";"A";"ALTA";"0";"PENSIÓN";"PENSION MIRAZUL";"12";"CASTELLÓ";"089";"PEÑÍSCOLA/PENÍSCOLA";"EL BAIX MAESTRAT";"12598";"CALLE OLVIDO, 25";"C";"CALLE";"OLVIDO";"25";"reservas@pensionmirazul.com";"http://www.pensionmirazul.com";"P";"PENSIÓN"; ; ;"4";"8";"NCD";"NO PERTENECE A NINGUNA CADENA";"12/06/2024"; ;"SIEMPRE ABIERTO";"De Lunes a Domingo"
"CV H00633CS";"A";"ALTA";"4";"4 ESTRELLAS";"PEÑISCOLA PLAZA SUITES";"12";"CASTELLÓ";"089";"PEÑÍSCOLA/PENÍSCOLA";"EL BAIX MAESTRAT";"12598";"AVENIDA PAPA  LUNA, 156";"AV";"AVENIDA";"PAPA  LUNA";"156";"reservaszt@zthotels.com";"https://peniscola.zthotels.com";"H";"HOTEL";"H";"HOTEL";"615";"1240";"ZTH";"ZT HOTELS";"08/08/2002"; ;"SIEMPRE ABIERTO";"De Lunes a Domingo"
"CV H00539CS";"A";"ALTA";"4";"4 ESTRELLAS";"PEÑISCOLA-PALACE";"12";"CASTELLÓ";"089";"PEÑÍSCOLA/PENÍSCOLA";"EL BAIX MAESTRAT";"12598";"AVENIDA PAPA LUNA, 34";"AV";"AVENIDA";"PAPA LUNA";"34";"reservas@peniscolapalace.com";"http://www.peniscolapalace.com";"H";"HOTEL";"H";"HOTEL";"238";"482";"NCD";"NO PERTENECE A NINGUNA CADENA";"31/07/1989"; ;"15/03 - 01/11";"De Lunes a Domingo"
"CV H00571CS";"A";"ALTA";"4";"4 ESTRELLAS";"PRADO";"12";"CASTELLÓ";"089";"PEÑÍSCOLA/PENÍSCOLA";"EL BAIX MAESTRAT";"12598";"AVENIDA PAPA LUNA, 3";"AV";"AVENIDA";"PAPA LUNA";"3";"hotelesprado@hotelesprado.com";"http://www.hotelesprado.com/";"H";"HOTEL";"H";"HOTEL";"205";"396";"NCD";"NO PERTENECE A NINGUNA CADENA";"11/03/1994"; ;"15/03 - 18/11";"De Lunes a Domingo"
"CV H00677CS";"A";"ALTA";"3";"3 ESTRELLAS";"PUERTO MAR";"12";"CASTELLÓ";"089";"PEÑÍSCOLA/PENÍSCOLA";"EL BAIX MAESTRAT";"12598";"CALLE IRLANDA, 2-4";"C";"CALLE";"IRLANDA";"2-4";"info@puertomar.es";"http://www.puertomar.es";"H";"HOTEL";"HA";"HOTEL-APARTAMENTO";"68";"136";"NCD";"NO PERTENECE A NINGUNA CADENA";"29/04/2009"; ;"23/03 - 13/10";"De Lunes a Domingo"
"CV H00675CS";"A";"ALTA";"4";"4 ESTRELLAS";"R.H DON CARLOS & SPA";"12";"CASTELLÓ";"089";"PEÑÍSCOLA/PENÍSCOLA";"EL BAIX MAESTRAT";"12598";"CALLE MAESTRO BAYARRI, 10";"C";"CALLE";"MAESTRO BAYARRI";"10";"doncarlos@hotelesrh.com";"https://www.hotelesrh.com";"H";"HOTEL";"H";"HOTEL";"91";"188";"ZTH";"ZT HOTELS";"13/10/2008"; ;"SIEMPRE ABIERTO";"De Lunes a Domingo"
"CV H00727CS";"A";"ALTA";"1";"1 ESTRELLA";"RESPIRAR";"12";"CASTELLÓ";"089";"PEÑÍSCOLA/PENÍSCOLA";"EL BAIX MAESTRAT";"12598";"CALLE PRINCIPE, 7";"C";"CALLE";"PRINCIPE";"7";"info@muvabeach.com"; ;"H";"HOTEL";"H";"HOTEL";"5";"10";"NCD";"NO PERTENECE A NINGUNA CADENA";"03/07/2018"; ;"SIEMPRE ABIERTO";"De Lunes a Domingo"
"CV H00685CS";"A";"ALTA";"4";"4 ESTRELLAS";"RH BOUTIQUE PORTOCRISTO";"12";"CASTELLÓ";"089";"PEÑÍSCOLA/PENÍSCOLA";"EL BAIX MAESTRAT";"12598";"AVENIDA PAPA LUNA, 2";"AV";"AVENIDA";"PAPA LUNA";"2";"portocristo@hotelesrh.com";"http://www.hotelrhportocristo.com";"H";"HOTEL";"H";"HOTEL";"48";"92";"NCD";"NO PERTENECE A NINGUNA CADENA";"31/03/2010"; ;"SIEMPRE ABIERTO";"De Lunes a Domingo"
"CV H00552CS";"A";"ALTA";"4";"4 ESTRELLAS";"RH CASABLANCA SUITES";"12";"CASTELLÓ";"089";"PEÑÍSCOLA/PENÍSCOLA";"EL BAIX MAESTRAT";"12598";"AVENIDA PAPA LUNA, 113";"AV";"AVENIDA";"PAPA LUNA";"113";"casablanca@hotelesrh.com";"http://www.hoterhcasablanca.com";"H";"HOTEL";"H";"HOTEL";"140";"282";"HRH";"HOTELES RH";"01/06/1992"; ;"SIEMPRE ABIERTO";"De Lunes a Domingo"
"CV H00450CS";"A";"ALTA";"2";"2 ESTRELLAS";"RIO MAR";"12";"CASTELLÓ";"089";"PEÑÍSCOLA/PENÍSCOLA";"EL BAIX MAESTRAT";"12598";"AVENIDA DEL MAR, 36";"AV";"AVENIDA";"DEL MAR";"36";"info@hotel-riomar.com";"http://www.hotel-riomar.com";"H";"HOTEL";"H";"HOTEL";"13";"26";"NCD";"NO PERTENECE A NINGUNA CADENA";"23/04/1976"; ;"01/04 - 31/10";"De Lunes a Domingo"
"CV H00649CS";"A";"ALTA";"2";"2 ESTRELLAS";"SUNDAY'S BEACH HOTEL";"12";"CASTELLÓ";"089";"PEÑÍSCOLA/PENÍSCOLA";"EL BAIX MAESTRAT";"12598";"AVENIDA PAPA LUNA, 64";"AV";"AVENIDA";"PAPA LUNA";"64"; ; ;"H";"HOTEL";"H";"HOTEL";"50";"96";"NCD";"NO PERTENECE A NINGUNA CADENA";"13/09/2004"; ;"01/03 - 15/10";"De Lunes a Domingo"
"CV H00468CS";"A";"ALTA";"1";"1 ESTRELLA";"SUSY";"12";"CASTELLÓ";"089";"PEÑÍSCOLA/PENÍSCOLA";"EL BAIX MAESTRAT";"12598";"AVENIDA ESTACIÓN, 18";"AV";"AVENIDA";"ESTACIÓN";"18"; ; ;"HS";"HOSTAL";"HS";"HOSTAL";"18";"36";"NCD";"NO PERTENECE A NINGUNA CADENA";"20/10/1976"; ; ; 
"CV H00216CS";"B";"BAJA";"0";"PENSIÓN";"TORICO, EL";"12";"CASTELLÓ";"089";"PEÑÍSCOLA/PENÍSCOLA";"EL BAIX MAESTRAT";"12598";"AVENIDA DE ESPAÑA, 18";"AV";"AVENIDA";"DE ESPAÑA";"18"; ; ;"P";"PENSIÓN";"P";"PENSIÓN";"12";"23";"NCD";"NO PERTENECE A NINGUNA CADENA";"29/08/1965";"10/04/2019";"19/06 - 19/09";"De Lunes a Domingo"
"CV H00767CS";"A";"ALTA"; ; ;"XULOS ROOMS & SUITES";"12";"CASTELLÓ";"089";"PEÑÍSCOLA/PENÍSCOLA";"EL BAIX MAESTRAT";"12598";"CALLE JAUME I, 29";"C";"CALLE";"JAUME I";"29";"info@hostalxulos.com"; ;"HS";"HOSTAL"; ; ;"10";"20";"NCD";"NO PERTENECE A NINGUNA CADENA";"21/06/2024"; ;"SIEMPRE ABIERTO";"De Lunes a Domingo"
"CV H00696CS";"A";"ALTA";"1";"1 ESTRELLA";"HOSTAL RES PORTELL";"12";"CASTELLÓ";"091";"PORTELL DE MORELLA";"ELS PORTS";"12318";"CALLE CAMINO MASET, 1";"C";"CALLE";"CAMINO MASET";"1";"eltemplodeas@yahoo.com"; ;"HS";"HOSTAL";"HS";"HOSTAL";"8";"17";"NCD";"NO PERTENECE A NINGUNA CADENA";"23/06/2011"; ;"SIEMPRE ABIERTO";"De Lunes a Domingo"
"CV H00690CS";"B";"BAJA";"0";"PENSIÓN";"ALT MILLARS";"12";"CASTELLÓ";"092";"PUEBLA DE ARENOSO";"EL ALTO MIJARES";"12428";"AVENIDA SAN MIGUEL, 3";"AV";"AVENIDA";"SAN MIGUEL";"3"; ; ;"P";"PENSIÓN";"P";"PENSIÓN";"10";"19";"NCD";"NO PERTENECE A NINGUNA CADENA";"03/09/2010";"12/11/2020";"SIEMPRE ABIERTO";"De Lunes a Domingo"
"CV H00419CS";"B";"BAJA";"0";"PENSIÓN";"ALTO MIJARES";"12";"CASTELLÓ";"092";"PUEBLA DE ARENOSO";"EL ALTO MIJARES";"12428";"AVENIDA SAN MIGUEL, 3";"AV";"AVENIDA";"SAN MIGUEL";"3"; ; ;"P";"PENSIÓN";"P";"PENSIÓN";"5";"10";"NCD";"NO PERTENECE A NINGUNA CADENA";"15/06/1974";"31/10/2003";"SIEMPRE ABIERTO";"De Lunes a Domingo"
"CV H00624CS";"B";"BAJA";"3";"3 ESTRELLAS";"L'ABADIA";"12";"CASTELLÓ";"092";"PUEBLA DE ARENOSO";"EL ALTO MIJARES";"12428";"PLAZA LA IGLESIA, 4";"PL";"PLAZA";"LA IGLESIA";"4";"triforcu@gmail.com"; ;"H";"HOTEL";"H";"HOTEL";"20";"38";"NCD";"NO PERTENECE A NINGUNA CADENA";"26/09/2001";"19/05/2025";"01/01 - 30/06 y 01/07 - 30/09";"Sólo Festivos y Fines de Semana (01/01 - 30/06) y De Lunes a Domingo (01/07 - 30/09)"
"CV H00508CS";"B";"BAJA";"0";"PENSIÓN";"EUROPA";"12";"CASTELLÓ";"093";"LA POBLA DE BENIFASSÀ";"EL BAIX MAESTRAT";"12599";"COLONIA EUROPA FREDES, 002"; ; ;"COLONIA EUROPA FREDES";"002"; ; ;"P";"PENSIÓN";"P";"PENSIÓN";"8";"13";"NCD";"NO PERTENECE A NINGUNA CADENA";"01/09/1986";"10/11/1994";"SIEMPRE ABIERTO";"De Lunes a Domingo"
"CV H00628CS";"A";"ALTA";"2";"2 ESTRELLAS";"HOSTATGERIA SANT JAUME";"12";"CASTELLÓ";"093";"LA POBLA DE BENIFASSÀ";"EL BAIX MAESTRAT";"12599";"PLAZA MAYOR (CORATXA), 6";"PL";"PLAZA";"MAYOR (CORATXA)";"6";"hotelruralcoratxa@hotmail.com";"http://www.lahostatgeria.com";"HS";"HOSTAL";"HS";"HOSTAL";"8";"14";"NCD";"NO PERTENECE A NINGUNA CADENA";"12/03/2002"; ;"SIEMPRE ABIERTO";"Sólo Festivos y Fines de Semana"
"CV H00617CS";"A";"ALTA";"1";"1 ESTRELLA";"MESÓN MOLÍ L'ABAD II";"12";"CASTELLÓ";"093";"LA POBLA DE BENIFASSÀ";"EL BAIX MAESTRAT";"12599";"CARRETERA POBLA DE BENIFASSÀ, KM. 5";"CR";"CARRETERA";"POBLA DE BENIFASSÀ";"KM. 5";"angel@moliabad.com";"http://www.moliabad.com";"H";"HOTEL";"H";"HOTEL";"5";"10";"NCD";"NO PERTENECE A NINGUNA CADENA";"09/02/2001"; ;"SIEMPRE ABIERTO";"De Lunes a Domingo"
"CV H00567CS";"A";"ALTA";"1";"1 ESTRELLA";"MOLI L'ABAD";"12";"CASTELLÓ";"093";"LA POBLA DE BENIFASSÀ";"EL BAIX MAESTRAT";"12599";"CARRETERA LA SÉNIA A POBLA DE BENIFASSA KM, 5";"CR";"CARRETERA";"LA SÉNIA A POBLA DE BENIFASSA KM, 5"; ;"angel@moliabad.com";"http://www.moliabad.com";"H";"HOTEL";"H";"HOTEL";"7";"18";"NCD";"NO PERTENECE A NINGUNA CADENA";"06/09/1993"; ;"SIEMPRE ABIERTO";"De Lunes a Domingo"
"CV H00425CS";"B";"BAJA";"0";"PENSIÓN";"MORENA,LA";"12";"CASTELLÓ";"093";"LA POBLA DE BENIFASSÀ";"EL BAIX MAESTRAT";"12599";"CALLE MAYOR, 000";"C";"CALLE";"MAYOR";"000"; ; ;"P";"PENSIÓN";"P";"PENSIÓN";"2";"4";"NCD";"NO PERTENECE A NINGUNA CADENA";"26/07/1974";"09/07/1993";"SIEMPRE ABIERTO";"De Lunes a Domingo"
"CV H00564CS";"A";"ALTA";"1";"1 ESTRELLA";"TINENÇA DE BENIFASSA";"12";"CASTELLÓ";"093";"LA POBLA DE BENIFASSÀ";"EL BAIX MAESTRAT";"12599";"CALLE MAYOR, 46";"C";"CALLE";"MAYOR";"46";"latinensahotel@gmail.com";"https://www.latinensahotel.com";"H";"HOTEL";"H";"HOTEL";"10";"20";"NCD";"NO PERTENECE A NINGUNA CADENA";"25/02/1993"; ;"SIEMPRE ABIERTO";"De Lunes a Domingo"
"CV H00657CS";"A";"ALTA";"1";"1 ESTRELLA";"HOSTAL LA FONT SECA";"12";"CASTELLÓ";"094";"LA POBLA TORNESA";"LA PLANA ALTA";"12191";"CALLE VILLAFAMES, S/N";"C";"CALLE";"VILLAFAMES";"S/N";"lafonseca@hotmail.com"; ;"HS";"HOSTAL";"HS";"HOSTAL";"10";"13";"NCD";"NO PERTENECE A NINGUNA CADENA";"31/01/2006"; ;"SIEMPRE ABIERTO";"De Lunes a Domingo"
"CV H00477CS";"B";"BAJA";"1";"1 ESTRELLA";"SAN MARCOS";"12";"CASTELLÓ";"096";"ROSSELL";"EL BAIX MAESTRAT";"12511";"CALLE DOCTOR JUAN SAIZ";"C";"CALLE";"DOCTOR JUAN SAIZ"; ; ; ;"HS";"HOSTAL";"SR";"HOSTAL-RESIDENCIA";"6";"10";"NCD";"NO PERTENECE A NINGUNA CADENA";"29/12/1978";"04/06/1998";"SIEMPRE ABIERTO";"De Lunes a Domingo"
"CV H00178CS";"B";"BAJA";"0";"PENSIÓN";"MEXICO";"12";"CASTELLÓ";"098";"LA SALZADELLA";"EL BAIX MAESTRAT";"12186";"CALLE SOL, 000";"C";"CALLE";"SOL";"000"; ; ;"P";"PENSIÓN";"P";"PENSIÓN";"4";"8";"NCD";"NO PERTENECE A NINGUNA CADENA";"05/06/1961";"13/07/1995";"SIEMPRE ABIERTO";"De Lunes a Domingo"
"CV H00503CS";"B";"BAJA";"1";"1 ESTRELLA";"ROSER";"12";"CASTELLÓ";"098";"LA SALZADELLA";"EL BAIX MAESTRAT";"12186";"CALLE SOL Y SANTA MAGDALENA";"C";"CALLE";"SOL Y SANTA MAGDALENA"; ; ; ;"HS";"HOSTAL";"HS";"HOSTAL";"5";"9";"NCD";"NO PERTENECE A NINGUNA CADENA";"16/11/1981";"13/07/1995";"SIEMPRE ABIERTO";"De Lunes a Domingo"
"CV H00692CS";"B";"BAJA";"4";"4 ESTRELLAS";"HOTEL CONDADO DEL GOLF";"12";"CASTELLÓ";"099";"SANT JORDI/SAN JORGE";"EL BAIX MAESTRAT";"12320";"URBANIZACIÓN PANORAMICA, PZA. ESPAÑA, 1";"UR";"URBANIZACIÓN";"PANORAMICA, PZA. ESPAÑA";"1";"hotel@elcondadodelgolf.com";"http://www.elcondadodelgolf.com";"H";"HOTEL";"H";"HOTEL";"15";"32";"NCD";"NO PERTENECE A NINGUNA CADENA";"05/04/2011";"28/03/2013";"SIEMPRE ABIERTO";"De Lunes a Domingo"
"CV H00703CS";"B";"BAJA";"1";"1 ESTRELLA";"HOSTAL DEL CABRIT";"12";"CASTELLÓ";"100";"SANT MATEU";"EL BAIX MAESTRAT";"12170";"PLAZA MARE DE DEU DE LA FONT, 19";"PL";"PLAZA";"MARE DE DEU DE LA FONT";"19";"info@hostaldecabrit.com";"http://hostaldecabrit.com";"HS";"HOSTAL";"HS";"HOSTAL";"7";"12";"NCD";"NO PERTENECE A NINGUNA CADENA";"15/05/2012";"18/12/2012";"SIEMPRE ABIERTO";"De Lunes a Domingo"
"CV H00523CS";"B";"BAJA";"0";"PENSIÓN";"LA PERDI";"12";"CASTELLÓ";"100";"SANT MATEU";"EL BAIX MAESTRAT";"12170";"CALLE HISTORIDOR BETI";"C";"CALLE";"HISTORIDOR BETI"; ; ; ;"P";"PENSIÓN";"P";"PENSIÓN";"3";"5";"NCD";"NO PERTENECE A NINGUNA CADENA";"21/05/1987";"28/04/1997";"SIEMPRE ABIERTO";"De Lunes a Domingo"
"CV H00568CS";"A";"ALTA";"1";"1 ESTRELLA";"LA PERDI";"12";"CASTELLÓ";"100";"SANT MATEU";"EL BAIX MAESTRAT";"12170";"CALLE HISTORIADOR BETI, 9";"C";"CALLE";"HISTORIADOR BETI";"9"; ; ;"H";"HOTEL";"H";"HOTEL";"5";"10";"NCD";"NO PERTENECE A NINGUNA CADENA";"09/07/1993"; ;"01/01 - 01/11 y 01/12 - 31/12";"De Lunes a Domingo"
"CV H00519CS";"A";"ALTA";"0";"PENSIÓN";"MESON KUBANO";"12";"CASTELLÓ";"100";"SANT MATEU";"EL BAIX MAESTRAT";"12170";"CALLE HISTORIADOR BETI, 26";"C";"CALLE";"HISTORIADOR BETI";"26";"juanda111@icloud.com"; ;"P";"PENSIÓN";"P";"PENSIÓN";"10";"20";"NCD";"NO PERTENECE A NINGUNA CADENA";"15/09/1986"; ;"SIEMPRE ABIERTO";"De Lunes a Domingo"
"CV H00524CS";"B";"BAJA";"0";"PENSIÓN";"MODERNO";"12";"CASTELLÓ";"100";"SANT MATEU";"EL BAIX MAESTRAT";"12170";"CALLE MORELLA, 1";"C";"CALLE";"MORELLA";"1"; ; ;"P";"PENSIÓN";"P";"PENSIÓN";"4";"6";"NCD";"NO PERTENECE A NINGUNA CADENA";"21/05/1987";"30/05/2001";"SIEMPRE ABIERTO";"De Lunes a Domingo"
"CV H00596CS";"A";"ALTA";"2";"2 ESTRELLAS";"MONTESA";"12";"CASTELLÓ";"100";"SANT MATEU";"EL BAIX MAESTRAT";"12170";"AVENIDA CONSTITUCION, 21";"AV";"AVENIDA";"CONSTITUCION";"21"; ; ;"H";"HOTEL";"H";"HOTEL";"24";"46";"NCD";"NO PERTENECE A NINGUNA CADENA";"24/02/1998"; ;"SIEMPRE ABIERTO";"De Lunes a Domingo"
"CV H00513CS";"B";"BAJA";"0";"PENSIÓN";"ALASKA";"12";"CASTELLÓ";"101";"SAN RAFAEL DEL RÍO";"EL BAIX MAESTRAT";"12510";"CALLE DR. SALVADOR PONS, 12";"C";"CALLE";"DR. SALVADOR PONS";"12"; ; ;"P";"PENSIÓN";"P";"PENSIÓN";"4";"6";"NCD";"NO PERTENECE A NINGUNA CADENA";"01/03/1984";"06/07/1998";"SIEMPRE ABIERTO";"De Lunes a Domingo"
"CV H00586CS";"B";"BAJA";"1";"1 ESTRELLA";"CASA VICENTE";"12";"CASTELLÓ";"102";"SANTA MAGDALENA DE PULPIS";"EL BAIX MAESTRAT";"12597";"CARRETERA N-340, KM. 1033";"CR";"CARRETERA";"N-340, KM. 1033"; ;"casvi05@yahoo.es"; ;"HS";"HOSTAL";"HS";"HOSTAL";"13";"26";"NCD";"NO PERTENECE A NINGUNA CADENA";"05/02/1996";"07/06/2023";"SIEMPRE ABIERTO";"De Lunes a Domingo"
"CV H00575CS";"B";"BAJA";"0";"PENSIÓN";"ZARAGOZA";"12";"CASTELLÓ";"102";"SANTA MAGDALENA DE PULPIS";"EL BAIX MAESTRAT";"12597";"CARRETERA N-340, KM. 1032";"CR";"CARRETERA";"N-340, KM. 1032"; ; ; ;"P";"PENSIÓN";"P";"PENSIÓN";"12";"17";"NCD";"NO PERTENECE A NINGUNA CADENA";"30/09/1994";"24/02/2010";"SIEMPRE ABIERTO";"De Lunes a Domingo"
"CV H00711CS";"B";"BAJA";"2";"2 ESTRELLAS";"ABADIA DEL MAESTRAT";"12";"CASTELLÓ";"103";"LA SERRATELLA";"LA PLANA ALTA";"12184";"CALLE SAN MIGUEL, 2";"C";"CALLE";"SAN MIGUEL";"2";"reservas@abadiadelmaestrat.com";"http://www.abadiadelmaestrat.com";"H";"HOTEL";"H";"HOTEL";"6";"12";"NCD";"NO PERTENECE A NINGUNA CADENA";"03/04/2014";"20/09/2021";"SIEMPRE ABIERTO";"De Lunes a Domingo"
"CV H00748CS";"A";"ALTA";"3";"3 ESTRELLAS";"ABADIA DEL MAESTRAT";"12";"CASTELLÓ";"103";"LA SERRATELLA";"LA PLANA ALTA";"12184";"PLAZA DE SANT MIQUEL, 2";"PL";"PLAZA";"DE SANT MIQUEL";"2";"abadiadelmaestrathotel@gmail.com";"http://www.abadiadelmaestrat.com";"H";"HOTEL";"H";"HOTEL";"12";"24";"NCD";"NO PERTENECE A NINGUNA CADENA";"27/06/2022"; ;"SIEMPRE ABIERTO";"De Lunes a Domingo"
"CV H00145CS";"B";"BAJA";"0";"PENSIÓN";"APARICIO";"12";"CASTELLÓ";"104";"SEGORBE";"EL ALTO PALANCIA";"12400";"CALLE COLON, 75";"C";"CALLE";"COLON";"75"; ; ;"P";"PENSIÓN";"P";"PENSIÓN";"9";"16";"NCD";"NO PERTENECE A NINGUNA CADENA";"31/03/1961";"18/01/1999";"SIEMPRE ABIERTO";"De Lunes a Domingo"
"CV H00185CS";"B";"BAJA";"0";"PENSIÓN";"COLON";"12";"CASTELLÓ";"104";"SEGORBE";"EL ALTO PALANCIA";"12400";"CALLE COLON, 2";"C";"CALLE";"COLON";"2"; ; ;"P";"PENSIÓN";"P";"PENSIÓN";"2";"4";"NCD";"NO PERTENECE A NINGUNA CADENA";"30/03/1964";"13/07/1995";"SIEMPRE ABIERTO";"De Lunes a Domingo"
"CV H00605CS";"B";"BAJA";"1";"1 ESTRELLA";"HOSPEDERIA EL PALEN";"12";"CASTELLÓ";"104";"SEGORBE";"EL ALTO PALANCIA";"12400";"CALLE FRANCO RICART, 9";"C";"CALLE";"FRANCO RICART";"9";"reservas@elpalen.com";"http://www.elpalen.com/";"HS";"HOSTAL";"SR";"HOSTAL-RESIDENCIA";"8";"15";"NCD";"NO PERTENECE A NINGUNA CADENA";"03/11/1998";"27/03/2023";"SIEMPRE ABIERTO";"De Lunes a Domingo"
"CV H00702CS";"A";"ALTA";"4";"4 ESTRELLAS";"HOTEL MARTÍN EL HUMANO";"12";"CASTELLÓ";"104";"SEGORBE";"EL ALTO PALANCIA";"12400";"CALLE FRAY BONIFACIO FERRER, 7";"C";"CALLE";"FRAY BONIFACIO FERRER";"7";"info@hotelmartinelhumano.es";"https://hotelmartinelhumano.es";"H";"HOTEL";"H";"HOTEL";"36";"73";"NCD";"NO PERTENECE A NINGUNA CADENA";"27/04/2012"; ;"SIEMPRE ABIERTO";"De Lunes a Domingo"
"CV H00599CS";"A";"ALTA";"3";"3 ESTRELLAS";"MARÍA DE LUNA";"12";"CASTELLÓ";"104";"SEGORBE";"EL ALTO PALANCIA";"12400";"CALLE COMUNIDAD VALENCIANA, 2";"C";"CALLE";"COMUNIDAD VALENCIANA";"2";"info@hotelmariadeluna.es";"http://www.hotelmariadeluna.es";"H";"HOTEL";"H";"HOTEL";"44";"85";"NCD";"NO PERTENECE A NINGUNA CADENA";"05/05/1998"; ;"SIEMPRE ABIERTO";"De Lunes a Domingo"
"CV H00663CS";"B";"BAJA";"0";"PENSIÓN";"MASÍA FERRER";"12";"CASTELLÓ";"104";"SEGORBE";"EL ALTO PALANCIA";"12400";"PARTIDA FERRER, S/N";"PD";"PARTIDA";"FERRER";"S/N";"reservas@masiaferrer.com";"http://www.palanciarural.com/masiaferrer";"P";"PENSIÓN";"P";"PENSIÓN";"26";"52";"NCD";"NO PERTENECE A NINGUNA CADENA";"14/03/2007";"18/12/2012";"SIEMPRE ABIERTO";"De Lunes a Domingo"
"CV H00556CS";"A";"ALTA";"2";"2 ESTRELLAS";"MILLAN";"12";"CASTELLÓ";"104";"SEGORBE";"EL ALTO PALANCIA";"12400";"CARRETERA AUTOVÍA LEVANTE ARAGÓN SALIDA Nº 23 (ANTES N-234)";"CR";"CARRETERA";"AUTOVÍA LEVANTE ARAGÓN SALIDA Nº 23 (ANTES N-234)"; ;"info@hotelmillan.com";"http://www.hotelmillan.com";"HS";"HOSTAL";"HS";"HOSTAL";"26";"36";"NCD";"NO PERTENECE A NINGUNA CADENA";"01/07/1992"; ;"SIEMPRE ABIERTO";"De Lunes a Domingo"
"CV H00053CS";"B";"BAJA";"0";"PENSIÓN";"GINES";"12";"CASTELLÓ";"106";"SONEJA";"EL ALTO PALANCIA";"12480";"CARRETERA TERUEL-SONEJA, S/N";"CR";"CARRETERA";"TERUEL-SONEJA";"S/N"; ; ;"P";"PENSIÓN";"P";"PENSIÓN";"8";"15";"NCD";"NO PERTENECE A NINGUNA CADENA";"22/08/1964";"30/09/2010";"SIEMPRE ABIERTO";"De Lunes a Domingo"
"CV H00652CS";"A";"ALTA";"1";"1 ESTRELLA";"VERDIA";"12";"CASTELLÓ";"108";"SUERA/SUERAS";"LA PLANA BAIXA";"12223";"CALLE CALVARIO, 2";"C";"CALLE";"CALVARIO";"2";"info@hotelverdia.com";"http://www.hotelverdia.com";"H";"HOTEL";"H";"HOTEL";"9";"18";"NCD";"NO PERTENECE A NINGUNA CADENA";"19/04/2005"; ;"SIEMPRE ABIERTO";"De Lunes a Domingo"
"CV H00590CS";"B";"BAJA";"0";"PENSIÓN";"BAR NOU";"12";"CASTELLÓ";"111";"TÍRIG";"L'ALT MAESTRAT";"12179";"CALLE NOU, 29";"C";"CALLE";"NOU";"29"; ; ;"P";"PENSIÓN";"P";"PENSIÓN";"5";"9";"NCD";"NO PERTENECE A NINGUNA CADENA";"18/11/1996";"30/05/2001";"SIEMPRE ABIERTO";"De Lunes a Domingo"
"CV H00664CS";"A";"ALTA";"2";"2 ESTRELLAS";"EL GUERRER";"12";"CASTELLÓ";"112";"TODOLELLA";"ELS PORTS";"12312";"CALLE CARRETERA, 9";"C";"CALLE";"CARRETERA";"9";"ana@querolassesors.com"; ;"HS";"HOSTAL";"HS";"HOSTAL";"5";"10";"NCD";"NO PERTENECE A NINGUNA CADENA";"14/03/2007"; ;"SIEMPRE ABIERTO";"De Lunes a Domingo"
"CV H00509CS";"B";"BAJA";"1";"1 ESTRELLA";"TOGA";"12";"CASTELLÓ";"113";"TOGA";"EL ALTO MIJARES";"12230";"CALLE LOS MARTIRES, 6";"C";"CALLE";"LOS MARTIRES";"6"; ; ;"HS";"HOSTAL";"HS";"HOSTAL";"39";"56";"NCD";"NO PERTENECE A NINGUNA CADENA";"17/03/1986";"20/05/2002";"SIEMPRE ABIERTO";"De Lunes a Domingo"
"CV H00749CS";"A";"ALTA";"2";"2 ESTRELLAS";"ANTONIO PONZ";"12";"CASTELLÓ";"114";"TORÁS";"EL ALTO PALANCIA";"12431";"CARRETERA BEJIS, 54";"CR";"CARRETERA";"BEJIS";"54";"reservas@hotelantonioponz.es"; ;"H";"HOTEL";"H";"HOTEL";"16";"32";"NCD";"NO PERTENECE A NINGUNA CADENA";"30/06/2022"; ;"SIEMPRE ABIERTO";"De Lunes a Domingo"
"CV H00689CS";"B";"BAJA";"1";"1 ESTRELLA";"CASANI";"12";"CASTELLÓ";"114";"TORÁS";"EL ALTO PALANCIA";"12431";"CARRETERA DE BEJIS, 54";"CR";"CARRETERA";"DE BEJIS";"54";"hotelruralcasani@hotmail.com"; ;"H";"HOTEL";"H";"HOTEL";"16";"32";"NCD";"NO PERTENECE A NINGUNA CADENA";"09/07/2010";"05/02/2013";"SIEMPRE ABIERTO";"De Lunes a Domingo"
"CV H00485CS";"B";"BAJA";"2";"2 ESTRELLAS";"MONTE HOYUELA";"12";"CASTELLÓ";"114";"TORÁS";"EL ALTO PALANCIA";"12431";"CALLE CLEMENTE CERDA, S/N";"C";"CALLE";"CLEMENTE CERDA";"S/N"; ; ;"HS";"HOSTAL";"HS";"HOSTAL";"18";"32";"NCD";"NO PERTENECE A NINGUNA CADENA";"26/09/1978";"24/05/1994";"SIEMPRE ABIERTO";"De Lunes a Domingo"
"CV H00661CS";"A";"ALTA";"1";"1 ESTRELLA";"HOTEL LOS ABRILES";"12";"CASTELLÓ";"115";"EL TORO";"EL ALTO PALANCIA";"12429";"CALLE CABAÑAL, 5";"C";"CALLE";"CABAÑAL";"5";"hotelosabriles@hotmail.com";"http://www.hotelosabriles.com";"H";"HOTEL";"H";"HOTEL";"8";"16";"NCD";"NO PERTENECE A NINGUNA CADENA";"29/09/2006"; ;"SIEMPRE ABIERTO";"De Lunes a Domingo"
"CV H00272CS";"B";"BAJA";"0";"PENSIÓN";"AZAR";"12";"CASTELLÓ";"117";"TORREBLANCA";"LA PLANA ALTA";"12596";"CALLE SAN JUAN, 110";"C";"CALLE";"SAN JUAN";"110"; ; ;"P";"PENSIÓN";"P";"PENSIÓN";"25";"49";"NCD";"NO PERTENECE A NINGUNA CADENA";"16/06/1967";"21/02/2008";"15/04 - 30/04 y 01/07 - 15/09";"De Lunes a Domingo"
"CV H00294CS";"B";"BAJA";"0";"PENSIÓN";"CASA VICENTA";"12";"CASTELLÓ";"117";"TORREBLANCA";"LA PLANA ALTA";"12596";"CALLE ALAR, 3";"C";"CALLE";"ALAR";"3"; ; ;"P";"PENSIÓN";"P";"PENSIÓN";"8";"12";"NCD";"NO PERTENECE A NINGUNA CADENA";"17/03/1968";"04/06/1998";"SIEMPRE ABIERTO";"De Lunes a Domingo"
"CV H00279CS";"B";"BAJA";"0";"PENSIÓN";"CORTES";"12";"CASTELLÓ";"117";"TORREBLANCA";"LA PLANA ALTA";"12596";"CARRETERA VALENCIA- BARCELONA, KM. 101, S/N";"CR";"CARRETERA";"VALENCIA- BARCELONA, KM. 101";"S/N"; ; ;"P";"PENSIÓN";"P";"PENSIÓN";"28";"44";"NCD";"NO PERTENECE A NINGUNA CADENA";"26/07/1967";"25/10/1999";"SIEMPRE ABIERTO";"De Lunes a Domingo"
"CV H00495CS";"B";"BAJA";"1";"1 ESTRELLA";"JUANI";"12";"CASTELLÓ";"117";"TORREBLANCA";"LA PLANA ALTA";"12596";"CALLE COLON, 2";"C";"CALLE";"COLON";"2"; ; ;"HS";"HOSTAL";"SR";"HOSTAL-RESIDENCIA";"12";"14";"NCD";"NO PERTENECE A NINGUNA CADENA";"18/08/1980";"13/06/2023";"SIEMPRE ABIERTO";"De Lunes a Domingo"
"CV H00055CS";"A";"ALTA";"1";"1 ESTRELLA";"MIRAMAR";"12";"CASTELLÓ";"117";"TORREBLANCA";"LA PLANA ALTA";"12596";"AVENIDA VALENCIA, 6";"AV";"AVENIDA";"VALENCIA";"6";"hrmiramar@gmail.com"; ;"H";"HOTEL";"H";"HOTEL";"44";"78";"NCD";"NO PERTENECE A NINGUNA CADENA";"28/08/1963"; ;"SIEMPRE ABIERTO";"De Lunes a Domingo"
"CV H00269CS";"B";"BAJA";"0";"PENSIÓN";"PASCUALA, LA";"12";"CASTELLÓ";"117";"TORREBLANCA";"LA PLANA ALTA";"12596";"CALLE GENERAL ARANDA, 1";"C";"CALLE";"GENERAL ARANDA";"1"; ; ;"P";"PENSIÓN";"P";"PENSIÓN";"9";"17";"NCD";"NO PERTENECE A NINGUNA CADENA";"25/04/1967";"24/05/1994";"SIEMPRE ABIERTO";"De Lunes a Domingo"
"CV H00525CS";"B";"BAJA";"1";"1 ESTRELLA";"PENSION 236";"12";"CASTELLÓ";"117";"TORREBLANCA";"LA PLANA ALTA";"12596";"CALLE SAN ANTONIO, 236";"C";"CALLE";"SAN ANTONIO";"236"; ; ;"HS";"HOSTAL";"SR";"HOSTAL-RESIDENCIA";"6";"12";"NCD";"NO PERTENECE A NINGUNA CADENA";"04/09/1987";"13/09/2017";"01/04 - 30/09";"De Lunes a Domingo"
"CV H00349CS";"B";"BAJA";"1";"1 ESTRELLA";"PESCADOR, EL";"12";"CASTELLÓ";"117";"TORREBLANCA";"LA PLANA ALTA";"12596";"CALLE SAN JUAN, 98";"C";"CALLE";"SAN JUAN";"98"; ; ;"HS";"HOSTAL";"SR";"HOSTAL-RESIDENCIA";"9";"18";"NCD";"NO PERTENECE A NINGUNA CADENA";"02/08/1970";"31/07/2008";"01/07 - 31/08";"De Lunes a Domingo"
"CV H00399CS";"B";"BAJA";"1";"1 ESTRELLA";"PLAYA MAR";"12";"CASTELLÓ";"117";"TORREBLANCA";"LA PLANA ALTA";"12596";"CALLE SAN JUAN, 22";"C";"CALLE";"SAN JUAN";"22"; ; ;"HS";"HOSTAL";"HS";"HOSTAL";"8";"16";"NCD";"NO PERTENECE A NINGUNA CADENA";"29/07/1973";"13/12/2002";"01/07 - 31/08";"De Lunes a Domingo"
"CV H00471CS";"A";"ALTA";"1";"1 ESTRELLA";"PRADOS, LOS";"12";"CASTELLÓ";"117";"TORREBLANCA";"LA PLANA ALTA";"12596";"AVENIDA JUAN CARLOS I, 2";"AV";"AVENIDA";"JUAN CARLOS I";"2"; ; ;"HS";"HOSTAL";"HS";"HOSTAL";"22";"41";"NCD";"NO PERTENECE A NINGUNA CADENA";"15/10/1976"; ;"01/06 - 30/09";"De Lunes a Domingo"
"CV H00423CS";"B";"BAJA";"1";"1 ESTRELLA";"SOL";"12";"CASTELLÓ";"117";"TORREBLANCA";"LA PLANA ALTA";"12596";"CARRETERA NACIONAL 340, KM. 101, S/N";"CR";"CARRETERA";"NACIONAL 340, KM. 101";"S/N"; ; ;"H";"HOTEL";"H";"HOTEL";"30";"55";"NCD";"NO PERTENECE A NINGUNA CADENA";"17/07/1974";"13/09/2005";"SIEMPRE ABIERTO";"De Lunes a Domingo"
"CV H00720CS";"A";"ALTA";"2";"2 ESTRELLAS";"TE MANA HOTEL";"12";"CASTELLÓ";"117";"TORREBLANCA";"LA PLANA ALTA";"12596";"AVENIDA VALENCIA, 7";"AV";"AVENIDA";"VALENCIA";"7";"info@temanahotel.com";"http://www.temanahotel.com";"H";"HOTEL";"H";"HOTEL";"20";"38";"NCD";"NO PERTENECE A NINGUNA CADENA";"04/04/2017"; ;"SIEMPRE ABIERTO";"De Lunes a Domingo"
"CV H00052CS";"A";"ALTA";"1";"1 ESTRELLA";"TORRE, LA";"12";"CASTELLÓ";"117";"TORREBLANCA";"LA PLANA ALTA";"12596";"AVENIDA BARCELONA, 7";"AV";"AVENIDA";"BARCELONA";"7"; ; ;"HS";"HOSTAL";"SR";"HOSTAL-RESIDENCIA";"16";"32";"NCD";"NO PERTENECE A NINGUNA CADENA";"06/09/1964"; ;"SIEMPRE ABIERTO";"De Lunes a Domingo"
"CV H00724CS";"B";"BAJA";"3";"3 ESTRELLAS";"CAU BLANCH";"12";"CASTELLÓ";"122";"LES USERES/USERAS";"L'ALCALATEN";"12131";"PARTIDA PARTIDA CAMPS, LES CREVADES, 57";"PD";"PARTIDA";"PARTIDA CAMPS, LES CREVADES";"57";"inmanayara@gmail.com";"http://www.caublanch.com";"H";"HOTEL";"H";"HOTEL";"6";"17";"NCD";"NO PERTENECE A NINGUNA CADENA";"20/06/2017";"16/03/2023";"SIEMPRE ABIERTO";"De Lunes a Domingo"
"CV H00768CS";"B";"BAJA";"3";"3 ESTRELLAS";"HOTEL RESTAURANTE CAU BLANCH";"12";"CASTELLÓ";"122";"LES USERES/USERAS";"L'ALCALATEN";"12131";"CALLE LES CREVADES, 57";"C";"CALLE";"LES CREVADES";"57";"hotel.restaurantecau@gmail.com"; ;"H";"HOTEL"; ; ;"6";"17";"NCD";"NO PERTENECE A NINGUNA CADENA";"15/07/2024";"30/05/2025";"SIEMPRE ABIERTO";"De Lunes a Domingo"
"CV H00637CS";"B";"BAJA";"0";"PENSIÓN";"L'ESTEL";"12";"CASTELLÓ";"122";"LES USERES/USERAS";"L'ALCALATEN";"12118";"CALLE FIGUEROLES D'ALCALATEN, S/N";"C";"CALLE";"FIGUEROLES D'ALCALATEN";"S/N";"estel@estelrural.com";"http://www.estelrural.com";"P";"PENSIÓN";"P";"PENSIÓN";"6";"12";"NCD";"NO PERTENECE A NINGUNA CADENA";"31/03/2003";"09/07/2010";"SIEMPRE ABIERTO";"De Lunes a Domingo"
"CV H00660CS";"B";"BAJA";"2";"2 ESTRELLAS";"HOTEL RESTAURANTE MAS BLANC";"12";"CASTELLÓ";"124";"VALL D'ALBA";"LA PLANA ALTA";"12194";"POLÍGONO INDUSTRIAL CASETA BLANCA";"PO";"POLÍGONO";"INDUSTRIAL CASETA BLANCA"; ;"masblancplus@gmail.com";"http://www.masblancclub.com";"H";"HOTEL";"H";"HOTEL";"7";"14";"NCD";"NO PERTENECE A NINGUNA CADENA";"14/09/2006";"14/07/2021";"01/01 - 31/08 y 15/09 - 31/12";"De Lunes a Domingo"
"CV H00615CS";"A";"ALTA";"2";"2 ESTRELLAS";"L'ERMITA";"12";"CASTELLÓ";"124";"VALL D'ALBA";"LA PLANA ALTA";"12194";"ERMITA  SANT CRISTÒFOL, S/N"; ; ;"ERMITA  SANT CRISTÒFOL";"S/N"; ; ;"H";"HOTEL";"H";"HOTEL";"19";"38";"NCD";"NO PERTENECE A NINGUNA CADENA";"19/04/2000"; ;"SIEMPRE ABIERTO";"De Lunes a Domingo"
"CV H00721CS";"A";"ALTA"; ; ;"POU DE BECA ALLOTJAMENTS I AGROTURISME";"12";"CASTELLÓ";"124";"VALL D'ALBA";"LA PLANA ALTA";"12194";"MASIA BECA, S/N";"MS";"MASIA";"BECA";"S/N";"poudebeca@gmail.com";"http://poudebeca.blogspot.com";"HS";"HOSTAL"; ; ;"5";"12";"NCD";"NO PERTENECE A NINGUNA CADENA";"18/04/2017"; ;"SIEMPRE ABIERTO";"De Lunes a Domingo"
"CV H00604CS";"A";"ALTA";"3";"3 ESTRELLAS";"BELCAIRE";"12";"CASTELLÓ";"126";"LA VALL D'UIXÓ";"LA PLANA BAIXA";"12600";"AVENIDA EUROPA, 1";"AV";"AVENIDA";"EUROPA";"1";"hotelbelcaire@hotmail.com";"http://www.hotelbelcaire.es";"H";"HOTEL";"H";"HOTEL";"48";"92";"NCD";"NO PERTENECE A NINGUNA CADENA";"24/07/1998"; ;"SIEMPRE ABIERTO";"De Lunes a Domingo"
"CV H00432CS";"B";"BAJA";"0";"PENSIÓN";"BLANCA";"12";"CASTELLÓ";"126";"LA VALL D'UIXÓ";"LA PLANA BAIXA";"12600";"CALLE JOAQUIN PARIS, 000";"C";"CALLE";"JOAQUIN PARIS";"000"; ; ;"P";"PENSIÓN";"P";"PENSIÓN";"27";"30";"NCD";"NO PERTENECE A NINGUNA CADENA";"26/02/1975";"17/05/1996";"SIEMPRE ABIERTO";"De Lunes a Domingo"
"CV H00758CS";"A";"ALTA";"3";"3 ESTRELLAS";"HOTEL PLANA SUITES";"12";"CASTELLÓ";"126";"LA VALL D'UIXÓ";"LA PLANA BAIXA";"12600";"CALLE LUIS ROIG D'ALOS, 26";"C";"CALLE";"LUIS ROIG D'ALOS";"26";"info@hotelplanasuites.com";"http://www.hotelplanasuites.com";"H";"HOTEL";"HA";"HOTEL-APARTAMENTO";"36";"89";"NCD";"NO PERTENECE A NINGUNA CADENA";"19/06/2023"; ;"SIEMPRE ABIERTO";"De Lunes a Domingo"
"CV H00581CS";"A";"ALTA";"1";"1 ESTRELLA";"CARBONERA, LA";"12";"CASTELLÓ";"127";"VALLIBONA";"ELS PORTS";"12315";"PLAZA SAN ANTONIO, S/N";"PL";"PLAZA";"SAN ANTONIO";"S/N"; ; ;"HS";"HOSTAL";"HS";"HOSTAL";"7";"13";"NCD";"NO PERTENECE A NINGUNA CADENA";"03/04/1995"; ;"SIEMPRE ABIERTO";"De Lunes a Domingo"
"CV H00775CS";"A";"ALTA"; ; ;"HOSPEDERIA SANT DOMINGO";"12";"CASTELLÓ";"127";"VALLIBONA";"ELS PORTS";"12315";"CARRETERA CV 111- KM 10, VALLIBONA-ROSSELL, 10";"CR";"CARRETERA";"CV 111- KM 10, VALLIBONA-ROSSELL";"10";"hospederiasantdomingo@gmail.com"; ;"HS";"HOSTAL"; ; ;"11";"22";"NCD";"NO PERTENECE A NINGUNA CADENA";"14/04/2025"; ;"SIEMPRE ABIERTO";"De Lunes a Domingo"
"CV H00710CS";"A";"ALTA";"1";"1 ESTRELLA";"EL JARDIN VERTICAL";"12";"CASTELLÓ";"128";"VILAFAMÉS";"LA PLANA ALTA";"12192";"CALLE NOU, 15";"C";"CALLE";"NOU";"15";"casarural@eljardinvertical.com";"http://www.eljardinvertical.com";"HS";"HOSTAL";"HS";"HOSTAL";"9";"18";"NCD";"NO PERTENECE A NINGUNA CADENA";"24/09/2013"; ;"SIEMPRE ABIERTO";"De Lunes a Domingo"
"CV H00538CS";"A";"ALTA";"1";"1 ESTRELLA";"EL RULLO";"12";"CASTELLÓ";"128";"VILAFAMÉS";"LA PLANA ALTA";"12192";"CALLE LA FONT, 2";"C";"CALLE";"LA FONT";"2";"recepcion@anticportal.com";"http://www.elrullo.es";"H";"HOTEL";"H";"HOTEL";"6";"14";"NCD";"NO PERTENECE A NINGUNA CADENA";"01/06/1992"; ;"SIEMPRE ABIERTO";"De Lunes a Domingo"
"CV H00669CS";"A";"ALTA";"2";"2 ESTRELLAS";"L'ANTIC PORTAL";"12";"CASTELLÓ";"128";"VILAFAMÉS";"LA PLANA ALTA";"12192";"CALLE LA FONT, 6";"C";"CALLE";"LA FONT";"6";"recepcion@anticportal.com";"http://www.anticportal.com      http://www.hotelvilafames.com";"H";"HOTEL";"H";"HOTEL";"11";"24";"NCD";"NO PERTENECE A NINGUNA CADENA";"21/02/2008"; ;"SIEMPRE ABIERTO";"De Lunes a Domingo"
"CV H00712CS";"A";"ALTA";"0";"PENSIÓN";"RURAL ROOMS MAGNANIMUS";"12";"CASTELLÓ";"128";"VILAFAMÉS";"LA PLANA ALTA";"12192";"CALLE LA FONT, 116";"C";"CALLE";"LA FONT";"116";"mail@mayogarcia.com";"http://www.mayogarcia.com";"P";"PENSIÓN";"P";"PENSIÓN";"3";"6";"NCD";"NO PERTENECE A NINGUNA CADENA";"25/06/2014"; ;"SIEMPRE ABIERTO";"De Lunes a Domingo"
"CV H00742CS";"A";"ALTA";"2";"2 ESTRELLAS";"+LLOSAR";"12";"CASTELLÓ";"129";"VILLAFRANCA DEL CID/VILAFRANCA";"L'ALT MAESTRAT";"12150";"CARRETERA CV 15 -MASIA LLOSAR, KM 68,5";"CR";"CARRETERA";"CV 15 -MASIA LLOSAR";"KM 68,5";"masllosar@gmail.com";"http://wwwmasllosar.com";"H";"HOTEL";"HA";"HOTEL-APARTAMENTO";"2";"4";"NCD";"NO PERTENECE A NINGUNA CADENA";"10/03/2021"; ;"SIEMPRE ABIERTO";"De Lunes a Domingo"
"CV H00154CS";"B";"BAJA";"0";"PENSIÓN";"DEL CENTRO";"12";"CASTELLÓ";"129";"VILLAFRANCA DEL CID/VILAFRANCA";"L'ALT MAESTRAT";"12150";"AVENIDA DE CASTELLON";"AV";"AVENIDA";"DE CASTELLON"; ; ; ;"P";"PENSIÓN";"P";"PENSIÓN";"6";"7";"NCD";"NO PERTENECE A NINGUNA CADENA";"21/08/1965";"12/03/1999";"SIEMPRE ABIERTO";"De Lunes a Domingo"
"CV H00534CS";"B";"BAJA";"1";"1 ESTRELLA";"L'OM DE LLOSAR";"12";"CASTELLÓ";"129";"VILLAFRANCA DEL CID/VILAFRANCA";"L'ALT MAESTRAT";"12150";"BARRIO DE LOSAR, 5";"B";"BARRIO";"DE LOSAR";"5"; ; ;"H";"HOTEL";"H";"HOTEL";"19";"41";"NCD";"NO PERTENECE A NINGUNA CADENA";"20/09/1988";"27/04/2005";"SIEMPRE ABIERTO";"De Lunes a Domingo"
"CV H00638CS";"A";"ALTA";"2";"2 ESTRELLAS";"LOS ARCOS";"12";"CASTELLÓ";"129";"VILLAFRANCA DEL CID/VILAFRANCA";"L'ALT MAESTRAT";"12150";"CALLE ARES, S/N";"C";"CALLE";"ARES";"S/N";"info@hotelarcos.es";"http://www.hotelarcos.es/";"H";"HOTEL";"H";"HOTEL";"19";"38";"NCD";"NO PERTENECE A NINGUNA CADENA";"21/05/2003"; ;"SIEMPRE ABIERTO";"De Lunes a Domingo"
"CV H00474CS";"B";"BAJA";"0";"PENSIÓN";"PRISMARC";"12";"CASTELLÓ";"129";"VILLAFRANCA DEL CID/VILAFRANCA";"L'ALT MAESTRAT";"12150";"CALLE SAGRADO CORAZON DE JESUS";"C";"CALLE";"SAGRADO CORAZON DE JESUS"; ; ; ;"P";"PENSIÓN";"P";"PENSIÓN";"5";"10";"NCD";"NO PERTENECE A NINGUNA CADENA";"23/03/1978";"16/11/1994";"SIEMPRE ABIERTO";"De Lunes a Domingo"
"CV H00579CS";"B";"BAJA";"1";"1 ESTRELLA";"PRISMARK";"12";"CASTELLÓ";"129";"VILLAFRANCA DEL CID/VILAFRANCA";"L'ALT MAESTRAT";"12150";"CALLE SAGRADO CORAZON DE JESUS, 4";"C";"CALLE";"SAGRADO CORAZON DE JESUS";"4"; ; ;"H";"HOTEL";"H";"HOTEL";"30";"60";"NCD";"NO PERTENECE A NINGUNA CADENA";"16/11/1994";"16/02/2024";"SIEMPRE ABIERTO";"De Lunes a Domingo"
"CV H00683CS";"B";"BAJA";"2";"2 ESTRELLAS";"HOTEL SAN BARTOLOMÉ";"12";"CASTELLÓ";"130";"VILLAHERMOSA DEL RÍO";"EL ALTO MIJARES";"12";"PARTIDA SAN BARTOLOME, S/N";"PD";"PARTIDA";"SAN BARTOLOME";"S/N";"reservas@hotelsanbartolome.com";"http://www.hotelsanbartolome.com/";"H";"HOTEL";"H";"HOTEL";"7";"16";"NCD";"NO PERTENECE A NINGUNA CADENA";"31/08/2009";"12/12/2016";"01/07 - 31/08";"De Lunes a Domingo"
"CV H00515CS";"A";"ALTA";"1";"1 ESTRELLA";"PALOMAR, EL";"12";"CASTELLÓ";"130";"VILLAHERMOSA DEL RÍO";"EL ALTO MIJARES";"12124";"CALLE PALOMAR, S/N";"C";"CALLE";"PALOMAR";"S/N";"evagimeno_palomar@hotmail.com";"http://www.hostalelpalomar.com";"HS";"HOSTAL";"HS";"HOSTAL";"12";"23";"NCD";"NO PERTENECE A NINGUNA CADENA";"03/09/1986"; ;"SIEMPRE ABIERTO";"De Lunes a Domingo"
"CV H00611CS";"A";"ALTA";"2";"2 ESTRELLAS";"RUTA DE ARAGON";"12";"CASTELLÓ";"130";"VILLAHERMOSA DEL RÍO";"EL ALTO MIJARES";"12124";"PARTIDA HOSPITAL PARCELA 45, S/N";"PD";"PARTIDA";"HOSPITAL PARCELA 45";"S/N";"info@rutadearagon.com"; ;"HS";"HOSTAL";"HS";"HOSTAL";"12";"24";"NCD";"NO PERTENECE A NINGUNA CADENA";"10/12/1999"; ;"SIEMPRE ABIERTO";"De Lunes a Domingo"
"CV H00592CS";"B";"BAJA";"0";"PENSIÓN";"LA ERA";"12";"CASTELLÓ";"131";"VILLAMALUR";"EL ALTO MIJARES";"12224";"PLAZA CONCEJO, 9";"PL";"PLAZA";"CONCEJO";"9"; ; ;"P";"PENSIÓN";"P";"PENSIÓN";"5";"10";"NCD";"NO PERTENECE A NINGUNA CADENA";"22/09/1997";"30/09/2014";"15/03 - 15/09";"Sólo Fines de Semana"
"CV H00521CS";"B";"BAJA";"0";"PENSIÓN";"PURA SAURA";"12";"CASTELLÓ";"132";"VILANOVA D'ALCOLEA";"LA PLANA ALTA";"12183";"CALLE CALVO SOTELO";"C";"CALLE";"CALVO SOTELO"; ; ; ;"P";"PENSIÓN";"P";"PENSIÓN";"5";"8";"NCD";"NO PERTENECE A NINGUNA CADENA";"27/11/1986";"26/10/1998";"SIEMPRE ABIERTO";"De Lunes a Domingo"
"CV H00147CS";"A";"ALTA";"0";"PENSIÓN";"HELLO VILLAREAL - SANT JOAN";"12";"CASTELLÓ";"135";"VILA-REAL";"LA PLANA BAIXA";"12540";"CALLE JUAN BAUTISTA LLORENS, 161";"C";"CALLE";"JUAN BAUTISTA LLORENS";"161";"hostalsanjoan@ono.com"; ;"P";"PENSIÓN"; ; ;"23";"39";"NCD";"NO PERTENECE A NINGUNA CADENA";"09/01/1970"; ;"SIEMPRE ABIERTO";"De Lunes a Domingo"
"CV H00594CS";"A";"ALTA";"1";"1 ESTRELLA";"LA MASIA";"12";"CASTELLÓ";"135";"VILA-REAL";"LA PLANA BAIXA";"12540";"AVENIDA ITALIA, 50";"AV";"AVENIDA";"ITALIA";"50"; ; ;"HS";"HOSTAL";"HS";"HOSTAL";"21";"41";"NCD";"NO PERTENECE A NINGUNA CADENA";"12/12/1997"; ;"SIEMPRE ABIERTO";"De Lunes a Domingo"
"CV H00668CS";"A";"ALTA";"1";"1 ESTRELLA";"LOS DOMINGOS";"12";"CASTELLÓ";"135";"VILA-REAL";"LA PLANA BAIXA";"12540";"CALLE BORRIOL, 75";"C";"CALLE";"BORRIOL";"75"; ; ;"HS";"HOSTAL";"SR";"HOSTAL-RESIDENCIA";"16";"35";"NCD";"NO PERTENECE A NINGUNA CADENA";"26/09/2007"; ;"SIEMPRE ABIERTO";"De Lunes a Domingo"
"CV H00619CS";"A";"ALTA";"2";"2 ESTRELLAS";"VILA-REAL MARINA AZUL";"12";"CASTELLÓ";"135";"VILA-REAL";"LA PLANA BAIXA";"12540";"CALLE ARCADI GARCIA SANZ-PASAJE";"C";"CALLE";"ARCADI GARCIA SANZ-PASAJE"; ;"vila-realpalace@marinador.com";"http://www.marinador.com";"H";"HOTEL";"H";"HOTEL";"34";"52";"NCD";"NO PERTENECE A NINGUNA CADENA";"14/03/2001"; ;"SIEMPRE ABIERTO";"De Lunes a Domingo"
"CV H00614CS";"A";"ALTA";"4";"4 ESTRELLAS";"VILA-REAL PALACE";"12";"CASTELLÓ";"135";"VILA-REAL";"LA PLANA BAIXA";"12540";"CALLE ARCADI GARCIA SANZ, 1";"C";"CALLE";"ARCADI GARCIA SANZ";"1";"vila-realpalace@marinador.com";"http://www.marinador.com";"H";"HOTEL";"H";"HOTEL";"77";"161";"NCD";"NO PERTENECE A NINGUNA CADENA";"13/04/2000"; ;"SIEMPRE ABIERTO";"De Lunes a Domingo"
"CV H00771CS";"A";"ALTA";"0";"PENSIÓN";"AH RENTAL SUITES";"12";"CASTELLÓ";"138";"VINARÒS";"EL BAIX MAESTRAT";"12500";"AVENIDA PAIS VALENCIA, 1B ES1 ENT";"AV";"AVENIDA";"PAIS VALENCIA";"1B ES1 ENT";"info@ahrentals.es"; ;"P";"PENSIÓN"; ; ;"4";"8";"NCD";"NO PERTENECE A NINGUNA CADENA";"18/10/2024"; ;"SIEMPRE ABIERTO";"De Lunes a Domingo"
"CV H00517CS";"B";"BAJA";"0";"PENSIÓN";"ANDREA";"12";"CASTELLÓ";"138";"VINARÒS";"EL BAIX MAESTRAT";"12500";"CALLE DEL PILAR, 190";"C";"CALLE";"DEL PILAR";"190"; ; ;"P";"PENSIÓN";"P";"PENSIÓN";"5";"9";"NCD";"NO PERTENECE A NINGUNA CADENA";"08/09/1986";"24/10/2007";"SIEMPRE ABIERTO";"De Lunes a Domingo"
"CV H00773CS";"A";"ALTA";"0";"PENSIÓN";"ART EXPERIENCE B&B BOUTIQUE";"12";"CASTELLÓ";"138";"VINARÒS";"EL BAIX MAESTRAT";"12500";"CALLE SANT FRANCESC, 39";"C";"CALLE";"SANT FRANCESC";"39";"jmpuig@artclinic.es"; ;"P";"PENSIÓN"; ; ;"5";"10";"NCD";"NO PERTENECE A NINGUNA CADENA";"30/03/2025"; ;"SIEMPRE ABIERTO";"De Lunes a Domingo"
"CV H00488CS";"B";"BAJA";"2";"2 ESTRELLAS";"CASA VOSTRA";"12";"CASTELLÓ";"138";"VINARÒS";"EL BAIX MAESTRAT";"12500";"CARRETERA NACIONAL 340, KM. 145, S/N";"CR";"CARRETERA";"NACIONAL 340, KM. 145";"S/N"; ; ;"HS";"HOSTAL";"SR";"HOSTAL-RESIDENCIA";"12";"20";"NCD";"NO PERTENECE A NINGUNA CADENA";"31/05/1980";"31/07/1995";"SIEMPRE ABIERTO";"De Lunes a Domingo"
"CV H00037CS";"B";"BAJA";"0";"PENSIÓN";"CASABLANCA";"12";"CASTELLÓ";"138";"VINARÒS";"EL BAIX MAESTRAT";"12500";"CALLE SAN PASCUAL, 8";"C";"CALLE";"SAN PASCUAL";"8";"noucasablanca@gmail.com"; ;"P";"PENSIÓN";"P";"PENSIÓN";"12";"22";"NCD";"NO PERTENECE A NINGUNA CADENA";"31/05/1963";"28/02/2022";"01/07 - 30/09";"De Lunes a Domingo"
"CV H00736CS";"A";"ALTA"; ; ;"CASTELLVERD";"12";"CASTELLÓ";"138";"VINARÒS";"EL BAIX MAESTRAT";"12500";"CARRETERA VALENCIA - BARCELONA, 132";"CR";"CARRETERA";"VALENCIA - BARCELONA";"132";"castellverd@hotmail.com";"https://www.hostalcastellverd.com/es/index.html";"HS";"HOSTAL"; ; ;"9";"18";"NCD";"NO PERTENECE A NINGUNA CADENA";"06/08/2019"; ;"SIEMPRE ABIERTO";"De Lunes a Domingo"
"CV H00270CS";"A";"ALTA";"3";"3 ESTRELLAS";"CRYSTAL-PARK";"12";"CASTELLÓ";"138";"VINARÒS";"EL BAIX MAESTRAT";"12500";"CARRETERA NACIONAL 340A KM 1048,2";"CR";"CARRETERA";"NACIONAL 340A KM 1048,2"; ;"reservas@hotelcrystalpark.com";"http://hotelcrystalpark.com";"H";"HOTEL";"HA";"HOTEL-APARTAMENTO";"30";"59";"NCD";"NO PERTENECE A NINGUNA CADENA";"29/11/1967"; ;"SIEMPRE ABIERTO";"De Lunes a Domingo"
"CV H00166CS";"B";"BAJA";"0";"PENSIÓN";"DEL CENTRO";"12";"CASTELLÓ";"138";"VINARÒS";"EL BAIX MAESTRAT";"12500";"CALLE SAN FRANCISCO, 1";"C";"CALLE";"SAN FRANCISCO";"1"; ; ;"P";"PENSIÓN";"P";"PENSIÓN";"12";"18";"NCD";"NO PERTENECE A NINGUNA CADENA";"01/01/1961";"04/06/1998";"SIEMPRE ABIERTO";"De Lunes a Domingo"
"CV H00435CS";"A";"ALTA";"2";"2 ESTRELLAS";"DUC DE VENDÔME";"12";"CASTELLÓ";"138";"VINARÒS";"EL BAIX MAESTRAT";"12500";"CARRETERA VALENCIA-BARCELONA, N340A.         KM 1053, S/N";"CR";"CARRETERA";"VALENCIA-BARCELONA, N340A.         KM 1053";"S/N";"hotelducdevendome@gmail.com";"http://www.hotelducdevendome.com";"H";"HOTEL";"H";"HOTEL";"12";"23";"NCD";"NO PERTENECE A NINGUNA CADENA";"24/06/1974"; ;"SIEMPRE ABIERTO";"De Lunes a Domingo"
"CV H00610CS";"A";"ALTA";"2";"2 ESTRELLAS";"LA BOLERA";"12";"CASTELLÓ";"138";"VINARÒS";"EL BAIX MAESTRAT";"12500";"AVENIDA CASTELLÓN, 18";"AV";"AVENIDA";"CASTELLÓN";"18";"hotelrestaurantelabolera@hotmail.com"; ;"H";"HOTEL";"H";"HOTEL";"28";"50";"NCD";"NO PERTENECE A NINGUNA CADENA";"22/11/1999"; ;"SIEMPRE ABIERTO";"De Lunes a Domingo"
"CV H00461CS";"B";"BAJA";"0";"PENSIÓN";"LOLITA";"12";"CASTELLÓ";"138";"VINARÒS";"EL BAIX MAESTRAT";"12500";"CALLE SAN CRISTOBAL, 9";"C";"CALLE";"SAN CRISTOBAL";"9"; ; ;"P";"PENSIÓN";"P";"PENSIÓN";"5";"9";"NCD";"NO PERTENECE A NINGUNA CADENA";"05/12/1976";"31/05/2001";"SIEMPRE ABIERTO";"De Lunes a Domingo"
"CV H00051CS";"B";"BAJA";"2";"2 ESTRELLAS";"MIRAMAR";"12";"CASTELLÓ";"138";"VINARÒS";"EL BAIX MAESTRAT";"12500";"PASEO BLASCO IBAÑEZ, 12";"PA";"PASEO";"BLASCO IBAÑEZ";"12"; ; ;"HS";"HOSTAL";"SR";"HOSTAL-RESIDENCIA";"17";"30";"NCD";"NO PERTENECE A NINGUNA CADENA";"25/08/1966";"26/12/2007"; ; 
"CV H00678CS";"A";"ALTA";"2";"2 ESTRELLAS";"NOU CASABLANCA";"12";"CASTELLÓ";"138";"VINARÒS";"EL BAIX MAESTRAT";"12500";"CALLE SANTA ANA, 30";"C";"CALLE";"SANTA ANA";"30";"noucasablanca@gmail.com"; ;"H";"HOTEL";"H";"HOTEL";"16";"30";"NCD";"NO PERTENECE A NINGUNA CADENA";"26/06/2009"; ;"SIEMPRE ABIERTO";"De Lunes a Domingo"
"CV H00307CS";"B";"BAJA";"0";"PENSIÓN";"PEPIN";"12";"CASTELLÓ";"138";"VINARÒS";"EL BAIX MAESTRAT";"12500";"CALLE NUESTRA SEÑORA DEL REMEDIO, 1";"C";"CALLE";"NUESTRA SEÑORA DEL REMEDIO";"1"; ; ;"P";"PENSIÓN";"P";"PENSIÓN";"5";"8";"NCD";"NO PERTENECE A NINGUNA CADENA";"07/09/1968";"08/10/1999";"01/05 - 31/08";"De Lunes a Domingo"
"CV H00180CS";"B";"BAJA";"1";"1 ESTRELLA";"PINO, EL";"12";"CASTELLÓ";"138";"VINARÒS";"EL BAIX MAESTRAT";"12500";"CALLE SAN PASCUAL, 4";"C";"CALLE";"SAN PASCUAL";"4"; ; ;"HS";"HOSTAL";"SR";"HOSTAL-RESIDENCIA";"8";"14";"NCD";"NO PERTENECE A NINGUNA CADENA";"08/04/1964";"10/01/2000";"SIEMPRE ABIERTO";"De Lunes a Domingo"
"CV H00709CS";"A";"ALTA";"4";"4 ESTRELLAS";"RH VINAROS AURA";"12";"CASTELLÓ";"138";"VINARÒS";"EL BAIX MAESTRAT";"12500";"CALLE DEL MAR, 2";"C";"CALLE";"DEL MAR";"2";"vinarosaura@hotelesrh.com";"http://www.hotelrhvinarosaura.com";"H";"HOTEL";"H";"HOTEL";"45";"90";"NCD";"NO PERTENECE A NINGUNA CADENA";"25/07/2013"; ;"SIEMPRE ABIERTO";"De Lunes a Domingo"
"CV H00622CS";"A";"ALTA";"4";"4 ESTRELLAS";"RH VINAROS PLAYA";"12";"CASTELLÓ";"138";"VINARÒS";"EL BAIX MAESTRAT";"12500";"AVENIDA CASTELLÓN, S/N";"AV";"AVENIDA";"CASTELLÓN";"S/N";"vinarosplaya@hotelesrh.com";"http://www.hotelrhvinarosplaya.com";"H";"HOTEL";"H";"HOTEL";"160";"322";"MSH";"MEDITERRANEO SUR HOTELES";"23/08/2001"; ;"SIEMPRE ABIERTO";"De Lunes a Domingo"
"CV H00285CS";"A";"ALTA";"2";"2 ESTRELLAS";"ROCA";"12";"CASTELLÓ";"138";"VINARÒS";"EL BAIX MAESTRAT";"12500";"CARRETERA NACIONAL 340 KM. 1049";"CR";"CARRETERA";"NACIONAL 340 KM. 1049"; ;"info@hotelroca.com";"http://www.hotelroca.com/";"H";"HOTEL";"H";"HOTEL";"36";"68";"NCD";"NO PERTENECE A NINGUNA CADENA";"25/10/1967"; ;"SIEMPRE ABIERTO";"De Lunes a Domingo"
"CV H00370CS";"B";"BAJA";"0";"PENSIÓN";"SALOM";"12";"CASTELLÓ";"138";"VINARÒS";"EL BAIX MAESTRAT";"12500";"PLAZA SAN ANTONIO, 1";"PL";"PLAZA";"SAN ANTONIO";"1"; ; ;"P";"PENSIÓN";"P";"PENSIÓN";"6";"10";"NCD";"NO PERTENECE A NINGUNA CADENA";"29/07/1971";"22/03/2000";"SIEMPRE ABIERTO";"De Lunes a Domingo"
"CV H00516CS";"B";"BAJA";"0";"PENSIÓN";"SULTANA, LA";"12";"CASTELLÓ";"138";"VINARÒS";"EL BAIX MAESTRAT";"12500";"CARRETERA NACIONAL 340, KM. 141, S/N";"CR";"CARRETERA";"NACIONAL 340, KM. 141";"S/N"; ; ;"P";"PENSIÓN";"P";"PENSIÓN";"5";"10";"NCD";"NO PERTENECE A NINGUNA CADENA";"02/05/1986";"15/09/1998";"SIEMPRE ABIERTO";"De Lunes a Domingo"
"CV H00578CS";"A";"ALTA";"2";"2 ESTRELLAS";"TERUEL";"12";"CASTELLÓ";"138";"VINARÒS";"EL BAIX MAESTRAT";"12500";"AVENIDA MADRID, 11-13";"AV";"AVENIDA";"MADRID";"11-13";"reservas@hostalteruel.es";"http://www.hostalteruel.com";"H";"HOTEL";"H";"HOTEL";"36";"72";"NCD";"NO PERTENECE A NINGUNA CADENA";"28/11/1994"; ;"SIEMPRE ABIERTO";"De Lunes a Domingo"
"CV H00174CS";"B";"BAJA";"0";"PENSIÓN";"TORRES";"12";"CASTELLÓ";"138";"VINARÒS";"EL BAIX MAESTRAT";"12500";"PLAZA SAN ANTONIO, 3";"PL";"PLAZA";"SAN ANTONIO";"3"; ; ;"P";"PENSIÓN";"P";"PENSIÓN";"14";"21";"NCD";"NO PERTENECE A NINGUNA CADENA";"09/10/1969";"04/06/1998";"SIEMPRE ABIERTO";"De Lunes a Domingo"
"CV H00248CS";"B";"BAJA";"0";"PENSIÓN";"VICTORIA";"12";"CASTELLÓ";"138";"VINARÒS";"EL BAIX MAESTRAT";"12500";"CALLE BOTANICO CABANILLES, 2";"C";"CALLE";"BOTANICO CABANILLES";"2"; ; ;"P";"PENSIÓN";"P";"PENSIÓN";"6";"12";"NCD";"NO PERTENECE A NINGUNA CADENA";"06/10/1966";"15/09/2020";"SIEMPRE ABIERTO";"De Lunes a Domingo"
"CV H00737CS";"A";"ALTA"; ; ;"VINALUX RESORT";"12";"CASTELLÓ";"138";"VINARÒS";"EL BAIX MAESTRAT";"12500";"CALLE REMEI, 11";"C";"CALLE";"REMEI";"11";"vinaluxretreat@gmail.com";"https://vinaluxresort.com";"P";"PENSIÓN"; ; ;"11";"19";"NCD";"NO PERTENECE A NINGUNA CADENA";"26/11/2019"; ;"SIEMPRE ABIERTO";"De Lunes a Domingo"
"CV H00403CS";"A";"ALTA";"0";"PENSIÓN";"VINAROZ";"12";"CASTELLÓ";"138";"VINARÒS";"EL BAIX MAESTRAT";"12500";"CALLE PINTOR PUIG RODA, 8";"C";"CALLE";"PINTOR PUIG RODA";"8"; ; ;"P";"PENSIÓN";"P";"PENSIÓN";"7";"11";"NCD";"NO PERTENECE A NINGUNA CADENA";"02/09/1973"; ;"01/01 - 31/08 y 24/09 - 31/12";"De Lunes a Domingo"
"CV H00372CS";"B";"BAJA";"1";"1 ESTRELLA";"SAN ROQUE";"12";"CASTELLÓ";"140";"VIVER";"EL ALTO PALANCIA";"12460";"CARRETERA SAGUNTO-BURGOS, KM. 49, S/N";"CR";"CARRETERA";"SAGUNTO-BURGOS, KM. 49";"S/N"; ; ;"HS";"HOSTAL";"HS";"HOSTAL";"9";"16";"NCD";"NO PERTENECE A NINGUNA CADENA";"11/08/1971";"27/07/1998";"01/04 - 30/09";"De Lunes a Domingo"
"CV H00699CS";"B";"BAJA";"1";"1 ESTRELLA";"HOSPEDERIA LA BALMA";"12";"CASTELLÓ";"141";"ZORITA DEL MAESTRAZGO";"ELS PORTS";"12311";"PARTIDA SANTUARIO NUESTRA SEÑORA DE LA BALMA, S/N";"PD";"PARTIDA";"SANTUARIO NUESTRA SEÑORA DE LA BALMA";"S/N";"bealabalma@gmail.com"; ;"H";"HOTEL";"H";"HOTEL";"10";"21";"NCD";"NO PERTENECE A NINGUNA CADENA";"25/01/2012";"01/03/2024";"15/01 - 31/12";"De Lunes a Domingo"
"CV H00655CS";"A";"ALTA";"1";"1 ESTRELLA";"HOSTAL BERGANTES";"12";"CASTELLÓ";"141";"ZORITA DEL MAESTRAZGO";"ELS PORTS";"12311";"CALLE ALTA, 16";"C";"CALLE";"ALTA";"16";"ana@querolassessors.com"; ;"HS";"HOSTAL";"HS";"HOSTAL";"12";"24";"NCD";"NO PERTENECE A NINGUNA CADENA";"03/08/2005"; ;"SIEMPRE ABIERTO";"De Lunes a Domingo"
"CV H00706CS";"A";"ALTA";"3";"3 ESTRELLAS";"PLANA PARC";"12";"CASTELLÓ";"901";"ALQUERIES, LES /ALQUERÍAS DEL NIÑO PERDIDO";"LA PLANA BAIXA";"12539";"CALLE OROVAL, 8";"C";"CALLE";"OROVAL";"8";"info@hotelplanaparc.es";"http://www.hotelplanaparc.es";"H";"HOTEL";"H";"HOTEL";"81";"162";"NCD";"NO PERTENECE A NINGUNA CADENA";"23/10/2012"; ;"SIEMPRE ABIERTO";"De Lunes a Domingo"
"CV H00264CS";"B";"BAJA";"2";"2 ESTRELLAS";"TICASA";"12";"CASTELLÓ";"901";"ALQUERIES, LES /ALQUERÍAS DEL NIÑO PERDIDO";"LA PLANA BAIXA";"12539";"CAMINO REAL, 61";"CM";"CAMINO";"REAL";"61";"info@hotelticasa.com"; ;"H";"HOTEL";"H";"HOTEL";"24";"47";"NCD";"NO PERTENECE A NINGUNA CADENA";"09/01/1970";"11/02/2020";"SIEMPRE ABIERTO";"De Lunes a Domingo"
"CV H00639CS";"A";"ALTA";"0";"PENSIÓN";"TORRE LA MINA";"12";"CASTELLÓ";"901";"ALQUERIES, LES /ALQUERÍAS DEL NIÑO PERDIDO";"LA PLANA BAIXA";"12539";"CALLE LA REGENTA, 1";"C";"CALLE";"LA REGENTA";"1";"info@torrelamina.com";"http://www.torrelamina.com";"P";"PENSIÓN"; ; ;"8";"16";"NCD";"NO PERTENECE A NINGUNA CADENA";"13/06/2003"; ;"SIEMPRE ABIERTO";"De Lunes a Domingo"
"CV H00518CS";"B";"BAJA";"0";"PENSIÓN";"MESON ALFARERO";"12";"CASTELLÓ";"902";"SANT JOAN DE MORÓ";"LA PLANA ALTA";"12130";"PLAZA ALCALDE ANDREU, S/N";"PL";"PLAZA";"ALCALDE ANDREU";"S/N"; ; ;"P";"PENSIÓN";"P";"PENSIÓN";"10";"17";"NCD";"NO PERTENECE A NINGUNA CADENA";"05/09/1986";"26/09/2005";"SIEMPRE ABIERTO";"De Lunes a Domingo"
"CV H00830 V";"A";"ALTA";"2";"2 ESTRELLAS";"CASA DOMINGO";"46";"VALÈNCIA";"001";"ADEMUZ";"EL RINCON DE ADEMUZ";"46140";"AVENIDA VALENCIA, 1";"AV";"AVENIDA";"VALENCIA";"1";"info@hostalcasadomingo.com";"http://www.hostalcasadomingo.com";"HS";"HOSTAL";"HS";"HOSTAL";"30";"56";"NCD";"NO PERTENECE A NINGUNA CADENA";"23/07/1975"; ;"SIEMPRE ABIERTO";"De Lunes a Domingo"
"CV H01022 V";"A";"ALTA";"0";"PENSIÓN";"EL MOLINO";"46";"VALÈNCIA";"001";"ADEMUZ";"EL RINCON DE ADEMUZ";"46140";"AVENIDA VALENCIA, 58";"AV";"AVENIDA";"VALENCIA";"58"; ; ;"P";"PENSIÓN";"P";"PENSIÓN";"12";"23";"NCD";"NO PERTENECE A NINGUNA CADENA";"20/02/1987"; ;"SIEMPRE ABIERTO";"De Lunes a Domingo"
"CV H01127 V";"B";"BAJA";"0";"PENSIÓN";"PITOCHES";"46";"VALÈNCIA";"001";"ADEMUZ";"EL RINCON DE ADEMUZ";"46020";"AVENIDA DE VALENCIA, 9";"AV";"AVENIDA";"DE VALENCIA";"9"; ; ;"P";"PENSIÓN";"P";"PENSIÓN";"6";"11";"NCD";"NO PERTENECE A NINGUNA CADENA";"24/03/2000";"04/02/2011";"SIEMPRE ABIERTO";"De Lunes a Domingo"
"CV H01321 V";"A";"ALTA";"0";"PENSIÓN";"MOLI FARINER";"46";"VALÈNCIA";"004";"AGULLENT";"LA VALL D'ALBAIDA";"46890";"CALLE DEL MOLI, 6";"C";"CALLE";"DEL MOLI";"6";"molifariner@hotmail.com"; ;"P";"PENSIÓN";"P";"PENSIÓN";"5";"10";"NCD";"NO PERTENECE A NINGUNA CADENA";"28/03/2011"; ;"SIEMPRE ABIERTO";"De Lunes a Domingo"
"CV H01156 V";"A";"ALTA";"3";"3 ESTRELLAS";"ALAQUAS";"46";"VALÈNCIA";"005";"ALAQUÀS";"L'HORTA OEST";"46970";"AVENIDA PABLO IGLESIAS, 32";"AV";"AVENIDA";"PABLO IGLESIAS";"32";"alaquas@husa.es";"http://www.husa.es";"H";"HOTEL";"H";"HOTEL";"65";"128";"HUS";"GRUPO HUSA";"15/11/2001"; ;"SIEMPRE ABIERTO";"De Lunes a Domingo"
"CV H01268 V";"A";"ALTA";"3";"3 ESTRELLAS";"PLAZA";"46";"VALÈNCIA";"005";"ALAQUÀS";"L'HORTA OEST";"46970";"CALLE HERMANAS MIRABAL, 1";"C";"CALLE";"HERMANAS MIRABAL";"1"; ; ;"H";"HOTEL";"H";"HOTEL";"28";"49";"NCD";"NO PERTENECE A NINGUNA CADENA";"30/06/2008"; ;"SIEMPRE ABIERTO";"De Lunes a Domingo"
"CV H00356 V";"B";"BAJA";"0";"PENSIÓN";"FONDA COMERCIO";"46";"VALÈNCIA";"006";"ALBAIDA";"LA VALL D'ALBAIDA";"46860";"PLAZA MAYOR, 3";"PL";"PLAZA";"MAYOR";"3"; ; ;"P";"PENSIÓN";"P";"PENSIÓN";"4";"7";"NCD";"NO PERTENECE A NINGUNA CADENA";"12/02/1965";"06/07/2020";"SIEMPRE ABIERTO";"De Lunes a Domingo"
"CV H00639 V";"A";"ALTA";"0";"PENSIÓN";"TARIFA";"46";"VALÈNCIA";"006";"ALBAIDA";"LA VALL D'ALBAIDA";"46860";"CARRETERA DE ALCOY, 12";"CR";"CARRETERA";"DE ALCOY";"12"; ; ;"P";"PENSIÓN";"P";"PENSIÓN";"10";"21";"NCD";"NO PERTENECE A NINGUNA CADENA";"08/11/1969"; ;"SIEMPRE ABIERTO";"De Lunes a Domingo"
"CV H00921 V";"A";"ALTA";"2";"2 ESTRELLAS";"BALCON DEL JUCAR";"46";"VALÈNCIA";"011";"ALBERIC";"LA RIBERA ALTA";"46260";"CARRETERA AUTOVIA DEL LEVANTE, KM857";"CR";"CARRETERA";"AUTOVIA DEL LEVANTE";"KM857";"antoniojavier167@hotmail.com"; ;"H";"HOTEL";"H";"HOTEL";"18";"31";"NCD";"NO PERTENECE A NINGUNA CADENA";"26/12/1977"; ;"SIEMPRE ABIERTO";"De Lunes a Domingo"
"CV H00675 V";"B";"BAJA";"0";"PENSIÓN";"DOMENECH";"46";"VALÈNCIA";"011";"ALBERIC";"LA RIBERA ALTA";"46260";"CARRETERA REAL DE MADRID, N-340, KM2";"CR";"CARRETERA";"REAL DE MADRID, N-340";"KM2"; ; ;"P";"PENSIÓN";"P";"PENSIÓN";"21";"33";"NCD";"NO PERTENECE A NINGUNA CADENA";"04/02/1973";"09/11/1999";"SIEMPRE ABIERTO";"De Lunes a Domingo"
"CV H01121 V";"B";"BAJA";"1";"1 ESTRELLA";"DOMENECH";"46";"VALÈNCIA";"011";"ALBERIC";"LA RIBERA ALTA";"46260";"CARRETERA TOUS, S/N";"CR";"CARRETERA";"TOUS";"S/N"; ; ;"HS";"HOSTAL";"HS";"HOSTAL";"15";"29";"NCD";"NO PERTENECE A NINGUNA CADENA";"20/09/1999";"09/07/2020";"SIEMPRE ABIERTO";"De Lunes a Domingo"
"CV H01269 V";"A";"ALTA";"1";"1 ESTRELLA";"EL RACO DE LA PINTORA";"46";"VALÈNCIA";"011";"ALBERIC";"LA RIBERA ALTA";"46260";"URBANIZACIÓN MONTE JUCAR PARCELA 20, 9";"UR";"URBANIZACIÓN";"MONTE JUCAR PARCELA 20";"9";"infor@elracodelapintora.es";"http://www.elracodelapintora.com";"H";"HOTEL";"H";"HOTEL";"7";"12";"NCD";"NO PERTENECE A NINGUNA CADENA";"16/07/2008"; ;"SIEMPRE ABIERTO";"De Lunes a Domingo"
"CV H00842 V";"B";"BAJA";"0";"PENSIÓN";"ROBERTO";"46";"VALÈNCIA";"011";"ALBERIC";"LA RIBERA ALTA";"46260";"CALLE JOYETA, 12";"C";"CALLE";"JOYETA";"12"; ; ;"P";"PENSIÓN";"P";"PENSIÓN";"7";"12";"NCD";"NO PERTENECE A NINGUNA CADENA";"26/11/1975";"30/01/1998";"SIEMPRE ABIERTO";"De Lunes a Domingo"
"CV H00623 V";"B";"BAJA";"0";"PENSIÓN";"ARAGÓN";"46";"VALÈNCIA";"013";"ALBORAIA/ALBORAYA";"L'HORTA NORD";"46120";"CALLE MILAGRO, 13";"C";"CALLE";"MILAGRO";"13"; ; ;"P";"PENSIÓN";"P";"PENSIÓN";"3";"6";"NCD";"NO PERTENECE A NINGUNA CADENA";"02/09/1969";"13/08/2001";"SIEMPRE ABIERTO";"De Lunes a Domingo"
"CV H01443 V";"A";"ALTA"; ; ;"BANANA BEACH PATACONA";"46";"VALÈNCIA";"013";"ALBORAIA/ALBORAYA";"L'HORTA NORD";"46120";"AVENIDA MARE NOSTRUM, 2";"AV";"AVENIDA";"MARE NOSTRUM";"2";"patacona@bananabeach-patacona.com";"https://bananabeach-patacona.com";"P";"PENSIÓN"; ; ;"3";"6";"NCD";"NO PERTENECE A NINGUNA CADENA";"23/06/2020"; ;"SIEMPRE ABIERTO";"De Lunes a Domingo"
"CV H01308 V";"B";"BAJA";"3";"3 ESTRELLAS";"LA MOZAIRA";"46";"VALÈNCIA";"013";"ALBORAIA/ALBORAYA";"L'HORTA NORD";"46120";"PARTIDA MASAMARDA - CAMINO MAGISTRE, 50";"PD";"PARTIDA";"MASAMARDA - CAMINO MAGISTRE";"50";"info@lamozaira.com";"http://www.lamozaira.com";"H";"HOTEL";"H";"HOTEL";"10";"20";"NCD";"NO PERTENECE A NINGUNA CADENA";"30/03/2010";"20/12/2013";"SIEMPRE ABIERTO";"De Lunes a Domingo"
"CV H01159 V";"A";"ALTA";"4";"4 ESTRELLAS";"OLYMPIA HOTEL, EVENTS & SPA";"46";"VALÈNCIA";"013";"ALBORAIA/ALBORAYA";"L'HORTA NORD";"46120";"CALLE MAESTRO SERRANO, 3";"C";"CALLE";"MAESTRO SERRANO";"3";"info@olympiagrupo.com";"https://www.olympiahotelvalencia.com";"H";"HOTEL";"H";"HOTEL";"167";"331";"OLY";"OLYMPIA GRUPO";"06/03/2002"; ;"SIEMPRE ABIERTO";"De Lunes a Domingo"
"CV H01460 V";"A";"ALTA";"2";"2 ESTRELLAS";"RESA PATACONA";"46";"VALÈNCIA";"013";"ALBORAIA/ALBORAYA";"L'HORTA NORD";"46120";"PASEO SERRA D'ESPADA, 2";"PA";"PASEO";"SERRA D'ESPADA";"2";"patacona@resa.es";"http://www.resa.es";"H";"HOTEL";"HA";"HOTEL-APARTAMENTO";"442";"506";"NCD";"NO PERTENECE A NINGUNA CADENA";"07/04/2021"; ;"SIEMPRE ABIERTO";"De Lunes a Domingo"
"CV H00501 V";"B";"BAJA";"0";"PENSIÓN";"CASA RAMON";"46";"VALÈNCIA";"015";"ALCÀSSER";"L'HORTA SUD";"46290";"CALLE COLON, 002";"C";"CALLE";"COLON";"002"; ; ;"P";"PENSIÓN";"P";"PENSIÓN";"6";"8";"NCD";"NO PERTENECE A NINGUNA CADENA";"30/07/1970";"26/08/1992";"SIEMPRE ABIERTO";"De Lunes a Domingo"
"CV H00880 V";"B";"BAJA";"0";"PENSIÓN";"JUCAR";"46";"VALÈNCIA";"016";"ALCÀNTERA DE XÚQUER";"LA RIBERA ALTA";"46293";"CALLE AFUERAS, S.N";"C";"CALLE";"AFUERAS";"S.N"; ; ;"P";"PENSIÓN";"P";"PENSIÓN";"6";"7";"NCD";"NO PERTENECE A NINGUNA CADENA";"29/01/1977";"26/08/1992";"SIEMPRE ABIERTO";"De Lunes a Domingo"
"CV H00959 V";"A";"ALTA";"3";"3 ESTRELLAS";"AVENIDA PLAZA";"46";"VALÈNCIA";"017";"ALZIRA";"LA RIBERA ALTA";"46600";"AVENIDA SANTOS PATRONOS, 36";"AV";"AVENIDA";"SANTOS PATRONOS";"36";"avenida-plaza@avenida-plaza.com";"http://www.avenida-plaza.com";"H";"HOTEL";"H";"HOTEL";"19";"27";"NCD";"NO PERTENECE A NINGUNA CADENA";"05/11/1981"; ;"SIEMPRE ABIERTO";"De Lunes a Domingo"
"CV H01332 V";"A";"ALTA";"2";"2 ESTRELLAS";"CASA BLAVA";"46";"VALÈNCIA";"017";"ALZIRA";"LA RIBERA ALTA";"46600";"AVENIDA ADRIÁN CAMPOS SÚÑER (TULELL), S/N";"AV";"AVENIDA";"ADRIÁN CAMPOS SÚÑER (TULELL)";"S/N";"info@casablavaalzira.com";"www.casablavaalzira.com";"H";"HOTEL";"H";"HOTEL";"6";"14";"NCD";"NO PERTENECE A NINGUNA CADENA";"30/11/2012"; ;"SIEMPRE ABIERTO";"De Lunes a Domingo"
"CV H00476 V";"B";"BAJA";"0";"PENSIÓN";"EL MERCAT";"46";"VALÈNCIA";"017";"ALZIRA";"LA RIBERA ALTA";"46600";"CALLE FAUSTINO BLASCO, 38";"C";"CALLE";"FAUSTINO BLASCO";"38"; ; ;"P";"PENSIÓN";"P";"PENSIÓN";"12";"14";"NCD";"NO PERTENECE A NINGUNA CADENA";"20/01/1970";"27/10/2011";"SIEMPRE ABIERTO";"De Lunes a Domingo"
"CV H01287 V";"A";"ALTA";"1";"1 ESTRELLA";"LA LLUNA";"46";"VALÈNCIA";"017";"ALZIRA";"LA RIBERA ALTA";"46600";"AVENIDA DRET D'ASSOCIACIO (POL. INDUSTRIAL TISNERE), 47";"AV";"AVENIDA";"DRET D'ASSOCIACIO (POL. INDUSTRIAL TISNERE)";"47";"info@hotellluna.com";"http://www.hotellluna.com";"H";"HOTEL";"H";"HOTEL";"14";"26";"NCD";"NO PERTENECE A NINGUNA CADENA";"31/07/2009"; ;"SIEMPRE ABIERTO";"De Lunes a Domingo"
"CV H01088 V";"A";"ALTA";"2";"2 ESTRELLAS";"LA MASIA";"46";"VALÈNCIA";"017";"ALZIRA";"LA RIBERA ALTA";"46600";"AVENIDA DE LOS DEPORTES, S/N";"AV";"AVENIDA";"DE LOS DEPORTES";"S/N";"info@grupolamasia.com";"http://grupolamasia.com";"H";"HOTEL";"H";"HOTEL";"30";"48";"NCD";"NO PERTENECE A NINGUNA CADENA";"27/01/1995"; ;"SIEMPRE ABIERTO";"De Lunes a Domingo"
"CV H00393 V";"B";"BAJA";"0";"PENSIÓN";"MONTAGUD";"46";"VALÈNCIA";"017";"ALZIRA";"LA RIBERA ALTA";"46600";"CALLE SAN JUAN, 20";"C";"CALLE";"SAN JUAN";"20"; ; ;"P";"PENSIÓN";"P";"PENSIÓN";"15";"24";"NCD";"NO PERTENECE A NINGUNA CADENA";"03/05/1975";"21/04/2015";"SIEMPRE ABIERTO";"De Lunes a Domingo"
"CV H01056 V";"B";"BAJA";"3";"3 ESTRELLAS";"RECONQUISTA";"46";"VALÈNCIA";"017";"ALZIRA";"LA RIBERA ALTA";"46600";"CALLE SUECA, 14";"C";"CALLE";"SUECA";"14";"info@hotelreconquista.com";"http://www.hotelreconquista.com";"H";"HOTEL";"H";"HOTEL";"78";"132";"NCD";"NO PERTENECE A NINGUNA CADENA";"10/06/1992";"26/01/2022";"SIEMPRE ABIERTO";"De Lunes a Domingo"
"CV H01318 V";"A";"ALTA";"1";"1 ESTRELLA";"EL COLLAO DE LA SECA";"46";"VALÈNCIA";"018";"ALCUBLAS";"LOS SERRANOS";"46172";"PARTIDA LA SECA  POLIGONO 9 PARCELA, 689";"PD";"PARTIDA";"LA SECA  POLIGONO 9 PARCELA";"689";"laseca_1@hotmail.com";"http://www.elcollaodelaseca.com";"HS";"HOSTAL";"HS";"HOSTAL";"5";"9";"NCD";"NO PERTENECE A NINGUNA CADENA";"02/02/2011"; ;"SIEMPRE ABIERTO";"Sólo Festivos y Fines de Semana"
"CV H00866 V";"B";"BAJA";"0";"PENSIÓN";"GIMENO";"46";"VALÈNCIA";"018";"ALCUBLAS";"LOS SERRANOS";"46009";"CALLE MAYOR";"C";"CALLE";"MAYOR"; ; ; ;"P";"PENSIÓN";"P";"PENSIÓN";"7";"9";"NCD";"NO PERTENECE A NINGUNA CADENA";"24/07/1976";"10/06/1994";"SIEMPRE ABIERTO";"De Lunes a Domingo"
"CV H00559 V";"B";"BAJA";"2";"2 ESTRELLAS";"CASA GALBIS";"46";"VALÈNCIA";"019";"L'ALCÚDIA";"LA RIBERA ALTA";"46250";"AVENIDA ANTONIO ALMELA, 001";"AV";"AVENIDA";"ANTONIO ALMELA";"001"; ; ;"HS";"HOSTAL";"SR";"HOSTAL-RESIDENCIA";"12";"17";"NCD";"NO PERTENECE A NINGUNA CADENA";"09/07/1969";"28/04/1994";"SIEMPRE ABIERTO";"De Lunes a Domingo"
"CV H01087 V";"A";"ALTA";"0";"PENSIÓN";"CASANOVA";"46";"VALÈNCIA";"019";"L'ALCÚDIA";"LA RIBERA ALTA";"46250";"CALLE JOAN FUSTER, 19";"C";"CALLE";"JOAN FUSTER";"19"; ; ;"P";"PENSIÓN";"P";"PENSIÓN";"5";"9";"NCD";"NO PERTENECE A NINGUNA CADENA";"22/06/1994"; ;"SIEMPRE ABIERTO";"De Lunes a Domingo"
"CV H00638 V";"B";"BAJA";"0";"PENSIÓN";"FLORIDA";"46";"VALÈNCIA";"019";"L'ALCÚDIA";"LA RIBERA ALTA";"46250";"CARRETERA REAL DE MADRID, 012";"CR";"CARRETERA";"REAL DE MADRID";"012"; ; ;"P";"PENSIÓN";"P";"PENSIÓN";"3";"5";"NCD";"NO PERTENECE A NINGUNA CADENA";"23/01/1970";"23/10/1992";"SIEMPRE ABIERTO";"De Lunes a Domingo"
"CV H01250 V";"B";"BAJA";"3";"3 ESTRELLAS";"GALVANA";"46";"VALÈNCIA";"019";"L'ALCÚDIA";"LA RIBERA ALTA";"46250";"CALLE CALIGRAFO PALAFOX, 5-7ª";"C";"CALLE";"CALIGRAFO PALAFOX";"5-7ª"; ; ;"H";"HOTEL";"H";"HOTEL";"28";"56";"NCD";"NO PERTENECE A NINGUNA CADENA";"22/05/2007";"26/01/2022";"SIEMPRE ABIERTO";"De Lunes a Domingo"
"CV H01126 V";"A";"ALTA";"0";"PENSIÓN";"L'ONCLE PERE";"46";"VALÈNCIA";"019";"L'ALCÚDIA";"LA RIBERA ALTA";"46250";"CALLE BOLLENE, 4";"C";"CALLE";"BOLLENE";"4"; ; ;"P";"PENSIÓN";"P";"PENSIÓN";"26";"39";"NCD";"NO PERTENECE A NINGUNA CADENA";"09/03/2000"; ;"SIEMPRE ABIERTO";"De Lunes a Domingo"
"CV H01157 V";"A";"ALTA";"0";"PENSIÓN";"MIGUEL Y JUANI";"46";"VALÈNCIA";"019";"L'ALCÚDIA";"LA RIBERA ALTA";"46250";"CALLE PIZARRO, 9";"C";"CALLE";"PIZARRO";"9"; ; ;"P";"PENSIÓN";"P";"PENSIÓN";"21";"31";"NCD";"NO PERTENECE A NINGUNA CADENA";"26/11/2001"; ;"SIEMPRE ABIERTO";"De Lunes a Domingo"
"CV H00611 V";"B";"BAJA";"1";"1 ESTRELLA";"SERRALLO, EL";"46";"VALÈNCIA";"019";"L'ALCÚDIA";"LA RIBERA ALTA";"46250";"CALLE CALVO ACACIO, 22";"C";"CALLE";"CALVO ACACIO";"22"; ; ;"HS";"HOSTAL";"SR";"HOSTAL-RESIDENCIA";"11";"19";"NCD";"NO PERTENECE A NINGUNA CADENA";"28/06/1974";"23/02/2016";"01/07 - 30/09";"De Lunes a Domingo"
"CV H00365 V";"B";"BAJA";"0";"PENSIÓN";"CASA REMEDIOS";"46";"VALÈNCIA";"020";"L'ALCÚDIA DE CRESPINS";"LA COSTERA";"46690";"CALLE PINTOR SOROLLA, 1";"C";"CALLE";"PINTOR SOROLLA";"1"; ; ;"P";"PENSIÓN";"P";"PENSIÓN";"11";"21";"NCD";"NO PERTENECE A NINGUNA CADENA";"30/07/1970";"28/04/2006";"SIEMPRE ABIERTO";"De Lunes a Domingo"
"CV H00167 V";"B";"BAJA";"0";"PENSIÓN";"SANTONJA";"46";"VALÈNCIA";"020";"L'ALCÚDIA DE CRESPINS";"LA COSTERA";"46690";"AVENIDA VALENCIA, 000";"AV";"AVENIDA";"VALENCIA";"000"; ; ;"P";"PENSIÓN";"P";"PENSIÓN";"15";"28";"NCD";"NO PERTENECE A NINGUNA CADENA";"13/12/1961";"11/01/1995";"SIEMPRE ABIERTO";"De Lunes a Domingo"
"CV H01209 V";"A";"ALTA";"3";"3 ESTRELLAS";"EXPRESS BY HOLIDAY INN BONAIRE";"46";"VALÈNCIA";"021";"ALDAIA";"L'HORTA OEST";"46960";"DEPARTAMENTO 2 C.CIAL BONAIRE"; ; ;"DEPARTAMENTO 2 C.CIAL BONAIRE"; ;"express.bonaire@ichotelsgroup.com";"http://www.expressbyholidayinn";"H";"HOTEL";"H";"HOTEL";"105";"210";"NCD";"NO PERTENECE A NINGUNA CADENA";"26/10/2004"; ;"SIEMPRE ABIERTO";"De Lunes a Domingo"
"CV H01223 V";"A";"ALTA";"2";"2 ESTRELLAS";"IBIS VALENCIA BONAIRE";"46";"VALÈNCIA";"021";"ALDAIA";"L'HORTA OEST";"46960";"AUTOVIA A3, KM 345-BUZON 165"; ; ;"AUTOVIA A3, KM 345-BUZON 165"; ;"h3444@accor.com";"http://www.ibishotel.com";"H";"HOTEL";"H";"HOTEL";"106";"212";"NCD";"NO PERTENECE A NINGUNA CADENA";"05/05/2005"; ;"SIEMPRE ABIERTO";"De Lunes a Domingo"
"CV H00931 V";"B";"BAJA";"0";"PENSIÓN";"MARQUEZ";"46";"VALÈNCIA";"021";"ALDAIA";"L'HORTA OEST";"46960";"CALLE SAN JUAN DE RIBERA, 9";"C";"CALLE";"SAN JUAN DE RIBERA";"9"; ; ;"P";"PENSIÓN";"P";"PENSIÓN";"5";"7";"NCD";"NO PERTENECE A NINGUNA CADENA";"23/06/1979";"09/07/2010";"SIEMPRE ABIERTO";"De Lunes a Domingo"
"CV H01266 V";"A";"ALTA";"4";"4 ESTRELLAS";"ALBUFERA";"46";"VALÈNCIA";"022";"ALFAFAR";"L'HORTA SUD";"46910";"PLAZA ALQUERÍA DE LA CULLA, 1";"PL";"PLAZA";"ALQUERÍA DE LA CULLA";"1";"recepcion.apartotel@hotelalbufera.com";"http://www.apartotelalbufera.es";"H";"HOTEL";"HA";"HOTEL-APARTAMENTO";"111";"251";"NCD";"NO PERTENECE A NINGUNA CADENA";"14/05/2008"; ;"SIEMPRE ABIERTO";"De Lunes a Domingo"
"CV H01178 V";"A";"ALTA";"1";"1 ESTRELLA";"IBIS ALFAFAR";"46";"VALÈNCIA";"022";"ALFAFAR";"L'HORTA SUD";"46910";"CALLE ALCALDE JOSE PUERTES, 31";"C";"CALLE";"ALCALDE JOSE PUERTES";"31";"h3683@accor-hotels.com";"http://www.ibishotel.com";"H";"HOTEL";"H";"HOTEL";"87";"174";"ACC";"ACCOR HOTELES ESPAÑA";"03/04/2003"; ;"SIEMPRE ABIERTO";"De Lunes a Domingo"
"CV H01176 V";"A";"ALTA";"4";"4 ESTRELLAS";"IGSA ALBUFERA";"46";"VALÈNCIA";"022";"ALFAFAR";"L'HORTA SUD";"46910";"PLAZA ALQUERIA DE LA CULLA, 1";"PL";"PLAZA";"ALQUERIA DE LA CULLA";"1";"reservas@hotelalbufera.com";"http://www.bestwesternhotelalbufera.com";"H";"HOTEL";"H";"HOTEL";"97";"196";"SH";"SH HOTELES";"27/01/2003"; ;"SIEMPRE ABIERTO";"De Lunes a Domingo"
"CV H00910 V";"B";"BAJA";"0";"PENSIÓN";"EMILIA";"46";"VALÈNCIA";"025";"ALFARA DEL PATRIARCA";"L'HORTA NORD";"46115";"AVENIDA 1 DE MAYO, 001";"AV";"AVENIDA";"1 DE MAYO";"001"; ; ;"P";"PENSIÓN";"P";"PENSIÓN";"4";"6";"NCD";"NO PERTENECE A NINGUNA CADENA";"24/01/1979";"28/04/1997";"SIEMPRE ABIERTO";"De Lunes a Domingo"
"CV H01454 V";"A";"ALTA";"1";"1 ESTRELLA";"STUDIO PALOMAR";"46";"VALÈNCIA";"025";"ALFARA DEL PATRIARCA";"L'HORTA NORD";"46115";"CALLE MAJOR, 54";"C";"CALLE";"MAJOR";"54";"info@studiopalomar.com";"http://www.studiopalomar.es";"H";"HOTEL";"HA";"HOTEL-APARTAMENTO";"20";"40";"NCD";"NO PERTENECE A NINGUNA CADENA";"16/02/2021"; ;"SIEMPRE ABIERTO";"De Lunes a Domingo"
"CV H01051 V";"A";"ALTA";"0";"PENSIÓN";"MAXIM";"46";"VALÈNCIA";"029";"ALGEMESÍ";"LA RIBERA ALTA";"46680";"CALLE RONDA DE ALZIRA, 45";"C";"CALLE";"RONDA DE ALZIRA";"45"; ; ;"P";"PENSIÓN";"P";"PENSIÓN";"8";"10";"NCD";"NO PERTENECE A NINGUNA CADENA";"06/03/1991"; ;"SIEMPRE ABIERTO";"De Lunes a Domingo"
"CV H00407 V";"B";"BAJA";"0";"PENSIÓN";"PUERTA DEL SOL";"46";"VALÈNCIA";"029";"ALGEMESÍ";"LA RIBERA ALTA";"46680";"CALLE RONDA CALVARIO, 1";"C";"CALLE";"RONDA CALVARIO";"1"; ; ;"P";"PENSIÓN";"P";"PENSIÓN";"4";"6";"NCD";"NO PERTENECE A NINGUNA CADENA";"30/07/1969";"23/07/2009";"SIEMPRE ABIERTO";"De Lunes a Domingo"
"CV H00754 V";"B";"BAJA";"0";"PENSIÓN";"GRANERO";"46";"VALÈNCIA";"031";"ALGINET";"LA RIBERA ALTA";"46230";"CALLE MAYOR, 008";"C";"CALLE";"MAYOR";"008"; ; ;"P";"PENSIÓN";"P";"PENSIÓN";"7";"10";"NCD";"NO PERTENECE A NINGUNA CADENA";"27/09/1972";"10/06/1994";"SIEMPRE ABIERTO";"De Lunes a Domingo"
"CV H00644 V";"B";"BAJA";"0";"PENSIÓN";"JULIET";"46";"VALÈNCIA";"031";"ALGINET";"LA RIBERA ALTA";"46230";"AVENIDA PUEBLO NUEVO, 004";"AV";"AVENIDA";"PUEBLO NUEVO";"004"; ; ;"P";"PENSIÓN";"P";"PENSIÓN";"5";"8";"NCD";"NO PERTENECE A NINGUNA CADENA";"06/12/1969";"22/06/1992";"SIEMPRE ABIERTO";"De Lunes a Domingo"
"CV H01033 V";"B";"BAJA";"0";"PENSIÓN";"VALENCIA";"46";"VALÈNCIA";"031";"ALGINET";"LA RIBERA ALTA";"46230";"CARRETERA NACIONAL 340,PARCELA 358 Y 359, ---";"CR";"CARRETERA";"NACIONAL 340,PARCELA 358 Y 359";"---"; ; ;"P";"PENSIÓN";"P";"PENSIÓN";"7";"11";"NCD";"NO PERTENECE A NINGUNA CADENA";"08/07/1988";"14/05/1999";"SIEMPRE ABIERTO";"De Lunes a Domingo"
"CV H01124 V";"A";"ALTA";"4";"4 ESTRELLAS";"BARTOS";"46";"VALÈNCIA";"035";"ALMUSSAFES";"LA RIBERA BAIXA";"46440";"CALLE LIRA ALMUSAFENSE, 15";"C";"CALLE";"LIRA ALMUSAFENSE";"15";"reservas@hotelbartos.com";"http://www.hotelbartos.com";"H";"HOTEL";"H";"HOTEL";"79";"154";"NCD";"NO PERTENECE A NINGUNA CADENA";"02/12/1999"; ;"SIEMPRE ABIERTO";"De Lunes a Domingo"
"CV H01112 V";"A";"ALTA";"2";"2 ESTRELLAS";"ISABEL";"46";"VALÈNCIA";"035";"ALMUSSAFES";"LA RIBERA BAIXA";"46440";"CALLE SAN VICENTE, 31";"C";"CALLE";"SAN VICENTE";"31"; ; ;"H";"HOTEL";"H";"HOTEL";"22";"34";"NCD";"NO PERTENECE A NINGUNA CADENA";"05/06/1997"; ;"SIEMPRE ABIERTO";"De Lunes a Domingo"
"CV H01199 V";"A";"ALTA";"1";"1 ESTRELLA";"ISABEL II";"46";"VALÈNCIA";"035";"ALMUSSAFES";"LA RIBERA BAIXA";"46440";"CALLE MAESTRO CARDONA ESQ. SAN VICENTE,, 31";"C";"CALLE";"MAESTRO CARDONA ESQ. SAN VICENTE,";"31"; ; ;"HS";"HOSTAL";"SR";"HOSTAL-RESIDENCIA";"16";"29";"NCD";"NO PERTENECE A NINGUNA CADENA";"31/05/2004"; ;"SIEMPRE ABIERTO";"De Lunes a Domingo"
"CV H01548 V";"A";"ALTA";"2";"2 ESTRELLAS";"KEY REIG";"46";"VALÈNCIA";"035";"ALMUSSAFES";"LA RIBERA BAIXA";"46440";"CALLE DELS LLAURADORS, 13";"C";"CALLE";"DELS LLAURADORS";"13";"rcastro-ruiz@icali.es"; ;"H";"HOTEL";"HA";"HOTEL-APARTAMENTO";"49";"96";"NCD";"NO PERTENECE A NINGUNA CADENA";"29/09/2024"; ;"SIEMPRE ABIERTO";"De Lunes a Domingo"
"CV H00877 V";"B";"BAJA";"0";"PENSIÓN";"LA FOIA";"46";"VALÈNCIA";"035";"ALMUSSAFES";"LA RIBERA BAIXA";"46440";"AVENIDA ALGEMESI, 002";"AV";"AVENIDA";"ALGEMESI";"002"; ; ;"P";"PENSIÓN";"P";"PENSIÓN";"12";"27";"NCD";"NO PERTENECE A NINGUNA CADENA";"19/12/1976";"25/03/1993";"SIEMPRE ABIERTO";"De Lunes a Domingo"
"CV H01075 V";"B";"BAJA";"0";"PENSIÓN";"LA TORRE";"46";"VALÈNCIA";"035";"ALMUSSAFES";"LA RIBERA BAIXA";"46440";"AVENIDA ALGEMESI, 3";"AV";"AVENIDA";"ALGEMESI";"3"; ; ;"P";"PENSIÓN";"P";"PENSIÓN";"4";"8";"NCD";"NO PERTENECE A NINGUNA CADENA";"13/08/1993";"14/04/2008";"SIEMPRE ABIERTO";"De Lunes a Domingo"
"CV H01107 V";"A";"ALTA";"0";"PENSIÓN";"NADAL";"46";"VALÈNCIA";"035";"ALMUSSAFES";"LA RIBERA BAIXA";"46440";"CALLE LIRA ALMUSSAFENSE, 6";"C";"CALLE";"LIRA ALMUSSAFENSE";"6"; ; ;"P";"PENSIÓN";"P";"PENSIÓN";"7";"7";"NCD";"NO PERTENECE A NINGUNA CADENA";"04/07/1996"; ;"SIEMPRE ABIERTO";"De Lunes a Domingo"
"CV H01196 V";"A";"ALTA";"3";"3 ESTRELLAS";"RAMADA BY WYNDHAM VALENCIA ALMUSSAFES";"46";"VALÈNCIA";"035";"ALMUSSAFES";"LA RIBERA BAIXA";"46440";"AVENIDA DE LA FOIA, S/N";"AV";"AVENIDA";"DE LA FOIA";"S/N";"tryp.almussafes@melia.com";"http://www.melia.com/";"H";"HOTEL";"H";"HOTEL";"133";"266"; ; ;"11/05/2004"; ;"SIEMPRE ABIERTO";"De Lunes a Domingo"
"CV H01045 V";"B";"BAJA";"1";"1 ESTRELLA";"REIG";"46";"VALÈNCIA";"035";"ALMUSSAFES";"LA RIBERA BAIXA";"46440";"AVENIDA LLAURADORS, 13";"AV";"AVENIDA";"LLAURADORS";"13"; ; ;"H";"HOTEL";"H";"HOTEL";"48";"80";"NCD";"NO PERTENECE A NINGUNA CADENA";"19/04/1990";"01/06/2017";"SIEMPRE ABIERTO";"De Lunes a Domingo"
"CV H00814 V";"B";"BAJA";"0";"PENSIÓN";"VICAR";"46";"VALÈNCIA";"035";"ALMUSSAFES";"LA RIBERA BAIXA";"46440";"CALLE LLUIS VIVES, 10";"C";"CALLE";"LLUIS VIVES";"10"; ; ;"P";"PENSIÓN";"P";"PENSIÓN";"8";"14";"NCD";"NO PERTENECE A NINGUNA CADENA";"28/03/1975";"06/04/2001";"SIEMPRE ABIERTO";"De Lunes a Domingo"
"CV H01128 V";"B";"BAJA";"1";"1 ESTRELLA";"EL SABINAR DE LA TORRE";"46";"VALÈNCIA";"036";"ALPUENTE";"LOS SERRANOS";"46178";"CALLE LA TORRE (ALDEA LA TORRE), S/N";"C";"CALLE";"LA TORRE (ALDEA LA TORRE)";"S/N";"elsabinardelatorre@elsabinardelatorre.com";"http://www.elsabinardelatorre.com";"HS";"HOSTAL";"HS";"HOSTAL";"5";"10";"NCD";"NO PERTENECE A NINGUNA CADENA";"28/03/2000";"17/10/2025";"SIEMPRE ABIERTO";"De Lunes a Domingo"
"CV H01015 V";"B";"BAJA";"0";"PENSIÓN";"JOSEFINA";"46";"VALÈNCIA";"036";"ALPUENTE";"LOS SERRANOS";"46178";"AVENIDA JOSE ANTONIO, 001";"AV";"AVENIDA";"JOSE ANTONIO";"001"; ; ;"P";"PENSIÓN";"P";"PENSIÓN";"6";"8";"NCD";"NO PERTENECE A NINGUNA CADENA";"01/10/1986";"27/04/1993";"SIEMPRE ABIERTO";"De Lunes a Domingo"
"CV H01219 V";"B";"BAJA";"1";"1 ESTRELLA";"LA TAIFA";"46";"VALÈNCIA";"036";"ALPUENTE";"LOS SERRANOS";"46178";"CALLE LAS ERAS, 130";"C";"CALLE";"LAS ERAS";"130";"quieroir@lataifa.es";"http://www.lataifa.es";"HS";"HOSTAL";"HS";"HOSTAL";"5";"10";"NCD";"NO PERTENECE A NINGUNA CADENA";"14/02/2005";"21/05/2015";"SIEMPRE ABIERTO";"De Lunes a Domingo"
"CV H01047 V";"A";"ALTA";"1";"1 ESTRELLA";"EL GALLEGO";"46";"VALÈNCIA";"039";"ANNA";"LA CANAL DE NAVARRÉS";"46820";"CALLE MAYOR, 183";"C";"CALLE";"MAYOR";"183";"info@largalego.es";"http://www.largalego.es/";"HS";"HOSTAL";"HS";"HOSTAL";"12";"22";"NCD";"NO PERTENECE A NINGUNA CADENA";"25/11/1991"; ;"SIEMPRE ABIERTO";"De Lunes a Domingo"
"CV H01451 V";"A";"ALTA"; ; ;"EL PALACIO";"46";"VALÈNCIA";"039";"ANNA";"LA CANAL DE NAVARRÉS";"46820";"CALLE ARTISTA SANZ, 2";"C";"CALLE";"ARTISTA SANZ";"2"; ; ;"P";"PENSIÓN"; ; ;"5";"12";"NCD";"NO PERTENECE A NINGUNA CADENA";"28/01/2021"; ;"SIEMPRE ABIERTO";"De Lunes a Domingo"
"CV H01434 V";"A";"ALTA";"1";"1 ESTRELLA";"FUENTE DE MARZO";"46";"VALÈNCIA";"039";"ANNA";"LA CANAL DE NAVARRÉS";"46820";"CARRETERA CV-590- KM 51,900, S/N";"CR";"CARRETERA";"CV-590- KM 51,900";"S/N";"fuentedemarzo@gmail.com";"http://www.fuentedemarzo.com";"H";"HOTEL";"HA";"HOTEL-APARTAMENTO";"4";"13";"NCD";"NO PERTENECE A NINGUNA CADENA";"02/12/2019"; ;"SIEMPRE ABIERTO";"De Lunes a Domingo"
"CV H01200 V";"A";"ALTA";"2";"2 ESTRELLAS";"ARAS RURAL";"46";"VALÈNCIA";"041";"ARAS DE LOS OLMOS";"LOS SERRANOS";"46179";"PARTIDA DE LA NEVERA, PARCELA A 10 POLÍGONO 13";"PD";"PARTIDA";"DE LA NEVERA, PARCELA A 10 POLÍGONO 13"; ;"hotel@arasrural.com";"http://www.arasrural.com";"H";"HOTEL";"H";"HOTEL";"15";"34";"NCD";"NO PERTENECE A NINGUNA CADENA";"30/06/2004"; ;"SIEMPRE ABIERTO";"De Lunes a Domingo"
"CV H00568 V";"B";"BAJA";"0";"PENSIÓN";"COLLADO";"46";"VALÈNCIA";"041";"ARAS DE LOS OLMOS";"LOS SERRANOS";"46179";"PLAZA DEL OLMO, 002";"PL";"PLAZA";"DEL OLMO";"002"; ; ;"P";"PENSIÓN";"P";"PENSIÓN";"8";"14";"NCD";"NO PERTENECE A NINGUNA CADENA";"30/07/1970";"09/05/1997";"SIEMPRE ABIERTO";"De Lunes a Domingo"
"CV H01142 V";"A";"ALTA";"2";"2 ESTRELLAS";"LA VALL";"46";"VALÈNCIA";"042";"AIELO DE MALFERIT";"LA VALL D'ALBAIDA";"46812";"AVENIDA SANTISIMO CRISTO, 44";"AV";"AVENIDA";"SANTISIMO CRISTO";"44"; ; ;"H";"HOTEL";"H";"HOTEL";"16";"27";"NCD";"NO PERTENECE A NINGUNA CADENA";"15/01/2001"; ;"SIEMPRE ABIERTO";"De Lunes a Domingo"
"CV H00999 V";"B";"BAJA";"0";"PENSIÓN";"CASA MELQUIADES";"46";"VALÈNCIA";"044";"AYORA";"EL VALLE DE COFRENTES-AYORA";"46620";"CALLE LAS PARRAS, 4";"C";"CALLE";"LAS PARRAS";"4"; ; ;"P";"PENSIÓN";"P";"PENSIÓN";"3";"5";"NCD";"NO PERTENECE A NINGUNA CADENA";"15/05/1984";"07/04/1999";"SIEMPRE ABIERTO";"De Lunes a Domingo"
"CV H01043 V";"B";"BAJA";"0";"PENSIÓN";"EL PARAISO";"46";"VALÈNCIA";"044";"AYORA";"EL VALLE DE COFRENTES-AYORA";"46620";"URB.BA$OS SAN ANTONIO, S.N"; ; ;"URB.BA$OS SAN ANTONIO";"S.N"; ; ;"P";"PENSIÓN";"P";"PENSIÓN";"5";"10";"NCD";"NO PERTENECE A NINGUNA CADENA";"22/12/1989";"26/01/1995";"SIEMPRE ABIERTO";"De Lunes a Domingo"
"CV H00547 V";"B";"BAJA";"0";"PENSIÓN";"GLORIETA";"46";"VALÈNCIA";"044";"AYORA";"EL VALLE DE COFRENTES-AYORA";"46620";"PLAZA GLORIETA, 1";"PL";"PLAZA";"GLORIETA";"1"; ; ;"P";"PENSIÓN";"P";"PENSIÓN";"7";"8";"NCD";"NO PERTENECE A NINGUNA CADENA";"24/10/1967";"07/04/1999";"SIEMPRE ABIERTO";"De Lunes a Domingo"
"CV H01035 V";"B";"BAJA";"0";"PENSIÓN";"LOPEZ";"46";"VALÈNCIA";"044";"AYORA";"EL VALLE DE COFRENTES-AYORA";"46620";"PLAZA GLORIETA, 5";"PL";"PLAZA";"GLORIETA";"5"; ; ;"P";"PENSIÓN";"P";"PENSIÓN";"5";"9";"NCD";"NO PERTENECE A NINGUNA CADENA";"09/12/1988";"07/04/1999";"SIEMPRE ABIERTO";"De Lunes a Domingo"
"CV H00893 V";"B";"BAJA";"1";"1 ESTRELLA";"MURPIMAR";"46";"VALÈNCIA";"044";"AYORA";"EL VALLE DE COFRENTES-AYORA";"46620";"CALLE VIRGEN DEL ROSARIO, 70";"C";"CALLE";"VIRGEN DEL ROSARIO";"70"; ; ;"HS";"HOSTAL";"SR";"HOSTAL-RESIDENCIA";"16";"21";"NCD";"NO PERTENECE A NINGUNA CADENA";"22/04/1977";"25/06/2013";"SIEMPRE ABIERTO";"De Lunes a Domingo"
"CV H01251 V";"A";"ALTA";"0";"PENSIÓN";"VILLA DE AYORA";"46";"VALÈNCIA";"044";"AYORA";"EL VALLE DE COFRENTES-AYORA";"46620";"CALLE EMPEDRA, 11";"C";"CALLE";"EMPEDRA";"11";"info@villadeayora.es";"villadeayora.es";"P";"PENSIÓN";"P";"PENSIÓN";"4";"8";"NCD";"NO PERTENECE A NINGUNA CADENA";"18/06/2007"; ;"SIEMPRE ABIERTO";"De Lunes a Domingo"
"CV H01272 V";"B";"BAJA";"1";"1 ESTRELLA";"EL ROMERAL";"46";"VALÈNCIA";"046";"BARX";"LA SAFOR";"46758";"CALLE EL PLA, 8";"C";"CALLE";"EL PLA";"8"; ; ;"HS";"HOSTAL";"HS";"HOSTAL";"8";"18";"NCD";"NO PERTENECE A NINGUNA CADENA";"30/09/2008";"26/01/2022";"SIEMPRE ABIERTO";"De Lunes a Domingo"
"CV H00661 V";"B";"BAJA";"0";"PENSIÓN";"PELOTARI";"46";"VALÈNCIA";"051";"BENAGUASIL";"EL CAMP DE TURIA";"46180";"CALLE JOANOT MARTORELL, 51";"C";"CALLE";"JOANOT MARTORELL";"51"; ; ;"P";"PENSIÓN";"P";"PENSIÓN";"5";"8";"NCD";"NO PERTENECE A NINGUNA CADENA";"03/04/1971";"19/02/1998";"SIEMPRE ABIERTO";"De Lunes a Domingo"
"CV H01381 V";"A";"ALTA"; ; ;"LA CASA GRAN";"46";"VALÈNCIA";"052";"BENAVITES";"EL CAMP DE MORVEDRE";"46514";"CALLE D'ENMIG, 6";"C";"CALLE";"D'ENMIG";"6";"lacasagrandebenavites@gmail.com";"http://www.lacasagrandebenavites.com";"P";"PENSIÓN"; ; ;"4";"10";"NCD";"NO PERTENECE A NINGUNA CADENA";"23/03/2017"; ;"SIEMPRE ABIERTO";"De Lunes a Domingo"
"CV H01160 V";"B";"BAJA";"0";"PENSIÓN";"AVENIDA";"46";"VALÈNCIA";"054";"BENETÚSSER";"L'HORTA SUD";"46910";"AVENIDA PAIPORTA, 39-6ª";"AV";"AVENIDA";"PAIPORTA";"39-6ª"; ; ;"P";"PENSIÓN";"P";"PENSIÓN";"3";"4";"NCD";"NO PERTENECE A NINGUNA CADENA";"12/03/2002";"08/10/2020";"SIEMPRE ABIERTO";"De Lunes a Domingo"
"CV H01065 V";"A";"ALTA";"4";"4 ESTRELLAS";"BENETUSSER";"46";"VALÈNCIA";"054";"BENETÚSSER";"L'HORTA SUD";"46910";"AVENIDA PAIPORTA, 54";"AV";"AVENIDA";"PAIPORTA";"54";"info@hotelbenetusser.net"; ;"H";"HOTEL";"H";"HOTEL";"63";"142";"NCD";"NO PERTENECE A NINGUNA CADENA";"01/02/1993"; ;"SIEMPRE ABIERTO";"De Lunes a Domingo"
"CV H00871 V";"B";"BAJA";"0";"PENSIÓN";"ESPAÑA";"46";"VALÈNCIA";"054";"BENETÚSSER";"L'HORTA SUD";"46910";"CALLE SAN SEBASTIAN, 005";"C";"CALLE";"SAN SEBASTIAN";"005"; ; ;"P";"PENSIÓN";"P";"PENSIÓN";"10";"15";"NCD";"NO PERTENECE A NINGUNA CADENA";"15/11/1976";"10/12/1987";"SIEMPRE ABIERTO";"De Lunes a Domingo"
"CV H01426 V";"A";"ALTA"; ; ;"CA DE L'ALFAS";"46";"VALÈNCIA";"055";"BENIARJÓ";"LA SAFOR";"46722";"PARTIDA DE L'ALFAS, 8";"PD";"PARTIDA";"DE L'ALFAS";"8";"amplicash@gmail.com"; ;"P";"PENSIÓN"; ; ;"11";"21";"NCD";"NO PERTENECE A NINGUNA CADENA";"22/07/2019"; ;"SIEMPRE ABIERTO";"De Lunes a Domingo"
"CV H01166 V";"B";"BAJA";"0";"PENSIÓN";"BALICA";"46";"VALÈNCIA";"057";"BENICOLET";"LA VALL D'ALBAIDA";"46838";"CALLE ENCHILAGA, S/N";"C";"CALLE";"ENCHILAGA";"S/N"; ; ;"P";"PENSIÓN";"P";"PENSIÓN";"4";"8";"NCD";"NO PERTENECE A NINGUNA CADENA";"11/06/2002";"14/05/2008";"SIEMPRE ABIERTO";"De Lunes a Domingo"
"CV H00718 V";"B";"BAJA";"0";"PENSIÓN";"BALBINO";"46";"VALÈNCIA";"060";"BENIFAIÓ";"LA RIBERA ALTA";"46450";"PLAZA MAYOR, 1";"PL";"PLAZA";"MAYOR";"1"; ; ;"P";"PENSIÓN";"P";"PENSIÓN";"7";"13";"NCD";"NO PERTENECE A NINGUNA CADENA";"02/07/1971";"13/05/2004";"SIEMPRE ABIERTO";"De Lunes a Domingo"
"CV H01229 V";"A";"ALTA";"1";"1 ESTRELLA";"DUOMO";"46";"VALÈNCIA";"060";"BENIFAIÓ";"LA RIBERA ALTA";"46450";"CARRETERA NACIONAL 340 KM. 883";"CR";"CARRETERA";"NACIONAL 340 KM. 883"; ;"info@hotelesduomo.com";"hotelesduomo.com";"H";"HOTEL";"H";"HOTEL";"39";"76";"NCD";"NO PERTENECE A NINGUNA CADENA";"30/11/2005"; ;"SIEMPRE ABIERTO";"De Lunes a Domingo"
"CV H01071 V";"B";"BAJA";"0";"PENSIÓN";"REAL";"46";"VALÈNCIA";"062";"BENIGÀNIM";"LA VALL D'ALBAIDA";"46830";"PLAZA BEATA INES, 001";"PL";"PLAZA";"BEATA INES";"001"; ; ;"P";"PENSIÓN";"P";"PENSIÓN";"15";"22";"NCD";"NO PERTENECE A NINGUNA CADENA";"19/07/1993";"27/10/2021";"SIEMPRE ABIERTO";"De Lunes a Domingo"
"CV H00808 V";"A";"ALTA";"3";"3 ESTRELLAS";"CASA QUIQUET";"46";"VALÈNCIA";"065";"BENIPARRELL";"L'HORTA SUD";"46469";"AVENIDA LEVANTE, 45";"AV";"AVENIDA";"LEVANTE";"45";"casaquiquet@casaquiquet.com"; ;"H";"HOTEL";"H";"HOTEL";"34";"64";"NCD";"NO PERTENECE A NINGUNA CADENA";"06/03/1974"; ;"SIEMPRE ABIERTO";"De Lunes a Domingo"
"CV H01587 V";"A";"ALTA";"2";"2 ESTRELLAS";"JOC";"46";"VALÈNCIA";"065";"BENIPARRELL";"L'HORTA SUD";"46469";"CAMINO FONT DE PENELLA, 26";"CM";"CAMINO";"FONT DE PENELLA";"26";"hector@moteljoc.com";"http://www.moteljoc.com";"H";"HOTEL";"H";"HOTEL";"41";"82";"NCD";"NO PERTENECE A NINGUNA CADENA";"15/05/2025"; ;"SIEMPRE ABIERTO";"De Lunes a Domingo"
"CV H00769 V";"A";"ALTA";"2";"2 ESTRELLAS";"RIOJA";"46";"VALÈNCIA";"067";"BENISSANÓ";"EL CAMP DE TURIA";"46181";"CALLE SALIDA PORTAL DE BETERA, 001";"C";"CALLE";"SALIDA PORTAL DE BETERA";"001";"hotel@hotel-rioja.com";"http://www.hotel-rioja.com";"H";"HOTEL";"H";"HOTEL";"46";"76";"NCD";"NO PERTENECE A NINGUNA CADENA";"10/04/1973"; ;"SIEMPRE ABIERTO";"De Lunes a Domingo"
"CV H01317 V";"A";"ALTA";"2";"2 ESTRELLAS";"LA SITJA";"46";"VALÈNCIA";"068";"BENISSODA";"LA VALL D'ALBAIDA";"46869";"CALLE CANONGE REVERT, 5";"C";"CALLE";"CANONGE REVERT";"5";"info@lasitja.com";"http://www.lasitja.com";"H";"HOTEL";"H";"HOTEL";"7";"14";"NCD";"NO PERTENECE A NINGUNA CADENA";"12/11/2010"; ;"SIEMPRE ABIERTO";"De Lunes a Domingo"
"CV H01146 V";"A";"ALTA";"4";"4 ESTRELLAS";"AD HOC PARQUE";"46";"VALÈNCIA";"070";"BÉTERA";"EL CAMP DE TURIA";"46117";"CALLE BOTXÍ 6-8 (URB. TORRE EN CONILL)";"C";"CALLE";"BOTXÍ 6-8 (URB. TORRE EN CONILL)"; ;"adhocparque@adhochoteles.com";"https://www.adhochoteles.com/hotel-ad-hoc-parque-golf";"H";"HOTEL";"H";"HOTEL";"41";"82";"NCD";"NO PERTENECE A NINGUNA CADENA";"03/05/2001"; ;"SIEMPRE ABIERTO";"De Lunes a Domingo"
"CV H01198 V";"A";"ALTA";"0";"PENSIÓN";"AZAI";"46";"VALÈNCIA";"070";"BÉTERA";"EL CAMP DE TURIA";"46117";"CALLE TEODORO LLORENTE, 9";"C";"CALLE";"TEODORO LLORENTE";"9"; ; ;"P";"PENSIÓN";"P";"PENSIÓN";"13";"22";"NCD";"NO PERTENECE A NINGUNA CADENA";"26/05/2004"; ;"SIEMPRE ABIERTO";"De Lunes a Domingo"
"CV H01564 V";"A";"ALTA";"4";"4 ESTRELLAS";"CALDERONA WELLNEES";"46";"VALÈNCIA";"070";"BÉTERA";"EL CAMP DE TURIA";"46117";"CALLE BOTXI, 2";"C";"CALLE";"BOTXI";"2";"hotel@calderonawellness.com";"http://www.calderonawellness.com";"H";"HOTEL"; ; ;"42";"84";"NCD";"NO PERTENECE A NINGUNA CADENA";"18/12/2024"; ;"SIEMPRE ABIERTO";"De Lunes a Domingo"
"CV H01014 V";"B";"BAJA";"0";"PENSIÓN";"CATANO";"46";"VALÈNCIA";"070";"BÉTERA";"EL CAMP DE TURIA";"46117";"CALLE HIGINIO SANCHO, 18";"C";"CALLE";"HIGINIO SANCHO";"18"; ; ;"P";"PENSIÓN";"P";"PENSIÓN";"9";"17";"NCD";"NO PERTENECE A NINGUNA CADENA";"01/10/1986";"26/02/2003";"SIEMPRE ABIERTO";"De Lunes a Domingo"
"CV H00993 V";"B";"BAJA";"0";"PENSIÓN";"ESTACION";"46";"VALÈNCIA";"070";"BÉTERA";"EL CAMP DE TURIA";"46117";"CALLE ESTACION, 2";"C";"CALLE";"ESTACION";"2"; ; ;"P";"PENSIÓN";"P";"PENSIÓN";"20";"32";"NCD";"NO PERTENECE A NINGUNA CADENA";"03/12/1984";"13/03/2006";"SIEMPRE ABIERTO";"De Lunes a Domingo"
"CV H01185 V";"B";"BAJA";"4";"4 ESTRELLAS";"LA CALDERONA SPA SPORT & CLUB RESORT";"46";"VALÈNCIA";"070";"BÉTERA";"EL CAMP DE TURIA";"46117";"CALLE BOTXÍ, 2-4";"C";"CALLE";"BOTXÍ";"2-4";"lacalderona@lacalderona.com";"http://www.lacalderona.com";"H";"HOTEL";"H";"HOTEL";"41";"84";"NCD";"NO PERTENECE A NINGUNA CADENA";"29/10/2003";"18/11/2014";"SIEMPRE ABIERTO";"De Lunes a Domingo"
"CV H00950 V";"B";"BAJA";"0";"PENSIÓN";"PALAU";"46";"VALÈNCIA";"070";"BÉTERA";"EL CAMP DE TURIA";"46117";"AVENIDA CONSTITUCION, 004";"AV";"AVENIDA";"CONSTITUCION";"004"; ; ;"P";"PENSIÓN";"P";"PENSIÓN";"4";"9";"NCD";"NO PERTENECE A NINGUNA CADENA";"26/08/1980";"22/06/1992";"SIEMPRE ABIERTO";"De Lunes a Domingo"
"CV H01150 V";"B";"BAJA";"3";"3 ESTRELLAS";"VALENCIA GOLF HOTEL";"46";"VALÈNCIA";"070";"BÉTERA";"EL CAMP DE TURIA";"46117";"CARRETERA V-6042, KM 2.700, S/N";"CR";"CARRETERA";"V-6042, KM 2.700";"S/N";"management@valenciagolfhotel.com";"http://www.valenciagolfhotel.com/";"H";"HOTEL";"H";"HOTEL";"30";"60";"NCD";"NO PERTENECE A NINGUNA CADENA";"27/06/2001";"21/04/2015";"SIEMPRE ABIERTO";"De Lunes a Domingo"
"CV H00353 V";"B";"BAJA";"0";"PENSIÓN";"CASA CHIMO";"46";"VALÈNCIA";"072";"BOCAIRENT";"LA VALL D'ALBAIDA";"46880";"PLAZA AJUNTAMENT, 001";"PL";"PLAZA";"AJUNTAMENT";"001"; ; ;"P";"PENSIÓN";"P";"PENSIÓN";"0"; ;"NCD";"NO PERTENECE A NINGUNA CADENA";"11/10/1963";"17/02/1992";"SIEMPRE ABIERTO";"De Lunes a Domingo"
"CV H01277 V";"B";"BAJA";"0";"PENSIÓN";"CASA MARIOLA";"46";"VALÈNCIA";"072";"BOCAIRENT";"LA VALL D'ALBAIDA";"46880";"CALLE MOSSEN HILARI, 33-35";"C";"CALLE";"MOSSEN HILARI";"33-35"; ; ;"P";"PENSIÓN";"P";"PENSIÓN";"5";"10";"NCD";"NO PERTENECE A NINGUNA CADENA";"12/12/2008";"26/01/2022";"SIEMPRE ABIERTO";"De Lunes a Domingo"
"CV H01265 V";"A";"ALTA";"5";"5 ESTRELLAS";"FERRERO";"46";"VALÈNCIA";"072";"BOCAIRENT";"LA VALL D'ALBAIDA";"46880";"CARRETERA ONTINYENT-VILLENA KM. 16";"CR";"CARRETERA";"ONTINYENT-VILLENA KM. 16"; ;"reservas@hotelferrero.com";"https://www.hotelferrero.com";"H";"HOTEL";"H";"HOTEL";"12";"25";"NCD";"NO PERTENECE A NINGUNA CADENA";"15/04/2008"; ;"SIEMPRE ABIERTO";"De Lunes a Domingo"
"CV H01205 V";"A";"ALTA";"3";"3 ESTRELLAS";"L'AGORA";"46";"VALÈNCIA";"072";"BOCAIRENT";"LA VALL D'ALBAIDA";"46880";"CALLE SOR PIEDAD DE LA CRUZ, 3";"C";"CALLE";"SOR PIEDAD DE LA CRUZ";"3";"info@lagorahotel.com";"https://www.lagorahotel.com";"H";"HOTEL";"H";"HOTEL";"8";"16";"NCD";"NO PERTENECE A NINGUNA CADENA";"27/09/2004"; ;"SIEMPRE ABIERTO";"De Lunes a Domingo"
"CV H01613 V";"A";"ALTA";"0";"PENSIÓN";"L'AGORA ROOMS";"46";"VALÈNCIA";"072";"BOCAIRENT";"LA VALL D'ALBAIDA";"46880";"CALLE SOR PIEDAD DE LA CRUZ, 7-1ª";"C";"CALLE";"SOR PIEDAD DE LA CRUZ";"7-1ª";"xpiedra56@gmail.com"; ;"P";"PENSIÓN"; ; ;"5";"10";"NCD";"NO PERTENECE A NINGUNA CADENA";"19/11/2025"; ;"SIEMPRE ABIERTO";"De Lunes a Domingo"
"CV H01089 V";"A";"ALTA";"3";"3 ESTRELLAS";"L'ESTACIÓ";"46";"VALÈNCIA";"072";"BOCAIRENT";"LA VALL D'ALBAIDA";"46880";"CALLE PARC DE L'ESTACIÓ, S/N";"C";"CALLE";"PARC DE L'ESTACIÓ";"S/N";"info@hotelestacio.com";"https://hotelestacio.com";"H";"HOTEL";"H";"HOTEL";"14";"28";"RUS";"RUSTICAE";"01/08/1994"; ;"SIEMPRE ABIERTO";"De Lunes a Domingo"
"CV H01299 V";"B";"BAJA";"2";"2 ESTRELLAS";"SAN ISIDRO";"46";"VALÈNCIA";"072";"BOCAIRENT";"LA VALL D'ALBAIDA";"46880";"CARRETERA BOCAIRENT VILLENA  SALIDA BANYERES, -";"CR";"CARRETERA";"BOCAIRENT VILLENA  SALIDA BANYERES";"-";"info@sanisidrohotelrural.com";"http://sanisidrohotelrural.com";"H";"HOTEL";"HA";"HOTEL-APARTAMENTO";"14";"42";"NCD";"NO PERTENECE A NINGUNA CADENA";"29/03/2010";"10/11/2010";"SIEMPRE ABIERTO";"De Lunes a Domingo"
"CV H01175 V";"A";"ALTA";"2";"2 ESTRELLAS";"CONDES DE BUÑOL";"46";"VALÈNCIA";"077";"BUÑOL";"LA HOYA DE BUÑOL";"46360";"AVENIDA BLASCO IBAÑEZ, 13";"AV";"AVENIDA";"BLASCO IBAÑEZ";"13"; ; ;"H";"HOTEL";"H";"HOTEL";"14";"26";"NCD";"NO PERTENECE A NINGUNA CADENA";"13/01/2003"; ;"SIEMPRE ABIERTO";"De Lunes a Domingo"
"CV H01256 V";"B";"BAJA";"0";"PENSIÓN";"DON JILTON";"46";"VALÈNCIA";"077";"BUÑOL";"LA HOYA DE BUÑOL";"46360";"CARRETERA ANTIGUA DE MADRID KM 330, 330";"CR";"CARRETERA";"ANTIGUA DE MADRID KM 330";"330"; ; ;"P";"PENSIÓN";"P";"PENSIÓN";"9";"18";"NCD";"NO PERTENECE A NINGUNA CADENA";"26/09/2007";"18/11/2014";"SIEMPRE ABIERTO";"De Lunes a Domingo"
"CV H00524 V";"B";"BAJA";"0";"PENSIÓN";"HAJO-HILTON";"46";"VALÈNCIA";"077";"BUÑOL";"LA HOYA DE BUÑOL";"46360";"CARRETERA NACIONAL MADRID-VALENCIA, K30";"CR";"CARRETERA";"NACIONAL MADRID-VALENCIA";"K30"; ; ;"P";"PENSIÓN";"P";"PENSIÓN";"9";"18";"NCD";"NO PERTENECE A NINGUNA CADENA";"03/03/1967";"18/06/1997";"SIEMPRE ABIERTO";"De Lunes a Domingo"
"CV H01011 V";"B";"BAJA";"0";"PENSIÓN";"VENTAS,LAS";"46";"VALÈNCIA";"077";"BUÑOL";"LA HOYA DE BUÑOL";"46360";"AVENIDA BLASCO IBA$EZ, 004";"AV";"AVENIDA";"BLASCO IBA$EZ";"004"; ; ;"P";"PENSIÓN";"P";"PENSIÓN";"11";"16";"NCD";"NO PERTENECE A NINGUNA CADENA";"01/07/1986";"19/01/1994";"SIEMPRE ABIERTO";"De Lunes a Domingo"
"CV H01083 V";"A";"ALTA";"1";"1 ESTRELLA";"AILA II BOUTIQUE HOTEL BY SINGULARSTAYS";"46";"VALÈNCIA";"078";"BURJASSOT";"L'HORTA NORD";"46100";"CALLE FERMIN GALAN Y GARCIA HDEZ., 72";"C";"CALLE";"FERMIN GALAN Y GARCIA HDEZ.";"72"; ; ;"H";"HOTEL";"H";"HOTEL";"24";"41";"TRA";"TRAPEMAR";"21/01/1994"; ;"SIEMPRE ABIERTO";"De Lunes a Domingo"
"CV H01544 V";"A";"ALTA";"3";"3 ESTRELLAS";"LOOP HOMES TOWER BURJASSOT";"46";"VALÈNCIA";"078";"BURJASSOT";"L'HORTA NORD";"46100";"CALLE CANALETA, 1";"C";"CALLE";"CANALETA";"1";"ajromero@accm365.com";"http://www.loopinghostels.com";"H";"HOTEL";"H";"HOTEL";"105";"144";"NCD";"NO PERTENECE A NINGUNA CADENA";"20/08/2024"; ;"01/07 - 31/08";"De Lunes a Domingo"
"CV H01153 V";"B";"BAJA";"3";"3 ESTRELLAS";"NH JARDINES DEL TURIA";"46";"VALÈNCIA";"078";"BURJASSOT";"L'HORTA NORD";"46100";"CALLE PINTOR VELAZQUEZ, S/N";"C";"CALLE";"PINTOR VELAZQUEZ";"S/N";"nhjardinesdelturia@nh-hotel.com";"http://www.nh-hotels.com";"H";"HOTEL";"HA";"HOTEL-APARTAMENTO";"112";"334";"NH";"N.H. HOTELES";"05/09/2001";"26/01/2022";"SIEMPRE ABIERTO";"De Lunes a Domingo"
"CV H01624 V";"A";"ALTA";"0";"PENSIÓN";"SELAH";"46";"VALÈNCIA";"078";"BURJASSOT";"L'HORTA NORD";"46100";"CALLE PROFESOR ENRIQUE TIERNO GALVAN, 34";"C";"CALLE";"PROFESOR ENRIQUE TIERNO GALVAN";"34";"hostalselahvalencia@gmail.com"; ;"HS";"HOSTAL"; ; ;"7";"13";"NCD";"NO PERTENECE A NINGUNA CADENA";"23/02/2026"; ;"SIEMPRE ABIERTO";"De Lunes a Domingo"
"CV H01136 V";"B";"BAJA";"1";"1 ESTRELLA";"TRAPEMAR";"46";"VALÈNCIA";"078";"BURJASSOT";"L'HORTA NORD";"46100";"CARRETERA LLIRIA, 116";"CR";"CARRETERA";"LLIRIA";"116"; ; ;"H";"HOTEL";"H";"HOTEL";"15";"22";"NCD";"NO PERTENECE A NINGUNA CADENA";"08/08/2000";"09/07/2024";"SIEMPRE ABIERTO";"De Lunes a Domingo"
"CV H00634 V";"B";"BAJA";"0";"PENSIÓN";"TRAPERO";"46";"VALÈNCIA";"078";"BURJASSOT";"L'HORTA NORD";"46100";"CALLE FERMIN GALAN Y GARCIA HDEZ., 77";"C";"CALLE";"FERMIN GALAN Y GARCIA HDEZ.";"77"; ; ;"P";"PENSIÓN";"P";"PENSIÓN";"11";"15";"NCD";"NO PERTENECE A NINGUNA CADENA";"04/10/1969";"11/11/2025";"SIEMPRE ABIERTO";"De Lunes a Domingo"
"CV H01561 V";"A";"ALTA";"2";"2 ESTRELLAS";"YUGO VALENCIA ARC";"46";"VALÈNCIA";"078";"BURJASSOT";"L'HORTA NORD";"46100";"CALLE RACO DELS PINS, 1";"C";"CALLE";"RACO DELS PINS";"1";"arc@yugo.com";"https://yugo.com/es-es/global/spain/valencia/arc";"H";"HOTEL";"HA";"HOTEL-APARTAMENTO";"513";"579";"NCD";"NO PERTENECE A NINGUNA CADENA";"21/10/2024"; ;"SIEMPRE ABIERTO";"De Lunes a Domingo"
"CV H01068 V";"B";"BAJA";"0";"PENSIÓN";"ARNAU-ARGENT";"46";"VALÈNCIA";"081";"CANALS";"LA COSTERA";"46650";"AVENIDA VICENTE FERRI, 7";"AV";"AVENIDA";"VICENTE FERRI";"7"; ; ;"P";"PENSIÓN";"P";"PENSIÓN";"13";"22";"NCD";"NO PERTENECE A NINGUNA CADENA";"01/02/1993";"23/10/2003";"SIEMPRE ABIERTO";"De Lunes a Domingo"
"CV H01163 V";"A";"ALTA";"4";"4 ESTRELLAS";"AGH CANET";"46";"VALÈNCIA";"082";"CANET D'EN BERENGUER";"EL CAMP DE MORVEDRE";"46529";"CALLE MARE NOSTRUM 75 - PLAYA CANET, 75";"C";"CALLE";"MARE NOSTRUM 75 - PLAYA CANET";"75";"reservas@aghcanet.com";"https://www.eventosagh.com";"H";"HOTEL";"H";"HOTEL";"147";"296";"NCD";"NO PERTENECE A NINGUNA CADENA";"10/05/2002"; ;"SIEMPRE ABIERTO";"De Lunes a Domingo"
"CV H00446 V";"A";"ALTA";"2";"2 ESTRELLAS";"CHISPA";"46";"VALÈNCIA";"082";"CANET D'EN BERENGUER";"EL CAMP DE MORVEDRE";"46529";"PASEO 9 D'OCTUBRE, 27";"PA";"PASEO";"9 D'OCTUBRE";"27";"info@hotelchispa.com";"http://www.hotelchispa.com";"H";"HOTEL";"H";"HOTEL";"14";"29";"NCD";"NO PERTENECE A NINGUNA CADENA";"17/09/1965"; ;"SIEMPRE ABIERTO";"De Lunes a Domingo"
"CV H01118 V";"A";"ALTA";"3";"3 ESTRELLAS";"PLAYA CANET DE BERENGUER";"46";"VALÈNCIA";"082";"CANET D'EN BERENGUER";"EL CAMP DE MORVEDRE";"46529";"AVENIDA NUEVE DE OCTUBRE  (FRENTE CLUB NAUTICO), S/N";"AV";"AVENIDA";"NUEVE DE OCTUBRE  (FRENTE CLUB NAUTICO)";"S/N";"info@hotelplayacanet.com";"http://www.hotelplyacanet.com";"H";"HOTEL";"H";"HOTEL";"39";"78";"NCD";"NO PERTENECE A NINGUNA CADENA";"03/02/1999"; ;"SIEMPRE ABIERTO";"De Lunes a Domingo"
"CV H00991 V";"B";"BAJA";"0";"PENSIÓN";"CASA ADOLFO";"46";"VALÈNCIA";"083";"CARCAIXENT";"LA RIBERA ALTA";"46740";"CALLE LA VALL, 50";"C";"CALLE";"LA VALL";"50"; ; ;"P";"PENSIÓN";"P";"PENSIÓN";"4";"7";"NCD";"NO PERTENECE A NINGUNA CADENA";"02/05/1985";"07/07/1999";"SIEMPRE ABIERTO";"De Lunes a Domingo"
"CV H01510 V";"A";"ALTA";"3";"3 ESTRELLAS";"CITY EXPRESS SAN FERNANDO CARCAIXENT";"46";"VALÈNCIA";"083";"CARCAIXENT";"LA RIBERA ALTA";"46740";"CARRETERA CARCAIXENT-ALZIRA, 2";"CR";"CARRETERA";"CARCAIXENT-ALZIRA";"2";"hotelcarcaixent@domus-hoteles.es";"http://www.hotelcityexpresscarcaixent.com";"H";"HOTEL";"H";"HOTEL";"39";"78";"NCD";"NO PERTENECE A NINGUNA CADENA";"30/06/2023"; ;"SIEMPRE ABIERTO";"De Lunes a Domingo"
"CV H01484 V";"A";"ALTA";"4";"4 ESTRELLAS";"LA GALIANA GOLF RESORT";"46";"VALÈNCIA";"083";"CARCAIXENT";"LA RIBERA ALTA";"46792";"CARRETERA ALZIRA-TAVERNES DE VALLDIGNA CV-50 KM 11, S/N";"CR";"CARRETERA";"ALZIRA-TAVERNES DE VALLDIGNA CV-50 KM 11";"S/N";"davidb@lagalianagolf.com";"http://www.lagalianagolfresort.com";"H";"HOTEL";"H";"HOTEL";"48";"96";"NCD";"NO PERTENECE A NINGUNA CADENA";"28/04/2022"; ;"SIEMPRE ABIERTO";"De Lunes a Domingo"
"CV H00936 V";"B";"BAJA";"3";"3 ESTRELLAS";"MONASTERIO AGUAS VIVAS";"46";"VALÈNCIA";"083";"CARCAIXENT";"LA RIBERA ALTA";"46740";"CARRETERA ALCIRA A TABERNES, KM1";"CR";"CARRETERA";"ALCIRA A TABERNES";"KM1"; ; ;"HS";"HOSTAL";"SR";"HOSTAL-RESIDENCIA";"30";"51";"NCD";"NO PERTENECE A NINGUNA CADENA";"05/04/1979";"18/06/1997";"SIEMPRE ABIERTO";"De Lunes a Domingo"
"CV H01278 V";"B";"BAJA";"3";"3 ESTRELLAS";"SAN FERNANDO";"46";"VALÈNCIA";"083";"CARCAIXENT";"LA RIBERA ALTA";"46740";"CARRETERA CARCAIXENT - ALZIRA, 2";"CR";"CARRETERA";"CARCAIXENT - ALZIRA";"2";"info@hotel-sanfernando.com";"http://www.hotel-sanfernando.com";"H";"HOTEL";"H";"HOTEL";"39";"78";"NCD";"NO PERTENECE A NINGUNA CADENA";"30/01/2009";"26/01/2022";"SIEMPRE ABIERTO";"De Lunes a Domingo"
"CV H01271 V";"A";"ALTA";"2";"2 ESTRELLAS";"CIUTAT DE CARLET";"46";"VALÈNCIA";"085";"CARLET";"LA RIBERA ALTA";"46240";"CARRETERA CRUZ NEGRA, 48";"CR";"CARRETERA";"CRUZ NEGRA";"48";"info@hotelciutatdecarlet.es";"www.hotelciutatdecarlet.es";"H";"HOTEL";"H";"HOTEL";"21";"42";"NCD";"NO PERTENECE A NINGUNA CADENA";"30/09/2008"; ;"SIEMPRE ABIERTO";"De Lunes a Domingo"
"CV H00929 V";"A";"ALTA";"1";"1 ESTRELLA";"VERA";"46";"VALÈNCIA";"085";"CARLET";"LA RIBERA ALTA";"46240";"CARRETERA CRUZ NEGRA, 50";"CR";"CARRETERA";"CRUZ NEGRA";"50";"hostalvera@jazzfree.com"; ;"HS";"HOSTAL";"HS";"HOSTAL";"13";"20";"NCD";"NO PERTENECE A NINGUNA CADENA";"02/06/1978"; ;"SIEMPRE ABIERTO";"De Lunes a Domingo"
"CV H01259 V";"A";"ALTA";"0";"PENSIÓN";"PENSION CARRICOLA";"46";"VALÈNCIA";"086";"CARRÍCOLA";"LA VALL D'ALBAIDA";"46869";"CALLE EL BOT, 4";"C";"CALLE";"EL BOT";"4";"hostalcarricola@comarcasyturismo.com";"https://www.carricola.es/es/pagina/hostal-restaurant-carricola";"P";"PENSIÓN";"P";"PENSIÓN";"7";"14";"NCD";"NO PERTENECE A NINGUNA CADENA";"26/12/2007"; ;"SIEMPRE ABIERTO";"De Lunes a Domingo"
"CV H01592 V";"A";"ALTA"; ; ;"DANI";"46";"VALÈNCIA";"089";"CASINOS";"EL CAMP DE TURIA";"46717";"CALLE SANTA URSULA, 18";"C";"CALLE";"SANTA URSULA";"18";"danimurguim2672000@gmail.com";"http://www.casaruralroa.com";"P";"PENSIÓN"; ; ;"5";"7";"NCD";"NO PERTENECE A NINGUNA CADENA";"27/05/2025"; ;"SIEMPRE ABIERTO";"De Lunes a Domingo"
"CV H01044 V";"A";"ALTA";"0";"PENSIÓN";"LUCIA";"46";"VALÈNCIA";"089";"CASINOS";"EL CAMP DE TURIA";"46171";"AVENIDA PEDRALBA, 5";"AV";"AVENIDA";"PEDRALBA";"5"; ; ;"P";"PENSIÓN";"P";"PENSIÓN";"5";"9";"NCD";"NO PERTENECE A NINGUNA CADENA";"19/04/1990"; ;"SIEMPRE ABIERTO";"De Lunes a Domingo"
"CV H01617 V";"A";"ALTA";"0";"PENSIÓN";"M&M";"46";"VALÈNCIA";"089";"CASINOS";"EL CAMP DE TURIA";"46171";"CALLE SANTA URSULA, 42";"C";"CALLE";"SANTA URSULA";"42";"alojamientosmurmo@gmail.com"; ;"P";"PENSIÓN"; ; ;"5";"10";"NCD";"NO PERTENECE A NINGUNA CADENA";"24/11/2025"; ;"SIEMPRE ABIERTO";"De Lunes a Domingo"
"CV H01600 V";"A";"ALTA"; ; ;"NIU";"46";"VALÈNCIA";"089";"CASINOS";"EL CAMP DE TURIA";"46171";"PLAZA JUAN ROCHER, 1";"PL";"PLAZA";"JUAN ROCHER";"1";"jesusmurguialbir@gmail.com"; ;"P";"PENSIÓN"; ; ;"8";"16";"NCD";"NO PERTENECE A NINGUNA CADENA";"17/07/2025"; ;"SIEMPRE ABIERTO";"De Lunes a Domingo"
"CV H01238 V";"A";"ALTA";"0";"PENSIÓN";"BENICADELL";"46";"VALÈNCIA";"090";"CASTELLÓ DE RUGAT";"LA VALL D'ALBAIDA";"46841";"AVENIDA CAMÍ REAL, S/N";"AV";"AVENIDA";"CAMÍ REAL";"S/N"; ; ;"P";"PENSIÓN";"P";"PENSIÓN";"4";"6";"NCD";"NO PERTENECE A NINGUNA CADENA";"29/05/2006"; ;"SIEMPRE ABIERTO";"De Lunes a Domingo"
"CV H00971 V";"B";"BAJA";"0";"PENSIÓN";"BENICADELL";"46";"VALÈNCIA";"090";"CASTELLÓ DE RUGAT";"LA VALL D'ALBAIDA";"46841";"AVENIDA CAMI REAL, S.N";"AV";"AVENIDA";"CAMI REAL";"S.N"; ; ;"P";"PENSIÓN";"P";"PENSIÓN";"4";"6";"NCD";"NO PERTENECE A NINGUNA CADENA";"01/08/1984";"04/08/2004";"SIEMPRE ABIERTO";"De Lunes a Domingo"
"CV H01031 V";"B";"BAJA";"0";"PENSIÓN";"LEYLAND";"46";"VALÈNCIA";"094";"CATARROJA";"L'HORTA SUD";"46470";"CALLE CASTELLON, 001";"C";"CALLE";"CASTELLON";"001"; ; ;"P";"PENSIÓN";"P";"PENSIÓN";"4";"6";"NCD";"NO PERTENECE A NINGUNA CADENA";"11/11/1987";"25/05/1993";"SIEMPRE ABIERTO";"De Lunes a Domingo"
"CV H01169 V";"A";"ALTA";"3";"3 ESTRELLAS";"VIA VALENTIA";"46";"VALÈNCIA";"094";"CATARROJA";"L'HORTA SUD";"46470";"AVENIDA CAMI DEL PORT, S/N";"AV";"AVENIDA";"CAMI DEL PORT";"S/N";"reservas@viavalentia.com";"http://www.viavalentia.com";"H";"HOTEL";"H";"HOTEL";"64";"115";"NCD";"NO PERTENECE A NINGUNA CADENA";"10/09/2002"; ;"SIEMPRE ABIERTO";"De Lunes a Domingo"
"CV H00375 V";"B";"BAJA";"0";"PENSIÓN";"FUENTECHICA";"46";"VALÈNCIA";"095";"CAUDETE DE LAS FUENTES";"LA PLANA DE UTIEL-REQUENA";"46315";"CARRETERA DE MADRID, 000";"CR";"CARRETERA";"DE MADRID";"000"; ; ;"P";"PENSIÓN";"P";"PENSIÓN";"7";"13";"NCD";"NO PERTENECE A NINGUNA CADENA";"16/10/1972";"06/11/1995";"SIEMPRE ABIERTO";"De Lunes a Domingo"
"CV H01283 V";"A";"ALTA";"4";"4 ESTRELLAS";"CONFLUENT HEALT RESORT";"46";"VALÈNCIA";"097";"COFRENTES";"EL VALLE DE COFRENTES-AYORA";"46625";"POLÍGONO POBLADO DE BASTA, S/N";"PO";"POLÍGONO";"POBLADO DE BASTA";"S/N";"etomas_cofrentes@balneario.com";"http://www.balneario.com";"H";"HOTEL";"HB";"HOTEL-BALNEARIO";"51";"104";"NCD";"NO PERTENECE A NINGUNA CADENA";"29/04/2009"; ;"SIEMPRE ABIERTO";"De Lunes a Domingo"
"CV H01082 V";"A";"ALTA";"0";"PENSIÓN";"TORRALBA";"46";"VALÈNCIA";"097";"COFRENTES";"EL VALLE DE COFRENTES-AYORA";"46625";"CALLE SANTA ANA, 3";"C";"CALLE";"SANTA ANA";"3";"rtorral@teleline.es"; ;"P";"PENSIÓN"; ; ;"10";"19";"NCD";"NO PERTENECE A NINGUNA CADENA";"28/02/1994"; ;"SIEMPRE ABIERTO";"De Lunes a Domingo"
"CV H01005 V";"B";"BAJA";"0";"PENSIÓN";"COLMENA, LA";"46";"VALÈNCIA";"099";"CORTES DE PALLÁS";"EL VALLE DE COFRENTES-AYORA";"46199";"MAYOR-ALDEA EL ORO, S.N"; ; ;"MAYOR-ALDEA EL ORO";"S.N"; ; ;"P";"PENSIÓN";"P";"PENSIÓN";"16";"28";"NCD";"NO PERTENECE A NINGUNA CADENA";"05/12/1986";"20/10/1992";"SIEMPRE ABIERTO";"De Lunes a Domingo"
"CV H01021 V";"B";"BAJA";"2";"2 ESTRELLAS";"CUATRO CAMINOS";"46";"VALÈNCIA";"099";"CORTES DE PALLÁS";"EL VALLE DE COFRENTES-AYORA";"46199";"CALLE PARAJE CUATRO CAMINOS, S.N";"C";"CALLE";"PARAJE CUATRO CAMINOS";"S.N"; ; ;"H";"HOTEL";"H";"HOTEL";"0"; ;"NCD";"NO PERTENECE A NINGUNA CADENA";"29/04/1987";"30/05/1991";"SIEMPRE ABIERTO";"De Lunes a Domingo"
"CV H01313 V";"A";"ALTA";"0";"PENSIÓN";"EL RINCON DE CORTES";"46";"VALÈNCIA";"099";"CORTES DE PALLÁS";"EL VALLE DE COFRENTES-AYORA";"46199";"CALLE LOS PASOS, 1";"C";"CALLE";"LOS PASOS";"1";"hostalchema@gamil.com";"http://www.restaurantechema.es/";"P";"PENSIÓN";"P";"PENSIÓN";"9";"18";"NCD";"NO PERTENECE A NINGUNA CADENA";"23/09/2010"; ;"SIEMPRE ABIERTO";"De Lunes a Domingo"
"CV H00967 V";"B";"BAJA";"0";"PENSIÓN";"FORTUNATO";"46";"VALÈNCIA";"099";"CORTES DE PALLÁS";"EL VALLE DE COFRENTES-AYORA";"46199";"AVENIDA DR.SANCHEZ URZAIN, 000";"AV";"AVENIDA";"DR.SANCHEZ URZAIN";"000"; ; ;"P";"PENSIÓN";"P";"PENSIÓN";"0"; ;"NCD";"NO PERTENECE A NINGUNA CADENA";"18/01/1982";"09/01/1992";"SIEMPRE ABIERTO";"De Lunes a Domingo"
"CV H01028 V";"A";"ALTA";"0";"PENSIÓN";"FORTUNATO II";"46";"VALÈNCIA";"099";"CORTES DE PALLÁS";"EL VALLE DE COFRENTES-AYORA";"46199";"CALLE DE LA CONSTITUCION, 22";"C";"CALLE";"DE LA CONSTITUCION";"22";"beca_perez@hotmail.com"; ;"P";"PENSIÓN";"P";"PENSIÓN";"5";"9";"NCD";"NO PERTENECE A NINGUNA CADENA";"23/06/1988"; ;"SIEMPRE ABIERTO";"De Lunes a Domingo"
"CV H01020 V";"B";"BAJA";"0";"PENSIÓN";"LA PEÑA";"46";"VALÈNCIA";"099";"CORTES DE PALLÁS";"EL VALLE DE COFRENTES-AYORA";"46199";"CALLE EXTRAMUROS, S.N";"C";"CALLE";"EXTRAMUROS";"S.N"; ; ;"P";"PENSIÓN";"P";"PENSIÓN";"49";"73";"NCD";"NO PERTENECE A NINGUNA CADENA";"03/11/1988";"27/07/1993";"SIEMPRE ABIERTO";"De Lunes a Domingo"
"CV H00782 V";"B";"BAJA";"0";"PENSIÓN";"BOROBIA";"46";"VALÈNCIA";"102";"QUART DE POBLET";"L'HORTA OEST";"46930";"CALLE SANT MIQUEL, S/N";"C";"CALLE";"SANT MIQUEL";"S/N"; ; ;"P";"PENSIÓN";"P";"PENSIÓN";"30";"42";"NCD";"NO PERTENECE A NINGUNA CADENA";"05/07/1974";"09/05/1997";"SIEMPRE ABIERTO";"De Lunes a Domingo"
"CV H01236 V";"A";"ALTA";"4";"4 ESTRELLAS";"XON'S VALENCIA";"46";"VALÈNCIA";"102";"QUART DE POBLET";"L'HORTA OEST";"46930";"AVENIDA COMARQUES DEL PAIS VALENCIA, 151";"AV";"AVENIDA";"COMARQUES DEL PAIS VALENCIA";"151";"valencia@xonshotels.com";"http://www.xonshotels.com";"H";"HOTEL";"H";"HOTEL";"125";"252";"NCD";"NO PERTENECE A NINGUNA CADENA";"19/05/2006"; ;"SIEMPRE ABIERTO";"De Lunes a Domingo"
"CV H00560 V";"B";"BAJA";"1";"1 ESTRELLA";"VALLES, LOS";"46";"VALÈNCIA";"103";"QUARTELL";"EL CAMP DE MORVEDRE";"46510";"CARRETERA NACIONAL 340, KM3";"CR";"CARRETERA";"NACIONAL 340";"KM3"; ; ;"H";"HOTEL";"H";"HOTEL";"10";"19";"NCD";"NO PERTENECE A NINGUNA CADENA";"04/11/1969";"14/09/1999";"15/07 - 30/08";"De Lunes a Domingo"
"CV H01108 V";"A";"ALTA";"1";"1 ESTRELLA";"ACUAMAR PLAYAMAR";"46";"VALÈNCIA";"105";"CULLERA";"LA RIBERA BAIXA";"46400";"AVENIDA BLASCO IBAÑEZ, 9";"AV";"AVENIDA";"BLASCO IBAÑEZ";"9";"info@hostalplayamar.es";"http://www.hostalplayamar.es";"HS";"HOSTAL";"SR";"HOSTAL-RESIDENCIA";"11";"19";"NCD";"NO PERTENECE A NINGUNA CADENA";"15/10/1996"; ;"15/03 - 30/09";"De Lunes a Domingo"
"CV H01034 V";"B";"BAJA";"1";"1 ESTRELLA";"ANAMAR";"46";"VALÈNCIA";"105";"CULLERA";"LA RIBERA BAIXA";"46400";"AVENIDA BLASCO IBAÑEZ, 14";"AV";"AVENIDA";"BLASCO IBAÑEZ";"14"; ; ;"HS";"HOSTAL";"SR";"HOSTAL-RESIDENCIA";"6";"10";"NCD";"NO PERTENECE A NINGUNA CADENA";"02/12/1988";"31/05/2010";"01/04 - 30/09";"De Lunes a Domingo"
"CV H01465 V";"A";"ALTA"; ; ;"BLAU CAFE I HABITACIONS";"46";"VALÈNCIA";"105";"CULLERA";"LA RIBERA BAIXA";"46400";"PASEO DOCTOR ALEMANY, 21";"PA";"PASEO";"DOCTOR ALEMANY";"21";"info@blaucullera.com";"https://blaucullera.com";"P";"PENSIÓN"; ; ;"3";"6";"NCD";"NO PERTENECE A NINGUNA CADENA";"18/08/2021"; ;"SIEMPRE ABIERTO";"De Lunes a Domingo"
"CV H00923 V";"A";"ALTA";"2";"2 ESTRELLAS";"BLUE SEA FARO CULLERA";"46";"VALÈNCIA";"105";"CULLERA";"LA RIBERA BAIXA";"46400";"CALLE RELLANO S. ANTONIO, 2";"C";"CALLE";"RELLANO S. ANTONIO";"2";"info@hotel-imperial.es";"http://www.hotel-imperial.es";"H";"HOTEL";"H";"HOTEL";"35";"68";"NCD";"NO PERTENECE A NINGUNA CADENA";"26/12/1977"; ;"SIEMPRE ABIERTO";"De Lunes a Domingo"
"CV H00771 V";"B";"BAJA";"1";"1 ESTRELLA";"CAMBER";"46";"VALÈNCIA";"105";"CULLERA";"LA RIBERA BAIXA";"46400";"CALLE MAESTRO SERRANO, 39";"C";"CALLE";"MAESTRO SERRANO";"39"; ; ;"HS";"HOSTAL";"HS";"HOSTAL";"11";"22";"NCD";"NO PERTENECE A NINGUNA CADENA";"17/05/1973";"06/07/1998";"SIEMPRE ABIERTO";"De Lunes a Domingo"
"CV H01010 V";"A";"ALTA";"2";"2 ESTRELLAS";"CARABELA II";"46";"VALÈNCIA";"105";"CULLERA";"LA RIBERA BAIXA";"46400";"AVENIDA PAIS VALENCIANO, 49";"AV";"AVENIDA";"PAIS VALENCIANO";"49";"info@hotelcarabela2.com";"http://www.hotelcarabela2.com/";"H";"HOTEL";"H";"HOTEL";"15";"24";"NCD";"NO PERTENECE A NINGUNA CADENA";"02/05/1986"; ;"SIEMPRE ABIERTO";"De Lunes a Domingo"
"CV H01133 V";"A";"ALTA";"0";"PENSIÓN";"CARMEN HABITACIONES";"46";"VALÈNCIA";"105";"CULLERA";"LA RIBERA BAIXA";"46400";"AVENIDA BLASCO IBAÑEZ, 8";"AV";"AVENIDA";"BLASCO IBAÑEZ";"8";"pensioncarmen@cgts.net";"http://www.pensioncarmen.com";"P";"PENSIÓN";"P";"PENSIÓN";"4";"6";"NCD";"NO PERTENECE A NINGUNA CADENA";"23/05/2000"; ;"SIEMPRE ABIERTO";"De Lunes a Domingo"
"CV H00654 V";"A";"ALTA";"0";"PENSIÓN";"CASTELLANA";"46";"VALÈNCIA";"105";"CULLERA";"LA RIBERA BAIXA";"46400";"CALLE CAMINAS DELS HOMENS, 13";"C";"CALLE";"CAMINAS DELS HOMENS";"13"; ; ;"P";"PENSIÓN";"P";"PENSIÓN";"7";"17";"NCD";"NO PERTENECE A NINGUNA CADENA";"07/01/1970"; ;"01/06 - 30/09";"De Lunes a Domingo"
"CV H00824 V";"A";"ALTA";"3";"3 ESTRELLAS";"CHALET, EL";"46";"VALÈNCIA";"105";"CULLERA";"LA RIBERA BAIXA";"46408";"CALLE JOAQUIN RODRIGO VIDRE, 7";"C";"CALLE";"JOAQUIN RODRIGO VIDRE";"7";"info@holelelchalet.com"; ;"H";"HOTEL";"H";"HOTEL";"21";"33";"NCD";"NO PERTENECE A NINGUNA CADENA";"12/06/1975"; ;"SIEMPRE ABIERTO";"De Lunes a Domingo"
"CV H00777 V";"B";"BAJA";"1";"1 ESTRELLA";"COLON";"46";"VALÈNCIA";"105";"CULLERA";"LA RIBERA BAIXA";"46400";"CALLE COLON, 21";"C";"CALLE";"COLON";"21"; ; ;"HS";"HOSTAL";"HS";"HOSTAL";"24";"48";"NCD";"NO PERTENECE A NINGUNA CADENA";"31/03/1973";"21/05/2002";"SIEMPRE ABIERTO";"De Lunes a Domingo"
"CV H00838 V";"A";"ALTA";"1";"1 ESTRELLA";"CORDOBES,EL";"46";"VALÈNCIA";"105";"CULLERA";"LA RIBERA BAIXA";"46400";"CARRETERA DEL ESTANY, S.N";"CR";"CARRETERA";"DEL ESTANY";"S.N"; ; ;"HS";"HOSTAL";"HS";"HOSTAL";"15";"30";"NCD";"NO PERTENECE A NINGUNA CADENA";"20/01/1975"; ;"SIEMPRE ABIERTO";"De Lunes a Domingo"
"CV H01192 V";"A";"ALTA";"2";"2 ESTRELLAS";"COSTA SAN ANTONIO";"46";"VALÈNCIA";"105";"CULLERA";"LA RIBERA BAIXA";"46400";"CALLE CHURRUCA (RELLANO S. ANTONIO SUBIDA CASTILLO 1º), 18";"C";"CALLE";"CHURRUCA (RELLANO S. ANTONIO SUBIDA CASTILLO 1º)";"18";"info@hotelcostasanantonio.com";"http://www.hotelcostasanantonio.com";"H";"HOTEL";"H";"HOTEL";"18";"34";"NCD";"NO PERTENECE A NINGUNA CADENA";"26/02/2004"; ;"SIEMPRE ABIERTO";"De Lunes a Domingo"
"CV H01298 V";"A";"ALTA";"4";"4 ESTRELLAS";"CULLERA HOLIDAY";"46";"VALÈNCIA";"105";"CULLERA";"LA RIBERA BAIXA";"46400";"AVENIDA DEL RACO, 27";"AV";"AVENIDA";"DEL RACO";"27";"reservas@culleraholiday.com";"http://www.culleraholiday.com";"H";"HOTEL";"H";"HOTEL";"126";"254";"NCD";"NO PERTENECE A NINGUNA CADENA";"01/04/2010"; ;"SIEMPRE ABIERTO";"De Lunes a Domingo"
"CV H00832 V";"B";"BAJA";"2";"2 ESTRELLAS";"DON CARLOS II";"46";"VALÈNCIA";"105";"CULLERA";"LA RIBERA BAIXA";"46400";"CALLE CABA$AL, 001";"C";"CALLE";"CABA$AL";"001"; ; ;"H";"HOTEL";"H";"HOTEL";"39";"63";"NCD";"NO PERTENECE A NINGUNA CADENA";"16/07/1974";"16/06/1992";"SIEMPRE ABIERTO";"De Lunes a Domingo"
"CV H00392 V";"B";"BAJA";"1";"1 ESTRELLA";"EL SIGLO";"46";"VALÈNCIA";"105";"CULLERA";"LA RIBERA BAIXA";"46400";"CALLE MAESTRO VALLS, 000";"C";"CALLE";"MAESTRO VALLS";"000"; ; ;"HS";"HOSTAL";"HS";"HOSTAL";"37";"57";"NCD";"NO PERTENECE A NINGUNA CADENA";"16/12/1964";"12/04/1994";"SIEMPRE ABIERTO";"De Lunes a Domingo"
"CV H00953 V";"B";"BAJA";"1";"1 ESTRELLA";"GAMIR";"46";"VALÈNCIA";"105";"CULLERA";"LA RIBERA BAIXA";"46400";"CALLE CABA$AL, 001";"C";"CALLE";"CABA$AL";"001"; ; ;"HS";"HOSTAL";"HS";"HOSTAL";"5";"8";"NCD";"NO PERTENECE A NINGUNA CADENA";"26/08/1980";"10/11/1993";"01/07 - 30/09";"De Lunes a Domingo"
"CV H01138 V";"A";"ALTA";"3";"3 ESTRELLAS";"IMPERIAL";"46";"VALÈNCIA";"105";"CULLERA";"LA RIBERA BAIXA";"46400";"CALLE RELLANO SAN ANTONIO, 4";"C";"CALLE";"RELLANO SAN ANTONIO";"4";"reservas@elhotelimperial.es";"https://elhotelimperial.es/es";"H";"HOTEL";"H";"HOTEL";"34";"64";"NCD";"NO PERTENECE A NINGUNA CADENA";"12/09/2000"; ;"SIEMPRE ABIERTO";"De Lunes a Domingo"
"CV H00986 V";"B";"BAJA";"0";"PENSIÓN";"J.R.";"46";"VALÈNCIA";"105";"CULLERA";"LA RIBERA BAIXA";"46400";"CALLE POETA M.HERNANDEZ-EDIF.PARIS, S.N";"C";"CALLE";"POETA M.HERNANDEZ-EDIF.PARIS";"S.N"; ; ;"P";"PENSIÓN";"P";"PENSIÓN";"4";"5";"NCD";"NO PERTENECE A NINGUNA CADENA";"02/11/1983";"11/11/1994";"01/06 - 30/09";"De Lunes a Domingo"
"CV H00891 V";"A";"ALTA";"2";"2 ESTRELLAS";"L'ESCALA";"46";"VALÈNCIA";"105";"CULLERA";"LA RIBERA BAIXA";"46408";"CALLE MARQUÉS DE LA ROMANA, 4";"C";"CALLE";"MARQUÉS DE LA ROMANA";"4"; ; ;"H";"HOTEL";"H";"HOTEL";"34";"59";"NCD";"NO PERTENECE A NINGUNA CADENA";"10/01/1977"; ;"SIEMPRE ABIERTO";"De Lunes a Domingo"
"CV H00979 V";"B";"BAJA";"0";"PENSIÓN";"LA PONDEROSA";"46";"VALÈNCIA";"105";"CULLERA";"LA RIBERA BAIXA";"46400";"CALLE 25 D,ABRIL, 007";"C";"CALLE";"25 D,ABRIL";"007"; ; ;"P";"PENSIÓN";"P";"PENSIÓN";"5";"10";"NCD";"NO PERTENECE A NINGUNA CADENA";"16/05/1983";"02/11/1992";"SIEMPRE ABIERTO";"De Lunes a Domingo"
"CV H00951 V";"A";"ALTA";"2";"2 ESTRELLAS";"LA REINA";"46";"VALÈNCIA";"105";"CULLERA";"LA RIBERA BAIXA";"46400";"AVENIDA PAIS VALENCIA (ZONA SAN ANTONIO), 59";"AV";"AVENIDA";"PAIS VALENCIA (ZONA SAN ANTONIO)";"59"; ; ;"H";"HOTEL";"H";"HOTEL";"10";"20";"NCD";"NO PERTENECE A NINGUNA CADENA";"12/12/1980"; ;"SIEMPRE ABIERTO";"De Lunes a Domingo"
"CV H00584 V";"B";"BAJA";"1";"1 ESTRELLA";"LAMA";"46";"VALÈNCIA";"105";"CULLERA";"LA RIBERA BAIXA";"46400";"CALLE CABA$AL, 000";"C";"CALLE";"CABA$AL";"000"; ; ;"HS";"HOSTAL";"HS";"HOSTAL";"15";"22";"NCD";"NO PERTENECE A NINGUNA CADENA";"31/10/1969";"11/11/1994";"01/06 - 30/09";"De Lunes a Domingo"
"CV H01204 V";"A";"ALTA";"1";"1 ESTRELLA";"LIBERTADOR";"46";"VALÈNCIA";"105";"CULLERA";"LA RIBERA BAIXA";"46400";"CALLE MAESTRO SERRANO, 2";"C";"CALLE";"MAESTRO SERRANO";"2"; ; ;"H";"HOTEL";"H";"HOTEL";"11";"20";"NCD";"NO PERTENECE A NINGUNA CADENA";"26/07/2004"; ;"01/06 - 30/09";"De Lunes a Domingo"
"CV H00416 V";"A";"ALTA";"2";"2 ESTRELLAS";"LUNA DE GAVIN";"46";"VALÈNCIA";"105";"CULLERA";"LA RIBERA BAIXA";"46400";"CALLE CABAÑAL, 5";"C";"CALLE";"CABAÑAL";"5";"hola@hotellunadegavin.com";"https://hotellunadegavin.com";"HS";"HOSTAL";"SR";"HOSTAL-RESIDENCIA";"12";"24";"NCD";"NO PERTENECE A NINGUNA CADENA";"05/05/1974"; ;"SIEMPRE ABIERTO";"De Lunes a Domingo"
"CV H00787 V";"B";"BAJA";"1";"1 ESTRELLA";"MARAVILLA";"46";"VALÈNCIA";"105";"CULLERA";"LA RIBERA BAIXA";"46400";"CALLE STA. MARIA DE LA CABEZA, 001";"C";"CALLE";"STA. MARIA DE LA CABEZA";"001"; ; ;"HS";"HOSTAL";"HS";"HOSTAL";"8";"16";"NCD";"NO PERTENECE A NINGUNA CADENA";"06/09/1973";"18/06/1997";"SIEMPRE ABIERTO";"De Lunes a Domingo"
"CV H00537 V";"B";"BAJA";"0";"PENSIÓN";"MILLAN";"46";"VALÈNCIA";"105";"CULLERA";"LA RIBERA BAIXA";"46400";"CALLE PESCADORS, 000";"C";"CALLE";"PESCADORS";"000"; ; ;"P";"PENSIÓN";"P";"PENSIÓN";"6";"11";"NCD";"NO PERTENECE A NINGUNA CADENA";"27/06/1967";"28/04/1997";"SIEMPRE ABIERTO";"De Lunes a Domingo"
"CV H00587 V";"B";"BAJA";"1";"1 ESTRELLA";"PAZ, LA";"46";"VALÈNCIA";"105";"CULLERA";"LA RIBERA BAIXA";"46400";"CALLE JOAN GARCES, 39";"C";"CALLE";"JOAN GARCES";"39"; ; ;"HS";"HOSTAL";"SR";"HOSTAL-RESIDENCIA";"8";"12";"NCD";"NO PERTENECE A NINGUNA CADENA";"29/07/1969";"05/04/2001";"01/07 - 31/08";"De Lunes a Domingo"
"CV H01123 V";"A";"ALTA";"4";"4 ESTRELLAS";"SANTAMARTA";"46";"VALÈNCIA";"105";"CULLERA";"LA RIBERA BAIXA";"46400";"AVENIDA DEL RACÓ, 52";"AV";"AVENIDA";"DEL RACÓ";"52";"dirección.santamarta@torsehoteles.com";"www.torsehoteles.com";"H";"HOTEL";"H";"HOTEL";"199";"400";"NCD";"NO PERTENECE A NINGUNA CADENA";"29/09/1999"; ;"SIEMPRE ABIERTO";"De Lunes a Domingo"
"CV H00044 V";"A";"ALTA";"3";"3 ESTRELLAS";"SICANIA";"46";"VALÈNCIA";"105";"CULLERA";"LA RIBERA BAIXA";"46400";"CARRETERA DEL FARO-PLAYA DEL RACO, S/N";"CR";"CARRETERA";"DEL FARO-PLAYA DEL RACO";"S/N";"hotelsicania@hotelsicania.com";"http://www.hotelsicania.com";"H";"HOTEL";"H";"HOTEL";"116";"220";"NCD";"NO PERTENECE A NINGUNA CADENA";"10/04/1961"; ;"SIEMPRE ABIERTO";"De Lunes a Domingo"
"CV H00438 V";"B";"BAJA";"3";"3 ESTRELLAS";"SUMMA CULLERA";"46";"VALÈNCIA";"105";"CULLERA";"LA RIBERA BAIXA";"46408";"PARTIDA DEL DOSELL, 2";"PD";"PARTIDA";"DEL DOSELL";"2"; ; ;"H";"HOTEL";"H";"HOTEL";"30";"46";"NCD";"NO PERTENECE A NINGUNA CADENA";"30/07/1964";"12/02/2007";"SIEMPRE ABIERTO";"De Lunes a Domingo"
"CV H01048 V";"A";"ALTA";"1";"1 ESTRELLA";"THE CORNER OF DREAMS";"46";"VALÈNCIA";"105";"CULLERA";"LA RIBERA BAIXA";"46408";"CALLE JOAQUIN RODRIGO VIDRE, 1";"C";"CALLE";"JOAQUIN RODRIGO VIDRE";"1";"thecornerofdreams.cullera@gmail.com"; ;"H";"HOTEL";"H";"HOTEL";"9";"16";"NCD";"NO PERTENECE A NINGUNA CADENA";"07/01/1991"; ;"SIEMPRE ABIERTO";"De Lunes a Domingo"
"CV H00455 V";"B";"BAJA";"1";"1 ESTRELLA";"TORRE, LA";"46";"VALÈNCIA";"105";"CULLERA";"LA RIBERA BAIXA";"46400";"CALLE VALENCIA, 000";"C";"CALLE";"VALENCIA";"000"; ; ;"HS";"HOSTAL";"HS";"HOSTAL";"0"; ;"NCD";"NO PERTENECE A NINGUNA CADENA";"15/12/1964";"02/01/1992";"SIEMPRE ABIERTO";"De Lunes a Domingo"
"CV H00347 V";"B";"BAJA";"2";"2 ESTRELLAS";"LA POSADA";"46";"VALÈNCIA";"106";"CHELVA";"LOS SERRANOS";"46176";"AVENIDA MADEREROS, 20";"AV";"AVENIDA";"MADEREROS";"20";"reservas@laposadadechelva.es";"http://www.laposadadechelva.es";"H";"HOTEL";"H";"HOTEL";"20";"36";"NCD";"NO PERTENECE A NINGUNA CADENA";"05/10/1961";"02/08/2021";"SIEMPRE ABIERTO";"De Lunes a Domingo"
"CV H01286 V";"A";"ALTA";"1";"1 ESTRELLA";"FIDEL";"46";"VALÈNCIA";"108";"CHERA";"LA PLANA DE UTIEL-REQUENA";"46350";"CALLE DE LA FUENTE, 58";"C";"CALLE";"DE LA FUENTE";"58";"hfidelchera@gmail.com";"hostalfidel.es";"HS";"HOSTAL";"HS";"HOSTAL";"19";"46";"NCD";"NO PERTENECE A NINGUNA CADENA";"23/07/2009"; ;"SIEMPRE ABIERTO";"De Lunes a Domingo"
"CV H01331 V";"B";"BAJA";"0";"PENSIÓN";"LA POSADA";"46";"VALÈNCIA";"108";"CHERA";"LA PLANA DE UTIEL-REQUENA";"46350";"CALLE PISCINA, 11";"C";"CALLE";"PISCINA";"11";"info@casonafuentedelbarrio.es";"http://www.casonafuentedelbarrio.es";"P";"PENSIÓN";"P";"PENSIÓN";"7";"20";"NCD";"NO PERTENECE A NINGUNA CADENA";"15/06/2012";"18/12/2012";"SIEMPRE ABIERTO";"De Lunes a Domingo"
"CV H01215 V";"A";"ALTA";"2";"2 ESTRELLAS";"CASA TORRIJOS";"46";"VALÈNCIA";"109";"CHESTE";"LA HOYA DE BUÑOL";"46380";"POLÍGONO CASTILLA "AREA DE SERVICIOS", 2-6";"PO";"POLÍGONO";"CASTILLA "AREA DE SERVICIOS"";"2-6";"reservas@hoteltorrijos.com";"http://www.hoteltorrijos.com";"HS";"HOSTAL";"SR";"HOSTAL-RESIDENCIA";"60";"68";"NCD";"NO PERTENECE A NINGUNA CADENA";"21/12/2004"; ;"SIEMPRE ABIERTO";"De Lunes a Domingo"
"CV H01207 V";"B";"BAJA";"0";"PENSIÓN";"CHESTE";"46";"VALÈNCIA";"109";"CHESTE";"LA HOYA DE BUÑOL";"46380";"CALLE GODELLETA, 19";"C";"CALLE";"GODELLETA";"19"; ; ;"P";"PENSIÓN";"P";"PENSIÓN";"17";"27";"NCD";"NO PERTENECE A NINGUNA CADENA";"27/09/2004";"26/01/2022";"SIEMPRE ABIERTO";"De Lunes a Domingo"
"CV H00536 V";"A";"ALTA";"0";"PENSIÓN";"PUERTA DEL SOL";"46";"VALÈNCIA";"109";"CHESTE";"LA HOYA DE BUÑOL";"46380";"CALLE CHIVA, 2";"C";"CALLE";"CHIVA";"2"; ; ;"P";"PENSIÓN";"P";"PENSIÓN";"5";"9";"NCD";"NO PERTENECE A NINGUNA CADENA";"15/06/1967"; ;"SIEMPRE ABIERTO";"De Lunes a Domingo"
"CV H00878 V";"A";"ALTA";"0";"PENSIÓN";"GARCIA";"46";"VALÈNCIA";"110";"XIRIVELLA";"L'HORTA OEST";"46950";"CALLE RAMON Y CAJAL, 11";"C";"CALLE";"RAMON Y CAJAL";"11"; ; ;"P";"PENSIÓN";"P";"PENSIÓN";"4";"6";"NCD";"NO PERTENECE A NINGUNA CADENA";"26/01/1977"; ;"SIEMPRE ABIERTO";"De Lunes a Domingo"
"CV H00486 V";"A";"ALTA";"0";"PENSIÓN";"ALARCON";"46";"VALÈNCIA";"111";"CHIVA";"LA HOYA DE BUÑOL";"46370";"AVENIDA ANTIGUO REINO DE VALENCIA, 4";"AV";"AVENIDA";"ANTIGUO REINO DE VALENCIA";"4"; ; ;"P";"PENSIÓN";"P";"PENSIÓN";"16";"32";"NCD";"NO PERTENECE A NINGUNA CADENA";"25/05/1966"; ;"SIEMPRE ABIERTO";"De Lunes a Domingo"
"CV H00763 V";"A";"ALTA";"3";"3 ESTRELLAS";"CARRETA, LA";"46";"VALÈNCIA";"111";"CHIVA";"LA HOYA DE BUÑOL";"46370";"CARRETERA  NACIONAL III, KM334";"CR";"CARRETERA";"NACIONAL III";"KM334";"reservas@hotel-lacarreta.com";"http://www.hotel-lacarreta.com";"H";"HOTEL";"H";"HOTEL";"80";"160";"NCD";"NO PERTENECE A NINGUNA CADENA";"14/03/1972"; ;"SIEMPRE ABIERTO";"De Lunes a Domingo"
"CV H00424 V";"B";"BAJA";"0";"PENSIÓN";"IGNACIO";"46";"VALÈNCIA";"111";"CHIVA";"LA HOYA DE BUÑOL";"46370";"CARRETERA MADRID-VALENCIA, KM311";"CR";"CARRETERA";"MADRID-VALENCIA";"KM311"; ; ;"P";"PENSIÓN";"P";"PENSIÓN";"10";"13";"NCD";"NO PERTENECE A NINGUNA CADENA";"20/01/1970";"30/05/2008";"SIEMPRE ABIERTO";"De Lunes a Domingo"
"CV H01161 V";"A";"ALTA";"3";"3 ESTRELLAS";"IGNACIO";"46";"VALÈNCIA";"111";"CHIVA";"LA HOYA DE BUÑOL";"46370";"CARRETERA MADRID-VALENCIA, KM.311";"CR";"CARRETERA";"MADRID-VALENCIA";"KM.311";"info@hotelignacio.com";"http://www.hotelignacio.com";"H";"HOTEL";"H";"HOTEL";"30";"59";"NCD";"NO PERTENECE A NINGUNA CADENA";"03/02/2002"; ;"SIEMPRE ABIERTO";"De Lunes a Domingo"
"CV H01067 V";"A";"ALTA";"1";"1 ESTRELLA";"LA ORZA";"46";"VALÈNCIA";"111";"CHIVA";"LA HOYA DE BUÑOL";"46370";"AVENIDA DR. CORACHAN, S/N";"AV";"AVENIDA";"DR. CORACHAN";"S/N"; ; ;"H";"HOTEL";"H";"HOTEL";"22";"42";"NCD";"NO PERTENECE A NINGUNA CADENA";"23/10/1992"; ;"SIEMPRE ABIERTO";"De Lunes a Domingo"
"CV H00579 V";"B";"BAJA";"1";"1 ESTRELLA";"LOMA DEL CASTILLO";"46";"VALÈNCIA";"111";"CHIVA";"LA HOYA DE BUÑOL";"46370";"MADRID-VALENCIA KM 321, S.N"; ; ;"MADRID-VALENCIA KM 321";"S.N"; ; ;"HS";"HOSTAL";"HS";"HOSTAL";"16";"32";"NCD";"NO PERTENECE A NINGUNA CADENA";"02/09/1969";"12/04/1994";"SIEMPRE ABIERTO";"De Lunes a Domingo"
"CV H01427 V";"B";"BAJA"; ; ;"B&B CHULITA";"46";"VALÈNCIA";"112";"CHULILLA";"LOS SERRANOS";"46167";"CALLE LAS CRUCES, 15";"C";"CALLE";"LAS CRUCES";"15";"hans_t@hotmail.com"; ;"P";"PENSIÓN"; ; ;"2";"4";"NCD";"NO PERTENECE A NINGUNA CADENA";"26/07/2019";"19/11/2023";"SIEMPRE ABIERTO";"De Lunes a Domingo"
"CV H00541 V";"B";"BAJA";"2";"2 ESTRELLAS";"BALNEARIO DE CHULILLA";"46";"VALÈNCIA";"112";"CHULILLA";"LOS SERRANOS";"46167";"CALLE AFUERAS, S/N";"C";"CALLE";"AFUERAS";"S/N";"balneario@balneariodechulilla.com";"http://www.balneariodechulilla.com";"H";"HOTEL";"H";"HOTEL";"100";"187";"NCD";"NO PERTENECE A NINGUNA CADENA";"04/04/1967";"05/04/2019";"20/02 - 20/12";"De Lunes a Domingo"
"CV H01104 V";"A";"ALTA";"1";"1 ESTRELLA";"EL POZO";"46";"VALÈNCIA";"112";"CHULILLA";"LOS SERRANOS";"46167";"CALLE ARRABAL, 7";"C";"CALLE";"ARRABAL";"7";"info@hostalelpozo.com";"http://www.hostalelpozo.com";"HS";"HOSTAL";"SR";"HOSTAL-RESIDENCIA";"5";"9";"NCD";"NO PERTENECE A NINGUNA CADENA";"04/06/1996"; ;"SIEMPRE ABIERTO";"De Lunes a Domingo"
"CV H00213 V";"B";"BAJA";"1";"1 ESTRELLA";"PINOS, LOS";"46";"VALÈNCIA";"112";"CHULILLA";"LOS SERRANOS";"46167";"CALLE ARCA MAYOR, S.N";"C";"CALLE";"ARCA MAYOR";"S.N";"asteder.@teleline.es"; ;"HS";"HOSTAL";"HS";"HOSTAL";"8";"16";"NCD";"NO PERTENECE A NINGUNA CADENA";"03/05/1974";"03/10/2002";"SIEMPRE ABIERTO";"De Lunes a Domingo"
"CV H00479 V";"B";"BAJA";"1";"1 ESTRELLA";"OLIMPICO";"46";"VALÈNCIA";"113";"DAIMÚS";"LA SAFOR";"46710";"CALLE FRANCISCO PONS, 000";"C";"CALLE";"FRANCISCO PONS";"000"; ; ;"HS";"HOSTAL";"SR";"HOSTAL-RESIDENCIA";"16";"32";"NCD";"NO PERTENECE A NINGUNA CADENA";"22/04/1966";"18/01/1996";"01/04 - 30/09";"De Lunes a Domingo"
"CV H00429 V";"A";"ALTA";"1";"1 ESTRELLA";"BALNEARIO DE VERCHE";"46";"VALÈNCIA";"114";"DOMEÑO";"LOS SERRANOS";"46175";"CARRETERA VALENCIA-ADEMUZ, KM 56.5";"CR";"CARRETERA";"VALENCIA-ADEMUZ, KM 56.5"; ;"infoverche@balnearioverche.com";"http://www.balnearioverche.com";"H";"HOTEL";"H";"HOTEL";"29";"57";"NCD";"NO PERTENECE A NINGUNA CADENA";"11/02/1965"; ;"15/02 - 15/12";"De Lunes a Domingo"
"CV H01162 V";"A";"ALTA";"1";"1 ESTRELLA";"DEL OLIVAR";"46";"VALÈNCIA";"115";"DOS AGUAS";"LA HOYA DE BUÑOL";"46198";"PARTIDA PARIDERA ROYA, S/N";"PD";"PARTIDA";"PARIDERA ROYA";"S/N"; ; ;"HS";"HOSTAL";"HS";"HOSTAL";"16";"31";"NCD";"NO PERTENECE A NINGUNA CADENA";"08/05/2002"; ;"SIEMPRE ABIERTO";"De Lunes a Domingo"
"CV H01092 V";"A";"ALTA";"1";"1 ESTRELLA";"LEPANTO";"46";"VALÈNCIA";"115";"DOS AGUAS";"LA HOYA DE BUÑOL";"46198";"AVENIDA LEPANTO, 12";"AV";"AVENIDA";"LEPANTO";"12"; ; ;"HS";"HOSTAL";"HS";"HOSTAL";"9";"16";"NCD";"NO PERTENECE A NINGUNA CADENA";"05/09/1994"; ;"SIEMPRE ABIERTO";"De Lunes a Domingo"
"CV H01183 V";"B";"BAJA";"3";"3 ESTRELLAS";"ELIANA PARK";"46";"VALÈNCIA";"116";"L'ELIANA";"EL CAMP DE TURIA";"46183";"AVENIDA MARIA ZAMBRANO, 2";"AV";"AVENIDA";"MARIA ZAMBRANO";"2";"hotelelianapark@hotelelianapark.com";"http://www.hotelelianapark.com";"H";"HOTEL";"H";"HOTEL";"95";"189";"DOM";"DOMUS HOTELES";"08/09/2003";"21/04/2015";"SIEMPRE ABIERTO";"De Lunes a Domingo"
"CV H01134 V";"A";"ALTA";"3";"3 ESTRELLAS";"IRIS";"46";"VALÈNCIA";"116";"L'ELIANA";"EL CAMP DE TURIA";"46183";"CALLE SANCHIS BERGON, 16";"C";"CALLE";"SANCHIS BERGON";"16";"hoteliris@yahoo.es";"http://www.hoteliris.info";"H";"HOTEL";"H";"HOTEL";"11";"19";"NCD";"NO PERTENECE A NINGUNA CADENA";"19/06/2000"; ;"SIEMPRE ABIERTO";"De Lunes a Domingo"
"CV H01145 V";"B";"BAJA";"3";"3 ESTRELLAS";"PORTAL DEL CAROIG";"46";"VALÈNCIA";"118";"ENGUERA";"LA CANAL DE NAVARRÉS";"46810";"CARRETERA GANDÍA-AYORA,KM.51";"CR";"CARRETERA";"GANDÍA-AYORA,KM.51"; ;"info@portaldelcaroig.com";"http://www.portaldelcaroig.com";"H";"HOTEL";"H";"HOTEL";"19";"38";"NCD";"NO PERTENECE A NINGUNA CADENA";"02/05/2001";"26/01/2022";"SIEMPRE ABIERTO";"De Lunes a Domingo"
"CV H01255 V";"B";"BAJA";"3";"3 ESTRELLAS";"HOTEL LLUM BLAVA";"46";"VALÈNCIA";"123";"FAVARA";"LA RIBERA BAIXA";"46614";"CALLE RIBERA BAIXA, 2";"C";"CALLE";"RIBERA BAIXA";"2";"info@hotel-llumblava.com";"http://www.hotel-llumblava.com";"H";"HOTEL";"H";"HOTEL";"63";"124";"NCD";"NO PERTENECE A NINGUNA CADENA";"05/07/2007";"26/01/2022";"SIEMPRE ABIERTO";"De Lunes a Domingo"
"CV H00744 V";"A";"ALTA";"1";"1 ESTRELLA";"VIRGINIA";"46";"VALÈNCIA";"123";"FAVARA";"LA RIBERA BAIXA";"46614";"CALLE VIRGEN DEL CASTILLO, 007";"C";"CALLE";"VIRGEN DEL CASTILLO";"007"; ; ;"HS";"HOSTAL";"HS";"HOSTAL";"27";"60";"NCD";"NO PERTENECE A NINGUNA CADENA";"30/04/1972"; ;"SIEMPRE ABIERTO";"De Lunes a Domingo"
"CV H00346 V";"B";"BAJA";"0";"PENSIÓN";"PARIS";"46";"VALÈNCIA";"126";"FOIOS";"L'HORTA NORD";"46134";"CALLE RAMON CORELL, 1 - 2º";"C";"CALLE";"RAMON CORELL";"1 - 2º"; ; ;"P";"PENSIÓN";"P";"PENSIÓN";"15";"24";"NCD";"NO PERTENECE A NINGUNA CADENA";"28/04/1962";"25/07/2005";"SIEMPRE ABIERTO";"De Lunes a Domingo"
"CV H01300 V";"A";"ALTA";"2";"2 ESTRELLAS";"MOLÍ EL CANYISSET";"46";"VALÈNCIA";"127";"LA FONT D'EN CARRÒS";"LA SAFOR";"46717";"CARRETERA LA FONT D'EN CARROS A BENIARJÓ, S/N";"CR";"CARRETERA";"LA FONT D'EN CARROS A BENIARJÓ";"S/N";"hola@eventosmoli.com";"http://www.eventosmoli.com";"H";"HOTEL";"H";"HOTEL";"17";"34";"NCD";"NO PERTENECE A NINGUNA CADENA";"27/04/2010"; ;"SIEMPRE ABIERTO";"De Lunes a Domingo"
"CV H01291 V";"A";"ALTA";"1";"1 ESTRELLA";"AMABLE";"46";"VALÈNCIA";"128";"LA FONT DE LA FIGUERA";"LA COSTERA";"46630";"CALLE LES ERES, 36";"C";"CALLE";"LES ERES";"36";"calamable@hotmail.com";"http://www.hostalruralamable.com";"HS";"HOSTAL";"HS";"HOSTAL";"8";"16";"NCD";"NO PERTENECE A NINGUNA CADENA";"09/11/2009"; ;"SIEMPRE ABIERTO";"De Lunes a Domingo"
"CV H00997 V";"A";"ALTA";"0";"PENSIÓN";"AREA DE SERVICIO FUENTE LA HIGUERA SUR";"46";"VALÈNCIA";"128";"LA FONT DE LA FIGUERA";"LA COSTERA";"46630";"CARRETERA NACIONAL 430, KM. 11,300";"CR";"CARRETERA";"NACIONAL 430";"KM. 11,300"; ; ;"P";"PENSIÓN";"P";"PENSIÓN";"7";"13";"NCD";"NO PERTENECE A NINGUNA CADENA";"03/02/1986"; ;"SIEMPRE ABIERTO";"De Lunes a Domingo"
"CV H01063 V";"A";"ALTA";"0";"PENSIÓN";"AREA SE SERVICIO FUENTE LA HIGUERA NORTE";"46";"VALÈNCIA";"128";"LA FONT DE LA FIGUERA";"LA COSTERA";"46630";"CARRETERA NACIONAL 430, KM.11,300";"CR";"CARRETERA";"NACIONAL 430";"KM.11,300"; ; ;"P";"PENSIÓN";"P";"PENSIÓN";"12";"19";"NCD";"NO PERTENECE A NINGUNA CADENA";"05/04/1993"; ;"SIEMPRE ABIERTO";"De Lunes a Domingo"
"CV H01002 V";"B";"BAJA";"0";"PENSIÓN";"CARRASCAL,EL";"46";"VALÈNCIA";"128";"LA FONT DE LA FIGUERA";"LA COSTERA";"46630";"CARRETERA NACIONAL 430, KM. 609";"CR";"CARRETERA";"NACIONAL 430";"KM. 609"; ; ;"P";"PENSIÓN";"P";"PENSIÓN";"17";"31";"NCD";"NO PERTENECE A NINGUNA CADENA";"15/05/1984";"30/04/2008";"01/06 - 30/09";"De Lunes a Domingo"
"CV H01058 V";"B";"BAJA";"0";"PENSIÓN";"JUAN DE JUANES";"46";"VALÈNCIA";"128";"LA FONT DE LA FIGUERA";"LA COSTERA";"46630";"CALLE ONTENIENTE,, 001";"C";"CALLE";"ONTENIENTE,";"001"; ; ;"P";"PENSIÓN";"P";"PENSIÓN";"8";"13";"NCD";"NO PERTENECE A NINGUNA CADENA";"03/12/1992";"04/09/1996";"SIEMPRE ABIERTO";"De Lunes a Domingo"
"CV H00489 V";"B";"BAJA";"0";"PENSIÓN";"MONTESOL";"46";"VALÈNCIA";"128";"LA FONT DE LA FIGUERA";"LA COSTERA";"46630";"CARRETERA NACIONAL 430, K01";"CR";"CARRETERA";"NACIONAL 430";"K01"; ; ;"P";"PENSIÓN";"P";"PENSIÓN";"21";"31";"NCD";"NO PERTENECE A NINGUNA CADENA";"15/06/1966";"04/09/1997";"15/03 - 15/05 y 01/07 - 31/08";"De Lunes a Domingo"
"CV H01304 V";"B";"BAJA";"0";"PENSIÓN";"NAVALÓN 14";"46";"VALÈNCIA";"128";"LA FONT DE LA FIGUERA";"LA COSTERA";"46630";"CARRETERA A-35  KM 12,900, S/N";"CR";"CARRETERA";"A-35  KM 12,900";"S/N"; ; ;"P";"PENSIÓN";"P";"PENSIÓN";"7";"12";"NCD";"NO PERTENECE A NINGUNA CADENA";"04/06/2010";"16/12/2010";"SIEMPRE ABIERTO";"De Lunes a Domingo"
"CV H00988 V";"B";"BAJA";"1";"1 ESTRELLA";"DAVID";"46";"VALÈNCIA";"130";"GAVARDA";"LA RIBERA ALTA";"46267";"CARRETERA GENERAL MADRID, 1";"CR";"CARRETERA";"GENERAL MADRID";"1"; ; ;"HS";"HOSTAL";"SR";"HOSTAL-RESIDENCIA";"14";"28";"NCD";"NO PERTENECE A NINGUNA CADENA";"10/05/1983";"26/02/2002";"SIEMPRE ABIERTO";"De Lunes a Domingo"
"CV H01062 V";"A";"ALTA";"3";"3 ESTRELLAS";"ALBATROS";"46";"VALÈNCIA";"131";"GANDIA";"LA SAFOR";"46730";"CALLE CLOT DE LA MOTA, 11";"C";"CALLE";"CLOT DE LA MOTA";"11";"reservas@hotel-albatros.com";"http://www.hotel-albatros.com";"H";"HOTEL";"H";"HOTEL";"45";"83";"NCD";"NO PERTENECE A NINGUNA CADENA";"19/10/1992"; ;"SIEMPRE ABIERTO";"De Lunes a Domingo"
"CV H00672 V";"A";"ALTA";"0";"PENSIÓN";"ALBERTO";"46";"VALÈNCIA";"131";"GANDIA";"LA SAFOR";"46700";"CALLE DOCTOR FLEMING, 2";"C";"CALLE";"DOCTOR FLEMING";"2"; ; ;"P";"PENSIÓN";"P";"PENSIÓN";"18";"28";"NCD";"NO PERTENECE A NINGUNA CADENA";"20/05/1970"; ;"SIEMPRE ABIERTO";"De Lunes a Domingo"
"CV H01179 V";"A";"ALTA";"3";"3 ESTRELLAS";"BIARRITZ";"46";"VALÈNCIA";"131";"GANDIA";"LA SAFOR";"46730";"CALLE ALCOI, 15";"C";"CALLE";"ALCOI";"15";"hotel@grupobiarritz.com";"http:/www.grupobiarritz.com";"H";"HOTEL";"H";"HOTEL";"60";"130";"NCD";"NO PERTENECE A NINGUNA CADENA";"09/06/2003"; ;"SIEMPRE ABIERTO";"De Lunes a Domingo"
"CV H01066 V";"A";"ALTA";"3";"3 ESTRELLAS";"BORGIA";"46";"VALÈNCIA";"131";"GANDIA";"LA SAFOR";"46700";"CALLE REPUBLICA ARGENTINA, 5";"C";"CALLE";"REPUBLICA ARGENTINA";"5";"borgia@hghotello.com";"http://www.hghoteles.com";"H";"HOTEL";"H";"HOTEL";"72";"130";"NCD";"NO PERTENECE A NINGUNA CADENA";"15/11/1993"; ;"SIEMPRE ABIERTO";"De Lunes a Domingo"
"CV H01203 V";"A";"ALTA";"3";"3 ESTRELLAS";"CIBELES PLAYA";"46";"VALÈNCIA";"131";"GANDIA";"LA SAFOR";"46730";"CALLE CLOT DE LA MOTA, 9";"C";"CALLE";"CLOT DE LA MOTA";"9"; ; ;"H";"HOTEL";"H";"HOTEL";"60";"120";"NCD";"NO PERTENECE A NINGUNA CADENA";"21/07/2004"; ;"SIEMPRE ABIERTO";"De Lunes a Domingo"
"CV H00987 V";"A";"ALTA";"2";"2 ESTRELLAS";"CLIBOMAR";"46";"VALÈNCIA";"131";"GANDIA";"LA SAFOR";"46730";"CALLE ALCOY, 24";"C";"CALLE";"ALCOY";"24"; ; ;"H";"HOTEL";"H";"HOTEL";"16";"31";"NCD";"NO PERTENECE A NINGUNA CADENA";"03/09/1984"; ;"01/03 - 31/10";"De Lunes a Domingo"
"CV H01398 V";"A";"ALTA";"3";"3 ESTRELLAS";"DON PABLO";"46";"VALÈNCIA";"131";"GANDIA";"LA SAFOR";"46730";"CALLE DEVESA, 20";"C";"CALLE";"DEVESA";"20";"donpablo@dchoteles.net";"https://hoteldonpablogandia.com";"H";"HOTEL";"H";"HOTEL";"60";"132";"NCD";"NO PERTENECE A NINGUNA CADENA";"27/02/2018"; ;"SIEMPRE ABIERTO";"De Lunes a Domingo"
"CV H01289 V";"A";"ALTA"; ; ;"DUCAL";"46";"VALÈNCIA";"131";"GANDIA";"LA SAFOR";"46730";"CALLE GOLETA, 9";"C";"CALLE";"GOLETA";"9";"prmorant@terra.es"; ;"HS";"HOSTAL"; ; ;"11";"20";"NCD";"NO PERTENECE A NINGUNA CADENA";"19/10/2009"; ;"SIEMPRE ABIERTO";"De Lunes a Domingo"
"CV H01307 V";"A";"ALTA";"1";"1 ESTRELLA";"DUCAL II";"46";"VALÈNCIA";"131";"GANDIA";"LA SAFOR";"46730";"CALLE VERGE, 15";"C";"CALLE";"VERGE";"15";"prmorant@terra.es"; ;"HS";"HOSTAL";"SR";"HOSTAL-RESIDENCIA";"9";"21";"NCD";"NO PERTENECE A NINGUNA CADENA";"21/06/2010"; ;"01/06 - 30/09";"De Lunes a Domingo"
"CV H00826 V";"A";"ALTA";"2";"2 ESTRELLAS";"DUQUE CARLOS";"46";"VALÈNCIA";"131";"GANDIA";"LA SAFOR";"46700";"CALLE DUQUE CARLOS DE BORJA, 34-";"C";"CALLE";"DUQUE CARLOS DE BORJA";"34-"; ; ;"HS";"HOSTAL";"SR";"HOSTAL-RESIDENCIA";"18";"34";"NCD";"NO PERTENECE A NINGUNA CADENA";"13/07/1974"; ;"SIEMPRE ABIERTO";"De Lunes a Domingo"
"CV H00581 V";"A";"ALTA";"2";"2 ESTRELLAS";"FIN DE SEMANA";"46";"VALÈNCIA";"131";"GANDIA";"LA SAFOR";"46730";"CALLE MARE NOSTRUM, 45";"C";"CALLE";"MARE NOSTRUM";"45";"info@hotelfindesemana.com";"http://www.hotelfindesemana.com";"H";"HOTEL";"H";"HOTEL";"11";"25";"NCD";"NO PERTENECE A NINGUNA CADENA";"02/09/1969"; ;"01/06 - 30/09";"De Lunes a Domingo"
"CV H01216 V";"A";"ALTA";"4";"4 ESTRELLAS";"GANDIA PALACE";"46";"VALÈNCIA";"131";"GANDIA";"LA SAFOR";"46730";"CALLE RIOJA, 41-43";"C";"CALLE";"RIOJA";"41-43";"reservas@gandiapalace.com";"http://www.gandiapalace.com";"H";"HOTEL";"H";"HOTEL";"268";"538";"NCD";"NO PERTENECE A NINGUNA CADENA";"04/01/2005"; ;"SIEMPRE ABIERTO";"De Lunes a Domingo"
"CV H00745 V";"A";"ALTA";"3";"3 ESTRELLAS";"GANDIA PLAYA";"46";"VALÈNCIA";"131";"GANDIA";"LA SAFOR";"46730";"CALLE DEVESA, 17";"C";"CALLE";"DEVESA";"17";"hgandia@wanadoo.es";"http://www.hghoteles.com";"H";"HOTEL";"H";"HOTEL";"126";"250";"NCD";"NO PERTENECE A NINGUNA CADENA";"25/05/1971"; ;"01/06 - 31/08";"De Lunes a Domingo"
"CV H01379 V";"B";"BAJA";"0";"PENSIÓN";"GANDIA ROOMS";"46";"VALÈNCIA";"131";"GANDIA";"LA SAFOR";"46730";"CALLE DE L'HAM, 3A-6ª";"C";"CALLE";"DE L'HAM";"3A-6ª";"alojamientosgandia@gmail.com"; ;"P";"PENSIÓN"; ; ;"5";"10";"NCD";"NO PERTENECE A NINGUNA CADENA";"30/12/2016";"26/09/2017";"SIEMPRE ABIERTO";"De Lunes a Domingo"
"CV H01432 V";"A";"ALTA"; ; ;"GANDIA ROOMS";"46";"VALÈNCIA";"131";"GANDIA";"LA SAFOR";"46730";"CALLE DE L'HAM, 3-A-6ª";"C";"CALLE";"DE L'HAM";"3-A-6ª"; ; ;"P";"PENSIÓN"; ; ;"5";"10";"NCD";"NO PERTENECE A NINGUNA CADENA";"10/09/2019"; ;"SIEMPRE ABIERTO";"De Lunes a Domingo"
"CV H01418 V";"A";"ALTA"; ; ;"GOLDEN TOWER";"46";"VALÈNCIA";"131";"GANDIA";"LA SAFOR";"46730";"CALLE BLAUET, 23";"C";"CALLE";"BLAUET";"23";"luciatriboi@gmail.com"; ;"P";"PENSIÓN"; ; ;"9";"15";"NCD";"NO PERTENECE A NINGUNA CADENA";"06/05/2019"; ;"SIEMPRE ABIERTO";"De Lunes a Domingo"
"CV H01392 V";"A";"ALTA";"2";"2 ESTRELLAS";"HUGO BEACH HOTEL";"46";"VALÈNCIA";"131";"GANDIA";"LA SAFOR";"46730";"CALLE CULLERA, 10";"C";"CALLE";"CULLERA";"10";"info@hugobeach.es"; ;"H";"HOTEL";"H";"HOTEL";"17";"31";"NCD";"NO PERTENECE A NINGUNA CADENA";"23/10/2017"; ;"SIEMPRE ABIERTO";"De Lunes a Domingo"
"CV H01595 V";"A";"ALTA";"4";"4 ESTRELLAS";"INDIGO GANDIA BEACH";"46";"VALÈNCIA";"131";"GANDIA";"LA SAFOR";"46730";"PASEO NEPTUNO, 79";"PA";"PASEO";"NEPTUNO";"79";"gm.gandia@senatorpartner.com";"http://www.hotelindigo.com/gandia";"H";"HOTEL";"H";"HOTEL";"40";"80";"PLS";"PLAYA SENATOR";"03/07/2025"; ;"SIEMPRE ABIERTO";"De Lunes a Domingo"
"CV H01262 V";"B";"BAJA";"3";"3 ESTRELLAS";"LA FALCONERA";"46";"VALÈNCIA";"131";"GANDIA";"LA SAFOR";"46728";"CAMINO PINET, 32 - MARXUQUERA, 32";"CM";"CAMINO";"PINET, 32 - MARXUQUERA";"32";"hotel@lafalconera.com";"http://www.lafalconera.com/";"H";"HOTEL";"H";"HOTEL";"4";"8";"NCD";"NO PERTENECE A NINGUNA CADENA";"18/01/2008";"16/02/2015";"SIEMPRE ABIERTO";"De Lunes a Domingo"
"CV H01364 V";"A";"ALTA";"2";"2 ESTRELLAS";"LA GASTROCASA";"46";"VALÈNCIA";"131";"GANDIA";"LA SAFOR";"46730";"CALLE LA FOTJA, 9";"C";"CALLE";"LA FOTJA";"9";"hola@lagastrocasa.com";"http://www.lagastrocasa.com";"H";"HOTEL";"H";"HOTEL";"5";"10";"NCD";"NO PERTENECE A NINGUNA CADENA";"08/07/2015"; ;"SIEMPRE ABIERTO";"De Lunes a Domingo"
"CV H01303 V";"B";"BAJA";"3";"3 ESTRELLAS";"LA ROCHERA";"46";"VALÈNCIA";"131";"GANDIA";"LA SAFOR";"46728";"CARRETERA DE BARX, 79";"CR";"CARRETERA";"DE BARX";"79";"hotellarochera@hotmail.com";"http://larochera.blogspot.com";"H";"HOTEL";"H";"HOTEL";"6";"12";"NCD";"NO PERTENECE A NINGUNA CADENA";"31/05/2010";"07/07/2020";"SIEMPRE ABIERTO";"De Lunes a Domingo"
"CV H00800 V";"A";"ALTA";"3";"3 ESTRELLAS";"LOS ROBLES";"46";"VALÈNCIA";"131";"GANDIA";"LA SAFOR";"46730";"CALLE FORMENTERA, 33";"C";"CALLE";"FORMENTERA";"33";"info@torsehoteles.com";"https://torsehoteles.com/losrobles";"H";"HOTEL";"H";"HOTEL";"240";"456";"NCD";"NO PERTENECE A NINGUNA CADENA";"28/03/1975"; ;"15/04 - 15/10";"De Lunes a Domingo"
"CV H00723 V";"A";"ALTA";"2";"2 ESTRELLAS";"MAVI";"46";"VALÈNCIA";"131";"GANDIA";"LA SAFOR";"46730";"CALLE LEGAZPI  (PLAYA), 18";"C";"CALLE";"LEGAZPI  (PLAYA)";"18";"info@hotelmavi.com"; ;"H";"HOTEL";"H";"HOTEL";"60";"118";"NCD";"NO PERTENECE A NINGUNA CADENA";"28/08/1971"; ;"01/04 - 30/09";"De Lunes a Domingo"
"CV H00943 V";"A";"ALTA";"1";"1 ESTRELLA";"MENGUAL";"46";"VALÈNCIA";"131";"GANDIA";"LA SAFOR";"46730";"PLAZA MEDITERRANEO, 4";"PL";"PLAZA";"MEDITERRANEO";"4"; ; ;"H";"HOTEL";"H";"HOTEL";"27";"49";"NCD";"NO PERTENECE A NINGUNA CADENA";"22/02/1980"; ;"15/03 - 21/03 y 01/07 - 30/09";"De Lunes a Domingo"
"CV H00681 V";"A";"ALTA";"2";"2 ESTRELLAS";"NARANJOS, LOS";"46";"VALÈNCIA";"131";"GANDIA";"LA SAFOR";"46701";"AVENIDA DEL GRAU, 67";"AV";"AVENIDA";"DEL GRAU";"67"; ; ;"H";"HOTEL";"H";"HOTEL";"35";"65";"NCD";"NO PERTENECE A NINGUNA CADENA";"02/01/1970"; ;"SIEMPRE ABIERTO";"De Lunes a Domingo"
"CV H00947 V";"A";"ALTA";"3";"3 ESTRELLAS";"PORTO";"46";"VALÈNCIA";"131";"GANDIA";"LA SAFOR";"46730";"CALLE FOIES  (GRAO), 5";"C";"CALLE";"FOIES  (GRAO)";"5";"porto@hotelporto.com"; ;"H";"HOTEL";"H";"HOTEL";"135";"235";"NCD";"NO PERTENECE A NINGUNA CADENA";"11/09/1980"; ;"01/01 - 31/10";"De Lunes a Domingo"
"CV H01040 V";"A";"ALTA";"1";"1 ESTRELLA";"POSADA DEL MAR GANDIA";"46";"VALÈNCIA";"131";"GANDIA";"LA SAFOR";"46730";"CALLE ALCOY, 22";"C";"CALLE";"ALCOY";"22"; ; ;"HS";"HOSTAL";"SR";"HOSTAL-RESIDENCIA";"10";"20";"NCD";"NO PERTENECE A NINGUNA CADENA";"20/11/1989"; ;"01/07 - 30/09";"De Lunes a Domingo"
"CV H01143 V";"A";"ALTA";"4";"4 ESTRELLAS";"RH ARENA";"46";"VALÈNCIA";"131";"GANDIA";"LA SAFOR";"46730";"CALLE CLOT DE LA MOTA, 38";"C";"CALLE";"CLOT DE LA MOTA";"38";"principal@hotelesrh.com";"www.hotelesrh.com";"H";"HOTEL";"H";"HOTEL";"179";"368";"NCD";"NO PERTENECE A NINGUNA CADENA";"16/01/2001"; ;"SIEMPRE ABIERTO";"De Lunes a Domingo"
"CV H00029 V";"A";"ALTA";"4";"4 ESTRELLAS";"RH BAYREN HOTEL & SPA";"46";"VALÈNCIA";"131";"GANDIA";"LA SAFOR";"46730";"PASAJE DE NEPTUNO, 62";"PS";"PASAJE";"DE NEPTUNO";"62";"bayren@hotelesrh.com";"http://www.hotelrhbayren.com";"H";"HOTEL";"H";"HOTEL";"225";"443";"HRH";"HOTELES RH";"06/08/1960"; ;"SIEMPRE ABIERTO";"De Lunes a Domingo"
"CV H00580 V";"A";"ALTA";"4";"4 ESTRELLAS";"RH BAYREN PARC";"46";"VALÈNCIA";"131";"GANDIA";"LA SAFOR";"46730";"CALLE MALLORCA, 19";"C";"CALLE";"MALLORCA";"19";"bayrenparc@hotelesrh.com";"http://www.hotelrhbayrenparc.com";"H";"HOTEL";"H";"HOTEL";"147";"296";"HRH";"HOTELES RH";"04/11/1969"; ;"SIEMPRE ABIERTO";"De Lunes a Domingo"
"CV H01242 V";"A";"ALTA";"4";"4 ESTRELLAS";"RH GIJON";"46";"VALÈNCIA";"131";"GANDIA";"LA SAFOR";"46730";"CALLE NAVEGANTE, 5";"C";"CALLE";"NAVEGANTE";"5";"gijon@hotelesrh.com";"https://www.hotelrhgijon.com/direcciongijon@hotelesrh.com";"H";"HOTEL";"H";"HOTEL";"84";"184";"HRH";"HOTELES RH";"17/07/2006"; ;"SIEMPRE ABIERTO";"De Lunes a Domingo"
"CV H00860 V";"A";"ALTA";"3";"3 ESTRELLAS";"RH RIVIERA";"46";"VALÈNCIA";"131";"GANDIA";"LA SAFOR";"46730";"PASAJE DE NEPTUNO  (PLAYA), 28";"PS";"PASAJE";"DE NEPTUNO  (PLAYA)";"28";"riviera@hotelesrh.com";"http://www.hotelrhriviera.com";"H";"HOTEL";"H";"HOTEL";"72";"140";"HRH";"HOTELES RH";"30/10/1975"; ;"SIEMPRE ABIERTO";"De Lunes a Domingo"
"CV H00540 V";"A";"ALTA";"3";"3 ESTRELLAS";"SAFARI";"46";"VALÈNCIA";"131";"GANDIA";"LA SAFOR";"46730";"CALLE LEGAZPI, 3";"C";"CALLE";"LEGAZPI";"3";"hotel-safari@redestb.es"; ;"H";"HOTEL";"H";"HOTEL";"162";"292";"NCD";"NO PERTENECE A NINGUNA CADENA";"05/05/1967"; ;"SIEMPRE ABIERTO";"De Lunes a Domingo"
"CV H00471 V";"A";"ALTA";"3";"3 ESTRELLAS";"SAN LUIS";"46";"VALÈNCIA";"131";"GANDIA";"LA SAFOR";"46730";"PASAJE NEPTUNO, 6";"PS";"PASAJE";"NEPTUNO";"6";"hotelsanluis@hotelsanluis.es";"http://www.hotelsanluis.es";"H";"HOTEL";"H";"HOTEL";"72";"134";"NCD";"NO PERTENECE A NINGUNA CADENA";"27/04/1966"; ;"01/03 - 31/12";"De Lunes a Domingo"
"CV H01462 V";"A";"ALTA";"4";"4 ESTRELLAS";"SENATOR GANDIA SPA HOTEL";"46";"VALÈNCIA";"131";"GANDIA";"LA SAFOR";"46730";"CALLE ATLANTIC, 79";"C";"CALLE";"ATLANTIC";"79";"reservas@senatorhr.com";"https://www.senatorgandiaspahotel.com/es";"H";"HOTEL";"H";"HOTEL";"200";"400";"NCD";"NO PERTENECE A NINGUNA CADENA";"04/06/2021"; ;"SIEMPRE ABIERTO";"De Lunes a Domingo"
"CV H00858 V";"A";"ALTA";"3";"3 ESTRELLAS";"TRES ANCLAS";"46";"VALÈNCIA";"131";"GANDIA";"LA SAFOR";"46730";"CALLE VALLDIGNA, 11";"C";"CALLE";"VALLDIGNA";"11";"reservas@hoteltresanclas.com";"http://www.hoteltresanclas.com";"H";"HOTEL";"HA";"HOTEL-APARTAMENTO";"437";"891";"NCD";"NO PERTENECE A NINGUNA CADENA";"22/09/1975"; ;"SIEMPRE ABIERTO";"De Lunes a Domingo"
"CV H01350 V";"A";"ALTA";"3";"3 ESTRELLAS";"TU&ME RESORT";"46";"VALÈNCIA";"131";"GANDIA";"LA SAFOR";"46730";"CARRETERA ACEQUIA DEL REI  KM, 1";"CR";"CARRETERA";"ACEQUIA DEL REI  KM";"1";"reservas@wonderwallgandia.com"; ;"H";"HOTEL"; ; ;"52";"104";"NCD";"NO PERTENECE A NINGUNA CADENA";"20/11/2014"; ;"SIEMPRE ABIERTO";"De Lunes a Domingo"
"CV H00304 V";"A";"ALTA";"4";"4 ESTRELLAS";"VILLA LUZ";"46";"VALÈNCIA";"131";"GANDIA";"LA SAFOR";"46730";"CALLE CASTILLA LA MANCHA, 24";"C";"CALLE";"CASTILLA LA MANCHA";"24";"jrvillaluz@hoteles-costablanca.com";"https://www.hotelmagicvillaluz.com";"H";"HOTEL";"H";"HOTEL";"174";"575";"HGC";"GRUPO MAGIC COSTABLANCA";"24/05/1973"; ;"SIEMPRE ABIERTO";"De Lunes a Domingo"
"CV H01338 V";"B";"BAJA";"1";"1 ESTRELLA";"WONDERWALL";"46";"VALÈNCIA";"131";"GANDIA";"LA SAFOR";"46730";"CARRETERA ACEQUIA DEL REI, KM 1, S/N";"CR";"CARRETERA";"ACEQUIA DEL REI, KM 1";"S/N";"reservas@wonderwallgandia.com"; ;"HS";"HOSTAL";"HS";"HOSTAL";"67";"136";"NCD";"NO PERTENECE A NINGUNA CADENA";"26/12/2013";"14/05/2014";"SIEMPRE ABIERTO";"De Lunes a Domingo"
"CV H01424 V";"A";"ALTA";"1";"1 ESTRELLA";"CASA ROBION";"46";"VALÈNCIA";"136";"GODELLETA";"LA HOYA DE BUÑOL";"46388";"URBANIZACIÓN LOMA CABALLEROS, 7-16ª";"UR";"URBANIZACIÓN";"LOMA CABALLEROS";"7-16ª";"casarabion@gmail.com";"http://www.casarabion.com";"H";"HOTEL";"HA";"HOTEL-APARTAMENTO";"7";"16";"NCD";"NO PERTENECE A NINGUNA CADENA";"18/07/2019"; ;"SIEMPRE ABIERTO";"De Lunes a Domingo"
"CV H01252 V";"B";"BAJA";"0";"PENSIÓN";"EL RACÓ DE LORE";"46";"VALÈNCIA";"136";"GODELLETA";"LA HOYA DE BUÑOL";"46950";"CALLE LAS PALMAS. URB. MONSEC, S/N";"C";"CALLE";"LAS PALMAS. URB. MONSEC";"S/N"; ; ;"P";"PENSIÓN";"P";"PENSIÓN";"5";"7";"NCD";"NO PERTENECE A NINGUNA CADENA";"18/06/2007";"24/10/2012";"SIEMPRE ABIERTO";"De Lunes a Domingo"
"CV H00820 V";"B";"BAJA";"1";"1 ESTRELLA";"FARO";"46";"VALÈNCIA";"138";"GUADASSÉQUIES";"LA VALL D'ALBAIDA";"46839";"CARRETERA NACIONAL 340 KM. 831.6, S/N";"CR";"CARRETERA";"NACIONAL 340 KM. 831.6";"S/N"; ; ;"HS";"HOSTAL";"HS";"HOSTAL";"15";"15";"NCD";"NO PERTENECE A NINGUNA CADENA";"08/05/1975";"14/02/2006";"SIEMPRE ABIERTO";"De Lunes a Domingo"
"CV H01137 V";"A";"ALTA";"3";"3 ESTRELLAS";"JALANCE";"46";"VALÈNCIA";"142";"JALANCE";"EL VALLE DE COFRENTES-AYORA";"46624";"CALLE COLON, 41";"C";"CALLE";"COLON";"41";"correo@hotel-del-valle-jalance.net";"http://www.hotel-del-valle-jalance.net";"H";"HOTEL";"H";"HOTEL";"44";"88";"NCD";"NO PERTENECE A NINGUNA CADENA";"07/09/2000"; ;"SIEMPRE ABIERTO";"De Lunes a Domingo"
"CV H00925 V";"B";"BAJA";"1";"1 ESTRELLA";"MENGUAL";"46";"VALÈNCIA";"143";"XERACO";"LA SAFOR";"46770";"AVENIDA PAIS VALENCIA, 000";"AV";"AVENIDA";"PAIS VALENCIA";"000"; ; ;"HS";"HOSTAL";"HS";"HOSTAL";"12";"22";"NCD";"NO PERTENECE A NINGUNA CADENA";"08/11/1978";"12/11/1992";"SIEMPRE ABIERTO";"De Lunes a Domingo"
"CV H01391 V";"A";"ALTA"; ; ;"EL MOLINO";"46";"VALÈNCIA";"144";"JARAFUEL";"EL VALLE DE COFRENTES-AYORA";"46623";"CAMINO MOLINO, S/N";"CM";"CAMINO";"MOLINO";"S/N";"restauranteelmolinojarafuel@gmail.com";"https://elmolinodejarafuel.es/";"HS";"HOSTAL"; ; ;"6";"12";"NCD";"NO PERTENECE A NINGUNA CADENA";"18/09/2017"; ;"SIEMPRE ABIERTO";"De Lunes a Domingo"
"CV H01412 V";"A";"ALTA"; ; ;"BIENVENIDOS ROOMS";"46";"VALÈNCIA";"145";"XÀTIVA";"LA COSTERA";"46800";"CALLE BAJADA ESTACION, 33";"C";"CALLE";"BAJADA ESTACION";"33";"reservas@bienvenidosrooms.com";"http://www.bienvenidosrooms.com";"P";"PENSIÓN"; ; ;"11";"20";"NCD";"NO PERTENECE A NINGUNA CADENA";"13/02/2019"; ;"SIEMPRE ABIERTO";"De Lunes a Domingo"
"CV H00916 V";"B";"BAJA";"0";"PENSIÓN";"CASA ISABEL";"46";"VALÈNCIA";"145";"XÀTIVA";"LA COSTERA";"46800";"CALLE CANONIGO CEBRIAN, 000";"C";"CALLE";"CANONIGO CEBRIAN";"000"; ; ;"P";"PENSIÓN";"P";"PENSIÓN";"2";"3";"NCD";"NO PERTENECE A NINGUNA CADENA";"23/08/1978";"10/03/1997";"SIEMPRE ABIERTO";"De Lunes a Domingo"
"CV H01577 V";"A";"ALTA"; ; ;"CASA ROSETTA BOUTIQUE";"46";"VALÈNCIA";"145";"XÀTIVA";"VALENCIA";"46800";"CALLE SANT AGUSTI, 17";"C";"CALLE";"SANT AGUSTI";"17";"casarosettaboutique@gmail.com";"www.casarosettaboutique.com";"P";"PENSIÓN"; ; ;"5";"9";"NCD";"NO PERTENECE A NINGUNA CADENA";"22/03/2025"; ;"SIEMPRE ABIERTO";"De Lunes a Domingo"
"CV H00080 V";"B";"BAJA";"0";"PENSIÓN";"EL MARGALLONERO";"46";"VALÈNCIA";"145";"XÀTIVA";"LA COSTERA";"46800";"PLAZA DEL MERCAT, 42";"PL";"PLAZA";"DEL MERCAT";"42"; ; ;"P";"PENSIÓN";"P";"PENSIÓN";"12";"16";"NCD";"NO PERTENECE A NINGUNA CADENA";"25/11/1960";"19/06/2008";"SIEMPRE ABIERTO";"De Lunes a Domingo"
"CV H00380 V";"B";"BAJA";"0";"PENSIÓN";"FLORO";"46";"VALÈNCIA";"145";"XÀTIVA";"LA COSTERA";"46800";"PLAZA DEL MERCAT, 004";"PL";"PLAZA";"DEL MERCAT";"004"; ; ;"P";"PENSIÓN";"P";"PENSIÓN";"0"; ;"NCD";"NO PERTENECE A NINGUNA CADENA";"30/07/1970";"05/03/1992";"SIEMPRE ABIERTO";"De Lunes a Domingo"
"CV H01419 V";"A";"ALTA"; ; ;"GOMEZ ROOMS";"46";"VALÈNCIA";"145";"XÀTIVA";"LA COSTERA";"46800";"CALLE SAN PASCUAL, 14";"C";"CALLE";"SAN PASCUAL";"14";"ww.gomezrooms@gmail.com";"http://www.gomezrooms.com";"P";"PENSIÓN"; ; ;"5";"10";"NCD";"NO PERTENECE A NINGUNA CADENA";"07/05/2019"; ;"SIEMPRE ABIERTO";"De Lunes a Domingo"
"CV H01090 V";"A";"ALTA";"4";"4 ESTRELLAS";"HOTEL RESTAURANTE MONTSANT";"46";"VALÈNCIA";"145";"XÀTIVA";"LA COSTERA";"46800";"CARRETERA SUBIDA AL CASTILLO, S/N";"CR";"CARRETERA";"SUBIDA AL CASTILLO";"S/N";"reservas@mont-sant.com";"http://mont-sant.com";"H";"HOTEL";"H";"HOTEL";"24";"50";"NCD";"NO PERTENECE A NINGUNA CADENA";"16/08/1994"; ;"SIEMPRE ABIERTO";"De Lunes a Domingo"
"CV H01171 V";"B";"BAJA";"3";"3 ESTRELLAS";"HUERTO DE LA VIRGEN DE LAS NIEVES";"46";"VALÈNCIA";"145";"XÀTIVA";"LA COSTERA";"46800";"AVENIDA DE LA MURTA, 10";"AV";"AVENIDA";"DE LA MURTA";"10";"info@huertodelasnieves.com";"http://www.huertodelavirgendelasnieves.com";"H";"HOTEL";"H";"HOTEL";"8";"14";"NCD";"NO PERTENECE A NINGUNA CADENA";"30/09/2002";"14/05/2014";"SIEMPRE ABIERTO";"De Lunes a Domingo"
"CV H01417 V";"B";"BAJA"; ; ;"HUERTO DEL ARBOL";"46";"VALÈNCIA";"145";"XÀTIVA";"LA COSTERA";"46800";"AVENIDA DE LA MURTA, 6";"AV";"AVENIDA";"DE LA MURTA";"6";"info@hoteldelarbol.es";"http://www.hoteldelarbol.es";"P";"PENSIÓN"; ; ;"7";"15";"NCD";"NO PERTENECE A NINGUNA CADENA";"17/04/2019";"06/06/2023";"SIEMPRE ABIERTO";"De Lunes a Domingo"
"CV H01345 V";"A";"ALTA";"0";"PENSIÓN";"LA MAGA ROOMS";"46";"VALÈNCIA";"145";"XÀTIVA";"LA COSTERA";"46800";"CALLE ALMAS, 56";"C";"CALLE";"ALMAS";"56";"info@lamagarooms.com";"http://www.lamagarooms.com";"P";"PENSIÓN";"P";"PENSIÓN";"6";"12";"NCD";"NO PERTENECE A NINGUNA CADENA";"22/08/2014"; ;"SIEMPRE ABIERTO";"De Lunes a Domingo"
"CV H00312 V";"B";"BAJA";"2";"2 ESTRELLAS";"MURTA";"46";"VALÈNCIA";"145";"XÀTIVA";"LA COSTERA";"46800";"CALLE ANGEL LACALLE, S/N";"C";"CALLE";"ANGEL LACALLE";"S/N";"hmurta@turinet.net";"http://www.hotelmurta.com";"H";"HOTEL";"H";"HOTEL";"21";"40";"NCD";"NO PERTENECE A NINGUNA CADENA";"14/03/1973";"25/06/2013";"SIEMPRE ABIERTO";"De Lunes a Domingo"
"CV H01358 V";"A";"ALTA";"3";"3 ESTRELLAS";"MURTA";"46";"VALÈNCIA";"145";"XÀTIVA";"LA COSTERA";"46800";"CALLE CATEDRATICO ANGEL LACALLE, S/N";"C";"CALLE";"CATEDRATICO ANGEL LACALLE";"S/N";"reservas@hotelmurta.com";"http://www.hotelmurta.com";"H";"HOTEL";"H";"HOTEL";"30";"62";"NCD";"NO PERTENECE A NINGUNA CADENA";"09/06/2015"; ;"SIEMPRE ABIERTO";"De Lunes a Domingo"
"CV H01105 V";"B";"BAJA";"0";"PENSIÓN";"SETABENSE";"46";"VALÈNCIA";"145";"XÀTIVA";"LA COSTERA";"46800";"CALLE CORRECHERIA, 5";"C";"CALLE";"CORRECHERIA";"5"; ; ;"P";"PENSIÓN";"P";"PENSIÓN";"13";"22";"NCD";"NO PERTENECE A NINGUNA CADENA";"04/06/1996";"13/08/2001";"SIEMPRE ABIERTO";"De Lunes a Domingo"
"CV H00900 V";"A";"ALTA";"2";"2 ESTRELLAS";"VERNISA";"46";"VALÈNCIA";"145";"XÀTIVA";"LA COSTERA";"46800";"CALLE ACADEMICO MARAVALL, 1";"C";"CALLE";"ACADEMICO MARAVALL";"1";"hvernisa@servidex.com";"http://www.hotelvernisa.com";"H";"HOTEL";"H";"HOTEL";"39";"63";"NCD";"NO PERTENECE A NINGUNA CADENA";"01/06/1984"; ;"SIEMPRE ABIERTO";"De Lunes a Domingo"
"CV H01078 V";"A";"ALTA";"1";"1 ESTRELLA";"LES REIXES";"46";"VALÈNCIA";"147";"LLÍRIA";"EL CAMP DE TURIA";"46160";"CALLE LLANO DEL ARCO, 77";"C";"CALLE";"LLANO DEL ARCO";"77"; ; ;"HS";"HOSTAL";"SR";"HOSTAL-RESIDENCIA";"14";"24";"NCD";"NO PERTENECE A NINGUNA CADENA";"09/11/1993"; ;"SIEMPRE ABIERTO";"De Lunes a Domingo"
"CV H01260 V";"A";"ALTA";"3";"3 ESTRELLAS";"PUERTA DE LA SERRANIA";"46";"VALÈNCIA";"147";"LLÍRIA";"EL CAMP DE TURIA";"46160";"CARRETERA ADEMUZ, KM 32";"CR";"CARRETERA";"ADEMUZ";"KM 32";"hotel@puertadelaserrania.com"; ;"H";"HOTEL";"H";"HOTEL";"17";"34";"NCD";"NO PERTENECE A NINGUNA CADENA";"26/12/2007"; ;"SIEMPRE ABIERTO";"De Lunes a Domingo"
"CV H00728 V";"B";"BAJA";"0";"PENSIÓN";"ROMERO";"46";"VALÈNCIA";"147";"LLÍRIA";"EL CAMP DE TURIA";"46160";"CALLE CRONISTA JOSEP DURA, 000";"C";"CALLE";"CRONISTA JOSEP DURA";"000"; ; ;"P";"PENSIÓN";"P";"PENSIÓN";"4";"8";"NCD";"NO PERTENECE A NINGUNA CADENA";"02/11/1971";"27/07/1993";"SIEMPRE ABIERTO";"De Lunes a Domingo"
"CV H01158 V";"A";"ALTA";"0";"PENSIÓN";"SIGLO XXI";"46";"VALÈNCIA";"147";"LLÍRIA";"EL CAMP DE TURIA";"46160";"CALLE NUESTRA SEÑORA DE MONTIEL, 34";"C";"CALLE";"NUESTRA SEÑORA DE MONTIEL";"34"; ; ;"P";"PENSIÓN";"P";"PENSIÓN";"6";"8";"NCD";"NO PERTENECE A NINGUNA CADENA";"13/12/2001"; ;"SIEMPRE ABIERTO";"De Lunes a Domingo"
"CV H01550 V";"A";"ALTA";"2";"2 ESTRELLAS";"SLEEP TURIA";"46";"VALÈNCIA";"147";"LLÍRIA";"EL CAMP DE TURIA";"46160";"CALLE TRULLS DE CORTINA, 8";"C";"CALLE";"TRULLS DE CORTINA";"8";"hotel@puertadelaserrania.com";"http://www.sleepturia.com";"H";"HOTEL";"H";"HOTEL";"11";"23";"NCD";"NO PERTENECE A NINGUNA CADENA";"07/10/2024"; ;"SIEMPRE ABIERTO";"De Lunes a Domingo"
"CV H01026 V";"B";"BAJA";"0";"PENSIÓN";"CASTRO II";"46";"VALÈNCIA";"158";"MACASTRE";"LA HOYA DE BUÑOL";"46368";"CALLE PAIS VALENCIANO, 001";"C";"CALLE";"PAIS VALENCIANO";"001"; ; ;"P";"PENSIÓN";"P";"PENSIÓN";"10";"18";"NCD";"NO PERTENECE A NINGUNA CADENA";"29/04/1987";"09/05/1997";"SIEMPRE ABIERTO";"De Lunes a Domingo"
"CV H00736 V";"B";"BAJA";"0";"PENSIÓN";"AVENIDA";"46";"VALÈNCIA";"159";"MANISES";"L'HORTA OEST";"46940";"AVENIDA BLASCO IBAÑEZ, 21";"AV";"AVENIDA";"BLASCO IBAÑEZ";"21"; ; ;"P";"PENSIÓN";"P";"PENSIÓN";"3";"5";"NCD";"NO PERTENECE A NINGUNA CADENA";"28/01/1972";"07/07/2020";"SIEMPRE ABIERTO";"De Lunes a Domingo"
"CV H01488 V";"B";"BAJA";"2";"2 ESTRELLAS";"AVIACION";"46";"VALÈNCIA";"159";"MANISES";"L'HORTA OEST";"46940";"CALLE JUAN DE LA CIERVA, 17";"C";"CALLE";"JUAN DE LA CIERVA";"17";"zhefengzhou6@gmail.com"; ;"H";"HOTEL";"H";"HOTEL";"93";"224";"NCD";"NO PERTENECE A NINGUNA CADENA";"11/10/2022";"08/10/2025";"SIEMPRE ABIERTO";"De Lunes a Domingo"
"CV H01097 V";"B";"BAJA";"0";"PENSIÓN";"HABITACIONES PEPE";"46";"VALÈNCIA";"159";"MANISES";"L'HORTA OEST";"46490";"CALLE JOSE Mª VERDEJO, 25";"C";"CALLE";"JOSE Mª VERDEJO";"25"; ; ;"P";"PENSIÓN";"P";"PENSIÓN";"5";"9";"NCD";"NO PERTENECE A NINGUNA CADENA";"07/06/1995";"01/03/2024";"SIEMPRE ABIERTO";"De Lunes a Domingo"
"CV H01168 V";"A";"ALTA";"1";"1 ESTRELLA";"IBIS BUDGET VALENCIA AEROPUERTO";"46";"VALÈNCIA";"159";"MANISES";"L'HORTA OEST";"46940";"CAMINO DE LA OLIVERETA, 44";"CM";"CAMINO";"DE LA OLIVERETA";"44";"h3202@accor.com";"www.ibishotel.com";"H";"HOTEL";"H";"HOTEL";"79";"158";"ACC";"ACCOR HOTELES ESPAÑA";"11/07/2002"; ;"SIEMPRE ABIERTO";"De Lunes a Domingo"
"CV H01270 V";"A";"ALTA";"1";"1 ESTRELLA";"M5 VALENCIA";"46";"VALÈNCIA";"159";"MANISES";"L'HORTA OEST";"46940";"CALLE CAMP DE MORVEDRE (POL. IND. LA COVA), S/N";"C";"CALLE";"CAMP DE MORVEDRE (POL. IND. LA COVA)";"S/N"; ; ;"H";"HOTEL";"H";"HOTEL";"31";"60";"NCD";"NO PERTENECE A NINGUNA CADENA";"30/09/2008"; ;"SIEMPRE ABIERTO";"De Lunes a Domingo"
"CV H01101 V";"A";"ALTA";"1";"1 ESTRELLA";"MANISES";"46";"VALÈNCIA";"159";"MANISES";"L'HORTA OEST";"46940";"AVENIDA GENERALITAT VALENCIANA, 22";"AV";"AVENIDA";"GENERALITAT VALENCIANA";"22";"manises91@gmail.com"; ;"H";"HOTEL";"H";"HOTEL";"43";"82";"NCD";"NO PERTENECE A NINGUNA CADENA";"08/02/1996"; ;"01/03 - 31/12";"De Lunes a Domingo"
"CV H00835 V";"A";"ALTA";"4";"4 ESTRELLAS";"PORT AZAFATA VALENCIA";"46";"VALÈNCIA";"159";"MANISES";"L'HORTA OEST";"46940";"CUESTA AEROPUERTO, 15"; ; ;"CUESTA AEROPUERTO";"15";"portazafata@porthotels.es";"https://www.porthotels.es/contacto.html";"H";"HOTEL";"H";"HOTEL";"128";"254";"SOL";"MELIÁ HOTELS INTERNATIONAL";"01/07/1975"; ;"SIEMPRE ABIERTO";"De Lunes a Domingo"
"CV H00658 V";"B";"BAJA";"0";"PENSIÓN";"SANTA TERESA";"46";"VALÈNCIA";"159";"MANISES";"L'HORTA OEST";"46940";"CALLE SANTA TERESA DE JESUS, 12";"C";"CALLE";"SANTA TERESA DE JESUS";"12"; ; ;"P";"PENSIÓN";"P";"PENSIÓN";"8";"14";"NCD";"NO PERTENECE A NINGUNA CADENA";"15/02/1971";"05/07/2007";"SIEMPRE ABIERTO";"De Lunes a Domingo"
"CV H01323 V";"A";"ALTA";"1";"1 ESTRELLA";"TRAVELODGE VALENCIA AEROPUERTO";"46";"VALÈNCIA";"159";"MANISES";"L'HORTA OEST";"46940";"CALLE LAS ROSAS, 31";"C";"CALLE";"LAS ROSAS";"31";"travelodge.valencia@travelodge.co.uk"; ;"H";"HOTEL";"H";"HOTEL";"116";"232";"NCD";"NO PERTENECE A NINGUNA CADENA";"29/09/2011"; ;"SIEMPRE ABIERTO";"De Lunes a Domingo"
"CV H00690 V";"B";"BAJA";"0";"PENSIÓN";"LAS VEGAS";"46";"VALÈNCIA";"162";"MASSALAVÉS";"LA RIBERA ALTA";"46292";"CARRETERA REAL DE MADRID, 003";"CR";"CARRETERA";"REAL DE MADRID";"003"; ; ;"P";"PENSIÓN";"P";"PENSIÓN";"5";"10";"NCD";"NO PERTENECE A NINGUNA CADENA";"02/01/1970";"20/05/1993";"SIEMPRE ABIERTO";"De Lunes a Domingo"
"CV H01195 V";"A";"ALTA";"3";"3 ESTRELLAS";"FLORAZAR";"46";"VALÈNCIA";"163";"MASSALFASSAR";"L'HORTA NORD";"46560";"CARRETERA GOMBALDA, S/N";"CR";"CARRETERA";"GOMBALDA";"S/N";"florazar@sh-hoteles.com";"http://www.sh-hoteles.com";"H";"HOTEL";"H";"HOTEL";"136";"272";"SH";"SH HOTELES";"14/04/2004"; ;"SIEMPRE ABIERTO";"De Lunes a Domingo"
"CV H01024 V";"B";"BAJA";"0";"PENSIÓN";"EL PINCHO";"46";"VALÈNCIA";"167";"MILLARES";"LA CANAL DE NAVARRÉS";"46199";"AVENIDA HERMANOS SAEZ MERINO, 16";"AV";"AVENIDA";"HERMANOS SAEZ MERINO";"16"; ; ;"P";"PENSIÓN";"P";"PENSIÓN";"6";"8";"NCD";"NO PERTENECE A NINGUNA CADENA";"20/02/1987";"06/03/2001";"SIEMPRE ABIERTO";"De Lunes a Domingo"
"CV H00856 V";"B";"BAJA";"0";"PENSIÓN";"MIRAMAR";"46";"VALÈNCIA";"168";"MIRAMAR";"LA SAFOR";"46711";"AVENIDA DEL MAR, 000";"AV";"AVENIDA";"DEL MAR";"000"; ; ;"P";"PENSIÓN";"P";"PENSIÓN";"0"; ;"NCD";"NO PERTENECE A NINGUNA CADENA";"20/06/1976";"16/06/1992";"SIEMPRE ABIERTO";"De Lunes a Domingo"
"CV H01232 V";"A";"ALTA";"3";"3 ESTRELLAS";"PLAYA MIRAMAR";"46";"VALÈNCIA";"168";"MIRAMAR";"LA SAFOR";"46711";"CALLE CABILONA, 5";"C";"CALLE";"CABILONA";"5"; ; ;"H";"HOTEL";"H";"HOTEL";"102";"204";"NCD";"NO PERTENECE A NINGUNA CADENA";"13/03/2006"; ; ; 
"CV H00563 V";"B";"BAJA";"0";"PENSIÓN";"CASTILLA";"46";"VALÈNCIA";"169";"MISLATA";"L'HORTA OEST";"46920";"CALLE DOS DE MAYO, 001";"C";"CALLE";"DOS DE MAYO";"001"; ; ;"P";"PENSIÓN";"P";"PENSIÓN";"0"; ;"NCD";"NO PERTENECE A NINGUNA CADENA";"06/04/1968";"17/02/1992";"SIEMPRE ABIERTO";"De Lunes a Domingo"
"CV H01446 V";"A";"ALTA";"1";"1 ESTRELLA";"LOOB";"46";"VALÈNCIA";"169";"MISLATA";"L'HORTA OEST";"46920";"CALLE LA COSTERA, 2";"C";"CALLE";"LA COSTERA";"2";"www.loob.es"; ;"H";"HOTEL";"H";"HOTEL";"54";"108";"NCD";"NO PERTENECE A NINGUNA CADENA";"07/07/2020"; ;"SIEMPRE ABIERTO";"De Lunes a Domingo"
"CV H00853 V";"B";"BAJA";"0";"PENSIÓN";"PEMAR";"46";"VALÈNCIA";"169";"MISLATA";"L'HORTA OEST";"46920";"CALLE SANTA TERESA, 000";"C";"CALLE";"SANTA TERESA";"000"; ; ;"P";"PENSIÓN";"P";"PENSIÓN";"0"; ;"NCD";"NO PERTENECE A NINGUNA CADENA";"14/05/1976";"27/03/1992";"SIEMPRE ABIERTO";"De Lunes a Domingo"
"CV H01449 V";"A";"ALTA"; ; ;"LA BATUTA";"46";"VALÈNCIA";"170";"MOGENTE/MOIXENT";"LA COSTERA";"46640";"AVENIDA GUERRER DE MOIXENT, 10";"AV";"AVENIDA";"GUERRER DE MOIXENT";"10";"vicentemollacolomer@gmail.com";"http://hostallabatuta.es";"HS";"HOSTAL"; ; ;"4";"8";"NCD";"NO PERTENECE A NINGUNA CADENA";"18/11/2020"; ;"SIEMPRE ABIERTO";"De Lunes a Domingo"
"CV H01335 V";"A";"ALTA";"1";"1 ESTRELLA";"MAKASA";"46";"VALÈNCIA";"170";"MOGENTE/MOIXENT";"LA COSTERA";"46640";"CALLE GREGAL, 1. POL. IND. JAUME I";"C";"CALLE";"GREGAL, 1. POL. IND. JAUME I"; ;"reservas@hotelmakasa.com";"http://www.hotelmakasa.com";"H";"HOTEL";"H";"HOTEL";"5";"10";"NCD";"NO PERTENECE A NINGUNA CADENA";"09/09/2013"; ;"SIEMPRE ABIERTO";"De Lunes a Domingo"
"CV H00302 V";"B";"BAJA";"0";"PENSIÓN";"BONAIRE";"46";"VALÈNCIA";"171";"MONCADA";"L'HORTA NORD";"46113";"CALLE 123 DEL PLANO, 000";"C";"CALLE";"123 DEL PLANO";"000"; ; ;"P";"PENSIÓN";"P";"PENSIÓN";"13";"18";"NCD";"NO PERTENECE A NINGUNA CADENA";"24/05/1962";"20/10/1992";"SIEMPRE ABIERTO";"De Lunes a Domingo"
"CV H01301 V";"A";"ALTA";"0";"PENSIÓN";"EL CONVENT DE MONCADA";"46";"VALÈNCIA";"171";"MONCADA";"L'HORTA NORD";"46113";"CALLE SALVADOR GINER, 1";"C";"CALLE";"SALVADOR GINER";"1";"informacion@elconventdemoncada.com";"http://www.elconventdemoncada.com";"P";"PENSIÓN";"P";"PENSIÓN";"14";"25";"NCD";"NO PERTENECE A NINGUNA CADENA";"27/04/2010"; ;"SIEMPRE ABIERTO";"De Lunes a Domingo"
"CV H01589 V";"A";"ALTA";"4";"4 ESTRELLAS";"SH CAMPUS LYCEUM";"46";"VALÈNCIA";"171";"MONCADA";"L'HORTA NORD";"46113";"CALLE ALMANSA, 15";"C";"CALLE";"ALMANSA";"15";"rodrigo.sanchez@sh-hoteles.com";"http://www.sh-hoteles.com";"H";"HOTEL"; ; ;"73";"140";"NCD";"NO PERTENECE A NINGUNA CADENA";"21/05/2025"; ;"SIEMPRE ABIERTO";"De Lunes a Domingo"
"CV H01543 V";"A";"ALTA";"3";"3 ESTRELLAS";"TRADERE";"46";"VALÈNCIA";"171";"MONCADA";"VALENCIA";"46113";"CALLE CORBELLA, 24-26";"C";"CALLE";"CORBELLA";"24-26";"info@tradere.es";"http://www.tradere.es";"H";"HOTEL";"H";"HOTEL";"12";"24";"NCD";"NO PERTENECE A NINGUNA CADENA";"23/08/2024"; ;"SIEMPRE ABIERTO";"De Lunes a Domingo"
"CV H01316 V";"A";"ALTA";"4";"4 ESTRELLAS";"MASIA DEL LACY";"46";"VALÈNCIA";"177";"MUSEROS";"L'HORTA NORD";"46136";"CARRETERA CV-32  MASSAMAGRELL - NAQUERA,  KM 8, KM 8";"CR";"CARRETERA";"CV-32  MASSAMAGRELL - NAQUERA,  KM 8";"KM 8"; ;"http://www.masiadelacy.com";"H";"HOTEL";"H";"HOTEL";"19";"38";"NCD";"NO PERTENECE A NINGUNA CADENA";"10/11/2010"; ;"SIEMPRE ABIERTO";"De Lunes a Domingo"
"CV H00711 V";"B";"BAJA";"1";"1 ESTRELLA";"PÍ, EL";"46";"VALÈNCIA";"178";"NÁQUERA";"EL CAMP DE TURIA";"46118";"CARRETERA BURJASOT-TORRES TORRES, KM.";"CR";"CARRETERA";"BURJASOT-TORRES TORRES";"KM."; ; ;"HS";"HOSTAL";"HS";"HOSTAL";"13";"17";"NCD";"NO PERTENECE A NINGUNA CADENA";"17/08/1971";"03/01/2001";"SIEMPRE ABIERTO";"De Lunes a Domingo"
"CV H00090 V";"B";"BAJA";"0";"PENSIÓN";"CASA PURA";"46";"VALÈNCIA";"179";"NAVARRÉS";"LA CANAL DE NAVARRÉS";"46823";"CALLE MAYOR, 002";"C";"CALLE";"MAYOR";"002"; ; ;"P";"PENSIÓN";"P";"PENSIÓN";"3";"5";"NCD";"NO PERTENECE A NINGUNA CADENA";"20/01/1970";"28/04/1997";"SIEMPRE ABIERTO";"De Lunes a Domingo"
"CV H01039 V";"B";"BAJA";"0";"PENSIÓN";"OLIVER";"46";"VALÈNCIA";"179";"NAVARRÉS";"LA CANAL DE NAVARRÉS";"46823";"CALLE IGLESIA, 3";"C";"CALLE";"IGLESIA";"3";"Folivercastillo@yahoo.com"; ;"P";"PENSIÓN";"P";"PENSIÓN";"12";"23";"NCD";"NO PERTENECE A NINGUNA CADENA";"11/08/1989";"28/10/2005";"SIEMPRE ABIERTO";"De Lunes a Domingo"
"CV H01597 V";"A";"ALTA"; ; ;"AGORA";"46";"VALÈNCIA";"180";"NOVELÉ/NOVETLÈ";"LA COSTERA";"46819";"CALLE JOAN FUSTER, 4";"C";"CALLE";"JOAN FUSTER";"4";"info@hostalagora.com";"http://www.hostalagora.com";"HS";"HOSTAL"; ; ;"14";"24";"NCD";"NO PERTENECE A NINGUNA CADENA";"28/05/2025"; ;"SIEMPRE ABIERTO";"De Lunes a Domingo"
"CV H01329 V";"B";"BAJA";"0";"PENSIÓN";"CASA LA VUELTA";"46";"VALÈNCIA";"180";"NOVELÉ/NOVETLÈ";"LA COSTERA";"46819";"CALLE NOU D'OCTUBRE, 9";"C";"CALLE";"NOU D'OCTUBRE";"9";"info@casalavuelta.com";"http://www.casalavuelta.com";"P";"PENSIÓN";"P";"PENSIÓN";"3";"6";"NCD";"NO PERTENECE A NINGUNA CADENA";"10/04/2012";"05/05/2016";"SIEMPRE ABIERTO";"De Lunes a Domingo"
"CV H01421 V";"B";"BAJA"; ; ;"SAN DIEGO";"46";"VALÈNCIA";"180";"NOVELÉ/NOVETLÈ";"LA COSTERA";"46819";"CALLE JOAN FUSTER, 1";"C";"CALLE";"JOAN FUSTER";"1";"info@hotelsandiego.es"; ;"HS";"HOSTAL"; ; ;"12";"24";"NCD";"NO PERTENECE A NINGUNA CADENA";"26/06/2019";"13/05/2024";"SIEMPRE ABIERTO";"De Lunes a Domingo"
"CV H00822 V";"A";"ALTA";"1";"1 ESTRELLA";"AZAHAR";"46";"VALÈNCIA";"181";"OLIVA";"LA SAFOR";"46780";"CALLE AUSIAS MARCH, 16";"C";"CALLE";"AUSIAS MARCH";"16";"hotelazahar@hotmail.com";"http://www.azaharhotel.es";"H";"HOTEL";"H";"HOTEL";"15";"28";"NCD";"NO PERTENECE A NINGUNA CADENA";"12/09/1974"; ;"SIEMPRE ABIERTO";"De Lunes a Domingo"
"CV H00578 V";"B";"BAJA";"0";"PENSIÓN";"CLIMENT";"46";"VALÈNCIA";"181";"OLIVA";"LA SAFOR";"46780";"CALLE ARZOBISPO REIG, 000";"C";"CALLE";"ARZOBISPO REIG";"000"; ; ;"P";"PENSIÓN";"P";"PENSIÓN";"4";"7";"NCD";"NO PERTENECE A NINGUNA CADENA";"27/07/1970";"28/04/1997";"SIEMPRE ABIERTO";"De Lunes a Domingo"
"CV H01227 V";"A";"ALTA";"3";"3 ESTRELLAS";"FONT SALADA";"46";"VALÈNCIA";"181";"OLIVA";"LA SAFOR";"46780";"CAMINO SANT PERE, S/N";"CM";"CAMINO";"SANT PERE";"S/N";"info@fontsalada.com";"http://www.fontsalada.com/";"H";"HOTEL";"H";"HOTEL";"14";"28";"NCD";"NO PERTENECE A NINGUNA CADENA";"26/07/2005"; ;"SIEMPRE ABIERTO";"De Lunes a Domingo"
"CV H00973 V";"B";"BAJA";"0";"PENSIÓN";"MORELL";"46";"VALÈNCIA";"181";"OLIVA";"LA SAFOR";"46780";"CARRETERA DENIA, 003";"CR";"CARRETERA";"DENIA";"003"; ; ;"P";"PENSIÓN";"P";"PENSIÓN";"12";"22";"NCD";"NO PERTENECE A NINGUNA CADENA";"01/08/1983";"09/07/1993";"SIEMPRE ABIERTO";"De Lunes a Domingo"
"CV H01189 V";"A";"ALTA";"0";"PENSIÓN";"OLIVA";"46";"VALÈNCIA";"181";"OLIVA";"LA SAFOR";"46780";"CALLE SAN LUIS, 35";"C";"CALLE";"SAN LUIS";"35";"info@pesionoliva.com";"http://www.hotelitooliva.com/";"P";"PENSIÓN";"P";"PENSIÓN";"6";"12";"NCD";"NO PERTENECE A NINGUNA CADENA";"30/12/2003"; ;"SIEMPRE ABIERTO";"De Lunes a Domingo"
"CV H01186 V";"B";"BAJA";"0";"PENSIÓN";"OLIVA BED AND BREAKFAST.COM";"46";"VALÈNCIA";"181";"OLIVA";"LA SAFOR";"46780";"AVENIDA FONT D'EN CARROS, 16";"AV";"AVENIDA";"FONT D'EN CARROS";"16"; ;"http://www.olivabedandbreakfast.com/";"P";"PENSIÓN";"P";"PENSIÓN";"3";"6";"NCD";"NO PERTENECE A NINGUNA CADENA";"29/10/2003";"28/03/2013";"SIEMPRE ABIERTO";"De Lunes a Domingo"
"CV H01095 V";"A";"ALTA";"4";"4 ESTRELLAS";"OLIVA NOVA GOLF BEACH & GOLF HOTEL";"46";"VALÈNCIA";"181";"OLIVA";"LA SAFOR";"46780";"AVENIDA DALÍ, 4";"AV";"AVENIDA";"DALÍ";"4";"hotel@olivanova.com";"https://www.olivanova.com";"H";"HOTEL";"H";"HOTEL";"198";"418";"NCD";"NO PERTENECE A NINGUNA CADENA";"27/01/1995"; ;"SIEMPRE ABIERTO";"De Lunes a Domingo"
"CV H00561 V";"B";"BAJA";"2";"2 ESTRELLAS";"PAUPI";"46";"VALÈNCIA";"181";"OLIVA";"LA SAFOR";"46780";"CALLE ROGER DE LAURIA, 2";"C";"CALLE";"ROGER DE LAURIA";"2";"olisgaga@oliva.infoville.net"; ;"H";"HOTEL";"H";"HOTEL";"38";"68";"NCD";"NO PERTENECE A NINGUNA CADENA";"29/10/1991";"15/07/2005";"01/04 - 15/10";"De Lunes a Domingo"
"CV H00760 V";"B";"BAJA";"0";"PENSIÓN";"PICOLO";"46";"VALÈNCIA";"181";"OLIVA";"LA SAFOR";"46780";"CALLE PARTIDA AIGUA MORTA, S.N";"C";"CALLE";"PARTIDA AIGUA MORTA";"S.N"; ; ;"P";"PENSIÓN";"P";"PENSIÓN";"0"; ;"NCD";"NO PERTENECE A NINGUNA CADENA";"30/03/1974";"09/01/1992";"SIEMPRE ABIERTO";"De Lunes a Domingo"
"CV H00298 V";"B";"BAJA";"0";"PENSIÓN";"PUERTA DEL SOL";"46";"VALÈNCIA";"181";"OLIVA";"LA SAFOR";"46780";"CALLE RINCONADA ERMITAS, 000";"C";"CALLE";"RINCONADA ERMITAS";"000"; ; ;"P";"PENSIÓN";"P";"PENSIÓN";"4";"7";"NCD";"NO PERTENECE A NINGUNA CADENA";"09/06/1963";"04/12/1992";"SIEMPRE ABIERTO";"De Lunes a Domingo"
"CV H00755 V";"B";"BAJA";"0";"PENSIÓN";"REBOLLET";"46";"VALÈNCIA";"181";"OLIVA";"LA SAFOR";"46780";"CALLE ALCALDE FRANCISCO LORCA, 4";"C";"CALLE";"ALCALDE FRANCISCO LORCA";"4"; ; ;"P";"PENSIÓN";"P";"PENSIÓN";"15";"28";"NCD";"NO PERTENECE A NINGUNA CADENA";"18/11/1972";"15/12/1997";"SIEMPRE ABIERTO";"De Lunes a Domingo"
"CV H00903 V";"B";"BAJA";"0";"PENSIÓN";"ROYAL";"46";"VALÈNCIA";"181";"OLIVA";"LA SAFOR";"46780";"CALLE RINCONADA ERMITAS, 000";"C";"CALLE";"RINCONADA ERMITAS";"000"; ; ;"P";"PENSIÓN";"P";"PENSIÓN";"6";"11";"NCD";"NO PERTENECE A NINGUNA CADENA";"21/02/1978";"20/05/1993";"SIEMPRE ABIERTO";"De Lunes a Domingo"
"CV H01201 V";"B";"BAJA";"0";"PENSIÓN";"SAN VICENTE";"46";"VALÈNCIA";"181";"OLIVA";"LA SAFOR";"46780";"PLAZA GANGUIS, 13";"PL";"PLAZA";"GANGUIS";"13";"info@pensionsanvicente.es";"http://www.pensionsanvicente.es";"P";"PENSIÓN";"P";"PENSIÓN";"4";"8";"NCD";"NO PERTENECE A NINGUNA CADENA";"13/07/2004";"29/05/2017";"SIEMPRE ABIERTO";"De Lunes a Domingo"
"CV H00509 V";"A";"ALTA";"1";"1 ESTRELLA";"TROPICAL";"46";"VALÈNCIA";"181";"OLIVA";"LA SAFOR";"46780";"PASEO FRANCISCO BRINES, 9";"PA";"PASEO";"FRANCISCO BRINES";"9";"info@hostaltropical.com";"http://www.hostaltropical.com";"HS";"HOSTAL";"SR";"HOSTAL-RESIDENCIA";"26";"54";"NCD";"NO PERTENECE A NINGUNA CADENA";"02/11/1966"; ;"15/06 - 14/09";"De Lunes a Domingo"
"CV H01115 V";"A";"ALTA";"2";"2 ESTRELLAS";"L'ARQUET";"46";"VALÈNCIA";"182";"OLOCAU";"EL CAMP DE TURIA";"46169";"AVENIDA FONT DE FRARE, 4";"AV";"AVENIDA";"FONT DE FRARE";"4"; ; ;"HS";"HOSTAL";"HS";"HOSTAL";"6";"10";"NCD";"NO PERTENECE A NINGUNA CADENA";"08/01/1998"; ;"SIEMPRE ABIERTO";"De Lunes a Domingo"
"CV H01187 V";"A";"ALTA";"3";"3 ESTRELLAS";"GASAQUI";"46";"VALÈNCIA";"183";"L'OLLERIA";"LA VALL D'ALBAIDA";"46850";"CARRETERA CV-40, KM. 14";"CR";"CARRETERA";"CV-40, KM. 14"; ;"info@complejogasaqui.com";"WWW.complejogasaqui.com";"H";"HOTEL";"H";"HOTEL";"48";"100";"NCD";"NO PERTENECE A NINGUNA CADENA";"19/11/2003"; ;"SIEMPRE ABIERTO";"De Lunes a Domingo"
"CV H01061 V";"B";"BAJA";"2";"2 ESTRELLAS";"SAN MIGUEL";"46";"VALÈNCIA";"183";"L'OLLERIA";"LA VALL D'ALBAIDA";"46850";"AVENIDA DIPUTACION, 6";"AV";"AVENIDA";"DIPUTACION";"6"; ; ;"H";"HOTEL";"H";"HOTEL";"34";"66";"NCD";"NO PERTENECE A NINGUNA CADENA";"22/09/1992";"29/11/2022";"SIEMPRE ABIERTO";"De Lunes a Domingo"
"CV H00721 V";"B";"BAJA";"0";"PENSIÓN";"GARCIA";"46";"VALÈNCIA";"184";"ONTINYENT";"LA VALL D'ALBAIDA";"46870";"CALLE LA MORERETA, 18";"C";"CALLE";"LA MORERETA";"18"; ; ;"P";"PENSIÓN";"P";"PENSIÓN";"8";"13";"NCD";"NO PERTENECE A NINGUNA CADENA";"21/10/1972";"08/07/2003";"SIEMPRE ABIERTO";"De Lunes a Domingo"
"CV H00855 V";"A";"ALTA";"0";"PENSIÓN";"HABITACIONS CASA ROBERTO";"46";"VALÈNCIA";"184";"ONTINYENT";"LA VALL D'ALBAIDA";"46870";"AVENIDA ALMANSA, 3";"AV";"AVENIDA";"ALMANSA";"3";"contacte@habitacionscasaroberto.com";"http://www.habitacionscasaroberto.com";"P";"PENSIÓN";"P";"PENSIÓN";"10";"18";"NCD";"NO PERTENECE A NINGUNA CADENA";"03/06/1976"; ;"SIEMPRE ABIERTO";"De Lunes a Domingo"
"CV H01202 V";"A";"ALTA";"4";"4 ESTRELLAS";"KAZAR";"46";"VALÈNCIA";"184";"ONTINYENT";"LA VALL D'ALBAIDA";"46870";"AVENIDA DOS DE MAYO, 117";"AV";"AVENIDA";"DOS DE MAYO";"117";"info@hotelkazar.com";"https://hotelkazar.es";"H";"HOTEL";"H";"HOTEL";"39";"78";"NCD";"NO PERTENECE A NINGUNA CADENA";"15/07/2004"; ;"SIEMPRE ABIERTO";"De Lunes a Domingo"
"CV H00724 V";"B";"BAJA";"0";"PENSIÓN";"MARCOS";"46";"VALÈNCIA";"184";"ONTINYENT";"LA VALL D'ALBAIDA";"46870";"AVENIDA DIPUTACION, 001";"AV";"AVENIDA";"DIPUTACION";"001"; ; ;"P";"PENSIÓN";"P";"PENSIÓN";"9";"17";"NCD";"NO PERTENECE A NINGUNA CADENA";"03/05/1972";"22/06/1992";"SIEMPRE ABIERTO";"De Lunes a Domingo"
"CV H00764 V";"A";"ALTA";"0";"PENSIÓN";"MONTERREY";"46";"VALÈNCIA";"184";"ONTINYENT";"LA VALL D'ALBAIDA";"46870";"AVENIDA ALMANSA, 23";"AV";"AVENIDA";"ALMANSA";"23"; ; ;"P";"PENSIÓN";"P";"PENSIÓN";"17";"31";"NCD";"NO PERTENECE A NINGUNA CADENA";"19/06/1973"; ;"SIEMPRE ABIERTO";"De Lunes a Domingo"
"CV H00958 V";"B";"BAJA";"0";"PENSIÓN";"ORBA";"46";"VALÈNCIA";"184";"ONTINYENT";"LA VALL D'ALBAIDA";"46870";"CALLE CAMI DELS CARROS, 004";"C";"CALLE";"CAMI DELS CARROS";"004"; ; ;"P";"PENSIÓN";"P";"PENSIÓN";"9";"17";"NCD";"NO PERTENECE A NINGUNA CADENA";"03/03/1981";"06/09/1993";"SIEMPRE ABIERTO";"De Lunes a Domingo"
"CV H00684 V";"B";"BAJA";"3";"3 ESTRELLAS";"POU CLAR";"46";"VALÈNCIA";"184";"ONTINYENT";"LA VALL D'ALBAIDA";"46870";"CALLE MAYANS, 67";"C";"CALLE";"MAYANS";"67";"hotelpouclar@yahoo.es"; ;"H";"HOTEL";"H";"HOTEL";"19";"20";"NCD";"NO PERTENECE A NINGUNA CADENA";"17/09/1977";"13/10/2008";"SIEMPRE ABIERTO";"De Lunes a Domingo"
"CV H01012 V";"B";"BAJA";"0";"PENSIÓN";"SANT JOSEP";"46";"VALÈNCIA";"184";"ONTINYENT";"LA VALL D'ALBAIDA";"46870";"CALLE MARTINEZ VALLS, 002";"C";"CALLE";"MARTINEZ VALLS";"002"; ; ;"P";"PENSIÓN";"P";"PENSIÓN";"16";"16";"NCD";"NO PERTENECE A NINGUNA CADENA";"15/04/1987";"15/05/1997";"SIEMPRE ABIERTO";"De Lunes a Domingo"
"CV H01235 V";"A";"ALTA";"2";"2 ESTRELLAS";"CA LES SENYORETES";"46";"VALÈNCIA";"185";"OTOS";"LA VALL D'ALBAIDA";"46844";"CALLE SANTO CRISTO, 1";"C";"CALLE";"SANTO CRISTO";"1"; ; ;"H";"HOTEL";"H";"HOTEL";"5";"12";"NCD";"NO PERTENECE A NINGUNA CADENA";"28/04/2006"; ;"SIEMPRE ABIERTO";"De Lunes a Domingo"
"CV H01120 V";"A";"ALTA";"1";"1 ESTRELLA";"BONAVISTA";"46";"VALÈNCIA";"186";"PAIPORTA";"L'HORTA SUD";"46200";"CALLE JUAN XXIII, 2";"C";"CALLE";"JUAN XXIII";"2"; ; ;"HS";"HOSTAL";"HS";"HOSTAL";"12";"24";"NCD";"NO PERTENECE A NINGUNA CADENA";"05/05/1999"; ;"SIEMPRE ABIERTO";"De Lunes a Domingo"
"CV H01594 V";"B";"BAJA";"2";"2 ESTRELLAS";"BOUTIQUE ROOM PAIPORTA COLLECTION";"46";"VALÈNCIA";"186";"PAIPORTA";"L'HORTA SUD";"46200";"CALLE POLONIA, 3 BJ DCHA";"C";"CALLE";"POLONIA";"3 BJ DCHA";"boutiqueinmobiliaria1@gmail.com";"http://www.boutiqueroom.es";"H";"HOTEL";"HA";"HOTEL-APARTAMENTO";"5";"10";"NCD";"NO PERTENECE A NINGUNA CADENA";"16/05/2025";"18/09/2025";"SIEMPRE ABIERTO";"De Lunes a Domingo"
"CV H01593 V";"B";"BAJA";"2";"2 ESTRELLAS";"BOUTIQUE ROOM PAIPORTA PLAZA";"46";"VALÈNCIA";"186";"PAIPORTA";"L'HORTA SUD";"46200";"CALLE PAISES BAJOS, 25 BJ";"C";"CALLE";"PAISES BAJOS";"25 BJ";"boutiqueinmobiliaria1@gmail.com";"http://www.boutiqueroom.es";"H";"HOTEL";"HA";"HOTEL-APARTAMENTO";"3";"6";"NCD";"NO PERTENECE A NINGUNA CADENA";"23/05/2025";"18/09/2025";"SIEMPRE ABIERTO";"De Lunes a Domingo"
"CV H00801 V";"B";"BAJA";"0";"PENSIÓN";"REDONDO";"46";"VALÈNCIA";"186";"PAIPORTA";"L'HORTA SUD";"46200";"CALLE SAN JOAQUIN, 000";"C";"CALLE";"SAN JOAQUIN";"000"; ; ;"P";"PENSIÓN";"P";"PENSIÓN";"5";"10";"NCD";"NO PERTENECE A NINGUNA CADENA";"16/02/1982";"20/10/1992";"SIEMPRE ABIERTO";"De Lunes a Domingo"
"CV H01264 V";"A";"ALTA";"4";"4 ESTRELLAS";"AZZ VALENCIA TACTICA";"46";"VALÈNCIA";"190";"PATERNA";"L'HORTA OEST";"46980";"CALLE BOTIGUERS, 1";"C";"CALLE";"BOTIGUERS";"1"; ; ;"H";"HOTEL";"H";"HOTEL";"102";"206";"NCD";"NO PERTENECE A NINGUNA CADENA";"13/03/2008"; ;"SIEMPRE ABIERTO";"De Lunes a Domingo"
"CV H01276 V";"A";"ALTA";"2";"2 ESTRELLAS";"B&B VALENCIA AEROPUERTO";"46";"VALÈNCIA";"190";"PATERNA";"L'HORTA OEST";"46980";"CALLE  CIUTAT DE LLIRIA, 4, POLÍGONO EMPRESARIAL TÁCTICA, 4";"C";"CALLE";"CIUTAT DE LLIRIA, 4, POLÍGONO EMPRESARIAL TÁCTICA";"4";"hotel.valenciaaeropuerto@hotelbb.com";"http://www.hotel-bb.com";"H";"HOTEL";"H";"HOTEL";"98";"196";"NCD";"NO PERTENECE A NINGUNA CADENA";"12/12/2008"; ;"SIEMPRE ABIERTO";"De Lunes a Domingo"
"CV H01234 V";"B";"BAJA";"1";"1 ESTRELLA";"CAMPO OLIVAR";"46";"VALÈNCIA";"190";"PATERNA";"L'HORTA OEST";"46980";"CALLE MONTGÓ, 5";"C";"CALLE";"MONTGÓ";"5"; ; ;"H";"HOTEL";"H";"HOTEL";"19";"38";"NCD";"NO PERTENECE A NINGUNA CADENA";"23/10/2006";"21/04/2015";"SIEMPRE ABIERTO";"De Lunes a Domingo"
"CV H01173 V";"B";"BAJA";"0";"PENSIÓN";"CANDELAS";"46";"VALÈNCIA";"190";"PATERNA";"L'HORTA OEST";"46980";"CALLE 15-LA CAÑADA, 30";"C";"CALLE";"15-LA CAÑADA";"30"; ; ;"P";"PENSIÓN";"P";"PENSIÓN";"7";"12";"NCD";"NO PERTENECE A NINGUNA CADENA";"06/11/2002";"18/11/2014";"SIEMPRE ABIERTO";"De Lunes a Domingo"
"CV H00618 V";"B";"BAJA";"1";"1 ESTRELLA";"CASTILLO";"46";"VALÈNCIA";"190";"PATERNA";"L'HORTA OEST";"46980";"AVENIDA PEREZ GALDOS, 001";"AV";"AVENIDA";"PEREZ GALDOS";"001"; ; ;"HS";"HOSTAL";"HS";"HOSTAL";"8";"13";"NCD";"NO PERTENECE A NINGUNA CADENA";"29/07/1969";"22/05/1996";"SIEMPRE ABIERTO";"De Lunes a Domingo"
"CV H01194 V";"A";"ALTA";"2";"2 ESTRELLAS";"CRUZ DE GRACIA";"46";"VALÈNCIA";"190";"PATERNA";"L'HORTA OEST";"46980";"CALLE CIRERERS (URB. CRUZ DE GRACIA), 12";"C";"CALLE";"CIRERERS (URB. CRUZ DE GRACIA)";"12";"correo@hotelcuzdegracia.com";"http://www.hotelcruzdegracia.com";"H";"HOTEL";"H";"HOTEL";"6";"12";"NCD";"NO PERTENECE A NINGUNA CADENA";"16/03/2004"; ;"SIEMPRE ABIERTO";"De Lunes a Domingo"
"CV H01049 V";"B";"BAJA";"1";"1 ESTRELLA";"DON BACO";"46";"VALÈNCIA";"190";"PATERNA";"L'HORTA OEST";"46182";"CALLE 29 ( LA CAÑADA), 46";"C";"CALLE";"29 ( LA CAÑADA)";"46";"gestiondonbaco@gmail.com";"donbacolacanada.es";"H";"HOTEL";"H";"HOTEL";"30";"51";"NCD";"NO PERTENECE A NINGUNA CADENA";"21/01/1991";"03/05/2024";"SIEMPRE ABIERTO";"De Lunes a Domingo"
"CV H00632 V";"A";"ALTA";"1";"1 ESTRELLA";"DOS DE MAYO";"46";"VALÈNCIA";"190";"PATERNA";"L'HORTA OEST";"46980";"CALLE VIRGEN DEL PILAR, 9";"C";"CALLE";"VIRGEN DEL PILAR";"9"; ; ;"HS";"HOSTAL";"HS";"HOSTAL";"11";"17";"NCD";"NO PERTENECE A NINGUNA CADENA";"12/08/1969"; ;"SIEMPRE ABIERTO";"De Lunes a Domingo"
"CV H01188 V";"A";"ALTA";"4";"4 ESTRELLAS";"MAS CAMARENA";"46";"VALÈNCIA";"190";"PATERNA";"L'HORTA OEST";"46980";"CALLE NICOLAS COPERNICO, 2";"C";"CALLE";"NICOLAS COPERNICO";"2";"reservas@hotelcamarena.com";"http://www.hotelmascamarena.com";"H";"HOTEL";"H";"HOTEL";"140";"271"; ; ;"27/11/2003"; ;"SIEMPRE ABIERTO";"De Lunes a Domingo"
"CV H01177 V";"A";"ALTA"; ; ;"MITRE PATERNA";"46";"VALÈNCIA";"190";"PATERNA";"L'HORTA OEST";"46980";"CALLE PEREZ GALDOS, 12";"C";"CALLE";"PEREZ GALDOS";"12"; ; ;"HS";"HOSTAL";"HS";"HOSTAL";"19";"36";"NCD";"NO PERTENECE A NINGUNA CADENA";"20/02/2003"; ;"SIEMPRE ABIERTO";"De Lunes a Domingo"
"CV H01499 V";"A";"ALTA"; ; ;"ORANGE VIBES INN";"46";"VALÈNCIA";"190";"PATERNA";"L'HORTA OEST";"46980";"CALLE DOCTOR MACHI, 2";"C";"CALLE";"DOCTOR MACHI";"2";"s.agrba@gmail.com"; ;"P";"PENSIÓN"; ; ;"8";"14";"NCD";"NO PERTENECE A NINGUNA CADENA";"26/04/2023"; ;"SIEMPRE ABIERTO";"De Lunes a Domingo"
"CV H00796 V";"A";"ALTA";"1";"1 ESTRELLA";"PILARICA, LA";"46";"VALÈNCIA";"190";"PATERNA";"L'HORTA OEST";"46980";"CALLE VIRGEN DEL PILAR, 13";"C";"CALLE";"VIRGEN DEL PILAR";"13";"lapilarica-hostal@hotmail.com"; ;"HS";"HOSTAL";"SR";"HOSTAL-RESIDENCIA";"17";"27";"NCD";"NO PERTENECE A NINGUNA CADENA";"10/09/1974"; ;"SIEMPRE ABIERTO";"De Lunes a Domingo"
"CV H01180 V";"A";"ALTA";"3";"3 ESTRELLAS";"POSADAS DE ESPAÑA";"46";"VALÈNCIA";"190";"PATERNA";"L'HORTA OEST";"46980";"CALLE JUAN DE LA CIERVA, 1";"C";"CALLE";"JUAN DE LA CIERVA";"1";"hotelpaterna@posadasdeespana.com";"http://www.posadasdeespana.com";"H";"HOTEL";"H";"HOTEL";"82";"164";"NCD";"NO PERTENECE A NINGUNA CADENA";"24/07/2003"; ;"SIEMPRE ABIERTO";"De Lunes a Domingo"
"CV H01388 V";"A";"ALTA";"4";"4 ESTRELLAS";"VALENCIA CONGRESS";"46";"VALÈNCIA";"190";"PATERNA";"L'HORTA OEST";"46980";"CALLE BOTIGUERS, 49";"C";"CALLE";"BOTIGUERS";"49"; ;"http://www.azzaharhoteles.com";"H";"HOTEL";"H";"HOTEL";"100";"200";"NCD";"NO PERTENECE A NINGUNA CADENA";"01/08/2017"; ;"SIEMPRE ABIERTO";"De Lunes a Domingo"
"CV H01394 V";"A";"ALTA";"2";"2 ESTRELLAS";"VISTA AL SOL";"46";"VALÈNCIA";"190";"PATERNA";"L'HORTA OEST";"46980";"CALLE MONTGO, 5";"C";"CALLE";"MONTGO";"5";"info@hotelvistaalsol.es";"http://www.hotelvistaalsol.com";"H";"HOTEL";"H";"HOTEL";"19";"38";"NCD";"NO PERTENECE A NINGUNA CADENA";"24/10/2017"; ;"SIEMPRE ABIERTO";"De Lunes a Domingo"
"CV H01292 V";"A";"ALTA";"1";"1 ESTRELLA";"WELLNESS";"46";"VALÈNCIA";"190";"PATERNA";"L'HORTA OEST";"46980";"CALLE JUAN DE LA CIERVA, 27";"C";"CALLE";"JUAN DE LA CIERVA";"27";"info@aparthotelwellness.com";"http://www.aparthotelwellness.com";"H";"HOTEL";"HA";"HOTEL-APARTAMENTO";"60";"120";"NCD";"NO PERTENECE A NINGUNA CADENA";"30/11/2009"; ;"SIEMPRE ABIERTO";"De Lunes a Domingo"
"CV H01253 V";"B";"BAJA";"4";"4 ESTRELLAS";"ZT VALENCIA PARK";"46";"VALÈNCIA";"190";"PATERNA";"L'HORTA OEST";"46980";"CALLE BOTIGUERS, 49";"C";"CALLE";"BOTIGUERS";"49"; ; ;"H";"HOTEL";"H";"HOTEL";"99";"200";"ZTH";"ZT HOTELS";"18/06/2007";"21/04/2015";"SIEMPRE ABIERTO";"De Lunes a Domingo"
"CV H01131 V";"A";"ALTA";"4";"4 ESTRELLAS";"CHECKIN CISCAR";"46";"VALÈNCIA";"193";"PICANYA";"L'HORTA OEST";"46210";"AVENIDA ALQUERIA DE MORET, 31";"AV";"AVENIDA";"ALQUERIA DE MORET";"31";"reservas@checkinhotels.com"; ;"H";"HOTEL";"H";"HOTEL";"88";"173";"NCD";"NO PERTENECE A NINGUNA CADENA";"22/05/2000"; ;"SIEMPRE ABIERTO";"De Lunes a Domingo"
"CV H01064 V";"B";"BAJA";"1";"1 ESTRELLA";"CISCAR";"46";"VALÈNCIA";"193";"PICANYA";"L'HORTA OEST";"46210";"CALLE JOSE MARTI ROS, 16";"C";"CALLE";"JOSE MARTI ROS";"16"; ; ;"H";"HOTEL";"H";"HOTEL";"14";"20";"NCD";"NO PERTENECE A NINGUNA CADENA";"18/01/1993";"06/04/2001";"SIEMPRE ABIERTO";"De Lunes a Domingo"
"CV H01086 V";"B";"BAJA";"0";"PENSIÓN";"NOVA PICANYA";"46";"VALÈNCIA";"193";"PICANYA";"L'HORTA OEST";"46210";"CALLE ORIHUELA, 5";"C";"CALLE";"ORIHUELA";"5";"hostalnovapicanya@hotmail.com"; ;"P";"PENSIÓN";"P";"PENSIÓN";"19";"33";"NCD";"NO PERTENECE A NINGUNA CADENA";"15/06/1994";"04/09/2023";"SIEMPRE ABIERTO";"De Lunes a Domingo"
"CV H01114 V";"B";"BAJA";"0";"PENSIÓN";"NOVA PICANYA II";"46";"VALÈNCIA";"193";"PICANYA";"L'HORTA OEST";"46210";"CALLE PAZ, 2";"C";"CALLE";"PAZ";"2"; ; ;"P";"PENSIÓN";"P";"PENSIÓN";"5";"11";"NCD";"NO PERTENECE A NINGUNA CADENA";"22/12/1997";"21/06/2011"; ; 
"CV H00453 V";"B";"BAJA";"0";"PENSIÓN";"SENTO";"46";"VALÈNCIA";"194";"PICASSENT";"L'HORTA SUD";"46220";"PLAZA AYUNTAMIENTO, 1";"PL";"PLAZA";"AYUNTAMIENTO";"1";"sentoxxx@teleline.es"; ;"P";"PENSIÓN";"P";"PENSIÓN";"9";"16";"NCD";"NO PERTENECE A NINGUNA CADENA";"11/11/1965";"11/06/2015";"SIEMPRE ABIERTO";"De Lunes a Domingo"
"CV H00051 V";"B";"BAJA";"0";"PENSIÓN";"GLORIA MAR";"46";"VALÈNCIA";"195";"PILES";"LA SAFOR";"46712";"AVENIDA DEL MAR, 1";"AV";"AVENIDA";"DEL MAR";"1"; ; ;"P";"PENSIÓN";"P";"PENSIÓN";"13";"17";"NCD";"NO PERTENECE A NINGUNA CADENA";"27/02/1964";"31/07/2007";"01/04 - 30/09";"De Lunes a Domingo"
"CV H01532 V";"A";"ALTA";"4";"4 ESTRELLAS";"ESTIMAR MARINA FARNALS 5 & TWO";"46";"VALÈNCIA";"199";"LA POBLA DE FARNALS";"L'HORTA NORD";"46137";"AVENIDA NEPTUNO, 1";"AV";"AVENIDA";"NEPTUNO";"1";"info@estimarhotels.com";"http://www.estimarhotels.com";"H";"HOTEL";"H";"HOTEL";"130";"260";"NCD";"NO PERTENECE A NINGUNA CADENA";"17/06/2024"; ;"SIEMPRE ABIERTO";"De Lunes a Domingo"
"CV H01296 V";"A";"ALTA";"3";"3 ESTRELLAS";"MERAKI BEACH HOTEL";"46";"VALÈNCIA";"199";"LA POBLA DE FARNALS";"L'HORTA NORD";"46137";"PASEO DE COLÓN, 33";"PA";"PASEO";"DE COLÓN";"33";"recepcion@merakibeachhotel.com";"https://merakibeachhotel.com";"H";"HOTEL";"H";"HOTEL";"12";"24";"NCD";"NO PERTENECE A NINGUNA CADENA";"29/03/2010"; ;"SIEMPRE ABIERTO";"De Lunes a Domingo"
"CV H01343 V";"A";"ALTA";"1";"1 ESTRELLA";"ESPAI MEDITERRANI";"46";"VALÈNCIA";"202";"LA POBLA DE VALLBONA";"EL CAMP DE TURIA";"46185";"CALLE ALHAMBRA-URBANIZACION MARAVISA-, 24";"C";"CALLE";"ALHAMBRA-URBANIZACION MARAVISA-";"24"; ; ;"HS";"HOSTAL";"HS";"HOSTAL";"5";"8";"NCD";"NO PERTENECE A NINGUNA CADENA";"19/06/2014"; ;"SIEMPRE ABIERTO";"De Lunes a Domingo"
"CV H01456 V";"A";"ALTA"; ; ;"LES ERES";"46";"VALÈNCIA";"202";"LA POBLA DE VALLBONA";"EL CAMP DE TURIA";"46185";"CALLE LES ERES, 29";"C";"CALLE";"LES ERES";"29"; ; ;"P";"PENSIÓN"; ; ;"3";"5";"NCD";"NO PERTENECE A NINGUNA CADENA";"22/02/2021"; ;"SIEMPRE ABIERTO";"De Lunes a Domingo"
"CV H01237 V";"B";"BAJA";"3";"3 ESTRELLAS";"VILLA BENSUSAN";"46";"VALÈNCIA";"202";"LA POBLA DE VALLBONA";"EL CAMP DE TURIA";"46185";"CALLE PARAISO (URB. RINCONS), 8";"C";"CALLE";"PARAISO (URB. RINCONS)";"8";"mail@villa-bensusan.com";"http://www.villa-bensusan.com";"H";"HOTEL";"H";"HOTEL";"7";"14";"NCD";"NO PERTENECE A NINGUNA CADENA";"29/05/2006";"07/09/2017";"SIEMPRE ABIERTO";"De Lunes a Domingo"
"CV H01508 V";"A";"ALTA";"3";"3 ESTRELLAS";"AREA DE SERVICIO EL PUIG";"46";"VALÈNCIA";"204";"EL PUIG DE SANTA MARIA";"L'HORTA NORD";"46540";"CARRETERA AUTOVIA A7, S/N";"CR";"CARRETERA";"AUTOVIA A7";"S/N"; ; ;"H";"HOTEL";"H";"HOTEL";"26";"51";"NCD";"NO PERTENECE A NINGUNA CADENA";"30/06/2023"; ;"SIEMPRE ABIERTO";"De Lunes a Domingo"
"CV H00535 V";"A";"ALTA";"1";"1 ESTRELLA";"BORJA";"46";"VALÈNCIA";"204";"EL PUIG DE SANTA MARIA";"L'HORTA NORD";"46540";"CALLE PROGRESO, 35";"C";"CALLE";"PROGRESO";"35"; ; ;"H";"HOTEL";"H";"HOTEL";"26";"42";"NCD";"NO PERTENECE A NINGUNA CADENA";"21/04/1975"; ;"SIEMPRE ABIERTO";"De Lunes a Domingo"
"CV H01302 V";"A";"ALTA";"3";"3 ESTRELLAS";"CARTUJA CASA DEL PRIOR";"46";"VALÈNCIA";"204";"EL PUIG DE SANTA MARIA";"L'HORTA NORD";"46540";"CARRETERA VIEJA DE BARCELONA, KM 13,3";"CR";"CARRETERA";"VIEJA DE BARCELONA";"KM 13,3";"hotel.casadelprior@paradis.es"; ;"H";"HOTEL";"H";"HOTEL";"10";"22";"NCD";"NO PERTENECE A NINGUNA CADENA";"27/04/2010"; ;"SIEMPRE ABIERTO";"De Lunes a Domingo"
"CV H01110 V";"A";"ALTA";"3";"3 ESTRELLAS";"CASBAH";"46";"VALÈNCIA";"204";"EL PUIG DE SANTA MARIA";"L'HORTA NORD";"46540";"AVENIDA JULIO RIVELLES, 13";"AV";"AVENIDA";"JULIO RIVELLES";"13";"info@hotelcasbah.com";"http://www.hotelcasbah.com";"H";"HOTEL";"H";"HOTEL";"57";"69";"NCD";"NO PERTENECE A NINGUNA CADENA";"21/02/1997"; ;"SIEMPRE ABIERTO";"De Lunes a Domingo"
"CV H01515 V";"A";"ALTA";"0";"PENSIÓN";"DOLCE VITA B&B";"46";"VALÈNCIA";"204";"EL PUIG DE SANTA MARIA";"L'HORTA NORD";"46540";"URBANIZACIÓN PUIG VAL CHALETS 3, S/N";"UR";"URBANIZACIÓN";"PUIG VAL CHALETS 3";"S/N";"admin@tybaprop.com"; ;"P";"PENSIÓN"; ; ;"8";"16";"NCD";"NO PERTENECE A NINGUNA CADENA";"23/08/2023"; ;"SIEMPRE ABIERTO";"De Lunes a Domingo"
"CV H01029 V";"A";"ALTA";"0";"PENSIÓN";"RONDA";"46";"VALÈNCIA";"204";"EL PUIG DE SANTA MARIA";"L'HORTA NORD";"46540";"CALLE MUSICO JULIO RIVELLES, 5";"C";"CALLE";"MUSICO JULIO RIVELLES";"5";"hotelronda@hotelronda.es";"http://www.hotelronda.es/";"P";"PENSIÓN";"P";"PENSIÓN";"19";"28";"NCD";"NO PERTENECE A NINGUNA CADENA";"13/08/1987"; ;"SIEMPRE ABIERTO";"De Lunes a Domingo"
"CV H01057 V";"A";"ALTA";"2";"2 ESTRELLAS";"RONDA I";"46";"VALÈNCIA";"204";"EL PUIG DE SANTA MARIA";"L'HORTA NORD";"46540";"CALLE JULIO RIVELLES, 9";"C";"CALLE";"JULIO RIVELLES";"9";"hotelronda@hotelronda.es";"http://www.hotelronda.es/";"H";"HOTEL";"H";"HOTEL";"45";"67";"NCD";"NO PERTENECE A NINGUNA CADENA";"05/03/1992"; ;"SIEMPRE ABIERTO";"De Lunes a Domingo"
"CV H01052 V";"A";"ALTA";"3";"3 ESTRELLAS";"RONDA II";"46";"VALÈNCIA";"204";"EL PUIG DE SANTA MARIA";"L'HORTA NORD";"46540";"CALLE JULIO RIVELLES, 15";"C";"CALLE";"JULIO RIVELLES";"15";"hotelronda@hotelronda.es";"http://www.hotelronda.es/";"H";"HOTEL";"H";"HOTEL";"59";"95";"NCD";"NO PERTENECE A NINGUNA CADENA";"29/11/1991"; ;"SIEMPRE ABIERTO";"De Lunes a Domingo"
"CV H01074 V";"B";"BAJA";"2";"2 ESTRELLAS";"ALBA";"46";"VALÈNCIA";"205";"PUÇOL";"L'HORTA NORD";"46530";"AVENIDA DEL HOSTALETS, 96";"AV";"AVENIDA";"DEL HOSTALETS";"96";"hotel-alba@miportal.es"; ;"H";"HOTEL";"H";"HOTEL";"17";"28";"NCD";"NO PERTENECE A NINGUNA CADENA";"24/06/1994";"22/12/2011";"SIEMPRE ABIERTO";"De Lunes a Domingo"
"CV H01230 V";"A";"ALTA";"3";"3 ESTRELLAS";"ALBA PLAZA";"46";"VALÈNCIA";"205";"PUÇOL";"L'HORTA NORD";"46530";"CARRETERA BARCELONA, 12";"CR";"CARRETERA";"BARCELONA";"12"; ; ;"H";"HOTEL";"H";"HOTEL";"42";"73";"NCD";"NO PERTENECE A NINGUNA CADENA";"20/12/2005"; ;"SIEMPRE ABIERTO";"De Lunes a Domingo"
"CV H01073 V";"B";"BAJA";"0";"PENSIÓN";"EL CORDOBÉS";"46";"VALÈNCIA";"205";"PUÇOL";"L'HORTA NORD";"46530";"CALLE MAESTRO SERRANO, 002";"C";"CALLE";"MAESTRO SERRANO";"002"; ; ;"P";"PENSIÓN";"P";"PENSIÓN";"3";"5";"NCD";"NO PERTENECE A NINGUNA CADENA";"06/10/1993";"29/05/1997";"SIEMPRE ABIERTO";"De Lunes a Domingo"
"CV H01330 V";"B";"BAJA";"3";"3 ESTRELLAS";"EL MOLÍ";"46";"VALÈNCIA";"205";"PUÇOL";"L'HORTA NORD";"46530";"CALLE CAMINAS, 67";"C";"CALLE";"CAMINAS";"67";"info@restaurantemoli.com";"http://www.restaurantemoli.com";"H";"HOTEL";"H";"HOTEL";"7";"15";"NCD";"NO PERTENECE A NINGUNA CADENA";"24/05/2012";"15/01/2018";"SIEMPRE ABIERTO";"De Lunes a Domingo"
"CV H00336 V";"B";"BAJA";"0";"PENSIÓN";"GARSAN";"46";"VALÈNCIA";"205";"PUÇOL";"L'HORTA NORD";"46530";"CARRETERA BARCELONA, 30";"CR";"CARRETERA";"BARCELONA";"30"; ; ;"P";"PENSIÓN";"P";"PENSIÓN";"7";"14";"NCD";"NO PERTENECE A NINGUNA CADENA";"25/03/1964";"21/02/2005";"SIEMPRE ABIERTO";"De Lunes a Domingo"
"CV H00596 V";"B";"BAJA";"5";"5 ESTRELLAS";"MONTE PICAYO";"46";"VALÈNCIA";"205";"PUÇOL";"L'HORTA NORD";"46530";"URBANIZACIÓN MONTE PICAYO, S.N";"UR";"URBANIZACIÓN";"MONTE PICAYO";"S.N";"montepicayo@hoteleshlg.com";"http://www.hvsl.es";"H";"HOTEL";"H";"HOTEL";"83";"162";"HLG";"HOT-HLG HOTELS";"14/02/1968";"27/08/2008";"SIEMPRE ABIERTO";"De Lunes a Domingo"
"CV H00811 V";"B";"BAJA";"0";"PENSIÓN";"PANADERO";"46";"VALÈNCIA";"205";"PUÇOL";"L'HORTA NORD";"46530";"CALLE CAPITAN CORTES, 4";"C";"CALLE";"CAPITAN CORTES";"4"; ; ;"P";"PENSIÓN";"P";"PENSIÓN";"5";"7";"NCD";"NO PERTENECE A NINGUNA CADENA";"03/04/1975";"16/01/1995";"SIEMPRE ABIERTO";"De Lunes a Domingo"
"CV H01390 V";"A";"ALTA";"1";"1 ESTRELLA";"SANT PERE APARTMENT";"46";"VALÈNCIA";"205";"PUÇOL";"L'HORTA NORD";"46190";"CALLE SANT PERE, 4";"C";"CALLE";"SANT PERE";"4";"amplicash@gmail.com"; ;"H";"HOTEL";"HA";"HOTEL-APARTAMENTO";"4";"12";"NCD";"NO PERTENECE A NINGUNA CADENA";"10/08/2017"; ;"SIEMPRE ABIERTO";"De Lunes a Domingo"
"CV H01541 V";"A";"ALTA";"2";"2 ESTRELLAS";"DOS OLIVOS";"46";"VALÈNCIA";"206";"QUESA";"LA CANAL DE NAVARRÉS";"46824";"CALLE CANALEJAS, 11";"C";"CALLE";"CANALEJAS";"11";"juliocpardo@hotmail.com"; ;"H";"HOTEL";"H";"HOTEL";"8";"16";"NCD";"NO PERTENECE A NINGUNA CADENA";"13/08/2024"; ;"SIEMPRE ABIERTO";"De Lunes a Domingo"
"CV H01346 V";"A";"ALTA";"2";"2 ESTRELLAS";"LA ROCHA";"46";"VALÈNCIA";"206";"QUESA";"LA CANAL DE NAVARRÉS";"46824";"CALLE LA PAZ, 25";"C";"CALLE";"LA PAZ";"25";"quesalarochahotel@gmail.com";"http://www.quesa.es/page/alojamiento";"H";"HOTEL";"H";"HOTEL";"10";"20";"NCD";"NO PERTENECE A NINGUNA CADENA";"02/10/2014"; ;"SIEMPRE ABIERTO";"De Lunes a Domingo"
"CV H01210 V";"B";"BAJA";"1";"1 ESTRELLA";"BUENAVISTA";"46";"VALÈNCIA";"211";"REAL DE GANDIA, EL";"LA SAFOR";"46727";"CARRETERA ALBAIDA";"CR";"CARRETERA";"ALBAIDA"; ; ; ;"HS";"HOSTAL";"HS";"HOSTAL";"19";"36";"NCD";"NO PERTENECE A NINGUNA CADENA";"09/12/2004";"11/06/2015";"SIEMPRE ABIERTO";"De Lunes a Domingo"
"CV H01125 V";"B";"BAJA";"1";"1 ESTRELLA";"1900 CASA ANITA";"46";"VALÈNCIA";"213";"REQUENA";"LA PLANA DE UTIEL-REQUENA";"46390";"CALLE MAYOR, 13, SAN ANTONIO DE REQUENA";"C";"CALLE";"MAYOR, 13, SAN ANTONIO DE REQUENA"; ;"hotel1900casaanita@hotmail.com";"https://www.hotel1900casaanita.com";"H";"HOTEL";"H";"HOTEL";"8";"16";"NCD";"NO PERTENECE A NINGUNA CADENA";"02/03/2000";"21/06/2021";"SIEMPRE ABIERTO";"De Lunes a Domingo"
"CV H00776 V";"A";"ALTA";"1";"1 ESTRELLA";"AREA DE SERVICIO DEL REBOLLAR";"46";"VALÈNCIA";"213";"REQUENA";"LA PLANA DE UTIEL-REQUENA";"46391";"CARRETERA MADRID-VALENCIA AREA EL REBOLLAR A-3, KM297";"CR";"CARRETERA";"MADRID-VALENCIA AREA EL REBOLLAR A-3";"KM297";"rebollarvs@gmail.com";"https://areadeservicioelrebollar.wordpress.com";"HS";"HOSTAL";"HS";"HOSTAL";"40";"80";"NCD";"NO PERTENECE A NINGUNA CADENA";"30/05/1973"; ;"SIEMPRE ABIERTO";"De Lunes a Domingo"
"CV H00932 V";"A";"ALTA";"1";"1 ESTRELLA";"AVENIDA";"46";"VALÈNCIA";"213";"REQUENA";"LA PLANA DE UTIEL-REQUENA";"46340";"CALLE SAN AGUSTÍN, 10";"C";"CALLE";"SAN AGUSTÍN";"10";"info@hotelavenidarequena.es";"http://www.hotelavenidarequena.es";"H";"HOTEL";"H";"HOTEL";"35";"70";"NCD";"NO PERTENECE A NINGUNA CADENA";"18/01/1995"; ;"SIEMPRE ABIERTO";"De Lunes a Domingo"
"CV H01164 V";"A";"ALTA";"3";"3 ESTRELLAS";"BALNEARIO DEL CABRIEL FUENTEPODRIDA";"46";"VALÈNCIA";"213";"REQUENA";"LA PLANA DE UTIEL-REQUENA";"46354";"CARRETERA N. 322 KM 425, (SALIDA VILLATOYA)";"CR";"CARRETERA";"N. 322 KM 425, (SALIDA VILLATOYA)"; ;"bfuentepodrida@gmail.com";"https://www.hotelbalneariofuentepodrida.com";"H";"HOTEL";"HA";"HOTEL-APARTAMENTO";"57";"116";"NCD";"NO PERTENECE A NINGUNA CADENA";"20/05/2002"; ;"01/03 - 31/12";"De Lunes a Domingo"
"CV H01389 V";"B";"BAJA";"2";"2 ESTRELLAS";"BOBAL";"46";"VALÈNCIA";"213";"REQUENA";"LA PLANA DE UTIEL-REQUENA";"46340";"CALLE ACACIAS, 23";"C";"CALLE";"ACACIAS";"23";"info@hotelbobal.comn";"http://www.hotelbobal.com";"H";"HOTEL";"H";"HOTEL";"13";"23";"NCD";"NO PERTENECE A NINGUNA CADENA";"09/08/2017";"28/02/2024";"SIEMPRE ABIERTO";"De Lunes a Domingo"
"CV H00645 V";"B";"BAJA";"0";"PENSIÓN";"CANTARRANAS";"46";"VALÈNCIA";"213";"REQUENA";"LA PLANA DE UTIEL-REQUENA";"46340";"CALLE GARCIA MONTES, 004";"C";"CALLE";"GARCIA MONTES";"004"; ; ;"P";"PENSIÓN";"P";"PENSIÓN";"4";"6";"NCD";"NO PERTENECE A NINGUNA CADENA";"21/05/1970";"05/04/1993";"SIEMPRE ABIERTO";"De Lunes a Domingo"
"CV H01111 V";"B";"BAJA";"2";"2 ESTRELLAS";"CASA DEL PINAR";"46";"VALÈNCIA";"213";"REQUENA";"LA PLANA DE UTIEL-REQUENA";"46354";"CARRETERA LOS ISIDROS-VENTA DEL MORO  (LOS COJOS), S/N";"CR";"CARRETERA";"LOS ISIDROS-VENTA DEL MORO  (LOS COJOS)";"S/N"; ; ;"HS";"HOSTAL";"HS";"HOSTAL";"6";"12";"NCD";"NO PERTENECE A NINGUNA CADENA";"04/06/1997";"18/07/2000";"01/03 - 31/10";"De Lunes a Domingo"
"CV H01023 V";"B";"BAJA";"0";"PENSIÓN";"DELGADO";"46";"VALÈNCIA";"213";"REQUENA";"LA PLANA DE UTIEL-REQUENA";"46355";"CALLE ALTA, 4";"C";"CALLE";"ALTA";"4"; ; ;"P";"PENSIÓN";"P";"PENSIÓN";"6";"6";"NCD";"NO PERTENECE A NINGUNA CADENA";"20/02/1987";"22/07/2020";"SIEMPRE ABIERTO";"De Lunes a Domingo"
"CV H01211 V";"A";"ALTA";"2";"2 ESTRELLAS";"DOÑA ANITA";"46";"VALÈNCIA";"213";"REQUENA";"LA PLANA DE UTIEL-REQUENA";"46340";"PLAZA DE ALBORNOZ, 15";"PL";"PLAZA";"DE ALBORNOZ";"15";"tubalaces@gmail.com";"http://www.hoteldonaanita.es";"H";"HOTEL";"H";"HOTEL";"13";"24";"NCD";"NO PERTENECE A NINGUNA CADENA";"19/11/2004"; ;"SIEMPRE ABIERTO";"De Lunes a Domingo"
"CV H01565 V";"A";"ALTA";"4";"4 ESTRELLAS";"FINCA CALDERON ENORESORT";"46";"VALÈNCIA";"213";"REQUENA";"LA PLANA DE UTIEL-REQUENA";"46390";"CARRETERA CV 450, KM 4,8";"CR";"CARRETERA";"CV 450";"KM 4,8";"lafincahotel@bodegasierranorte.com";"http://www.bodegasierranorte.com";"H";"HOTEL";"H";"HOTEL";"8";"16";"NCD";"NO PERTENECE A NINGUNA CADENA";"13/12/2024"; ;"SIEMPRE ABIERTO";"De Lunes a Domingo"
"CV H01013 V";"B";"BAJA";"0";"PENSIÓN";"HOSPEDERIA FUENTE PODRIDA";"46";"VALÈNCIA";"213";"REQUENA";"LA PLANA DE UTIEL-REQUENA";"46340";"FUENTE PODRIDA, S.N"; ; ;"FUENTE PODRIDA";"S.N"; ; ;"P";"PENSIÓN";"P";"PENSIÓN";"29";"49";"NCD";"NO PERTENECE A NINGUNA CADENA";"15/04/1987";"11/10/1993";"01/07 - 30/09";"De Lunes a Domingo"
"CV H01359 V";"A";"ALTA";"0";"PENSIÓN";"ISLA";"46";"VALÈNCIA";"213";"REQUENA";"LA PLANA DE UTIEL-REQUENA";"46340";"CALLE LAS ERAS, S/N, CASAS DE CUADRA";"C";"CALLE";"LAS ERAS, S/N, CASAS DE CUADRA"; ;"dolorestomas@hotmail.com";"https://www.pension-isla.com";"P";"PENSIÓN"; ; ;"2";"4";"NCD";"NO PERTENECE A NINGUNA CADENA";"12/06/2015"; ;"SIEMPRE ABIERTO";"De Lunes a Domingo"
"CV H01096 V";"B";"BAJA";"2";"2 ESTRELLAS";"LA NORIA DEL CABRIEL";"46";"VALÈNCIA";"213";"REQUENA";"LA PLANA DE UTIEL-REQUENA";"46356";"CALLE REQUENA   (CASAS DEL RIO), 9";"C";"CALLE";"REQUENA   (CASAS DEL RIO)";"9";"lanoriadelcabriel@gmail.com"; ;"H";"HOTEL";"H";"HOTEL";"9";"18";"NCD";"NO PERTENECE A NINGUNA CADENA";"02/06/1995";"16/02/2015";"SIEMPRE ABIERTO";"De Lunes a Domingo"
"CV H01468 V";"A";"ALTA"; ; ;"LA PENSION DE DOÑA ANITA";"46";"VALÈNCIA";"213";"REQUENA";"LA PLANA DE UTIEL-REQUENA";"46390";"CALLE MAYOR ( SAN ANTONIO DE REQUENA), 13";"C";"CALLE";"MAYOR ( SAN ANTONIO DE REQUENA)";"13";"acobodelp@gmail.com"; ;"P";"PENSIÓN"; ; ;"4";"8";"NCD";"NO PERTENECE A NINGUNA CADENA";"15/09/2021"; ;"SIEMPRE ABIERTO";"De Lunes a Domingo"
"CV H01117 V";"B";"BAJA";"0";"PENSIÓN";"LA POSADA DEL CID";"46";"VALÈNCIA";"213";"REQUENA";"LA PLANA DE UTIEL-REQUENA";"46340";"CALLE GARCIA MONTES, 43";"C";"CALLE";"GARCIA MONTES";"43"; ;"http://www.laposadaselcid.com";"P";"PENSIÓN";"P";"PENSIÓN";"7";"14";"NCD";"NO PERTENECE A NINGUNA CADENA";"24/08/1998";"18/09/2015";"SIEMPRE ABIERTO";"De Lunes a Domingo"
"CV H01129 V";"B";"BAJA";"0";"PENSIÓN";"LA TINAJA";"46";"VALÈNCIA";"213";"REQUENA";"LA PLANA DE UTIEL-REQUENA";"46340";"CALLE DEL CRISTO, 21";"C";"CALLE";"DEL CRISTO";"21";"info@habitacioneslatinaja.com";"http://www.habitacioneslatinaja.com";"P";"PENSIÓN";"P";"PENSIÓN";"5";"10";"NCD";"NO PERTENECE A NINGUNA CADENA";"09/05/2000";"04/01/2026";"SIEMPRE ABIERTO";"De Lunes a Domingo"
"CV H01231 V";"A";"ALTA";"2";"2 ESTRELLAS";"LA VILLA";"46";"VALÈNCIA";"213";"REQUENA";"LA PLANA DE UTIEL-REQUENA";"46340";"PLAZA ALBORNOZ, 8";"PL";"PLAZA";"ALBORNOZ";"8";"info@hotellavilla.com";"www.hotelvillarestaurante.com";"H";"HOTEL";"H";"HOTEL";"18";"32";"NCD";"NO PERTENECE A NINGUNA CADENA";"28/04/2006"; ;"SIEMPRE ABIERTO";"De Lunes a Domingo"
"CV H01439 V";"A";"ALTA"; ; ;"LOS CANILLEROS";"46";"VALÈNCIA";"213";"REQUENA";"LA PLANA DE UTIEL-REQUENA";"46340";"CALLE CASTILLO, 29";"C";"CALLE";"CASTILLO";"29";"contacto@loscanilleros.com";"https://loscanilleros.com";"P";"PENSIÓN"; ; ;"6";"13";"NCD";"NO PERTENECE A NINGUNA CADENA";"18/02/2020"; ;"SIEMPRE ABIERTO";"De Lunes a Domingo"
"CV H01328 V";"B";"BAJA";"3";"3 ESTRELLAS";"PARAJE SAN JOSE";"46";"VALÈNCIA";"213";"REQUENA";"LA PLANA DE UTIEL-REQUENA";"46340";"CARRETERA NACIONAL A-3, KM 284";"CR";"CARRETERA";"NACIONAL A-3";"KM 284";"info@paraje-sanjose.com"; ;"H";"HOTEL";"H";"HOTEL";"66";"132";"NCD";"NO PERTENECE A NINGUNA CADENA";"09/02/2012";"18/07/2014";"SIEMPRE ABIERTO";"De Lunes a Domingo"
"CV H01305 V";"B";"BAJA";"4";"4 ESTRELLAS";"PARAJE SAN JOSÉ";"46";"VALÈNCIA";"213";"REQUENA";"LA PLANA DE UTIEL-REQUENA";"46340";"CARRETERA N III- KM 284, S/N";"CR";"CARRETERA";"N III- KM 284";"S/N";"jramon@parajesanjose.com";"http://www.parajesanjose.com";"H";"HOTEL";"H";"HOTEL";"65";"132";"NCD";"NO PERTENECE A NINGUNA CADENA";"14/06/2010";"25/01/2011";"SIEMPRE ABIERTO";"De Lunes a Domingo"
"CV H00785 V";"A";"ALTA";"3";"3 ESTRELLAS";"PATILLA CIUDAD DE REQUENA";"46";"VALÈNCIA";"213";"REQUENA";"LA PLANA DE UTIEL-REQUENA";"46340";"CARRETERA NACIONAL MADRID-VALENCIA A3, KM 283";"CR";"CARRETERA";"NACIONAL MADRID-VALENCIA A3";"KM 283";"info@hotelpatillarequena.com";"http://www.hotelpatillarequena.com";"H";"HOTEL";"H";"HOTEL";"22";"35";"NCD";"NO PERTENECE A NINGUNA CADENA";"10/10/1974"; ;"SIEMPRE ABIERTO";"De Lunes a Domingo"
"CV H01027 V";"B";"BAJA";"0";"PENSIÓN";"PRIETO";"46";"VALÈNCIA";"213";"REQUENA";"LA PLANA DE UTIEL-REQUENA";"46340";"CARRETERA ALBACETE-LOS ISIDROS, 000";"CR";"CARRETERA";"ALBACETE-LOS ISIDROS";"000"; ; ;"P";"PENSIÓN";"P";"PENSIÓN";"9";"9";"NCD";"NO PERTENECE A NINGUNA CADENA";"02/09/1987";"16/01/1995";"01/07 - 15/09";"De Lunes a Domingo"
"CV H00972 V";"B";"BAJA";"0";"PENSIÓN";"SAN LUIS";"46";"VALÈNCIA";"213";"REQUENA";"LA PLANA DE UTIEL-REQUENA";"46340";"CALLE SAN LUIS, 000";"C";"CALLE";"SAN LUIS";"000"; ; ;"P";"PENSIÓN";"P";"PENSIÓN";"12";"18";"NCD";"NO PERTENECE A NINGUNA CADENA";"18/05/1982";"15/10/1992";"SIEMPRE ABIERTO";"De Lunes a Domingo"
"CV H00624 V";"B";"BAJA";"0";"PENSIÓN";"SOL";"46";"VALÈNCIA";"213";"REQUENA";"LA PLANA DE UTIEL-REQUENA";"46340";"CARRETERA MADRID, KM2";"CR";"CARRETERA";"MADRID";"KM2"; ; ;"P";"PENSIÓN";"P";"PENSIÓN";"29";"45";"NCD";"NO PERTENECE A NINGUNA CADENA";"01/07/1968";"22/05/1998";"SIEMPRE ABIERTO";"De Lunes a Domingo"
"CV H01003 V";"A";"ALTA";"2";"2 ESTRELLAS";"SOL II";"46";"VALÈNCIA";"213";"REQUENA";"LA PLANA DE UTIEL-REQUENA";"46340";"CARRETERA MADRID-VALENCIA (A-3)SALIDA 285, KM 272";"CR";"CARRETERA";"MADRID-VALENCIA (A-3)SALIDA 285";"KM 272";"hotelsolrequena@gmail.com"; ;"H";"HOTEL";"H";"HOTEL";"13";"25";"NCD";"NO PERTENECE A NINGUNA CADENA";"15/02/1984"; ;"SIEMPRE ABIERTO";"De Lunes a Domingo"
"CV H01042 V";"B";"BAJA";"0";"PENSIÓN";"CHULETAS SAEZ";"46";"VALÈNCIA";"214";"RIBA-ROJA DE TÚRIA";"EL CAMP DE TURIA";"46190";"CALLE VIRGEN DEL OLIVAR, 4";"C";"CALLE";"VIRGEN DEL OLIVAR";"4"; ; ;"P";"PENSIÓN";"P";"PENSIÓN";"11";"17";"NCD";"NO PERTENECE A NINGUNA CADENA";"08/01/1990";"22/07/2020";"SIEMPRE ABIERTO";"De Lunes a Domingo"
"CV H01511 V";"A";"ALTA";"2";"2 ESTRELLAS";"HOSPEDARTE";"46";"VALÈNCIA";"214";"RIBA-ROJA DE TÚRIA";"EL CAMP DE TURIA";"46394";"CALLE MISTRAL, 1 A";"C";"CALLE";"MISTRAL";"1 A";"administracion@hotelhospedarte.es"; ;"H";"HOTEL";"H";"HOTEL";"19";"24";"NCD";"NO PERTENECE A NINGUNA CADENA";"13/07/2023"; ;"SIEMPRE ABIERTO";"De Lunes a Domingo"
"CV H01224 V";"A";"ALTA";"3";"3 ESTRELLAS";"MAISON MURALLETA";"46";"VALÈNCIA";"214";"RIBA-ROJA DE TÚRIA";"EL CAMP DE TURIA";"46190";"CALLE CISTERNA, 31-33";"C";"CALLE";"CISTERNA";"31-33";"hotelmuralleta@hotelmuralleta.es";"http://www.hotelmuralleta.es/";"H";"HOTEL";"H";"HOTEL";"13";"25";"NCD";"NO PERTENECE A NINGUNA CADENA";"09/06/2005"; ;"SIEMPRE ABIERTO";"De Lunes a Domingo"
"CV H01206 V";"A";"ALTA";"3";"3 ESTRELLAS";"MOTEL "VALLE DEL NILO"";"46";"VALÈNCIA";"214";"RIBA-ROJA DE TÚRIA";"EL CAMP DE TURIA";"46120";"PARCELA 18-A, FASE II PGNO. DEL OLIVERAL"; ; ;"PARCELA 18-A, FASE II PGNO. DEL OLIVERAL"; ;"info@valledelnilo.com";"http://www.valledelnilo.com";"H";"HOTEL";"H";"HOTEL";"41";"82";"NCD";"NO PERTENECE A NINGUNA CADENA";"27/09/2004"; ;"SIEMPRE ABIERTO";"De Lunes a Domingo"
"CV H00975 V";"B";"BAJA";"1";"1 ESTRELLA";"OLIVERAL";"46";"VALÈNCIA";"214";"RIBA-ROJA DE TÚRIA";"EL CAMP DE TURIA";"46190";"CALLE EXTREMADURA, 002";"C";"CALLE";"EXTREMADURA";"002"; ; ;"HS";"HOSTAL";"SR";"HOSTAL-RESIDENCIA";"11";"17";"NCD";"NO PERTENECE A NINGUNA CADENA";"29/04/1982";"04/12/1992";"SIEMPRE ABIERTO";"De Lunes a Domingo"
"CV H01037 V";"A";"ALTA";"0";"PENSIÓN";"PEPE";"46";"VALÈNCIA";"214";"RIBA-ROJA DE TÚRIA";"EL CAMP DE TURIA";"46190";"CARRETERA VILAMARXANTE, 118";"CR";"CARRETERA";"VILAMARXANTE";"118";"pensionpepe@gmail.com";"https://www.ribarojadeturiaturismo.com";"P";"PENSIÓN";"P";"PENSIÓN";"8";"14";"NCD";"NO PERTENECE A NINGUNA CADENA";"09/06/1989"; ;"SIEMPRE ABIERTO";"De Lunes a Domingo"
"CV H01246 V";"B";"BAJA";"1";"1 ESTRELLA";"FINCA LOS PINOS";"46";"VALÈNCIA";"218";"RÒTOVA";"LA SAFOR";"46725";"CAMINO BORRÓ, S/N";"CM";"CAMINO";"BORRÓ";"S/N"; ;"http://www.finca-los-pinos.com";"H";"HOTEL";"HA";"HOTEL-APARTAMENTO";"14";"36";"NCD";"NO PERTENECE A NINGUNA CADENA";"27/03/2007";"02/08/2018";"SIEMPRE ABIERTO";"De Lunes a Domingo"
"CV H01084 V";"B";"BAJA";"1";"1 ESTRELLA";"CASA VIEJA";"46";"VALÈNCIA";"219";"RUGAT";"LA VALL D'ALBAIDA";"46842";"CALLE HORNO, 4";"C";"CALLE";"HORNO";"4";"lacasavieja@xpress.es";"http://www.lacasavieja.com";"HS";"HOSTAL";"HS";"HOSTAL";"6";"11";"NCD";"NO PERTENECE A NINGUNA CADENA";"11/03/1994";"26/01/2022";"SIEMPRE ABIERTO";"De Lunes a Domingo"
"CV H00793 V";"A";"ALTA";"0";"PENSIÓN";"ALBAHICIN";"46";"VALÈNCIA";"220";"SAGUNT/SAGUNTO";"EL CAMP DE MORVEDRE";"46520";"CALLE BUENAVISTA, 4";"C";"CALLE";"BUENAVISTA";"4"; ; ;"P";"PENSIÓN";"P";"PENSIÓN";"12";"21";"NCD";"NO PERTENECE A NINGUNA CADENA";"27/11/1974"; ;"SIEMPRE ABIERTO";"De Lunes a Domingo"
"CV H00887 V";"B";"BAJA";"1";"1 ESTRELLA";"ALBAICIN";"46";"VALÈNCIA";"220";"SAGUNT/SAGUNTO";"EL CAMP DE MORVEDRE";"46520";"CALLE SEPULVEDA, 006";"C";"CALLE";"SEPULVEDA";"006"; ; ;"HS";"HOSTAL";"HS";"HOSTAL";"11";"14";"NCD";"NO PERTENECE A NINGUNA CADENA";"16/06/1977";"03/12/1992";"SIEMPRE ABIERTO";"De Lunes a Domingo"
"CV H01155 V";"A";"ALTA";"2";"2 ESTRELLAS";"AUSTRIA 76";"46";"VALÈNCIA";"220";"SAGUNT/SAGUNTO";"EL CAMP DE MORVEDRE";"46520";"AVENIDA JUAN DE AUSTRIA, 76";"AV";"AVENIDA";"JUAN DE AUSTRIA";"76";"info@hotelaustria76.com";"http://www.hotelaustria76.com";"H";"HOTEL";"H";"HOTEL";"22";"38";"NCD";"NO PERTENECE A NINGUNA CADENA";"15/10/2001"; ;"SIEMPRE ABIERTO";"De Lunes a Domingo"
"CV H01004 V";"B";"BAJA";"2";"2 ESTRELLAS";"AZAHAR";"46";"VALÈNCIA";"220";"SAGUNT/SAGUNTO";"EL CAMP DE MORVEDRE";"46500";"AVENIDA PAIS VALENCIA, 8";"AV";"AVENIDA";"PAIS VALENCIA";"8";"hotelazahar@msn.com"; ;"H";"HOTEL";"H";"HOTEL";"25";"47";"NCD";"NO PERTENECE A NINGUNA CADENA";"16/04/1984";"11/03/2024";"SIEMPRE ABIERTO";"De Lunes a Domingo"
"CV H01376 V";"A";"ALTA"; ; ;"B&B DOMUS ATILIA";"46";"VALÈNCIA";"220";"SAGUNT/SAGUNTO";"EL CAMP DE MORVEDRE";"46500";"CALLE LA ROSA, 14";"C";"CALLE";"LA ROSA";"14";"info@domusatilia.com";"http://www.domusatilia.com";"P";"PENSIÓN"; ; ;"6";"11";"NCD";"NO PERTENECE A NINGUNA CADENA";"30/11/2016"; ;"SIEMPRE ABIERTO";"De Lunes a Domingo"
"CV H01288 V";"A";"ALTA";"4";"4 ESTRELLAS";"BARU";"46";"VALÈNCIA";"220";"SAGUNT/SAGUNTO";"EL CAMP DE MORVEDRE";"46500";"CALLE FELISA LONGAS, 1";"C";"CALLE";"FELISA LONGAS";"1";"recepcion@elsarenals.com  /  manager@elsarenals.com";"http://elsarenals.com";"H";"HOTEL";"H";"HOTEL";"55";"114";"NCD";"NO PERTENECE A NINGUNA CADENA";"31/07/2009"; ;"SIEMPRE ABIERTO";"De Lunes a Domingo"
"CV H00851 V";"B";"BAJA";"1";"1 ESTRELLA";"BERGANTÍN";"46";"VALÈNCIA";"220";"SAGUNT/SAGUNTO";"EL CAMP DE MORVEDRE";"46520";"PLAZA DEL SOL (PUERTO DE SAGUNTO), 6";"PL";"PLAZA";"DEL SOL (PUERTO DE SAGUNTO)";"6";"hotel@elbergantin.com";"http://www.elbergantin.com";"H";"HOTEL";"H";"HOTEL";"24";"46";"NCD";"NO PERTENECE A NINGUNA CADENA";"12/05/1975";"22/12/2011";"SIEMPRE ABIERTO";"De Lunes a Domingo"
"CV H00874 V";"B";"BAJA";"0";"PENSIÓN";"CALIFORNIA";"46";"VALÈNCIA";"220";"SAGUNT/SAGUNTO";"EL CAMP DE MORVEDRE";"46520";"CALLE BUENAVISTA, 35";"C";"CALLE";"BUENAVISTA";"35"; ; ;"P";"PENSIÓN";"P";"PENSIÓN";"30";"49";"NCD";"NO PERTENECE A NINGUNA CADENA";"17/02/1976";"27/01/2003";"SIEMPRE ABIERTO";"De Lunes a Domingo"
"CV H00710 V";"B";"BAJA";"1";"1 ESTRELLA";"CARLOS";"46";"VALÈNCIA";"220";"SAGUNT/SAGUNTO";"EL CAMP DE MORVEDRE";"46500";"AVENIDA PAIS VALENCIA, 43";"AV";"AVENIDA";"PAIS VALENCIA";"43"; ; ;"HS";"HOSTAL";"HS";"HOSTAL";"11";"11";"NCD";"NO PERTENECE A NINGUNA CADENA";"07/04/1971";"11/03/2024";"01/03 - 30/09";"De Lunes a Domingo"
"CV H01263 V";"A";"ALTA";"4";"4 ESTRELLAS";"EXE PUERTO DE SAGUNTO";"46";"VALÈNCIA";"220";"SAGUNT/SAGUNTO";"EL CAMP DE MORVEDRE";"46520";"AVENIDA OJOS NEGROS, 55";"AV";"AVENIDA";"OJOS NEGROS";"55";"info@exepuertodesagunto.com";"https://www.exehotels.com";"H";"HOTEL";"H";"HOTEL";"98";"198";"NCD";"NO PERTENECE A NINGUNA CADENA";"13/03/2008"; ;"SIEMPRE ABIERTO";"De Lunes a Domingo"
"CV H01225 V";"A";"ALTA";"2";"2 ESTRELLAS";"L'ESTACIO";"46";"VALÈNCIA";"220";"SAGUNT/SAGUNTO";"EL CAMP DE MORVEDRE";"46500";"AVENIDA PAIS VALENCIA ESQ. METGE GABRIEL FLORS, 14";"AV";"AVENIDA";"PAIS VALENCIA ESQ. METGE GABRIEL FLORS";"14"; ; ;"H";"HOTEL";"HA";"HOTEL-APARTAMENTO";"17";"33";"NCD";"NO PERTENECE A NINGUNA CADENA";"09/06/2005"; ;"SIEMPRE ABIERTO";"De Lunes a Domingo"
"CV H00889 V";"B";"BAJA";"0";"PENSIÓN";"LA TALAYA";"46";"VALÈNCIA";"220";"SAGUNT/SAGUNTO";"EL CAMP DE MORVEDRE";"46520";"CALLE COLON, 59-3º";"C";"CALLE";"COLON";"59-3º"; ; ;"P";"PENSIÓN";"P";"PENSIÓN";"6";"11";"NCD";"NO PERTENECE A NINGUNA CADENA";"29/04/1980";"23/07/2009";"SIEMPRE ABIERTO";"De Lunes a Domingo"
"CV H00915 V";"B";"BAJA";"0";"PENSIÓN";"LUCERO";"46";"VALÈNCIA";"220";"SAGUNT/SAGUNTO";"EL CAMP DE MORVEDRE";"46500";"PASAJE PLAYA DE CORINTO, S.N";"PS";"PASAJE";"PLAYA DE CORINTO";"S.N"; ; ;"P";"PENSIÓN";"P";"PENSIÓN";"9";"14";"NCD";"NO PERTENECE A NINGUNA CADENA";"22/09/1977";"22/06/1992";"SIEMPRE ABIERTO";"De Lunes a Domingo"
"CV H00575 V";"B";"BAJA";"0";"PENSIÓN";"MEDITERRANEO";"46";"VALÈNCIA";"220";"SAGUNT/SAGUNTO";"EL CAMP DE MORVEDRE";"46500";"CALLE SALAS POMBO, 000";"C";"CALLE";"SALAS POMBO";"000"; ; ;"P";"PENSIÓN";"P";"PENSIÓN";"10";"18";"NCD";"NO PERTENECE A NINGUNA CADENA";"29/07/1970";"26/08/1992";"SIEMPRE ABIERTO";"De Lunes a Domingo"
"CV H00477 V";"A";"ALTA";"2";"2 ESTRELLAS";"PINADA, LA";"46";"VALÈNCIA";"220";"SAGUNT/SAGUNTO";"EL CAMP DE MORVEDRE";"46500";"CARRETERA NACIONAL SAGUNTO-BURGOS, KM.3";"CR";"CARRETERA";"NACIONAL SAGUNTO-BURGOS";"KM.3";"la.pinada@serbit.com";"http://serbit.com/lapinada";"H";"HOTEL";"HA";"HOTEL-APARTAMENTO";"14";"50";"NCD";"NO PERTENECE A NINGUNA CADENA";"18/05/1966"; ;"SIEMPRE ABIERTO";"De Lunes a Domingo"
"CV H00955 V";"B";"BAJA";"0";"PENSIÓN";"PUERTO";"46";"VALÈNCIA";"220";"SAGUNT/SAGUNTO";"EL CAMP DE MORVEDRE";"46520";"AVENIDA 9 DE OCTUBRE, 45";"AV";"AVENIDA";"9 DE OCTUBRE";"45"; ; ;"P";"PENSIÓN";"P";"PENSIÓN";"11";"20";"NCD";"NO PERTENECE A NINGUNA CADENA";"23/03/1981";"10/09/1998";"SIEMPRE ABIERTO";"De Lunes a Domingo"
"CV H01297 V";"A";"ALTA";"3";"3 ESTRELLAS";"RUTA ROMANA";"46";"VALÈNCIA";"220";"SAGUNT/SAGUNTO";"EL CAMP DE MORVEDRE";"46500";"CARRETERA NACIONAL  340,  KM 19, KM 19";"CR";"CARRETERA";"NACIONAL  340,  KM 19";"KM 19";"info@cuatrohermanas.com";"http://www.cuatrohermanas.com";"H";"HOTEL";"H";"HOTEL";"62";"118";"NCD";"NO PERTENECE A NINGUNA CADENA";"25/03/2010"; ;"SIEMPRE ABIERTO";"De Lunes a Domingo"
"CV H00402 V";"A";"ALTA";"2";"2 ESTRELLAS";"TEIDE";"46";"VALÈNCIA";"220";"SAGUNT/SAGUNTO";"EL CAMP DE MORVEDRE";"46520";"AVENIDA 9 DE OCTUBRE, 53";"AV";"AVENIDA";"9 DE OCTUBRE";"53"; ; ;"HS";"HOSTAL";"HS";"HOSTAL";"23";"44";"NCD";"NO PERTENECE A NINGUNA CADENA";"02/09/1969"; ;"SIEMPRE ABIERTO";"De Lunes a Domingo"
"CV H01055 V";"B";"BAJA";"2";"2 ESTRELLAS";"TROVADOR";"46";"VALÈNCIA";"220";"SAGUNT/SAGUNTO";"EL CAMP DE MORVEDRE";"46520";"CALLE TROVADOR, 63";"C";"CALLE";"TROVADOR";"63"; ; ;"HS";"HOSTAL";"HS";"HOSTAL";"9";"15";"NCD";"NO PERTENECE A NINGUNA CADENA";"16/09/1991";"04/02/2011";"SIEMPRE ABIERTO";"De Lunes a Domingo"
"CV H00607 V";"B";"BAJA";"0";"PENSIÓN";"TURIA";"46";"VALÈNCIA";"220";"SAGUNT/SAGUNTO";"EL CAMP DE MORVEDRE";"46520";"CALLE VIRGEN DEL CARMEN, 003";"C";"CALLE";"VIRGEN DEL CARMEN";"003"; ; ;"P";"PENSIÓN";"P";"PENSIÓN";"10";"19";"NCD";"NO PERTENECE A NINGUNA CADENA";"29/07/1970";"11/01/1995";"01/05 - 31/09";"De Lunes a Domingo"
"CV H01221 V";"A";"ALTA";"3";"3 ESTRELLAS";"VENT DE MAR";"46";"VALÈNCIA";"220";"SAGUNT/SAGUNTO";"EL CAMP DE MORVEDRE";"46520";"CALLE ISLA DE CORCEGA, 61";"C";"CALLE";"ISLA DE CORCEGA";"61";"info@hotelventdemar.com";"http://www.hotelventdemar.com";"H";"HOTEL";"H";"HOTEL";"86";"166";"NCD";"NO PERTENECE A NINGUNA CADENA";"25/02/2005"; ;"SIEMPRE ABIERTO";"De Lunes a Domingo"
"CV H01556 V";"A";"ALTA";"4";"4 ESTRELLAS";"ECOSMART BOUTIQUE HOTEL SERRA NATURE";"46";"VALÈNCIA";"228";"SERRA";"EL CAMP DE TURIA";"46118";"AVENIDA ANTONIO ROS, 2";"AV";"AVENIDA";"ANTONIO ROS";"2";"booking@serranature.com";"http://www.serranature.com";"H";"HOTEL";"H";"HOTEL";"15";"30";"NCD";"NO PERTENECE A NINGUNA CADENA";"02/10/2024"; ;"SIEMPRE ABIERTO";"De Lunes a Domingo"
"CV H00317 V";"B";"BAJA";"0";"PENSIÓN";"LA MELERA";"46";"VALÈNCIA";"228";"SERRA";"EL CAMP DE TURIA";"46118";"CALLE CAMINO BARRAIX, S.N";"C";"CALLE";"CAMINO BARRAIX";"S.N"; ; ;"P";"PENSIÓN";"P";"PENSIÓN";"0"; ;"NCD";"NO PERTENECE A NINGUNA CADENA";"01/08/1963";"05/03/1992";"01/07 - 31/08";"De Lunes a Domingo"
"CV H01420 V";"A";"ALTA"; ; ;"YERBA BUENA";"46";"VALÈNCIA";"228";"SERRA";"EL CAMP DE TURIA";"46118";"CALLE JAEN, 140";"C";"CALLE";"JAEN";"140";"sue_342@hotmail.com"; ;"P";"PENSIÓN"; ; ;"7";"12";"NCD";"NO PERTENECE A NINGUNA CADENA";"21/05/2019"; ;"SIEMPRE ABIERTO";"De Lunes a Domingo"
"CV H01122 V";"A";"ALTA";"0";"PENSIÓN";"CASA ROSA";"46";"VALÈNCIA";"229";"SIETE AGUAS";"LA HOYA DE BUÑOL";"46392";"CALLE VICTORINO SANCHEZ, 7";"C";"CALLE";"VICTORINO SANCHEZ";"7"; ; ;"P";"PENSIÓN";"P";"PENSIÓN";"5";"9";"NCD";"NO PERTENECE A NINGUNA CADENA";"21/09/1999"; ;"SIEMPRE ABIERTO";"De Lunes a Domingo"
"CV H00807 V";"A";"ALTA";"1";"1 ESTRELLA";"SALIDA 306";"46";"VALÈNCIA";"229";"SIETE AGUAS";"LA HOYA DE BUÑOL";"46392";"CARRETERA MADRID-VALENCIA, KM306";"CR";"CARRETERA";"MADRID-VALENCIA";"KM306"; ; ;"HS";"HOSTAL";"HS";"HOSTAL";"18";"34";"NCD";"NO PERTENECE A NINGUNA CADENA";"14/03/1975"; ;"SIEMPRE ABIERTO";"De Lunes a Domingo"
"CV H01466 V";"A";"ALTA";"1";"1 ESTRELLA";"SIETE AGUAS";"46";"VALÈNCIA";"229";"SIETE AGUAS";"LA HOYA DE BUÑOL";"46392";"AVENIDA DE LA FUENTE, 9 A";"AV";"AVENIDA";"DE LA FUENTE";"9 A";"monsol2021@gmail.com";"http://www.hotelsieteaguas.com";"H";"HOTEL";"H";"HOTEL";"9";"20";"NCD";"NO PERTENECE A NINGUNA CADENA";"15/09/2021"; ;"SIEMPRE ABIERTO";"De Lunes a Domingo"
"CV H00888 V";"A";"ALTA";"2";"2 ESTRELLAS";"ALAIN";"46";"VALÈNCIA";"230";"SILLA";"L'HORTA SUD";"46460";"AVENIDA ALICANTE, 100";"AV";"AVENIDA";"ALICANTE";"100"; ; ;"H";"HOTEL";"H";"HOTEL";"40";"66";"NCD";"NO PERTENECE A NINGUNA CADENA";"22/09/1977"; ;"SIEMPRE ABIERTO";"De Lunes a Domingo"
"CV H00792 V";"B";"BAJA";"2";"2 ESTRELLAS";"CISNE, EL";"46";"VALÈNCIA";"230";"SILLA";"L'HORTA SUD";"46460";"CTRA. VALENCIA-ALMERIA,KM 246, 000"; ; ;"CTRA. VALENCIA-ALMERIA,KM 246";"000"; ; ;"HS";"HOSTAL";"HS";"HOSTAL";"14";"27";"NCD";"NO PERTENECE A NINGUNA CADENA";"24/01/1974";"09/05/1996";"SIEMPRE ABIERTO";"De Lunes a Domingo"
"CV H01357 V";"A";"ALTA";"1";"1 ESTRELLA";"IBIS BUDGET SILLA-ALCASSER";"46";"VALÈNCIA";"230";"SILLA";"L'HORTA SUD";"46460";"CALLE DELS FUSTERS, 51";"C";"CALLE";"DELS FUSTERS";"51"; ; ;"HS";"HOSTAL";"HS";"HOSTAL";"110";"220";"NCD";"NO PERTENECE A NINGUNA CADENA";"28/04/2015"; ;"SIEMPRE ABIERTO";"De Lunes a Domingo"
"CV H00963 V";"B";"BAJA";"0";"PENSIÓN";"LA VEGA";"46";"VALÈNCIA";"230";"SILLA";"L'HORTA SUD";"46460";"CALLE FERNANDEZ D'ACAGRA, 000";"C";"CALLE";"FERNANDEZ D'ACAGRA";"000"; ; ;"P";"PENSIÓN";"P";"PENSIÓN";"8";"11";"NCD";"NO PERTENECE A NINGUNA CADENA";"15/10/1981";"28/04/1997";"SIEMPRE ABIERTO";"De Lunes a Domingo"
"CV H00902 V";"A";"ALTA";"0";"PENSIÓN";"LUCIMAR";"46";"VALÈNCIA";"230";"SILLA";"L'HORTA SUD";"46460";"RAMBLA DE LA INDEPENDENCIA, 55"; ; ;"RAMBLA DE LA INDEPENDENCIA";"55";"hostallucimar@yahoo.es";"http://www.luci-mar.com";"P";"PENSIÓN";"P";"PENSIÓN";"26";"47";"NCD";"NO PERTENECE A NINGUNA CADENA";"17/02/1978"; ;"SIEMPRE ABIERTO";"De Lunes a Domingo"
"CV H00872 V";"A";"ALTA";"2";"2 ESTRELLAS";"MORENO";"46";"VALÈNCIA";"230";"SILLA";"L'HORTA SUD";"46460";"AVENIDA ALICANTE, 80";"AV";"AVENIDA";"ALICANTE";"80";"hostalmoreno@hostalmoreno.com";"www.hostalmoreno.com";"HS";"HOSTAL";"HS";"HOSTAL";"30";"52";"NCD";"NO PERTENECE A NINGUNA CADENA";"26/10/1978"; ;"SIEMPRE ABIERTO";"De Lunes a Domingo"
"CV H00379 V";"A";"ALTA";"0";"PENSIÓN";"PUERTO";"46";"VALÈNCIA";"230";"SILLA";"L'HORTA SUD";"46460";"CALLE PUERTO, 58";"C";"CALLE";"PUERTO";"58"; ; ;"P";"PENSIÓN";"P";"PENSIÓN";"24";"42";"NCD";"NO PERTENECE A NINGUNA CADENA";"15/06/1972"; ;"SIEMPRE ABIERTO";"De Lunes a Domingo"
"CV H01285 V";"A";"ALTA";"0";"PENSIÓN";"POCHOLO";"46";"VALÈNCIA";"232";"SINARCAS";"LA PLANA DE UTIEL-REQUENA";"46320";"CALLE CTRA. UTIEL- TERUEL, 2, 2";"C";"CALLE";"CTRA. UTIEL- TERUEL, 2";"2";"pau_pocholina@hotmail.com"; ;"P";"PENSIÓN";"P";"PENSIÓN";"5";"10";"NCD";"NO PERTENECE A NINGUNA CADENA";"29/05/2009"; ;"SIEMPRE ABIERTO";"De Lunes a Domingo"
"CV H00974 V";"B";"BAJA";"0";"PENSIÓN";"POSADA SAN MIGUEL";"46";"VALÈNCIA";"232";"SINARCAS";"LA PLANA DE UTIEL-REQUENA";"46320";"CALLE UTIEL, 2";"C";"CALLE";"UTIEL";"2"; ; ;"P";"PENSIÓN";"P";"PENSIÓN";"6";"11";"NCD";"NO PERTENECE A NINGUNA CADENA";"01/10/1985";"13/08/2001";"SIEMPRE ABIERTO";"De Lunes a Domingo"
"CV H00964 V";"A";"ALTA";"0";"PENSIÓN";"SINARCAS";"46";"VALÈNCIA";"232";"SINARCAS";"LA PLANA DE UTIEL-REQUENA";"46320";"AVENIDA CERRO CARPIO, 2";"AV";"AVENIDA";"CERRO CARPIO";"2";"barsinarcas@gmail.com"; ;"P";"PENSIÓN";"P";"PENSIÓN";"9";"17";"NCD";"NO PERTENECE A NINGUNA CADENA";"18/01/1982"; ;"SIEMPRE ABIERTO";"De Lunes a Domingo"
"CV H00742 V";"B";"BAJA";"1";"1 ESTRELLA";"ALGUI";"46";"VALÈNCIA";"233";"SOLLANA";"LA RIBERA BAIXA";"46430";"CARRETERA VALENCIA-ALICANTE, KM2";"CR";"CARRETERA";"VALENCIA-ALICANTE";"KM2"; ; ;"HS";"HOSTAL";"SR";"HOSTAL-RESIDENCIA";"19";"34";"NCD";"NO PERTENECE A NINGUNA CADENA";"30/12/1971";"27/08/1998";"SIEMPRE ABIERTO";"De Lunes a Domingo"
"CV H00934 V";"B";"BAJA";"1";"1 ESTRELLA";"GARRAMACHA";"46";"VALÈNCIA";"233";"SOLLANA";"LA RIBERA BAIXA";"46430";"AVENIDA ALMUSAFES, 000";"AV";"AVENIDA";"ALMUSAFES";"000"; ; ;"HS";"HOSTAL";"SR";"HOSTAL-RESIDENCIA";"5";"10";"NCD";"NO PERTENECE A NINGUNA CADENA";"25/10/1979";"22/06/1992";"SIEMPRE ABIERTO";"De Lunes a Domingo"
"CV H00795 V";"B";"BAJA";"1";"1 ESTRELLA";"ROMANI";"46";"VALÈNCIA";"233";"SOLLANA";"LA RIBERA BAIXA";"46430";"VALENCIA-ALICANTE KM.242, S.N"; ; ;"VALENCIA-ALICANTE KM.242";"S.N"; ; ;"HS";"HOSTAL";"HS";"HOSTAL";"22";"36";"NCD";"NO PERTENECE A NINGUNA CADENA";"06/03/1974";"16/11/1995";"SIEMPRE ABIERTO";"De Lunes a Domingo"
"CV H00050 V";"B";"BAJA";"2";"2 ESTRELLAS";"ANTINA";"46";"VALÈNCIA";"235";"SUECA";"LA RIBERA BAIXA";"46420";"CALLE BUENAVISTA-EL PERELLO, 18";"C";"CALLE";"BUENAVISTA-EL PERELLO";"18"; ; ;"H";"HOTEL";"H";"HOTEL";"30";"59";"NCD";"NO PERTENECE A NINGUNA CADENA";"21/11/1964";"18/06/1999";"01/07 - 01/10";"De Lunes a Domingo"
"CV H00565 V";"B";"BAJA";"1";"1 ESTRELLA";"ARIANE";"46";"VALÈNCIA";"235";"SUECA";"LA RIBERA BAIXA";"46408";"CALLE MEDITERRANEO, 73";"C";"CALLE";"MEDITERRANEO";"73"; ; ;"H";"HOTEL";"H";"HOTEL";"48";"84";"NCD";"NO PERTENECE A NINGUNA CADENA";"04/11/1969";"18/06/1999";"01/05 - 30/09";"De Lunes a Domingo"
"CV H01190 V";"A";"ALTA";"2";"2 ESTRELLAS";"CIUDAD DE SUECA";"46";"VALÈNCIA";"235";"SUECA";"LA RIBERA BAIXA";"46410";"CALLE LA PUNTA, 112";"C";"CALLE";"LA PUNTA";"112"; ; ;"H";"HOTEL";"H";"HOTEL";"23";"35";"NCD";"NO PERTENECE A NINGUNA CADENA";"18/02/2004"; ;"SIEMPRE ABIERTO";"De Lunes a Domingo"
"CV H00496 V";"B";"BAJA";"0";"PENSIÓN";"EL CHINO";"46";"VALÈNCIA";"235";"SUECA";"LA RIBERA BAIXA";"46410";"CALLE RONDA DE ESPAÑA, 80";"C";"CALLE";"RONDA DE ESPAÑA";"80"; ; ;"P";"PENSIÓN";"P";"PENSIÓN";"18";"30";"NCD";"NO PERTENECE A NINGUNA CADENA";"17/07/1966";"30/09/2008";"SIEMPRE ABIERTO";"De Lunes a Domingo"
"CV H01441 V";"A";"ALTA"; ; ;"EL PERELLO";"46";"VALÈNCIA";"235";"SUECA";"LA RIBERA BAIXA";"46420";"CALLE SANT PASCUAL, 3";"C";"CALLE";"SANT PASCUAL";"3";"veri.niky@seznam.cz"; ;"HS";"HOSTAL"; ; ;"6";"11";"NCD";"NO PERTENECE A NINGUNA CADENA";"05/03/2020"; ;"SIEMPRE ABIERTO";"De Lunes a Domingo"
"CV H01395 V";"A";"ALTA";"2";"2 ESTRELLAS";"EL TEULAR";"46";"VALÈNCIA";"235";"SUECA";"LA RIBERA BAIXA";"46410";"PARTIDA BASSALS POL. 32, PARC. 52, S/N";"PD";"PARTIDA";"BASSALS POL. 32, PARC. 52";"S/N";"info@masiaelteular.com";"http://www.masiaelteular.com";"H";"HOTEL";"H";"HOTEL";"9";"20";"NCD";"NO PERTENECE A NINGUNA CADENA";"26/10/2017"; ;"SIEMPRE ABIERTO";"De Lunes a Domingo"
"CV H01365 V";"A";"ALTA"; ; ;"LA ALQUERIA DE VILCHES";"46";"VALÈNCIA";"235";"SUECA";"LA RIBERA BAIXA";"46419";"CARRETERA NAZARET-OLIVA KM 27,2, S/N";"CR";"CARRETERA";"NAZARET-OLIVA KM 27,2";"S/N";"gerencia@laalqueriadevilches.com"; ;"HS";"HOSTAL"; ; ;"12";"36";"NCD";"NO PERTENECE A NINGUNA CADENA";"03/09/2015"; ;"SIEMPRE ABIERTO";"De Lunes a Domingo"
"CV H00924 V";"B";"BAJA";"0";"PENSIÓN";"LOS AMIGOS";"46";"VALÈNCIA";"235";"SUECA";"LA RIBERA BAIXA";"46410";"PASAJE L,ALGUER-LAS PALMERAS, S.N";"PS";"PASAJE";"L,ALGUER-LAS PALMERAS";"S.N"; ; ;"P";"PENSIÓN";"P";"PENSIÓN";"6";"12";"NCD";"NO PERTENECE A NINGUNA CADENA";"07/10/1978";"16/06/1992";"SIEMPRE ABIERTO";"De Lunes a Domingo"
"CV H00798 V";"A";"ALTA";"0";"PENSIÓN";"PAULA";"46";"VALÈNCIA";"235";"SUECA";"LA RIBERA BAIXA";"46410";"CALLE RONDA ESPAÑA, 2";"C";"CALLE";"RONDA ESPAÑA";"2"; ; ;"P";"PENSIÓN";"P";"PENSIÓN";"8";"14";"NCD";"NO PERTENECE A NINGUNA CADENA";"25/09/1974"; ;"19/03 - 31/03 y 01/06 - 30/09";"De Lunes a Domingo"
"CV H00747 V";"B";"BAJA";"0";"PENSIÓN";"ROSELLO";"46";"VALÈNCIA";"235";"SUECA";"LA RIBERA BAIXA";"46410";"AVENIDA DE ESPA$A, 008";"AV";"AVENIDA";"DE ESPA$A";"008"; ; ;"P";"PENSIÓN";"P";"PENSIÓN";"0"; ;"NCD";"NO PERTENECE A NINGUNA CADENA";"13/07/1972";"26/08/1992";"SIEMPRE ABIERTO";"De Lunes a Domingo"
"CV H00001 V";"A";"ALTA";"1";"1 ESTRELLA";"ABELARDO";"46";"VALÈNCIA";"237";"TAVERNES BLANQUES";"L'HORTA NORD";"46016";"AVENIDA CORTS VALENCIANES, 60";"AV";"AVENIDA";"CORTS VALENCIANES";"60";"agil@sp-editores.es"; ;"HS";"HOSTAL";"SR";"HOSTAL-RESIDENCIA";"13";"30";"NCD";"NO PERTENECE A NINGUNA CADENA";"27/12/1972"; ;"SIEMPRE ABIERTO";"De Lunes a Domingo"
"CV H00538 V";"A";"ALTA";"1";"1 ESTRELLA";"ESTELA";"46";"VALÈNCIA";"237";"TAVERNES BLANQUES";"L'HORTA NORD";"46016";"AVENIDA CORTES VALENCIANAS, 120";"AV";"AVENIDA";"CORTES VALENCIANAS";"120";"hestela@tiscali.es";"http://www.hotelestelavalencia.com/";"H";"HOTEL";"H";"HOTEL";"14";"26";"NCD";"NO PERTENECE A NINGUNA CADENA";"04/10/1966"; ;"SIEMPRE ABIERTO";"De Lunes a Domingo"
"CV H01060 V";"A";"ALTA";"0";"PENSIÓN";"AVENIDA";"46";"VALÈNCIA";"238";"TAVERNES DE LA VALLDIGNA";"LA SAFOR";"46760";"CALLE MOLI, 2-1";"C";"CALLE";"MOLI";"2-1"; ; ;"P";"PENSIÓN";"P";"PENSIÓN";"4";"7";"NCD";"NO PERTENECE A NINGUNA CADENA";"01/06/1992"; ;"SIEMPRE ABIERTO";"De Lunes a Domingo"
"CV H00590 V";"B";"BAJA";"0";"PENSIÓN";"CINCO HERMANAS";"46";"VALÈNCIA";"238";"TAVERNES DE LA VALLDIGNA";"LA SAFOR";"46760";"CALLE TEULARET, 56";"C";"CALLE";"TEULARET";"56"; ; ;"P";"PENSIÓN";"P";"PENSIÓN";"11";"20";"NCD";"NO PERTENECE A NINGUNA CADENA";"27/07/1970";"31/07/2008";"SIEMPRE ABIERTO";"De Lunes a Domingo"
"CV H01351 V";"A";"ALTA";"0";"PENSIÓN";"LA CASA VIVA";"46";"VALÈNCIA";"238";"TAVERNES DE LA VALLDIGNA";"LA SAFOR";"46760";"CALLE CERVANTES, 26";"C";"CALLE";"CERVANTES";"26";"info@lacasaviva.com"; ;"P";"PENSIÓN";"P";"PENSIÓN";"3";"6";"NCD";"NO PERTENECE A NINGUNA CADENA";"20/11/2014"; ;"SIEMPRE ABIERTO";"De Lunes a Domingo"
"CV H00610 V";"B";"BAJA";"0";"PENSIÓN";"PACO";"46";"VALÈNCIA";"238";"TAVERNES DE LA VALLDIGNA";"LA SAFOR";"46760";"CALLE CRISTOBAL ALMEL.LA, 24";"C";"CALLE";"CRISTOBAL ALMEL.LA";"24"; ; ;"P";"PENSIÓN";"P";"PENSIÓN";"3";"6";"NCD";"NO PERTENECE A NINGUNA CADENA";"29/07/1969";"31/07/2008";"SIEMPRE ABIERTO";"De Lunes a Domingo"
"CV H01141 V";"A";"ALTA";"1";"1 ESTRELLA";"VALLDIGNA";"46";"VALÈNCIA";"238";"TAVERNES DE LA VALLDIGNA";"LA SAFOR";"46760";"CALLE METGE GRAU, 18";"C";"CALLE";"METGE GRAU";"18";"valldignahotel@gmail.com";"http://www.hotelvalldigna.es";"H";"HOTEL";"H";"HOTEL";"14";"20";"NCD";"NO PERTENECE A NINGUNA CADENA";"10/10/2000"; ;"SIEMPRE ABIERTO";"De Lunes a Domingo"
"CV H00625 V";"A";"ALTA";"1";"1 ESTRELLA";"VILLA URSULA";"46";"VALÈNCIA";"238";"TAVERNES DE LA VALLDIGNA";"LA SAFOR";"46760";"CALLE JOAN MARTORELL, 2";"C";"CALLE";"JOAN MARTORELL";"2"; ;"hotelvillaursula.com";"H";"HOTEL";"H";"HOTEL";"5";"8";"NCD";"NO PERTENECE A NINGUNA CADENA";"05/11/1969"; ;"01/07 - 30/09";"De Lunes a Domingo"
"CV H00954 V";"A";"ALTA";"0";"PENSIÓN";"VMC ROOMS";"46";"VALÈNCIA";"238";"TAVERNES DE LA VALLDIGNA";"LA SAFOR";"46760";"PASAJE JAIME II-PLAYA-, 21";"PS";"PASAJE";"JAIME II-PLAYA-";"21"; ; ;"P";"PENSIÓN";"P";"PENSIÓN";"22";"40";"NCD";"NO PERTENECE A NINGUNA CADENA";"16/09/1980"; ;"SIEMPRE ABIERTO";"De Lunes a Domingo"
"CV H00890 V";"B";"BAJA";"0";"PENSIÓN";"LANDETE";"46";"VALÈNCIA";"239";"TERESA DE COFRENTES";"EL VALLE DE COFRENTES-AYORA";"46622";"CALLE DOS DE MAYO, 001";"C";"CALLE";"DOS DE MAYO";"001"; ; ;"P";"PENSIÓN";"P";"PENSIÓN";"6";"9";"NCD";"NO PERTENECE A NINGUNA CADENA";"29/04/1980";"22/11/1994";"SIEMPRE ABIERTO";"De Lunes a Domingo"
"CV H01119 V";"A";"ALTA";"0";"PENSIÓN";"HABITACIONES FUENTE VIEJA";"46";"VALÈNCIA";"241";"TITAGUAS";"LOS SERRANOS";"46178";"AVENIDA SIMON ROJAS CLEMENTE, 63";"AV";"AVENIDA";"SIMON ROJAS CLEMENTE";"63"; ; ;"P";"PENSIÓN";"P";"PENSIÓN";"6";"9";"NCD";"NO PERTENECE A NINGUNA CADENA";"13/04/1999"; ;"SIEMPRE ABIERTO";"De Lunes a Domingo"
"CV H00970 V";"B";"BAJA";"0";"PENSIÓN";"VELERO";"46";"VALÈNCIA";"241";"TITAGUAS";"LOS SERRANOS";"46178";"AVENIDA SIMON ROJAS, S.N";"AV";"AVENIDA";"SIMON ROJAS";"S.N"; ; ;"P";"PENSIÓN";"P";"PENSIÓN";"7";"13";"NCD";"NO PERTENECE A NINGUNA CADENA";"18/01/1982";"09/11/1999";"SIEMPRE ABIERTO";"De Lunes a Domingo"
"CV H01106 V";"A";"ALTA";"2";"2 ESTRELLAS";"CASA EMILIO";"46";"VALÈNCIA";"242";"TORREBAJA";"EL RINCON DE ADEMUZ";"46143";"CARRETERA TERUEL, 23";"CR";"CARRETERA";"TERUEL";"23";"casaemiliodir@gmail.com";"http://www.casaemilio.es";"H";"HOTEL";"H";"HOTEL";"19";"40";"NCD";"NO PERTENECE A NINGUNA CADENA";"05/06/1996"; ;"SIEMPRE ABIERTO";"De Lunes a Domingo"
"CV H01036 V";"B";"BAJA";"0";"PENSIÓN";"EMILIO";"46";"VALÈNCIA";"242";"TORREBAJA";"EL RINCON DE ADEMUZ";"46143";"CARRETERA DE TERUEL, 5";"CR";"CARRETERA";"DE TERUEL";"5"; ; ;"P";"PENSIÓN";"P";"PENSIÓN";"5";"10";"NCD";"NO PERTENECE A NINGUNA CADENA";"17/04/1989";"06/03/2001";"SIEMPRE ABIERTO";"De Lunes a Domingo"
"CV H01306 V";"A";"ALTA";"2";"2 ESTRELLAS";"AS HOTEL EXPRESS TORRENT";"46";"VALÈNCIA";"244";"TORRENT";"L'HORTA OEST";"46900";"CARRETERA AUTOVIA A-7, KM 519,3, S/N";"CR";"CARRETERA";"AUTOVIA A-7, KM 519,3";"S/N";"astorrent@es.areasmail.com";"http://www.ashoteles.es";"H";"HOTEL";"H";"HOTEL";"52";"104";"NCD";"NO PERTENECE A NINGUNA CADENA";"14/06/2010"; ;"SIEMPRE ABIERTO";"De Lunes a Domingo"
"CV H01016 V";"A";"ALTA";"0";"PENSIÓN";"EL SEVILLANO";"46";"VALÈNCIA";"244";"TORRENT";"L'HORTA OEST";"46900";"CALLE GOMEZ FERRER, 74";"C";"CALLE";"GOMEZ FERRER";"74"; ; ;"P";"PENSIÓN";"P";"PENSIÓN";"5";"10";"NCD";"NO PERTENECE A NINGUNA CADENA";"01/10/1986"; ;"SIEMPRE ABIERTO";"De Lunes a Domingo"
"CV H00542 V";"B";"BAJA";"3";"3 ESTRELLAS";"LIDO";"46";"VALÈNCIA";"244";"TORRENT";"L'HORTA OEST";"46901";"CALLE JUAN RAMÓN JIMÉNEZ, 5";"C";"CALLE";"JUAN RAMÓN JIMÉNEZ";"5";"reservas@hotel-lido.net";"http://www.hotel-lido.net";"H";"HOTEL";"H";"HOTEL";"88";"171";"NCD";"NO PERTENECE A NINGUNA CADENA";"19/12/1967";"04/02/2011";"SIEMPRE ABIERTO";"De Lunes a Domingo"
"CV H00329 V";"B";"BAJA";"0";"PENSIÓN";"MIQUEL";"46";"VALÈNCIA";"244";"TORRENT";"L'HORTA OEST";"46900";"CALLE MAYOR, 002";"C";"CALLE";"MAYOR";"002"; ; ;"P";"PENSIÓN";"P";"PENSIÓN";"10";"13";"NCD";"NO PERTENECE A NINGUNA CADENA";"06/09/1961";"26/08/1992";"SIEMPRE ABIERTO";"De Lunes a Domingo"
"CV H01601 V";"A";"ALTA";"0";"PENSIÓN";"PENSION Z";"46";"VALÈNCIA";"244";"TORRENT";"L'HORTA OEST";"46900";"CALLE TIRANT LO BLANCH, 60";"C";"CALLE";"TIRANT LO BLANCH";"60";"acommodationz@gmail.com"; ;"P";"PENSIÓN"; ; ;"16";"32";"NCD";"NO PERTENECE A NINGUNA CADENA";"03/07/2025"; ;"SIEMPRE ABIERTO";"De Lunes a Domingo"
"CV H01081 V";"A";"ALTA";"1";"1 ESTRELLA";"SEVILLANO II";"46";"VALÈNCIA";"244";"TORRENT";"L'HORTA OEST";"46900";"CALLE GOMEZ FERRER, 71";"C";"CALLE";"GOMEZ FERRER";"71"; ; ;"HS";"HOSTAL";"SR";"HOSTAL-RESIDENCIA";"20";"33";"NCD";"NO PERTENECE A NINGUNA CADENA";"22/11/1993"; ;"SIEMPRE ABIERTO";"De Lunes a Domingo"
"CV H00648 V";"A";"ALTA";"2";"2 ESTRELLAS";"ALVAREZ";"46";"VALÈNCIA";"247";"TUÉJAR";"LOS SERRANOS";"46177";"AVENIDA RAMON VILLANUEVA, 69";"AV";"AVENIDA";"RAMON VILLANUEVA";"69"; ; ;"H";"HOTEL";"H";"HOTEL";"20";"39";"NCD";"NO PERTENECE A NINGUNA CADENA";"30/05/1970"; ;"SIEMPRE ABIERTO";"De Lunes a Domingo"
"CV H00671 V";"B";"BAJA";"0";"PENSIÓN";"ILLUECA";"46";"VALÈNCIA";"247";"TUÉJAR";"LOS SERRANOS";"46177";"AVENIDA VICTORIA, 000";"AV";"AVENIDA";"VICTORIA";"000"; ; ;"P";"PENSIÓN";"P";"PENSIÓN";"5";"7";"NCD";"NO PERTENECE A NINGUNA CADENA";"02/01/1971";"22/06/1992";"SIEMPRE ABIERTO";"De Lunes a Domingo"
"CV H00928 V";"B";"BAJA";"0";"PENSIÓN";"BILKO";"46";"VALÈNCIA";"248";"TURÍS";"LA RIBERA ALTA";"46389";"CALLE DR.VICENTE MONTESINOS, 000";"C";"CALLE";"DR.VICENTE MONTESINOS";"000"; ; ;"P";"PENSIÓN";"P";"PENSIÓN";"6";"11";"NCD";"NO PERTENECE A NINGUNA CADENA";"06/02/1979";"22/06/1992";"SIEMPRE ABIERTO";"De Lunes a Domingo"
"CV H01174 V";"A";"ALTA";"3";"3 ESTRELLAS";"EL TOLLO";"46";"VALÈNCIA";"249";"UTIEL";"LA PLANA DE UTIEL-REQUENA";"46300";"CALLE ALTO SAN AGUSTIN, S/N";"C";"CALLE";"ALTO SAN AGUSTIN";"S/N";"info@hoteltollo.com"; ;"H";"HOTEL";"H";"HOTEL";"35";"55";"NCD";"NO PERTENECE A NINGUNA CADENA";"25/11/2002"; ;"SIEMPRE ABIERTO";"De Lunes a Domingo"
"CV H00481 V";"A";"ALTA";"0";"PENSIÓN";"EL VEGANO";"46";"VALÈNCIA";"249";"UTIEL";"LA PLANA DE UTIEL-REQUENA";"46300";"CALLE SAN SEBASTIAN, 13";"C";"CALLE";"SAN SEBASTIAN";"13";"reservas@hostalelvedano.com"; ;"P";"PENSIÓN";"P";"PENSIÓN";"8";"9";"NCD";"NO PERTENECE A NINGUNA CADENA";"21/05/1966"; ;"SIEMPRE ABIERTO";"De Lunes a Domingo"
"CV H00968 V";"B";"BAJA";"0";"PENSIÓN";"ESTACION";"46";"VALÈNCIA";"249";"UTIEL";"LA PLANA DE UTIEL-REQUENA";"46300";"CALLE ACTOR RAMBAL, 24";"C";"CALLE";"ACTOR RAMBAL";"24"; ; ;"P";"PENSIÓN";"P";"PENSIÓN";"5";"9";"NCD";"NO PERTENECE A NINGUNA CADENA";"18/01/1982";"27/06/2006";"SIEMPRE ABIERTO";"De Lunes a Domingo"
"CV H00899 V";"B";"BAJA";"0";"PENSIÓN";"GARZARAN";"46";"VALÈNCIA";"249";"UTIEL";"LA PLANA DE UTIEL-REQUENA";"46300";"CALLE LAS CRUCES, 17";"C";"CALLE";"LAS CRUCES";"17"; ; ;"P";"PENSIÓN";"P";"PENSIÓN";"13";"24";"NCD";"NO PERTENECE A NINGUNA CADENA";"30/11/1976";"04/02/2011";"SIEMPRE ABIERTO";"De Lunes a Domingo"
"CV H00602 V";"B";"BAJA";"0";"PENSIÓN";"LA ABUELA";"46";"VALÈNCIA";"249";"UTIEL";"LA PLANA DE UTIEL-REQUENA";"46300";"CARRETERA MADRID-VALENCIA, KM264";"CR";"CARRETERA";"MADRID-VALENCIA";"KM264"; ; ;"P";"PENSIÓN";"P";"PENSIÓN";"14";"28";"NCD";"NO PERTENECE A NINGUNA CADENA";"14/10/1969";"11/06/2015";"SIEMPRE ABIERTO";"De Lunes a Domingo"
"CV H01240 V";"A";"ALTA";"0";"PENSIÓN";"PENSIÓN EL CARRO";"46";"VALÈNCIA";"249";"UTIEL";"LA PLANA DE UTIEL-REQUENA";"46300";"CALLE HEROES DEL TOLLO, 21";"C";"CALLE";"HEROES DEL TOLLO";"21"; ; ;"P";"PENSIÓN";"P";"PENSIÓN";"2";"4";"NCD";"NO PERTENECE A NINGUNA CADENA";"27/06/2006"; ; ; 
"CV H00626 V";"B";"BAJA";"0";"PENSIÓN";"POTAJERO CHICO";"46";"VALÈNCIA";"249";"UTIEL";"LA PLANA DE UTIEL-REQUENA";"46300";"CARRETERA MADRID-VALENCIA, KM269";"CR";"CARRETERA";"MADRID-VALENCIA";"KM269"; ; ;"P";"PENSIÓN";"P";"PENSIÓN";"28";"56";"NCD";"NO PERTENECE A NINGUNA CADENA";"14/10/1969";"28/11/2024";"SIEMPRE ABIERTO";"De Lunes a Domingo"
"CV H01069 V";"A";"ALTA";"2";"2 ESTRELLAS";"VEGANO II, EL";"46";"VALÈNCIA";"249";"UTIEL";"LA PLANA DE UTIEL-REQUENA";"46300";"CALLE ISABEL LA CATÓLICA, 2";"C";"CALLE";"ISABEL LA CATÓLICA";"2";"reservas@hostalelvegano.com";"http://www.hostalelvegano.com";"HS";"HOSTAL";"HS";"HOSTAL";"19";"36";"NCD";"NO PERTENECE A NINGUNA CADENA";"27/04/1993"; ;"SIEMPRE ABIERTO";"De Lunes a Domingo"
"CV H01496 V";"A";"ALTA";"2";"2 ESTRELLAS";"VERA DE ESTENAS";"46";"VALÈNCIA";"249";"UTIEL";"LA PLANA DE UTIEL-REQUENA";"46300";"CARRETERA N-III  KM 266  PARAJE LA CABEZUELA, S/N";"CR";"CARRETERA";"N-III  KM 266  PARAJE LA CABEZUELA";"S/N";"estenas@veradeestenas.es";"http://www.veradeestenas.es";"H";"HOTEL";"HA";"HOTEL-APARTAMENTO";"6";"14";"NCD";"NO PERTENECE A NINGUNA CADENA";"22/03/2023"; ;"SIEMPRE ABIERTO";"De Lunes a Domingo"
"CV H01516 V";"A";"ALTA";"2";"2 ESTRELLAS";"MOONTELS MERCADO DE RUZAFA";"46";"VALÈNCIA";"250";"VALÈNCIA";"VALENCIA";"46006";"CALLE CURA FEMENIA, 4";"C";"CALLE";"CURA FEMENIA";"4";"recepcion@moontels.com";"http://www.moontels.com";"H";"HOTEL";"HA";"HOTEL-APARTAMENTO";"10";"19";"NCD";"NO PERTENECE A NINGUNA CADENA";"01/09/2023"; ;"SIEMPRE ABIERTO";"De Lunes a Domingo"
"CV H01444 V";"A";"ALTA";"2";"2 ESTRELLAS";"19-30";"46";"VALÈNCIA";"250";"VALÈNCIA";"VALENCIA";"46007";"CALLE CONVENTO JERUSALEN, 30";"C";"CALLE";"CONVENTO JERUSALEN";"30";"info@hotel1930.com";"http://www.hotel1930.com";"H";"HOTEL";"H";"HOTEL";"10";"15";"NCD";"NO PERTENECE A NINGUNA CADENA";"25/06/2020"; ;"SIEMPRE ABIERTO";"De Lunes a Domingo"
"CV H01098 V";"B";"BAJA";"1";"1 ESTRELLA";"21 MERCAVALENCIA";"46";"VALÈNCIA";"250";"VALÈNCIA";"VALENCIA";"46013";"CALLE CARRERA EN CORTS, 231";"C";"CALLE";"CARRERA EN CORTS";"231";"valencia@arturocantoblanco.com"; ;"H";"HOTEL";"H";"HOTEL";"16";"30";"NCD";"NO PERTENECE A NINGUNA CADENA";"18/07/1995";"18/09/2015";"SIEMPRE ABIERTO";"De Lunes a Domingo"
"CV H01560 V";"A";"ALTA";"0";"PENSIÓN";"7 MOONS";"46";"VALÈNCIA";"250";"VALÈNCIA";"VALENCIA";"46004";"CALLE NAVARRO REVERTER, 13-1ª";"C";"CALLE";"NAVARRO REVERTER";"13-1ª";"nachorivasnavarro@hotmail.com"; ;"P";"PENSIÓN"; ; ;"7";"14";"NCD";"NO PERTENECE A NINGUNA CADENA";"22/11/2024"; ;"SIEMPRE ABIERTO";"De Lunes a Domingo"
"CV H01433 V";"A";"ALTA"; ; ;"A CASA MARTINEZ";"46";"VALÈNCIA";"250";"VALÈNCIA";"VALENCIA";"46005";"AVENIDA REINO DE VALENCIA, 57-1ª";"AV";"AVENIDA";"REINO DE VALENCIA";"57-1ª"; ; ;"P";"PENSIÓN"; ; ;"4";"8";"NCD";"NO PERTENECE A NINGUNA CADENA";"28/11/2019"; ;"SIEMPRE ABIERTO";"De Lunes a Domingo"
"CV H00036 V";"A";"ALTA";"1";"1 ESTRELLA";"ABASTOS";"46";"VALÈNCIA";"250";"VALÈNCIA";"VALENCIA";"46008";"CALLE ALBERIQUE, 19";"C";"CALLE";"ALBERIQUE";"19"; ;"www.hostalabastos.es";"HS";"HOSTAL";"SR";"HOSTAL-RESIDENCIA";"19";"29";"NCD";"NO PERTENECE A NINGUNA CADENA";"02/05/1974"; ;"SIEMPRE ABIERTO";"De Lunes a Domingo"
"CV H01337 V";"A";"ALTA";"0";"PENSIÓN";"ABC YOU";"46";"VALÈNCIA";"250";"VALÈNCIA";"VALENCIA";"46005";"CALLE TAQUÍGRAFO MARTÍ, 10";"C";"CALLE";"TAQUÍGRAFO MARTÍ";"10";"info@abcyou.es";"http://www.abcyou.es";"P";"PENSIÓN";"P";"PENSIÓN";"2";"4";"NCD";"NO PERTENECE A NINGUNA CADENA";"17/12/2013"; ;"SIEMPRE ABIERTO";"De Lunes a Domingo"
"CV H01182 V";"A";"ALTA";"4";"4 ESTRELLAS";"AC HOTEL VALENCIA";"46";"VALÈNCIA";"250";"VALÈNCIA";"VALENCIA";"46023";"AVENIDA FRANCIA, 67";"AV";"AVENIDA";"FRANCIA";"67";"acvalencia@ac.hotels.com";"http://www.ac-hotels.com";"H";"HOTEL";"H";"HOTEL";"174";"348";"ACH";"AC HOTELES";"22/08/2003"; ;"SIEMPRE ABIERTO";"De Lunes a Domingo"
"CV H01352 V";"A";"ALTA";"2";"2 ESTRELLAS";"AD HOC CARMEN";"46";"VALÈNCIA";"250";"VALÈNCIA";"VALENCIA";"46003";"CALLE SAMANIEGO, 20";"C";"CALLE";"SAMANIEGO";"20";"adhoccarmen@adhochoteles.com";"http://adhochoteles.com";"H";"HOTEL";"H";"HOTEL";"21";"58";"NCD";"NO PERTENECE A NINGUNA CADENA";"04/11/2014"; ;"SIEMPRE ABIERTO";"De Lunes a Domingo"
"CV H01094 V";"A";"ALTA";"3";"3 ESTRELLAS";"AD HOC MONUMENTAL";"46";"VALÈNCIA";"250";"VALÈNCIA";"VALENCIA";"46003";"CALLE BOIX, 4";"C";"CALLE";"BOIX";"4";"adhoc@adhochoteles.com";"http://www.adhochoteles.com";"H";"HOTEL";"H";"HOTEL";"28";"51";"NCD";"NO PERTENECE A NINGUNA CADENA";"21/12/1994"; ;"SIEMPRE ABIERTO";"De Lunes a Domingo"
"CV H01148 V";"A";"ALTA";"4";"4 ESTRELLAS";"ALAMEDA PLAZA";"46";"VALÈNCIA";"250";"VALÈNCIA";"VALENCIA";"46023";"PASEO ALAMEDA, 38";"PA";"PASEO";"ALAMEDA";"38";"reservas@holidayinnvalencia.com";"http://www.ihg.com/holidayinn/hotels/us/es/valencia/vlcpa/hoteldetail";"H";"HOTEL";"H";"HOTEL";"200";"406";"IHG";"INTERCONTINENTAL HOTELS GROUP";"21/06/2001"; ;"SIEMPRE ABIERTO";"De Lunes a Domingo"
"CV H00370 V";"B";"BAJA";"0";"PENSIÓN";"ALBORADA";"46";"VALÈNCIA";"250";"VALÈNCIA";"VALENCIA";"46001";"PLAZA CORREO VIEJO, 4";"PL";"PLAZA";"CORREO VIEJO";"4"; ; ;"P";"PENSIÓN";"P";"PENSIÓN";"15";"23";"NCD";"NO PERTENECE A NINGUNA CADENA";"19/05/1975";"18/09/2015";"SIEMPRE ABIERTO";"De Lunes a Domingo"
"CV H01080 V";"A";"ALTA";"1";"1 ESTRELLA";"ANDRES";"46";"VALÈNCIA";"250";"VALÈNCIA";"VALENCIA";"46012";"CALLE ANGUILERA, 7";"C";"CALLE";"ANGUILERA";"7";"dirección@hostalandres-elsaler.es";"http://www.hotel-andres.com/";"HS";"HOSTAL";"SR";"HOSTAL-RESIDENCIA";"26";"52";"NCD";"NO PERTENECE A NINGUNA CADENA";"22/11/1993"; ;"SIEMPRE ABIERTO";"De Lunes a Domingo"
"CV H01140 V";"A";"ALTA";"1";"1 ESTRELLA";"ANTIGUA MORELLANA";"46";"VALÈNCIA";"250";"VALÈNCIA";"VALENCIA";"46001";"CALLE EN BOU, 2";"C";"CALLE";"EN BOU";"2";"info@hostalam.com";"http://www.hostalam.com";"HS";"HOSTAL";"SR";"HOSTAL-RESIDENCIA";"18";"36";"NCD";"NO PERTENECE A NINGUNA CADENA";"22/09/2000"; ;"SIEMPRE ABIERTO";"De Lunes a Domingo"
"CV H01619 V";"A";"ALTA";"2";"2 ESTRELLAS";"ARENA BY ASTIBLANCO";"46";"VALÈNCIA";"250";"VALÈNCIA";"VALENCIA";"46013";"CALLE AMADO GRANELL MESADO, 67 BJ IZ";"C";"CALLE";"AMADO GRANELL MESADO";"67 BJ IZ";"gestores@byastiblanco.com";"http://www.arenabyastiblanco.com";"H";"HOTEL";"HA";"HOTEL-APARTAMENTO";"6";"12";"NCD";"NO PERTENECE A NINGUNA CADENA";"19/12/2025"; ;"SIEMPRE ABIERTO";"De Lunes a Domingo"
"CV H01568 V";"A";"ALTA";"3";"3 ESTRELLAS";"ARENA SELECT";"46";"VALÈNCIA";"250";"VALÈNCIA";"VALENCIA";"46013";"AVENIDA ANTONIA SELECT, 16";"AV";"AVENIDA";"ANTONIA SELECT";"16";"adm2@valencialuxury.com"; ;"H";"HOTEL";"H";"HOTEL";"25";"49";"NCD";"NO PERTENECE A NINGUNA CADENA";"28/01/2025"; ;"SIEMPRE ABIERTO";"De Lunes a Domingo"
"CV H01453 V";"A";"ALTA";"3";"3 ESTRELLAS";"ARENA ZONE VALENCIA HOTEL";"46";"VALÈNCIA";"250";"VALÈNCIA";"VALENCIA";"46013";"AVENIDA ANTONIO FERRANDIS, 18";"AV";"AVENIDA";"ANTONIO FERRANDIS";"18"; ; ;"H";"HOTEL"; ; ;"35";"71";"NCD";"NO PERTENECE A NINGUNA CADENA";"16/02/2021"; ;"SIEMPRE ABIERTO";"De Lunes a Domingo"
"CV H01498 V";"A";"ALTA";"1";"1 ESTRELLA";"ART HOMES LAVADERO";"46";"VALÈNCIA";"250";"VALÈNCIA";"VALENCIA";"46006";"CALLE CLERO, 12-BAJO D";"C";"CALLE";"CLERO";"12-BAJO D";"info@arthomeslavadero.com"; ;"H";"HOTEL";"HA";"HOTEL-APARTAMENTO";"7";"14";"NCD";"NO PERTENECE A NINGUNA CADENA";"25/04/2023"; ;"SIEMPRE ABIERTO";"De Lunes a Domingo"
"CV H00131 V";"B";"BAJA";"0";"PENSIÓN";"AUSTRALIA";"46";"VALÈNCIA";"250";"VALÈNCIA";"VALENCIA";"46003";"CALLE CONDE MONTORNES, 001";"C";"CALLE";"CONDE MONTORNES";"001"; ; ;"P";"PENSIÓN";"P";"PENSIÓN";"11";"18";"NCD";"NO PERTENECE A NINGUNA CADENA";"25/10/1961";"16/07/1997";"SIEMPRE ABIERTO";"De Lunes a Domingo"
"CV H00499 V";"B";"BAJA";"0";"PENSIÓN";"AVELINO";"46";"VALÈNCIA";"250";"VALÈNCIA";"VALENCIA";"46018";"AVENIDA PEREZ GALDOS, 008";"AV";"AVENIDA";"PEREZ GALDOS";"008"; ; ;"P";"PENSIÓN";"P";"PENSIÓN";"7";"10";"NCD";"NO PERTENECE A NINGUNA CADENA";"20/01/1970";"13/06/1992";"SIEMPRE ABIERTO";"De Lunes a Domingo"
"CV H01170 V";"B";"BAJA";"0";"PENSIÓN";"AVENIDA";"46";"VALÈNCIA";"250";"VALÈNCIA";"VALENCIA";"46005";"AVENIDA ANTIGUO REINO DE VALENCIA, 14";"AV";"AVENIDA";"ANTIGUO REINO DE VALENCIA";"14";"pensionavenida@telefonica.net";"http://pensionavenida.es.tl";"P";"PENSIÓN";"P";"PENSIÓN";"10";"17";"NCD";"NO PERTENECE A NINGUNA CADENA";"09/09/2002";"05/05/2016";"SIEMPRE ABIERTO";"De Lunes a Domingo"
"CV H01607 V";"A";"ALTA";"4";"4 ESTRELLAS";"AXEL HOTEL VALENCIA";"46";"VALÈNCIA";"250";"VALÈNCIA";"VALENCIA";"46002";"CALLE ROTEROS, 25";"C";"CALLE";"ROTEROS";"25";"manager.vlc@axelhotels.com";"http://www.axelhotels.com";"H";"HOTEL"; ; ;"72";"142";"NCD";"NO PERTENECE A NINGUNA CADENA";"25/09/2025"; ;"SIEMPRE ABIERTO";"De Lunes a Domingo"
"CV H01356 V";"A";"ALTA";"0";"PENSIÓN";"B&B HI VALENCIA BOUTIQUE";"46";"VALÈNCIA";"250";"VALÈNCIA";"VALENCIA";"46003";"PLAZA ALFONSO EL MAGNANIMO, 1- 1º";"PL";"PLAZA";"ALFONSO EL MAGNANIMO";"1- 1º";"booking@hivalencia.com";"http://www.hivalencia.com";"P";"PENSIÓN";"P";"PENSIÓN";"11";"32";"NCD";"NO PERTENECE A NINGUNA CADENA";"02/04/2015"; ;"SIEMPRE ABIERTO";"De Lunes a Domingo"
"CV H01309 V";"A";"ALTA";"0";"PENSIÓN";"B&B HI VALENCIA CANOVAS";"46";"VALÈNCIA";"250";"VALÈNCIA";"VALENCIA";"46004";"CALLE CIRILO AMORÓS, 82-6ª";"C";"CALLE";"CIRILO AMORÓS";"82-6ª";"booking@hivalencia.com";"http://www.hivalenciacanovas.com";"P";"PENSIÓN";"P";"PENSIÓN";"5";"8";"NCD";"NO PERTENECE A NINGUNA CADENA";"09/07/2010"; ;"SIEMPRE ABIERTO";"De Lunes a Domingo"
"CV H01558 V";"A";"ALTA";"2";"2 ESTRELLAS";"B&B HOTEL VALENCIA ALCASSER";"46";"VALÈNCIA";"250";"VALÈNCIA";"VALENCIA";"46290";"CALLE PEDRAPIQUERS, 4";"C";"CALLE";"PEDRAPIQUERS";"4";"hotel.valenciaalcasser@hotelbb.com";"http://WWW.hotelbb.com";"H";"HOTEL";"H";"HOTEL";"92";"188";"NCD";"NO PERTENECE A NINGUNA CADENA";"21/10/2024"; ;"SIEMPRE ABIERTO";"De Lunes a Domingo"
"CV H01139 V";"A";"ALTA";"3";"3 ESTRELLAS";"B&B HOTEL VALENCIA ARENA";"46";"VALÈNCIA";"250";"VALÈNCIA";"VALENCIA";"46013";"AVENIDA AUSIAS MARCH, 99";"AV";"AVENIDA";"AUSIAS MARCH";"99";"hotel.valenciaarena@hotelbb.com";"www.hotel-bb.com";"H";"HOTEL";"H";"HOTEL";"125";"179";"IHG";"INTERCONTINENTAL HOTELS GROUP";"14/09/2000"; ;"SIEMPRE ABIERTO";"De Lunes a Domingo"
"CV H01612 V";"A";"ALTA";"3";"3 ESTRELLAS";"B48 VALENCIA FERIA";"46";"VALÈNCIA";"250";"VALÈNCIA";"VALENCIA";"46035";"AVENIDA DE LAS FERIAS, 2";"AV";"AVENIDA";"DE LAS FERIAS";"2";"hello@support.stayb48.com";"https://stayb48.com/es/apartamentos/b48-valencia-feria";"H";"HOTEL";"HA";"HOTEL-APARTAMENTO";"140";"542";"NCD";"NO PERTENECE A NINGUNA CADENA";"30/10/2025"; ;"SIEMPRE ABIERTO";"De Lunes a Domingo"
"CV H01353 V";"A";"ALTA";"3";"3 ESTRELLAS";"BALANDRET";"46";"VALÈNCIA";"250";"VALÈNCIA";"VALENCIA";"46011";"PASEO NEPTUNO, 20";"PA";"PASEO";"NEPTUNO";"20";"recepcion@balandret.com";"https://balandret.com";"H";"HOTEL";"H";"HOTEL";"21";"42";"NCD";"NO PERTENECE A NINGUNA CADENA";"04/11/2014"; ;"SIEMPRE ABIERTO";"De Lunes a Domingo"
"CV H01135 V";"A";"ALTA";"0";"PENSIÓN";"BALCON AL MAR";"46";"VALÈNCIA";"250";"VALÈNCIA";"VALENCIA";"46024";"CALLE JUAN JOSE SISTER, 1-1ª";"C";"CALLE";"JUAN JOSE SISTER";"1-1ª";"info@pensionbalconalmar.com";"http://www.hostalbalconalmar.es";"HS";"HOSTAL"; ; ;"12";"20";"NCD";"NO PERTENECE A NINGUNA CADENA";"25/07/2000"; ;"SIEMPRE ABIERTO";"De Lunes a Domingo"
"CV H00390 V";"B";"BAJA";"0";"PENSIÓN";"BARCELONA";"46";"VALÈNCIA";"250";"VALÈNCIA";"VALENCIA";"46008";"CALLE SAN JOSE DE CALASANZ, 20";"C";"CALLE";"SAN JOSE DE CALASANZ";"20"; ; ;"P";"PENSIÓN";"P";"PENSIÓN";"8";"13";"NCD";"NO PERTENECE A NINGUNA CADENA";"03/03/1970";"26/01/2022";"SIEMPRE ABIERTO";"De Lunes a Domingo"
"CV H01239 V";"A";"ALTA";"4";"4 ESTRELLAS";"BARCELÓ VALENCIA";"46";"VALÈNCIA";"250";"VALÈNCIA";"VALENCIA";"46023";"AVENIDA FRANCIA, 11";"AV";"AVENIDA";"FRANCIA";"11";"valencia@barcelo.com";"http://www.barcelo.com/";"H";"HOTEL";"H";"HOTEL";"187";"378";"NCD";"NO PERTENECE A NINGUNA CADENA";"19/06/2006"; ;"SIEMPRE ABIERTO";"De Lunes a Domingo"
"CV H01576 V";"A";"ALTA";"1";"1 ESTRELLA";"BE GONFRE FLATS";"46";"VALÈNCIA";"250";"VALÈNCIA";"VALENCIA";"46006";"CALLE MAESTRO AGUILAR, 28";"C";"CALLE";"MAESTRO AGUILAR";"28";"mfreeman10@outlook.es"; ;"H";"HOTEL";"HA";"HOTEL-APARTAMENTO";"8";"22";"NCD";"NO PERTENECE A NINGUNA CADENA";"09/03/2025"; ;"SIEMPRE ABIERTO";"De Lunes a Domingo"
"CV H01076 V";"A";"ALTA";"3";"3 ESTRELLAS";"BELERET";"46";"VALÈNCIA";"250";"VALÈNCIA";"VALENCIA";"46035";"CALLE CAMPAMENTO, 76";"C";"CALLE";"CAMPAMENTO";"76";"reservas@beleret.com";"http://www.beleret.com";"H";"HOTEL";"H";"HOTEL";"70";"225"; ; ;"09/11/1993"; ;"SIEMPRE ABIERTO";"De Lunes a Domingo"
"CV H01401 V";"A";"ALTA"; ; ;"BERGAMOT HOUSE";"46";"VALÈNCIA";"250";"VALÈNCIA";"VALENCIA";"46003";"CALLE SANTISIMO, 7";"C";"CALLE";"SANTISIMO";"7";"tan@buho.com.es"; ;"P";"PENSIÓN"; ; ;"5";"7";"NCD";"NO PERTENECE A NINGUNA CADENA";"24/07/2018"; ;"SIEMPRE ABIERTO";"De Lunes a Domingo"
"CV H01507 V";"A";"ALTA";"2";"2 ESTRELLAS";"BESTPRICE";"46";"VALÈNCIA";"250";"VALÈNCIA";"VALENCIA";"46007";"CALLE BEATO NICOLAS FACTOR, 22";"C";"CALLE";"BEATO NICOLAS FACTOR";"22";"valencia@hotelesbestprice.com";"http://www.hotelesbestprice.com";"H";"HOTEL"; ; ;"24";"50";"NCD";"NO PERTENECE A NINGUNA CADENA";"26/06/2023"; ;"SIEMPRE ABIERTO";"De Lunes a Domingo"
"CV H01501 V";"B";"BAJA";"0";"PENSIÓN";"BIRD HOUSE";"46";"VALÈNCIA";"250";"VALÈNCIA";"VALENCIA";"46021";"AVENIDA DEL PUERTO, 47";"AV";"AVENIDA";"DEL PUERTO";"47";"info@birdhouse.es";"http://www.birdhouse.es";"HS";"HOSTAL"; ; ;"11";"22";"NCD";"NO PERTENECE A NINGUNA CADENA";"12/06/2023";"15/09/2023";"SIEMPRE ABIERTO";"De Lunes a Domingo"
"CV H01525 V";"A";"ALTA"; ; ;"BIRD HOUSE";"46";"VALÈNCIA";"250";"VALÈNCIA";"VALENCIA";"46021";"AVENIDA PUERTO, 47";"AV";"AVENIDA";"PUERTO";"47";"info@birdhouse.es";"http://www.birdhouse.es";"P";"PENSIÓN"; ; ;"11";"24";"NCD";"NO PERTENECE A NINGUNA CADENA";"31/01/2024"; ;"SIEMPRE ABIERTO";"De Lunes a Domingo"
"CV H01535 V";"A";"ALTA"; ; ;"BISBAL";"46";"VALÈNCIA";"250";"VALÈNCIA";"VALENCIA";"46001";"PLAZA BRUJAS, 3";"PL";"PLAZA";"BRUJAS";"3";"hostalbisbal@hotmail.com"; ;"HS";"HOSTAL"; ; ;"11";"22";"NCD";"NO PERTENECE A NINGUNA CADENA";"07/07/2024"; ;"SIEMPRE ABIERTO";"De Lunes a Domingo"
"CV H01315 V";"A";"ALTA";"3";"3 ESTRELLAS";"BLANQ CARMEN HOTEL";"46";"VALÈNCIA";"250";"VALÈNCIA";"VALENCIA";"46002";"CALLE BLANQUERIAS, 11";"C";"CALLE";"BLANQUERIAS";"11";"recepcion@hotel-delcarmenvalencia.com";"http://www.hotel-carmenvalencia.com";"H";"HOTEL";"H";"HOTEL";"25";"54";"NCD";"NO PERTENECE A NINGUNA CADENA";"27/10/2010"; ;"SIEMPRE ABIERTO";"De Lunes a Domingo"
"CV H01422 V";"A";"ALTA"; ; ;"BLANQ COMEDIAS";"46";"VALÈNCIA";"250";"VALÈNCIA";"VALENCIA";"46003";"CALLE COMEDIAS, 21";"C";"CALLE";"COMEDIAS";"21";"direccion@blanqhoteles.com";"http://www.blanqhoteles.com";"P";"PENSIÓN"; ; ;"13";"26";"NCD";"NO PERTENECE A NINGUNA CADENA";"26/06/2019"; ;"SIEMPRE ABIERTO";"De Lunes a Domingo"
"CV H01500 V";"A";"ALTA"; ; ;"BLANQ RUZAFA";"46";"VALÈNCIA";"250";"VALÈNCIA";"VALENCIA";"46006";"CALLE DENIA, 13";"C";"CALLE";"DENIA";"13";"direccion@blanqhotels.com";"http://www.blanqhotels.com";"P";"PENSIÓN"; ; ;"6";"12";"NCD";"NO PERTENECE A NINGUNA CADENA";"18/05/2023"; ;"SIEMPRE ABIERTO";"De Lunes a Domingo"
"CV H00460 V";"A";"ALTA";"1";"1 ESTRELLA";"BLAYET";"46";"VALÈNCIA";"250";"VALÈNCIA";"VALENCIA";"46012";"AVENIDA GAVIOTAS, 17";"AV";"AVENIDA";"GAVIOTAS";"17";"blayet1935@gmail.com";"http://www.blayet.com";"HS";"HOSTAL";"HS";"HOSTAL";"27";"54";"NCD";"NO PERTENECE A NINGUNA CADENA";"29/05/1965"; ;"SIEMPRE ABIERTO";"De Lunes a Domingo"
"CV H01513 V";"A";"ALTA";"0";"PENSIÓN";"BLUE HOUSE VALENCIA";"46";"VALÈNCIA";"250";"VALÈNCIA";"VALENCIA";"46019";"CALLE FELIPE RINALDI, 11-B";"C";"CALLE";"FELIPE RINALDI";"11-B";"irlandaguzmanb@gmail.com"; ;"P";"PENSIÓN"; ; ;"4";"6";"NCD";"NO PERTENECE A NINGUNA CADENA";"10/08/2023"; ;"SIEMPRE ABIERTO";"De Lunes a Domingo"
"CV H00940 V";"B";"BAJA";"0";"PENSIÓN";"BOLUDA";"46";"VALÈNCIA";"250";"VALÈNCIA";"VALENCIA";"46007";"CALLE BAILEN, 10-1º-1ª";"C";"CALLE";"BAILEN";"10-1º-1ª"; ; ;"P";"PENSIÓN";"P";"PENSIÓN";"12";"25";"NCD";"NO PERTENECE A NINGUNA CADENA";"25/06/1979";"30/09/2010";"SIEMPRE ABIERTO";"De Lunes a Domingo"
"CV H01407 V";"A";"ALTA"; ; ;"BRUGADA HOME";"46";"VALÈNCIA";"250";"VALÈNCIA";"VALENCIA";"46001";"CALLE CERRAJEROS, 9";"C";"CALLE";"CERRAJEROS";"9";"danicaster@yahoo.es"; ;"P";"PENSIÓN"; ; ;"8";"16";"NCD";"NO PERTENECE A NINGUNA CADENA";"15/11/2018"; ;"SIEMPRE ABIERTO";"De Lunes a Domingo"
"CV H01553 V";"A";"ALTA"; ; ;"BYPILLOW SINFONIA";"46";"VALÈNCIA";"250";"VALÈNCIA";"VALENCIA";"46020";"CALLE BARON DE SAN PETRILLO, 10";"C";"CALLE";"BARON DE SAN PETRILLO";"10";"sinfonia@bypillow.com";"http://www.bypillow.com";"HS";"HOSTAL"; ; ;"34";"68";"NCD";"NO PERTENECE A NINGUNA CADENA";"10/10/2024"; ;"SIEMPRE ABIERTO";"De Lunes a Domingo"
"CV H01620 V";"A";"ALTA";"0";"PENSIÓN";"CABANYAL ROOMS";"46";"VALÈNCIA";"250";"VALÈNCIA";"VALENCIA";"46011";"AVENIDA MARTI DE GRAJALES, 9";"AV";"AVENIDA";"MARTI DE GRAJALES";"9";"enrique@vlcinvest.com";"http://www.vlchost.com";"P";"PENSIÓN"; ; ;"8";"16";"NCD";"NO PERTENECE A NINGUNA CADENA";"18/12/2025"; ;"SIEMPRE ABIERTO";"De Lunes a Domingo"
"CV H01463 V";"A";"ALTA"; ; ;"CANOVAS ROOMS";"46";"VALÈNCIA";"250";"VALÈNCIA";"VALENCIA";"46005";"PLAZA CANOVAS, 2";"PL";"PLAZA";"CANOVAS";"2";"info@betapartments.com";"http://www.betapartments.com";"P";"PENSIÓN"; ; ;"6";"12";"NCD";"NO PERTENECE A NINGUNA CADENA";"05/07/2021"; ;"SIEMPRE ABIERTO";"De Lunes a Domingo"
"CV H01327 V";"A";"ALTA";"5";"5 ESTRELLAS";"CAROHOTEL PALACIO MARQUES DE CARO";"46";"VALÈNCIA";"250";"VALÈNCIA";"VALENCIA";"46003";"CALLE ALMIRANTE, 14";"C";"CALLE";"ALMIRANTE";"14";"info@carohotel.com";"http://www.carohotel.com";"H";"HOTEL";"H";"HOTEL";"25";"45";"NCD";"NO PERTENECE A NINGUNA CADENA";"07/02/2012"; ;"SIEMPRE ABIERTO";"De Lunes a Domingo"
"CV H00306 V";"B";"BAJA";"1";"1 ESTRELLA";"CARRASCO";"46";"VALÈNCIA";"250";"VALÈNCIA";"VALENCIA";"46006";"CALLE BUENOS AIRES, 6";"C";"CALLE";"BUENOS AIRES";"6"; ; ;"HS";"HOSTAL";"SR";"HOSTAL-RESIDENCIA";"9";"13";"NCD";"NO PERTENECE A NINGUNA CADENA";"08/05/1964";"13/08/2001";"SIEMPRE ABIERTO";"De Lunes a Domingo"
"CV H01506 V";"A";"ALTA";"3";"3 ESTRELLAS";"CASA BASSA";"46";"VALÈNCIA";"250";"VALÈNCIA";"VALENCIA";"46011";"AVENIDA NEPTUNO, 16-18";"AV";"AVENIDA";"NEPTUNO";"16-18";"casabassahotel@gmail.com";"http://www.casabassahotel.es";"H";"HOTEL"; ; ;"24";"48";"NCD";"NO PERTENECE A NINGUNA CADENA";"26/06/2023"; ;"SIEMPRE ABIERTO";"De Lunes a Domingo"
"CV H01493 V";"A";"ALTA"; ; ;"CASA CLARITA";"46";"VALÈNCIA";"250";"VALÈNCIA";"VALENCIA";"46003";"CALLE AVELLANAS, 10";"C";"CALLE";"AVELLANAS";"10";"info@casaclarita.com";"http://casaclarita.com";"HS";"HOSTAL"; ; ;"12";"24";"NCD";"NO PERTENECE A NINGUNA CADENA";"30/12/2022"; ;"SIEMPRE ABIERTO";"De Lunes a Domingo"
"CV H01293 V";"A";"ALTA";"0";"PENSIÓN";"CASABLANCA";"46";"VALÈNCIA";"250";"VALÈNCIA";"VALENCIA";"46017";"CALLE PEDRO DE LUNA, 3 BAJO";"C";"CALLE";"PEDRO DE LUNA";"3 BAJO"; ; ;"P";"PENSIÓN";"P";"PENSIÓN";"5";"8";"NCD";"NO PERTENECE A NINGUNA CADENA";"18/01/2010"; ;"SIEMPRE ABIERTO";"De Lunes a Domingo"
"CV H00716 V";"B";"BAJA";"0";"PENSIÓN";"CASTELLANOS";"46";"VALÈNCIA";"250";"VALÈNCIA";"VALENCIA";"46008";"CALLE SAN JOSE DE CALASANZ, 26-6º";"C";"CALLE";"SAN JOSE DE CALASANZ";"26-6º"; ; ;"P";"PENSIÓN";"P";"PENSIÓN";"7";"7";"NCD";"NO PERTENECE A NINGUNA CADENA";"23/06/1971";"18/09/2015";"SIEMPRE ABIERTO";"De Lunes a Domingo"
"CV H00649 V";"B";"BAJA";"0";"PENSIÓN";"CASTILLA";"46";"VALÈNCIA";"250";"VALÈNCIA";"VALENCIA";"46008";"CALLE SAN JOSE DE CALASANZ, 002";"C";"CALLE";"SAN JOSE DE CALASANZ";"002"; ; ;"P";"PENSIÓN";"P";"PENSIÓN";"3";"6";"NCD";"NO PERTENECE A NINGUNA CADENA";"02/01/1970";"16/06/1992";"SIEMPRE ABIERTO";"De Lunes a Domingo"
"CV H01290 V";"A";"ALTA";"1";"1 ESTRELLA";"CASUAL NATURA VALENCIA";"46";"VALÈNCIA";"250";"VALÈNCIA";"VALENCIA";"46008";"CALLE PINTOR VILAPRADES, 14";"C";"CALLE";"PINTOR VILAPRADES";"14";"info@hotel-villarreal.com";"http://www.hotel-villarreal.com";"H";"HOTEL";"H";"HOTEL";"11";"15";"NCD";"NO PERTENECE A NINGUNA CADENA";"09/11/2009"; ;"SIEMPRE ABIERTO";"De Lunes a Domingo"
"CV H01428 V";"A";"ALTA";"3";"3 ESTRELLAS";"CASUAL SOCARRAT VALENCIA";"46";"VALÈNCIA";"250";"VALÈNCIA";"VALENCIA";"46003";"CALLE PAZ, 38";"C";"CALLE";"PAZ";"38";"socarrat@casualhoteles.com";"http://www.casualhoteles.com";"H";"HOTEL"; ; ;"35";"70";"NCD";"NO PERTENECE A NINGUNA CADENA";"03/09/2019"; ;"SIEMPRE ABIERTO";"De Lunes a Domingo"
"CV H01267 V";"A";"ALTA";"1";"1 ESTRELLA";"CASUAL VALENCIA DE LAS CIVILIZACIONES";"46";"VALÈNCIA";"250";"VALÈNCIA";"VALENCIA";"46025";"CALLE FÉLIX DEL RÍO, 3";"C";"CALLE";"FÉLIX DEL RÍO";"3";"casualvalenciadelascivilizaciones@casualhoteles.com";"http://www.casualhostal.com";"HS";"HOSTAL";"SR";"HOSTAL-RESIDENCIA";"13";"26";"NCD";"NO PERTENECE A NINGUNA CADENA";"30/05/2008"; ;"SIEMPRE ABIERTO";"De Lunes a Domingo"
"CV H01370 V";"A";"ALTA";"2";"2 ESTRELLAS";"CASUAL VALENCIA VINTAGE";"46";"VALÈNCIA";"250";"VALÈNCIA";"VALENCIA";"46002";"CALLE BARCELONINA, 1";"C";"CALLE";"BARCELONINA";"1"; ;"http://www.casualhoteles.com";"H";"HOTEL";"H";"HOTEL";"75";"159";"NCD";"NO PERTENECE A NINGUNA CADENA";"08/04/2016"; ;"SIEMPRE ABIERTO";"De Lunes a Domingo"
"CV H01598 V";"A";"ALTA";"3";"3 ESTRELLAS";"CATALINA SUITES";"46";"VALÈNCIA";"250";"VALÈNCIA";"VALENCIA";"46001";"CALLE SAN FERNANDO, 9";"C";"CALLE";"SAN FERNANDO";"9";"aracelipalau777@gmail.com"; ;"H";"HOTEL";"H";"HOTEL";"11";"22";"NCD";"NO PERTENECE A NINGUNA CADENA";"18/06/2025"; ;"SIEMPRE ABIERTO";"De Lunes a Domingo"
"CV H00043 V";"A";"ALTA";"4";"4 ESTRELLAS";"CATALONIA EXCELSIOR";"46";"VALÈNCIA";"250";"VALÈNCIA";"VALENCIA";"46002";"CALLE BARCELONINA, 5";"C";"CALLE";"BARCELONINA";"5";"excelsior.reservas@hoteles-catalonia.es";"http://www.hoteles-catalonia.es";"H";"HOTEL";"H";"HOTEL";"83";"162";"CAT";"HOTELES CATALONIA";"29/07/1969"; ;"SIEMPRE ABIERTO";"De Lunes a Domingo"
"CV H00977 V";"B";"BAJA";"0";"PENSIÓN";"CHILISCOTE I";"46";"VALÈNCIA";"250";"VALÈNCIA";"VALENCIA";"46011";"CALLE ARQUITECTO ALFARO, 001";"C";"CALLE";"ARQUITECTO ALFARO";"001"; ; ;"P";"PENSIÓN";"P";"PENSIÓN";"8";"12";"NCD";"NO PERTENECE A NINGUNA CADENA";"01/03/1983";"11/01/1995";"SIEMPRE ABIERTO";"De Lunes a Domingo"
"CV H00984 V";"B";"BAJA";"0";"PENSIÓN";"CHILISCOTE II";"46";"VALÈNCIA";"250";"VALÈNCIA";"VALENCIA";"46011";"CALLE ARQUITECTO ALFARO, 001";"C";"CALLE";"ARQUITECTO ALFARO";"001"; ; ;"P";"PENSIÓN";"P";"PENSIÓN";"8";"12";"NCD";"NO PERTENECE A NINGUNA CADENA";"01/03/1983";"11/01/1995";"SIEMPRE ABIERTO";"De Lunes a Domingo"
"CV H01000 V";"B";"BAJA";"0";"PENSIÓN";"CHILISCOTE III";"46";"VALÈNCIA";"250";"VALÈNCIA";"VALENCIA";"46011";"CALLE ARQUITECTO ALFARO, 21";"C";"CALLE";"ARQUITECTO ALFARO";"21"; ; ;"P";"PENSIÓN";"P";"PENSIÓN";"3";"5";"NCD";"NO PERTENECE A NINGUNA CADENA";"01/08/1983";"13/12/2002";"SIEMPRE ABIERTO";"De Lunes a Domingo"
"CV H01261 V";"A";"ALTA";"1";"1 ESTRELLA";"CIENCIAS ROOMS";"46";"VALÈNCIA";"250";"VALÈNCIA";"VALENCIA";"46013";"CALLE INSTITUTO OBRERO DE VALENCIA, 20";"C";"CALLE";"INSTITUTO OBRERO DE VALENCIA";"20"; ;"http://www.valenciaflats.com";"HS";"HOSTAL";"SR";"HOSTAL-RESIDENCIA";"28";"63";"NCD";"NO PERTENECE A NINGUNA CADENA";"29/01/2008"; ;"SIEMPRE ABIERTO";"De Lunes a Domingo"
"CV H00821 V";"B";"BAJA";"0";"PENSIÓN";"CIFRE";"46";"VALÈNCIA";"250";"VALÈNCIA";"VALENCIA";"46009";"CALLE GIL ROGER, 000";"C";"CALLE";"GIL ROGER";"000"; ; ;"P";"PENSIÓN";"P";"PENSIÓN";"4";"5";"NCD";"NO PERTENECE A NINGUNA CADENA";"17/05/1975";"24/05/1994";"SIEMPRE ABIERTO";"De Lunes a Domingo"
"CV H01380 V";"A";"ALTA"; ; ;"CITY GARDEN B&B";"46";"VALÈNCIA";"250";"VALÈNCIA";"VALENCIA";"46005";"CALLE GENERAL PRIM, 1-1º-1ª";"C";"CALLE";"GENERAL PRIM";"1-1º-1ª"; ; ;"P";"PENSIÓN"; ; ;"6";"13";"NCD";"NO PERTENECE A NINGUNA CADENA";"21/02/2017"; ;"SIEMPRE ABIERTO";"De Lunes a Domingo"
"CV H01397 V";"A";"ALTA"; ; ;"CITYSUITES";"46";"VALÈNCIA";"250";"VALÈNCIA";"VALENCIA";"46008";"CALLE MARTIN EL HUMANO, 28-1ª";"C";"CALLE";"MARTIN EL HUMANO";"28-1ª";"arquiberica@arquiberica.es"; ;"HS";"HOSTAL"; ; ;"7";"20";"NCD";"NO PERTENECE A NINGUNA CADENA";"22/02/2018"; ;"SIEMPRE ABIERTO";"De Lunes a Domingo"
"CV H01440 V";"A";"ALTA";"2";"2 ESTRELLAS";"CITYSUITES VALENCIA MARINA";"46";"VALÈNCIA";"250";"VALÈNCIA";"VALENCIA";"46022";"CALLE MADERAS, 11-13";"C";"CALLE";"MADERAS";"11-13"; ;"http://www.citysuitesvalencia.com";"H";"HOTEL";"HA";"HOTEL-APARTAMENTO";"23";"48";"NCD";"NO PERTENECE A NINGUNA CADENA";"04/03/2020"; ;"SIEMPRE ABIERTO";"De Lunes a Domingo"
"CV H01438 V";"A";"ALTA";"2";"2 ESTRELLAS";"CITYSUITES VALENCIA UNIVERSIDADES";"46";"VALÈNCIA";"250";"VALÈNCIA";"VALENCIA";"46010";"AVENIDA PRIMADO REIG, 102";"AV";"AVENIDA";"PRIMADO REIG";"102"; ; ;"H";"HOTEL";"HA";"HOTEL-APARTAMENTO";"8";"27";"NCD";"NO PERTENECE A NINGUNA CADENA";"27/01/2020"; ;"SIEMPRE ABIERTO";"De Lunes a Domingo"
"CV H01100 V";"B";"BAJA";"0";"PENSIÓN";"COLON";"46";"VALÈNCIA";"250";"VALÈNCIA";"VALENCIA";"46004";"CALLE MARTINEZ FERRANDO, 5-2";"C";"CALLE";"MARTINEZ FERRANDO";"5-2"; ; ;"P";"PENSIÓN";"P";"PENSIÓN";"5";"6";"NCD";"NO PERTENECE A NINGUNA CADENA";"11/09/1995";"13/08/2001";"SIEMPRE ABIERTO";"De Lunes a Domingo"
"CV H00980 V";"B";"BAJA";"0";"PENSIÓN";"COMEDIAS";"46";"VALÈNCIA";"250";"VALÈNCIA";"VALENCIA";"46003";"CALLE COMEDIAS, 21";"C";"CALLE";"COMEDIAS";"21"; ; ;"P";"PENSIÓN";"P";"PENSIÓN";"7";"10";"NCD";"NO PERTENECE A NINGUNA CADENA";"01/02/1984";"13/08/2001";"SIEMPRE ABIERTO";"De Lunes a Domingo"
"CV H00019 V";"A";"ALTA";"2";"2 ESTRELLAS";"CONTINENTAL";"46";"VALÈNCIA";"250";"VALÈNCIA";"VALENCIA";"46002";"CALLE CORREOS, 8";"C";"CALLE";"CORREOS";"8";"continental@contitel.es";"http://sweethotelcontinental.com";"H";"HOTEL";"H";"HOTEL";"43";"75";"NCD";"NO PERTENECE A NINGUNA CADENA";"21/07/1966"; ;"SIEMPRE ABIERTO";"De Lunes a Domingo"
"CV H01414 V";"A";"ALTA"; ; ;"COOL LOFTS VALENCIA";"46";"VALÈNCIA";"250";"VALÈNCIA";"VALENCIA";"46008";"CALLE LEPANTO, 6";"C";"CALLE";"LEPANTO";"6";"nguijarro@hotmail.com"; ;"P";"PENSIÓN"; ; ;"6";"12";"NCD";"NO PERTENECE A NINGUNA CADENA";"27/02/2019"; ;"SIEMPRE ABIERTO";"De Lunes a Domingo"
"CV H01485 V";"A";"ALTA"; ; ;"COOL LOFTS VALENCIA ALAMEDA";"46";"VALÈNCIA";"250";"VALÈNCIA";"VALENCIA";"46010";"CALLE FINLANDIA, 3 BAJO DCH";"C";"CALLE";"FINLANDIA";"3 BAJO DCH"; ; ;"P";"PENSIÓN"; ; ;"3";"6";"NCD";"NO PERTENECE A NINGUNA CADENA";"11/07/2022"; ;"SIEMPRE ABIERTO";"De Lunes a Domingo"
"CV H01430 V";"A";"ALTA";"3";"3 ESTRELLAS";"COSMO";"46";"VALÈNCIA";"250";"VALÈNCIA";"VALENCIA";"46003";"CALLE MARIA CRISTINA, 18";"C";"CALLE";"MARIA CRISTINA";"18";"comercial@valenciaflats.com"; ;"H";"HOTEL"; ; ;"33";"66";"NCD";"NO PERTENECE A NINGUNA CADENA";"06/09/2019"; ;"SIEMPRE ABIERTO";"De Lunes a Domingo"
"CV H01325 V";"A";"ALTA";"1";"1 ESTRELLA";"COSYROOMS BOLSERIA";"46";"VALÈNCIA";"250";"VALÈNCIA";"VALENCIA";"46001";"CALLE MONJAS, 4";"C";"CALLE";"MONJAS";"4";"recepcion@cosyroomsvalencia.com";"www.cosyrooms-bolseria.com";"HS";"HOSTAL";"SR";"HOSTAL-RESIDENCIA";"20";"29";"NCD";"NO PERTENECE A NINGUNA CADENA";"03/02/2012"; ;"SIEMPRE ABIERTO";"De Lunes a Domingo"
"CV H01314 V";"A";"ALTA";"1";"1 ESTRELLA";"COSYROOMS EMBAJADOR";"46";"VALÈNCIA";"250";"VALÈNCIA";"VALENCIA";"46002";"CALLE EMBAJADOR VICH, 5";"C";"CALLE";"EMBAJADOR VICH";"5";"recepcion@cosyroomsvalencia.com";"www.cosyrooms-embajador.com";"HS";"HOSTAL";"SR";"HOSTAL-RESIDENCIA";"22";"42";"NCD";"NO PERTENECE A NINGUNA CADENA";"21/10/2010"; ;"SIEMPRE ABIERTO";"De Lunes a Domingo"
"CV H01326 V";"A";"ALTA";"1";"1 ESTRELLA";"COSYROOMS TAPINERIA";"46";"VALÈNCIA";"250";"VALÈNCIA";"VALENCIA";"46001";"CALLE TAPINERIA, 13";"C";"CALLE";"TAPINERIA";"13";"recepcion@cosyroomsvalencia.com";"www.cosyrooms-tapineria.com";"HS";"HOSTAL";"SR";"HOSTAL-RESIDENCIA";"18";"26";"NCD";"NO PERTENECE A NINGUNA CADENA";"06/02/2012"; ;"SIEMPRE ABIERTO";"De Lunes a Domingo"
"CV H01461 V";"A";"ALTA"; ; ;"COZY ROOMS";"46";"VALÈNCIA";"250";"VALÈNCIA";"VALENCIA";"46025";"CALLE LORIGUILLA, 3-5";"C";"CALLE";"LORIGUILLA";"3-5";"pensionloriguilla@gmail.com"; ;"P";"PENSIÓN"; ; ;"7";"14";"NCD";"NO PERTENECE A NINGUNA CADENA";"09/04/2021"; ;"SIEMPRE ABIERTO";"De Lunes a Domingo"
"CV H00995 V";"B";"BAJA";"1";"1 ESTRELLA";"CUPIDO";"46";"VALÈNCIA";"250";"VALÈNCIA";"VALENCIA";"46012";"CALLE J.MORANTE BORRAS, 001";"C";"CALLE";"J.MORANTE BORRAS";"001"; ; ;"H";"HOTEL";"H";"HOTEL";"8";"8";"NCD";"NO PERTENECE A NINGUNA CADENA";"02/05/1985";"05/05/1992";"SIEMPRE ABIERTO";"De Lunes a Domingo"
"CV H01009 V";"B";"BAJA";"0";"PENSIÓN";"DANI";"46";"VALÈNCIA";"250";"VALÈNCIA";"VALENCIA";"46012";"CALLE JESUS MORANTE BORRAS, 001";"C";"CALLE";"JESUS MORANTE BORRAS";"001"; ; ;"P";"PENSIÓN";"P";"PENSIÓN";"6";"7";"NCD";"NO PERTENECE A NINGUNA CADENA";"17/03/1986";"08/03/1993";"SIEMPRE ABIERTO";"De Lunes a Domingo"
"CV H00850 V";"A";"ALTA";"4";"4 ESTRELLAS";"DIMAR";"46";"VALÈNCIA";"250";"VALÈNCIA";"VALENCIA";"46005";"AVENIDA GRAN VIA MARQUES DEL TURIA, 80";"AV";"AVENIDA";"GRAN VIA MARQUES DEL TURIA";"80";"reservas@hotel-dimar.com";"http://www.hotel-dimar.com";"H";"HOTEL";"H";"HOTEL";"95";"193"; ; ;"28/08/1975"; ;"SIEMPRE ABIERTO";"De Lunes a Domingo"
"CV H00526 V";"B";"BAJA";"0";"PENSIÓN";"DON PELAYO";"46";"VALÈNCIA";"250";"VALÈNCIA";"VALENCIA";"46007";"CALLE PELAYO, 7";"C";"CALLE";"PELAYO";"7"; ; ;"P";"PENSIÓN";"P";"PENSIÓN";"29";"55";"NCD";"NO PERTENECE A NINGUNA CADENA";"15/03/1967";"18/07/2000";"SIEMPRE ABIERTO";"De Lunes a Domingo"
"CV H01538 V";"A";"ALTA";"2";"2 ESTRELLAS";"DORM4YOU ARENA APARTMENTS";"46";"VALÈNCIA";"250";"VALÈNCIA";"VALENCIA";"46013";"CALLE PINTOR SABATER (TORRE NORTE), 20 BJ";"C";"CALLE";"PINTOR SABATER (TORRE NORTE)";"20 BJ";"contabilidad@sficonsulting.es";"http://www.dorm4you.com";"H";"HOTEL";"HA";"HOTEL-APARTAMENTO";"16";"34";"NCD";"NO PERTENECE A NINGUNA CADENA";"25/07/2024"; ;"SIEMPRE ABIERTO";"De Lunes a Domingo"
"CV H01519 V";"A";"ALTA";"2";"2 ESTRELLAS";"DORM4YOU ARENA2 APARTMENTS";"46";"VALÈNCIA";"250";"VALÈNCIA";"VALENCIA";"46026";"CALLE VICENT MIGUEL CARCELLER, 32 BJ";"C";"CALLE";"VICENT MIGUEL CARCELLER";"32 BJ";"info@suitesprimus.com";"http://www.hotelprimusvalencia.com";"H";"HOTEL";"HA";"HOTEL-APARTAMENTO";"23";"49";"NCD";"NO PERTENECE A NINGUNA CADENA";"28/09/2023"; ;"SIEMPRE ABIERTO";"De Lunes a Domingo"
"CV H01319 V";"B";"BAJA";"1";"1 ESTRELLA";"DORMA VALENCIA REINO";"46";"VALÈNCIA";"250";"VALÈNCIA";"VALENCIA";"46006";"AVENIDA REGNE DE VALENCIA, 88-3ª";"AV";"AVENIDA";"REGNE DE VALENCIA";"88-3ª";"dormavalencia@dormavalencia.com";"http://www.dormavalencia.com";"HS";"HOSTAL";"SR";"HOSTAL-RESIDENCIA";"14";"28";"NCD";"NO PERTENECE A NINGUNA CADENA";"11/03/2011";"29/07/2011";"SIEMPRE ABIERTO";"De Lunes a Domingo"
"CV H01312 V";"A";"ALTA";"1";"1 ESTRELLA";"DORMAVALENCIA HOSTAL";"46";"VALÈNCIA";"250";"VALÈNCIA";"VALENCIA";"46021";"AVENIDA CARDENAL BENLLOCH, 63-B-1ª";"AV";"AVENIDA";"CARDENAL BENLLOCH";"63-B-1ª";"dormavalencia@dormavalencia.com";"http://www.dormavalencia.com";"HS";"HOSTAL";"SR";"HOSTAL-RESIDENCIA";"14";"28";"NCD";"NO PERTENECE A NINGUNA CADENA";"19/07/2010"; ;"SIEMPRE ABIERTO";"De Lunes a Domingo"
"CV H01585 V";"A";"ALTA";"0";"PENSIÓN";"DORMAVALENCIA REINO";"46";"VALÈNCIA";"250";"VALÈNCIA";"VALENCIA";"46006";"AVENIDA REINO DE VALENCIA, 88";"AV";"AVENIDA";"REINO DE VALENCIA";"88";"dorma@dormavalencia.com";"http://www.dormavalencia.com";"HS";"HOSTAL"; ; ;"19";"38";"NCD";"NO PERTENECE A NINGUNA CADENA";"23/04/2025"; ;"SIEMPRE ABIERTO";"De Lunes a Domingo"
"CV H01244 V";"A";"ALTA";"4";"4 ESTRELLAS";"DWO VALENCIA";"46";"VALÈNCIA";"250";"VALÈNCIA";"VALENCIA";"46022";"AVENIDA DEL PUERTO, 129";"AV";"AVENIDA";"DEL PUERTO";"129";"solvasavlc@solvasa.com";"http://www.solvasa.com";"H";"HOTEL";"H";"HOTEL";"125";"251";"SLV";"SOLVASA HOTELES";"21/02/2007"; ;"SIEMPRE ABIERTO";"De Lunes a Domingo"
"CV H00952 V";"A";"ALTA";"0";"PENSIÓN";"EL CID";"46";"VALÈNCIA";"250";"VALÈNCIA";"VALENCIA";"46001";"CALLE CERRAJEROS  (MANYANS), 13";"C";"CALLE";"CERRAJEROS  (MANYANS)";"13";"team@hostalelcid.es";"http://hostalelcid.es";"P";"PENSIÓN";"P";"PENSIÓN";"12";"23";"NCD";"NO PERTENECE A NINGUNA CADENA";"18/08/1980"; ;"SIEMPRE ABIERTO";"De Lunes a Domingo"
"CV H01275 V";"A";"ALTA";"3";"3 ESTRELLAS";"EL COSO DEL MAR";"46";"VALÈNCIA";"250";"VALÈNCIA";"VALENCIA";"46011";"AVENIDA NEPTUNO, 12";"AV";"AVENIDA";"NEPTUNO";"12";"reservas@elcosodelmar.com";"http://www.elcosodelmar.com";"H";"HOTEL";"H";"HOTEL";"15";"28";"NCD";"NO PERTENECE A NINGUNA CADENA";"24/11/2008"; ;"SIEMPRE ABIERTO";"De Lunes a Domingo"
"CV H00946 V";"B";"BAJA";"0";"PENSIÓN";"EL ESTUDIANTE";"46";"VALÈNCIA";"250";"VALÈNCIA";"VALENCIA";"46001";"CALLE EN BOU, 2";"C";"CALLE";"EN BOU";"2"; ; ;"P";"PENSIÓN";"P";"PENSIÓN";"18";"30";"NCD";"NO PERTENECE A NINGUNA CADENA";"28/05/1980";"18/06/1999";"SIEMPRE ABIERTO";"De Lunes a Domingo"
"CV H00907 V";"B";"BAJA";"0";"PENSIÓN";"EL GATO";"46";"VALÈNCIA";"250";"VALÈNCIA";"VALENCIA";"46009";"CALLE PLATERO SUAREZ, 001";"C";"CALLE";"PLATERO SUAREZ";"001"; ; ;"P";"PENSIÓN";"P";"PENSIÓN";"5";"10";"NCD";"NO PERTENECE A NINGUNA CADENA";"19/01/1978";"26/08/1992";"SIEMPRE ABIERTO";"De Lunes a Domingo"
"CV H01191 V";"A";"ALTA";"1";"1 ESTRELLA";"EL GLOBO";"46";"VALÈNCIA";"250";"VALÈNCIA";"VALENCIA";"46011";"PASEO NEPTUNO, 44";"PA";"PASEO";"NEPTUNO";"44";"reservas@hostalelglobo.com";"http://www.hostalelglobo.com";"HS";"HOSTAL";"SR";"HOSTAL-RESIDENCIA";"18";"36";"NCD";"NO PERTENECE A NINGUNA CADENA";"25/02/2004"; ;"SIEMPRE ABIERTO";"De Lunes a Domingo"
"CV H01386 V";"A";"ALTA";"0";"PENSIÓN";"EL MERCAT";"46";"VALÈNCIA";"250";"VALÈNCIA";"VALENCIA";"46001";"PASEO PEU DE LA CREU, 5-2ª";"PA";"PASEO";"PEU DE LA CREU";"5-2ª";"pensionmercat@gmail.com"; ;"P";"PENSIÓN"; ; ;"8";"15";"NCD";"NO PERTENECE A NINGUNA CADENA";"18/07/2017"; ;"SIEMPRE ABIERTO";"De Lunes a Domingo"
"CV H01091 V";"B";"BAJA";"0";"PENSIÓN";"EL NOGAL";"46";"VALÈNCIA";"250";"VALÈNCIA";"VALENCIA";"46035";"CALLE JOAQUIN MARIN, 46";"C";"CALLE";"JOAQUIN MARIN";"46"; ; ;"P";"PENSIÓN";"P";"PENSIÓN";"14";"26";"NCD";"NO PERTENECE A NINGUNA CADENA";"08/03/1995";"13/08/2001";"SIEMPRE ABIERTO";"De Lunes a Domingo"
"CV H01618 V";"A";"ALTA";"0";"PENSIÓN";"EL PATIO DE LA REINA";"46";"VALÈNCIA";"250";"VALÈNCIA";"VALENCIA";"46011";"CALLE REINA, 176";"C";"CALLE";"REINA";"176";"manufex@telefonica.net"; ;"P";"PENSIÓN"; ; ;"5";"10";"NCD";"NO PERTENECE A NINGUNA CADENA";"04/12/2025"; ;"SIEMPRE ABIERTO";"De Lunes a Domingo"
"CV H01372 V";"A";"ALTA";"3";"3 ESTRELLAS";"EL SIGLO";"46";"VALÈNCIA";"250";"VALÈNCIA";"VALENCIA";"46001";"PLAZA SANTA CATALINA, 11";"PL";"PLAZA";"SANTA CATALINA";"11";"info@elsiglohotel.com";"http://www.elsiglohotel.com";"H";"HOTEL";"H";"HOTEL";"9";"18";"NCD";"NO PERTENECE A NINGUNA CADENA";"15/06/2016"; ;"SIEMPRE ABIERTO";"De Lunes a Domingo"
"CV H00700 V";"B";"BAJA";"0";"PENSIÓN";"EN LLOP";"46";"VALÈNCIA";"250";"VALÈNCIA";"VALENCIA";"46002";"CALLE EN LLOP, 2";"C";"CALLE";"EN LLOP";"2"; ; ;"P";"PENSIÓN";"P";"PENSIÓN";"13";"20";"NCD";"NO PERTENECE A NINGUNA CADENA";"19/01/1971";"13/08/2001";"SIEMPRE ABIERTO";"De Lunes a Domingo"
"CV H01549 V";"A";"ALTA";"1";"1 ESTRELLA";"ESPAI VERD";"46";"VALÈNCIA";"250";"VALÈNCIA";"VALENCIA";"46020";"CALLE REAL DE GANDIA, 3";"C";"CALLE";"REAL DE GANDIA";"3";"contabilidad@diazalegre.com"; ;"H";"HOTEL";"HA";"HOTEL-APARTAMENTO";"11";"22";"NCD";"NO PERTENECE A NINGUNA CADENA";"18/10/2024"; ;"SIEMPRE ABIERTO";"De Lunes a Domingo"
"CV H00576 V";"B";"BAJA";"1";"1 ESTRELLA";"ESPAÑA";"46";"VALÈNCIA";"250";"VALÈNCIA";"VALENCIA";"46002";"CALLE EMBAJADOR VICH, 5 - 2º";"C";"CALLE";"EMBAJADOR VICH";"5 - 2º"; ; ;"HS";"HOSTAL";"SR";"HOSTAL-RESIDENCIA";"7";"10";"NCD";"NO PERTENECE A NINGUNA CADENA";"29/07/1969";"08/04/2004";"SIEMPRE ABIERTO";"De Lunes a Domingo"
"CV H01070 V";"B";"BAJA";"0";"PENSIÓN";"ESPERANZA";"46";"VALÈNCIA";"250";"VALÈNCIA";"VALENCIA";"46002";"CALLE SANGRE, 5-6º.P. 45";"C";"CALLE";"SANGRE";"5-6º.P. 45"; ; ;"P";"PENSIÓN";"P";"PENSIÓN";"10";"12";"NCD";"NO PERTENECE A NINGUNA CADENA";"07/05/1993";"30/11/2006";"SIEMPRE ABIERTO";"De Lunes a Domingo"
"CV H01531 V";"A";"ALTA";"4";"4 ESTRELLAS";"ESTIMAR";"46";"VALÈNCIA";"250";"VALÈNCIA";"VALENCIA";"46002";"CALLE PINTOR SOROLLA, 17";"C";"CALLE";"PINTOR SOROLLA";"17";"joltra@granhotelsolymar.com";"http://www.estimarhotels.com";"H";"HOTEL";"H";"HOTEL";"65";"130";"NCD";"NO PERTENECE A NINGUNA CADENA";"20/05/2024"; ;"SIEMPRE ABIERTO";"De Lunes a Domingo"
"CV H00674 V";"B";"BAJA";"0";"PENSIÓN";"ESTRELLA";"46";"VALÈNCIA";"250";"VALÈNCIA";"VALENCIA";"46007";"CALLE BAILEN, 002";"C";"CALLE";"BAILEN";"002"; ; ;"P";"PENSIÓN";"P";"PENSIÓN";"0"; ;"NCD";"NO PERTENECE A NINGUNA CADENA";"08/11/1987";"11/02/1991";"SIEMPRE ABIERTO";"De Lunes a Domingo"
"CV H01102 V";"A";"ALTA";"4";"4 ESTRELLAS";"EUROSTARS ACTEON";"46";"VALÈNCIA";"250";"VALÈNCIA";"VALENCIA";"46023";"CALLE VICENTE BELTRAN GRIMAL, 002";"C";"CALLE";"VICENTE BELTRAN GRIMAL";"002";"notifica@grupohotusa.com";"http://www.eurostarshotels.com";"H";"HOTEL";"H";"HOTEL";"187";"358";"ABB";"ABBA HOTELES";"12/03/1996"; ;"SIEMPRE ABIERTO";"De Lunes a Domingo"
"CV H01213 V";"A";"ALTA";"4";"4 ESTRELLAS";"EUROSTARS GRAN VALENCIA";"46";"VALÈNCIA";"250";"VALÈNCIA";"VALENCIA";"46015";"CALLE VALLE DE AYORA, 3";"C";"CALLE";"VALLE DE AYORA";"3";"info@eurostarsgranvalencia.com";"http://www.eurostarsgranvalencia.com";"H";"HOTEL";"H";"HOTEL";"109";"220";"NCD";"NO PERTENECE A NINGUNA CADENA";"21/12/2004"; ;"SIEMPRE ABIERTO";"De Lunes a Domingo"
"CV H00884 V";"A";"ALTA";"4";"4 ESTRELLAS";"EUROSTARS REY DON JAIME";"46";"VALÈNCIA";"250";"VALÈNCIA";"VALENCIA";"46023";"AVENIDA BALEARES, 2";"AV";"AVENIDA";"BALEARES";"2";"recepcion@eurostarsreydonjaime.com";"eurostarhotels.com/eurostar-rey-don-jaime.html";"H";"HOTEL";"H";"HOTEL";"314";"550";"NCD";"NO PERTENECE A NINGUNA CADENA";"19/04/1976"; ;"SIEMPRE ABIERTO";"De Lunes a Domingo"
"CV H01625 V";"A";"ALTA";"0";"PENSIÓN";"EVALIA ROOMS";"46";"VALÈNCIA";"250";"VALÈNCIA";"VALENCIA";"46006";"CALLE FRAY JUAN MONZO, 7";"C";"CALLE";"FRAY JUAN MONZO";"7";"evalia.inmobiliaria@gmail.com"; ;"P";"PENSIÓN"; ; ;"18";"36";"NCD";"NO PERTENECE A NINGUNA CADENA";"26/02/2026"; ;"SIEMPRE ABIERTO";"De Lunes a Domingo"
"CV H01464 V";"A";"ALTA";"2";"2 ESTRELLAS";"FETEN";"46";"VALÈNCIA";"250";"VALÈNCIA";"VALENCIA";"46001";"CALLE CABALLEROS, 32-34";"C";"CALLE";"CABALLEROS";"32-34";"administracion@hotelfeten.com"; ;"H";"HOTEL";"HA";"HOTEL-APARTAMENTO";"12";"20";"NCD";"NO PERTENECE A NINGUNA CADENA";"17/08/2021"; ;"SIEMPRE ABIERTO";"De Lunes a Domingo"
"CV H01007 V";"B";"BAJA";"4";"4 ESTRELLAS";"FIESTA HOTEL FERIA";"46";"VALÈNCIA";"250";"VALÈNCIA";"VALENCIA";"46035";"AVENIDA DE LAS FERIAS, 2";"AV";"AVENIDA";"DE LAS FERIAS";"2";"reservas@hotelferiavalencia.com";"http://www.fiestahotelgroup.com";"H";"HOTEL";"H";"HOTEL";"140";"530";"FES";"FIESTA HOTELS";"28/04/1986";"30/04/2008";"SIEMPRE ABIERTO";"De Lunes a Domingo"
"CV H01547 V";"A";"ALTA";"0";"PENSIÓN";"FORATA LOFTS";"46";"VALÈNCIA";"250";"VALÈNCIA";"VALENCIA";"46017";"CALLE FORATA, 15-BJ";"C";"CALLE";"FORATA";"15-BJ";"boutiqueinmobiliaria1@gmail.com"; ;"P";"PENSIÓN"; ; ;"6";"12";"NCD";"NO PERTENECE A NINGUNA CADENA";"27/09/2024"; ;"SIEMPRE ABIERTO";"De Lunes a Domingo"
"CV H00394 V";"B";"BAJA";"2";"2 ESTRELLAS";"FRENTEMAR";"46";"VALÈNCIA";"250";"VALÈNCIA";"VALENCIA";"46024";"CALLE ALGEMESI, 19";"C";"CALLE";"ALGEMESI";"19"; ; ;"HS";"HOSTAL";"HS";"HOSTAL";"12";"20";"NCD";"NO PERTENECE A NINGUNA CADENA";"05/11/1969";"21/02/2007";"SIEMPRE ABIERTO";"De Lunes a Domingo"
"CV H01340 V";"A";"ALTA";"3";"3 ESTRELLAS";"GABBEACH";"46";"VALÈNCIA";"250";"VALÈNCIA";"VALENCIA";"46011";"PASEO NEPTUNO, 30";"PA";"PASEO";"NEPTUNO";"30";"info@gabbanabeach.es";"http://www.gabbanabeach.es";"H";"HOTEL";"H";"HOTEL";"12";"22";"NCD";"NO PERTENECE A NINGUNA CADENA";"13/02/2014"; ;"SIEMPRE ABIERTO";"De Lunes a Domingo"
"CV H00956 V";"B";"BAJA";"0";"PENSIÓN";"GIMENO";"46";"VALÈNCIA";"250";"VALÈNCIA";"VALENCIA";"46003";"CALLE LA NAVE, 002";"C";"CALLE";"LA NAVE";"002"; ; ;"P";"PENSIÓN";"P";"PENSIÓN";"8";"14";"NCD";"NO PERTENECE A NINGUNA CADENA";"01/04/1981";"26/08/1992";"SIEMPRE ABIERTO";"De Lunes a Domingo"
"CV H01586 V";"A";"ALTA";"5";"5 ESTRELLAS";"GRAND HOTEL CENTENARI AUTOGRAPH COLLECTION";"46";"VALÈNCIA";"250";"VALÈNCIA";"VALENCIA";"46002";"PLAZA AYUNTAMIENTO, 25";"PL";"PLAZA";"AYUNTAMIENTO";"25";"reception.centenari@grandhotel.com";"http://www.marriott.com";"H";"HOTEL";"H";"HOTEL";"52";"106";"NCD";"NO PERTENECE A NINGUNA CADENA";"05/05/2025"; ;"SIEMPRE ABIERTO";"De Lunes a Domingo"
"CV H01393 V";"A";"ALTA";"0";"PENSIÓN";"GUADALAVIAR";"46";"VALÈNCIA";"250";"VALÈNCIA";"VALENCIA";"46009";"CALLE GUADALAVIAR, 5-1ª";"C";"CALLE";"GUADALAVIAR";"5-1ª"; ; ;"P";"PENSIÓN"; ; ;"8";"16";"NCD";"NO PERTENECE A NINGUNA CADENA";"24/10/2017"; ;"SIEMPRE ABIERTO";"De Lunes a Domingo"
"CV H01555 V";"A";"ALTA";"2";"2 ESTRELLAS";"GULLIVER SUITES";"46";"VALÈNCIA";"250";"VALÈNCIA";"VALENCIA";"46006";"AVENIDA ANTIGUO REINO DE VALENCIA, 94-BJ";"AV";"AVENIDA";"ANTIGUO REINO DE VALENCIA";"94-BJ";"albertocorbi@hotmail.com"; ;"H";"HOTEL";"HA";"HOTEL-APARTAMENTO";"6";"12";"NCD";"NO PERTENECE A NINGUNA CADENA";"26/09/2024"; ;"SIEMPRE ABIERTO";"De Lunes a Domingo"
"CV H01341 V";"A";"ALTA";"0";"PENSIÓN";"HABITACIONES BARRA 89";"46";"VALÈNCIA";"250";"VALÈNCIA";"VALENCIA";"46017";"AVENIDA GASPAR AGUILAR, 89 1º";"AV";"AVENIDA";"GASPAR AGUILAR";"89 1º"; ;"http://www.habitacionesbarra89.com";"P";"PENSIÓN";"P";"PENSIÓN";"14";"26";"NCD";"NO PERTENECE A NINGUNA CADENA";"19/02/2014"; ;"SIEMPRE ABIERTO";"De Lunes a Domingo"
"CV H00919 V";"B";"BAJA";"0";"PENSIÓN";"HAMBURGO";"46";"VALÈNCIA";"250";"VALÈNCIA";"VALENCIA";"46022";"CALLE JOSE AGUILAR, 000";"C";"CALLE";"JOSE AGUILAR";"000"; ; ;"P";"PENSIÓN";"P";"PENSIÓN";"8";"15";"NCD";"NO PERTENECE A NINGUNA CADENA";"26/09/1978";"18/11/1996";"SIEMPRE ABIERTO";"De Lunes a Domingo"
"CV H01429 V";"A";"ALTA";"4";"4 ESTRELLAS";"HELEN BERGER";"46";"VALÈNCIA";"250";"VALÈNCIA";"VALENCIA";"46003";"CALLE NAVE, 3";"C";"CALLE";"NAVE";"3";"contabilidad@stayingvalencia.com";"www.hotelherlenberger.com";"H";"HOTEL"; ; ;"34";"68";"NCD";"NO PERTENECE A NINGUNA CADENA";"06/09/2019"; ;"SIEMPRE ABIERTO";"De Lunes a Domingo"
"CV H00546 V";"B";"BAJA";"0";"PENSIÓN";"HERRERA";"46";"VALÈNCIA";"250";"VALÈNCIA";"VALENCIA";"46018";"CALLE CHIVA, 002";"C";"CALLE";"CHIVA";"002"; ; ;"P";"PENSIÓN";"P";"PENSIÓN";"6";"8";"NCD";"NO PERTENECE A NINGUNA CADENA";"21/10/1967";"22/03/1993";"SIEMPRE ABIERTO";"De Lunes a Domingo"
"CV H01425 V";"A";"ALTA";"2";"2 ESTRELLAS";"HOGRAFIC HOTEL";"46";"VALÈNCIA";"250";"VALÈNCIA";"VALENCIA";"46005";"AVENIDA JACINTO BENAVENTE, 25";"AV";"AVENIDA";"JACINTO BENAVENTE";"25";"viajestendencias@gmail.com";"http://www.hografic.com";"H";"HOTEL";"H";"HOTEL";"18";"35";"NCD";"NO PERTENECE A NINGUNA CADENA";"18/07/2019"; ;"SIEMPRE ABIERTO";"De Lunes a Domingo"
"CV H01132 V";"A";"ALTA";"3";"3 ESTRELLAS";"HOLIDAY INN EXPRESS CIUDAD DE LAS CIENCIAS";"46";"VALÈNCIA";"250";"VALÈNCIA";"VALENCIA";"46013";"CALLE ESCRITOR RAFAEL FERRERES, 22";"C";"CALLE";"ESCRITOR RAFAEL FERRERES";"22";"recepcion@expresshivalencia.com";"www.ihg.com";"H";"HOTEL";"H";"HOTEL";"100";"200";"IHG";"INTERCONTINENTAL HOTELS GROUP";"23/05/2000"; ;"SIEMPRE ABIERTO";"De Lunes a Domingo"
"CV H01282 V";"A";"ALTA";"0";"PENSIÓN";"HOME BACKPACKERS";"46";"VALÈNCIA";"250";"VALÈNCIA";"VALENCIA";"46001";"PLAZA VICENTE IBORRA, S/N";"PL";"PLAZA";"VICENTE IBORRA";"S/N"; ;"http://www.homehostelsvalencia.com";"P";"PENSIÓN";"P";"PENSIÓN";"17";"53";"NCD";"NO PERTENECE A NINGUNA CADENA";"30/03/2009"; ;"SIEMPRE ABIERTO";"De Lunes a Domingo"
"CV H01567 V";"B";"BAJA";"0";"PENSIÓN";"HOSPEDAJE ALBERCA";"46";"VALÈNCIA";"250";"VALÈNCIA";"VALENCIA";"46960";"CALLE GERMANIES, 18";"C";"CALLE";"GERMANIES";"18";"hospedajealberca@gmail.com"; ;"HS";"HOSTAL"; ; ;"10";"20";"NCD";"NO PERTENECE A NINGUNA CADENA";"08/01/2025";"09/04/2025";"SIEMPRE ABIERTO";"De Lunes a Domingo"
"CV H01347 V";"A";"ALTA";"0";"PENSIÓN";"HOSPEDAJE CAMA DEL MAR";"46";"VALÈNCIA";"250";"VALÈNCIA";"VALENCIA";"46024";"CALLE BELLO, 6";"C";"CALLE";"BELLO";"6";"camadelmar@live.com";"http://www.camadelmar.es";"P";"PENSIÓN";"P";"PENSIÓN";"17";"34";"NCD";"NO PERTENECE A NINGUNA CADENA";"08/10/2014"; ;"SIEMPRE ABIERTO";"De Lunes a Domingo"
"CV H01366 V";"A";"ALTA"; ; ;"HOST HOME VALENCIA";"46";"VALÈNCIA";"250";"VALÈNCIA";"VALENCIA";"46002";"CALLE VITORIA, 3";"C";"CALLE";"VITORIA";"3";"info@hosthome.es";"http://www.hosthomevalencia.es";"HS";"HOSTAL"; ; ;"7";"14";"NCD";"NO PERTENECE A NINGUNA CADENA";"01/12/2015"; ;"SIEMPRE ABIERTO";"De Lunes a Domingo"
"CV H01477 V";"A";"ALTA";"2";"2 ESTRELLAS";"HOTELITO BOUTIQUE VALENCIA ESTACION";"46";"VALÈNCIA";"250";"VALÈNCIA";"VALENCIA";"46007";"CALLE BAILEN, 66";"C";"CALLE";"BAILEN";"66";"hello@hotelitoboutique.com";"http://www.hotelitoboutique.com";"H";"HOTEL";"HA";"HOTEL-APARTAMENTO";"9";"18";"NCD";"NO PERTENECE A NINGUNA CADENA";"10/02/2022"; ;"SIEMPRE ABIERTO";"De Lunes a Domingo"
"CV H01542 V";"A";"ALTA";"3";"3 ESTRELLAS";"HQ ARENA HOTEL";"46";"VALÈNCIA";"250";"VALÈNCIA";"VALENCIA";"46013";"CALLE ANGEL DE VILLENA, 24 B";"C";"CALLE";"ANGEL DE VILLENA";"24 B";"alberto@arenazonehotels.com";"https://hqarenahotel.com";"H";"HOTEL";"H";"HOTEL";"34";"68";"NCD";"NO PERTENECE A NINGUNA CADENA";"02/09/2024"; ;"SIEMPRE ABIERTO";"De Lunes a Domingo"
"CV H01360 V";"A";"ALTA";"0";"PENSIÓN";"HULOT B&B VALENCIA";"46";"VALÈNCIA";"250";"VALÈNCIA";"VALENCIA";"46003";"CALLE POETA LIERN, 16";"C";"CALLE";"POETA LIERN";"16";"jorge@hulothoteles.com";"http://www.hulothoteles.com";"P";"PENSIÓN"; ; ;"6";"11";"NCD";"NO PERTENECE A NINGUNA CADENA";"19/06/2015"; ;"SIEMPRE ABIERTO";"De Lunes a Domingo"
"CV H01474 V";"A";"ALTA";"2";"2 ESTRELLAS";"IBERIS";"46";"VALÈNCIA";"250";"VALÈNCIA";"VALENCIA";"46008";"CALLE DOCTOR ZAMENHOFF, 17";"C";"CALLE";"DOCTOR ZAMENHOFF";"17"; ;"http://www.iberisgroup.com";"H";"HOTEL";"HA";"HOTEL-APARTAMENTO";"9";"18";"NCD";"NO PERTENECE A NINGUNA CADENA";"21/12/2021"; ;"SIEMPRE ABIERTO";"De Lunes a Domingo"
"CV H01509 V";"A";"ALTA"; ; ;"IBIS BUDGET VALENCIA CENTRO PUERTO";"46";"VALÈNCIA";"250";"VALÈNCIA";"VALENCIA";"46024";"CALLE JUAN VERDEGUER, 29";"C";"CALLE";"JUAN VERDEGUER";"29";"HB4B2@acor.com";"http://all.acor.com";"P";"PENSIÓN"; ; ;"68";"101";"NCD";"NO PERTENECE A NINGUNA CADENA";"23/06/2023"; ;"SIEMPRE ABIERTO";"De Lunes a Domingo"
"CV H01248 V";"A";"ALTA";"3";"3 ESTRELLAS";"ILUNION AQUA 3";"46";"VALÈNCIA";"250";"VALÈNCIA";"VALENCIA";"46023";"CALLE LUIS GARCÍA BERLANGA, 19-21";"C";"CALLE";"LUIS GARCÍA BERLANGA";"19-21";"reservasaqua4@confortel.com";"http://www.ilunionaqua4.com";"H";"HOTEL";"H";"HOTEL";"135";"265";"NCD";"NO PERTENECE A NINGUNA CADENA";"25/04/2007"; ;"SIEMPRE ABIERTO";"De Lunes a Domingo"
"CV H01249 V";"A";"ALTA";"4";"4 ESTRELLAS";"ILUNION AQUA 4";"46";"VALÈNCIA";"250";"VALÈNCIA";"VALENCIA";"46023";"CALLE LUIS GARCÍA BERLANGA, 19-21";"C";"CALLE";"LUIS GARCÍA BERLANGA";"19-21";"reservasaqua3@confortel.com";"ilunionaqua3.com";"H";"HOTEL";"H";"HOTEL";"184";"370";"NCD";"NO PERTENECE A NINGUNA CADENA";"25/04/2007"; ;"SIEMPRE ABIERTO";"De Lunes a Domingo"
"CV H01218 V";"A";"ALTA";"3";"3 ESTRELLAS";"ILUNION VALENCIA 3";"46";"VALÈNCIA";"250";"VALÈNCIA";"VALENCIA";"46015";"CALLE VALLE DE AYORA, 5";"C";"CALLE";"VALLE DE AYORA";"5";"reservasvalencia3.confortelhotel@ilunion.com";"www.ilunionvalencia3.com";"H";"HOTEL";"H";"HOTEL";"154";"313";"NCD";"NO PERTENECE A NINGUNA CADENA";"31/01/2005"; ;"SIEMPRE ABIERTO";"De Lunes a Domingo"
"CV H01217 V";"A";"ALTA";"4";"4 ESTRELLAS";"ILUNION VALENCIA 4";"46";"VALÈNCIA";"250";"VALÈNCIA";"VALENCIA";"46015";"CALLE VALLE DE AYORA, 1";"C";"CALLE";"VALLE DE AYORA";"1";"reservavalencia4@ilunionhotels.com";"www.ilunionvalencia.com";"H";"HOTEL";"H";"HOTEL";"150";"302";"NCD";"NO PERTENECE A NINGUNA CADENA";"27/01/2005"; ;"SIEMPRE ABIERTO";"De Lunes a Domingo"
"CV H01584 V";"A";"ALTA";"1";"1 ESTRELLA";"IMPRENTA SOROLLA BY CONCEPT";"46";"VALÈNCIA";"250";"VALÈNCIA";"VALENCIA";"46007";"AVENIDA GIORGETA, 23";"AV";"AVENIDA";"GIORGETA";"23";"joan@conceptflats.com"; ;"H";"HOTEL";"HA";"HOTEL-APARTAMENTO";"5";"10";"NCD";"NO PERTENECE A NINGUNA CADENA";"25/03/2025"; ;"SIEMPRE ABIERTO";"De Lunes a Domingo"
"CV H01310 V";"B";"BAJA";"0";"PENSIÓN";"INALIENABLE";"46";"VALÈNCIA";"250";"VALÈNCIA";"VALENCIA";"46023";"AVENIDA FRANCIA, 15";"AV";"AVENIDA";"FRANCIA";"15";"igtamarit@ono.com"; ;"P";"PENSIÓN";"P";"PENSIÓN";"4";"10";"NCD";"NO PERTENECE A NINGUNA CADENA";"23/06/2010";"29/04/2011";"SIEMPRE ABIERTO";"De Lunes a Domingo"
"CV H01334 V";"A";"ALTA";"0";"PENSIÓN";"INNSA";"46";"VALÈNCIA";"250";"VALÈNCIA";"VALENCIA";"46003";"CALLE BAJA, 48";"C";"CALLE";"BAJA";"48";"info@innsahostel.com";"http://innsahostel.com";"P";"PENSIÓN";"P";"PENSIÓN";"7";"22";"NCD";"NO PERTENECE A NINGUNA CADENA";"27/08/2013"; ;"SIEMPRE ABIERTO";"De Lunes a Domingo"
"CV H01018 V";"A";"ALTA";"0";"PENSIÓN";"JAMAICA";"46";"VALÈNCIA";"250";"VALÈNCIA";"VALENCIA";"46007";"CALLE BAILEN, 16";"C";"CALLE";"BAILEN";"16"; ; ;"P";"PENSIÓN";"P";"PENSIÓN";"7";"14";"NCD";"NO PERTENECE A NINGUNA CADENA";"02/12/1986"; ;"SIEMPRE ABIERTO";"De Lunes a Domingo"
"CV H01599 V";"A";"ALTA";"0";"PENSIÓN";"JAMS CAPITAL";"46";"VALÈNCIA";"250";"VALÈNCIA";"VALENCIA";"46035";"CALLE FORTALENY, 1";"C";"CALLE";"FORTALENY";"1";"victorsaval94@gmail.com"; ;"P";"PENSIÓN"; ; ;"2";"4";"NCD";"NO PERTENECE A NINGUNA CADENA";"04/07/2025"; ;"SIEMPRE ABIERTO";"De Lunes a Domingo"
"CV H00494 V";"A";"ALTA";"0";"PENSIÓN";"JERO";"46";"VALÈNCIA";"250";"VALÈNCIA";"VALENCIA";"46002";"CALLE CONVENT DE SANTA CLARA, 3";"C";"CALLE";"CONVENT DE SANTA CLARA";"3";"hostaljero@gmail.com";"jerorooms.com";"P";"PENSIÓN";"P";"PENSIÓN";"15";"30";"NCD";"NO PERTENECE A NINGUNA CADENA";"30/07/1966"; ;"SIEMPRE ABIERTO";"De Lunes a Domingo"
"CV H00294 V";"B";"BAJA";"0";"PENSIÓN";"JERUSALEN";"46";"VALÈNCIA";"250";"VALÈNCIA";"VALENCIA";"46007";"CALLE CONVENTO JERUSALEN, 18";"C";"CALLE";"CONVENTO JERUSALEN";"18"; ; ;"P";"PENSIÓN";"P";"PENSIÓN";"7";"9";"NCD";"NO PERTENECE A NINGUNA CADENA";"30/07/1970";"18/11/2014";"SIEMPRE ABIERTO";"De Lunes a Domingo"
"CV H00985 V";"B";"BAJA";"0";"PENSIÓN";"JULIA";"46";"VALÈNCIA";"250";"VALÈNCIA";"VALENCIA";"46009";"CALLE SAN PANCRACIO, 000";"C";"CALLE";"SAN PANCRACIO";"000"; ; ;"P";"PENSIÓN";"P";"PENSIÓN";"4";"7";"NCD";"NO PERTENECE A NINGUNA CADENA";"01/06/1983";"26/08/1992";"SIEMPRE ABIERTO";"De Lunes a Domingo"
"CV H01342 V";"B";"BAJA";"0";"PENSIÓN";"KASA KATIA GUEST HOUSE";"46";"VALÈNCIA";"250";"VALÈNCIA";"VALENCIA";"46002";"CALLE DON JUAN DE AUSTRIA, 11-3";"C";"CALLE";"DON JUAN DE AUSTRIA";"11-3";"kasakatiavalencia@gmail.com";"http://www.kasakatiavalencia.com";"P";"PENSIÓN";"P";"PENSIÓN";"4";"9";"NCD";"NO PERTENECE A NINGUNA CADENA";"12/06/2014";"21/11/2024";"SIEMPRE ABIERTO";"De Lunes a Domingo"
"CV H01622 V";"A";"ALTA";"3";"3 ESTRELLAS";"KORA LLUNA";"46";"VALÈNCIA";"250";"VALÈNCIA";"VALENCIA";"46011";"CALLE ARQUITECTO ALFARO, 44";"C";"CALLE";"ARQUITECTO ALFARO";"44";"lluna@koraliving.com";"http://www.koraliving.com";"H";"HOTEL";"HA";"HOTEL-APARTAMENTO";"428";"874";"NCD";"NO PERTENECE A NINGUNA CADENA";"20/01/2026"; ;"SIEMPRE ABIERTO";"De Lunes a Domingo"
"CV H01228 V";"A";"ALTA";"3";"3 ESTRELLAS";"KRAMER";"46";"VALÈNCIA";"250";"VALÈNCIA";"VALENCIA";"46015";"AVENIDA CAMPANAR, 90";"AV";"AVENIDA";"CAMPANAR";"90";"reservas@hotelkramervalencia.com";"http://www.hotelkramervalencia.com";"H";"HOTEL";"H";"HOTEL";"70";"138";"NCD";"NO PERTENECE A NINGUNA CADENA";"03/08/2005"; ;"SIEMPRE ABIERTO";"De Lunes a Domingo"
"CV H01476 V";"A";"ALTA";"4";"4 ESTRELLAS";"L&H GRAN VIA VALENCIA";"46";"VALÈNCIA";"250";"VALÈNCIA";"VALENCIA";"46008";"GRAN VÍA FERNANDO EL CATOLICO, 63";"GV";"GRAN VÍA";"FERNANDO EL CATOLICO";"63";"direccionlhvalencia@lhhoteles.com";"http://www.lhhoteles.com";"H";"HOTEL";"H";"HOTEL";"44";"82";"NCD";"NO PERTENECE A NINGUNA CADENA";"19/01/2022"; ;"SIEMPRE ABIERTO";"De Lunes a Domingo"
"CV H01320 V";"B";"BAJA";"1";"1 ESTRELLA";"L'ESPLAI";"46";"VALÈNCIA";"250";"VALÈNCIA";"VALENCIA";"46005";"GRAN VÍA MARQUES DEL TURIA, 63";"GV";"GRAN VÍA";"MARQUES DEL TURIA";"63";"contacto@lespaibedandbreakfast.com";"http://www.lesplaibedandbreakfast.com";"P";"PENSIÓN";"P";"PENSIÓN";"6";"12";"NCD";"NO PERTENECE A NINGUNA CADENA";"22/03/2011";"29/07/2011";"SIEMPRE ABIERTO";"De Lunes a Domingo"
"CV H01349 V";"A";"ALTA";"0";"PENSIÓN";"L'ESPLAI VALENCIA";"46";"VALÈNCIA";"250";"VALÈNCIA";"VALENCIA";"46003";"CALLE LUIS VIVES, 5 2º 2ª";"C";"CALLE";"LUIS VIVES";"5 2º 2ª";"info@lesplaivalencia.com";"www.lesplaivalencia.com";"P";"PENSIÓN";"P";"PENSIÓN";"6";"14";"NCD";"NO PERTENECE A NINGUNA CADENA";"13/11/2014"; ;"SIEMPRE ABIERTO";"De Lunes a Domingo"
"CV H00389 V";"A";"ALTA";"1";"1 ESTRELLA";"LA BARRACA";"46";"VALÈNCIA";"250";"VALÈNCIA";"VALENCIA";"46011";"PASEO DE NEPTUNO, 36";"PA";"PASEO";"DE NEPTUNO";"36";"hostalbarraca@gmail.com";"https://labarracahostal.wordpress.com";"HS";"HOSTAL";"SR";"HOSTAL-RESIDENCIA";"24";"54";"NCD";"NO PERTENECE A NINGUNA CADENA";"14/10/1965"; ;"SIEMPRE ABIERTO";"De Lunes a Domingo"
"CV H00287 V";"B";"BAJA";"0";"PENSIÓN";"LA CONQUENSE";"46";"VALÈNCIA";"250";"VALÈNCIA";"VALENCIA";"46007";"CALLE PELAYO, 50";"C";"CALLE";"PELAYO";"50"; ; ;"P";"PENSIÓN";"P";"PENSIÓN";"9";"13";"NCD";"NO PERTENECE A NINGUNA CADENA";"12/06/1964";"13/08/2001";"SIEMPRE ABIERTO";"De Lunes a Domingo"
"CV H00652 V";"B";"BAJA";"0";"PENSIÓN";"LA HÍPICA";"46";"VALÈNCIA";"250";"VALÈNCIA";"VALENCIA";"46020";"CALLE BENICARLO, 003";"C";"CALLE";"BENICARLO";"003"; ; ;"P";"PENSIÓN";"P";"PENSIÓN";"11";"18";"NCD";"NO PERTENECE A NINGUNA CADENA";"01/02/1971";"11/11/1994";"SIEMPRE ABIERTO";"De Lunes a Domingo"
"CV H01520 V";"A";"ALTA";"3";"3 ESTRELLAS";"LA NOVIETA";"46";"VALÈNCIA";"250";"VALÈNCIA";"VALENCIA";"46006";"CALLE VICENT LLEO, 25";"C";"CALLE";"VICENT LLEO";"25";"hello@lanovieta.com";"http://www.lanovieta.com";"H";"HOTEL";"H";"HOTEL";"4";"8";"NCD";"NO PERTENECE A NINGUNA CADENA";"24/10/2023"; ;"SIEMPRE ABIERTO";"De Lunes a Domingo"
"CV H00373 V";"B";"BAJA";"0";"PENSIÓN";"LA ONTENIENSE";"46";"VALÈNCIA";"250";"VALÈNCIA";"VALENCIA";"46007";"CALLE PELAYO, 8";"C";"CALLE";"PELAYO";"8"; ; ;"P";"PENSIÓN";"P";"PENSIÓN";"9";"13";"NCD";"NO PERTENECE A NINGUNA CADENA";"03/12/1991";"11/06/2015";"01/06 - 30/10";"De Lunes a Domingo"
"CV H00722 V";"B";"BAJA";"1";"1 ESTRELLA";"LA PALMERA";"46";"VALÈNCIA";"250";"VALÈNCIA";"VALENCIA";"46007";"JULIO ANTONIO, 000"; ; ;"JULIO ANTONIO";"000"; ; ;"HS";"HOSTAL";"SR";"HOSTAL-RESIDENCIA";"5";"7";"NCD";"NO PERTENECE A NINGUNA CADENA";"26/08/1971";"23/09/1994";"SIEMPRE ABIERTO";"De Lunes a Domingo"
"CV H01609 V";"A";"ALTA";"0";"PENSIÓN";"LA PLATA ROOMS";"46";"VALÈNCIA";"250";"VALÈNCIA";"VALENCIA";"46006";"AVENIDA LA PLATA, 59";"AV";"AVENIDA";"LA PLATA";"59"; ; ;"P";"PENSIÓN"; ; ;"5";"10";"NCD";"NO PERTENECE A NINGUNA CADENA";"17/09/2025"; ;"SIEMPRE ABIERTO";"De Lunes a Domingo"
"CV H00130 V";"B";"BAJA";"0";"PENSIÓN";"LA POLAR";"46";"VALÈNCIA";"250";"VALÈNCIA";"VALENCIA";"46001";"CALLE MORO ZEIT, 000";"C";"CALLE";"MORO ZEIT";"000"; ; ;"P";"PENSIÓN";"P";"PENSIÓN";"10";"12";"NCD";"NO PERTENECE A NINGUNA CADENA";"21/09/1987";"26/08/1992";"SIEMPRE ABIERTO";"De Lunes a Domingo"
"CV H00246 V";"B";"BAJA";"0";"PENSIÓN";"LA REINA";"46";"VALÈNCIA";"250";"VALÈNCIA";"VALENCIA";"46001";"PLAZA REINA, 10";"PL";"PLAZA";"REINA";"10"; ; ;"P";"PENSIÓN";"P";"PENSIÓN";"6";"11";"NCD";"NO PERTENECE A NINGUNA CADENA";"16/02/1970";"30/09/2002";"SIEMPRE ABIERTO";"De Lunes a Domingo"
"CV H01233 V";"A";"ALTA";"5";"5 ESTRELLAS";"LAS ARENAS";"46";"VALÈNCIA";"250";"VALÈNCIA";"VALENCIA";"46011";"CALLE EUGENIA VIÑES, 22-24";"C";"CALLE";"EUGENIA VIÑES";"22-24";"reservas.lasarenas@hsantos.es";"https://www.hotelvalencialasarenas.com";"H";"HOTEL";"H";"HOTEL";"253";"510";"NCD";"NO PERTENECE A NINGUNA CADENA";"16/02/2006"; ;"SIEMPRE ABIERTO";"De Lunes a Domingo"
"CV H00905 V";"B";"BAJA";"0";"PENSIÓN";"LAS BARRACAS";"46";"VALÈNCIA";"250";"VALÈNCIA";"VALENCIA";"46009";"CALLE PLATERO SUAREZ, 001";"C";"CALLE";"PLATERO SUAREZ";"001"; ; ;"P";"PENSIÓN";"P";"PENSIÓN";"5";"8";"NCD";"NO PERTENECE A NINGUNA CADENA";"19/01/1978";"22/06/1992";"SIEMPRE ABIERTO";"De Lunes a Domingo"
"CV H01008 V";"B";"BAJA";"0";"PENSIÓN";"LAS PALMERAS";"46";"VALÈNCIA";"250";"VALÈNCIA";"VALENCIA";"46012";"CALLE JESUS MORANTE BORRAS, 000";"C";"CALLE";"JESUS MORANTE BORRAS";"000"; ; ;"P";"PENSIÓN";"P";"PENSIÓN";"5";"6";"NCD";"NO PERTENECE A NINGUNA CADENA";"17/03/1986";"26/08/1992";"SIEMPRE ABIERTO";"De Lunes a Domingo"
"CV H00296 V";"B";"BAJA";"0";"PENSIÓN";"LAS VEGAS";"46";"VALÈNCIA";"250";"VALÈNCIA";"VALENCIA";"46024";"CALLE ALGEMESI, 21";"C";"CALLE";"ALGEMESI";"21"; ; ;"P";"PENSIÓN";"P";"PENSIÓN";"26";"40";"NCD";"NO PERTENECE A NINGUNA CADENA";"15/02/1965";"30/11/2006";"SIEMPRE ABIERTO";"De Lunes a Domingo"
"CV H00414 V";"B";"BAJA";"0";"PENSIÓN";"LAS VENTAS";"46";"VALÈNCIA";"250";"VALÈNCIA";"VALENCIA";"46008";"AVENIDA GRAN VIA FERNANDO EL CATOLICO, 004";"AV";"AVENIDA";"GRAN VIA FERNANDO EL CATOLICO";"004"; ; ;"P";"PENSIÓN";"P";"PENSIÓN";"11";"15";"NCD";"NO PERTENECE A NINGUNA CADENA";"03/03/1970";"23/10/1992";"SIEMPRE ABIERTO";"De Lunes a Domingo"
"CV H01311 V";"B";"BAJA";"0";"PENSIÓN";"LEVANTE VELA";"46";"VALÈNCIA";"250";"VALÈNCIA";"VALENCIA";"46023";"AVENIDA FRANCIA, 15 - A";"AV";"AVENIDA";"FRANCIA";"15 - A";"igtamarit@ono.com"; ;"P";"PENSIÓN";"P";"PENSIÓN";"9";"15";"NCD";"NO PERTENECE A NINGUNA CADENA";"23/06/2010";"29/04/2011";"SIEMPRE ABIERTO";"De Lunes a Domingo"
"CV H01469 V";"A";"ALTA";"1";"1 ESTRELLA";"LIBERE VALENCIA ABASTOS";"46";"VALÈNCIA";"250";"VALÈNCIA";"VALENCIA";"46008";"CALLE ALBERIQUE, 10";"C";"CALLE";"ALBERIQUE";"10";"hello.abastos@staylibere.com";"http://www.staylibere.com";"H";"HOTEL";"HA";"HOTEL-APARTAMENTO";"12";"27";"NCD";"NO PERTENECE A NINGUNA CADENA";"05/10/2021"; ;"SIEMPRE ABIERTO";"De Lunes a Domingo"
"CV H01473 V";"A";"ALTA";"1";"1 ESTRELLA";"LIBERE VALENCIA JARDIN BOTANICO";"46";"VALÈNCIA";"250";"VALÈNCIA";"VALENCIA";"46008";"CALLE LEPANTO, 28";"C";"CALLE";"LEPANTO";"28";"hello.jardinbota@staylibere.com";"http://www.staylibere.com";"H";"HOTEL";"HA";"HOTEL-APARTAMENTO";"10";"35";"NCD";"NO PERTENECE A NINGUNA CADENA";"01/12/2021"; ;"SIEMPRE ABIERTO";"De Lunes a Domingo"
"CV H01529 V";"A";"ALTA";"1";"1 ESTRELLA";"LIME HOME VALENCIA CALLE ANTONIO FERRANDIS";"46";"VALÈNCIA";"250";"VALÈNCIA";"VALENCIA";"46013";"CALLE ANTONIO FERRANDIS, 6";"C";"CALLE";"ANTONIO FERRANDIS";"6"; ; ;"H";"HOTEL";"HA";"HOTEL-APARTAMENTO";"19";"38";"NCD";"NO PERTENECE A NINGUNA CADENA";"23/04/2024"; ;"SIEMPRE ABIERTO";"De Lunes a Domingo"
"CV H01528 V";"A";"ALTA";"1";"1 ESTRELLA";"LIMEHOME VALENCIA CALLE SAN JACINTO";"46";"VALÈNCIA";"250";"VALÈNCIA";"VALENCIA";"46008";"CALLE SAN JACINTO, 18";"C";"CALLE";"SAN JACINTO";"18";"pd_iberia@limehome.com"; ;"H";"HOTEL";"HA";"HOTEL-APARTAMENTO";"32";"64";"NCD";"NO PERTENECE A NINGUNA CADENA";"05/03/2024"; ;"SIEMPRE ABIERTO";"De Lunes a Domingo"
"CV H01523 V";"A";"ALTA";"1";"1 ESTRELLA";"LIMEHOME VALENCIA PARE PALAU I QUER";"46";"VALÈNCIA";"250";"VALÈNCIA";"VALENCIA";"46009";"CALLE PARE PALAU I QUER, 22";"C";"CALLE";"PARE PALAU I QUER";"22";"ops@limehoem.es"; ;"H";"HOTEL";"HA";"HOTEL-APARTAMENTO";"29";"58";"NCD";"NO PERTENECE A NINGUNA CADENA";"05/02/2024"; ;"SIEMPRE ABIERTO";"De Lunes a Domingo"
"CV H01579 V";"A";"ALTA";"1";"1 ESTRELLA";"LIMEHOME VALENCIA XATIVA 20";"46";"VALÈNCIA";"250";"VALÈNCIA";"VALENCIA";"46002";"CALLE XATIVA, 20";"C";"CALLE";"XATIVA";"20"; ;"http://WWW.LIMEHOME.COM";"H";"HOTEL";"HA";"HOTEL-APARTAMENTO";"15";"30";"NCD";"NO PERTENECE A NINGUNA CADENA";"04/04/2025"; ;"SIEMPRE ABIERTO";"De Lunes a Domingo"
"CV H01436 V";"A";"ALTA"; ; ;"LINDALA";"46";"VALÈNCIA";"250";"VALÈNCIA";"VALENCIA";"46011";"CALLE ERNESTO ANASTASIO, 46";"C";"CALLE";"ERNESTO ANASTASIO";"46";"admin@beachbol.com"; ;"P";"PENSIÓN"; ; ;"22";"45";"NCD";"NO PERTENECE A NINGUNA CADENA";"08/01/2020"; ;"SIEMPRE ABIERTO";"De Lunes a Domingo"
"CV H01518 V";"A";"ALTA"; ; ;"LINDALA NATURAL";"46";"VALÈNCIA";"250";"VALÈNCIA";"VALENCIA";"46011";"CALLE ERNESTO ANASTASIO, 62";"C";"CALLE";"ERNESTO ANASTASIO";"62";"admin@beachbol.com"; ;"P";"PENSIÓN"; ; ;"9";"18";"NCD";"NO PERTENECE A NINGUNA CADENA";"26/09/2023"; ;"SIEMPRE ABIERTO";"De Lunes a Domingo"
"CV H01455 V";"A";"ALTA";"2";"2 ESTRELLAS";"LIVENSA LIVING STUDIOS VALENCIA MARINA REAL";"46";"VALÈNCIA";"250";"VALÈNCIA";"VALENCIA";"46011";"CALLE FRANCISCO CUBELLS, 7";"C";"CALLE";"FRANCISCO CUBELLS";"7";"studios@livensalivingstudios.com";"https://livensalivingstudios.com";"H";"HOTEL";"HA";"HOTEL-APARTAMENTO";"350";"400";"NCD";"NO PERTENECE A NINGUNA CADENA";"22/02/2021"; ;"SIEMPRE ABIERTO";"De Lunes a Domingo"
"CV H01517 V";"A";"ALTA";"1";"1 ESTRELLA";"LIVENSA LIVING STUDIOS VALENCIA VIVEROS";"46";"VALÈNCIA";"250";"VALÈNCIA";"VALENCIA";"46009";"CALLE RUAYA, 9";"C";"CALLE";"RUAYA";"9";"vviveros@livensaliving.com";"http://www.livensaliving.com";"H";"HOTEL";"HA";"HOTEL-APARTAMENTO";"254";"319";"NCD";"NO PERTENECE A NINGUNA CADENA";"04/09/2023"; ;"SIEMPRE ABIERTO";"De Lunes a Domingo"
"CV H01569 V";"B";"BAJA";"1";"1 ESTRELLA";"LIVENSA LIVING STUDIOS VALENCIA VIVEROS";"46";"VALÈNCIA";"250";"VALÈNCIA";"VALENCIA";"46009";"CALLE RUAYA, 9";"C";"CALLE";"RUAYA";"9";"vviveros@livensaliving.com";"http://www.livensaliving.com";"H";"HOTEL";"HA";"HOTEL-APARTAMENTO";"254";"319";"NCD";"NO PERTENECE A NINGUNA CADENA";"24/01/2025";"31/10/2025";"SIEMPRE ABIERTO";"De Lunes a Domingo"
"CV H00600 V";"B";"BAJA";"3";"3 ESTRELLAS";"LLAR";"46";"VALÈNCIA";"250";"VALÈNCIA";"VALENCIA";"46004";"CALLE COLON, 46";"C";"CALLE";"COLON";"46";"hotelllar@husa.es";"http://www.husa.es";"H";"HOTEL";"H";"HOTEL";"50";"95";"HUS";"GRUPO HUSA";"13/11/1967";"21/04/2015";"SIEMPRE ABIERTO";"De Lunes a Domingo"
"CV H01575 V";"A";"ALTA";"0";"PENSIÓN";"LOLA SUITES";"46";"VALÈNCIA";"250";"VALÈNCIA";"VALENCIA";"46019";"CALLE MOTILLA DEL PALANCAR, 4";"C";"CALLE";"MOTILLA DEL PALANCAR";"4";"familypatrimonialyvalores@gmail.com"; ;"P";"PENSIÓN"; ; ;"5";"10";"NCD";"NO PERTENECE A NINGUNA CADENA";"13/03/2025"; ;"SIEMPRE ABIERTO";"De Lunes a Domingo"
"CV H00147 V";"B";"BAJA";"0";"PENSIÓN";"LOPEZ";"46";"VALÈNCIA";"250";"VALÈNCIA";"VALENCIA";"46008";"CALLE PINTOR NAVARRO LLORENS, 000";"C";"CALLE";"PINTOR NAVARRO LLORENS";"000"; ; ;"P";"PENSIÓN";"P";"PENSIÓN";"7";"14";"NCD";"NO PERTENECE A NINGUNA CADENA";"14/12/1960";"04/02/1993";"SIEMPRE ABIERTO";"De Lunes a Domingo"
"CV H00797 V";"B";"BAJA";"0";"PENSIÓN";"LYON";"46";"VALÈNCIA";"250";"VALÈNCIA";"VALENCIA";"46002";"CALLE JATIVA, 10";"C";"CALLE";"JATIVA";"10"; ; ;"P";"PENSIÓN";"P";"PENSIÓN";"23";"39";"NCD";"NO PERTENECE A NINGUNA CADENA";"10/09/1974";"16/07/2012";"SIEMPRE ABIERTO";"De Lunes a Domingo"
"CV H00059 V";"B";"BAJA";"1";"1 ESTRELLA";"MADRID";"46";"VALÈNCIA";"250";"VALÈNCIA";"VALENCIA";"46011";"AVENIDA NEPTUNO, 54";"AV";"AVENIDA";"NEPTUNO";"54"; ; ;"HS";"HOSTAL";"HS";"HOSTAL";"16";"20";"NCD";"NO PERTENECE A NINGUNA CADENA";"22/02/1961";"06/03/2001";"SIEMPRE ABIERTO";"De Lunes a Domingo"
"CV H01540 V";"A";"ALTA"; ; ;"MAISON PRIMADO";"46";"VALÈNCIA";"250";"VALÈNCIA";"VALENCIA";"4602";"AVENIDA PRIMADO REIG, 189 B";"AV";"AVENIDA";"PRIMADO REIG";"189 B";"administracion@palacioderojas.com"; ;"P";"PENSIÓN"; ; ;"22";"44";"NCD";"NO PERTENECE A NINGUNA CADENA";"30/08/2024"; ;"SIEMPRE ABIERTO";"De Lunes a Domingo"
"CV H01050 V";"A";"ALTA";"3";"3 ESTRELLAS";"MALCOM AND BARRET";"46";"VALÈNCIA";"250";"VALÈNCIA";"VALENCIA";"46013";"CALLE AUSIAS MARCH, 59";"C";"CALLE";"AUSIAS MARCH";"59";"comercial@valenciaflats.com";"http://www.hotelmalcomandbarret.com";"H";"HOTEL";"H";"HOTEL";"168";"276";"SH";"SH HOTELES";"20/02/1991"; ;"SIEMPRE ABIERTO";"De Lunes a Domingo"
"CV H00137 V";"A";"ALTA";"2";"2 ESTRELLAS";"MALVARROSA BEACH ROOMS";"46";"VALÈNCIA";"250";"VALÈNCIA";"VALENCIA";"46011";"PASEO NEPTUNO, 34";"PA";"PASEO";"NEPTUNO";"34";"malvarrosabeachrooms@gmail.com";"www.malvarrosabeachrooms.com";"HS";"HOSTAL";"HS";"HOSTAL";"18";"35";"NCD";"NO PERTENECE A NINGUNA CADENA";"14/07/1960"; ;"SIEMPRE ABIERTO";"De Lunes a Domingo"
"CV H00714 V";"B";"BAJA";"0";"PENSIÓN";"MANZANARES";"46";"VALÈNCIA";"250";"VALÈNCIA";"VALENCIA";"46018";"CALLE OLIVERETA, 003";"C";"CALLE";"OLIVERETA";"003"; ; ;"P";"PENSIÓN";"P";"PENSIÓN";"5";"8";"NCD";"NO PERTENECE A NINGUNA CADENA";"26/06/1971";"19/01/1994";"SIEMPRE ABIERTO";"De Lunes a Domingo"
"CV H01614 V";"A";"ALTA";"0";"PENSIÓN";"MARINA BOUTIQUE";"46";"VALÈNCIA";"250";"VALÈNCIA";"VALENCIA";"46011";"CALLE MARINA BOUTIQUE, 139";"C";"CALLE";"MARINA BOUTIQUE";"139";"promodomus77@gmail.com"; ;"P";"PENSIÓN"; ; ;"9";"16";"NCD";"NO PERTENECE A NINGUNA CADENA";"27/11/2025"; ;"SIEMPRE ABIERTO";"De Lunes a Domingo"
"CV H01626 V";"A";"ALTA";"1";"1 ESTRELLA";"MARITIM APARTAHOTEL";"46";"VALÈNCIA";"250";"VALÈNCIA";"VALENCIA";"46011";"CALLE VICENTE BRULL, 73";"C";"CALLE";"VICENTE BRULL";"73";"maritimapartahotel@gmail.com"; ;"H";"HOTEL";"HA";"HOTEL-APARTAMENTO";"8";"16";"NCD";"NO PERTENECE A NINGUNA CADENA";"05/03/2026"; ;"SIEMPRE ABIERTO";"De Lunes a Domingo"
"CV H01557 V";"A";"ALTA";"0";"PENSIÓN";"MARQUES DE CARO";"46";"VALÈNCIA";"250";"VALÈNCIA";"VALENCIA";"46003";"CALLE MARQUES DE CARO, 11-1ª";"C";"CALLE";"MARQUES DE CARO";"11-1ª";"administracion@convalturia.com"; ;"P";"PENSIÓN"; ; ;"6";"12";"NCD";"NO PERTENECE A NINGUNA CADENA";"08/11/2024"; ;"SIEMPRE ABIERTO";"De Lunes a Domingo"
"CV H01405 V";"A";"ALTA";"4";"4 ESTRELLAS";"MARQUES HOUSE";"46";"VALÈNCIA";"250";"VALÈNCIA";"VALENCIA";"46002";"CALLE ABADIA DE SAN MARTIN, 10";"C";"CALLE";"ABADIA DE SAN MARTIN";"10";"recepcion@marqueshouse.com";"http://www.marqueshouse.com";"H";"HOTEL";"H";"HOTEL";"29";"57";"NCD";"NO PERTENECE A NINGUNA CADENA";"25/10/2018"; ;"SIEMPRE ABIERTO";"De Lunes a Domingo"
"CV H01409 V";"A";"ALTA";"2";"2 ESTRELLAS";"MD DESIGN HOTEL PORTAL DEL REAL";"46";"VALÈNCIA";"250";"VALÈNCIA";"VALENCIA";"46003";"CALLE BOIX, 3";"C";"CALLE";"BOIX";"3";"booking@hotelesmd.com";"http://www.hotelesmd.com";"H";"HOTEL"; ; ;"13";"23";"NCD";"NO PERTENECE A NINGUNA CADENA";"30/11/2018"; ;"SIEMPRE ABIERTO";"De Lunes a Domingo"
"CV H01387 V";"B";"BAJA";"0";"PENSIÓN";"MD DESIGN PORTAL DEL REAL";"46";"VALÈNCIA";"250";"VALÈNCIA";"VALENCIA";"46003";"CALLE BOIX, 3";"C";"CALLE";"BOIX";"3";"booking@hotelesmd.com";"http://www.hotelesmd.com";"P";"PENSIÓN"; ; ;"13";"19";"NCD";"NO PERTENECE A NINGUNA CADENA";"21/07/2017";"13/02/2018";"SIEMPRE ABIERTO";"De Lunes a Domingo"
"CV H01295 V";"A";"ALTA";"0";"PENSIÓN";"MD MODERN JARDINES";"46";"VALÈNCIA";"250";"VALÈNCIA";"VALENCIA";"46005";"CALLE MESTRE RACIONAL, 23";"C";"CALLE";"MESTRE RACIONAL";"23";"info@pamar.es";"http://mdhoteles.com";"P";"PENSIÓN";"P";"PENSIÓN";"16";"29";"NCD";"NO PERTENECE A NINGUNA CADENA";"29/03/2010"; ;"SIEMPRE ABIERTO";"De Lunes a Domingo"
"CV H01530 V";"A";"ALTA"; ; ;"MEDITERRANEO STAY";"46";"VALÈNCIA";"250";"VALÈNCIA";"VALENCIA";"46011";"CALLE REINA, 28 BAJO";"C";"CALLE";"REINA";"28 BAJO";"comercialjsbc@gmail.com";"http://www.mediterraneovalencia.es";"P";"PENSIÓN"; ; ;"5";"10";"NCD";"NO PERTENECE A NINGUNA CADENA";"10/05/2024"; ;"SIEMPRE ABIERTO";"De Lunes a Domingo"
"CV H01077 V";"A";"ALTA";"4";"4 ESTRELLAS";"MEDIUM CONQUERIDOR";"46";"VALÈNCIA";"250";"VALÈNCIA";"VALENCIA";"46007";"CALLE CERVANTES, 9  Y 11";"C";"CALLE";"CERVANTES";"9  Y 11";"reservas@hotelconqueridor.com";"http://www.hotelconqueridor.com/";"H";"HOTEL";"H";"HOTEL";"59";"109";"NCD";"NO PERTENECE A NINGUNA CADENA";"02/11/1993"; ;"SIEMPRE ABIERTO";"De Lunes a Domingo"
"CV H00957 V";"A";"ALTA";"4";"4 ESTRELLAS";"MEDIUM VALENCIA";"46";"VALÈNCIA";"250";"VALÈNCIA";"VALENCIA";"46013";"AVENIDA AMADO GRANELL MESADO, 48";"AV";"AVENIDA";"AMADO GRANELL MESADO";"48";"mediumvalencia@mediumhoteles.com";"http://www.mediumhoteles.com";"H";"HOTEL";"H";"HOTEL";"103";"199";"MDU";"MEDIUM";"04/12/1981"; ;"SIEMPRE ABIERTO";"De Lunes a Domingo"
"CV H00497 V";"A";"ALTA";"4";"4 ESTRELLAS";"MELIA PLAZA";"46";"VALÈNCIA";"250";"VALÈNCIA";"VALENCIA";"46002";"PLAZA AYUNTAMIENTO, 4";"PL";"PLAZA";"AYUNTAMIENTO";"4";"melia.plaza@melia.com";"http://www.melia.com";"H";"HOTEL";"H";"HOTEL";"95";"186";"SOL";"MELIÁ HOTELS INTERNATIONAL";"11/06/1966"; ;"SIEMPRE ABIERTO";"De Lunes a Domingo"
"CV H01254 V";"A";"ALTA";"4";"4 ESTRELLAS";"MELIA VALENCIA";"46";"VALÈNCIA";"250";"VALÈNCIA";"VALENCIA";"46015";"AVENIDA DE LAS CORTES VALENCIANAS, 52";"AV";"AVENIDA";"DE LAS CORTES VALENCIANAS";"52";"melia.valencia@melia.com";"http://www.melia.com";"H";"HOTEL";"H";"HOTEL";"303";"608";"NCD";"NO PERTENECE A NINGUNA CADENA";"25/06/2007"; ;"SIEMPRE ABIERTO";"De Lunes a Domingo"
"CV H01512 V";"A";"ALTA"; ; ;"MH ROSA";"46";"VALÈNCIA";"250";"VALÈNCIA";"VALENCIA";"46024";"CALLE MAYOR DE NAZARET, 25";"C";"CALLE";"MAYOR DE NAZARET";"25";"interoran@outlook.com"; ;"P";"PENSIÓN"; ; ;"7";"22";"NCD";"NO PERTENECE A NINGUNA CADENA";"17/07/2023"; ;"SIEMPRE ABIERTO";"De Lunes a Domingo"
"CV H00243 V";"A";"ALTA";"2";"2 ESTRELLAS";"MIRAMAR";"46";"VALÈNCIA";"250";"VALÈNCIA";"VALENCIA";"46011";"AVENIDA NEPTUNO, 32";"AV";"AVENIDA";"NEPTUNO";"32";"info@petitmiramar.com";"http://www.petitmiramar.com";"H";"HOTEL";"H";"HOTEL";"17";"34";"NCD";"NO PERTENECE A NINGUNA CADENA";"04/11/1969"; ;"01/03 - 30/09";"De Lunes a Domingo"
"CV H01526 V";"A";"ALTA";"2";"2 ESTRELLAS";"MON SUITES JARDIN DE AYORA";"46";"VALÈNCIA";"250";"VALÈNCIA";"VALENCIA";"46022";"CALLE BERENGUER MALLOL, 38";"C";"CALLE";"BERENGUER MALLOL";"38";"info@monsuites.com";"http://www.monsuites. com";"H";"HOTEL";"HA";"HOTEL-APARTAMENTO";"28";"49";"NCD";"NO PERTENECE A NINGUNA CADENA";"05/03/2024"; ;"SIEMPRE ABIERTO";"De Lunes a Domingo"
"CV H00914 V";"B";"BAJA";"1";"1 ESTRELLA";"MONTAGUT";"46";"VALÈNCIA";"250";"VALÈNCIA";"VALENCIA";"46011";"CALLE CAVITE, 009";"C";"CALLE";"CAVITE";"009"; ; ;"HS";"HOSTAL";"SR";"HOSTAL-RESIDENCIA";"9";"12";"NCD";"NO PERTENECE A NINGUNA CADENA";"12/05/1978";"31/01/1994";"SIEMPRE ABIERTO";"De Lunes a Domingo"
"CV H01608 V";"A";"ALTA";"0";"PENSIÓN";"MOONTELS COLON";"46";"VALÈNCIA";"250";"VALÈNCIA";"VALENCIA";"46004";"CALLE ISABEL LA CATOLICA, 9-1ª";"C";"CALLE";"ISABEL LA CATOLICA";"9-1ª";"recepcion@moontels.com";"http://www.moontels.com";"HS";"HOSTAL"; ; ;"20";"44";"NCD";"NO PERTENECE A NINGUNA CADENA";"07/10/2025"; ;"SIEMPRE ABIERTO";"De Lunes a Domingo"
"CV H00234 V";"A";"ALTA";"0";"PENSIÓN";"MORATIN";"46";"VALÈNCIA";"250";"VALÈNCIA";"VALENCIA";"46002";"CALLE MORATIN, 15";"C";"CALLE";"MORATIN";"15"; ;"http://www.hostalmoratin.es";"P";"PENSIÓN";"P";"PENSIÓN";"19";"38";"NCD";"NO PERTENECE A NINGUNA CADENA";"16/03/1960"; ;"SIEMPRE ABIERTO";"De Lunes a Domingo"
"CV H01546 V";"A";"ALTA"; ; ;"MORENO ROOMS";"46";"VALÈNCIA";"250";"VALÈNCIA";"VALENCIA";"46018";"CALLE FRANCISCO MORENO USEDO, 20-BJ";"C";"CALLE";"FRANCISCO MORENO USEDO";"20-BJ";"info@betapartments.com";"http://BetApartments.com";"P";"PENSIÓN"; ; ;"7";"14";"NCD";"NO PERTENECE A NINGUNA CADENA";"19/09/2024"; ;"SIEMPRE ABIERTO";"De Lunes a Domingo"
"CV H01621 V";"A";"ALTA";"2";"2 ESTRELLAS";"MOTUS BOUTIQUE APARTMENTS";"46";"VALÈNCIA";"250";"VALÈNCIA";"VALENCIA";"46021";"PASEO FACULTADES, 10";"PA";"PASEO";"FACULTADES";"10";"albertohfm@gmail.com"; ;"H";"HOTEL";"HA";"HOTEL-APARTAMENTO";"15";"30";"NCD";"NO PERTENECE A NINGUNA CADENA";"10/01/2026"; ;"SIEMPRE ABIERTO";"De Lunes a Domingo"
"CV H01606 V";"B";"BAJA";"2";"2 ESTRELLAS";"MOTUS BOUTIQUE APARTMENTS";"46";"VALÈNCIA";"250";"VALÈNCIA";"VALENCIA";"46021";"PASEO FACULTADES, 10";"PA";"PASEO";"FACULTADES";"10";"raquel@motusboutiqueapartments.com";"http://www.motusboutiqueapartments.com";"H";"HOTEL";"HA";"HOTEL-APARTAMENTO";"13";"30";"NCD";"NO PERTENECE A NINGUNA CADENA";"27/08/2025";"17/10/2025";"SIEMPRE ABIERTO";"De Lunes a Domingo"
"CV H01378 V";"A";"ALTA"; ; ;"MY LITTLE LOFT MARIOLA";"46";"VALÈNCIA";"250";"VALÈNCIA";"VALENCIA";"46006";"CALLE MARIOLA, 11";"C";"CALLE";"MARIOLA";"11";"mylittleapartamento@gmail.com"; ;"P";"PENSIÓN"; ; ;"7";"14";"NCD";"NO PERTENECE A NINGUNA CADENA";"21/12/2016"; ;"SIEMPRE ABIERTO";"De Lunes a Domingo"
"CV H01492 V";"A";"ALTA"; ; ;"MYTHIC BOUTIQUE BED & BREAKFAST";"46";"VALÈNCIA";"250";"VALÈNCIA";"VALENCIA";"46009";"CALLE POETA MONMENEU, 16 BAJO";"C";"CALLE";"POETA MONMENEU";"16 BAJO";"contact@mythichotel.es";"http://mythichotel.es";"P";"PENSIÓN"; ; ;"24";"50";"NCD";"NO PERTENECE A NINGUNA CADENA";"12/12/2022"; ;"SIEMPRE ABIERTO";"De Lunes a Domingo"
"CV H01471 V";"A";"ALTA"; ; ;"NALU VALENCIA";"46";"VALÈNCIA";"250";"VALÈNCIA";"VALENCIA";"46002";"CALLE LA SANGRE, 9-1ª";"C";"CALLE";"LA SANGRE";"9-1ª";"administracion@naluvalencia.com";"http://www.naluvalencia.com";"HS";"HOSTAL"; ; ;"13";"30";"NCD";"NO PERTENECE A NINGUNA CADENA";"22/11/2021"; ;"SIEMPRE ABIERTO";"De Lunes a Domingo"
"CV H01410 V";"A";"ALTA"; ; ;"NANIT";"46";"VALÈNCIA";"250";"VALÈNCIA";"VALENCIA";"46011";"CALLE JJ DOMINE. ENTRESUELO, 13";"C";"CALLE";"JJ DOMINE. ENTRESUELO";"13"; ;"http://www.nanit.es";"P";"PENSIÓN"; ; ;"10";"24";"NCD";"NO PERTENECE A NINGUNA CADENA";"30/11/2018"; ;"SIEMPRE ABIERTO";"De Lunes a Domingo"
"CV H01208 V";"A";"ALTA";"4";"4 ESTRELLAS";"NEPTUNO";"46";"VALÈNCIA";"250";"VALÈNCIA";"VALENCIA";"46011";"PASEO NEPTUNO, 2-4";"PA";"PASEO";"NEPTUNO";"2-4";"reservas@hotelneptunovalencia.com";"http://www.hotelneptunovalencia.com";"H";"HOTEL";"H";"HOTEL";"47";"81";"NCD";"NO PERTENECE A NINGUNA CADENA";"30/09/2004"; ;"SIEMPRE ABIERTO";"De Lunes a Domingo"
"CV H01431 V";"A";"ALTA";"3";"3 ESTRELLAS";"NEST STYLE VALENCIA";"46";"VALÈNCIA";"250";"VALÈNCIA";"VALENCIA";"46021";"AVENIDA DEL PUERTO, 77";"AV";"AVENIDA";"DEL PUERTO";"77";"vanina@feetuphostels.com";"http://www.neststylevalencia.com";"H";"HOTEL"; ; ;"12";"24";"NCD";"NO PERTENECE A NINGUNA CADENA";"18/09/2019"; ;"SIEMPRE ABIERTO";"De Lunes a Domingo"
"CV H01103 V";"A";"ALTA";"4";"4 ESTRELLAS";"NH CENTER";"46";"VALÈNCIA";"250";"VALÈNCIA";"VALENCIA";"46009";"CALLE RICARDO MICÓ, 1";"C";"CALLE";"RICARDO MICÓ";"1";"nhcenter@nh-hotels.com";"nh-hotels.com/es/hotel/nh-valencia-center";"H";"HOTEL";"H";"HOTEL";"192";"386";"NH";"N.H. HOTELES";"17/04/1996"; ;"SIEMPRE ABIERTO";"De Lunes a Domingo"
"CV H01054 V";"A";"ALTA";"3";"3 ESTRELLAS";"NH CIUDAD DE VALENCIA";"46";"VALÈNCIA";"250";"VALÈNCIA";"VALENCIA";"46023";"AVENIDA DEL PUERTO, 214";"AV";"AVENIDA";"DEL PUERTO";"214";"nhciudaddevalencia@nh-hotels.com";"http://www.nh-hoteles.es/hotel/nh-ciudad-de-valencia";"H";"HOTEL";"H";"HOTEL";"149";"293";"NH";"N.H. HOTELES";"23/09/1991"; ;"SIEMPRE ABIERTO";"De Lunes a Domingo"
"CV H01413 V";"A";"ALTA";"4";"4 ESTRELLAS";"NH COLLECTION VALENCIA COLON";"46";"VALÈNCIA";"250";"VALÈNCIA";"VALENCIA";"46004";"CALLE COLON, 32";"C";"CALLE";"COLON";"32";"nhcollectionvalenciacolon@nh-hoteles.com";"http://www.nh-hoteles.com";"H";"HOTEL";"H";"HOTEL";"47";"94";"NCD";"NO PERTENECE A NINGUNA CADENA";"20/02/2019"; ;"SIEMPRE ABIERTO";"De Lunes a Domingo"
"CV H01165 V";"A";"ALTA";"4";"4 ESTRELLAS";"NH LAS ARTES";"46";"VALÈNCIA";"250";"VALÈNCIA";"VALENCIA";"46013";"CALLE INSTITUTO OBRERO DE VALENCIA, 28";"C";"CALLE";"INSTITUTO OBRERO DE VALENCIA";"28";"nhlasartes@nh-hotels.com";"http://www.nh-hoteles.es/hotel/nh-valencia-las-artes";"H";"HOTEL";"H";"HOTEL";"174";"339";"NH";"N.H. HOTELES";"10/06/2002"; ;"SIEMPRE ABIERTO";"De Lunes a Domingo"
"CV H01151 V";"A";"ALTA";"3";"3 ESTRELLAS";"NH LAS CIENCIAS";"46";"VALÈNCIA";"250";"VALÈNCIA";"VALENCIA";"46013";"CALLE INSTITUTO OBRERO, 26";"C";"CALLE";"INSTITUTO OBRERO";"26";"nhlasciencias@nh-hotels.com";"http://www.nh-hoteles.es/hotel/nh-valencia-las-ciencias";"H";"HOTEL";"H";"HOTEL";"121";"203";"NH";"N.H. HOTELES";"13/07/2001"; ; ; 
"CV H01623 V";"A";"ALTA";"2";"2 ESTRELLAS";"NIDO MALVAROSSA";"46";"VALÈNCIA";"250";"VALÈNCIA";"VALENCIA";"46011";"AVENIDA DE LOS NARANJOS, 16";"AV";"AVENIDA";"DE LOS NARANJOS";"16";"cesar.moreno@nidoliving.com";"http://www.nidomalvarrosahotel.com";"H";"HOTEL";"HA";"HOTEL-APARTAMENTO";"252";"381";"NCD";"NO PERTENECE A NINGUNA CADENA";"19/12/2025"; ;"SIEMPRE ABIERTO";"De Lunes a Domingo"
"CV H01534 V";"B";"BAJA";"2";"2 ESTRELLAS";"NIDO MALVARROSA";"46";"VALÈNCIA";"250";"VALÈNCIA";"VALENCIA";"46011";"AVENIDA DE LOS NARANJOS, 16";"AV";"AVENIDA";"DE LOS NARANJOS";"16";"www.nidoliving.com";"malvarrosa@nidoliving.com";"H";"HOTEL";"HA";"HOTEL-APARTAMENTO";"191";"381";"NCD";"NO PERTENECE A NINGUNA CADENA";"01/07/2024";"19/09/2025";"SIEMPRE ABIERTO";"De Lunes a Domingo"
"CV H00715 V";"B";"BAJA";"0";"PENSIÓN";"NIZA";"46";"VALÈNCIA";"250";"VALÈNCIA";"VALENCIA";"46007";"CALLE BAILEN, 001";"C";"CALLE";"BAILEN";"001"; ; ;"P";"PENSIÓN";"P";"PENSIÓN";"4";"6";"NCD";"NO PERTENECE A NINGUNA CADENA";"19/01/1971";"03/07/1995";"SIEMPRE ABIERTO";"De Lunes a Domingo"
"CV H01552 V";"A";"ALTA"; ; ;"NOMAD HAUX";"46";"VALÈNCIA";"250";"VALÈNCIA";"VALENCIA";"46021";"CALLE POETA MAS Y ROS, 7";"C";"CALLE";"POETA MAS Y ROS";"7";"ralarcon@hauxgroup.com"; ;"P";"PENSIÓN"; ; ;"8";"16";"NCD";"NO PERTENECE A NINGUNA CADENA";"30/09/2024"; ;"SIEMPRE ABIERTO";"De Lunes a Domingo"
"CV H01590 V";"A";"ALTA"; ; ;"NOMAD HAUX PUERTO";"46";"VALÈNCIA";"250";"VALÈNCIA";"VALENCIA";"46024";"CALLE PUENTE DE ASTILLEROS, 1-B-IZ";"C";"CALLE";"PUENTE DE ASTILLEROS";"1-B-IZ";"ralarcon@hauxgroup.com"; ;"P";"PENSIÓN"; ; ;"2";"4";"NCD";"NO PERTENECE A NINGUNA CADENA";"06/05/2025"; ;"SIEMPRE ABIERTO";"De Lunes a Domingo"
"CV H01514 V";"A";"ALTA"; ; ;"NORTH STATION";"46";"VALÈNCIA";"250";"VALÈNCIA";"VALENCIA";"46007";"AVENIDA GIORGETA, 50 B";"AV";"AVENIDA";"GIORGETA";"50 B";"bnbcampanar@gmail.com"; ;"P";"PENSIÓN"; ; ;"7";"14";"NCD";"NO PERTENECE A NINGUNA CADENA";"09/08/2023"; ;"SIEMPRE ABIERTO";"De Lunes a Domingo"
"CV H01006 V";"A";"ALTA";"4";"4 ESTRELLAS";"NOVOTEL VALENCIA LAVANT";"46";"VALÈNCIA";"250";"VALÈNCIA";"VALENCIA";"46009";"AVENIDA PIO XII, 4";"AV";"AVENIDA";"PIO XII";"4";"hc0f6@accor.com";"www.novotelvalencialavat.com";"H";"HOTEL";"H";"HOTEL";"370";"740";"EXH";"EXPO HOTELES & RESORT";"05/05/1986"; ;"SIEMPRE ABIERTO";"De Lunes a Domingo"
"CV H00815 V";"B";"BAJA";"0";"PENSIÓN";"NUEVA ORLEANS";"46";"VALÈNCIA";"250";"VALÈNCIA";"VALENCIA";"46004";"CALLE CASTELLON, 001";"C";"CALLE";"CASTELLON";"001"; ; ;"P";"PENSIÓN";"P";"PENSIÓN";"5";"11";"NCD";"NO PERTENECE A NINGUNA CADENA";"25/03/1975";"16/06/1992";"SIEMPRE ABIERTO";"De Lunes a Domingo"
"CV H01581 V";"A";"ALTA";"2";"2 ESTRELLAS";"NUMA VALENCIA EL CARMEN";"46";"VALÈNCIA";"250";"VALÈNCIA";"VALENCIA";"46003";"CALLE DE LA CORONA, 16";"C";"CALLE";"DE LA CORONA";"16";"finance.es@numastays.com";"http://www.numastays.com";"H";"HOTEL";"HA";"HOTEL-APARTAMENTO";"26";"52";"NCD";"NO PERTENECE A NINGUNA CADENA";"21/02/2025"; ;"SIEMPRE ABIERTO";"De Lunes a Domingo"
"CV H01562 V";"A";"ALTA"; ; ;"NUMA VALENCIA LA XEREA";"46";"VALÈNCIA";"250";"VALÈNCIA";"VALENCIA";"46001";"CALLE GOBERNADOR VIEJO, 9";"C";"CALLE";"GOBERNADOR VIEJO";"9"; ;"https://numastays.com";"HS";"HOSTAL"; ; ;"36";"72";"NCD";"NO PERTENECE A NINGUNA CADENA";"15/11/2024"; ;"SIEMPRE ABIERTO";"De Lunes a Domingo"
"CV H01336 V";"A";"ALTA";"0";"PENSIÓN";"OLIVEIRA ROOMS";"46";"VALÈNCIA";"250";"VALÈNCIA";"VALENCIA";"46002";"CALLE VIRUÉS, 6";"C";"CALLE";"VIRUÉS";"6";"lotelito@valenciaflats.com";"http://www.lotelito.com";"P";"PENSIÓN";"P";"PENSIÓN";"21";"36";"NCD";"NO PERTENECE A NINGUNA CADENA";"18/10/2013"; ;"SIEMPRE ABIERTO";"De Lunes a Domingo"
"CV H01113 V";"A";"ALTA";"3";"3 ESTRELLAS";"OLYMPIA CONSUL DEL MAR";"46";"VALÈNCIA";"250";"VALÈNCIA";"VALENCIA";"46021";"AVENIDA PUERTO, 39";"AV";"AVENIDA";"PUERTO";"39";"reservas@olympiagrupo.com";"www.hotelolympiaconsuldelmar.com";"H";"HOTEL";"H";"HOTEL";"62";"104";"OLY";"OLYMPIA GRUPO";"15/09/1997"; ;"SIEMPRE ABIERTO";"De Lunes a Domingo"
"CV H00848 V";"A";"ALTA";"2";"2 ESTRELLAS";"ON DORMIRE VALENCIA";"46";"VALÈNCIA";"250";"VALÈNCIA";"VALENCIA";"46006";"CALLE RUBEN VELA, 23";"C";"CALLE";"RUBEN VELA";"23";"ondormire.com@hotmail.com";"www.ondormire.es";"HS";"HOSTAL";"SR";"HOSTAL-RESIDENCIA";"10";"14";"NCD";"NO PERTENECE A NINGUNA CADENA";"21/04/1975"; ;"SIEMPRE ABIERTO";"De Lunes a Domingo"
"CV H01361 V";"A";"ALTA";"3";"3 ESTRELLAS";"ONE SHOT COLON 46";"46";"VALÈNCIA";"250";"VALÈNCIA";"VALENCIA";"46004";"CALLE COLON, 46";"C";"CALLE";"COLON";"46";"mariajose@oneshothotels.com";"http://www.oneshothotels.com";"H";"HOTEL";"H";"HOTEL";"48";"88"; ; ;"06/07/2015"; ;"SIEMPRE ABIERTO";"De Lunes a Domingo"
"CV H01588 V";"A";"ALTA";"4";"4 ESTRELLAS";"ONE SHOT PUERTA RUZAFA";"46";"VALÈNCIA";"250";"VALÈNCIA";"VALENCIA";"46004";"CALLE COLON, 2";"C";"CALLE";"COLON";"2";"puertaruzafa@oneshothotels.com";"http://www.oneshothotels.com";"H";"HOTEL";"H";"HOTEL";"92";"182";"NCD";"NO PERTENECE A NINGUNA CADENA";"23/05/2025"; ;"SIEMPRE ABIERTO";"De Lunes a Domingo"
"CV H00022 V";"A";"ALTA";"5";"5 ESTRELLAS";"ONLY YOU VALENCIA";"46";"VALÈNCIA";"250";"VALÈNCIA";"VALENCIA";"46002";"PLAZA RODRIGO BOTET, 5";"PL";"PLAZA";"RODRIGO BOTET";"5";"astoriapalace@ayrehoteles.com";"http://www.ayrehoteles.com/";"H";"HOTEL";"H";"HOTEL";"191";"384";"NCD";"NO PERTENECE A NINGUNA CADENA";"03/12/1960"; ;"SIEMPRE ABIERTO";"De Lunes a Domingo"
"CV H01093 V";"B";"BAJA";"0";"PENSIÓN";"ONUBENSE";"46";"VALÈNCIA";"250";"VALÈNCIA";"VALENCIA";"46003";"CALLE LA NAVE, 7";"C";"CALLE";"LA NAVE";"7"; ; ;"P";"PENSIÓN";"P";"PENSIÓN";"8";"15";"NCD";"NO PERTENECE A NINGUNA CADENA";"08/03/1995";"30/07/1998";"SIEMPRE ABIERTO";"De Lunes a Domingo"
"CV H01400 V";"A";"ALTA"; ; ;"OPERA HOUSE VALENCIA";"46";"VALÈNCIA";"250";"VALÈNCIA";"VALENCIA";"46023";"CALLE ENRIQUE VIEDMA VIDAL, 2-1º";"C";"CALLE";"ENRIQUE VIEDMA VIDAL";"2-1º";"info@operahousevalencia.com";"http://www.operahousevalencia.com";"P";"PENSIÓN"; ; ;"8";"18";"NCD";"NO PERTENECE A NINGUNA CADENA";"24/05/2018"; ;"SIEMPRE ABIERTO";"De Lunes a Domingo"
"CV H01563 V";"A";"ALTA"; ; ;"OPTIMUS COMFORT";"46";"VALÈNCIA";"250";"VALÈNCIA";"VALENCIA";"46022";"CALLE DE LA FUSTA / MADERA, 9";"C";"CALLE";"DE LA FUSTA / MADERA";"9";"optimuscomfort1@gmail.com";"http://www.optimuscomfort.com";"P";"PENSIÓN"; ; ;"6";"12";"NCD";"NO PERTENECE A NINGUNA CADENA";"26/11/2024"; ;"SIEMPRE ABIERTO";"De Lunes a Domingo"
"CV H01591 V";"A";"ALTA";"0";"PENSIÓN";"OPTIMUS COMFORT CAMPOAMOR 101";"46";"VALÈNCIA";"250";"VALÈNCIA";"VALENCIA";"46022";"CALLE CAMPOAMOR, 101";"C";"CALLE";"CAMPOAMOR";"101";"optimuscomfort1@gmail.com";"http://www.optimuscomfort.com";"HS";"HOSTAL"; ; ;"11";"27";"NCD";"NO PERTENECE A NINGUNA CADENA";"26/05/2025"; ;"SIEMPRE ABIERTO";"De Lunes a Domingo"
"CV H01545 V";"B";"BAJA";"0";"PENSIÓN";"OPTIMUS COMFORT CAMPOAMOR 101";"46";"VALÈNCIA";"250";"VALÈNCIA";"VALENCIA";"46022";"CALLE CAMPOAMOR, 101";"C";"CALLE";"CAMPOAMOR";"101";"optimuscomfort1@gmail.com"; ;"HS";"HOSTAL"; ; ;"9";"18";"NCD";"NO PERTENECE A NINGUNA CADENA";"13/09/2024";"14/04/2025";"SIEMPRE ABIERTO";"De Lunes a Domingo"
"CV H01615 V";"A";"ALTA";"0";"PENSIÓN";"OSITO HUB";"46";"VALÈNCIA";"250";"VALÈNCIA";"VALENCIA";"46002";"CALLE POETA MAS Y ROS, 110-112";"C";"CALLE";"POETA MAS Y ROS";"110-112";"valencialife75@gmail.com"; ;"P";"PENSIÓN"; ; ;"14";"28";"NCD";"NO PERTENECE A NINGUNA CADENA";"20/11/2025"; ;"SIEMPRE ABIERTO";"De Lunes a Domingo"
"CV H01616 V";"A";"ALTA";"0";"PENSIÓN";"OSITO HUB II";"46";"VALÈNCIA";"250";"VALÈNCIA";"VALENCIA";"46022";"CALLE POETA MASY ROS, 106-108";"C";"CALLE";"POETA MASY ROS";"106-108";"valencialife75@gmail.com"; ;"P";"PENSIÓN"; ; ;"11";"22";"NCD";"NO PERTENECE A NINGUNA CADENA";"20/11/2025"; ;"SIEMPRE ABIERTO";"De Lunes a Domingo"
"CV H01385 V";"A";"ALTA"; ; ;"OTTOH";"46";"VALÈNCIA";"250";"VALÈNCIA";"VALENCIA";"46003";"CALLE SANTISIMO, 5";"C";"CALLE";"SANTISIMO";"5";"ottoh.hotel@gmail.com";"http://ottohotelvalencia.com";"P";"PENSIÓN"; ; ;"8";"23";"NCD";"NO PERTENECE A NINGUNA CADENA";"26/06/2017"; ;"SIEMPRE ABIERTO";"De Lunes a Domingo"
"CV H01437 V";"A";"ALTA";"4";"4 ESTRELLAS";"PALACIO SANTA CLARA";"46";"VALÈNCIA";"250";"VALÈNCIA";"VALENCIA";"46002";"CALLE PASCUAL Y GENIS, 22";"C";"CALLE";"PASCUAL Y GENIS";"22"; ; ;"H";"HOTEL";"H";"HOTEL";"60";"120";"NCD";"NO PERTENECE A NINGUNA CADENA";"10/01/2020"; ;"SIEMPRE ABIERTO";"De Lunes a Domingo"
"CV H01435 V";"A";"ALTA";"5";"5 ESTRELLAS";"PALACIO VALLIER";"46";"VALÈNCIA";"250";"VALÈNCIA";"VALENCIA";"46003";"PLAZA MANISES, 7";"PL";"PLAZA";"MANISES";"7";"palaciovallier@myrhotels.com";"http://www.hotelpalaciovallier.com";"H";"HOTEL";"H";"HOTEL";"30";"62";"NCD";"NO PERTENECE A NINGUNA CADENA";"09/12/2019"; ;"SIEMPRE ABIERTO";"De Lunes a Domingo"
"CV H00981 V";"A";"ALTA";"0";"PENSIÓN";"PALACIOS ROOMS";"46";"VALÈNCIA";"250";"VALÈNCIA";"VALENCIA";"46021";"CALLE DAOIZ Y VELARDE, 6";"C";"CALLE";"DAOIZ Y VELARDE";"6";"info@accomhostelpalacios.com";"http://www.accomhostelpalacios.com";"P";"PENSIÓN";"P";"PENSIÓN";"11";"22";"NCD";"NO PERTENECE A NINGUNA CADENA";"02/04/1984"; ;"SIEMPRE ABIERTO";"De Lunes a Domingo"
"CV H01522 V";"A";"ALTA";"1";"1 ESTRELLA";"PALAU APARTMENTS VALENCIA";"46";"VALÈNCIA";"250";"VALÈNCIA";"VALENCIA";"46023";"CALLE ANTIGUA SENDA DE SENENT, 4";"C";"CALLE";"ANTIGUA SENDA DE SENENT";"4";"recepcion@palauapartmentsvalencia.es";"http://www.palauapartmentsvalencia.es";"H";"HOTEL";"HA";"HOTEL-APARTAMENTO";"69";"138";"NCD";"NO PERTENECE A NINGUNA CADENA";"01/12/2023"; ;"SIEMPRE ABIERTO";"De Lunes a Domingo"
"CV H01214 V";"A";"ALTA";"5";"5 ESTRELLAS";"PALAU DE LA MAR";"46";"VALÈNCIA";"250";"VALÈNCIA";"VALENCIA";"46004";"AVENIDA NAVARRO REVERTER, 14";"AV";"AVENIDA";"NAVARRO REVERTER";"14";"palaudelamar@hospes.es";"http://www.hospes.es";"H";"HOTEL";"H";"HOTEL";"66";"134";"NCD";"NO PERTENECE A NINGUNA CADENA";"20/12/2004"; ;"SIEMPRE ABIERTO";"De Lunes a Domingo"
"CV H01445 V";"A";"ALTA";"3";"3 ESTRELLAS";"PAMPHYLIA";"46";"VALÈNCIA";"250";"VALÈNCIA";"VALENCIA";"46011";"PASEO NEPTUNO, 40";"PA";"PASEO";"NEPTUNO";"40";"info@mcvalensiya.com"; ;"H";"HOTEL";"H";"HOTEL";"8";"16";"NCD";"NO PERTENECE A NINGUNA CADENA";"01/07/2020"; ;"SIEMPRE ABIERTO";"De Lunes a Domingo"
"CV H09999 V";"A";"ALTA";"5";"5 ESTRELLAS";"PARADOR DE TURISMO EL SALER";"46";"VALÈNCIA";"250";"VALÈNCIA";"VALENCIA";"46012";"AVENIDA DE LOS PINARES, 151";"AV";"AVENIDA";"DE LOS PINARES";"151";"saler@parador.es";"https://www.parador.es/es/paradores/parador-de-el-saler";"H";"HOTEL";"H";"HOTEL";"64";"130";"RED";"PARADORES DE TURISMO DE ESPAÑA";"25/10/1966"; ;"SIEMPRE ABIERTO";"De Lunes a Domingo"
"CV H01580 V";"A";"ALTA";"4";"4 ESTRELLAS";"PATHOS BY MIMOOD APARTHOTELS";"46";"VALÈNCIA";"250";"VALÈNCIA";"VALENCIA";"46018";"CALLE DEMOCRACIA, 65 B";"C";"CALLE";"DEMOCRACIA";"65 B";"s.fiorella@mimood.es"; ;"H";"HOTEL";"HA";"HOTEL-APARTAMENTO";"19";"38";"NCD";"NO PERTENECE A NINGUNA CADENA";"10/04/2025"; ;"SIEMPRE ABIERTO";"De Lunes a Domingo"
"CV H01472 V";"A";"ALTA";"2";"2 ESTRELLAS";"PETIT CONQUERIDOR";"46";"VALÈNCIA";"250";"VALÈNCIA";"VALENCIA";"46007";"CALLE CERVANTES, 4";"C";"CALLE";"CERVANTES";"4";"reservas@hotelconqueridor.com";"https://www.hotelconqueridor.com";"H";"HOTEL";"H";"HOTEL";"13";"19";"NCD";"NO PERTENECE A NINGUNA CADENA";"23/11/2021"; ;"SIEMPRE ABIERTO";"De Lunes a Domingo"
"CV H01193 V";"A";"ALTA";"3";"3 ESTRELLAS";"PETIT PALACE PLAZA DE LA REINA";"46";"VALÈNCIA";"250";"VALÈNCIA";"VALENCIA";"46002";"CALLE DE L'ABADIA DE SANT MARTÍ, 3";"C";"CALLE";"DE L'ABADIA DE SANT MARTÍ";"3";"plazadelareina@petitpalace.com";"https://www.petitpalaceplazadelareina.com";"H";"HOTEL";"H";"HOTEL";"43";"72";"HIT";"HIGH TECH HOTELES & RESORTS";"01/03/2004"; ;"SIEMPRE ABIERTO";"De Lunes a Domingo"
"CV H01220 V";"A";"ALTA";"3";"3 ESTRELLAS";"PETIT PALACE RUZAFA";"46";"VALÈNCIA";"250";"VALÈNCIA";"VALENCIA";"46006";"CALLE SUECA, 14";"C";"CALLE";"SUECA";"14";"germanias@petitpalace.com";"http://www.hotelpetitpalacegermanias.com";"H";"HOTEL";"H";"HOTEL";"41";"66";"NCD";"NO PERTENECE A NINGUNA CADENA";"16/02/2005"; ;"SIEMPRE ABIERTO";"De Lunes a Domingo"
"CV H01574 V";"A";"ALTA"; ; ;"PIERMONT HOUSE";"46";"VALÈNCIA";"250";"VALÈNCIA";"VALENCIA";"46007";"CALLE PELAYO, 24";"C";"CALLE";"PELAYO";"24";"aiyalin0919@gmail.com"; ;"P";"PENSIÓN"; ; ;"9";"18";"NCD";"NO PERTENECE A NINGUNA CADENA";"06/03/2025"; ;"SIEMPRE ABIERTO";"De Lunes a Domingo"
"CV H01524 V";"B";"BAJA";"0";"PENSIÓN";"PITIUSAS ROOMS";"46";"VALÈNCIA";"250";"VALÈNCIA";"VALENCIA";"46023";"CALLE OCTAVIO VICENT ESCULTOR, 3 BJ";"C";"CALLE";"OCTAVIO VICENT ESCULTOR";"3 BJ";"info@fincasflorit.es"; ;"P";"PENSIÓN"; ; ;"2";"8";"NCD";"NO PERTENECE A NINGUNA CADENA";"17/01/2024";"19/06/2024";"SIEMPRE ABIERTO";"De Lunes a Domingo"
"CV H01566 V";"A";"ALTA"; ; ;"PITIUSAS ROOMS";"46";"VALÈNCIA";"250";"VALÈNCIA";"VALENCIA";"46023";"CALLE OCTAVIO VIVENT ESCULTOR, 3";"C";"CALLE";"OCTAVIO VIVENT ESCULTOR";"3";"info@ficasflorit.es"; ;"P";"PENSIÓN"; ; ;"2";"6";"NCD";"NO PERTENECE A NINGUNA CADENA";"03/01/2025"; ;"SIEMPRE ABIERTO";"De Lunes a Domingo"
"CV H00829 V";"B";"BAJA";"0";"PENSIÓN";"PLAYA";"46";"VALÈNCIA";"250";"VALÈNCIA";"VALENCIA";"46011";"PASAJE NEPTUNO, 004";"PS";"PASAJE";"NEPTUNO";"004"; ; ;"P";"PENSIÓN";"P";"PENSIÓN";"10";"14";"NCD";"NO PERTENECE A NINGUNA CADENA";"19/08/1975";"22/06/1992";"SIEMPRE ABIERTO";"De Lunes a Domingo"
"CV H01367 V";"A";"ALTA";"4";"4 ESTRELLAS";"PLAZA DEL MERCADO";"46";"VALÈNCIA";"250";"VALÈNCIA";"VALENCIA";"46001";"PLAZA DEL MERCADO, 45";"PL";"PLAZA";"DEL MERCADO";"45";"reservas@myrhotelplazamercado.com";"http://www.myrhotelplazamercado.com";"H";"HOTEL";"HA";"HOTEL-APARTAMENTO";"25";"50";"NCD";"NO PERTENECE A NINGUNA CADENA";"21/01/2016"; ;"SIEMPRE ABIERTO";"De Lunes a Domingo"
"CV H01384 V";"A";"ALTA";"0";"PENSIÓN";"PLAZA VIEW PREMIUM ROOMS";"46";"VALÈNCIA";"250";"VALÈNCIA";"VALENCIA";"46001";"PLAZA AYUNTAMIENTO, 7";"PL";"PLAZA";"AYUNTAMIENTO";"7";"karina-khchatryran@hotmail.com"; ;"P";"PENSIÓN"; ; ;"10";"25";"NCD";"NO PERTENECE A NINGUNA CADENA";"10/05/2017"; ;"SIEMPRE ABIERTO";"De Lunes a Domingo"
"CV H01144 V";"A";"ALTA";"4";"4 ESTRELLAS";"PORT FERIA VALENCIA";"46";"VALÈNCIA";"250";"VALÈNCIA";"VALENCIA";"46035";"CALLE CULLERA, 67";"C";"CALLE";"CULLERA";"67";"reservas@hotelvorafira.es";"http://www.hotelvorafira.es";"H";"HOTEL";"H";"HOTEL";"127";"264";"NCD";"NO PERTENECE A NINGUNA CADENA";"07/03/2001"; ;"SIEMPRE ABIERTO";"De Lunes a Domingo"
"CV H01258 V";"A";"ALTA";"4";"4 ESTRELLAS";"PRIMUS VALENCIA";"46";"VALÈNCIA";"250";"VALÈNCIA";"VALENCIA";"46023";"CALLE MENORCA, 22";"C";"CALLE";"MENORCA";"22";"info@hotelprimusvalencia.com";"http://www.primushotelvalencia.com";"H";"HOTEL";"H";"HOTEL";"261";"524";"NCD";"NO PERTENECE A NINGUNA CADENA";"30/11/2007"; ;"SIEMPRE ABIERTO";"De Lunes a Domingo"
"CV H01482 V";"A";"ALTA";"4";"4 ESTRELLAS";"PUERTA DE SERRANOS";"46";"VALÈNCIA";"250";"VALÈNCIA";"VALENCIA";"46003";"CALLE BLANQUERIAS, 4";"C";"CALLE";"BLANQUERIAS";"4";"puertaserranos@myrhotels.com";"https://myrhotels.com/hoteles/hotel-puerta-serranos/";"H";"HOTEL";"H";"HOTEL";"48";"96";"NCD";"NO PERTENECE A NINGUNA CADENA";"08/06/2022"; ;"SIEMPRE ABIERTO";"De Lunes a Domingo"
"CV H01197 V";"A";"ALTA";"4";"4 ESTRELLAS";"PUERTA VALENCIA";"46";"VALÈNCIA";"250";"VALÈNCIA";"VALENCIA";"46021";"AVENIDA CARDENAL BENLLOCH, 28";"AV";"AVENIDA";"CARDENAL BENLLOCH";"28";"hotelpuertavalencia@hoteles-silken.com";"http://www.hoteles-silken.com";"H";"HOTEL";"H";"HOTEL";"156";"314";"HSI";"HOTELES-SILKEN";"27/05/2004"; ;"SIEMPRE ABIERTO";"De Lunes a Domingo"
"CV H00608 V";"B";"BAJA";"0";"PENSIÓN";"QUEIRUGA";"46";"VALÈNCIA";"250";"VALÈNCIA";"VALENCIA";"46024";"CALLE BELLO, 001";"C";"CALLE";"BELLO";"001"; ; ;"P";"PENSIÓN";"P";"PENSIÓN";"0"; ;"NCD";"NO PERTENECE A NINGUNA CADENA";"20/01/1970";"17/02/1992";"SIEMPRE ABIERTO";"De Lunes a Domingo"
"CV H00996 V";"B";"BAJA";"0";"PENSIÓN";"QUEIRUGA II";"46";"VALÈNCIA";"250";"VALÈNCIA";"VALENCIA";"46024";"CALLE BELLO, 002";"C";"CALLE";"BELLO";"002"; ; ;"P";"PENSIÓN";"P";"PENSIÓN";"5";"8";"NCD";"NO PERTENECE A NINGUNA CADENA";"02/05/1985";"03/02/1997";"SIEMPRE ABIERTO";"De Lunes a Domingo"
"CV H01447 V";"A";"ALTA"; ; ;"REINA 107";"46";"VALÈNCIA";"250";"VALÈNCIA";"VALENCIA";"46011";"CALLE REINA, 107";"C";"CALLE";"REINA";"107"; ; ;"P";"PENSIÓN"; ; ;"7";"13";"NCD";"NO PERTENECE A NINGUNA CADENA";"19/08/2020"; ;"SIEMPRE ABIERTO";"De Lunes a Domingo"
"CV H01377 V";"A";"ALTA"; ; ;"REINA 12";"46";"VALÈNCIA";"250";"VALÈNCIA";"VALENCIA";"46001";"PLAZA DE LA REINA, 12-1ª";"PL";"PLAZA";"DE LA REINA";"12-1ª";"reina12vlc@yahoo.com";"http://reina12guesthouse.valencia";"P";"PENSIÓN"; ; ;"11";"20";"NCD";"NO PERTENECE A NINGUNA CADENA";"21/12/2016"; ;"SIEMPRE ABIERTO";"De Lunes a Domingo"
"CV H00704 V";"A";"ALTA";"3";"3 ESTRELLAS";"RENASA";"46";"VALÈNCIA";"250";"VALÈNCIA";"VALENCIA";"46010";"AVENIDA CATALUÑA, 5";"AV";"AVENIDA";"CATALUÑA";"5";"reservas@hotel-renasa.com";"http://www.hotel-renasa.com";"H";"HOTEL";"H";"HOTEL";"69";"124";"NCD";"NO PERTENECE A NINGUNA CADENA";"31/01/1971"; ;"SIEMPRE ABIERTO";"De Lunes a Domingo"
"CV H01333 V";"A";"ALTA";"1";"1 ESTRELLA";"RESIDENCIAL RR";"46";"VALÈNCIA";"250";"VALÈNCIA";"VALENCIA";"46035";"CALLE CAMPAMENTO, 84-86";"C";"CALLE";"CAMPAMENTO";"84-86";"Info@hostal-residencial-rr.com";"http://www.hostal-residencial-rr.com/";"HS";"HOSTAL";"SR";"HOSTAL-RESIDENCIA";"11";"21";"NCD";"NO PERTENECE A NINGUNA CADENA";"20/02/2013"; ;"SIEMPRE ABIERTO";"De Lunes a Domingo"
"CV H00845 V";"B";"BAJA";"0";"PENSIÓN";"RIERA";"46";"VALÈNCIA";"250";"VALÈNCIA";"VALENCIA";"46005";"CALLE BURRIANA, 002";"C";"CALLE";"BURRIANA";"002"; ; ;"P";"PENSIÓN";"P";"PENSIÓN";"6";"10";"NCD";"NO PERTENECE A NINGUNA CADENA";"04/01/1976";"15/10/1992";"SIEMPRE ABIERTO";"De Lunes a Domingo"
"CV H00249 V";"B";"BAJA";"0";"PENSIÓN";"RIUS";"46";"VALÈNCIA";"250";"VALÈNCIA";"VALENCIA";"46002";"CALLE SAN VICENTE, 57";"C";"CALLE";"SAN VICENTE";"57"; ; ;"P";"PENSIÓN";"P";"PENSIÓN";"10";"17";"NCD";"NO PERTENECE A NINGUNA CADENA";"21/01/1970";"13/08/2001";"SIEMPRE ABIERTO";"De Lunes a Domingo"
"CV H00484 V";"B";"BAJA";"0";"PENSIÓN";"ROBERTO";"46";"VALÈNCIA";"250";"VALÈNCIA";"VALENCIA";"46001";"CALLE HORNO DEL HOSPITAL, 001";"C";"CALLE";"HORNO DEL HOSPITAL";"001"; ; ;"P";"PENSIÓN";"P";"PENSIÓN";"7";"9";"NCD";"NO PERTENECE A NINGUNA CADENA";"29/07/1970";"16/06/1992";"SIEMPRE ABIERTO";"De Lunes a Domingo"
"CV H01596 V";"A";"ALTA"; ; ;"ROCA 26";"46";"VALÈNCIA";"250";"VALÈNCIA";"VALENCIA";"46007";"CALLE ROCA 26, 26";"C";"CALLE";"ROCA 26";"26";"rocarooms26@gmail.com"; ;"P";"PENSIÓN"; ; ;"7";"14";"NCD";"NO PERTENECE A NINGUNA CADENA";"01/07/2025"; ;"SIEMPRE ABIERTO";"De Lunes a Domingo"
"CV H00409 V";"B";"BAJA";"0";"PENSIÓN";"ROMERO";"46";"VALÈNCIA";"250";"VALÈNCIA";"VALENCIA";"46007";"CALLE BAILEN, 004";"C";"CALLE";"BAILEN";"004"; ; ;"P";"PENSIÓN";"P";"PENSIÓN";"0"; ;"NCD";"NO PERTENECE A NINGUNA CADENA";"02/09/1969";"23/10/1992";"SIEMPRE ABIERTO";"De Lunes a Domingo"
"CV H01467 V";"A";"ALTA"; ; ;"ROOMS JOSE AGUILAR";"46";"VALÈNCIA";"250";"VALÈNCIA";"VALENCIA";"46022";"CALLE JOSE AGUILAR, 8 BAJO";"C";"CALLE";"JOSE AGUILAR";"8 BAJO";"disbafe@gmail.com"; ;"P";"PENSIÓN"; ; ;"7";"14";"NCD";"NO PERTENECE A NINGUNA CADENA";"15/09/2021"; ;"SIEMPRE ABIERTO";"De Lunes a Domingo"
"CV H00410 V";"B";"BAJA";"0";"PENSIÓN";"ROSARIO";"46";"VALÈNCIA";"250";"VALÈNCIA";"VALENCIA";"46007";"CALLE PELAYO, 005";"C";"CALLE";"PELAYO";"005"; ; ;"P";"PENSIÓN";"P";"PENSIÓN";"0"; ;"NCD";"NO PERTENECE A NINGUNA CADENA";"01/07/1964";"05/03/1992";"SIEMPRE ABIERTO";"De Lunes a Domingo"
"CV H01470 V";"A";"ALTA"; ; ;"ROUS";"46";"VALÈNCIA";"250";"VALÈNCIA";"VALENCIA";"46019";"AVENIDA PESET ALEIXANDRE, 34-1ª";"AV";"AVENIDA";"PESET ALEIXANDRE";"34-1ª";"73rosario73@gmail.com"; ;"P";"PENSIÓN"; ; ;"12";"24";"NCD";"NO PERTENECE A NINGUNA CADENA";"22/11/2021"; ;"SIEMPRE ABIERTO";"De Lunes a Domingo"
"CV H01603 V";"A";"ALTA";"0";"PENSIÓN";"RUBIO ROOMS";"46";"VALÈNCIA";"250";"VALÈNCIA";"VALENCIA";"46023";"CALLE TRAFALGAR. LOCAL 11, 42 BAJO";"C";"CALLE";"TRAFALGAR. LOCAL 11";"42 BAJO";"alfonso.ventas@demetal.es"; ;"P";"PENSIÓN"; ; ;"4";"6";"NCD";"NO PERTENECE A NINGUNA CADENA";"19/08/2025"; ;"SIEMPRE ABIERTO";"De Lunes a Domingo"
"CV H01241 V";"A";"ALTA";"0";"PENSIÓN";"RUSSAFA";"46";"VALÈNCIA";"250";"VALÈNCIA";"VALENCIA";"46006";"CALLE PADRE PERERA, 5-1ª";"C";"CALLE";"PADRE PERERA";"5-1ª";"info@russafayouthhostel.com";"http://www.russafayouthhostel.com/";"P";"PENSIÓN";"P";"PENSIÓN";"5";"11";"NCD";"NO PERTENECE A NINGUNA CADENA";"12/01/2007"; ;"SIEMPRE ABIERTO";"De Lunes a Domingo"
"CV H01274 V";"A";"ALTA";"0";"PENSIÓN";"RUZAFA ROOMS";"46";"VALÈNCIA";"250";"VALÈNCIA";"VALENCIA";"46006";"CALLE CADIZ, 92-13ª -16";"C";"CALLE";"CADIZ";"92-13ª -16";"houseweb@hotmail.es"; ;"P";"PENSIÓN";"P";"PENSIÓN";"7";"10";"NCD";"NO PERTENECE A NINGUNA CADENA";"13/10/2008"; ;"SIEMPRE ABIERTO";"De Lunes a Domingo"
"CV H01539 V";"A";"ALTA";"4";"4 ESTRELLAS";"SAMAN BOUTIQUE HOTEL";"46";"VALÈNCIA";"250";"VALÈNCIA";"VALENCIA";"46006";"CALLE INDUSTRIA, 10";"C";"CALLE";"INDUSTRIA";"10"; ;"http://www.samanhotelboitique.es";"H";"HOTEL";"H";"HOTEL";"33";"65";"NCD";"NO PERTENECE A NINGUNA CADENA";"07/08/2024"; ;"SIEMPRE ABIERTO";"De Lunes a Domingo"
"CV H01041 V";"B";"BAJA";"0";"PENSIÓN";"SAN BERNAT";"46";"VALÈNCIA";"250";"VALÈNCIA";"VALENCIA";"46003";"CALLE LA NAVE, 000";"C";"CALLE";"LA NAVE";"000"; ; ;"P";"PENSIÓN";"P";"PENSIÓN";"8";"15";"NCD";"NO PERTENECE A NINGUNA CADENA";"26/02/1990";"11/01/1995";"SIEMPRE ABIERTO";"De Lunes a Domingo"
"CV H00240 V";"B";"BAJA";"0";"PENSIÓN";"SAN JOSE";"46";"VALÈNCIA";"250";"VALÈNCIA";"VALENCIA";"46002";"CALLE TRANSITS,, 5";"C";"CALLE";"TRANSITS,";"5"; ; ;"P";"PENSIÓN";"P";"PENSIÓN";"14";"25";"NCD";"NO PERTENECE A NINGUNA CADENA";"28/04/1992";"13/05/2024";"SIEMPRE ABIERTO";"De Lunes a Domingo"
"CV H01355 V";"A";"ALTA";"3";"3 ESTRELLAS";"SAN LORENZO BOUTIQUE";"46";"VALÈNCIA";"250";"VALÈNCIA";"VALENCIA";"46003";"PLAZA SAN LORENZO 2 (CONTINUACIÓN C/ NAVELLOS)";"PL";"PLAZA";"SAN LORENZO 2 (CONTINUACIÓN C/ NAVELLOS)"; ;"info@hotelsanlorenzoboutique.com";"http://hotelsanlorenzoboutique.com";"H";"HOTEL";"HA";"HOTEL-APARTAMENTO";"34";"83";"NCD";"NO PERTENECE A NINGUNA CADENA";"25/03/2015"; ;"SIEMPRE ABIERTO";"De Lunes a Domingo"
"CV H01610 V";"A";"ALTA";"3";"3 ESTRELLAS";"SAN LORENZO CATEDRAL";"46";"VALÈNCIA";"250";"VALÈNCIA";"VALENCIA";"46001";"CALLE PURISIMA, 14";"C";"CALLE";"PURISIMA";"14";"info@hotelsanlorenzocatedral.com";"http://www.hotelsanlorenzocatedral.com";"H";"HOTEL";"H";"HOTEL";"25";"49";"NCD";"NO PERTENECE A NINGUNA CADENA";"16/10/2025"; ;"SIEMPRE ABIERTO";"De Lunes a Domingo"
"CV H00500 V";"B";"BAJA";"0";"PENSIÓN";"SAN MARTIN";"46";"VALÈNCIA";"250";"VALÈNCIA";"VALENCIA";"46001";"CALLE JOFRENS, 8";"C";"CALLE";"JOFRENS";"8"; ; ;"P";"PENSIÓN";"P";"PENSIÓN";"15";"26";"NCD";"NO PERTENECE A NINGUNA CADENA";"30/11/1974";"30/09/2002";"SIEMPRE ABIERTO";"De Lunes a Domingo"
"CV H00397 V";"B";"BAJA";"0";"PENSIÓN";"SANVALL";"46";"VALÈNCIA";"250";"VALÈNCIA";"VALENCIA";"46010";"PASAJE VALENCIA AL MAR, 002";"PS";"PASAJE";"VALENCIA AL MAR";"002"; ; ;"P";"PENSIÓN";"P";"PENSIÓN";"15";"25";"NCD";"NO PERTENECE A NINGUNA CADENA";"17/04/1974";"22/06/1992";"SIEMPRE ABIERTO";"De Lunes a Domingo"
"CV H01212 V";"A";"ALTA";"4";"4 ESTRELLAS";"SEA YOU PORT VALENCIA";"46";"VALÈNCIA";"250";"VALÈNCIA";"VALENCIA";"46011";"PLAZA TRIBUNAL DE LAS AGUAS, 5";"PL";"PLAZA";"TRIBUNAL DE LAS AGUAS";"5";"info@seayouhotel.es";"www.seayouhotel.es";"H";"HOTEL";"H";"HOTEL";"42";"84";"ACT";"ACTA";"16/11/2004"; ;"SIEMPRE ABIERTO";"De Lunes a Domingo"
"CV H01154 V";"A";"ALTA";"4";"4 ESTRELLAS";"SENATOR PARQUE CENTRAL";"46";"VALÈNCIA";"250";"VALÈNCIA";"VALENCIA";"46006";"PLAZA MANUEL SANCHIS GUARNER, 1";"PL";"PLAZA";"MANUEL SANCHIS GUARNER";"1";"senator.parquecentral@playasenator.com";"www.senatorparquecentralhotel.com";"H";"HOTEL";"H";"HOTEL";"192";"386";"NCD";"NO PERTENECE A NINGUNA CADENA";"08/10/2001"; ;"01/01 - 31/12";"De Lunes a Domingo"
"CV H01521 V";"A";"ALTA"; ; ;"SERRERIA 13";"46";"VALÈNCIA";"250";"VALÈNCIA";"VALENCIA";"46022";"CALLE MANUELA ESTELLES, 87";"C";"CALLE";"MANUELA ESTELLES";"87";"info@fincasflorit.es"; ;"P";"PENSIÓN"; ; ;"2";"4";"NCD";"NO PERTENECE A NINGUNA CADENA";"28/11/2023"; ;"SIEMPRE ABIERTO";"De Lunes a Domingo"
"CV H01480 V";"A";"ALTA"; ; ;"SERRERIA ROOMS BY FLORIT II";"46";"VALÈNCIA";"250";"VALÈNCIA";"VALENCIA";"46022";"CALLE MANUELA ESTELLES  (LOCALES 4 Y 5), 87 BAJO";"C";"CALLE";"MANUELA ESTELLES  (LOCALES 4 Y 5)";"87 BAJO";"marta@fincasflorit.es";"http://www.fincasflorit.es";"P";"PENSIÓN"; ; ;"6";"12";"NCD";"NO PERTENECE A NINGUNA CADENA";"26/05/2022"; ;"SIEMPRE ABIERTO";"De Lunes a Domingo"
"CV H01497 V";"B";"BAJA";"0";"PENSIÓN";"SERRERIA ROOMS BY FLORIT VII";"46";"VALÈNCIA";"250";"VALÈNCIA";"VALENCIA";"46022";"CALLE MANUELA ESTELLES, 87-BAJO";"C";"CALLE";"MANUELA ESTELLES";"87-BAJO";"marta@fincasflorit.es";"http://www.fincasflorit.com";"P";"PENSIÓN"; ; ;"7";"28";"NCD";"NO PERTENECE A NINGUNA CADENA";"12/04/2023";"11/10/2023";"SIEMPRE ABIERTO";"De Lunes a Domingo"
"CV H01481 V";"B";"BAJA";"0";"PENSIÓN";"SERRERIA ROOMS BY FLORTI I";"46";"VALÈNCIA";"250";"VALÈNCIA";"VALENCIA";"46022";"CALLE 8 MNUELA ESTELLES, 87 BAJO";"C";"CALLE";"8 MNUELA ESTELLES";"87 BAJO";"marta@fincasflorit.es";"http://www.fincasflorit.es";"P";"PENSIÓN"; ; ;"6";"24";"NCD";"NO PERTENECE A NINGUNA CADENA";"26/05/2022";"16/12/2022";"SIEMPRE ABIERTO";"De Lunes a Domingo"
"CV H00948 V";"B";"BAJA";"2";"2 ESTRELLAS";"SESAMO";"46";"VALÈNCIA";"250";"VALÈNCIA";"VALENCIA";"46013";"CALLE JUNTA DE MURS I VALLS, 006";"C";"CALLE";"JUNTA DE MURS I VALLS";"006"; ; ;"HS";"HOSTAL";"SR";"HOSTAL-RESIDENCIA";"7";"9";"NCD";"NO PERTENECE A NINGUNA CADENA";"18/08/1980";"11/11/1994";"SIEMPRE ABIERTO";"De Lunes a Domingo"
"CV H01348 V";"A";"ALTA";"4";"4 ESTRELLAS";"SH COLON";"46";"VALÈNCIA";"250";"VALÈNCIA";"VALENCIA";"46004";"CALLE COLON, 6";"C";"CALLE";"COLON";"6"; ;"http://www.marriott.com/hotels/travel/vlcap-ac-hotel-colon-valencia";"H";"HOTEL";"H";"HOTEL";"91";"181";"NCD";"NO PERTENECE A NINGUNA CADENA";"13/10/2014"; ;"SIEMPRE ABIERTO";"De Lunes a Domingo"
"CV H01448 V";"A";"ALTA";"3";"3 ESTRELLAS";"SH SUITES PALACE";"46";"VALÈNCIA";"250";"VALÈNCIA";"VALENCIA";"46002";"PLAZA MARGARITA VALLDAURA, 2";"PL";"PLAZA";"MARGARITA VALLDAURA";"2";"suite.palace@sh-hoteles.com";"http://www.sh-hoteles.com";"H";"HOTEL";"H";"HOTEL";"17";"34";"NCD";"NO PERTENECE A NINGUNA CADENA";"08/09/2020"; ;"SIEMPRE ABIERTO";"De Lunes a Domingo"
"CV H01072 V";"A";"ALTA";"5";"5 ESTRELLAS";"SH VALENCIA PALACE";"46";"VALÈNCIA";"250";"VALÈNCIA";"VALENCIA";"46023";"PASEO DE LA ALAMEDA, 32";"PA";"PASEO";"DE LA ALAMEDA";"32";"valencia.palace@sh-hoteles.com";"http://www.sh-hoteles.com";"H";"HOTEL";"H";"HOTEL";"238";"471";"SH";"SH HOTELES";"13/08/1993"; ;"SIEMPRE ABIERTO";"De Lunes a Domingo"
"CV H00868 V";"B";"BAJA";"5";"5 ESTRELLAS";"SIDI SALER (PALACE)";"46";"VALÈNCIA";"250";"VALÈNCIA";"VALENCIA";"46012";"URBANIZACIÓN LA DEHESA-PLAYA DEL SALER, S.N";"UR";"URBANIZACIÓN";"LA DEHESA-PLAYA DEL SALER";"S.N";"direccion@saler.hotelessidi.es";"http://www.sidi-saler.com";"H";"HOTEL";"H";"HOTEL";"272";"522";"SID";"HOTELES SIDI";"29/09/1975";"17/02/2012";"SIEMPRE ABIERTO";"De Lunes a Domingo"
"CV H01017 V";"B";"BAJA";"0";"PENSIÓN";"SINGAPUR";"46";"VALÈNCIA";"250";"VALÈNCIA";"VALENCIA";"46001";"CALLE VIANA, 000";"C";"CALLE";"VIANA";"000"; ; ;"P";"PENSIÓN";"P";"PENSIÓN";"7";"7";"NCD";"NO PERTENECE A NINGUNA CADENA";"01/10/1986";"04/12/1992";"SIEMPRE ABIERTO";"De Lunes a Domingo"
"CV H01573 V";"A";"ALTA";"2";"2 ESTRELLAS";"SMARTR VALENCIA TURIA";"46";"VALÈNCIA";"250";"VALÈNCIA";"VALENCIA";"46009";"AVENIDA TIRSO DE MOLINA, 13";"AV";"AVENIDA";"TIRSO DE MOLINA";"13";"reservas@smartrental.com";"http://www.smartrental.com";"H";"HOTEL";"HA";"HOTEL-APARTAMENTO";"24";"74";"NCD";"NO PERTENECE A NINGUNA CADENA";"20/02/2025"; ;"SIEMPRE ABIERTO";"De Lunes a Domingo"
"CV H01490 V";"A";"ALTA";"4";"4 ESTRELLAS";"SOHO BOUTIQUE TURIA";"46";"VALÈNCIA";"250";"VALÈNCIA";"VALENCIA";"46004";"CALLE GRABADOR ESTEVE, 36";"C";"CALLE";"GRABADOR ESTEVE";"36";"sbturia@sohohoteles.com";"http://www.sohohoteles.com";"H";"HOTEL";"H";"HOTEL";"26";"52";"NCD";"NO PERTENECE A NINGUNA CADENA";"09/11/2022"; ;"SIEMPRE ABIERTO";"De Lunes a Domingo"
"CV H01369 V";"A";"ALTA";"2";"2 ESTRELLAS";"SOHOTEL VALENCIA";"46";"VALÈNCIA";"250";"VALÈNCIA";"VALENCIA";"46006";"GRAN VÍA GERMANIAS, 32";"GV";"GRAN VÍA";"GERMANIAS";"32";"apartamentosequipados@gmail.com";"http://www.sohotelvalencia.com";"H";"HOTEL";"HA";"HOTEL-APARTAMENTO";"22";"66";"NCD";"NO PERTENECE A NINGUNA CADENA";"17/03/2016"; ;"SIEMPRE ABIERTO";"De Lunes a Domingo"
"CV H00664 V";"A";"ALTA";"2";"2 ESTRELLAS";"SOL PLAYA";"46";"VALÈNCIA";"250";"VALÈNCIA";"VALENCIA";"46011";"PASEO NEPTUNO, 54";"PA";"PASEO";"NEPTUNO";"54";"info@hotelsolplaya.com";"http://www.hotelsolplaya.com";"H";"HOTEL";"H";"HOTEL";"35";"70";"NCD";"NO PERTENECE A NINGUNA CADENA";"29/07/1969"; ;"SIEMPRE ABIERTO";"De Lunes a Domingo"
"CV H01245 V";"A";"ALTA";"4";"4 ESTRELLAS";"SOROLLA PALACE";"46";"VALÈNCIA";"250";"VALÈNCIA";"VALENCIA";"46015";"AVENIDA CORTES VALENCIANA, 58";"AV";"AVENIDA";"CORTES VALENCIANA";"58";"reservas@hotelsorollapalace.com";"http://www.hotelsorollapalace.com";"H";"HOTEL";"H";"HOTEL";"271";"544";"SEC";"SERCOTEL";"21/02/2007"; ;"SIEMPRE ABIERTO";"De Lunes a Domingo"
"CV H01527 V";"A";"ALTA";"2";"2 ESTRELLAS";"SOROLLA URBAN SUITES";"46";"VALÈNCIA";"250";"VALÈNCIA";"VALENCIA";"46007";"CALLE FONT ROTJA, 8";"C";"CALLE";"FONT ROTJA";"8";"sorollaurbansuites@gmail.com"; ;"H";"HOTEL";"HA";"HOTEL-APARTAMENTO";"11";"22";"NCD";"NO PERTENECE A NINGUNA CADENA";"14/03/2024"; ;"SIEMPRE ABIERTO";"De Lunes a Domingo"
"CV H01494 V";"A";"ALTA"; ; ;"SPECIAL SUITES BY ERIC OLSAN";"46";"VALÈNCIA";"250";"VALÈNCIA";"VALENCIA";"46015";"CALLE GARBI, 20 BJ DCHA";"C";"CALLE";"GARBI";"20 BJ DCHA";"admin@ericolsan.com"; ;"P";"PENSIÓN"; ; ;"3";"6";"NCD";"NO PERTENECE A NINGUNA CADENA";"10/02/2023"; ;"SIEMPRE ABIERTO";"De Lunes a Domingo"
"CV H01504 V";"A";"ALTA"; ; ;"SPECIAL SUITES BY ERIC OLSAN II";"46";"VALÈNCIA";"250";"VALÈNCIA";"VALENCIA";"46015";"CALLE GARBI, 10, 10-BJ-DCHA";"C";"CALLE";"GARBI, 10";"10-BJ-DCHA";"admin@ericolsan.com"; ;"P";"PENSIÓN"; ; ;"2";"4";"NCD";"NO PERTENECE A NINGUNA CADENA";"06/06/2023"; ;"SIEMPRE ABIERTO";"De Lunes a Domingo"
"CV H01604 V";"A";"ALTA";"2";"2 ESTRELLAS";"STANCIA BENIMACLET";"46";"VALÈNCIA";"250";"VALÈNCIA";"VALENCIA";"46020";"CALLE REAL DE GANDIA, 1";"C";"CALLE";"REAL DE GANDIA";"1";"prudencituristico@gmail.com"; ;"H";"HOTEL";"HA";"HOTEL-APARTAMENTO";"11";"22";"NCD";"NO PERTENECE A NINGUNA CADENA";"28/07/2025"; ;"SIEMPRE ABIERTO";"De Lunes a Domingo"
"CV H01281 V";"A";"ALTA";"0";"PENSIÓN";"STELLA MARIS";"46";"VALÈNCIA";"250";"VALÈNCIA";"VALENCIA";"46011";"PLAZA TRIBUNAL DE LAS AGUAS, 3-2";"PL";"PLAZA";"TRIBUNAL DE LAS AGUAS";"3-2"; ;"http://www.pensionstellamaris.com";"P";"PENSIÓN";"P";"PENSIÓN";"10";"17";"NCD";"NO PERTENECE A NINGUNA CADENA";"27/02/2009"; ;"SIEMPRE ABIERTO";"De Lunes a Domingo"
"CV H01457 V";"A";"ALTA"; ; ;"SUITES BY ERIC OLSAN";"46";"VALÈNCIA";"250";"VALÈNCIA";"VALENCIA";"46015";"CALLE FLORISTA, 66";"C";"CALLE";"FLORISTA";"66";"admin@ericolsan.com"; ;"P";"PENSIÓN"; ; ;"7";"12";"NCD";"NO PERTENECE A NINGUNA CADENA";"10/03/2021"; ;"SIEMPRE ABIERTO";"De Lunes a Domingo"
"CV H01611 V";"A";"ALTA";"0";"PENSIÓN";"SUITES BY ERIC OLSAN II";"46";"VALÈNCIA";"250";"VALÈNCIA";"VALENCIA";"46015";"CALLE FLORISTA, 113-BJ-DCH";"C";"CALLE";"FLORISTA";"113-BJ-DCH";"enriquerosgil@gmail.com"; ;"P";"PENSIÓN"; ; ;"7";"14";"NCD";"NO PERTENECE A NINGUNA CADENA";"14/11/2025"; ;"SIEMPRE ABIERTO";"De Lunes a Domingo"
"CV H01559 V";"A";"ALTA"; ; ;"SUITES PUERTO VALENCIA";"46";"VALÈNCIA";"250";"VALÈNCIA";"VALENCIA";"46011";"AVENIDA PUERTO, 257";"AV";"AVENIDA";"PUERTO";"257";"gerencia@suitespuertovalencia.com";"http://www.suitespuertovalencia.com";"P";"PENSIÓN"; ; ;"6";"12";"NCD";"NO PERTENECE A NINGUNA CADENA";"13/11/2024"; ;"SIEMPRE ABIERTO";"De Lunes a Domingo"
"CV H01404 V";"A";"ALTA"; ; ;"SUITES ROOMS VALENCIA";"46";"VALÈNCIA";"250";"VALÈNCIA";"VALENCIA";"46007";"AVENIDA PEREZ GALDOS, 12-ENTR 1";"AV";"AVENIDA";"PEREZ GALDOS";"12-ENTR 1";"monalisaluxurysuites@gmail.com"; ;"P";"PENSIÓN"; ; ;"16";"36";"NCD";"NO PERTENECE A NINGUNA CADENA";"02/08/2018"; ;"SIEMPRE ABIERTO";"De Lunes a Domingo"
"CV H01533 V";"A";"ALTA";"2";"2 ESTRELLAS";"SUNDOS FERIA VALENCIA";"46";"VALÈNCIA";"250";"VALÈNCIA";"VALENCIA";"46035";"CALLE CULLERA, 75";"C";"CALLE";"CULLERA";"75";"fuelinnovationspain@gmail.com";"http://www.hotelsundosferiavalencia.com";"H";"HOTEL";"H";"HOTEL";"20";"40";"NCD";"NO PERTENECE A NINGUNA CADENA";"28/06/2024"; ;"SIEMPRE ABIERTO";"De Lunes a Domingo"
"CV H01450 V";"B";"BAJA";"2";"2 ESTRELLAS";"SUNDOS FERIA VALENCIA";"46";"VALÈNCIA";"250";"VALÈNCIA";"VALENCIA";"46035";"CALLE CULLERA, 75";"C";"CALLE";"CULLERA";"75";"fuelinnovationspain@gmail.com";"http://hotelsundosferiavalencia.com";"H";"HOTEL";"H";"HOTEL";"25";"36";"NCD";"NO PERTENECE A NINGUNA CADENA";"14/12/2020";"04/03/2021";"SIEMPRE ABIERTO";"De Lunes a Domingo"
"CV H01226 V";"A";"ALTA";"0";"PENSIÓN";"TARTESSOS";"46";"VALÈNCIA";"250";"VALÈNCIA";"VALENCIA";"46001";"PASAJE SANGRE, 5-2-2";"PS";"PASAJE";"SANGRE";"5-2-2";"info@hosteltartessosvalencia.com";"http://www.hosteltartessosvalencia.com";"P";"PENSIÓN";"P";"PENSIÓN";"9";"25";"NCD";"NO PERTENECE A NINGUNA CADENA";"04/07/2005"; ;"SIEMPRE ABIERTO";"De Lunes a Domingo"
"CV H01487 V";"A";"ALTA";"2";"2 ESTRELLAS";"TH LA MARINA REAL";"46";"VALÈNCIA";"250";"VALÈNCIA";"VALENCIA";"46024";"CALLE PADRE PORTA, 11";"C";"CALLE";"PADRE PORTA";"11";"lcabrera@plei.mx";"http://vhsuites.es";"H";"HOTEL";"HA";"HOTEL-APARTAMENTO";"4";"8";"NCD";"NO PERTENECE A NINGUNA CADENA";"18/08/2022"; ;"SIEMPRE ABIERTO";"De Lunes a Domingo"
"CV H01572 V";"A";"ALTA";"2";"2 ESTRELLAS";"THE 153 HOTEL";"46";"VALÈNCIA";"250";"VALÈNCIA";"VALENCIA";"46007";"CALLE SAN VICENTE MARTIR, 153";"C";"CALLE";"SAN VICENTE MARTIR";"153";"the153hotel@gmail.com"; ;"H";"HOTEL";"HA";"HOTEL-APARTAMENTO";"4";"8";"NCD";"NO PERTENECE A NINGUNA CADENA";"20/02/2025"; ;"SIEMPRE ABIERTO";"De Lunes a Domingo"
"CV H01570 V";"A";"ALTA";"2";"2 ESTRELLAS";"THE ATELIER LOFTS";"46";"VALÈNCIA";"250";"VALÈNCIA";"VALENCIA";"46024";"CALLE VIDAL DE BLANES, 17-19 B";"C";"CALLE";"VIDAL DE BLANES";"17-19 B";"ivan.leis@vantaacapital.com"; ;"H";"HOTEL";"HA";"HOTEL-APARTAMENTO";"11";"22";"NCD";"NO PERTENECE A NINGUNA CADENA";"27/01/2025"; ;"SIEMPRE ABIERTO";"De Lunes a Domingo"
"CV H01046 V";"A";"ALTA";"1";"1 ESTRELLA";"THE LITTLE CORNER B&B";"46";"VALÈNCIA";"250";"VALÈNCIA";"VALENCIA";"46010";"AVENIDA SUECIA, 27";"AV";"AVENIDA";"SUECIA";"27";"info@hostalpenalty.com";"http://www.hostalpenalty.com";"HS";"HOSTAL";"SR";"HOSTAL-RESIDENCIA";"25";"48";"NCD";"NO PERTENECE A NINGUNA CADENA";"21/09/1990"; ;"SIEMPRE ABIERTO";"De Lunes a Domingo"
"CV H01423 V";"A";"ALTA"; ; ;"THE ORIGINAL DOMINO HOUSE";"46";"VALÈNCIA";"250";"VALÈNCIA";"VALENCIA";"46023";"CALLE ISLAS CANARIAS, 51";"C";"CALLE";"ISLAS CANARIAS";"51"; ; ;"P";"PENSIÓN"; ; ;"21";"37";"NCD";"NO PERTENECE A NINGUNA CADENA";"11/07/2019"; ;"SIEMPRE ABIERTO";"De Lunes a Domingo"
"CV H01459 V";"B";"BAJA"; ; ;"THE TOWERS OF SERRANO HOME";"46";"VALÈNCIA";"250";"VALÈNCIA";"VALENCIA";"46009";"CALLE SAGUNTO, 44 BAJO";"C";"CALLE";"SAGUNTO";"44 BAJO";"brugada.home@gmail.com"; ;"P";"PENSIÓN"; ; ;"12";"12";"NCD";"NO PERTENECE A NINGUNA CADENA";"01/04/2021";"13/05/2022";"SIEMPRE ABIERTO";"De Lunes a Domingo"
"CV H01371 V";"A";"ALTA";"4";"4 ESTRELLAS";"THE VALENTIA CABILLERS";"46";"VALÈNCIA";"250";"VALÈNCIA";"VALENCIA";"46003";"CALLE CABILLERS, 3";"C";"CALLE";"CABILLERS";"3";"reservas@cathedralsuiteshotel.com";"http://www.cathedralsuiteshotel.com";"H";"HOTEL";"HA";"HOTEL-APARTAMENTO";"21";"42";"NCD";"NO PERTENECE A NINGUNA CADENA";"19/05/2016"; ;"SIEMPRE ABIERTO";"De Lunes a Domingo"
"CV H01495 V";"A";"ALTA";"4";"4 ESTRELLAS";"THE VALENTIA CORRETGERIA";"46";"VALÈNCIA";"250";"VALÈNCIA";"VALENCIA";"46001";"CALLE CORRETGERIA, 28";"C";"CALLE";"CORRETGERIA";"28";"direccion@thevalentia.es";"http://www.thevalentia.es";"H";"HOTEL";"HA";"HOTEL-APARTAMENTO";"27";"54";"NCD";"NO PERTENECE A NINGUNA CADENA";"06/03/2023"; ;"SIEMPRE ABIERTO";"De Lunes a Domingo"
"CV H01247 V";"A";"ALTA";"5";"5 ESTRELLAS";"THE WESTIN VALENCIA";"46";"VALÈNCIA";"250";"VALÈNCIA";"VALENCIA";"46010";"CALLE AMADEO DE SABOYA, 16";"C";"CALLE";"AMADEO DE SABOYA";"16";"reservations.westinvalencia@westin.com";"http://www.westin.com/valencia";"H";"HOTEL";"H";"HOTEL";"135";"272";"NCD";"NO PERTENECE A NINGUNA CADENA";"27/03/2007"; ;"SIEMPRE ABIERTO";"De Lunes a Domingo"
"CV H00430 V";"B";"BAJA";"0";"PENSIÓN";"TORRES DE SERRANO";"46";"VALÈNCIA";"250";"VALÈNCIA";"VALENCIA";"46003";"CALLE SERRANOS, 001";"C";"CALLE";"SERRANOS";"001"; ; ;"P";"PENSIÓN";"P";"PENSIÓN";"4";"7";"NCD";"NO PERTENECE A NINGUNA CADENA";"20/01/1970";"22/06/1992";"SIEMPRE ABIERTO";"De Lunes a Domingo"
"CV H00941 V";"B";"BAJA";"1";"1 ESTRELLA";"TRES CEPAS";"46";"VALÈNCIA";"250";"VALÈNCIA";"VALENCIA";"46011";"PASEO NEPTUNO, 22";"PA";"PASEO";"NEPTUNO";"22"; ; ;"HS";"HOSTAL";"HS";"HOSTAL";"18";"30";"NCD";"NO PERTENECE A NINGUNA CADENA";"02/06/1980";"23/11/2004";"SIEMPRE ABIERTO";"De Lunes a Domingo"
"CV H01099 V";"A";"ALTA";"4";"4 ESTRELLAS";"TURÍA";"46";"VALÈNCIA";"250";"VALÈNCIA";"VALENCIA";"46009";"CALLE PROFESOR BELTRAN BÁGUENA, 2";"C";"CALLE";"PROFESOR BELTRAN BÁGUENA";"2";"reservas@hotelturia.es";"http://www.hotelturia.es";"H";"HOTEL";"H";"HOTEL";"169";"340";"NCD";"NO PERTENECE A NINGUNA CADENA";"18/07/1995"; ;"SIEMPRE ABIERTO";"De Lunes a Domingo"
"CV H00786 V";"B";"BAJA";"0";"PENSIÓN";"UNIVERS";"46";"VALÈNCIA";"250";"VALÈNCIA";"VALENCIA";"46004";"CALLE GENERAL SANMARTIN, 1-9ª";"C";"CALLE";"GENERAL SANMARTIN";"1-9ª"; ; ;"P";"PENSIÓN";"P";"PENSIÓN";"7";"12";"NCD";"NO PERTENECE A NINGUNA CADENA";"15/06/1974";"10/11/2010";"SIEMPRE ABIERTO";"De Lunes a Domingo"
"CV H01363 V";"A";"ALTA";"3";"3 ESTRELLAS";"UNIVERSIDADES";"46";"VALÈNCIA";"250";"VALÈNCIA";"VALENCIA";"46020";"CALLE DOCTOR VICENTE ZARAGOZA, 13 BAJO";"C";"CALLE";"DOCTOR VICENTE ZARAGOZA";"13 BAJO";"revenue@olympiagrupo.com";"www.olympiagrupo.com";"H";"HOTEL";"H";"HOTEL";"63";"126";"NCD";"NO PERTENECE A NINGUNA CADENA";"08/07/2015"; ;"SIEMPRE ABIERTO";"De Lunes a Domingo"
"CV H01339 V";"B";"BAJA";"3";"3 ESTRELLAS";"UNIVERSIDADES";"46";"VALÈNCIA";"250";"VALÈNCIA";"VALENCIA";"46020";"AVENIDA DOCTOR VICENTE ZARAGOZA, 13";"AV";"AVENIDA";"DOCTOR VICENTE ZARAGOZA";"13";"juanjo@solher.com"; ;"H";"HOTEL";"H";"HOTEL";"63";"126";"NCD";"NO PERTENECE A NINGUNA CADENA";"26/12/2013";"18/07/2014";"SIEMPRE ABIERTO";"De Lunes a Domingo"
"CV H01489 V";"B";"BAJA"; ; ;"URBAN BEACH ROOMS";"46";"VALÈNCIA";"250";"VALÈNCIA";"VALENCIA";"46024";"CALLE MENDEZ NUÑEZ, 17";"C";"CALLE";"MENDEZ NUÑEZ";"17";"marta@fincasflorit.es";"http://www.fincasflorit.es";"P";"PENSIÓN"; ; ;"7";"14";"NCD";"NO PERTENECE A NINGUNA CADENA";"26/10/2022";"20/09/2023";"SIEMPRE ABIERTO";"De Lunes a Domingo"
"CV H01416 V";"A";"ALTA";"4";"4 ESTRELLAS";"VALENCIA ALAMEDA";"46";"VALÈNCIA";"250";"VALÈNCIA";"VALENCIA";"46023";"PASEO ALAMEDA, 41";"PA";"PASEO";"ALAMEDA";"41";"reservas@hotelvalenciaalameda.es";"www.hotelvalenciaalameda.es";"H";"HOTEL";"HA";"HOTEL-APARTAMENTO";"35";"106";"NCD";"NO PERTENECE A NINGUNA CADENA";"11/04/2019"; ;"SIEMPRE ABIERTO";"De Lunes a Domingo"
"CV H01222 V";"A";"ALTA";"4";"4 ESTRELLAS";"VALENCIA CENTER";"46";"VALÈNCIA";"250";"VALÈNCIA";"VALENCIA";"46023";"AVENIDA FRANCIA, 33";"AV";"AVENIDA";"FRANCIA";"33";"reservas@hotelescenter.com";"http://www.hotelescenter.es";"H";"HOTEL";"H";"HOTEL";"139";"280";"HCE";"HOTELES CENTER";"11/04/2005"; ;"SIEMPRE ABIERTO";"De Lunes a Domingo"
"CV H01582 V";"A";"ALTA"; ; ;"VALENCIA LIFE CAMPOAMOR";"46";"VALÈNCIA";"250";"VALÈNCIA";"VALENCIA";"46022";"CALLE CAMPOAMOR, 65";"C";"CALLE";"CAMPOAMOR";"65"; ; ;"P";"PENSIÓN"; ; ;"2";"4";"NCD";"NO PERTENECE A NINGUNA CADENA";"02/04/2025"; ;"SIEMPRE ABIERTO";"De Lunes a Domingo"
"CV H01583 V";"A";"ALTA"; ; ;"VALENCIA LIFE JUAN LLORENS";"46";"VALÈNCIA";"250";"VALÈNCIA";"VALENCIA";"46008";"CALLE JUAN LLORENS, 5";"C";"CALLE";"JUAN LLORENS";"5";"valencialife75@gmail.com"; ;"P";"PENSIÓN"; ; ;"4";"8";"NCD";"NO PERTENECE A NINGUNA CADENA";"02/04/2025"; ;"SIEMPRE ABIERTO";"De Lunes a Domingo"
"CV H01452 V";"A";"ALTA"; ; ;"VALENCIA LOFT";"46";"VALÈNCIA";"250";"VALÈNCIA";"VALENCIA";"46022";"CALLE GUILLEM DE ANGLESOLA, 6 BAJO";"C";"CALLE";"GUILLEM DE ANGLESOLA";"6 BAJO";"alubtor@hotmail.com"; ;"P";"PENSIÓN"; ; ;"5";"10";"NCD";"NO PERTENECE A NINGUNA CADENA";"08/02/2020"; ;"SIEMPRE ABIERTO";"De Lunes a Domingo"
"CV H01152 V";"A";"ALTA";"0";"PENSIÓN";"VALENCIA LOUNGE";"46";"VALÈNCIA";"250";"VALÈNCIA";"VALENCIA";"46001";"CALLE CADIRERS, 11";"C";"CALLE";"CADIRERS";"11";"info@valencialoungehostel.com";"http://www.valencialoungehostel.com";"P";"PENSIÓN";"P";"PENSIÓN";"10";"23";"NCD";"NO PERTENECE A NINGUNA CADENA";"28/08/2001"; ; ; 
"CV H01382 V";"A";"ALTA";"4";"4 ESTRELLAS";"VALENCIA MERCAT";"46";"VALÈNCIA";"250";"VALÈNCIA";"VALENCIA";"46001";"CALLE MUSICO VICENTE PEYDRO, 9-11";"C";"CALLE";"MUSICO VICENTE PEYDRO";"9-11"; ; ;"H";"HOTEL";"H";"HOTEL";"22";"46";"NCD";"NO PERTENECE A NINGUNA CADENA";"10/04/2017"; ;"SIEMPRE ABIERTO";"De Lunes a Domingo"
"CV H01184 V";"A";"ALTA";"4";"4 ESTRELLAS";"VALENCIA OCEANIC";"46";"VALÈNCIA";"250";"VALÈNCIA";"VALENCIA";"46023";"CALLE PINTOR MAELLA, 35";"C";"CALLE";"PINTOR MAELLA";"35";"tryp.oceanic@melia.com";"http://www.melia.com/";"H";"HOTEL";"H";"HOTEL";"197";"396";"SOL";"MELIÁ HOTELS INTERNATIONAL";"10/10/2003"; ;"SIEMPRE ABIERTO";"De Lunes a Domingo"
"CV H01402 V";"B";"BAJA";"0";"PENSIÓN";"VALENCIA ROOMS";"46";"VALÈNCIA";"250";"VALÈNCIA";"VALENCIA";"46021";"AVENIDA PUERTO, 49-1º";"AV";"AVENIDA";"PUERTO";"49-1º"; ;"http://www.valenciaroomsvlc.com";"P";"PENSIÓN"; ; ;"10";"20";"NCD";"NO PERTENECE A NINGUNA CADENA";"25/07/2018";"16/05/2019";"SIEMPRE ABIERTO";"De Lunes a Domingo"
"CV H01344 V";"A";"ALTA";"0";"PENSIÓN";"VALENCIA SUITS YOU";"46";"VALÈNCIA";"250";"VALÈNCIA";"VALENCIA";"46003";"CALLE XIMÉNEZ DE SANDOVAL, 8";"C";"CALLE";"XIMÉNEZ DE SANDOVAL";"8";"valenciauchoice@gmail.com";"http://www.valenciasuitesyou.com";"P";"PENSIÓN";"P";"PENSIÓN";"23";"47";"NCD";"NO PERTENECE A NINGUNA CADENA";"21/08/2014"; ;"SIEMPRE ABIERTO";"De Lunes a Domingo"
"CV H01085 V";"A";"ALTA";"3";"3 ESTRELLAS";"VILLACARLOS";"46";"VALÈNCIA";"250";"VALÈNCIA";"VALENCIA";"46023";"AVENIDA DEL PUERTO, 60";"AV";"AVENIDA";"DEL PUERTO";"60";"hotelvillacarlos@hotelvillacarlos.com";"http://www.hotelvillacarlos.com";"H";"HOTEL";"H";"HOTEL";"51";"96";"NH";"N.H. HOTELES";"02/03/1995"; ;"SIEMPRE ABIERTO";"De Lunes a Domingo"
"CV H01116 V";"A";"ALTA";"3";"3 ESTRELLAS";"VILLARREAL";"46";"VALÈNCIA";"250";"VALÈNCIA";"VALENCIA";"46008";"CALLE ANGEL GUIMERÁ, 58";"C";"CALLE";"ANGEL GUIMERÁ";"58";"info@hotel-villarreal.com";"http://www.hotel-villarreal.com";"H";"HOTEL";"H";"HOTEL";"22";"33";"NCD";"NO PERTENECE A NINGUNA CADENA";"04/05/1998"; ;"SIEMPRE ABIERTO";"De Lunes a Domingo"
"CV H01167 V";"A";"ALTA";"4";"4 ESTRELLAS";"VINCCI LYS";"46";"VALÈNCIA";"250";"VALÈNCIA";"VALENCIA";"46002";"CALLE MARTÍNEZ CUBELLS, 5";"C";"CALLE";"MARTÍNEZ CUBELLS";"5";"lys@vinccihoteles.com";"http://www.vinccihoteles.com";"H";"HOTEL";"H";"HOTEL";"100";"199";"VIN";"VINCCI HOTELES";"04/07/2002"; ;"SIEMPRE ABIERTO";"De Lunes a Domingo"
"CV H01354 V";"A";"ALTA";"4";"4 ESTRELLAS";"VINCCI MERCAT";"46";"VALÈNCIA";"250";"VALÈNCIA";"VALENCIA";"46001";"CALLE LINTERNA, 31";"C";"CALLE";"LINTERNA";"31";"cristina.pacin@vinccihoteles.com";"http://www.vinccihoteles.com";"H";"HOTEL";"H";"HOTEL";"68";"136";"NCD";"NO PERTENECE A NINGUNA CADENA";"16/03/2015"; ;"SIEMPRE ABIERTO";"De Lunes a Domingo"
"CV H01257 V";"A";"ALTA";"4";"4 ESTRELLAS";"VINCCI PALACE";"46";"VALÈNCIA";"250";"VALÈNCIA";"VALENCIA";"46003";"CALLE LA PAZ, 42";"C";"CALLE";"LA PAZ";"42";"palace@vinccihoteles.com";"http://www.vinccihoteles.com";"H";"HOTEL";"H";"HOTEL";"76";"152";"NCD";"NO PERTENECE A NINGUNA CADENA";"24/10/2007"; ;"SIEMPRE ABIERTO";"De Lunes a Domingo"
"CV H01537 V";"A";"ALTA";"2";"2 ESTRELLAS";"VISITVAL FLATS";"46";"VALÈNCIA";"250";"VALÈNCIA";"VALENCIA";"46023";"CALLE ISLAS CANARIAS, 140 BJ-IZQ";"C";"CALLE";"ISLAS CANARIAS";"140 BJ-IZQ";"uchinpareja@gmail.com"; ;"H";"HOTEL";"HA";"HOTEL-APARTAMENTO";"3";"6";"NCD";"NO PERTENECE A NINGUNA CADENA";"01/08/2024"; ;"SIEMPRE ABIERTO";"De Lunes a Domingo"
"CV H01483 V";"A";"ALTA";"2";"2 ESTRELLAS";"VISTA HERMOSA SUITES";"46";"VALÈNCIA";"250";"VALÈNCIA";"VALENCIA";"46020";"CALLE VINAROZ, 8-BAJO IZQ";"C";"CALLE";"VINAROZ";"8-BAJO IZQ";"terravhermosa@gmail.com";"http://www.vhsuites.es";"H";"HOTEL";"HA";"HOTEL-APARTAMENTO";"4";"8";"NCD";"NO PERTENECE A NINGUNA CADENA";"07/07/2022"; ;"SIEMPRE ABIERTO";"De Lunes a Domingo"
"CV H01578 V";"A";"ALTA";"1";"1 ESTRELLA";"VLC HOST DR SUMSI";"46";"VALÈNCIA";"250";"VALÈNCIA";"VALENCIA";"46005";"CALLE DOCTOR SUMSI, 40";"C";"CALLE";"DOCTOR SUMSI";"40";"enrique@vlcinvest.com"; ;"H";"HOTEL";"HA";"HOTEL-APARTAMENTO";"8";"16";"NCD";"NO PERTENECE A NINGUNA CADENA";"28/03/2025"; ;"SIEMPRE ABIERTO";"De Lunes a Domingo"
"CV H01536 V";"A";"ALTA"; ; ;"VLC PONCE DE LEON";"46";"VALÈNCIA";"250";"VALÈNCIA";"VALENCIA";"46006";"CALLE FRAY PEDRO PONCE DE LEON, 5-BJ-IZQ";"C";"CALLE";"FRAY PEDRO PONCE DE LEON";"5-BJ-IZQ";"enrique@vlcinvest.com";"http://www.vlcinvest.com";"P";"PENSIÓN"; ; ;"2";"4";"NCD";"NO PERTENECE A NINGUNA CADENA";"24/05/2024"; ;"SIEMPRE ABIERTO";"De Lunes a Domingo"
"CV H01551 V";"A";"ALTA";"1";"1 ESTRELLA";"VLC REINA 168";"46";"VALÈNCIA";"250";"VALÈNCIA";"VALENCIA";"46011";"CALLE REINA, 168";"C";"CALLE";"REINA";"168";"ENRIQUE@VLCINVEST.COM";"http://WWW.VLCHOST.COM";"H";"HOTEL";"HA";"HOTEL-APARTAMENTO";"11";"22";"NCD";"NO PERTENECE A NINGUNA CADENA";"02/10/2024"; ;"SIEMPRE ABIERTO";"De Lunes a Domingo"
"CV H01032 V";"A";"ALTA";"0";"PENSIÓN";"WAKSMAN";"46";"VALÈNCIA";"250";"VALÈNCIA";"VALENCIA";"46006";"AVENIDA DOCTOR WAKSMAN, 29";"AV";"AVENIDA";"DOCTOR WAKSMAN";"29";"hostalwaksman@hotmail.es";"http://www.hostalwaksman.es";"P";"PENSIÓN";"P";"PENSIÓN";"9";"17";"NCD";"NO PERTENECE A NINGUNA CADENA";"24/02/1988"; ;"SIEMPRE ABIERTO";"De Lunes a Domingo"
"CV H01554 V";"A";"ALTA";"0";"PENSIÓN";"YARD PATRAIX";"46";"VALÈNCIA";"250";"VALÈNCIA";"VALENCIA";"46018";"CALLE CHURAT Y SAURI, 9-BJ-DCHO";"C";"CALLE";"CHURAT Y SAURI";"9-BJ-DCHO";"catecamovalencia@gmail.com"; ;"P";"PENSIÓN"; ; ;"3";"6";"NCD";"NO PERTENECE A NINGUNA CADENA";"24/10/2024"; ;"SIEMPRE ABIERTO";"De Lunes a Domingo"
"CV H01147 V";"A";"ALTA";"3";"3 ESTRELLAS";"YOU & CO JARDIN BOTANICO-QUART";"46";"VALÈNCIA";"250";"VALÈNCIA";"VALENCIA";"46008";"CALLE DOCTOR PESET CERVERA, 6";"C";"CALLE";"DOCTOR PESET CERVERA";"6";"reservas@totalvalencia.com";"http://www.hoteljardinbotanico.com";"H";"HOTEL";"H";"HOTEL";"35";"72";"NCD";"NO PERTENECE A NINGUNA CADENA";"14/06/2001"; ;"SIEMPRE ABIERTO";"De Lunes a Domingo"
"CV H00762 V";"A";"ALTA";"3";"3 ESTRELLAS";"YOU & CO SALER BEACH BOUTIQUE";"46";"VALÈNCIA";"250";"VALÈNCIA";"VALENCIA";"46012";"AVENIDA PINARES, 10";"AV";"AVENIDA";"PINARES";"10";"salerboutique@youandcohotels.com";"http://www.youandcohotels.com";"H";"HOTEL";"H";"HOTEL";"30";"53";"NCD";"NO PERTENECE A NINGUNA CADENA";"26/11/1972"; ;"SIEMPRE ABIERTO";"De Lunes a Domingo"
"CV H01479 V";"A";"ALTA"; ; ;"YOURS BOUTIQUE";"46";"VALÈNCIA";"250";"VALÈNCIA";"VALENCIA";"46006";"CALLE CUBA, 19";"C";"CALLE";"CUBA";"19";"info@thisisyours.es";"https://www.thisisyours.es";"P";"PENSIÓN"; ; ;"12";"18";"NCD";"NO PERTENECE A NINGUNA CADENA";"08/03/2022"; ;"SIEMPRE ABIERTO";"De Lunes a Domingo"
"CV H01362 V";"A";"ALTA";"0";"PENSIÓN";"ZALAMERA";"46";"VALÈNCIA";"250";"VALÈNCIA";"VALENCIA";"46007";"CALLE PELAYO, 44";"C";"CALLE";"PELAYO";"44"; ; ;"P";"PENSIÓN"; ; ;"18";"19";"NCD";"NO PERTENECE A NINGUNA CADENA";"06/07/2015"; ;"SIEMPRE ABIERTO";"De Lunes a Domingo"
"CV H01243 V";"A";"ALTA";"4";"4 ESTRELLAS";"ZENIT VALENCIA";"46";"VALÈNCIA";"250";"VALÈNCIA";"VALENCIA";"46007";"CALLE BAILEN, 8";"C";"CALLE";"BAILEN";"8";"valencia@zenithoteles.com";"http://valencia.zenithoteles.com";"H";"HOTEL";"H";"HOTEL";"66";"116";"NCD";"NO PERTENECE A NINGUNA CADENA";"12/01/2007"; ;"SIEMPRE ABIERTO";"De Lunes a Domingo"
"CV H01025 V";"B";"BAJA";"0";"PENSIÓN";"BOQUELLA II";"46";"VALÈNCIA";"251";"VALLADA";"LA COSTERA";"46691";"CARRETERA NACIONAL 430-PDA.BOQUELLA, KM. 28";"CR";"CARRETERA";"NACIONAL 430-PDA.BOQUELLA";"KM. 28"; ; ;"P";"PENSIÓN";"P";"PENSIÓN";"9";"18";"NCD";"NO PERTENECE A NINGUNA CADENA";"10/03/1987";"26/08/2004";"SIEMPRE ABIERTO";"De Lunes a Domingo"
"CV H01399 V";"A";"ALTA"; ; ;"BTT SANTERON";"46";"VALÈNCIA";"252";"VALLANCA";"EL RINCON DE ADEMUZ";"46145";"CALLE CRUCES, 15";"C";"CALLE";"CRUCES";"15"; ; ;"P";"PENSIÓN"; ; ;"4";"8";"NCD";"NO PERTENECE A NINGUNA CADENA";"27/04/2018"; ;"SIEMPRE ABIERTO";"De Lunes a Domingo"
"CV H01172 V";"B";"BAJA";"2";"2 ESTRELLAS";"CASA DEL PINAR";"46";"VALÈNCIA";"254";"VENTA DEL MORO";"LA PLANA DE UTIEL-REQUENA";"46310";"CARRETERA LOS ISIDROS-VENTA DEL MORO, KM.2,2 (LOS COJOS)";"CR";"CARRETERA";"LOS ISIDROS-VENTA DEL MORO, KM.2,2 (LOS COJOS)"; ;"diment@wanadoo.es"; ;"HS";"HOSTAL";"HS";"HOSTAL";"6";"12";"NCD";"NO PERTENECE A NINGUNA CADENA";"23/07/2002";"21/04/2015";"SIEMPRE ABIERTO";"De Lunes a Domingo"
"CV H01149 V";"A";"ALTA";"2";"2 ESTRELLAS";"ENTREVIÑAS";"46";"VALÈNCIA";"254";"VENTA DEL MORO";"LA PLANA DE UTIEL-REQUENA";"46310";"FINCA EL RENEGADO, S/N"; ; ;"FINCA EL RENEGADO";"S/N";"reservas@entrevinas.com";"http://www.entrevinas.com";"HS";"HOSTAL";"HS";"HOSTAL";"12";"22";"NCD";"NO PERTENECE A NINGUNA CADENA";"26/06/2001"; ;"SIEMPRE ABIERTO";"De Lunes a Domingo"
"CV H01019 V";"B";"BAJA";"0";"PENSIÓN";"VENTAMORINO";"46";"VALÈNCIA";"254";"VENTA DEL MORO";"LA PLANA DE UTIEL-REQUENA";"46310";"CALLE LEPANTO, 9";"C";"CALLE";"LEPANTO";"9"; ; ;"P";"PENSIÓN";"P";"PENSIÓN";"7";"12";"NCD";"NO PERTENECE A NINGUNA CADENA";"05/12/1986";"06/10/2022";"SIEMPRE ABIERTO";"De Lunes a Domingo"
"CV H01284 V";"A";"ALTA";"1";"1 ESTRELLA";"BONESTAR";"46";"VALÈNCIA";"255";"VILALLONGA/VILLALONGA";"LA SAFOR";"46720";"PARTIDA LA LLACUNA,, S/N";"PD";"PARTIDA";"LA LLACUNA,";"S/N";"info@hotelbonestar.com";"http://www.hotelbonestar.com";"H";"HOTEL";"H";"HOTEL";"6";"12";"NCD";"NO PERTENECE A NINGUNA CADENA";"29/04/2009"; ;"SIEMPRE ABIERTO";"De Lunes a Domingo"
"CV H01294 V";"A";"ALTA";"3";"3 ESTRELLAS";"CASA BABEL";"46";"VALÈNCIA";"255";"VILALLONGA/VILLALONGA";"LA SAFOR";"46720";"CALLE TARRASÓ, 22";"C";"CALLE";"TARRASÓ";"22";"reservas@casababel.com";"http://www.casababel.com";"H";"HOTEL";"H";"HOTEL";"8";"16";"NCD";"NO PERTENECE A NINGUNA CADENA";"17/02/2010"; ;"SIEMPRE ABIERTO";"De Lunes a Domingo"
"CV H01322 V";"B";"BAJA";"4";"4 ESTRELLAS";"MAS DE CANICATTI";"46";"VALÈNCIA";"256";"VILAMARXANT";"EL CAMP DE TURIA";"46191";"CARRETERA VILAMARXANT - PEDRALBA, KM 2,9";"CR";"CARRETERA";"VILAMARXANT - PEDRALBA";"KM 2,9";"hotel@masdecanicatti.com";"http://www.masdecanicatti.com";"H";"HOTEL";"H";"HOTEL";"26";"54";"NCD";"NO PERTENECE A NINGUNA CADENA";"06/07/2011";"27/03/2015";"SIEMPRE ABIERTO";"De Lunes a Domingo"
"CV H01109 V";"A";"ALTA";"1";"1 ESTRELLA";"CANONCHE";"46";"VALÈNCIA";"257";"VILLANUEVA DE CASTELLÓN";"LA RIBERA ALTA";"46270";"CARRETERA NACIONAL 340, KM 855";"CR";"CARRETERA";"NACIONAL 340";"KM 855"; ; ;"HS";"HOSTAL";"HS";"HOSTAL";"15";"33";"NCD";"NO PERTENECE A NINGUNA CADENA";"18/11/1996"; ;"SIEMPRE ABIERTO";"De Lunes a Domingo"
"CV H01602 V";"A";"ALTA"; ; ;"CASA SIFRE";"46";"VALÈNCIA";"257";"VILLANUEVA DE CASTELLÓN";"LA RIBERA ALTA";"46270";"CALLE LA SEQUIA, 82";"C";"CALLE";"LA SEQUIA";"82";"jribesiborra@gmail.com"; ;"P";"PENSIÓN"; ; ;"7";"14";"NCD";"NO PERTENECE A NINGUNA CADENA";"26/06/2025"; ;"SIEMPRE ABIERTO";"De Lunes a Domingo"
"CV H01279 V";"A";"ALTA";"0";"PENSIÓN";"EL POLIGONO";"46";"VALÈNCIA";"257";"VILLANUEVA DE CASTELLÓN";"LA RIBERA ALTA";"46270";"POLÍGONO INDUSTRIAL EL PLA PARCELA, B4";"PO";"POLÍGONO";"INDUSTRIAL EL PLA PARCELA";"B4";"cristian23240@gmail.com"; ;"P";"PENSIÓN";"P";"PENSIÓN";"8";"9";"NCD";"NO PERTENECE A NINGUNA CADENA";"27/02/2009"; ;"SIEMPRE ABIERTO";"De Lunes a Domingo"
"CV H01130 V";"A";"ALTA";"1";"1 ESTRELLA";"LA POSA DEL VILLAR";"46";"VALÈNCIA";"258";"VILLAR DEL ARZOBISPO";"LOS SERRANOS";"46170";"AVENIDA INGENIERO TAMARIT, 9";"AV";"AVENIDA";"INGENIERO TAMARIT";"9"; ; ;"HS";"HOSTAL";"HS";"HOSTAL";"14";"21";"NCD";"NO PERTENECE A NINGUNA CADENA";"19/05/2000"; ;"SIEMPRE ABIERTO";"De Lunes a Domingo"
"CV H00265 V";"B";"BAJA";"0";"PENSIÓN";"ANGELETE";"46";"VALÈNCIA";"259";"VILLARGORDO DEL CABRIEL";"LA PLANA DE UTIEL-REQUENA";"46317";"CALLE CARRETERA, 000";"C";"CALLE";"CARRETERA";"000"; ; ;"P";"PENSIÓN";"P";"PENSIÓN";"5";"10";"NCD";"NO PERTENECE A NINGUNA CADENA";"21/01/1970";"09/05/1997";"SIEMPRE ABIERTO";"De Lunes a Domingo"
"CV H01605 V";"A";"ALTA"; ; ;"ORIGEN";"46";"VALÈNCIA";"259";"VILLARGORDO DEL CABRIEL";"LA PLANA DE UTIEL-REQUENA";"46317";"CALLE SERRANO LARREY, 88";"C";"CALLE";"SERRANO LARREY";"88";"origenbandb@gmail.es";"http://www.origenbandb.es";"P";"PENSIÓN"; ; ;"9";"19";"NCD";"NO PERTENECE A NINGUNA CADENA";"08/08/2025"; ;"SIEMPRE ABIERTO";"De Lunes a Domingo"
"CV H01273 V";"A";"ALTA";"2";"2 ESTRELLAS";"RAIMBLANC";"46";"VALÈNCIA";"259";"VILLARGORDO DEL CABRIEL";"LA PLANA DE UTIEL-REQUENA";"46317";"CALLE LOS BOLOS, 10";"C";"CALLE";"LOS BOLOS";"10";"info@raimblanc.com";"http://www.raimblanc.com";"H";"HOTEL";"H";"HOTEL";"9";"18";"NCD";"NO PERTENECE A NINGUNA CADENA";"24/11/2008"; ;"SIEMPRE ABIERTO";"De Lunes a Domingo"
"CV H01571 V";"A";"ALTA";"1";"1 ESTRELLA";"VIA CAPRASIA";"46";"VALÈNCIA";"259";"VILLARGORDO DEL CABRIEL";"LA PLANA DE UTIEL-REQUENA";"46317";"CALLE SERRANO LARREY, 43";"C";"CALLE";"SERRANO LARREY";"43";"viacaprasia@gmail.com";"http://www.viacaprasia.com";"H";"HOTEL";"HA";"HOTEL-APARTAMENTO";"8";"16";"NCD";"NO PERTENECE A NINGUNA CADENA";"04/02/2025"; ;"SIEMPRE ABIERTO";"De Lunes a Domingo"
"CV H01181 V";"B";"BAJA";"1";"1 ESTRELLA";"EL BOSQUE ANIMADO";"46";"VALÈNCIA";"262";"LA YESA";"LOS SERRANOS";"46178";"CALLE SANTO TOMAS, 10";"C";"CALLE";"SANTO TOMAS";"10"; ; ;"HS";"HOSTAL";"HS";"HOSTAL";"4";"8";"NCD";"NO PERTENECE A NINGUNA CADENA";"05/08/2003";"28/04/2006";"SIEMPRE ABIERTO";"De Lunes a Domingo"
"CV H01324 V";"A";"ALTA";"3";"3 ESTRELLAS";"LUVE";"46";"VALÈNCIA";"903";"SAN ANTONIO DE BENAGÉBER";"L'HORTA OEST";"46184";"CALLE CIGÜEÑA, 8";"C";"CALLE";"CIGÜEÑA";"8";"general@luvemotel.es";"http://www.luvemotel.es";"H";"HOTEL";"H";"HOTEL";"42";"84";"NCD";"NO PERTENECE A NINGUNA CADENA";"29/11/2011"; ;"SIEMPRE ABIERTO";"De Lunes a Domingo"
"CV H01375 V";"A";"ALTA"; ; ;"VALENCIA COUNTRY HOUSE";"46";"VALÈNCIA";"903";"SAN ANTONIO DE BENAGÉBER";"EL CAMP DE TURIA";"46184";"CALLE ESPARVER, 27";"C";"CALLE";"ESPARVER";"27";"valenciacountryhouse@gmail.com";"http://www.valenciacountryhouse.com";"P";"PENSIÓN"; ; ;"7";"14";"NCD";"NO PERTENECE A NINGUNA CADENA";"17/11/2016"; ;"SIEMPRE ABIERTO";"De Lunes a Domingo"
